delivery_start_utc,local_time,capacity_hour_start_utc,alpha_up_raw,alpha_down_raw,alpha_sum_raw,afrr_qh_failure_reason,afrr_order_gate_reason
2025-01-01T07:00:00Z,2025-01-01T09:00:00+02:00,2025-01-01T07:00:00Z,0.0,0.05842,0.05842,OK,OTHER_QH_IN_SAME_HOUR_INVALID
2025-01-01T07:15:00Z,2025-01-01T09:15:00+02:00,2025-01-01T07:00:00Z,0.0,0.32704,0.32704,OK,OTHER_QH_IN_SAME_HOUR_INVALID
2025-01-01T07:30:00Z,2025-01-01T09:30:00+02:00,2025-01-01T07:00:00Z,0.0,0.7651600000000001,0.7651600000000001,OK,OTHER_QH_IN_SAME_HOUR_INVALID
2025-01-01T07:45:00Z,2025-01-01T09:45:00+02:00,2025-01-01T07:00:00Z,0.0,1.0305,1.0305,ALPHA_OUTSIDE_SIMPLEX,ALPHA_OUTSIDE_SIMPLEX
2025-01-02T13:00:00Z,2025-01-02T15:00:00+02:00,2025-01-02T13:00:00Z,0.19774,0.0,0.19774,OK,OTHER_QH_IN_SAME_HOUR_INVALID
2025-01-02T13:15:00Z,2025-01-02T15:15:00+02:00,2025-01-02T13:00:00Z,0.16124,0.0,0.16124,OK,OTHER_QH_IN_SAME_HOUR_INVALID
2025-01-02T13:30:00Z,2025-01-02T15:30:00+02:00,2025-01-02T13:00:00Z,0.65392,0.0,0.65392,OK,OTHER_QH_IN_SAME_HOUR_INVALID
2025-01-02T13:45:00Z,2025-01-02T15:45:00+02:00,2025-01-02T13:00:00Z,1.08958,0.0,1.08958,ALPHA_OUTSIDE_SIMPLEX,ALPHA_OUTSIDE_SIMPLEX
2025-01-03T00:00:00Z,2025-01-03T02:00:00+02:00,2025-01-03T00:00:00Z,0.0,0.44454,0.44454,OK,OTHER_QH_IN_SAME_HOUR_INVALID
2025-01-03T00:15:00Z,2025-01-03T02:15:00+02:00,2025-01-03T00:00:00Z,0.0,0.87214,0.87214,OK,OTHER_QH_IN_SAME_HOUR_INVALID
2025-01-03T00:30:00Z,2025-01-03T02:30:00+02:00,2025-01-03T00:00:00Z,0.0,1.0355400000000001,1.0355400000000001,ALPHA_OUTSIDE_SIMPLEX,ALPHA_OUTSIDE_SIMPLEX
2025-01-03T00:45:00Z,2025-01-03T02:45:00+02:00,2025-01-03T00:00:00Z,0.0,0.96128,0.96128,OK,OTHER_QH_IN_SAME_HOUR_INVALID
2025-01-03T04:00:00Z,2025-01-03T06:00:00+02:00,2025-01-03T04:00:00Z,0.0,1.02194,1.02194,ALPHA_OUTSIDE_SIMPLEX,ALPHA_OUTSIDE_SIMPLEX
2025-01-03T04:15:00Z,2025-01-03T06:15:00+02:00,2025-01-03T04:00:00Z,0.0,1.0215,1.0215,ALPHA_OUTSIDE_SIMPLEX,ALPHA_OUTSIDE_SIMPLEX
2025-01-03T04:30:00Z,2025-01-03T06:30:00+02:00,2025-01-03T04:00:00Z,0.0,0.88766,0.88766,OK,OTHER_QH_IN_SAME_HOUR_INVALID
2025-01-03T04:45:00Z,2025-01-03T06:45:00+02:00,2025-01-03T04:00:00Z,0.0,0.6500400000000001,0.6500400000000001,OK,OTHER_QH_IN_SAME_HOUR_INVALID
2025-01-03T05:00:00Z,2025-01-03T07:00:00+02:00,2025-01-03T05:00:00Z,0.0,1.0204600000000001,1.0204600000000001,ALPHA_OUTSIDE_SIMPLEX,ALPHA_OUTSIDE_SIMPLEX
2025-01-03T05:15:00Z,2025-01-03T07:15:00+02:00,2025-01-03T05:00:00Z,0.0,0.65056,0.65056,OK,OTHER_QH_IN_SAME_HOUR_INVALID
2025-01-03T05:30:00Z,2025-01-03T07:30:00+02:00,2025-01-03T05:00:00Z,0.020720000000000002,0.16416,0.18488,OK,OTHER_QH_IN_SAME_HOUR_INVALID
2025-01-03T05:45:00Z,2025-01-03T07:45:00+02:00,2025-01-03T05:00:00Z,0.28431999999999996,0.0,0.28431999999999996,OK,OTHER_QH_IN_SAME_HOUR_INVALID
2025-01-03T08:00:00Z,2025-01-03T10:00:00+02:00,2025-01-03T08:00:00Z,1.20478,0.0,1.20478,ALPHA_OUTSIDE_SIMPLEX,ALPHA_OUTSIDE_SIMPLEX
2025-01-03T08:15:00Z,2025-01-03T10:15:00+02:00,2025-01-03T08:00:00Z,0.74812,0.0,0.74812,OK,OTHER_QH_IN_SAME_HOUR_INVALID
2025-01-03T08:30:00Z,2025-01-03T10:30:00+02:00,2025-01-03T08:00:00Z,0.13391999999999998,4e-05,0.13396,OK,OTHER_QH_IN_SAME_HOUR_INVALID
2025-01-03T08:45:00Z,2025-01-03T10:45:00+02:00,2025-01-03T08:00:00Z,0.0012,0.005580000000000001,0.0067800000000000004,OK,OTHER_QH_IN_SAME_HOUR_INVALID
2025-01-04T15:00:00Z,2025-01-04T17:00:00+02:00,2025-01-04T15:00:00Z,0.12292,0.0,0.12292,OK,OTHER_QH_IN_SAME_HOUR_INVALID
2025-01-04T15:15:00Z,2025-01-04T17:15:00+02:00,2025-01-04T15:00:00Z,0.3194,0.0,0.3194,OK,OTHER_QH_IN_SAME_HOUR_INVALID
2025-01-04T15:30:00Z,2025-01-04T17:30:00+02:00,2025-01-04T15:00:00Z,1.0304600000000002,0.0,1.0304600000000002,ALPHA_OUTSIDE_SIMPLEX,ALPHA_OUTSIDE_SIMPLEX
2025-01-04T15:45:00Z,2025-01-04T17:45:00+02:00,2025-01-04T15:00:00Z,1.2231999999999998,0.0,1.2231999999999998,ALPHA_OUTSIDE_SIMPLEX,ALPHA_OUTSIDE_SIMPLEX
2025-01-07T20:00:00Z,2025-01-07T22:00:00+02:00,2025-01-07T20:00:00Z,0.0,0.2188,0.2188,OK,OTHER_QH_IN_SAME_HOUR_INVALID
2025-01-07T20:15:00Z,2025-01-07T22:15:00+02:00,2025-01-07T20:00:00Z,0.0,0.28600000000000003,0.28600000000000003,OK,OTHER_QH_IN_SAME_HOUR_INVALID
2025-01-07T20:30:00Z,2025-01-07T22:30:00+02:00,2025-01-07T20:00:00Z,0.0,0.80372,0.80372,OK,OTHER_QH_IN_SAME_HOUR_INVALID
2025-01-07T20:45:00Z,2025-01-07T22:45:00+02:00,2025-01-07T20:00:00Z,0.0,1.0426,1.0426,ALPHA_OUTSIDE_SIMPLEX,ALPHA_OUTSIDE_SIMPLEX
2025-01-07T22:00:00Z,2025-01-08T00:00:00+02:00,2025-01-07T22:00:00Z,0.0,0.37276000000000004,0.37276000000000004,OK,OTHER_QH_IN_SAME_HOUR_INVALID
2025-01-07T22:15:00Z,2025-01-08T00:15:00+02:00,2025-01-07T22:00:00Z,0.0,0.7390399999999999,0.7390399999999999,OK,OTHER_QH_IN_SAME_HOUR_INVALID
2025-01-07T22:30:00Z,2025-01-08T00:30:00+02:00,2025-01-07T22:00:00Z,0.0,1.25234,1.25234,ALPHA_OUTSIDE_SIMPLEX,ALPHA_OUTSIDE_SIMPLEX
2025-01-07T22:45:00Z,2025-01-08T00:45:00+02:00,2025-01-07T22:00:00Z,0.0,1.296,1.296,ALPHA_OUTSIDE_SIMPLEX,ALPHA_OUTSIDE_SIMPLEX
2025-01-07T23:00:00Z,2025-01-08T01:00:00+02:00,2025-01-07T23:00:00Z,0.0,0.76144,0.76144,OK,OTHER_QH_IN_SAME_HOUR_INVALID
2025-01-07T23:15:00Z,2025-01-08T01:15:00+02:00,2025-01-07T23:00:00Z,0.0,0.68316,0.68316,OK,OTHER_QH_IN_SAME_HOUR_INVALID
2025-01-07T23:30:00Z,2025-01-08T01:30:00+02:00,2025-01-07T23:00:00Z,0.0,0.91926,0.91926,OK,OTHER_QH_IN_SAME_HOUR_INVALID
2025-01-07T23:45:00Z,2025-01-08T01:45:00+02:00,2025-01-07T23:00:00Z,0.0,1.19244,1.19244,ALPHA_OUTSIDE_SIMPLEX,ALPHA_OUTSIDE_SIMPLEX
2025-01-08T00:00:00Z,2025-01-08T02:00:00+02:00,2025-01-08T00:00:00Z,0.0,1.00056,1.00056,ALPHA_OUTSIDE_SIMPLEX,ALPHA_OUTSIDE_SIMPLEX
2025-01-08T00:15:00Z,2025-01-08T02:15:00+02:00,2025-01-08T00:00:00Z,0.0,1.2158,1.2158,ALPHA_OUTSIDE_SIMPLEX,ALPHA_OUTSIDE_SIMPLEX
2025-01-08T00:30:00Z,2025-01-08T02:30:00+02:00,2025-01-08T00:00:00Z,0.0,1.31392,1.31392,ALPHA_OUTSIDE_SIMPLEX,ALPHA_OUTSIDE_SIMPLEX
2025-01-08T00:45:00Z,2025-01-08T02:45:00+02:00,2025-01-08T00:00:00Z,0.0,1.30502,1.30502,ALPHA_OUTSIDE_SIMPLEX,ALPHA_OUTSIDE_SIMPLEX
2025-01-08T04:00:00Z,2025-01-08T06:00:00+02:00,2025-01-08T04:00:00Z,0.0,1.14394,1.14394,ALPHA_OUTSIDE_SIMPLEX,ALPHA_OUTSIDE_SIMPLEX
2025-01-08T04:15:00Z,2025-01-08T06:15:00+02:00,2025-01-08T04:00:00Z,0.0,1.09612,1.09612,ALPHA_OUTSIDE_SIMPLEX,ALPHA_OUTSIDE_SIMPLEX
2025-01-08T04:30:00Z,2025-01-08T06:30:00+02:00,2025-01-08T04:00:00Z,0.0,0.62214,0.62214,OK,OTHER_QH_IN_SAME_HOUR_INVALID
2025-01-08T04:45:00Z,2025-01-08T06:45:00+02:00,2025-01-08T04:00:00Z,0.0010612244897959184,0.11686,0.11792122448979592,OK,OTHER_QH_IN_SAME_HOUR_INVALID
2025-01-08T13:00:00Z,2025-01-08T15:00:00+02:00,2025-01-08T13:00:00Z,0.0,1.08948,1.08948,ALPHA_OUTSIDE_SIMPLEX,ALPHA_OUTSIDE_SIMPLEX
2025-01-08T13:15:00Z,2025-01-08T15:15:00+02:00,2025-01-08T13:00:00Z,0.0,0.6165999999999999,0.6165999999999999,OK,OTHER_QH_IN_SAME_HOUR_INVALID
2025-01-08T13:30:00Z,2025-01-08T15:30:00+02:00,2025-01-08T13:00:00Z,0.21728000000000003,0.02536,0.24264000000000002,OK,OTHER_QH_IN_SAME_HOUR_INVALID
2025-01-08T13:45:00Z,2025-01-08T15:45:00+02:00,2025-01-08T13:00:00Z,0.0851,0.00834,0.09344,OK,OTHER_QH_IN_SAME_HOUR_INVALID
2025-01-08T19:00:00Z,2025-01-08T21:00:00+02:00,2025-01-08T19:00:00Z,0.00134,0.03842,0.039760000000000004,OK,OTHER_QH_IN_SAME_HOUR_INVALID
2025-01-08T19:15:00Z,2025-01-08T21:15:00+02:00,2025-01-08T19:00:00Z,0.0,0.45677999999999996,0.45677999999999996,OK,OTHER_QH_IN_SAME_HOUR_INVALID
2025-01-08T19:30:00Z,2025-01-08T21:30:00+02:00,2025-01-08T19:00:00Z,0.0,1.08158,1.08158,ALPHA_OUTSIDE_SIMPLEX,ALPHA_OUTSIDE_SIMPLEX
2025-01-08T19:45:00Z,2025-01-08T21:45:00+02:00,2025-01-08T19:00:00Z,0.0,0.92986,0.92986,OK,OTHER_QH_IN_SAME_HOUR_INVALID
2025-01-08T20:00:00Z,2025-01-08T22:00:00+02:00,2025-01-08T20:00:00Z,0.02128,0.13644,0.15772,OK,OTHER_QH_IN_SAME_HOUR_INVALID
2025-01-08T20:15:00Z,2025-01-08T22:15:00+02:00,2025-01-08T20:00:00Z,0.0,0.17846,0.17846,OK,OTHER_QH_IN_SAME_HOUR_INVALID
2025-01-08T20:30:00Z,2025-01-08T22:30:00+02:00,2025-01-08T20:00:00Z,0.0,1.0907200000000001,1.0907200000000001,ALPHA_OUTSIDE_SIMPLEX,ALPHA_OUTSIDE_SIMPLEX
2025-01-08T20:45:00Z,2025-01-08T22:45:00+02:00,2025-01-08T20:00:00Z,0.0,1.27262,1.27262,ALPHA_OUTSIDE_SIMPLEX,ALPHA_OUTSIDE_SIMPLEX
2025-01-09T05:00:00Z,2025-01-09T07:00:00+02:00,2025-01-09T05:00:00Z,0.00218,0.2863,0.28848,OK,OTHER_QH_IN_SAME_HOUR_INVALID
2025-01-09T05:15:00Z,2025-01-09T07:15:00+02:00,2025-01-09T05:00:00Z,0.65452,0.00032,0.65484,OK,OTHER_QH_IN_SAME_HOUR_INVALID
2025-01-09T05:30:00Z,2025-01-09T07:30:00+02:00,2025-01-09T05:00:00Z,1.0528,0.0,1.0528,ALPHA_OUTSIDE_SIMPLEX,ALPHA_OUTSIDE_SIMPLEX
2025-01-09T05:45:00Z,2025-01-09T07:45:00+02:00,2025-01-09T05:00:00Z,0.48962000000000006,0.0,0.48962000000000006,OK,OTHER_QH_IN_SAME_HOUR_INVALID
2025-01-10T20:00:00Z,2025-01-10T22:00:00+02:00,2025-01-10T20:00:00Z,0.0184,0.016659999999999998,0.035059999999999994,OK,OTHER_QH_IN_SAME_HOUR_INVALID
2025-01-10T20:15:00Z,2025-01-10T22:15:00+02:00,2025-01-10T20:00:00Z,0.0,0.44246,0.44246,OK,OTHER_QH_IN_SAME_HOUR_INVALID
2025-01-10T20:30:00Z,2025-01-10T22:30:00+02:00,2025-01-10T20:00:00Z,0.0,0.9670399999999999,0.9670399999999999,OK,OTHER_QH_IN_SAME_HOUR_INVALID
2025-01-10T20:45:00Z,2025-01-10T22:45:00+02:00,2025-01-10T20:00:00Z,0.0,1.28234,1.28234,ALPHA_OUTSIDE_SIMPLEX,ALPHA_OUTSIDE_SIMPLEX
2025-01-11T09:00:00Z,2025-01-11T11:00:00+02:00,2025-01-11T09:00:00Z,0.0,0.34332,0.34332,OK,OTHER_QH_IN_SAME_HOUR_INVALID
2025-01-11T09:15:00Z,2025-01-11T11:15:00+02:00,2025-01-11T09:00:00Z,0.0,0.67664,0.67664,OK,OTHER_QH_IN_SAME_HOUR_INVALID
2025-01-11T09:30:00Z,2025-01-11T11:30:00+02:00,2025-01-11T09:00:00Z,0.0,0.89928,0.89928,OK,OTHER_QH_IN_SAME_HOUR_INVALID
2025-01-11T09:45:00Z,2025-01-11T11:45:00+02:00,2025-01-11T09:00:00Z,0.0,1.25904,1.25904,ALPHA_OUTSIDE_SIMPLEX,ALPHA_OUTSIDE_SIMPLEX
2025-01-11T10:00:00Z,2025-01-11T12:00:00+02:00,2025-01-11T10:00:00Z,0.0,1.01328,1.01328,ALPHA_OUTSIDE_SIMPLEX,ALPHA_OUTSIDE_SIMPLEX
2025-01-11T10:15:00Z,2025-01-11T12:15:00+02:00,2025-01-11T10:00:00Z,0.0,0.00294,0.00294,OK,OTHER_QH_IN_SAME_HOUR_INVALID
2025-01-11T10:30:00Z,2025-01-11T12:30:00+02:00,2025-01-11T10:00:00Z,0.0,0.76336,0.76336,OK,OTHER_QH_IN_SAME_HOUR_INVALID
2025-01-11T10:45:00Z,2025-01-11T12:45:00+02:00,2025-01-11T10:00:00Z,0.0,0.36229999999999996,0.36229999999999996,OK,OTHER_QH_IN_SAME_HOUR_INVALID
2025-01-12T09:00:00Z,2025-01-12T11:00:00+02:00,2025-01-12T09:00:00Z,0.0,0.24454,0.24454,OK,OTHER_QH_IN_SAME_HOUR_INVALID
2025-01-12T09:15:00Z,2025-01-12T11:15:00+02:00,2025-01-12T09:00:00Z,0.0,0.55994,0.55994,OK,OTHER_QH_IN_SAME_HOUR_INVALID
2025-01-12T09:30:00Z,2025-01-12T11:30:00+02:00,2025-01-12T09:00:00Z,0.0,0.75768,0.75768,OK,OTHER_QH_IN_SAME_HOUR_INVALID
2025-01-12T09:45:00Z,2025-01-12T11:45:00+02:00,2025-01-12T09:00:00Z,0.0,1.05764,1.05764,ALPHA_OUTSIDE_SIMPLEX,ALPHA_OUTSIDE_SIMPLEX
2025-01-13T08:00:00Z,2025-01-13T10:00:00+02:00,2025-01-13T08:00:00Z,0.0064600000000000005,0.00198,0.00844,OK,OTHER_QH_IN_SAME_HOUR_INVALID
2025-01-13T08:15:00Z,2025-01-13T10:15:00+02:00,2025-01-13T08:00:00Z,0.004719999999999999,0.06308,0.0678,OK,OTHER_QH_IN_SAME_HOUR_INVALID
2025-01-13T08:30:00Z,2025-01-13T10:30:00+02:00,2025-01-13T08:00:00Z,0.0,0.7587999999999999,0.7587999999999999,OK,OTHER_QH_IN_SAME_HOUR_INVALID
2025-01-13T08:45:00Z,2025-01-13T10:45:00+02:00,2025-01-13T08:00:00Z,0.0,1.11452,1.11452,ALPHA_OUTSIDE_SIMPLEX,ALPHA_OUTSIDE_SIMPLEX
2025-01-13T09:00:00Z,2025-01-13T11:00:00+02:00,2025-01-13T09:00:00Z,0.0051400000000000005,0.27884,0.28397999999999995,OK,OTHER_QH_IN_SAME_HOUR_INVALID
2025-01-13T09:15:00Z,2025-01-13T11:15:00+02:00,2025-01-13T09:00:00Z,0.0,0.76884,0.76884,OK,OTHER_QH_IN_SAME_HOUR_INVALID
2025-01-13T09:30:00Z,2025-01-13T11:30:00+02:00,2025-01-13T09:00:00Z,0.0,1.003,1.003,ALPHA_OUTSIDE_SIMPLEX,ALPHA_OUTSIDE_SIMPLEX
2025-01-13T09:45:00Z,2025-01-13T11:45:00+02:00,2025-01-13T09:00:00Z,0.0,0.94254,0.94254,OK,OTHER_QH_IN_SAME_HOUR_INVALID
2025-01-14T03:00:00Z,2025-01-14T05:00:00+02:00,2025-01-14T03:00:00Z,0.8249599999999999,0.0,0.8249599999999999,OK,OTHER_QH_IN_SAME_HOUR_INVALID
2025-01-14T03:15:00Z,2025-01-14T05:15:00+02:00,2025-01-14T03:00:00Z,0.47906,0.0,0.47906,OK,OTHER_QH_IN_SAME_HOUR_INVALID
2025-01-14T03:30:00Z,2025-01-14T05:30:00+02:00,2025-01-14T03:00:00Z,0.8667,0.0,0.8667,OK,OTHER_QH_IN_SAME_HOUR_INVALID
2025-01-14T03:45:00Z,2025-01-14T05:45:00+02:00,2025-01-14T03:00:00Z,1.00372,0.0,1.00372,ALPHA_OUTSIDE_SIMPLEX,ALPHA_OUTSIDE_SIMPLEX
2025-01-16T20:00:00Z,2025-01-16T22:00:00+02:00,2025-01-16T20:00:00Z,0.0152,0.12276,0.13796,OK,OTHER_QH_IN_SAME_HOUR_INVALID
2025-01-16T20:15:00Z,2025-01-16T22:15:00+02:00,2025-01-16T20:00:00Z,0.0003,0.16202000000000003,0.16232000000000002,OK,OTHER_QH_IN_SAME_HOUR_INVALID
2025-01-16T20:30:00Z,2025-01-16T22:30:00+02:00,2025-01-16T20:00:00Z,0.0,0.45618000000000003,0.45618000000000003,OK,OTHER_QH_IN_SAME_HOUR_INVALID
2025-01-16T20:45:00Z,2025-01-16T22:45:00+02:00,2025-01-16T20:00:00Z,0.0,1.15898,1.15898,ALPHA_OUTSIDE_SIMPLEX,ALPHA_OUTSIDE_SIMPLEX
2025-01-19T14:00:00Z,2025-01-19T16:00:00+02:00,2025-01-19T14:00:00Z,0.10178000000000001,0.00126,0.10304,OK,OTHER_QH_IN_SAME_HOUR_INVALID
2025-01-19T14:15:00Z,2025-01-19T16:15:00+02:00,2025-01-19T14:00:00Z,0.18722000000000003,0.0,0.18722000000000003,OK,OTHER_QH_IN_SAME_HOUR_INVALID
2025-01-19T14:30:00Z,2025-01-19T16:30:00+02:00,2025-01-19T14:00:00Z,0.7964199999999999,0.0,0.7964199999999999,OK,OTHER_QH_IN_SAME_HOUR_INVALID
2025-01-19T14:45:00Z,2025-01-19T16:45:00+02:00,2025-01-19T14:00:00Z,1.08292,0.0,1.08292,ALPHA_OUTSIDE_SIMPLEX,ALPHA_OUTSIDE_SIMPLEX
2025-01-20T05:00:00Z,2025-01-20T07:00:00+02:00,2025-01-20T05:00:00Z,0.1491,0.0371,0.1862,OK,OTHER_QH_IN_SAME_HOUR_INVALID
2025-01-20T05:15:00Z,2025-01-20T07:15:00+02:00,2025-01-20T05:00:00Z,0.7934399999999999,0.0,0.7934399999999999,OK,OTHER_QH_IN_SAME_HOUR_INVALID
2025-01-20T05:30:00Z,2025-01-20T07:30:00+02:00,2025-01-20T05:00:00Z,1.00164,0.0,1.00164,ALPHA_OUTSIDE_SIMPLEX,ALPHA_OUTSIDE_SIMPLEX
2025-01-20T05:45:00Z,2025-01-20T07:45:00+02:00,2025-01-20T05:00:00Z,1.02666,0.0,1.02666,ALPHA_OUTSIDE_SIMPLEX,ALPHA_OUTSIDE_SIMPLEX
2025-01-21T05:00:00Z,2025-01-21T07:00:00+02:00,2025-01-21T05:00:00Z,0.053540000000000004,0.12652,0.18006,OK,OTHER_QH_IN_SAME_HOUR_INVALID
2025-01-21T05:15:00Z,2025-01-21T07:15:00+02:00,2025-01-21T05:00:00Z,0.20358,0.0,0.20358,OK,OTHER_QH_IN_SAME_HOUR_INVALID
2025-01-21T05:30:00Z,2025-01-21T07:30:00+02:00,2025-01-21T05:00:00Z,0.9654200000000001,0.0,0.9654200000000001,OK,OTHER_QH_IN_SAME_HOUR_INVALID
2025-01-21T05:45:00Z,2025-01-21T07:45:00+02:00,2025-01-21T05:00:00Z,1.02258,0.0,1.02258,ALPHA_OUTSIDE_SIMPLEX,ALPHA_OUTSIDE_SIMPLEX
2025-01-22T19:00:00Z,2025-01-22T21:00:00+02:00,2025-01-22T19:00:00Z,0.0,0.23373999999999998,0.23373999999999998,OK,OTHER_QH_IN_SAME_HOUR_INVALID
2025-01-22T19:15:00Z,2025-01-22T21:15:00+02:00,2025-01-22T19:00:00Z,0.0,0.42578000000000005,0.42578000000000005,OK,OTHER_QH_IN_SAME_HOUR_INVALID
2025-01-22T19:30:00Z,2025-01-22T21:30:00+02:00,2025-01-22T19:00:00Z,0.0,0.8414,0.8414,OK,OTHER_QH_IN_SAME_HOUR_INVALID
2025-01-22T19:45:00Z,2025-01-22T21:45:00+02:00,2025-01-22T19:00:00Z,0.0,1.008,1.008,ALPHA_OUTSIDE_SIMPLEX,ALPHA_OUTSIDE_SIMPLEX
2025-01-22T20:00:00Z,2025-01-22T22:00:00+02:00,2025-01-22T20:00:00Z,0.0,0.25318,0.25318,OK,OTHER_QH_IN_SAME_HOUR_INVALID
2025-01-22T20:15:00Z,2025-01-22T22:15:00+02:00,2025-01-22T20:00:00Z,0.0,0.17146,0.17146,OK,OTHER_QH_IN_SAME_HOUR_INVALID
2025-01-22T20:30:00Z,2025-01-22T22:30:00+02:00,2025-01-22T20:00:00Z,0.0,0.9495600000000001,0.9495600000000001,OK,OTHER_QH_IN_SAME_HOUR_INVALID
2025-01-22T20:45:00Z,2025-01-22T22:45:00+02:00,2025-01-22T20:00:00Z,0.0,1.026,1.026,ALPHA_OUTSIDE_SIMPLEX,ALPHA_OUTSIDE_SIMPLEX
2025-01-23T20:00:00Z,2025-01-23T22:00:00+02:00,2025-01-23T20:00:00Z,0.21838000000000002,0.00808,0.22646000000000002,OK,OTHER_QH_IN_SAME_HOUR_INVALID
2025-01-23T20:15:00Z,2025-01-23T22:15:00+02:00,2025-01-23T20:00:00Z,0.19036,0.0001,0.19046,OK,OTHER_QH_IN_SAME_HOUR_INVALID
2025-01-23T20:30:00Z,2025-01-23T22:30:00+02:00,2025-01-23T20:00:00Z,0.00032,0.45204,0.45236,OK,OTHER_QH_IN_SAME_HOUR_INVALID
2025-01-23T20:45:00Z,2025-01-23T22:45:00+02:00,2025-01-23T20:00:00Z,0.0,1.044,1.044,ALPHA_OUTSIDE_SIMPLEX,ALPHA_OUTSIDE_SIMPLEX
2025-01-24T23:00:00Z,2025-01-25T01:00:00+02:00,2025-01-24T23:00:00Z,0.00046,0.17758,0.17803999999999998,OK,OTHER_QH_IN_SAME_HOUR_INVALID
2025-01-24T23:15:00Z,2025-01-25T01:15:00+02:00,2025-01-24T23:00:00Z,0.00035999999999999997,0.50418,0.50454,OK,OTHER_QH_IN_SAME_HOUR_INVALID
2025-01-24T23:30:00Z,2025-01-25T01:30:00+02:00,2025-01-24T23:00:00Z,0.0,0.94208,0.94208,OK,OTHER_QH_IN_SAME_HOUR_INVALID
2025-01-24T23:45:00Z,2025-01-25T01:45:00+02:00,2025-01-24T23:00:00Z,0.0,1.0797400000000001,1.0797400000000001,ALPHA_OUTSIDE_SIMPLEX,ALPHA_OUTSIDE_SIMPLEX
2025-01-28T20:00:00Z,2025-01-28T22:00:00+02:00,2025-01-28T20:00:00Z,0.006840000000000001,0.059320000000000005,0.06616000000000001,OK,OTHER_QH_IN_SAME_HOUR_INVALID
2025-01-28T20:15:00Z,2025-01-28T22:15:00+02:00,2025-01-28T20:00:00Z,0.01778,0.05332,0.0711,OK,OTHER_QH_IN_SAME_HOUR_INVALID
2025-01-28T20:30:00Z,2025-01-28T22:30:00+02:00,2025-01-28T20:00:00Z,0.0,0.41622,0.41622,OK,OTHER_QH_IN_SAME_HOUR_INVALID
2025-01-28T20:45:00Z,2025-01-28T22:45:00+02:00,2025-01-28T20:00:00Z,0.0,1.05854,1.05854,ALPHA_OUTSIDE_SIMPLEX,ALPHA_OUTSIDE_SIMPLEX
2025-01-29T22:00:00Z,2025-01-30T00:00:00+02:00,2025-01-29T22:00:00Z,0.0,0.17468,0.17468,OK,OTHER_QH_IN_SAME_HOUR_INVALID
2025-01-29T22:15:00Z,2025-01-30T00:15:00+02:00,2025-01-29T22:00:00Z,0.0,0.8664799999999999,0.8664799999999999,OK,OTHER_QH_IN_SAME_HOUR_INVALID
2025-01-29T22:30:00Z,2025-01-30T00:30:00+02:00,2025-01-29T22:00:00Z,0.0,1.07742,1.07742,ALPHA_OUTSIDE_SIMPLEX,ALPHA_OUTSIDE_SIMPLEX
2025-01-29T22:45:00Z,2025-01-30T00:45:00+02:00,2025-01-29T22:00:00Z,0.0,1.0935,1.0935,ALPHA_OUTSIDE_SIMPLEX,ALPHA_OUTSIDE_SIMPLEX
2025-01-31T02:00:00Z,2025-01-31T04:00:00+02:00,2025-01-31T02:00:00Z,0.00058,0.15126,0.15184,OK,OTHER_QH_IN_SAME_HOUR_INVALID
2025-01-31T02:15:00Z,2025-01-31T04:15:00+02:00,2025-01-31T02:00:00Z,,,,ALPHA_UNCOMPUTABLE,ALPHA_UNCOMPUTABLE
2025-01-31T02:30:00Z,2025-01-31T04:30:00+02:00,2025-01-31T02:00:00Z,0.0,0.14088,0.14088,OK,OTHER_QH_IN_SAME_HOUR_INVALID
2025-01-31T02:45:00Z,2025-01-31T04:45:00+02:00,2025-01-31T02:00:00Z,0.00032,0.00638,0.0067,OK,OTHER_QH_IN_SAME_HOUR_INVALID
2025-02-01T13:00:00Z,2025-02-01T15:00:00+02:00,2025-02-01T13:00:00Z,0.0,1.0823,1.0823,ALPHA_OUTSIDE_SIMPLEX,ALPHA_OUTSIDE_SIMPLEX
2025-02-01T13:15:00Z,2025-02-01T15:15:00+02:00,2025-02-01T13:00:00Z,0.0,0.77752,0.77752,OK,OTHER_QH_IN_SAME_HOUR_INVALID
2025-02-01T13:30:00Z,2025-02-01T15:30:00+02:00,2025-02-01T13:00:00Z,6e-05,0.21592,0.21598,OK,OTHER_QH_IN_SAME_HOUR_INVALID
2025-02-01T13:45:00Z,2025-02-01T15:45:00+02:00,2025-02-01T13:00:00Z,0.029660000000000002,0.027919999999999997,0.05758,OK,OTHER_QH_IN_SAME_HOUR_INVALID
2025-02-02T10:00:00Z,2025-02-02T12:00:00+02:00,2025-02-02T10:00:00Z,0.00086,0.07394,0.0748,OK,OTHER_QH_IN_SAME_HOUR_INVALID
2025-02-02T10:15:00Z,2025-02-02T12:15:00+02:00,2025-02-02T10:00:00Z,0.00024,0.24874,0.24897999999999998,OK,OTHER_QH_IN_SAME_HOUR_INVALID
2025-02-02T10:30:00Z,2025-02-02T12:30:00+02:00,2025-02-02T10:00:00Z,,,,ALPHA_UNCOMPUTABLE,ALPHA_UNCOMPUTABLE
2025-02-02T10:45:00Z,2025-02-02T12:45:00+02:00,2025-02-02T10:00:00Z,,,,ALPHA_UNCOMPUTABLE,ALPHA_UNCOMPUTABLE
2025-02-03T07:00:00Z,2025-02-03T09:00:00+02:00,2025-02-03T07:00:00Z,1.02394,0.0,1.02394,ALPHA_OUTSIDE_SIMPLEX,ALPHA_OUTSIDE_SIMPLEX
2025-02-03T07:15:00Z,2025-02-03T09:15:00+02:00,2025-02-03T07:00:00Z,0.38772,0.0,0.38772,OK,OTHER_QH_IN_SAME_HOUR_INVALID
2025-02-03T07:30:00Z,2025-02-03T09:30:00+02:00,2025-02-03T07:00:00Z,0.049980000000000004,0.00164,0.051620000000000006,OK,OTHER_QH_IN_SAME_HOUR_INVALID
2025-02-03T07:45:00Z,2025-02-03T09:45:00+02:00,2025-02-03T07:00:00Z,0.0,0.46409999999999996,0.46409999999999996,OK,OTHER_QH_IN_SAME_HOUR_INVALID
2025-02-03T15:00:00Z,2025-02-03T17:00:00+02:00,2025-02-03T15:00:00Z,0.2905,0.0,0.2905,OK,OTHER_QH_IN_SAME_HOUR_INVALID
2025-02-03T15:15:00Z,2025-02-03T17:15:00+02:00,2025-02-03T15:00:00Z,0.56938,0.0,0.56938,OK,OTHER_QH_IN_SAME_HOUR_INVALID
2025-02-03T15:30:00Z,2025-02-03T17:30:00+02:00,2025-02-03T15:00:00Z,1.03662,0.0,1.03662,ALPHA_OUTSIDE_SIMPLEX,ALPHA_OUTSIDE_SIMPLEX
2025-02-03T15:45:00Z,2025-02-03T17:45:00+02:00,2025-02-03T15:00:00Z,1.0543,0.0,1.0543,ALPHA_OUTSIDE_SIMPLEX,ALPHA_OUTSIDE_SIMPLEX
2025-02-05T08:00:00Z,2025-02-05T10:00:00+02:00,2025-02-05T08:00:00Z,0.89672,0.0,0.89672,OK,OTHER_QH_IN_SAME_HOUR_INVALID
2025-02-05T08:15:00Z,2025-02-05T10:15:00+02:00,2025-02-05T08:00:00Z,0.6572199999999999,0.0,0.6572199999999999,OK,OTHER_QH_IN_SAME_HOUR_INVALID
2025-02-05T08:30:00Z,2025-02-05T10:30:00+02:00,2025-02-05T08:00:00Z,0.0,0.68538,0.68538,OK,OTHER_QH_IN_SAME_HOUR_INVALID
2025-02-05T08:45:00Z,2025-02-05T10:45:00+02:00,2025-02-05T08:00:00Z,0.0,1.0156,1.0156,ALPHA_OUTSIDE_SIMPLEX,ALPHA_OUTSIDE_SIMPLEX
2025-02-07T09:00:00Z,2025-02-07T11:00:00+02:00,2025-02-07T09:00:00Z,0.0028599999999999997,0.12634,0.1292,OK,OTHER_QH_IN_SAME_HOUR_INVALID
2025-02-07T09:15:00Z,2025-02-07T11:15:00+02:00,2025-02-07T09:00:00Z,0.00048,0.2536,0.25408,OK,OTHER_QH_IN_SAME_HOUR_INVALID
2025-02-07T09:30:00Z,2025-02-07T11:30:00+02:00,2025-02-07T09:00:00Z,0.0,0.65728,0.65728,OK,OTHER_QH_IN_SAME_HOUR_INVALID
2025-02-07T09:45:00Z,2025-02-07T11:45:00+02:00,2025-02-07T09:00:00Z,0.0,1.0513,1.0513,ALPHA_OUTSIDE_SIMPLEX,ALPHA_OUTSIDE_SIMPLEX
2025-02-07T12:00:00Z,2025-02-07T14:00:00+02:00,2025-02-07T12:00:00Z,0.0,0.78484,0.78484,OK,OTHER_QH_IN_SAME_HOUR_INVALID
2025-02-07T12:15:00Z,2025-02-07T14:15:00+02:00,2025-02-07T12:00:00Z,0.0,1.0259399999999999,1.0259399999999999,ALPHA_OUTSIDE_SIMPLEX,ALPHA_OUTSIDE_SIMPLEX
2025-02-07T12:30:00Z,2025-02-07T14:30:00+02:00,2025-02-07T12:00:00Z,0.0,0.97418,0.97418,OK,OTHER_QH_IN_SAME_HOUR_INVALID
2025-02-07T12:45:00Z,2025-02-07T14:45:00+02:00,2025-02-07T12:00:00Z,0.0,0.99788,0.99788,OK,OTHER_QH_IN_SAME_HOUR_INVALID
2025-02-07T13:00:00Z,2025-02-07T15:00:00+02:00,2025-02-07T13:00:00Z,0.0,1.05098,1.05098,ALPHA_OUTSIDE_SIMPLEX,ALPHA_OUTSIDE_SIMPLEX
2025-02-07T13:15:00Z,2025-02-07T15:15:00+02:00,2025-02-07T13:00:00Z,0.0,0.9593200000000001,0.9593200000000001,OK,OTHER_QH_IN_SAME_HOUR_INVALID
2025-02-07T13:30:00Z,2025-02-07T15:30:00+02:00,2025-02-07T13:00:00Z,0.01052,0.06624,0.07676,OK,OTHER_QH_IN_SAME_HOUR_INVALID
2025-02-07T13:45:00Z,2025-02-07T15:45:00+02:00,2025-02-07T13:00:00Z,0.4291,4e-05,0.42913999999999997,OK,OTHER_QH_IN_SAME_HOUR_INVALID
2025-02-10T08:00:00Z,2025-02-10T10:00:00+02:00,2025-02-10T08:00:00Z,0.29474,0.0659,0.36064,OK,OTHER_QH_IN_SAME_HOUR_INVALID
2025-02-10T08:15:00Z,2025-02-10T10:15:00+02:00,2025-02-10T08:00:00Z,0.0005600000000000001,0.68188,0.68244,OK,OTHER_QH_IN_SAME_HOUR_INVALID
2025-02-10T08:30:00Z,2025-02-10T10:30:00+02:00,2025-02-10T08:00:00Z,0.0,1.0653,1.0653,ALPHA_OUTSIDE_SIMPLEX,ALPHA_OUTSIDE_SIMPLEX
2025-02-10T08:45:00Z,2025-02-10T10:45:00+02:00,2025-02-10T08:00:00Z,0.0,0.90122,0.90122,OK,OTHER_QH_IN_SAME_HOUR_INVALID
2025-02-11T04:00:00Z,2025-02-11T06:00:00+02:00,2025-02-11T04:00:00Z,0.1444,0.00508,0.14948,OK,OTHER_QH_IN_SAME_HOUR_INVALID
2025-02-11T04:15:00Z,2025-02-11T06:15:00+02:00,2025-02-11T04:00:00Z,0.49158,0.0,0.49158,OK,OTHER_QH_IN_SAME_HOUR_INVALID
2025-02-11T04:30:00Z,2025-02-11T06:30:00+02:00,2025-02-11T04:00:00Z,0.8491,0.0,0.8491,OK,OTHER_QH_IN_SAME_HOUR_INVALID
2025-02-11T04:45:00Z,2025-02-11T06:45:00+02:00,2025-02-11T04:00:00Z,1.00304,0.0,1.00304,ALPHA_OUTSIDE_SIMPLEX,ALPHA_OUTSIDE_SIMPLEX
2025-02-11T07:00:00Z,2025-02-11T09:00:00+02:00,2025-02-11T07:00:00Z,0.20462,0.0,0.20462,OK,OTHER_QH_IN_SAME_HOUR_INVALID
2025-02-11T07:15:00Z,2025-02-11T09:15:00+02:00,2025-02-11T07:00:00Z,0.15302,0.002,0.15502,OK,OTHER_QH_IN_SAME_HOUR_INVALID
2025-02-11T07:30:00Z,2025-02-11T09:30:00+02:00,2025-02-11T07:00:00Z,0.0,0.5721,0.5721,OK,OTHER_QH_IN_SAME_HOUR_INVALID
2025-02-11T07:45:00Z,2025-02-11T09:45:00+02:00,2025-02-11T07:00:00Z,0.0,1.1185800000000001,1.1185800000000001,ALPHA_OUTSIDE_SIMPLEX,ALPHA_OUTSIDE_SIMPLEX
2025-02-11T08:00:00Z,2025-02-11T10:00:00+02:00,2025-02-11T08:00:00Z,0.13284,0.0369,0.16974,OK,OTHER_QH_IN_SAME_HOUR_INVALID
2025-02-11T08:15:00Z,2025-02-11T10:15:00+02:00,2025-02-11T08:00:00Z,0.0002,0.21388000000000001,0.21408000000000002,OK,OTHER_QH_IN_SAME_HOUR_INVALID
2025-02-11T08:30:00Z,2025-02-11T10:30:00+02:00,2025-02-11T08:00:00Z,0.0,0.4368,0.4368,OK,OTHER_QH_IN_SAME_HOUR_INVALID
2025-02-11T08:45:00Z,2025-02-11T10:45:00+02:00,2025-02-11T08:00:00Z,0.0,1.0253,1.0253,ALPHA_OUTSIDE_SIMPLEX,ALPHA_OUTSIDE_SIMPLEX
2025-02-11T09:00:00Z,2025-02-11T11:00:00+02:00,2025-02-11T09:00:00Z,0.2402,0.01188,0.25207999999999997,OK,OTHER_QH_IN_SAME_HOUR_INVALID
2025-02-11T09:15:00Z,2025-02-11T11:15:00+02:00,2025-02-11T09:00:00Z,0.0007199999999999999,0.1961,0.19682,OK,OTHER_QH_IN_SAME_HOUR_INVALID
2025-02-11T09:30:00Z,2025-02-11T11:30:00+02:00,2025-02-11T09:00:00Z,0.0,0.44522,0.44522,OK,OTHER_QH_IN_SAME_HOUR_INVALID
2025-02-11T09:45:00Z,2025-02-11T11:45:00+02:00,2025-02-11T09:00:00Z,0.0,1.05134,1.05134,ALPHA_OUTSIDE_SIMPLEX,ALPHA_OUTSIDE_SIMPLEX
2025-02-11T13:00:00Z,2025-02-11T15:00:00+02:00,2025-02-11T13:00:00Z,0.0,1.16502,1.16502,ALPHA_OUTSIDE_SIMPLEX,ALPHA_OUTSIDE_SIMPLEX
2025-02-11T13:15:00Z,2025-02-11T15:15:00+02:00,2025-02-11T13:00:00Z,0.0,0.48314,0.48314,OK,OTHER_QH_IN_SAME_HOUR_INVALID
2025-02-11T13:30:00Z,2025-02-11T15:30:00+02:00,2025-02-11T13:00:00Z,0.01766,0.0197,0.03736,OK,OTHER_QH_IN_SAME_HOUR_INVALID
2025-02-11T13:45:00Z,2025-02-11T15:45:00+02:00,2025-02-11T13:00:00Z,0.6618,0.0,0.6618,OK,OTHER_QH_IN_SAME_HOUR_INVALID
2025-02-11T14:00:00Z,2025-02-11T16:00:00+02:00,2025-02-11T14:00:00Z,0.0084,0.14828,0.15667999999999999,OK,OTHER_QH_IN_SAME_HOUR_INVALID
2025-02-11T14:15:00Z,2025-02-11T16:15:00+02:00,2025-02-11T14:00:00Z,0.008539999999999999,0.00198,0.010519999999999998,OK,OTHER_QH_IN_SAME_HOUR_INVALID
2025-02-11T14:30:00Z,2025-02-11T16:30:00+02:00,2025-02-11T14:00:00Z,0.41351999999999994,0.00084,0.41435999999999995,OK,OTHER_QH_IN_SAME_HOUR_INVALID
2025-02-11T14:45:00Z,2025-02-11T16:45:00+02:00,2025-02-11T14:00:00Z,1.17114,0.0,1.17114,ALPHA_OUTSIDE_SIMPLEX,ALPHA_OUTSIDE_SIMPLEX
2025-02-11T15:00:00Z,2025-02-11T17:00:00+02:00,2025-02-11T15:00:00Z,0.06276,0.96722,1.02998,ALPHA_OUTSIDE_SIMPLEX,ALPHA_OUTSIDE_SIMPLEX
2025-02-11T15:15:00Z,2025-02-11T17:15:00+02:00,2025-02-11T15:00:00Z,0.0,1.06452,1.06452,ALPHA_OUTSIDE_SIMPLEX,ALPHA_OUTSIDE_SIMPLEX
2025-02-11T15:30:00Z,2025-02-11T17:30:00+02:00,2025-02-11T15:00:00Z,0.0014399999999999999,0.25906,0.2605,OK,OTHER_QH_IN_SAME_HOUR_INVALID
2025-02-11T15:45:00Z,2025-02-11T17:45:00+02:00,2025-02-11T15:00:00Z,0.018420000000000002,0.00846,0.02688,OK,OTHER_QH_IN_SAME_HOUR_INVALID
2025-02-12T04:00:00Z,2025-02-12T06:00:00+02:00,2025-02-12T04:00:00Z,0.00264,0.81782,0.82046,OK,OTHER_QH_IN_SAME_HOUR_INVALID
2025-02-12T04:15:00Z,2025-02-12T06:15:00+02:00,2025-02-12T04:00:00Z,0.01316,0.0696,0.08276,OK,OTHER_QH_IN_SAME_HOUR_INVALID
2025-02-12T04:30:00Z,2025-02-12T06:30:00+02:00,2025-02-12T04:00:00Z,0.51086,0.0,0.51086,OK,OTHER_QH_IN_SAME_HOUR_INVALID
2025-02-12T04:45:00Z,2025-02-12T06:45:00+02:00,2025-02-12T04:00:00Z,1.0060200000000001,0.0,1.0060200000000001,ALPHA_OUTSIDE_SIMPLEX,ALPHA_OUTSIDE_SIMPLEX
2025-02-12T15:00:00Z,2025-02-12T17:00:00+02:00,2025-02-12T15:00:00Z,0.14324,4e-05,0.14328000000000002,OK,OTHER_QH_IN_SAME_HOUR_INVALID
2025-02-12T15:15:00Z,2025-02-12T17:15:00+02:00,2025-02-12T15:00:00Z,0.47086,0.0,0.47086,OK,OTHER_QH_IN_SAME_HOUR_INVALID
2025-02-12T15:30:00Z,2025-02-12T17:30:00+02:00,2025-02-12T15:00:00Z,0.8368800000000001,0.0,0.8368800000000001,OK,OTHER_QH_IN_SAME_HOUR_INVALID
2025-02-12T15:45:00Z,2025-02-12T17:45:00+02:00,2025-02-12T15:00:00Z,1.0665,0.0,1.0665,ALPHA_OUTSIDE_SIMPLEX,ALPHA_OUTSIDE_SIMPLEX
2025-02-12T16:00:00Z,2025-02-12T18:00:00+02:00,2025-02-12T16:00:00Z,0.88106,0.0,0.88106,OK,OTHER_QH_IN_SAME_HOUR_INVALID
2025-02-12T16:15:00Z,2025-02-12T18:15:00+02:00,2025-02-12T16:00:00Z,1.06202,0.0,1.06202,ALPHA_OUTSIDE_SIMPLEX,ALPHA_OUTSIDE_SIMPLEX
2025-02-12T16:30:00Z,2025-02-12T18:30:00+02:00,2025-02-12T16:00:00Z,1.07996,0.0,1.07996,ALPHA_OUTSIDE_SIMPLEX,ALPHA_OUTSIDE_SIMPLEX
2025-02-12T16:45:00Z,2025-02-12T18:45:00+02:00,2025-02-12T16:00:00Z,1.08,0.0,1.08,ALPHA_OUTSIDE_SIMPLEX,ALPHA_OUTSIDE_SIMPLEX
2025-02-12T17:00:00Z,2025-02-12T19:00:00+02:00,2025-02-12T17:00:00Z,0.77854,0.0,0.77854,OK,OTHER_QH_IN_SAME_HOUR_INVALID
2025-02-12T17:15:00Z,2025-02-12T19:15:00+02:00,2025-02-12T17:00:00Z,1.06068,0.0,1.06068,ALPHA_OUTSIDE_SIMPLEX,ALPHA_OUTSIDE_SIMPLEX
2025-02-12T17:30:00Z,2025-02-12T19:30:00+02:00,2025-02-12T17:00:00Z,0.88762,0.0,0.88762,OK,OTHER_QH_IN_SAME_HOUR_INVALID
2025-02-12T17:45:00Z,2025-02-12T19:45:00+02:00,2025-02-12T17:00:00Z,1.06086,0.0,1.06086,ALPHA_OUTSIDE_SIMPLEX,ALPHA_OUTSIDE_SIMPLEX
2025-02-12T18:00:00Z,2025-02-12T20:00:00+02:00,2025-02-12T18:00:00Z,1.13384,0.0,1.13384,ALPHA_OUTSIDE_SIMPLEX,ALPHA_OUTSIDE_SIMPLEX
2025-02-12T18:15:00Z,2025-02-12T20:15:00+02:00,2025-02-12T18:00:00Z,1.0781399999999999,0.0,1.0781399999999999,ALPHA_OUTSIDE_SIMPLEX,ALPHA_OUTSIDE_SIMPLEX
2025-02-12T18:30:00Z,2025-02-12T20:30:00+02:00,2025-02-12T18:00:00Z,0.8083199999999999,0.0,0.8083199999999999,OK,OTHER_QH_IN_SAME_HOUR_INVALID
2025-02-12T18:45:00Z,2025-02-12T20:45:00+02:00,2025-02-12T18:00:00Z,0.242,0.0,0.242,OK,OTHER_QH_IN_SAME_HOUR_INVALID
2025-02-13T04:00:00Z,2025-02-13T06:00:00+02:00,2025-02-13T04:00:00Z,0.0,0.2504,0.2504,OK,OTHER_QH_IN_SAME_HOUR_INVALID
2025-02-13T04:15:00Z,2025-02-13T06:15:00+02:00,2025-02-13T04:00:00Z,0.27608,0.00498,0.28106,OK,OTHER_QH_IN_SAME_HOUR_INVALID
2025-02-13T04:30:00Z,2025-02-13T06:30:00+02:00,2025-02-13T04:00:00Z,0.89858,0.0,0.89858,OK,OTHER_QH_IN_SAME_HOUR_INVALID
2025-02-13T04:45:00Z,2025-02-13T06:45:00+02:00,2025-02-13T04:00:00Z,1.00352,0.0,1.00352,ALPHA_OUTSIDE_SIMPLEX,ALPHA_OUTSIDE_SIMPLEX
2025-02-13T05:00:00Z,2025-02-13T07:00:00+02:00,2025-02-13T05:00:00Z,0.10536,0.11220000000000001,0.21756,OK,OTHER_QH_IN_SAME_HOUR_INVALID
2025-02-13T05:15:00Z,2025-02-13T07:15:00+02:00,2025-02-13T05:00:00Z,0.22302,0.0001,0.22311999999999999,OK,OTHER_QH_IN_SAME_HOUR_INVALID
2025-02-13T05:30:00Z,2025-02-13T07:30:00+02:00,2025-02-13T05:00:00Z,0.418,0.0,0.418,OK,OTHER_QH_IN_SAME_HOUR_INVALID
2025-02-13T05:45:00Z,2025-02-13T07:45:00+02:00,2025-02-13T05:00:00Z,1.13082,0.0,1.13082,ALPHA_OUTSIDE_SIMPLEX,ALPHA_OUTSIDE_SIMPLEX
2025-02-14T16:00:00Z,2025-02-14T18:00:00+02:00,2025-02-14T16:00:00Z,0.0,1.06206,1.06206,ALPHA_OUTSIDE_SIMPLEX,ALPHA_OUTSIDE_SIMPLEX
2025-02-14T16:15:00Z,2025-02-14T18:15:00+02:00,2025-02-14T16:00:00Z,0.00043999999999999996,0.3649,0.36534,OK,OTHER_QH_IN_SAME_HOUR_INVALID
2025-02-14T16:30:00Z,2025-02-14T18:30:00+02:00,2025-02-14T16:00:00Z,0.00302,0.00414,0.00716,OK,OTHER_QH_IN_SAME_HOUR_INVALID
2025-02-14T16:45:00Z,2025-02-14T18:45:00+02:00,2025-02-14T16:00:00Z,0.00596,0.0034999999999999996,0.00946,OK,OTHER_QH_IN_SAME_HOUR_INVALID
2025-02-17T05:00:00Z,2025-02-17T07:00:00+02:00,2025-02-17T05:00:00Z,0.0,0.39566,0.39566,OK,OTHER_QH_IN_SAME_HOUR_INVALID
2025-02-17T05:15:00Z,2025-02-17T07:15:00+02:00,2025-02-17T05:00:00Z,0.035339999999999996,0.0341,0.06944,OK,OTHER_QH_IN_SAME_HOUR_INVALID
2025-02-17T05:30:00Z,2025-02-17T07:30:00+02:00,2025-02-17T05:00:00Z,0.605,0.0,0.605,OK,OTHER_QH_IN_SAME_HOUR_INVALID
2025-02-17T05:45:00Z,2025-02-17T07:45:00+02:00,2025-02-17T05:00:00Z,1.00974,0.0,1.00974,ALPHA_OUTSIDE_SIMPLEX,ALPHA_OUTSIDE_SIMPLEX
2025-02-17T11:00:00Z,2025-02-17T13:00:00+02:00,2025-02-17T11:00:00Z,0.09698000000000001,0.00786,0.10484000000000002,OK,OTHER_QH_IN_SAME_HOUR_INVALID
2025-02-17T11:15:00Z,2025-02-17T13:15:00+02:00,2025-02-17T11:00:00Z,0.75154,0.0,0.75154,OK,OTHER_QH_IN_SAME_HOUR_INVALID
2025-02-17T11:30:00Z,2025-02-17T13:30:00+02:00,2025-02-17T11:00:00Z,0.5113,0.0,0.5113,OK,OTHER_QH_IN_SAME_HOUR_INVALID
2025-02-17T11:45:00Z,2025-02-17T13:45:00+02:00,2025-02-17T11:00:00Z,1.11958,0.0,1.11958,ALPHA_OUTSIDE_SIMPLEX,ALPHA_OUTSIDE_SIMPLEX
2025-02-17T15:00:00Z,2025-02-17T17:00:00+02:00,2025-02-17T15:00:00Z,0.26417999999999997,0.0,0.26417999999999997,OK,OTHER_QH_IN_SAME_HOUR_INVALID
2025-02-17T15:15:00Z,2025-02-17T17:15:00+02:00,2025-02-17T15:00:00Z,1.06564,0.0,1.06564,ALPHA_OUTSIDE_SIMPLEX,ALPHA_OUTSIDE_SIMPLEX
2025-02-17T15:30:00Z,2025-02-17T17:30:00+02:00,2025-02-17T15:00:00Z,0.70376,0.0,0.70376,OK,OTHER_QH_IN_SAME_HOUR_INVALID
2025-02-17T15:45:00Z,2025-02-17T17:45:00+02:00,2025-02-17T15:00:00Z,1.1078400000000002,0.0,1.1078400000000002,ALPHA_OUTSIDE_SIMPLEX,ALPHA_OUTSIDE_SIMPLEX
2025-02-18T18:00:00Z,2025-02-18T20:00:00+02:00,2025-02-18T18:00:00Z,1.04788,0.0,1.04788,ALPHA_OUTSIDE_SIMPLEX,ALPHA_OUTSIDE_SIMPLEX
2025-02-18T18:15:00Z,2025-02-18T20:15:00+02:00,2025-02-18T18:00:00Z,0.8186599999999999,0.0,0.8186599999999999,OK,OTHER_QH_IN_SAME_HOUR_INVALID
2025-02-18T18:30:00Z,2025-02-18T20:30:00+02:00,2025-02-18T18:00:00Z,0.66352,0.0,0.66352,OK,OTHER_QH_IN_SAME_HOUR_INVALID
2025-02-18T18:45:00Z,2025-02-18T20:45:00+02:00,2025-02-18T18:00:00Z,0.38118,0.0,0.38118,OK,OTHER_QH_IN_SAME_HOUR_INVALID
2025-02-19T08:00:00Z,2025-02-19T10:00:00+02:00,2025-02-19T08:00:00Z,0.04546,0.054000000000000006,0.09946,OK,OTHER_QH_IN_SAME_HOUR_INVALID
2025-02-19T08:15:00Z,2025-02-19T10:15:00+02:00,2025-02-19T08:00:00Z,0.0,0.34582,0.34582,OK,OTHER_QH_IN_SAME_HOUR_INVALID
2025-02-19T08:30:00Z,2025-02-19T10:30:00+02:00,2025-02-19T08:00:00Z,0.0,0.5048400000000001,0.5048400000000001,OK,OTHER_QH_IN_SAME_HOUR_INVALID
2025-02-19T08:45:00Z,2025-02-19T10:45:00+02:00,2025-02-19T08:00:00Z,0.0,1.0066599999999999,1.0066599999999999,ALPHA_OUTSIDE_SIMPLEX,ALPHA_OUTSIDE_SIMPLEX
2025-02-21T08:00:00Z,2025-02-21T10:00:00+02:00,2025-02-21T08:00:00Z,0.0,0.41716000000000003,0.41716000000000003,OK,OTHER_QH_IN_SAME_HOUR_INVALID
2025-02-21T08:15:00Z,2025-02-21T10:15:00+02:00,2025-02-21T08:00:00Z,0.0,0.63046,0.63046,OK,OTHER_QH_IN_SAME_HOUR_INVALID
2025-02-21T08:30:00Z,2025-02-21T10:30:00+02:00,2025-02-21T08:00:00Z,0.0,0.8971800000000001,0.8971800000000001,OK,OTHER_QH_IN_SAME_HOUR_INVALID
2025-02-21T08:45:00Z,2025-02-21T10:45:00+02:00,2025-02-21T08:00:00Z,0.0,1.1520000000000001,1.1520000000000001,ALPHA_OUTSIDE_SIMPLEX,ALPHA_OUTSIDE_SIMPLEX
2025-02-21T13:00:00Z,2025-02-21T15:00:00+02:00,2025-02-21T13:00:00Z,0.0,1.0191,1.0191,ALPHA_OUTSIDE_SIMPLEX,ALPHA_OUTSIDE_SIMPLEX
2025-02-21T13:15:00Z,2025-02-21T15:15:00+02:00,2025-02-21T13:00:00Z,0.0,0.59248,0.59248,OK,OTHER_QH_IN_SAME_HOUR_INVALID
2025-02-21T13:30:00Z,2025-02-21T15:30:00+02:00,2025-02-21T13:00:00Z,0.0,0.376,0.376,OK,OTHER_QH_IN_SAME_HOUR_INVALID
2025-02-21T13:45:00Z,2025-02-21T15:45:00+02:00,2025-02-21T13:00:00Z,0.1354,0.006860000000000001,0.14226,OK,OTHER_QH_IN_SAME_HOUR_INVALID
2025-02-21T22:00:00Z,2025-02-22T00:00:00+02:00,2025-02-21T22:00:00Z,0.89526,0.0,0.89526,OK,OTHER_QH_IN_SAME_HOUR_INVALID
2025-02-21T22:15:00Z,2025-02-22T00:15:00+02:00,2025-02-21T22:00:00Z,1.0215,0.0,1.0215,ALPHA_OUTSIDE_SIMPLEX,ALPHA_OUTSIDE_SIMPLEX
2025-02-21T22:30:00Z,2025-02-22T00:30:00+02:00,2025-02-21T22:00:00Z,0.743,0.0,0.743,OK,OTHER_QH_IN_SAME_HOUR_INVALID
2025-02-21T22:45:00Z,2025-02-22T00:45:00+02:00,2025-02-21T22:00:00Z,0.0028399999999999996,0.00582,0.00866,OK,OTHER_QH_IN_SAME_HOUR_INVALID
2025-02-22T14:00:00Z,2025-02-22T16:00:00+02:00,2025-02-22T14:00:00Z,0.00146,0.59606,0.59752,OK,OTHER_QH_IN_SAME_HOUR_INVALID
2025-02-22T14:15:00Z,2025-02-22T16:15:00+02:00,2025-02-22T14:00:00Z,0.00066,0.20132000000000003,0.20198000000000002,OK,OTHER_QH_IN_SAME_HOUR_INVALID
2025-02-22T14:30:00Z,2025-02-22T16:30:00+02:00,2025-02-22T14:00:00Z,0.65128,0.0,0.65128,OK,OTHER_QH_IN_SAME_HOUR_INVALID
2025-02-22T14:45:00Z,2025-02-22T16:45:00+02:00,2025-02-22T14:00:00Z,1.0170000000000001,0.0,1.0170000000000001,ALPHA_OUTSIDE_SIMPLEX,ALPHA_OUTSIDE_SIMPLEX
2025-02-22T15:00:00Z,2025-02-22T17:00:00+02:00,2025-02-22T15:00:00Z,0.15304,0.33456,0.48760000000000003,OK,OTHER_QH_IN_SAME_HOUR_INVALID
2025-02-22T15:15:00Z,2025-02-22T17:15:00+02:00,2025-02-22T15:00:00Z,0.13996,0.06534,0.20529999999999998,OK,OTHER_QH_IN_SAME_HOUR_INVALID
2025-02-22T15:30:00Z,2025-02-22T17:30:00+02:00,2025-02-22T15:00:00Z,0.7375799999999999,0.0,0.7375799999999999,OK,OTHER_QH_IN_SAME_HOUR_INVALID
2025-02-22T15:45:00Z,2025-02-22T17:45:00+02:00,2025-02-22T15:00:00Z,1.03788,0.0,1.03788,ALPHA_OUTSIDE_SIMPLEX,ALPHA_OUTSIDE_SIMPLEX
2025-02-22T16:00:00Z,2025-02-22T18:00:00+02:00,2025-02-22T16:00:00Z,0.14234,0.014039999999999999,0.15638,OK,OTHER_QH_IN_SAME_HOUR_INVALID
2025-02-22T16:15:00Z,2025-02-22T18:15:00+02:00,2025-02-22T16:00:00Z,0.33274000000000004,6e-05,0.33280000000000004,OK,OTHER_QH_IN_SAME_HOUR_INVALID
2025-02-22T16:30:00Z,2025-02-22T18:30:00+02:00,2025-02-22T16:00:00Z,1.0392000000000001,0.0,1.0392000000000001,ALPHA_OUTSIDE_SIMPLEX,ALPHA_OUTSIDE_SIMPLEX
2025-02-22T16:45:00Z,2025-02-22T18:45:00+02:00,2025-02-22T16:00:00Z,0.2868,0.0,0.2868,OK,OTHER_QH_IN_SAME_HOUR_INVALID
2025-02-23T03:00:00Z,2025-02-23T05:00:00+02:00,2025-02-23T03:00:00Z,0.011080000000000001,0.004699999999999999,0.015780000000000002,OK,OTHER_QH_IN_SAME_HOUR_INVALID
2025-02-23T03:15:00Z,2025-02-23T05:15:00+02:00,2025-02-23T03:00:00Z,0.01924,0.00014000000000000001,0.01938,OK,OTHER_QH_IN_SAME_HOUR_INVALID
2025-02-23T03:30:00Z,2025-02-23T05:30:00+02:00,2025-02-23T03:00:00Z,0.57092,0.0,0.57092,OK,OTHER_QH_IN_SAME_HOUR_INVALID
2025-02-23T03:45:00Z,2025-02-23T05:45:00+02:00,2025-02-23T03:00:00Z,1.09188,0.0,1.09188,ALPHA_OUTSIDE_SIMPLEX,ALPHA_OUTSIDE_SIMPLEX
2025-02-23T14:00:00Z,2025-02-23T16:00:00+02:00,2025-02-23T14:00:00Z,0.0015199999999999999,0.26208,0.2636,OK,OTHER_QH_IN_SAME_HOUR_INVALID
2025-02-23T14:15:00Z,2025-02-23T16:15:00+02:00,2025-02-23T14:00:00Z,0.23579999999999998,0.0,0.23579999999999998,OK,OTHER_QH_IN_SAME_HOUR_INVALID
2025-02-23T14:30:00Z,2025-02-23T16:30:00+02:00,2025-02-23T14:00:00Z,0.9037999999999999,0.0,0.9037999999999999,OK,OTHER_QH_IN_SAME_HOUR_INVALID
2025-02-23T14:45:00Z,2025-02-23T16:45:00+02:00,2025-02-23T14:00:00Z,1.14456,0.0,1.14456,ALPHA_OUTSIDE_SIMPLEX,ALPHA_OUTSIDE_SIMPLEX
2025-02-24T13:00:00Z,2025-02-24T15:00:00+02:00,2025-02-24T13:00:00Z,0.00014000000000000001,0.15045999999999998,0.15059999999999998,OK,OTHER_QH_IN_SAME_HOUR_INVALID
2025-02-24T13:15:00Z,2025-02-24T15:15:00+02:00,2025-02-24T13:00:00Z,0.012,0.02618,0.03818,OK,OTHER_QH_IN_SAME_HOUR_INVALID
2025-02-24T13:30:00Z,2025-02-24T15:30:00+02:00,2025-02-24T13:00:00Z,0.4434,0.0,0.4434,OK,OTHER_QH_IN_SAME_HOUR_INVALID
2025-02-24T13:45:00Z,2025-02-24T15:45:00+02:00,2025-02-24T13:00:00Z,1.05872,0.0,1.05872,ALPHA_OUTSIDE_SIMPLEX,ALPHA_OUTSIDE_SIMPLEX
2025-02-25T04:00:00Z,2025-02-25T06:00:00+02:00,2025-02-25T04:00:00Z,0.01452,0.29282,0.30734,OK,OTHER_QH_IN_SAME_HOUR_INVALID
2025-02-25T04:15:00Z,2025-02-25T06:15:00+02:00,2025-02-25T04:00:00Z,0.0035199999999999997,0.01576,0.01928,OK,OTHER_QH_IN_SAME_HOUR_INVALID
2025-02-25T04:30:00Z,2025-02-25T06:30:00+02:00,2025-02-25T04:00:00Z,0.5458,0.0,0.5458,OK,OTHER_QH_IN_SAME_HOUR_INVALID
2025-02-25T04:45:00Z,2025-02-25T06:45:00+02:00,2025-02-25T04:00:00Z,1.01784,0.0,1.01784,ALPHA_OUTSIDE_SIMPLEX,ALPHA_OUTSIDE_SIMPLEX
2025-02-26T04:00:00Z,2025-02-26T06:00:00+02:00,2025-02-26T04:00:00Z,0.00266,0.04534,0.048,OK,OTHER_QH_IN_SAME_HOUR_INVALID
2025-02-26T04:15:00Z,2025-02-26T06:15:00+02:00,2025-02-26T04:00:00Z,0.08736000000000001,0.0015199999999999999,0.08888,OK,OTHER_QH_IN_SAME_HOUR_INVALID
2025-02-26T04:30:00Z,2025-02-26T06:30:00+02:00,2025-02-26T04:00:00Z,0.6029,0.0,0.6029,OK,OTHER_QH_IN_SAME_HOUR_INVALID
2025-02-26T04:45:00Z,2025-02-26T06:45:00+02:00,2025-02-26T04:00:00Z,1.0093,0.0,1.0093,ALPHA_OUTSIDE_SIMPLEX,ALPHA_OUTSIDE_SIMPLEX
2025-02-27T19:00:00Z,2025-02-27T21:00:00+02:00,2025-02-27T19:00:00Z,0.8540000000000001,0.0,0.8540000000000001,OK,OTHER_QH_IN_SAME_HOUR_INVALID
2025-02-27T19:15:00Z,2025-02-27T21:15:00+02:00,2025-02-27T19:00:00Z,1.04634,0.0,1.04634,ALPHA_OUTSIDE_SIMPLEX,ALPHA_OUTSIDE_SIMPLEX
2025-02-27T19:30:00Z,2025-02-27T21:30:00+02:00,2025-02-27T19:00:00Z,0.96446,0.0,0.96446,OK,OTHER_QH_IN_SAME_HOUR_INVALID
2025-02-27T19:45:00Z,2025-02-27T21:45:00+02:00,2025-02-27T19:00:00Z,0.1354,0.00732,0.14271999999999999,OK,OTHER_QH_IN_SAME_HOUR_INVALID
2025-03-02T20:00:00Z,2025-03-02T22:00:00+02:00,2025-03-02T20:00:00Z,1.14238,0.0,1.14238,ALPHA_OUTSIDE_SIMPLEX,ALPHA_OUTSIDE_SIMPLEX
2025-03-02T20:15:00Z,2025-03-02T22:15:00+02:00,2025-03-02T20:00:00Z,0.83934,0.0,0.83934,OK,OTHER_QH_IN_SAME_HOUR_INVALID
2025-03-02T20:30:00Z,2025-03-02T22:30:00+02:00,2025-03-02T20:00:00Z,0.3607,0.0,0.3607,OK,OTHER_QH_IN_SAME_HOUR_INVALID
2025-03-02T20:45:00Z,2025-03-02T22:45:00+02:00,2025-03-02T20:00:00Z,0.20518,0.0,0.20518,OK,OTHER_QH_IN_SAME_HOUR_INVALID
2025-03-02T21:00:00Z,2025-03-02T23:00:00+02:00,2025-03-02T21:00:00Z,1.01324,0.0,1.01324,ALPHA_OUTSIDE_SIMPLEX,ALPHA_OUTSIDE_SIMPLEX
2025-03-02T21:15:00Z,2025-03-02T23:15:00+02:00,2025-03-02T21:00:00Z,0.7019199999999999,0.0,0.7019199999999999,OK,OTHER_QH_IN_SAME_HOUR_INVALID
2025-03-02T21:30:00Z,2025-03-02T23:30:00+02:00,2025-03-02T21:00:00Z,0.42782,0.0,0.42782,OK,OTHER_QH_IN_SAME_HOUR_INVALID
2025-03-02T21:45:00Z,2025-03-02T23:45:00+02:00,2025-03-02T21:00:00Z,0.44244,0.0,0.44244,OK,OTHER_QH_IN_SAME_HOUR_INVALID
2025-03-03T15:00:00Z,2025-03-03T17:00:00+02:00,2025-03-03T15:00:00Z,0.0,0.764,0.764,OK,OTHER_QH_IN_SAME_HOUR_INVALID
2025-03-03T15:15:00Z,2025-03-03T17:15:00+02:00,2025-03-03T15:00:00Z,0.02282,0.21772,0.24054,OK,OTHER_QH_IN_SAME_HOUR_INVALID
2025-03-03T15:30:00Z,2025-03-03T17:30:00+02:00,2025-03-03T15:00:00Z,0.3102,0.0,0.3102,OK,OTHER_QH_IN_SAME_HOUR_INVALID
2025-03-03T15:45:00Z,2025-03-03T17:45:00+02:00,2025-03-03T15:00:00Z,1.09476,0.0,1.09476,ALPHA_OUTSIDE_SIMPLEX,ALPHA_OUTSIDE_SIMPLEX
2025-03-03T17:00:00Z,2025-03-03T19:00:00+02:00,2025-03-03T17:00:00Z,0.384,0.0,0.384,OK,OTHER_QH_IN_SAME_HOUR_INVALID
2025-03-03T17:15:00Z,2025-03-03T19:15:00+02:00,2025-03-03T17:00:00Z,0.75996,0.0,0.75996,OK,OTHER_QH_IN_SAME_HOUR_INVALID
2025-03-03T17:30:00Z,2025-03-03T19:30:00+02:00,2025-03-03T17:00:00Z,1.04502,0.0,1.04502,ALPHA_OUTSIDE_SIMPLEX,ALPHA_OUTSIDE_SIMPLEX
2025-03-03T17:45:00Z,2025-03-03T19:45:00+02:00,2025-03-03T17:00:00Z,0.92474,0.0,0.92474,OK,OTHER_QH_IN_SAME_HOUR_INVALID
2025-03-03T19:00:00Z,2025-03-03T21:00:00+02:00,2025-03-03T19:00:00Z,1.3225399999999998,0.0,1.3225399999999998,ALPHA_OUTSIDE_SIMPLEX,ALPHA_OUTSIDE_SIMPLEX
2025-03-03T19:15:00Z,2025-03-03T21:15:00+02:00,2025-03-03T19:00:00Z,0.9842,0.0,0.9842,OK,OTHER_QH_IN_SAME_HOUR_INVALID
2025-03-03T19:30:00Z,2025-03-03T21:30:00+02:00,2025-03-03T19:00:00Z,0.838,0.0,0.838,OK,OTHER_QH_IN_SAME_HOUR_INVALID
2025-03-03T19:45:00Z,2025-03-03T21:45:00+02:00,2025-03-03T19:00:00Z,0.27812000000000003,0.0,0.27812000000000003,OK,OTHER_QH_IN_SAME_HOUR_INVALID
2025-03-04T04:00:00Z,2025-03-04T06:00:00+02:00,2025-03-04T04:00:00Z,0.10856,0.0,0.10856,OK,OTHER_QH_IN_SAME_HOUR_INVALID
2025-03-04T04:15:00Z,2025-03-04T06:15:00+02:00,2025-03-04T04:00:00Z,0.92522,0.0,0.92522,OK,OTHER_QH_IN_SAME_HOUR_INVALID
2025-03-04T04:30:00Z,2025-03-04T06:30:00+02:00,2025-03-04T04:00:00Z,1.0107,0.0,1.0107,ALPHA_OUTSIDE_SIMPLEX,ALPHA_OUTSIDE_SIMPLEX
2025-03-04T04:45:00Z,2025-03-04T06:45:00+02:00,2025-03-04T04:00:00Z,1.06596,0.0,1.06596,ALPHA_OUTSIDE_SIMPLEX,ALPHA_OUTSIDE_SIMPLEX
2025-03-04T05:00:00Z,2025-03-04T07:00:00+02:00,2025-03-04T05:00:00Z,0.48762,0.0,0.48762,OK,OTHER_QH_IN_SAME_HOUR_INVALID
2025-03-04T05:15:00Z,2025-03-04T07:15:00+02:00,2025-03-04T05:00:00Z,1.02466,0.0,1.02466,ALPHA_OUTSIDE_SIMPLEX,ALPHA_OUTSIDE_SIMPLEX
2025-03-04T05:30:00Z,2025-03-04T07:30:00+02:00,2025-03-04T05:00:00Z,0.22192,0.00202,0.22394,OK,OTHER_QH_IN_SAME_HOUR_INVALID
2025-03-04T05:45:00Z,2025-03-04T07:45:00+02:00,2025-03-04T05:00:00Z,0.0012,0.01784,0.01904,OK,OTHER_QH_IN_SAME_HOUR_INVALID
2025-03-04T07:00:00Z,2025-03-04T09:00:00+02:00,2025-03-04T07:00:00Z,0.40112000000000003,0.01924,0.42036,OK,OTHER_QH_IN_SAME_HOUR_INVALID
2025-03-04T07:15:00Z,2025-03-04T09:15:00+02:00,2025-03-04T07:00:00Z,0.04488,0.16802,0.2129,OK,OTHER_QH_IN_SAME_HOUR_INVALID
2025-03-04T07:30:00Z,2025-03-04T09:30:00+02:00,2025-03-04T07:00:00Z,0.0,0.7044799999999999,0.7044799999999999,OK,OTHER_QH_IN_SAME_HOUR_INVALID
2025-03-04T07:45:00Z,2025-03-04T09:45:00+02:00,2025-03-04T07:00:00Z,0.0,1.1548,1.1548,ALPHA_OUTSIDE_SIMPLEX,ALPHA_OUTSIDE_SIMPLEX
2025-03-04T09:00:00Z,2025-03-04T11:00:00+02:00,2025-03-04T09:00:00Z,0.0,0.06384000000000001,0.06384000000000001,OK,OTHER_QH_IN_SAME_HOUR_INVALID
2025-03-04T09:15:00Z,2025-03-04T11:15:00+02:00,2025-03-04T09:00:00Z,0.0,1.1411,1.1411,ALPHA_OUTSIDE_SIMPLEX,ALPHA_OUTSIDE_SIMPLEX
2025-03-04T09:30:00Z,2025-03-04T11:30:00+02:00,2025-03-04T09:00:00Z,0.0,0.88342,0.88342,OK,OTHER_QH_IN_SAME_HOUR_INVALID
2025-03-04T09:45:00Z,2025-03-04T11:45:00+02:00,2025-03-04T09:00:00Z,0.0016,0.01738,0.01898,OK,OTHER_QH_IN_SAME_HOUR_INVALID
2025-03-05T03:00:00Z,2025-03-05T05:00:00+02:00,2025-03-05T03:00:00Z,0.7864,0.0,0.7864,OK,OTHER_QH_IN_SAME_HOUR_INVALID
2025-03-05T03:15:00Z,2025-03-05T05:15:00+02:00,2025-03-05T03:00:00Z,0.54338,0.0,0.54338,OK,OTHER_QH_IN_SAME_HOUR_INVALID
2025-03-05T03:30:00Z,2025-03-05T05:30:00+02:00,2025-03-05T03:00:00Z,0.70882,0.0,0.70882,OK,OTHER_QH_IN_SAME_HOUR_INVALID
2025-03-05T03:45:00Z,2025-03-05T05:45:00+02:00,2025-03-05T03:00:00Z,1.00554,0.0,1.00554,ALPHA_OUTSIDE_SIMPLEX,ALPHA_OUTSIDE_SIMPLEX
2025-03-05T04:00:00Z,2025-03-05T06:00:00+02:00,2025-03-05T04:00:00Z,0.9951000000000001,0.0,0.9951000000000001,OK,OTHER_QH_IN_SAME_HOUR_INVALID
2025-03-05T04:15:00Z,2025-03-05T06:15:00+02:00,2025-03-05T04:00:00Z,1.02602,0.0,1.02602,ALPHA_OUTSIDE_SIMPLEX,ALPHA_OUTSIDE_SIMPLEX
2025-03-05T04:30:00Z,2025-03-05T06:30:00+02:00,2025-03-05T04:00:00Z,0.6818000000000001,0.0,0.6818000000000001,OK,OTHER_QH_IN_SAME_HOUR_INVALID
2025-03-05T04:45:00Z,2025-03-05T06:45:00+02:00,2025-03-05T04:00:00Z,0.8573000000000001,0.0,0.8573000000000001,OK,OTHER_QH_IN_SAME_HOUR_INVALID
2025-03-05T06:00:00Z,2025-03-05T08:00:00+02:00,2025-03-05T06:00:00Z,0.06812,0.01328,0.0814,OK,OTHER_QH_IN_SAME_HOUR_INVALID
2025-03-05T06:15:00Z,2025-03-05T08:15:00+02:00,2025-03-05T06:00:00Z,0.02004,0.01272,0.03276,OK,OTHER_QH_IN_SAME_HOUR_INVALID
2025-03-05T06:30:00Z,2025-03-05T08:30:00+02:00,2025-03-05T06:00:00Z,0.0,0.5004,0.5004,OK,OTHER_QH_IN_SAME_HOUR_INVALID
2025-03-05T06:45:00Z,2025-03-05T08:45:00+02:00,2025-03-05T06:00:00Z,0.0,1.0137399999999999,1.0137399999999999,ALPHA_OUTSIDE_SIMPLEX,ALPHA_OUTSIDE_SIMPLEX
2025-03-06T04:00:00Z,2025-03-06T06:00:00+02:00,2025-03-06T04:00:00Z,0.00094,0.07200000000000001,0.07294,OK,OTHER_QH_IN_SAME_HOUR_INVALID
2025-03-06T04:15:00Z,2025-03-06T06:15:00+02:00,2025-03-06T04:00:00Z,0.0529,0.0733,0.1262,OK,OTHER_QH_IN_SAME_HOUR_INVALID
2025-03-06T04:30:00Z,2025-03-06T06:30:00+02:00,2025-03-06T04:00:00Z,0.35432,6e-05,0.35438000000000003,OK,OTHER_QH_IN_SAME_HOUR_INVALID
2025-03-06T04:45:00Z,2025-03-06T06:45:00+02:00,2025-03-06T04:00:00Z,1.0204,0.0,1.0204,ALPHA_OUTSIDE_SIMPLEX,ALPHA_OUTSIDE_SIMPLEX
2025-03-06T06:00:00Z,2025-03-06T08:00:00+02:00,2025-03-06T06:00:00Z,0.0294,0.09168,0.12108,OK,OTHER_QH_IN_SAME_HOUR_INVALID
2025-03-06T06:15:00Z,2025-03-06T08:15:00+02:00,2025-03-06T06:00:00Z,0.00228,0.0616,0.06388,OK,OTHER_QH_IN_SAME_HOUR_INVALID
2025-03-06T06:30:00Z,2025-03-06T08:30:00+02:00,2025-03-06T06:00:00Z,0.0,0.48228000000000004,0.48228000000000004,OK,OTHER_QH_IN_SAME_HOUR_INVALID
2025-03-06T06:45:00Z,2025-03-06T08:45:00+02:00,2025-03-06T06:00:00Z,0.0,1.02854,1.02854,ALPHA_OUTSIDE_SIMPLEX,ALPHA_OUTSIDE_SIMPLEX
2025-03-07T06:00:00Z,2025-03-07T08:00:00+02:00,2025-03-07T06:00:00Z,0.06916,0.0034200000000000003,0.07258,OK,OTHER_QH_IN_SAME_HOUR_INVALID
2025-03-07T06:15:00Z,2025-03-07T08:15:00+02:00,2025-03-07T06:00:00Z,0.0,0.23170000000000002,0.23170000000000002,OK,OTHER_QH_IN_SAME_HOUR_INVALID
2025-03-07T06:30:00Z,2025-03-07T08:30:00+02:00,2025-03-07T06:00:00Z,0.0,0.9042600000000001,0.9042600000000001,OK,OTHER_QH_IN_SAME_HOUR_INVALID
2025-03-07T06:45:00Z,2025-03-07T08:45:00+02:00,2025-03-07T06:00:00Z,0.0,1.05774,1.05774,ALPHA_OUTSIDE_SIMPLEX,ALPHA_OUTSIDE_SIMPLEX
2025-03-07T15:00:00Z,2025-03-07T17:00:00+02:00,2025-03-07T15:00:00Z,0.0,0.28190000000000004,0.28190000000000004,OK,OTHER_QH_IN_SAME_HOUR_INVALID
2025-03-07T15:15:00Z,2025-03-07T17:15:00+02:00,2025-03-07T15:00:00Z,0.00846,0.00434,0.0128,OK,OTHER_QH_IN_SAME_HOUR_INVALID
2025-03-07T15:30:00Z,2025-03-07T17:30:00+02:00,2025-03-07T15:00:00Z,0.55402,0.0,0.55402,OK,OTHER_QH_IN_SAME_HOUR_INVALID
2025-03-07T15:45:00Z,2025-03-07T17:45:00+02:00,2025-03-07T15:00:00Z,1.00314,0.0,1.00314,ALPHA_OUTSIDE_SIMPLEX,ALPHA_OUTSIDE_SIMPLEX
2025-03-08T14:00:00Z,2025-03-08T16:00:00+02:00,2025-03-08T14:00:00Z,0.07581052631578947,0.0073,0.08311052631578947,OK,OTHER_QH_IN_SAME_HOUR_INVALID
2025-03-08T14:15:00Z,2025-03-08T16:15:00+02:00,2025-03-08T14:00:00Z,0.32639999999999997,0.0,0.32639999999999997,OK,OTHER_QH_IN_SAME_HOUR_INVALID
2025-03-08T14:30:00Z,2025-03-08T16:30:00+02:00,2025-03-08T14:00:00Z,0.7090526315789474,0.0,0.7090526315789474,OK,OTHER_QH_IN_SAME_HOUR_INVALID
2025-03-08T14:45:00Z,2025-03-08T16:45:00+02:00,2025-03-08T14:00:00Z,1.3551578947368421,0.0,1.3551578947368421,ALPHA_OUTSIDE_SIMPLEX,ALPHA_OUTSIDE_SIMPLEX
2025-03-10T12:00:00Z,2025-03-10T14:00:00+02:00,2025-03-10T12:00:00Z,1.1595675675675676,0.0,1.1595675675675676,ALPHA_OUTSIDE_SIMPLEX,ALPHA_OUTSIDE_SIMPLEX
2025-03-10T12:15:00Z,2025-03-10T14:15:00+02:00,2025-03-10T12:00:00Z,1.4642162162162162,0.0,1.4642162162162162,ALPHA_OUTSIDE_SIMPLEX,ALPHA_OUTSIDE_SIMPLEX
2025-03-10T12:30:00Z,2025-03-10T14:30:00+02:00,2025-03-10T12:00:00Z,0.6443675675675675,0.0,0.6443675675675675,OK,OTHER_QH_IN_SAME_HOUR_INVALID
2025-03-10T12:45:00Z,2025-03-10T14:45:00+02:00,2025-03-10T12:00:00Z,0.2604756756756757,0.007555555555555555,0.26803123123123124,OK,OTHER_QH_IN_SAME_HOUR_INVALID
2025-03-11T13:00:00Z,2025-03-11T15:00:00+02:00,2025-03-11T13:00:00Z,0.001,0.22052,0.22152,OK,OTHER_QH_IN_SAME_HOUR_INVALID
2025-03-11T13:15:00Z,2025-03-11T15:15:00+02:00,2025-03-11T13:00:00Z,0.02572,4e-05,0.025759999999999998,OK,OTHER_QH_IN_SAME_HOUR_INVALID
2025-03-11T13:30:00Z,2025-03-11T15:30:00+02:00,2025-03-11T13:00:00Z,0.56372,0.0,0.56372,OK,OTHER_QH_IN_SAME_HOUR_INVALID
2025-03-11T13:45:00Z,2025-03-11T15:45:00+02:00,2025-03-11T13:00:00Z,1.09164,0.0,1.09164,ALPHA_OUTSIDE_SIMPLEX,ALPHA_OUTSIDE_SIMPLEX
2025-03-11T20:00:00Z,2025-03-11T22:00:00+02:00,2025-03-11T20:00:00Z,0.09949999999999999,0.02924,0.12874,OK,OTHER_QH_IN_SAME_HOUR_INVALID
2025-03-11T20:15:00Z,2025-03-11T22:15:00+02:00,2025-03-11T20:00:00Z,0.00368,0.23512,0.23879999999999998,OK,OTHER_QH_IN_SAME_HOUR_INVALID
2025-03-11T20:30:00Z,2025-03-11T22:30:00+02:00,2025-03-11T20:00:00Z,0.0,0.52506,0.52506,OK,OTHER_QH_IN_SAME_HOUR_INVALID
2025-03-11T20:45:00Z,2025-03-11T22:45:00+02:00,2025-03-11T20:00:00Z,0.0,1.18472,1.18472,ALPHA_OUTSIDE_SIMPLEX,ALPHA_OUTSIDE_SIMPLEX
2025-03-12T07:00:00Z,2025-03-12T09:00:00+02:00,2025-03-12T07:00:00Z,0.0,0.17495999999999998,0.17495999999999998,OK,OTHER_QH_IN_SAME_HOUR_INVALID
2025-03-12T07:15:00Z,2025-03-12T09:15:00+02:00,2025-03-12T07:00:00Z,0.0,1.1466,1.1466,ALPHA_OUTSIDE_SIMPLEX,ALPHA_OUTSIDE_SIMPLEX
2025-03-12T07:30:00Z,2025-03-12T09:30:00+02:00,2025-03-12T07:00:00Z,0.0,0.7702,0.7702,OK,OTHER_QH_IN_SAME_HOUR_INVALID
2025-03-12T07:45:00Z,2025-03-12T09:45:00+02:00,2025-03-12T07:00:00Z,0.0,1.21054,1.21054,ALPHA_OUTSIDE_SIMPLEX,ALPHA_OUTSIDE_SIMPLEX
2025-03-13T02:00:00Z,2025-03-13T04:00:00+02:00,2025-03-13T02:00:00Z,0.38078,0.00096,0.38174,OK,OTHER_QH_IN_SAME_HOUR_INVALID
2025-03-13T02:15:00Z,2025-03-13T04:15:00+02:00,2025-03-13T02:00:00Z,0.0,0.32292000000000004,0.32292000000000004,OK,OTHER_QH_IN_SAME_HOUR_INVALID
2025-03-13T02:30:00Z,2025-03-13T04:30:00+02:00,2025-03-13T02:00:00Z,0.0,1.0154,1.0154,ALPHA_OUTSIDE_SIMPLEX,ALPHA_OUTSIDE_SIMPLEX
2025-03-13T02:45:00Z,2025-03-13T04:45:00+02:00,2025-03-13T02:00:00Z,0.0,0.97068,0.97068,OK,OTHER_QH_IN_SAME_HOUR_INVALID
2025-03-13T04:00:00Z,2025-03-13T06:00:00+02:00,2025-03-13T04:00:00Z,0.0,1.22106,1.22106,ALPHA_OUTSIDE_SIMPLEX,ALPHA_OUTSIDE_SIMPLEX
2025-03-13T04:15:00Z,2025-03-13T06:15:00+02:00,2025-03-13T04:00:00Z,0.11018,0.24504,0.35522,OK,OTHER_QH_IN_SAME_HOUR_INVALID
2025-03-13T04:30:00Z,2025-03-13T06:30:00+02:00,2025-03-13T04:00:00Z,0.28076,0.0,0.28076,OK,OTHER_QH_IN_SAME_HOUR_INVALID
2025-03-13T04:45:00Z,2025-03-13T06:45:00+02:00,2025-03-13T04:00:00Z,0.40118000000000004,0.0,0.40118000000000004,OK,OTHER_QH_IN_SAME_HOUR_INVALID
2025-03-13T10:00:00Z,2025-03-13T12:00:00+02:00,2025-03-13T10:00:00Z,0.0010199999999999999,0.036680000000000004,0.037700000000000004,OK,OTHER_QH_IN_SAME_HOUR_INVALID
2025-03-13T10:15:00Z,2025-03-13T12:15:00+02:00,2025-03-13T10:00:00Z,0.0,1.11764,1.11764,ALPHA_OUTSIDE_SIMPLEX,ALPHA_OUTSIDE_SIMPLEX
2025-03-13T10:30:00Z,2025-03-13T12:30:00+02:00,2025-03-13T10:00:00Z,0.0,0.30846,0.30846,OK,OTHER_QH_IN_SAME_HOUR_INVALID
2025-03-13T10:45:00Z,2025-03-13T12:45:00+02:00,2025-03-13T10:00:00Z,0.00074,0.023860000000000003,0.024600000000000004,OK,OTHER_QH_IN_SAME_HOUR_INVALID
2025-03-13T17:00:00Z,2025-03-13T19:00:00+02:00,2025-03-13T17:00:00Z,0.0,1.02478,1.02478,ALPHA_OUTSIDE_SIMPLEX,ALPHA_OUTSIDE_SIMPLEX
2025-03-13T17:15:00Z,2025-03-13T19:15:00+02:00,2025-03-13T17:00:00Z,0.0,0.4997,0.4997,OK,OTHER_QH_IN_SAME_HOUR_INVALID
2025-03-13T17:30:00Z,2025-03-13T19:30:00+02:00,2025-03-13T17:00:00Z,0.0,0.11291999999999999,0.11291999999999999,OK,OTHER_QH_IN_SAME_HOUR_INVALID
2025-03-13T17:45:00Z,2025-03-13T19:45:00+02:00,2025-03-13T17:00:00Z,0.0,0.32786000000000004,0.32786000000000004,OK,OTHER_QH_IN_SAME_HOUR_INVALID
2025-03-13T20:00:00Z,2025-03-13T22:00:00+02:00,2025-03-13T20:00:00Z,0.14376,0.033460000000000004,0.17722,OK,OTHER_QH_IN_SAME_HOUR_INVALID
2025-03-13T20:15:00Z,2025-03-13T22:15:00+02:00,2025-03-13T20:00:00Z,0.0,0.72148,0.72148,OK,OTHER_QH_IN_SAME_HOUR_INVALID
2025-03-13T20:30:00Z,2025-03-13T22:30:00+02:00,2025-03-13T20:00:00Z,0.0,1.16222,1.16222,ALPHA_OUTSIDE_SIMPLEX,ALPHA_OUTSIDE_SIMPLEX
2025-03-13T20:45:00Z,2025-03-13T22:45:00+02:00,2025-03-13T20:00:00Z,0.0,1.22952,1.22952,ALPHA_OUTSIDE_SIMPLEX,ALPHA_OUTSIDE_SIMPLEX
2025-03-13T23:00:00Z,2025-03-14T01:00:00+02:00,2025-03-13T23:00:00Z,0.0008,0.1745,0.17529999999999998,OK,OTHER_QH_IN_SAME_HOUR_INVALID
2025-03-13T23:15:00Z,2025-03-14T01:15:00+02:00,2025-03-13T23:00:00Z,0.00028000000000000003,0.31994,0.32022,OK,OTHER_QH_IN_SAME_HOUR_INVALID
2025-03-13T23:30:00Z,2025-03-14T01:30:00+02:00,2025-03-13T23:00:00Z,0.0,1.1712,1.1712,ALPHA_OUTSIDE_SIMPLEX,ALPHA_OUTSIDE_SIMPLEX
2025-03-13T23:45:00Z,2025-03-14T01:45:00+02:00,2025-03-13T23:00:00Z,0.0,1.3275,1.3275,ALPHA_OUTSIDE_SIMPLEX,ALPHA_OUTSIDE_SIMPLEX
2025-03-14T00:00:00Z,2025-03-14T02:00:00+02:00,2025-03-14T00:00:00Z,0.0,1.2821799999999999,1.2821799999999999,ALPHA_OUTSIDE_SIMPLEX,ALPHA_OUTSIDE_SIMPLEX
2025-03-14T00:15:00Z,2025-03-14T02:15:00+02:00,2025-03-14T00:00:00Z,0.0,1.3094999999999999,1.3094999999999999,ALPHA_OUTSIDE_SIMPLEX,ALPHA_OUTSIDE_SIMPLEX
2025-03-14T00:30:00Z,2025-03-14T02:30:00+02:00,2025-03-14T00:00:00Z,0.0,1.3094999999999999,1.3094999999999999,ALPHA_OUTSIDE_SIMPLEX,ALPHA_OUTSIDE_SIMPLEX
2025-03-14T00:45:00Z,2025-03-14T02:45:00+02:00,2025-03-14T00:00:00Z,0.0,1.3094999999999999,1.3094999999999999,ALPHA_OUTSIDE_SIMPLEX,ALPHA_OUTSIDE_SIMPLEX
2025-03-14T02:00:00Z,2025-03-14T04:00:00+02:00,2025-03-14T02:00:00Z,0.20142,0.0,0.20142,OK,OTHER_QH_IN_SAME_HOUR_INVALID
2025-03-14T02:15:00Z,2025-03-14T04:15:00+02:00,2025-03-14T02:00:00Z,0.88372,0.0,0.88372,OK,OTHER_QH_IN_SAME_HOUR_INVALID
2025-03-14T02:30:00Z,2025-03-14T04:30:00+02:00,2025-03-14T02:00:00Z,1.0433,0.0,1.0433,ALPHA_OUTSIDE_SIMPLEX,ALPHA_OUTSIDE_SIMPLEX
2025-03-14T02:45:00Z,2025-03-14T04:45:00+02:00,2025-03-14T02:00:00Z,1.04394,0.0,1.04394,ALPHA_OUTSIDE_SIMPLEX,ALPHA_OUTSIDE_SIMPLEX
2025-03-14T04:00:00Z,2025-03-14T06:00:00+02:00,2025-03-14T04:00:00Z,0.0,1.1047799999999999,1.1047799999999999,ALPHA_OUTSIDE_SIMPLEX,ALPHA_OUTSIDE_SIMPLEX
2025-03-14T04:15:00Z,2025-03-14T06:15:00+02:00,2025-03-14T04:00:00Z,0.0,1.0609,1.0609,ALPHA_OUTSIDE_SIMPLEX,ALPHA_OUTSIDE_SIMPLEX
2025-03-14T04:30:00Z,2025-03-14T06:30:00+02:00,2025-03-14T04:00:00Z,0.0,0.60546,0.60546,OK,OTHER_QH_IN_SAME_HOUR_INVALID
2025-03-14T04:45:00Z,2025-03-14T06:45:00+02:00,2025-03-14T04:00:00Z,0.0,0.23446,0.23446,OK,OTHER_QH_IN_SAME_HOUR_INVALID
2025-03-14T12:00:00Z,2025-03-14T14:00:00+02:00,2025-03-14T12:00:00Z,0.13274,4e-05,0.13278,OK,OTHER_QH_IN_SAME_HOUR_INVALID
2025-03-14T12:15:00Z,2025-03-14T14:15:00+02:00,2025-03-14T12:00:00Z,0.7868,0.0,0.7868,OK,OTHER_QH_IN_SAME_HOUR_INVALID
2025-03-14T12:30:00Z,2025-03-14T14:30:00+02:00,2025-03-14T12:00:00Z,1.0158,0.0,1.0158,ALPHA_OUTSIDE_SIMPLEX,ALPHA_OUTSIDE_SIMPLEX
2025-03-14T12:45:00Z,2025-03-14T14:45:00+02:00,2025-03-14T12:00:00Z,0.34948,0.0018,0.35128000000000004,OK,OTHER_QH_IN_SAME_HOUR_INVALID
2025-03-15T08:00:00Z,2025-03-15T10:00:00+02:00,2025-03-15T08:00:00Z,0.88276,0.0,0.88276,OK,OTHER_QH_IN_SAME_HOUR_INVALID
2025-03-15T08:15:00Z,2025-03-15T10:15:00+02:00,2025-03-15T08:00:00Z,0.94844,0.0,0.94844,OK,OTHER_QH_IN_SAME_HOUR_INVALID
2025-03-15T08:30:00Z,2025-03-15T10:30:00+02:00,2025-03-15T08:00:00Z,0.9917,0.0,0.9917,OK,OTHER_QH_IN_SAME_HOUR_INVALID
2025-03-15T08:45:00Z,2025-03-15T10:45:00+02:00,2025-03-15T08:00:00Z,1.0755,0.0,1.0755,ALPHA_OUTSIDE_SIMPLEX,ALPHA_OUTSIDE_SIMPLEX
2025-03-15T09:00:00Z,2025-03-15T11:00:00+02:00,2025-03-15T09:00:00Z,1.34184,0.0,1.34184,ALPHA_OUTSIDE_SIMPLEX,ALPHA_OUTSIDE_SIMPLEX
2025-03-15T09:15:00Z,2025-03-15T11:15:00+02:00,2025-03-15T09:00:00Z,1.24824,0.0,1.24824,ALPHA_OUTSIDE_SIMPLEX,ALPHA_OUTSIDE_SIMPLEX
2025-03-15T09:30:00Z,2025-03-15T11:30:00+02:00,2025-03-15T09:00:00Z,1.1979,0.0,1.1979,ALPHA_OUTSIDE_SIMPLEX,ALPHA_OUTSIDE_SIMPLEX
2025-03-15T09:45:00Z,2025-03-15T11:45:00+02:00,2025-03-15T09:00:00Z,1.1354600000000001,0.0,1.1354600000000001,ALPHA_OUTSIDE_SIMPLEX,ALPHA_OUTSIDE_SIMPLEX
2025-03-15T10:00:00Z,2025-03-15T12:00:00+02:00,2025-03-15T10:00:00Z,1.06412,0.0,1.06412,ALPHA_OUTSIDE_SIMPLEX,ALPHA_OUTSIDE_SIMPLEX
2025-03-15T10:15:00Z,2025-03-15T12:15:00+02:00,2025-03-15T10:00:00Z,1.07324,0.0,1.07324,ALPHA_OUTSIDE_SIMPLEX,ALPHA_OUTSIDE_SIMPLEX
2025-03-15T10:30:00Z,2025-03-15T12:30:00+02:00,2025-03-15T10:00:00Z,1.2557800000000001,0.0,1.2557800000000001,ALPHA_OUTSIDE_SIMPLEX,ALPHA_OUTSIDE_SIMPLEX
2025-03-15T10:45:00Z,2025-03-15T12:45:00+02:00,2025-03-15T10:00:00Z,0.7321599999999999,0.0,0.7321599999999999,OK,OTHER_QH_IN_SAME_HOUR_INVALID
2025-03-15T11:00:00Z,2025-03-15T13:00:00+02:00,2025-03-15T11:00:00Z,1.0332,0.0,1.0332,ALPHA_OUTSIDE_SIMPLEX,ALPHA_OUTSIDE_SIMPLEX
2025-03-15T11:15:00Z,2025-03-15T13:15:00+02:00,2025-03-15T11:00:00Z,0.78352,0.0,0.78352,OK,OTHER_QH_IN_SAME_HOUR_INVALID
2025-03-15T11:30:00Z,2025-03-15T13:30:00+02:00,2025-03-15T11:00:00Z,0.36926000000000003,0.0,0.36926000000000003,OK,OTHER_QH_IN_SAME_HOUR_INVALID
2025-03-15T11:45:00Z,2025-03-15T13:45:00+02:00,2025-03-15T11:00:00Z,0.2369,0.0,0.2369,OK,OTHER_QH_IN_SAME_HOUR_INVALID
2025-03-15T12:00:00Z,2025-03-15T14:00:00+02:00,2025-03-15T12:00:00Z,0.0034799999999999996,0.00622,0.0097,OK,OTHER_QH_IN_SAME_HOUR_INVALID
2025-03-15T12:15:00Z,2025-03-15T14:15:00+02:00,2025-03-15T12:00:00Z,0.17980000000000002,0.0,0.17980000000000002,OK,OTHER_QH_IN_SAME_HOUR_INVALID
2025-03-15T12:30:00Z,2025-03-15T14:30:00+02:00,2025-03-15T12:00:00Z,1.25254,0.0,1.25254,ALPHA_OUTSIDE_SIMPLEX,ALPHA_OUTSIDE_SIMPLEX
2025-03-15T12:45:00Z,2025-03-15T14:45:00+02:00,2025-03-15T12:00:00Z,1.3815,0.0,1.3815,ALPHA_OUTSIDE_SIMPLEX,ALPHA_OUTSIDE_SIMPLEX
2025-03-15T13:00:00Z,2025-03-15T15:00:00+02:00,2025-03-15T13:00:00Z,1.2537,0.0,1.2537,ALPHA_OUTSIDE_SIMPLEX,ALPHA_OUTSIDE_SIMPLEX
2025-03-15T13:15:00Z,2025-03-15T15:15:00+02:00,2025-03-15T13:00:00Z,1.38272,0.0,1.38272,ALPHA_OUTSIDE_SIMPLEX,ALPHA_OUTSIDE_SIMPLEX
2025-03-15T13:30:00Z,2025-03-15T15:30:00+02:00,2025-03-15T13:00:00Z,1.3815600000000001,0.0,1.3815600000000001,ALPHA_OUTSIDE_SIMPLEX,ALPHA_OUTSIDE_SIMPLEX
2025-03-15T13:45:00Z,2025-03-15T15:45:00+02:00,2025-03-15T13:00:00Z,1.37066,0.0,1.37066,ALPHA_OUTSIDE_SIMPLEX,ALPHA_OUTSIDE_SIMPLEX
2025-03-15T16:00:00Z,2025-03-15T18:00:00+02:00,2025-03-15T16:00:00Z,0.0,1.03288,1.03288,ALPHA_OUTSIDE_SIMPLEX,ALPHA_OUTSIDE_SIMPLEX
2025-03-15T16:15:00Z,2025-03-15T18:15:00+02:00,2025-03-15T16:00:00Z,0.0,0.24776,0.24776,OK,OTHER_QH_IN_SAME_HOUR_INVALID
2025-03-15T16:30:00Z,2025-03-15T18:30:00+02:00,2025-03-15T16:00:00Z,0.00012,0.09635999999999999,0.09647999999999998,OK,OTHER_QH_IN_SAME_HOUR_INVALID
2025-03-15T16:45:00Z,2025-03-15T18:45:00+02:00,2025-03-15T16:00:00Z,0.00482,0.00042,0.00524,OK,OTHER_QH_IN_SAME_HOUR_INVALID
2025-03-16T05:00:00Z,2025-03-16T07:00:00+02:00,2025-03-16T05:00:00Z,0.0,0.8198399999999999,0.8198399999999999,OK,OTHER_QH_IN_SAME_HOUR_INVALID
2025-03-16T05:15:00Z,2025-03-16T07:15:00+02:00,2025-03-16T05:00:00Z,0.0,0.49738,0.49738,OK,OTHER_QH_IN_SAME_HOUR_INVALID
2025-03-16T05:30:00Z,2025-03-16T07:30:00+02:00,2025-03-16T05:00:00Z,0.0,1.00312,1.00312,ALPHA_OUTSIDE_SIMPLEX,ALPHA_OUTSIDE_SIMPLEX
2025-03-16T05:45:00Z,2025-03-16T07:45:00+02:00,2025-03-16T05:00:00Z,0.0,0.93054,0.93054,OK,OTHER_QH_IN_SAME_HOUR_INVALID
2025-03-16T20:00:00Z,2025-03-16T22:00:00+02:00,2025-03-16T20:00:00Z,1.22296,0.0,1.22296,ALPHA_OUTSIDE_SIMPLEX,ALPHA_OUTSIDE_SIMPLEX
2025-03-16T20:15:00Z,2025-03-16T22:15:00+02:00,2025-03-16T20:00:00Z,0.78506,0.0,0.78506,OK,OTHER_QH_IN_SAME_HOUR_INVALID
2025-03-16T20:30:00Z,2025-03-16T22:30:00+02:00,2025-03-16T20:00:00Z,0.0154,0.004079999999999999,0.01948,OK,OTHER_QH_IN_SAME_HOUR_INVALID
2025-03-16T20:45:00Z,2025-03-16T22:45:00+02:00,2025-03-16T20:00:00Z,0.008539999999999999,0.0030399999999999997,0.011579999999999998,OK,OTHER_QH_IN_SAME_HOUR_INVALID
2025-03-17T11:00:00Z,2025-03-17T13:00:00+02:00,2025-03-17T11:00:00Z,0.5281199999999999,0.0,0.5281199999999999,OK,OTHER_QH_IN_SAME_HOUR_INVALID
2025-03-17T11:15:00Z,2025-03-17T13:15:00+02:00,2025-03-17T11:00:00Z,1.04318,0.0,1.04318,ALPHA_OUTSIDE_SIMPLEX,ALPHA_OUTSIDE_SIMPLEX
2025-03-17T11:30:00Z,2025-03-17T13:30:00+02:00,2025-03-17T11:00:00Z,0.35772,0.0,0.35772,OK,OTHER_QH_IN_SAME_HOUR_INVALID
2025-03-17T11:45:00Z,2025-03-17T13:45:00+02:00,2025-03-17T11:00:00Z,0.5523,0.0,0.5523,OK,OTHER_QH_IN_SAME_HOUR_INVALID
2025-03-17T13:00:00Z,2025-03-17T15:00:00+02:00,2025-03-17T13:00:00Z,0.47902,0.0,0.47902,OK,OTHER_QH_IN_SAME_HOUR_INVALID
2025-03-17T13:15:00Z,2025-03-17T15:15:00+02:00,2025-03-17T13:00:00Z,0.9942,0.0,0.9942,OK,OTHER_QH_IN_SAME_HOUR_INVALID
2025-03-17T13:30:00Z,2025-03-17T15:30:00+02:00,2025-03-17T13:00:00Z,1.23614,0.0,1.23614,ALPHA_OUTSIDE_SIMPLEX,ALPHA_OUTSIDE_SIMPLEX
2025-03-17T13:45:00Z,2025-03-17T15:45:00+02:00,2025-03-17T13:00:00Z,1.1914799999999999,0.0,1.1914799999999999,ALPHA_OUTSIDE_SIMPLEX,ALPHA_OUTSIDE_SIMPLEX
2025-03-19T09:00:00Z,2025-03-19T11:00:00+02:00,2025-03-19T09:00:00Z,4e-05,0.2494,0.24944000000000002,OK,OTHER_QH_IN_SAME_HOUR_INVALID
2025-03-19T09:15:00Z,2025-03-19T11:15:00+02:00,2025-03-19T09:00:00Z,0.0,0.64976,0.64976,OK,OTHER_QH_IN_SAME_HOUR_INVALID
2025-03-19T09:30:00Z,2025-03-19T11:30:00+02:00,2025-03-19T09:00:00Z,0.0,1.02774,1.02774,ALPHA_OUTSIDE_SIMPLEX,ALPHA_OUTSIDE_SIMPLEX
2025-03-19T09:45:00Z,2025-03-19T11:45:00+02:00,2025-03-19T09:00:00Z,0.0,1.18354,1.18354,ALPHA_OUTSIDE_SIMPLEX,ALPHA_OUTSIDE_SIMPLEX
2025-03-20T05:00:00Z,2025-03-20T07:00:00+02:00,2025-03-20T05:00:00Z,8e-05,0.16548,0.16555999999999998,OK,OTHER_QH_IN_SAME_HOUR_INVALID
2025-03-20T05:15:00Z,2025-03-20T07:15:00+02:00,2025-03-20T05:00:00Z,0.0016,0.01088,0.012480000000000002,OK,OTHER_QH_IN_SAME_HOUR_INVALID
2025-03-20T05:30:00Z,2025-03-20T07:30:00+02:00,2025-03-20T05:00:00Z,0.0,0.5805400000000001,0.5805400000000001,OK,OTHER_QH_IN_SAME_HOUR_INVALID
2025-03-20T05:45:00Z,2025-03-20T07:45:00+02:00,2025-03-20T05:00:00Z,0.0,1.2014,1.2014,ALPHA_OUTSIDE_SIMPLEX,ALPHA_OUTSIDE_SIMPLEX
2025-03-20T07:00:00Z,2025-03-20T09:00:00+02:00,2025-03-20T07:00:00Z,0.0006,0.10688,0.10748,OK,OTHER_QH_IN_SAME_HOUR_INVALID
2025-03-20T07:15:00Z,2025-03-20T09:15:00+02:00,2025-03-20T07:00:00Z,0.0005600000000000001,0.07882,0.07938,OK,OTHER_QH_IN_SAME_HOUR_INVALID
2025-03-20T07:30:00Z,2025-03-20T09:30:00+02:00,2025-03-20T07:00:00Z,0.0,0.5314,0.5314,OK,OTHER_QH_IN_SAME_HOUR_INVALID
2025-03-20T07:45:00Z,2025-03-20T09:45:00+02:00,2025-03-20T07:00:00Z,0.0,1.0098399999999998,1.0098399999999998,ALPHA_OUTSIDE_SIMPLEX,ALPHA_OUTSIDE_SIMPLEX
2025-03-20T08:00:00Z,2025-03-20T10:00:00+02:00,2025-03-20T08:00:00Z,0.31426,0.05944,0.3737,OK,OTHER_QH_IN_SAME_HOUR_INVALID
2025-03-20T08:15:00Z,2025-03-20T10:15:00+02:00,2025-03-20T08:00:00Z,0.00132,0.20521999999999999,0.20653999999999997,OK,OTHER_QH_IN_SAME_HOUR_INVALID
2025-03-20T08:30:00Z,2025-03-20T10:30:00+02:00,2025-03-20T08:00:00Z,0.0,0.6982200000000001,0.6982200000000001,OK,OTHER_QH_IN_SAME_HOUR_INVALID
2025-03-20T08:45:00Z,2025-03-20T10:45:00+02:00,2025-03-20T08:00:00Z,0.0,1.04224,1.04224,ALPHA_OUTSIDE_SIMPLEX,ALPHA_OUTSIDE_SIMPLEX
2025-03-21T06:00:00Z,2025-03-21T08:00:00+02:00,2025-03-21T06:00:00Z,0.0,0.14192,0.14192,OK,OTHER_QH_IN_SAME_HOUR_INVALID
2025-03-21T06:15:00Z,2025-03-21T08:15:00+02:00,2025-03-21T06:00:00Z,0.0,0.13168,0.13168,OK,OTHER_QH_IN_SAME_HOUR_INVALID
2025-03-21T06:30:00Z,2025-03-21T08:30:00+02:00,2025-03-21T06:00:00Z,0.0,0.31614000000000003,0.31614000000000003,OK,OTHER_QH_IN_SAME_HOUR_INVALID
2025-03-21T06:45:00Z,2025-03-21T08:45:00+02:00,2025-03-21T06:00:00Z,0.0,1.07132,1.07132,ALPHA_OUTSIDE_SIMPLEX,ALPHA_OUTSIDE_SIMPLEX
2025-03-21T17:00:00Z,2025-03-21T19:00:00+02:00,2025-03-21T17:00:00Z,0.00928,0.12974,0.13902,OK,OTHER_QH_IN_SAME_HOUR_INVALID
2025-03-21T17:15:00Z,2025-03-21T19:15:00+02:00,2025-03-21T17:00:00Z,0.0,0.11492000000000001,0.11492000000000001,OK,OTHER_QH_IN_SAME_HOUR_INVALID
2025-03-21T17:30:00Z,2025-03-21T19:30:00+02:00,2025-03-21T17:00:00Z,0.0,1.0133400000000001,1.0133400000000001,ALPHA_OUTSIDE_SIMPLEX,ALPHA_OUTSIDE_SIMPLEX
2025-03-21T17:45:00Z,2025-03-21T19:45:00+02:00,2025-03-21T17:00:00Z,0.0,0.51934,0.51934,OK,OTHER_QH_IN_SAME_HOUR_INVALID
2025-03-23T16:00:00Z,2025-03-23T18:00:00+02:00,2025-03-23T16:00:00Z,0.09144000000000001,0.00656,0.098,OK,OTHER_QH_IN_SAME_HOUR_INVALID
2025-03-23T16:15:00Z,2025-03-23T18:15:00+02:00,2025-03-23T16:00:00Z,0.29292,0.0,0.29292,OK,OTHER_QH_IN_SAME_HOUR_INVALID
2025-03-23T16:30:00Z,2025-03-23T18:30:00+02:00,2025-03-23T16:00:00Z,0.9388,0.0,0.9388,OK,OTHER_QH_IN_SAME_HOUR_INVALID
2025-03-23T16:45:00Z,2025-03-23T18:45:00+02:00,2025-03-23T16:00:00Z,1.0979999999999999,0.0,1.0979999999999999,ALPHA_OUTSIDE_SIMPLEX,ALPHA_OUTSIDE_SIMPLEX
2025-03-23T17:00:00Z,2025-03-23T19:00:00+02:00,2025-03-23T17:00:00Z,1.0088599999999999,0.0,1.0088599999999999,ALPHA_OUTSIDE_SIMPLEX,ALPHA_OUTSIDE_SIMPLEX
2025-03-23T17:15:00Z,2025-03-23T19:15:00+02:00,2025-03-23T17:00:00Z,1.0979999999999999,0.0,1.0979999999999999,ALPHA_OUTSIDE_SIMPLEX,ALPHA_OUTSIDE_SIMPLEX
2025-03-23T17:30:00Z,2025-03-23T19:30:00+02:00,2025-03-23T17:00:00Z,1.0979999999999999,0.0,1.0979999999999999,ALPHA_OUTSIDE_SIMPLEX,ALPHA_OUTSIDE_SIMPLEX
2025-03-23T17:45:00Z,2025-03-23T19:45:00+02:00,2025-03-23T17:00:00Z,1.0979999999999999,0.0,1.0979999999999999,ALPHA_OUTSIDE_SIMPLEX,ALPHA_OUTSIDE_SIMPLEX
2025-03-24T04:00:00Z,2025-03-24T06:00:00+02:00,2025-03-24T04:00:00Z,0.0,1.00078,1.00078,ALPHA_OUTSIDE_SIMPLEX,ALPHA_OUTSIDE_SIMPLEX
2025-03-24T04:15:00Z,2025-03-24T06:15:00+02:00,2025-03-24T04:00:00Z,0.0,0.82166,0.82166,OK,OTHER_QH_IN_SAME_HOUR_INVALID
2025-03-24T04:30:00Z,2025-03-24T06:30:00+02:00,2025-03-24T04:00:00Z,0.0,0.57148,0.57148,OK,OTHER_QH_IN_SAME_HOUR_INVALID
2025-03-24T04:45:00Z,2025-03-24T06:45:00+02:00,2025-03-24T04:00:00Z,6e-05,0.11753999999999999,0.1176,OK,OTHER_QH_IN_SAME_HOUR_INVALID
2025-03-25T00:00:00Z,2025-03-25T02:00:00+02:00,2025-03-25T00:00:00Z,0.0,0.40226,0.40226,OK,OTHER_QH_IN_SAME_HOUR_INVALID
2025-03-25T00:15:00Z,2025-03-25T02:15:00+02:00,2025-03-25T00:00:00Z,0.0,0.87102,0.87102,OK,OTHER_QH_IN_SAME_HOUR_INVALID
2025-03-25T00:30:00Z,2025-03-25T02:30:00+02:00,2025-03-25T00:00:00Z,0.0,0.6708799999999999,0.6708799999999999,OK,OTHER_QH_IN_SAME_HOUR_INVALID
2025-03-25T00:45:00Z,2025-03-25T02:45:00+02:00,2025-03-25T00:00:00Z,0.0,1.01562,1.01562,ALPHA_OUTSIDE_SIMPLEX,ALPHA_OUTSIDE_SIMPLEX
2025-03-25T01:00:00Z,2025-03-25T03:00:00+02:00,2025-03-25T01:00:00Z,0.0,0.30391999999999997,0.30391999999999997,OK,OTHER_QH_IN_SAME_HOUR_INVALID
2025-03-25T01:15:00Z,2025-03-25T03:15:00+02:00,2025-03-25T01:00:00Z,0.0,0.50018,0.50018,OK,OTHER_QH_IN_SAME_HOUR_INVALID
2025-03-25T01:30:00Z,2025-03-25T03:30:00+02:00,2025-03-25T01:00:00Z,0.0,1.02538,1.02538,ALPHA_OUTSIDE_SIMPLEX,ALPHA_OUTSIDE_SIMPLEX
2025-03-25T01:45:00Z,2025-03-25T03:45:00+02:00,2025-03-25T01:00:00Z,0.0,0.6803199999999999,0.6803199999999999,OK,OTHER_QH_IN_SAME_HOUR_INVALID
2025-03-25T06:00:00Z,2025-03-25T08:00:00+02:00,2025-03-25T06:00:00Z,0.0,0.32628,0.32628,OK,OTHER_QH_IN_SAME_HOUR_INVALID
2025-03-25T06:15:00Z,2025-03-25T08:15:00+02:00,2025-03-25T06:00:00Z,0.0,0.0525,0.0525,OK,OTHER_QH_IN_SAME_HOUR_INVALID
2025-03-25T06:30:00Z,2025-03-25T08:30:00+02:00,2025-03-25T06:00:00Z,0.0,0.7141200000000001,0.7141200000000001,OK,OTHER_QH_IN_SAME_HOUR_INVALID
2025-03-25T06:45:00Z,2025-03-25T08:45:00+02:00,2025-03-25T06:00:00Z,0.0,1.23862,1.23862,ALPHA_OUTSIDE_SIMPLEX,ALPHA_OUTSIDE_SIMPLEX
2025-03-26T05:00:00Z,2025-03-26T07:00:00+02:00,2025-03-26T05:00:00Z,0.0,1.113,1.113,ALPHA_OUTSIDE_SIMPLEX,ALPHA_OUTSIDE_SIMPLEX
2025-03-26T05:15:00Z,2025-03-26T07:15:00+02:00,2025-03-26T05:00:00Z,0.0,0.9375,0.9375,OK,OTHER_QH_IN_SAME_HOUR_INVALID
2025-03-26T05:30:00Z,2025-03-26T07:30:00+02:00,2025-03-26T05:00:00Z,0.0,0.40985999999999995,0.40985999999999995,OK,OTHER_QH_IN_SAME_HOUR_INVALID
2025-03-26T05:45:00Z,2025-03-26T07:45:00+02:00,2025-03-26T05:00:00Z,0.0,0.43707999999999997,0.43707999999999997,OK,OTHER_QH_IN_SAME_HOUR_INVALID
2025-03-28T13:00:00Z,2025-03-28T15:00:00+02:00,2025-03-28T13:00:00Z,0.0034799999999999996,0.0446,0.04808,OK,OTHER_QH_IN_SAME_HOUR_INVALID
2025-03-28T13:15:00Z,2025-03-28T15:15:00+02:00,2025-03-28T13:00:00Z,,,,ALPHA_UNCOMPUTABLE,ALPHA_UNCOMPUTABLE
2025-03-28T13:30:00Z,2025-03-28T15:30:00+02:00,2025-03-28T13:00:00Z,0.20344,0.0,0.20344,OK,OTHER_QH_IN_SAME_HOUR_INVALID
2025-03-28T13:45:00Z,2025-03-28T15:45:00+02:00,2025-03-28T13:00:00Z,0.19712,0.0,0.19712,OK,OTHER_QH_IN_SAME_HOUR_INVALID
2025-03-31T05:00:00Z,2025-03-31T08:00:00+03:00,2025-03-31T05:00:00Z,0.22640000000000002,0.0,0.22640000000000002,OK,OTHER_QH_IN_SAME_HOUR_INVALID
2025-03-31T05:15:00Z,2025-03-31T08:15:00+03:00,2025-03-31T05:00:00Z,0.39292,0.0,0.39292,OK,OTHER_QH_IN_SAME_HOUR_INVALID
2025-03-31T05:30:00Z,2025-03-31T08:30:00+03:00,2025-03-31T05:00:00Z,,,,ALPHA_UNCOMPUTABLE,ALPHA_UNCOMPUTABLE
2025-03-31T05:45:00Z,2025-03-31T08:45:00+03:00,2025-03-31T05:00:00Z,0.27688,0.0,0.27688,OK,OTHER_QH_IN_SAME_HOUR_INVALID
2025-03-31T15:00:00Z,2025-03-31T18:00:00+03:00,2025-03-31T15:00:00Z,0.0,1.0051999999999999,1.0051999999999999,ALPHA_OUTSIDE_SIMPLEX,ALPHA_OUTSIDE_SIMPLEX
2025-03-31T15:15:00Z,2025-03-31T18:15:00+03:00,2025-03-31T15:00:00Z,0.0,0.98738,0.98738,OK,OTHER_QH_IN_SAME_HOUR_INVALID
2025-03-31T15:30:00Z,2025-03-31T18:30:00+03:00,2025-03-31T15:00:00Z,0.00026,0.32206,0.32232,OK,OTHER_QH_IN_SAME_HOUR_INVALID
2025-03-31T15:45:00Z,2025-03-31T18:45:00+03:00,2025-03-31T15:00:00Z,0.0057799999999999995,0.01048,0.01626,OK,OTHER_QH_IN_SAME_HOUR_INVALID
2025-04-01T12:00:00Z,2025-04-01T15:00:00+03:00,2025-04-01T12:00:00Z,0.0,1.00348,1.00348,ALPHA_OUTSIDE_SIMPLEX,ALPHA_OUTSIDE_SIMPLEX
2025-04-01T12:15:00Z,2025-04-01T15:15:00+03:00,2025-04-01T12:00:00Z,0.0,0.99934,0.99934,OK,OTHER_QH_IN_SAME_HOUR_INVALID
2025-04-01T12:30:00Z,2025-04-01T15:30:00+03:00,2025-04-01T12:00:00Z,0.0,0.3947,0.3947,OK,OTHER_QH_IN_SAME_HOUR_INVALID
2025-04-01T12:45:00Z,2025-04-01T15:45:00+03:00,2025-04-01T12:00:00Z,0.0,0.31085999999999997,0.31085999999999997,OK,OTHER_QH_IN_SAME_HOUR_INVALID
2025-04-01T15:00:00Z,2025-04-01T18:00:00+03:00,2025-04-01T15:00:00Z,0.0,0.35479999999999995,0.35479999999999995,OK,OTHER_QH_IN_SAME_HOUR_INVALID
2025-04-01T15:15:00Z,2025-04-01T18:15:00+03:00,2025-04-01T15:00:00Z,0.060039999999999996,0.062439999999999996,0.12247999999999999,OK,OTHER_QH_IN_SAME_HOUR_INVALID
2025-04-01T15:30:00Z,2025-04-01T18:30:00+03:00,2025-04-01T15:00:00Z,0.22746,0.0,0.22746,OK,OTHER_QH_IN_SAME_HOUR_INVALID
2025-04-01T15:45:00Z,2025-04-01T18:45:00+03:00,2025-04-01T15:00:00Z,1.00898,0.0,1.00898,ALPHA_OUTSIDE_SIMPLEX,ALPHA_OUTSIDE_SIMPLEX
2025-04-01T19:00:00Z,2025-04-01T22:00:00+03:00,2025-04-01T19:00:00Z,0.02098,0.10076,0.12174,OK,OTHER_QH_IN_SAME_HOUR_INVALID
2025-04-01T19:15:00Z,2025-04-01T22:15:00+03:00,2025-04-01T19:00:00Z,0.0004,0.13066,0.13106,OK,OTHER_QH_IN_SAME_HOUR_INVALID
2025-04-01T19:30:00Z,2025-04-01T22:30:00+03:00,2025-04-01T19:00:00Z,0.0,0.71108,0.71108,OK,OTHER_QH_IN_SAME_HOUR_INVALID
2025-04-01T19:45:00Z,2025-04-01T22:45:00+03:00,2025-04-01T19:00:00Z,0.0,1.0170000000000001,1.0170000000000001,ALPHA_OUTSIDE_SIMPLEX,ALPHA_OUTSIDE_SIMPLEX
2025-04-02T06:00:00Z,2025-04-02T09:00:00+03:00,2025-04-02T06:00:00Z,1.04466,0.0,1.04466,ALPHA_OUTSIDE_SIMPLEX,ALPHA_OUTSIDE_SIMPLEX
2025-04-02T06:15:00Z,2025-04-02T09:15:00+03:00,2025-04-02T06:00:00Z,0.79616,0.0,0.79616,OK,OTHER_QH_IN_SAME_HOUR_INVALID
2025-04-02T06:30:00Z,2025-04-02T09:30:00+03:00,2025-04-02T06:00:00Z,0.15764,0.0,0.15764,OK,OTHER_QH_IN_SAME_HOUR_INVALID
2025-04-02T06:45:00Z,2025-04-02T09:45:00+03:00,2025-04-02T06:00:00Z,0.00406,0.08539999999999999,0.08945999999999998,OK,OTHER_QH_IN_SAME_HOUR_INVALID
2025-04-02T15:00:00Z,2025-04-02T18:00:00+03:00,2025-04-02T15:00:00Z,0.08195999999999999,0.0,0.08195999999999999,OK,OTHER_QH_IN_SAME_HOUR_INVALID
2025-04-02T15:15:00Z,2025-04-02T18:15:00+03:00,2025-04-02T15:00:00Z,0.28048,0.00192,0.2824,OK,OTHER_QH_IN_SAME_HOUR_INVALID
2025-04-02T15:30:00Z,2025-04-02T18:30:00+03:00,2025-04-02T15:00:00Z,0.75874,0.0,0.75874,OK,OTHER_QH_IN_SAME_HOUR_INVALID
2025-04-02T15:45:00Z,2025-04-02T18:45:00+03:00,2025-04-02T15:00:00Z,1.03218,0.0,1.03218,ALPHA_OUTSIDE_SIMPLEX,ALPHA_OUTSIDE_SIMPLEX
2025-04-02T16:00:00Z,2025-04-02T19:00:00+03:00,2025-04-02T16:00:00Z,0.07452,0.00042,0.07494,OK,OTHER_QH_IN_SAME_HOUR_INVALID
2025-04-02T16:15:00Z,2025-04-02T19:15:00+03:00,2025-04-02T16:00:00Z,0.31172,0.0,0.31172,OK,OTHER_QH_IN_SAME_HOUR_INVALID
2025-04-02T16:30:00Z,2025-04-02T19:30:00+03:00,2025-04-02T16:00:00Z,0.8779,0.0,0.8779,OK,OTHER_QH_IN_SAME_HOUR_INVALID
2025-04-02T16:45:00Z,2025-04-02T19:45:00+03:00,2025-04-02T16:00:00Z,1.0485,0.0,1.0485,ALPHA_OUTSIDE_SIMPLEX,ALPHA_OUTSIDE_SIMPLEX
2025-04-03T00:00:00Z,2025-04-03T03:00:00+03:00,2025-04-03T00:00:00Z,0.5895600000000001,0.0,0.5895600000000001,OK,OTHER_QH_IN_SAME_HOUR_INVALID
2025-04-03T00:15:00Z,2025-04-03T03:15:00+03:00,2025-04-03T00:00:00Z,0.84564,0.0,0.84564,OK,OTHER_QH_IN_SAME_HOUR_INVALID
2025-04-03T00:30:00Z,2025-04-03T03:30:00+03:00,2025-04-03T00:00:00Z,,,,ALPHA_UNCOMPUTABLE,ALPHA_UNCOMPUTABLE
2025-04-03T00:45:00Z,2025-04-03T03:45:00+03:00,2025-04-03T00:00:00Z,,,,ALPHA_UNCOMPUTABLE,ALPHA_UNCOMPUTABLE
2025-04-03T01:00:00Z,2025-04-03T04:00:00+03:00,2025-04-03T01:00:00Z,,,,ALPHA_UNCOMPUTABLE,ALPHA_UNCOMPUTABLE
2025-04-03T01:15:00Z,2025-04-03T04:15:00+03:00,2025-04-03T01:00:00Z,,,,ALPHA_UNCOMPUTABLE,ALPHA_UNCOMPUTABLE
2025-04-03T01:30:00Z,2025-04-03T04:30:00+03:00,2025-04-03T01:00:00Z,,,,ALPHA_UNCOMPUTABLE,ALPHA_UNCOMPUTABLE
2025-04-03T01:45:00Z,2025-04-03T04:45:00+03:00,2025-04-03T01:00:00Z,,,,ALPHA_UNCOMPUTABLE,ALPHA_UNCOMPUTABLE
2025-04-03T02:00:00Z,2025-04-03T05:00:00+03:00,2025-04-03T02:00:00Z,,,,ALPHA_UNCOMPUTABLE,ALPHA_UNCOMPUTABLE
2025-04-03T02:15:00Z,2025-04-03T05:15:00+03:00,2025-04-03T02:00:00Z,,,,ALPHA_UNCOMPUTABLE,ALPHA_UNCOMPUTABLE
2025-04-03T02:30:00Z,2025-04-03T05:30:00+03:00,2025-04-03T02:00:00Z,,,,ALPHA_UNCOMPUTABLE,ALPHA_UNCOMPUTABLE
2025-04-03T02:45:00Z,2025-04-03T05:45:00+03:00,2025-04-03T02:00:00Z,0.21486,8e-05,0.21494,OK,OTHER_QH_IN_SAME_HOUR_INVALID
2025-04-03T18:00:00Z,2025-04-03T21:00:00+03:00,2025-04-03T18:00:00Z,1.0633,0.0,1.0633,ALPHA_OUTSIDE_SIMPLEX,ALPHA_OUTSIDE_SIMPLEX
2025-04-03T18:15:00Z,2025-04-03T21:15:00+03:00,2025-04-03T18:00:00Z,0.91682,0.0,0.91682,OK,OTHER_QH_IN_SAME_HOUR_INVALID
2025-04-03T18:30:00Z,2025-04-03T21:30:00+03:00,2025-04-03T18:00:00Z,0.36840000000000006,0.0,0.36840000000000006,OK,OTHER_QH_IN_SAME_HOUR_INVALID
2025-04-03T18:45:00Z,2025-04-03T21:45:00+03:00,2025-04-03T18:00:00Z,0.013000000000000001,0.00244,0.01544,OK,OTHER_QH_IN_SAME_HOUR_INVALID
2025-04-04T10:00:00Z,2025-04-04T13:00:00+03:00,2025-04-04T10:00:00Z,0.0,1.03966,1.03966,ALPHA_OUTSIDE_SIMPLEX,ALPHA_OUTSIDE_SIMPLEX
2025-04-04T10:15:00Z,2025-04-04T13:15:00+03:00,2025-04-04T10:00:00Z,0.0,0.28836,0.28836,OK,OTHER_QH_IN_SAME_HOUR_INVALID
2025-04-04T10:30:00Z,2025-04-04T13:30:00+03:00,2025-04-04T10:00:00Z,0.0,0.44468,0.44468,OK,OTHER_QH_IN_SAME_HOUR_INVALID
2025-04-04T10:45:00Z,2025-04-04T13:45:00+03:00,2025-04-04T10:00:00Z,0.0,0.30542,0.30542,OK,OTHER_QH_IN_SAME_HOUR_INVALID
2025-04-05T10:00:00Z,2025-04-05T13:00:00+03:00,2025-04-05T10:00:00Z,0.0,0.5543399999999999,0.5543399999999999,OK,OTHER_QH_IN_SAME_HOUR_INVALID
2025-04-05T10:15:00Z,2025-04-05T13:15:00+03:00,2025-04-05T10:00:00Z,0.0,1.02928,1.02928,ALPHA_OUTSIDE_SIMPLEX,ALPHA_OUTSIDE_SIMPLEX
2025-04-05T10:30:00Z,2025-04-05T13:30:00+03:00,2025-04-05T10:00:00Z,0.0,1.01108,1.01108,ALPHA_OUTSIDE_SIMPLEX,ALPHA_OUTSIDE_SIMPLEX
2025-04-05T10:45:00Z,2025-04-05T13:45:00+03:00,2025-04-05T10:00:00Z,0.0,0.9503199999999999,0.9503199999999999,OK,OTHER_QH_IN_SAME_HOUR_INVALID
2025-04-05T11:00:00Z,2025-04-05T14:00:00+03:00,2025-04-05T11:00:00Z,0.0,1.04198,1.04198,ALPHA_OUTSIDE_SIMPLEX,ALPHA_OUTSIDE_SIMPLEX
2025-04-05T11:15:00Z,2025-04-05T14:15:00+03:00,2025-04-05T11:00:00Z,0.0,1.11082,1.11082,ALPHA_OUTSIDE_SIMPLEX,ALPHA_OUTSIDE_SIMPLEX
2025-04-05T11:30:00Z,2025-04-05T14:30:00+03:00,2025-04-05T11:00:00Z,0.0,1.1475,1.1475,ALPHA_OUTSIDE_SIMPLEX,ALPHA_OUTSIDE_SIMPLEX
2025-04-05T11:45:00Z,2025-04-05T14:45:00+03:00,2025-04-05T11:00:00Z,0.0,1.1475,1.1475,ALPHA_OUTSIDE_SIMPLEX,ALPHA_OUTSIDE_SIMPLEX
2025-04-06T07:00:00Z,2025-04-06T10:00:00+03:00,2025-04-06T07:00:00Z,0.18448,0.0079,0.19238,OK,OTHER_QH_IN_SAME_HOUR_INVALID
2025-04-06T07:15:00Z,2025-04-06T10:15:00+03:00,2025-04-06T07:00:00Z,1.0424200000000001,0.0,1.0424200000000001,ALPHA_OUTSIDE_SIMPLEX,ALPHA_OUTSIDE_SIMPLEX
2025-04-06T07:30:00Z,2025-04-06T10:30:00+03:00,2025-04-06T07:00:00Z,0.8578600000000001,0.0,0.8578600000000001,OK,OTHER_QH_IN_SAME_HOUR_INVALID
2025-04-06T07:45:00Z,2025-04-06T10:45:00+03:00,2025-04-06T07:00:00Z,0.48603999999999997,0.0,0.48603999999999997,OK,OTHER_QH_IN_SAME_HOUR_INVALID
2025-04-07T16:00:00Z,2025-04-07T19:00:00+03:00,2025-04-07T16:00:00Z,0.09226000000000001,0.0,0.09226000000000001,OK,OTHER_QH_IN_SAME_HOUR_INVALID
2025-04-07T16:15:00Z,2025-04-07T19:15:00+03:00,2025-04-07T16:00:00Z,0.29797999999999997,0.0014399999999999999,0.29941999999999996,OK,OTHER_QH_IN_SAME_HOUR_INVALID
2025-04-07T16:30:00Z,2025-04-07T19:30:00+03:00,2025-04-07T16:00:00Z,0.79008,0.0,0.79008,OK,OTHER_QH_IN_SAME_HOUR_INVALID
2025-04-07T16:45:00Z,2025-04-07T19:45:00+03:00,2025-04-07T16:00:00Z,1.10244,0.0,1.10244,ALPHA_OUTSIDE_SIMPLEX,ALPHA_OUTSIDE_SIMPLEX
2025-04-07T19:00:00Z,2025-04-07T22:00:00+03:00,2025-04-07T19:00:00Z,0.68172,0.0007599999999999999,0.68248,OK,OTHER_QH_IN_SAME_HOUR_INVALID
2025-04-07T19:15:00Z,2025-04-07T22:15:00+03:00,2025-04-07T19:00:00Z,0.06236,0.00262,0.06498,OK,OTHER_QH_IN_SAME_HOUR_INVALID
2025-04-07T19:30:00Z,2025-04-07T22:30:00+03:00,2025-04-07T19:00:00Z,0.00028000000000000003,0.2919,0.29218,OK,OTHER_QH_IN_SAME_HOUR_INVALID
2025-04-07T19:45:00Z,2025-04-07T22:45:00+03:00,2025-04-07T19:00:00Z,0.0,1.00428,1.00428,ALPHA_OUTSIDE_SIMPLEX,ALPHA_OUTSIDE_SIMPLEX
2025-04-07T22:00:00Z,2025-04-08T01:00:00+03:00,2025-04-07T22:00:00Z,0.17542000000000002,0.0,0.17542000000000002,OK,OTHER_QH_IN_SAME_HOUR_INVALID
2025-04-07T22:15:00Z,2025-04-08T01:15:00+03:00,2025-04-07T22:00:00Z,0.74222,0.0,0.74222,OK,OTHER_QH_IN_SAME_HOUR_INVALID
2025-04-07T22:30:00Z,2025-04-08T01:30:00+03:00,2025-04-07T22:00:00Z,1.02072,0.0,1.02072,ALPHA_OUTSIDE_SIMPLEX,ALPHA_OUTSIDE_SIMPLEX
2025-04-07T22:45:00Z,2025-04-08T01:45:00+03:00,2025-04-07T22:00:00Z,0.44508000000000003,0.0,0.44508000000000003,OK,OTHER_QH_IN_SAME_HOUR_INVALID
2025-04-08T21:00:00Z,2025-04-09T00:00:00+03:00,2025-04-08T21:00:00Z,0.18788,0.00628,0.19416,OK,OTHER_QH_IN_SAME_HOUR_INVALID
2025-04-08T21:15:00Z,2025-04-09T00:15:00+03:00,2025-04-08T21:00:00Z,0.00043999999999999996,0.01294,0.01338,OK,OTHER_QH_IN_SAME_HOUR_INVALID
2025-04-08T21:30:00Z,2025-04-09T00:30:00+03:00,2025-04-08T21:00:00Z,0.0,0.40408,0.40408,OK,OTHER_QH_IN_SAME_HOUR_INVALID
2025-04-08T21:45:00Z,2025-04-09T00:45:00+03:00,2025-04-08T21:00:00Z,0.0,1.04256,1.04256,ALPHA_OUTSIDE_SIMPLEX,ALPHA_OUTSIDE_SIMPLEX
2025-04-09T07:00:00Z,2025-04-09T10:00:00+03:00,2025-04-09T07:00:00Z,8e-05,0.1661,0.16618,OK,OTHER_QH_IN_SAME_HOUR_INVALID
2025-04-09T07:15:00Z,2025-04-09T10:15:00+03:00,2025-04-09T07:00:00Z,0.00035999999999999997,0.25922,0.25958000000000003,OK,OTHER_QH_IN_SAME_HOUR_INVALID
2025-04-09T07:30:00Z,2025-04-09T10:30:00+03:00,2025-04-09T07:00:00Z,0.0,0.40106,0.40106,OK,OTHER_QH_IN_SAME_HOUR_INVALID
2025-04-09T07:45:00Z,2025-04-09T10:45:00+03:00,2025-04-09T07:00:00Z,0.0,1.17016,1.17016,ALPHA_OUTSIDE_SIMPLEX,ALPHA_OUTSIDE_SIMPLEX
2025-04-09T15:00:00Z,2025-04-09T18:00:00+03:00,2025-04-09T15:00:00Z,0.0,0.92488,0.92488,OK,OTHER_QH_IN_SAME_HOUR_INVALID
2025-04-09T15:15:00Z,2025-04-09T18:15:00+03:00,2025-04-09T15:00:00Z,0.0,1.0255800000000002,1.0255800000000002,ALPHA_OUTSIDE_SIMPLEX,ALPHA_OUTSIDE_SIMPLEX
2025-04-09T15:30:00Z,2025-04-09T18:30:00+03:00,2025-04-09T15:00:00Z,0.00043999999999999996,0.43144,0.43188,OK,OTHER_QH_IN_SAME_HOUR_INVALID
2025-04-09T15:45:00Z,2025-04-09T18:45:00+03:00,2025-04-09T15:00:00Z,0.14332,0.00466,0.14798,OK,OTHER_QH_IN_SAME_HOUR_INVALID
2025-04-10T06:00:00Z,2025-04-10T09:00:00+03:00,2025-04-10T06:00:00Z,1.00208,0.0,1.00208,ALPHA_OUTSIDE_SIMPLEX,ALPHA_OUTSIDE_SIMPLEX
2025-04-10T06:15:00Z,2025-04-10T09:15:00+03:00,2025-04-10T06:00:00Z,0.62952,0.0,0.62952,OK,OTHER_QH_IN_SAME_HOUR_INVALID
2025-04-10T06:30:00Z,2025-04-10T09:30:00+03:00,2025-04-10T06:00:00Z,0.21704,2e-05,0.21706,OK,OTHER_QH_IN_SAME_HOUR_INVALID
2025-04-10T06:45:00Z,2025-04-10T09:45:00+03:00,2025-04-10T06:00:00Z,0.0034999999999999996,0.01894,0.022439999999999998,OK,OTHER_QH_IN_SAME_HOUR_INVALID
2025-04-11T04:00:00Z,2025-04-11T07:00:00+03:00,2025-04-11T04:00:00Z,0.21556,0.00016,0.21572,OK,OTHER_QH_IN_SAME_HOUR_INVALID
2025-04-11T04:15:00Z,2025-04-11T07:15:00+03:00,2025-04-11T04:00:00Z,0.72898,0.0,0.72898,OK,OTHER_QH_IN_SAME_HOUR_INVALID
2025-04-11T04:30:00Z,2025-04-11T07:30:00+03:00,2025-04-11T04:00:00Z,1.0256,0.0,1.0256,ALPHA_OUTSIDE_SIMPLEX,ALPHA_OUTSIDE_SIMPLEX
2025-04-11T04:45:00Z,2025-04-11T07:45:00+03:00,2025-04-11T04:00:00Z,0.36398,0.0,0.36398,OK,OTHER_QH_IN_SAME_HOUR_INVALID
2025-04-11T05:00:00Z,2025-04-11T08:00:00+03:00,2025-04-11T05:00:00Z,0.6992400000000001,0.0,0.6992400000000001,OK,OTHER_QH_IN_SAME_HOUR_INVALID
2025-04-11T05:15:00Z,2025-04-11T08:15:00+03:00,2025-04-11T05:00:00Z,1.107,0.0,1.107,ALPHA_OUTSIDE_SIMPLEX,ALPHA_OUTSIDE_SIMPLEX
2025-04-11T05:30:00Z,2025-04-11T08:30:00+03:00,2025-04-11T05:00:00Z,0.6745399999999999,8e-05,0.6746199999999999,OK,OTHER_QH_IN_SAME_HOUR_INVALID
2025-04-11T05:45:00Z,2025-04-11T08:45:00+03:00,2025-04-11T05:00:00Z,0.00037999999999999997,0.268,0.26838,OK,OTHER_QH_IN_SAME_HOUR_INVALID
2025-04-11T15:00:00Z,2025-04-11T18:00:00+03:00,2025-04-11T15:00:00Z,0.051660000000000005,0.21872,0.27038,OK,OTHER_QH_IN_SAME_HOUR_INVALID
2025-04-11T15:15:00Z,2025-04-11T18:15:00+03:00,2025-04-11T15:00:00Z,0.03946,0.02308,0.06254,OK,OTHER_QH_IN_SAME_HOUR_INVALID
2025-04-11T15:30:00Z,2025-04-11T18:30:00+03:00,2025-04-11T15:00:00Z,0.82548,0.0,0.82548,OK,OTHER_QH_IN_SAME_HOUR_INVALID
2025-04-11T15:45:00Z,2025-04-11T18:45:00+03:00,2025-04-11T15:00:00Z,1.0606,0.0,1.0606,ALPHA_OUTSIDE_SIMPLEX,ALPHA_OUTSIDE_SIMPLEX
2025-04-12T18:00:00Z,2025-04-12T21:00:00+03:00,2025-04-12T18:00:00Z,1.13634,0.0,1.13634,ALPHA_OUTSIDE_SIMPLEX,ALPHA_OUTSIDE_SIMPLEX
2025-04-12T18:15:00Z,2025-04-12T21:15:00+03:00,2025-04-12T18:00:00Z,0.66256,0.0,0.66256,OK,OTHER_QH_IN_SAME_HOUR_INVALID
2025-04-12T18:30:00Z,2025-04-12T21:30:00+03:00,2025-04-12T18:00:00Z,0.46716,0.0,0.46716,OK,OTHER_QH_IN_SAME_HOUR_INVALID
2025-04-12T18:45:00Z,2025-04-12T21:45:00+03:00,2025-04-12T18:00:00Z,0.32292000000000004,0.0,0.32292000000000004,OK,OTHER_QH_IN_SAME_HOUR_INVALID
2025-04-12T19:00:00Z,2025-04-12T22:00:00+03:00,2025-04-12T19:00:00Z,1.01024,0.0,1.01024,ALPHA_OUTSIDE_SIMPLEX,ALPHA_OUTSIDE_SIMPLEX
2025-04-12T19:15:00Z,2025-04-12T22:15:00+03:00,2025-04-12T19:00:00Z,0.1454,0.0001,0.1455,OK,OTHER_QH_IN_SAME_HOUR_INVALID
2025-04-12T19:30:00Z,2025-04-12T22:30:00+03:00,2025-04-12T19:00:00Z,0.021320000000000002,0.11948,0.1408,OK,OTHER_QH_IN_SAME_HOUR_INVALID
2025-04-12T19:45:00Z,2025-04-12T22:45:00+03:00,2025-04-12T19:00:00Z,0.0,0.5178,0.5178,OK,OTHER_QH_IN_SAME_HOUR_INVALID
2025-04-13T12:00:00Z,2025-04-13T15:00:00+03:00,2025-04-13T12:00:00Z,0.0,1.0163,1.0163,ALPHA_OUTSIDE_SIMPLEX,ALPHA_OUTSIDE_SIMPLEX
2025-04-13T12:15:00Z,2025-04-13T15:15:00+03:00,2025-04-13T12:00:00Z,0.0,0.95824,0.95824,OK,OTHER_QH_IN_SAME_HOUR_INVALID
2025-04-13T12:30:00Z,2025-04-13T15:30:00+03:00,2025-04-13T12:00:00Z,0.0,0.72344,0.72344,OK,OTHER_QH_IN_SAME_HOUR_INVALID
2025-04-13T12:45:00Z,2025-04-13T15:45:00+03:00,2025-04-13T12:00:00Z,0.0,0.55828,0.55828,OK,OTHER_QH_IN_SAME_HOUR_INVALID
2025-04-13T14:00:00Z,2025-04-13T17:00:00+03:00,2025-04-13T14:00:00Z,0.0,1.00346,1.00346,ALPHA_OUTSIDE_SIMPLEX,ALPHA_OUTSIDE_SIMPLEX
2025-04-13T14:15:00Z,2025-04-13T17:15:00+03:00,2025-04-13T14:00:00Z,0.0,0.52798,0.52798,OK,OTHER_QH_IN_SAME_HOUR_INVALID
2025-04-13T14:30:00Z,2025-04-13T17:30:00+03:00,2025-04-13T14:00:00Z,0.00308,0.015880000000000002,0.01896,OK,OTHER_QH_IN_SAME_HOUR_INVALID
2025-04-13T14:45:00Z,2025-04-13T17:45:00+03:00,2025-04-13T14:00:00Z,0.07946,0.0013800000000000002,0.08084000000000001,OK,OTHER_QH_IN_SAME_HOUR_INVALID
2025-04-16T07:00:00Z,2025-04-16T10:00:00+03:00,2025-04-16T07:00:00Z,0.09466,0.08282,0.17748,OK,OTHER_QH_IN_SAME_HOUR_INVALID
2025-04-16T07:15:00Z,2025-04-16T10:15:00+03:00,2025-04-16T07:00:00Z,0.12928,0.002,0.13128,OK,OTHER_QH_IN_SAME_HOUR_INVALID
2025-04-16T07:30:00Z,2025-04-16T10:30:00+03:00,2025-04-16T07:00:00Z,0.0,0.44531999999999994,0.44531999999999994,OK,OTHER_QH_IN_SAME_HOUR_INVALID
2025-04-16T07:45:00Z,2025-04-16T10:45:00+03:00,2025-04-16T07:00:00Z,0.0,1.09988,1.09988,ALPHA_OUTSIDE_SIMPLEX,ALPHA_OUTSIDE_SIMPLEX
2025-04-16T11:00:00Z,2025-04-16T14:00:00+03:00,2025-04-16T11:00:00Z,0.0,0.35798,0.35798,OK,OTHER_QH_IN_SAME_HOUR_INVALID
2025-04-16T11:15:00Z,2025-04-16T14:15:00+03:00,2025-04-16T11:00:00Z,0.0,0.5422399999999999,0.5422399999999999,OK,OTHER_QH_IN_SAME_HOUR_INVALID
2025-04-16T11:30:00Z,2025-04-16T14:30:00+03:00,2025-04-16T11:00:00Z,0.0,0.5366599999999999,0.5366599999999999,OK,OTHER_QH_IN_SAME_HOUR_INVALID
2025-04-16T11:45:00Z,2025-04-16T14:45:00+03:00,2025-04-16T11:00:00Z,0.0,1.07044,1.07044,ALPHA_OUTSIDE_SIMPLEX,ALPHA_OUTSIDE_SIMPLEX
2025-04-17T07:00:00Z,2025-04-17T10:00:00+03:00,2025-04-17T07:00:00Z,0.8183,0.0,0.8183,OK,OTHER_QH_IN_SAME_HOUR_INVALID
2025-04-17T07:15:00Z,2025-04-17T10:15:00+03:00,2025-04-17T07:00:00Z,0.054740000000000004,0.0395,0.09424,OK,OTHER_QH_IN_SAME_HOUR_INVALID
2025-04-17T07:30:00Z,2025-04-17T10:30:00+03:00,2025-04-17T07:00:00Z,0.0,0.6793,0.6793,OK,OTHER_QH_IN_SAME_HOUR_INVALID
2025-04-17T07:45:00Z,2025-04-17T10:45:00+03:00,2025-04-17T07:00:00Z,0.0,1.044,1.044,ALPHA_OUTSIDE_SIMPLEX,ALPHA_OUTSIDE_SIMPLEX
2025-04-17T12:00:00Z,2025-04-17T15:00:00+03:00,2025-04-17T12:00:00Z,0.0,1.0647799999999998,1.0647799999999998,ALPHA_OUTSIDE_SIMPLEX,ALPHA_OUTSIDE_SIMPLEX
2025-04-17T12:15:00Z,2025-04-17T15:15:00+03:00,2025-04-17T12:00:00Z,,,,ALPHA_UNCOMPUTABLE,ALPHA_UNCOMPUTABLE
2025-04-17T12:30:00Z,2025-04-17T15:30:00+03:00,2025-04-17T12:00:00Z,,,,ALPHA_UNCOMPUTABLE,ALPHA_UNCOMPUTABLE
2025-04-17T12:45:00Z,2025-04-17T15:45:00+03:00,2025-04-17T12:00:00Z,,,,ALPHA_UNCOMPUTABLE,ALPHA_UNCOMPUTABLE
2025-04-19T16:00:00Z,2025-04-19T19:00:00+03:00,2025-04-19T16:00:00Z,0.13998,0.00048,0.14046,OK,OTHER_QH_IN_SAME_HOUR_INVALID
2025-04-19T16:15:00Z,2025-04-19T19:15:00+03:00,2025-04-19T16:00:00Z,0.34824,0.0,0.34824,OK,OTHER_QH_IN_SAME_HOUR_INVALID
2025-04-19T16:30:00Z,2025-04-19T19:30:00+03:00,2025-04-19T16:00:00Z,0.79182,0.0,0.79182,OK,OTHER_QH_IN_SAME_HOUR_INVALID
2025-04-19T16:45:00Z,2025-04-19T19:45:00+03:00,2025-04-19T16:00:00Z,1.05226,0.0,1.05226,ALPHA_OUTSIDE_SIMPLEX,ALPHA_OUTSIDE_SIMPLEX
2025-04-19T17:00:00Z,2025-04-19T20:00:00+03:00,2025-04-19T17:00:00Z,0.28765128205128204,0.0,0.28765128205128204,OK,OTHER_QH_IN_SAME_HOUR_INVALID
2025-04-19T17:15:00Z,2025-04-19T20:15:00+03:00,2025-04-19T17:00:00Z,0.913476923076923,0.0,0.913476923076923,OK,OTHER_QH_IN_SAME_HOUR_INVALID
2025-04-19T17:30:00Z,2025-04-19T20:30:00+03:00,2025-04-19T17:00:00Z,1.093846153846154,0.0,1.093846153846154,ALPHA_OUTSIDE_SIMPLEX,ALPHA_OUTSIDE_SIMPLEX
2025-04-19T17:45:00Z,2025-04-19T20:45:00+03:00,2025-04-19T17:00:00Z,1.093846153846154,0.0,1.093846153846154,ALPHA_OUTSIDE_SIMPLEX,ALPHA_OUTSIDE_SIMPLEX
2025-04-19T18:00:00Z,2025-04-19T21:00:00+03:00,2025-04-19T18:00:00Z,1.0772727272727274,0.0,1.0772727272727274,ALPHA_OUTSIDE_SIMPLEX,ALPHA_OUTSIDE_SIMPLEX
2025-04-19T18:15:00Z,2025-04-19T21:15:00+03:00,2025-04-19T18:00:00Z,0.7685050505050505,0.0,0.7685050505050505,OK,OTHER_QH_IN_SAME_HOUR_INVALID
2025-04-19T18:30:00Z,2025-04-19T21:30:00+03:00,2025-04-19T18:00:00Z,0.10305050505050505,0.0,0.10305050505050505,OK,OTHER_QH_IN_SAME_HOUR_INVALID
2025-04-19T18:45:00Z,2025-04-19T21:45:00+03:00,2025-04-19T18:00:00Z,0.0013333333333333333,0.0028799999999999997,0.004213333333333333,OK,OTHER_QH_IN_SAME_HOUR_INVALID
2025-04-20T09:00:00Z,2025-04-20T12:00:00+03:00,2025-04-20T09:00:00Z,0.0,0.88928,0.88928,OK,OTHER_QH_IN_SAME_HOUR_INVALID
2025-04-20T09:15:00Z,2025-04-20T12:15:00+03:00,2025-04-20T09:00:00Z,0.0,1.0034999999999998,1.0034999999999998,ALPHA_OUTSIDE_SIMPLEX,ALPHA_OUTSIDE_SIMPLEX
2025-04-20T09:30:00Z,2025-04-20T12:30:00+03:00,2025-04-20T09:00:00Z,0.0,0.47054,0.47054,OK,OTHER_QH_IN_SAME_HOUR_INVALID
2025-04-20T09:45:00Z,2025-04-20T12:45:00+03:00,2025-04-20T09:00:00Z,0.0,0.79232,0.79232,OK,OTHER_QH_IN_SAME_HOUR_INVALID
2025-04-21T13:00:00Z,2025-04-21T16:00:00+03:00,2025-04-21T13:00:00Z,0.0,0.47082,0.47082,OK,OTHER_QH_IN_SAME_HOUR_INVALID
2025-04-21T13:15:00Z,2025-04-21T16:15:00+03:00,2025-04-21T13:00:00Z,0.0,1.0086199999999999,1.0086199999999999,ALPHA_OUTSIDE_SIMPLEX,ALPHA_OUTSIDE_SIMPLEX
2025-04-21T13:30:00Z,2025-04-21T16:30:00+03:00,2025-04-21T13:00:00Z,0.0,0.95664,0.95664,OK,OTHER_QH_IN_SAME_HOUR_INVALID
2025-04-21T13:45:00Z,2025-04-21T16:45:00+03:00,2025-04-21T13:00:00Z,0.043120000000000006,0.05778,0.1009,OK,OTHER_QH_IN_SAME_HOUR_INVALID
2025-04-21T22:00:00Z,2025-04-22T01:00:00+03:00,2025-04-21T22:00:00Z,0.0,1.02166,1.02166,ALPHA_OUTSIDE_SIMPLEX,ALPHA_OUTSIDE_SIMPLEX
2025-04-21T22:15:00Z,2025-04-22T01:15:00+03:00,2025-04-21T22:00:00Z,0.0,1.01586,1.01586,ALPHA_OUTSIDE_SIMPLEX,ALPHA_OUTSIDE_SIMPLEX
2025-04-21T22:30:00Z,2025-04-22T01:30:00+03:00,2025-04-21T22:00:00Z,0.0,0.99,0.99,OK,OTHER_QH_IN_SAME_HOUR_INVALID
2025-04-21T22:45:00Z,2025-04-22T01:45:00+03:00,2025-04-21T22:00:00Z,0.0,0.96746,0.96746,OK,OTHER_QH_IN_SAME_HOUR_INVALID
2025-04-22T16:00:00Z,2025-04-22T19:00:00+03:00,2025-04-22T16:00:00Z,0.0,1.10704,1.10704,ALPHA_OUTSIDE_SIMPLEX,ALPHA_OUTSIDE_SIMPLEX
2025-04-22T16:15:00Z,2025-04-22T19:15:00+03:00,2025-04-22T16:00:00Z,6e-05,0.34298,0.34304,OK,OTHER_QH_IN_SAME_HOUR_INVALID
2025-04-22T16:30:00Z,2025-04-22T19:30:00+03:00,2025-04-22T16:00:00Z,0.00868,0.00012,0.0088,OK,OTHER_QH_IN_SAME_HOUR_INVALID
2025-04-22T16:45:00Z,2025-04-22T19:45:00+03:00,2025-04-22T16:00:00Z,0.03742,0.00124,0.03866,OK,OTHER_QH_IN_SAME_HOUR_INVALID
2025-04-23T06:00:00Z,2025-04-23T09:00:00+03:00,2025-04-23T06:00:00Z,0.00376,0.0044,0.00816,OK,OTHER_QH_IN_SAME_HOUR_INVALID
2025-04-23T06:15:00Z,2025-04-23T09:15:00+03:00,2025-04-23T06:00:00Z,0.0005,0.09358000000000001,0.09408000000000001,OK,OTHER_QH_IN_SAME_HOUR_INVALID
2025-04-23T06:30:00Z,2025-04-23T09:30:00+03:00,2025-04-23T06:00:00Z,0.0,0.8579000000000001,0.8579000000000001,OK,OTHER_QH_IN_SAME_HOUR_INVALID
2025-04-23T06:45:00Z,2025-04-23T09:45:00+03:00,2025-04-23T06:00:00Z,0.0,1.0137399999999999,1.0137399999999999,ALPHA_OUTSIDE_SIMPLEX,ALPHA_OUTSIDE_SIMPLEX
2025-04-23T10:00:00Z,2025-04-23T13:00:00+03:00,2025-04-23T10:00:00Z,0.0,0.9058799999999999,0.9058799999999999,OK,OTHER_QH_IN_SAME_HOUR_INVALID
2025-04-23T10:15:00Z,2025-04-23T13:15:00+03:00,2025-04-23T10:00:00Z,0.0,0.9933,0.9933,OK,OTHER_QH_IN_SAME_HOUR_INVALID
2025-04-23T10:30:00Z,2025-04-23T13:30:00+03:00,2025-04-23T10:00:00Z,0.0,0.8773000000000001,0.8773000000000001,OK,OTHER_QH_IN_SAME_HOUR_INVALID
2025-04-23T10:45:00Z,2025-04-23T13:45:00+03:00,2025-04-23T10:00:00Z,0.0,1.0034999999999998,1.0034999999999998,ALPHA_OUTSIDE_SIMPLEX,ALPHA_OUTSIDE_SIMPLEX
2025-04-25T12:00:00Z,2025-04-25T15:00:00+03:00,2025-04-25T12:00:00Z,0.0,1.0788200000000001,1.0788200000000001,ALPHA_OUTSIDE_SIMPLEX,ALPHA_OUTSIDE_SIMPLEX
2025-04-25T12:15:00Z,2025-04-25T15:15:00+03:00,2025-04-25T12:00:00Z,0.0,0.41522,0.41522,OK,OTHER_QH_IN_SAME_HOUR_INVALID
2025-04-25T12:30:00Z,2025-04-25T15:30:00+03:00,2025-04-25T12:00:00Z,0.00368,0.10044,0.10412,OK,OTHER_QH_IN_SAME_HOUR_INVALID
2025-04-25T12:45:00Z,2025-04-25T15:45:00+03:00,2025-04-25T12:00:00Z,0.050179999999999995,0.07346,0.12364,OK,OTHER_QH_IN_SAME_HOUR_INVALID
2025-04-25T19:00:00Z,2025-04-25T22:00:00+03:00,2025-04-25T19:00:00Z,0.4288,0.0,0.4288,OK,OTHER_QH_IN_SAME_HOUR_INVALID
2025-04-25T19:15:00Z,2025-04-25T22:15:00+03:00,2025-04-25T19:00:00Z,0.04936,0.06178,0.11114,OK,OTHER_QH_IN_SAME_HOUR_INVALID
2025-04-25T19:30:00Z,2025-04-25T22:30:00+03:00,2025-04-25T19:00:00Z,0.0,0.54428,0.54428,OK,OTHER_QH_IN_SAME_HOUR_INVALID
2025-04-25T19:45:00Z,2025-04-25T22:45:00+03:00,2025-04-25T19:00:00Z,0.0,1.01094,1.01094,ALPHA_OUTSIDE_SIMPLEX,ALPHA_OUTSIDE_SIMPLEX
2025-04-27T14:00:00Z,2025-04-27T17:00:00+03:00,2025-04-27T14:00:00Z,0.0942,0.041299999999999996,0.1355,OK,OTHER_QH_IN_SAME_HOUR_INVALID
2025-04-27T14:15:00Z,2025-04-27T17:15:00+03:00,2025-04-27T14:00:00Z,0.18474000000000002,0.029300000000000003,0.21404,OK,OTHER_QH_IN_SAME_HOUR_INVALID
2025-04-27T14:30:00Z,2025-04-27T17:30:00+03:00,2025-04-27T14:00:00Z,0.46592,0.0,0.46592,OK,OTHER_QH_IN_SAME_HOUR_INVALID
2025-04-27T14:45:00Z,2025-04-27T17:45:00+03:00,2025-04-27T14:00:00Z,1.07328,0.0,1.07328,ALPHA_OUTSIDE_SIMPLEX,ALPHA_OUTSIDE_SIMPLEX
2025-04-28T07:00:00Z,2025-04-28T10:00:00+03:00,2025-04-28T07:00:00Z,0.0,0.18600000000000003,0.18600000000000003,OK,OTHER_QH_IN_SAME_HOUR_INVALID
2025-04-28T07:15:00Z,2025-04-28T10:15:00+03:00,2025-04-28T07:00:00Z,0.0,0.6307,0.6307,OK,OTHER_QH_IN_SAME_HOUR_INVALID
2025-04-28T07:30:00Z,2025-04-28T10:30:00+03:00,2025-04-28T07:00:00Z,0.0,0.96608,0.96608,OK,OTHER_QH_IN_SAME_HOUR_INVALID
2025-04-28T07:45:00Z,2025-04-28T10:45:00+03:00,2025-04-28T07:00:00Z,0.0,1.0316400000000001,1.0316400000000001,ALPHA_OUTSIDE_SIMPLEX,ALPHA_OUTSIDE_SIMPLEX
2025-04-28T12:00:00Z,2025-04-28T15:00:00+03:00,2025-04-28T12:00:00Z,0.0,0.30128,0.30128,OK,OTHER_QH_IN_SAME_HOUR_INVALID
2025-04-28T12:15:00Z,2025-04-28T15:15:00+03:00,2025-04-28T12:00:00Z,0.01238,0.2707,0.28308,OK,OTHER_QH_IN_SAME_HOUR_INVALID
2025-04-28T12:30:00Z,2025-04-28T15:30:00+03:00,2025-04-28T12:00:00Z,,,,ALPHA_UNCOMPUTABLE,ALPHA_UNCOMPUTABLE
2025-04-28T12:45:00Z,2025-04-28T15:45:00+03:00,2025-04-28T12:00:00Z,0.0,0.12805999999999998,0.12805999999999998,OK,OTHER_QH_IN_SAME_HOUR_INVALID
2025-04-29T14:00:00Z,2025-04-29T17:00:00+03:00,2025-04-29T14:00:00Z,0.0,0.71792,0.71792,OK,OTHER_QH_IN_SAME_HOUR_INVALID
2025-04-29T14:15:00Z,2025-04-29T17:15:00+03:00,2025-04-29T14:00:00Z,0.0,1.0170000000000001,1.0170000000000001,ALPHA_OUTSIDE_SIMPLEX,ALPHA_OUTSIDE_SIMPLEX
2025-04-29T14:30:00Z,2025-04-29T17:30:00+03:00,2025-04-29T14:00:00Z,0.00037999999999999997,0.5273599999999999,0.52774,OK,OTHER_QH_IN_SAME_HOUR_INVALID
2025-04-29T14:45:00Z,2025-04-29T17:45:00+03:00,2025-04-29T14:00:00Z,0.17898,0.0,0.17898,OK,OTHER_QH_IN_SAME_HOUR_INVALID
2025-04-29T16:00:00Z,2025-04-29T19:00:00+03:00,2025-04-29T16:00:00Z,0.00364,0.0054800000000000005,0.00912,OK,OTHER_QH_IN_SAME_HOUR_INVALID
2025-04-29T16:15:00Z,2025-04-29T19:15:00+03:00,2025-04-29T16:00:00Z,,,,ALPHA_UNCOMPUTABLE,ALPHA_UNCOMPUTABLE
2025-04-29T16:30:00Z,2025-04-29T19:30:00+03:00,2025-04-29T16:00:00Z,0.58288,0.0,0.58288,OK,OTHER_QH_IN_SAME_HOUR_INVALID
2025-04-29T16:45:00Z,2025-04-29T19:45:00+03:00,2025-04-29T16:00:00Z,0.3864,0.0,0.3864,OK,OTHER_QH_IN_SAME_HOUR_INVALID
2025-05-07T07:00:00Z,2025-05-07T10:00:00+03:00,2025-05-07T07:00:00Z,0.01818,0.13904,0.15722,OK,OTHER_QH_IN_SAME_HOUR_INVALID
2025-05-07T07:15:00Z,2025-05-07T10:15:00+03:00,2025-05-07T07:00:00Z,0.0,0.8292400000000001,0.8292400000000001,OK,OTHER_QH_IN_SAME_HOUR_INVALID
2025-05-07T07:30:00Z,2025-05-07T10:30:00+03:00,2025-05-07T07:00:00Z,0.0,0.9748,0.9748,OK,OTHER_QH_IN_SAME_HOUR_INVALID
2025-05-07T07:45:00Z,2025-05-07T10:45:00+03:00,2025-05-07T07:00:00Z,0.0,1.1840000000000002,1.1840000000000002,ALPHA_OUTSIDE_SIMPLEX,ALPHA_OUTSIDE_SIMPLEX
2025-05-07T08:00:00Z,2025-05-07T11:00:00+03:00,2025-05-07T08:00:00Z,0.0,1.2832599999999998,1.2832599999999998,ALPHA_OUTSIDE_SIMPLEX,ALPHA_OUTSIDE_SIMPLEX
2025-05-07T08:15:00Z,2025-05-07T11:15:00+03:00,2025-05-07T08:00:00Z,0.0,1.35814,1.35814,ALPHA_OUTSIDE_SIMPLEX,ALPHA_OUTSIDE_SIMPLEX
2025-05-07T08:30:00Z,2025-05-07T11:30:00+03:00,2025-05-07T08:00:00Z,0.00017999999999999998,0.24667999999999998,0.24686,OK,OTHER_QH_IN_SAME_HOUR_INVALID
2025-05-07T08:45:00Z,2025-05-07T11:45:00+03:00,2025-05-07T08:00:00Z,0.00612,0.00216,0.00828,OK,OTHER_QH_IN_SAME_HOUR_INVALID
2025-05-08T01:00:00Z,2025-05-08T04:00:00+03:00,2025-05-08T01:00:00Z,0.00017999999999999998,0.0392,0.03938,OK,OTHER_QH_IN_SAME_HOUR_INVALID
2025-05-08T01:15:00Z,2025-05-08T04:15:00+03:00,2025-05-08T01:00:00Z,0.01168,0.0011799999999999998,0.01286,OK,OTHER_QH_IN_SAME_HOUR_INVALID
2025-05-08T01:30:00Z,2025-05-08T04:30:00+03:00,2025-05-08T01:00:00Z,0.07634,0.05944,0.13578,OK,OTHER_QH_IN_SAME_HOUR_INVALID
2025-05-08T01:45:00Z,2025-05-08T04:45:00+03:00,2025-05-08T01:00:00Z,,,,ALPHA_UNCOMPUTABLE,ALPHA_UNCOMPUTABLE
2025-05-08T02:00:00Z,2025-05-08T05:00:00+03:00,2025-05-08T02:00:00Z,,,,ALPHA_UNCOMPUTABLE,ALPHA_UNCOMPUTABLE
2025-05-08T02:15:00Z,2025-05-08T05:15:00+03:00,2025-05-08T02:00:00Z,,,,ALPHA_UNCOMPUTABLE,ALPHA_UNCOMPUTABLE
2025-05-08T02:30:00Z,2025-05-08T05:30:00+03:00,2025-05-08T02:00:00Z,0.0,0.08715999999999999,0.08715999999999999,OK,OTHER_QH_IN_SAME_HOUR_INVALID
2025-05-08T02:45:00Z,2025-05-08T05:45:00+03:00,2025-05-08T02:00:00Z,0.00016,0.0663,0.06645999999999999,OK,OTHER_QH_IN_SAME_HOUR_INVALID
2025-05-09T02:00:00Z,2025-05-09T05:00:00+03:00,2025-05-09T02:00:00Z,0.0,0.8434,0.8434,OK,OTHER_QH_IN_SAME_HOUR_INVALID
2025-05-09T02:15:00Z,2025-05-09T05:15:00+03:00,2025-05-09T02:00:00Z,0.0,1.1213,1.1213,ALPHA_OUTSIDE_SIMPLEX,ALPHA_OUTSIDE_SIMPLEX
2025-05-09T02:30:00Z,2025-05-09T05:30:00+03:00,2025-05-09T02:00:00Z,0.0,0.6231,0.6231,OK,OTHER_QH_IN_SAME_HOUR_INVALID
2025-05-09T02:45:00Z,2025-05-09T05:45:00+03:00,2025-05-09T02:00:00Z,0.00026,0.23620000000000002,0.23646000000000003,OK,OTHER_QH_IN_SAME_HOUR_INVALID
2025-05-10T15:00:00Z,2025-05-10T18:00:00+03:00,2025-05-10T15:00:00Z,0.0,1.00528,1.00528,ALPHA_OUTSIDE_SIMPLEX,ALPHA_OUTSIDE_SIMPLEX
2025-05-10T15:15:00Z,2025-05-10T18:15:00+03:00,2025-05-10T15:00:00Z,0.0,1.107,1.107,ALPHA_OUTSIDE_SIMPLEX,ALPHA_OUTSIDE_SIMPLEX
2025-05-10T15:30:00Z,2025-05-10T18:30:00+03:00,2025-05-10T15:00:00Z,0.0,0.67694,0.67694,OK,OTHER_QH_IN_SAME_HOUR_INVALID
2025-05-10T15:45:00Z,2025-05-10T18:45:00+03:00,2025-05-10T15:00:00Z,0.52996,0.00026,0.53022,OK,OTHER_QH_IN_SAME_HOUR_INVALID
2025-05-10T17:00:00Z,2025-05-10T20:00:00+03:00,2025-05-10T17:00:00Z,0.06366,0.0,0.06366,OK,OTHER_QH_IN_SAME_HOUR_INVALID
2025-05-10T17:15:00Z,2025-05-10T20:15:00+03:00,2025-05-10T17:00:00Z,0.28704,6e-05,0.2871,OK,OTHER_QH_IN_SAME_HOUR_INVALID
2025-05-10T17:30:00Z,2025-05-10T20:30:00+03:00,2025-05-10T17:00:00Z,0.8014199999999999,0.0,0.8014199999999999,OK,OTHER_QH_IN_SAME_HOUR_INVALID
2025-05-10T17:45:00Z,2025-05-10T20:45:00+03:00,2025-05-10T17:00:00Z,1.0328,0.0,1.0328,ALPHA_OUTSIDE_SIMPLEX,ALPHA_OUTSIDE_SIMPLEX
2025-05-10T19:00:00Z,2025-05-10T22:00:00+03:00,2025-05-10T19:00:00Z,1.01888,0.0,1.01888,ALPHA_OUTSIDE_SIMPLEX,ALPHA_OUTSIDE_SIMPLEX
2025-05-10T19:15:00Z,2025-05-10T22:15:00+03:00,2025-05-10T19:00:00Z,0.52268,0.0,0.52268,OK,OTHER_QH_IN_SAME_HOUR_INVALID
2025-05-10T19:30:00Z,2025-05-10T22:30:00+03:00,2025-05-10T19:00:00Z,0.13486,0.0009,0.13576000000000002,OK,OTHER_QH_IN_SAME_HOUR_INVALID
2025-05-10T19:45:00Z,2025-05-10T22:45:00+03:00,2025-05-10T19:00:00Z,0.02212,0.00202,0.02414,OK,OTHER_QH_IN_SAME_HOUR_INVALID
2025-05-12T02:00:00Z,2025-05-12T05:00:00+03:00,2025-05-12T02:00:00Z,0.62832,0.0,0.62832,OK,OTHER_QH_IN_SAME_HOUR_INVALID
2025-05-12T02:15:00Z,2025-05-12T05:15:00+03:00,2025-05-12T02:00:00Z,0.9644199999999999,0.0,0.9644199999999999,OK,OTHER_QH_IN_SAME_HOUR_INVALID
2025-05-12T02:30:00Z,2025-05-12T05:30:00+03:00,2025-05-12T02:00:00Z,1.00878,0.0,1.00878,ALPHA_OUTSIDE_SIMPLEX,ALPHA_OUTSIDE_SIMPLEX
2025-05-12T02:45:00Z,2025-05-12T05:45:00+03:00,2025-05-12T02:00:00Z,0.96186,0.0,0.96186,OK,OTHER_QH_IN_SAME_HOUR_INVALID
2025-05-13T18:00:00Z,2025-05-13T21:00:00+03:00,2025-05-13T18:00:00Z,0.48450000000000004,0.0,0.48450000000000004,OK,OTHER_QH_IN_SAME_HOUR_INVALID
2025-05-13T18:15:00Z,2025-05-13T21:15:00+03:00,2025-05-13T18:00:00Z,1.1676,0.0,1.1676,ALPHA_OUTSIDE_SIMPLEX,ALPHA_OUTSIDE_SIMPLEX
2025-05-13T18:30:00Z,2025-05-13T21:30:00+03:00,2025-05-13T18:00:00Z,0.10812,0.0001,0.10822,OK,OTHER_QH_IN_SAME_HOUR_INVALID
2025-05-13T18:45:00Z,2025-05-13T21:45:00+03:00,2025-05-13T18:00:00Z,0.0014199999999999998,0.025779999999999997,0.0272,OK,OTHER_QH_IN_SAME_HOUR_INVALID
2025-05-14T14:00:00Z,2025-05-14T17:00:00+03:00,2025-05-14T14:00:00Z,0.0,1.04976,1.04976,ALPHA_OUTSIDE_SIMPLEX,ALPHA_OUTSIDE_SIMPLEX
2025-05-14T14:15:00Z,2025-05-14T17:15:00+03:00,2025-05-14T14:00:00Z,0.0,0.63628,0.63628,OK,OTHER_QH_IN_SAME_HOUR_INVALID
2025-05-14T14:30:00Z,2025-05-14T17:30:00+03:00,2025-05-14T14:00:00Z,0.0,0.44964,0.44964,OK,OTHER_QH_IN_SAME_HOUR_INVALID
2025-05-14T14:45:00Z,2025-05-14T17:45:00+03:00,2025-05-14T14:00:00Z,0.0,0.5472,0.5472,OK,OTHER_QH_IN_SAME_HOUR_INVALID
2025-05-14T17:00:00Z,2025-05-14T20:00:00+03:00,2025-05-14T17:00:00Z,0.0,1.06312,1.06312,ALPHA_OUTSIDE_SIMPLEX,ALPHA_OUTSIDE_SIMPLEX
2025-05-14T17:15:00Z,2025-05-14T20:15:00+03:00,2025-05-14T17:00:00Z,0.0,0.5362,0.5362,OK,OTHER_QH_IN_SAME_HOUR_INVALID
2025-05-14T17:30:00Z,2025-05-14T20:30:00+03:00,2025-05-14T17:00:00Z,0.0018,0.17006,0.17185999999999998,OK,OTHER_QH_IN_SAME_HOUR_INVALID
2025-05-14T17:45:00Z,2025-05-14T20:45:00+03:00,2025-05-14T17:00:00Z,0.49926000000000004,0.0,0.49926000000000004,OK,OTHER_QH_IN_SAME_HOUR_INVALID
2025-05-14T18:00:00Z,2025-05-14T21:00:00+03:00,2025-05-14T18:00:00Z,0.52612,0.0,0.52612,OK,OTHER_QH_IN_SAME_HOUR_INVALID
2025-05-14T18:15:00Z,2025-05-14T21:15:00+03:00,2025-05-14T18:00:00Z,0.81476,0.0,0.81476,OK,OTHER_QH_IN_SAME_HOUR_INVALID
2025-05-14T18:30:00Z,2025-05-14T21:30:00+03:00,2025-05-14T18:00:00Z,1.07042,0.0,1.07042,ALPHA_OUTSIDE_SIMPLEX,ALPHA_OUTSIDE_SIMPLEX
2025-05-14T18:45:00Z,2025-05-14T21:45:00+03:00,2025-05-14T18:00:00Z,0.45618000000000003,0.0218,0.47798,OK,OTHER_QH_IN_SAME_HOUR_INVALID
2025-05-14T19:00:00Z,2025-05-14T22:00:00+03:00,2025-05-14T19:00:00Z,0.07662,0.01024,0.08685999999999999,OK,OTHER_QH_IN_SAME_HOUR_INVALID
2025-05-14T19:15:00Z,2025-05-14T22:15:00+03:00,2025-05-14T19:00:00Z,0.00158,0.011479999999999999,0.013059999999999999,OK,OTHER_QH_IN_SAME_HOUR_INVALID
2025-05-14T19:30:00Z,2025-05-14T22:30:00+03:00,2025-05-14T19:00:00Z,0.0,0.24931999999999999,0.24931999999999999,OK,OTHER_QH_IN_SAME_HOUR_INVALID
2025-05-14T19:45:00Z,2025-05-14T22:45:00+03:00,2025-05-14T19:00:00Z,0.0,1.12452,1.12452,ALPHA_OUTSIDE_SIMPLEX,ALPHA_OUTSIDE_SIMPLEX
2025-05-16T08:00:00Z,2025-05-16T11:00:00+03:00,2025-05-16T08:00:00Z,0.3677,0.00122,0.36892,OK,OTHER_QH_IN_SAME_HOUR_INVALID
2025-05-16T08:15:00Z,2025-05-16T11:15:00+03:00,2025-05-16T08:00:00Z,0.17149999999999999,0.0,0.17149999999999999,OK,OTHER_QH_IN_SAME_HOUR_INVALID
2025-05-16T08:30:00Z,2025-05-16T11:30:00+03:00,2025-05-16T08:00:00Z,1.06086,0.0,1.06086,ALPHA_OUTSIDE_SIMPLEX,ALPHA_OUTSIDE_SIMPLEX
2025-05-16T08:45:00Z,2025-05-16T11:45:00+03:00,2025-05-16T08:00:00Z,0.49068,0.0,0.49068,OK,OTHER_QH_IN_SAME_HOUR_INVALID
2025-05-16T11:00:00Z,2025-05-16T14:00:00+03:00,2025-05-16T11:00:00Z,0.63294,0.0,0.63294,OK,OTHER_QH_IN_SAME_HOUR_INVALID
2025-05-16T11:15:00Z,2025-05-16T14:15:00+03:00,2025-05-16T11:00:00Z,1.06312,0.0,1.06312,ALPHA_OUTSIDE_SIMPLEX,ALPHA_OUTSIDE_SIMPLEX
2025-05-16T11:30:00Z,2025-05-16T14:30:00+03:00,2025-05-16T11:00:00Z,0.9918399999999999,0.0,0.9918399999999999,OK,OTHER_QH_IN_SAME_HOUR_INVALID
2025-05-16T11:45:00Z,2025-05-16T14:45:00+03:00,2025-05-16T11:00:00Z,0.8934399999999999,0.0,0.8934399999999999,OK,OTHER_QH_IN_SAME_HOUR_INVALID
2025-05-16T12:00:00Z,2025-05-16T15:00:00+03:00,2025-05-16T12:00:00Z,0.58542,0.0,0.58542,OK,OTHER_QH_IN_SAME_HOUR_INVALID
2025-05-16T12:15:00Z,2025-05-16T15:15:00+03:00,2025-05-16T12:00:00Z,1.15994,0.0,1.15994,ALPHA_OUTSIDE_SIMPLEX,ALPHA_OUTSIDE_SIMPLEX
2025-05-16T12:30:00Z,2025-05-16T15:30:00+03:00,2025-05-16T12:00:00Z,1.272,0.0,1.272,ALPHA_OUTSIDE_SIMPLEX,ALPHA_OUTSIDE_SIMPLEX
2025-05-16T12:45:00Z,2025-05-16T15:45:00+03:00,2025-05-16T12:00:00Z,1.23508,0.0,1.23508,ALPHA_OUTSIDE_SIMPLEX,ALPHA_OUTSIDE_SIMPLEX
2025-05-16T13:00:00Z,2025-05-16T16:00:00+03:00,2025-05-16T13:00:00Z,0.74194,0.0,0.74194,OK,OTHER_QH_IN_SAME_HOUR_INVALID
2025-05-16T13:15:00Z,2025-05-16T16:15:00+03:00,2025-05-16T13:00:00Z,1.2765,0.0,1.2765,ALPHA_OUTSIDE_SIMPLEX,ALPHA_OUTSIDE_SIMPLEX
2025-05-16T13:30:00Z,2025-05-16T16:30:00+03:00,2025-05-16T13:00:00Z,1.3633600000000001,0.0,1.3633600000000001,ALPHA_OUTSIDE_SIMPLEX,ALPHA_OUTSIDE_SIMPLEX
2025-05-16T13:45:00Z,2025-05-16T16:45:00+03:00,2025-05-16T13:00:00Z,1.5162799999999999,0.0,1.5162799999999999,ALPHA_OUTSIDE_SIMPLEX,ALPHA_OUTSIDE_SIMPLEX
2025-05-17T08:00:00Z,2025-05-17T11:00:00+03:00,2025-05-17T08:00:00Z,0.7922199999999999,0.0003,0.7925199999999999,OK,OTHER_QH_IN_SAME_HOUR_INVALID
2025-05-17T08:15:00Z,2025-05-17T11:15:00+03:00,2025-05-17T08:00:00Z,1.0064199999999999,0.0,1.0064199999999999,ALPHA_OUTSIDE_SIMPLEX,ALPHA_OUTSIDE_SIMPLEX
2025-05-17T08:30:00Z,2025-05-17T11:30:00+03:00,2025-05-17T08:00:00Z,1.00492,0.0,1.00492,ALPHA_OUTSIDE_SIMPLEX,ALPHA_OUTSIDE_SIMPLEX
2025-05-17T08:45:00Z,2025-05-17T11:45:00+03:00,2025-05-17T08:00:00Z,1.0125,0.0,1.0125,ALPHA_OUTSIDE_SIMPLEX,ALPHA_OUTSIDE_SIMPLEX
2025-05-17T09:00:00Z,2025-05-17T12:00:00+03:00,2025-05-17T09:00:00Z,1.02244,0.0,1.02244,ALPHA_OUTSIDE_SIMPLEX,ALPHA_OUTSIDE_SIMPLEX
2025-05-17T09:15:00Z,2025-05-17T12:15:00+03:00,2025-05-17T09:00:00Z,1.0115,0.0,1.0115,ALPHA_OUTSIDE_SIMPLEX,ALPHA_OUTSIDE_SIMPLEX
2025-05-17T09:30:00Z,2025-05-17T12:30:00+03:00,2025-05-17T09:00:00Z,0.13016,0.00043999999999999996,0.1306,OK,OTHER_QH_IN_SAME_HOUR_INVALID
2025-05-17T09:45:00Z,2025-05-17T12:45:00+03:00,2025-05-17T09:00:00Z,0.0027600000000000003,0.00644,0.0092,OK,OTHER_QH_IN_SAME_HOUR_INVALID
2025-05-17T16:00:00Z,2025-05-17T19:00:00+03:00,2025-05-17T16:00:00Z,0.06138,0.1157,0.17708,OK,OTHER_QH_IN_SAME_HOUR_INVALID
2025-05-17T16:15:00Z,2025-05-17T19:15:00+03:00,2025-05-17T16:00:00Z,0.00178,0.11158,0.11336,OK,OTHER_QH_IN_SAME_HOUR_INVALID
2025-05-17T16:30:00Z,2025-05-17T19:30:00+03:00,2025-05-17T16:00:00Z,0.8252200000000001,0.0,0.8252200000000001,OK,OTHER_QH_IN_SAME_HOUR_INVALID
2025-05-17T16:45:00Z,2025-05-17T19:45:00+03:00,2025-05-17T16:00:00Z,1.00766,0.0,1.00766,ALPHA_OUTSIDE_SIMPLEX,ALPHA_OUTSIDE_SIMPLEX
2025-05-17T20:00:00Z,2025-05-17T23:00:00+03:00,2025-05-17T20:00:00Z,0.9329000000000001,0.0,0.9329000000000001,OK,OTHER_QH_IN_SAME_HOUR_INVALID
2025-05-17T20:15:00Z,2025-05-17T23:15:00+03:00,2025-05-17T20:00:00Z,1.0125,0.0,1.0125,ALPHA_OUTSIDE_SIMPLEX,ALPHA_OUTSIDE_SIMPLEX
2025-05-17T20:30:00Z,2025-05-17T23:30:00+03:00,2025-05-17T20:00:00Z,0.99454,0.0,0.99454,OK,OTHER_QH_IN_SAME_HOUR_INVALID
2025-05-17T20:45:00Z,2025-05-17T23:45:00+03:00,2025-05-17T20:00:00Z,0.981,0.0,0.981,OK,OTHER_QH_IN_SAME_HOUR_INVALID
2025-05-18T20:00:00Z,2025-05-18T23:00:00+03:00,2025-05-18T20:00:00Z,0.41842,0.00454,0.42296,OK,OTHER_QH_IN_SAME_HOUR_INVALID
2025-05-18T20:15:00Z,2025-05-18T23:15:00+03:00,2025-05-18T20:00:00Z,0.78046,0.0,0.78046,OK,OTHER_QH_IN_SAME_HOUR_INVALID
2025-05-18T20:30:00Z,2025-05-18T23:30:00+03:00,2025-05-18T20:00:00Z,0.89128,0.0,0.89128,OK,OTHER_QH_IN_SAME_HOUR_INVALID
2025-05-18T20:45:00Z,2025-05-18T23:45:00+03:00,2025-05-18T20:00:00Z,1.0125,0.0,1.0125,ALPHA_OUTSIDE_SIMPLEX,ALPHA_OUTSIDE_SIMPLEX
2025-05-18T21:00:00Z,2025-05-19T00:00:00+03:00,2025-05-18T21:00:00Z,1.0222,0.0,1.0222,ALPHA_OUTSIDE_SIMPLEX,ALPHA_OUTSIDE_SIMPLEX
2025-05-18T21:15:00Z,2025-05-19T00:15:00+03:00,2025-05-18T21:00:00Z,0.68262,0.0,0.68262,OK,OTHER_QH_IN_SAME_HOUR_INVALID
2025-05-18T21:30:00Z,2025-05-19T00:30:00+03:00,2025-05-18T21:00:00Z,0.47508,0.0,0.47508,OK,OTHER_QH_IN_SAME_HOUR_INVALID
2025-05-18T21:45:00Z,2025-05-19T00:45:00+03:00,2025-05-18T21:00:00Z,0.26478,0.0025800000000000003,0.26736000000000004,OK,OTHER_QH_IN_SAME_HOUR_INVALID
2025-05-19T08:00:00Z,2025-05-19T11:00:00+03:00,2025-05-19T08:00:00Z,0.51478,8e-05,0.51486,OK,OTHER_QH_IN_SAME_HOUR_INVALID
2025-05-19T08:15:00Z,2025-05-19T11:15:00+03:00,2025-05-19T08:00:00Z,0.10658,0.00338,0.10995999999999999,OK,OTHER_QH_IN_SAME_HOUR_INVALID
2025-05-19T08:30:00Z,2025-05-19T11:30:00+03:00,2025-05-19T08:00:00Z,0.0,0.42729999999999996,0.42729999999999996,OK,OTHER_QH_IN_SAME_HOUR_INVALID
2025-05-19T08:45:00Z,2025-05-19T11:45:00+03:00,2025-05-19T08:00:00Z,0.0,1.00728,1.00728,ALPHA_OUTSIDE_SIMPLEX,ALPHA_OUTSIDE_SIMPLEX
2025-05-19T09:00:00Z,2025-05-19T12:00:00+03:00,2025-05-19T09:00:00Z,0.0,1.0218800000000001,1.0218800000000001,ALPHA_OUTSIDE_SIMPLEX,ALPHA_OUTSIDE_SIMPLEX
2025-05-19T09:15:00Z,2025-05-19T12:15:00+03:00,2025-05-19T09:00:00Z,0.0,1.0215,1.0215,ALPHA_OUTSIDE_SIMPLEX,ALPHA_OUTSIDE_SIMPLEX
2025-05-19T09:30:00Z,2025-05-19T12:30:00+03:00,2025-05-19T09:00:00Z,0.0,0.5025200000000001,0.5025200000000001,OK,OTHER_QH_IN_SAME_HOUR_INVALID
2025-05-19T09:45:00Z,2025-05-19T12:45:00+03:00,2025-05-19T09:00:00Z,0.0,0.91054,0.91054,OK,OTHER_QH_IN_SAME_HOUR_INVALID
2025-05-20T17:00:00Z,2025-05-20T20:00:00+03:00,2025-05-20T17:00:00Z,0.13072,0.0010199999999999999,0.13174,OK,OTHER_QH_IN_SAME_HOUR_INVALID
2025-05-20T17:15:00Z,2025-05-20T20:15:00+03:00,2025-05-20T17:00:00Z,0.49232,0.0,0.49232,OK,OTHER_QH_IN_SAME_HOUR_INVALID
2025-05-20T17:30:00Z,2025-05-20T20:30:00+03:00,2025-05-20T17:00:00Z,0.6501,0.0,0.6501,OK,OTHER_QH_IN_SAME_HOUR_INVALID
2025-05-20T17:45:00Z,2025-05-20T20:45:00+03:00,2025-05-20T17:00:00Z,1.0125,0.0,1.0125,ALPHA_OUTSIDE_SIMPLEX,ALPHA_OUTSIDE_SIMPLEX
2025-05-21T06:00:00Z,2025-05-21T09:00:00+03:00,2025-05-21T06:00:00Z,0.0,0.34326,0.34326,OK,OTHER_QH_IN_SAME_HOUR_INVALID
2025-05-21T06:15:00Z,2025-05-21T09:15:00+03:00,2025-05-21T06:00:00Z,0.0,0.62758,0.62758,OK,OTHER_QH_IN_SAME_HOUR_INVALID
2025-05-21T06:30:00Z,2025-05-21T09:30:00+03:00,2025-05-21T06:00:00Z,0.0,0.5647800000000001,0.5647800000000001,OK,OTHER_QH_IN_SAME_HOUR_INVALID
2025-05-21T06:45:00Z,2025-05-21T09:45:00+03:00,2025-05-21T06:00:00Z,0.0,1.1120999999999999,1.1120999999999999,ALPHA_OUTSIDE_SIMPLEX,ALPHA_OUTSIDE_SIMPLEX
2025-05-22T04:00:00Z,2025-05-22T07:00:00+03:00,2025-05-22T04:00:00Z,0.18108000000000002,0.00016,0.18124,OK,OTHER_QH_IN_SAME_HOUR_INVALID
2025-05-22T04:15:00Z,2025-05-22T07:15:00+03:00,2025-05-22T04:00:00Z,0.331,0.0,0.331,OK,OTHER_QH_IN_SAME_HOUR_INVALID
2025-05-22T04:30:00Z,2025-05-22T07:30:00+03:00,2025-05-22T04:00:00Z,0.89202,0.0,0.89202,OK,OTHER_QH_IN_SAME_HOUR_INVALID
2025-05-22T04:45:00Z,2025-05-22T07:45:00+03:00,2025-05-22T04:00:00Z,1.02162,0.0,1.02162,ALPHA_OUTSIDE_SIMPLEX,ALPHA_OUTSIDE_SIMPLEX
2025-05-22T14:00:00Z,2025-05-22T17:00:00+03:00,2025-05-22T14:00:00Z,0.80278,0.0,0.80278,OK,OTHER_QH_IN_SAME_HOUR_INVALID
2025-05-22T14:15:00Z,2025-05-22T17:15:00+03:00,2025-05-22T14:00:00Z,1.0641800000000001,0.0,1.0641800000000001,ALPHA_OUTSIDE_SIMPLEX,ALPHA_OUTSIDE_SIMPLEX
2025-05-22T14:30:00Z,2025-05-22T17:30:00+03:00,2025-05-22T14:00:00Z,0.9030400000000001,0.0,0.9030400000000001,OK,OTHER_QH_IN_SAME_HOUR_INVALID
2025-05-22T14:45:00Z,2025-05-22T17:45:00+03:00,2025-05-22T14:00:00Z,0.39640000000000003,0.0,0.39640000000000003,OK,OTHER_QH_IN_SAME_HOUR_INVALID
2025-05-22T16:00:00Z,2025-05-22T19:00:00+03:00,2025-05-22T16:00:00Z,0.015880000000000002,0.61582,0.6317,OK,OTHER_QH_IN_SAME_HOUR_INVALID
2025-05-22T16:15:00Z,2025-05-22T19:15:00+03:00,2025-05-22T16:00:00Z,0.00092,0.19172,0.19264,OK,OTHER_QH_IN_SAME_HOUR_INVALID
2025-05-22T16:30:00Z,2025-05-22T19:30:00+03:00,2025-05-22T16:00:00Z,0.4131,2e-05,0.41312000000000004,OK,OTHER_QH_IN_SAME_HOUR_INVALID
2025-05-22T16:45:00Z,2025-05-22T19:45:00+03:00,2025-05-22T16:00:00Z,1.026,0.0,1.026,ALPHA_OUTSIDE_SIMPLEX,ALPHA_OUTSIDE_SIMPLEX
2025-05-22T17:00:00Z,2025-05-22T20:00:00+03:00,2025-05-22T17:00:00Z,0.94516,0.0,0.94516,OK,OTHER_QH_IN_SAME_HOUR_INVALID
2025-05-22T17:15:00Z,2025-05-22T20:15:00+03:00,2025-05-22T17:00:00Z,0.8931399999999999,0.0,0.8931399999999999,OK,OTHER_QH_IN_SAME_HOUR_INVALID
2025-05-22T17:30:00Z,2025-05-22T20:30:00+03:00,2025-05-22T17:00:00Z,1.0125,0.0,1.0125,ALPHA_OUTSIDE_SIMPLEX,ALPHA_OUTSIDE_SIMPLEX
2025-05-22T17:45:00Z,2025-05-22T20:45:00+03:00,2025-05-22T17:00:00Z,0.98226,0.0,0.98226,OK,OTHER_QH_IN_SAME_HOUR_INVALID
2025-05-24T12:00:00Z,2025-05-24T15:00:00+03:00,2025-05-24T12:00:00Z,0.5214,0.0,0.5214,OK,OTHER_QH_IN_SAME_HOUR_INVALID
2025-05-24T12:15:00Z,2025-05-24T15:15:00+03:00,2025-05-24T12:00:00Z,0.75202,0.0,0.75202,OK,OTHER_QH_IN_SAME_HOUR_INVALID
2025-05-24T12:30:00Z,2025-05-24T15:30:00+03:00,2025-05-24T12:00:00Z,1.04154,0.0,1.04154,ALPHA_OUTSIDE_SIMPLEX,ALPHA_OUTSIDE_SIMPLEX
2025-05-24T12:45:00Z,2025-05-24T15:45:00+03:00,2025-05-24T12:00:00Z,1.1025,0.0,1.1025,ALPHA_OUTSIDE_SIMPLEX,ALPHA_OUTSIDE_SIMPLEX
2025-05-25T06:00:00Z,2025-05-25T09:00:00+03:00,2025-05-25T06:00:00Z,0.0,0.02698,0.02698,OK,OTHER_QH_IN_SAME_HOUR_INVALID
2025-05-25T06:15:00Z,2025-05-25T09:15:00+03:00,2025-05-25T06:00:00Z,0.0,0.25084,0.25084,OK,OTHER_QH_IN_SAME_HOUR_INVALID
2025-05-25T06:30:00Z,2025-05-25T09:30:00+03:00,2025-05-25T06:00:00Z,0.0,0.68608,0.68608,OK,OTHER_QH_IN_SAME_HOUR_INVALID
2025-05-25T06:45:00Z,2025-05-25T09:45:00+03:00,2025-05-25T06:00:00Z,0.0,1.0575400000000001,1.0575400000000001,ALPHA_OUTSIDE_SIMPLEX,ALPHA_OUTSIDE_SIMPLEX
2025-05-25T12:00:00Z,2025-05-25T15:00:00+03:00,2025-05-25T12:00:00Z,0.53046,0.0,0.53046,OK,OTHER_QH_IN_SAME_HOUR_INVALID
2025-05-25T12:15:00Z,2025-05-25T15:15:00+03:00,2025-05-25T12:00:00Z,0.79008,0.0,0.79008,OK,OTHER_QH_IN_SAME_HOUR_INVALID
2025-05-25T12:30:00Z,2025-05-25T15:30:00+03:00,2025-05-25T12:00:00Z,1.0278,0.0,1.0278,ALPHA_OUTSIDE_SIMPLEX,ALPHA_OUTSIDE_SIMPLEX
2025-05-25T12:45:00Z,2025-05-25T15:45:00+03:00,2025-05-25T12:00:00Z,1.04832,0.0,1.04832,ALPHA_OUTSIDE_SIMPLEX,ALPHA_OUTSIDE_SIMPLEX
2025-05-26T18:00:00Z,2025-05-26T21:00:00+03:00,2025-05-26T18:00:00Z,0.37601999999999997,0.0,0.37601999999999997,OK,OTHER_QH_IN_SAME_HOUR_INVALID
2025-05-26T18:15:00Z,2025-05-26T21:15:00+03:00,2025-05-26T18:00:00Z,1.06016,0.0,1.06016,ALPHA_OUTSIDE_SIMPLEX,ALPHA_OUTSIDE_SIMPLEX
2025-05-26T18:30:00Z,2025-05-26T21:30:00+03:00,2025-05-26T18:00:00Z,1.09704,0.0,1.09704,ALPHA_OUTSIDE_SIMPLEX,ALPHA_OUTSIDE_SIMPLEX
2025-05-26T18:45:00Z,2025-05-26T21:45:00+03:00,2025-05-26T18:00:00Z,0.83928,0.0,0.83928,OK,OTHER_QH_IN_SAME_HOUR_INVALID
2025-05-26T19:00:00Z,2025-05-26T22:00:00+03:00,2025-05-26T19:00:00Z,1.0684,0.0,1.0684,ALPHA_OUTSIDE_SIMPLEX,ALPHA_OUTSIDE_SIMPLEX
2025-05-26T19:15:00Z,2025-05-26T22:15:00+03:00,2025-05-26T19:00:00Z,0.22641999999999998,0.0,0.22641999999999998,OK,OTHER_QH_IN_SAME_HOUR_INVALID
2025-05-26T19:30:00Z,2025-05-26T22:30:00+03:00,2025-05-26T19:00:00Z,0.00146,0.00602,0.0074800000000000005,OK,OTHER_QH_IN_SAME_HOUR_INVALID
2025-05-26T19:45:00Z,2025-05-26T22:45:00+03:00,2025-05-26T19:00:00Z,0.00016,0.04232,0.042480000000000004,OK,OTHER_QH_IN_SAME_HOUR_INVALID
2025-05-27T08:00:00Z,2025-05-27T11:00:00+03:00,2025-05-27T08:00:00Z,0.0,0.4437,0.4437,OK,OTHER_QH_IN_SAME_HOUR_INVALID
2025-05-27T08:15:00Z,2025-05-27T11:15:00+03:00,2025-05-27T08:00:00Z,0.0,0.7314799999999999,0.7314799999999999,OK,OTHER_QH_IN_SAME_HOUR_INVALID
2025-05-27T08:30:00Z,2025-05-27T11:30:00+03:00,2025-05-27T08:00:00Z,0.0,1.01676,1.01676,ALPHA_OUTSIDE_SIMPLEX,ALPHA_OUTSIDE_SIMPLEX
2025-05-27T08:45:00Z,2025-05-27T11:45:00+03:00,2025-05-27T08:00:00Z,0.0,0.72938,0.72938,OK,OTHER_QH_IN_SAME_HOUR_INVALID
2025-05-27T18:00:00Z,2025-05-27T21:00:00+03:00,2025-05-27T18:00:00Z,0.42138,0.0,0.42138,OK,OTHER_QH_IN_SAME_HOUR_INVALID
2025-05-27T18:15:00Z,2025-05-27T21:15:00+03:00,2025-05-27T18:00:00Z,0.97178,0.0,0.97178,OK,OTHER_QH_IN_SAME_HOUR_INVALID
2025-05-27T18:30:00Z,2025-05-27T21:30:00+03:00,2025-05-27T18:00:00Z,1.0125,0.0,1.0125,ALPHA_OUTSIDE_SIMPLEX,ALPHA_OUTSIDE_SIMPLEX
2025-05-27T18:45:00Z,2025-05-27T21:45:00+03:00,2025-05-27T18:00:00Z,0.74554,0.0,0.74554,OK,OTHER_QH_IN_SAME_HOUR_INVALID
2025-05-27T19:00:00Z,2025-05-27T22:00:00+03:00,2025-05-27T19:00:00Z,0.69194,0.0,0.69194,OK,OTHER_QH_IN_SAME_HOUR_INVALID
2025-05-27T19:15:00Z,2025-05-27T22:15:00+03:00,2025-05-27T19:00:00Z,0.92684,0.0,0.92684,OK,OTHER_QH_IN_SAME_HOUR_INVALID
2025-05-27T19:30:00Z,2025-05-27T22:30:00+03:00,2025-05-27T19:00:00Z,1.00356,0.0,1.00356,ALPHA_OUTSIDE_SIMPLEX,ALPHA_OUTSIDE_SIMPLEX
2025-05-27T19:45:00Z,2025-05-27T22:45:00+03:00,2025-05-27T19:00:00Z,0.33132,0.00012,0.33144,OK,OTHER_QH_IN_SAME_HOUR_INVALID
2025-05-28T05:00:00Z,2025-05-28T08:00:00+03:00,2025-05-28T05:00:00Z,0.0,0.42344000000000004,0.42344000000000004,OK,OTHER_QH_IN_SAME_HOUR_INVALID
2025-05-28T05:15:00Z,2025-05-28T08:15:00+03:00,2025-05-28T05:00:00Z,0.0,0.69208,0.69208,OK,OTHER_QH_IN_SAME_HOUR_INVALID
2025-05-28T05:30:00Z,2025-05-28T08:30:00+03:00,2025-05-28T05:00:00Z,0.0,0.5223599999999999,0.5223599999999999,OK,OTHER_QH_IN_SAME_HOUR_INVALID
2025-05-28T05:45:00Z,2025-05-28T08:45:00+03:00,2025-05-28T05:00:00Z,0.0,1.0046,1.0046,ALPHA_OUTSIDE_SIMPLEX,ALPHA_OUTSIDE_SIMPLEX
2025-05-28T07:00:00Z,2025-05-28T10:00:00+03:00,2025-05-28T07:00:00Z,0.0,0.23800000000000002,0.23800000000000002,OK,OTHER_QH_IN_SAME_HOUR_INVALID
2025-05-28T07:15:00Z,2025-05-28T10:15:00+03:00,2025-05-28T07:00:00Z,0.002,0.1351,0.1371,OK,OTHER_QH_IN_SAME_HOUR_INVALID
2025-05-28T07:30:00Z,2025-05-28T10:30:00+03:00,2025-05-28T07:00:00Z,0.0,0.30486,0.30486,OK,OTHER_QH_IN_SAME_HOUR_INVALID
2025-05-28T07:45:00Z,2025-05-28T10:45:00+03:00,2025-05-28T07:00:00Z,0.0,1.16086,1.16086,ALPHA_OUTSIDE_SIMPLEX,ALPHA_OUTSIDE_SIMPLEX
2025-05-30T00:00:00Z,2025-05-30T03:00:00+03:00,2025-05-30T00:00:00Z,0.0,0.56756,0.56756,OK,OTHER_QH_IN_SAME_HOUR_INVALID
2025-05-30T00:15:00Z,2025-05-30T03:15:00+03:00,2025-05-30T00:00:00Z,0.0,0.76238,0.76238,OK,OTHER_QH_IN_SAME_HOUR_INVALID
2025-05-30T00:30:00Z,2025-05-30T03:30:00+03:00,2025-05-30T00:00:00Z,0.0,1.1679000000000002,1.1679000000000002,ALPHA_OUTSIDE_SIMPLEX,ALPHA_OUTSIDE_SIMPLEX
2025-05-30T00:45:00Z,2025-05-30T03:45:00+03:00,2025-05-30T00:00:00Z,0.0,1.19052,1.19052,ALPHA_OUTSIDE_SIMPLEX,ALPHA_OUTSIDE_SIMPLEX
2025-05-30T06:00:00Z,2025-05-30T09:00:00+03:00,2025-05-30T06:00:00Z,0.0291,0.02588,0.05498,OK,OTHER_QH_IN_SAME_HOUR_INVALID
2025-05-30T06:15:00Z,2025-05-30T09:15:00+03:00,2025-05-30T06:00:00Z,0.01574,0.00256,0.0183,OK,OTHER_QH_IN_SAME_HOUR_INVALID
2025-05-30T06:30:00Z,2025-05-30T09:30:00+03:00,2025-05-30T06:00:00Z,0.0007599999999999999,0.26174,0.26249999999999996,OK,OTHER_QH_IN_SAME_HOUR_INVALID
2025-05-30T06:45:00Z,2025-05-30T09:45:00+03:00,2025-05-30T06:00:00Z,0.0,1.00396,1.00396,ALPHA_OUTSIDE_SIMPLEX,ALPHA_OUTSIDE_SIMPLEX
2025-05-30T08:00:00Z,2025-05-30T11:00:00+03:00,2025-05-30T08:00:00Z,0.0,0.49734,0.49734,OK,OTHER_QH_IN_SAME_HOUR_INVALID
2025-05-30T08:15:00Z,2025-05-30T11:15:00+03:00,2025-05-30T08:00:00Z,0.0,0.9627,0.9627,OK,OTHER_QH_IN_SAME_HOUR_INVALID
2025-05-30T08:30:00Z,2025-05-30T11:30:00+03:00,2025-05-30T08:00:00Z,0.0,1.05378,1.05378,ALPHA_OUTSIDE_SIMPLEX,ALPHA_OUTSIDE_SIMPLEX
2025-05-30T08:45:00Z,2025-05-30T11:45:00+03:00,2025-05-30T08:00:00Z,0.0,1.08414,1.08414,ALPHA_OUTSIDE_SIMPLEX,ALPHA_OUTSIDE_SIMPLEX
2025-05-31T07:00:00Z,2025-05-31T10:00:00+03:00,2025-05-31T07:00:00Z,0.13119999999999998,0.17226,0.30345999999999995,OK,OTHER_QH_IN_SAME_HOUR_INVALID
2025-05-31T07:15:00Z,2025-05-31T10:15:00+03:00,2025-05-31T07:00:00Z,0.005699999999999999,0.18098,0.18668,OK,OTHER_QH_IN_SAME_HOUR_INVALID
2025-05-31T07:30:00Z,2025-05-31T10:30:00+03:00,2025-05-31T07:00:00Z,0.0,0.5271399999999999,0.5271399999999999,OK,OTHER_QH_IN_SAME_HOUR_INVALID
2025-05-31T07:45:00Z,2025-05-31T10:45:00+03:00,2025-05-31T07:00:00Z,0.0,1.0012999999999999,1.0012999999999999,ALPHA_OUTSIDE_SIMPLEX,ALPHA_OUTSIDE_SIMPLEX
2025-06-05T12:00:00Z,2025-06-05T15:00:00+03:00,2025-06-05T12:00:00Z,0.12102,0.00104,0.12206,OK,OTHER_QH_IN_SAME_HOUR_INVALID
2025-06-05T12:15:00Z,2025-06-05T15:15:00+03:00,2025-06-05T12:00:00Z,0.34792,0.0,0.34792,OK,OTHER_QH_IN_SAME_HOUR_INVALID
2025-06-05T12:30:00Z,2025-06-05T15:30:00+03:00,2025-06-05T12:00:00Z,0.32918,0.0,0.32918,OK,OTHER_QH_IN_SAME_HOUR_INVALID
2025-06-05T12:45:00Z,2025-06-05T15:45:00+03:00,2025-06-05T12:00:00Z,1.04616,0.0,1.04616,ALPHA_OUTSIDE_SIMPLEX,ALPHA_OUTSIDE_SIMPLEX
2025-06-06T13:00:00Z,2025-06-06T16:00:00+03:00,2025-06-06T13:00:00Z,0.43357999999999997,0.0,0.43357999999999997,OK,OTHER_QH_IN_SAME_HOUR_INVALID
2025-06-06T13:15:00Z,2025-06-06T16:15:00+03:00,2025-06-06T13:00:00Z,0.7762,0.0,0.7762,OK,OTHER_QH_IN_SAME_HOUR_INVALID
2025-06-06T13:30:00Z,2025-06-06T16:30:00+03:00,2025-06-06T13:00:00Z,1.0845,0.0,1.0845,ALPHA_OUTSIDE_SIMPLEX,ALPHA_OUTSIDE_SIMPLEX
2025-06-06T13:45:00Z,2025-06-06T16:45:00+03:00,2025-06-06T13:00:00Z,1.0845,0.0,1.0845,ALPHA_OUTSIDE_SIMPLEX,ALPHA_OUTSIDE_SIMPLEX
2025-06-06T14:00:00Z,2025-06-06T17:00:00+03:00,2025-06-06T14:00:00Z,0.36341999999999997,0.0,0.36341999999999997,OK,OTHER_QH_IN_SAME_HOUR_INVALID
2025-06-06T14:15:00Z,2025-06-06T17:15:00+03:00,2025-06-06T14:00:00Z,0.8151,0.0,0.8151,OK,OTHER_QH_IN_SAME_HOUR_INVALID
2025-06-06T14:30:00Z,2025-06-06T17:30:00+03:00,2025-06-06T14:00:00Z,1.05652,0.0,1.05652,ALPHA_OUTSIDE_SIMPLEX,ALPHA_OUTSIDE_SIMPLEX
2025-06-06T14:45:00Z,2025-06-06T17:45:00+03:00,2025-06-06T14:00:00Z,1.06378,0.0,1.06378,ALPHA_OUTSIDE_SIMPLEX,ALPHA_OUTSIDE_SIMPLEX
2025-06-06T18:00:00Z,2025-06-06T21:00:00+03:00,2025-06-06T18:00:00Z,0.0,1.32516,1.32516,ALPHA_OUTSIDE_SIMPLEX,ALPHA_OUTSIDE_SIMPLEX
2025-06-06T18:15:00Z,2025-06-06T21:15:00+03:00,2025-06-06T18:00:00Z,0.0,0.7408199999999999,0.7408199999999999,OK,OTHER_QH_IN_SAME_HOUR_INVALID
2025-06-06T18:30:00Z,2025-06-06T21:30:00+03:00,2025-06-06T18:00:00Z,0.0,0.5947,0.5947,OK,OTHER_QH_IN_SAME_HOUR_INVALID
2025-06-06T18:45:00Z,2025-06-06T21:45:00+03:00,2025-06-06T18:00:00Z,0.0,0.47438,0.47438,OK,OTHER_QH_IN_SAME_HOUR_INVALID
2025-06-09T14:00:00Z,2025-06-09T17:00:00+03:00,2025-06-09T14:00:00Z,0.0,0.9061,0.9061,OK,OTHER_QH_IN_SAME_HOUR_INVALID
2025-06-09T14:15:00Z,2025-06-09T17:15:00+03:00,2025-06-09T14:00:00Z,0.0,1.0543,1.0543,ALPHA_OUTSIDE_SIMPLEX,ALPHA_OUTSIDE_SIMPLEX
2025-06-09T14:30:00Z,2025-06-09T17:30:00+03:00,2025-06-09T14:00:00Z,0.0,1.08302,1.08302,ALPHA_OUTSIDE_SIMPLEX,ALPHA_OUTSIDE_SIMPLEX
2025-06-09T14:45:00Z,2025-06-09T17:45:00+03:00,2025-06-09T14:00:00Z,0.0,0.95722,0.95722,OK,OTHER_QH_IN_SAME_HOUR_INVALID
2025-06-09T15:00:00Z,2025-06-09T18:00:00+03:00,2025-06-09T15:00:00Z,0.0,1.06926,1.06926,ALPHA_OUTSIDE_SIMPLEX,ALPHA_OUTSIDE_SIMPLEX
2025-06-09T15:15:00Z,2025-06-09T18:15:00+03:00,2025-06-09T15:00:00Z,0.0,0.99854,0.99854,OK,OTHER_QH_IN_SAME_HOUR_INVALID
2025-06-09T15:30:00Z,2025-06-09T18:30:00+03:00,2025-06-09T15:00:00Z,0.01324,0.31808,0.33131999999999995,OK,OTHER_QH_IN_SAME_HOUR_INVALID
2025-06-09T15:45:00Z,2025-06-09T18:45:00+03:00,2025-06-09T15:00:00Z,0.24582,0.0,0.24582,OK,OTHER_QH_IN_SAME_HOUR_INVALID
2025-06-09T20:00:00Z,2025-06-09T23:00:00+03:00,2025-06-09T20:00:00Z,0.0,0.18594000000000002,0.18594000000000002,OK,OTHER_QH_IN_SAME_HOUR_INVALID
2025-06-09T20:15:00Z,2025-06-09T23:15:00+03:00,2025-06-09T20:00:00Z,0.0,0.23015999999999998,0.23015999999999998,OK,OTHER_QH_IN_SAME_HOUR_INVALID
2025-06-09T20:30:00Z,2025-06-09T23:30:00+03:00,2025-06-09T20:00:00Z,0.0,0.8443999999999999,0.8443999999999999,OK,OTHER_QH_IN_SAME_HOUR_INVALID
2025-06-09T20:45:00Z,2025-06-09T23:45:00+03:00,2025-06-09T20:00:00Z,0.0,1.07926,1.07926,ALPHA_OUTSIDE_SIMPLEX,ALPHA_OUTSIDE_SIMPLEX
2025-06-10T17:00:00Z,2025-06-10T20:00:00+03:00,2025-06-10T17:00:00Z,0.6186200000000001,0.0,0.6186200000000001,OK,OTHER_QH_IN_SAME_HOUR_INVALID
2025-06-10T17:15:00Z,2025-06-10T20:15:00+03:00,2025-06-10T17:00:00Z,0.78874,0.0,0.78874,OK,OTHER_QH_IN_SAME_HOUR_INVALID
2025-06-10T17:30:00Z,2025-06-10T20:30:00+03:00,2025-06-10T17:00:00Z,0.98734,0.0,0.98734,OK,OTHER_QH_IN_SAME_HOUR_INVALID
2025-06-10T17:45:00Z,2025-06-10T20:45:00+03:00,2025-06-10T17:00:00Z,1.0665,0.0,1.0665,ALPHA_OUTSIDE_SIMPLEX,ALPHA_OUTSIDE_SIMPLEX
2025-06-10T19:00:00Z,2025-06-10T22:00:00+03:00,2025-06-10T19:00:00Z,1.08,0.0,1.08,ALPHA_OUTSIDE_SIMPLEX,ALPHA_OUTSIDE_SIMPLEX
2025-06-10T19:15:00Z,2025-06-10T22:15:00+03:00,2025-06-10T19:00:00Z,0.70378,0.0,0.70378,OK,OTHER_QH_IN_SAME_HOUR_INVALID
2025-06-10T19:30:00Z,2025-06-10T22:30:00+03:00,2025-06-10T19:00:00Z,0.20034,0.0,0.20034,OK,OTHER_QH_IN_SAME_HOUR_INVALID
2025-06-10T19:45:00Z,2025-06-10T22:45:00+03:00,2025-06-10T19:00:00Z,0.00366,0.02788,0.03154,OK,OTHER_QH_IN_SAME_HOUR_INVALID
2025-06-11T06:00:00Z,2025-06-11T09:00:00+03:00,2025-06-11T06:00:00Z,0.0,0.18262,0.18262,OK,OTHER_QH_IN_SAME_HOUR_INVALID
2025-06-11T06:15:00Z,2025-06-11T09:15:00+03:00,2025-06-11T06:00:00Z,0.0009,0.18882000000000002,0.18972000000000003,OK,OTHER_QH_IN_SAME_HOUR_INVALID
2025-06-11T06:30:00Z,2025-06-11T09:30:00+03:00,2025-06-11T06:00:00Z,0.0,0.67048,0.67048,OK,OTHER_QH_IN_SAME_HOUR_INVALID
2025-06-11T06:45:00Z,2025-06-11T09:45:00+03:00,2025-06-11T06:00:00Z,0.0,1.2782,1.2782,ALPHA_OUTSIDE_SIMPLEX,ALPHA_OUTSIDE_SIMPLEX
2025-06-11T14:00:00Z,2025-06-11T17:00:00+03:00,2025-06-11T14:00:00Z,0.0,1.07382,1.07382,ALPHA_OUTSIDE_SIMPLEX,ALPHA_OUTSIDE_SIMPLEX
2025-06-11T14:15:00Z,2025-06-11T17:15:00+03:00,2025-06-11T14:00:00Z,0.0,0.8626999999999999,0.8626999999999999,OK,OTHER_QH_IN_SAME_HOUR_INVALID
2025-06-11T14:30:00Z,2025-06-11T17:30:00+03:00,2025-06-11T14:00:00Z,0.00762,0.16726,0.17487999999999998,OK,OTHER_QH_IN_SAME_HOUR_INVALID
2025-06-11T14:45:00Z,2025-06-11T17:45:00+03:00,2025-06-11T14:00:00Z,0.22952000000000003,0.0,0.22952000000000003,OK,OTHER_QH_IN_SAME_HOUR_INVALID
2025-06-11T18:00:00Z,2025-06-11T21:00:00+03:00,2025-06-11T18:00:00Z,0.18297999999999998,0.0,0.18297999999999998,OK,OTHER_QH_IN_SAME_HOUR_INVALID
2025-06-11T18:15:00Z,2025-06-11T21:15:00+03:00,2025-06-11T18:00:00Z,0.54342,0.0,0.54342,OK,OTHER_QH_IN_SAME_HOUR_INVALID
2025-06-11T18:30:00Z,2025-06-11T21:30:00+03:00,2025-06-11T18:00:00Z,1.03102,0.0,1.03102,ALPHA_OUTSIDE_SIMPLEX,ALPHA_OUTSIDE_SIMPLEX
2025-06-11T18:45:00Z,2025-06-11T21:45:00+03:00,2025-06-11T18:00:00Z,0.60984,0.0,0.60984,OK,OTHER_QH_IN_SAME_HOUR_INVALID
2025-06-11T19:00:00Z,2025-06-11T22:00:00+03:00,2025-06-11T19:00:00Z,1.1817,0.0,1.1817,ALPHA_OUTSIDE_SIMPLEX,ALPHA_OUTSIDE_SIMPLEX
2025-06-11T19:15:00Z,2025-06-11T22:15:00+03:00,2025-06-11T19:00:00Z,0.80822,0.0,0.80822,OK,OTHER_QH_IN_SAME_HOUR_INVALID
2025-06-11T19:30:00Z,2025-06-11T22:30:00+03:00,2025-06-11T19:00:00Z,0.054720000000000005,0.0,0.054720000000000005,OK,OTHER_QH_IN_SAME_HOUR_INVALID
2025-06-11T19:45:00Z,2025-06-11T22:45:00+03:00,2025-06-11T19:00:00Z,0.0018,0.31578,0.31758000000000003,OK,OTHER_QH_IN_SAME_HOUR_INVALID
2025-06-12T00:00:00Z,2025-06-12T03:00:00+03:00,2025-06-12T00:00:00Z,0.0,0.10886,0.10886,OK,OTHER_QH_IN_SAME_HOUR_INVALID
2025-06-12T00:15:00Z,2025-06-12T03:15:00+03:00,2025-06-12T00:00:00Z,0.0,0.6016400000000001,0.6016400000000001,OK,OTHER_QH_IN_SAME_HOUR_INVALID
2025-06-12T00:30:00Z,2025-06-12T03:30:00+03:00,2025-06-12T00:00:00Z,0.0,1.4406999999999999,1.4406999999999999,ALPHA_OUTSIDE_SIMPLEX,ALPHA_OUTSIDE_SIMPLEX
2025-06-12T00:45:00Z,2025-06-12T03:45:00+03:00,2025-06-12T00:00:00Z,0.0,0.99628,0.99628,OK,OTHER_QH_IN_SAME_HOUR_INVALID
2025-06-12T08:00:00Z,2025-06-12T11:00:00+03:00,2025-06-12T08:00:00Z,,,,ALPHA_UNCOMPUTABLE,ALPHA_UNCOMPUTABLE
2025-06-12T08:15:00Z,2025-06-12T11:15:00+03:00,2025-06-12T08:00:00Z,0.00148,0.09964,0.10112,OK,OTHER_QH_IN_SAME_HOUR_INVALID
2025-06-12T08:30:00Z,2025-06-12T11:30:00+03:00,2025-06-12T08:00:00Z,0.0,0.37038,0.37038,OK,OTHER_QH_IN_SAME_HOUR_INVALID
2025-06-12T08:45:00Z,2025-06-12T11:45:00+03:00,2025-06-12T08:00:00Z,0.0,0.47802,0.47802,OK,OTHER_QH_IN_SAME_HOUR_INVALID
2025-06-13T06:00:00Z,2025-06-13T09:00:00+03:00,2025-06-13T06:00:00Z,0.0,0.31554,0.31554,OK,OTHER_QH_IN_SAME_HOUR_INVALID
2025-06-13T06:15:00Z,2025-06-13T09:15:00+03:00,2025-06-13T06:00:00Z,0.0,1.1440000000000001,1.1440000000000001,ALPHA_OUTSIDE_SIMPLEX,ALPHA_OUTSIDE_SIMPLEX
2025-06-13T06:30:00Z,2025-06-13T09:30:00+03:00,2025-06-13T06:00:00Z,0.0,0.46052,0.46052,OK,OTHER_QH_IN_SAME_HOUR_INVALID
2025-06-13T06:45:00Z,2025-06-13T09:45:00+03:00,2025-06-13T06:00:00Z,0.0,0.3954,0.3954,OK,OTHER_QH_IN_SAME_HOUR_INVALID
2025-06-13T19:00:00Z,2025-06-13T22:00:00+03:00,2025-06-13T19:00:00Z,0.0,0.35668,0.35668,OK,OTHER_QH_IN_SAME_HOUR_INVALID
2025-06-13T19:15:00Z,2025-06-13T22:15:00+03:00,2025-06-13T19:00:00Z,0.0,1.2522199999999999,1.2522199999999999,ALPHA_OUTSIDE_SIMPLEX,ALPHA_OUTSIDE_SIMPLEX
2025-06-13T19:30:00Z,2025-06-13T22:30:00+03:00,2025-06-13T19:00:00Z,0.0,1.2509000000000001,1.2509000000000001,ALPHA_OUTSIDE_SIMPLEX,ALPHA_OUTSIDE_SIMPLEX
2025-06-13T19:45:00Z,2025-06-13T22:45:00+03:00,2025-06-13T19:00:00Z,0.0,1.3515799999999998,1.3515799999999998,ALPHA_OUTSIDE_SIMPLEX,ALPHA_OUTSIDE_SIMPLEX
2025-06-14T02:00:00Z,2025-06-14T05:00:00+03:00,2025-06-14T02:00:00Z,0.05526,0.00012,0.05538,OK,OTHER_QH_IN_SAME_HOUR_INVALID
2025-06-14T02:15:00Z,2025-06-14T05:15:00+03:00,2025-06-14T02:00:00Z,0.06684,0.0014199999999999998,0.06826,OK,OTHER_QH_IN_SAME_HOUR_INVALID
2025-06-14T02:30:00Z,2025-06-14T05:30:00+03:00,2025-06-14T02:00:00Z,0.42568,0.0,0.42568,OK,OTHER_QH_IN_SAME_HOUR_INVALID
2025-06-14T02:45:00Z,2025-06-14T05:45:00+03:00,2025-06-14T02:00:00Z,,,,ALPHA_UNCOMPUTABLE,ALPHA_UNCOMPUTABLE
2025-06-15T03:00:00Z,2025-06-15T06:00:00+03:00,2025-06-15T03:00:00Z,0.0,0.76188,0.76188,OK,OTHER_QH_IN_SAME_HOUR_INVALID
2025-06-15T03:15:00Z,2025-06-15T06:15:00+03:00,2025-06-15T03:00:00Z,0.0,0.93048,0.93048,OK,OTHER_QH_IN_SAME_HOUR_INVALID
2025-06-15T03:30:00Z,2025-06-15T06:30:00+03:00,2025-06-15T03:00:00Z,0.0,0.59388,0.59388,OK,OTHER_QH_IN_SAME_HOUR_INVALID
2025-06-15T03:45:00Z,2025-06-15T06:45:00+03:00,2025-06-15T03:00:00Z,0.0,1.0572,1.0572,ALPHA_OUTSIDE_SIMPLEX,ALPHA_OUTSIDE_SIMPLEX
2025-06-15T09:00:00Z,2025-06-15T12:00:00+03:00,2025-06-15T09:00:00Z,0.0,1.1156,1.1156,ALPHA_OUTSIDE_SIMPLEX,ALPHA_OUTSIDE_SIMPLEX
2025-06-15T09:15:00Z,2025-06-15T12:15:00+03:00,2025-06-15T09:00:00Z,0.0,0.47808,0.47808,OK,OTHER_QH_IN_SAME_HOUR_INVALID
2025-06-15T09:30:00Z,2025-06-15T12:30:00+03:00,2025-06-15T09:00:00Z,0.0,0.27152,0.27152,OK,OTHER_QH_IN_SAME_HOUR_INVALID
2025-06-15T09:45:00Z,2025-06-15T12:45:00+03:00,2025-06-15T09:00:00Z,0.00052,0.07808,0.0786,OK,OTHER_QH_IN_SAME_HOUR_INVALID
2025-06-15T14:00:00Z,2025-06-15T17:00:00+03:00,2025-06-15T14:00:00Z,0.0,1.1104,1.1104,ALPHA_OUTSIDE_SIMPLEX,ALPHA_OUTSIDE_SIMPLEX
2025-06-15T14:15:00Z,2025-06-15T17:15:00+03:00,2025-06-15T14:00:00Z,0.0,0.8326399999999999,0.8326399999999999,OK,OTHER_QH_IN_SAME_HOUR_INVALID
2025-06-15T14:30:00Z,2025-06-15T17:30:00+03:00,2025-06-15T14:00:00Z,0.0,0.26092,0.26092,OK,OTHER_QH_IN_SAME_HOUR_INVALID
2025-06-15T14:45:00Z,2025-06-15T17:45:00+03:00,2025-06-15T14:00:00Z,0.00064,0.03812,0.03876,OK,OTHER_QH_IN_SAME_HOUR_INVALID
2025-06-17T10:00:00Z,2025-06-17T13:00:00+03:00,2025-06-17T10:00:00Z,0.0,0.40594,0.40594,OK,OTHER_QH_IN_SAME_HOUR_INVALID
2025-06-17T10:15:00Z,2025-06-17T13:15:00+03:00,2025-06-17T10:00:00Z,0.0,0.19942000000000001,0.19942000000000001,OK,OTHER_QH_IN_SAME_HOUR_INVALID
2025-06-17T10:30:00Z,2025-06-17T13:30:00+03:00,2025-06-17T10:00:00Z,,,,ALPHA_UNCOMPUTABLE,ALPHA_UNCOMPUTABLE
2025-06-17T10:45:00Z,2025-06-17T13:45:00+03:00,2025-06-17T10:00:00Z,0.0,0.15652,0.15652,OK,OTHER_QH_IN_SAME_HOUR_INVALID
2025-06-17T19:00:00Z,2025-06-17T22:00:00+03:00,2025-06-17T19:00:00Z,1.19462,0.0,1.19462,ALPHA_OUTSIDE_SIMPLEX,ALPHA_OUTSIDE_SIMPLEX
2025-06-17T19:15:00Z,2025-06-17T22:15:00+03:00,2025-06-17T19:00:00Z,0.1945,0.00082,0.19532,OK,OTHER_QH_IN_SAME_HOUR_INVALID
2025-06-17T19:30:00Z,2025-06-17T22:30:00+03:00,2025-06-17T19:00:00Z,0.00066,0.02718,0.02784,OK,OTHER_QH_IN_SAME_HOUR_INVALID
2025-06-17T19:45:00Z,2025-06-17T22:45:00+03:00,2025-06-17T19:00:00Z,0.0,1.0756999999999999,1.0756999999999999,ALPHA_OUTSIDE_SIMPLEX,ALPHA_OUTSIDE_SIMPLEX
2025-06-18T05:00:00Z,2025-06-18T08:00:00+03:00,2025-06-18T05:00:00Z,0.00096,0.02984,0.030799999999999998,OK,OTHER_QH_IN_SAME_HOUR_INVALID
2025-06-18T05:15:00Z,2025-06-18T08:15:00+03:00,2025-06-18T05:00:00Z,0.0008799999999999999,0.10688,0.10776000000000001,OK,OTHER_QH_IN_SAME_HOUR_INVALID
2025-06-18T05:30:00Z,2025-06-18T08:30:00+03:00,2025-06-18T05:00:00Z,0.0,0.52256,0.52256,OK,OTHER_QH_IN_SAME_HOUR_INVALID
2025-06-18T05:45:00Z,2025-06-18T08:45:00+03:00,2025-06-18T05:00:00Z,0.0,1.38096,1.38096,ALPHA_OUTSIDE_SIMPLEX,ALPHA_OUTSIDE_SIMPLEX
2025-06-18T16:00:00Z,2025-06-18T19:00:00+03:00,2025-06-18T16:00:00Z,0.011619999999999998,0.49148000000000003,0.5031,OK,OTHER_QH_IN_SAME_HOUR_INVALID
2025-06-18T16:15:00Z,2025-06-18T19:15:00+03:00,2025-06-18T16:00:00Z,0.14714,0.10348,0.25062,OK,OTHER_QH_IN_SAME_HOUR_INVALID
2025-06-18T16:30:00Z,2025-06-18T19:30:00+03:00,2025-06-18T16:00:00Z,0.81986,0.0,0.81986,OK,OTHER_QH_IN_SAME_HOUR_INVALID
2025-06-18T16:45:00Z,2025-06-18T19:45:00+03:00,2025-06-18T16:00:00Z,1.1385800000000001,0.0,1.1385800000000001,ALPHA_OUTSIDE_SIMPLEX,ALPHA_OUTSIDE_SIMPLEX
2025-06-18T19:00:00Z,2025-06-18T22:00:00+03:00,2025-06-18T19:00:00Z,1.5053,0.0,1.5053,ALPHA_OUTSIDE_SIMPLEX,ALPHA_OUTSIDE_SIMPLEX
2025-06-18T19:15:00Z,2025-06-18T22:15:00+03:00,2025-06-18T19:00:00Z,1.4597200000000001,0.0,1.4597200000000001,ALPHA_OUTSIDE_SIMPLEX,ALPHA_OUTSIDE_SIMPLEX
2025-06-18T19:30:00Z,2025-06-18T22:30:00+03:00,2025-06-18T19:00:00Z,0.3392,0.0051,0.3443,OK,OTHER_QH_IN_SAME_HOUR_INVALID
2025-06-18T19:45:00Z,2025-06-18T22:45:00+03:00,2025-06-18T19:00:00Z,0.00012,0.06056,0.060680000000000005,OK,OTHER_QH_IN_SAME_HOUR_INVALID
2025-06-20T07:00:00Z,2025-06-20T10:00:00+03:00,2025-06-20T07:00:00Z,0.0,0.22876000000000002,0.22876000000000002,OK,OTHER_QH_IN_SAME_HOUR_INVALID
2025-06-20T07:15:00Z,2025-06-20T10:15:00+03:00,2025-06-20T07:00:00Z,0.0,0.08561999999999999,0.08561999999999999,OK,OTHER_QH_IN_SAME_HOUR_INVALID
2025-06-20T07:30:00Z,2025-06-20T10:30:00+03:00,2025-06-20T07:00:00Z,0.0,0.58748,0.58748,OK,OTHER_QH_IN_SAME_HOUR_INVALID
2025-06-20T07:45:00Z,2025-06-20T10:45:00+03:00,2025-06-20T07:00:00Z,0.0,1.301,1.301,ALPHA_OUTSIDE_SIMPLEX,ALPHA_OUTSIDE_SIMPLEX
2025-06-20T16:00:00Z,2025-06-20T19:00:00+03:00,2025-06-20T16:00:00Z,0.0,1.24098,1.24098,ALPHA_OUTSIDE_SIMPLEX,ALPHA_OUTSIDE_SIMPLEX
2025-06-20T16:15:00Z,2025-06-20T19:15:00+03:00,2025-06-20T16:00:00Z,0.0,0.21756,0.21756,OK,OTHER_QH_IN_SAME_HOUR_INVALID
2025-06-20T16:30:00Z,2025-06-20T19:30:00+03:00,2025-06-20T16:00:00Z,0.0004,0.11412000000000001,0.11452000000000001,OK,OTHER_QH_IN_SAME_HOUR_INVALID
2025-06-20T16:45:00Z,2025-06-20T19:45:00+03:00,2025-06-20T16:00:00Z,0.03628,0.0013,0.03758,OK,OTHER_QH_IN_SAME_HOUR_INVALID
2025-06-20T19:00:00Z,2025-06-20T22:00:00+03:00,2025-06-20T19:00:00Z,0.0,0.0917,0.0917,OK,OTHER_QH_IN_SAME_HOUR_INVALID
2025-06-20T19:15:00Z,2025-06-20T22:15:00+03:00,2025-06-20T19:00:00Z,0.0,0.2923,0.2923,OK,OTHER_QH_IN_SAME_HOUR_INVALID
2025-06-20T19:30:00Z,2025-06-20T22:30:00+03:00,2025-06-20T19:00:00Z,0.0,0.5219400000000001,0.5219400000000001,OK,OTHER_QH_IN_SAME_HOUR_INVALID
2025-06-20T19:45:00Z,2025-06-20T22:45:00+03:00,2025-06-20T19:00:00Z,0.0,1.03768,1.03768,ALPHA_OUTSIDE_SIMPLEX,ALPHA_OUTSIDE_SIMPLEX
2025-06-21T05:00:00Z,2025-06-21T08:00:00+03:00,2025-06-21T05:00:00Z,0.0008,0.13034,0.13114,OK,OTHER_QH_IN_SAME_HOUR_INVALID
2025-06-21T05:15:00Z,2025-06-21T08:15:00+03:00,2025-06-21T05:00:00Z,0.0,0.7169599999999999,0.7169599999999999,OK,OTHER_QH_IN_SAME_HOUR_INVALID
2025-06-21T05:30:00Z,2025-06-21T08:30:00+03:00,2025-06-21T05:00:00Z,0.0,1.05748,1.05748,ALPHA_OUTSIDE_SIMPLEX,ALPHA_OUTSIDE_SIMPLEX
2025-06-21T05:45:00Z,2025-06-21T08:45:00+03:00,2025-06-21T05:00:00Z,0.0,0.6958,0.6958,OK,OTHER_QH_IN_SAME_HOUR_INVALID
2025-06-21T08:00:00Z,2025-06-21T11:00:00+03:00,2025-06-21T08:00:00Z,0.0,0.155,0.155,OK,OTHER_QH_IN_SAME_HOUR_INVALID
2025-06-21T08:15:00Z,2025-06-21T11:15:00+03:00,2025-06-21T08:00:00Z,0.0,0.43904000000000004,0.43904000000000004,OK,OTHER_QH_IN_SAME_HOUR_INVALID
2025-06-21T08:30:00Z,2025-06-21T11:30:00+03:00,2025-06-21T08:00:00Z,0.0,0.7945399999999999,0.7945399999999999,OK,OTHER_QH_IN_SAME_HOUR_INVALID
2025-06-21T08:45:00Z,2025-06-21T11:45:00+03:00,2025-06-21T08:00:00Z,0.0,1.1961199999999999,1.1961199999999999,ALPHA_OUTSIDE_SIMPLEX,ALPHA_OUTSIDE_SIMPLEX
2025-06-21T16:00:00Z,2025-06-21T19:00:00+03:00,2025-06-21T16:00:00Z,0.01474,0.05476,0.0695,OK,OTHER_QH_IN_SAME_HOUR_INVALID
2025-06-21T16:15:00Z,2025-06-21T19:15:00+03:00,2025-06-21T16:00:00Z,0.10092000000000001,0.0022,0.10312,OK,OTHER_QH_IN_SAME_HOUR_INVALID
2025-06-21T16:30:00Z,2025-06-21T19:30:00+03:00,2025-06-21T16:00:00Z,0.89904,0.0,0.89904,OK,OTHER_QH_IN_SAME_HOUR_INVALID
2025-06-21T16:45:00Z,2025-06-21T19:45:00+03:00,2025-06-21T16:00:00Z,1.12542,0.0,1.12542,ALPHA_OUTSIDE_SIMPLEX,ALPHA_OUTSIDE_SIMPLEX
2025-06-22T11:00:00Z,2025-06-22T14:00:00+03:00,2025-06-22T11:00:00Z,0.0,1.06348,1.06348,ALPHA_OUTSIDE_SIMPLEX,ALPHA_OUTSIDE_SIMPLEX
2025-06-22T11:15:00Z,2025-06-22T14:15:00+03:00,2025-06-22T11:00:00Z,0.0,1.2105,1.2105,ALPHA_OUTSIDE_SIMPLEX,ALPHA_OUTSIDE_SIMPLEX
2025-06-22T11:30:00Z,2025-06-22T14:30:00+03:00,2025-06-22T11:00:00Z,0.0,1.09446,1.09446,ALPHA_OUTSIDE_SIMPLEX,ALPHA_OUTSIDE_SIMPLEX
2025-06-22T11:45:00Z,2025-06-22T14:45:00+03:00,2025-06-22T11:00:00Z,0.0,0.29338000000000003,0.29338000000000003,OK,OTHER_QH_IN_SAME_HOUR_INVALID
2025-06-22T20:00:00Z,2025-06-22T23:00:00+03:00,2025-06-22T20:00:00Z,1.30312,0.0,1.30312,ALPHA_OUTSIDE_SIMPLEX,ALPHA_OUTSIDE_SIMPLEX
2025-06-22T20:15:00Z,2025-06-22T23:15:00+03:00,2025-06-22T20:00:00Z,0.34238,0.0,0.34238,OK,OTHER_QH_IN_SAME_HOUR_INVALID
2025-06-22T20:30:00Z,2025-06-22T23:30:00+03:00,2025-06-22T20:00:00Z,0.5084599999999999,0.0,0.5084599999999999,OK,OTHER_QH_IN_SAME_HOUR_INVALID
2025-06-22T20:45:00Z,2025-06-22T23:45:00+03:00,2025-06-22T20:00:00Z,0.2108,0.03238,0.24317999999999998,OK,OTHER_QH_IN_SAME_HOUR_INVALID
2025-06-23T11:00:00Z,2025-06-23T14:00:00+03:00,2025-06-23T11:00:00Z,0.0,1.3349600000000001,1.3349600000000001,ALPHA_OUTSIDE_SIMPLEX,ALPHA_OUTSIDE_SIMPLEX
2025-06-23T11:15:00Z,2025-06-23T14:15:00+03:00,2025-06-23T11:00:00Z,0.0,0.89098,0.89098,OK,OTHER_QH_IN_SAME_HOUR_INVALID
2025-06-23T11:30:00Z,2025-06-23T14:30:00+03:00,2025-06-23T11:00:00Z,0.0007199999999999999,0.10302,0.10374,OK,OTHER_QH_IN_SAME_HOUR_INVALID
2025-06-23T11:45:00Z,2025-06-23T14:45:00+03:00,2025-06-23T11:00:00Z,0.00378,0.00426,0.00804,OK,OTHER_QH_IN_SAME_HOUR_INVALID
2025-06-23T14:00:00Z,2025-06-23T17:00:00+03:00,2025-06-23T14:00:00Z,0.0052,0.03916,0.04436,OK,OTHER_QH_IN_SAME_HOUR_INVALID
2025-06-23T14:15:00Z,2025-06-23T17:15:00+03:00,2025-06-23T14:00:00Z,0.0225,0.06428,0.08678,OK,OTHER_QH_IN_SAME_HOUR_INVALID
2025-06-23T14:30:00Z,2025-06-23T17:30:00+03:00,2025-06-23T14:00:00Z,0.23828,0.0,0.23828,OK,OTHER_QH_IN_SAME_HOUR_INVALID
2025-06-23T14:45:00Z,2025-06-23T17:45:00+03:00,2025-06-23T14:00:00Z,1.22842,0.0,1.22842,ALPHA_OUTSIDE_SIMPLEX,ALPHA_OUTSIDE_SIMPLEX
2025-06-23T15:00:00Z,2025-06-23T18:00:00+03:00,2025-06-23T15:00:00Z,0.0928,0.19510000000000002,0.28790000000000004,OK,OTHER_QH_IN_SAME_HOUR_INVALID
2025-06-23T15:15:00Z,2025-06-23T18:15:00+03:00,2025-06-23T15:00:00Z,0.09994,0.01228,0.11222,OK,OTHER_QH_IN_SAME_HOUR_INVALID
2025-06-23T15:30:00Z,2025-06-23T18:30:00+03:00,2025-06-23T15:00:00Z,0.3892,0.00014000000000000001,0.38933999999999996,OK,OTHER_QH_IN_SAME_HOUR_INVALID
2025-06-23T15:45:00Z,2025-06-23T18:45:00+03:00,2025-06-23T15:00:00Z,1.00424,0.0,1.00424,ALPHA_OUTSIDE_SIMPLEX,ALPHA_OUTSIDE_SIMPLEX
2025-06-24T08:00:00Z,2025-06-24T11:00:00+03:00,2025-06-24T08:00:00Z,0.00052,0.20652,0.20704,OK,OTHER_QH_IN_SAME_HOUR_INVALID
2025-06-24T08:15:00Z,2025-06-24T11:15:00+03:00,2025-06-24T08:00:00Z,0.00034,0.36418,0.36452,OK,OTHER_QH_IN_SAME_HOUR_INVALID
2025-06-24T08:30:00Z,2025-06-24T11:30:00+03:00,2025-06-24T08:00:00Z,0.0,0.8162999999999999,0.8162999999999999,OK,OTHER_QH_IN_SAME_HOUR_INVALID
2025-06-24T08:45:00Z,2025-06-24T11:45:00+03:00,2025-06-24T08:00:00Z,,,,ALPHA_UNCOMPUTABLE,ALPHA_UNCOMPUTABLE
2025-06-24T09:00:00Z,2025-06-24T12:00:00+03:00,2025-06-24T09:00:00Z,0.0,0.23588,0.23588,OK,OTHER_QH_IN_SAME_HOUR_INVALID
2025-06-24T09:15:00Z,2025-06-24T12:15:00+03:00,2025-06-24T09:00:00Z,0.0,1.0721800000000001,1.0721800000000001,ALPHA_OUTSIDE_SIMPLEX,ALPHA_OUTSIDE_SIMPLEX
2025-06-24T09:30:00Z,2025-06-24T12:30:00+03:00,2025-06-24T09:00:00Z,0.0,0.2408,0.2408,OK,OTHER_QH_IN_SAME_HOUR_INVALID
2025-06-24T09:45:00Z,2025-06-24T12:45:00+03:00,2025-06-24T09:00:00Z,0.0030399999999999997,0.00596,0.009,OK,OTHER_QH_IN_SAME_HOUR_INVALID
2025-06-25T06:00:00Z,2025-06-25T09:00:00+03:00,2025-06-25T06:00:00Z,0.0,0.22268000000000002,0.22268000000000002,OK,OTHER_QH_IN_SAME_HOUR_INVALID
2025-06-25T06:15:00Z,2025-06-25T09:15:00+03:00,2025-06-25T06:00:00Z,0.0,0.11512,0.11512,OK,OTHER_QH_IN_SAME_HOUR_INVALID
2025-06-25T06:30:00Z,2025-06-25T09:30:00+03:00,2025-06-25T06:00:00Z,0.0,0.6463,0.6463,OK,OTHER_QH_IN_SAME_HOUR_INVALID
2025-06-25T06:45:00Z,2025-06-25T09:45:00+03:00,2025-06-25T06:00:00Z,0.0,1.12944,1.12944,ALPHA_OUTSIDE_SIMPLEX,ALPHA_OUTSIDE_SIMPLEX
2025-06-25T08:00:00Z,2025-06-25T11:00:00+03:00,2025-06-25T08:00:00Z,1.11484,0.00086,1.1157000000000001,ALPHA_OUTSIDE_SIMPLEX,ALPHA_OUTSIDE_SIMPLEX
2025-06-25T08:15:00Z,2025-06-25T11:15:00+03:00,2025-06-25T08:00:00Z,0.73756,0.0,0.73756,OK,OTHER_QH_IN_SAME_HOUR_INVALID
2025-06-25T08:30:00Z,2025-06-25T11:30:00+03:00,2025-06-25T08:00:00Z,0.10294,6e-05,0.10300000000000001,OK,OTHER_QH_IN_SAME_HOUR_INVALID
2025-06-25T08:45:00Z,2025-06-25T11:45:00+03:00,2025-06-25T08:00:00Z,0.046639999999999994,0.00017999999999999998,0.046819999999999994,OK,OTHER_QH_IN_SAME_HOUR_INVALID
2025-06-25T09:00:00Z,2025-06-25T12:00:00+03:00,2025-06-25T09:00:00Z,0.64628,0.0,0.64628,OK,OTHER_QH_IN_SAME_HOUR_INVALID
2025-06-25T09:15:00Z,2025-06-25T12:15:00+03:00,2025-06-25T09:00:00Z,1.02354,0.0,1.02354,ALPHA_OUTSIDE_SIMPLEX,ALPHA_OUTSIDE_SIMPLEX
2025-06-25T09:30:00Z,2025-06-25T12:30:00+03:00,2025-06-25T09:00:00Z,0.26008,0.0,0.26008,OK,OTHER_QH_IN_SAME_HOUR_INVALID
2025-06-25T09:45:00Z,2025-06-25T12:45:00+03:00,2025-06-25T09:00:00Z,0.10167999999999999,0.008,0.10968,OK,OTHER_QH_IN_SAME_HOUR_INVALID
2025-06-26T09:00:00Z,2025-06-26T12:00:00+03:00,2025-06-26T09:00:00Z,0.73394,0.0,0.73394,OK,OTHER_QH_IN_SAME_HOUR_INVALID
2025-06-26T09:15:00Z,2025-06-26T12:15:00+03:00,2025-06-26T09:00:00Z,0.47253999999999996,0.0,0.47253999999999996,OK,OTHER_QH_IN_SAME_HOUR_INVALID
2025-06-26T09:30:00Z,2025-06-26T12:30:00+03:00,2025-06-26T09:00:00Z,0.56916,0.0,0.56916,OK,OTHER_QH_IN_SAME_HOUR_INVALID
2025-06-26T09:45:00Z,2025-06-26T12:45:00+03:00,2025-06-26T09:00:00Z,1.0136,0.0003,1.0139,ALPHA_OUTSIDE_SIMPLEX,ALPHA_OUTSIDE_SIMPLEX
2025-06-26T12:00:00Z,2025-06-26T15:00:00+03:00,2025-06-26T12:00:00Z,0.011399999999999999,0.0023599999999999997,0.013759999999999998,OK,OTHER_QH_IN_SAME_HOUR_INVALID
2025-06-26T12:15:00Z,2025-06-26T15:15:00+03:00,2025-06-26T12:00:00Z,0.17648,6e-05,0.17654,OK,OTHER_QH_IN_SAME_HOUR_INVALID
2025-06-26T12:30:00Z,2025-06-26T15:30:00+03:00,2025-06-26T12:00:00Z,0.69902,0.0,0.69902,OK,OTHER_QH_IN_SAME_HOUR_INVALID
2025-06-26T12:45:00Z,2025-06-26T15:45:00+03:00,2025-06-26T12:00:00Z,1.0801399999999999,0.0,1.0801399999999999,ALPHA_OUTSIDE_SIMPLEX,ALPHA_OUTSIDE_SIMPLEX
2025-06-26T14:00:00Z,2025-06-26T17:00:00+03:00,2025-06-26T14:00:00Z,0.35106000000000004,0.0,0.35106000000000004,OK,OTHER_QH_IN_SAME_HOUR_INVALID
2025-06-26T14:15:00Z,2025-06-26T17:15:00+03:00,2025-06-26T14:00:00Z,0.4042,0.0,0.4042,OK,OTHER_QH_IN_SAME_HOUR_INVALID
2025-06-26T14:30:00Z,2025-06-26T17:30:00+03:00,2025-06-26T14:00:00Z,0.9052,0.0,0.9052,OK,OTHER_QH_IN_SAME_HOUR_INVALID
2025-06-26T14:45:00Z,2025-06-26T17:45:00+03:00,2025-06-26T14:00:00Z,1.17884,0.0,1.17884,ALPHA_OUTSIDE_SIMPLEX,ALPHA_OUTSIDE_SIMPLEX
2025-06-26T15:00:00Z,2025-06-26T18:00:00+03:00,2025-06-26T15:00:00Z,0.87054,0.0,0.87054,OK,OTHER_QH_IN_SAME_HOUR_INVALID
2025-06-26T15:15:00Z,2025-06-26T18:15:00+03:00,2025-06-26T15:00:00Z,1.07772,0.0,1.07772,ALPHA_OUTSIDE_SIMPLEX,ALPHA_OUTSIDE_SIMPLEX
2025-06-26T15:30:00Z,2025-06-26T18:30:00+03:00,2025-06-26T15:00:00Z,1.2801,0.0,1.2801,ALPHA_OUTSIDE_SIMPLEX,ALPHA_OUTSIDE_SIMPLEX
2025-06-26T15:45:00Z,2025-06-26T18:45:00+03:00,2025-06-26T15:00:00Z,1.24488,0.0,1.24488,ALPHA_OUTSIDE_SIMPLEX,ALPHA_OUTSIDE_SIMPLEX
2025-06-26T16:00:00Z,2025-06-26T19:00:00+03:00,2025-06-26T16:00:00Z,0.55376,0.0,0.55376,OK,OTHER_QH_IN_SAME_HOUR_INVALID
2025-06-26T16:15:00Z,2025-06-26T19:15:00+03:00,2025-06-26T16:00:00Z,1.04614,0.0,1.04614,ALPHA_OUTSIDE_SIMPLEX,ALPHA_OUTSIDE_SIMPLEX
2025-06-26T16:30:00Z,2025-06-26T19:30:00+03:00,2025-06-26T16:00:00Z,0.9645,0.0,0.9645,OK,OTHER_QH_IN_SAME_HOUR_INVALID
2025-06-26T16:45:00Z,2025-06-26T19:45:00+03:00,2025-06-26T16:00:00Z,1.47846,0.0,1.47846,ALPHA_OUTSIDE_SIMPLEX,ALPHA_OUTSIDE_SIMPLEX
2025-06-26T17:00:00Z,2025-06-26T20:00:00+03:00,2025-06-26T17:00:00Z,1.27318,0.0,1.27318,ALPHA_OUTSIDE_SIMPLEX,ALPHA_OUTSIDE_SIMPLEX
2025-06-26T17:15:00Z,2025-06-26T20:15:00+03:00,2025-06-26T17:00:00Z,1.27674,0.0,1.27674,ALPHA_OUTSIDE_SIMPLEX,ALPHA_OUTSIDE_SIMPLEX
2025-06-26T17:30:00Z,2025-06-26T20:30:00+03:00,2025-06-26T17:00:00Z,0.2918,0.00092,0.29272,OK,OTHER_QH_IN_SAME_HOUR_INVALID
2025-06-26T17:45:00Z,2025-06-26T20:45:00+03:00,2025-06-26T17:00:00Z,0.26342,0.00037999999999999997,0.2638,OK,OTHER_QH_IN_SAME_HOUR_INVALID
2025-06-27T06:00:00Z,2025-06-27T09:00:00+03:00,2025-06-27T06:00:00Z,0.74518,0.0,0.74518,OK,OTHER_QH_IN_SAME_HOUR_INVALID
2025-06-27T06:15:00Z,2025-06-27T09:15:00+03:00,2025-06-27T06:00:00Z,1.04128,0.0,1.04128,ALPHA_OUTSIDE_SIMPLEX,ALPHA_OUTSIDE_SIMPLEX
2025-06-27T06:30:00Z,2025-06-27T09:30:00+03:00,2025-06-27T06:00:00Z,0.36924,0.0,0.36924,OK,OTHER_QH_IN_SAME_HOUR_INVALID
2025-06-27T06:45:00Z,2025-06-27T09:45:00+03:00,2025-06-27T06:00:00Z,0.00188,0.09824,0.10012,OK,OTHER_QH_IN_SAME_HOUR_INVALID
2025-06-27T07:00:00Z,2025-06-27T10:00:00+03:00,2025-06-27T07:00:00Z,1.14308,0.0013800000000000002,1.14446,ALPHA_OUTSIDE_SIMPLEX,ALPHA_OUTSIDE_SIMPLEX
2025-06-27T07:15:00Z,2025-06-27T10:15:00+03:00,2025-06-27T07:00:00Z,0.72796,0.0,0.72796,OK,OTHER_QH_IN_SAME_HOUR_INVALID
2025-06-27T07:30:00Z,2025-06-27T10:30:00+03:00,2025-06-27T07:00:00Z,0.00362,0.00752,0.01114,OK,OTHER_QH_IN_SAME_HOUR_INVALID
2025-06-27T07:45:00Z,2025-06-27T10:45:00+03:00,2025-06-27T07:00:00Z,0.00592,0.0059,0.01182,OK,OTHER_QH_IN_SAME_HOUR_INVALID
2025-06-27T12:00:00Z,2025-06-27T15:00:00+03:00,2025-06-27T12:00:00Z,0.0,1.51234,1.51234,ALPHA_OUTSIDE_SIMPLEX,ALPHA_OUTSIDE_SIMPLEX
2025-06-27T12:15:00Z,2025-06-27T15:15:00+03:00,2025-06-27T12:00:00Z,0.0,0.73764,0.73764,OK,OTHER_QH_IN_SAME_HOUR_INVALID
2025-06-27T12:30:00Z,2025-06-27T15:30:00+03:00,2025-06-27T12:00:00Z,0.0,0.36082000000000003,0.36082000000000003,OK,OTHER_QH_IN_SAME_HOUR_INVALID
2025-06-27T12:45:00Z,2025-06-27T15:45:00+03:00,2025-06-27T12:00:00Z,0.0,0.59702,0.59702,OK,OTHER_QH_IN_SAME_HOUR_INVALID
2025-06-29T16:00:00Z,2025-06-29T19:00:00+03:00,2025-06-29T16:00:00Z,0.19591999999999998,0.0,0.19591999999999998,OK,OTHER_QH_IN_SAME_HOUR_INVALID
2025-06-29T16:15:00Z,2025-06-29T19:15:00+03:00,2025-06-29T16:00:00Z,0.70572,0.0,0.70572,OK,OTHER_QH_IN_SAME_HOUR_INVALID
2025-06-29T16:30:00Z,2025-06-29T19:30:00+03:00,2025-06-29T16:00:00Z,0.82938,0.0,0.82938,OK,OTHER_QH_IN_SAME_HOUR_INVALID
2025-06-29T16:45:00Z,2025-06-29T19:45:00+03:00,2025-06-29T16:00:00Z,1.0302200000000001,0.0,1.0302200000000001,ALPHA_OUTSIDE_SIMPLEX,ALPHA_OUTSIDE_SIMPLEX
2025-06-30T06:00:00Z,2025-06-30T09:00:00+03:00,2025-06-30T06:00:00Z,0.0,0.35631999999999997,0.35631999999999997,OK,OTHER_QH_IN_SAME_HOUR_INVALID
2025-06-30T06:15:00Z,2025-06-30T09:15:00+03:00,2025-06-30T06:00:00Z,0.00012,0.22640000000000002,0.22652000000000003,OK,OTHER_QH_IN_SAME_HOUR_INVALID
2025-06-30T06:30:00Z,2025-06-30T09:30:00+03:00,2025-06-30T06:00:00Z,0.0,0.44542000000000004,0.44542000000000004,OK,OTHER_QH_IN_SAME_HOUR_INVALID
2025-06-30T06:45:00Z,2025-06-30T09:45:00+03:00,2025-06-30T06:00:00Z,0.0,1.1825400000000001,1.1825400000000001,ALPHA_OUTSIDE_SIMPLEX,ALPHA_OUTSIDE_SIMPLEX
2025-06-30T19:00:00Z,2025-06-30T22:00:00+03:00,2025-06-30T19:00:00Z,0.3607,0.0,0.3607,OK,OTHER_QH_IN_SAME_HOUR_INVALID
2025-06-30T19:15:00Z,2025-06-30T22:15:00+03:00,2025-06-30T19:00:00Z,0.013879999999999998,0.0011799999999999998,0.015059999999999999,OK,OTHER_QH_IN_SAME_HOUR_INVALID
2025-06-30T19:30:00Z,2025-06-30T22:30:00+03:00,2025-06-30T19:00:00Z,0.00034,0.43436,0.43470000000000003,OK,OTHER_QH_IN_SAME_HOUR_INVALID
2025-06-30T19:45:00Z,2025-06-30T22:45:00+03:00,2025-06-30T19:00:00Z,0.0,1.35728,1.35728,ALPHA_OUTSIDE_SIMPLEX,ALPHA_OUTSIDE_SIMPLEX
2025-07-01T05:00:00Z,2025-07-01T08:00:00+03:00,2025-07-01T05:00:00Z,6e-05,0.09,0.09006,OK,OTHER_QH_IN_SAME_HOUR_INVALID
2025-07-01T05:15:00Z,2025-07-01T08:15:00+03:00,2025-07-01T05:00:00Z,0.0,0.27338,0.27338,OK,OTHER_QH_IN_SAME_HOUR_INVALID
2025-07-01T05:30:00Z,2025-07-01T08:30:00+03:00,2025-07-01T05:00:00Z,0.0,0.42723999999999995,0.42723999999999995,OK,OTHER_QH_IN_SAME_HOUR_INVALID
2025-07-01T05:45:00Z,2025-07-01T08:45:00+03:00,2025-07-01T05:00:00Z,0.0,1.0497400000000001,1.0497400000000001,ALPHA_OUTSIDE_SIMPLEX,ALPHA_OUTSIDE_SIMPLEX
2025-07-01T08:00:00Z,2025-07-01T11:00:00+03:00,2025-07-01T08:00:00Z,0.0,0.86654,0.86654,OK,OTHER_QH_IN_SAME_HOUR_INVALID
2025-07-01T08:15:00Z,2025-07-01T11:15:00+03:00,2025-07-01T08:00:00Z,0.0,1.06946,1.06946,ALPHA_OUTSIDE_SIMPLEX,ALPHA_OUTSIDE_SIMPLEX
2025-07-01T08:30:00Z,2025-07-01T11:30:00+03:00,2025-07-01T08:00:00Z,0.0,0.78408,0.78408,OK,OTHER_QH_IN_SAME_HOUR_INVALID
2025-07-01T08:45:00Z,2025-07-01T11:45:00+03:00,2025-07-01T08:00:00Z,0.0,0.6785800000000001,0.6785800000000001,OK,OTHER_QH_IN_SAME_HOUR_INVALID
2025-07-01T12:00:00Z,2025-07-01T15:00:00+03:00,2025-07-01T12:00:00Z,0.0,1.0568600000000001,1.0568600000000001,ALPHA_OUTSIDE_SIMPLEX,ALPHA_OUTSIDE_SIMPLEX
2025-07-01T12:15:00Z,2025-07-01T15:15:00+03:00,2025-07-01T12:00:00Z,0.0,0.91208,0.91208,OK,OTHER_QH_IN_SAME_HOUR_INVALID
2025-07-01T12:30:00Z,2025-07-01T15:30:00+03:00,2025-07-01T12:00:00Z,0.0,0.74042,0.74042,OK,OTHER_QH_IN_SAME_HOUR_INVALID
2025-07-01T12:45:00Z,2025-07-01T15:45:00+03:00,2025-07-01T12:00:00Z,0.0009,0.0917,0.0926,OK,OTHER_QH_IN_SAME_HOUR_INVALID
2025-07-01T19:00:00Z,2025-07-01T22:00:00+03:00,2025-07-01T19:00:00Z,0.79946,0.0,0.79946,OK,OTHER_QH_IN_SAME_HOUR_INVALID
2025-07-01T19:15:00Z,2025-07-01T22:15:00+03:00,2025-07-01T19:00:00Z,0.37998,0.00252,0.3825,OK,OTHER_QH_IN_SAME_HOUR_INVALID
2025-07-01T19:30:00Z,2025-07-01T22:30:00+03:00,2025-07-01T19:00:00Z,0.0,0.31616,0.31616,OK,OTHER_QH_IN_SAME_HOUR_INVALID
2025-07-01T19:45:00Z,2025-07-01T22:45:00+03:00,2025-07-01T19:00:00Z,0.0,1.00272,1.00272,ALPHA_OUTSIDE_SIMPLEX,ALPHA_OUTSIDE_SIMPLEX
2025-07-02T02:00:00Z,2025-07-02T05:00:00+03:00,2025-07-02T02:00:00Z,0.0,0.08222,0.08222,OK,OTHER_QH_IN_SAME_HOUR_INVALID
2025-07-02T02:15:00Z,2025-07-02T05:15:00+03:00,2025-07-02T02:00:00Z,0.0,0.5324,0.5324,OK,OTHER_QH_IN_SAME_HOUR_INVALID
2025-07-02T02:30:00Z,2025-07-02T05:30:00+03:00,2025-07-02T02:00:00Z,0.0,0.66628,0.66628,OK,OTHER_QH_IN_SAME_HOUR_INVALID
2025-07-02T02:45:00Z,2025-07-02T05:45:00+03:00,2025-07-02T02:00:00Z,0.0,1.51214,1.51214,ALPHA_OUTSIDE_SIMPLEX,ALPHA_OUTSIDE_SIMPLEX
2025-07-02T03:00:00Z,2025-07-02T06:00:00+03:00,2025-07-02T03:00:00Z,0.0,1.27722,1.27722,ALPHA_OUTSIDE_SIMPLEX,ALPHA_OUTSIDE_SIMPLEX
2025-07-02T03:15:00Z,2025-07-02T06:15:00+03:00,2025-07-02T03:00:00Z,0.0,1.52742,1.52742,ALPHA_OUTSIDE_SIMPLEX,ALPHA_OUTSIDE_SIMPLEX
2025-07-02T03:30:00Z,2025-07-02T06:30:00+03:00,2025-07-02T03:00:00Z,0.0,1.20642,1.20642,ALPHA_OUTSIDE_SIMPLEX,ALPHA_OUTSIDE_SIMPLEX
2025-07-02T03:45:00Z,2025-07-02T06:45:00+03:00,2025-07-02T03:00:00Z,0.0,0.6443800000000001,0.6443800000000001,OK,OTHER_QH_IN_SAME_HOUR_INVALID
2025-07-02T05:00:00Z,2025-07-02T08:00:00+03:00,2025-07-02T05:00:00Z,0.0024,0.00494,0.007339999999999999,OK,OTHER_QH_IN_SAME_HOUR_INVALID
2025-07-02T05:15:00Z,2025-07-02T08:15:00+03:00,2025-07-02T05:00:00Z,0.0,0.030600000000000002,0.030600000000000002,OK,OTHER_QH_IN_SAME_HOUR_INVALID
2025-07-02T05:30:00Z,2025-07-02T08:30:00+03:00,2025-07-02T05:00:00Z,0.0,0.6520600000000001,0.6520600000000001,OK,OTHER_QH_IN_SAME_HOUR_INVALID
2025-07-02T05:45:00Z,2025-07-02T08:45:00+03:00,2025-07-02T05:00:00Z,0.0,1.6068799999999999,1.6068799999999999,ALPHA_OUTSIDE_SIMPLEX,ALPHA_OUTSIDE_SIMPLEX
2025-07-02T14:00:00Z,2025-07-02T17:00:00+03:00,2025-07-02T14:00:00Z,0.0,1.12014,1.12014,ALPHA_OUTSIDE_SIMPLEX,ALPHA_OUTSIDE_SIMPLEX
2025-07-02T14:15:00Z,2025-07-02T17:15:00+03:00,2025-07-02T14:00:00Z,0.0,0.50518,0.50518,OK,OTHER_QH_IN_SAME_HOUR_INVALID
2025-07-02T14:30:00Z,2025-07-02T17:30:00+03:00,2025-07-02T14:00:00Z,0.0,0.44564,0.44564,OK,OTHER_QH_IN_SAME_HOUR_INVALID
2025-07-02T14:45:00Z,2025-07-02T17:45:00+03:00,2025-07-02T14:00:00Z,0.00388,0.0101,0.01398,OK,OTHER_QH_IN_SAME_HOUR_INVALID
2025-07-04T15:00:00Z,2025-07-04T18:00:00+03:00,2025-07-04T15:00:00Z,0.012119999999999999,0.0091,0.02122,OK,OTHER_QH_IN_SAME_HOUR_INVALID
2025-07-04T15:15:00Z,2025-07-04T18:15:00+03:00,2025-07-04T15:00:00Z,0.07256,0.0001,0.07266,OK,OTHER_QH_IN_SAME_HOUR_INVALID
2025-07-04T15:30:00Z,2025-07-04T18:30:00+03:00,2025-07-04T15:00:00Z,0.09448000000000001,0.0005600000000000001,0.09504000000000001,OK,OTHER_QH_IN_SAME_HOUR_INVALID
2025-07-04T15:45:00Z,2025-07-04T18:45:00+03:00,2025-07-04T15:00:00Z,1.12228,0.0,1.12228,ALPHA_OUTSIDE_SIMPLEX,ALPHA_OUTSIDE_SIMPLEX
2025-07-04T19:00:00Z,2025-07-04T22:00:00+03:00,2025-07-04T19:00:00Z,1.4299199999999999,0.0,1.4299199999999999,ALPHA_OUTSIDE_SIMPLEX,ALPHA_OUTSIDE_SIMPLEX
2025-07-04T19:15:00Z,2025-07-04T22:15:00+03:00,2025-07-04T19:00:00Z,0.77614,0.0,0.77614,OK,OTHER_QH_IN_SAME_HOUR_INVALID
2025-07-04T19:30:00Z,2025-07-04T22:30:00+03:00,2025-07-04T19:00:00Z,0.01602,0.0022,0.01822,OK,OTHER_QH_IN_SAME_HOUR_INVALID
2025-07-04T19:45:00Z,2025-07-04T22:45:00+03:00,2025-07-04T19:00:00Z,0.00148,0.00254,0.00402,OK,OTHER_QH_IN_SAME_HOUR_INVALID
2025-07-05T15:00:00Z,2025-07-05T18:00:00+03:00,2025-07-05T15:00:00Z,0.005180000000000001,1.3376599999999998,1.3428399999999998,ALPHA_OUTSIDE_SIMPLEX,ALPHA_OUTSIDE_SIMPLEX
2025-07-05T15:15:00Z,2025-07-05T18:15:00+03:00,2025-07-05T15:00:00Z,0.0,0.7408,0.7408,OK,OTHER_QH_IN_SAME_HOUR_INVALID
2025-07-05T15:30:00Z,2025-07-05T18:30:00+03:00,2025-07-05T15:00:00Z,0.00128,0.01616,0.01744,OK,OTHER_QH_IN_SAME_HOUR_INVALID
2025-07-05T15:45:00Z,2025-07-05T18:45:00+03:00,2025-07-05T15:00:00Z,0.0022400000000000002,0.00856,0.0108,OK,OTHER_QH_IN_SAME_HOUR_INVALID
2025-07-06T03:00:00Z,2025-07-06T06:00:00+03:00,2025-07-06T03:00:00Z,0.0,1.47334,1.47334,ALPHA_OUTSIDE_SIMPLEX,ALPHA_OUTSIDE_SIMPLEX
2025-07-06T03:15:00Z,2025-07-06T06:15:00+03:00,2025-07-06T03:00:00Z,0.0,1.16944,1.16944,ALPHA_OUTSIDE_SIMPLEX,ALPHA_OUTSIDE_SIMPLEX
2025-07-06T03:30:00Z,2025-07-06T06:30:00+03:00,2025-07-06T03:00:00Z,0.0,1.4784,1.4784,ALPHA_OUTSIDE_SIMPLEX,ALPHA_OUTSIDE_SIMPLEX
2025-07-06T03:45:00Z,2025-07-06T06:45:00+03:00,2025-07-06T03:00:00Z,0.0,0.58434,0.58434,OK,OTHER_QH_IN_SAME_HOUR_INVALID
2025-07-06T09:00:00Z,2025-07-06T12:00:00+03:00,2025-07-06T09:00:00Z,0.26414000000000004,8e-05,0.26422000000000007,OK,OTHER_QH_IN_SAME_HOUR_INVALID
2025-07-06T09:15:00Z,2025-07-06T12:15:00+03:00,2025-07-06T09:00:00Z,1.00018,0.0,1.00018,ALPHA_OUTSIDE_SIMPLEX,ALPHA_OUTSIDE_SIMPLEX
2025-07-06T09:30:00Z,2025-07-06T12:30:00+03:00,2025-07-06T09:00:00Z,0.35037999999999997,0.0,0.35037999999999997,OK,OTHER_QH_IN_SAME_HOUR_INVALID
2025-07-06T09:45:00Z,2025-07-06T12:45:00+03:00,2025-07-06T09:00:00Z,0.01272,0.031560000000000005,0.04428000000000001,OK,OTHER_QH_IN_SAME_HOUR_INVALID
2025-07-06T14:00:00Z,2025-07-06T17:00:00+03:00,2025-07-06T14:00:00Z,0.0,0.8914,0.8914,OK,OTHER_QH_IN_SAME_HOUR_INVALID
2025-07-06T14:15:00Z,2025-07-06T17:15:00+03:00,2025-07-06T14:00:00Z,0.0,1.08986,1.08986,ALPHA_OUTSIDE_SIMPLEX,ALPHA_OUTSIDE_SIMPLEX
2025-07-06T14:30:00Z,2025-07-06T17:30:00+03:00,2025-07-06T14:00:00Z,0.0,1.06086,1.06086,ALPHA_OUTSIDE_SIMPLEX,ALPHA_OUTSIDE_SIMPLEX
2025-07-06T14:45:00Z,2025-07-06T17:45:00+03:00,2025-07-06T14:00:00Z,0.0,0.31132000000000004,0.31132000000000004,OK,OTHER_QH_IN_SAME_HOUR_INVALID
2025-07-08T16:00:00Z,2025-07-08T19:00:00+03:00,2025-07-08T16:00:00Z,0.004,0.01026,0.01426,OK,OTHER_QH_IN_SAME_HOUR_INVALID
2025-07-08T16:15:00Z,2025-07-08T19:15:00+03:00,2025-07-08T16:00:00Z,0.14326,0.0,0.14326,OK,OTHER_QH_IN_SAME_HOUR_INVALID
2025-07-08T16:30:00Z,2025-07-08T19:30:00+03:00,2025-07-08T16:00:00Z,0.52166,0.0,0.52166,OK,OTHER_QH_IN_SAME_HOUR_INVALID
2025-07-08T16:45:00Z,2025-07-08T19:45:00+03:00,2025-07-08T16:00:00Z,1.1957,0.0,1.1957,ALPHA_OUTSIDE_SIMPLEX,ALPHA_OUTSIDE_SIMPLEX
2025-07-08T17:00:00Z,2025-07-08T20:00:00+03:00,2025-07-08T17:00:00Z,0.38388,0.0,0.38388,OK,OTHER_QH_IN_SAME_HOUR_INVALID
2025-07-08T17:15:00Z,2025-07-08T20:15:00+03:00,2025-07-08T17:00:00Z,0.9661,0.0,0.9661,OK,OTHER_QH_IN_SAME_HOUR_INVALID
2025-07-08T17:30:00Z,2025-07-08T20:30:00+03:00,2025-07-08T17:00:00Z,1.1698600000000001,0.0,1.1698600000000001,ALPHA_OUTSIDE_SIMPLEX,ALPHA_OUTSIDE_SIMPLEX
2025-07-08T17:45:00Z,2025-07-08T20:45:00+03:00,2025-07-08T17:00:00Z,1.12982,0.0,1.12982,ALPHA_OUTSIDE_SIMPLEX,ALPHA_OUTSIDE_SIMPLEX
2025-07-09T06:00:00Z,2025-07-09T09:00:00+03:00,2025-07-09T06:00:00Z,0.00808,0.03324,0.041319999999999996,OK,OTHER_QH_IN_SAME_HOUR_INVALID
2025-07-09T06:15:00Z,2025-07-09T09:15:00+03:00,2025-07-09T06:00:00Z,0.63898,0.0,0.63898,OK,OTHER_QH_IN_SAME_HOUR_INVALID
2025-07-09T06:30:00Z,2025-07-09T09:30:00+03:00,2025-07-09T06:00:00Z,1.26678,0.0,1.26678,ALPHA_OUTSIDE_SIMPLEX,ALPHA_OUTSIDE_SIMPLEX
2025-07-09T06:45:00Z,2025-07-09T09:45:00+03:00,2025-07-09T06:00:00Z,1.296,0.0,1.296,ALPHA_OUTSIDE_SIMPLEX,ALPHA_OUTSIDE_SIMPLEX
2025-07-09T07:00:00Z,2025-07-09T10:00:00+03:00,2025-07-09T07:00:00Z,1.05318,0.0,1.05318,ALPHA_OUTSIDE_SIMPLEX,ALPHA_OUTSIDE_SIMPLEX
2025-07-09T07:15:00Z,2025-07-09T10:15:00+03:00,2025-07-09T07:00:00Z,0.616,0.00164,0.61764,OK,OTHER_QH_IN_SAME_HOUR_INVALID
2025-07-09T07:30:00Z,2025-07-09T10:30:00+03:00,2025-07-09T07:00:00Z,0.07344,0.00066,0.0741,OK,OTHER_QH_IN_SAME_HOUR_INVALID
2025-07-09T07:45:00Z,2025-07-09T10:45:00+03:00,2025-07-09T07:00:00Z,0.13116,0.0034799999999999996,0.13464,OK,OTHER_QH_IN_SAME_HOUR_INVALID
2025-07-09T16:00:00Z,2025-07-09T19:00:00+03:00,2025-07-09T16:00:00Z,0.0,2.16884,2.16884,ALPHA_OUTSIDE_SIMPLEX,ALPHA_OUTSIDE_SIMPLEX
2025-07-09T16:15:00Z,2025-07-09T19:15:00+03:00,2025-07-09T16:00:00Z,0.0,1.84648,1.84648,ALPHA_OUTSIDE_SIMPLEX,ALPHA_OUTSIDE_SIMPLEX
2025-07-09T16:30:00Z,2025-07-09T19:30:00+03:00,2025-07-09T16:00:00Z,0.0,0.6742,0.6742,OK,OTHER_QH_IN_SAME_HOUR_INVALID
2025-07-09T16:45:00Z,2025-07-09T19:45:00+03:00,2025-07-09T16:00:00Z,0.00398,0.00226,0.00624,OK,OTHER_QH_IN_SAME_HOUR_INVALID
2025-07-10T05:00:00Z,2025-07-10T08:00:00+03:00,2025-07-10T05:00:00Z,0.0,1.186,1.186,ALPHA_OUTSIDE_SIMPLEX,ALPHA_OUTSIDE_SIMPLEX
2025-07-10T05:15:00Z,2025-07-10T08:15:00+03:00,2025-07-10T05:00:00Z,0.0,1.02156,1.02156,ALPHA_OUTSIDE_SIMPLEX,ALPHA_OUTSIDE_SIMPLEX
2025-07-10T05:30:00Z,2025-07-10T08:30:00+03:00,2025-07-10T05:00:00Z,0.00096,0.10178000000000001,0.10274000000000001,OK,OTHER_QH_IN_SAME_HOUR_INVALID
2025-07-10T05:45:00Z,2025-07-10T08:45:00+03:00,2025-07-10T05:00:00Z,0.0007199999999999999,0.48552,0.48624,OK,OTHER_QH_IN_SAME_HOUR_INVALID
2025-07-10T19:00:00Z,2025-07-10T22:00:00+03:00,2025-07-10T19:00:00Z,0.00028000000000000003,0.08912,0.08940000000000001,OK,OTHER_QH_IN_SAME_HOUR_INVALID
2025-07-10T19:15:00Z,2025-07-10T22:15:00+03:00,2025-07-10T19:00:00Z,0.0,0.19508,0.19508,OK,OTHER_QH_IN_SAME_HOUR_INVALID
2025-07-10T19:30:00Z,2025-07-10T22:30:00+03:00,2025-07-10T19:00:00Z,0.0,0.7915800000000001,0.7915800000000001,OK,OTHER_QH_IN_SAME_HOUR_INVALID
2025-07-10T19:45:00Z,2025-07-10T22:45:00+03:00,2025-07-10T19:00:00Z,0.0,2.03832,2.03832,ALPHA_OUTSIDE_SIMPLEX,ALPHA_OUTSIDE_SIMPLEX
2025-07-11T15:00:00Z,2025-07-11T18:00:00+03:00,2025-07-11T15:00:00Z,0.0,0.5744,0.5744,OK,OTHER_QH_IN_SAME_HOUR_INVALID
2025-07-11T15:15:00Z,2025-07-11T18:15:00+03:00,2025-07-11T15:00:00Z,0.0,0.7166,0.7166,OK,OTHER_QH_IN_SAME_HOUR_INVALID
2025-07-11T15:30:00Z,2025-07-11T18:30:00+03:00,2025-07-11T15:00:00Z,0.0,1.4016,1.4016,ALPHA_OUTSIDE_SIMPLEX,ALPHA_OUTSIDE_SIMPLEX
2025-07-11T15:45:00Z,2025-07-11T18:45:00+03:00,2025-07-11T15:00:00Z,0.0,0.51876,0.51876,OK,OTHER_QH_IN_SAME_HOUR_INVALID
2025-07-13T01:00:00Z,2025-07-13T04:00:00+03:00,2025-07-13T01:00:00Z,,,,ALPHA_UNCOMPUTABLE,ALPHA_UNCOMPUTABLE
2025-07-13T01:15:00Z,2025-07-13T04:15:00+03:00,2025-07-13T01:00:00Z,0.0001,0.17476,0.17486,OK,OTHER_QH_IN_SAME_HOUR_INVALID
2025-07-13T01:30:00Z,2025-07-13T04:30:00+03:00,2025-07-13T01:00:00Z,0.00178,0.00632,0.0081,OK,OTHER_QH_IN_SAME_HOUR_INVALID
2025-07-13T01:45:00Z,2025-07-13T04:45:00+03:00,2025-07-13T01:00:00Z,0.00016,0.06644,0.06659999999999999,OK,OTHER_QH_IN_SAME_HOUR_INVALID
2025-07-14T06:00:00Z,2025-07-14T09:00:00+03:00,2025-07-14T06:00:00Z,0.8005800000000001,0.0,0.8005800000000001,OK,OTHER_QH_IN_SAME_HOUR_INVALID
2025-07-14T06:15:00Z,2025-07-14T09:15:00+03:00,2025-07-14T06:00:00Z,1.01016,0.0,1.01016,ALPHA_OUTSIDE_SIMPLEX,ALPHA_OUTSIDE_SIMPLEX
2025-07-14T06:30:00Z,2025-07-14T09:30:00+03:00,2025-07-14T06:00:00Z,0.5788,0.0,0.5788,OK,OTHER_QH_IN_SAME_HOUR_INVALID
2025-07-14T06:45:00Z,2025-07-14T09:45:00+03:00,2025-07-14T06:00:00Z,0.056139999999999995,0.0,0.056139999999999995,OK,OTHER_QH_IN_SAME_HOUR_INVALID
2025-07-17T13:00:00Z,2025-07-17T16:00:00+03:00,2025-07-17T13:00:00Z,0.057999999999999996,6e-05,0.058059999999999994,OK,OTHER_QH_IN_SAME_HOUR_INVALID
2025-07-17T13:15:00Z,2025-07-17T16:15:00+03:00,2025-07-17T13:00:00Z,0.2696,0.0,0.2696,OK,OTHER_QH_IN_SAME_HOUR_INVALID
2025-07-17T13:30:00Z,2025-07-17T16:30:00+03:00,2025-07-17T13:00:00Z,0.68174,0.0,0.68174,OK,OTHER_QH_IN_SAME_HOUR_INVALID
2025-07-17T13:45:00Z,2025-07-17T16:45:00+03:00,2025-07-17T13:00:00Z,1.0403799999999999,0.0,1.0403799999999999,ALPHA_OUTSIDE_SIMPLEX,ALPHA_OUTSIDE_SIMPLEX
2025-07-17T16:00:00Z,2025-07-17T19:00:00+03:00,2025-07-17T16:00:00Z,6e-05,1.06092,1.06098,ALPHA_OUTSIDE_SIMPLEX,ALPHA_OUTSIDE_SIMPLEX
2025-07-17T16:15:00Z,2025-07-17T19:15:00+03:00,2025-07-17T16:00:00Z,0.0,1.2579,1.2579,ALPHA_OUTSIDE_SIMPLEX,ALPHA_OUTSIDE_SIMPLEX
2025-07-17T16:30:00Z,2025-07-17T19:30:00+03:00,2025-07-17T16:00:00Z,2e-05,0.7700199999999999,0.77004,OK,OTHER_QH_IN_SAME_HOUR_INVALID
2025-07-17T16:45:00Z,2025-07-17T19:45:00+03:00,2025-07-17T16:00:00Z,0.00522,0.00086,0.0060799999999999995,OK,OTHER_QH_IN_SAME_HOUR_INVALID
2025-07-17T19:00:00Z,2025-07-17T22:00:00+03:00,2025-07-17T19:00:00Z,0.0,0.26842,0.26842,OK,OTHER_QH_IN_SAME_HOUR_INVALID
2025-07-17T19:15:00Z,2025-07-17T22:15:00+03:00,2025-07-17T19:00:00Z,0.0,0.96856,0.96856,OK,OTHER_QH_IN_SAME_HOUR_INVALID
2025-07-17T19:30:00Z,2025-07-17T22:30:00+03:00,2025-07-17T19:00:00Z,0.0,1.4748400000000002,1.4748400000000002,ALPHA_OUTSIDE_SIMPLEX,ALPHA_OUTSIDE_SIMPLEX
2025-07-17T19:45:00Z,2025-07-17T22:45:00+03:00,2025-07-17T19:00:00Z,0.0,0.53272,0.53272,OK,OTHER_QH_IN_SAME_HOUR_INVALID
2025-07-17T23:00:00Z,2025-07-18T02:00:00+03:00,2025-07-17T23:00:00Z,0.01176,0.00596,0.01772,OK,OTHER_QH_IN_SAME_HOUR_INVALID
2025-07-17T23:15:00Z,2025-07-18T02:15:00+03:00,2025-07-17T23:00:00Z,0.0,0.34554,0.34554,OK,OTHER_QH_IN_SAME_HOUR_INVALID
2025-07-17T23:30:00Z,2025-07-18T02:30:00+03:00,2025-07-17T23:00:00Z,0.0,1.0388,1.0388,ALPHA_OUTSIDE_SIMPLEX,ALPHA_OUTSIDE_SIMPLEX
2025-07-17T23:45:00Z,2025-07-18T02:45:00+03:00,2025-07-17T23:00:00Z,0.0,1.37836,1.37836,ALPHA_OUTSIDE_SIMPLEX,ALPHA_OUTSIDE_SIMPLEX
2025-07-18T09:00:00Z,2025-07-18T12:00:00+03:00,2025-07-18T09:00:00Z,0.0,0.8894,0.8894,OK,OTHER_QH_IN_SAME_HOUR_INVALID
2025-07-18T09:15:00Z,2025-07-18T12:15:00+03:00,2025-07-18T09:00:00Z,0.0,1.47468,1.47468,ALPHA_OUTSIDE_SIMPLEX,ALPHA_OUTSIDE_SIMPLEX
2025-07-18T09:30:00Z,2025-07-18T12:30:00+03:00,2025-07-18T09:00:00Z,0.0,0.95128,0.95128,OK,OTHER_QH_IN_SAME_HOUR_INVALID
2025-07-18T09:45:00Z,2025-07-18T12:45:00+03:00,2025-07-18T09:00:00Z,0.0,0.80026,0.80026,OK,OTHER_QH_IN_SAME_HOUR_INVALID
2025-07-18T12:00:00Z,2025-07-18T15:00:00+03:00,2025-07-18T12:00:00Z,0.0,1.1260599999999998,1.1260599999999998,ALPHA_OUTSIDE_SIMPLEX,ALPHA_OUTSIDE_SIMPLEX
2025-07-18T12:15:00Z,2025-07-18T15:15:00+03:00,2025-07-18T12:00:00Z,0.0,1.07312,1.07312,ALPHA_OUTSIDE_SIMPLEX,ALPHA_OUTSIDE_SIMPLEX
2025-07-18T12:30:00Z,2025-07-18T15:30:00+03:00,2025-07-18T12:00:00Z,0.0,0.68434,0.68434,OK,OTHER_QH_IN_SAME_HOUR_INVALID
2025-07-18T12:45:00Z,2025-07-18T15:45:00+03:00,2025-07-18T12:00:00Z,0.00242,0.02336,0.025779999999999997,OK,OTHER_QH_IN_SAME_HOUR_INVALID
2025-07-18T15:00:00Z,2025-07-18T18:00:00+03:00,2025-07-18T15:00:00Z,0.0,1.19286,1.19286,ALPHA_OUTSIDE_SIMPLEX,ALPHA_OUTSIDE_SIMPLEX
2025-07-18T15:15:00Z,2025-07-18T18:15:00+03:00,2025-07-18T15:00:00Z,0.0,0.68524,0.68524,OK,OTHER_QH_IN_SAME_HOUR_INVALID
2025-07-18T15:30:00Z,2025-07-18T18:30:00+03:00,2025-07-18T15:00:00Z,0.00108,0.14148,0.14256,OK,OTHER_QH_IN_SAME_HOUR_INVALID
2025-07-18T15:45:00Z,2025-07-18T18:45:00+03:00,2025-07-18T15:00:00Z,0.00124,0.00974,0.01098,OK,OTHER_QH_IN_SAME_HOUR_INVALID
2025-07-18T18:00:00Z,2025-07-18T21:00:00+03:00,2025-07-18T18:00:00Z,0.0,1.62514,1.62514,ALPHA_OUTSIDE_SIMPLEX,ALPHA_OUTSIDE_SIMPLEX
2025-07-18T18:15:00Z,2025-07-18T21:15:00+03:00,2025-07-18T18:00:00Z,0.0,1.3090000000000002,1.3090000000000002,ALPHA_OUTSIDE_SIMPLEX,ALPHA_OUTSIDE_SIMPLEX
2025-07-18T18:30:00Z,2025-07-18T21:30:00+03:00,2025-07-18T18:00:00Z,0.0,0.65448,0.65448,OK,OTHER_QH_IN_SAME_HOUR_INVALID
2025-07-18T18:45:00Z,2025-07-18T21:45:00+03:00,2025-07-18T18:00:00Z,0.0,0.32948,0.32948,OK,OTHER_QH_IN_SAME_HOUR_INVALID
2025-07-22T04:00:00Z,2025-07-22T07:00:00+03:00,2025-07-22T04:00:00Z,0.8357800000000001,0.0,0.8357800000000001,OK,OTHER_QH_IN_SAME_HOUR_INVALID
2025-07-22T04:15:00Z,2025-07-22T07:15:00+03:00,2025-07-22T04:00:00Z,1.45348,0.0,1.45348,ALPHA_OUTSIDE_SIMPLEX,ALPHA_OUTSIDE_SIMPLEX
2025-07-22T04:30:00Z,2025-07-22T07:30:00+03:00,2025-07-22T04:00:00Z,1.42204,0.0,1.42204,ALPHA_OUTSIDE_SIMPLEX,ALPHA_OUTSIDE_SIMPLEX
2025-07-22T04:45:00Z,2025-07-22T07:45:00+03:00,2025-07-22T04:00:00Z,1.37804,0.0,1.37804,ALPHA_OUTSIDE_SIMPLEX,ALPHA_OUTSIDE_SIMPLEX
2025-07-22T05:00:00Z,2025-07-22T08:00:00+03:00,2025-07-22T05:00:00Z,1.18328,0.0,1.18328,ALPHA_OUTSIDE_SIMPLEX,ALPHA_OUTSIDE_SIMPLEX
2025-07-22T05:15:00Z,2025-07-22T08:15:00+03:00,2025-07-22T05:00:00Z,0.9294199999999999,0.0,0.9294199999999999,OK,OTHER_QH_IN_SAME_HOUR_INVALID
2025-07-22T05:30:00Z,2025-07-22T08:30:00+03:00,2025-07-22T05:00:00Z,0.60882,0.0,0.60882,OK,OTHER_QH_IN_SAME_HOUR_INVALID
2025-07-22T05:45:00Z,2025-07-22T08:45:00+03:00,2025-07-22T05:00:00Z,0.018000000000000002,0.40378000000000003,0.42178000000000004,OK,OTHER_QH_IN_SAME_HOUR_INVALID
2025-07-22T13:00:00Z,2025-07-22T16:00:00+03:00,2025-07-22T13:00:00Z,0.0,0.8012999999999999,0.8012999999999999,OK,OTHER_QH_IN_SAME_HOUR_INVALID
2025-07-22T13:15:00Z,2025-07-22T16:15:00+03:00,2025-07-22T13:00:00Z,0.0,1.00462,1.00462,ALPHA_OUTSIDE_SIMPLEX,ALPHA_OUTSIDE_SIMPLEX
2025-07-22T13:30:00Z,2025-07-22T16:30:00+03:00,2025-07-22T13:00:00Z,0.0,0.69478,0.69478,OK,OTHER_QH_IN_SAME_HOUR_INVALID
2025-07-22T13:45:00Z,2025-07-22T16:45:00+03:00,2025-07-22T13:00:00Z,0.00746,0.08006,0.08752,OK,OTHER_QH_IN_SAME_HOUR_INVALID
2025-07-22T16:00:00Z,2025-07-22T19:00:00+03:00,2025-07-22T16:00:00Z,0.0,1.37296,1.37296,ALPHA_OUTSIDE_SIMPLEX,ALPHA_OUTSIDE_SIMPLEX
2025-07-22T16:15:00Z,2025-07-22T19:15:00+03:00,2025-07-22T16:00:00Z,0.0,0.5049199999999999,0.5049199999999999,OK,OTHER_QH_IN_SAME_HOUR_INVALID
2025-07-22T16:30:00Z,2025-07-22T19:30:00+03:00,2025-07-22T16:00:00Z,0.006500000000000001,0.00262,0.00912,OK,OTHER_QH_IN_SAME_HOUR_INVALID
2025-07-22T16:45:00Z,2025-07-22T19:45:00+03:00,2025-07-22T16:00:00Z,0.0051400000000000005,0.00116,0.0063,OK,OTHER_QH_IN_SAME_HOUR_INVALID
2025-07-23T13:00:00Z,2025-07-23T16:00:00+03:00,2025-07-23T13:00:00Z,0.0,1.0993000000000002,1.0993000000000002,ALPHA_OUTSIDE_SIMPLEX,ALPHA_OUTSIDE_SIMPLEX
2025-07-23T13:15:00Z,2025-07-23T16:15:00+03:00,2025-07-23T13:00:00Z,0.0,0.78566,0.78566,OK,OTHER_QH_IN_SAME_HOUR_INVALID
2025-07-23T13:30:00Z,2025-07-23T16:30:00+03:00,2025-07-23T13:00:00Z,0.00034,0.31992,0.32026,OK,OTHER_QH_IN_SAME_HOUR_INVALID
2025-07-23T13:45:00Z,2025-07-23T16:45:00+03:00,2025-07-23T13:00:00Z,0.00114,0.010860000000000002,0.012000000000000002,OK,OTHER_QH_IN_SAME_HOUR_INVALID
2025-07-23T15:00:00Z,2025-07-23T18:00:00+03:00,2025-07-23T15:00:00Z,0.05028,0.0,0.05028,OK,OTHER_QH_IN_SAME_HOUR_INVALID
2025-07-23T15:15:00Z,2025-07-23T18:15:00+03:00,2025-07-23T15:00:00Z,0.58652,0.0,0.58652,OK,OTHER_QH_IN_SAME_HOUR_INVALID
2025-07-23T15:30:00Z,2025-07-23T18:30:00+03:00,2025-07-23T15:00:00Z,0.7072799999999999,0.0,0.7072799999999999,OK,OTHER_QH_IN_SAME_HOUR_INVALID
2025-07-23T15:45:00Z,2025-07-23T18:45:00+03:00,2025-07-23T15:00:00Z,1.00882,0.0,1.00882,ALPHA_OUTSIDE_SIMPLEX,ALPHA_OUTSIDE_SIMPLEX
2025-07-24T19:00:00Z,2025-07-24T22:00:00+03:00,2025-07-24T19:00:00Z,1.0534000000000001,0.0,1.0534000000000001,ALPHA_OUTSIDE_SIMPLEX,ALPHA_OUTSIDE_SIMPLEX
2025-07-24T19:15:00Z,2025-07-24T22:15:00+03:00,2025-07-24T19:00:00Z,0.91974,0.0,0.91974,OK,OTHER_QH_IN_SAME_HOUR_INVALID
2025-07-24T19:30:00Z,2025-07-24T22:30:00+03:00,2025-07-24T19:00:00Z,0.23440000000000003,0.0013,0.23570000000000002,OK,OTHER_QH_IN_SAME_HOUR_INVALID
2025-07-24T19:45:00Z,2025-07-24T22:45:00+03:00,2025-07-24T19:00:00Z,0.01444,0.09974,0.11417999999999999,OK,OTHER_QH_IN_SAME_HOUR_INVALID
2025-07-25T16:00:00Z,2025-07-25T19:00:00+03:00,2025-07-25T16:00:00Z,0.025099999999999997,0.01734,0.04244,OK,OTHER_QH_IN_SAME_HOUR_INVALID
2025-07-25T16:15:00Z,2025-07-25T19:15:00+03:00,2025-07-25T16:00:00Z,0.48512,0.0,0.48512,OK,OTHER_QH_IN_SAME_HOUR_INVALID
2025-07-25T16:30:00Z,2025-07-25T19:30:00+03:00,2025-07-25T16:00:00Z,0.79264,0.0,0.79264,OK,OTHER_QH_IN_SAME_HOUR_INVALID
2025-07-25T16:45:00Z,2025-07-25T19:45:00+03:00,2025-07-25T16:00:00Z,1.09852,0.0,1.09852,ALPHA_OUTSIDE_SIMPLEX,ALPHA_OUTSIDE_SIMPLEX
2025-07-25T18:00:00Z,2025-07-25T21:00:00+03:00,2025-07-25T18:00:00Z,0.4204,0.0,0.4204,OK,OTHER_QH_IN_SAME_HOUR_INVALID
2025-07-25T18:15:00Z,2025-07-25T21:15:00+03:00,2025-07-25T18:00:00Z,1.33352,0.0,1.33352,ALPHA_OUTSIDE_SIMPLEX,ALPHA_OUTSIDE_SIMPLEX
2025-07-25T18:30:00Z,2025-07-25T21:30:00+03:00,2025-07-25T18:00:00Z,1.51418,0.0,1.51418,ALPHA_OUTSIDE_SIMPLEX,ALPHA_OUTSIDE_SIMPLEX
2025-07-25T18:45:00Z,2025-07-25T21:45:00+03:00,2025-07-25T18:00:00Z,1.5165,0.0,1.5165,ALPHA_OUTSIDE_SIMPLEX,ALPHA_OUTSIDE_SIMPLEX
2025-07-25T19:00:00Z,2025-07-25T22:00:00+03:00,2025-07-25T19:00:00Z,1.21148,0.0,1.21148,ALPHA_OUTSIDE_SIMPLEX,ALPHA_OUTSIDE_SIMPLEX
2025-07-25T19:15:00Z,2025-07-25T22:15:00+03:00,2025-07-25T19:00:00Z,0.44171999999999995,0.00158,0.44329999999999997,OK,OTHER_QH_IN_SAME_HOUR_INVALID
2025-07-25T19:30:00Z,2025-07-25T22:30:00+03:00,2025-07-25T19:00:00Z,0.0016200000000000001,0.07035999999999999,0.07197999999999999,OK,OTHER_QH_IN_SAME_HOUR_INVALID
2025-07-25T19:45:00Z,2025-07-25T22:45:00+03:00,2025-07-25T19:00:00Z,0.0,0.43706,0.43706,OK,OTHER_QH_IN_SAME_HOUR_INVALID
2025-07-26T15:00:00Z,2025-07-26T18:00:00+03:00,2025-07-26T15:00:00Z,0.05732,0.00034,0.05766,OK,OTHER_QH_IN_SAME_HOUR_INVALID
2025-07-26T15:15:00Z,2025-07-26T18:15:00+03:00,2025-07-26T15:00:00Z,0.22870000000000001,0.0,0.22870000000000001,OK,OTHER_QH_IN_SAME_HOUR_INVALID
2025-07-26T15:30:00Z,2025-07-26T18:30:00+03:00,2025-07-26T15:00:00Z,0.47350000000000003,0.0,0.47350000000000003,OK,OTHER_QH_IN_SAME_HOUR_INVALID
2025-07-26T15:45:00Z,2025-07-26T18:45:00+03:00,2025-07-26T15:00:00Z,1.02602,0.0,1.02602,ALPHA_OUTSIDE_SIMPLEX,ALPHA_OUTSIDE_SIMPLEX
2025-07-27T14:00:00Z,2025-07-27T17:00:00+03:00,2025-07-27T14:00:00Z,0.20638,0.0,0.20638,OK,OTHER_QH_IN_SAME_HOUR_INVALID
2025-07-27T14:15:00Z,2025-07-27T17:15:00+03:00,2025-07-27T14:00:00Z,0.72136,0.0,0.72136,OK,OTHER_QH_IN_SAME_HOUR_INVALID
2025-07-27T14:30:00Z,2025-07-27T17:30:00+03:00,2025-07-27T14:00:00Z,1.1168,0.0,1.1168,ALPHA_OUTSIDE_SIMPLEX,ALPHA_OUTSIDE_SIMPLEX
2025-07-27T14:45:00Z,2025-07-27T17:45:00+03:00,2025-07-27T14:00:00Z,1.12954,0.0,1.12954,ALPHA_OUTSIDE_SIMPLEX,ALPHA_OUTSIDE_SIMPLEX
2025-07-27T15:00:00Z,2025-07-27T18:00:00+03:00,2025-07-27T15:00:00Z,0.33498,0.0,0.33498,OK,OTHER_QH_IN_SAME_HOUR_INVALID
2025-07-27T15:15:00Z,2025-07-27T18:15:00+03:00,2025-07-27T15:00:00Z,0.29236,0.0,0.29236,OK,OTHER_QH_IN_SAME_HOUR_INVALID
2025-07-27T15:30:00Z,2025-07-27T18:30:00+03:00,2025-07-27T15:00:00Z,0.8726600000000001,0.0,0.8726600000000001,OK,OTHER_QH_IN_SAME_HOUR_INVALID
2025-07-27T15:45:00Z,2025-07-27T18:45:00+03:00,2025-07-27T15:00:00Z,1.2576,0.0,1.2576,ALPHA_OUTSIDE_SIMPLEX,ALPHA_OUTSIDE_SIMPLEX
2025-07-28T03:00:00Z,2025-07-28T06:00:00+03:00,2025-07-28T03:00:00Z,0.0,1.0672,1.0672,ALPHA_OUTSIDE_SIMPLEX,ALPHA_OUTSIDE_SIMPLEX
2025-07-28T03:15:00Z,2025-07-28T06:15:00+03:00,2025-07-28T03:00:00Z,0.0,1.2276,1.2276,ALPHA_OUTSIDE_SIMPLEX,ALPHA_OUTSIDE_SIMPLEX
2025-07-28T03:30:00Z,2025-07-28T06:30:00+03:00,2025-07-28T03:00:00Z,0.0,1.3574199999999998,1.3574199999999998,ALPHA_OUTSIDE_SIMPLEX,ALPHA_OUTSIDE_SIMPLEX
2025-07-28T03:45:00Z,2025-07-28T06:45:00+03:00,2025-07-28T03:00:00Z,0.0,0.37054000000000004,0.37054000000000004,OK,OTHER_QH_IN_SAME_HOUR_INVALID
2025-07-28T22:00:00Z,2025-07-29T01:00:00+03:00,2025-07-28T22:00:00Z,0.45868000000000003,0.0,0.45868000000000003,OK,OTHER_QH_IN_SAME_HOUR_INVALID
2025-07-28T22:15:00Z,2025-07-29T01:15:00+03:00,2025-07-28T22:00:00Z,0.05362,0.00334,0.056960000000000004,OK,OTHER_QH_IN_SAME_HOUR_INVALID
2025-07-28T22:30:00Z,2025-07-29T01:30:00+03:00,2025-07-28T22:00:00Z,0.0,0.83474,0.83474,OK,OTHER_QH_IN_SAME_HOUR_INVALID
2025-07-28T22:45:00Z,2025-07-29T01:45:00+03:00,2025-07-28T22:00:00Z,0.0,1.9650800000000002,1.9650800000000002,ALPHA_OUTSIDE_SIMPLEX,ALPHA_OUTSIDE_SIMPLEX
2025-07-29T13:00:00Z,2025-07-29T16:00:00+03:00,2025-07-29T13:00:00Z,0.0,0.48746,0.48746,OK,OTHER_QH_IN_SAME_HOUR_INVALID
2025-07-29T13:15:00Z,2025-07-29T16:15:00+03:00,2025-07-29T13:00:00Z,0.0,0.30366,0.30366,OK,OTHER_QH_IN_SAME_HOUR_INVALID
2025-07-29T13:30:00Z,2025-07-29T16:30:00+03:00,2025-07-29T13:00:00Z,0.0,0.7054,0.7054,OK,OTHER_QH_IN_SAME_HOUR_INVALID
2025-07-29T13:45:00Z,2025-07-29T16:45:00+03:00,2025-07-29T13:00:00Z,0.0,1.1730200000000002,1.1730200000000002,ALPHA_OUTSIDE_SIMPLEX,ALPHA_OUTSIDE_SIMPLEX
2025-07-29T14:00:00Z,2025-07-29T17:00:00+03:00,2025-07-29T14:00:00Z,0.0,1.3647399999999998,1.3647399999999998,ALPHA_OUTSIDE_SIMPLEX,ALPHA_OUTSIDE_SIMPLEX
2025-07-29T14:15:00Z,2025-07-29T17:15:00+03:00,2025-07-29T14:00:00Z,0.0,0.76436,0.76436,OK,OTHER_QH_IN_SAME_HOUR_INVALID
2025-07-29T14:30:00Z,2025-07-29T17:30:00+03:00,2025-07-29T14:00:00Z,0.00054,0.024620000000000003,0.025160000000000002,OK,OTHER_QH_IN_SAME_HOUR_INVALID
2025-07-29T14:45:00Z,2025-07-29T17:45:00+03:00,2025-07-29T14:00:00Z,0.01542,0.006,0.02142,OK,OTHER_QH_IN_SAME_HOUR_INVALID
2025-07-29T15:00:00Z,2025-07-29T18:00:00+03:00,2025-07-29T15:00:00Z,0.0,1.64926,1.64926,ALPHA_OUTSIDE_SIMPLEX,ALPHA_OUTSIDE_SIMPLEX
2025-07-29T15:15:00Z,2025-07-29T18:15:00+03:00,2025-07-29T15:00:00Z,0.00042,0.65402,0.65444,OK,OTHER_QH_IN_SAME_HOUR_INVALID
2025-07-29T15:30:00Z,2025-07-29T18:30:00+03:00,2025-07-29T15:00:00Z,0.00366,0.03164,0.0353,OK,OTHER_QH_IN_SAME_HOUR_INVALID
2025-07-29T15:45:00Z,2025-07-29T18:45:00+03:00,2025-07-29T15:00:00Z,0.016,0.0007000000000000001,0.0167,OK,OTHER_QH_IN_SAME_HOUR_INVALID
2025-07-30T07:00:00Z,2025-07-30T10:00:00+03:00,2025-07-30T07:00:00Z,4e-05,0.06772,0.06776,OK,OTHER_QH_IN_SAME_HOUR_INVALID
2025-07-30T07:15:00Z,2025-07-30T10:15:00+03:00,2025-07-30T07:00:00Z,0.0,0.20906,0.20906,OK,OTHER_QH_IN_SAME_HOUR_INVALID
2025-07-30T07:30:00Z,2025-07-30T10:30:00+03:00,2025-07-30T07:00:00Z,0.0,1.01422,1.01422,ALPHA_OUTSIDE_SIMPLEX,ALPHA_OUTSIDE_SIMPLEX
2025-07-30T07:45:00Z,2025-07-30T10:45:00+03:00,2025-07-30T07:00:00Z,0.0,1.2477200000000002,1.2477200000000002,ALPHA_OUTSIDE_SIMPLEX,ALPHA_OUTSIDE_SIMPLEX
2025-07-30T08:00:00Z,2025-07-30T11:00:00+03:00,2025-07-30T08:00:00Z,0.009479999999999999,0.2814,0.29087999999999997,OK,OTHER_QH_IN_SAME_HOUR_INVALID
2025-07-30T08:15:00Z,2025-07-30T11:15:00+03:00,2025-07-30T08:00:00Z,0.0,0.40735999999999994,0.40735999999999994,OK,OTHER_QH_IN_SAME_HOUR_INVALID
2025-07-30T08:30:00Z,2025-07-30T11:30:00+03:00,2025-07-30T08:00:00Z,0.0,0.5033,0.5033,OK,OTHER_QH_IN_SAME_HOUR_INVALID
2025-07-30T08:45:00Z,2025-07-30T11:45:00+03:00,2025-07-30T08:00:00Z,0.0,1.00082,1.00082,ALPHA_OUTSIDE_SIMPLEX,ALPHA_OUTSIDE_SIMPLEX
2025-07-30T11:00:00Z,2025-07-30T14:00:00+03:00,2025-07-30T11:00:00Z,0.30228,0.00122,0.3035,OK,OTHER_QH_IN_SAME_HOUR_INVALID
2025-07-30T11:15:00Z,2025-07-30T14:15:00+03:00,2025-07-30T11:00:00Z,1.17878,0.0,1.17878,ALPHA_OUTSIDE_SIMPLEX,ALPHA_OUTSIDE_SIMPLEX
2025-07-30T11:30:00Z,2025-07-30T14:30:00+03:00,2025-07-30T11:00:00Z,0.39872,0.0,0.39872,OK,OTHER_QH_IN_SAME_HOUR_INVALID
2025-07-30T11:45:00Z,2025-07-30T14:45:00+03:00,2025-07-30T11:00:00Z,0.001,0.3329,0.3339,OK,OTHER_QH_IN_SAME_HOUR_INVALID
2025-07-30T17:00:00Z,2025-07-30T20:00:00+03:00,2025-07-30T17:00:00Z,0.10310000000000001,0.00104,0.10414000000000001,OK,OTHER_QH_IN_SAME_HOUR_INVALID
2025-07-30T17:15:00Z,2025-07-30T20:15:00+03:00,2025-07-30T17:00:00Z,0.32138,0.0,0.32138,OK,OTHER_QH_IN_SAME_HOUR_INVALID
2025-07-30T17:30:00Z,2025-07-30T20:30:00+03:00,2025-07-30T17:00:00Z,0.6544,0.0,0.6544,OK,OTHER_QH_IN_SAME_HOUR_INVALID
2025-07-30T17:45:00Z,2025-07-30T20:45:00+03:00,2025-07-30T17:00:00Z,1.03338,0.0,1.03338,ALPHA_OUTSIDE_SIMPLEX,ALPHA_OUTSIDE_SIMPLEX
2025-07-31T10:00:00Z,2025-07-31T13:00:00+03:00,2025-07-31T10:00:00Z,0.20466,0.0,0.20466,OK,OTHER_QH_IN_SAME_HOUR_INVALID
2025-07-31T10:15:00Z,2025-07-31T13:15:00+03:00,2025-07-31T10:00:00Z,0.5326,0.0,0.5326,OK,OTHER_QH_IN_SAME_HOUR_INVALID
2025-07-31T10:30:00Z,2025-07-31T13:30:00+03:00,2025-07-31T10:00:00Z,1.13718,0.0,1.13718,ALPHA_OUTSIDE_SIMPLEX,ALPHA_OUTSIDE_SIMPLEX
2025-07-31T10:45:00Z,2025-07-31T13:45:00+03:00,2025-07-31T10:00:00Z,0.6618600000000001,0.0,0.6618600000000001,OK,OTHER_QH_IN_SAME_HOUR_INVALID
2025-08-01T05:00:00Z,2025-08-01T08:00:00+03:00,2025-08-01T05:00:00Z,0.0,0.542,0.542,OK,OTHER_QH_IN_SAME_HOUR_INVALID
2025-08-01T05:15:00Z,2025-08-01T08:15:00+03:00,2025-08-01T05:00:00Z,0.0,0.8066200000000001,0.8066200000000001,OK,OTHER_QH_IN_SAME_HOUR_INVALID
2025-08-01T05:30:00Z,2025-08-01T08:30:00+03:00,2025-08-01T05:00:00Z,0.0,1.03182,1.03182,ALPHA_OUTSIDE_SIMPLEX,ALPHA_OUTSIDE_SIMPLEX
2025-08-01T05:45:00Z,2025-08-01T08:45:00+03:00,2025-08-01T05:00:00Z,0.0,1.2361,1.2361,ALPHA_OUTSIDE_SIMPLEX,ALPHA_OUTSIDE_SIMPLEX
2025-08-02T02:00:00Z,2025-08-02T05:00:00+03:00,2025-08-02T02:00:00Z,0.03956,0.0,0.03956,OK,OTHER_QH_IN_SAME_HOUR_INVALID
2025-08-02T02:15:00Z,2025-08-02T05:15:00+03:00,2025-08-02T02:00:00Z,0.00328,0.08582000000000001,0.08910000000000001,OK,OTHER_QH_IN_SAME_HOUR_INVALID
2025-08-02T02:30:00Z,2025-08-02T05:30:00+03:00,2025-08-02T02:00:00Z,0.0,0.7259,0.7259,OK,OTHER_QH_IN_SAME_HOUR_INVALID
2025-08-02T02:45:00Z,2025-08-02T05:45:00+03:00,2025-08-02T02:00:00Z,0.0,1.24546,1.24546,ALPHA_OUTSIDE_SIMPLEX,ALPHA_OUTSIDE_SIMPLEX
2025-08-02T14:00:00Z,2025-08-02T17:00:00+03:00,2025-08-02T14:00:00Z,0.01742,0.00132,0.01874,OK,OTHER_QH_IN_SAME_HOUR_INVALID
2025-08-02T14:15:00Z,2025-08-02T17:15:00+03:00,2025-08-02T14:00:00Z,0.28668,0.0,0.28668,OK,OTHER_QH_IN_SAME_HOUR_INVALID
2025-08-02T14:30:00Z,2025-08-02T17:30:00+03:00,2025-08-02T14:00:00Z,0.45576,0.0,0.45576,OK,OTHER_QH_IN_SAME_HOUR_INVALID
2025-08-02T14:45:00Z,2025-08-02T17:45:00+03:00,2025-08-02T14:00:00Z,1.16828,0.0,1.16828,ALPHA_OUTSIDE_SIMPLEX,ALPHA_OUTSIDE_SIMPLEX
2025-08-02T15:00:00Z,2025-08-02T18:00:00+03:00,2025-08-02T15:00:00Z,0.1162,0.0015,0.1177,OK,OTHER_QH_IN_SAME_HOUR_INVALID
2025-08-02T15:15:00Z,2025-08-02T18:15:00+03:00,2025-08-02T15:00:00Z,0.26842,0.0,0.26842,OK,OTHER_QH_IN_SAME_HOUR_INVALID
2025-08-02T15:30:00Z,2025-08-02T18:30:00+03:00,2025-08-02T15:00:00Z,0.69646,0.0,0.69646,OK,OTHER_QH_IN_SAME_HOUR_INVALID
2025-08-02T15:45:00Z,2025-08-02T18:45:00+03:00,2025-08-02T15:00:00Z,1.12944,0.0,1.12944,ALPHA_OUTSIDE_SIMPLEX,ALPHA_OUTSIDE_SIMPLEX
2025-08-04T23:00:00Z,2025-08-05T02:00:00+03:00,2025-08-04T23:00:00Z,0.0,0.9968,0.9968,OK,OTHER_QH_IN_SAME_HOUR_INVALID
2025-08-04T23:15:00Z,2025-08-05T02:15:00+03:00,2025-08-04T23:00:00Z,0.0,1.14324,1.14324,ALPHA_OUTSIDE_SIMPLEX,ALPHA_OUTSIDE_SIMPLEX
2025-08-04T23:30:00Z,2025-08-05T02:30:00+03:00,2025-08-04T23:00:00Z,0.0,0.18303999999999998,0.18303999999999998,OK,OTHER_QH_IN_SAME_HOUR_INVALID
2025-08-04T23:45:00Z,2025-08-05T02:45:00+03:00,2025-08-04T23:00:00Z,0.0,0.33270000000000005,0.33270000000000005,OK,OTHER_QH_IN_SAME_HOUR_INVALID
2025-08-06T20:00:00Z,2025-08-06T23:00:00+03:00,2025-08-06T20:00:00Z,0.26852,0.038079999999999996,0.3066,OK,OTHER_QH_IN_SAME_HOUR_INVALID
2025-08-06T20:15:00Z,2025-08-06T23:15:00+03:00,2025-08-06T20:00:00Z,0.00244,0.69574,0.69818,OK,OTHER_QH_IN_SAME_HOUR_INVALID
2025-08-06T20:30:00Z,2025-08-06T23:30:00+03:00,2025-08-06T20:00:00Z,0.0,0.7881,0.7881,OK,OTHER_QH_IN_SAME_HOUR_INVALID
2025-08-06T20:45:00Z,2025-08-06T23:45:00+03:00,2025-08-06T20:00:00Z,0.0,1.3869999999999998,1.3869999999999998,ALPHA_OUTSIDE_SIMPLEX,ALPHA_OUTSIDE_SIMPLEX
2025-08-07T08:00:00Z,2025-08-07T11:00:00+03:00,2025-08-07T08:00:00Z,0.0,0.79578,0.79578,OK,OTHER_QH_IN_SAME_HOUR_INVALID
2025-08-07T08:15:00Z,2025-08-07T11:15:00+03:00,2025-08-07T08:00:00Z,0.0,1.08544,1.08544,ALPHA_OUTSIDE_SIMPLEX,ALPHA_OUTSIDE_SIMPLEX
2025-08-07T08:30:00Z,2025-08-07T11:30:00+03:00,2025-08-07T08:00:00Z,0.0,0.7814,0.7814,OK,OTHER_QH_IN_SAME_HOUR_INVALID
2025-08-07T08:45:00Z,2025-08-07T11:45:00+03:00,2025-08-07T08:00:00Z,0.0,0.8469199999999999,0.8469199999999999,OK,OTHER_QH_IN_SAME_HOUR_INVALID
2025-08-07T09:00:00Z,2025-08-07T12:00:00+03:00,2025-08-07T09:00:00Z,0.0,1.0821800000000001,1.0821800000000001,ALPHA_OUTSIDE_SIMPLEX,ALPHA_OUTSIDE_SIMPLEX
2025-08-07T09:15:00Z,2025-08-07T12:15:00+03:00,2025-08-07T09:00:00Z,0.0,1.03526,1.03526,ALPHA_OUTSIDE_SIMPLEX,ALPHA_OUTSIDE_SIMPLEX
2025-08-07T09:30:00Z,2025-08-07T12:30:00+03:00,2025-08-07T09:00:00Z,0.0,0.42235999999999996,0.42235999999999996,OK,OTHER_QH_IN_SAME_HOUR_INVALID
2025-08-07T09:45:00Z,2025-08-07T12:45:00+03:00,2025-08-07T09:00:00Z,0.0,0.19260000000000002,0.19260000000000002,OK,OTHER_QH_IN_SAME_HOUR_INVALID
2025-08-07T13:00:00Z,2025-08-07T16:00:00+03:00,2025-08-07T13:00:00Z,0.12502000000000002,0.0,0.12502000000000002,OK,OTHER_QH_IN_SAME_HOUR_INVALID
2025-08-07T13:15:00Z,2025-08-07T16:15:00+03:00,2025-08-07T13:00:00Z,0.6361,0.0,0.6361,OK,OTHER_QH_IN_SAME_HOUR_INVALID
2025-08-07T13:30:00Z,2025-08-07T16:30:00+03:00,2025-08-07T13:00:00Z,1.45112,0.0,1.45112,ALPHA_OUTSIDE_SIMPLEX,ALPHA_OUTSIDE_SIMPLEX
2025-08-07T13:45:00Z,2025-08-07T16:45:00+03:00,2025-08-07T13:00:00Z,0.38858,0.0007599999999999999,0.38933999999999996,OK,OTHER_QH_IN_SAME_HOUR_INVALID
2025-08-07T15:00:00Z,2025-08-07T18:00:00+03:00,2025-08-07T15:00:00Z,0.0,1.08106,1.08106,ALPHA_OUTSIDE_SIMPLEX,ALPHA_OUTSIDE_SIMPLEX
2025-08-07T15:15:00Z,2025-08-07T18:15:00+03:00,2025-08-07T15:00:00Z,0.0,0.20412,0.20412,OK,OTHER_QH_IN_SAME_HOUR_INVALID
2025-08-07T15:30:00Z,2025-08-07T18:30:00+03:00,2025-08-07T15:00:00Z,0.00296,0.00438,0.00734,OK,OTHER_QH_IN_SAME_HOUR_INVALID
2025-08-07T15:45:00Z,2025-08-07T18:45:00+03:00,2025-08-07T15:00:00Z,0.00444,0.006520000000000001,0.010960000000000001,OK,OTHER_QH_IN_SAME_HOUR_INVALID
2025-08-07T18:00:00Z,2025-08-07T21:00:00+03:00,2025-08-07T18:00:00Z,1.0434999999999999,0.0,1.0434999999999999,ALPHA_OUTSIDE_SIMPLEX,ALPHA_OUTSIDE_SIMPLEX
2025-08-07T18:15:00Z,2025-08-07T21:15:00+03:00,2025-08-07T18:00:00Z,1.27286,0.0,1.27286,ALPHA_OUTSIDE_SIMPLEX,ALPHA_OUTSIDE_SIMPLEX
2025-08-07T18:30:00Z,2025-08-07T21:30:00+03:00,2025-08-07T18:00:00Z,0.42436,0.00017999999999999998,0.42454000000000003,OK,OTHER_QH_IN_SAME_HOUR_INVALID
2025-08-07T18:45:00Z,2025-08-07T21:45:00+03:00,2025-08-07T18:00:00Z,0.0013800000000000002,0.02612,0.0275,OK,OTHER_QH_IN_SAME_HOUR_INVALID
2025-08-07T19:00:00Z,2025-08-07T22:00:00+03:00,2025-08-07T19:00:00Z,0.27562000000000003,0.00021999999999999998,0.27584000000000003,OK,OTHER_QH_IN_SAME_HOUR_INVALID
2025-08-07T19:15:00Z,2025-08-07T22:15:00+03:00,2025-08-07T19:00:00Z,0.00035999999999999997,0.02488,0.02524,OK,OTHER_QH_IN_SAME_HOUR_INVALID
2025-08-07T19:30:00Z,2025-08-07T22:30:00+03:00,2025-08-07T19:00:00Z,0.00016,0.50938,0.5095400000000001,OK,OTHER_QH_IN_SAME_HOUR_INVALID
2025-08-07T19:45:00Z,2025-08-07T22:45:00+03:00,2025-08-07T19:00:00Z,0.0,1.22566,1.22566,ALPHA_OUTSIDE_SIMPLEX,ALPHA_OUTSIDE_SIMPLEX
2025-08-10T14:00:00Z,2025-08-10T17:00:00+03:00,2025-08-10T14:00:00Z,0.07142,0.10486000000000001,0.17628,OK,OTHER_QH_IN_SAME_HOUR_INVALID
2025-08-10T14:15:00Z,2025-08-10T17:15:00+03:00,2025-08-10T14:00:00Z,0.11426,0.0021,0.11636,OK,OTHER_QH_IN_SAME_HOUR_INVALID
2025-08-10T14:30:00Z,2025-08-10T17:30:00+03:00,2025-08-10T14:00:00Z,0.43838,0.0,0.43838,OK,OTHER_QH_IN_SAME_HOUR_INVALID
2025-08-10T14:45:00Z,2025-08-10T17:45:00+03:00,2025-08-10T14:00:00Z,1.1074,0.0,1.1074,ALPHA_OUTSIDE_SIMPLEX,ALPHA_OUTSIDE_SIMPLEX
2025-08-10T15:00:00Z,2025-08-10T18:00:00+03:00,2025-08-10T15:00:00Z,0.19252,0.040999999999999995,0.23352,OK,OTHER_QH_IN_SAME_HOUR_INVALID
2025-08-10T15:15:00Z,2025-08-10T18:15:00+03:00,2025-08-10T15:00:00Z,0.01076,0.07876,0.08952,OK,OTHER_QH_IN_SAME_HOUR_INVALID
2025-08-10T15:30:00Z,2025-08-10T18:30:00+03:00,2025-08-10T15:00:00Z,0.14396,0.03754,0.1815,OK,OTHER_QH_IN_SAME_HOUR_INVALID
2025-08-10T15:45:00Z,2025-08-10T18:45:00+03:00,2025-08-10T15:00:00Z,1.0893000000000002,0.0,1.0893000000000002,ALPHA_OUTSIDE_SIMPLEX,ALPHA_OUTSIDE_SIMPLEX
2025-08-10T16:00:00Z,2025-08-10T19:00:00+03:00,2025-08-10T16:00:00Z,0.61562,0.0,0.61562,OK,OTHER_QH_IN_SAME_HOUR_INVALID
2025-08-10T16:15:00Z,2025-08-10T19:15:00+03:00,2025-08-10T16:00:00Z,1.0900400000000001,0.0,1.0900400000000001,ALPHA_OUTSIDE_SIMPLEX,ALPHA_OUTSIDE_SIMPLEX
2025-08-10T16:30:00Z,2025-08-10T19:30:00+03:00,2025-08-10T16:00:00Z,0.85816,0.0,0.85816,OK,OTHER_QH_IN_SAME_HOUR_INVALID
2025-08-10T16:45:00Z,2025-08-10T19:45:00+03:00,2025-08-10T16:00:00Z,1.0337,0.0,1.0337,ALPHA_OUTSIDE_SIMPLEX,ALPHA_OUTSIDE_SIMPLEX
2025-08-11T19:00:00Z,2025-08-11T22:00:00+03:00,2025-08-11T19:00:00Z,0.0,0.12442,0.12442,OK,OTHER_QH_IN_SAME_HOUR_INVALID
2025-08-11T19:15:00Z,2025-08-11T22:15:00+03:00,2025-08-11T19:00:00Z,0.0,0.9317799999999999,0.9317799999999999,OK,OTHER_QH_IN_SAME_HOUR_INVALID
2025-08-11T19:30:00Z,2025-08-11T22:30:00+03:00,2025-08-11T19:00:00Z,0.0,1.2067,1.2067,ALPHA_OUTSIDE_SIMPLEX,ALPHA_OUTSIDE_SIMPLEX
2025-08-11T19:45:00Z,2025-08-11T22:45:00+03:00,2025-08-11T19:00:00Z,0.0,1.86868,1.86868,ALPHA_OUTSIDE_SIMPLEX,ALPHA_OUTSIDE_SIMPLEX
2025-08-11T20:00:00Z,2025-08-11T23:00:00+03:00,2025-08-11T20:00:00Z,0.0,0.46692,0.46692,OK,OTHER_QH_IN_SAME_HOUR_INVALID
2025-08-11T20:15:00Z,2025-08-11T23:15:00+03:00,2025-08-11T20:00:00Z,0.0,0.57744,0.57744,OK,OTHER_QH_IN_SAME_HOUR_INVALID
2025-08-11T20:30:00Z,2025-08-11T23:30:00+03:00,2025-08-11T20:00:00Z,0.0,0.53016,0.53016,OK,OTHER_QH_IN_SAME_HOUR_INVALID
2025-08-11T20:45:00Z,2025-08-11T23:45:00+03:00,2025-08-11T20:00:00Z,0.0,1.22334,1.22334,ALPHA_OUTSIDE_SIMPLEX,ALPHA_OUTSIDE_SIMPLEX
2025-08-13T14:00:00Z,2025-08-13T17:00:00+03:00,2025-08-13T14:00:00Z,0.03786,0.00376,0.04162,OK,OTHER_QH_IN_SAME_HOUR_INVALID
2025-08-13T14:15:00Z,2025-08-13T17:15:00+03:00,2025-08-13T14:00:00Z,0.7660800000000001,0.0,0.7660800000000001,OK,OTHER_QH_IN_SAME_HOUR_INVALID
2025-08-13T14:30:00Z,2025-08-13T17:30:00+03:00,2025-08-13T14:00:00Z,1.25096,0.0,1.25096,ALPHA_OUTSIDE_SIMPLEX,ALPHA_OUTSIDE_SIMPLEX
2025-08-13T14:45:00Z,2025-08-13T17:45:00+03:00,2025-08-13T14:00:00Z,1.053,0.0,1.053,ALPHA_OUTSIDE_SIMPLEX,ALPHA_OUTSIDE_SIMPLEX
2025-08-13T15:00:00Z,2025-08-13T18:00:00+03:00,2025-08-13T15:00:00Z,0.28865999999999997,0.0,0.28865999999999997,OK,OTHER_QH_IN_SAME_HOUR_INVALID
2025-08-13T15:15:00Z,2025-08-13T18:15:00+03:00,2025-08-13T15:00:00Z,0.81206,0.0,0.81206,OK,OTHER_QH_IN_SAME_HOUR_INVALID
2025-08-13T15:30:00Z,2025-08-13T18:30:00+03:00,2025-08-13T15:00:00Z,0.62868,0.0,0.62868,OK,OTHER_QH_IN_SAME_HOUR_INVALID
2025-08-13T15:45:00Z,2025-08-13T18:45:00+03:00,2025-08-13T15:00:00Z,1.01272,0.0,1.01272,ALPHA_OUTSIDE_SIMPLEX,ALPHA_OUTSIDE_SIMPLEX
2025-08-13T18:00:00Z,2025-08-13T21:00:00+03:00,2025-08-13T18:00:00Z,0.37939999999999996,0.0,0.37939999999999996,OK,OTHER_QH_IN_SAME_HOUR_INVALID
2025-08-13T18:15:00Z,2025-08-13T21:15:00+03:00,2025-08-13T18:00:00Z,1.4156,0.0,1.4156,ALPHA_OUTSIDE_SIMPLEX,ALPHA_OUTSIDE_SIMPLEX
2025-08-13T18:30:00Z,2025-08-13T21:30:00+03:00,2025-08-13T18:00:00Z,0.37504,0.00062,0.37566,OK,OTHER_QH_IN_SAME_HOUR_INVALID
2025-08-13T18:45:00Z,2025-08-13T21:45:00+03:00,2025-08-13T18:00:00Z,0.00384,0.09576000000000001,0.09960000000000001,OK,OTHER_QH_IN_SAME_HOUR_INVALID
2025-08-13T19:00:00Z,2025-08-13T22:00:00+03:00,2025-08-13T19:00:00Z,0.0,0.025419999999999998,0.025419999999999998,OK,OTHER_QH_IN_SAME_HOUR_INVALID
2025-08-13T19:15:00Z,2025-08-13T22:15:00+03:00,2025-08-13T19:00:00Z,0.0028199999999999996,0.22014,0.22296,OK,OTHER_QH_IN_SAME_HOUR_INVALID
2025-08-13T19:30:00Z,2025-08-13T22:30:00+03:00,2025-08-13T19:00:00Z,0.0,0.49306,0.49306,OK,OTHER_QH_IN_SAME_HOUR_INVALID
2025-08-13T19:45:00Z,2025-08-13T22:45:00+03:00,2025-08-13T19:00:00Z,0.0,1.15756,1.15756,ALPHA_OUTSIDE_SIMPLEX,ALPHA_OUTSIDE_SIMPLEX
2025-08-14T06:00:00Z,2025-08-14T09:00:00+03:00,2025-08-14T06:00:00Z,0.02858,0.015300000000000001,0.04388,OK,OTHER_QH_IN_SAME_HOUR_INVALID
2025-08-14T06:15:00Z,2025-08-14T09:15:00+03:00,2025-08-14T06:00:00Z,0.0,0.02946,0.02946,OK,OTHER_QH_IN_SAME_HOUR_INVALID
2025-08-14T06:30:00Z,2025-08-14T09:30:00+03:00,2025-08-14T06:00:00Z,0.0,0.31932,0.31932,OK,OTHER_QH_IN_SAME_HOUR_INVALID
2025-08-14T06:45:00Z,2025-08-14T09:45:00+03:00,2025-08-14T06:00:00Z,0.0,1.10878,1.10878,ALPHA_OUTSIDE_SIMPLEX,ALPHA_OUTSIDE_SIMPLEX
2025-08-14T14:00:00Z,2025-08-14T17:00:00+03:00,2025-08-14T14:00:00Z,0.028140000000000002,0.29074,0.31888,OK,OTHER_QH_IN_SAME_HOUR_INVALID
2025-08-14T14:15:00Z,2025-08-14T17:15:00+03:00,2025-08-14T14:00:00Z,0.29112,0.0,0.29112,OK,OTHER_QH_IN_SAME_HOUR_INVALID
2025-08-14T14:30:00Z,2025-08-14T17:30:00+03:00,2025-08-14T14:00:00Z,0.26304,0.0,0.26304,OK,OTHER_QH_IN_SAME_HOUR_INVALID
2025-08-14T14:45:00Z,2025-08-14T17:45:00+03:00,2025-08-14T14:00:00Z,1.07764,0.0,1.07764,ALPHA_OUTSIDE_SIMPLEX,ALPHA_OUTSIDE_SIMPLEX
2025-08-15T18:00:00Z,2025-08-15T21:00:00+03:00,2025-08-15T18:00:00Z,0.0,0.31786000000000003,0.31786000000000003,OK,OTHER_QH_IN_SAME_HOUR_INVALID
2025-08-15T18:15:00Z,2025-08-15T21:15:00+03:00,2025-08-15T18:00:00Z,0.0,0.5265,0.5265,OK,OTHER_QH_IN_SAME_HOUR_INVALID
2025-08-15T18:30:00Z,2025-08-15T21:30:00+03:00,2025-08-15T18:00:00Z,0.0,1.16676,1.16676,ALPHA_OUTSIDE_SIMPLEX,ALPHA_OUTSIDE_SIMPLEX
2025-08-15T18:45:00Z,2025-08-15T21:45:00+03:00,2025-08-15T18:00:00Z,0.0,1.58582,1.58582,ALPHA_OUTSIDE_SIMPLEX,ALPHA_OUTSIDE_SIMPLEX
2025-08-18T04:00:00Z,2025-08-18T07:00:00+03:00,2025-08-18T04:00:00Z,0.0,1.10078,1.10078,ALPHA_OUTSIDE_SIMPLEX,ALPHA_OUTSIDE_SIMPLEX
2025-08-18T04:15:00Z,2025-08-18T07:15:00+03:00,2025-08-18T04:00:00Z,0.0,0.0695,0.0695,OK,OTHER_QH_IN_SAME_HOUR_INVALID
2025-08-18T04:30:00Z,2025-08-18T07:30:00+03:00,2025-08-18T04:00:00Z,0.0,0.09827999999999999,0.09827999999999999,OK,OTHER_QH_IN_SAME_HOUR_INVALID
2025-08-18T04:45:00Z,2025-08-18T07:45:00+03:00,2025-08-18T04:00:00Z,0.00356,0.005580000000000001,0.00914,OK,OTHER_QH_IN_SAME_HOUR_INVALID
2025-08-18T08:00:00Z,2025-08-18T11:00:00+03:00,2025-08-18T08:00:00Z,0.0,0.29446,0.29446,OK,OTHER_QH_IN_SAME_HOUR_INVALID
2025-08-18T08:15:00Z,2025-08-18T11:15:00+03:00,2025-08-18T08:00:00Z,0.0,0.87346,0.87346,OK,OTHER_QH_IN_SAME_HOUR_INVALID
2025-08-18T08:30:00Z,2025-08-18T11:30:00+03:00,2025-08-18T08:00:00Z,0.0,0.89098,0.89098,OK,OTHER_QH_IN_SAME_HOUR_INVALID
2025-08-18T08:45:00Z,2025-08-18T11:45:00+03:00,2025-08-18T08:00:00Z,0.0,1.1203,1.1203,ALPHA_OUTSIDE_SIMPLEX,ALPHA_OUTSIDE_SIMPLEX
2025-08-18T09:00:00Z,2025-08-18T12:00:00+03:00,2025-08-18T09:00:00Z,0.0,0.9692799999999999,0.9692799999999999,OK,OTHER_QH_IN_SAME_HOUR_INVALID
2025-08-18T09:15:00Z,2025-08-18T12:15:00+03:00,2025-08-18T09:00:00Z,0.0,1.0272,1.0272,ALPHA_OUTSIDE_SIMPLEX,ALPHA_OUTSIDE_SIMPLEX
2025-08-18T09:30:00Z,2025-08-18T12:30:00+03:00,2025-08-18T09:00:00Z,0.0,0.42638,0.42638,OK,OTHER_QH_IN_SAME_HOUR_INVALID
2025-08-18T09:45:00Z,2025-08-18T12:45:00+03:00,2025-08-18T09:00:00Z,0.0,0.32358,0.32358,OK,OTHER_QH_IN_SAME_HOUR_INVALID
2025-08-19T05:00:00Z,2025-08-19T08:00:00+03:00,2025-08-19T05:00:00Z,0.00452,0.00714,0.01166,OK,OTHER_QH_IN_SAME_HOUR_INVALID
2025-08-19T05:15:00Z,2025-08-19T08:15:00+03:00,2025-08-19T05:00:00Z,0.00064,0.08757999999999999,0.08821999999999999,OK,OTHER_QH_IN_SAME_HOUR_INVALID
2025-08-19T05:30:00Z,2025-08-19T08:30:00+03:00,2025-08-19T05:00:00Z,0.0,0.5524,0.5524,OK,OTHER_QH_IN_SAME_HOUR_INVALID
2025-08-19T05:45:00Z,2025-08-19T08:45:00+03:00,2025-08-19T05:00:00Z,0.0,1.1607399999999999,1.1607399999999999,ALPHA_OUTSIDE_SIMPLEX,ALPHA_OUTSIDE_SIMPLEX
2025-08-20T19:00:00Z,2025-08-20T22:00:00+03:00,2025-08-20T19:00:00Z,0.0,0.11045999999999999,0.11045999999999999,OK,OTHER_QH_IN_SAME_HOUR_INVALID
2025-08-20T19:15:00Z,2025-08-20T22:15:00+03:00,2025-08-20T19:00:00Z,0.0,0.45222,0.45222,OK,OTHER_QH_IN_SAME_HOUR_INVALID
2025-08-20T19:30:00Z,2025-08-20T22:30:00+03:00,2025-08-20T19:00:00Z,0.0,1.07002,1.07002,ALPHA_OUTSIDE_SIMPLEX,ALPHA_OUTSIDE_SIMPLEX
2025-08-20T19:45:00Z,2025-08-20T22:45:00+03:00,2025-08-20T19:00:00Z,0.0,1.35302,1.35302,ALPHA_OUTSIDE_SIMPLEX,ALPHA_OUTSIDE_SIMPLEX
2025-08-22T09:00:00Z,2025-08-22T12:00:00+03:00,2025-08-22T09:00:00Z,0.0,0.74086,0.74086,OK,OTHER_QH_IN_SAME_HOUR_INVALID
2025-08-22T09:15:00Z,2025-08-22T12:15:00+03:00,2025-08-22T09:00:00Z,0.0,1.0258,1.0258,ALPHA_OUTSIDE_SIMPLEX,ALPHA_OUTSIDE_SIMPLEX
2025-08-22T09:30:00Z,2025-08-22T12:30:00+03:00,2025-08-22T09:00:00Z,0.0,0.76982,0.76982,OK,OTHER_QH_IN_SAME_HOUR_INVALID
2025-08-22T09:45:00Z,2025-08-22T12:45:00+03:00,2025-08-22T09:00:00Z,0.0,0.6161800000000001,0.6161800000000001,OK,OTHER_QH_IN_SAME_HOUR_INVALID
2025-08-22T16:00:00Z,2025-08-22T19:00:00+03:00,2025-08-22T16:00:00Z,0.0,1.27306,1.27306,ALPHA_OUTSIDE_SIMPLEX,ALPHA_OUTSIDE_SIMPLEX
2025-08-22T16:15:00Z,2025-08-22T19:15:00+03:00,2025-08-22T16:00:00Z,0.0,1.32816,1.32816,ALPHA_OUTSIDE_SIMPLEX,ALPHA_OUTSIDE_SIMPLEX
2025-08-22T16:30:00Z,2025-08-22T19:30:00+03:00,2025-08-22T16:00:00Z,0.01992,0.13286,0.15278,OK,OTHER_QH_IN_SAME_HOUR_INVALID
2025-08-22T16:45:00Z,2025-08-22T19:45:00+03:00,2025-08-22T16:00:00Z,0.0064800000000000005,0.004079999999999999,0.01056,OK,OTHER_QH_IN_SAME_HOUR_INVALID
2025-08-22T18:00:00Z,2025-08-22T21:00:00+03:00,2025-08-22T18:00:00Z,0.0,0.56792,0.56792,OK,OTHER_QH_IN_SAME_HOUR_INVALID
2025-08-22T18:15:00Z,2025-08-22T21:15:00+03:00,2025-08-22T18:00:00Z,0.0,1.2059600000000001,1.2059600000000001,ALPHA_OUTSIDE_SIMPLEX,ALPHA_OUTSIDE_SIMPLEX
2025-08-22T18:30:00Z,2025-08-22T21:30:00+03:00,2025-08-22T18:00:00Z,0.0,0.6827599999999999,0.6827599999999999,OK,OTHER_QH_IN_SAME_HOUR_INVALID
2025-08-22T18:45:00Z,2025-08-22T21:45:00+03:00,2025-08-22T18:00:00Z,0.0009,0.1528,0.1537,OK,OTHER_QH_IN_SAME_HOUR_INVALID
2025-08-23T14:00:00Z,2025-08-23T17:00:00+03:00,2025-08-23T14:00:00Z,0.0,1.2719799999999999,1.2719799999999999,ALPHA_OUTSIDE_SIMPLEX,ALPHA_OUTSIDE_SIMPLEX
2025-08-23T14:15:00Z,2025-08-23T17:15:00+03:00,2025-08-23T14:00:00Z,0.0,0.93932,0.93932,OK,OTHER_QH_IN_SAME_HOUR_INVALID
2025-08-23T14:30:00Z,2025-08-23T17:30:00+03:00,2025-08-23T14:00:00Z,4e-05,0.17724,0.17728000000000002,OK,OTHER_QH_IN_SAME_HOUR_INVALID
2025-08-23T14:45:00Z,2025-08-23T17:45:00+03:00,2025-08-23T14:00:00Z,0.00164,0.01558,0.01722,OK,OTHER_QH_IN_SAME_HOUR_INVALID
2025-08-23T19:00:00Z,2025-08-23T22:00:00+03:00,2025-08-23T19:00:00Z,0.0,1.03456,1.03456,ALPHA_OUTSIDE_SIMPLEX,ALPHA_OUTSIDE_SIMPLEX
2025-08-23T19:15:00Z,2025-08-23T22:15:00+03:00,2025-08-23T19:00:00Z,0.0,1.12304,1.12304,ALPHA_OUTSIDE_SIMPLEX,ALPHA_OUTSIDE_SIMPLEX
2025-08-23T19:30:00Z,2025-08-23T22:30:00+03:00,2025-08-23T19:00:00Z,0.0,0.49374,0.49374,OK,OTHER_QH_IN_SAME_HOUR_INVALID
2025-08-23T19:45:00Z,2025-08-23T22:45:00+03:00,2025-08-23T19:00:00Z,0.0,0.47326,0.47326,OK,OTHER_QH_IN_SAME_HOUR_INVALID
2025-08-24T08:00:00Z,2025-08-24T11:00:00+03:00,2025-08-24T08:00:00Z,0.0,0.69632,0.69632,OK,OTHER_QH_IN_SAME_HOUR_INVALID
2025-08-24T08:15:00Z,2025-08-24T11:15:00+03:00,2025-08-24T08:00:00Z,0.0,0.59326,0.59326,OK,OTHER_QH_IN_SAME_HOUR_INVALID
2025-08-24T08:30:00Z,2025-08-24T11:30:00+03:00,2025-08-24T08:00:00Z,0.0,0.95908,0.95908,OK,OTHER_QH_IN_SAME_HOUR_INVALID
2025-08-24T08:45:00Z,2025-08-24T11:45:00+03:00,2025-08-24T08:00:00Z,0.0,1.1238599999999999,1.1238599999999999,ALPHA_OUTSIDE_SIMPLEX,ALPHA_OUTSIDE_SIMPLEX
2025-08-24T10:00:00Z,2025-08-24T13:00:00+03:00,2025-08-24T10:00:00Z,0.0,0.47350000000000003,0.47350000000000003,OK,OTHER_QH_IN_SAME_HOUR_INVALID
2025-08-24T10:15:00Z,2025-08-24T13:15:00+03:00,2025-08-24T10:00:00Z,0.0,0.91778,0.91778,OK,OTHER_QH_IN_SAME_HOUR_INVALID
2025-08-24T10:30:00Z,2025-08-24T13:30:00+03:00,2025-08-24T10:00:00Z,0.0,1.2891599999999999,1.2891599999999999,ALPHA_OUTSIDE_SIMPLEX,ALPHA_OUTSIDE_SIMPLEX
2025-08-24T10:45:00Z,2025-08-24T13:45:00+03:00,2025-08-24T10:00:00Z,0.0,1.5189599999999999,1.5189599999999999,ALPHA_OUTSIDE_SIMPLEX,ALPHA_OUTSIDE_SIMPLEX
2025-08-24T12:00:00Z,2025-08-24T15:00:00+03:00,2025-08-24T12:00:00Z,0.0,1.1967400000000001,1.1967400000000001,ALPHA_OUTSIDE_SIMPLEX,ALPHA_OUTSIDE_SIMPLEX
2025-08-24T12:15:00Z,2025-08-24T15:15:00+03:00,2025-08-24T12:00:00Z,0.0,1.06664,1.06664,ALPHA_OUTSIDE_SIMPLEX,ALPHA_OUTSIDE_SIMPLEX
2025-08-24T12:30:00Z,2025-08-24T15:30:00+03:00,2025-08-24T12:00:00Z,0.0,0.94816,0.94816,OK,OTHER_QH_IN_SAME_HOUR_INVALID
2025-08-24T12:45:00Z,2025-08-24T15:45:00+03:00,2025-08-24T12:00:00Z,0.0,0.46252000000000004,0.46252000000000004,OK,OTHER_QH_IN_SAME_HOUR_INVALID
2025-08-24T13:00:00Z,2025-08-24T16:00:00+03:00,2025-08-24T13:00:00Z,0.0,1.4405000000000001,1.4405000000000001,ALPHA_OUTSIDE_SIMPLEX,ALPHA_OUTSIDE_SIMPLEX
2025-08-24T13:15:00Z,2025-08-24T16:15:00+03:00,2025-08-24T13:00:00Z,0.0,1.34168,1.34168,ALPHA_OUTSIDE_SIMPLEX,ALPHA_OUTSIDE_SIMPLEX
2025-08-24T13:30:00Z,2025-08-24T16:30:00+03:00,2025-08-24T13:00:00Z,0.0,1.27236,1.27236,ALPHA_OUTSIDE_SIMPLEX,ALPHA_OUTSIDE_SIMPLEX
2025-08-24T13:45:00Z,2025-08-24T16:45:00+03:00,2025-08-24T13:00:00Z,0.0002,0.14532,0.14552,OK,OTHER_QH_IN_SAME_HOUR_INVALID
2025-08-24T14:00:00Z,2025-08-24T17:00:00+03:00,2025-08-24T14:00:00Z,0.0,1.36466,1.36466,ALPHA_OUTSIDE_SIMPLEX,ALPHA_OUTSIDE_SIMPLEX
2025-08-24T14:15:00Z,2025-08-24T17:15:00+03:00,2025-08-24T14:00:00Z,0.0,1.30948,1.30948,ALPHA_OUTSIDE_SIMPLEX,ALPHA_OUTSIDE_SIMPLEX
2025-08-24T14:30:00Z,2025-08-24T17:30:00+03:00,2025-08-24T14:00:00Z,0.0332,0.19918,0.23238,OK,OTHER_QH_IN_SAME_HOUR_INVALID
2025-08-24T14:45:00Z,2025-08-24T17:45:00+03:00,2025-08-24T14:00:00Z,0.16726,0.0,0.16726,OK,OTHER_QH_IN_SAME_HOUR_INVALID
2025-08-24T15:00:00Z,2025-08-24T18:00:00+03:00,2025-08-24T15:00:00Z,0.08226000000000001,0.00016,0.08242000000000001,OK,OTHER_QH_IN_SAME_HOUR_INVALID
2025-08-24T15:15:00Z,2025-08-24T18:15:00+03:00,2025-08-24T15:00:00Z,0.47904,0.0,0.47904,OK,OTHER_QH_IN_SAME_HOUR_INVALID
2025-08-24T15:30:00Z,2025-08-24T18:30:00+03:00,2025-08-24T15:00:00Z,1.16834,0.0,1.16834,ALPHA_OUTSIDE_SIMPLEX,ALPHA_OUTSIDE_SIMPLEX
2025-08-24T15:45:00Z,2025-08-24T18:45:00+03:00,2025-08-24T15:00:00Z,0.32323999999999997,0.0,0.32323999999999997,OK,OTHER_QH_IN_SAME_HOUR_INVALID
2025-08-25T08:00:00Z,2025-08-25T11:00:00+03:00,2025-08-25T08:00:00Z,0.00032,0.08488,0.0852,OK,OTHER_QH_IN_SAME_HOUR_INVALID
2025-08-25T08:15:00Z,2025-08-25T11:15:00+03:00,2025-08-25T08:00:00Z,0.0,1.01884,1.01884,ALPHA_OUTSIDE_SIMPLEX,ALPHA_OUTSIDE_SIMPLEX
2025-08-25T08:30:00Z,2025-08-25T11:30:00+03:00,2025-08-25T08:00:00Z,0.0,0.99178,0.99178,OK,OTHER_QH_IN_SAME_HOUR_INVALID
2025-08-25T08:45:00Z,2025-08-25T11:45:00+03:00,2025-08-25T08:00:00Z,0.00404,0.3184,0.32244,OK,OTHER_QH_IN_SAME_HOUR_INVALID
2025-08-25T10:00:00Z,2025-08-25T13:00:00+03:00,2025-08-25T10:00:00Z,0.0,0.8292,0.8292,OK,OTHER_QH_IN_SAME_HOUR_INVALID
2025-08-25T10:15:00Z,2025-08-25T13:15:00+03:00,2025-08-25T10:00:00Z,0.0,1.03646,1.03646,ALPHA_OUTSIDE_SIMPLEX,ALPHA_OUTSIDE_SIMPLEX
2025-08-25T10:30:00Z,2025-08-25T13:30:00+03:00,2025-08-25T10:00:00Z,0.0,0.6852800000000001,0.6852800000000001,OK,OTHER_QH_IN_SAME_HOUR_INVALID
2025-08-25T10:45:00Z,2025-08-25T13:45:00+03:00,2025-08-25T10:00:00Z,0.0,0.45402000000000003,0.45402000000000003,OK,OTHER_QH_IN_SAME_HOUR_INVALID
2025-08-25T14:00:00Z,2025-08-25T17:00:00+03:00,2025-08-25T14:00:00Z,0.0,0.9883,0.9883,OK,OTHER_QH_IN_SAME_HOUR_INVALID
2025-08-25T14:15:00Z,2025-08-25T17:15:00+03:00,2025-08-25T14:00:00Z,0.0,1.03072,1.03072,ALPHA_OUTSIDE_SIMPLEX,ALPHA_OUTSIDE_SIMPLEX
2025-08-25T14:30:00Z,2025-08-25T17:30:00+03:00,2025-08-25T14:00:00Z,0.0,1.12718,1.12718,ALPHA_OUTSIDE_SIMPLEX,ALPHA_OUTSIDE_SIMPLEX
2025-08-25T14:45:00Z,2025-08-25T17:45:00+03:00,2025-08-25T14:00:00Z,0.00208,0.0672,0.06928,OK,OTHER_QH_IN_SAME_HOUR_INVALID
2025-08-26T05:00:00Z,2025-08-26T08:00:00+03:00,2025-08-26T05:00:00Z,0.02046,0.00035999999999999997,0.020819999999999998,OK,OTHER_QH_IN_SAME_HOUR_INVALID
2025-08-26T05:15:00Z,2025-08-26T08:15:00+03:00,2025-08-26T05:00:00Z,0.0015,0.05794,0.05944,OK,OTHER_QH_IN_SAME_HOUR_INVALID
2025-08-26T05:30:00Z,2025-08-26T08:30:00+03:00,2025-08-26T05:00:00Z,0.0,0.32304,0.32304,OK,OTHER_QH_IN_SAME_HOUR_INVALID
2025-08-26T05:45:00Z,2025-08-26T08:45:00+03:00,2025-08-26T05:00:00Z,0.0,1.1331,1.1331,ALPHA_OUTSIDE_SIMPLEX,ALPHA_OUTSIDE_SIMPLEX
2025-08-26T07:00:00Z,2025-08-26T10:00:00+03:00,2025-08-26T07:00:00Z,0.0,0.33722,0.33722,OK,OTHER_QH_IN_SAME_HOUR_INVALID
2025-08-26T07:15:00Z,2025-08-26T10:15:00+03:00,2025-08-26T07:00:00Z,0.0,0.44234,0.44234,OK,OTHER_QH_IN_SAME_HOUR_INVALID
2025-08-26T07:30:00Z,2025-08-26T10:30:00+03:00,2025-08-26T07:00:00Z,0.0,0.92688,0.92688,OK,OTHER_QH_IN_SAME_HOUR_INVALID
2025-08-26T07:45:00Z,2025-08-26T10:45:00+03:00,2025-08-26T07:00:00Z,0.0,1.12388,1.12388,ALPHA_OUTSIDE_SIMPLEX,ALPHA_OUTSIDE_SIMPLEX
2025-08-26T08:00:00Z,2025-08-26T11:00:00+03:00,2025-08-26T08:00:00Z,0.0,0.78354,0.78354,OK,OTHER_QH_IN_SAME_HOUR_INVALID
2025-08-26T08:15:00Z,2025-08-26T11:15:00+03:00,2025-08-26T08:00:00Z,0.0,1.2,1.2,ALPHA_OUTSIDE_SIMPLEX,ALPHA_OUTSIDE_SIMPLEX
2025-08-26T08:30:00Z,2025-08-26T11:30:00+03:00,2025-08-26T08:00:00Z,0.0,0.52726,0.52726,OK,OTHER_QH_IN_SAME_HOUR_INVALID
2025-08-26T08:45:00Z,2025-08-26T11:45:00+03:00,2025-08-26T08:00:00Z,0.0,0.58122,0.58122,OK,OTHER_QH_IN_SAME_HOUR_INVALID
2025-08-27T10:00:00Z,2025-08-27T13:00:00+03:00,2025-08-27T10:00:00Z,0.0,1.21784,1.21784,ALPHA_OUTSIDE_SIMPLEX,ALPHA_OUTSIDE_SIMPLEX
2025-08-27T10:15:00Z,2025-08-27T13:15:00+03:00,2025-08-27T10:00:00Z,0.0,0.91268,0.91268,OK,OTHER_QH_IN_SAME_HOUR_INVALID
2025-08-27T10:30:00Z,2025-08-27T13:30:00+03:00,2025-08-27T10:00:00Z,0.0,0.8744799999999999,0.8744799999999999,OK,OTHER_QH_IN_SAME_HOUR_INVALID
2025-08-27T10:45:00Z,2025-08-27T13:45:00+03:00,2025-08-27T10:00:00Z,0.0,0.65354,0.65354,OK,OTHER_QH_IN_SAME_HOUR_INVALID
2025-08-27T12:00:00Z,2025-08-27T15:00:00+03:00,2025-08-27T12:00:00Z,0.0,1.4542599999999999,1.4542599999999999,ALPHA_OUTSIDE_SIMPLEX,ALPHA_OUTSIDE_SIMPLEX
2025-08-27T12:15:00Z,2025-08-27T15:15:00+03:00,2025-08-27T12:00:00Z,0.0,1.2242199999999999,1.2242199999999999,ALPHA_OUTSIDE_SIMPLEX,ALPHA_OUTSIDE_SIMPLEX
2025-08-27T12:30:00Z,2025-08-27T15:30:00+03:00,2025-08-27T12:00:00Z,0.026920000000000003,0.24731999999999998,0.27424,OK,OTHER_QH_IN_SAME_HOUR_INVALID
2025-08-27T12:45:00Z,2025-08-27T15:45:00+03:00,2025-08-27T12:00:00Z,0.1967,0.0,0.1967,OK,OTHER_QH_IN_SAME_HOUR_INVALID
2025-08-28T18:00:00Z,2025-08-28T21:00:00+03:00,2025-08-28T18:00:00Z,0.00496,0.036539999999999996,0.041499999999999995,OK,OTHER_QH_IN_SAME_HOUR_INVALID
2025-08-28T18:15:00Z,2025-08-28T21:15:00+03:00,2025-08-28T18:00:00Z,0.0,0.19748000000000002,0.19748000000000002,OK,OTHER_QH_IN_SAME_HOUR_INVALID
2025-08-28T18:30:00Z,2025-08-28T21:30:00+03:00,2025-08-28T18:00:00Z,0.0,0.70962,0.70962,OK,OTHER_QH_IN_SAME_HOUR_INVALID
2025-08-28T18:45:00Z,2025-08-28T21:45:00+03:00,2025-08-28T18:00:00Z,0.0,1.24952,1.24952,ALPHA_OUTSIDE_SIMPLEX,ALPHA_OUTSIDE_SIMPLEX
2025-08-28T19:00:00Z,2025-08-28T22:00:00+03:00,2025-08-28T19:00:00Z,0.0,0.31579999999999997,0.31579999999999997,OK,OTHER_QH_IN_SAME_HOUR_INVALID
2025-08-28T19:15:00Z,2025-08-28T22:15:00+03:00,2025-08-28T19:00:00Z,0.0,0.36182000000000003,0.36182000000000003,OK,OTHER_QH_IN_SAME_HOUR_INVALID
2025-08-28T19:30:00Z,2025-08-28T22:30:00+03:00,2025-08-28T19:00:00Z,0.0,0.6184000000000001,0.6184000000000001,OK,OTHER_QH_IN_SAME_HOUR_INVALID
2025-08-28T19:45:00Z,2025-08-28T22:45:00+03:00,2025-08-28T19:00:00Z,0.0,1.0644799999999999,1.0644799999999999,ALPHA_OUTSIDE_SIMPLEX,ALPHA_OUTSIDE_SIMPLEX
2025-08-29T06:00:00Z,2025-08-29T09:00:00+03:00,2025-08-29T06:00:00Z,0.0,0.20879999999999999,0.20879999999999999,OK,OTHER_QH_IN_SAME_HOUR_INVALID
2025-08-29T06:15:00Z,2025-08-29T09:15:00+03:00,2025-08-29T06:00:00Z,0.0,0.54476,0.54476,OK,OTHER_QH_IN_SAME_HOUR_INVALID
2025-08-29T06:30:00Z,2025-08-29T09:30:00+03:00,2025-08-29T06:00:00Z,0.0,1.00482,1.00482,ALPHA_OUTSIDE_SIMPLEX,ALPHA_OUTSIDE_SIMPLEX
2025-08-29T06:45:00Z,2025-08-29T09:45:00+03:00,2025-08-29T06:00:00Z,0.0,1.1151,1.1151,ALPHA_OUTSIDE_SIMPLEX,ALPHA_OUTSIDE_SIMPLEX
2025-08-29T07:00:00Z,2025-08-29T10:00:00+03:00,2025-08-29T07:00:00Z,0.0,0.28559999999999997,0.28559999999999997,OK,OTHER_QH_IN_SAME_HOUR_INVALID
2025-08-29T07:15:00Z,2025-08-29T10:15:00+03:00,2025-08-29T07:00:00Z,0.0,0.79034,0.79034,OK,OTHER_QH_IN_SAME_HOUR_INVALID
2025-08-29T07:30:00Z,2025-08-29T10:30:00+03:00,2025-08-29T07:00:00Z,0.0,1.27324,1.27324,ALPHA_OUTSIDE_SIMPLEX,ALPHA_OUTSIDE_SIMPLEX
2025-08-29T07:45:00Z,2025-08-29T10:45:00+03:00,2025-08-29T07:00:00Z,0.0,1.62482,1.62482,ALPHA_OUTSIDE_SIMPLEX,ALPHA_OUTSIDE_SIMPLEX
2025-08-31T12:00:00Z,2025-08-31T15:00:00+03:00,2025-08-31T12:00:00Z,0.0,0.2323,0.2323,OK,OTHER_QH_IN_SAME_HOUR_INVALID
2025-08-31T12:15:00Z,2025-08-31T15:15:00+03:00,2025-08-31T12:00:00Z,0.0,0.9538800000000001,0.9538800000000001,OK,OTHER_QH_IN_SAME_HOUR_INVALID
2025-08-31T12:30:00Z,2025-08-31T15:30:00+03:00,2025-08-31T12:00:00Z,0.0,1.5441999999999998,1.5441999999999998,ALPHA_OUTSIDE_SIMPLEX,ALPHA_OUTSIDE_SIMPLEX
2025-08-31T12:45:00Z,2025-08-31T15:45:00+03:00,2025-08-31T12:00:00Z,0.0,1.6088999999999998,1.6088999999999998,ALPHA_OUTSIDE_SIMPLEX,ALPHA_OUTSIDE_SIMPLEX
2025-08-31T20:00:00Z,2025-08-31T23:00:00+03:00,2025-08-31T20:00:00Z,0.0023799999999999997,0.262,0.26438,OK,OTHER_QH_IN_SAME_HOUR_INVALID
2025-08-31T20:15:00Z,2025-08-31T23:15:00+03:00,2025-08-31T20:00:00Z,0.0,0.7486400000000001,0.7486400000000001,OK,OTHER_QH_IN_SAME_HOUR_INVALID
2025-08-31T20:30:00Z,2025-08-31T23:30:00+03:00,2025-08-31T20:00:00Z,0.0,0.591,0.591,OK,OTHER_QH_IN_SAME_HOUR_INVALID
2025-08-31T20:45:00Z,2025-08-31T23:45:00+03:00,2025-08-31T20:00:00Z,0.0,1.16922,1.16922,ALPHA_OUTSIDE_SIMPLEX,ALPHA_OUTSIDE_SIMPLEX
2025-08-31T21:00:00Z,2025-09-01T00:00:00+03:00,2025-08-31T21:00:00Z,0.0,0.31292000000000003,0.31292000000000003,OK,OTHER_QH_IN_SAME_HOUR_INVALID
2025-08-31T21:15:00Z,2025-09-01T00:15:00+03:00,2025-08-31T21:00:00Z,0.0,0.6842199999999999,0.6842199999999999,OK,OTHER_QH_IN_SAME_HOUR_INVALID
2025-08-31T21:30:00Z,2025-09-01T00:30:00+03:00,2025-08-31T21:00:00Z,0.0,0.86036,0.86036,OK,OTHER_QH_IN_SAME_HOUR_INVALID
2025-08-31T21:45:00Z,2025-09-01T00:45:00+03:00,2025-08-31T21:00:00Z,0.0,1.00482,1.00482,ALPHA_OUTSIDE_SIMPLEX,ALPHA_OUTSIDE_SIMPLEX
2025-09-01T18:00:00Z,2025-09-01T21:00:00+03:00,2025-09-01T18:00:00Z,0.45334,0.0,0.45334,OK,OTHER_QH_IN_SAME_HOUR_INVALID
2025-09-01T18:15:00Z,2025-09-01T21:15:00+03:00,2025-09-01T18:00:00Z,0.22508,6e-05,0.22514,OK,OTHER_QH_IN_SAME_HOUR_INVALID
2025-09-01T18:30:00Z,2025-09-01T21:30:00+03:00,2025-09-01T18:00:00Z,0.00043999999999999996,0.23562000000000002,0.23606000000000002,OK,OTHER_QH_IN_SAME_HOUR_INVALID
2025-09-01T18:45:00Z,2025-09-01T21:45:00+03:00,2025-09-01T18:00:00Z,0.0,1.1603,1.1603,ALPHA_OUTSIDE_SIMPLEX,ALPHA_OUTSIDE_SIMPLEX
2025-09-01T19:00:00Z,2025-09-01T22:00:00+03:00,2025-09-01T19:00:00Z,0.18617999999999998,0.11494,0.30112,OK,OTHER_QH_IN_SAME_HOUR_INVALID
2025-09-01T19:15:00Z,2025-09-01T22:15:00+03:00,2025-09-01T19:00:00Z,0.0047599999999999995,0.22784,0.23259999999999997,OK,OTHER_QH_IN_SAME_HOUR_INVALID
2025-09-01T19:30:00Z,2025-09-01T22:30:00+03:00,2025-09-01T19:00:00Z,0.0,0.5583,0.5583,OK,OTHER_QH_IN_SAME_HOUR_INVALID
2025-09-01T19:45:00Z,2025-09-01T22:45:00+03:00,2025-09-01T19:00:00Z,0.0,1.33548,1.33548,ALPHA_OUTSIDE_SIMPLEX,ALPHA_OUTSIDE_SIMPLEX
2025-09-02T15:00:00Z,2025-09-02T18:00:00+03:00,2025-09-02T15:00:00Z,0.27064,0.0004,0.27104,OK,OTHER_QH_IN_SAME_HOUR_INVALID
2025-09-02T15:15:00Z,2025-09-02T18:15:00+03:00,2025-09-02T15:00:00Z,0.56892,0.0,0.56892,OK,OTHER_QH_IN_SAME_HOUR_INVALID
2025-09-02T15:30:00Z,2025-09-02T18:30:00+03:00,2025-09-02T15:00:00Z,1.00624,0.0,1.00624,ALPHA_OUTSIDE_SIMPLEX,ALPHA_OUTSIDE_SIMPLEX
2025-09-02T15:45:00Z,2025-09-02T18:45:00+03:00,2025-09-02T15:00:00Z,1.09384,0.0,1.09384,ALPHA_OUTSIDE_SIMPLEX,ALPHA_OUTSIDE_SIMPLEX
2025-09-03T11:00:00Z,2025-09-03T14:00:00+03:00,2025-09-03T11:00:00Z,0.0,0.26556,0.26556,OK,OTHER_QH_IN_SAME_HOUR_INVALID
2025-09-03T11:15:00Z,2025-09-03T14:15:00+03:00,2025-09-03T11:00:00Z,0.0,0.62564,0.62564,OK,OTHER_QH_IN_SAME_HOUR_INVALID
2025-09-03T11:30:00Z,2025-09-03T14:30:00+03:00,2025-09-03T11:00:00Z,0.0,1.04202,1.04202,ALPHA_OUTSIDE_SIMPLEX,ALPHA_OUTSIDE_SIMPLEX
2025-09-03T11:45:00Z,2025-09-03T14:45:00+03:00,2025-09-03T11:00:00Z,0.0,1.14446,1.14446,ALPHA_OUTSIDE_SIMPLEX,ALPHA_OUTSIDE_SIMPLEX
2025-09-03T12:00:00Z,2025-09-03T15:00:00+03:00,2025-09-03T12:00:00Z,0.0,1.06202,1.06202,ALPHA_OUTSIDE_SIMPLEX,ALPHA_OUTSIDE_SIMPLEX
2025-09-03T12:15:00Z,2025-09-03T15:15:00+03:00,2025-09-03T12:00:00Z,0.0767,0.12384,0.20054,OK,OTHER_QH_IN_SAME_HOUR_INVALID
2025-09-03T12:30:00Z,2025-09-03T15:30:00+03:00,2025-09-03T12:00:00Z,0.01332,0.15108,0.1644,OK,OTHER_QH_IN_SAME_HOUR_INVALID
2025-09-03T12:45:00Z,2025-09-03T15:45:00+03:00,2025-09-03T12:00:00Z,0.005719999999999999,0.00826,0.01398,OK,OTHER_QH_IN_SAME_HOUR_INVALID
2025-09-03T17:00:00Z,2025-09-03T20:00:00+03:00,2025-09-03T17:00:00Z,0.29925999999999997,0.00024,0.2995,OK,OTHER_QH_IN_SAME_HOUR_INVALID
2025-09-03T17:15:00Z,2025-09-03T20:15:00+03:00,2025-09-03T17:00:00Z,0.5849799999999999,0.0,0.5849799999999999,OK,OTHER_QH_IN_SAME_HOUR_INVALID
2025-09-03T17:30:00Z,2025-09-03T20:30:00+03:00,2025-09-03T17:00:00Z,1.10046,0.0,1.10046,ALPHA_OUTSIDE_SIMPLEX,ALPHA_OUTSIDE_SIMPLEX
2025-09-03T17:45:00Z,2025-09-03T20:45:00+03:00,2025-09-03T17:00:00Z,0.57554,0.0,0.57554,OK,OTHER_QH_IN_SAME_HOUR_INVALID
2025-09-03T20:00:00Z,2025-09-03T23:00:00+03:00,2025-09-03T20:00:00Z,0.5149199999999999,0.00656,0.5214799999999999,OK,OTHER_QH_IN_SAME_HOUR_INVALID
2025-09-03T20:15:00Z,2025-09-03T23:15:00+03:00,2025-09-03T20:00:00Z,1.03198,0.0,1.03198,ALPHA_OUTSIDE_SIMPLEX,ALPHA_OUTSIDE_SIMPLEX
2025-09-03T20:30:00Z,2025-09-03T23:30:00+03:00,2025-09-03T20:00:00Z,1.0876000000000001,0.0,1.0876000000000001,ALPHA_OUTSIDE_SIMPLEX,ALPHA_OUTSIDE_SIMPLEX
2025-09-03T20:45:00Z,2025-09-03T23:45:00+03:00,2025-09-03T20:00:00Z,1.10886,0.0,1.10886,ALPHA_OUTSIDE_SIMPLEX,ALPHA_OUTSIDE_SIMPLEX
2025-09-03T21:00:00Z,2025-09-04T00:00:00+03:00,2025-09-03T21:00:00Z,1.18844,0.0,1.18844,ALPHA_OUTSIDE_SIMPLEX,ALPHA_OUTSIDE_SIMPLEX
2025-09-03T21:15:00Z,2025-09-04T00:15:00+03:00,2025-09-03T21:00:00Z,1.10154,0.0,1.10154,ALPHA_OUTSIDE_SIMPLEX,ALPHA_OUTSIDE_SIMPLEX
2025-09-03T21:30:00Z,2025-09-04T00:30:00+03:00,2025-09-03T21:00:00Z,0.19777999999999998,0.0,0.19777999999999998,OK,OTHER_QH_IN_SAME_HOUR_INVALID
2025-09-03T21:45:00Z,2025-09-04T00:45:00+03:00,2025-09-03T21:00:00Z,0.26468,0.06336,0.32804,OK,OTHER_QH_IN_SAME_HOUR_INVALID
2025-09-04T01:00:00Z,2025-09-04T04:00:00+03:00,2025-09-04T01:00:00Z,0.0,1.13748,1.13748,ALPHA_OUTSIDE_SIMPLEX,ALPHA_OUTSIDE_SIMPLEX
2025-09-04T01:15:00Z,2025-09-04T04:15:00+03:00,2025-09-04T01:00:00Z,0.0,1.20386,1.20386,ALPHA_OUTSIDE_SIMPLEX,ALPHA_OUTSIDE_SIMPLEX
2025-09-04T01:30:00Z,2025-09-04T04:30:00+03:00,2025-09-04T01:00:00Z,0.0,1.0320399999999998,1.0320399999999998,ALPHA_OUTSIDE_SIMPLEX,ALPHA_OUTSIDE_SIMPLEX
2025-09-04T01:45:00Z,2025-09-04T04:45:00+03:00,2025-09-04T01:00:00Z,0.0,1.27174,1.27174,ALPHA_OUTSIDE_SIMPLEX,ALPHA_OUTSIDE_SIMPLEX
2025-09-04T18:00:00Z,2025-09-04T21:00:00+03:00,2025-09-04T18:00:00Z,0.0,0.046479999999999994,0.046479999999999994,OK,OTHER_QH_IN_SAME_HOUR_INVALID
2025-09-04T18:15:00Z,2025-09-04T21:15:00+03:00,2025-09-04T18:00:00Z,0.0,0.11220000000000001,0.11220000000000001,OK,OTHER_QH_IN_SAME_HOUR_INVALID
2025-09-04T18:30:00Z,2025-09-04T21:30:00+03:00,2025-09-04T18:00:00Z,0.0,0.78762,0.78762,OK,OTHER_QH_IN_SAME_HOUR_INVALID
2025-09-04T18:45:00Z,2025-09-04T21:45:00+03:00,2025-09-04T18:00:00Z,0.0,1.3735,1.3735,ALPHA_OUTSIDE_SIMPLEX,ALPHA_OUTSIDE_SIMPLEX
2025-09-05T14:00:00Z,2025-09-05T17:00:00+03:00,2025-09-05T14:00:00Z,0.0,1.5170599999999999,1.5170599999999999,ALPHA_OUTSIDE_SIMPLEX,ALPHA_OUTSIDE_SIMPLEX
2025-09-05T14:15:00Z,2025-09-05T17:15:00+03:00,2025-09-05T14:00:00Z,0.0,0.68734,0.68734,OK,OTHER_QH_IN_SAME_HOUR_INVALID
2025-09-05T14:30:00Z,2025-09-05T17:30:00+03:00,2025-09-05T14:00:00Z,0.00042,0.29568,0.2961,OK,OTHER_QH_IN_SAME_HOUR_INVALID
2025-09-05T14:45:00Z,2025-09-05T17:45:00+03:00,2025-09-05T14:00:00Z,0.10705999999999999,0.00037999999999999997,0.10744,OK,OTHER_QH_IN_SAME_HOUR_INVALID
2025-09-06T08:00:00Z,2025-09-06T11:00:00+03:00,2025-09-06T08:00:00Z,0.0010199999999999999,0.09038,0.0914,OK,OTHER_QH_IN_SAME_HOUR_INVALID
2025-09-06T08:15:00Z,2025-09-06T11:15:00+03:00,2025-09-06T08:00:00Z,0.0,0.31734,0.31734,OK,OTHER_QH_IN_SAME_HOUR_INVALID
2025-09-06T08:30:00Z,2025-09-06T11:30:00+03:00,2025-09-06T08:00:00Z,0.0,0.8833799999999999,0.8833799999999999,OK,OTHER_QH_IN_SAME_HOUR_INVALID
2025-09-06T08:45:00Z,2025-09-06T11:45:00+03:00,2025-09-06T08:00:00Z,0.0,1.0066599999999999,1.0066599999999999,ALPHA_OUTSIDE_SIMPLEX,ALPHA_OUTSIDE_SIMPLEX
2025-09-06T09:00:00Z,2025-09-06T12:00:00+03:00,2025-09-06T09:00:00Z,0.0,1.53626,1.53626,ALPHA_OUTSIDE_SIMPLEX,ALPHA_OUTSIDE_SIMPLEX
2025-09-06T09:15:00Z,2025-09-06T12:15:00+03:00,2025-09-06T09:00:00Z,0.0,1.19386,1.19386,ALPHA_OUTSIDE_SIMPLEX,ALPHA_OUTSIDE_SIMPLEX
2025-09-06T09:30:00Z,2025-09-06T12:30:00+03:00,2025-09-06T09:00:00Z,0.0,1.3197,1.3197,ALPHA_OUTSIDE_SIMPLEX,ALPHA_OUTSIDE_SIMPLEX
2025-09-06T09:45:00Z,2025-09-06T12:45:00+03:00,2025-09-06T09:00:00Z,0.0,0.9213,0.9213,OK,OTHER_QH_IN_SAME_HOUR_INVALID
2025-09-07T15:00:00Z,2025-09-07T18:00:00+03:00,2025-09-07T15:00:00Z,0.00598,1.09244,1.0984200000000002,ALPHA_OUTSIDE_SIMPLEX,ALPHA_OUTSIDE_SIMPLEX
2025-09-07T15:15:00Z,2025-09-07T18:15:00+03:00,2025-09-07T15:00:00Z,0.0,0.52596,0.52596,OK,OTHER_QH_IN_SAME_HOUR_INVALID
2025-09-07T15:30:00Z,2025-09-07T18:30:00+03:00,2025-09-07T15:00:00Z,0.00482,0.01782,0.02264,OK,OTHER_QH_IN_SAME_HOUR_INVALID
2025-09-07T15:45:00Z,2025-09-07T18:45:00+03:00,2025-09-07T15:00:00Z,0.02828,0.00054,0.02882,OK,OTHER_QH_IN_SAME_HOUR_INVALID
2025-09-08T05:00:00Z,2025-09-08T08:00:00+03:00,2025-09-08T05:00:00Z,0.0018599999999999999,0.00874,0.0106,OK,OTHER_QH_IN_SAME_HOUR_INVALID
2025-09-08T05:15:00Z,2025-09-08T08:15:00+03:00,2025-09-08T05:00:00Z,0.0007000000000000001,0.04536,0.04606,OK,OTHER_QH_IN_SAME_HOUR_INVALID
2025-09-08T05:30:00Z,2025-09-08T08:30:00+03:00,2025-09-08T05:00:00Z,0.0,0.28815999999999997,0.28815999999999997,OK,OTHER_QH_IN_SAME_HOUR_INVALID
2025-09-08T05:45:00Z,2025-09-08T08:45:00+03:00,2025-09-08T05:00:00Z,0.0,1.20218,1.20218,ALPHA_OUTSIDE_SIMPLEX,ALPHA_OUTSIDE_SIMPLEX
2025-09-09T05:00:00Z,2025-09-09T08:00:00+03:00,2025-09-09T05:00:00Z,1.1238599999999999,0.0,1.1238599999999999,ALPHA_OUTSIDE_SIMPLEX,ALPHA_OUTSIDE_SIMPLEX
2025-09-09T05:15:00Z,2025-09-09T08:15:00+03:00,2025-09-09T05:00:00Z,1.03786,0.0,1.03786,ALPHA_OUTSIDE_SIMPLEX,ALPHA_OUTSIDE_SIMPLEX
2025-09-09T05:30:00Z,2025-09-09T08:30:00+03:00,2025-09-09T05:00:00Z,0.0414,0.11962,0.16102,OK,OTHER_QH_IN_SAME_HOUR_INVALID
2025-09-09T05:45:00Z,2025-09-09T08:45:00+03:00,2025-09-09T05:00:00Z,0.0,0.05238,0.05238,OK,OTHER_QH_IN_SAME_HOUR_INVALID
2025-09-10T06:00:00Z,2025-09-10T09:00:00+03:00,2025-09-10T06:00:00Z,0.84836,0.00536,0.85372,OK,OTHER_QH_IN_SAME_HOUR_INVALID
2025-09-10T06:15:00Z,2025-09-10T09:15:00+03:00,2025-09-10T06:00:00Z,1.41736,0.0,1.41736,ALPHA_OUTSIDE_SIMPLEX,ALPHA_OUTSIDE_SIMPLEX
2025-09-10T06:30:00Z,2025-09-10T09:30:00+03:00,2025-09-10T06:00:00Z,0.69744,0.0,0.69744,OK,OTHER_QH_IN_SAME_HOUR_INVALID
2025-09-10T06:45:00Z,2025-09-10T09:45:00+03:00,2025-09-10T06:00:00Z,0.4446,0.0,0.4446,OK,OTHER_QH_IN_SAME_HOUR_INVALID
2025-09-11T00:00:00Z,2025-09-11T03:00:00+03:00,2025-09-11T00:00:00Z,0.0,0.95782,0.95782,OK,OTHER_QH_IN_SAME_HOUR_INVALID
2025-09-11T00:15:00Z,2025-09-11T03:15:00+03:00,2025-09-11T00:00:00Z,0.0,1.18188,1.18188,ALPHA_OUTSIDE_SIMPLEX,ALPHA_OUTSIDE_SIMPLEX
2025-09-11T00:30:00Z,2025-09-11T03:30:00+03:00,2025-09-11T00:00:00Z,0.0,1.0648,1.0648,ALPHA_OUTSIDE_SIMPLEX,ALPHA_OUTSIDE_SIMPLEX
2025-09-11T00:45:00Z,2025-09-11T03:45:00+03:00,2025-09-11T00:00:00Z,0.0,0.27264,0.27264,OK,OTHER_QH_IN_SAME_HOUR_INVALID
2025-09-11T04:00:00Z,2025-09-11T07:00:00+03:00,2025-09-11T04:00:00Z,0.0,1.31084,1.31084,ALPHA_OUTSIDE_SIMPLEX,ALPHA_OUTSIDE_SIMPLEX
2025-09-11T04:15:00Z,2025-09-11T07:15:00+03:00,2025-09-11T04:00:00Z,0.0,0.48508,0.48508,OK,OTHER_QH_IN_SAME_HOUR_INVALID
2025-09-11T04:30:00Z,2025-09-11T07:30:00+03:00,2025-09-11T04:00:00Z,0.0,0.42644,0.42644,OK,OTHER_QH_IN_SAME_HOUR_INVALID
2025-09-11T04:45:00Z,2025-09-11T07:45:00+03:00,2025-09-11T04:00:00Z,0.0,0.16948,0.16948,OK,OTHER_QH_IN_SAME_HOUR_INVALID
2025-09-12T20:00:00Z,2025-09-12T23:00:00+03:00,2025-09-12T20:00:00Z,1.11506,0.0,1.11506,ALPHA_OUTSIDE_SIMPLEX,ALPHA_OUTSIDE_SIMPLEX
2025-09-12T20:15:00Z,2025-09-12T23:15:00+03:00,2025-09-12T20:00:00Z,0.90842,0.0,0.90842,OK,OTHER_QH_IN_SAME_HOUR_INVALID
2025-09-12T20:30:00Z,2025-09-12T23:30:00+03:00,2025-09-12T20:00:00Z,0.86802,0.0,0.86802,OK,OTHER_QH_IN_SAME_HOUR_INVALID
2025-09-12T20:45:00Z,2025-09-12T23:45:00+03:00,2025-09-12T20:00:00Z,0.29975999999999997,0.0,0.29975999999999997,OK,OTHER_QH_IN_SAME_HOUR_INVALID
2025-09-12T21:00:00Z,2025-09-13T00:00:00+03:00,2025-09-12T21:00:00Z,1.3396000000000001,0.0,1.3396000000000001,ALPHA_OUTSIDE_SIMPLEX,ALPHA_OUTSIDE_SIMPLEX
2025-09-12T21:15:00Z,2025-09-13T00:15:00+03:00,2025-09-12T21:00:00Z,0.7268000000000001,0.0,0.7268000000000001,OK,OTHER_QH_IN_SAME_HOUR_INVALID
2025-09-12T21:30:00Z,2025-09-13T00:30:00+03:00,2025-09-12T21:00:00Z,0.049139999999999996,0.03898,0.08812,OK,OTHER_QH_IN_SAME_HOUR_INVALID
2025-09-12T21:45:00Z,2025-09-13T00:45:00+03:00,2025-09-12T21:00:00Z,0.00628,0.04118,0.04746,OK,OTHER_QH_IN_SAME_HOUR_INVALID
2025-09-13T07:00:00Z,2025-09-13T10:00:00+03:00,2025-09-13T07:00:00Z,0.00024,0.01206,0.0123,OK,OTHER_QH_IN_SAME_HOUR_INVALID
2025-09-13T07:15:00Z,2025-09-13T10:15:00+03:00,2025-09-13T07:00:00Z,0.0,0.06498,0.06498,OK,OTHER_QH_IN_SAME_HOUR_INVALID
2025-09-13T07:30:00Z,2025-09-13T10:30:00+03:00,2025-09-13T07:00:00Z,0.0,0.30513999999999997,0.30513999999999997,OK,OTHER_QH_IN_SAME_HOUR_INVALID
2025-09-13T07:45:00Z,2025-09-13T10:45:00+03:00,2025-09-13T07:00:00Z,0.0,1.10612,1.10612,ALPHA_OUTSIDE_SIMPLEX,ALPHA_OUTSIDE_SIMPLEX
2025-09-13T08:00:00Z,2025-09-13T11:00:00+03:00,2025-09-13T08:00:00Z,0.0,1.41686,1.41686,ALPHA_OUTSIDE_SIMPLEX,ALPHA_OUTSIDE_SIMPLEX
2025-09-13T08:15:00Z,2025-09-13T11:15:00+03:00,2025-09-13T08:00:00Z,0.0,1.4194,1.4194,ALPHA_OUTSIDE_SIMPLEX,ALPHA_OUTSIDE_SIMPLEX
2025-09-13T08:30:00Z,2025-09-13T11:30:00+03:00,2025-09-13T08:00:00Z,0.0,0.83698,0.83698,OK,OTHER_QH_IN_SAME_HOUR_INVALID
2025-09-13T08:45:00Z,2025-09-13T11:45:00+03:00,2025-09-13T08:00:00Z,0.0,0.7065600000000001,0.7065600000000001,OK,OTHER_QH_IN_SAME_HOUR_INVALID
2025-09-13T14:00:00Z,2025-09-13T17:00:00+03:00,2025-09-13T14:00:00Z,0.00122,1.05406,1.05528,ALPHA_OUTSIDE_SIMPLEX,ALPHA_OUTSIDE_SIMPLEX
2025-09-13T14:15:00Z,2025-09-13T17:15:00+03:00,2025-09-13T14:00:00Z,0.08448,0.22854,0.31301999999999996,OK,OTHER_QH_IN_SAME_HOUR_INVALID
2025-09-13T14:30:00Z,2025-09-13T17:30:00+03:00,2025-09-13T14:00:00Z,0.1362,0.0,0.1362,OK,OTHER_QH_IN_SAME_HOUR_INVALID
2025-09-13T14:45:00Z,2025-09-13T17:45:00+03:00,2025-09-13T14:00:00Z,0.09336,0.0,0.09336,OK,OTHER_QH_IN_SAME_HOUR_INVALID
2025-09-15T09:00:00Z,2025-09-15T12:00:00+03:00,2025-09-15T09:00:00Z,0.0,0.8394799999999999,0.8394799999999999,OK,OTHER_QH_IN_SAME_HOUR_INVALID
2025-09-15T09:15:00Z,2025-09-15T12:15:00+03:00,2025-09-15T09:00:00Z,0.0,0.90286,0.90286,OK,OTHER_QH_IN_SAME_HOUR_INVALID
2025-09-15T09:30:00Z,2025-09-15T12:30:00+03:00,2025-09-15T09:00:00Z,0.0,0.61656,0.61656,OK,OTHER_QH_IN_SAME_HOUR_INVALID
2025-09-15T09:45:00Z,2025-09-15T12:45:00+03:00,2025-09-15T09:00:00Z,0.0,1.1300400000000002,1.1300400000000002,ALPHA_OUTSIDE_SIMPLEX,ALPHA_OUTSIDE_SIMPLEX
2025-09-15T10:00:00Z,2025-09-15T13:00:00+03:00,2025-09-15T10:00:00Z,0.0,0.74298,0.74298,OK,OTHER_QH_IN_SAME_HOUR_INVALID
2025-09-15T10:15:00Z,2025-09-15T13:15:00+03:00,2025-09-15T10:00:00Z,0.00032,0.35008,0.3504,OK,OTHER_QH_IN_SAME_HOUR_INVALID
2025-09-15T10:30:00Z,2025-09-15T13:30:00+03:00,2025-09-15T10:00:00Z,0.0,0.45852,0.45852,OK,OTHER_QH_IN_SAME_HOUR_INVALID
2025-09-15T10:45:00Z,2025-09-15T13:45:00+03:00,2025-09-15T10:00:00Z,0.0,1.1745,1.1745,ALPHA_OUTSIDE_SIMPLEX,ALPHA_OUTSIDE_SIMPLEX
2025-09-15T15:00:00Z,2025-09-15T18:00:00+03:00,2025-09-15T15:00:00Z,0.0017000000000000001,0.24434,0.24604,OK,OTHER_QH_IN_SAME_HOUR_INVALID
2025-09-15T15:15:00Z,2025-09-15T18:15:00+03:00,2025-09-15T15:00:00Z,0.37595999999999996,0.00262,0.37857999999999997,OK,OTHER_QH_IN_SAME_HOUR_INVALID
2025-09-15T15:30:00Z,2025-09-15T18:30:00+03:00,2025-09-15T15:00:00Z,0.6574599999999999,0.0,0.6574599999999999,OK,OTHER_QH_IN_SAME_HOUR_INVALID
2025-09-15T15:45:00Z,2025-09-15T18:45:00+03:00,2025-09-15T15:00:00Z,1.39154,0.0,1.39154,ALPHA_OUTSIDE_SIMPLEX,ALPHA_OUTSIDE_SIMPLEX
2025-09-15T16:00:00Z,2025-09-15T19:00:00+03:00,2025-09-15T16:00:00Z,0.65888,0.0,0.65888,OK,OTHER_QH_IN_SAME_HOUR_INVALID
2025-09-15T16:15:00Z,2025-09-15T19:15:00+03:00,2025-09-15T16:00:00Z,0.24874,0.0,0.24874,OK,OTHER_QH_IN_SAME_HOUR_INVALID
2025-09-15T16:30:00Z,2025-09-15T19:30:00+03:00,2025-09-15T16:00:00Z,0.40850000000000003,0.0,0.40850000000000003,OK,OTHER_QH_IN_SAME_HOUR_INVALID
2025-09-15T16:45:00Z,2025-09-15T19:45:00+03:00,2025-09-15T16:00:00Z,1.14038,0.0,1.14038,ALPHA_OUTSIDE_SIMPLEX,ALPHA_OUTSIDE_SIMPLEX
2025-09-16T16:00:00Z,2025-09-16T19:00:00+03:00,2025-09-16T16:00:00Z,0.12988,0.0014000000000000002,0.13128,OK,OTHER_QH_IN_SAME_HOUR_INVALID
2025-09-16T16:15:00Z,2025-09-16T19:15:00+03:00,2025-09-16T16:00:00Z,0.11789999999999999,0.0,0.11789999999999999,OK,OTHER_QH_IN_SAME_HOUR_INVALID
2025-09-16T16:30:00Z,2025-09-16T19:30:00+03:00,2025-09-16T16:00:00Z,0.6286,0.0,0.6286,OK,OTHER_QH_IN_SAME_HOUR_INVALID
2025-09-16T16:45:00Z,2025-09-16T19:45:00+03:00,2025-09-16T16:00:00Z,1.08874,0.0,1.08874,ALPHA_OUTSIDE_SIMPLEX,ALPHA_OUTSIDE_SIMPLEX
2025-09-17T04:00:00Z,2025-09-17T07:00:00+03:00,2025-09-17T04:00:00Z,0.34196,0.0,0.34196,OK,OTHER_QH_IN_SAME_HOUR_INVALID
2025-09-17T04:15:00Z,2025-09-17T07:15:00+03:00,2025-09-17T04:00:00Z,0.81596,0.0,0.81596,OK,OTHER_QH_IN_SAME_HOUR_INVALID
2025-09-17T04:30:00Z,2025-09-17T07:30:00+03:00,2025-09-17T04:00:00Z,1.0204600000000001,0.0,1.0204600000000001,ALPHA_OUTSIDE_SIMPLEX,ALPHA_OUTSIDE_SIMPLEX
2025-09-17T04:45:00Z,2025-09-17T07:45:00+03:00,2025-09-17T04:00:00Z,0.5440999999999999,0.0,0.5440999999999999,OK,OTHER_QH_IN_SAME_HOUR_INVALID
2025-09-17T05:00:00Z,2025-09-17T08:00:00+03:00,2025-09-17T05:00:00Z,0.7141,0.0,0.7141,OK,OTHER_QH_IN_SAME_HOUR_INVALID
2025-09-17T05:15:00Z,2025-09-17T08:15:00+03:00,2025-09-17T05:00:00Z,1.3712,0.0,1.3712,ALPHA_OUTSIDE_SIMPLEX,ALPHA_OUTSIDE_SIMPLEX
2025-09-17T05:30:00Z,2025-09-17T08:30:00+03:00,2025-09-17T05:00:00Z,1.12148,0.0,1.12148,ALPHA_OUTSIDE_SIMPLEX,ALPHA_OUTSIDE_SIMPLEX
2025-09-17T05:45:00Z,2025-09-17T08:45:00+03:00,2025-09-17T05:00:00Z,0.08668,0.02514,0.11181999999999999,OK,OTHER_QH_IN_SAME_HOUR_INVALID
2025-09-17T07:00:00Z,2025-09-17T10:00:00+03:00,2025-09-17T07:00:00Z,0.0,0.32444,0.32444,OK,OTHER_QH_IN_SAME_HOUR_INVALID
2025-09-17T07:15:00Z,2025-09-17T10:15:00+03:00,2025-09-17T07:00:00Z,0.0,0.27754,0.27754,OK,OTHER_QH_IN_SAME_HOUR_INVALID
2025-09-17T07:30:00Z,2025-09-17T10:30:00+03:00,2025-09-17T07:00:00Z,0.0,0.41216,0.41216,OK,OTHER_QH_IN_SAME_HOUR_INVALID
2025-09-17T07:45:00Z,2025-09-17T10:45:00+03:00,2025-09-17T07:00:00Z,0.0,1.12448,1.12448,ALPHA_OUTSIDE_SIMPLEX,ALPHA_OUTSIDE_SIMPLEX
2025-09-17T08:00:00Z,2025-09-17T11:00:00+03:00,2025-09-17T08:00:00Z,0.0,0.41218000000000005,0.41218000000000005,OK,OTHER_QH_IN_SAME_HOUR_INVALID
2025-09-17T08:15:00Z,2025-09-17T11:15:00+03:00,2025-09-17T08:00:00Z,0.0,0.6740200000000001,0.6740200000000001,OK,OTHER_QH_IN_SAME_HOUR_INVALID
2025-09-17T08:30:00Z,2025-09-17T11:30:00+03:00,2025-09-17T08:00:00Z,0.0,1.0119799999999999,1.0119799999999999,ALPHA_OUTSIDE_SIMPLEX,ALPHA_OUTSIDE_SIMPLEX
2025-09-17T08:45:00Z,2025-09-17T11:45:00+03:00,2025-09-17T08:00:00Z,0.0,0.9995,0.9995,OK,OTHER_QH_IN_SAME_HOUR_INVALID
2025-09-17T19:00:00Z,2025-09-17T22:00:00+03:00,2025-09-17T19:00:00Z,0.01458,0.17646,0.19104000000000002,OK,OTHER_QH_IN_SAME_HOUR_INVALID
2025-09-17T19:15:00Z,2025-09-17T22:15:00+03:00,2025-09-17T19:00:00Z,0.0,0.33892000000000005,0.33892000000000005,OK,OTHER_QH_IN_SAME_HOUR_INVALID
2025-09-17T19:30:00Z,2025-09-17T22:30:00+03:00,2025-09-17T19:00:00Z,0.0,0.5853,0.5853,OK,OTHER_QH_IN_SAME_HOUR_INVALID
2025-09-17T19:45:00Z,2025-09-17T22:45:00+03:00,2025-09-17T19:00:00Z,0.0,1.07208,1.07208,ALPHA_OUTSIDE_SIMPLEX,ALPHA_OUTSIDE_SIMPLEX
2025-09-17T21:00:00Z,2025-09-18T00:00:00+03:00,2025-09-17T21:00:00Z,0.0022400000000000002,0.06852,0.07076,OK,OTHER_QH_IN_SAME_HOUR_INVALID
2025-09-17T21:15:00Z,2025-09-18T00:15:00+03:00,2025-09-17T21:00:00Z,0.0004,0.005520000000000001,0.005920000000000001,OK,OTHER_QH_IN_SAME_HOUR_INVALID
2025-09-17T21:30:00Z,2025-09-18T00:30:00+03:00,2025-09-17T21:00:00Z,0.0,0.30894,0.30894,OK,OTHER_QH_IN_SAME_HOUR_INVALID
2025-09-17T21:45:00Z,2025-09-18T00:45:00+03:00,2025-09-17T21:00:00Z,0.0,1.01876,1.01876,ALPHA_OUTSIDE_SIMPLEX,ALPHA_OUTSIDE_SIMPLEX
2025-09-18T05:00:00Z,2025-09-18T08:00:00+03:00,2025-09-18T05:00:00Z,0.12678,0.0,0.12678,OK,OTHER_QH_IN_SAME_HOUR_INVALID
2025-09-18T05:15:00Z,2025-09-18T08:15:00+03:00,2025-09-18T05:00:00Z,0.00034,0.31044,0.31078,OK,OTHER_QH_IN_SAME_HOUR_INVALID
2025-09-18T05:30:00Z,2025-09-18T08:30:00+03:00,2025-09-18T05:00:00Z,0.0,1.0184600000000001,1.0184600000000001,ALPHA_OUTSIDE_SIMPLEX,ALPHA_OUTSIDE_SIMPLEX
2025-09-18T05:45:00Z,2025-09-18T08:45:00+03:00,2025-09-18T05:00:00Z,0.0,1.70756,1.70756,ALPHA_OUTSIDE_SIMPLEX,ALPHA_OUTSIDE_SIMPLEX
2025-09-18T06:00:00Z,2025-09-18T09:00:00+03:00,2025-09-18T06:00:00Z,0.11644,0.17324,0.28968,OK,OTHER_QH_IN_SAME_HOUR_INVALID
2025-09-18T06:15:00Z,2025-09-18T09:15:00+03:00,2025-09-18T06:00:00Z,0.0,0.73642,0.73642,OK,OTHER_QH_IN_SAME_HOUR_INVALID
2025-09-18T06:30:00Z,2025-09-18T09:30:00+03:00,2025-09-18T06:00:00Z,0.0,1.57188,1.57188,ALPHA_OUTSIDE_SIMPLEX,ALPHA_OUTSIDE_SIMPLEX
2025-09-18T06:45:00Z,2025-09-18T09:45:00+03:00,2025-09-18T06:00:00Z,0.0,1.5783600000000002,1.5783600000000002,ALPHA_OUTSIDE_SIMPLEX,ALPHA_OUTSIDE_SIMPLEX
2025-09-18T12:00:00Z,2025-09-18T15:00:00+03:00,2025-09-18T12:00:00Z,0.0,1.29966,1.29966,ALPHA_OUTSIDE_SIMPLEX,ALPHA_OUTSIDE_SIMPLEX
2025-09-18T12:15:00Z,2025-09-18T15:15:00+03:00,2025-09-18T12:00:00Z,0.00042,0.33462000000000003,0.33504,OK,OTHER_QH_IN_SAME_HOUR_INVALID
2025-09-18T12:30:00Z,2025-09-18T15:30:00+03:00,2025-09-18T12:00:00Z,0.00136,0.01282,0.01418,OK,OTHER_QH_IN_SAME_HOUR_INVALID
2025-09-18T12:45:00Z,2025-09-18T15:45:00+03:00,2025-09-18T12:00:00Z,0.0,0.87272,0.87272,OK,OTHER_QH_IN_SAME_HOUR_INVALID
2025-09-18T13:00:00Z,2025-09-18T16:00:00+03:00,2025-09-18T13:00:00Z,0.0,1.2606,1.2606,ALPHA_OUTSIDE_SIMPLEX,ALPHA_OUTSIDE_SIMPLEX
2025-09-18T13:15:00Z,2025-09-18T16:15:00+03:00,2025-09-18T13:00:00Z,0.0,0.9490999999999999,0.9490999999999999,OK,OTHER_QH_IN_SAME_HOUR_INVALID
2025-09-18T13:30:00Z,2025-09-18T16:30:00+03:00,2025-09-18T13:00:00Z,0.0,1.3183799999999999,1.3183799999999999,ALPHA_OUTSIDE_SIMPLEX,ALPHA_OUTSIDE_SIMPLEX
2025-09-18T13:45:00Z,2025-09-18T16:45:00+03:00,2025-09-18T13:00:00Z,0.0,0.48985999999999996,0.48985999999999996,OK,OTHER_QH_IN_SAME_HOUR_INVALID
2025-09-18T14:00:00Z,2025-09-18T17:00:00+03:00,2025-09-18T14:00:00Z,0.0,1.1405800000000001,1.1405800000000001,ALPHA_OUTSIDE_SIMPLEX,ALPHA_OUTSIDE_SIMPLEX
2025-09-18T14:15:00Z,2025-09-18T17:15:00+03:00,2025-09-18T14:00:00Z,0.0,0.91012,0.91012,OK,OTHER_QH_IN_SAME_HOUR_INVALID
2025-09-18T14:30:00Z,2025-09-18T17:30:00+03:00,2025-09-18T14:00:00Z,0.00017999999999999998,0.22018000000000001,0.22036000000000003,OK,OTHER_QH_IN_SAME_HOUR_INVALID
2025-09-18T14:45:00Z,2025-09-18T17:45:00+03:00,2025-09-18T14:00:00Z,0.00264,0.11721999999999999,0.11986,OK,OTHER_QH_IN_SAME_HOUR_INVALID
2025-09-18T18:00:00Z,2025-09-18T21:00:00+03:00,2025-09-18T18:00:00Z,0.0,0.7799200000000001,0.7799200000000001,OK,OTHER_QH_IN_SAME_HOUR_INVALID
2025-09-18T18:15:00Z,2025-09-18T21:15:00+03:00,2025-09-18T18:00:00Z,0.0,1.0059,1.0059,ALPHA_OUTSIDE_SIMPLEX,ALPHA_OUTSIDE_SIMPLEX
2025-09-18T18:30:00Z,2025-09-18T21:30:00+03:00,2025-09-18T18:00:00Z,0.0,0.9824200000000001,0.9824200000000001,OK,OTHER_QH_IN_SAME_HOUR_INVALID
2025-09-18T18:45:00Z,2025-09-18T21:45:00+03:00,2025-09-18T18:00:00Z,0.0,1.03928,1.03928,ALPHA_OUTSIDE_SIMPLEX,ALPHA_OUTSIDE_SIMPLEX
2025-09-18T23:00:00Z,2025-09-19T02:00:00+03:00,2025-09-18T23:00:00Z,0.0,0.3764,0.3764,OK,OTHER_QH_IN_SAME_HOUR_INVALID
2025-09-18T23:15:00Z,2025-09-19T02:15:00+03:00,2025-09-18T23:00:00Z,0.0,0.61958,0.61958,OK,OTHER_QH_IN_SAME_HOUR_INVALID
2025-09-18T23:30:00Z,2025-09-19T02:30:00+03:00,2025-09-18T23:00:00Z,0.0,0.86952,0.86952,OK,OTHER_QH_IN_SAME_HOUR_INVALID
2025-09-18T23:45:00Z,2025-09-19T02:45:00+03:00,2025-09-18T23:00:00Z,0.0,1.24384,1.24384,ALPHA_OUTSIDE_SIMPLEX,ALPHA_OUTSIDE_SIMPLEX
2025-09-19T00:00:00Z,2025-09-19T03:00:00+03:00,2025-09-19T00:00:00Z,0.0,1.09794,1.09794,ALPHA_OUTSIDE_SIMPLEX,ALPHA_OUTSIDE_SIMPLEX
2025-09-19T00:15:00Z,2025-09-19T03:15:00+03:00,2025-09-19T00:00:00Z,0.0,0.75994,0.75994,OK,OTHER_QH_IN_SAME_HOUR_INVALID
2025-09-19T00:30:00Z,2025-09-19T03:30:00+03:00,2025-09-19T00:00:00Z,0.0,0.7395,0.7395,OK,OTHER_QH_IN_SAME_HOUR_INVALID
2025-09-19T00:45:00Z,2025-09-19T03:45:00+03:00,2025-09-19T00:00:00Z,0.0,0.71828,0.71828,OK,OTHER_QH_IN_SAME_HOUR_INVALID
2025-09-19T03:00:00Z,2025-09-19T06:00:00+03:00,2025-09-19T03:00:00Z,0.0,1.1172,1.1172,ALPHA_OUTSIDE_SIMPLEX,ALPHA_OUTSIDE_SIMPLEX
2025-09-19T03:15:00Z,2025-09-19T06:15:00+03:00,2025-09-19T03:00:00Z,0.0,0.56668,0.56668,OK,OTHER_QH_IN_SAME_HOUR_INVALID
2025-09-19T03:30:00Z,2025-09-19T06:30:00+03:00,2025-09-19T03:00:00Z,0.0,0.18072,0.18072,OK,OTHER_QH_IN_SAME_HOUR_INVALID
2025-09-19T03:45:00Z,2025-09-19T06:45:00+03:00,2025-09-19T03:00:00Z,0.0,0.38822,0.38822,OK,OTHER_QH_IN_SAME_HOUR_INVALID
2025-09-19T06:00:00Z,2025-09-19T09:00:00+03:00,2025-09-19T06:00:00Z,1.09364,0.0,1.09364,ALPHA_OUTSIDE_SIMPLEX,ALPHA_OUTSIDE_SIMPLEX
2025-09-19T06:15:00Z,2025-09-19T09:15:00+03:00,2025-09-19T06:00:00Z,0.52576,0.0,0.52576,OK,OTHER_QH_IN_SAME_HOUR_INVALID
2025-09-19T06:30:00Z,2025-09-19T09:30:00+03:00,2025-09-19T06:00:00Z,0.4387,0.0,0.4387,OK,OTHER_QH_IN_SAME_HOUR_INVALID
2025-09-19T06:45:00Z,2025-09-19T09:45:00+03:00,2025-09-19T06:00:00Z,0.03714,0.0001,0.03724,OK,OTHER_QH_IN_SAME_HOUR_INVALID
2025-09-20T14:00:00Z,2025-09-20T17:00:00+03:00,2025-09-20T14:00:00Z,0.0,0.19288,0.19288,OK,OTHER_QH_IN_SAME_HOUR_INVALID
2025-09-20T14:15:00Z,2025-09-20T17:15:00+03:00,2025-09-20T14:00:00Z,0.24352000000000001,0.00214,0.24566000000000002,OK,OTHER_QH_IN_SAME_HOUR_INVALID
2025-09-20T14:30:00Z,2025-09-20T17:30:00+03:00,2025-09-20T14:00:00Z,0.7014400000000001,0.0,0.7014400000000001,OK,OTHER_QH_IN_SAME_HOUR_INVALID
2025-09-20T14:45:00Z,2025-09-20T17:45:00+03:00,2025-09-20T14:00:00Z,1.1114199999999999,0.0,1.1114199999999999,ALPHA_OUTSIDE_SIMPLEX,ALPHA_OUTSIDE_SIMPLEX
2025-09-20T15:00:00Z,2025-09-20T18:00:00+03:00,2025-09-20T15:00:00Z,0.3136,0.0,0.3136,OK,OTHER_QH_IN_SAME_HOUR_INVALID
2025-09-20T15:15:00Z,2025-09-20T18:15:00+03:00,2025-09-20T15:00:00Z,0.7742,0.0,0.7742,OK,OTHER_QH_IN_SAME_HOUR_INVALID
2025-09-20T15:30:00Z,2025-09-20T18:30:00+03:00,2025-09-20T15:00:00Z,0.96962,0.0,0.96962,OK,OTHER_QH_IN_SAME_HOUR_INVALID
2025-09-20T15:45:00Z,2025-09-20T18:45:00+03:00,2025-09-20T15:00:00Z,1.062,0.0,1.062,ALPHA_OUTSIDE_SIMPLEX,ALPHA_OUTSIDE_SIMPLEX
2025-09-21T06:00:00Z,2025-09-21T09:00:00+03:00,2025-09-21T06:00:00Z,0.0005600000000000001,0.12444000000000001,0.125,OK,OTHER_QH_IN_SAME_HOUR_INVALID
2025-09-21T06:15:00Z,2025-09-21T09:15:00+03:00,2025-09-21T06:00:00Z,0.00016,0.42485999999999996,0.42501999999999995,OK,OTHER_QH_IN_SAME_HOUR_INVALID
2025-09-21T06:30:00Z,2025-09-21T09:30:00+03:00,2025-09-21T06:00:00Z,0.0,0.9151,0.9151,OK,OTHER_QH_IN_SAME_HOUR_INVALID
2025-09-21T06:45:00Z,2025-09-21T09:45:00+03:00,2025-09-21T06:00:00Z,0.0,1.02272,1.02272,ALPHA_OUTSIDE_SIMPLEX,ALPHA_OUTSIDE_SIMPLEX
2025-09-21T11:00:00Z,2025-09-21T14:00:00+03:00,2025-09-21T11:00:00Z,0.0,0.77038,0.77038,OK,OTHER_QH_IN_SAME_HOUR_INVALID
2025-09-21T11:15:00Z,2025-09-21T14:15:00+03:00,2025-09-21T11:00:00Z,0.0,0.83588,0.83588,OK,OTHER_QH_IN_SAME_HOUR_INVALID
2025-09-21T11:30:00Z,2025-09-21T14:30:00+03:00,2025-09-21T11:00:00Z,0.0,1.0471599999999999,1.0471599999999999,ALPHA_OUTSIDE_SIMPLEX,ALPHA_OUTSIDE_SIMPLEX
2025-09-21T11:45:00Z,2025-09-21T14:45:00+03:00,2025-09-21T11:00:00Z,0.0,0.7009000000000001,0.7009000000000001,OK,OTHER_QH_IN_SAME_HOUR_INVALID
2025-09-21T12:00:00Z,2025-09-21T15:00:00+03:00,2025-09-21T12:00:00Z,0.0,0.9684999999999999,0.9684999999999999,OK,OTHER_QH_IN_SAME_HOUR_INVALID
2025-09-21T12:15:00Z,2025-09-21T15:15:00+03:00,2025-09-21T12:00:00Z,0.0,1.14048,1.14048,ALPHA_OUTSIDE_SIMPLEX,ALPHA_OUTSIDE_SIMPLEX
2025-09-21T12:30:00Z,2025-09-21T15:30:00+03:00,2025-09-21T12:00:00Z,0.0,0.60576,0.60576,OK,OTHER_QH_IN_SAME_HOUR_INVALID
2025-09-21T12:45:00Z,2025-09-21T15:45:00+03:00,2025-09-21T12:00:00Z,0.0,0.20010000000000003,0.20010000000000003,OK,OTHER_QH_IN_SAME_HOUR_INVALID
2025-09-22T06:00:00Z,2025-09-22T09:00:00+03:00,2025-09-22T06:00:00Z,0.20617999999999997,0.02994,0.23611999999999997,OK,OTHER_QH_IN_SAME_HOUR_INVALID
2025-09-22T06:15:00Z,2025-09-22T09:15:00+03:00,2025-09-22T06:00:00Z,0.0105,0.01038,0.020880000000000003,OK,OTHER_QH_IN_SAME_HOUR_INVALID
2025-09-22T06:30:00Z,2025-09-22T09:30:00+03:00,2025-09-22T06:00:00Z,0.0,0.644,0.644,OK,OTHER_QH_IN_SAME_HOUR_INVALID
2025-09-22T06:45:00Z,2025-09-22T09:45:00+03:00,2025-09-22T06:00:00Z,0.0,1.42018,1.42018,ALPHA_OUTSIDE_SIMPLEX,ALPHA_OUTSIDE_SIMPLEX
2025-09-23T18:00:00Z,2025-09-23T21:00:00+03:00,2025-09-23T18:00:00Z,0.06322,0.0,0.06322,OK,OTHER_QH_IN_SAME_HOUR_INVALID
2025-09-23T18:15:00Z,2025-09-23T21:15:00+03:00,2025-09-23T18:00:00Z,0.02282,0.13756000000000002,0.16038000000000002,OK,OTHER_QH_IN_SAME_HOUR_INVALID
2025-09-23T18:30:00Z,2025-09-23T21:30:00+03:00,2025-09-23T18:00:00Z,0.0,0.48028,0.48028,OK,OTHER_QH_IN_SAME_HOUR_INVALID
2025-09-23T18:45:00Z,2025-09-23T21:45:00+03:00,2025-09-23T18:00:00Z,0.0,1.10502,1.10502,ALPHA_OUTSIDE_SIMPLEX,ALPHA_OUTSIDE_SIMPLEX
2025-09-24T13:00:00Z,2025-09-24T16:00:00+03:00,2025-09-24T13:00:00Z,0.02154,0.44486,0.4664,OK,OTHER_QH_IN_SAME_HOUR_INVALID
2025-09-24T13:15:00Z,2025-09-24T16:15:00+03:00,2025-09-24T13:00:00Z,0.00066,0.077,0.07765999999999999,OK,OTHER_QH_IN_SAME_HOUR_INVALID
2025-09-24T13:30:00Z,2025-09-24T16:30:00+03:00,2025-09-24T13:00:00Z,0.33358,0.0,0.33358,OK,OTHER_QH_IN_SAME_HOUR_INVALID
2025-09-24T13:45:00Z,2025-09-24T16:45:00+03:00,2025-09-24T13:00:00Z,1.06116,0.0,1.06116,ALPHA_OUTSIDE_SIMPLEX,ALPHA_OUTSIDE_SIMPLEX
2025-09-25T06:00:00Z,2025-09-25T09:00:00+03:00,2025-09-25T06:00:00Z,1.11506,0.0,1.11506,ALPHA_OUTSIDE_SIMPLEX,ALPHA_OUTSIDE_SIMPLEX
2025-09-25T06:15:00Z,2025-09-25T09:15:00+03:00,2025-09-25T06:00:00Z,1.22166,0.0,1.22166,ALPHA_OUTSIDE_SIMPLEX,ALPHA_OUTSIDE_SIMPLEX
2025-09-25T06:30:00Z,2025-09-25T09:30:00+03:00,2025-09-25T06:00:00Z,0.386,6e-05,0.38606,OK,OTHER_QH_IN_SAME_HOUR_INVALID
2025-09-25T06:45:00Z,2025-09-25T09:45:00+03:00,2025-09-25T06:00:00Z,0.05142,0.00222,0.05364,OK,OTHER_QH_IN_SAME_HOUR_INVALID
2025-09-25T10:00:00Z,2025-09-25T13:00:00+03:00,2025-09-25T10:00:00Z,0.2434,0.01146,0.25486000000000003,OK,OTHER_QH_IN_SAME_HOUR_INVALID
2025-09-25T10:15:00Z,2025-09-25T13:15:00+03:00,2025-09-25T10:00:00Z,1.04522,0.0,1.04522,ALPHA_OUTSIDE_SIMPLEX,ALPHA_OUTSIDE_SIMPLEX
2025-09-25T10:30:00Z,2025-09-25T13:30:00+03:00,2025-09-25T10:00:00Z,0.65164,0.0,0.65164,OK,OTHER_QH_IN_SAME_HOUR_INVALID
2025-09-25T10:45:00Z,2025-09-25T13:45:00+03:00,2025-09-25T10:00:00Z,0.45649999999999996,0.0,0.45649999999999996,OK,OTHER_QH_IN_SAME_HOUR_INVALID
2025-09-25T11:00:00Z,2025-09-25T14:00:00+03:00,2025-09-25T11:00:00Z,0.95878,0.0,0.95878,OK,OTHER_QH_IN_SAME_HOUR_INVALID
2025-09-25T11:15:00Z,2025-09-25T14:15:00+03:00,2025-09-25T11:00:00Z,1.2838999999999998,0.0,1.2838999999999998,ALPHA_OUTSIDE_SIMPLEX,ALPHA_OUTSIDE_SIMPLEX
2025-09-25T11:30:00Z,2025-09-25T14:30:00+03:00,2025-09-25T11:00:00Z,1.01296,0.0,1.01296,ALPHA_OUTSIDE_SIMPLEX,ALPHA_OUTSIDE_SIMPLEX
2025-09-25T11:45:00Z,2025-09-25T14:45:00+03:00,2025-09-25T11:00:00Z,0.13658,0.0,0.13658,OK,OTHER_QH_IN_SAME_HOUR_INVALID
2025-09-26T05:00:00Z,2025-09-26T08:00:00+03:00,2025-09-26T05:00:00Z,0.62284,0.0,0.62284,OK,OTHER_QH_IN_SAME_HOUR_INVALID
2025-09-26T05:15:00Z,2025-09-26T08:15:00+03:00,2025-09-26T05:00:00Z,1.23854,0.0,1.23854,ALPHA_OUTSIDE_SIMPLEX,ALPHA_OUTSIDE_SIMPLEX
2025-09-26T05:30:00Z,2025-09-26T08:30:00+03:00,2025-09-26T05:00:00Z,1.1862000000000001,0.0,1.1862000000000001,ALPHA_OUTSIDE_SIMPLEX,ALPHA_OUTSIDE_SIMPLEX
2025-09-26T05:45:00Z,2025-09-26T08:45:00+03:00,2025-09-26T05:00:00Z,1.1288,0.0,1.1288,ALPHA_OUTSIDE_SIMPLEX,ALPHA_OUTSIDE_SIMPLEX
2025-09-27T15:00:00Z,2025-09-27T18:00:00+03:00,2025-09-27T15:00:00Z,0.0,1.1448,1.1448,ALPHA_OUTSIDE_SIMPLEX,ALPHA_OUTSIDE_SIMPLEX
2025-09-27T15:15:00Z,2025-09-27T18:15:00+03:00,2025-09-27T15:00:00Z,0.0,0.76742,0.76742,OK,OTHER_QH_IN_SAME_HOUR_INVALID
2025-09-27T15:30:00Z,2025-09-27T18:30:00+03:00,2025-09-27T15:00:00Z,0.0,0.1959,0.1959,OK,OTHER_QH_IN_SAME_HOUR_INVALID
2025-09-27T15:45:00Z,2025-09-27T18:45:00+03:00,2025-09-27T15:00:00Z,0.0,0.08077999999999999,0.08077999999999999,OK,OTHER_QH_IN_SAME_HOUR_INVALID
2025-09-29T05:00:00Z,2025-09-29T08:00:00+03:00,2025-09-29T05:00:00Z,0.19734000000000002,0.0,0.19734000000000002,OK,OTHER_QH_IN_SAME_HOUR_INVALID
2025-09-29T05:15:00Z,2025-09-29T08:15:00+03:00,2025-09-29T05:00:00Z,0.71138,0.0,0.71138,OK,OTHER_QH_IN_SAME_HOUR_INVALID
2025-09-29T05:30:00Z,2025-09-29T08:30:00+03:00,2025-09-29T05:00:00Z,1.10602,0.0,1.10602,ALPHA_OUTSIDE_SIMPLEX,ALPHA_OUTSIDE_SIMPLEX
2025-09-29T05:45:00Z,2025-09-29T08:45:00+03:00,2025-09-29T05:00:00Z,0.66066,0.0,0.66066,OK,OTHER_QH_IN_SAME_HOUR_INVALID
2025-09-29T07:00:00Z,2025-09-29T10:00:00+03:00,2025-09-29T07:00:00Z,1.26738,0.0,1.26738,ALPHA_OUTSIDE_SIMPLEX,ALPHA_OUTSIDE_SIMPLEX
2025-09-29T07:15:00Z,2025-09-29T10:15:00+03:00,2025-09-29T07:00:00Z,0.20418,0.00046,0.20464,OK,OTHER_QH_IN_SAME_HOUR_INVALID
2025-09-29T07:30:00Z,2025-09-29T10:30:00+03:00,2025-09-29T07:00:00Z,0.01076,0.00126,0.012020000000000001,OK,OTHER_QH_IN_SAME_HOUR_INVALID
2025-09-29T07:45:00Z,2025-09-29T10:45:00+03:00,2025-09-29T07:00:00Z,0.047779999999999996,0.05846,0.10624,OK,OTHER_QH_IN_SAME_HOUR_INVALID
2025-09-30T09:00:00Z,2025-09-30T12:00:00+03:00,2025-09-30T09:00:00Z,0.0,0.1739,0.1739,OK,OTHER_QH_IN_SAME_HOUR_INVALID
2025-09-30T09:15:00Z,2025-09-30T12:15:00+03:00,2025-09-30T09:00:00Z,0.031120000000000002,0.00984,0.04096,OK,OTHER_QH_IN_SAME_HOUR_INVALID
2025-09-30T09:30:00Z,2025-09-30T12:30:00+03:00,2025-09-30T09:00:00Z,1.00582,0.0,1.00582,ALPHA_OUTSIDE_SIMPLEX,ALPHA_OUTSIDE_SIMPLEX
2025-09-30T09:45:00Z,2025-09-30T12:45:00+03:00,2025-09-30T09:00:00Z,1.15028,0.0,1.15028,ALPHA_OUTSIDE_SIMPLEX,ALPHA_OUTSIDE_SIMPLEX
2025-09-30T14:00:00Z,2025-09-30T17:00:00+03:00,2025-09-30T14:00:00Z,0.0,1.05376,1.05376,ALPHA_OUTSIDE_SIMPLEX,ALPHA_OUTSIDE_SIMPLEX
2025-09-30T14:15:00Z,2025-09-30T17:15:00+03:00,2025-09-30T14:00:00Z,0.0,0.78026,0.78026,OK,OTHER_QH_IN_SAME_HOUR_INVALID
2025-09-30T14:30:00Z,2025-09-30T17:30:00+03:00,2025-09-30T14:00:00Z,0.0,0.30906,0.30906,OK,OTHER_QH_IN_SAME_HOUR_INVALID
2025-09-30T14:45:00Z,2025-09-30T17:45:00+03:00,2025-09-30T14:00:00Z,0.05688,0.00496,0.06184,OK,OTHER_QH_IN_SAME_HOUR_INVALID
2025-09-30T18:00:00Z,2025-09-30T21:00:00+03:00,2025-09-30T18:00:00Z,0.8741,0.0,0.8741,OK,OTHER_QH_IN_SAME_HOUR_INVALID
2025-09-30T18:15:00Z,2025-09-30T21:15:00+03:00,2025-09-30T18:00:00Z,1.1482599999999998,0.0,1.1482599999999998,ALPHA_OUTSIDE_SIMPLEX,ALPHA_OUTSIDE_SIMPLEX
2025-09-30T18:30:00Z,2025-09-30T21:30:00+03:00,2025-09-30T18:00:00Z,0.55414,2e-05,0.55416,OK,OTHER_QH_IN_SAME_HOUR_INVALID
2025-09-30T18:45:00Z,2025-09-30T21:45:00+03:00,2025-09-30T18:00:00Z,0.10880000000000001,6e-05,0.10886000000000001,OK,OTHER_QH_IN_SAME_HOUR_INVALID
2025-10-02T05:00:00Z,2025-10-02T08:00:00+03:00,2025-10-02T05:00:00Z,1.01974,0.0,1.01974,ALPHA_OUTSIDE_SIMPLEX,ALPHA_OUTSIDE_SIMPLEX
2025-10-02T05:15:00Z,2025-10-02T08:15:00+03:00,2025-10-02T05:00:00Z,0.9422799999999999,0.0,0.9422799999999999,OK,OTHER_QH_IN_SAME_HOUR_INVALID
2025-10-02T05:30:00Z,2025-10-02T08:30:00+03:00,2025-10-02T05:00:00Z,0.7512000000000001,0.0,0.7512000000000001,OK,OTHER_QH_IN_SAME_HOUR_INVALID
2025-10-02T05:45:00Z,2025-10-02T08:45:00+03:00,2025-10-02T05:00:00Z,0.37932000000000005,0.00042,0.37974,OK,OTHER_QH_IN_SAME_HOUR_INVALID
2025-10-02T09:00:00Z,2025-10-02T12:00:00+03:00,2025-10-02T09:00:00Z,0.0,0.69906,0.69906,OK,OTHER_QH_IN_SAME_HOUR_INVALID
2025-10-02T09:15:00Z,2025-10-02T12:15:00+03:00,2025-10-02T09:00:00Z,0.0,1.77754,1.77754,ALPHA_OUTSIDE_SIMPLEX,ALPHA_OUTSIDE_SIMPLEX
2025-10-02T09:30:00Z,2025-10-02T12:30:00+03:00,2025-10-02T09:00:00Z,0.0,0.61944,0.61944,OK,OTHER_QH_IN_SAME_HOUR_INVALID
2025-10-02T09:45:00Z,2025-10-02T12:45:00+03:00,2025-10-02T09:00:00Z,0.0,0.60438,0.60438,OK,OTHER_QH_IN_SAME_HOUR_INVALID
2025-10-03T20:00:00Z,2025-10-03T23:00:00+03:00,2025-10-03T20:00:00Z,0.9223,0.0,0.9223,OK,OTHER_QH_IN_SAME_HOUR_INVALID
2025-10-03T20:15:00Z,2025-10-03T23:15:00+03:00,2025-10-03T20:00:00Z,1.03342,0.0,1.03342,ALPHA_OUTSIDE_SIMPLEX,ALPHA_OUTSIDE_SIMPLEX
2025-10-03T20:30:00Z,2025-10-03T23:30:00+03:00,2025-10-03T20:00:00Z,1.5342799999999999,0.0,1.5342799999999999,ALPHA_OUTSIDE_SIMPLEX,ALPHA_OUTSIDE_SIMPLEX
2025-10-03T20:45:00Z,2025-10-03T23:45:00+03:00,2025-10-03T20:00:00Z,0.6624599999999999,0.0,0.6624599999999999,OK,OTHER_QH_IN_SAME_HOUR_INVALID
2025-10-03T21:00:00Z,2025-10-04T00:00:00+03:00,2025-10-03T21:00:00Z,0.12608,0.0,0.12608,OK,OTHER_QH_IN_SAME_HOUR_INVALID
2025-10-03T21:15:00Z,2025-10-04T00:15:00+03:00,2025-10-03T21:00:00Z,0.6028600000000001,0.0,0.6028600000000001,OK,OTHER_QH_IN_SAME_HOUR_INVALID
2025-10-03T21:30:00Z,2025-10-04T00:30:00+03:00,2025-10-03T21:00:00Z,0.43404000000000004,0.0,0.43404000000000004,OK,OTHER_QH_IN_SAME_HOUR_INVALID
2025-10-03T21:45:00Z,2025-10-04T00:45:00+03:00,2025-10-03T21:00:00Z,1.07564,0.0,1.07564,ALPHA_OUTSIDE_SIMPLEX,ALPHA_OUTSIDE_SIMPLEX
2025-10-03T22:00:00Z,2025-10-04T01:00:00+03:00,2025-10-03T22:00:00Z,0.67584,0.0,0.67584,OK,OTHER_QH_IN_SAME_HOUR_INVALID
2025-10-03T22:15:00Z,2025-10-04T01:15:00+03:00,2025-10-03T22:00:00Z,1.04624,0.0,1.04624,ALPHA_OUTSIDE_SIMPLEX,ALPHA_OUTSIDE_SIMPLEX
2025-10-03T22:30:00Z,2025-10-04T01:30:00+03:00,2025-10-03T22:00:00Z,0.36294,0.0,0.36294,OK,OTHER_QH_IN_SAME_HOUR_INVALID
2025-10-03T22:45:00Z,2025-10-04T01:45:00+03:00,2025-10-03T22:00:00Z,0.30942000000000003,0.05436,0.36378000000000005,OK,OTHER_QH_IN_SAME_HOUR_INVALID
2025-10-04T06:00:00Z,2025-10-04T09:00:00+03:00,2025-10-04T06:00:00Z,0.19213999999999998,0.0,0.19213999999999998,OK,OTHER_QH_IN_SAME_HOUR_INVALID
2025-10-04T06:15:00Z,2025-10-04T09:15:00+03:00,2025-10-04T06:00:00Z,0.46676,0.0,0.46676,OK,OTHER_QH_IN_SAME_HOUR_INVALID
2025-10-04T06:30:00Z,2025-10-04T09:30:00+03:00,2025-10-04T06:00:00Z,0.92816,0.0,0.92816,OK,OTHER_QH_IN_SAME_HOUR_INVALID
2025-10-04T06:45:00Z,2025-10-04T09:45:00+03:00,2025-10-04T06:00:00Z,1.29828,0.0,1.29828,ALPHA_OUTSIDE_SIMPLEX,ALPHA_OUTSIDE_SIMPLEX
2025-10-06T04:00:00Z,2025-10-06T07:00:00+03:00,2025-10-06T04:00:00Z,1.0914,0.0,1.0914,ALPHA_OUTSIDE_SIMPLEX,ALPHA_OUTSIDE_SIMPLEX
2025-10-06T04:15:00Z,2025-10-06T07:15:00+03:00,2025-10-06T04:00:00Z,1.6108600000000002,0.0,1.6108600000000002,ALPHA_OUTSIDE_SIMPLEX,ALPHA_OUTSIDE_SIMPLEX
2025-10-06T04:30:00Z,2025-10-06T07:30:00+03:00,2025-10-06T04:00:00Z,1.12846,0.0,1.12846,ALPHA_OUTSIDE_SIMPLEX,ALPHA_OUTSIDE_SIMPLEX
2025-10-06T04:45:00Z,2025-10-06T07:45:00+03:00,2025-10-06T04:00:00Z,1.49898,0.0,1.49898,ALPHA_OUTSIDE_SIMPLEX,ALPHA_OUTSIDE_SIMPLEX
2025-10-06T05:00:00Z,2025-10-06T08:00:00+03:00,2025-10-06T05:00:00Z,,,,ALPHA_UNCOMPUTABLE,ALPHA_UNCOMPUTABLE
2025-10-06T05:15:00Z,2025-10-06T08:15:00+03:00,2025-10-06T05:00:00Z,,,,ALPHA_UNCOMPUTABLE,ALPHA_UNCOMPUTABLE
2025-10-06T05:30:00Z,2025-10-06T08:30:00+03:00,2025-10-06T05:00:00Z,,,,ALPHA_UNCOMPUTABLE,ALPHA_UNCOMPUTABLE
2025-10-06T05:45:00Z,2025-10-06T08:45:00+03:00,2025-10-06T05:00:00Z,,,,ALPHA_UNCOMPUTABLE,ALPHA_UNCOMPUTABLE
2025-10-06T06:00:00Z,2025-10-06T09:00:00+03:00,2025-10-06T06:00:00Z,1.42272,0.0,1.42272,ALPHA_OUTSIDE_SIMPLEX,ALPHA_OUTSIDE_SIMPLEX
2025-10-06T06:15:00Z,2025-10-06T09:15:00+03:00,2025-10-06T06:00:00Z,1.485,0.0,1.485,ALPHA_OUTSIDE_SIMPLEX,ALPHA_OUTSIDE_SIMPLEX
2025-10-06T06:30:00Z,2025-10-06T09:30:00+03:00,2025-10-06T06:00:00Z,1.476,0.0,1.476,ALPHA_OUTSIDE_SIMPLEX,ALPHA_OUTSIDE_SIMPLEX
2025-10-06T06:45:00Z,2025-10-06T09:45:00+03:00,2025-10-06T06:00:00Z,1.4569999999999999,0.0,1.4569999999999999,ALPHA_OUTSIDE_SIMPLEX,ALPHA_OUTSIDE_SIMPLEX
2025-10-06T07:00:00Z,2025-10-06T10:00:00+03:00,2025-10-06T07:00:00Z,1.2006999999999999,0.0,1.2006999999999999,ALPHA_OUTSIDE_SIMPLEX,ALPHA_OUTSIDE_SIMPLEX
2025-10-06T07:15:00Z,2025-10-06T10:15:00+03:00,2025-10-06T07:00:00Z,1.179,0.0,1.179,ALPHA_OUTSIDE_SIMPLEX,ALPHA_OUTSIDE_SIMPLEX
2025-10-06T07:30:00Z,2025-10-06T10:30:00+03:00,2025-10-06T07:00:00Z,1.0979999999999999,0.0,1.0979999999999999,ALPHA_OUTSIDE_SIMPLEX,ALPHA_OUTSIDE_SIMPLEX
2025-10-06T07:45:00Z,2025-10-06T10:45:00+03:00,2025-10-06T07:00:00Z,0.9729000000000001,0.0,0.9729000000000001,OK,OTHER_QH_IN_SAME_HOUR_INVALID
2025-10-06T11:00:00Z,2025-10-06T14:00:00+03:00,2025-10-06T11:00:00Z,1.05978,0.0,1.05978,ALPHA_OUTSIDE_SIMPLEX,ALPHA_OUTSIDE_SIMPLEX
2025-10-06T11:15:00Z,2025-10-06T14:15:00+03:00,2025-10-06T11:00:00Z,1.3259,0.0,1.3259,ALPHA_OUTSIDE_SIMPLEX,ALPHA_OUTSIDE_SIMPLEX
2025-10-06T11:30:00Z,2025-10-06T14:30:00+03:00,2025-10-06T11:00:00Z,1.09226,0.0,1.09226,ALPHA_OUTSIDE_SIMPLEX,ALPHA_OUTSIDE_SIMPLEX
2025-10-06T11:45:00Z,2025-10-06T14:45:00+03:00,2025-10-06T11:00:00Z,1.06782,0.0,1.06782,ALPHA_OUTSIDE_SIMPLEX,ALPHA_OUTSIDE_SIMPLEX
2025-10-06T14:00:00Z,2025-10-06T17:00:00+03:00,2025-10-06T14:00:00Z,0.53842,0.0,0.53842,OK,OTHER_QH_IN_SAME_HOUR_INVALID
2025-10-06T14:15:00Z,2025-10-06T17:15:00+03:00,2025-10-06T14:00:00Z,0.31135999999999997,0.0,0.31135999999999997,OK,OTHER_QH_IN_SAME_HOUR_INVALID
2025-10-06T14:30:00Z,2025-10-06T17:30:00+03:00,2025-10-06T14:00:00Z,1.05292,0.0,1.05292,ALPHA_OUTSIDE_SIMPLEX,ALPHA_OUTSIDE_SIMPLEX
2025-10-06T14:45:00Z,2025-10-06T17:45:00+03:00,2025-10-06T14:00:00Z,0.65782,0.0,0.65782,OK,OTHER_QH_IN_SAME_HOUR_INVALID
2025-10-07T21:00:00Z,2025-10-08T00:00:00+03:00,2025-10-07T21:00:00Z,0.00172,0.025,0.02672,OK,OTHER_QH_IN_SAME_HOUR_INVALID
2025-10-07T21:15:00Z,2025-10-08T00:15:00+03:00,2025-10-07T21:00:00Z,0.01352,0.0005600000000000001,0.01408,OK,OTHER_QH_IN_SAME_HOUR_INVALID
2025-10-07T21:30:00Z,2025-10-08T00:30:00+03:00,2025-10-07T21:00:00Z,0.7317400000000001,0.0,0.7317400000000001,OK,OTHER_QH_IN_SAME_HOUR_INVALID
2025-10-07T21:45:00Z,2025-10-08T00:45:00+03:00,2025-10-07T21:00:00Z,1.0581399999999999,0.0,1.0581399999999999,ALPHA_OUTSIDE_SIMPLEX,ALPHA_OUTSIDE_SIMPLEX
2025-10-07T22:00:00Z,2025-10-08T01:00:00+03:00,2025-10-07T22:00:00Z,1.18908,0.0,1.18908,ALPHA_OUTSIDE_SIMPLEX,ALPHA_OUTSIDE_SIMPLEX
2025-10-07T22:15:00Z,2025-10-08T01:15:00+03:00,2025-10-07T22:00:00Z,0.55058,0.0,0.55058,OK,OTHER_QH_IN_SAME_HOUR_INVALID
2025-10-07T22:30:00Z,2025-10-08T01:30:00+03:00,2025-10-07T22:00:00Z,0.25206,0.00016,0.25222,OK,OTHER_QH_IN_SAME_HOUR_INVALID
2025-10-07T22:45:00Z,2025-10-08T01:45:00+03:00,2025-10-07T22:00:00Z,0.31152,0.0,0.31152,OK,OTHER_QH_IN_SAME_HOUR_INVALID
2025-10-08T07:00:00Z,2025-10-08T10:00:00+03:00,2025-10-08T07:00:00Z,1.0118800000000001,0.0,1.0118800000000001,ALPHA_OUTSIDE_SIMPLEX,ALPHA_OUTSIDE_SIMPLEX
2025-10-08T07:15:00Z,2025-10-08T10:15:00+03:00,2025-10-08T07:00:00Z,1.07104,0.0,1.07104,ALPHA_OUTSIDE_SIMPLEX,ALPHA_OUTSIDE_SIMPLEX
2025-10-08T07:30:00Z,2025-10-08T10:30:00+03:00,2025-10-08T07:00:00Z,1.15482,0.0,1.15482,ALPHA_OUTSIDE_SIMPLEX,ALPHA_OUTSIDE_SIMPLEX
2025-10-08T07:45:00Z,2025-10-08T10:45:00+03:00,2025-10-08T07:00:00Z,0.26816,0.01766,0.28582,OK,OTHER_QH_IN_SAME_HOUR_INVALID
2025-10-08T08:00:00Z,2025-10-08T11:00:00+03:00,2025-10-08T08:00:00Z,0.0,0.4617,0.4617,OK,OTHER_QH_IN_SAME_HOUR_INVALID
2025-10-08T08:15:00Z,2025-10-08T11:15:00+03:00,2025-10-08T08:00:00Z,0.0,0.14859999999999998,0.14859999999999998,OK,OTHER_QH_IN_SAME_HOUR_INVALID
2025-10-08T08:30:00Z,2025-10-08T11:30:00+03:00,2025-10-08T08:00:00Z,0.0,0.28518,0.28518,OK,OTHER_QH_IN_SAME_HOUR_INVALID
2025-10-08T08:45:00Z,2025-10-08T11:45:00+03:00,2025-10-08T08:00:00Z,0.0,1.0442799999999999,1.0442799999999999,ALPHA_OUTSIDE_SIMPLEX,ALPHA_OUTSIDE_SIMPLEX
2025-10-08T15:00:00Z,2025-10-08T18:00:00+03:00,2025-10-08T15:00:00Z,0.61462,0.0,0.61462,OK,OTHER_QH_IN_SAME_HOUR_INVALID
2025-10-08T15:15:00Z,2025-10-08T18:15:00+03:00,2025-10-08T15:00:00Z,0.7167600000000001,0.0,0.7167600000000001,OK,OTHER_QH_IN_SAME_HOUR_INVALID
2025-10-08T15:30:00Z,2025-10-08T18:30:00+03:00,2025-10-08T15:00:00Z,0.7800199999999999,0.0,0.7800199999999999,OK,OTHER_QH_IN_SAME_HOUR_INVALID
2025-10-08T15:45:00Z,2025-10-08T18:45:00+03:00,2025-10-08T15:00:00Z,1.01208,0.0,1.01208,ALPHA_OUTSIDE_SIMPLEX,ALPHA_OUTSIDE_SIMPLEX
2025-10-08T18:00:00Z,2025-10-08T21:00:00+03:00,2025-10-08T18:00:00Z,1.13458,0.0,1.13458,ALPHA_OUTSIDE_SIMPLEX,ALPHA_OUTSIDE_SIMPLEX
2025-10-08T18:15:00Z,2025-10-08T21:15:00+03:00,2025-10-08T18:00:00Z,0.41115999999999997,0.0,0.41115999999999997,OK,OTHER_QH_IN_SAME_HOUR_INVALID
2025-10-08T18:30:00Z,2025-10-08T21:30:00+03:00,2025-10-08T18:00:00Z,0.21674,0.0,0.21674,OK,OTHER_QH_IN_SAME_HOUR_INVALID
2025-10-08T18:45:00Z,2025-10-08T21:45:00+03:00,2025-10-08T18:00:00Z,0.26248,0.00292,0.26539999999999997,OK,OTHER_QH_IN_SAME_HOUR_INVALID
2025-10-08T21:00:00Z,2025-10-09T00:00:00+03:00,2025-10-08T21:00:00Z,1.0562399999999998,0.0,1.0562399999999998,ALPHA_OUTSIDE_SIMPLEX,ALPHA_OUTSIDE_SIMPLEX
2025-10-08T21:15:00Z,2025-10-09T00:15:00+03:00,2025-10-08T21:00:00Z,0.95792,0.0,0.95792,OK,OTHER_QH_IN_SAME_HOUR_INVALID
2025-10-08T21:30:00Z,2025-10-09T00:30:00+03:00,2025-10-08T21:00:00Z,0.32504,0.0,0.32504,OK,OTHER_QH_IN_SAME_HOUR_INVALID
2025-10-08T21:45:00Z,2025-10-09T00:45:00+03:00,2025-10-08T21:00:00Z,0.00768,0.024980000000000002,0.03266,OK,OTHER_QH_IN_SAME_HOUR_INVALID
2025-10-10T17:00:00Z,2025-10-10T20:00:00+03:00,2025-10-10T17:00:00Z,1.01608,0.0,1.01608,ALPHA_OUTSIDE_SIMPLEX,ALPHA_OUTSIDE_SIMPLEX
2025-10-10T17:15:00Z,2025-10-10T20:15:00+03:00,2025-10-10T17:00:00Z,0.6655599999999999,0.0,0.6655599999999999,OK,OTHER_QH_IN_SAME_HOUR_INVALID
2025-10-10T17:30:00Z,2025-10-10T20:30:00+03:00,2025-10-10T17:00:00Z,0.13122,0.0003,0.13152,OK,OTHER_QH_IN_SAME_HOUR_INVALID
2025-10-10T17:45:00Z,2025-10-10T20:45:00+03:00,2025-10-10T17:00:00Z,0.00524,0.00328,0.00852,OK,OTHER_QH_IN_SAME_HOUR_INVALID
2025-10-11T15:00:00Z,2025-10-11T18:00:00+03:00,2025-10-11T15:00:00Z,0.4315657142857143,0.0,0.4315657142857143,OK,OTHER_QH_IN_SAME_HOUR_INVALID
2025-10-11T15:15:00Z,2025-10-11T18:15:00+03:00,2025-10-11T15:00:00Z,1.1174171428571429,0.0,1.1174171428571429,ALPHA_OUTSIDE_SIMPLEX,ALPHA_OUTSIDE_SIMPLEX
2025-10-11T15:30:00Z,2025-10-11T18:30:00+03:00,2025-10-11T15:00:00Z,0.5969142857142857,0.0,0.5969142857142857,OK,OTHER_QH_IN_SAME_HOUR_INVALID
2025-10-11T15:45:00Z,2025-10-11T18:45:00+03:00,2025-10-11T15:00:00Z,0.7988571428571429,0.0,0.7988571428571429,OK,OTHER_QH_IN_SAME_HOUR_INVALID
2025-10-12T10:00:00Z,2025-10-12T13:00:00+03:00,2025-10-12T10:00:00Z,0.08665142857142857,6.857142857142857e-05,0.08672,OK,OTHER_QH_IN_SAME_HOUR_INVALID
2025-10-12T10:15:00Z,2025-10-12T13:15:00+03:00,2025-10-12T10:00:00Z,0.5192228571428572,0.0,0.5192228571428572,OK,OTHER_QH_IN_SAME_HOUR_INVALID
2025-10-12T10:30:00Z,2025-10-12T13:30:00+03:00,2025-10-12T10:00:00Z,0.6364342857142857,0.0,0.6364342857142857,OK,OTHER_QH_IN_SAME_HOUR_INVALID
2025-10-12T10:45:00Z,2025-10-12T13:45:00+03:00,2025-10-12T10:00:00Z,1.0748571428571427,0.0,1.0748571428571427,ALPHA_OUTSIDE_SIMPLEX,ALPHA_OUTSIDE_SIMPLEX
2025-10-12T11:00:00Z,2025-10-12T14:00:00+03:00,2025-10-12T11:00:00Z,1.0578742857142855,0.0,1.0578742857142855,ALPHA_OUTSIDE_SIMPLEX,ALPHA_OUTSIDE_SIMPLEX
2025-10-12T11:15:00Z,2025-10-12T14:15:00+03:00,2025-10-12T11:00:00Z,1.8110857142857142,0.0,1.8110857142857142,ALPHA_OUTSIDE_SIMPLEX,ALPHA_OUTSIDE_SIMPLEX
2025-10-12T11:30:00Z,2025-10-12T14:30:00+03:00,2025-10-12T11:00:00Z,1.807382857142857,0.0,1.807382857142857,ALPHA_OUTSIDE_SIMPLEX,ALPHA_OUTSIDE_SIMPLEX
2025-10-12T11:45:00Z,2025-10-12T14:45:00+03:00,2025-10-12T11:00:00Z,1.8074285714285714,0.0,1.8074285714285714,ALPHA_OUTSIDE_SIMPLEX,ALPHA_OUTSIDE_SIMPLEX
2025-10-13T06:00:00Z,2025-10-13T09:00:00+03:00,2025-10-13T06:00:00Z,0.5725485714285714,0.0,0.5725485714285714,OK,OTHER_QH_IN_SAME_HOUR_INVALID
2025-10-13T06:15:00Z,2025-10-13T09:15:00+03:00,2025-10-13T06:00:00Z,1.0668114285714285,0.0,1.0668114285714285,ALPHA_OUTSIDE_SIMPLEX,ALPHA_OUTSIDE_SIMPLEX
2025-10-13T06:30:00Z,2025-10-13T09:30:00+03:00,2025-10-13T06:00:00Z,1.1174857142857142,0.0,1.1174857142857142,ALPHA_OUTSIDE_SIMPLEX,ALPHA_OUTSIDE_SIMPLEX
2025-10-13T06:45:00Z,2025-10-13T09:45:00+03:00,2025-10-13T06:00:00Z,0.004251428571428572,0.16377142857142857,0.16802285714285714,OK,OTHER_QH_IN_SAME_HOUR_INVALID
2025-10-13T09:00:00Z,2025-10-13T12:00:00+03:00,2025-10-13T09:00:00Z,0.0,0.85856,0.85856,OK,OTHER_QH_IN_SAME_HOUR_INVALID
2025-10-13T09:15:00Z,2025-10-13T12:15:00+03:00,2025-10-13T09:00:00Z,0.0,1.3431542857142857,1.3431542857142857,ALPHA_OUTSIDE_SIMPLEX,ALPHA_OUTSIDE_SIMPLEX
2025-10-13T09:30:00Z,2025-10-13T12:30:00+03:00,2025-10-13T09:00:00Z,0.001142857142857143,0.17638857142857142,0.17753142857142856,OK,OTHER_QH_IN_SAME_HOUR_INVALID
2025-10-13T09:45:00Z,2025-10-13T12:45:00+03:00,2025-10-13T09:00:00Z,0.001462857142857143,0.058834285714285714,0.060297142857142855,OK,OTHER_QH_IN_SAME_HOUR_INVALID
2025-10-13T11:00:00Z,2025-10-13T14:00:00+03:00,2025-10-13T11:00:00Z,0.1751542857142857,0.007977142857142856,0.18313142857142856,OK,OTHER_QH_IN_SAME_HOUR_INVALID
2025-10-13T11:15:00Z,2025-10-13T14:15:00+03:00,2025-10-13T11:00:00Z,0.08422857142857143,0.10580571428571428,0.1900342857142857,OK,OTHER_QH_IN_SAME_HOUR_INVALID
2025-10-13T11:30:00Z,2025-10-13T14:30:00+03:00,2025-10-13T11:00:00Z,0.0,1.0332114285714287,1.0332114285714287,ALPHA_OUTSIDE_SIMPLEX,ALPHA_OUTSIDE_SIMPLEX
2025-10-13T11:45:00Z,2025-10-13T14:45:00+03:00,2025-10-13T11:00:00Z,0.0,1.417737142857143,1.417737142857143,ALPHA_OUTSIDE_SIMPLEX,ALPHA_OUTSIDE_SIMPLEX
2025-10-13T12:00:00Z,2025-10-13T15:00:00+03:00,2025-10-13T12:00:00Z,0.0,1.9594057142857144,1.9594057142857144,ALPHA_OUTSIDE_SIMPLEX,ALPHA_OUTSIDE_SIMPLEX
2025-10-13T12:15:00Z,2025-10-13T15:15:00+03:00,2025-10-13T12:00:00Z,0.0,0.7205028571428571,0.7205028571428571,OK,OTHER_QH_IN_SAME_HOUR_INVALID
2025-10-13T12:30:00Z,2025-10-13T15:30:00+03:00,2025-10-13T12:00:00Z,0.0005485714285714285,0.07675428571428572,0.07730285714285715,OK,OTHER_QH_IN_SAME_HOUR_INVALID
2025-10-13T12:45:00Z,2025-10-13T15:45:00+03:00,2025-10-13T12:00:00Z,0.0007771428571428572,0.03858285714285714,0.03936,OK,OTHER_QH_IN_SAME_HOUR_INVALID
2025-10-13T13:00:00Z,2025-10-13T16:00:00+03:00,2025-10-13T13:00:00Z,0.0,1.1376457142857141,1.1376457142857141,ALPHA_OUTSIDE_SIMPLEX,ALPHA_OUTSIDE_SIMPLEX
2025-10-13T13:15:00Z,2025-10-13T16:15:00+03:00,2025-10-13T13:00:00Z,0.00027428571428571427,0.12580571428571427,0.12608,OK,OTHER_QH_IN_SAME_HOUR_INVALID
2025-10-13T13:30:00Z,2025-10-13T16:30:00+03:00,2025-10-13T13:00:00Z,0.002422857142857143,0.005005714285714286,0.0074285714285714285,OK,OTHER_QH_IN_SAME_HOUR_INVALID
2025-10-13T13:45:00Z,2025-10-13T16:45:00+03:00,2025-10-13T13:00:00Z,0.0,0.17008,0.17008,OK,OTHER_QH_IN_SAME_HOUR_INVALID
2025-10-13T15:00:00Z,2025-10-13T18:00:00+03:00,2025-10-13T15:00:00Z,0.027108571428571426,0.0026514285714285715,0.029759999999999998,OK,OTHER_QH_IN_SAME_HOUR_INVALID
2025-10-13T15:15:00Z,2025-10-13T18:15:00+03:00,2025-10-13T15:00:00Z,0.40098285714285714,0.0013257142857142858,0.4023085714285714,OK,OTHER_QH_IN_SAME_HOUR_INVALID
2025-10-13T15:30:00Z,2025-10-13T18:30:00+03:00,2025-10-13T15:00:00Z,0.5658285714285715,0.0,0.5658285714285715,OK,OTHER_QH_IN_SAME_HOUR_INVALID
2025-10-13T15:45:00Z,2025-10-13T18:45:00+03:00,2025-10-13T15:00:00Z,1.361142857142857,0.0,1.361142857142857,ALPHA_OUTSIDE_SIMPLEX,ALPHA_OUTSIDE_SIMPLEX
2025-10-14T08:00:00Z,2025-10-14T11:00:00+03:00,2025-10-14T08:00:00Z,0.0,0.6100571428571429,0.6100571428571429,OK,OTHER_QH_IN_SAME_HOUR_INVALID
2025-10-14T08:15:00Z,2025-10-14T11:15:00+03:00,2025-10-14T08:00:00Z,0.0,1.0528914285714286,1.0528914285714286,ALPHA_OUTSIDE_SIMPLEX,ALPHA_OUTSIDE_SIMPLEX
2025-10-14T08:30:00Z,2025-10-14T11:30:00+03:00,2025-10-14T08:00:00Z,0.0,0.9416,0.9416,OK,OTHER_QH_IN_SAME_HOUR_INVALID
2025-10-14T08:45:00Z,2025-10-14T11:45:00+03:00,2025-10-14T08:00:00Z,0.0,1.291337142857143,1.291337142857143,ALPHA_OUTSIDE_SIMPLEX,ALPHA_OUTSIDE_SIMPLEX
2025-10-14T09:00:00Z,2025-10-14T12:00:00+03:00,2025-10-14T09:00:00Z,0.0,1.6607314285714285,1.6607314285714285,ALPHA_OUTSIDE_SIMPLEX,ALPHA_OUTSIDE_SIMPLEX
2025-10-14T09:15:00Z,2025-10-14T12:15:00+03:00,2025-10-14T09:00:00Z,0.0,0.9607771428571429,0.9607771428571429,OK,OTHER_QH_IN_SAME_HOUR_INVALID
2025-10-14T09:30:00Z,2025-10-14T12:30:00+03:00,2025-10-14T09:00:00Z,0.0,0.7019657142857143,0.7019657142857143,OK,OTHER_QH_IN_SAME_HOUR_INVALID
2025-10-14T09:45:00Z,2025-10-14T12:45:00+03:00,2025-10-14T09:00:00Z,0.0,0.6903085714285715,0.6903085714285715,OK,OTHER_QH_IN_SAME_HOUR_INVALID
2025-10-15T14:00:00Z,2025-10-15T17:00:00+03:00,2025-10-15T14:00:00Z,0.08754285714285714,0.0,0.08754285714285714,OK,OTHER_QH_IN_SAME_HOUR_INVALID
2025-10-15T14:15:00Z,2025-10-15T17:15:00+03:00,2025-10-15T14:00:00Z,0.3544,0.0,0.3544,OK,OTHER_QH_IN_SAME_HOUR_INVALID
2025-10-15T14:30:00Z,2025-10-15T17:30:00+03:00,2025-10-15T14:00:00Z,0.6551085714285715,0.0,0.6551085714285715,OK,OTHER_QH_IN_SAME_HOUR_INVALID
2025-10-15T14:45:00Z,2025-10-15T17:45:00+03:00,2025-10-15T14:00:00Z,1.12416,0.0,1.12416,ALPHA_OUTSIDE_SIMPLEX,ALPHA_OUTSIDE_SIMPLEX
2025-10-15T17:00:00Z,2025-10-15T20:00:00+03:00,2025-10-15T17:00:00Z,0.9043885714285714,0.0016914285714285714,0.90608,OK,OTHER_QH_IN_SAME_HOUR_INVALID
2025-10-15T17:15:00Z,2025-10-15T20:15:00+03:00,2025-10-15T17:00:00Z,1.1020571428571428,0.0,1.1020571428571428,ALPHA_OUTSIDE_SIMPLEX,ALPHA_OUTSIDE_SIMPLEX
2025-10-15T17:30:00Z,2025-10-15T20:30:00+03:00,2025-10-15T17:00:00Z,0.48697142857142856,0.0,0.48697142857142856,OK,OTHER_QH_IN_SAME_HOUR_INVALID
2025-10-15T17:45:00Z,2025-10-15T20:45:00+03:00,2025-10-15T17:00:00Z,0.18370285714285717,0.0,0.18370285714285717,OK,OTHER_QH_IN_SAME_HOUR_INVALID
2025-10-16T05:00:00Z,2025-10-16T08:00:00+03:00,2025-10-16T05:00:00Z,1.0381257142857143,0.0,1.0381257142857143,ALPHA_OUTSIDE_SIMPLEX,ALPHA_OUTSIDE_SIMPLEX
2025-10-16T05:15:00Z,2025-10-16T08:15:00+03:00,2025-10-16T05:00:00Z,0.5562057142857143,0.0,0.5562057142857143,OK,OTHER_QH_IN_SAME_HOUR_INVALID
2025-10-16T05:30:00Z,2025-10-16T08:30:00+03:00,2025-10-16T05:00:00Z,0.7647314285714286,0.0,0.7647314285714286,OK,OTHER_QH_IN_SAME_HOUR_INVALID
2025-10-16T05:45:00Z,2025-10-16T08:45:00+03:00,2025-10-16T05:00:00Z,0.10838857142857143,0.0011200000000000001,0.10950857142857143,OK,OTHER_QH_IN_SAME_HOUR_INVALID
2025-10-16T07:00:00Z,2025-10-16T10:00:00+03:00,2025-10-16T07:00:00Z,0.7457828571428572,0.0,0.7457828571428572,OK,OTHER_QH_IN_SAME_HOUR_INVALID
2025-10-16T07:15:00Z,2025-10-16T10:15:00+03:00,2025-10-16T07:00:00Z,1.1884571428571429,0.0,1.1884571428571429,ALPHA_OUTSIDE_SIMPLEX,ALPHA_OUTSIDE_SIMPLEX
2025-10-16T07:30:00Z,2025-10-16T10:30:00+03:00,2025-10-16T07:00:00Z,1.4337828571428572,0.0,1.4337828571428572,ALPHA_OUTSIDE_SIMPLEX,ALPHA_OUTSIDE_SIMPLEX
2025-10-16T07:45:00Z,2025-10-16T10:45:00+03:00,2025-10-16T07:00:00Z,0.4877714285714286,0.007520000000000001,0.4952914285714286,OK,OTHER_QH_IN_SAME_HOUR_INVALID
2025-10-17T04:00:00Z,2025-10-17T07:00:00+03:00,2025-10-17T04:00:00Z,0.7565942857142857,0.0,0.7565942857142857,OK,OTHER_QH_IN_SAME_HOUR_INVALID
2025-10-17T04:15:00Z,2025-10-17T07:15:00+03:00,2025-10-17T04:00:00Z,1.1586742857142858,0.0,1.1586742857142858,ALPHA_OUTSIDE_SIMPLEX,ALPHA_OUTSIDE_SIMPLEX
2025-10-17T04:30:00Z,2025-10-17T07:30:00+03:00,2025-10-17T04:00:00Z,0.8922514285714286,0.0,0.8922514285714286,OK,OTHER_QH_IN_SAME_HOUR_INVALID
2025-10-17T04:45:00Z,2025-10-17T07:45:00+03:00,2025-10-17T04:00:00Z,0.5336685714285714,0.0,0.5336685714285714,OK,OTHER_QH_IN_SAME_HOUR_INVALID
2025-10-18T06:00:00Z,2025-10-18T09:00:00+03:00,2025-10-18T06:00:00Z,1.4037028571428571,0.0,1.4037028571428571,ALPHA_OUTSIDE_SIMPLEX,ALPHA_OUTSIDE_SIMPLEX
2025-10-18T06:15:00Z,2025-10-18T09:15:00+03:00,2025-10-18T06:00:00Z,1.4605714285714286,0.0,1.4605714285714286,ALPHA_OUTSIDE_SIMPLEX,ALPHA_OUTSIDE_SIMPLEX
2025-10-18T06:30:00Z,2025-10-18T09:30:00+03:00,2025-10-18T06:00:00Z,1.4605714285714286,0.0,1.4605714285714286,ALPHA_OUTSIDE_SIMPLEX,ALPHA_OUTSIDE_SIMPLEX
2025-10-18T06:45:00Z,2025-10-18T09:45:00+03:00,2025-10-18T06:00:00Z,0.8034742857142857,0.008182857142857143,0.8116571428571429,OK,OTHER_QH_IN_SAME_HOUR_INVALID
2025-10-18T12:00:00Z,2025-10-18T15:00:00+03:00,2025-10-18T12:00:00Z,0.8917485714285714,0.0,0.8917485714285714,OK,OTHER_QH_IN_SAME_HOUR_INVALID
2025-10-18T12:15:00Z,2025-10-18T15:15:00+03:00,2025-10-18T12:00:00Z,1.3361828571428571,0.0,1.3361828571428571,ALPHA_OUTSIDE_SIMPLEX,ALPHA_OUTSIDE_SIMPLEX
2025-10-18T12:30:00Z,2025-10-18T15:30:00+03:00,2025-10-18T12:00:00Z,0.6315657142857143,0.0,0.6315657142857143,OK,OTHER_QH_IN_SAME_HOUR_INVALID
2025-10-18T12:45:00Z,2025-10-18T15:45:00+03:00,2025-10-18T12:00:00Z,0.2313142857142857,0.0,0.2313142857142857,OK,OTHER_QH_IN_SAME_HOUR_INVALID
2025-10-18T16:00:00Z,2025-10-18T19:00:00+03:00,2025-10-18T16:00:00Z,1.0249142857142859,0.0,1.0249142857142859,ALPHA_OUTSIDE_SIMPLEX,ALPHA_OUTSIDE_SIMPLEX
2025-10-18T16:15:00Z,2025-10-18T19:15:00+03:00,2025-10-18T16:00:00Z,1.1077485714285713,0.0,1.1077485714285713,ALPHA_OUTSIDE_SIMPLEX,ALPHA_OUTSIDE_SIMPLEX
2025-10-18T16:30:00Z,2025-10-18T19:30:00+03:00,2025-10-18T16:00:00Z,0.18749714285714283,0.0,0.18749714285714283,OK,OTHER_QH_IN_SAME_HOUR_INVALID
2025-10-18T16:45:00Z,2025-10-18T19:45:00+03:00,2025-10-18T16:00:00Z,0.11442285714285715,0.0,0.11442285714285715,OK,OTHER_QH_IN_SAME_HOUR_INVALID
2025-10-19T06:00:00Z,2025-10-19T09:00:00+03:00,2025-10-19T06:00:00Z,0.0,0.68112,0.68112,OK,OTHER_QH_IN_SAME_HOUR_INVALID
2025-10-19T06:15:00Z,2025-10-19T09:15:00+03:00,2025-10-19T06:00:00Z,0.0,1.1927771428571428,1.1927771428571428,ALPHA_OUTSIDE_SIMPLEX,ALPHA_OUTSIDE_SIMPLEX
2025-10-19T06:30:00Z,2025-10-19T09:30:00+03:00,2025-10-19T06:00:00Z,0.0,0.8896914285714286,0.8896914285714286,OK,OTHER_QH_IN_SAME_HOUR_INVALID
2025-10-19T06:45:00Z,2025-10-19T09:45:00+03:00,2025-10-19T06:00:00Z,0.0,0.9851885714285713,0.9851885714285713,OK,OTHER_QH_IN_SAME_HOUR_INVALID
2025-10-20T05:00:00Z,2025-10-20T08:00:00+03:00,2025-10-20T05:00:00Z,1.4127314285714285,0.0,1.4127314285714285,ALPHA_OUTSIDE_SIMPLEX,ALPHA_OUTSIDE_SIMPLEX
2025-10-20T05:15:00Z,2025-10-20T08:15:00+03:00,2025-10-20T05:00:00Z,1.0482057142857144,0.00036571428571428573,1.0485714285714287,ALPHA_OUTSIDE_SIMPLEX,ALPHA_OUTSIDE_SIMPLEX
2025-10-20T05:30:00Z,2025-10-20T08:30:00+03:00,2025-10-20T05:00:00Z,0.010034285714285714,0.002217142857142857,0.012251428571428571,OK,OTHER_QH_IN_SAME_HOUR_INVALID
2025-10-20T05:45:00Z,2025-10-20T08:45:00+03:00,2025-10-20T05:00:00Z,0.01081142857142857,0.03933714285714286,0.05014857142857143,OK,OTHER_QH_IN_SAME_HOUR_INVALID
2025-10-20T14:00:00Z,2025-10-20T17:00:00+03:00,2025-10-20T14:00:00Z,0.09945142857142857,0.0002514285714285714,0.09970285714285713,OK,OTHER_QH_IN_SAME_HOUR_INVALID
2025-10-20T14:15:00Z,2025-10-20T17:15:00+03:00,2025-10-20T14:00:00Z,0.36470857142857144,6.857142857142857e-05,0.36477714285714286,OK,OTHER_QH_IN_SAME_HOUR_INVALID
2025-10-20T14:30:00Z,2025-10-20T17:30:00+03:00,2025-10-20T14:00:00Z,1.1725485714285715,0.0,1.1725485714285715,ALPHA_OUTSIDE_SIMPLEX,ALPHA_OUTSIDE_SIMPLEX
2025-10-20T14:45:00Z,2025-10-20T17:45:00+03:00,2025-10-20T14:00:00Z,1.0986057142857142,0.0,1.0986057142857142,ALPHA_OUTSIDE_SIMPLEX,ALPHA_OUTSIDE_SIMPLEX
2025-10-22T11:00:00Z,2025-10-22T14:00:00+03:00,2025-10-22T11:00:00Z,0.0,0.9984,0.9984,OK,OTHER_QH_IN_SAME_HOUR_INVALID
2025-10-22T11:15:00Z,2025-10-22T14:15:00+03:00,2025-10-22T11:00:00Z,0.0,1.0109257142857144,1.0109257142857144,ALPHA_OUTSIDE_SIMPLEX,ALPHA_OUTSIDE_SIMPLEX
2025-10-22T11:30:00Z,2025-10-22T14:30:00+03:00,2025-10-22T11:00:00Z,0.0,1.0080457142857142,1.0080457142857142,ALPHA_OUTSIDE_SIMPLEX,ALPHA_OUTSIDE_SIMPLEX
2025-10-22T11:45:00Z,2025-10-22T14:45:00+03:00,2025-10-22T11:00:00Z,0.0,0.3351085714285714,0.3351085714285714,OK,OTHER_QH_IN_SAME_HOUR_INVALID
2025-10-23T07:00:00Z,2025-10-23T10:00:00+03:00,2025-10-23T07:00:00Z,1.26384,0.0,1.26384,ALPHA_OUTSIDE_SIMPLEX,ALPHA_OUTSIDE_SIMPLEX
2025-10-23T07:15:00Z,2025-10-23T10:15:00+03:00,2025-10-23T07:00:00Z,0.19945142857142859,0.00384,0.2032914285714286,OK,OTHER_QH_IN_SAME_HOUR_INVALID
2025-10-23T07:30:00Z,2025-10-23T10:30:00+03:00,2025-10-23T07:00:00Z,0.002011428571428571,0.006308571428571429,0.008320000000000001,OK,OTHER_QH_IN_SAME_HOUR_INVALID
2025-10-23T07:45:00Z,2025-10-23T10:45:00+03:00,2025-10-23T07:00:00Z,0.2756342857142857,0.0,0.2756342857142857,OK,OTHER_QH_IN_SAME_HOUR_INVALID
2025-10-24T07:00:00Z,2025-10-24T10:00:00+03:00,2025-10-24T07:00:00Z,0.7144685714285715,0.0,0.7144685714285715,OK,OTHER_QH_IN_SAME_HOUR_INVALID
2025-10-24T07:15:00Z,2025-10-24T10:15:00+03:00,2025-10-24T07:00:00Z,0.8343542857142857,0.0,0.8343542857142857,OK,OTHER_QH_IN_SAME_HOUR_INVALID
2025-10-24T07:30:00Z,2025-10-24T10:30:00+03:00,2025-10-24T07:00:00Z,1.1131199999999999,0.0,1.1131199999999999,ALPHA_OUTSIDE_SIMPLEX,ALPHA_OUTSIDE_SIMPLEX
2025-10-24T07:45:00Z,2025-10-24T10:45:00+03:00,2025-10-24T07:00:00Z,0.09392,0.006468571428571428,0.10038857142857144,OK,OTHER_QH_IN_SAME_HOUR_INVALID
2025-10-24T12:00:00Z,2025-10-24T15:00:00+03:00,2025-10-24T12:00:00Z,0.05881142857142857,0.002697142857142857,0.061508571428571426,OK,OTHER_QH_IN_SAME_HOUR_INVALID
2025-10-24T12:15:00Z,2025-10-24T15:15:00+03:00,2025-10-24T12:00:00Z,0.0368,0.04857142857142857,0.08537142857142857,OK,OTHER_QH_IN_SAME_HOUR_INVALID
2025-10-24T12:30:00Z,2025-10-24T15:30:00+03:00,2025-10-24T12:00:00Z,0.0,0.4739657142857143,0.4739657142857143,OK,OTHER_QH_IN_SAME_HOUR_INVALID
2025-10-24T12:45:00Z,2025-10-24T15:45:00+03:00,2025-10-24T12:00:00Z,0.0,1.1701485714285715,1.1701485714285715,ALPHA_OUTSIDE_SIMPLEX,ALPHA_OUTSIDE_SIMPLEX
2025-10-24T13:00:00Z,2025-10-24T16:00:00+03:00,2025-10-24T13:00:00Z,0.0,1.5634285714285716,1.5634285714285716,ALPHA_OUTSIDE_SIMPLEX,ALPHA_OUTSIDE_SIMPLEX
2025-10-24T13:15:00Z,2025-10-24T16:15:00+03:00,2025-10-24T13:00:00Z,0.0,1.1344,1.1344,ALPHA_OUTSIDE_SIMPLEX,ALPHA_OUTSIDE_SIMPLEX
2025-10-24T13:30:00Z,2025-10-24T16:30:00+03:00,2025-10-24T13:00:00Z,0.004525714285714286,0.10729142857142857,0.11181714285714285,OK,OTHER_QH_IN_SAME_HOUR_INVALID
2025-10-24T13:45:00Z,2025-10-24T16:45:00+03:00,2025-10-24T13:00:00Z,0.040845714285714284,0.00018285714285714286,0.04102857142857143,OK,OTHER_QH_IN_SAME_HOUR_INVALID
2025-10-24T16:00:00Z,2025-10-24T19:00:00+03:00,2025-10-24T16:00:00Z,0.0,0.17686857142857143,0.17686857142857143,OK,OTHER_QH_IN_SAME_HOUR_INVALID
2025-10-24T16:15:00Z,2025-10-24T19:15:00+03:00,2025-10-24T16:00:00Z,0.0,1.3106057142857142,1.3106057142857142,ALPHA_OUTSIDE_SIMPLEX,ALPHA_OUTSIDE_SIMPLEX
2025-10-24T16:30:00Z,2025-10-24T19:30:00+03:00,2025-10-24T16:00:00Z,0.0,1.0734857142857144,1.0734857142857144,ALPHA_OUTSIDE_SIMPLEX,ALPHA_OUTSIDE_SIMPLEX
2025-10-24T16:45:00Z,2025-10-24T19:45:00+03:00,2025-10-24T16:00:00Z,0.0,0.39645714285714284,0.39645714285714284,OK,OTHER_QH_IN_SAME_HOUR_INVALID
2025-10-24T18:00:00Z,2025-10-24T21:00:00+03:00,2025-10-24T18:00:00Z,0.0,0.7159085714285714,0.7159085714285714,OK,OTHER_QH_IN_SAME_HOUR_INVALID
2025-10-24T18:15:00Z,2025-10-24T21:15:00+03:00,2025-10-24T18:00:00Z,0.0,0.3649142857142857,0.3649142857142857,OK,OTHER_QH_IN_SAME_HOUR_INVALID
2025-10-24T18:30:00Z,2025-10-24T21:30:00+03:00,2025-10-24T18:00:00Z,0.0,0.7991085714285714,0.7991085714285714,OK,OTHER_QH_IN_SAME_HOUR_INVALID
2025-10-24T18:45:00Z,2025-10-24T21:45:00+03:00,2025-10-24T18:00:00Z,0.0,1.083862857142857,1.083862857142857,ALPHA_OUTSIDE_SIMPLEX,ALPHA_OUTSIDE_SIMPLEX
2025-10-25T06:00:00Z,2025-10-25T09:00:00+03:00,2025-10-25T06:00:00Z,0.0,0.19195428571428572,0.19195428571428572,OK,OTHER_QH_IN_SAME_HOUR_INVALID
2025-10-25T06:15:00Z,2025-10-25T09:15:00+03:00,2025-10-25T06:00:00Z,0.0,0.56464,0.56464,OK,OTHER_QH_IN_SAME_HOUR_INVALID
2025-10-25T06:30:00Z,2025-10-25T09:30:00+03:00,2025-10-25T06:00:00Z,0.0,0.7612571428571429,0.7612571428571429,OK,OTHER_QH_IN_SAME_HOUR_INVALID
2025-10-25T06:45:00Z,2025-10-25T09:45:00+03:00,2025-10-25T06:00:00Z,0.0,1.2505828571428572,1.2505828571428572,ALPHA_OUTSIDE_SIMPLEX,ALPHA_OUTSIDE_SIMPLEX
2025-10-26T21:00:00Z,2025-10-26T23:00:00+02:00,2025-10-26T21:00:00Z,,,,ALPHA_UNCOMPUTABLE;REQUIRED_PRICE_MISSING,ALPHA_UNCOMPUTABLE;REQUIRED_PRICE_MISSING
2025-10-26T21:15:00Z,2025-10-26T23:15:00+02:00,2025-10-26T21:00:00Z,,,,ALPHA_UNCOMPUTABLE;REQUIRED_PRICE_MISSING,ALPHA_UNCOMPUTABLE;REQUIRED_PRICE_MISSING
2025-10-26T21:30:00Z,2025-10-26T23:30:00+02:00,2025-10-26T21:00:00Z,,,,ALPHA_UNCOMPUTABLE;REQUIRED_PRICE_MISSING,ALPHA_UNCOMPUTABLE;REQUIRED_PRICE_MISSING
2025-10-26T21:45:00Z,2025-10-26T23:45:00+02:00,2025-10-26T21:00:00Z,,,,ALPHA_UNCOMPUTABLE;REQUIRED_PRICE_MISSING,ALPHA_UNCOMPUTABLE;REQUIRED_PRICE_MISSING
2025-10-27T02:00:00Z,2025-10-27T04:00:00+02:00,2025-10-27T02:00:00Z,0.0,0.34928000000000003,0.34928000000000003,OK,OTHER_QH_IN_SAME_HOUR_INVALID
2025-10-27T02:15:00Z,2025-10-27T04:15:00+02:00,2025-10-27T02:00:00Z,0.0,0.7458285714285715,0.7458285714285715,OK,OTHER_QH_IN_SAME_HOUR_INVALID
2025-10-27T02:30:00Z,2025-10-27T04:30:00+02:00,2025-10-27T02:00:00Z,0.0,1.052617142857143,1.052617142857143,ALPHA_OUTSIDE_SIMPLEX,ALPHA_OUTSIDE_SIMPLEX
2025-10-27T02:45:00Z,2025-10-27T04:45:00+02:00,2025-10-27T02:00:00Z,0.0,0.9080685714285714,0.9080685714285714,OK,OTHER_QH_IN_SAME_HOUR_INVALID
2025-10-27T05:00:00Z,2025-10-27T07:00:00+02:00,2025-10-27T05:00:00Z,0.0,0.8901028571428572,0.8901028571428572,OK,OTHER_QH_IN_SAME_HOUR_INVALID
2025-10-27T05:15:00Z,2025-10-27T07:15:00+02:00,2025-10-27T05:00:00Z,0.0,0.72944,0.72944,OK,OTHER_QH_IN_SAME_HOUR_INVALID
2025-10-27T05:30:00Z,2025-10-27T07:30:00+02:00,2025-10-27T05:00:00Z,0.0,1.2260114285714285,1.2260114285714285,ALPHA_OUTSIDE_SIMPLEX,ALPHA_OUTSIDE_SIMPLEX
2025-10-27T05:45:00Z,2025-10-27T07:45:00+02:00,2025-10-27T05:00:00Z,0.00034285714285714285,0.17366857142857142,0.17401142857142857,OK,OTHER_QH_IN_SAME_HOUR_INVALID
2025-10-27T14:00:00Z,2025-10-27T16:00:00+02:00,2025-10-27T14:00:00Z,0.4320457142857143,0.0,0.4320457142857143,OK,OTHER_QH_IN_SAME_HOUR_INVALID
2025-10-27T14:15:00Z,2025-10-27T16:15:00+02:00,2025-10-27T14:00:00Z,1.3308342857142856,0.0,1.3308342857142856,ALPHA_OUTSIDE_SIMPLEX,ALPHA_OUTSIDE_SIMPLEX
2025-10-27T14:30:00Z,2025-10-27T16:30:00+02:00,2025-10-27T14:00:00Z,1.3513142857142857,0.0,1.3513142857142857,ALPHA_OUTSIDE_SIMPLEX,ALPHA_OUTSIDE_SIMPLEX
2025-10-27T14:45:00Z,2025-10-27T16:45:00+02:00,2025-10-27T14:00:00Z,1.4911999999999999,0.0,1.4911999999999999,ALPHA_OUTSIDE_SIMPLEX,ALPHA_OUTSIDE_SIMPLEX
2025-10-27T15:00:00Z,2025-10-27T17:00:00+02:00,2025-10-27T15:00:00Z,1.6349942857142858,0.0,1.6349942857142858,ALPHA_OUTSIDE_SIMPLEX,ALPHA_OUTSIDE_SIMPLEX
2025-10-27T15:15:00Z,2025-10-27T17:15:00+02:00,2025-10-27T15:00:00Z,1.610217142857143,0.0,1.610217142857143,ALPHA_OUTSIDE_SIMPLEX,ALPHA_OUTSIDE_SIMPLEX
2025-10-27T15:30:00Z,2025-10-27T17:30:00+02:00,2025-10-27T15:00:00Z,1.1701714285714286,0.0,1.1701714285714286,ALPHA_OUTSIDE_SIMPLEX,ALPHA_OUTSIDE_SIMPLEX
2025-10-27T15:45:00Z,2025-10-27T17:45:00+02:00,2025-10-27T15:00:00Z,0.767017142857143,0.0,0.767017142857143,OK,OTHER_QH_IN_SAME_HOUR_INVALID
2025-10-28T06:00:00Z,2025-10-28T08:00:00+02:00,2025-10-28T06:00:00Z,0.8824685714285714,0.0,0.8824685714285714,OK,OTHER_QH_IN_SAME_HOUR_INVALID
2025-10-28T06:15:00Z,2025-10-28T08:15:00+02:00,2025-10-28T06:00:00Z,0.05044571428571428,0.9055542857142858,0.9560000000000001,OK,OTHER_QH_IN_SAME_HOUR_INVALID
2025-10-28T06:30:00Z,2025-10-28T08:30:00+02:00,2025-10-28T06:00:00Z,0.0,1.3853257142857143,1.3853257142857143,ALPHA_OUTSIDE_SIMPLEX,ALPHA_OUTSIDE_SIMPLEX
2025-10-28T06:45:00Z,2025-10-28T08:45:00+02:00,2025-10-28T06:00:00Z,0.0,1.4075885714285714,1.4075885714285714,ALPHA_OUTSIDE_SIMPLEX,ALPHA_OUTSIDE_SIMPLEX
2025-10-28T07:00:00Z,2025-10-28T09:00:00+02:00,2025-10-28T07:00:00Z,0.0,0.34861714285714285,0.34861714285714285,OK,OTHER_QH_IN_SAME_HOUR_INVALID
2025-10-28T07:15:00Z,2025-10-28T09:15:00+02:00,2025-10-28T07:00:00Z,0.0,0.27531428571428573,0.27531428571428573,OK,OTHER_QH_IN_SAME_HOUR_INVALID
2025-10-28T07:30:00Z,2025-10-28T09:30:00+02:00,2025-10-28T07:00:00Z,0.0,0.6122057142857142,0.6122057142857142,OK,OTHER_QH_IN_SAME_HOUR_INVALID
2025-10-28T07:45:00Z,2025-10-28T09:45:00+02:00,2025-10-28T07:00:00Z,0.0,1.080342857142857,1.080342857142857,ALPHA_OUTSIDE_SIMPLEX,ALPHA_OUTSIDE_SIMPLEX
2025-10-28T08:00:00Z,2025-10-28T10:00:00+02:00,2025-10-28T08:00:00Z,0.0,0.7677714285714287,0.7677714285714287,OK,OTHER_QH_IN_SAME_HOUR_INVALID
2025-10-28T08:15:00Z,2025-10-28T10:15:00+02:00,2025-10-28T08:00:00Z,0.0,0.9315199999999999,0.9315199999999999,OK,OTHER_QH_IN_SAME_HOUR_INVALID
2025-10-28T08:30:00Z,2025-10-28T10:30:00+02:00,2025-10-28T08:00:00Z,0.0,0.9897142857142857,0.9897142857142857,OK,OTHER_QH_IN_SAME_HOUR_INVALID
2025-10-28T08:45:00Z,2025-10-28T10:45:00+02:00,2025-10-28T08:00:00Z,0.0,1.7499428571428572,1.7499428571428572,ALPHA_OUTSIDE_SIMPLEX,ALPHA_OUTSIDE_SIMPLEX
2025-10-28T09:00:00Z,2025-10-28T11:00:00+02:00,2025-10-28T09:00:00Z,0.0,1.3210514285714285,1.3210514285714285,ALPHA_OUTSIDE_SIMPLEX,ALPHA_OUTSIDE_SIMPLEX
2025-10-28T09:15:00Z,2025-10-28T11:15:00+02:00,2025-10-28T09:00:00Z,0.005691428571428571,0.26027428571428574,0.2659657142857143,OK,OTHER_QH_IN_SAME_HOUR_INVALID
2025-10-28T09:30:00Z,2025-10-28T11:30:00+02:00,2025-10-28T09:00:00Z,0.41856000000000004,0.0,0.41856000000000004,OK,OTHER_QH_IN_SAME_HOUR_INVALID
2025-10-28T09:45:00Z,2025-10-28T11:45:00+02:00,2025-10-28T09:00:00Z,0.13424,0.0008914285714285714,0.13513142857142857,OK,OTHER_QH_IN_SAME_HOUR_INVALID
2025-10-28T14:00:00Z,2025-10-28T16:00:00+02:00,2025-10-28T14:00:00Z,0.15536,0.0,0.15536,OK,OTHER_QH_IN_SAME_HOUR_INVALID
2025-10-28T14:15:00Z,2025-10-28T16:15:00+02:00,2025-10-28T14:00:00Z,0.8455314285714285,0.0,0.8455314285714285,OK,OTHER_QH_IN_SAME_HOUR_INVALID
2025-10-28T14:30:00Z,2025-10-28T16:30:00+02:00,2025-10-28T14:00:00Z,1.18416,0.0,1.18416,ALPHA_OUTSIDE_SIMPLEX,ALPHA_OUTSIDE_SIMPLEX
2025-10-28T14:45:00Z,2025-10-28T16:45:00+02:00,2025-10-28T14:00:00Z,1.7213942857142859,0.0,1.7213942857142859,ALPHA_OUTSIDE_SIMPLEX,ALPHA_OUTSIDE_SIMPLEX
2025-10-28T15:00:00Z,2025-10-28T17:00:00+02:00,2025-10-28T15:00:00Z,1.3496685714285714,0.0,1.3496685714285714,ALPHA_OUTSIDE_SIMPLEX,ALPHA_OUTSIDE_SIMPLEX
2025-10-28T15:15:00Z,2025-10-28T17:15:00+02:00,2025-10-28T15:00:00Z,1.1450514285714284,0.0,1.1450514285714284,ALPHA_OUTSIDE_SIMPLEX,ALPHA_OUTSIDE_SIMPLEX
2025-10-28T15:30:00Z,2025-10-28T17:30:00+02:00,2025-10-28T15:00:00Z,0.9659428571428571,0.0,0.9659428571428571,OK,OTHER_QH_IN_SAME_HOUR_INVALID
2025-10-28T15:45:00Z,2025-10-28T17:45:00+02:00,2025-10-28T15:00:00Z,1.002902857142857,0.0,1.002902857142857,ALPHA_OUTSIDE_SIMPLEX,ALPHA_OUTSIDE_SIMPLEX
2025-10-29T05:00:00Z,2025-10-29T07:00:00+02:00,2025-10-29T05:00:00Z,0.004754285714285714,0.012091428571428572,0.016845714285714287,OK,OTHER_QH_IN_SAME_HOUR_INVALID
2025-10-29T05:15:00Z,2025-10-29T07:15:00+02:00,2025-10-29T05:00:00Z,0.0017828571428571429,0.03997714285714286,0.04176,OK,OTHER_QH_IN_SAME_HOUR_INVALID
2025-10-29T05:30:00Z,2025-10-29T07:30:00+02:00,2025-10-29T05:00:00Z,0.0,0.6715885714285714,0.6715885714285714,OK,OTHER_QH_IN_SAME_HOUR_INVALID
2025-10-29T05:45:00Z,2025-10-29T07:45:00+02:00,2025-10-29T05:00:00Z,0.0,1.3063085714285716,1.3063085714285716,ALPHA_OUTSIDE_SIMPLEX,ALPHA_OUTSIDE_SIMPLEX
2025-10-29T08:00:00Z,2025-10-29T10:00:00+02:00,2025-10-29T08:00:00Z,0.0,0.5786285714285715,0.5786285714285715,OK,OTHER_QH_IN_SAME_HOUR_INVALID
2025-10-29T08:15:00Z,2025-10-29T10:15:00+02:00,2025-10-29T08:00:00Z,0.0,0.8164799999999999,0.8164799999999999,OK,OTHER_QH_IN_SAME_HOUR_INVALID
2025-10-29T08:30:00Z,2025-10-29T10:30:00+02:00,2025-10-29T08:00:00Z,0.0,0.3842285714285714,0.3842285714285714,OK,OTHER_QH_IN_SAME_HOUR_INVALID
2025-10-29T08:45:00Z,2025-10-29T10:45:00+02:00,2025-10-29T08:00:00Z,0.0,1.2178057142857144,1.2178057142857144,ALPHA_OUTSIDE_SIMPLEX,ALPHA_OUTSIDE_SIMPLEX
2025-10-30T13:00:00Z,2025-10-30T15:00:00+02:00,2025-10-30T13:00:00Z,0.1253942857142857,0.1511542857142857,0.2765485714285714,OK,OTHER_QH_IN_SAME_HOUR_INVALID
2025-10-30T13:15:00Z,2025-10-30T15:15:00+02:00,2025-10-30T13:00:00Z,0.46349714285714283,0.0,0.46349714285714283,OK,OTHER_QH_IN_SAME_HOUR_INVALID
2025-10-30T13:30:00Z,2025-10-30T15:30:00+02:00,2025-10-30T13:00:00Z,0.6858514285714286,0.0,0.6858514285714286,OK,OTHER_QH_IN_SAME_HOUR_INVALID
2025-10-30T13:45:00Z,2025-10-30T15:45:00+02:00,2025-10-30T13:00:00Z,1.090857142857143,0.0,1.090857142857143,ALPHA_OUTSIDE_SIMPLEX,ALPHA_OUTSIDE_SIMPLEX
2025-10-31T14:00:00Z,2025-10-31T16:00:00+02:00,2025-10-31T14:00:00Z,0.2641142857142857,0.0,0.2641142857142857,OK,OTHER_QH_IN_SAME_HOUR_INVALID
2025-10-31T14:15:00Z,2025-10-31T16:15:00+02:00,2025-10-31T14:00:00Z,0.9657371428571428,0.0,0.9657371428571428,OK,OTHER_QH_IN_SAME_HOUR_INVALID
2025-10-31T14:30:00Z,2025-10-31T16:30:00+02:00,2025-10-31T14:00:00Z,1.1877257142857143,0.0,1.1877257142857143,ALPHA_OUTSIDE_SIMPLEX,ALPHA_OUTSIDE_SIMPLEX
2025-10-31T14:45:00Z,2025-10-31T16:45:00+02:00,2025-10-31T14:00:00Z,0.3875657142857143,0.0,0.3875657142857143,OK,OTHER_QH_IN_SAME_HOUR_INVALID
2025-10-31T15:00:00Z,2025-10-31T17:00:00+02:00,2025-10-31T15:00:00Z,1.0163657142857143,0.0,1.0163657142857143,ALPHA_OUTSIDE_SIMPLEX,ALPHA_OUTSIDE_SIMPLEX
2025-10-31T15:15:00Z,2025-10-31T17:15:00+02:00,2025-10-31T15:00:00Z,1.2851885714285713,0.0,1.2851885714285713,ALPHA_OUTSIDE_SIMPLEX,ALPHA_OUTSIDE_SIMPLEX
2025-10-31T15:30:00Z,2025-10-31T17:30:00+02:00,2025-10-31T15:00:00Z,1.3764342857142857,0.0,1.3764342857142857,ALPHA_OUTSIDE_SIMPLEX,ALPHA_OUTSIDE_SIMPLEX
2025-10-31T15:45:00Z,2025-10-31T17:45:00+02:00,2025-10-31T15:00:00Z,0.9377828571428571,0.0,0.9377828571428571,OK,OTHER_QH_IN_SAME_HOUR_INVALID
2025-11-01T04:00:00Z,2025-11-01T06:00:00+02:00,2025-11-01T04:00:00Z,0.0,0.9559314285714287,0.9559314285714287,OK,OTHER_QH_IN_SAME_HOUR_INVALID
2025-11-01T04:15:00Z,2025-11-01T06:15:00+02:00,2025-11-01T04:00:00Z,0.0,1.937714285714286,1.937714285714286,ALPHA_OUTSIDE_SIMPLEX,ALPHA_OUTSIDE_SIMPLEX
2025-11-01T04:30:00Z,2025-11-01T06:30:00+02:00,2025-11-01T04:00:00Z,0.0,0.7343085714285714,0.7343085714285714,OK,OTHER_QH_IN_SAME_HOUR_INVALID
2025-11-01T04:45:00Z,2025-11-01T06:45:00+02:00,2025-11-01T04:00:00Z,0.0,1.0862171428571428,1.0862171428571428,ALPHA_OUTSIDE_SIMPLEX,ALPHA_OUTSIDE_SIMPLEX
2025-11-01T05:00:00Z,2025-11-01T07:00:00+02:00,2025-11-01T05:00:00Z,0.0,0.26768000000000003,0.26768000000000003,OK,OTHER_QH_IN_SAME_HOUR_INVALID
2025-11-01T05:15:00Z,2025-11-01T07:15:00+02:00,2025-11-01T05:00:00Z,0.0011885714285714286,0.02290285714285714,0.02409142857142857,OK,OTHER_QH_IN_SAME_HOUR_INVALID
2025-11-01T05:30:00Z,2025-11-01T07:30:00+02:00,2025-11-01T05:00:00Z,2.2857142857142858e-05,0.7256228571428571,0.7256457142857142,OK,OTHER_QH_IN_SAME_HOUR_INVALID
2025-11-01T05:45:00Z,2025-11-01T07:45:00+02:00,2025-11-01T05:00:00Z,0.0,1.3374857142857144,1.3374857142857144,ALPHA_OUTSIDE_SIMPLEX,ALPHA_OUTSIDE_SIMPLEX
2025-11-01T06:00:00Z,2025-11-01T08:00:00+02:00,2025-11-01T06:00:00Z,0.0,1.2752914285714285,1.2752914285714285,ALPHA_OUTSIDE_SIMPLEX,ALPHA_OUTSIDE_SIMPLEX
2025-11-01T06:15:00Z,2025-11-01T08:15:00+02:00,2025-11-01T06:00:00Z,0.0,1.2987657142857143,1.2987657142857143,ALPHA_OUTSIDE_SIMPLEX,ALPHA_OUTSIDE_SIMPLEX
2025-11-01T06:30:00Z,2025-11-01T08:30:00+02:00,2025-11-01T06:00:00Z,0.0,1.3285942857142856,1.3285942857142856,ALPHA_OUTSIDE_SIMPLEX,ALPHA_OUTSIDE_SIMPLEX
2025-11-01T06:45:00Z,2025-11-01T08:45:00+02:00,2025-11-01T06:00:00Z,0.0,1.6016914285714285,1.6016914285714285,ALPHA_OUTSIDE_SIMPLEX,ALPHA_OUTSIDE_SIMPLEX
2025-11-01T22:00:00Z,2025-11-02T00:00:00+02:00,2025-11-01T22:00:00Z,0.00022857142857142857,0.29789714285714286,0.29812571428571427,OK,OTHER_QH_IN_SAME_HOUR_INVALID
2025-11-01T22:15:00Z,2025-11-02T00:15:00+02:00,2025-11-01T22:00:00Z,0.0,0.2143314285714286,0.2143314285714286,OK,OTHER_QH_IN_SAME_HOUR_INVALID
2025-11-01T22:30:00Z,2025-11-02T00:30:00+02:00,2025-11-01T22:00:00Z,0.0,0.6128914285714285,0.6128914285714285,OK,OTHER_QH_IN_SAME_HOUR_INVALID
2025-11-01T22:45:00Z,2025-11-02T00:45:00+02:00,2025-11-01T22:00:00Z,0.0,1.1271771428571429,1.1271771428571429,ALPHA_OUTSIDE_SIMPLEX,ALPHA_OUTSIDE_SIMPLEX
2025-11-02T13:00:00Z,2025-11-02T15:00:00+02:00,2025-11-02T13:00:00Z,0.16020571428571428,4.5714285714285716e-05,0.16025142857142857,OK,OTHER_QH_IN_SAME_HOUR_INVALID
2025-11-02T13:15:00Z,2025-11-02T15:15:00+02:00,2025-11-02T13:00:00Z,0.46784,0.0,0.46784,OK,OTHER_QH_IN_SAME_HOUR_INVALID
2025-11-02T13:30:00Z,2025-11-02T15:30:00+02:00,2025-11-02T13:00:00Z,0.9918857142857144,0.0,0.9918857142857144,OK,OTHER_QH_IN_SAME_HOUR_INVALID
2025-11-02T13:45:00Z,2025-11-02T15:45:00+02:00,2025-11-02T13:00:00Z,1.3370057142857144,0.0,1.3370057142857144,ALPHA_OUTSIDE_SIMPLEX,ALPHA_OUTSIDE_SIMPLEX
2025-11-03T02:00:00Z,2025-11-03T04:00:00+02:00,2025-11-03T02:00:00Z,0.0,0.3740571428571428,0.3740571428571428,OK,OTHER_QH_IN_SAME_HOUR_INVALID
2025-11-03T02:15:00Z,2025-11-03T04:15:00+02:00,2025-11-03T02:00:00Z,0.0,0.29949714285714285,0.29949714285714285,OK,OTHER_QH_IN_SAME_HOUR_INVALID
2025-11-03T02:30:00Z,2025-11-03T04:30:00+02:00,2025-11-03T02:00:00Z,0.0,0.7115657142857142,0.7115657142857142,OK,OTHER_QH_IN_SAME_HOUR_INVALID
2025-11-03T02:45:00Z,2025-11-03T04:45:00+02:00,2025-11-03T02:00:00Z,0.0,1.1461942857142857,1.1461942857142857,ALPHA_OUTSIDE_SIMPLEX,ALPHA_OUTSIDE_SIMPLEX
2025-11-04T01:00:00Z,2025-11-04T03:00:00+02:00,2025-11-04T01:00:00Z,0.0,0.5750857142857143,0.5750857142857143,OK,OTHER_QH_IN_SAME_HOUR_INVALID
2025-11-04T01:15:00Z,2025-11-04T03:15:00+02:00,2025-11-04T01:00:00Z,0.0,0.9786057142857143,0.9786057142857143,OK,OTHER_QH_IN_SAME_HOUR_INVALID
2025-11-04T01:30:00Z,2025-11-04T03:30:00+02:00,2025-11-04T01:00:00Z,0.0,1.3380342857142857,1.3380342857142857,ALPHA_OUTSIDE_SIMPLEX,ALPHA_OUTSIDE_SIMPLEX
2025-11-04T01:45:00Z,2025-11-04T03:45:00+02:00,2025-11-04T01:00:00Z,0.0,1.26064,1.26064,ALPHA_OUTSIDE_SIMPLEX,ALPHA_OUTSIDE_SIMPLEX
2025-11-04T02:00:00Z,2025-11-04T04:00:00+02:00,2025-11-04T02:00:00Z,0.0,1.3461257142857144,1.3461257142857144,ALPHA_OUTSIDE_SIMPLEX,ALPHA_OUTSIDE_SIMPLEX
2025-11-04T02:15:00Z,2025-11-04T04:15:00+02:00,2025-11-04T02:00:00Z,0.0,0.23394285714285712,0.23394285714285712,OK,OTHER_QH_IN_SAME_HOUR_INVALID
2025-11-04T02:30:00Z,2025-11-04T04:30:00+02:00,2025-11-04T02:00:00Z,0.0,0.20317714285714283,0.20317714285714283,OK,OTHER_QH_IN_SAME_HOUR_INVALID
2025-11-04T02:45:00Z,2025-11-04T04:45:00+02:00,2025-11-04T02:00:00Z,0.0,0.9025371428571428,0.9025371428571428,OK,OTHER_QH_IN_SAME_HOUR_INVALID
2025-11-04T11:00:00Z,2025-11-04T13:00:00+02:00,2025-11-04T11:00:00Z,0.0,1.0176685714285716,1.0176685714285716,ALPHA_OUTSIDE_SIMPLEX,ALPHA_OUTSIDE_SIMPLEX
2025-11-04T11:15:00Z,2025-11-04T13:15:00+02:00,2025-11-04T11:00:00Z,0.0,0.12070857142857142,0.12070857142857142,OK,OTHER_QH_IN_SAME_HOUR_INVALID
2025-11-04T11:30:00Z,2025-11-04T13:30:00+02:00,2025-11-04T11:00:00Z,0.027428571428571427,0.007817142857142858,0.03524571428571428,OK,OTHER_QH_IN_SAME_HOUR_INVALID
2025-11-04T11:45:00Z,2025-11-04T13:45:00+02:00,2025-11-04T11:00:00Z,0.0,0.24672000000000002,0.24672000000000002,OK,OTHER_QH_IN_SAME_HOUR_INVALID
2025-11-05T06:00:00Z,2025-11-05T08:00:00+02:00,2025-11-05T06:00:00Z,0.7570971428571428,0.0,0.7570971428571428,OK,OTHER_QH_IN_SAME_HOUR_INVALID
2025-11-05T06:15:00Z,2025-11-05T08:15:00+02:00,2025-11-05T06:00:00Z,1.2169142857142858,0.0,1.2169142857142858,ALPHA_OUTSIDE_SIMPLEX,ALPHA_OUTSIDE_SIMPLEX
2025-11-05T06:30:00Z,2025-11-05T08:30:00+02:00,2025-11-05T06:00:00Z,0.06713142857142856,0.21090285714285714,0.2780342857142857,OK,OTHER_QH_IN_SAME_HOUR_INVALID
2025-11-05T06:45:00Z,2025-11-05T08:45:00+02:00,2025-11-05T06:00:00Z,0.0,0.25602285714285716,0.25602285714285716,OK,OTHER_QH_IN_SAME_HOUR_INVALID
2025-11-05T09:00:00Z,2025-11-05T11:00:00+02:00,2025-11-05T09:00:00Z,0.0,1.0154514285714287,1.0154514285714287,ALPHA_OUTSIDE_SIMPLEX,ALPHA_OUTSIDE_SIMPLEX
2025-11-05T09:15:00Z,2025-11-05T11:15:00+02:00,2025-11-05T09:00:00Z,0.0,0.9655999999999999,0.9655999999999999,OK,OTHER_QH_IN_SAME_HOUR_INVALID
2025-11-05T09:30:00Z,2025-11-05T11:30:00+02:00,2025-11-05T09:00:00Z,0.0,0.4736685714285714,0.4736685714285714,OK,OTHER_QH_IN_SAME_HOUR_INVALID
2025-11-05T09:45:00Z,2025-11-05T11:45:00+02:00,2025-11-05T09:00:00Z,0.0,0.36930285714285715,0.36930285714285715,OK,OTHER_QH_IN_SAME_HOUR_INVALID
2025-11-06T14:00:00Z,2025-11-06T16:00:00+02:00,2025-11-06T14:00:00Z,0.07938285714285714,0.0,0.07938285714285714,OK,OTHER_QH_IN_SAME_HOUR_INVALID
2025-11-06T14:15:00Z,2025-11-06T16:15:00+02:00,2025-11-06T14:00:00Z,0.40226285714285714,0.0,0.40226285714285714,OK,OTHER_QH_IN_SAME_HOUR_INVALID
2025-11-06T14:30:00Z,2025-11-06T16:30:00+02:00,2025-11-06T14:00:00Z,1.0435885714285713,0.0,1.0435885714285713,ALPHA_OUTSIDE_SIMPLEX,ALPHA_OUTSIDE_SIMPLEX
2025-11-06T14:45:00Z,2025-11-06T16:45:00+02:00,2025-11-06T14:00:00Z,1.3847314285714285,0.0,1.3847314285714285,ALPHA_OUTSIDE_SIMPLEX,ALPHA_OUTSIDE_SIMPLEX
2025-11-06T21:00:00Z,2025-11-06T23:00:00+02:00,2025-11-06T21:00:00Z,0.0,0.28482285714285716,0.28482285714285716,OK,OTHER_QH_IN_SAME_HOUR_INVALID
2025-11-06T21:15:00Z,2025-11-06T23:15:00+02:00,2025-11-06T21:00:00Z,0.0,0.19741714285714287,0.19741714285714287,OK,OTHER_QH_IN_SAME_HOUR_INVALID
2025-11-06T21:30:00Z,2025-11-06T23:30:00+02:00,2025-11-06T21:00:00Z,0.0,0.5538285714285714,0.5538285714285714,OK,OTHER_QH_IN_SAME_HOUR_INVALID
2025-11-06T21:45:00Z,2025-11-06T23:45:00+02:00,2025-11-06T21:00:00Z,0.0,1.0203428571428572,1.0203428571428572,ALPHA_OUTSIDE_SIMPLEX,ALPHA_OUTSIDE_SIMPLEX
2025-11-07T01:00:00Z,2025-11-07T03:00:00+02:00,2025-11-07T01:00:00Z,1.1240685714285714,0.0009828571428571427,1.1250514285714286,ALPHA_OUTSIDE_SIMPLEX,ALPHA_OUTSIDE_SIMPLEX
2025-11-07T01:15:00Z,2025-11-07T03:15:00+02:00,2025-11-07T01:00:00Z,0.7312,0.0,0.7312,OK,OTHER_QH_IN_SAME_HOUR_INVALID
2025-11-07T01:30:00Z,2025-11-07T03:30:00+02:00,2025-11-07T01:00:00Z,0.6599771428571428,0.0,0.6599771428571428,OK,OTHER_QH_IN_SAME_HOUR_INVALID
2025-11-07T01:45:00Z,2025-11-07T03:45:00+02:00,2025-11-07T01:00:00Z,1.1143314285714285,0.0,1.1143314285714285,ALPHA_OUTSIDE_SIMPLEX,ALPHA_OUTSIDE_SIMPLEX
2025-11-07T02:00:00Z,2025-11-07T04:00:00+02:00,2025-11-07T02:00:00Z,1.2818742857142857,0.0,1.2818742857142857,ALPHA_OUTSIDE_SIMPLEX,ALPHA_OUTSIDE_SIMPLEX
2025-11-07T02:15:00Z,2025-11-07T04:15:00+02:00,2025-11-07T02:00:00Z,1.0706285714285715,0.0,1.0706285714285715,ALPHA_OUTSIDE_SIMPLEX,ALPHA_OUTSIDE_SIMPLEX
2025-11-07T02:30:00Z,2025-11-07T04:30:00+02:00,2025-11-07T02:00:00Z,1.5008,0.0,1.5008,ALPHA_OUTSIDE_SIMPLEX,ALPHA_OUTSIDE_SIMPLEX
2025-11-07T02:45:00Z,2025-11-07T04:45:00+02:00,2025-11-07T02:00:00Z,1.1726628571428572,0.0,1.1726628571428572,ALPHA_OUTSIDE_SIMPLEX,ALPHA_OUTSIDE_SIMPLEX
2025-11-08T04:00:00Z,2025-11-08T06:00:00+02:00,2025-11-08T04:00:00Z,0.0,0.22333714285714287,0.22333714285714287,OK,OTHER_QH_IN_SAME_HOUR_INVALID
2025-11-08T04:15:00Z,2025-11-08T06:15:00+02:00,2025-11-08T04:00:00Z,0.0,0.06290285714285714,0.06290285714285714,OK,OTHER_QH_IN_SAME_HOUR_INVALID
2025-11-08T04:30:00Z,2025-11-08T06:30:00+02:00,2025-11-08T04:00:00Z,0.0,0.3912685714285714,0.3912685714285714,OK,OTHER_QH_IN_SAME_HOUR_INVALID
2025-11-08T04:45:00Z,2025-11-08T06:45:00+02:00,2025-11-08T04:00:00Z,0.0,1.1830171428571428,1.1830171428571428,ALPHA_OUTSIDE_SIMPLEX,ALPHA_OUTSIDE_SIMPLEX
2025-11-08T05:00:00Z,2025-11-08T07:00:00+02:00,2025-11-08T05:00:00Z,0.0,0.7604571428571429,0.7604571428571429,OK,OTHER_QH_IN_SAME_HOUR_INVALID
2025-11-08T05:15:00Z,2025-11-08T07:15:00+02:00,2025-11-08T05:00:00Z,0.0,1.6101257142857142,1.6101257142857142,ALPHA_OUTSIDE_SIMPLEX,ALPHA_OUTSIDE_SIMPLEX
2025-11-08T05:30:00Z,2025-11-08T07:30:00+02:00,2025-11-08T05:00:00Z,0.0,0.6976,0.6976,OK,OTHER_QH_IN_SAME_HOUR_INVALID
2025-11-08T05:45:00Z,2025-11-08T07:45:00+02:00,2025-11-08T05:00:00Z,0.0,0.3606628571428571,0.3606628571428571,OK,OTHER_QH_IN_SAME_HOUR_INVALID
2025-11-08T06:00:00Z,2025-11-08T08:00:00+02:00,2025-11-08T06:00:00Z,0.0,1.07216,1.07216,ALPHA_OUTSIDE_SIMPLEX,ALPHA_OUTSIDE_SIMPLEX
2025-11-08T06:15:00Z,2025-11-08T08:15:00+02:00,2025-11-08T06:00:00Z,0.00064,0.12075428571428572,0.12139428571428572,OK,OTHER_QH_IN_SAME_HOUR_INVALID
2025-11-08T06:30:00Z,2025-11-08T08:30:00+02:00,2025-11-08T06:00:00Z,0.02905142857142857,0.05373714285714286,0.08278857142857143,OK,OTHER_QH_IN_SAME_HOUR_INVALID
2025-11-08T06:45:00Z,2025-11-08T08:45:00+02:00,2025-11-08T06:00:00Z,0.027680000000000003,0.004708571428571428,0.03238857142857143,OK,OTHER_QH_IN_SAME_HOUR_INVALID
2025-11-08T08:00:00Z,2025-11-08T10:00:00+02:00,2025-11-08T08:00:00Z,1.2403428571428572,0.0,1.2403428571428572,ALPHA_OUTSIDE_SIMPLEX,ALPHA_OUTSIDE_SIMPLEX
2025-11-08T08:15:00Z,2025-11-08T10:15:00+02:00,2025-11-08T08:00:00Z,0.8384457142857143,0.0,0.8384457142857143,OK,OTHER_QH_IN_SAME_HOUR_INVALID
2025-11-08T08:30:00Z,2025-11-08T10:30:00+02:00,2025-11-08T08:00:00Z,0.4126628571428571,0.0,0.4126628571428571,OK,OTHER_QH_IN_SAME_HOUR_INVALID
2025-11-08T08:45:00Z,2025-11-08T10:45:00+02:00,2025-11-08T08:00:00Z,0.23136,0.0,0.23136,OK,OTHER_QH_IN_SAME_HOUR_INVALID
2025-11-10T20:00:00Z,2025-11-10T22:00:00+02:00,2025-11-10T20:00:00Z,0.0021714285714285715,0.06665142857142857,0.06882285714285714,OK,OTHER_QH_IN_SAME_HOUR_INVALID
2025-11-10T20:15:00Z,2025-11-10T22:15:00+02:00,2025-11-10T20:00:00Z,0.0007085714285714285,0.13261714285714285,0.13332571428571427,OK,OTHER_QH_IN_SAME_HOUR_INVALID
2025-11-10T20:30:00Z,2025-11-10T22:30:00+02:00,2025-11-10T20:00:00Z,0.0,0.42512,0.42512,OK,OTHER_QH_IN_SAME_HOUR_INVALID
2025-11-10T20:45:00Z,2025-11-10T22:45:00+02:00,2025-11-10T20:00:00Z,0.0,1.04528,1.04528,ALPHA_OUTSIDE_SIMPLEX,ALPHA_OUTSIDE_SIMPLEX
2025-11-11T11:00:00Z,2025-11-11T13:00:00+02:00,2025-11-11T11:00:00Z,0.03753142857142857,0.0,0.03753142857142857,OK,OTHER_QH_IN_SAME_HOUR_INVALID
2025-11-11T11:15:00Z,2025-11-11T13:15:00+02:00,2025-11-11T11:00:00Z,0.28477714285714284,0.0,0.28477714285714284,OK,OTHER_QH_IN_SAME_HOUR_INVALID
2025-11-11T11:30:00Z,2025-11-11T13:30:00+02:00,2025-11-11T11:00:00Z,0.9087085714285714,0.0,0.9087085714285714,OK,OTHER_QH_IN_SAME_HOUR_INVALID
2025-11-11T11:45:00Z,2025-11-11T13:45:00+02:00,2025-11-11T11:00:00Z,1.1340114285714287,0.0,1.1340114285714287,ALPHA_OUTSIDE_SIMPLEX,ALPHA_OUTSIDE_SIMPLEX
2025-11-11T15:00:00Z,2025-11-11T17:00:00+02:00,2025-11-11T15:00:00Z,0.9162971428571429,0.0,0.9162971428571429,OK,OTHER_QH_IN_SAME_HOUR_INVALID
2025-11-11T15:15:00Z,2025-11-11T17:15:00+02:00,2025-11-11T15:00:00Z,1.4542628571428573,0.0,1.4542628571428573,ALPHA_OUTSIDE_SIMPLEX,ALPHA_OUTSIDE_SIMPLEX
2025-11-11T15:30:00Z,2025-11-11T17:30:00+02:00,2025-11-11T15:00:00Z,1.9236571428571427,0.0,1.9236571428571427,ALPHA_OUTSIDE_SIMPLEX,ALPHA_OUTSIDE_SIMPLEX
2025-11-11T15:45:00Z,2025-11-11T17:45:00+02:00,2025-11-11T15:00:00Z,1.91312,0.0,1.91312,ALPHA_OUTSIDE_SIMPLEX,ALPHA_OUTSIDE_SIMPLEX
2025-11-11T18:00:00Z,2025-11-11T20:00:00+02:00,2025-11-11T18:00:00Z,0.005691428571428571,0.016319999999999998,0.02201142857142857,OK,OTHER_QH_IN_SAME_HOUR_INVALID
2025-11-11T18:15:00Z,2025-11-11T20:15:00+02:00,2025-11-11T18:00:00Z,0.9105142857142857,0.0,0.9105142857142857,OK,OTHER_QH_IN_SAME_HOUR_INVALID
2025-11-11T18:30:00Z,2025-11-11T20:30:00+02:00,2025-11-11T18:00:00Z,1.1482057142857143,0.0,1.1482057142857143,ALPHA_OUTSIDE_SIMPLEX,ALPHA_OUTSIDE_SIMPLEX
2025-11-11T18:45:00Z,2025-11-11T20:45:00+02:00,2025-11-11T18:00:00Z,1.1030628571428571,0.0,1.1030628571428571,ALPHA_OUTSIDE_SIMPLEX,ALPHA_OUTSIDE_SIMPLEX
2025-11-11T19:00:00Z,2025-11-11T21:00:00+02:00,2025-11-11T19:00:00Z,1.1270628571428571,0.0,1.1270628571428571,ALPHA_OUTSIDE_SIMPLEX,ALPHA_OUTSIDE_SIMPLEX
2025-11-11T19:15:00Z,2025-11-11T21:15:00+02:00,2025-11-11T19:00:00Z,0.4693485714285714,0.0,0.4693485714285714,OK,OTHER_QH_IN_SAME_HOUR_INVALID
2025-11-11T19:30:00Z,2025-11-11T21:30:00+02:00,2025-11-11T19:00:00Z,0.06678857142857143,0.0016228571428571427,0.06841142857142858,OK,OTHER_QH_IN_SAME_HOUR_INVALID
2025-11-11T19:45:00Z,2025-11-11T21:45:00+02:00,2025-11-11T19:00:00Z,0.0054171428571428565,0.0024914285714285715,0.007908571428571428,OK,OTHER_QH_IN_SAME_HOUR_INVALID
2025-11-12T07:00:00Z,2025-11-12T09:00:00+02:00,2025-11-12T07:00:00Z,0.4250514285714286,0.0,0.4250514285714286,OK,OTHER_QH_IN_SAME_HOUR_INVALID
2025-11-12T07:15:00Z,2025-11-12T09:15:00+02:00,2025-11-12T07:00:00Z,0.6231085714285715,0.0,0.6231085714285715,OK,OTHER_QH_IN_SAME_HOUR_INVALID
2025-11-12T07:30:00Z,2025-11-12T09:30:00+02:00,2025-11-12T07:00:00Z,1.0019657142857143,0.0,1.0019657142857143,ALPHA_OUTSIDE_SIMPLEX,ALPHA_OUTSIDE_SIMPLEX
2025-11-12T07:45:00Z,2025-11-12T09:45:00+02:00,2025-11-12T07:00:00Z,0.5542400000000001,0.0,0.5542400000000001,OK,OTHER_QH_IN_SAME_HOUR_INVALID
2025-11-12T10:00:00Z,2025-11-12T12:00:00+02:00,2025-11-12T10:00:00Z,1.0495771428571428,0.0,1.0495771428571428,ALPHA_OUTSIDE_SIMPLEX,ALPHA_OUTSIDE_SIMPLEX
2025-11-12T10:15:00Z,2025-11-12T12:15:00+02:00,2025-11-12T10:00:00Z,1.197302857142857,0.0,1.197302857142857,ALPHA_OUTSIDE_SIMPLEX,ALPHA_OUTSIDE_SIMPLEX
2025-11-12T10:30:00Z,2025-11-12T12:30:00+02:00,2025-11-12T10:00:00Z,1.3591085714285713,0.0,1.3591085714285713,ALPHA_OUTSIDE_SIMPLEX,ALPHA_OUTSIDE_SIMPLEX
2025-11-12T10:45:00Z,2025-11-12T12:45:00+02:00,2025-11-12T10:00:00Z,1.542857142857143,0.0,1.542857142857143,ALPHA_OUTSIDE_SIMPLEX,ALPHA_OUTSIDE_SIMPLEX
2025-11-14T15:00:00Z,2025-11-14T17:00:00+02:00,2025-11-14T15:00:00Z,1.140982857142857,0.0,1.140982857142857,ALPHA_OUTSIDE_SIMPLEX,ALPHA_OUTSIDE_SIMPLEX
2025-11-14T15:15:00Z,2025-11-14T17:15:00+02:00,2025-11-14T15:00:00Z,1.5535771428571428,0.0,1.5535771428571428,ALPHA_OUTSIDE_SIMPLEX,ALPHA_OUTSIDE_SIMPLEX
2025-11-14T15:30:00Z,2025-11-14T17:30:00+02:00,2025-11-14T15:00:00Z,1.486697142857143,0.0,1.486697142857143,ALPHA_OUTSIDE_SIMPLEX,ALPHA_OUTSIDE_SIMPLEX
2025-11-14T15:45:00Z,2025-11-14T17:45:00+02:00,2025-11-14T15:00:00Z,1.4057828571428572,0.0,1.4057828571428572,ALPHA_OUTSIDE_SIMPLEX,ALPHA_OUTSIDE_SIMPLEX
2025-11-14T16:00:00Z,2025-11-14T18:00:00+02:00,2025-11-14T16:00:00Z,0.8473828571428571,0.0,0.8473828571428571,OK,OTHER_QH_IN_SAME_HOUR_INVALID
2025-11-14T16:15:00Z,2025-11-14T18:15:00+02:00,2025-11-14T16:00:00Z,0.3899657142857143,0.0,0.3899657142857143,OK,OTHER_QH_IN_SAME_HOUR_INVALID
2025-11-14T16:30:00Z,2025-11-14T18:30:00+02:00,2025-11-14T16:00:00Z,0.5018285714285714,0.0,0.5018285714285714,OK,OTHER_QH_IN_SAME_HOUR_INVALID
2025-11-14T16:45:00Z,2025-11-14T18:45:00+02:00,2025-11-14T16:00:00Z,1.2619885714285715,0.0,1.2619885714285715,ALPHA_OUTSIDE_SIMPLEX,ALPHA_OUTSIDE_SIMPLEX
2025-11-16T15:00:00Z,2025-11-16T17:00:00+02:00,2025-11-16T15:00:00Z,1.0903085714285714,0.0,1.0903085714285714,ALPHA_OUTSIDE_SIMPLEX,ALPHA_OUTSIDE_SIMPLEX
2025-11-16T15:15:00Z,2025-11-16T17:15:00+02:00,2025-11-16T15:00:00Z,0.25638857142857147,0.0,0.25638857142857147,OK,OTHER_QH_IN_SAME_HOUR_INVALID
2025-11-16T15:30:00Z,2025-11-16T17:30:00+02:00,2025-11-16T15:00:00Z,0.053051428571428576,2.2857142857142858e-05,0.05307428571428572,OK,OTHER_QH_IN_SAME_HOUR_INVALID
2025-11-16T15:45:00Z,2025-11-16T17:45:00+02:00,2025-11-16T15:00:00Z,0.019382857142857143,0.002514285714285714,0.021897142857142858,OK,OTHER_QH_IN_SAME_HOUR_INVALID
2025-11-16T17:00:00Z,2025-11-16T19:00:00+02:00,2025-11-16T17:00:00Z,0.9867885714285713,0.0,0.9867885714285713,OK,OTHER_QH_IN_SAME_HOUR_INVALID
2025-11-16T17:15:00Z,2025-11-16T19:15:00+02:00,2025-11-16T17:00:00Z,0.5538057142857142,0.0,0.5538057142857142,OK,OTHER_QH_IN_SAME_HOUR_INVALID
2025-11-16T17:30:00Z,2025-11-16T19:30:00+02:00,2025-11-16T17:00:00Z,0.48998857142857144,0.0,0.48998857142857144,OK,OTHER_QH_IN_SAME_HOUR_INVALID
2025-11-16T17:45:00Z,2025-11-16T19:45:00+02:00,2025-11-16T17:00:00Z,1.311062857142857,0.0,1.311062857142857,ALPHA_OUTSIDE_SIMPLEX,ALPHA_OUTSIDE_SIMPLEX
2025-11-17T11:00:00Z,2025-11-17T13:00:00+02:00,2025-11-17T11:00:00Z,0.9869028571428571,4.5714285714285716e-05,0.9869485714285714,OK,OTHER_QH_IN_SAME_HOUR_INVALID
2025-11-17T11:15:00Z,2025-11-17T13:15:00+02:00,2025-11-17T11:00:00Z,1.0088,0.0,1.0088,ALPHA_OUTSIDE_SIMPLEX,ALPHA_OUTSIDE_SIMPLEX
2025-11-17T11:30:00Z,2025-11-17T13:30:00+02:00,2025-11-17T11:00:00Z,0.48,0.0,0.48,OK,OTHER_QH_IN_SAME_HOUR_INVALID
2025-11-17T11:45:00Z,2025-11-17T13:45:00+02:00,2025-11-17T11:00:00Z,0.25872,0.0,0.25872,OK,OTHER_QH_IN_SAME_HOUR_INVALID
2025-11-18T07:00:00Z,2025-11-18T09:00:00+02:00,2025-11-18T07:00:00Z,0.37549714285714286,0.0,0.37549714285714286,OK,OTHER_QH_IN_SAME_HOUR_INVALID
2025-11-18T07:15:00Z,2025-11-18T09:15:00+02:00,2025-11-18T07:00:00Z,0.5147428571428572,0.0,0.5147428571428572,OK,OTHER_QH_IN_SAME_HOUR_INVALID
2025-11-18T07:30:00Z,2025-11-18T09:30:00+02:00,2025-11-18T07:00:00Z,0.8434971428571428,0.0,0.8434971428571428,OK,OTHER_QH_IN_SAME_HOUR_INVALID
2025-11-18T07:45:00Z,2025-11-18T09:45:00+02:00,2025-11-18T07:00:00Z,1.1759542857142857,0.0,1.1759542857142857,ALPHA_OUTSIDE_SIMPLEX,ALPHA_OUTSIDE_SIMPLEX
2025-11-18T08:00:00Z,2025-11-18T10:00:00+02:00,2025-11-18T08:00:00Z,1.3356114285714287,0.0,1.3356114285714287,ALPHA_OUTSIDE_SIMPLEX,ALPHA_OUTSIDE_SIMPLEX
2025-11-18T08:15:00Z,2025-11-18T10:15:00+02:00,2025-11-18T08:00:00Z,0.25693714285714286,0.10198857142857143,0.3589257142857143,OK,OTHER_QH_IN_SAME_HOUR_INVALID
2025-11-18T08:30:00Z,2025-11-18T10:30:00+02:00,2025-11-18T08:00:00Z,0.0,0.08603428571428572,0.08603428571428572,OK,OTHER_QH_IN_SAME_HOUR_INVALID
2025-11-18T08:45:00Z,2025-11-18T10:45:00+02:00,2025-11-18T08:00:00Z,0.0002514285714285714,0.055085714285714286,0.055337142857142856,OK,OTHER_QH_IN_SAME_HOUR_INVALID
2025-11-18T12:00:00Z,2025-11-18T14:00:00+02:00,2025-11-18T12:00:00Z,0.0,0.39190857142857144,0.39190857142857144,OK,OTHER_QH_IN_SAME_HOUR_INVALID
2025-11-18T12:15:00Z,2025-11-18T14:15:00+02:00,2025-11-18T12:00:00Z,0.0,0.8372114285714286,0.8372114285714286,OK,OTHER_QH_IN_SAME_HOUR_INVALID
2025-11-18T12:30:00Z,2025-11-18T14:30:00+02:00,2025-11-18T12:00:00Z,0.0,0.2639314285714286,0.2639314285714286,OK,OTHER_QH_IN_SAME_HOUR_INVALID
2025-11-18T12:45:00Z,2025-11-18T14:45:00+02:00,2025-11-18T12:00:00Z,0.0,1.4213257142857143,1.4213257142857143,ALPHA_OUTSIDE_SIMPLEX,ALPHA_OUTSIDE_SIMPLEX
2025-11-18T14:00:00Z,2025-11-18T16:00:00+02:00,2025-11-18T14:00:00Z,0.4592,0.0,0.4592,OK,OTHER_QH_IN_SAME_HOUR_INVALID
2025-11-18T14:15:00Z,2025-11-18T16:15:00+02:00,2025-11-18T14:00:00Z,1.3538057142857143,0.0,1.3538057142857143,ALPHA_OUTSIDE_SIMPLEX,ALPHA_OUTSIDE_SIMPLEX
2025-11-18T14:30:00Z,2025-11-18T16:30:00+02:00,2025-11-18T14:00:00Z,0.8847085714285715,0.0,0.8847085714285715,OK,OTHER_QH_IN_SAME_HOUR_INVALID
2025-11-18T14:45:00Z,2025-11-18T16:45:00+02:00,2025-11-18T14:00:00Z,0.41019428571428573,0.0,0.41019428571428573,OK,OTHER_QH_IN_SAME_HOUR_INVALID
2025-11-19T05:00:00Z,2025-11-19T07:00:00+02:00,2025-11-19T05:00:00Z,0.7992914285714287,0.0,0.7992914285714287,OK,OTHER_QH_IN_SAME_HOUR_INVALID
2025-11-19T05:15:00Z,2025-11-19T07:15:00+02:00,2025-11-19T05:00:00Z,1.39632,0.0,1.39632,ALPHA_OUTSIDE_SIMPLEX,ALPHA_OUTSIDE_SIMPLEX
2025-11-19T05:30:00Z,2025-11-19T07:30:00+02:00,2025-11-19T05:00:00Z,0.3914971428571429,0.0,0.3914971428571429,OK,OTHER_QH_IN_SAME_HOUR_INVALID
2025-11-19T05:45:00Z,2025-11-19T07:45:00+02:00,2025-11-19T05:00:00Z,0.02905142857142857,0.001462857142857143,0.030514285714285713,OK,OTHER_QH_IN_SAME_HOUR_INVALID
2025-11-19T21:00:00Z,2025-11-19T23:00:00+02:00,2025-11-19T21:00:00Z,0.0,0.3600685714285714,0.3600685714285714,OK,OTHER_QH_IN_SAME_HOUR_INVALID
2025-11-19T21:15:00Z,2025-11-19T23:15:00+02:00,2025-11-19T21:00:00Z,0.0,0.44754285714285713,0.44754285714285713,OK,OTHER_QH_IN_SAME_HOUR_INVALID
2025-11-19T21:30:00Z,2025-11-19T23:30:00+02:00,2025-11-19T21:00:00Z,0.0,0.5408685714285715,0.5408685714285715,OK,OTHER_QH_IN_SAME_HOUR_INVALID
2025-11-19T21:45:00Z,2025-11-19T23:45:00+02:00,2025-11-19T21:00:00Z,0.0,1.0452342857142858,1.0452342857142858,ALPHA_OUTSIDE_SIMPLEX,ALPHA_OUTSIDE_SIMPLEX
2025-11-20T18:00:00Z,2025-11-20T20:00:00+02:00,2025-11-20T18:00:00Z,1.0691428571428572,0.0,1.0691428571428572,ALPHA_OUTSIDE_SIMPLEX,ALPHA_OUTSIDE_SIMPLEX
2025-11-20T18:15:00Z,2025-11-20T20:15:00+02:00,2025-11-20T18:00:00Z,1.6164342857142855,0.0,1.6164342857142855,ALPHA_OUTSIDE_SIMPLEX,ALPHA_OUTSIDE_SIMPLEX
2025-11-20T18:30:00Z,2025-11-20T20:30:00+02:00,2025-11-20T18:00:00Z,0.9909942857142857,0.0,0.9909942857142857,OK,OTHER_QH_IN_SAME_HOUR_INVALID
2025-11-20T18:45:00Z,2025-11-20T20:45:00+02:00,2025-11-20T18:00:00Z,0.21277714285714283,0.002697142857142857,0.2154742857142857,OK,OTHER_QH_IN_SAME_HOUR_INVALID
2025-11-22T08:00:00Z,2025-11-22T10:00:00+02:00,2025-11-22T08:00:00Z,0.6890514285714285,0.0,0.6890514285714285,OK,OTHER_QH_IN_SAME_HOUR_INVALID
2025-11-22T08:15:00Z,2025-11-22T10:15:00+02:00,2025-11-22T08:00:00Z,1.1459657142857143,0.0,1.1459657142857143,ALPHA_OUTSIDE_SIMPLEX,ALPHA_OUTSIDE_SIMPLEX
2025-11-22T08:30:00Z,2025-11-22T10:30:00+02:00,2025-11-22T08:00:00Z,1.15616,0.0,1.15616,ALPHA_OUTSIDE_SIMPLEX,ALPHA_OUTSIDE_SIMPLEX
2025-11-22T08:45:00Z,2025-11-22T10:45:00+02:00,2025-11-22T08:00:00Z,1.1674742857142857,0.0,1.1674742857142857,ALPHA_OUTSIDE_SIMPLEX,ALPHA_OUTSIDE_SIMPLEX
2025-11-22T17:00:00Z,2025-11-22T19:00:00+02:00,2025-11-22T17:00:00Z,0.06532571428571429,0.0,0.06532571428571429,OK,OTHER_QH_IN_SAME_HOUR_INVALID
2025-11-22T17:15:00Z,2025-11-22T19:15:00+02:00,2025-11-22T17:00:00Z,0.4242057142857143,0.0,0.4242057142857143,OK,OTHER_QH_IN_SAME_HOUR_INVALID
2025-11-22T17:30:00Z,2025-11-22T19:30:00+02:00,2025-11-22T17:00:00Z,1.0568457142857144,0.0,1.0568457142857144,ALPHA_OUTSIDE_SIMPLEX,ALPHA_OUTSIDE_SIMPLEX
2025-11-22T17:45:00Z,2025-11-22T19:45:00+02:00,2025-11-22T17:00:00Z,1.235542857142857,0.0,1.235542857142857,ALPHA_OUTSIDE_SIMPLEX,ALPHA_OUTSIDE_SIMPLEX
2025-11-22T23:00:00Z,2025-11-23T01:00:00+02:00,2025-11-22T23:00:00Z,0.6297828571428572,0.0,0.6297828571428572,OK,OTHER_QH_IN_SAME_HOUR_INVALID
2025-11-22T23:15:00Z,2025-11-23T01:15:00+02:00,2025-11-22T23:00:00Z,0.5173714285714286,0.0,0.5173714285714286,OK,OTHER_QH_IN_SAME_HOUR_INVALID
2025-11-22T23:30:00Z,2025-11-23T01:30:00+02:00,2025-11-22T23:00:00Z,1.1478171428571429,0.0,1.1478171428571429,ALPHA_OUTSIDE_SIMPLEX,ALPHA_OUTSIDE_SIMPLEX
2025-11-22T23:45:00Z,2025-11-23T01:45:00+02:00,2025-11-22T23:00:00Z,0.584,0.0,0.584,OK,OTHER_QH_IN_SAME_HOUR_INVALID
2025-11-23T08:00:00Z,2025-11-23T10:00:00+02:00,2025-11-23T08:00:00Z,0.9493485714285714,0.0,0.9493485714285714,OK,OTHER_QH_IN_SAME_HOUR_INVALID
2025-11-23T08:15:00Z,2025-11-23T10:15:00+02:00,2025-11-23T08:00:00Z,0.9949028571428572,0.0,0.9949028571428572,OK,OTHER_QH_IN_SAME_HOUR_INVALID
2025-11-23T08:30:00Z,2025-11-23T10:30:00+02:00,2025-11-23T08:00:00Z,0.8870857142857144,0.0,0.8870857142857144,OK,OTHER_QH_IN_SAME_HOUR_INVALID
2025-11-23T08:45:00Z,2025-11-23T10:45:00+02:00,2025-11-23T08:00:00Z,1.4989714285714286,0.0,1.4989714285714286,ALPHA_OUTSIDE_SIMPLEX,ALPHA_OUTSIDE_SIMPLEX
2025-11-23T09:00:00Z,2025-11-23T11:00:00+02:00,2025-11-23T09:00:00Z,1.3677485714285713,0.0,1.3677485714285713,ALPHA_OUTSIDE_SIMPLEX,ALPHA_OUTSIDE_SIMPLEX
2025-11-23T09:15:00Z,2025-11-23T11:15:00+02:00,2025-11-23T09:00:00Z,0.1600457142857143,0.001417142857142857,0.16146285714285716,OK,OTHER_QH_IN_SAME_HOUR_INVALID
2025-11-23T09:30:00Z,2025-11-23T11:30:00+02:00,2025-11-23T09:00:00Z,0.0,0.08112,0.08112,OK,OTHER_QH_IN_SAME_HOUR_INVALID
2025-11-23T09:45:00Z,2025-11-23T11:45:00+02:00,2025-11-23T09:00:00Z,0.0,0.23341714285714285,0.23341714285714285,OK,OTHER_QH_IN_SAME_HOUR_INVALID
2025-11-23T10:00:00Z,2025-11-23T12:00:00+02:00,2025-11-23T10:00:00Z,0.5337142857142857,0.004388571428571428,0.5381028571428571,OK,OTHER_QH_IN_SAME_HOUR_INVALID
2025-11-23T10:15:00Z,2025-11-23T12:15:00+02:00,2025-11-23T10:00:00Z,0.55616,0.0,0.55616,OK,OTHER_QH_IN_SAME_HOUR_INVALID
2025-11-23T10:30:00Z,2025-11-23T12:30:00+02:00,2025-11-23T10:00:00Z,1.0851657142857143,0.0,1.0851657142857143,ALPHA_OUTSIDE_SIMPLEX,ALPHA_OUTSIDE_SIMPLEX
2025-11-23T10:45:00Z,2025-11-23T12:45:00+02:00,2025-11-23T10:00:00Z,0.17330285714285715,0.0005485714285714285,0.17385142857142857,OK,OTHER_QH_IN_SAME_HOUR_INVALID
2025-11-24T09:00:00Z,2025-11-24T11:00:00+02:00,2025-11-24T09:00:00Z,0.0,0.33894857142857143,0.33894857142857143,OK,OTHER_QH_IN_SAME_HOUR_INVALID
2025-11-24T09:15:00Z,2025-11-24T11:15:00+02:00,2025-11-24T09:00:00Z,0.0,1.0448457142857144,1.0448457142857144,ALPHA_OUTSIDE_SIMPLEX,ALPHA_OUTSIDE_SIMPLEX
2025-11-24T09:30:00Z,2025-11-24T11:30:00+02:00,2025-11-24T09:00:00Z,0.00416,0.49195428571428573,0.49611428571428573,OK,OTHER_QH_IN_SAME_HOUR_INVALID
2025-11-24T09:45:00Z,2025-11-24T11:45:00+02:00,2025-11-24T09:00:00Z,0.0,0.5574171428571428,0.5574171428571428,OK,OTHER_QH_IN_SAME_HOUR_INVALID
2025-11-24T10:00:00Z,2025-11-24T12:00:00+02:00,2025-11-24T10:00:00Z,0.0,0.6394971428571429,0.6394971428571429,OK,OTHER_QH_IN_SAME_HOUR_INVALID
2025-11-24T10:15:00Z,2025-11-24T12:15:00+02:00,2025-11-24T10:00:00Z,0.0,0.6777371428571428,0.6777371428571428,OK,OTHER_QH_IN_SAME_HOUR_INVALID
2025-11-24T10:30:00Z,2025-11-24T12:30:00+02:00,2025-11-24T10:00:00Z,0.0,1.13936,1.13936,ALPHA_OUTSIDE_SIMPLEX,ALPHA_OUTSIDE_SIMPLEX
2025-11-24T10:45:00Z,2025-11-24T12:45:00+02:00,2025-11-24T10:00:00Z,0.0,1.06688,1.06688,ALPHA_OUTSIDE_SIMPLEX,ALPHA_OUTSIDE_SIMPLEX
2025-11-25T20:00:00Z,2025-11-25T22:00:00+02:00,2025-11-25T20:00:00Z,0.0,0.6967314285714286,0.6967314285714286,OK,OTHER_QH_IN_SAME_HOUR_INVALID
2025-11-25T20:15:00Z,2025-11-25T22:15:00+02:00,2025-11-25T20:00:00Z,0.0,1.0673828571428572,1.0673828571428572,ALPHA_OUTSIDE_SIMPLEX,ALPHA_OUTSIDE_SIMPLEX
2025-11-25T20:30:00Z,2025-11-25T22:30:00+02:00,2025-11-25T20:00:00Z,0.0,0.24178285714285713,0.24178285714285713,OK,OTHER_QH_IN_SAME_HOUR_INVALID
2025-11-25T20:45:00Z,2025-11-25T22:45:00+02:00,2025-11-25T20:00:00Z,0.00027428571428571427,0.14585142857142858,0.1461257142857143,OK,OTHER_QH_IN_SAME_HOUR_INVALID
2025-11-26T08:00:00Z,2025-11-26T10:00:00+02:00,2025-11-26T08:00:00Z,1.110217142857143,0.0,1.110217142857143,ALPHA_OUTSIDE_SIMPLEX,ALPHA_OUTSIDE_SIMPLEX
2025-11-26T08:15:00Z,2025-11-26T10:15:00+02:00,2025-11-26T08:00:00Z,0.6813028571428571,0.0,0.6813028571428571,OK,OTHER_QH_IN_SAME_HOUR_INVALID
2025-11-26T08:30:00Z,2025-11-26T10:30:00+02:00,2025-11-26T08:00:00Z,0.7146742857142857,0.0,0.7146742857142857,OK,OTHER_QH_IN_SAME_HOUR_INVALID
2025-11-26T08:45:00Z,2025-11-26T10:45:00+02:00,2025-11-26T08:00:00Z,0.08237714285714286,0.15362285714285714,0.236,OK,OTHER_QH_IN_SAME_HOUR_INVALID
2025-11-26T10:00:00Z,2025-11-26T12:00:00+02:00,2025-11-26T10:00:00Z,0.0074742857142857146,0.3101942857142857,0.3176685714285714,OK,OTHER_QH_IN_SAME_HOUR_INVALID
2025-11-26T10:15:00Z,2025-11-26T12:15:00+02:00,2025-11-26T10:00:00Z,0.19753142857142855,0.0,0.19753142857142855,OK,OTHER_QH_IN_SAME_HOUR_INVALID
2025-11-26T10:30:00Z,2025-11-26T12:30:00+02:00,2025-11-26T10:00:00Z,1.0442057142857142,0.0,1.0442057142857142,ALPHA_OUTSIDE_SIMPLEX,ALPHA_OUTSIDE_SIMPLEX
2025-11-26T10:45:00Z,2025-11-26T12:45:00+02:00,2025-11-26T10:00:00Z,1.3571657142857143,0.0,1.3571657142857143,ALPHA_OUTSIDE_SIMPLEX,ALPHA_OUTSIDE_SIMPLEX
2025-11-26T13:00:00Z,2025-11-26T15:00:00+02:00,2025-11-26T13:00:00Z,0.15753142857142857,0.005714285714285714,0.1632457142857143,OK,OTHER_QH_IN_SAME_HOUR_INVALID
2025-11-26T13:15:00Z,2025-11-26T15:15:00+02:00,2025-11-26T13:00:00Z,1.18208,0.0,1.18208,ALPHA_OUTSIDE_SIMPLEX,ALPHA_OUTSIDE_SIMPLEX
2025-11-26T13:30:00Z,2025-11-26T15:30:00+02:00,2025-11-26T13:00:00Z,1.4584685714285714,0.0,1.4584685714285714,ALPHA_OUTSIDE_SIMPLEX,ALPHA_OUTSIDE_SIMPLEX
2025-11-26T13:45:00Z,2025-11-26T15:45:00+02:00,2025-11-26T13:00:00Z,1.3287314285714285,0.0,1.3287314285714285,ALPHA_OUTSIDE_SIMPLEX,ALPHA_OUTSIDE_SIMPLEX
2025-11-26T15:00:00Z,2025-11-26T17:00:00+02:00,2025-11-26T15:00:00Z,0.0,1.9233371428571429,1.9233371428571429,ALPHA_OUTSIDE_SIMPLEX,ALPHA_OUTSIDE_SIMPLEX
2025-11-26T15:15:00Z,2025-11-26T17:15:00+02:00,2025-11-26T15:00:00Z,0.0,1.8306742857142857,1.8306742857142857,ALPHA_OUTSIDE_SIMPLEX,ALPHA_OUTSIDE_SIMPLEX
2025-11-26T15:30:00Z,2025-11-26T17:30:00+02:00,2025-11-26T15:00:00Z,0.0,0.5503542857142857,0.5503542857142857,OK,OTHER_QH_IN_SAME_HOUR_INVALID
2025-11-26T15:45:00Z,2025-11-26T17:45:00+02:00,2025-11-26T15:00:00Z,0.0,0.11711999999999999,0.11711999999999999,OK,OTHER_QH_IN_SAME_HOUR_INVALID
2025-11-28T15:00:00Z,2025-11-28T17:00:00+02:00,2025-11-28T15:00:00Z,0.896,0.0,0.896,OK,OTHER_QH_IN_SAME_HOUR_INVALID
2025-11-28T15:15:00Z,2025-11-28T17:15:00+02:00,2025-11-28T15:00:00Z,1.2197942857142856,0.0,1.2197942857142856,ALPHA_OUTSIDE_SIMPLEX,ALPHA_OUTSIDE_SIMPLEX
2025-11-28T15:30:00Z,2025-11-28T17:30:00+02:00,2025-11-28T15:00:00Z,0.13268571428571427,0.0,0.13268571428571427,OK,OTHER_QH_IN_SAME_HOUR_INVALID
2025-11-28T15:45:00Z,2025-11-28T17:45:00+02:00,2025-11-28T15:00:00Z,0.0054628571428571426,0.004114285714285714,0.009577142857142857,OK,OTHER_QH_IN_SAME_HOUR_INVALID
2025-11-28T17:00:00Z,2025-11-28T19:00:00+02:00,2025-11-28T17:00:00Z,0.0,0.5892571428571429,0.5892571428571429,OK,OTHER_QH_IN_SAME_HOUR_INVALID
2025-11-28T17:15:00Z,2025-11-28T19:15:00+02:00,2025-11-28T17:00:00Z,0.0,1.0826057142857142,1.0826057142857142,ALPHA_OUTSIDE_SIMPLEX,ALPHA_OUTSIDE_SIMPLEX
2025-11-28T17:30:00Z,2025-11-28T19:30:00+02:00,2025-11-28T17:00:00Z,0.0,1.2525028571428571,1.2525028571428571,ALPHA_OUTSIDE_SIMPLEX,ALPHA_OUTSIDE_SIMPLEX
2025-11-28T17:45:00Z,2025-11-28T19:45:00+02:00,2025-11-28T17:00:00Z,0.0,1.2098057142857144,1.2098057142857144,ALPHA_OUTSIDE_SIMPLEX,ALPHA_OUTSIDE_SIMPLEX
2025-11-28T18:00:00Z,2025-11-28T20:00:00+02:00,2025-11-28T18:00:00Z,0.0,0.7290057142857143,0.7290057142857143,OK,OTHER_QH_IN_SAME_HOUR_INVALID
2025-11-28T18:15:00Z,2025-11-28T20:15:00+02:00,2025-11-28T18:00:00Z,0.7481142857142856,0.1192,0.8673142857142856,OK,OTHER_QH_IN_SAME_HOUR_INVALID
2025-11-28T18:30:00Z,2025-11-28T20:30:00+02:00,2025-11-28T18:00:00Z,1.11776,0.0,1.11776,ALPHA_OUTSIDE_SIMPLEX,ALPHA_OUTSIDE_SIMPLEX
2025-11-28T18:45:00Z,2025-11-28T20:45:00+02:00,2025-11-28T18:00:00Z,0.06797714285714286,0.10041142857142857,0.16838857142857144,OK,OTHER_QH_IN_SAME_HOUR_INVALID
2025-11-29T04:00:00Z,2025-11-29T06:00:00+02:00,2025-11-29T04:00:00Z,0.59568,0.0,0.59568,OK,OTHER_QH_IN_SAME_HOUR_INVALID
2025-11-29T04:15:00Z,2025-11-29T06:15:00+02:00,2025-11-29T04:00:00Z,0.17197714285714286,0.6736457142857143,0.8456228571428571,OK,OTHER_QH_IN_SAME_HOUR_INVALID
2025-11-29T04:30:00Z,2025-11-29T06:30:00+02:00,2025-11-29T04:00:00Z,0.0,1.5488000000000002,1.5488000000000002,ALPHA_OUTSIDE_SIMPLEX,ALPHA_OUTSIDE_SIMPLEX
2025-11-29T04:45:00Z,2025-11-29T06:45:00+02:00,2025-11-29T04:00:00Z,0.0,0.6309714285714286,0.6309714285714286,OK,OTHER_QH_IN_SAME_HOUR_INVALID
2025-11-29T23:00:00Z,2025-11-30T01:00:00+02:00,2025-11-29T23:00:00Z,1.0781942857142857,2.2857142857142858e-05,1.0782171428571428,ALPHA_OUTSIDE_SIMPLEX,ALPHA_OUTSIDE_SIMPLEX
2025-11-29T23:15:00Z,2025-11-30T01:15:00+02:00,2025-11-29T23:00:00Z,0.9155428571428571,4.5714285714285716e-05,0.9155885714285714,OK,OTHER_QH_IN_SAME_HOUR_INVALID
2025-11-29T23:30:00Z,2025-11-30T01:30:00+02:00,2025-11-29T23:00:00Z,0.0006171428571428571,0.005394285714285714,0.006011428571428571,OK,OTHER_QH_IN_SAME_HOUR_INVALID
2025-11-29T23:45:00Z,2025-11-30T01:45:00+02:00,2025-11-29T23:00:00Z,0.0,0.08518857142857142,0.08518857142857142,OK,OTHER_QH_IN_SAME_HOUR_INVALID
2025-11-30T03:00:00Z,2025-11-30T05:00:00+02:00,2025-11-30T03:00:00Z,0.0,0.54784,0.54784,OK,OTHER_QH_IN_SAME_HOUR_INVALID
2025-11-30T03:15:00Z,2025-11-30T05:15:00+02:00,2025-11-30T03:00:00Z,0.0,0.4512,0.4512,OK,OTHER_QH_IN_SAME_HOUR_INVALID
2025-11-30T03:30:00Z,2025-11-30T05:30:00+02:00,2025-11-30T03:00:00Z,0.0,0.6605028571428571,0.6605028571428571,OK,OTHER_QH_IN_SAME_HOUR_INVALID
2025-11-30T03:45:00Z,2025-11-30T05:45:00+02:00,2025-11-30T03:00:00Z,0.0,1.1710171428571428,1.1710171428571428,ALPHA_OUTSIDE_SIMPLEX,ALPHA_OUTSIDE_SIMPLEX
2025-12-01T00:00:00Z,2025-12-01T02:00:00+02:00,2025-12-01T00:00:00Z,0.0,0.36630857142857143,0.36630857142857143,OK,OTHER_QH_IN_SAME_HOUR_INVALID
2025-12-01T00:15:00Z,2025-12-01T02:15:00+02:00,2025-12-01T00:00:00Z,0.0,1.086377142857143,1.086377142857143,ALPHA_OUTSIDE_SIMPLEX,ALPHA_OUTSIDE_SIMPLEX
2025-12-01T00:30:00Z,2025-12-01T02:30:00+02:00,2025-12-01T00:00:00Z,0.0,0.11465142857142857,0.11465142857142857,OK,OTHER_QH_IN_SAME_HOUR_INVALID
2025-12-01T00:45:00Z,2025-12-01T02:45:00+02:00,2025-12-01T00:00:00Z,0.0002514285714285714,0.07373714285714286,0.07398857142857143,OK,OTHER_QH_IN_SAME_HOUR_INVALID
2025-12-01T20:00:00Z,2025-12-01T22:00:00+02:00,2025-12-01T20:00:00Z,0.0,0.16251428571428572,0.16251428571428572,OK,OTHER_QH_IN_SAME_HOUR_INVALID
2025-12-01T20:15:00Z,2025-12-01T22:15:00+02:00,2025-12-01T20:00:00Z,0.0009828571428571427,0.13984000000000002,0.14082285714285717,OK,OTHER_QH_IN_SAME_HOUR_INVALID
2025-12-01T20:30:00Z,2025-12-01T22:30:00+02:00,2025-12-01T20:00:00Z,0.0,0.7514285714285714,0.7514285714285714,OK,OTHER_QH_IN_SAME_HOUR_INVALID
2025-12-01T20:45:00Z,2025-12-01T22:45:00+02:00,2025-12-01T20:00:00Z,0.0,1.1175542857142857,1.1175542857142857,ALPHA_OUTSIDE_SIMPLEX,ALPHA_OUTSIDE_SIMPLEX
2025-12-05T06:00:00Z,2025-12-05T08:00:00+02:00,2025-12-05T06:00:00Z,0.0,0.973622857142857,0.973622857142857,OK,OTHER_QH_IN_SAME_HOUR_INVALID
2025-12-05T06:15:00Z,2025-12-05T08:15:00+02:00,2025-12-05T06:00:00Z,0.00018285714285714286,0.1589485714285714,0.15913142857142856,OK,OTHER_QH_IN_SAME_HOUR_INVALID
2025-12-05T06:30:00Z,2025-12-05T08:30:00+02:00,2025-12-05T06:00:00Z,0.0,0.8937599999999999,0.8937599999999999,OK,OTHER_QH_IN_SAME_HOUR_INVALID
2025-12-05T06:45:00Z,2025-12-05T08:45:00+02:00,2025-12-05T06:00:00Z,0.0,1.2950171428571429,1.2950171428571429,ALPHA_OUTSIDE_SIMPLEX,ALPHA_OUTSIDE_SIMPLEX
2025-12-05T13:00:00Z,2025-12-05T15:00:00+02:00,2025-12-05T13:00:00Z,0.0,0.9205257142857144,0.9205257142857144,OK,OTHER_QH_IN_SAME_HOUR_INVALID
2025-12-05T13:15:00Z,2025-12-05T15:15:00+02:00,2025-12-05T13:00:00Z,0.0,1.283977142857143,1.283977142857143,ALPHA_OUTSIDE_SIMPLEX,ALPHA_OUTSIDE_SIMPLEX
2025-12-05T13:30:00Z,2025-12-05T15:30:00+02:00,2025-12-05T13:00:00Z,0.0,1.56992,1.56992,ALPHA_OUTSIDE_SIMPLEX,ALPHA_OUTSIDE_SIMPLEX
2025-12-05T13:45:00Z,2025-12-05T15:45:00+02:00,2025-12-05T13:00:00Z,0.0,0.9876342857142858,0.9876342857142858,OK,OTHER_QH_IN_SAME_HOUR_INVALID
2025-12-05T21:00:00Z,2025-12-05T23:00:00+02:00,2025-12-05T21:00:00Z,0.0,0.15613714285714286,0.15613714285714286,OK,OTHER_QH_IN_SAME_HOUR_INVALID
2025-12-05T21:15:00Z,2025-12-05T23:15:00+02:00,2025-12-05T21:00:00Z,0.0,0.013622857142857141,0.013622857142857141,OK,OTHER_QH_IN_SAME_HOUR_INVALID
2025-12-05T21:30:00Z,2025-12-05T23:30:00+02:00,2025-12-05T21:00:00Z,0.10354285714285714,4.5714285714285716e-05,0.10358857142857143,OK,OTHER_QH_IN_SAME_HOUR_INVALID
2025-12-05T21:45:00Z,2025-12-05T23:45:00+02:00,2025-12-05T21:00:00Z,1.450902857142857,0.0,1.450902857142857,ALPHA_OUTSIDE_SIMPLEX,ALPHA_OUTSIDE_SIMPLEX
2025-12-06T00:00:00Z,2025-12-06T02:00:00+02:00,2025-12-06T00:00:00Z,0.0,0.32925714285714286,0.32925714285714286,OK,OTHER_QH_IN_SAME_HOUR_INVALID
2025-12-06T00:15:00Z,2025-12-06T02:15:00+02:00,2025-12-06T00:00:00Z,0.0,0.6041599999999999,0.6041599999999999,OK,OTHER_QH_IN_SAME_HOUR_INVALID
2025-12-06T00:30:00Z,2025-12-06T02:30:00+02:00,2025-12-06T00:00:00Z,0.0,0.3496,0.3496,OK,OTHER_QH_IN_SAME_HOUR_INVALID
2025-12-06T00:45:00Z,2025-12-06T02:45:00+02:00,2025-12-06T00:00:00Z,,,,ALPHA_UNCOMPUTABLE,ALPHA_UNCOMPUTABLE
2025-12-07T05:00:00Z,2025-12-07T07:00:00+02:00,2025-12-07T05:00:00Z,0.0,0.6438857142857143,0.6438857142857143,OK,OTHER_QH_IN_SAME_HOUR_INVALID
2025-12-07T05:15:00Z,2025-12-07T07:15:00+02:00,2025-12-07T05:00:00Z,0.0,1.024182857142857,1.024182857142857,ALPHA_OUTSIDE_SIMPLEX,ALPHA_OUTSIDE_SIMPLEX
2025-12-07T05:30:00Z,2025-12-07T07:30:00+02:00,2025-12-07T05:00:00Z,0.0,0.19065142857142856,0.19065142857142856,OK,OTHER_QH_IN_SAME_HOUR_INVALID
2025-12-07T05:45:00Z,2025-12-07T07:45:00+02:00,2025-12-07T05:00:00Z,0.00918857142857143,0.0036342857142857145,0.012822857142857145,OK,OTHER_QH_IN_SAME_HOUR_INVALID
2025-12-07T16:00:00Z,2025-12-07T18:00:00+02:00,2025-12-07T16:00:00Z,0.015748571428571428,0.0047771428571428565,0.020525714285714286,OK,OTHER_QH_IN_SAME_HOUR_INVALID
2025-12-07T16:15:00Z,2025-12-07T18:15:00+02:00,2025-12-07T16:00:00Z,0.00064,0.05698285714285714,0.05762285714285714,OK,OTHER_QH_IN_SAME_HOUR_INVALID
2025-12-07T16:30:00Z,2025-12-07T18:30:00+02:00,2025-12-07T16:00:00Z,0.0,0.5360457142857143,0.5360457142857143,OK,OTHER_QH_IN_SAME_HOUR_INVALID
2025-12-07T16:45:00Z,2025-12-07T18:45:00+02:00,2025-12-07T16:00:00Z,0.0,1.1184457142857143,1.1184457142857143,ALPHA_OUTSIDE_SIMPLEX,ALPHA_OUTSIDE_SIMPLEX
2025-12-07T17:00:00Z,2025-12-07T19:00:00+02:00,2025-12-07T17:00:00Z,0.0,1.3955885714285714,1.3955885714285714,ALPHA_OUTSIDE_SIMPLEX,ALPHA_OUTSIDE_SIMPLEX
2025-12-07T17:15:00Z,2025-12-07T19:15:00+02:00,2025-12-07T17:00:00Z,0.0,1.1907885714285715,1.1907885714285715,ALPHA_OUTSIDE_SIMPLEX,ALPHA_OUTSIDE_SIMPLEX
2025-12-07T17:30:00Z,2025-12-07T19:30:00+02:00,2025-12-07T17:00:00Z,0.0,0.8262171428571429,0.8262171428571429,OK,OTHER_QH_IN_SAME_HOUR_INVALID
2025-12-07T17:45:00Z,2025-12-07T19:45:00+02:00,2025-12-07T17:00:00Z,0.0,0.44194285714285714,0.44194285714285714,OK,OTHER_QH_IN_SAME_HOUR_INVALID
2025-12-08T13:00:00Z,2025-12-08T15:00:00+02:00,2025-12-08T13:00:00Z,0.09513142857142858,0.0,0.09513142857142858,OK,OTHER_QH_IN_SAME_HOUR_INVALID
2025-12-08T13:15:00Z,2025-12-08T15:15:00+02:00,2025-12-08T13:00:00Z,0.16244571428571428,0.0015085714285714286,0.16395428571428572,OK,OTHER_QH_IN_SAME_HOUR_INVALID
2025-12-08T13:30:00Z,2025-12-08T15:30:00+02:00,2025-12-08T13:00:00Z,1.0540342857142857,0.0,1.0540342857142857,ALPHA_OUTSIDE_SIMPLEX,ALPHA_OUTSIDE_SIMPLEX
2025-12-08T13:45:00Z,2025-12-08T15:45:00+02:00,2025-12-08T13:00:00Z,1.3243885714285715,0.0,1.3243885714285715,ALPHA_OUTSIDE_SIMPLEX,ALPHA_OUTSIDE_SIMPLEX
2025-12-08T14:00:00Z,2025-12-08T16:00:00+02:00,2025-12-08T14:00:00Z,1.28304,0.0,1.28304,ALPHA_OUTSIDE_SIMPLEX,ALPHA_OUTSIDE_SIMPLEX
2025-12-08T14:15:00Z,2025-12-08T16:15:00+02:00,2025-12-08T14:00:00Z,1.4029714285714285,0.0,1.4029714285714285,ALPHA_OUTSIDE_SIMPLEX,ALPHA_OUTSIDE_SIMPLEX
2025-12-08T14:30:00Z,2025-12-08T16:30:00+02:00,2025-12-08T14:00:00Z,1.4450057142857142,0.0,1.4450057142857142,ALPHA_OUTSIDE_SIMPLEX,ALPHA_OUTSIDE_SIMPLEX
2025-12-08T14:45:00Z,2025-12-08T16:45:00+02:00,2025-12-08T14:00:00Z,1.3327542857142858,0.0,1.3327542857142858,ALPHA_OUTSIDE_SIMPLEX,ALPHA_OUTSIDE_SIMPLEX
2025-12-09T02:00:00Z,2025-12-09T04:00:00+02:00,2025-12-09T02:00:00Z,0.0,1.0538971428571429,1.0538971428571429,ALPHA_OUTSIDE_SIMPLEX,ALPHA_OUTSIDE_SIMPLEX
2025-12-09T02:15:00Z,2025-12-09T04:15:00+02:00,2025-12-09T02:00:00Z,0.0,1.0788114285714285,1.0788114285714285,ALPHA_OUTSIDE_SIMPLEX,ALPHA_OUTSIDE_SIMPLEX
2025-12-09T02:30:00Z,2025-12-09T04:30:00+02:00,2025-12-09T02:00:00Z,0.0,0.8981257142857143,0.8981257142857143,OK,OTHER_QH_IN_SAME_HOUR_INVALID
2025-12-09T02:45:00Z,2025-12-09T04:45:00+02:00,2025-12-09T02:00:00Z,0.0,0.8164799999999999,0.8164799999999999,OK,OTHER_QH_IN_SAME_HOUR_INVALID
2025-12-14T03:00:00Z,2025-12-14T05:00:00+02:00,2025-12-14T03:00:00Z,0.0,0.15378285714285714,0.15378285714285714,OK,OTHER_QH_IN_SAME_HOUR_INVALID
2025-12-14T03:15:00Z,2025-12-14T05:15:00+02:00,2025-12-14T03:00:00Z,0.0,0.3407314285714286,0.3407314285714286,OK,OTHER_QH_IN_SAME_HOUR_INVALID
2025-12-14T03:30:00Z,2025-12-14T05:30:00+02:00,2025-12-14T03:00:00Z,0.0,1.1630857142857143,1.1630857142857143,ALPHA_OUTSIDE_SIMPLEX,ALPHA_OUTSIDE_SIMPLEX
2025-12-14T03:45:00Z,2025-12-14T05:45:00+02:00,2025-12-14T03:00:00Z,0.0,0.9158171428571429,0.9158171428571429,OK,OTHER_QH_IN_SAME_HOUR_INVALID
2025-12-14T10:00:00Z,2025-12-14T12:00:00+02:00,2025-12-14T10:00:00Z,0.5400228571428571,0.0,0.5400228571428571,OK,OTHER_QH_IN_SAME_HOUR_INVALID
2025-12-14T10:15:00Z,2025-12-14T12:15:00+02:00,2025-12-14T10:00:00Z,0.67616,0.0,0.67616,OK,OTHER_QH_IN_SAME_HOUR_INVALID
2025-12-14T10:30:00Z,2025-12-14T12:30:00+02:00,2025-12-14T10:00:00Z,1.3113828571428572,0.0,1.3113828571428572,ALPHA_OUTSIDE_SIMPLEX,ALPHA_OUTSIDE_SIMPLEX
2025-12-14T10:45:00Z,2025-12-14T12:45:00+02:00,2025-12-14T10:00:00Z,1.3468342857142857,0.0,1.3468342857142857,ALPHA_OUTSIDE_SIMPLEX,ALPHA_OUTSIDE_SIMPLEX
2025-12-14T20:00:00Z,2025-12-14T22:00:00+02:00,2025-12-14T20:00:00Z,0.006719999999999999,0.11142857142857143,0.11814857142857144,OK,OTHER_QH_IN_SAME_HOUR_INVALID
2025-12-14T20:15:00Z,2025-12-14T22:15:00+02:00,2025-12-14T20:00:00Z,0.0,0.4352914285714286,0.4352914285714286,OK,OTHER_QH_IN_SAME_HOUR_INVALID
2025-12-14T20:30:00Z,2025-12-14T22:30:00+02:00,2025-12-14T20:00:00Z,0.0,1.0607314285714284,1.0607314285714284,ALPHA_OUTSIDE_SIMPLEX,ALPHA_OUTSIDE_SIMPLEX
2025-12-14T20:45:00Z,2025-12-14T22:45:00+02:00,2025-12-14T20:00:00Z,0.0,1.2535314285714285,1.2535314285714285,ALPHA_OUTSIDE_SIMPLEX,ALPHA_OUTSIDE_SIMPLEX
2025-12-15T06:00:00Z,2025-12-15T08:00:00+02:00,2025-12-15T06:00:00Z,0.2528914285714286,0.0,0.2528914285714286,OK,OTHER_QH_IN_SAME_HOUR_INVALID
2025-12-15T06:15:00Z,2025-12-15T08:15:00+02:00,2025-12-15T06:00:00Z,1.2216228571428571,0.0,1.2216228571428571,ALPHA_OUTSIDE_SIMPLEX,ALPHA_OUTSIDE_SIMPLEX
2025-12-15T06:30:00Z,2025-12-15T08:30:00+02:00,2025-12-15T06:00:00Z,0.7810514285714285,0.0,0.7810514285714285,OK,OTHER_QH_IN_SAME_HOUR_INVALID
2025-12-15T06:45:00Z,2025-12-15T08:45:00+02:00,2025-12-15T06:00:00Z,0.053394285714285714,0.0018057142857142857,0.0552,OK,OTHER_QH_IN_SAME_HOUR_INVALID
2025-12-15T07:00:00Z,2025-12-15T09:00:00+02:00,2025-12-15T07:00:00Z,0.5299657142857143,0.0,0.5299657142857143,OK,OTHER_QH_IN_SAME_HOUR_INVALID
2025-12-15T07:15:00Z,2025-12-15T09:15:00+02:00,2025-12-15T07:00:00Z,1.5675657142857145,0.0,1.5675657142857145,ALPHA_OUTSIDE_SIMPLEX,ALPHA_OUTSIDE_SIMPLEX
2025-12-15T07:30:00Z,2025-12-15T09:30:00+02:00,2025-12-15T07:00:00Z,0.3882285714285714,0.00018285714285714286,0.3884114285714286,OK,OTHER_QH_IN_SAME_HOUR_INVALID
2025-12-15T07:45:00Z,2025-12-15T09:45:00+02:00,2025-12-15T07:00:00Z,0.004114285714285714,0.008228571428571429,0.012342857142857143,OK,OTHER_QH_IN_SAME_HOUR_INVALID
2025-12-15T15:00:00Z,2025-12-15T17:00:00+02:00,2025-12-15T15:00:00Z,0.7219428571428571,0.0,0.7219428571428571,OK,OTHER_QH_IN_SAME_HOUR_INVALID
2025-12-15T15:15:00Z,2025-12-15T17:15:00+02:00,2025-12-15T15:00:00Z,0.5509485714285715,0.0,0.5509485714285715,OK,OTHER_QH_IN_SAME_HOUR_INVALID
2025-12-15T15:30:00Z,2025-12-15T17:30:00+02:00,2025-12-15T15:00:00Z,0.9732114285714286,0.0,0.9732114285714286,OK,OTHER_QH_IN_SAME_HOUR_INVALID
2025-12-15T15:45:00Z,2025-12-15T17:45:00+02:00,2025-12-15T15:00:00Z,1.0194285714285714,0.0,1.0194285714285714,ALPHA_OUTSIDE_SIMPLEX,ALPHA_OUTSIDE_SIMPLEX
2025-12-16T05:00:00Z,2025-12-16T07:00:00+02:00,2025-12-16T05:00:00Z,0.18957714285714286,6.857142857142857e-05,0.18964571428571428,OK,OTHER_QH_IN_SAME_HOUR_INVALID
2025-12-16T05:15:00Z,2025-12-16T07:15:00+02:00,2025-12-16T05:00:00Z,0.7376914285714286,0.0,0.7376914285714286,OK,OTHER_QH_IN_SAME_HOUR_INVALID
2025-12-16T05:30:00Z,2025-12-16T07:30:00+02:00,2025-12-16T05:00:00Z,0.97952,0.0,0.97952,OK,OTHER_QH_IN_SAME_HOUR_INVALID
2025-12-16T05:45:00Z,2025-12-16T07:45:00+02:00,2025-12-16T05:00:00Z,1.1965257142857142,0.0,1.1965257142857142,ALPHA_OUTSIDE_SIMPLEX,ALPHA_OUTSIDE_SIMPLEX
2025-12-16T06:00:00Z,2025-12-16T08:00:00+02:00,2025-12-16T06:00:00Z,1.3981942857142857,0.0,1.3981942857142857,ALPHA_OUTSIDE_SIMPLEX,ALPHA_OUTSIDE_SIMPLEX
2025-12-16T06:15:00Z,2025-12-16T08:15:00+02:00,2025-12-16T06:00:00Z,1.5848457142857144,0.0,1.5848457142857144,ALPHA_OUTSIDE_SIMPLEX,ALPHA_OUTSIDE_SIMPLEX
2025-12-16T06:30:00Z,2025-12-16T08:30:00+02:00,2025-12-16T06:00:00Z,0.6640228571428571,0.0,0.6640228571428571,OK,OTHER_QH_IN_SAME_HOUR_INVALID
2025-12-16T06:45:00Z,2025-12-16T08:45:00+02:00,2025-12-16T06:00:00Z,0.016845714285714287,0.011108571428571428,0.027954285714285716,OK,OTHER_QH_IN_SAME_HOUR_INVALID
2025-12-16T12:00:00Z,2025-12-16T14:00:00+02:00,2025-12-16T12:00:00Z,0.0018057142857142857,0.0,0.0018057142857142857,OK,OTHER_QH_IN_SAME_HOUR_INVALID
2025-12-16T12:15:00Z,2025-12-16T14:15:00+02:00,2025-12-16T12:00:00Z,0.018194285714285715,0.004297142857142857,0.022491428571428572,OK,OTHER_QH_IN_SAME_HOUR_INVALID
2025-12-16T12:30:00Z,2025-12-16T14:30:00+02:00,2025-12-16T12:00:00Z,0.14674285714285715,0.0,0.14674285714285715,OK,OTHER_QH_IN_SAME_HOUR_INVALID
2025-12-16T12:45:00Z,2025-12-16T14:45:00+02:00,2025-12-16T12:00:00Z,1.023062857142857,0.0,1.023062857142857,ALPHA_OUTSIDE_SIMPLEX,ALPHA_OUTSIDE_SIMPLEX
2025-12-16T14:00:00Z,2025-12-16T16:00:00+02:00,2025-12-16T14:00:00Z,0.37853714285714285,0.0,0.37853714285714285,OK,OTHER_QH_IN_SAME_HOUR_INVALID
2025-12-16T14:15:00Z,2025-12-16T16:15:00+02:00,2025-12-16T14:00:00Z,0.3469942857142857,0.0,0.3469942857142857,OK,OTHER_QH_IN_SAME_HOUR_INVALID
2025-12-16T14:30:00Z,2025-12-16T16:30:00+02:00,2025-12-16T14:00:00Z,0.8644114285714285,0.0,0.8644114285714285,OK,OTHER_QH_IN_SAME_HOUR_INVALID
2025-12-16T14:45:00Z,2025-12-16T16:45:00+02:00,2025-12-16T14:00:00Z,1.0108114285714285,0.0,1.0108114285714285,ALPHA_OUTSIDE_SIMPLEX,ALPHA_OUTSIDE_SIMPLEX
2025-12-17T12:00:00Z,2025-12-17T14:00:00+02:00,2025-12-17T12:00:00Z,0.47858285714285714,0.0,0.47858285714285714,OK,OTHER_QH_IN_SAME_HOUR_INVALID
2025-12-17T12:15:00Z,2025-12-17T14:15:00+02:00,2025-12-17T12:00:00Z,0.9459428571428571,0.0,0.9459428571428571,OK,OTHER_QH_IN_SAME_HOUR_INVALID
2025-12-17T12:30:00Z,2025-12-17T14:30:00+02:00,2025-12-17T12:00:00Z,1.41936,0.0,1.41936,ALPHA_OUTSIDE_SIMPLEX,ALPHA_OUTSIDE_SIMPLEX
2025-12-17T12:45:00Z,2025-12-17T14:45:00+02:00,2025-12-17T12:00:00Z,1.0844799999999999,0.0,1.0844799999999999,ALPHA_OUTSIDE_SIMPLEX,ALPHA_OUTSIDE_SIMPLEX
2025-12-18T09:00:00Z,2025-12-18T11:00:00+02:00,2025-12-18T09:00:00Z,0.0,0.21266285714285715,0.21266285714285715,OK,OTHER_QH_IN_SAME_HOUR_INVALID
2025-12-18T09:15:00Z,2025-12-18T11:15:00+02:00,2025-12-18T09:00:00Z,0.0,1.1229257142857143,1.1229257142857143,ALPHA_OUTSIDE_SIMPLEX,ALPHA_OUTSIDE_SIMPLEX
2025-12-18T09:30:00Z,2025-12-18T11:30:00+02:00,2025-12-18T09:00:00Z,0.0,0.8530514285714286,0.8530514285714286,OK,OTHER_QH_IN_SAME_HOUR_INVALID
2025-12-18T09:45:00Z,2025-12-18T11:45:00+02:00,2025-12-18T09:00:00Z,0.0,1.1099885714285713,1.1099885714285713,ALPHA_OUTSIDE_SIMPLEX,ALPHA_OUTSIDE_SIMPLEX
2025-12-18T10:00:00Z,2025-12-18T12:00:00+02:00,2025-12-18T10:00:00Z,0.0,1.4649828571428571,1.4649828571428571,ALPHA_OUTSIDE_SIMPLEX,ALPHA_OUTSIDE_SIMPLEX
2025-12-18T10:15:00Z,2025-12-18T12:15:00+02:00,2025-12-18T10:00:00Z,0.0,1.5007314285714284,1.5007314285714284,ALPHA_OUTSIDE_SIMPLEX,ALPHA_OUTSIDE_SIMPLEX
2025-12-18T10:30:00Z,2025-12-18T12:30:00+02:00,2025-12-18T10:00:00Z,0.0,0.7495085714285713,0.7495085714285713,OK,OTHER_QH_IN_SAME_HOUR_INVALID
2025-12-18T10:45:00Z,2025-12-18T12:45:00+02:00,2025-12-18T10:00:00Z,0.0,0.4981714285714286,0.4981714285714286,OK,OTHER_QH_IN_SAME_HOUR_INVALID
2025-12-19T06:00:00Z,2025-12-19T08:00:00+02:00,2025-12-19T06:00:00Z,0.0,0.6643657142857142,0.6643657142857142,OK,OTHER_QH_IN_SAME_HOUR_INVALID
2025-12-19T06:15:00Z,2025-12-19T08:15:00+02:00,2025-12-19T06:00:00Z,0.0,0.6312914285714286,0.6312914285714286,OK,OTHER_QH_IN_SAME_HOUR_INVALID
2025-12-19T06:30:00Z,2025-12-19T08:30:00+02:00,2025-12-19T06:00:00Z,0.0,0.7247085714285714,0.7247085714285714,OK,OTHER_QH_IN_SAME_HOUR_INVALID
2025-12-19T06:45:00Z,2025-12-19T08:45:00+02:00,2025-12-19T06:00:00Z,0.0,1.2031542857142856,1.2031542857142856,ALPHA_OUTSIDE_SIMPLEX,ALPHA_OUTSIDE_SIMPLEX
2025-12-19T07:00:00Z,2025-12-19T09:00:00+02:00,2025-12-19T07:00:00Z,0.0,0.9928228571428571,0.9928228571428571,OK,OTHER_QH_IN_SAME_HOUR_INVALID
2025-12-19T07:15:00Z,2025-12-19T09:15:00+02:00,2025-12-19T07:00:00Z,0.0,1.51952,1.51952,ALPHA_OUTSIDE_SIMPLEX,ALPHA_OUTSIDE_SIMPLEX
2025-12-19T07:30:00Z,2025-12-19T09:30:00+02:00,2025-12-19T07:00:00Z,0.0,1.3738971428571427,1.3738971428571427,ALPHA_OUTSIDE_SIMPLEX,ALPHA_OUTSIDE_SIMPLEX
2025-12-19T07:45:00Z,2025-12-19T09:45:00+02:00,2025-12-19T07:00:00Z,0.0,1.8380342857142857,1.8380342857142857,ALPHA_OUTSIDE_SIMPLEX,ALPHA_OUTSIDE_SIMPLEX
2025-12-19T08:00:00Z,2025-12-19T10:00:00+02:00,2025-12-19T08:00:00Z,0.0,0.96304,0.96304,OK,OTHER_QH_IN_SAME_HOUR_INVALID
2025-12-19T08:15:00Z,2025-12-19T10:15:00+02:00,2025-12-19T08:00:00Z,0.0,1.0004342857142856,1.0004342857142856,ALPHA_OUTSIDE_SIMPLEX,ALPHA_OUTSIDE_SIMPLEX
2025-12-19T08:30:00Z,2025-12-19T10:30:00+02:00,2025-12-19T08:00:00Z,0.0,1.3943542857142857,1.3943542857142857,ALPHA_OUTSIDE_SIMPLEX,ALPHA_OUTSIDE_SIMPLEX
2025-12-19T08:45:00Z,2025-12-19T10:45:00+02:00,2025-12-19T08:00:00Z,0.0,1.2453485714285715,1.2453485714285715,ALPHA_OUTSIDE_SIMPLEX,ALPHA_OUTSIDE_SIMPLEX
2025-12-20T03:00:00Z,2025-12-20T05:00:00+02:00,2025-12-20T03:00:00Z,0.44909714285714286,0.0,0.44909714285714286,OK,OTHER_QH_IN_SAME_HOUR_INVALID
2025-12-20T03:15:00Z,2025-12-20T05:15:00+02:00,2025-12-20T03:00:00Z,0.3714514285714286,0.0,0.3714514285714286,OK,OTHER_QH_IN_SAME_HOUR_INVALID
2025-12-20T03:30:00Z,2025-12-20T05:30:00+02:00,2025-12-20T03:00:00Z,0.8386742857142857,0.0,0.8386742857142857,OK,OTHER_QH_IN_SAME_HOUR_INVALID
2025-12-20T03:45:00Z,2025-12-20T05:45:00+02:00,2025-12-20T03:00:00Z,1.17168,0.0,1.17168,ALPHA_OUTSIDE_SIMPLEX,ALPHA_OUTSIDE_SIMPLEX
2025-12-20T08:00:00Z,2025-12-20T10:00:00+02:00,2025-12-20T08:00:00Z,0.8122057142857143,0.0,0.8122057142857143,OK,OTHER_QH_IN_SAME_HOUR_INVALID
2025-12-20T08:15:00Z,2025-12-20T10:15:00+02:00,2025-12-20T08:00:00Z,0.63008,0.0,0.63008,OK,OTHER_QH_IN_SAME_HOUR_INVALID
2025-12-20T08:30:00Z,2025-12-20T10:30:00+02:00,2025-12-20T08:00:00Z,1.137462857142857,0.0,1.137462857142857,ALPHA_OUTSIDE_SIMPLEX,ALPHA_OUTSIDE_SIMPLEX
2025-12-20T08:45:00Z,2025-12-20T10:45:00+02:00,2025-12-20T08:00:00Z,0.4407771428571428,0.0,0.4407771428571428,OK,OTHER_QH_IN_SAME_HOUR_INVALID
2025-12-22T05:00:00Z,2025-12-22T07:00:00+02:00,2025-12-22T05:00:00Z,0.0,0.3719542857142857,0.3719542857142857,OK,OTHER_QH_IN_SAME_HOUR_INVALID
2025-12-22T05:15:00Z,2025-12-22T07:15:00+02:00,2025-12-22T05:00:00Z,0.0,0.17574857142857142,0.17574857142857142,OK,OTHER_QH_IN_SAME_HOUR_INVALID
2025-12-22T05:30:00Z,2025-12-22T07:30:00+02:00,2025-12-22T05:00:00Z,0.0,1.0422628571428572,1.0422628571428572,ALPHA_OUTSIDE_SIMPLEX,ALPHA_OUTSIDE_SIMPLEX
2025-12-22T05:45:00Z,2025-12-22T07:45:00+02:00,2025-12-22T05:00:00Z,0.0,0.7854857142857143,0.7854857142857143,OK,OTHER_QH_IN_SAME_HOUR_INVALID
2025-12-22T07:00:00Z,2025-12-22T09:00:00+02:00,2025-12-22T07:00:00Z,0.8028114285714285,0.0,0.8028114285714285,OK,OTHER_QH_IN_SAME_HOUR_INVALID
2025-12-22T07:15:00Z,2025-12-22T09:15:00+02:00,2025-12-22T07:00:00Z,1.20544,0.0,1.20544,ALPHA_OUTSIDE_SIMPLEX,ALPHA_OUTSIDE_SIMPLEX
2025-12-22T07:30:00Z,2025-12-22T09:30:00+02:00,2025-12-22T07:00:00Z,1.5158399999999999,0.0,1.5158399999999999,ALPHA_OUTSIDE_SIMPLEX,ALPHA_OUTSIDE_SIMPLEX
2025-12-22T07:45:00Z,2025-12-22T09:45:00+02:00,2025-12-22T07:00:00Z,0.6958628571428571,4.5714285714285716e-05,0.6959085714285714,OK,OTHER_QH_IN_SAME_HOUR_INVALID
2025-12-22T08:00:00Z,2025-12-22T10:00:00+02:00,2025-12-22T08:00:00Z,0.45878857142857143,0.0,0.45878857142857143,OK,OTHER_QH_IN_SAME_HOUR_INVALID
2025-12-22T08:15:00Z,2025-12-22T10:15:00+02:00,2025-12-22T08:00:00Z,0.7384685714285715,0.0,0.7384685714285715,OK,OTHER_QH_IN_SAME_HOUR_INVALID
2025-12-22T08:30:00Z,2025-12-22T10:30:00+02:00,2025-12-22T08:00:00Z,1.53488,0.0,1.53488,ALPHA_OUTSIDE_SIMPLEX,ALPHA_OUTSIDE_SIMPLEX
2025-12-22T08:45:00Z,2025-12-22T10:45:00+02:00,2025-12-22T08:00:00Z,1.5788342857142856,0.0,1.5788342857142856,ALPHA_OUTSIDE_SIMPLEX,ALPHA_OUTSIDE_SIMPLEX
2025-12-22T09:00:00Z,2025-12-22T11:00:00+02:00,2025-12-22T09:00:00Z,1.5192914285714285,0.0,1.5192914285714285,ALPHA_OUTSIDE_SIMPLEX,ALPHA_OUTSIDE_SIMPLEX
2025-12-22T09:15:00Z,2025-12-22T11:15:00+02:00,2025-12-22T09:00:00Z,1.32704,0.0,1.32704,ALPHA_OUTSIDE_SIMPLEX,ALPHA_OUTSIDE_SIMPLEX
2025-12-22T09:30:00Z,2025-12-22T11:30:00+02:00,2025-12-22T09:00:00Z,0.059794285714285716,0.0,0.059794285714285716,OK,OTHER_QH_IN_SAME_HOUR_INVALID
2025-12-22T09:45:00Z,2025-12-22T11:45:00+02:00,2025-12-22T09:00:00Z,0.002125714285714286,0.002902857142857143,0.005028571428571429,OK,OTHER_QH_IN_SAME_HOUR_INVALID
2025-12-23T07:00:00Z,2025-12-23T09:00:00+02:00,2025-12-23T07:00:00Z,0.2929142857142857,0.0,0.2929142857142857,OK,OTHER_QH_IN_SAME_HOUR_INVALID
2025-12-23T07:15:00Z,2025-12-23T09:15:00+02:00,2025-12-23T07:00:00Z,0.6477714285714286,0.0,0.6477714285714286,OK,OTHER_QH_IN_SAME_HOUR_INVALID
2025-12-23T07:30:00Z,2025-12-23T09:30:00+02:00,2025-12-23T07:00:00Z,0.8583085714285714,0.0,0.8583085714285714,OK,OTHER_QH_IN_SAME_HOUR_INVALID
2025-12-23T07:45:00Z,2025-12-23T09:45:00+02:00,2025-12-23T07:00:00Z,1.2096,0.0,1.2096,ALPHA_OUTSIDE_SIMPLEX,ALPHA_OUTSIDE_SIMPLEX
2025-12-23T08:00:00Z,2025-12-23T10:00:00+02:00,2025-12-23T08:00:00Z,1.4133714285714285,0.0,1.4133714285714285,ALPHA_OUTSIDE_SIMPLEX,ALPHA_OUTSIDE_SIMPLEX
2025-12-23T08:15:00Z,2025-12-23T10:15:00+02:00,2025-12-23T08:00:00Z,0.6267657142857143,0.0,0.6267657142857143,OK,OTHER_QH_IN_SAME_HOUR_INVALID
2025-12-23T08:30:00Z,2025-12-23T10:30:00+02:00,2025-12-23T08:00:00Z,0.6386971428571429,0.0,0.6386971428571429,OK,OTHER_QH_IN_SAME_HOUR_INVALID
2025-12-23T08:45:00Z,2025-12-23T10:45:00+02:00,2025-12-23T08:00:00Z,1.1429028571428572,0.0,1.1429028571428572,ALPHA_OUTSIDE_SIMPLEX,ALPHA_OUTSIDE_SIMPLEX
2025-12-23T09:00:00Z,2025-12-23T11:00:00+02:00,2025-12-23T09:00:00Z,1.4949485714285713,0.0,1.4949485714285713,ALPHA_OUTSIDE_SIMPLEX,ALPHA_OUTSIDE_SIMPLEX
2025-12-23T09:15:00Z,2025-12-23T11:15:00+02:00,2025-12-23T09:00:00Z,1.6229942857142856,0.0,1.6229942857142856,ALPHA_OUTSIDE_SIMPLEX,ALPHA_OUTSIDE_SIMPLEX
2025-12-23T09:30:00Z,2025-12-23T11:30:00+02:00,2025-12-23T09:00:00Z,0.33650285714285716,0.0002057142857142857,0.33670857142857147,OK,OTHER_QH_IN_SAME_HOUR_INVALID
2025-12-23T09:45:00Z,2025-12-23T11:45:00+02:00,2025-12-23T09:00:00Z,0.052365714285714286,0.0,0.052365714285714286,OK,OTHER_QH_IN_SAME_HOUR_INVALID
2025-12-23T10:00:00Z,2025-12-23T12:00:00+02:00,2025-12-23T10:00:00Z,1.7705142857142855,0.0,1.7705142857142855,ALPHA_OUTSIDE_SIMPLEX,ALPHA_OUTSIDE_SIMPLEX
2025-12-23T10:15:00Z,2025-12-23T12:15:00+02:00,2025-12-23T10:00:00Z,0.9406628571428572,0.0,0.9406628571428572,OK,OTHER_QH_IN_SAME_HOUR_INVALID
2025-12-23T10:30:00Z,2025-12-23T12:30:00+02:00,2025-12-23T10:00:00Z,0.2470857142857143,0.0,0.2470857142857143,OK,OTHER_QH_IN_SAME_HOUR_INVALID
2025-12-23T10:45:00Z,2025-12-23T12:45:00+02:00,2025-12-23T10:00:00Z,0.5184914285714286,0.0,0.5184914285714286,OK,OTHER_QH_IN_SAME_HOUR_INVALID
2025-12-23T15:00:00Z,2025-12-23T17:00:00+02:00,2025-12-23T15:00:00Z,0.8444342857142858,0.0,0.8444342857142858,OK,OTHER_QH_IN_SAME_HOUR_INVALID
2025-12-23T15:15:00Z,2025-12-23T17:15:00+02:00,2025-12-23T15:00:00Z,1.0077485714285714,0.0,1.0077485714285714,ALPHA_OUTSIDE_SIMPLEX,ALPHA_OUTSIDE_SIMPLEX
2025-12-23T15:30:00Z,2025-12-23T17:30:00+02:00,2025-12-23T15:00:00Z,0.15529142857142855,0.00032,0.15561142857142854,OK,OTHER_QH_IN_SAME_HOUR_INVALID
2025-12-23T15:45:00Z,2025-12-23T17:45:00+02:00,2025-12-23T15:00:00Z,0.005897142857142857,0.0017828571428571429,0.007679999999999999,OK,OTHER_QH_IN_SAME_HOUR_INVALID
2025-12-24T05:00:00Z,2025-12-24T07:00:00+02:00,2025-12-24T05:00:00Z,0.0,0.29641142857142855,0.29641142857142855,OK,OTHER_QH_IN_SAME_HOUR_INVALID
2025-12-24T05:15:00Z,2025-12-24T07:15:00+02:00,2025-12-24T05:00:00Z,0.0,0.5824685714285714,0.5824685714285714,OK,OTHER_QH_IN_SAME_HOUR_INVALID
2025-12-24T05:30:00Z,2025-12-24T07:30:00+02:00,2025-12-24T05:00:00Z,0.0,1.0025600000000001,1.0025600000000001,ALPHA_OUTSIDE_SIMPLEX,ALPHA_OUTSIDE_SIMPLEX
2025-12-24T05:45:00Z,2025-12-24T07:45:00+02:00,2025-12-24T05:00:00Z,0.0,0.8411885714285714,0.8411885714285714,OK,OTHER_QH_IN_SAME_HOUR_INVALID
2025-12-24T08:00:00Z,2025-12-24T10:00:00+02:00,2025-12-24T08:00:00Z,1.3346971428571428,0.0,1.3346971428571428,ALPHA_OUTSIDE_SIMPLEX,ALPHA_OUTSIDE_SIMPLEX
2025-12-24T08:15:00Z,2025-12-24T10:15:00+02:00,2025-12-24T08:00:00Z,1.4052571428571428,0.0,1.4052571428571428,ALPHA_OUTSIDE_SIMPLEX,ALPHA_OUTSIDE_SIMPLEX
2025-12-24T08:30:00Z,2025-12-24T10:30:00+02:00,2025-12-24T08:00:00Z,0.24050285714285716,0.0,0.24050285714285716,OK,OTHER_QH_IN_SAME_HOUR_INVALID
2025-12-24T08:45:00Z,2025-12-24T10:45:00+02:00,2025-12-24T08:00:00Z,0.1288,0.004182857142857143,0.13298285714285715,OK,OTHER_QH_IN_SAME_HOUR_INVALID
2025-12-24T13:00:00Z,2025-12-24T15:00:00+02:00,2025-12-24T13:00:00Z,0.29609142857142856,0.0,0.29609142857142856,OK,OTHER_QH_IN_SAME_HOUR_INVALID
2025-12-24T13:15:00Z,2025-12-24T15:15:00+02:00,2025-12-24T13:00:00Z,0.6404114285714286,0.0,0.6404114285714286,OK,OTHER_QH_IN_SAME_HOUR_INVALID
2025-12-24T13:30:00Z,2025-12-24T15:30:00+02:00,2025-12-24T13:00:00Z,0.9034057142857143,0.0,0.9034057142857143,OK,OTHER_QH_IN_SAME_HOUR_INVALID
2025-12-24T13:45:00Z,2025-12-24T15:45:00+02:00,2025-12-24T13:00:00Z,1.3563885714285715,0.0,1.3563885714285715,ALPHA_OUTSIDE_SIMPLEX,ALPHA_OUTSIDE_SIMPLEX
2025-12-24T14:00:00Z,2025-12-24T16:00:00+02:00,2025-12-24T14:00:00Z,0.13131428571428572,0.0,0.13131428571428572,OK,OTHER_QH_IN_SAME_HOUR_INVALID
2025-12-24T14:15:00Z,2025-12-24T16:15:00+02:00,2025-12-24T14:00:00Z,0.3499885714285714,0.0,0.3499885714285714,OK,OTHER_QH_IN_SAME_HOUR_INVALID
2025-12-24T14:30:00Z,2025-12-24T16:30:00+02:00,2025-12-24T14:00:00Z,0.29682285714285717,0.0,0.29682285714285717,OK,OTHER_QH_IN_SAME_HOUR_INVALID
2025-12-24T14:45:00Z,2025-12-24T16:45:00+02:00,2025-12-24T14:00:00Z,1.0438857142857143,0.0,1.0438857142857143,ALPHA_OUTSIDE_SIMPLEX,ALPHA_OUTSIDE_SIMPLEX
2025-12-25T04:00:00Z,2025-12-25T06:00:00+02:00,2025-12-25T04:00:00Z,0.5701942857142858,0.0,0.5701942857142858,OK,OTHER_QH_IN_SAME_HOUR_INVALID
2025-12-25T04:15:00Z,2025-12-25T06:15:00+02:00,2025-12-25T04:00:00Z,0.65968,0.0,0.65968,OK,OTHER_QH_IN_SAME_HOUR_INVALID
2025-12-25T04:30:00Z,2025-12-25T06:30:00+02:00,2025-12-25T04:00:00Z,1.0844342857142857,0.0,1.0844342857142857,ALPHA_OUTSIDE_SIMPLEX,ALPHA_OUTSIDE_SIMPLEX
2025-12-25T04:45:00Z,2025-12-25T06:45:00+02:00,2025-12-25T04:00:00Z,0.8476571428571429,0.0,0.8476571428571429,OK,OTHER_QH_IN_SAME_HOUR_INVALID
2025-12-25T13:00:00Z,2025-12-25T15:00:00+02:00,2025-12-25T13:00:00Z,0.6018742857142857,0.0,0.6018742857142857,OK,OTHER_QH_IN_SAME_HOUR_INVALID
2025-12-25T13:15:00Z,2025-12-25T15:15:00+02:00,2025-12-25T13:00:00Z,1.2690057142857143,0.0,1.2690057142857143,ALPHA_OUTSIDE_SIMPLEX,ALPHA_OUTSIDE_SIMPLEX
2025-12-25T13:30:00Z,2025-12-25T15:30:00+02:00,2025-12-25T13:00:00Z,0.7114285714285714,0.0,0.7114285714285714,OK,OTHER_QH_IN_SAME_HOUR_INVALID
2025-12-25T13:45:00Z,2025-12-25T15:45:00+02:00,2025-12-25T13:00:00Z,0.85392,0.0,0.85392,OK,OTHER_QH_IN_SAME_HOUR_INVALID
2025-12-25T14:00:00Z,2025-12-25T16:00:00+02:00,2025-12-25T14:00:00Z,0.6307428571428572,0.0,0.6307428571428572,OK,OTHER_QH_IN_SAME_HOUR_INVALID
2025-12-25T14:15:00Z,2025-12-25T16:15:00+02:00,2025-12-25T14:00:00Z,1.1346057142857144,0.0,1.1346057142857144,ALPHA_OUTSIDE_SIMPLEX,ALPHA_OUTSIDE_SIMPLEX
2025-12-25T14:30:00Z,2025-12-25T16:30:00+02:00,2025-12-25T14:00:00Z,0.37030857142857143,0.0,0.37030857142857143,OK,OTHER_QH_IN_SAME_HOUR_INVALID
2025-12-25T14:45:00Z,2025-12-25T16:45:00+02:00,2025-12-25T14:00:00Z,0.2519085714285714,0.0,0.2519085714285714,OK,OTHER_QH_IN_SAME_HOUR_INVALID
2025-12-26T03:00:00Z,2025-12-26T05:00:00+02:00,2025-12-26T03:00:00Z,0.00048,0.017965714285714286,0.018445714285714288,OK,OTHER_QH_IN_SAME_HOUR_INVALID
2025-12-26T03:15:00Z,2025-12-26T05:15:00+02:00,2025-12-26T03:00:00Z,0.0005942857142857143,0.002628571428571429,0.003222857142857143,OK,OTHER_QH_IN_SAME_HOUR_INVALID
2025-12-26T03:30:00Z,2025-12-26T05:30:00+02:00,2025-12-26T03:00:00Z,0.07830857142857144,0.0004114285714285714,0.07872000000000001,OK,OTHER_QH_IN_SAME_HOUR_INVALID
2025-12-26T03:45:00Z,2025-12-26T05:45:00+02:00,2025-12-26T03:00:00Z,1.2000685714285715,0.0,1.2000685714285715,ALPHA_OUTSIDE_SIMPLEX,ALPHA_OUTSIDE_SIMPLEX
2025-12-26T04:00:00Z,2025-12-26T06:00:00+02:00,2025-12-26T04:00:00Z,1.5648914285714286,0.0,1.5648914285714286,ALPHA_OUTSIDE_SIMPLEX,ALPHA_OUTSIDE_SIMPLEX
2025-12-26T04:15:00Z,2025-12-26T06:15:00+02:00,2025-12-26T04:00:00Z,0.47707428571428573,0.0072,0.4842742857142857,OK,OTHER_QH_IN_SAME_HOUR_INVALID
2025-12-26T04:30:00Z,2025-12-26T06:30:00+02:00,2025-12-26T04:00:00Z,0.0003885714285714286,0.19661714285714285,0.19700571428571428,OK,OTHER_QH_IN_SAME_HOUR_INVALID
2025-12-26T04:45:00Z,2025-12-26T06:45:00+02:00,2025-12-26T04:00:00Z,0.06621714285714285,0.010765714285714285,0.07698285714285713,OK,OTHER_QH_IN_SAME_HOUR_INVALID
2025-12-26T08:00:00Z,2025-12-26T10:00:00+02:00,2025-12-26T08:00:00Z,1.4627885714285713,0.0,1.4627885714285713,ALPHA_OUTSIDE_SIMPLEX,ALPHA_OUTSIDE_SIMPLEX
2025-12-26T08:15:00Z,2025-12-26T10:15:00+02:00,2025-12-26T08:00:00Z,0.5152685714285714,0.0,0.5152685714285714,OK,OTHER_QH_IN_SAME_HOUR_INVALID
2025-12-26T08:30:00Z,2025-12-26T10:30:00+02:00,2025-12-26T08:00:00Z,0.05227428571428571,0.0002057142857142857,0.05248,OK,OTHER_QH_IN_SAME_HOUR_INVALID
2025-12-26T08:45:00Z,2025-12-26T10:45:00+02:00,2025-12-26T08:00:00Z,0.0007542857142857143,0.0036114285714285714,0.004365714285714285,OK,OTHER_QH_IN_SAME_HOUR_INVALID
2025-12-27T12:00:00Z,2025-12-27T14:00:00+02:00,2025-12-27T12:00:00Z,0.0,1.42336,1.42336,ALPHA_OUTSIDE_SIMPLEX,ALPHA_OUTSIDE_SIMPLEX
2025-12-27T12:15:00Z,2025-12-27T14:15:00+02:00,2025-12-27T12:00:00Z,0.0,0.5274057142857144,0.5274057142857144,OK,OTHER_QH_IN_SAME_HOUR_INVALID
2025-12-27T12:30:00Z,2025-12-27T14:30:00+02:00,2025-12-27T12:00:00Z,0.0,0.10859428571428573,0.10859428571428573,OK,OTHER_QH_IN_SAME_HOUR_INVALID
2025-12-27T12:45:00Z,2025-12-27T14:45:00+02:00,2025-12-27T12:00:00Z,0.02073142857142857,0.04994285714285714,0.07067428571428572,OK,OTHER_QH_IN_SAME_HOUR_INVALID
2025-12-28T05:00:00Z,2025-12-28T07:00:00+02:00,2025-12-28T05:00:00Z,0.70736,0.0,0.70736,OK,OTHER_QH_IN_SAME_HOUR_INVALID
2025-12-28T05:15:00Z,2025-12-28T07:15:00+02:00,2025-12-28T05:00:00Z,1.3937828571428572,0.0,1.3937828571428572,ALPHA_OUTSIDE_SIMPLEX,ALPHA_OUTSIDE_SIMPLEX
2025-12-28T05:30:00Z,2025-12-28T07:30:00+02:00,2025-12-28T05:00:00Z,1.5222857142857142,0.0,1.5222857142857142,ALPHA_OUTSIDE_SIMPLEX,ALPHA_OUTSIDE_SIMPLEX
2025-12-28T05:45:00Z,2025-12-28T07:45:00+02:00,2025-12-28T05:00:00Z,0.3045942857142857,0.0003885714285714286,0.3049828571428571,OK,OTHER_QH_IN_SAME_HOUR_INVALID
2025-12-28T13:00:00Z,2025-12-28T15:00:00+02:00,2025-12-28T13:00:00Z,0.0,1.0112914285714285,1.0112914285714285,ALPHA_OUTSIDE_SIMPLEX,ALPHA_OUTSIDE_SIMPLEX
2025-12-28T13:15:00Z,2025-12-28T15:15:00+02:00,2025-12-28T13:00:00Z,0.0,0.62256,0.62256,OK,OTHER_QH_IN_SAME_HOUR_INVALID
2025-12-28T13:30:00Z,2025-12-28T15:30:00+02:00,2025-12-28T13:00:00Z,0.0,0.14955428571428572,0.14955428571428572,OK,OTHER_QH_IN_SAME_HOUR_INVALID
2025-12-28T13:45:00Z,2025-12-28T15:45:00+02:00,2025-12-28T13:00:00Z,0.001142857142857143,0.0013714285714285714,0.0025142857142857146,OK,OTHER_QH_IN_SAME_HOUR_INVALID
2025-12-28T14:00:00Z,2025-12-28T16:00:00+02:00,2025-12-28T14:00:00Z,0.0044571428571428574,0.15945142857142858,0.16390857142857143,OK,OTHER_QH_IN_SAME_HOUR_INVALID
2025-12-28T14:15:00Z,2025-12-28T16:15:00+02:00,2025-12-28T14:00:00Z,0.31309714285714285,0.0,0.31309714285714285,OK,OTHER_QH_IN_SAME_HOUR_INVALID
2025-12-28T14:30:00Z,2025-12-28T16:30:00+02:00,2025-12-28T14:00:00Z,0.9093485714285714,0.0,0.9093485714285714,OK,OTHER_QH_IN_SAME_HOUR_INVALID
2025-12-28T14:45:00Z,2025-12-28T16:45:00+02:00,2025-12-28T14:00:00Z,1.0565485714285714,0.0,1.0565485714285714,ALPHA_OUTSIDE_SIMPLEX,ALPHA_OUTSIDE_SIMPLEX
2025-12-29T12:00:00Z,2025-12-29T14:00:00+02:00,2025-12-29T12:00:00Z,0.0,1.120022857142857,1.120022857142857,ALPHA_OUTSIDE_SIMPLEX,ALPHA_OUTSIDE_SIMPLEX
2025-12-29T12:15:00Z,2025-12-29T14:15:00+02:00,2025-12-29T12:00:00Z,0.0,0.27540571428571425,0.27540571428571425,OK,OTHER_QH_IN_SAME_HOUR_INVALID
2025-12-29T12:30:00Z,2025-12-29T14:30:00+02:00,2025-12-29T12:00:00Z,0.012525714285714286,0.0010285714285714286,0.013554285714285715,OK,OTHER_QH_IN_SAME_HOUR_INVALID
2025-12-29T12:45:00Z,2025-12-29T14:45:00+02:00,2025-12-29T12:00:00Z,0.013348571428571428,0.004365714285714286,0.017714285714285714,OK,OTHER_QH_IN_SAME_HOUR_INVALID
2025-12-29T18:00:00Z,2025-12-29T20:00:00+02:00,2025-12-29T18:00:00Z,0.45924571428571426,0.0,0.45924571428571426,OK,OTHER_QH_IN_SAME_HOUR_INVALID
2025-12-29T18:15:00Z,2025-12-29T20:15:00+02:00,2025-12-29T18:00:00Z,1.2430171428571428,0.0,1.2430171428571428,ALPHA_OUTSIDE_SIMPLEX,ALPHA_OUTSIDE_SIMPLEX
2025-12-29T18:30:00Z,2025-12-29T20:30:00+02:00,2025-12-29T18:00:00Z,1.0492114285714285,0.0,1.0492114285714285,ALPHA_OUTSIDE_SIMPLEX,ALPHA_OUTSIDE_SIMPLEX
2025-12-29T18:45:00Z,2025-12-29T20:45:00+02:00,2025-12-29T18:00:00Z,0.2994514285714286,0.006171428571428572,0.30562285714285714,OK,OTHER_QH_IN_SAME_HOUR_INVALID
2025-12-30T13:00:00Z,2025-12-30T15:00:00+02:00,2025-12-30T13:00:00Z,0.0,0.18509714285714288,0.18509714285714288,OK,OTHER_QH_IN_SAME_HOUR_INVALID
2025-12-30T13:15:00Z,2025-12-30T15:15:00+02:00,2025-12-30T13:00:00Z,0.13314285714285715,0.05046857142857143,0.1836114285714286,OK,OTHER_QH_IN_SAME_HOUR_INVALID
2025-12-30T13:30:00Z,2025-12-30T15:30:00+02:00,2025-12-30T13:00:00Z,0.8375542857142857,0.0,0.8375542857142857,OK,OTHER_QH_IN_SAME_HOUR_INVALID
2025-12-30T13:45:00Z,2025-12-30T15:45:00+02:00,2025-12-30T13:00:00Z,1.4379657142857143,0.0,1.4379657142857143,ALPHA_OUTSIDE_SIMPLEX,ALPHA_OUTSIDE_SIMPLEX
2025-12-30T14:00:00Z,2025-12-30T16:00:00+02:00,2025-12-30T14:00:00Z,0.8069485714285715,0.0,0.8069485714285715,OK,OTHER_QH_IN_SAME_HOUR_INVALID
2025-12-30T14:15:00Z,2025-12-30T16:15:00+02:00,2025-12-30T14:00:00Z,1.4532800000000001,0.0,1.4532800000000001,ALPHA_OUTSIDE_SIMPLEX,ALPHA_OUTSIDE_SIMPLEX
2025-12-30T14:30:00Z,2025-12-30T16:30:00+02:00,2025-12-30T14:00:00Z,1.4359771428571428,0.0,1.4359771428571428,ALPHA_OUTSIDE_SIMPLEX,ALPHA_OUTSIDE_SIMPLEX
2025-12-30T14:45:00Z,2025-12-30T16:45:00+02:00,2025-12-30T14:00:00Z,1.2026514285714285,0.0,1.2026514285714285,ALPHA_OUTSIDE_SIMPLEX,ALPHA_OUTSIDE_SIMPLEX
2025-12-30T15:00:00Z,2025-12-30T17:00:00+02:00,2025-12-30T15:00:00Z,0.7016457142857143,0.0,0.7016457142857143,OK,OTHER_QH_IN_SAME_HOUR_INVALID
2025-12-30T15:15:00Z,2025-12-30T17:15:00+02:00,2025-12-30T15:00:00Z,0.4400914285714286,0.0,0.4400914285714286,OK,OTHER_QH_IN_SAME_HOUR_INVALID
2025-12-30T15:30:00Z,2025-12-30T17:30:00+02:00,2025-12-30T15:00:00Z,1.3709257142857143,0.0,1.3709257142857143,ALPHA_OUTSIDE_SIMPLEX,ALPHA_OUTSIDE_SIMPLEX
2025-12-30T15:45:00Z,2025-12-30T17:45:00+02:00,2025-12-30T15:00:00Z,0.868,0.0,0.868,OK,OTHER_QH_IN_SAME_HOUR_INVALID
2025-12-30T17:00:00Z,2025-12-30T19:00:00+02:00,2025-12-30T17:00:00Z,0.9911314285714287,0.0,0.9911314285714287,OK,OTHER_QH_IN_SAME_HOUR_INVALID
2025-12-30T17:15:00Z,2025-12-30T19:15:00+02:00,2025-12-30T17:00:00Z,1.4647085714285715,0.0,1.4647085714285715,ALPHA_OUTSIDE_SIMPLEX,ALPHA_OUTSIDE_SIMPLEX
2025-12-30T17:30:00Z,2025-12-30T19:30:00+02:00,2025-12-30T17:00:00Z,0.4809142857142857,0.0,0.4809142857142857,OK,OTHER_QH_IN_SAME_HOUR_INVALID
2025-12-30T17:45:00Z,2025-12-30T19:45:00+02:00,2025-12-30T17:00:00Z,0.6301257142857143,0.0,0.6301257142857143,OK,OTHER_QH_IN_SAME_HOUR_INVALID
2025-12-31T14:00:00Z,2025-12-31T16:00:00+02:00,2025-12-31T14:00:00Z,0.0,0.15810285714285713,0.15810285714285713,OK,OTHER_QH_IN_SAME_HOUR_INVALID
2025-12-31T14:15:00Z,2025-12-31T16:15:00+02:00,2025-12-31T14:00:00Z,0.35901714285714287,0.00016,0.35917714285714286,OK,OTHER_QH_IN_SAME_HOUR_INVALID
2025-12-31T14:30:00Z,2025-12-31T16:30:00+02:00,2025-12-31T14:00:00Z,0.8695771428571428,0.0,0.8695771428571428,OK,OTHER_QH_IN_SAME_HOUR_INVALID
2025-12-31T14:45:00Z,2025-12-31T16:45:00+02:00,2025-12-31T14:00:00Z,1.1661942857142857,0.0,1.1661942857142857,ALPHA_OUTSIDE_SIMPLEX,ALPHA_OUTSIDE_SIMPLEX
2025-12-31T17:00:00Z,2025-12-31T19:00:00+02:00,2025-12-31T17:00:00Z,0.023245714285714283,0.009462857142857143,0.03270857142857143,OK,OTHER_QH_IN_SAME_HOUR_INVALID
2025-12-31T17:15:00Z,2025-12-31T19:15:00+02:00,2025-12-31T17:00:00Z,0.010994285714285713,0.004365714285714286,0.015359999999999999,OK,OTHER_QH_IN_SAME_HOUR_INVALID
2025-12-31T17:30:00Z,2025-12-31T19:30:00+02:00,2025-12-31T17:00:00Z,0.0,0.26304,0.26304,OK,OTHER_QH_IN_SAME_HOUR_INVALID
2025-12-31T17:45:00Z,2025-12-31T19:45:00+02:00,2025-12-31T17:00:00Z,0.0,1.0798400000000001,1.0798400000000001,ALPHA_OUTSIDE_SIMPLEX,ALPHA_OUTSIDE_SIMPLEX
2025-12-31T18:00:00Z,2025-12-31T20:00:00+02:00,2025-12-31T18:00:00Z,0.0,0.7133714285714285,0.7133714285714285,OK,OTHER_QH_IN_SAME_HOUR_INVALID
2025-12-31T18:15:00Z,2025-12-31T20:15:00+02:00,2025-12-31T18:00:00Z,0.0,1.1541714285714284,1.1541714285714284,ALPHA_OUTSIDE_SIMPLEX,ALPHA_OUTSIDE_SIMPLEX
2025-12-31T18:30:00Z,2025-12-31T20:30:00+02:00,2025-12-31T18:00:00Z,0.0,1.3048685714285715,1.3048685714285715,ALPHA_OUTSIDE_SIMPLEX,ALPHA_OUTSIDE_SIMPLEX
2025-12-31T18:45:00Z,2025-12-31T20:45:00+02:00,2025-12-31T18:00:00Z,0.0,0.9850057142857143,0.9850057142857143,OK,OTHER_QH_IN_SAME_HOUR_INVALID
2025-12-31T20:00:00Z,2025-12-31T22:00:00+02:00,2025-12-31T20:00:00Z,0.0,1.1567314285714285,1.1567314285714285,ALPHA_OUTSIDE_SIMPLEX,ALPHA_OUTSIDE_SIMPLEX
2025-12-31T20:15:00Z,2025-12-31T22:15:00+02:00,2025-12-31T20:00:00Z,0.0,0.756137142857143,0.756137142857143,OK,OTHER_QH_IN_SAME_HOUR_INVALID
2025-12-31T20:30:00Z,2025-12-31T22:30:00+02:00,2025-12-31T20:00:00Z,0.0,0.2138742857142857,0.2138742857142857,OK,OTHER_QH_IN_SAME_HOUR_INVALID
2025-12-31T20:45:00Z,2025-12-31T22:45:00+02:00,2025-12-31T20:00:00Z,0.004297142857142857,0.047657142857142856,0.05195428571428572,OK,OTHER_QH_IN_SAME_HOUR_INVALID
2026-01-01T08:00:00Z,2026-01-01T10:00:00+02:00,2026-01-01T08:00:00Z,0.8268342857142857,0.0,0.8268342857142857,OK,OTHER_QH_IN_SAME_HOUR_INVALID
2026-01-01T08:15:00Z,2026-01-01T10:15:00+02:00,2026-01-01T08:00:00Z,1.058422857142857,0.0,1.058422857142857,ALPHA_OUTSIDE_SIMPLEX,ALPHA_OUTSIDE_SIMPLEX
2026-01-01T08:30:00Z,2026-01-01T10:30:00+02:00,2026-01-01T08:00:00Z,0.4767771428571429,0.0,0.4767771428571429,OK,OTHER_QH_IN_SAME_HOUR_INVALID
2026-01-01T08:45:00Z,2026-01-01T10:45:00+02:00,2026-01-01T08:00:00Z,0.010605714285714286,0.00045714285714285713,0.011062857142857143,OK,OTHER_QH_IN_SAME_HOUR_INVALID
2026-01-02T02:00:00Z,2026-01-02T04:00:00+02:00,2026-01-02T02:00:00Z,0.3401828571428571,0.0,0.3401828571428571,OK,OTHER_QH_IN_SAME_HOUR_INVALID
2026-01-02T02:15:00Z,2026-01-02T04:15:00+02:00,2026-01-02T02:00:00Z,0.2927314285714286,0.0,0.2927314285714286,OK,OTHER_QH_IN_SAME_HOUR_INVALID
2026-01-02T02:30:00Z,2026-01-02T04:30:00+02:00,2026-01-02T02:00:00Z,0.6144457142857144,0.0,0.6144457142857144,OK,OTHER_QH_IN_SAME_HOUR_INVALID
2026-01-02T02:45:00Z,2026-01-02T04:45:00+02:00,2026-01-02T02:00:00Z,1.18656,0.0,1.18656,ALPHA_OUTSIDE_SIMPLEX,ALPHA_OUTSIDE_SIMPLEX
2026-01-02T20:00:00Z,2026-01-02T22:00:00+02:00,2026-01-02T20:00:00Z,0.6818285714285713,0.0,0.6818285714285713,OK,OTHER_QH_IN_SAME_HOUR_INVALID
2026-01-02T20:15:00Z,2026-01-02T22:15:00+02:00,2026-01-02T20:00:00Z,1.0037485714285714,0.0,1.0037485714285714,ALPHA_OUTSIDE_SIMPLEX,ALPHA_OUTSIDE_SIMPLEX
2026-01-02T20:30:00Z,2026-01-02T22:30:00+02:00,2026-01-02T20:00:00Z,0.7458285714285715,0.0,0.7458285714285715,OK,OTHER_QH_IN_SAME_HOUR_INVALID
2026-01-02T20:45:00Z,2026-01-02T22:45:00+02:00,2026-01-02T20:00:00Z,0.14555428571428572,0.0,0.14555428571428572,OK,OTHER_QH_IN_SAME_HOUR_INVALID
2026-01-03T13:00:00Z,2026-01-03T15:00:00+02:00,2026-01-03T13:00:00Z,0.4863542857142857,0.0,0.4863542857142857,OK,OTHER_QH_IN_SAME_HOUR_INVALID
2026-01-03T13:15:00Z,2026-01-03T15:15:00+02:00,2026-01-03T13:00:00Z,0.55488,0.0,0.55488,OK,OTHER_QH_IN_SAME_HOUR_INVALID
2026-01-03T13:30:00Z,2026-01-03T15:30:00+02:00,2026-01-03T13:00:00Z,1.2783314285714285,0.0,1.2783314285714285,ALPHA_OUTSIDE_SIMPLEX,ALPHA_OUTSIDE_SIMPLEX
2026-01-03T13:45:00Z,2026-01-03T15:45:00+02:00,2026-01-03T13:00:00Z,1.3375314285714286,0.0,1.3375314285714286,ALPHA_OUTSIDE_SIMPLEX,ALPHA_OUTSIDE_SIMPLEX
2026-01-04T03:00:00Z,2026-01-04T05:00:00+02:00,2026-01-04T03:00:00Z,0.0,0.10736,0.10736,OK,OTHER_QH_IN_SAME_HOUR_INVALID
2026-01-04T03:15:00Z,2026-01-04T05:15:00+02:00,2026-01-04T03:00:00Z,0.0,0.4306514285714286,0.4306514285714286,OK,OTHER_QH_IN_SAME_HOUR_INVALID
2026-01-04T03:30:00Z,2026-01-04T05:30:00+02:00,2026-01-04T03:00:00Z,0.0,0.9122742857142857,0.9122742857142857,OK,OTHER_QH_IN_SAME_HOUR_INVALID
2026-01-04T03:45:00Z,2026-01-04T05:45:00+02:00,2026-01-04T03:00:00Z,0.0,1.2144000000000001,1.2144000000000001,ALPHA_OUTSIDE_SIMPLEX,ALPHA_OUTSIDE_SIMPLEX
2026-01-05T08:00:00Z,2026-01-05T10:00:00+02:00,2026-01-05T08:00:00Z,1.340457142857143,0.0,1.340457142857143,ALPHA_OUTSIDE_SIMPLEX,ALPHA_OUTSIDE_SIMPLEX
2026-01-05T08:15:00Z,2026-01-05T10:15:00+02:00,2026-01-05T08:00:00Z,1.5486171428571427,0.0,1.5486171428571427,ALPHA_OUTSIDE_SIMPLEX,ALPHA_OUTSIDE_SIMPLEX
2026-01-05T08:30:00Z,2026-01-05T10:30:00+02:00,2026-01-05T08:00:00Z,0.2935085714285714,0.0,0.2935085714285714,OK,OTHER_QH_IN_SAME_HOUR_INVALID
2026-01-05T08:45:00Z,2026-01-05T10:45:00+02:00,2026-01-05T08:00:00Z,0.90576,0.0,0.90576,OK,OTHER_QH_IN_SAME_HOUR_INVALID
2026-01-05T11:00:00Z,2026-01-05T13:00:00+02:00,2026-01-05T11:00:00Z,0.007611428571428572,0.005074285714285714,0.012685714285714286,OK,OTHER_QH_IN_SAME_HOUR_INVALID
2026-01-05T11:15:00Z,2026-01-05T13:15:00+02:00,2026-01-05T11:00:00Z,0.21151999999999999,0.001097142857142857,0.21261714285714284,OK,OTHER_QH_IN_SAME_HOUR_INVALID
2026-01-05T11:30:00Z,2026-01-05T13:30:00+02:00,2026-01-05T11:00:00Z,1.0671314285714286,0.0,1.0671314285714286,ALPHA_OUTSIDE_SIMPLEX,ALPHA_OUTSIDE_SIMPLEX
2026-01-05T11:45:00Z,2026-01-05T13:45:00+02:00,2026-01-05T11:00:00Z,0.4719542857142857,0.0,0.4719542857142857,OK,OTHER_QH_IN_SAME_HOUR_INVALID
2026-01-05T15:00:00Z,2026-01-05T17:00:00+02:00,2026-01-05T15:00:00Z,0.39318857142857144,0.0,0.39318857142857144,OK,OTHER_QH_IN_SAME_HOUR_INVALID
2026-01-05T15:15:00Z,2026-01-05T17:15:00+02:00,2026-01-05T15:00:00Z,0.7033371428571429,0.0,0.7033371428571429,OK,OTHER_QH_IN_SAME_HOUR_INVALID
2026-01-05T15:30:00Z,2026-01-05T17:30:00+02:00,2026-01-05T15:00:00Z,0.84384,0.0,0.84384,OK,OTHER_QH_IN_SAME_HOUR_INVALID
2026-01-05T15:45:00Z,2026-01-05T17:45:00+02:00,2026-01-05T15:00:00Z,1.2242285714285714,0.0,1.2242285714285714,ALPHA_OUTSIDE_SIMPLEX,ALPHA_OUTSIDE_SIMPLEX
2026-01-05T16:00:00Z,2026-01-05T18:00:00+02:00,2026-01-05T16:00:00Z,1.506582857142857,0.0,1.506582857142857,ALPHA_OUTSIDE_SIMPLEX,ALPHA_OUTSIDE_SIMPLEX
2026-01-05T16:15:00Z,2026-01-05T18:15:00+02:00,2026-01-05T16:00:00Z,1.5229942857142857,0.0,1.5229942857142857,ALPHA_OUTSIDE_SIMPLEX,ALPHA_OUTSIDE_SIMPLEX
2026-01-05T16:30:00Z,2026-01-05T18:30:00+02:00,2026-01-05T16:00:00Z,1.1488,0.0,1.1488,ALPHA_OUTSIDE_SIMPLEX,ALPHA_OUTSIDE_SIMPLEX
2026-01-05T16:45:00Z,2026-01-05T18:45:00+02:00,2026-01-05T16:00:00Z,1.4556342857142857,0.0,1.4556342857142857,ALPHA_OUTSIDE_SIMPLEX,ALPHA_OUTSIDE_SIMPLEX
2026-01-05T17:00:00Z,2026-01-05T19:00:00+02:00,2026-01-05T17:00:00Z,0.2760457142857143,0.0002057142857142857,0.2762514285714286,OK,OTHER_QH_IN_SAME_HOUR_INVALID
2026-01-05T17:15:00Z,2026-01-05T19:15:00+02:00,2026-01-05T17:00:00Z,0.005074285714285714,0.00048,0.005554285714285715,OK,OTHER_QH_IN_SAME_HOUR_INVALID
2026-01-05T17:30:00Z,2026-01-05T19:30:00+02:00,2026-01-05T17:00:00Z,1.197577142857143,0.0,1.197577142857143,ALPHA_OUTSIDE_SIMPLEX,ALPHA_OUTSIDE_SIMPLEX
2026-01-05T17:45:00Z,2026-01-05T19:45:00+02:00,2026-01-05T17:00:00Z,1.4453257142857143,0.0,1.4453257142857143,ALPHA_OUTSIDE_SIMPLEX,ALPHA_OUTSIDE_SIMPLEX
2026-01-05T22:00:00Z,2026-01-06T00:00:00+02:00,2026-01-05T22:00:00Z,1.5164571428571427,0.0,1.5164571428571427,ALPHA_OUTSIDE_SIMPLEX,ALPHA_OUTSIDE_SIMPLEX
2026-01-05T22:15:00Z,2026-01-06T00:15:00+02:00,2026-01-05T22:00:00Z,1.4527085714285715,0.0,1.4527085714285715,ALPHA_OUTSIDE_SIMPLEX,ALPHA_OUTSIDE_SIMPLEX
2026-01-05T22:30:00Z,2026-01-06T00:30:00+02:00,2026-01-05T22:00:00Z,0.6278857142857143,0.0,0.6278857142857143,OK,OTHER_QH_IN_SAME_HOUR_INVALID
2026-01-05T22:45:00Z,2026-01-06T00:45:00+02:00,2026-01-05T22:00:00Z,0.29110857142857144,0.0012342857142857142,0.2923428571428571,OK,OTHER_QH_IN_SAME_HOUR_INVALID
2026-01-06T10:00:00Z,2026-01-06T12:00:00+02:00,2026-01-06T10:00:00Z,0.9865371428571429,0.0,0.9865371428571429,OK,OTHER_QH_IN_SAME_HOUR_INVALID
2026-01-06T10:15:00Z,2026-01-06T12:15:00+02:00,2026-01-06T10:00:00Z,0.8264914285714285,0.0,0.8264914285714285,OK,OTHER_QH_IN_SAME_HOUR_INVALID
2026-01-06T10:30:00Z,2026-01-06T12:30:00+02:00,2026-01-06T10:00:00Z,1.1586285714285713,0.0,1.1586285714285713,ALPHA_OUTSIDE_SIMPLEX,ALPHA_OUTSIDE_SIMPLEX
2026-01-06T10:45:00Z,2026-01-06T12:45:00+02:00,2026-01-06T10:00:00Z,0.9108342857142856,0.0,0.9108342857142856,OK,OTHER_QH_IN_SAME_HOUR_INVALID
2026-01-06T19:00:00Z,2026-01-06T21:00:00+02:00,2026-01-06T19:00:00Z,0.0,0.5467885714285714,0.5467885714285714,OK,OTHER_QH_IN_SAME_HOUR_INVALID
2026-01-06T19:15:00Z,2026-01-06T21:15:00+02:00,2026-01-06T19:00:00Z,0.0,0.6824457142857143,0.6824457142857143,OK,OTHER_QH_IN_SAME_HOUR_INVALID
2026-01-06T19:30:00Z,2026-01-06T21:30:00+02:00,2026-01-06T19:00:00Z,0.0,1.1217828571428572,1.1217828571428572,ALPHA_OUTSIDE_SIMPLEX,ALPHA_OUTSIDE_SIMPLEX
2026-01-06T19:45:00Z,2026-01-06T21:45:00+02:00,2026-01-06T19:00:00Z,0.0,0.9424685714285713,0.9424685714285713,OK,OTHER_QH_IN_SAME_HOUR_INVALID
2026-01-06T21:00:00Z,2026-01-06T23:00:00+02:00,2026-01-06T21:00:00Z,1.2617828571428573,0.0,1.2617828571428573,ALPHA_OUTSIDE_SIMPLEX,ALPHA_OUTSIDE_SIMPLEX
2026-01-06T21:15:00Z,2026-01-06T23:15:00+02:00,2026-01-06T21:00:00Z,0.47152000000000005,0.0,0.47152000000000005,OK,OTHER_QH_IN_SAME_HOUR_INVALID
2026-01-06T21:30:00Z,2026-01-06T23:30:00+02:00,2026-01-06T21:00:00Z,0.8192457142857142,0.0,0.8192457142857142,OK,OTHER_QH_IN_SAME_HOUR_INVALID
2026-01-06T21:45:00Z,2026-01-06T23:45:00+02:00,2026-01-06T21:00:00Z,0.6085714285714285,0.0,0.6085714285714285,OK,OTHER_QH_IN_SAME_HOUR_INVALID
2026-01-07T02:00:00Z,2026-01-07T04:00:00+02:00,2026-01-07T02:00:00Z,0.0,0.22706285714285712,0.22706285714285712,OK,OTHER_QH_IN_SAME_HOUR_INVALID
2026-01-07T02:15:00Z,2026-01-07T04:15:00+02:00,2026-01-07T02:00:00Z,0.0,0.45147428571428566,0.45147428571428566,OK,OTHER_QH_IN_SAME_HOUR_INVALID
2026-01-07T02:30:00Z,2026-01-07T04:30:00+02:00,2026-01-07T02:00:00Z,0.0,1.0103771428571429,1.0103771428571429,ALPHA_OUTSIDE_SIMPLEX,ALPHA_OUTSIDE_SIMPLEX
2026-01-07T02:45:00Z,2026-01-07T04:45:00+02:00,2026-01-07T02:00:00Z,0.0,0.8247314285714286,0.8247314285714286,OK,OTHER_QH_IN_SAME_HOUR_INVALID
2026-01-08T05:00:00Z,2026-01-08T07:00:00+02:00,2026-01-08T05:00:00Z,0.013828571428571428,0.3496457142857143,0.3634742857142857,OK,OTHER_QH_IN_SAME_HOUR_INVALID
2026-01-08T05:15:00Z,2026-01-08T07:15:00+02:00,2026-01-08T05:00:00Z,0.0064,0.005828571428571429,0.012228571428571429,OK,OTHER_QH_IN_SAME_HOUR_INVALID
2026-01-08T05:30:00Z,2026-01-08T07:30:00+02:00,2026-01-08T05:00:00Z,0.4022171428571429,0.0,0.4022171428571429,OK,OTHER_QH_IN_SAME_HOUR_INVALID
2026-01-08T05:45:00Z,2026-01-08T07:45:00+02:00,2026-01-08T05:00:00Z,1.4048457142857143,0.0,1.4048457142857143,ALPHA_OUTSIDE_SIMPLEX,ALPHA_OUTSIDE_SIMPLEX
2026-01-08T06:00:00Z,2026-01-08T08:00:00+02:00,2026-01-08T06:00:00Z,1.4074514285714286,0.0,1.4074514285714286,ALPHA_OUTSIDE_SIMPLEX,ALPHA_OUTSIDE_SIMPLEX
2026-01-08T06:15:00Z,2026-01-08T08:15:00+02:00,2026-01-08T06:00:00Z,1.4245714285714286,0.0,1.4245714285714286,ALPHA_OUTSIDE_SIMPLEX,ALPHA_OUTSIDE_SIMPLEX
2026-01-08T06:30:00Z,2026-01-08T08:30:00+02:00,2026-01-08T06:00:00Z,1.3733942857142858,0.0,1.3733942857142858,ALPHA_OUTSIDE_SIMPLEX,ALPHA_OUTSIDE_SIMPLEX
2026-01-08T06:45:00Z,2026-01-08T08:45:00+02:00,2026-01-08T06:00:00Z,1.4705371428571428,0.0,1.4705371428571428,ALPHA_OUTSIDE_SIMPLEX,ALPHA_OUTSIDE_SIMPLEX
2026-01-08T07:00:00Z,2026-01-08T09:00:00+02:00,2026-01-08T07:00:00Z,1.4451657142857142,0.0,1.4451657142857142,ALPHA_OUTSIDE_SIMPLEX,ALPHA_OUTSIDE_SIMPLEX
2026-01-08T07:15:00Z,2026-01-08T09:15:00+02:00,2026-01-08T07:00:00Z,1.0818742857142858,0.0,1.0818742857142858,ALPHA_OUTSIDE_SIMPLEX,ALPHA_OUTSIDE_SIMPLEX
2026-01-08T07:30:00Z,2026-01-08T09:30:00+02:00,2026-01-08T07:00:00Z,0.040388571428571426,0.003977142857142857,0.044365714285714286,OK,OTHER_QH_IN_SAME_HOUR_INVALID
2026-01-08T07:45:00Z,2026-01-08T09:45:00+02:00,2026-01-08T07:00:00Z,0.00416,0.009348571428571428,0.013508571428571429,OK,OTHER_QH_IN_SAME_HOUR_INVALID
2026-01-08T08:00:00Z,2026-01-08T10:00:00+02:00,2026-01-08T08:00:00Z,0.006834285714285714,0.005737142857142857,0.01257142857142857,OK,OTHER_QH_IN_SAME_HOUR_INVALID
2026-01-08T08:15:00Z,2026-01-08T10:15:00+02:00,2026-01-08T08:00:00Z,0.009211428571428572,0.0024685714285714285,0.01168,OK,OTHER_QH_IN_SAME_HOUR_INVALID
2026-01-08T08:30:00Z,2026-01-08T10:30:00+02:00,2026-01-08T08:00:00Z,1.3152457142857144,0.0,1.3152457142857144,ALPHA_OUTSIDE_SIMPLEX,ALPHA_OUTSIDE_SIMPLEX
2026-01-08T08:45:00Z,2026-01-08T10:45:00+02:00,2026-01-08T08:00:00Z,0.8463314285714286,0.0,0.8463314285714286,OK,OTHER_QH_IN_SAME_HOUR_INVALID
2026-01-08T09:00:00Z,2026-01-08T11:00:00+02:00,2026-01-08T09:00:00Z,0.9392,0.0,0.9392,OK,OTHER_QH_IN_SAME_HOUR_INVALID
2026-01-08T09:15:00Z,2026-01-08T11:15:00+02:00,2026-01-08T09:00:00Z,1.3481142857142856,0.0,1.3481142857142856,ALPHA_OUTSIDE_SIMPLEX,ALPHA_OUTSIDE_SIMPLEX
2026-01-08T09:30:00Z,2026-01-08T11:30:00+02:00,2026-01-08T09:00:00Z,0.9398171428571428,0.0,0.9398171428571428,OK,OTHER_QH_IN_SAME_HOUR_INVALID
2026-01-08T09:45:00Z,2026-01-08T11:45:00+02:00,2026-01-08T09:00:00Z,0.031131428571428574,0.0008,0.031931428571428576,OK,OTHER_QH_IN_SAME_HOUR_INVALID
2026-01-08T15:00:00Z,2026-01-08T17:00:00+02:00,2026-01-08T15:00:00Z,0.6506057142857142,0.0,0.6506057142857142,OK,OTHER_QH_IN_SAME_HOUR_INVALID
2026-01-08T15:15:00Z,2026-01-08T17:15:00+02:00,2026-01-08T15:00:00Z,1.22336,0.0,1.22336,ALPHA_OUTSIDE_SIMPLEX,ALPHA_OUTSIDE_SIMPLEX
2026-01-08T15:30:00Z,2026-01-08T17:30:00+02:00,2026-01-08T15:00:00Z,0.6396114285714286,0.0,0.6396114285714286,OK,OTHER_QH_IN_SAME_HOUR_INVALID
2026-01-08T15:45:00Z,2026-01-08T17:45:00+02:00,2026-01-08T15:00:00Z,0.8269028571428572,0.0,0.8269028571428572,OK,OTHER_QH_IN_SAME_HOUR_INVALID
2026-01-08T16:00:00Z,2026-01-08T18:00:00+02:00,2026-01-08T16:00:00Z,1.9002057142857143,0.0,1.9002057142857143,ALPHA_OUTSIDE_SIMPLEX,ALPHA_OUTSIDE_SIMPLEX
2026-01-08T16:15:00Z,2026-01-08T18:15:00+02:00,2026-01-08T16:00:00Z,2.138537142857143,0.0,2.138537142857143,ALPHA_OUTSIDE_SIMPLEX,ALPHA_OUTSIDE_SIMPLEX
2026-01-08T16:30:00Z,2026-01-08T18:30:00+02:00,2026-01-08T16:00:00Z,1.7558171428571427,0.0,1.7558171428571427,ALPHA_OUTSIDE_SIMPLEX,ALPHA_OUTSIDE_SIMPLEX
2026-01-08T16:45:00Z,2026-01-08T18:45:00+02:00,2026-01-08T16:00:00Z,0.8929142857142857,0.0,0.8929142857142857,OK,OTHER_QH_IN_SAME_HOUR_INVALID
2026-01-09T08:00:00Z,2026-01-09T10:00:00+02:00,2026-01-09T08:00:00Z,1.9136685714285715,0.0,1.9136685714285715,ALPHA_OUTSIDE_SIMPLEX,ALPHA_OUTSIDE_SIMPLEX
2026-01-09T08:15:00Z,2026-01-09T10:15:00+02:00,2026-01-09T08:00:00Z,2.4068571428571426,0.0,2.4068571428571426,ALPHA_OUTSIDE_SIMPLEX,ALPHA_OUTSIDE_SIMPLEX
2026-01-09T08:30:00Z,2026-01-09T10:30:00+02:00,2026-01-09T08:00:00Z,2.406262857142857,0.0,2.406262857142857,ALPHA_OUTSIDE_SIMPLEX,ALPHA_OUTSIDE_SIMPLEX
2026-01-09T08:45:00Z,2026-01-09T10:45:00+02:00,2026-01-09T08:00:00Z,0.5375542857142858,0.011268571428571428,0.5488228571428572,OK,OTHER_QH_IN_SAME_HOUR_INVALID
2026-01-10T08:00:00Z,2026-01-10T10:00:00+02:00,2026-01-10T08:00:00Z,0.32546285714285716,0.0,0.32546285714285716,OK,OTHER_QH_IN_SAME_HOUR_INVALID
2026-01-10T08:15:00Z,2026-01-10T10:15:00+02:00,2026-01-10T08:00:00Z,0.8215771428571429,0.0,0.8215771428571429,OK,OTHER_QH_IN_SAME_HOUR_INVALID
2026-01-10T08:30:00Z,2026-01-10T10:30:00+02:00,2026-01-10T08:00:00Z,0.9161142857142857,0.0,0.9161142857142857,OK,OTHER_QH_IN_SAME_HOUR_INVALID
2026-01-10T08:45:00Z,2026-01-10T10:45:00+02:00,2026-01-10T08:00:00Z,1.2386057142857143,0.0,1.2386057142857143,ALPHA_OUTSIDE_SIMPLEX,ALPHA_OUTSIDE_SIMPLEX
2026-01-10T17:00:00Z,2026-01-10T19:00:00+02:00,2026-01-10T17:00:00Z,0.2644114285714286,0.0,0.2644114285714286,OK,OTHER_QH_IN_SAME_HOUR_INVALID
2026-01-10T17:15:00Z,2026-01-10T19:15:00+02:00,2026-01-10T17:00:00Z,0.5114514285714286,0.0,0.5114514285714286,OK,OTHER_QH_IN_SAME_HOUR_INVALID
2026-01-10T17:30:00Z,2026-01-10T19:30:00+02:00,2026-01-10T17:00:00Z,1.2551999999999999,0.0,1.2551999999999999,ALPHA_OUTSIDE_SIMPLEX,ALPHA_OUTSIDE_SIMPLEX
2026-01-10T17:45:00Z,2026-01-10T19:45:00+02:00,2026-01-10T17:00:00Z,0.2774628571428571,0.0,0.2774628571428571,OK,OTHER_QH_IN_SAME_HOUR_INVALID
2026-01-11T08:00:00Z,2026-01-11T10:00:00+02:00,2026-01-11T08:00:00Z,1.3035428571428571,0.0,1.3035428571428571,ALPHA_OUTSIDE_SIMPLEX,ALPHA_OUTSIDE_SIMPLEX
2026-01-11T08:15:00Z,2026-01-11T10:15:00+02:00,2026-01-11T08:00:00Z,0.6938057142857142,0.0,0.6938057142857142,OK,OTHER_QH_IN_SAME_HOUR_INVALID
2026-01-11T08:30:00Z,2026-01-11T10:30:00+02:00,2026-01-11T08:00:00Z,0.18653714285714285,0.0018971428571428572,0.1884342857142857,OK,OTHER_QH_IN_SAME_HOUR_INVALID
2026-01-11T08:45:00Z,2026-01-11T10:45:00+02:00,2026-01-11T08:00:00Z,0.19860571428571427,0.00022857142857142857,0.1988342857142857,OK,OTHER_QH_IN_SAME_HOUR_INVALID
2026-01-11T09:00:00Z,2026-01-11T11:00:00+02:00,2026-01-11T09:00:00Z,1.1208,0.0,1.1208,ALPHA_OUTSIDE_SIMPLEX,ALPHA_OUTSIDE_SIMPLEX
2026-01-11T09:15:00Z,2026-01-11T11:15:00+02:00,2026-01-11T09:00:00Z,0.32674285714285717,0.0,0.32674285714285717,OK,OTHER_QH_IN_SAME_HOUR_INVALID
2026-01-11T09:30:00Z,2026-01-11T11:30:00+02:00,2026-01-11T09:00:00Z,0.07375999999999999,0.0018742857142857144,0.07563428571428571,OK,OTHER_QH_IN_SAME_HOUR_INVALID
2026-01-11T09:45:00Z,2026-01-11T11:45:00+02:00,2026-01-11T09:00:00Z,0.0019885714285714285,0.11222857142857143,0.11421714285714285,OK,OTHER_QH_IN_SAME_HOUR_INVALID
2026-01-11T21:00:00Z,2026-01-11T23:00:00+02:00,2026-01-11T21:00:00Z,0.0,0.3413714285714286,0.3413714285714286,OK,OTHER_QH_IN_SAME_HOUR_INVALID
2026-01-11T21:15:00Z,2026-01-11T23:15:00+02:00,2026-01-11T21:00:00Z,0.0,0.2195885714285714,0.2195885714285714,OK,OTHER_QH_IN_SAME_HOUR_INVALID
2026-01-11T21:30:00Z,2026-01-11T23:30:00+02:00,2026-01-11T21:00:00Z,0.0,0.6471314285714286,0.6471314285714286,OK,OTHER_QH_IN_SAME_HOUR_INVALID
2026-01-11T21:45:00Z,2026-01-11T23:45:00+02:00,2026-01-11T21:00:00Z,0.0,1.0732114285714287,1.0732114285714287,ALPHA_OUTSIDE_SIMPLEX,ALPHA_OUTSIDE_SIMPLEX
2026-01-12T13:00:00Z,2026-01-12T15:00:00+02:00,2026-01-12T13:00:00Z,0.003085714285714286,0.008571428571428572,0.011657142857142857,OK,OTHER_QH_IN_SAME_HOUR_INVALID
2026-01-12T13:15:00Z,2026-01-12T15:15:00+02:00,2026-01-12T13:00:00Z,0.34258285714285713,0.0,0.34258285714285713,OK,OTHER_QH_IN_SAME_HOUR_INVALID
2026-01-12T13:30:00Z,2026-01-12T15:30:00+02:00,2026-01-12T13:00:00Z,1.1714971428571428,0.0,1.1714971428571428,ALPHA_OUTSIDE_SIMPLEX,ALPHA_OUTSIDE_SIMPLEX
2026-01-12T13:45:00Z,2026-01-12T15:45:00+02:00,2026-01-12T13:00:00Z,0.5274971428571429,0.0,0.5274971428571429,OK,OTHER_QH_IN_SAME_HOUR_INVALID
2026-01-12T18:00:00Z,2026-01-12T20:00:00+02:00,2026-01-12T18:00:00Z,0.9130285714285714,0.0,0.9130285714285714,OK,OTHER_QH_IN_SAME_HOUR_INVALID
2026-01-12T18:15:00Z,2026-01-12T20:15:00+02:00,2026-01-12T18:00:00Z,0.7569828571428572,0.0,0.7569828571428572,OK,OTHER_QH_IN_SAME_HOUR_INVALID
2026-01-12T18:30:00Z,2026-01-12T20:30:00+02:00,2026-01-12T18:00:00Z,1.783497142857143,0.0,1.783497142857143,ALPHA_OUTSIDE_SIMPLEX,ALPHA_OUTSIDE_SIMPLEX
2026-01-12T18:45:00Z,2026-01-12T20:45:00+02:00,2026-01-12T18:00:00Z,1.2477257142857143,0.01616,1.2638857142857143,ALPHA_OUTSIDE_SIMPLEX,ALPHA_OUTSIDE_SIMPLEX
2026-01-13T05:00:00Z,2026-01-13T07:00:00+02:00,2026-01-13T05:00:00Z,0.5784228571428571,0.0,0.5784228571428571,OK,OTHER_QH_IN_SAME_HOUR_INVALID
2026-01-13T05:15:00Z,2026-01-13T07:15:00+02:00,2026-01-13T05:00:00Z,0.30077714285714285,0.0,0.30077714285714285,OK,OTHER_QH_IN_SAME_HOUR_INVALID
2026-01-13T05:30:00Z,2026-01-13T07:30:00+02:00,2026-01-13T05:00:00Z,1.0538742857142858,0.0,1.0538742857142858,ALPHA_OUTSIDE_SIMPLEX,ALPHA_OUTSIDE_SIMPLEX
2026-01-13T05:45:00Z,2026-01-13T07:45:00+02:00,2026-01-13T05:00:00Z,0.7362057142857144,0.0,0.7362057142857144,OK,OTHER_QH_IN_SAME_HOUR_INVALID
2026-01-13T13:00:00Z,2026-01-13T15:00:00+02:00,2026-01-13T13:00:00Z,1.01472,0.0,1.01472,ALPHA_OUTSIDE_SIMPLEX,ALPHA_OUTSIDE_SIMPLEX
2026-01-13T13:15:00Z,2026-01-13T15:15:00+02:00,2026-01-13T13:00:00Z,1.166742857142857,0.0,1.166742857142857,ALPHA_OUTSIDE_SIMPLEX,ALPHA_OUTSIDE_SIMPLEX
2026-01-13T13:30:00Z,2026-01-13T15:30:00+02:00,2026-01-13T13:00:00Z,1.4965485714285716,0.0,1.4965485714285716,ALPHA_OUTSIDE_SIMPLEX,ALPHA_OUTSIDE_SIMPLEX
2026-01-13T13:45:00Z,2026-01-13T15:45:00+02:00,2026-01-13T13:00:00Z,0.8956342857142856,0.0,0.8956342857142856,OK,OTHER_QH_IN_SAME_HOUR_INVALID
2026-01-14T05:00:00Z,2026-01-14T07:00:00+02:00,2026-01-14T05:00:00Z,0.21266285714285715,0.07915428571428572,0.2918171428571429,OK,OTHER_QH_IN_SAME_HOUR_INVALID
2026-01-14T05:15:00Z,2026-01-14T07:15:00+02:00,2026-01-14T05:00:00Z,0.8362057142857143,0.0,0.8362057142857143,OK,OTHER_QH_IN_SAME_HOUR_INVALID
2026-01-14T05:30:00Z,2026-01-14T07:30:00+02:00,2026-01-14T05:00:00Z,,,,ALPHA_UNCOMPUTABLE,ALPHA_UNCOMPUTABLE
2026-01-14T05:45:00Z,2026-01-14T07:45:00+02:00,2026-01-14T05:00:00Z,,,,ALPHA_UNCOMPUTABLE,ALPHA_UNCOMPUTABLE
2026-01-14T06:00:00Z,2026-01-14T08:00:00+02:00,2026-01-14T06:00:00Z,,,,ALPHA_UNCOMPUTABLE,ALPHA_UNCOMPUTABLE
2026-01-14T06:15:00Z,2026-01-14T08:15:00+02:00,2026-01-14T06:00:00Z,1.5333257142857142,0.0,1.5333257142857142,ALPHA_OUTSIDE_SIMPLEX,ALPHA_OUTSIDE_SIMPLEX
2026-01-14T06:30:00Z,2026-01-14T08:30:00+02:00,2026-01-14T06:00:00Z,0.1512,0.31561142857142854,0.46681142857142854,OK,OTHER_QH_IN_SAME_HOUR_INVALID
2026-01-14T06:45:00Z,2026-01-14T08:45:00+02:00,2026-01-14T06:00:00Z,0.0002057142857142857,0.15485714285714286,0.15506285714285714,OK,OTHER_QH_IN_SAME_HOUR_INVALID
2026-01-15T10:00:00Z,2026-01-15T12:00:00+02:00,2026-01-15T10:00:00Z,0.0,0.35282285714285716,0.35282285714285716,OK,OTHER_QH_IN_SAME_HOUR_INVALID
2026-01-15T10:15:00Z,2026-01-15T12:15:00+02:00,2026-01-15T10:00:00Z,0.0,0.13353142857142855,0.13353142857142855,OK,OTHER_QH_IN_SAME_HOUR_INVALID
2026-01-15T10:30:00Z,2026-01-15T12:30:00+02:00,2026-01-15T10:00:00Z,0.0,0.6631542857142858,0.6631542857142858,OK,OTHER_QH_IN_SAME_HOUR_INVALID
2026-01-15T10:45:00Z,2026-01-15T12:45:00+02:00,2026-01-15T10:00:00Z,0.0,1.049737142857143,1.049737142857143,ALPHA_OUTSIDE_SIMPLEX,ALPHA_OUTSIDE_SIMPLEX
2026-01-15T11:00:00Z,2026-01-15T13:00:00+02:00,2026-01-15T11:00:00Z,0.0,1.1196342857142858,1.1196342857142858,ALPHA_OUTSIDE_SIMPLEX,ALPHA_OUTSIDE_SIMPLEX
2026-01-15T11:15:00Z,2026-01-15T13:15:00+02:00,2026-01-15T11:00:00Z,0.0,0.5593371428571429,0.5593371428571429,OK,OTHER_QH_IN_SAME_HOUR_INVALID
2026-01-15T11:30:00Z,2026-01-15T13:30:00+02:00,2026-01-15T11:00:00Z,0.0,0.1251657142857143,0.1251657142857143,OK,OTHER_QH_IN_SAME_HOUR_INVALID
2026-01-15T11:45:00Z,2026-01-15T13:45:00+02:00,2026-01-15T11:00:00Z,0.0,0.4652114285714286,0.4652114285714286,OK,OTHER_QH_IN_SAME_HOUR_INVALID
2026-01-16T05:00:00Z,2026-01-16T07:00:00+02:00,2026-01-16T05:00:00Z,0.4160685714285714,0.08932571428571429,0.5053942857142857,OK,OTHER_QH_IN_SAME_HOUR_INVALID
2026-01-16T05:15:00Z,2026-01-16T07:15:00+02:00,2026-01-16T05:00:00Z,0.781142857142857,0.0,0.781142857142857,OK,OTHER_QH_IN_SAME_HOUR_INVALID
2026-01-16T05:30:00Z,2026-01-16T07:30:00+02:00,2026-01-16T05:00:00Z,0.7146971428571429,0.0,0.7146971428571429,OK,OTHER_QH_IN_SAME_HOUR_INVALID
2026-01-16T05:45:00Z,2026-01-16T07:45:00+02:00,2026-01-16T05:00:00Z,1.147222857142857,0.0,1.147222857142857,ALPHA_OUTSIDE_SIMPLEX,ALPHA_OUTSIDE_SIMPLEX
2026-01-16T22:00:00Z,2026-01-17T00:00:00+02:00,2026-01-16T22:00:00Z,0.002217142857142857,0.040594285714285715,0.04281142857142857,OK,OTHER_QH_IN_SAME_HOUR_INVALID
2026-01-16T22:15:00Z,2026-01-17T00:15:00+02:00,2026-01-16T22:00:00Z,0.3367085714285714,0.0,0.3367085714285714,OK,OTHER_QH_IN_SAME_HOUR_INVALID
2026-01-16T22:30:00Z,2026-01-17T00:30:00+02:00,2026-01-16T22:00:00Z,1.0548342857142858,0.0,1.0548342857142858,ALPHA_OUTSIDE_SIMPLEX,ALPHA_OUTSIDE_SIMPLEX
2026-01-16T22:45:00Z,2026-01-17T00:45:00+02:00,2026-01-16T22:00:00Z,0.7854171428571429,0.0,0.7854171428571429,OK,OTHER_QH_IN_SAME_HOUR_INVALID
2026-01-16T23:00:00Z,2026-01-17T01:00:00+02:00,2026-01-16T23:00:00Z,1.1592457142857142,0.0,1.1592457142857142,ALPHA_OUTSIDE_SIMPLEX,ALPHA_OUTSIDE_SIMPLEX
2026-01-16T23:15:00Z,2026-01-17T01:15:00+02:00,2026-01-16T23:00:00Z,1.5382171428571427,0.0,1.5382171428571427,ALPHA_OUTSIDE_SIMPLEX,ALPHA_OUTSIDE_SIMPLEX
2026-01-16T23:30:00Z,2026-01-17T01:30:00+02:00,2026-01-16T23:00:00Z,0.43170285714285717,0.008365714285714285,0.4400685714285715,OK,OTHER_QH_IN_SAME_HOUR_INVALID
2026-01-16T23:45:00Z,2026-01-17T01:45:00+02:00,2026-01-16T23:00:00Z,0.0,0.13389714285714285,0.13389714285714285,OK,OTHER_QH_IN_SAME_HOUR_INVALID
2026-01-17T06:00:00Z,2026-01-17T08:00:00+02:00,2026-01-17T06:00:00Z,0.24848,0.01673142857142857,0.2652114285714286,OK,OTHER_QH_IN_SAME_HOUR_INVALID
2026-01-17T06:15:00Z,2026-01-17T08:15:00+02:00,2026-01-17T06:00:00Z,1.1924342857142856,0.0,1.1924342857142856,ALPHA_OUTSIDE_SIMPLEX,ALPHA_OUTSIDE_SIMPLEX
2026-01-17T06:30:00Z,2026-01-17T08:30:00+02:00,2026-01-17T06:00:00Z,0.7937599999999999,0.0,0.7937599999999999,OK,OTHER_QH_IN_SAME_HOUR_INVALID
2026-01-17T06:45:00Z,2026-01-17T08:45:00+02:00,2026-01-17T06:00:00Z,0.8564342857142857,0.0,0.8564342857142857,OK,OTHER_QH_IN_SAME_HOUR_INVALID
2026-01-17T14:00:00Z,2026-01-17T16:00:00+02:00,2026-01-17T14:00:00Z,0.2554057142857143,0.0,0.2554057142857143,OK,OTHER_QH_IN_SAME_HOUR_INVALID
2026-01-17T14:15:00Z,2026-01-17T16:15:00+02:00,2026-01-17T14:00:00Z,0.7804342857142856,0.0,0.7804342857142856,OK,OTHER_QH_IN_SAME_HOUR_INVALID
2026-01-17T14:30:00Z,2026-01-17T16:30:00+02:00,2026-01-17T14:00:00Z,1.1585828571428571,0.0,1.1585828571428571,ALPHA_OUTSIDE_SIMPLEX,ALPHA_OUTSIDE_SIMPLEX
2026-01-17T14:45:00Z,2026-01-17T16:45:00+02:00,2026-01-17T14:00:00Z,1.1967314285714286,0.0,1.1967314285714286,ALPHA_OUTSIDE_SIMPLEX,ALPHA_OUTSIDE_SIMPLEX
2026-01-17T17:00:00Z,2026-01-17T19:00:00+02:00,2026-01-17T17:00:00Z,0.00022857142857142857,0.09458285714285714,0.09481142857142856,OK,OTHER_QH_IN_SAME_HOUR_INVALID
2026-01-17T17:15:00Z,2026-01-17T19:15:00+02:00,2026-01-17T17:00:00Z,0.0011657142857142856,0.41785142857142854,0.4190171428571428,OK,OTHER_QH_IN_SAME_HOUR_INVALID
2026-01-17T17:30:00Z,2026-01-17T19:30:00+02:00,2026-01-17T17:00:00Z,0.0,1.2442742857142857,1.2442742857142857,ALPHA_OUTSIDE_SIMPLEX,ALPHA_OUTSIDE_SIMPLEX
2026-01-17T17:45:00Z,2026-01-17T19:45:00+02:00,2026-01-17T17:00:00Z,0.0,0.8723657142857142,0.8723657142857142,OK,OTHER_QH_IN_SAME_HOUR_INVALID
2026-01-19T11:00:00Z,2026-01-19T13:00:00+02:00,2026-01-19T11:00:00Z,0.0,1.296,1.296,ALPHA_OUTSIDE_SIMPLEX,ALPHA_OUTSIDE_SIMPLEX
2026-01-19T11:15:00Z,2026-01-19T13:15:00+02:00,2026-01-19T11:00:00Z,0.0,0.9451657142857143,0.9451657142857143,OK,OTHER_QH_IN_SAME_HOUR_INVALID
2026-01-19T11:30:00Z,2026-01-19T13:30:00+02:00,2026-01-19T11:00:00Z,0.0,0.5552685714285714,0.5552685714285714,OK,OTHER_QH_IN_SAME_HOUR_INVALID
2026-01-19T11:45:00Z,2026-01-19T13:45:00+02:00,2026-01-19T11:00:00Z,0.0,0.4019885714285714,0.4019885714285714,OK,OTHER_QH_IN_SAME_HOUR_INVALID
2026-01-20T12:00:00Z,2026-01-20T14:00:00+02:00,2026-01-20T12:00:00Z,0.0,1.2034285714285713,1.2034285714285713,ALPHA_OUTSIDE_SIMPLEX,ALPHA_OUTSIDE_SIMPLEX
2026-01-20T12:15:00Z,2026-01-20T14:15:00+02:00,2026-01-20T12:00:00Z,0.0,1.6354514285714286,1.6354514285714286,ALPHA_OUTSIDE_SIMPLEX,ALPHA_OUTSIDE_SIMPLEX
2026-01-20T12:30:00Z,2026-01-20T14:30:00+02:00,2026-01-20T12:00:00Z,0.0,0.9596342857142858,0.9596342857142858,OK,OTHER_QH_IN_SAME_HOUR_INVALID
2026-01-20T12:45:00Z,2026-01-20T14:45:00+02:00,2026-01-20T12:00:00Z,0.0,0.38655999999999996,0.38655999999999996,OK,OTHER_QH_IN_SAME_HOUR_INVALID
2026-01-20T13:00:00Z,2026-01-20T15:00:00+02:00,2026-01-20T13:00:00Z,0.021165714285714288,0.20016,0.2213257142857143,OK,OTHER_QH_IN_SAME_HOUR_INVALID
2026-01-20T13:15:00Z,2026-01-20T15:15:00+02:00,2026-01-20T13:00:00Z,0.6749028571428571,0.0,0.6749028571428571,OK,OTHER_QH_IN_SAME_HOUR_INVALID
2026-01-20T13:30:00Z,2026-01-20T15:30:00+02:00,2026-01-20T13:00:00Z,0.68624,0.0,0.68624,OK,OTHER_QH_IN_SAME_HOUR_INVALID
2026-01-20T13:45:00Z,2026-01-20T15:45:00+02:00,2026-01-20T13:00:00Z,1.1607542857142858,0.0,1.1607542857142858,ALPHA_OUTSIDE_SIMPLEX,ALPHA_OUTSIDE_SIMPLEX
2026-01-20T17:00:00Z,2026-01-20T19:00:00+02:00,2026-01-20T17:00:00Z,1.0461942857142856,0.0,1.0461942857142856,ALPHA_OUTSIDE_SIMPLEX,ALPHA_OUTSIDE_SIMPLEX
2026-01-20T17:15:00Z,2026-01-20T19:15:00+02:00,2026-01-20T17:00:00Z,0.25184,0.0,0.25184,OK,OTHER_QH_IN_SAME_HOUR_INVALID
2026-01-20T17:30:00Z,2026-01-20T19:30:00+02:00,2026-01-20T17:00:00Z,0.13538285714285714,0.0,0.13538285714285714,OK,OTHER_QH_IN_SAME_HOUR_INVALID
2026-01-20T17:45:00Z,2026-01-20T19:45:00+02:00,2026-01-20T17:00:00Z,0.04777142857142857,0.0002057142857142857,0.04797714285714286,OK,OTHER_QH_IN_SAME_HOUR_INVALID
2026-01-21T04:00:00Z,2026-01-21T06:00:00+02:00,2026-01-21T04:00:00Z,0.014902857142857143,0.010331428571428571,0.025234285714285716,OK,OTHER_QH_IN_SAME_HOUR_INVALID
2026-01-21T04:15:00Z,2026-01-21T06:15:00+02:00,2026-01-21T04:00:00Z,0.20185142857142857,0.0029714285714285715,0.20482285714285714,OK,OTHER_QH_IN_SAME_HOUR_INVALID
2026-01-21T04:30:00Z,2026-01-21T06:30:00+02:00,2026-01-21T04:00:00Z,0.8362742857142857,0.0,0.8362742857142857,OK,OTHER_QH_IN_SAME_HOUR_INVALID
2026-01-21T04:45:00Z,2026-01-21T06:45:00+02:00,2026-01-21T04:00:00Z,1.2685942857142856,0.0,1.2685942857142856,ALPHA_OUTSIDE_SIMPLEX,ALPHA_OUTSIDE_SIMPLEX
2026-01-21T06:00:00Z,2026-01-21T08:00:00+02:00,2026-01-21T06:00:00Z,0.2807085714285714,0.0007542857142857143,0.2814628571428571,OK,OTHER_QH_IN_SAME_HOUR_INVALID
2026-01-21T06:15:00Z,2026-01-21T08:15:00+02:00,2026-01-21T06:00:00Z,1.1315885714285714,0.0,1.1315885714285714,ALPHA_OUTSIDE_SIMPLEX,ALPHA_OUTSIDE_SIMPLEX
2026-01-21T06:30:00Z,2026-01-21T08:30:00+02:00,2026-01-21T06:00:00Z,1.1734628571428571,0.0,1.1734628571428571,ALPHA_OUTSIDE_SIMPLEX,ALPHA_OUTSIDE_SIMPLEX
2026-01-21T06:45:00Z,2026-01-21T08:45:00+02:00,2026-01-21T06:00:00Z,1.02768,0.0,1.02768,ALPHA_OUTSIDE_SIMPLEX,ALPHA_OUTSIDE_SIMPLEX
2026-01-21T07:00:00Z,2026-01-21T09:00:00+02:00,2026-01-21T07:00:00Z,1.4594057142857142,0.0,1.4594057142857142,ALPHA_OUTSIDE_SIMPLEX,ALPHA_OUTSIDE_SIMPLEX
2026-01-21T07:15:00Z,2026-01-21T09:15:00+02:00,2026-01-21T07:00:00Z,2.0575542857142857,0.0,2.0575542857142857,ALPHA_OUTSIDE_SIMPLEX,ALPHA_OUTSIDE_SIMPLEX
2026-01-21T07:30:00Z,2026-01-21T09:30:00+02:00,2026-01-21T07:00:00Z,1.66704,0.0,1.66704,ALPHA_OUTSIDE_SIMPLEX,ALPHA_OUTSIDE_SIMPLEX
2026-01-21T07:45:00Z,2026-01-21T09:45:00+02:00,2026-01-21T07:00:00Z,1.99872,0.0,1.99872,ALPHA_OUTSIDE_SIMPLEX,ALPHA_OUTSIDE_SIMPLEX
2026-01-21T08:00:00Z,2026-01-21T10:00:00+02:00,2026-01-21T08:00:00Z,1.9697142857142858,0.0,1.9697142857142858,ALPHA_OUTSIDE_SIMPLEX,ALPHA_OUTSIDE_SIMPLEX
2026-01-21T08:15:00Z,2026-01-21T10:15:00+02:00,2026-01-21T08:00:00Z,1.9697142857142858,0.0,1.9697142857142858,ALPHA_OUTSIDE_SIMPLEX,ALPHA_OUTSIDE_SIMPLEX
2026-01-21T08:30:00Z,2026-01-21T10:30:00+02:00,2026-01-21T08:00:00Z,1.9516114285714286,0.0,1.9516114285714286,ALPHA_OUTSIDE_SIMPLEX,ALPHA_OUTSIDE_SIMPLEX
2026-01-21T08:45:00Z,2026-01-21T10:45:00+02:00,2026-01-21T08:00:00Z,1.521097142857143,0.005554285714285714,1.5266514285714285,ALPHA_OUTSIDE_SIMPLEX,ALPHA_OUTSIDE_SIMPLEX
2026-01-21T12:00:00Z,2026-01-21T14:00:00+02:00,2026-01-21T12:00:00Z,1.2998857142857143,0.0,1.2998857142857143,ALPHA_OUTSIDE_SIMPLEX,ALPHA_OUTSIDE_SIMPLEX
2026-01-21T12:15:00Z,2026-01-21T14:15:00+02:00,2026-01-21T12:00:00Z,1.1801142857142857,0.0,1.1801142857142857,ALPHA_OUTSIDE_SIMPLEX,ALPHA_OUTSIDE_SIMPLEX
2026-01-21T12:30:00Z,2026-01-21T14:30:00+02:00,2026-01-21T12:00:00Z,0.24539428571428573,0.002011428571428571,0.2474057142857143,OK,OTHER_QH_IN_SAME_HOUR_INVALID
2026-01-21T12:45:00Z,2026-01-21T14:45:00+02:00,2026-01-21T12:00:00Z,0.00496,0.009805714285714286,0.014765714285714285,OK,OTHER_QH_IN_SAME_HOUR_INVALID
2026-01-22T03:00:00Z,2026-01-22T05:00:00+02:00,2026-01-22T03:00:00Z,0.0,1.1976914285714286,1.1976914285714286,ALPHA_OUTSIDE_SIMPLEX,ALPHA_OUTSIDE_SIMPLEX
2026-01-22T03:15:00Z,2026-01-22T05:15:00+02:00,2026-01-22T03:00:00Z,0.0,0.5016228571428571,0.5016228571428571,OK,OTHER_QH_IN_SAME_HOUR_INVALID
2026-01-22T03:30:00Z,2026-01-22T05:30:00+02:00,2026-01-22T03:00:00Z,0.0,0.7333714285714286,0.7333714285714286,OK,OTHER_QH_IN_SAME_HOUR_INVALID
2026-01-22T03:45:00Z,2026-01-22T05:45:00+02:00,2026-01-22T03:00:00Z,0.0008914285714285714,0.21778285714285717,0.21867428571428574,OK,OTHER_QH_IN_SAME_HOUR_INVALID
2026-01-22T08:00:00Z,2026-01-22T10:00:00+02:00,2026-01-22T08:00:00Z,1.0705600000000002,0.0,1.0705600000000002,ALPHA_OUTSIDE_SIMPLEX,ALPHA_OUTSIDE_SIMPLEX
2026-01-22T08:15:00Z,2026-01-22T10:15:00+02:00,2026-01-22T08:00:00Z,1.2520457142857142,0.0,1.2520457142857142,ALPHA_OUTSIDE_SIMPLEX,ALPHA_OUTSIDE_SIMPLEX
2026-01-22T08:30:00Z,2026-01-22T10:30:00+02:00,2026-01-22T08:00:00Z,0.8637485714285714,0.0,0.8637485714285714,OK,OTHER_QH_IN_SAME_HOUR_INVALID
2026-01-22T08:45:00Z,2026-01-22T10:45:00+02:00,2026-01-22T08:00:00Z,0.11725714285714285,0.0013714285714285714,0.11862857142857142,OK,OTHER_QH_IN_SAME_HOUR_INVALID
2026-01-25T09:00:00Z,2026-01-25T11:00:00+02:00,2026-01-25T09:00:00Z,0.8923885714285714,0.0,0.8923885714285714,OK,OTHER_QH_IN_SAME_HOUR_INVALID
2026-01-25T09:15:00Z,2026-01-25T11:15:00+02:00,2026-01-25T09:00:00Z,1.1955885714285714,0.0,1.1955885714285714,ALPHA_OUTSIDE_SIMPLEX,ALPHA_OUTSIDE_SIMPLEX
2026-01-25T09:30:00Z,2026-01-25T11:30:00+02:00,2026-01-25T09:00:00Z,0.7651428571428571,0.0,0.7651428571428571,OK,OTHER_QH_IN_SAME_HOUR_INVALID
2026-01-25T09:45:00Z,2026-01-25T11:45:00+02:00,2026-01-25T09:00:00Z,1.155657142857143,0.0,1.155657142857143,ALPHA_OUTSIDE_SIMPLEX,ALPHA_OUTSIDE_SIMPLEX
2026-01-25T17:00:00Z,2026-01-25T19:00:00+02:00,2026-01-25T17:00:00Z,1.0243657142857143,0.0,1.0243657142857143,ALPHA_OUTSIDE_SIMPLEX,ALPHA_OUTSIDE_SIMPLEX
2026-01-25T17:15:00Z,2026-01-25T19:15:00+02:00,2026-01-25T17:00:00Z,0.8990628571428572,0.0,0.8990628571428572,OK,OTHER_QH_IN_SAME_HOUR_INVALID
2026-01-25T17:30:00Z,2026-01-25T19:30:00+02:00,2026-01-25T17:00:00Z,0.14,0.0,0.14,OK,OTHER_QH_IN_SAME_HOUR_INVALID
2026-01-25T17:45:00Z,2026-01-25T19:45:00+02:00,2026-01-25T17:00:00Z,0.18989714285714285,0.00013714285714285713,0.1900342857142857,OK,OTHER_QH_IN_SAME_HOUR_INVALID
2026-01-25T19:00:00Z,2026-01-25T21:00:00+02:00,2026-01-25T19:00:00Z,0.09979428571428571,0.04153142857142857,0.14132571428571428,OK,OTHER_QH_IN_SAME_HOUR_INVALID
2026-01-25T19:15:00Z,2026-01-25T21:15:00+02:00,2026-01-25T19:00:00Z,0.0002514285714285714,0.046491428571428565,0.046742857142857135,OK,OTHER_QH_IN_SAME_HOUR_INVALID
2026-01-25T19:30:00Z,2026-01-25T21:30:00+02:00,2026-01-25T19:00:00Z,0.0,0.5295542857142856,0.5295542857142856,OK,OTHER_QH_IN_SAME_HOUR_INVALID
2026-01-25T19:45:00Z,2026-01-25T21:45:00+02:00,2026-01-25T19:00:00Z,0.0,1.1480914285714285,1.1480914285714285,ALPHA_OUTSIDE_SIMPLEX,ALPHA_OUTSIDE_SIMPLEX
2026-01-25T21:00:00Z,2026-01-25T23:00:00+02:00,2026-01-25T21:00:00Z,0.8018057142857143,0.0,0.8018057142857143,OK,OTHER_QH_IN_SAME_HOUR_INVALID
2026-01-25T21:15:00Z,2026-01-25T23:15:00+02:00,2026-01-25T21:00:00Z,1.0800914285714285,0.0,1.0800914285714285,ALPHA_OUTSIDE_SIMPLEX,ALPHA_OUTSIDE_SIMPLEX
2026-01-25T21:30:00Z,2026-01-25T23:30:00+02:00,2026-01-25T21:00:00Z,0.06178285714285714,0.0,0.06178285714285714,OK,OTHER_QH_IN_SAME_HOUR_INVALID
2026-01-25T21:45:00Z,2026-01-25T23:45:00+02:00,2026-01-25T21:00:00Z,0.04521142857142857,0.008685714285714286,0.05389714285714285,OK,OTHER_QH_IN_SAME_HOUR_INVALID
2026-01-26T06:00:00Z,2026-01-26T08:00:00+02:00,2026-01-26T06:00:00Z,0.0,1.3626057142857142,1.3626057142857142,ALPHA_OUTSIDE_SIMPLEX,ALPHA_OUTSIDE_SIMPLEX
2026-01-26T06:15:00Z,2026-01-26T08:15:00+02:00,2026-01-26T06:00:00Z,0.0033599999999999997,0.02393142857142857,0.027291428571428567,OK,OTHER_QH_IN_SAME_HOUR_INVALID
2026-01-26T06:30:00Z,2026-01-26T08:30:00+02:00,2026-01-26T06:00:00Z,0.031360000000000006,0.00288,0.03424000000000001,OK,OTHER_QH_IN_SAME_HOUR_INVALID
2026-01-26T06:45:00Z,2026-01-26T08:45:00+02:00,2026-01-26T06:00:00Z,0.13506285714285715,0.0005485714285714285,0.13561142857142858,OK,OTHER_QH_IN_SAME_HOUR_INVALID
2026-01-26T07:00:00Z,2026-01-26T09:00:00+02:00,2026-01-26T07:00:00Z,0.14379428571428574,0.00032,0.14411428571428572,OK,OTHER_QH_IN_SAME_HOUR_INVALID
2026-01-26T07:15:00Z,2026-01-26T09:15:00+02:00,2026-01-26T07:00:00Z,0.3882057142857143,0.0,0.3882057142857143,OK,OTHER_QH_IN_SAME_HOUR_INVALID
2026-01-26T07:30:00Z,2026-01-26T09:30:00+02:00,2026-01-26T07:00:00Z,0.7128457142857143,0.0,0.7128457142857143,OK,OTHER_QH_IN_SAME_HOUR_INVALID
2026-01-26T07:45:00Z,2026-01-26T09:45:00+02:00,2026-01-26T07:00:00Z,1.018902857142857,0.0,1.018902857142857,ALPHA_OUTSIDE_SIMPLEX,ALPHA_OUTSIDE_SIMPLEX
2026-01-26T15:00:00Z,2026-01-26T17:00:00+02:00,2026-01-26T15:00:00Z,1.3617599999999999,0.0,1.3617599999999999,ALPHA_OUTSIDE_SIMPLEX,ALPHA_OUTSIDE_SIMPLEX
2026-01-26T15:15:00Z,2026-01-26T17:15:00+02:00,2026-01-26T15:00:00Z,2.0311999999999997,0.0,2.0311999999999997,ALPHA_OUTSIDE_SIMPLEX,ALPHA_OUTSIDE_SIMPLEX
2026-01-26T15:30:00Z,2026-01-26T17:30:00+02:00,2026-01-26T15:00:00Z,0.3218057142857143,2.2857142857142858e-05,0.32182857142857146,OK,OTHER_QH_IN_SAME_HOUR_INVALID
2026-01-26T15:45:00Z,2026-01-26T17:45:00+02:00,2026-01-26T15:00:00Z,0.06048,2.2857142857142858e-05,0.06050285714285714,OK,OTHER_QH_IN_SAME_HOUR_INVALID
2026-01-26T21:00:00Z,2026-01-26T23:00:00+02:00,2026-01-26T21:00:00Z,0.0,0.2136,0.2136,OK,OTHER_QH_IN_SAME_HOUR_INVALID
2026-01-26T21:15:00Z,2026-01-26T23:15:00+02:00,2026-01-26T21:00:00Z,0.0,0.34011428571428576,0.34011428571428576,OK,OTHER_QH_IN_SAME_HOUR_INVALID
2026-01-26T21:30:00Z,2026-01-26T23:30:00+02:00,2026-01-26T21:00:00Z,0.0,0.3856,0.3856,OK,OTHER_QH_IN_SAME_HOUR_INVALID
2026-01-26T21:45:00Z,2026-01-26T23:45:00+02:00,2026-01-26T21:00:00Z,0.0,1.004662857142857,1.004662857142857,ALPHA_OUTSIDE_SIMPLEX,ALPHA_OUTSIDE_SIMPLEX
2026-01-26T22:00:00Z,2026-01-27T00:00:00+02:00,2026-01-26T22:00:00Z,0.0,0.8240457142857143,0.8240457142857143,OK,OTHER_QH_IN_SAME_HOUR_INVALID
2026-01-26T22:15:00Z,2026-01-27T00:15:00+02:00,2026-01-26T22:00:00Z,0.0,0.47510857142857144,0.47510857142857144,OK,OTHER_QH_IN_SAME_HOUR_INVALID
2026-01-26T22:30:00Z,2026-01-27T00:30:00+02:00,2026-01-26T22:00:00Z,0.0,0.5412342857142857,0.5412342857142857,OK,OTHER_QH_IN_SAME_HOUR_INVALID
2026-01-26T22:45:00Z,2026-01-27T00:45:00+02:00,2026-01-26T22:00:00Z,0.0,1.2029485714285715,1.2029485714285715,ALPHA_OUTSIDE_SIMPLEX,ALPHA_OUTSIDE_SIMPLEX
2026-01-26T23:00:00Z,2026-01-27T01:00:00+02:00,2026-01-26T23:00:00Z,0.0021714285714285715,0.8670628571428571,0.8692342857142857,OK,OTHER_QH_IN_SAME_HOUR_INVALID
2026-01-26T23:15:00Z,2026-01-27T01:15:00+02:00,2026-01-26T23:00:00Z,2.099337142857143,0.0,2.099337142857143,ALPHA_OUTSIDE_SIMPLEX,ALPHA_OUTSIDE_SIMPLEX
2026-01-26T23:30:00Z,2026-01-27T01:30:00+02:00,2026-01-26T23:00:00Z,0.7067657142857142,0.02893714285714286,0.7357028571428571,OK,OTHER_QH_IN_SAME_HOUR_INVALID
2026-01-26T23:45:00Z,2026-01-27T01:45:00+02:00,2026-01-26T23:00:00Z,0.0008457142857142857,0.0392,0.04004571428571428,OK,OTHER_QH_IN_SAME_HOUR_INVALID
2026-01-27T01:00:00Z,2026-01-27T03:00:00+02:00,2026-01-27T01:00:00Z,0.0,0.7746285714285714,0.7746285714285714,OK,OTHER_QH_IN_SAME_HOUR_INVALID
2026-01-27T01:15:00Z,2026-01-27T03:15:00+02:00,2026-01-27T01:00:00Z,0.0,1.6562742857142858,1.6562742857142858,ALPHA_OUTSIDE_SIMPLEX,ALPHA_OUTSIDE_SIMPLEX
2026-01-27T01:30:00Z,2026-01-27T03:30:00+02:00,2026-01-27T01:00:00Z,0.07606857142857143,0.17993142857142858,0.256,OK,OTHER_QH_IN_SAME_HOUR_INVALID
2026-01-27T01:45:00Z,2026-01-27T03:45:00+02:00,2026-01-27T01:00:00Z,0.006354285714285715,0.0009142857142857143,0.00726857142857143,OK,OTHER_QH_IN_SAME_HOUR_INVALID
2026-01-27T04:00:00Z,2026-01-27T06:00:00+02:00,2026-01-27T04:00:00Z,0.0,1.10304,1.10304,ALPHA_OUTSIDE_SIMPLEX,ALPHA_OUTSIDE_SIMPLEX
2026-01-27T04:15:00Z,2026-01-27T06:15:00+02:00,2026-01-27T04:00:00Z,0.0,1.2282285714285714,1.2282285714285714,ALPHA_OUTSIDE_SIMPLEX,ALPHA_OUTSIDE_SIMPLEX
2026-01-27T04:30:00Z,2026-01-27T06:30:00+02:00,2026-01-27T04:00:00Z,0.0,0.35442285714285715,0.35442285714285715,OK,OTHER_QH_IN_SAME_HOUR_INVALID
2026-01-27T04:45:00Z,2026-01-27T06:45:00+02:00,2026-01-27T04:00:00Z,0.005714285714285714,0.015931428571428572,0.021645714285714285,OK,OTHER_QH_IN_SAME_HOUR_INVALID
2026-01-29T05:00:00Z,2026-01-29T07:00:00+02:00,2026-01-29T05:00:00Z,0.3851657142857143,0.0,0.3851657142857143,OK,OTHER_QH_IN_SAME_HOUR_INVALID
2026-01-29T05:15:00Z,2026-01-29T07:15:00+02:00,2026-01-29T05:00:00Z,1.0341257142857143,0.0,1.0341257142857143,ALPHA_OUTSIDE_SIMPLEX,ALPHA_OUTSIDE_SIMPLEX
2026-01-29T05:30:00Z,2026-01-29T07:30:00+02:00,2026-01-29T05:00:00Z,0.18827428571428573,0.00013714285714285713,0.1884114285714286,OK,OTHER_QH_IN_SAME_HOUR_INVALID
2026-01-29T05:45:00Z,2026-01-29T07:45:00+02:00,2026-01-29T05:00:00Z,0.1876342857142857,6.857142857142857e-05,0.18770285714285712,OK,OTHER_QH_IN_SAME_HOUR_INVALID
2026-01-29T08:00:00Z,2026-01-29T10:00:00+02:00,2026-01-29T08:00:00Z,1.5696914285714287,0.0,1.5696914285714287,ALPHA_OUTSIDE_SIMPLEX,ALPHA_OUTSIDE_SIMPLEX
2026-01-29T08:15:00Z,2026-01-29T10:15:00+02:00,2026-01-29T08:00:00Z,0.57696,0.0,0.57696,OK,OTHER_QH_IN_SAME_HOUR_INVALID
2026-01-29T08:30:00Z,2026-01-29T10:30:00+02:00,2026-01-29T08:00:00Z,0.2765257142857143,0.0,0.2765257142857143,OK,OTHER_QH_IN_SAME_HOUR_INVALID
2026-01-29T08:45:00Z,2026-01-29T10:45:00+02:00,2026-01-29T08:00:00Z,0.017142857142857144,0.017302857142857144,0.03444571428571429,OK,OTHER_QH_IN_SAME_HOUR_INVALID
2026-02-01T16:00:00Z,2026-02-01T18:00:00+02:00,2026-02-01T16:00:00Z,0.0,0.46386285714285713,0.46386285714285713,OK,OTHER_QH_IN_SAME_HOUR_INVALID
2026-02-01T16:15:00Z,2026-02-01T18:15:00+02:00,2026-02-01T16:00:00Z,0.027931428571428572,0.07615999999999999,0.10409142857142856,OK,OTHER_QH_IN_SAME_HOUR_INVALID
2026-02-01T16:30:00Z,2026-02-01T18:30:00+02:00,2026-02-01T16:00:00Z,1.4178742857142856,0.0,1.4178742857142856,ALPHA_OUTSIDE_SIMPLEX,ALPHA_OUTSIDE_SIMPLEX
2026-02-01T16:45:00Z,2026-02-01T18:45:00+02:00,2026-02-01T16:00:00Z,0.8778742857142856,0.005234285714285715,0.8831085714285714,OK,OTHER_QH_IN_SAME_HOUR_INVALID
2026-02-01T19:00:00Z,2026-02-01T21:00:00+02:00,2026-02-01T19:00:00Z,1.2501257142857143,0.0,1.2501257142857143,ALPHA_OUTSIDE_SIMPLEX,ALPHA_OUTSIDE_SIMPLEX
2026-02-01T19:15:00Z,2026-02-01T21:15:00+02:00,2026-02-01T19:00:00Z,0.2823771428571428,0.00027428571428571427,0.28265142857142855,OK,OTHER_QH_IN_SAME_HOUR_INVALID
2026-02-01T19:30:00Z,2026-02-01T21:30:00+02:00,2026-02-01T19:00:00Z,0.0,0.1457142857142857,0.1457142857142857,OK,OTHER_QH_IN_SAME_HOUR_INVALID
2026-02-01T19:45:00Z,2026-02-01T21:45:00+02:00,2026-02-01T19:00:00Z,0.0,0.08182857142857143,0.08182857142857143,OK,OTHER_QH_IN_SAME_HOUR_INVALID
2026-02-04T10:00:00Z,2026-02-04T12:00:00+02:00,2026-02-04T10:00:00Z,0.0,1.0636114285714287,1.0636114285714287,ALPHA_OUTSIDE_SIMPLEX,ALPHA_OUTSIDE_SIMPLEX
2026-02-04T10:15:00Z,2026-02-04T12:15:00+02:00,2026-02-04T10:00:00Z,0.0,0.4495542857142857,0.4495542857142857,OK,OTHER_QH_IN_SAME_HOUR_INVALID
2026-02-04T10:30:00Z,2026-02-04T12:30:00+02:00,2026-02-04T10:00:00Z,0.0,0.16237714285714286,0.16237714285714286,OK,OTHER_QH_IN_SAME_HOUR_INVALID
2026-02-04T10:45:00Z,2026-02-04T12:45:00+02:00,2026-02-04T10:00:00Z,0.0,0.42598857142857144,0.42598857142857144,OK,OTHER_QH_IN_SAME_HOUR_INVALID
2026-02-04T19:00:00Z,2026-02-04T21:00:00+02:00,2026-02-04T19:00:00Z,0.0,0.2474742857142857,0.2474742857142857,OK,OTHER_QH_IN_SAME_HOUR_INVALID
2026-02-04T19:15:00Z,2026-02-04T21:15:00+02:00,2026-02-04T19:00:00Z,0.0,0.9307428571428571,0.9307428571428571,OK,OTHER_QH_IN_SAME_HOUR_INVALID
2026-02-04T19:30:00Z,2026-02-04T21:30:00+02:00,2026-02-04T19:00:00Z,0.0,0.6556114285714286,0.6556114285714286,OK,OTHER_QH_IN_SAME_HOUR_INVALID
2026-02-04T19:45:00Z,2026-02-04T21:45:00+02:00,2026-02-04T19:00:00Z,0.0,1.07904,1.07904,ALPHA_OUTSIDE_SIMPLEX,ALPHA_OUTSIDE_SIMPLEX
2026-02-05T15:00:00Z,2026-02-05T17:00:00+02:00,2026-02-05T15:00:00Z,0.44171428571428567,0.0,0.44171428571428567,OK,OTHER_QH_IN_SAME_HOUR_INVALID
2026-02-05T15:15:00Z,2026-02-05T17:15:00+02:00,2026-02-05T15:00:00Z,0.8931885714285713,0.0,0.8931885714285713,OK,OTHER_QH_IN_SAME_HOUR_INVALID
2026-02-05T15:30:00Z,2026-02-05T17:30:00+02:00,2026-02-05T15:00:00Z,1.2875885714285715,0.0,1.2875885714285715,ALPHA_OUTSIDE_SIMPLEX,ALPHA_OUTSIDE_SIMPLEX
2026-02-05T15:45:00Z,2026-02-05T17:45:00+02:00,2026-02-05T15:00:00Z,0.5686171428571428,0.0,0.5686171428571428,OK,OTHER_QH_IN_SAME_HOUR_INVALID
2026-02-05T19:00:00Z,2026-02-05T21:00:00+02:00,2026-02-05T19:00:00Z,0.0,0.3637714285714286,0.3637714285714286,OK,OTHER_QH_IN_SAME_HOUR_INVALID
2026-02-05T19:15:00Z,2026-02-05T21:15:00+02:00,2026-02-05T19:00:00Z,0.0,0.5692342857142857,0.5692342857142857,OK,OTHER_QH_IN_SAME_HOUR_INVALID
2026-02-05T19:30:00Z,2026-02-05T21:30:00+02:00,2026-02-05T19:00:00Z,0.0,0.6570057142857143,0.6570057142857143,OK,OTHER_QH_IN_SAME_HOUR_INVALID
2026-02-05T19:45:00Z,2026-02-05T21:45:00+02:00,2026-02-05T19:00:00Z,0.0,1.0870857142857144,1.0870857142857144,ALPHA_OUTSIDE_SIMPLEX,ALPHA_OUTSIDE_SIMPLEX
2026-02-06T03:00:00Z,2026-02-06T05:00:00+02:00,2026-02-06T03:00:00Z,0.00064,0.13113142857142857,0.13177142857142857,OK,OTHER_QH_IN_SAME_HOUR_INVALID
2026-02-06T03:15:00Z,2026-02-06T05:15:00+02:00,2026-02-06T03:00:00Z,0.0,0.3717257142857143,0.3717257142857143,OK,OTHER_QH_IN_SAME_HOUR_INVALID
2026-02-06T03:30:00Z,2026-02-06T05:30:00+02:00,2026-02-06T03:00:00Z,0.0,1.024,1.024,ALPHA_OUTSIDE_SIMPLEX,ALPHA_OUTSIDE_SIMPLEX
2026-02-06T03:45:00Z,2026-02-06T05:45:00+02:00,2026-02-06T03:00:00Z,0.0,0.5973028571428571,0.5973028571428571,OK,OTHER_QH_IN_SAME_HOUR_INVALID
2026-02-08T23:00:00Z,2026-02-09T01:00:00+02:00,2026-02-08T23:00:00Z,0.0,0.5285942857142858,0.5285942857142858,OK,OTHER_QH_IN_SAME_HOUR_INVALID
2026-02-08T23:15:00Z,2026-02-09T01:15:00+02:00,2026-02-08T23:00:00Z,0.0,0.79344,0.79344,OK,OTHER_QH_IN_SAME_HOUR_INVALID
2026-02-08T23:30:00Z,2026-02-09T01:30:00+02:00,2026-02-08T23:00:00Z,0.0,1.0616685714285714,1.0616685714285714,ALPHA_OUTSIDE_SIMPLEX,ALPHA_OUTSIDE_SIMPLEX
2026-02-08T23:45:00Z,2026-02-09T01:45:00+02:00,2026-02-08T23:00:00Z,0.0,1.0429714285714287,1.0429714285714287,ALPHA_OUTSIDE_SIMPLEX,ALPHA_OUTSIDE_SIMPLEX
2026-02-09T08:00:00Z,2026-02-09T10:00:00+02:00,2026-02-09T08:00:00Z,1.1069257142857143,0.0,1.1069257142857143,ALPHA_OUTSIDE_SIMPLEX,ALPHA_OUTSIDE_SIMPLEX
2026-02-09T08:15:00Z,2026-02-09T10:15:00+02:00,2026-02-09T08:00:00Z,0.9123428571428571,0.0,0.9123428571428571,OK,OTHER_QH_IN_SAME_HOUR_INVALID
2026-02-09T08:30:00Z,2026-02-09T10:30:00+02:00,2026-02-09T08:00:00Z,0.20381714285714286,0.0005257142857142857,0.20434285714285716,OK,OTHER_QH_IN_SAME_HOUR_INVALID
2026-02-09T08:45:00Z,2026-02-09T10:45:00+02:00,2026-02-09T08:00:00Z,0.0054628571428571426,0.008114285714285715,0.013577142857142857,OK,OTHER_QH_IN_SAME_HOUR_INVALID
2026-02-09T11:00:00Z,2026-02-09T13:00:00+02:00,2026-02-09T11:00:00Z,0.7568914285714285,0.0,0.7568914285714285,OK,OTHER_QH_IN_SAME_HOUR_INVALID
2026-02-09T11:15:00Z,2026-02-09T13:15:00+02:00,2026-02-09T11:00:00Z,0.7825371428571428,0.0,0.7825371428571428,OK,OTHER_QH_IN_SAME_HOUR_INVALID
2026-02-09T11:30:00Z,2026-02-09T13:30:00+02:00,2026-02-09T11:00:00Z,1.380137142857143,0.0,1.380137142857143,ALPHA_OUTSIDE_SIMPLEX,ALPHA_OUTSIDE_SIMPLEX
2026-02-09T11:45:00Z,2026-02-09T13:45:00+02:00,2026-02-09T11:00:00Z,0.5157942857142856,0.0,0.5157942857142856,OK,OTHER_QH_IN_SAME_HOUR_INVALID
2026-02-09T16:00:00Z,2026-02-09T18:00:00+02:00,2026-02-09T16:00:00Z,0.5164571428571428,0.0,0.5164571428571428,OK,OTHER_QH_IN_SAME_HOUR_INVALID
2026-02-09T16:15:00Z,2026-02-09T18:15:00+02:00,2026-02-09T16:00:00Z,1.0174628571428572,0.0,1.0174628571428572,ALPHA_OUTSIDE_SIMPLEX,ALPHA_OUTSIDE_SIMPLEX
2026-02-09T16:30:00Z,2026-02-09T18:30:00+02:00,2026-02-09T16:00:00Z,0.4242057142857143,0.0,0.4242057142857143,OK,OTHER_QH_IN_SAME_HOUR_INVALID
2026-02-09T16:45:00Z,2026-02-09T18:45:00+02:00,2026-02-09T16:00:00Z,0.16294857142857141,0.002262857142857143,0.16521142857142856,OK,OTHER_QH_IN_SAME_HOUR_INVALID
2026-02-11T12:00:00Z,2026-02-11T14:00:00+02:00,2026-02-11T12:00:00Z,0.0,0.786582857142857,0.786582857142857,OK,OTHER_QH_IN_SAME_HOUR_INVALID
2026-02-11T12:15:00Z,2026-02-11T14:15:00+02:00,2026-02-11T12:00:00Z,0.0,1.8936914285714286,1.8936914285714286,ALPHA_OUTSIDE_SIMPLEX,ALPHA_OUTSIDE_SIMPLEX
2026-02-11T12:30:00Z,2026-02-11T14:30:00+02:00,2026-02-11T12:00:00Z,0.0,0.45542857142857146,0.45542857142857146,OK,OTHER_QH_IN_SAME_HOUR_INVALID
2026-02-11T12:45:00Z,2026-02-11T14:45:00+02:00,2026-02-11T12:00:00Z,0.0,2.271702857142857,2.271702857142857,ALPHA_OUTSIDE_SIMPLEX,ALPHA_OUTSIDE_SIMPLEX
2026-02-12T07:00:00Z,2026-02-12T09:00:00+02:00,2026-02-12T07:00:00Z,0.0,1.1234057142857143,1.1234057142857143,ALPHA_OUTSIDE_SIMPLEX,ALPHA_OUTSIDE_SIMPLEX
2026-02-12T07:15:00Z,2026-02-12T09:15:00+02:00,2026-02-12T07:00:00Z,0.0,1.0800685714285714,1.0800685714285714,ALPHA_OUTSIDE_SIMPLEX,ALPHA_OUTSIDE_SIMPLEX
2026-02-12T07:30:00Z,2026-02-12T09:30:00+02:00,2026-02-12T07:00:00Z,0.0,1.3490057142857141,1.3490057142857141,ALPHA_OUTSIDE_SIMPLEX,ALPHA_OUTSIDE_SIMPLEX
2026-02-12T07:45:00Z,2026-02-12T09:45:00+02:00,2026-02-12T07:00:00Z,0.0,1.0802742857142857,1.0802742857142857,ALPHA_OUTSIDE_SIMPLEX,ALPHA_OUTSIDE_SIMPLEX
2026-02-13T13:00:00Z,2026-02-13T15:00:00+02:00,2026-02-13T13:00:00Z,0.0,1.0024457142857142,1.0024457142857142,ALPHA_OUTSIDE_SIMPLEX,ALPHA_OUTSIDE_SIMPLEX
2026-02-13T13:15:00Z,2026-02-13T15:15:00+02:00,2026-02-13T13:00:00Z,2.2857142857142858e-05,0.16893714285714287,0.16896,OK,OTHER_QH_IN_SAME_HOUR_INVALID
2026-02-13T13:30:00Z,2026-02-13T15:30:00+02:00,2026-02-13T13:00:00Z,0.0002057142857142857,0.06553142857142857,0.06573714285714286,OK,OTHER_QH_IN_SAME_HOUR_INVALID
2026-02-13T13:45:00Z,2026-02-13T15:45:00+02:00,2026-02-13T13:00:00Z,0.04605714285714286,0.014582857142857144,0.06064,OK,OTHER_QH_IN_SAME_HOUR_INVALID
2026-02-14T06:00:00Z,2026-02-14T08:00:00+02:00,2026-02-14T06:00:00Z,0.012640000000000002,0.19341714285714284,0.20605714285714286,OK,OTHER_QH_IN_SAME_HOUR_INVALID
2026-02-14T06:15:00Z,2026-02-14T08:15:00+02:00,2026-02-14T06:00:00Z,0.0,0.4770514285714285,0.4770514285714285,OK,OTHER_QH_IN_SAME_HOUR_INVALID
2026-02-14T06:30:00Z,2026-02-14T08:30:00+02:00,2026-02-14T06:00:00Z,0.0,1.18272,1.18272,ALPHA_OUTSIDE_SIMPLEX,ALPHA_OUTSIDE_SIMPLEX
2026-02-14T06:45:00Z,2026-02-14T08:45:00+02:00,2026-02-14T06:00:00Z,0.0,1.06128,1.06128,ALPHA_OUTSIDE_SIMPLEX,ALPHA_OUTSIDE_SIMPLEX
2026-02-14T13:00:00Z,2026-02-14T15:00:00+02:00,2026-02-14T13:00:00Z,0.13394285714285714,0.0018971428571428572,0.13584,OK,OTHER_QH_IN_SAME_HOUR_INVALID
2026-02-14T13:15:00Z,2026-02-14T15:15:00+02:00,2026-02-14T13:00:00Z,0.5869485714285714,0.0,0.5869485714285714,OK,OTHER_QH_IN_SAME_HOUR_INVALID
2026-02-14T13:30:00Z,2026-02-14T15:30:00+02:00,2026-02-14T13:00:00Z,1.1256457142857144,0.0,1.1256457142857144,ALPHA_OUTSIDE_SIMPLEX,ALPHA_OUTSIDE_SIMPLEX
2026-02-14T13:45:00Z,2026-02-14T15:45:00+02:00,2026-02-14T13:00:00Z,1.3314285714285714,0.0,1.3314285714285714,ALPHA_OUTSIDE_SIMPLEX,ALPHA_OUTSIDE_SIMPLEX
2026-02-14T18:00:00Z,2026-02-14T20:00:00+02:00,2026-02-14T18:00:00Z,0.8181942857142857,0.0,0.8181942857142857,OK,OTHER_QH_IN_SAME_HOUR_INVALID
2026-02-14T18:15:00Z,2026-02-14T20:15:00+02:00,2026-02-14T18:00:00Z,0.7773485714285714,0.0,0.7773485714285714,OK,OTHER_QH_IN_SAME_HOUR_INVALID
2026-02-14T18:30:00Z,2026-02-14T20:30:00+02:00,2026-02-14T18:00:00Z,0.05206857142857143,0.5411428571428571,0.5932114285714286,OK,OTHER_QH_IN_SAME_HOUR_INVALID
2026-02-14T18:45:00Z,2026-02-14T20:45:00+02:00,2026-02-14T18:00:00Z,0.0,1.1852342857142857,1.1852342857142857,ALPHA_OUTSIDE_SIMPLEX,ALPHA_OUTSIDE_SIMPLEX
2026-02-15T01:00:00Z,2026-02-15T03:00:00+02:00,2026-02-15T01:00:00Z,0.0,1.164297142857143,1.164297142857143,ALPHA_OUTSIDE_SIMPLEX,ALPHA_OUTSIDE_SIMPLEX
2026-02-15T01:15:00Z,2026-02-15T03:15:00+02:00,2026-02-15T01:00:00Z,0.0,0.7352228571428571,0.7352228571428571,OK,OTHER_QH_IN_SAME_HOUR_INVALID
2026-02-15T01:30:00Z,2026-02-15T03:30:00+02:00,2026-02-15T01:00:00Z,0.0,0.8370285714285713,0.8370285714285713,OK,OTHER_QH_IN_SAME_HOUR_INVALID
2026-02-15T01:45:00Z,2026-02-15T03:45:00+02:00,2026-02-15T01:00:00Z,0.0,0.4609371428571429,0.4609371428571429,OK,OTHER_QH_IN_SAME_HOUR_INVALID
2026-02-15T13:00:00Z,2026-02-15T15:00:00+02:00,2026-02-15T13:00:00Z,0.061599999999999995,0.0015085714285714286,0.06310857142857143,OK,OTHER_QH_IN_SAME_HOUR_INVALID
2026-02-15T13:15:00Z,2026-02-15T15:15:00+02:00,2026-02-15T13:00:00Z,0.24491428571428572,0.0,0.24491428571428572,OK,OTHER_QH_IN_SAME_HOUR_INVALID
2026-02-15T13:30:00Z,2026-02-15T15:30:00+02:00,2026-02-15T13:00:00Z,0.5997942857142857,0.0,0.5997942857142857,OK,OTHER_QH_IN_SAME_HOUR_INVALID
2026-02-15T13:45:00Z,2026-02-15T15:45:00+02:00,2026-02-15T13:00:00Z,1.5333485714285715,0.0,1.5333485714285715,ALPHA_OUTSIDE_SIMPLEX,ALPHA_OUTSIDE_SIMPLEX
2026-02-15T16:00:00Z,2026-02-15T18:00:00+02:00,2026-02-15T16:00:00Z,0.37853714285714285,0.0,0.37853714285714285,OK,OTHER_QH_IN_SAME_HOUR_INVALID
2026-02-15T16:15:00Z,2026-02-15T18:15:00+02:00,2026-02-15T16:00:00Z,0.5800228571428572,0.0,0.5800228571428572,OK,OTHER_QH_IN_SAME_HOUR_INVALID
2026-02-15T16:30:00Z,2026-02-15T18:30:00+02:00,2026-02-15T16:00:00Z,1.6768,0.0,1.6768,ALPHA_OUTSIDE_SIMPLEX,ALPHA_OUTSIDE_SIMPLEX
2026-02-15T16:45:00Z,2026-02-15T18:45:00+02:00,2026-02-15T16:00:00Z,1.5747200000000001,0.0,1.5747200000000001,ALPHA_OUTSIDE_SIMPLEX,ALPHA_OUTSIDE_SIMPLEX
2026-02-15T17:00:00Z,2026-02-15T19:00:00+02:00,2026-02-15T17:00:00Z,0.6620571428571429,0.0,0.6620571428571429,OK,OTHER_QH_IN_SAME_HOUR_INVALID
2026-02-15T17:15:00Z,2026-02-15T19:15:00+02:00,2026-02-15T17:00:00Z,0.7533942857142857,0.0,0.7533942857142857,OK,OTHER_QH_IN_SAME_HOUR_INVALID
2026-02-15T17:30:00Z,2026-02-15T19:30:00+02:00,2026-02-15T17:00:00Z,0.86496,0.0,0.86496,OK,OTHER_QH_IN_SAME_HOUR_INVALID
2026-02-15T17:45:00Z,2026-02-15T19:45:00+02:00,2026-02-15T17:00:00Z,2.5136,0.0,2.5136,ALPHA_OUTSIDE_SIMPLEX,ALPHA_OUTSIDE_SIMPLEX
2026-02-15T18:00:00Z,2026-02-15T20:00:00+02:00,2026-02-15T18:00:00Z,2.4896000000000003,0.0,2.4896000000000003,ALPHA_OUTSIDE_SIMPLEX,ALPHA_OUTSIDE_SIMPLEX
2026-02-15T18:15:00Z,2026-02-15T20:15:00+02:00,2026-02-15T18:00:00Z,2.5405714285714285,0.0,2.5405714285714285,ALPHA_OUTSIDE_SIMPLEX,ALPHA_OUTSIDE_SIMPLEX
2026-02-15T18:30:00Z,2026-02-15T20:30:00+02:00,2026-02-15T18:00:00Z,1.6700114285714287,0.0,1.6700114285714287,ALPHA_OUTSIDE_SIMPLEX,ALPHA_OUTSIDE_SIMPLEX
2026-02-15T18:45:00Z,2026-02-15T20:45:00+02:00,2026-02-15T18:00:00Z,0.06610285714285714,0.24598857142857145,0.3120914285714286,OK,OTHER_QH_IN_SAME_HOUR_INVALID
2026-02-15T19:00:00Z,2026-02-15T21:00:00+02:00,2026-02-15T19:00:00Z,0.08304,0.1573942857142857,0.2404342857142857,OK,OTHER_QH_IN_SAME_HOUR_INVALID
2026-02-15T19:15:00Z,2026-02-15T21:15:00+02:00,2026-02-15T19:00:00Z,0.0,0.5498971428571429,0.5498971428571429,OK,OTHER_QH_IN_SAME_HOUR_INVALID
2026-02-15T19:30:00Z,2026-02-15T21:30:00+02:00,2026-02-15T19:00:00Z,0.0,1.4971657142857144,1.4971657142857144,ALPHA_OUTSIDE_SIMPLEX,ALPHA_OUTSIDE_SIMPLEX
2026-02-15T19:45:00Z,2026-02-15T21:45:00+02:00,2026-02-15T19:00:00Z,0.0,1.1122742857142858,1.1122742857142858,ALPHA_OUTSIDE_SIMPLEX,ALPHA_OUTSIDE_SIMPLEX
2026-02-15T20:00:00Z,2026-02-15T22:00:00+02:00,2026-02-15T20:00:00Z,0.0,0.3621942857142857,0.3621942857142857,OK,OTHER_QH_IN_SAME_HOUR_INVALID
2026-02-15T20:15:00Z,2026-02-15T22:15:00+02:00,2026-02-15T20:00:00Z,0.0,0.36944,0.36944,OK,OTHER_QH_IN_SAME_HOUR_INVALID
2026-02-15T20:30:00Z,2026-02-15T22:30:00+02:00,2026-02-15T20:00:00Z,0.0,1.0861028571428573,1.0861028571428573,ALPHA_OUTSIDE_SIMPLEX,ALPHA_OUTSIDE_SIMPLEX
2026-02-15T20:45:00Z,2026-02-15T22:45:00+02:00,2026-02-15T20:00:00Z,0.0,1.016182857142857,1.016182857142857,ALPHA_OUTSIDE_SIMPLEX,ALPHA_OUTSIDE_SIMPLEX
2026-02-15T22:00:00Z,2026-02-16T00:00:00+02:00,2026-02-15T22:00:00Z,0.0,1.04944,1.04944,ALPHA_OUTSIDE_SIMPLEX,ALPHA_OUTSIDE_SIMPLEX
2026-02-15T22:15:00Z,2026-02-16T00:15:00+02:00,2026-02-15T22:00:00Z,0.0,1.6429714285714285,1.6429714285714285,ALPHA_OUTSIDE_SIMPLEX,ALPHA_OUTSIDE_SIMPLEX
2026-02-15T22:30:00Z,2026-02-16T00:30:00+02:00,2026-02-15T22:00:00Z,0.0,2.3905142857142856,2.3905142857142856,ALPHA_OUTSIDE_SIMPLEX,ALPHA_OUTSIDE_SIMPLEX
2026-02-15T22:45:00Z,2026-02-16T00:45:00+02:00,2026-02-15T22:00:00Z,0.0,0.6344914285714286,0.6344914285714286,OK,OTHER_QH_IN_SAME_HOUR_INVALID
2026-02-16T11:00:00Z,2026-02-16T13:00:00+02:00,2026-02-16T11:00:00Z,0.0,0.9814857142857142,0.9814857142857142,OK,OTHER_QH_IN_SAME_HOUR_INVALID
2026-02-16T11:15:00Z,2026-02-16T13:15:00+02:00,2026-02-16T11:00:00Z,0.0,0.7714057142857144,0.7714057142857144,OK,OTHER_QH_IN_SAME_HOUR_INVALID
2026-02-16T11:30:00Z,2026-02-16T13:30:00+02:00,2026-02-16T11:00:00Z,0.0,1.0483657142857143,1.0483657142857143,ALPHA_OUTSIDE_SIMPLEX,ALPHA_OUTSIDE_SIMPLEX
2026-02-16T11:45:00Z,2026-02-16T13:45:00+02:00,2026-02-16T11:00:00Z,0.0,1.0757942857142857,1.0757942857142857,ALPHA_OUTSIDE_SIMPLEX,ALPHA_OUTSIDE_SIMPLEX
2026-02-16T23:00:00Z,2026-02-17T01:00:00+02:00,2026-02-16T23:00:00Z,,,,ALPHA_UNCOMPUTABLE,ALPHA_UNCOMPUTABLE
2026-02-16T23:15:00Z,2026-02-17T01:15:00+02:00,2026-02-16T23:00:00Z,0.871862857142857,0.0,0.871862857142857,OK,OTHER_QH_IN_SAME_HOUR_INVALID
2026-02-16T23:30:00Z,2026-02-17T01:30:00+02:00,2026-02-16T23:00:00Z,0.5740342857142857,0.0,0.5740342857142857,OK,OTHER_QH_IN_SAME_HOUR_INVALID
2026-02-16T23:45:00Z,2026-02-17T01:45:00+02:00,2026-02-16T23:00:00Z,0.46036571428571427,0.0,0.46036571428571427,OK,OTHER_QH_IN_SAME_HOUR_INVALID
2026-02-17T08:00:00Z,2026-02-17T10:00:00+02:00,2026-02-17T08:00:00Z,0.5827428571428571,0.0,0.5827428571428571,OK,OTHER_QH_IN_SAME_HOUR_INVALID
2026-02-17T08:15:00Z,2026-02-17T10:15:00+02:00,2026-02-17T08:00:00Z,1.2190171428571428,0.0,1.2190171428571428,ALPHA_OUTSIDE_SIMPLEX,ALPHA_OUTSIDE_SIMPLEX
2026-02-17T08:30:00Z,2026-02-17T10:30:00+02:00,2026-02-17T08:00:00Z,0.48303999999999997,0.0,0.48303999999999997,OK,OTHER_QH_IN_SAME_HOUR_INVALID
2026-02-17T08:45:00Z,2026-02-17T10:45:00+02:00,2026-02-17T08:00:00Z,0.4745142857142858,0.0,0.4745142857142858,OK,OTHER_QH_IN_SAME_HOUR_INVALID
2026-02-18T14:00:00Z,2026-02-18T16:00:00+02:00,2026-02-18T14:00:00Z,0.0,2.2298285714285715,2.2298285714285715,ALPHA_OUTSIDE_SIMPLEX,ALPHA_OUTSIDE_SIMPLEX
2026-02-18T14:15:00Z,2026-02-18T16:15:00+02:00,2026-02-18T14:00:00Z,0.001142857142857143,0.4458285714285714,0.4469714285714286,OK,OTHER_QH_IN_SAME_HOUR_INVALID
2026-02-18T14:30:00Z,2026-02-18T16:30:00+02:00,2026-02-18T14:00:00Z,0.21654857142857142,0.00018285714285714286,0.21673142857142857,OK,OTHER_QH_IN_SAME_HOUR_INVALID
2026-02-18T14:45:00Z,2026-02-18T16:45:00+02:00,2026-02-18T14:00:00Z,0.5264685714285715,0.0,0.5264685714285715,OK,OTHER_QH_IN_SAME_HOUR_INVALID
2026-02-19T06:00:00Z,2026-02-19T08:00:00+02:00,2026-02-19T06:00:00Z,0.0,0.14203428571428572,0.14203428571428572,OK,OTHER_QH_IN_SAME_HOUR_INVALID
2026-02-19T06:15:00Z,2026-02-19T08:15:00+02:00,2026-02-19T06:00:00Z,0.0,0.2166857142857143,0.2166857142857143,OK,OTHER_QH_IN_SAME_HOUR_INVALID
2026-02-19T06:30:00Z,2026-02-19T08:30:00+02:00,2026-02-19T06:00:00Z,0.0,0.7034057142857143,0.7034057142857143,OK,OTHER_QH_IN_SAME_HOUR_INVALID
2026-02-19T06:45:00Z,2026-02-19T08:45:00+02:00,2026-02-19T06:00:00Z,0.0,1.1636571428571427,1.1636571428571427,ALPHA_OUTSIDE_SIMPLEX,ALPHA_OUTSIDE_SIMPLEX
2026-02-19T17:00:00Z,2026-02-19T19:00:00+02:00,2026-02-19T17:00:00Z,0.0024,0.023885714285714284,0.026285714285714284,OK,OTHER_QH_IN_SAME_HOUR_INVALID
2026-02-19T17:15:00Z,2026-02-19T19:15:00+02:00,2026-02-19T17:00:00Z,2.2857142857142858e-05,0.06628571428571428,0.06630857142857143,OK,OTHER_QH_IN_SAME_HOUR_INVALID
2026-02-19T17:30:00Z,2026-02-19T19:30:00+02:00,2026-02-19T17:00:00Z,0.0,1.1337142857142857,1.1337142857142857,ALPHA_OUTSIDE_SIMPLEX,ALPHA_OUTSIDE_SIMPLEX
2026-02-19T17:45:00Z,2026-02-19T19:45:00+02:00,2026-02-19T17:00:00Z,0.0,0.2264,0.2264,OK,OTHER_QH_IN_SAME_HOUR_INVALID
2026-02-19T18:00:00Z,2026-02-19T20:00:00+02:00,2026-02-19T18:00:00Z,0.0,0.5361371428571429,0.5361371428571429,OK,OTHER_QH_IN_SAME_HOUR_INVALID
2026-02-19T18:15:00Z,2026-02-19T20:15:00+02:00,2026-02-19T18:00:00Z,0.0,1.025462857142857,1.025462857142857,ALPHA_OUTSIDE_SIMPLEX,ALPHA_OUTSIDE_SIMPLEX
2026-02-19T18:30:00Z,2026-02-19T20:30:00+02:00,2026-02-19T18:00:00Z,0.0,0.5200457142857142,0.5200457142857142,OK,OTHER_QH_IN_SAME_HOUR_INVALID
2026-02-19T18:45:00Z,2026-02-19T20:45:00+02:00,2026-02-19T18:00:00Z,0.0,0.5323885714285714,0.5323885714285714,OK,OTHER_QH_IN_SAME_HOUR_INVALID
2026-02-20T04:00:00Z,2026-02-20T06:00:00+02:00,2026-02-20T04:00:00Z,0.6123428571428571,0.0,0.6123428571428571,OK,OTHER_QH_IN_SAME_HOUR_INVALID
2026-02-20T04:15:00Z,2026-02-20T06:15:00+02:00,2026-02-20T04:00:00Z,0.9981485714285714,0.0,0.9981485714285714,OK,OTHER_QH_IN_SAME_HOUR_INVALID
2026-02-20T04:30:00Z,2026-02-20T06:30:00+02:00,2026-02-20T04:00:00Z,0.6171885714285714,0.0,0.6171885714285714,OK,OTHER_QH_IN_SAME_HOUR_INVALID
2026-02-20T04:45:00Z,2026-02-20T06:45:00+02:00,2026-02-20T04:00:00Z,1.4265142857142856,0.0,1.4265142857142856,ALPHA_OUTSIDE_SIMPLEX,ALPHA_OUTSIDE_SIMPLEX
2026-02-20T10:00:00Z,2026-02-20T12:00:00+02:00,2026-02-20T10:00:00Z,0.0,0.5900114285714285,0.5900114285714285,OK,OTHER_QH_IN_SAME_HOUR_INVALID
2026-02-20T10:15:00Z,2026-02-20T12:15:00+02:00,2026-02-20T10:00:00Z,0.0,0.9619657142857142,0.9619657142857142,OK,OTHER_QH_IN_SAME_HOUR_INVALID
2026-02-20T10:30:00Z,2026-02-20T12:30:00+02:00,2026-02-20T10:00:00Z,0.0,1.2375542857142858,1.2375542857142858,ALPHA_OUTSIDE_SIMPLEX,ALPHA_OUTSIDE_SIMPLEX
2026-02-20T10:45:00Z,2026-02-20T12:45:00+02:00,2026-02-20T10:00:00Z,0.0,1.4888457142857143,1.4888457142857143,ALPHA_OUTSIDE_SIMPLEX,ALPHA_OUTSIDE_SIMPLEX
2026-02-20T11:00:00Z,2026-02-20T13:00:00+02:00,2026-02-20T11:00:00Z,0.0,1.3802742857142858,1.3802742857142858,ALPHA_OUTSIDE_SIMPLEX,ALPHA_OUTSIDE_SIMPLEX
2026-02-20T11:15:00Z,2026-02-20T13:15:00+02:00,2026-02-20T11:00:00Z,0.0004114285714285714,0.10758857142857142,0.108,OK,OTHER_QH_IN_SAME_HOUR_INVALID
2026-02-20T11:30:00Z,2026-02-20T13:30:00+02:00,2026-02-20T11:00:00Z,0.026491428571428572,0.0008914285714285714,0.027382857142857143,OK,OTHER_QH_IN_SAME_HOUR_INVALID
2026-02-20T11:45:00Z,2026-02-20T13:45:00+02:00,2026-02-20T11:00:00Z,0.0056,0.0054628571428571426,0.011062857142857142,OK,OTHER_QH_IN_SAME_HOUR_INVALID
2026-02-20T17:00:00Z,2026-02-20T19:00:00+02:00,2026-02-20T17:00:00Z,0.0,1.14352,1.14352,ALPHA_OUTSIDE_SIMPLEX,ALPHA_OUTSIDE_SIMPLEX
2026-02-20T17:15:00Z,2026-02-20T19:15:00+02:00,2026-02-20T17:00:00Z,0.0,0.9857371428571428,0.9857371428571428,OK,OTHER_QH_IN_SAME_HOUR_INVALID
2026-02-20T17:30:00Z,2026-02-20T19:30:00+02:00,2026-02-20T17:00:00Z,0.0,1.2437714285714285,1.2437714285714285,ALPHA_OUTSIDE_SIMPLEX,ALPHA_OUTSIDE_SIMPLEX
2026-02-20T17:45:00Z,2026-02-20T19:45:00+02:00,2026-02-20T17:00:00Z,0.0,0.9436800000000001,0.9436800000000001,OK,OTHER_QH_IN_SAME_HOUR_INVALID
2026-02-21T10:00:00Z,2026-02-21T12:00:00+02:00,2026-02-21T10:00:00Z,0.003337142857142857,0.012937142857142855,0.016274285714285713,OK,OTHER_QH_IN_SAME_HOUR_INVALID
2026-02-21T10:15:00Z,2026-02-21T12:15:00+02:00,2026-02-21T10:00:00Z,0.46434285714285717,0.0,0.46434285714285717,OK,OTHER_QH_IN_SAME_HOUR_INVALID
2026-02-21T10:30:00Z,2026-02-21T12:30:00+02:00,2026-02-21T10:00:00Z,1.0785828571428573,0.0,1.0785828571428573,ALPHA_OUTSIDE_SIMPLEX,ALPHA_OUTSIDE_SIMPLEX
2026-02-21T10:45:00Z,2026-02-21T12:45:00+02:00,2026-02-21T10:00:00Z,0.10738285714285715,0.05243428571428572,0.15981714285714288,OK,OTHER_QH_IN_SAME_HOUR_INVALID
2026-02-22T08:00:00Z,2026-02-22T10:00:00+02:00,2026-02-22T08:00:00Z,0.0,0.3999085714285714,0.3999085714285714,OK,OTHER_QH_IN_SAME_HOUR_INVALID
2026-02-22T08:15:00Z,2026-02-22T10:15:00+02:00,2026-02-22T08:00:00Z,0.0,0.5901942857142858,0.5901942857142858,OK,OTHER_QH_IN_SAME_HOUR_INVALID
2026-02-22T08:30:00Z,2026-02-22T10:30:00+02:00,2026-02-22T08:00:00Z,0.0,1.1087314285714285,1.1087314285714285,ALPHA_OUTSIDE_SIMPLEX,ALPHA_OUTSIDE_SIMPLEX
2026-02-22T08:45:00Z,2026-02-22T10:45:00+02:00,2026-02-22T08:00:00Z,0.0,1.2750171428571428,1.2750171428571428,ALPHA_OUTSIDE_SIMPLEX,ALPHA_OUTSIDE_SIMPLEX
2026-02-22T14:00:00Z,2026-02-22T16:00:00+02:00,2026-02-22T14:00:00Z,0.0005257142857142857,1.8748799999999999,1.8754057142857141,ALPHA_OUTSIDE_SIMPLEX,ALPHA_OUTSIDE_SIMPLEX
2026-02-22T14:15:00Z,2026-02-22T16:15:00+02:00,2026-02-22T14:00:00Z,0.0,2.2885714285714287,2.2885714285714287,ALPHA_OUTSIDE_SIMPLEX,ALPHA_OUTSIDE_SIMPLEX
2026-02-22T14:30:00Z,2026-02-22T16:30:00+02:00,2026-02-22T14:00:00Z,0.0,2.2885714285714287,2.2885714285714287,ALPHA_OUTSIDE_SIMPLEX,ALPHA_OUTSIDE_SIMPLEX
2026-02-22T14:45:00Z,2026-02-22T16:45:00+02:00,2026-02-22T14:00:00Z,0.09293714285714286,0.6963428571428572,0.78928,OK,OTHER_QH_IN_SAME_HOUR_INVALID
2026-02-23T13:00:00Z,2026-02-23T15:00:00+02:00,2026-02-23T13:00:00Z,0.0,0.8944685714285715,0.8944685714285715,OK,OTHER_QH_IN_SAME_HOUR_INVALID
2026-02-23T13:15:00Z,2026-02-23T15:15:00+02:00,2026-02-23T13:00:00Z,0.0,1.08688,1.08688,ALPHA_OUTSIDE_SIMPLEX,ALPHA_OUTSIDE_SIMPLEX
2026-02-23T13:30:00Z,2026-02-23T15:30:00+02:00,2026-02-23T13:00:00Z,0.0,1.2749942857142857,1.2749942857142857,ALPHA_OUTSIDE_SIMPLEX,ALPHA_OUTSIDE_SIMPLEX
2026-02-23T13:45:00Z,2026-02-23T15:45:00+02:00,2026-02-23T13:00:00Z,0.0,0.9793142857142857,0.9793142857142857,OK,OTHER_QH_IN_SAME_HOUR_INVALID
2026-02-25T00:00:00Z,2026-02-25T02:00:00+02:00,2026-02-25T00:00:00Z,0.0,1.4957257142857143,1.4957257142857143,ALPHA_OUTSIDE_SIMPLEX,ALPHA_OUTSIDE_SIMPLEX
2026-02-25T00:15:00Z,2026-02-25T02:15:00+02:00,2026-02-25T00:00:00Z,0.0,0.8032228571428571,0.8032228571428571,OK,OTHER_QH_IN_SAME_HOUR_INVALID
2026-02-25T00:30:00Z,2026-02-25T02:30:00+02:00,2026-02-25T00:00:00Z,0.0,0.27145142857142857,0.27145142857142857,OK,OTHER_QH_IN_SAME_HOUR_INVALID
2026-02-25T00:45:00Z,2026-02-25T02:45:00+02:00,2026-02-25T00:00:00Z,0.0,0.4269942857142857,0.4269942857142857,OK,OTHER_QH_IN_SAME_HOUR_INVALID
2026-02-26T06:00:00Z,2026-02-26T08:00:00+02:00,2026-02-26T06:00:00Z,0.017142857142857144,0.0057828571428571425,0.022925714285714285,OK,OTHER_QH_IN_SAME_HOUR_INVALID
2026-02-26T06:15:00Z,2026-02-26T08:15:00+02:00,2026-02-26T06:00:00Z,0.019954285714285713,0.12765714285714286,0.14761142857142856,OK,OTHER_QH_IN_SAME_HOUR_INVALID
2026-02-26T06:30:00Z,2026-02-26T08:30:00+02:00,2026-02-26T06:00:00Z,0.0,0.7449371428571429,0.7449371428571429,OK,OTHER_QH_IN_SAME_HOUR_INVALID
2026-02-26T06:45:00Z,2026-02-26T08:45:00+02:00,2026-02-26T06:00:00Z,0.0,1.1553828571428573,1.1553828571428573,ALPHA_OUTSIDE_SIMPLEX,ALPHA_OUTSIDE_SIMPLEX
2026-02-26T07:00:00Z,2026-02-26T09:00:00+02:00,2026-02-26T07:00:00Z,0.0,0.8080914285714286,0.8080914285714286,OK,OTHER_QH_IN_SAME_HOUR_INVALID
2026-02-26T07:15:00Z,2026-02-26T09:15:00+02:00,2026-02-26T07:00:00Z,0.0,1.114582857142857,1.114582857142857,ALPHA_OUTSIDE_SIMPLEX,ALPHA_OUTSIDE_SIMPLEX
2026-02-26T07:30:00Z,2026-02-26T09:30:00+02:00,2026-02-26T07:00:00Z,0.0,1.4776914285714287,1.4776914285714287,ALPHA_OUTSIDE_SIMPLEX,ALPHA_OUTSIDE_SIMPLEX
2026-02-26T07:45:00Z,2026-02-26T09:45:00+02:00,2026-02-26T07:00:00Z,0.0,1.7381257142857145,1.7381257142857145,ALPHA_OUTSIDE_SIMPLEX,ALPHA_OUTSIDE_SIMPLEX
2026-02-26T11:00:00Z,2026-02-26T13:00:00+02:00,2026-02-26T11:00:00Z,0.0,1.181142857142857,1.181142857142857,ALPHA_OUTSIDE_SIMPLEX,ALPHA_OUTSIDE_SIMPLEX
2026-02-26T11:15:00Z,2026-02-26T13:15:00+02:00,2026-02-26T11:00:00Z,0.0,0.7299885714285714,0.7299885714285714,OK,OTHER_QH_IN_SAME_HOUR_INVALID
2026-02-26T11:30:00Z,2026-02-26T13:30:00+02:00,2026-02-26T11:00:00Z,0.0,0.14422857142857143,0.14422857142857143,OK,OTHER_QH_IN_SAME_HOUR_INVALID
2026-02-26T11:45:00Z,2026-02-26T13:45:00+02:00,2026-02-26T11:00:00Z,0.0,0.3899657142857143,0.3899657142857143,OK,OTHER_QH_IN_SAME_HOUR_INVALID
2026-02-27T12:00:00Z,2026-02-27T14:00:00+02:00,2026-02-27T12:00:00Z,0.0,1.4562285714285714,1.4562285714285714,ALPHA_OUTSIDE_SIMPLEX,ALPHA_OUTSIDE_SIMPLEX
2026-02-27T12:15:00Z,2026-02-27T14:15:00+02:00,2026-02-27T12:00:00Z,0.0,1.65712,1.65712,ALPHA_OUTSIDE_SIMPLEX,ALPHA_OUTSIDE_SIMPLEX
2026-02-27T12:30:00Z,2026-02-27T14:30:00+02:00,2026-02-27T12:00:00Z,0.0,1.0920914285714287,1.0920914285714287,ALPHA_OUTSIDE_SIMPLEX,ALPHA_OUTSIDE_SIMPLEX
2026-02-27T12:45:00Z,2026-02-27T14:45:00+02:00,2026-02-27T12:00:00Z,0.0,0.69216,0.69216,OK,OTHER_QH_IN_SAME_HOUR_INVALID
2026-02-27T13:00:00Z,2026-02-27T15:00:00+02:00,2026-02-27T13:00:00Z,0.0,1.2688457142857144,1.2688457142857144,ALPHA_OUTSIDE_SIMPLEX,ALPHA_OUTSIDE_SIMPLEX
2026-02-27T13:15:00Z,2026-02-27T15:15:00+02:00,2026-02-27T13:00:00Z,0.0,1.7546742857142856,1.7546742857142856,ALPHA_OUTSIDE_SIMPLEX,ALPHA_OUTSIDE_SIMPLEX
2026-02-27T13:30:00Z,2026-02-27T15:30:00+02:00,2026-02-27T13:00:00Z,0.0,1.3151085714285715,1.3151085714285715,ALPHA_OUTSIDE_SIMPLEX,ALPHA_OUTSIDE_SIMPLEX
2026-02-27T13:45:00Z,2026-02-27T15:45:00+02:00,2026-02-27T13:00:00Z,0.0,0.5063542857142856,0.5063542857142856,OK,OTHER_QH_IN_SAME_HOUR_INVALID
2026-02-27T15:00:00Z,2026-02-27T17:00:00+02:00,2026-02-27T15:00:00Z,0.18587428571428571,0.00768,0.1935542857142857,OK,OTHER_QH_IN_SAME_HOUR_INVALID
2026-02-27T15:15:00Z,2026-02-27T17:15:00+02:00,2026-02-27T15:00:00Z,0.33792,0.0,0.33792,OK,OTHER_QH_IN_SAME_HOUR_INVALID
2026-02-27T15:30:00Z,2026-02-27T17:30:00+02:00,2026-02-27T15:00:00Z,0.9519771428571429,0.0,0.9519771428571429,OK,OTHER_QH_IN_SAME_HOUR_INVALID
2026-02-27T15:45:00Z,2026-02-27T17:45:00+02:00,2026-02-27T15:00:00Z,1.3705142857142858,0.0,1.3705142857142858,ALPHA_OUTSIDE_SIMPLEX,ALPHA_OUTSIDE_SIMPLEX
2026-02-28T10:00:00Z,2026-02-28T12:00:00+02:00,2026-02-28T10:00:00Z,0.0,1.0872,1.0872,ALPHA_OUTSIDE_SIMPLEX,ALPHA_OUTSIDE_SIMPLEX
2026-02-28T10:15:00Z,2026-02-28T12:15:00+02:00,2026-02-28T10:00:00Z,0.0,0.7657371428571428,0.7657371428571428,OK,OTHER_QH_IN_SAME_HOUR_INVALID
2026-02-28T10:30:00Z,2026-02-28T12:30:00+02:00,2026-02-28T10:00:00Z,0.0011200000000000001,0.13554285714285713,0.13666285714285714,OK,OTHER_QH_IN_SAME_HOUR_INVALID
2026-02-28T10:45:00Z,2026-02-28T12:45:00+02:00,2026-02-28T10:00:00Z,0.001942857142857143,0.003977142857142857,0.00592,OK,OTHER_QH_IN_SAME_HOUR_INVALID
2026-03-01T07:00:00Z,2026-03-01T09:00:00+02:00,2026-03-01T07:00:00Z,1.5255771428571427,0.0,1.5255771428571427,ALPHA_OUTSIDE_SIMPLEX,ALPHA_OUTSIDE_SIMPLEX
2026-03-01T07:15:00Z,2026-03-01T09:15:00+02:00,2026-03-01T07:00:00Z,0.19181714285714285,0.019542857142857143,0.21136,OK,OTHER_QH_IN_SAME_HOUR_INVALID
2026-03-01T07:30:00Z,2026-03-01T09:30:00+02:00,2026-03-01T07:00:00Z,0.08093714285714286,0.006240000000000001,0.08717714285714286,OK,OTHER_QH_IN_SAME_HOUR_INVALID
2026-03-01T07:45:00Z,2026-03-01T09:45:00+02:00,2026-03-01T07:00:00Z,0.3816685714285714,0.0,0.3816685714285714,OK,OTHER_QH_IN_SAME_HOUR_INVALID
2026-03-01T08:00:00Z,2026-03-01T10:00:00+02:00,2026-03-01T08:00:00Z,2.1879542857142855,0.0,2.1879542857142855,ALPHA_OUTSIDE_SIMPLEX,ALPHA_OUTSIDE_SIMPLEX
2026-03-01T08:15:00Z,2026-03-01T10:15:00+02:00,2026-03-01T08:00:00Z,2.49104,0.0,2.49104,ALPHA_OUTSIDE_SIMPLEX,ALPHA_OUTSIDE_SIMPLEX
2026-03-01T08:30:00Z,2026-03-01T10:30:00+02:00,2026-03-01T08:00:00Z,0.17305142857142858,0.03810285714285715,0.21115428571428574,OK,OTHER_QH_IN_SAME_HOUR_INVALID
2026-03-01T08:45:00Z,2026-03-01T10:45:00+02:00,2026-03-01T08:00:00Z,0.0,0.3983771428571428,0.3983771428571428,OK,OTHER_QH_IN_SAME_HOUR_INVALID
2026-03-01T09:00:00Z,2026-03-01T11:00:00+02:00,2026-03-01T09:00:00Z,0.0,0.7445028571428572,0.7445028571428572,OK,OTHER_QH_IN_SAME_HOUR_INVALID
2026-03-01T09:15:00Z,2026-03-01T11:15:00+02:00,2026-03-01T09:00:00Z,0.0,1.4587428571428571,1.4587428571428571,ALPHA_OUTSIDE_SIMPLEX,ALPHA_OUTSIDE_SIMPLEX
2026-03-01T09:30:00Z,2026-03-01T11:30:00+02:00,2026-03-01T09:00:00Z,0.0,0.7295542857142857,0.7295542857142857,OK,OTHER_QH_IN_SAME_HOUR_INVALID
2026-03-01T09:45:00Z,2026-03-01T11:45:00+02:00,2026-03-01T09:00:00Z,0.0009142857142857143,0.16870857142857143,0.16962285714285713,OK,OTHER_QH_IN_SAME_HOUR_INVALID
2026-03-02T08:00:00Z,2026-03-02T10:00:00+02:00,2026-03-02T08:00:00Z,0.31081142857142857,0.0,0.31081142857142857,OK,OTHER_QH_IN_SAME_HOUR_INVALID
2026-03-02T08:15:00Z,2026-03-02T10:15:00+02:00,2026-03-02T08:00:00Z,1.13168,0.0,1.13168,ALPHA_OUTSIDE_SIMPLEX,ALPHA_OUTSIDE_SIMPLEX
2026-03-02T08:30:00Z,2026-03-02T10:30:00+02:00,2026-03-02T08:00:00Z,0.9584914285714285,0.0,0.9584914285714285,OK,OTHER_QH_IN_SAME_HOUR_INVALID
2026-03-02T08:45:00Z,2026-03-02T10:45:00+02:00,2026-03-02T08:00:00Z,2.443542857142857,0.0,2.443542857142857,ALPHA_OUTSIDE_SIMPLEX,ALPHA_OUTSIDE_SIMPLEX
2026-03-02T11:00:00Z,2026-03-02T13:00:00+02:00,2026-03-02T11:00:00Z,0.0,1.2756571428571428,1.2756571428571428,ALPHA_OUTSIDE_SIMPLEX,ALPHA_OUTSIDE_SIMPLEX
2026-03-02T11:15:00Z,2026-03-02T13:15:00+02:00,2026-03-02T11:00:00Z,0.0,0.8383314285714286,0.8383314285714286,OK,OTHER_QH_IN_SAME_HOUR_INVALID
2026-03-02T11:30:00Z,2026-03-02T13:30:00+02:00,2026-03-02T11:00:00Z,0.0,0.22429714285714286,0.22429714285714286,OK,OTHER_QH_IN_SAME_HOUR_INVALID
2026-03-02T11:45:00Z,2026-03-02T13:45:00+02:00,2026-03-02T11:00:00Z,0.01858285714285714,0.005234285714285715,0.023817142857142856,OK,OTHER_QH_IN_SAME_HOUR_INVALID
2026-03-02T20:00:00Z,2026-03-02T22:00:00+02:00,2026-03-02T20:00:00Z,0.0,0.1837257142857143,0.1837257142857143,OK,OTHER_QH_IN_SAME_HOUR_INVALID
2026-03-02T20:15:00Z,2026-03-02T22:15:00+02:00,2026-03-02T20:00:00Z,0.0,0.3483657142857143,0.3483657142857143,OK,OTHER_QH_IN_SAME_HOUR_INVALID
2026-03-02T20:30:00Z,2026-03-02T22:30:00+02:00,2026-03-02T20:00:00Z,0.0,0.5730971428571429,0.5730971428571429,OK,OTHER_QH_IN_SAME_HOUR_INVALID
2026-03-02T20:45:00Z,2026-03-02T22:45:00+02:00,2026-03-02T20:00:00Z,0.0,1.0740342857142857,1.0740342857142857,ALPHA_OUTSIDE_SIMPLEX,ALPHA_OUTSIDE_SIMPLEX
2026-03-03T09:00:00Z,2026-03-03T11:00:00+02:00,2026-03-03T09:00:00Z,0.0,0.45670857142857146,0.45670857142857146,OK,OTHER_QH_IN_SAME_HOUR_INVALID
2026-03-03T09:15:00Z,2026-03-03T11:15:00+02:00,2026-03-03T09:00:00Z,0.0007085714285714285,0.8980571428571429,0.8987657142857143,OK,OTHER_QH_IN_SAME_HOUR_INVALID
2026-03-03T09:30:00Z,2026-03-03T11:30:00+02:00,2026-03-03T09:00:00Z,0.0,1.2352914285714285,1.2352914285714285,ALPHA_OUTSIDE_SIMPLEX,ALPHA_OUTSIDE_SIMPLEX
2026-03-03T09:45:00Z,2026-03-03T11:45:00+02:00,2026-03-03T09:00:00Z,0.0,0.9902857142857143,0.9902857142857143,OK,OTHER_QH_IN_SAME_HOUR_INVALID
2026-03-03T11:00:00Z,2026-03-03T13:00:00+02:00,2026-03-03T11:00:00Z,0.0,1.3921828571428572,1.3921828571428572,ALPHA_OUTSIDE_SIMPLEX,ALPHA_OUTSIDE_SIMPLEX
2026-03-03T11:15:00Z,2026-03-03T13:15:00+02:00,2026-03-03T11:00:00Z,0.0,0.83184,0.83184,OK,OTHER_QH_IN_SAME_HOUR_INVALID
2026-03-03T11:30:00Z,2026-03-03T13:30:00+02:00,2026-03-03T11:00:00Z,0.0,0.8170285714285713,0.8170285714285713,OK,OTHER_QH_IN_SAME_HOUR_INVALID
2026-03-03T11:45:00Z,2026-03-03T13:45:00+02:00,2026-03-03T11:00:00Z,0.0,0.9033599999999999,0.9033599999999999,OK,OTHER_QH_IN_SAME_HOUR_INVALID
2026-03-04T06:00:00Z,2026-03-04T08:00:00+02:00,2026-03-04T06:00:00Z,0.0,0.56208,0.56208,OK,OTHER_QH_IN_SAME_HOUR_INVALID
2026-03-04T06:15:00Z,2026-03-04T08:15:00+02:00,2026-03-04T06:00:00Z,0.0,0.45776,0.45776,OK,OTHER_QH_IN_SAME_HOUR_INVALID
2026-03-04T06:30:00Z,2026-03-04T08:30:00+02:00,2026-03-04T06:00:00Z,0.0,1.0171657142857142,1.0171657142857142,ALPHA_OUTSIDE_SIMPLEX,ALPHA_OUTSIDE_SIMPLEX
2026-03-04T06:45:00Z,2026-03-04T08:45:00+02:00,2026-03-04T06:00:00Z,0.0,1.7247999999999999,1.7247999999999999,ALPHA_OUTSIDE_SIMPLEX,ALPHA_OUTSIDE_SIMPLEX
2026-03-04T07:00:00Z,2026-03-04T09:00:00+02:00,2026-03-04T07:00:00Z,0.0,0.7705828571428571,0.7705828571428571,OK,OTHER_QH_IN_SAME_HOUR_INVALID
2026-03-04T07:15:00Z,2026-03-04T09:15:00+02:00,2026-03-04T07:00:00Z,0.0,1.4985142857142857,1.4985142857142857,ALPHA_OUTSIDE_SIMPLEX,ALPHA_OUTSIDE_SIMPLEX
2026-03-04T07:30:00Z,2026-03-04T09:30:00+02:00,2026-03-04T07:00:00Z,0.0,0.8001371428571429,0.8001371428571429,OK,OTHER_QH_IN_SAME_HOUR_INVALID
2026-03-04T07:45:00Z,2026-03-04T09:45:00+02:00,2026-03-04T07:00:00Z,0.019885714285714284,0.1732342857142857,0.19311999999999999,OK,OTHER_QH_IN_SAME_HOUR_INVALID
2026-03-04T09:00:00Z,2026-03-04T11:00:00+02:00,2026-03-04T09:00:00Z,0.0,0.9114057142857144,0.9114057142857144,OK,OTHER_QH_IN_SAME_HOUR_INVALID
2026-03-04T09:15:00Z,2026-03-04T11:15:00+02:00,2026-03-04T09:00:00Z,0.0,1.8517485714285713,1.8517485714285713,ALPHA_OUTSIDE_SIMPLEX,ALPHA_OUTSIDE_SIMPLEX
2026-03-04T09:30:00Z,2026-03-04T11:30:00+02:00,2026-03-04T09:00:00Z,0.0,1.4864,1.4864,ALPHA_OUTSIDE_SIMPLEX,ALPHA_OUTSIDE_SIMPLEX
2026-03-04T09:45:00Z,2026-03-04T11:45:00+02:00,2026-03-04T09:00:00Z,0.0,1.9697142857142858,1.9697142857142858,ALPHA_OUTSIDE_SIMPLEX,ALPHA_OUTSIDE_SIMPLEX
2026-03-04T10:00:00Z,2026-03-04T12:00:00+02:00,2026-03-04T10:00:00Z,0.0,1.965782857142857,1.965782857142857,ALPHA_OUTSIDE_SIMPLEX,ALPHA_OUTSIDE_SIMPLEX
2026-03-04T10:15:00Z,2026-03-04T12:15:00+02:00,2026-03-04T10:00:00Z,0.0,1.1781028571428571,1.1781028571428571,ALPHA_OUTSIDE_SIMPLEX,ALPHA_OUTSIDE_SIMPLEX
2026-03-04T10:30:00Z,2026-03-04T12:30:00+02:00,2026-03-04T10:00:00Z,0.0,0.7747657142857143,0.7747657142857143,OK,OTHER_QH_IN_SAME_HOUR_INVALID
2026-03-04T10:45:00Z,2026-03-04T12:45:00+02:00,2026-03-04T10:00:00Z,0.0,0.6464685714285715,0.6464685714285715,OK,OTHER_QH_IN_SAME_HOUR_INVALID
2026-03-05T03:00:00Z,2026-03-05T05:00:00+02:00,2026-03-05T03:00:00Z,0.0,0.8992685714285715,0.8992685714285715,OK,OTHER_QH_IN_SAME_HOUR_INVALID
2026-03-05T03:15:00Z,2026-03-05T05:15:00+02:00,2026-03-05T03:00:00Z,0.0,1.3053485714285715,1.3053485714285715,ALPHA_OUTSIDE_SIMPLEX,ALPHA_OUTSIDE_SIMPLEX
2026-03-05T03:30:00Z,2026-03-05T05:30:00+02:00,2026-03-05T03:00:00Z,0.0,0.2979428571428571,0.2979428571428571,OK,OTHER_QH_IN_SAME_HOUR_INVALID
2026-03-05T03:45:00Z,2026-03-05T05:45:00+02:00,2026-03-05T03:00:00Z,0.0005028571428571428,0.11547428571428571,0.11597714285714285,OK,OTHER_QH_IN_SAME_HOUR_INVALID
2026-03-05T07:00:00Z,2026-03-05T09:00:00+02:00,2026-03-05T07:00:00Z,0.05028571428571429,0.188,0.2382857142857143,OK,OTHER_QH_IN_SAME_HOUR_INVALID
2026-03-05T07:15:00Z,2026-03-05T09:15:00+02:00,2026-03-05T07:00:00Z,0.0,0.6349257142857142,0.6349257142857142,OK,OTHER_QH_IN_SAME_HOUR_INVALID
2026-03-05T07:30:00Z,2026-03-05T09:30:00+02:00,2026-03-05T07:00:00Z,0.0,0.8597257142857143,0.8597257142857143,OK,OTHER_QH_IN_SAME_HOUR_INVALID
2026-03-05T07:45:00Z,2026-03-05T09:45:00+02:00,2026-03-05T07:00:00Z,0.0,1.2677714285714285,1.2677714285714285,ALPHA_OUTSIDE_SIMPLEX,ALPHA_OUTSIDE_SIMPLEX
2026-03-05T10:00:00Z,2026-03-05T12:00:00+02:00,2026-03-05T10:00:00Z,0.0,0.8218285714285714,0.8218285714285714,OK,OTHER_QH_IN_SAME_HOUR_INVALID
2026-03-05T10:15:00Z,2026-03-05T12:15:00+02:00,2026-03-05T10:00:00Z,0.0,0.9392228571428571,0.9392228571428571,OK,OTHER_QH_IN_SAME_HOUR_INVALID
2026-03-05T10:30:00Z,2026-03-05T12:30:00+02:00,2026-03-05T10:00:00Z,0.0,1.1140114285714287,1.1140114285714287,ALPHA_OUTSIDE_SIMPLEX,ALPHA_OUTSIDE_SIMPLEX
2026-03-05T10:45:00Z,2026-03-05T12:45:00+02:00,2026-03-05T10:00:00Z,0.0,1.2732114285714287,1.2732114285714287,ALPHA_OUTSIDE_SIMPLEX,ALPHA_OUTSIDE_SIMPLEX
2026-03-05T11:00:00Z,2026-03-05T13:00:00+02:00,2026-03-05T11:00:00Z,0.0,1.3578742857142856,1.3578742857142856,ALPHA_OUTSIDE_SIMPLEX,ALPHA_OUTSIDE_SIMPLEX
2026-03-05T11:15:00Z,2026-03-05T13:15:00+02:00,2026-03-05T11:00:00Z,0.0,0.6052342857142857,0.6052342857142857,OK,OTHER_QH_IN_SAME_HOUR_INVALID
2026-03-05T11:30:00Z,2026-03-05T13:30:00+02:00,2026-03-05T11:00:00Z,0.006468571428571428,0.1864457142857143,0.19291428571428573,OK,OTHER_QH_IN_SAME_HOUR_INVALID
2026-03-05T11:45:00Z,2026-03-05T13:45:00+02:00,2026-03-05T11:00:00Z,0.007062857142857142,0.0024914285714285715,0.009554285714285713,OK,OTHER_QH_IN_SAME_HOUR_INVALID
2026-03-06T06:00:00Z,2026-03-06T08:00:00+02:00,2026-03-06T06:00:00Z,0.0,0.23501714285714287,0.23501714285714287,OK,OTHER_QH_IN_SAME_HOUR_INVALID
2026-03-06T06:15:00Z,2026-03-06T08:15:00+02:00,2026-03-06T06:00:00Z,0.00027428571428571427,0.47993142857142856,0.4802057142857143,OK,OTHER_QH_IN_SAME_HOUR_INVALID
2026-03-06T06:30:00Z,2026-03-06T08:30:00+02:00,2026-03-06T06:00:00Z,0.0,0.5902857142857143,0.5902857142857143,OK,OTHER_QH_IN_SAME_HOUR_INVALID
2026-03-06T06:45:00Z,2026-03-06T08:45:00+02:00,2026-03-06T06:00:00Z,0.0,1.4784914285714286,1.4784914285714286,ALPHA_OUTSIDE_SIMPLEX,ALPHA_OUTSIDE_SIMPLEX
2026-03-06T07:00:00Z,2026-03-06T09:00:00+02:00,2026-03-06T07:00:00Z,0.0,0.9165485714285714,0.9165485714285714,OK,OTHER_QH_IN_SAME_HOUR_INVALID
2026-03-06T07:15:00Z,2026-03-06T09:15:00+02:00,2026-03-06T07:00:00Z,0.0,1.0955428571428572,1.0955428571428572,ALPHA_OUTSIDE_SIMPLEX,ALPHA_OUTSIDE_SIMPLEX
2026-03-06T07:30:00Z,2026-03-06T09:30:00+02:00,2026-03-06T07:00:00Z,0.0,1.4959085714285714,1.4959085714285714,ALPHA_OUTSIDE_SIMPLEX,ALPHA_OUTSIDE_SIMPLEX
2026-03-06T07:45:00Z,2026-03-06T09:45:00+02:00,2026-03-06T07:00:00Z,0.0,1.4334857142857145,1.4334857142857145,ALPHA_OUTSIDE_SIMPLEX,ALPHA_OUTSIDE_SIMPLEX
2026-03-06T08:00:00Z,2026-03-06T10:00:00+02:00,2026-03-06T08:00:00Z,0.0,1.0881828571428571,1.0881828571428571,ALPHA_OUTSIDE_SIMPLEX,ALPHA_OUTSIDE_SIMPLEX
2026-03-06T08:15:00Z,2026-03-06T10:15:00+02:00,2026-03-06T08:00:00Z,0.0,0.9242057142857142,0.9242057142857142,OK,OTHER_QH_IN_SAME_HOUR_INVALID
2026-03-06T08:30:00Z,2026-03-06T10:30:00+02:00,2026-03-06T08:00:00Z,0.0,1.879862857142857,1.879862857142857,ALPHA_OUTSIDE_SIMPLEX,ALPHA_OUTSIDE_SIMPLEX
2026-03-06T08:45:00Z,2026-03-06T10:45:00+02:00,2026-03-06T08:00:00Z,0.0,0.9642285714285714,0.9642285714285714,OK,OTHER_QH_IN_SAME_HOUR_INVALID
2026-03-06T09:00:00Z,2026-03-06T11:00:00+02:00,2026-03-06T09:00:00Z,0.0,0.8267657142857143,0.8267657142857143,OK,OTHER_QH_IN_SAME_HOUR_INVALID
2026-03-06T09:15:00Z,2026-03-06T11:15:00+02:00,2026-03-06T09:00:00Z,0.0,1.12752,1.12752,ALPHA_OUTSIDE_SIMPLEX,ALPHA_OUTSIDE_SIMPLEX
2026-03-06T09:30:00Z,2026-03-06T11:30:00+02:00,2026-03-06T09:00:00Z,0.0,0.9025142857142857,0.9025142857142857,OK,OTHER_QH_IN_SAME_HOUR_INVALID
2026-03-06T09:45:00Z,2026-03-06T11:45:00+02:00,2026-03-06T09:00:00Z,0.0,0.45634285714285716,0.45634285714285716,OK,OTHER_QH_IN_SAME_HOUR_INVALID
2026-03-06T14:00:00Z,2026-03-06T16:00:00+02:00,2026-03-06T14:00:00Z,0.02822857142857143,0.15776,0.18598857142857145,OK,OTHER_QH_IN_SAME_HOUR_INVALID
2026-03-06T14:15:00Z,2026-03-06T16:15:00+02:00,2026-03-06T14:00:00Z,0.3205257142857143,0.0005028571428571428,0.32102857142857144,OK,OTHER_QH_IN_SAME_HOUR_INVALID
2026-03-06T14:30:00Z,2026-03-06T16:30:00+02:00,2026-03-06T14:00:00Z,0.0029714285714285715,1.8328914285714284,1.835862857142857,ALPHA_OUTSIDE_SIMPLEX,ALPHA_OUTSIDE_SIMPLEX
2026-03-06T14:45:00Z,2026-03-06T16:45:00+02:00,2026-03-06T14:00:00Z,0.0,1.9800457142857142,1.9800457142857142,ALPHA_OUTSIDE_SIMPLEX,ALPHA_OUTSIDE_SIMPLEX
2026-03-06T15:00:00Z,2026-03-06T17:00:00+02:00,2026-03-06T15:00:00Z,2.2857142857142858e-05,1.5574400000000002,1.5574628571428573,ALPHA_OUTSIDE_SIMPLEX,ALPHA_OUTSIDE_SIMPLEX
2026-03-06T15:15:00Z,2026-03-06T17:15:00+02:00,2026-03-06T15:00:00Z,1.2970285714285714,0.0,1.2970285714285714,ALPHA_OUTSIDE_SIMPLEX,ALPHA_OUTSIDE_SIMPLEX
2026-03-06T15:30:00Z,2026-03-06T17:30:00+02:00,2026-03-06T15:00:00Z,0.2638857142857143,0.0,0.2638857142857143,OK,OTHER_QH_IN_SAME_HOUR_INVALID
2026-03-06T15:45:00Z,2026-03-06T17:45:00+02:00,2026-03-06T15:00:00Z,0.8952685714285714,0.0,0.8952685714285714,OK,OTHER_QH_IN_SAME_HOUR_INVALID
2026-03-06T16:00:00Z,2026-03-06T18:00:00+02:00,2026-03-06T16:00:00Z,0.20669714285714283,0.013257142857142856,0.21995428571428569,OK,OTHER_QH_IN_SAME_HOUR_INVALID
2026-03-06T16:15:00Z,2026-03-06T18:15:00+02:00,2026-03-06T16:00:00Z,0.28432,0.0,0.28432,OK,OTHER_QH_IN_SAME_HOUR_INVALID
2026-03-06T16:30:00Z,2026-03-06T18:30:00+02:00,2026-03-06T16:00:00Z,0.22585142857142856,0.0,0.22585142857142856,OK,OTHER_QH_IN_SAME_HOUR_INVALID
2026-03-06T16:45:00Z,2026-03-06T18:45:00+02:00,2026-03-06T16:00:00Z,1.01792,0.0,1.01792,ALPHA_OUTSIDE_SIMPLEX,ALPHA_OUTSIDE_SIMPLEX
2026-03-08T07:00:00Z,2026-03-08T09:00:00+02:00,2026-03-08T07:00:00Z,0.0,1.0135085714285714,1.0135085714285714,ALPHA_OUTSIDE_SIMPLEX,ALPHA_OUTSIDE_SIMPLEX
2026-03-08T07:15:00Z,2026-03-08T09:15:00+02:00,2026-03-08T07:00:00Z,0.0,0.6527542857142857,0.6527542857142857,OK,OTHER_QH_IN_SAME_HOUR_INVALID
2026-03-08T07:30:00Z,2026-03-08T09:30:00+02:00,2026-03-08T07:00:00Z,0.05483428571428572,0.03732571428571429,0.09216,OK,OTHER_QH_IN_SAME_HOUR_INVALID
2026-03-08T07:45:00Z,2026-03-08T09:45:00+02:00,2026-03-08T07:00:00Z,0.16553142857142858,0.019154285714285714,0.1846857142857143,OK,OTHER_QH_IN_SAME_HOUR_INVALID
2026-03-08T11:00:00Z,2026-03-08T13:00:00+02:00,2026-03-08T11:00:00Z,0.0,0.5230628571428572,0.5230628571428572,OK,OTHER_QH_IN_SAME_HOUR_INVALID
2026-03-08T11:15:00Z,2026-03-08T13:15:00+02:00,2026-03-08T11:00:00Z,0.0,1.284822857142857,1.284822857142857,ALPHA_OUTSIDE_SIMPLEX,ALPHA_OUTSIDE_SIMPLEX
2026-03-08T11:30:00Z,2026-03-08T13:30:00+02:00,2026-03-08T11:00:00Z,0.0,1.873165714285714,1.873165714285714,ALPHA_OUTSIDE_SIMPLEX,ALPHA_OUTSIDE_SIMPLEX
2026-03-08T11:45:00Z,2026-03-08T13:45:00+02:00,2026-03-08T11:00:00Z,0.00029714285714285715,0.3187885714285714,0.3190857142857143,OK,OTHER_QH_IN_SAME_HOUR_INVALID
2026-03-09T06:00:00Z,2026-03-09T08:00:00+02:00,2026-03-09T06:00:00Z,0.0,0.9221028571428571,0.9221028571428571,OK,OTHER_QH_IN_SAME_HOUR_INVALID
2026-03-09T06:15:00Z,2026-03-09T08:15:00+02:00,2026-03-09T06:00:00Z,0.0,1.7423542857142855,1.7423542857142855,ALPHA_OUTSIDE_SIMPLEX,ALPHA_OUTSIDE_SIMPLEX
2026-03-09T06:30:00Z,2026-03-09T08:30:00+02:00,2026-03-09T06:00:00Z,0.0,1.5904914285714287,1.5904914285714287,ALPHA_OUTSIDE_SIMPLEX,ALPHA_OUTSIDE_SIMPLEX
2026-03-09T06:45:00Z,2026-03-09T08:45:00+02:00,2026-03-09T06:00:00Z,0.0,1.763497142857143,1.763497142857143,ALPHA_OUTSIDE_SIMPLEX,ALPHA_OUTSIDE_SIMPLEX
2026-03-09T07:00:00Z,2026-03-09T09:00:00+02:00,2026-03-09T07:00:00Z,0.0,1.2020342857142856,1.2020342857142856,ALPHA_OUTSIDE_SIMPLEX,ALPHA_OUTSIDE_SIMPLEX
2026-03-09T07:15:00Z,2026-03-09T09:15:00+02:00,2026-03-09T07:00:00Z,0.0,0.5868571428571429,0.5868571428571429,OK,OTHER_QH_IN_SAME_HOUR_INVALID
2026-03-09T07:30:00Z,2026-03-09T09:30:00+02:00,2026-03-09T07:00:00Z,0.0,0.949782857142857,0.949782857142857,OK,OTHER_QH_IN_SAME_HOUR_INVALID
2026-03-09T07:45:00Z,2026-03-09T09:45:00+02:00,2026-03-09T07:00:00Z,0.0,1.0256914285714287,1.0256914285714287,ALPHA_OUTSIDE_SIMPLEX,ALPHA_OUTSIDE_SIMPLEX
2026-03-09T14:00:00Z,2026-03-09T16:00:00+02:00,2026-03-09T14:00:00Z,0.0,1.8136685714285714,1.8136685714285714,ALPHA_OUTSIDE_SIMPLEX,ALPHA_OUTSIDE_SIMPLEX
2026-03-09T14:15:00Z,2026-03-09T16:15:00+02:00,2026-03-09T14:00:00Z,0.0,1.1764114285714287,1.1764114285714287,ALPHA_OUTSIDE_SIMPLEX,ALPHA_OUTSIDE_SIMPLEX
2026-03-09T14:30:00Z,2026-03-09T16:30:00+02:00,2026-03-09T14:00:00Z,0.10820571428571428,0.17117714285714286,0.27938285714285715,OK,OTHER_QH_IN_SAME_HOUR_INVALID
2026-03-09T14:45:00Z,2026-03-09T16:45:00+02:00,2026-03-09T14:00:00Z,0.4130285714285714,0.0,0.4130285714285714,OK,OTHER_QH_IN_SAME_HOUR_INVALID
2026-03-10T07:00:00Z,2026-03-10T09:00:00+02:00,2026-03-10T07:00:00Z,0.045348571428571426,0.14290285714285714,0.18825142857142857,OK,OTHER_QH_IN_SAME_HOUR_INVALID
2026-03-10T07:15:00Z,2026-03-10T09:15:00+02:00,2026-03-10T07:00:00Z,0.0034285714285714284,0.20093714285714287,0.2043657142857143,OK,OTHER_QH_IN_SAME_HOUR_INVALID
2026-03-10T07:30:00Z,2026-03-10T09:30:00+02:00,2026-03-10T07:00:00Z,0.0,0.6158857142857143,0.6158857142857143,OK,OTHER_QH_IN_SAME_HOUR_INVALID
2026-03-10T07:45:00Z,2026-03-10T09:45:00+02:00,2026-03-10T07:00:00Z,0.0,1.2170971428571429,1.2170971428571429,ALPHA_OUTSIDE_SIMPLEX,ALPHA_OUTSIDE_SIMPLEX
2026-03-11T14:00:00Z,2026-03-11T16:00:00+02:00,2026-03-11T14:00:00Z,0.0057828571428571425,1.5502628571428572,1.5560457142857143,ALPHA_OUTSIDE_SIMPLEX,ALPHA_OUTSIDE_SIMPLEX
2026-03-11T14:15:00Z,2026-03-11T16:15:00+02:00,2026-03-11T14:00:00Z,0.08134857142857144,0.42509714285714284,0.5064457142857143,OK,OTHER_QH_IN_SAME_HOUR_INVALID
2026-03-11T14:30:00Z,2026-03-11T16:30:00+02:00,2026-03-11T14:00:00Z,0.10564571428571429,0.048,0.15364571428571427,OK,OTHER_QH_IN_SAME_HOUR_INVALID
2026-03-11T14:45:00Z,2026-03-11T16:45:00+02:00,2026-03-11T14:00:00Z,0.2693714285714286,0.0,0.2693714285714286,OK,OTHER_QH_IN_SAME_HOUR_INVALID
2026-03-12T11:00:00Z,2026-03-12T13:00:00+02:00,2026-03-12T11:00:00Z,0.0,0.3269714285714286,0.3269714285714286,OK,OTHER_QH_IN_SAME_HOUR_INVALID
2026-03-12T11:15:00Z,2026-03-12T13:15:00+02:00,2026-03-12T11:00:00Z,0.0,0.47318857142857146,0.47318857142857146,OK,OTHER_QH_IN_SAME_HOUR_INVALID
2026-03-12T11:30:00Z,2026-03-12T13:30:00+02:00,2026-03-12T11:00:00Z,0.0,1.1614628571428571,1.1614628571428571,ALPHA_OUTSIDE_SIMPLEX,ALPHA_OUTSIDE_SIMPLEX
2026-03-12T11:45:00Z,2026-03-12T13:45:00+02:00,2026-03-12T11:00:00Z,0.0,1.3915428571428572,1.3915428571428572,ALPHA_OUTSIDE_SIMPLEX,ALPHA_OUTSIDE_SIMPLEX
2026-03-12T12:00:00Z,2026-03-12T14:00:00+02:00,2026-03-12T12:00:00Z,0.0,1.8881371428571427,1.8881371428571427,ALPHA_OUTSIDE_SIMPLEX,ALPHA_OUTSIDE_SIMPLEX
2026-03-12T12:15:00Z,2026-03-12T14:15:00+02:00,2026-03-12T12:00:00Z,0.0,0.34322285714285716,0.34322285714285716,OK,OTHER_QH_IN_SAME_HOUR_INVALID
2026-03-12T12:30:00Z,2026-03-12T14:30:00+02:00,2026-03-12T12:00:00Z,0.014902857142857143,0.05609142857142858,0.07099428571428572,OK,OTHER_QH_IN_SAME_HOUR_INVALID
2026-03-12T12:45:00Z,2026-03-12T14:45:00+02:00,2026-03-12T12:00:00Z,0.00096,0.06521142857142857,0.06617142857142858,OK,OTHER_QH_IN_SAME_HOUR_INVALID
2026-03-13T05:00:00Z,2026-03-13T07:00:00+02:00,2026-03-13T05:00:00Z,0.0,0.44075428571428577,0.44075428571428577,OK,OTHER_QH_IN_SAME_HOUR_INVALID
2026-03-13T05:15:00Z,2026-03-13T07:15:00+02:00,2026-03-13T05:00:00Z,0.0,0.5897371428571428,0.5897371428571428,OK,OTHER_QH_IN_SAME_HOUR_INVALID
2026-03-13T05:30:00Z,2026-03-13T07:30:00+02:00,2026-03-13T05:00:00Z,0.0,1.2033371428571429,1.2033371428571429,ALPHA_OUTSIDE_SIMPLEX,ALPHA_OUTSIDE_SIMPLEX
2026-03-13T05:45:00Z,2026-03-13T07:45:00+02:00,2026-03-13T05:00:00Z,0.0,1.5448914285714286,1.5448914285714286,ALPHA_OUTSIDE_SIMPLEX,ALPHA_OUTSIDE_SIMPLEX
2026-03-13T14:00:00Z,2026-03-13T16:00:00+02:00,2026-03-13T14:00:00Z,0.0,0.8021257142857143,0.8021257142857143,OK,OTHER_QH_IN_SAME_HOUR_INVALID
2026-03-13T14:15:00Z,2026-03-13T16:15:00+02:00,2026-03-13T14:00:00Z,0.0,1.1462400000000001,1.1462400000000001,ALPHA_OUTSIDE_SIMPLEX,ALPHA_OUTSIDE_SIMPLEX
2026-03-13T14:30:00Z,2026-03-13T16:30:00+02:00,2026-03-13T14:00:00Z,0.0,0.8225600000000001,0.8225600000000001,OK,OTHER_QH_IN_SAME_HOUR_INVALID
2026-03-13T14:45:00Z,2026-03-13T16:45:00+02:00,2026-03-13T14:00:00Z,0.12182857142857142,0.08045714285714285,0.2022857142857143,OK,OTHER_QH_IN_SAME_HOUR_INVALID
2026-03-14T07:00:00Z,2026-03-14T09:00:00+02:00,2026-03-14T07:00:00Z,1.4868114285714287,0.0,1.4868114285714287,ALPHA_OUTSIDE_SIMPLEX,ALPHA_OUTSIDE_SIMPLEX
2026-03-14T07:15:00Z,2026-03-14T09:15:00+02:00,2026-03-14T07:00:00Z,1.3135771428571428,0.0,1.3135771428571428,ALPHA_OUTSIDE_SIMPLEX,ALPHA_OUTSIDE_SIMPLEX
2026-03-14T07:30:00Z,2026-03-14T09:30:00+02:00,2026-03-14T07:00:00Z,0.34761142857142857,0.0,0.34761142857142857,OK,OTHER_QH_IN_SAME_HOUR_INVALID
2026-03-14T07:45:00Z,2026-03-14T09:45:00+02:00,2026-03-14T07:00:00Z,0.20086857142857142,0.0,0.20086857142857142,OK,OTHER_QH_IN_SAME_HOUR_INVALID
2026-03-14T08:00:00Z,2026-03-14T10:00:00+02:00,2026-03-14T08:00:00Z,1.0913142857142857,0.0,1.0913142857142857,ALPHA_OUTSIDE_SIMPLEX,ALPHA_OUTSIDE_SIMPLEX
2026-03-14T08:15:00Z,2026-03-14T10:15:00+02:00,2026-03-14T08:00:00Z,0.12315428571428572,0.005942857142857143,0.12909714285714285,OK,OTHER_QH_IN_SAME_HOUR_INVALID
2026-03-14T08:30:00Z,2026-03-14T10:30:00+02:00,2026-03-14T08:00:00Z,0.0,0.12877714285714287,0.12877714285714287,OK,OTHER_QH_IN_SAME_HOUR_INVALID
2026-03-14T08:45:00Z,2026-03-14T10:45:00+02:00,2026-03-14T08:00:00Z,0.0,0.30221714285714285,0.30221714285714285,OK,OTHER_QH_IN_SAME_HOUR_INVALID
2026-03-14T14:00:00Z,2026-03-14T16:00:00+02:00,2026-03-14T14:00:00Z,1.0660571428571428,0.0,1.0660571428571428,ALPHA_OUTSIDE_SIMPLEX,ALPHA_OUTSIDE_SIMPLEX
2026-03-14T14:15:00Z,2026-03-14T16:15:00+02:00,2026-03-14T14:00:00Z,1.0996114285714285,0.0,1.0996114285714285,ALPHA_OUTSIDE_SIMPLEX,ALPHA_OUTSIDE_SIMPLEX
2026-03-14T14:30:00Z,2026-03-14T16:30:00+02:00,2026-03-14T14:00:00Z,0.6670628571428572,0.0,0.6670628571428572,OK,OTHER_QH_IN_SAME_HOUR_INVALID
2026-03-14T14:45:00Z,2026-03-14T16:45:00+02:00,2026-03-14T14:00:00Z,0.6460342857142857,0.0,0.6460342857142857,OK,OTHER_QH_IN_SAME_HOUR_INVALID
2026-03-14T16:00:00Z,2026-03-14T18:00:00+02:00,2026-03-14T16:00:00Z,0.5468571428571428,0.0,0.5468571428571428,OK,OTHER_QH_IN_SAME_HOUR_INVALID
2026-03-14T16:15:00Z,2026-03-14T18:15:00+02:00,2026-03-14T16:00:00Z,1.2219428571428572,0.0,1.2219428571428572,ALPHA_OUTSIDE_SIMPLEX,ALPHA_OUTSIDE_SIMPLEX
2026-03-14T16:30:00Z,2026-03-14T18:30:00+02:00,2026-03-14T16:00:00Z,1.9017142857142857,0.0,1.9017142857142857,ALPHA_OUTSIDE_SIMPLEX,ALPHA_OUTSIDE_SIMPLEX
2026-03-14T16:45:00Z,2026-03-14T18:45:00+02:00,2026-03-14T16:00:00Z,0.24735999999999997,0.0,0.24735999999999997,OK,OTHER_QH_IN_SAME_HOUR_INVALID
2026-03-15T07:00:00Z,2026-03-15T09:00:00+02:00,2026-03-15T07:00:00Z,1.0240914285714287,0.0,1.0240914285714287,ALPHA_OUTSIDE_SIMPLEX,ALPHA_OUTSIDE_SIMPLEX
2026-03-15T07:15:00Z,2026-03-15T09:15:00+02:00,2026-03-15T07:00:00Z,0.5733257142857142,0.0,0.5733257142857142,OK,OTHER_QH_IN_SAME_HOUR_INVALID
2026-03-15T07:30:00Z,2026-03-15T09:30:00+02:00,2026-03-15T07:00:00Z,0.3045942857142857,0.009805714285714286,0.3144,OK,OTHER_QH_IN_SAME_HOUR_INVALID
2026-03-15T07:45:00Z,2026-03-15T09:45:00+02:00,2026-03-15T07:00:00Z,0.0,0.3977142857142857,0.3977142857142857,OK,OTHER_QH_IN_SAME_HOUR_INVALID
2026-03-15T10:00:00Z,2026-03-15T12:00:00+02:00,2026-03-15T10:00:00Z,0.0,0.9330971428571428,0.9330971428571428,OK,OTHER_QH_IN_SAME_HOUR_INVALID
2026-03-15T10:15:00Z,2026-03-15T12:15:00+02:00,2026-03-15T10:00:00Z,0.0,1.0041371428571428,1.0041371428571428,ALPHA_OUTSIDE_SIMPLEX,ALPHA_OUTSIDE_SIMPLEX
2026-03-15T10:30:00Z,2026-03-15T12:30:00+02:00,2026-03-15T10:00:00Z,0.005257142857142858,0.4846171428571429,0.48987428571428576,OK,OTHER_QH_IN_SAME_HOUR_INVALID
2026-03-15T10:45:00Z,2026-03-15T12:45:00+02:00,2026-03-15T10:00:00Z,0.0074742857142857146,0.004685714285714285,0.01216,OK,OTHER_QH_IN_SAME_HOUR_INVALID
2026-03-15T21:00:00Z,2026-03-15T23:00:00+02:00,2026-03-15T21:00:00Z,0.0,0.57456,0.57456,OK,OTHER_QH_IN_SAME_HOUR_INVALID
2026-03-15T21:15:00Z,2026-03-15T23:15:00+02:00,2026-03-15T21:00:00Z,0.0,0.49408,0.49408,OK,OTHER_QH_IN_SAME_HOUR_INVALID
2026-03-15T21:30:00Z,2026-03-15T23:30:00+02:00,2026-03-15T21:00:00Z,0.0,0.46352,0.46352,OK,OTHER_QH_IN_SAME_HOUR_INVALID
2026-03-15T21:45:00Z,2026-03-15T23:45:00+02:00,2026-03-15T21:00:00Z,0.0,1.18112,1.18112,ALPHA_OUTSIDE_SIMPLEX,ALPHA_OUTSIDE_SIMPLEX
2026-03-15T22:00:00Z,2026-03-16T00:00:00+02:00,2026-03-15T22:00:00Z,0.0,0.7057599999999999,0.7057599999999999,OK,OTHER_QH_IN_SAME_HOUR_INVALID
2026-03-15T22:15:00Z,2026-03-16T00:15:00+02:00,2026-03-15T22:00:00Z,0.0,1.017782857142857,1.017782857142857,ALPHA_OUTSIDE_SIMPLEX,ALPHA_OUTSIDE_SIMPLEX
2026-03-15T22:30:00Z,2026-03-16T00:30:00+02:00,2026-03-15T22:00:00Z,0.0,1.075222857142857,1.075222857142857,ALPHA_OUTSIDE_SIMPLEX,ALPHA_OUTSIDE_SIMPLEX
2026-03-15T22:45:00Z,2026-03-16T00:45:00+02:00,2026-03-15T22:00:00Z,0.0,1.238262857142857,1.238262857142857,ALPHA_OUTSIDE_SIMPLEX,ALPHA_OUTSIDE_SIMPLEX
2026-03-16T03:00:00Z,2026-03-16T05:00:00+02:00,2026-03-16T03:00:00Z,0.0,1.1496,1.1496,ALPHA_OUTSIDE_SIMPLEX,ALPHA_OUTSIDE_SIMPLEX
2026-03-16T03:15:00Z,2026-03-16T05:15:00+02:00,2026-03-16T03:00:00Z,0.0,1.7685028571428572,1.7685028571428572,ALPHA_OUTSIDE_SIMPLEX,ALPHA_OUTSIDE_SIMPLEX
2026-03-16T03:30:00Z,2026-03-16T05:30:00+02:00,2026-03-16T03:00:00Z,0.0,2.229074285714286,2.229074285714286,ALPHA_OUTSIDE_SIMPLEX,ALPHA_OUTSIDE_SIMPLEX
2026-03-16T03:45:00Z,2026-03-16T05:45:00+02:00,2026-03-16T03:00:00Z,0.0,1.7968457142857142,1.7968457142857142,ALPHA_OUTSIDE_SIMPLEX,ALPHA_OUTSIDE_SIMPLEX
2026-03-16T04:00:00Z,2026-03-16T06:00:00+02:00,2026-03-16T04:00:00Z,0.0,1.0239314285714285,1.0239314285714285,ALPHA_OUTSIDE_SIMPLEX,ALPHA_OUTSIDE_SIMPLEX
2026-03-16T04:15:00Z,2026-03-16T06:15:00+02:00,2026-03-16T04:00:00Z,0.0,0.44978285714285715,0.44978285714285715,OK,OTHER_QH_IN_SAME_HOUR_INVALID
2026-03-16T04:30:00Z,2026-03-16T06:30:00+02:00,2026-03-16T04:00:00Z,0.0,0.4818057142857143,0.4818057142857143,OK,OTHER_QH_IN_SAME_HOUR_INVALID
2026-03-16T04:45:00Z,2026-03-16T06:45:00+02:00,2026-03-16T04:00:00Z,0.00192,0.029211428571428572,0.031131428571428574,OK,OTHER_QH_IN_SAME_HOUR_INVALID
2026-03-16T10:00:00Z,2026-03-16T12:00:00+02:00,2026-03-16T10:00:00Z,0.0,0.5488914285714286,0.5488914285714286,OK,OTHER_QH_IN_SAME_HOUR_INVALID
2026-03-16T10:15:00Z,2026-03-16T12:15:00+02:00,2026-03-16T10:00:00Z,0.0,1.1281142857142856,1.1281142857142856,ALPHA_OUTSIDE_SIMPLEX,ALPHA_OUTSIDE_SIMPLEX
2026-03-16T10:30:00Z,2026-03-16T12:30:00+02:00,2026-03-16T10:00:00Z,0.0,0.53952,0.53952,OK,OTHER_QH_IN_SAME_HOUR_INVALID
2026-03-16T10:45:00Z,2026-03-16T12:45:00+02:00,2026-03-16T10:00:00Z,0.0,0.5170514285714285,0.5170514285714285,OK,OTHER_QH_IN_SAME_HOUR_INVALID
2026-03-17T05:00:00Z,2026-03-17T07:00:00+02:00,2026-03-17T05:00:00Z,0.0,0.5592228571428571,0.5592228571428571,OK,OTHER_QH_IN_SAME_HOUR_INVALID
2026-03-17T05:15:00Z,2026-03-17T07:15:00+02:00,2026-03-17T05:00:00Z,0.0,1.1660342857142858,1.1660342857142858,ALPHA_OUTSIDE_SIMPLEX,ALPHA_OUTSIDE_SIMPLEX
2026-03-17T05:30:00Z,2026-03-17T07:30:00+02:00,2026-03-17T05:00:00Z,0.0,1.1952228571428571,1.1952228571428571,ALPHA_OUTSIDE_SIMPLEX,ALPHA_OUTSIDE_SIMPLEX
2026-03-17T05:45:00Z,2026-03-17T07:45:00+02:00,2026-03-17T05:00:00Z,0.0,1.2178285714285715,1.2178285714285715,ALPHA_OUTSIDE_SIMPLEX,ALPHA_OUTSIDE_SIMPLEX
2026-03-17T06:00:00Z,2026-03-17T08:00:00+02:00,2026-03-17T06:00:00Z,0.0,0.9238171428571429,0.9238171428571429,OK,OTHER_QH_IN_SAME_HOUR_INVALID
2026-03-17T06:15:00Z,2026-03-17T08:15:00+02:00,2026-03-17T06:00:00Z,0.0,0.4262171428571428,0.4262171428571428,OK,OTHER_QH_IN_SAME_HOUR_INVALID
2026-03-17T06:30:00Z,2026-03-17T08:30:00+02:00,2026-03-17T06:00:00Z,0.0,0.4482742857142857,0.4482742857142857,OK,OTHER_QH_IN_SAME_HOUR_INVALID
2026-03-17T06:45:00Z,2026-03-17T08:45:00+02:00,2026-03-17T06:00:00Z,0.0,1.0664228571428571,1.0664228571428571,ALPHA_OUTSIDE_SIMPLEX,ALPHA_OUTSIDE_SIMPLEX
2026-03-17T08:00:00Z,2026-03-17T10:00:00+02:00,2026-03-17T08:00:00Z,0.0,0.9526857142857142,0.9526857142857142,OK,OTHER_QH_IN_SAME_HOUR_INVALID
2026-03-17T08:15:00Z,2026-03-17T10:15:00+02:00,2026-03-17T08:00:00Z,0.0,1.2276799999999999,1.2276799999999999,ALPHA_OUTSIDE_SIMPLEX,ALPHA_OUTSIDE_SIMPLEX
2026-03-17T08:30:00Z,2026-03-17T10:30:00+02:00,2026-03-17T08:00:00Z,0.0,0.4074057142857143,0.4074057142857143,OK,OTHER_QH_IN_SAME_HOUR_INVALID
2026-03-17T08:45:00Z,2026-03-17T10:45:00+02:00,2026-03-17T08:00:00Z,0.0,0.8170057142857143,0.8170057142857143,OK,OTHER_QH_IN_SAME_HOUR_INVALID
2026-03-17T17:00:00Z,2026-03-17T19:00:00+02:00,2026-03-17T17:00:00Z,0.6833828571428572,0.0,0.6833828571428572,OK,OTHER_QH_IN_SAME_HOUR_INVALID
2026-03-17T17:15:00Z,2026-03-17T19:15:00+02:00,2026-03-17T17:00:00Z,0.8085942857142857,0.0,0.8085942857142857,OK,OTHER_QH_IN_SAME_HOUR_INVALID
2026-03-17T17:30:00Z,2026-03-17T19:30:00+02:00,2026-03-17T17:00:00Z,1.09664,0.0,1.09664,ALPHA_OUTSIDE_SIMPLEX,ALPHA_OUTSIDE_SIMPLEX
2026-03-17T17:45:00Z,2026-03-17T19:45:00+02:00,2026-03-17T17:00:00Z,0.8011885714285715,0.0,0.8011885714285715,OK,OTHER_QH_IN_SAME_HOUR_INVALID
2026-03-18T08:00:00Z,2026-03-18T10:00:00+02:00,2026-03-18T08:00:00Z,0.0,0.8916114285714286,0.8916114285714286,OK,OTHER_QH_IN_SAME_HOUR_INVALID
2026-03-18T08:15:00Z,2026-03-18T10:15:00+02:00,2026-03-18T08:00:00Z,0.0,1.1562742857142858,1.1562742857142858,ALPHA_OUTSIDE_SIMPLEX,ALPHA_OUTSIDE_SIMPLEX
2026-03-18T08:30:00Z,2026-03-18T10:30:00+02:00,2026-03-18T08:00:00Z,0.0,1.5540571428571428,1.5540571428571428,ALPHA_OUTSIDE_SIMPLEX,ALPHA_OUTSIDE_SIMPLEX
2026-03-18T08:45:00Z,2026-03-18T10:45:00+02:00,2026-03-18T08:00:00Z,0.0,1.7077714285714287,1.7077714285714287,ALPHA_OUTSIDE_SIMPLEX,ALPHA_OUTSIDE_SIMPLEX
2026-03-18T14:00:00Z,2026-03-18T16:00:00+02:00,2026-03-18T14:00:00Z,0.11869714285714285,0.0,0.11869714285714285,OK,OTHER_QH_IN_SAME_HOUR_INVALID
2026-03-18T14:15:00Z,2026-03-18T16:15:00+02:00,2026-03-18T14:00:00Z,0.24541714285714286,0.0,0.24541714285714286,OK,OTHER_QH_IN_SAME_HOUR_INVALID
2026-03-18T14:30:00Z,2026-03-18T16:30:00+02:00,2026-03-18T14:00:00Z,0.5783542857142857,0.0,0.5783542857142857,OK,OTHER_QH_IN_SAME_HOUR_INVALID
2026-03-18T14:45:00Z,2026-03-18T16:45:00+02:00,2026-03-18T14:00:00Z,1.217782857142857,0.0,1.217782857142857,ALPHA_OUTSIDE_SIMPLEX,ALPHA_OUTSIDE_SIMPLEX
2026-03-19T05:00:00Z,2026-03-19T07:00:00+02:00,2026-03-19T05:00:00Z,0.1890514285714286,0.14857142857142858,0.33762285714285717,OK,OTHER_QH_IN_SAME_HOUR_INVALID
2026-03-19T05:15:00Z,2026-03-19T07:15:00+02:00,2026-03-19T05:00:00Z,0.38027428571428573,0.0,0.38027428571428573,OK,OTHER_QH_IN_SAME_HOUR_INVALID
2026-03-19T05:30:00Z,2026-03-19T07:30:00+02:00,2026-03-19T05:00:00Z,1.1279085714285713,0.0,1.1279085714285713,ALPHA_OUTSIDE_SIMPLEX,ALPHA_OUTSIDE_SIMPLEX
2026-03-19T05:45:00Z,2026-03-19T07:45:00+02:00,2026-03-19T05:00:00Z,2.121782857142857,0.0,2.121782857142857,ALPHA_OUTSIDE_SIMPLEX,ALPHA_OUTSIDE_SIMPLEX
2026-03-19T06:00:00Z,2026-03-19T08:00:00+02:00,2026-03-19T06:00:00Z,1.947542857142857,0.0,1.947542857142857,ALPHA_OUTSIDE_SIMPLEX,ALPHA_OUTSIDE_SIMPLEX
2026-03-19T06:15:00Z,2026-03-19T08:15:00+02:00,2026-03-19T06:00:00Z,1.9313828571428573,0.0,1.9313828571428573,ALPHA_OUTSIDE_SIMPLEX,ALPHA_OUTSIDE_SIMPLEX
2026-03-19T06:30:00Z,2026-03-19T08:30:00+02:00,2026-03-19T06:00:00Z,2.017805714285714,0.0,2.017805714285714,ALPHA_OUTSIDE_SIMPLEX,ALPHA_OUTSIDE_SIMPLEX
2026-03-19T06:45:00Z,2026-03-19T08:45:00+02:00,2026-03-19T06:00:00Z,1.9403657142857145,0.0,1.9403657142857145,ALPHA_OUTSIDE_SIMPLEX,ALPHA_OUTSIDE_SIMPLEX
2026-03-19T07:00:00Z,2026-03-19T09:00:00+02:00,2026-03-19T07:00:00Z,0.10198857142857143,0.11769142857142857,0.21968,OK,OTHER_QH_IN_SAME_HOUR_INVALID
2026-03-19T07:15:00Z,2026-03-19T09:15:00+02:00,2026-03-19T07:00:00Z,0.0,0.7139885714285714,0.7139885714285714,OK,OTHER_QH_IN_SAME_HOUR_INVALID
2026-03-19T07:30:00Z,2026-03-19T09:30:00+02:00,2026-03-19T07:00:00Z,0.0,1.4207314285714285,1.4207314285714285,ALPHA_OUTSIDE_SIMPLEX,ALPHA_OUTSIDE_SIMPLEX
2026-03-19T07:45:00Z,2026-03-19T09:45:00+02:00,2026-03-19T07:00:00Z,0.0,0.8945828571428571,0.8945828571428571,OK,OTHER_QH_IN_SAME_HOUR_INVALID
2026-03-19T13:00:00Z,2026-03-19T15:00:00+02:00,2026-03-19T13:00:00Z,0.3218285714285714,0.0,0.3218285714285714,OK,OTHER_QH_IN_SAME_HOUR_INVALID
2026-03-19T13:15:00Z,2026-03-19T15:15:00+02:00,2026-03-19T13:00:00Z,0.7977142857142857,0.0,0.7977142857142857,OK,OTHER_QH_IN_SAME_HOUR_INVALID
2026-03-19T13:30:00Z,2026-03-19T15:30:00+02:00,2026-03-19T13:00:00Z,1.1443657142857144,0.0,1.1443657142857144,ALPHA_OUTSIDE_SIMPLEX,ALPHA_OUTSIDE_SIMPLEX
2026-03-19T13:45:00Z,2026-03-19T15:45:00+02:00,2026-03-19T13:00:00Z,0.9092114285714286,0.0,0.9092114285714286,OK,OTHER_QH_IN_SAME_HOUR_INVALID
2026-03-19T14:00:00Z,2026-03-19T16:00:00+02:00,2026-03-19T14:00:00Z,0.6454628571428571,0.0,0.6454628571428571,OK,OTHER_QH_IN_SAME_HOUR_INVALID
2026-03-19T14:15:00Z,2026-03-19T16:15:00+02:00,2026-03-19T14:00:00Z,0.8339885714285715,0.0,0.8339885714285715,OK,OTHER_QH_IN_SAME_HOUR_INVALID
2026-03-19T14:30:00Z,2026-03-19T16:30:00+02:00,2026-03-19T14:00:00Z,1.1487542857142858,0.0,1.1487542857142858,ALPHA_OUTSIDE_SIMPLEX,ALPHA_OUTSIDE_SIMPLEX
2026-03-19T14:45:00Z,2026-03-19T16:45:00+02:00,2026-03-19T14:00:00Z,1.0570742857142856,0.0,1.0570742857142856,ALPHA_OUTSIDE_SIMPLEX,ALPHA_OUTSIDE_SIMPLEX
2026-03-19T18:00:00Z,2026-03-19T20:00:00+02:00,2026-03-19T18:00:00Z,0.0,0.8064685714285714,0.8064685714285714,OK,OTHER_QH_IN_SAME_HOUR_INVALID
2026-03-19T18:15:00Z,2026-03-19T20:15:00+02:00,2026-03-19T18:00:00Z,0.0,1.0170514285714287,1.0170514285714287,ALPHA_OUTSIDE_SIMPLEX,ALPHA_OUTSIDE_SIMPLEX
2026-03-19T18:30:00Z,2026-03-19T20:30:00+02:00,2026-03-19T18:00:00Z,0.0,0.38185142857142856,0.38185142857142856,OK,OTHER_QH_IN_SAME_HOUR_INVALID
2026-03-19T18:45:00Z,2026-03-19T20:45:00+02:00,2026-03-19T18:00:00Z,0.012137142857142858,0.0192,0.031337142857142855,OK,OTHER_QH_IN_SAME_HOUR_INVALID
2026-03-19T20:00:00Z,2026-03-19T22:00:00+02:00,2026-03-19T20:00:00Z,1.5340571428571428,0.0,1.5340571428571428,ALPHA_OUTSIDE_SIMPLEX,ALPHA_OUTSIDE_SIMPLEX
2026-03-19T20:15:00Z,2026-03-19T22:15:00+02:00,2026-03-19T20:00:00Z,0.75776,0.0002057142857142857,0.7579657142857142,OK,OTHER_QH_IN_SAME_HOUR_INVALID
2026-03-19T20:30:00Z,2026-03-19T22:30:00+02:00,2026-03-19T20:00:00Z,6.857142857142857e-05,0.3270857142857143,0.32715428571428573,OK,OTHER_QH_IN_SAME_HOUR_INVALID
2026-03-19T20:45:00Z,2026-03-19T22:45:00+02:00,2026-03-19T20:00:00Z,0.0,0.44701714285714284,0.44701714285714284,OK,OTHER_QH_IN_SAME_HOUR_INVALID
2026-03-20T06:00:00Z,2026-03-20T08:00:00+02:00,2026-03-20T06:00:00Z,1.3851428571428572,0.0,1.3851428571428572,ALPHA_OUTSIDE_SIMPLEX,ALPHA_OUTSIDE_SIMPLEX
2026-03-20T06:15:00Z,2026-03-20T08:15:00+02:00,2026-03-20T06:00:00Z,0.5538057142857142,0.0,0.5538057142857142,OK,OTHER_QH_IN_SAME_HOUR_INVALID
2026-03-20T06:30:00Z,2026-03-20T08:30:00+02:00,2026-03-20T06:00:00Z,0.0,1.0544457142857142,1.0544457142857142,ALPHA_OUTSIDE_SIMPLEX,ALPHA_OUTSIDE_SIMPLEX
2026-03-20T06:45:00Z,2026-03-20T08:45:00+02:00,2026-03-20T06:00:00Z,0.0,0.8917714285714285,0.8917714285714285,OK,OTHER_QH_IN_SAME_HOUR_INVALID
2026-03-20T07:00:00Z,2026-03-20T09:00:00+02:00,2026-03-20T07:00:00Z,0.0,0.6209600000000001,0.6209600000000001,OK,OTHER_QH_IN_SAME_HOUR_INVALID
2026-03-20T07:15:00Z,2026-03-20T09:15:00+02:00,2026-03-20T07:00:00Z,0.0,1.097737142857143,1.097737142857143,ALPHA_OUTSIDE_SIMPLEX,ALPHA_OUTSIDE_SIMPLEX
2026-03-20T07:30:00Z,2026-03-20T09:30:00+02:00,2026-03-20T07:00:00Z,0.0,1.2996114285714284,1.2996114285714284,ALPHA_OUTSIDE_SIMPLEX,ALPHA_OUTSIDE_SIMPLEX
2026-03-20T07:45:00Z,2026-03-20T09:45:00+02:00,2026-03-20T07:00:00Z,0.0,1.249302857142857,1.249302857142857,ALPHA_OUTSIDE_SIMPLEX,ALPHA_OUTSIDE_SIMPLEX
2026-03-20T16:00:00Z,2026-03-20T18:00:00+02:00,2026-03-20T16:00:00Z,1.0608,0.0,1.0608,ALPHA_OUTSIDE_SIMPLEX,ALPHA_OUTSIDE_SIMPLEX
2026-03-20T16:15:00Z,2026-03-20T18:15:00+02:00,2026-03-20T16:00:00Z,1.0764799999999999,0.0,1.0764799999999999,ALPHA_OUTSIDE_SIMPLEX,ALPHA_OUTSIDE_SIMPLEX
2026-03-20T16:30:00Z,2026-03-20T18:30:00+02:00,2026-03-20T16:00:00Z,0.6011657142857143,0.0,0.6011657142857143,OK,OTHER_QH_IN_SAME_HOUR_INVALID
2026-03-20T16:45:00Z,2026-03-20T18:45:00+02:00,2026-03-20T16:00:00Z,0.8003428571428571,0.0,0.8003428571428571,OK,OTHER_QH_IN_SAME_HOUR_INVALID
2026-03-20T18:00:00Z,2026-03-20T20:00:00+02:00,2026-03-20T18:00:00Z,1.8090285714285714,0.0013257142857142858,1.8103542857142858,ALPHA_OUTSIDE_SIMPLEX,ALPHA_OUTSIDE_SIMPLEX
2026-03-20T18:15:00Z,2026-03-20T20:15:00+02:00,2026-03-20T18:00:00Z,0.28845714285714286,0.5092342857142858,0.7976914285714286,OK,OTHER_QH_IN_SAME_HOUR_INVALID
2026-03-20T18:30:00Z,2026-03-20T20:30:00+02:00,2026-03-20T18:00:00Z,0.0,1.4876342857142857,1.4876342857142857,ALPHA_OUTSIDE_SIMPLEX,ALPHA_OUTSIDE_SIMPLEX
2026-03-20T18:45:00Z,2026-03-20T20:45:00+02:00,2026-03-20T18:00:00Z,0.0,0.47636571428571434,0.47636571428571434,OK,OTHER_QH_IN_SAME_HOUR_INVALID
2026-03-21T07:00:00Z,2026-03-21T09:00:00+02:00,2026-03-21T07:00:00Z,0.0,0.32496,0.32496,OK,OTHER_QH_IN_SAME_HOUR_INVALID
2026-03-21T07:15:00Z,2026-03-21T09:15:00+02:00,2026-03-21T07:00:00Z,0.0,1.2292114285714286,1.2292114285714286,ALPHA_OUTSIDE_SIMPLEX,ALPHA_OUTSIDE_SIMPLEX
2026-03-21T07:30:00Z,2026-03-21T09:30:00+02:00,2026-03-21T07:00:00Z,0.0,1.2269257142857142,1.2269257142857142,ALPHA_OUTSIDE_SIMPLEX,ALPHA_OUTSIDE_SIMPLEX
2026-03-21T07:45:00Z,2026-03-21T09:45:00+02:00,2026-03-21T07:00:00Z,0.0,0.8069942857142857,0.8069942857142857,OK,OTHER_QH_IN_SAME_HOUR_INVALID
2026-03-21T20:00:00Z,2026-03-21T22:00:00+02:00,2026-03-21T20:00:00Z,0.2218057142857143,0.0,0.2218057142857143,OK,OTHER_QH_IN_SAME_HOUR_INVALID
2026-03-21T20:15:00Z,2026-03-21T22:15:00+02:00,2026-03-21T20:00:00Z,0.6169371428571429,0.0,0.6169371428571429,OK,OTHER_QH_IN_SAME_HOUR_INVALID
2026-03-21T20:30:00Z,2026-03-21T22:30:00+02:00,2026-03-21T20:00:00Z,0.3974857142857143,0.0008914285714285714,0.3983771428571429,OK,OTHER_QH_IN_SAME_HOUR_INVALID
2026-03-21T20:45:00Z,2026-03-21T22:45:00+02:00,2026-03-21T20:00:00Z,1.3233828571428572,0.0,1.3233828571428572,ALPHA_OUTSIDE_SIMPLEX,ALPHA_OUTSIDE_SIMPLEX
2026-03-21T21:00:00Z,2026-03-21T23:00:00+02:00,2026-03-21T21:00:00Z,1.041737142857143,0.0,1.041737142857143,ALPHA_OUTSIDE_SIMPLEX,ALPHA_OUTSIDE_SIMPLEX
2026-03-21T21:15:00Z,2026-03-21T23:15:00+02:00,2026-03-21T21:00:00Z,0.28125714285714287,0.0,0.28125714285714287,OK,OTHER_QH_IN_SAME_HOUR_INVALID
2026-03-21T21:30:00Z,2026-03-21T23:30:00+02:00,2026-03-21T21:00:00Z,0.033120000000000004,0.002834285714285714,0.035954285714285716,OK,OTHER_QH_IN_SAME_HOUR_INVALID
2026-03-21T21:45:00Z,2026-03-21T23:45:00+02:00,2026-03-21T21:00:00Z,0.001302857142857143,0.01046857142857143,0.011771428571428572,OK,OTHER_QH_IN_SAME_HOUR_INVALID
2026-03-23T09:00:00Z,2026-03-23T11:00:00+02:00,2026-03-23T09:00:00Z,0.0,0.8621485714285715,0.8621485714285715,OK,OTHER_QH_IN_SAME_HOUR_INVALID
2026-03-23T09:15:00Z,2026-03-23T11:15:00+02:00,2026-03-23T09:00:00Z,0.0,1.1320914285714287,1.1320914285714287,ALPHA_OUTSIDE_SIMPLEX,ALPHA_OUTSIDE_SIMPLEX
2026-03-23T09:30:00Z,2026-03-23T11:30:00+02:00,2026-03-23T09:00:00Z,0.0,0.7483657142857143,0.7483657142857143,OK,OTHER_QH_IN_SAME_HOUR_INVALID
2026-03-23T09:45:00Z,2026-03-23T11:45:00+02:00,2026-03-23T09:00:00Z,0.0,0.7333942857142857,0.7333942857142857,OK,OTHER_QH_IN_SAME_HOUR_INVALID
2026-03-23T17:00:00Z,2026-03-23T19:00:00+02:00,2026-03-23T17:00:00Z,1.0203657142857143,0.0,1.0203657142857143,ALPHA_OUTSIDE_SIMPLEX,ALPHA_OUTSIDE_SIMPLEX
2026-03-23T17:15:00Z,2026-03-23T19:15:00+02:00,2026-03-23T17:00:00Z,1.9030857142857145,0.0,1.9030857142857145,ALPHA_OUTSIDE_SIMPLEX,ALPHA_OUTSIDE_SIMPLEX
2026-03-23T17:30:00Z,2026-03-23T19:30:00+02:00,2026-03-23T17:00:00Z,1.5604342857142859,0.0,1.5604342857142859,ALPHA_OUTSIDE_SIMPLEX,ALPHA_OUTSIDE_SIMPLEX
2026-03-23T17:45:00Z,2026-03-23T19:45:00+02:00,2026-03-23T17:00:00Z,0.16208,0.00011428571428571428,0.1621942857142857,OK,OTHER_QH_IN_SAME_HOUR_INVALID
2026-03-24T06:00:00Z,2026-03-24T08:00:00+02:00,2026-03-24T06:00:00Z,0.0,0.42592,0.42592,OK,OTHER_QH_IN_SAME_HOUR_INVALID
2026-03-24T06:15:00Z,2026-03-24T08:15:00+02:00,2026-03-24T06:00:00Z,0.0,1.0880228571428572,1.0880228571428572,ALPHA_OUTSIDE_SIMPLEX,ALPHA_OUTSIDE_SIMPLEX
2026-03-24T06:30:00Z,2026-03-24T08:30:00+02:00,2026-03-24T06:00:00Z,0.0,0.5138971428571428,0.5138971428571428,OK,OTHER_QH_IN_SAME_HOUR_INVALID
2026-03-24T06:45:00Z,2026-03-24T08:45:00+02:00,2026-03-24T06:00:00Z,0.0,0.28386285714285714,0.28386285714285714,OK,OTHER_QH_IN_SAME_HOUR_INVALID
2026-03-24T08:00:00Z,2026-03-24T10:00:00+02:00,2026-03-24T08:00:00Z,0.0,0.37904,0.37904,OK,OTHER_QH_IN_SAME_HOUR_INVALID
2026-03-24T08:15:00Z,2026-03-24T10:15:00+02:00,2026-03-24T08:00:00Z,0.0002514285714285714,0.17024,0.17049142857142857,OK,OTHER_QH_IN_SAME_HOUR_INVALID
2026-03-24T08:30:00Z,2026-03-24T10:30:00+02:00,2026-03-24T08:00:00Z,0.0,1.2791771428571428,1.2791771428571428,ALPHA_OUTSIDE_SIMPLEX,ALPHA_OUTSIDE_SIMPLEX
2026-03-24T08:45:00Z,2026-03-24T10:45:00+02:00,2026-03-24T08:00:00Z,0.0,1.2768914285714286,1.2768914285714286,ALPHA_OUTSIDE_SIMPLEX,ALPHA_OUTSIDE_SIMPLEX
2026-03-24T17:00:00Z,2026-03-24T19:00:00+02:00,2026-03-24T17:00:00Z,0.05364571428571428,0.00034285714285714285,0.05398857142857143,OK,OTHER_QH_IN_SAME_HOUR_INVALID
2026-03-24T17:15:00Z,2026-03-24T19:15:00+02:00,2026-03-24T17:00:00Z,0.7268342857142857,0.002034285714285714,0.7288685714285714,OK,OTHER_QH_IN_SAME_HOUR_INVALID
2026-03-24T17:30:00Z,2026-03-24T19:30:00+02:00,2026-03-24T17:00:00Z,1.1722057142857143,0.0,1.1722057142857143,ALPHA_OUTSIDE_SIMPLEX,ALPHA_OUTSIDE_SIMPLEX
2026-03-24T17:45:00Z,2026-03-24T19:45:00+02:00,2026-03-24T17:00:00Z,0.6053028571428571,4.5714285714285716e-05,0.6053485714285715,OK,OTHER_QH_IN_SAME_HOUR_INVALID
2026-03-24T18:00:00Z,2026-03-24T20:00:00+02:00,2026-03-24T18:00:00Z,0.8088685714285714,0.0,0.8088685714285714,OK,OTHER_QH_IN_SAME_HOUR_INVALID
2026-03-24T18:15:00Z,2026-03-24T20:15:00+02:00,2026-03-24T18:00:00Z,1.9500114285714287,0.0,1.9500114285714287,ALPHA_OUTSIDE_SIMPLEX,ALPHA_OUTSIDE_SIMPLEX
2026-03-24T18:30:00Z,2026-03-24T20:30:00+02:00,2026-03-24T18:00:00Z,2.13504,0.0,2.13504,ALPHA_OUTSIDE_SIMPLEX,ALPHA_OUTSIDE_SIMPLEX
2026-03-24T18:45:00Z,2026-03-24T20:45:00+02:00,2026-03-24T18:00:00Z,0.4512685714285714,0.035108571428571426,0.48637714285714284,OK,OTHER_QH_IN_SAME_HOUR_INVALID
2026-03-24T19:00:00Z,2026-03-24T21:00:00+02:00,2026-03-24T19:00:00Z,0.0,0.9648228571428571,0.9648228571428571,OK,OTHER_QH_IN_SAME_HOUR_INVALID
2026-03-24T19:15:00Z,2026-03-24T21:15:00+02:00,2026-03-24T19:00:00Z,0.0,1.4517257142857143,1.4517257142857143,ALPHA_OUTSIDE_SIMPLEX,ALPHA_OUTSIDE_SIMPLEX
2026-03-24T19:30:00Z,2026-03-24T21:30:00+02:00,2026-03-24T19:00:00Z,0.0,0.9606171428571428,0.9606171428571428,OK,OTHER_QH_IN_SAME_HOUR_INVALID
2026-03-24T19:45:00Z,2026-03-24T21:45:00+02:00,2026-03-24T19:00:00Z,0.0,0.2839314285714286,0.2839314285714286,OK,OTHER_QH_IN_SAME_HOUR_INVALID
2026-03-24T21:00:00Z,2026-03-24T23:00:00+02:00,2026-03-24T21:00:00Z,0.9374171428571428,0.0,0.9374171428571428,OK,OTHER_QH_IN_SAME_HOUR_INVALID
2026-03-24T21:15:00Z,2026-03-24T23:15:00+02:00,2026-03-24T21:00:00Z,1.7306057142857143,0.0,1.7306057142857143,ALPHA_OUTSIDE_SIMPLEX,ALPHA_OUTSIDE_SIMPLEX
2026-03-24T21:30:00Z,2026-03-24T23:30:00+02:00,2026-03-24T21:00:00Z,1.6498057142857143,0.0,1.6498057142857143,ALPHA_OUTSIDE_SIMPLEX,ALPHA_OUTSIDE_SIMPLEX
2026-03-24T21:45:00Z,2026-03-24T23:45:00+02:00,2026-03-24T21:00:00Z,0.6422628571428571,0.0,0.6422628571428571,OK,OTHER_QH_IN_SAME_HOUR_INVALID
2026-03-25T13:00:00Z,2026-03-25T15:00:00+02:00,2026-03-25T13:00:00Z,0.0,1.1337142857142857,1.1337142857142857,ALPHA_OUTSIDE_SIMPLEX,ALPHA_OUTSIDE_SIMPLEX
2026-03-25T13:15:00Z,2026-03-25T15:15:00+02:00,2026-03-25T13:00:00Z,0.0,0.47042285714285714,0.47042285714285714,OK,OTHER_QH_IN_SAME_HOUR_INVALID
2026-03-25T13:30:00Z,2026-03-25T15:30:00+02:00,2026-03-25T13:00:00Z,0.0005942857142857143,0.28432,0.28491428571428573,OK,OTHER_QH_IN_SAME_HOUR_INVALID
2026-03-25T13:45:00Z,2026-03-25T15:45:00+02:00,2026-03-25T13:00:00Z,0.00043428571428571426,0.10626285714285715,0.10669714285714287,OK,OTHER_QH_IN_SAME_HOUR_INVALID
2026-03-26T07:00:00Z,2026-03-26T09:00:00+02:00,2026-03-26T07:00:00Z,0.011154285714285714,0.009302857142857142,0.020457142857142854,OK,OTHER_QH_IN_SAME_HOUR_INVALID
2026-03-26T07:15:00Z,2026-03-26T09:15:00+02:00,2026-03-26T07:00:00Z,0.03849142857142857,0.0019657142857142855,0.04045714285714286,OK,OTHER_QH_IN_SAME_HOUR_INVALID
2026-03-26T07:30:00Z,2026-03-26T09:30:00+02:00,2026-03-26T07:00:00Z,0.0,0.770697142857143,0.770697142857143,OK,OTHER_QH_IN_SAME_HOUR_INVALID
2026-03-26T07:45:00Z,2026-03-26T09:45:00+02:00,2026-03-26T07:00:00Z,0.0,1.6741485714285713,1.6741485714285713,ALPHA_OUTSIDE_SIMPLEX,ALPHA_OUTSIDE_SIMPLEX
2026-03-26T08:00:00Z,2026-03-26T10:00:00+02:00,2026-03-26T08:00:00Z,0.0,1.9443199999999998,1.9443199999999998,ALPHA_OUTSIDE_SIMPLEX,ALPHA_OUTSIDE_SIMPLEX
2026-03-26T08:15:00Z,2026-03-26T10:15:00+02:00,2026-03-26T08:00:00Z,0.0,1.9277028571428572,1.9277028571428572,ALPHA_OUTSIDE_SIMPLEX,ALPHA_OUTSIDE_SIMPLEX
2026-03-26T08:30:00Z,2026-03-26T10:30:00+02:00,2026-03-26T08:00:00Z,0.0,1.4299657142857143,1.4299657142857143,ALPHA_OUTSIDE_SIMPLEX,ALPHA_OUTSIDE_SIMPLEX
2026-03-26T08:45:00Z,2026-03-26T10:45:00+02:00,2026-03-26T08:00:00Z,0.0005485714285714285,0.10729142857142857,0.10783999999999999,OK,OTHER_QH_IN_SAME_HOUR_INVALID
2026-03-26T13:00:00Z,2026-03-26T15:00:00+02:00,2026-03-26T13:00:00Z,0.0,0.7349714285714286,0.7349714285714286,OK,OTHER_QH_IN_SAME_HOUR_INVALID
2026-03-26T13:15:00Z,2026-03-26T15:15:00+02:00,2026-03-26T13:00:00Z,0.0,1.0231085714285715,1.0231085714285715,ALPHA_OUTSIDE_SIMPLEX,ALPHA_OUTSIDE_SIMPLEX
2026-03-26T13:30:00Z,2026-03-26T15:30:00+02:00,2026-03-26T13:00:00Z,0.0,0.5519314285714285,0.5519314285714285,OK,OTHER_QH_IN_SAME_HOUR_INVALID
2026-03-26T13:45:00Z,2026-03-26T15:45:00+02:00,2026-03-26T13:00:00Z,0.0,0.18829714285714286,0.18829714285714286,OK,OTHER_QH_IN_SAME_HOUR_INVALID
2026-03-26T14:00:00Z,2026-03-26T16:00:00+02:00,2026-03-26T14:00:00Z,0.09750857142857143,0.13062857142857143,0.22813714285714287,OK,OTHER_QH_IN_SAME_HOUR_INVALID
2026-03-26T14:15:00Z,2026-03-26T16:15:00+02:00,2026-03-26T14:00:00Z,0.03108571428571429,0.06829714285714286,0.09938285714285715,OK,OTHER_QH_IN_SAME_HOUR_INVALID
2026-03-26T14:30:00Z,2026-03-26T16:30:00+02:00,2026-03-26T14:00:00Z,0.16726857142857143,0.03154285714285714,0.19881142857142858,OK,OTHER_QH_IN_SAME_HOUR_INVALID
2026-03-26T14:45:00Z,2026-03-26T16:45:00+02:00,2026-03-26T14:00:00Z,1.1043657142857144,0.0,1.1043657142857144,ALPHA_OUTSIDE_SIMPLEX,ALPHA_OUTSIDE_SIMPLEX
2026-03-27T06:00:00Z,2026-03-27T08:00:00+02:00,2026-03-27T06:00:00Z,0.1667657142857143,0.00208,0.1688457142857143,OK,OTHER_QH_IN_SAME_HOUR_INVALID
2026-03-27T06:15:00Z,2026-03-27T08:15:00+02:00,2026-03-27T06:00:00Z,0.04521142857142857,0.48379428571428573,0.5290057142857143,OK,OTHER_QH_IN_SAME_HOUR_INVALID
2026-03-27T06:30:00Z,2026-03-27T08:30:00+02:00,2026-03-27T06:00:00Z,0.0,0.3842057142857143,0.3842057142857143,OK,OTHER_QH_IN_SAME_HOUR_INVALID
2026-03-27T06:45:00Z,2026-03-27T08:45:00+02:00,2026-03-27T06:00:00Z,0.0,1.3276571428571429,1.3276571428571429,ALPHA_OUTSIDE_SIMPLEX,ALPHA_OUTSIDE_SIMPLEX
2026-03-27T07:00:00Z,2026-03-27T09:00:00+02:00,2026-03-27T07:00:00Z,0.0,1.0466514285714286,1.0466514285714286,ALPHA_OUTSIDE_SIMPLEX,ALPHA_OUTSIDE_SIMPLEX
2026-03-27T07:15:00Z,2026-03-27T09:15:00+02:00,2026-03-27T07:00:00Z,0.0,0.7021942857142858,0.7021942857142858,OK,OTHER_QH_IN_SAME_HOUR_INVALID
2026-03-27T07:30:00Z,2026-03-27T09:30:00+02:00,2026-03-27T07:00:00Z,0.0,0.49039999999999995,0.49039999999999995,OK,OTHER_QH_IN_SAME_HOUR_INVALID
2026-03-27T07:45:00Z,2026-03-27T09:45:00+02:00,2026-03-27T07:00:00Z,0.0,0.37007999999999996,0.37007999999999996,OK,OTHER_QH_IN_SAME_HOUR_INVALID
2026-03-27T17:00:00Z,2026-03-27T19:00:00+02:00,2026-03-27T17:00:00Z,0.13154285714285713,0.0,0.13154285714285713,OK,OTHER_QH_IN_SAME_HOUR_INVALID
2026-03-27T17:15:00Z,2026-03-27T19:15:00+02:00,2026-03-27T17:00:00Z,0.6080457142857143,0.0,0.6080457142857143,OK,OTHER_QH_IN_SAME_HOUR_INVALID
2026-03-27T17:30:00Z,2026-03-27T19:30:00+02:00,2026-03-27T17:00:00Z,0.2618057142857143,0.0,0.2618057142857143,OK,OTHER_QH_IN_SAME_HOUR_INVALID
2026-03-27T17:45:00Z,2026-03-27T19:45:00+02:00,2026-03-27T17:00:00Z,1.2969828571428572,0.0,1.2969828571428572,ALPHA_OUTSIDE_SIMPLEX,ALPHA_OUTSIDE_SIMPLEX
2026-03-27T18:00:00Z,2026-03-27T20:00:00+02:00,2026-03-27T18:00:00Z,1.8409371428571428,0.0,1.8409371428571428,ALPHA_OUTSIDE_SIMPLEX,ALPHA_OUTSIDE_SIMPLEX
2026-03-27T18:15:00Z,2026-03-27T20:15:00+02:00,2026-03-27T18:00:00Z,0.43293714285714285,0.0,0.43293714285714285,OK,OTHER_QH_IN_SAME_HOUR_INVALID
2026-03-27T18:30:00Z,2026-03-27T20:30:00+02:00,2026-03-27T18:00:00Z,0.006651428571428571,0.06326857142857142,0.06992,OK,OTHER_QH_IN_SAME_HOUR_INVALID
2026-03-27T18:45:00Z,2026-03-27T20:45:00+02:00,2026-03-27T18:00:00Z,0.6298285714285714,0.00013714285714285713,0.6299657142857142,OK,OTHER_QH_IN_SAME_HOUR_INVALID
2026-03-27T19:00:00Z,2026-03-27T21:00:00+02:00,2026-03-27T19:00:00Z,1.0658742857142858,0.0,1.0658742857142858,ALPHA_OUTSIDE_SIMPLEX,ALPHA_OUTSIDE_SIMPLEX
2026-03-27T19:15:00Z,2026-03-27T21:15:00+02:00,2026-03-27T19:00:00Z,1.2864685714285715,0.0,1.2864685714285715,ALPHA_OUTSIDE_SIMPLEX,ALPHA_OUTSIDE_SIMPLEX
2026-03-27T19:30:00Z,2026-03-27T21:30:00+02:00,2026-03-27T19:00:00Z,0.5922742857142856,0.0,0.5922742857142856,OK,OTHER_QH_IN_SAME_HOUR_INVALID
2026-03-27T19:45:00Z,2026-03-27T21:45:00+02:00,2026-03-27T19:00:00Z,0.004822857142857143,0.11131428571428571,0.11613714285714286,OK,OTHER_QH_IN_SAME_HOUR_INVALID
2026-03-28T00:00:00Z,2026-03-28T02:00:00+02:00,2026-03-28T00:00:00Z,0.39515428571428574,0.0,0.39515428571428574,OK,OTHER_QH_IN_SAME_HOUR_INVALID
2026-03-28T00:15:00Z,2026-03-28T02:15:00+02:00,2026-03-28T00:00:00Z,0.17282285714285714,0.0,0.17282285714285714,OK,OTHER_QH_IN_SAME_HOUR_INVALID
2026-03-28T00:30:00Z,2026-03-28T02:30:00+02:00,2026-03-28T00:00:00Z,0.012091428571428572,0.0,0.012091428571428572,OK,OTHER_QH_IN_SAME_HOUR_INVALID
2026-03-28T00:45:00Z,2026-03-28T02:45:00+02:00,2026-03-28T00:00:00Z,1.4026742857142858,0.0,1.4026742857142858,ALPHA_OUTSIDE_SIMPLEX,ALPHA_OUTSIDE_SIMPLEX
2026-03-28T13:00:00Z,2026-03-28T15:00:00+02:00,2026-03-28T13:00:00Z,0.7361371428571429,0.0,0.7361371428571429,OK,OTHER_QH_IN_SAME_HOUR_INVALID
2026-03-28T13:15:00Z,2026-03-28T15:15:00+02:00,2026-03-28T13:00:00Z,1.0749714285714287,0.0,1.0749714285714287,ALPHA_OUTSIDE_SIMPLEX,ALPHA_OUTSIDE_SIMPLEX
2026-03-28T13:30:00Z,2026-03-28T15:30:00+02:00,2026-03-28T13:00:00Z,0.11003428571428571,0.0,0.11003428571428571,OK,OTHER_QH_IN_SAME_HOUR_INVALID
2026-03-28T13:45:00Z,2026-03-28T15:45:00+02:00,2026-03-28T13:00:00Z,0.002102857142857143,0.003908571428571429,0.006011428571428572,OK,OTHER_QH_IN_SAME_HOUR_INVALID
2026-03-28T15:00:00Z,2026-03-28T17:00:00+02:00,2026-03-28T15:00:00Z,0.7074057142857143,0.0,0.7074057142857143,OK,OTHER_QH_IN_SAME_HOUR_INVALID
2026-03-28T15:15:00Z,2026-03-28T17:15:00+02:00,2026-03-28T15:00:00Z,1.0548114285714287,0.0,1.0548114285714287,ALPHA_OUTSIDE_SIMPLEX,ALPHA_OUTSIDE_SIMPLEX
2026-03-28T15:30:00Z,2026-03-28T17:30:00+02:00,2026-03-28T15:00:00Z,0.79008,0.0,0.79008,OK,OTHER_QH_IN_SAME_HOUR_INVALID
2026-03-28T15:45:00Z,2026-03-28T17:45:00+02:00,2026-03-28T15:00:00Z,0.4605485714285715,0.0,0.4605485714285715,OK,OTHER_QH_IN_SAME_HOUR_INVALID
2026-03-29T19:00:00Z,2026-03-29T22:00:00+03:00,2026-03-29T19:00:00Z,0.11744,0.02274285714285714,0.14018285714285714,OK,OTHER_QH_IN_SAME_HOUR_INVALID
2026-03-29T19:15:00Z,2026-03-29T22:15:00+03:00,2026-03-29T19:00:00Z,0.0,0.24102857142857143,0.24102857142857143,OK,OTHER_QH_IN_SAME_HOUR_INVALID
2026-03-29T19:30:00Z,2026-03-29T22:30:00+03:00,2026-03-29T19:00:00Z,0.0,0.6576685714285714,0.6576685714285714,OK,OTHER_QH_IN_SAME_HOUR_INVALID
2026-03-29T19:45:00Z,2026-03-29T22:45:00+03:00,2026-03-29T19:00:00Z,0.0,1.14032,1.14032,ALPHA_OUTSIDE_SIMPLEX,ALPHA_OUTSIDE_SIMPLEX
2026-03-30T04:00:00Z,2026-03-30T07:00:00+03:00,2026-03-30T04:00:00Z,0.09261714285714284,0.005645714285714286,0.09826285714285712,OK,OTHER_QH_IN_SAME_HOUR_INVALID
2026-03-30T04:15:00Z,2026-03-30T07:15:00+03:00,2026-03-30T04:00:00Z,0.045028571428571425,0.00036571428571428573,0.04539428571428571,OK,OTHER_QH_IN_SAME_HOUR_INVALID
2026-03-30T04:30:00Z,2026-03-30T07:30:00+03:00,2026-03-30T04:00:00Z,1.19088,0.0002057142857142857,1.1910857142857143,ALPHA_OUTSIDE_SIMPLEX,ALPHA_OUTSIDE_SIMPLEX
2026-03-30T04:45:00Z,2026-03-30T07:45:00+03:00,2026-03-30T04:00:00Z,1.8425371428571429,0.0,1.8425371428571429,ALPHA_OUTSIDE_SIMPLEX,ALPHA_OUTSIDE_SIMPLEX
2026-03-30T05:00:00Z,2026-03-30T08:00:00+03:00,2026-03-30T05:00:00Z,0.4543542857142857,0.0770742857142857,0.5314285714285714,OK,OTHER_QH_IN_SAME_HOUR_INVALID
2026-03-30T05:15:00Z,2026-03-30T08:15:00+03:00,2026-03-30T05:00:00Z,0.0,1.0378514285714286,1.0378514285714286,ALPHA_OUTSIDE_SIMPLEX,ALPHA_OUTSIDE_SIMPLEX
2026-03-30T05:30:00Z,2026-03-30T08:30:00+03:00,2026-03-30T05:00:00Z,0.00288,0.023428571428571427,0.026308571428571428,OK,OTHER_QH_IN_SAME_HOUR_INVALID
2026-03-30T05:45:00Z,2026-03-30T08:45:00+03:00,2026-03-30T05:00:00Z,0.002194285714285714,0.036045714285714285,0.038239999999999996,OK,OTHER_QH_IN_SAME_HOUR_INVALID
2026-03-30T15:00:00Z,2026-03-30T18:00:00+03:00,2026-03-30T15:00:00Z,0.0,0.49510857142857145,0.49510857142857145,OK,OTHER_QH_IN_SAME_HOUR_INVALID
2026-03-30T15:15:00Z,2026-03-30T18:15:00+03:00,2026-03-30T15:00:00Z,0.0,0.4266285714285714,0.4266285714285714,OK,OTHER_QH_IN_SAME_HOUR_INVALID
2026-03-30T15:30:00Z,2026-03-30T18:30:00+03:00,2026-03-30T15:00:00Z,0.0,0.68752,0.68752,OK,OTHER_QH_IN_SAME_HOUR_INVALID
2026-03-30T15:45:00Z,2026-03-30T18:45:00+03:00,2026-03-30T15:00:00Z,0.0,1.0839771428571428,1.0839771428571428,ALPHA_OUTSIDE_SIMPLEX,ALPHA_OUTSIDE_SIMPLEX
2026-03-30T16:00:00Z,2026-03-30T19:00:00+03:00,2026-03-30T16:00:00Z,0.0,1.0557942857142857,1.0557942857142857,ALPHA_OUTSIDE_SIMPLEX,ALPHA_OUTSIDE_SIMPLEX
2026-03-30T16:15:00Z,2026-03-30T19:15:00+03:00,2026-03-30T16:00:00Z,0.0,0.7178971428571429,0.7178971428571429,OK,OTHER_QH_IN_SAME_HOUR_INVALID
2026-03-30T16:30:00Z,2026-03-30T19:30:00+03:00,2026-03-30T16:00:00Z,0.0010285714285714286,0.045622857142857146,0.04665142857142857,OK,OTHER_QH_IN_SAME_HOUR_INVALID
2026-03-30T16:45:00Z,2026-03-30T19:45:00+03:00,2026-03-30T16:00:00Z,2.2857142857142858e-05,0.19675428571428571,0.19677714285714284,OK,OTHER_QH_IN_SAME_HOUR_INVALID
2026-03-31T06:00:00Z,2026-03-31T09:00:00+03:00,2026-03-31T06:00:00Z,0.35200000000000004,0.0,0.35200000000000004,OK,OTHER_QH_IN_SAME_HOUR_INVALID
2026-03-31T06:15:00Z,2026-03-31T09:15:00+03:00,2026-03-31T06:00:00Z,0.8058971428571429,0.0,0.8058971428571429,OK,OTHER_QH_IN_SAME_HOUR_INVALID
2026-03-31T06:30:00Z,2026-03-31T09:30:00+03:00,2026-03-31T06:00:00Z,1.2862857142857143,0.0,1.2862857142857143,ALPHA_OUTSIDE_SIMPLEX,ALPHA_OUTSIDE_SIMPLEX
2026-03-31T06:45:00Z,2026-03-31T09:45:00+03:00,2026-03-31T06:00:00Z,0.7553142857142857,0.0,0.7553142857142857,OK,OTHER_QH_IN_SAME_HOUR_INVALID
2026-04-01T09:00:00Z,2026-04-01T12:00:00+03:00,2026-04-01T09:00:00Z,0.0,1.2852342857142858,1.2852342857142858,ALPHA_OUTSIDE_SIMPLEX,ALPHA_OUTSIDE_SIMPLEX
2026-04-01T09:15:00Z,2026-04-01T12:15:00+03:00,2026-04-01T09:00:00Z,0.0,1.3306742857142857,1.3306742857142857,ALPHA_OUTSIDE_SIMPLEX,ALPHA_OUTSIDE_SIMPLEX
2026-04-01T09:30:00Z,2026-04-01T12:30:00+03:00,2026-04-01T09:00:00Z,0.0,0.7758171428571429,0.7758171428571429,OK,OTHER_QH_IN_SAME_HOUR_INVALID
2026-04-01T09:45:00Z,2026-04-01T12:45:00+03:00,2026-04-01T09:00:00Z,0.0004114285714285714,0.15904000000000001,0.15945142857142858,OK,OTHER_QH_IN_SAME_HOUR_INVALID
2026-04-01T13:00:00Z,2026-04-01T16:00:00+03:00,2026-04-01T13:00:00Z,0.0,0.9576685714285715,0.9576685714285715,OK,OTHER_QH_IN_SAME_HOUR_INVALID
2026-04-01T13:15:00Z,2026-04-01T16:15:00+03:00,2026-04-01T13:00:00Z,0.0,0.6465371428571429,0.6465371428571429,OK,OTHER_QH_IN_SAME_HOUR_INVALID
2026-04-01T13:30:00Z,2026-04-01T16:30:00+03:00,2026-04-01T13:00:00Z,0.0,1.1236571428571427,1.1236571428571427,ALPHA_OUTSIDE_SIMPLEX,ALPHA_OUTSIDE_SIMPLEX
2026-04-01T13:45:00Z,2026-04-01T16:45:00+03:00,2026-04-01T13:00:00Z,0.0,0.4539885714285714,0.4539885714285714,OK,OTHER_QH_IN_SAME_HOUR_INVALID
2026-04-01T14:00:00Z,2026-04-01T17:00:00+03:00,2026-04-01T14:00:00Z,0.0,0.9817371428571429,0.9817371428571429,OK,OTHER_QH_IN_SAME_HOUR_INVALID
2026-04-01T14:15:00Z,2026-04-01T17:15:00+03:00,2026-04-01T14:00:00Z,0.0,1.0666514285714286,1.0666514285714286,ALPHA_OUTSIDE_SIMPLEX,ALPHA_OUTSIDE_SIMPLEX
2026-04-01T14:30:00Z,2026-04-01T17:30:00+03:00,2026-04-01T14:00:00Z,0.0,0.4842285714285714,0.4842285714285714,OK,OTHER_QH_IN_SAME_HOUR_INVALID
2026-04-01T14:45:00Z,2026-04-01T17:45:00+03:00,2026-04-01T14:00:00Z,0.0,0.9725485714285714,0.9725485714285714,OK,OTHER_QH_IN_SAME_HOUR_INVALID
2026-04-01T15:00:00Z,2026-04-01T18:00:00+03:00,2026-04-01T15:00:00Z,0.0,1.3751771428571429,1.3751771428571429,ALPHA_OUTSIDE_SIMPLEX,ALPHA_OUTSIDE_SIMPLEX
2026-04-01T15:15:00Z,2026-04-01T18:15:00+03:00,2026-04-01T15:00:00Z,0.0,0.9368685714285714,0.9368685714285714,OK,OTHER_QH_IN_SAME_HOUR_INVALID
2026-04-01T15:30:00Z,2026-04-01T18:30:00+03:00,2026-04-01T15:00:00Z,0.25776,0.0072,0.26496,OK,OTHER_QH_IN_SAME_HOUR_INVALID
2026-04-01T15:45:00Z,2026-04-01T18:45:00+03:00,2026-04-01T15:00:00Z,0.20845714285714284,0.0016228571428571427,0.21008,OK,OTHER_QH_IN_SAME_HOUR_INVALID
2026-04-02T01:00:00Z,2026-04-02T04:00:00+03:00,2026-04-02T01:00:00Z,1.1808457142857143,4.5714285714285716e-05,1.1808914285714285,ALPHA_OUTSIDE_SIMPLEX,ALPHA_OUTSIDE_SIMPLEX
2026-04-02T01:15:00Z,2026-04-02T04:15:00+03:00,2026-04-02T01:00:00Z,2.0551085714285713,0.0,2.0551085714285713,ALPHA_OUTSIDE_SIMPLEX,ALPHA_OUTSIDE_SIMPLEX
2026-04-02T01:30:00Z,2026-04-02T04:30:00+03:00,2026-04-02T01:00:00Z,2.0584685714285715,0.0,2.0584685714285715,ALPHA_OUTSIDE_SIMPLEX,ALPHA_OUTSIDE_SIMPLEX
2026-04-02T01:45:00Z,2026-04-02T04:45:00+03:00,2026-04-02T01:00:00Z,2.119337142857143,0.0,2.119337142857143,ALPHA_OUTSIDE_SIMPLEX,ALPHA_OUTSIDE_SIMPLEX
2026-04-02T02:00:00Z,2026-04-02T05:00:00+03:00,2026-04-02T02:00:00Z,1.74384,0.0,1.74384,ALPHA_OUTSIDE_SIMPLEX,ALPHA_OUTSIDE_SIMPLEX
2026-04-02T02:15:00Z,2026-04-02T05:15:00+03:00,2026-04-02T02:00:00Z,1.1946742857142858,0.0,1.1946742857142858,ALPHA_OUTSIDE_SIMPLEX,ALPHA_OUTSIDE_SIMPLEX
2026-04-02T02:30:00Z,2026-04-02T05:30:00+03:00,2026-04-02T02:00:00Z,0.5813485714285714,0.0,0.5813485714285714,OK,OTHER_QH_IN_SAME_HOUR_INVALID
2026-04-02T02:45:00Z,2026-04-02T05:45:00+03:00,2026-04-02T02:00:00Z,0.6143771428571428,0.0,0.6143771428571428,OK,OTHER_QH_IN_SAME_HOUR_INVALID
2026-04-02T03:00:00Z,2026-04-02T06:00:00+03:00,2026-04-02T03:00:00Z,0.4237257142857143,0.0,0.4237257142857143,OK,OTHER_QH_IN_SAME_HOUR_INVALID
2026-04-02T03:15:00Z,2026-04-02T06:15:00+03:00,2026-04-02T03:00:00Z,0.8690971428571429,0.0,0.8690971428571429,OK,OTHER_QH_IN_SAME_HOUR_INVALID
2026-04-02T03:30:00Z,2026-04-02T06:30:00+03:00,2026-04-02T03:00:00Z,1.0045714285714287,0.0,1.0045714285714287,ALPHA_OUTSIDE_SIMPLEX,ALPHA_OUTSIDE_SIMPLEX
2026-04-02T03:45:00Z,2026-04-02T06:45:00+03:00,2026-04-02T03:00:00Z,0.4440914285714285,0.0,0.4440914285714285,OK,OTHER_QH_IN_SAME_HOUR_INVALID
2026-04-02T08:00:00Z,2026-04-02T11:00:00+03:00,2026-04-02T08:00:00Z,1.8477257142857142,0.0,1.8477257142857142,ALPHA_OUTSIDE_SIMPLEX,ALPHA_OUTSIDE_SIMPLEX
2026-04-02T08:15:00Z,2026-04-02T11:15:00+03:00,2026-04-02T08:00:00Z,1.014582857142857,0.0,1.014582857142857,ALPHA_OUTSIDE_SIMPLEX,ALPHA_OUTSIDE_SIMPLEX
2026-04-02T08:30:00Z,2026-04-02T11:30:00+03:00,2026-04-02T08:00:00Z,0.06553142857142857,4.5714285714285716e-05,0.06557714285714286,OK,OTHER_QH_IN_SAME_HOUR_INVALID
2026-04-02T08:45:00Z,2026-04-02T11:45:00+03:00,2026-04-02T08:00:00Z,0.0017142857142857142,0.18361142857142856,0.1853257142857143,OK,OTHER_QH_IN_SAME_HOUR_INVALID
2026-04-03T11:00:00Z,2026-04-03T14:00:00+03:00,2026-04-03T11:00:00Z,0.0,0.8638399999999999,0.8638399999999999,OK,OTHER_QH_IN_SAME_HOUR_INVALID
2026-04-03T11:15:00Z,2026-04-03T14:15:00+03:00,2026-04-03T11:00:00Z,0.0,0.7636571428571428,0.7636571428571428,OK,OTHER_QH_IN_SAME_HOUR_INVALID
2026-04-03T11:30:00Z,2026-04-03T14:30:00+03:00,2026-04-03T11:00:00Z,0.0,0.8811428571428571,0.8811428571428571,OK,OTHER_QH_IN_SAME_HOUR_INVALID
2026-04-03T11:45:00Z,2026-04-03T14:45:00+03:00,2026-04-03T11:00:00Z,0.0,1.089462857142857,1.089462857142857,ALPHA_OUTSIDE_SIMPLEX,ALPHA_OUTSIDE_SIMPLEX
2026-04-03T12:00:00Z,2026-04-03T15:00:00+03:00,2026-04-03T12:00:00Z,0.0,1.1082514285714284,1.1082514285714284,ALPHA_OUTSIDE_SIMPLEX,ALPHA_OUTSIDE_SIMPLEX
2026-04-03T12:15:00Z,2026-04-03T15:15:00+03:00,2026-04-03T12:00:00Z,0.0,1.13184,1.13184,ALPHA_OUTSIDE_SIMPLEX,ALPHA_OUTSIDE_SIMPLEX
2026-04-03T12:30:00Z,2026-04-03T15:30:00+03:00,2026-04-03T12:00:00Z,0.0,0.6279542857142857,0.6279542857142857,OK,OTHER_QH_IN_SAME_HOUR_INVALID
2026-04-03T12:45:00Z,2026-04-03T15:45:00+03:00,2026-04-03T12:00:00Z,0.0,0.2304457142857143,0.2304457142857143,OK,OTHER_QH_IN_SAME_HOUR_INVALID
2026-04-04T11:00:00Z,2026-04-04T14:00:00+03:00,2026-04-04T11:00:00Z,0.0007771428571428572,0.07033142857142857,0.07110857142857142,OK,OTHER_QH_IN_SAME_HOUR_INVALID
2026-04-04T11:15:00Z,2026-04-04T14:15:00+03:00,2026-04-04T11:00:00Z,0.0,0.6285942857142858,0.6285942857142858,OK,OTHER_QH_IN_SAME_HOUR_INVALID
2026-04-04T11:30:00Z,2026-04-04T14:30:00+03:00,2026-04-04T11:00:00Z,0.0,1.1022399999999999,1.1022399999999999,ALPHA_OUTSIDE_SIMPLEX,ALPHA_OUTSIDE_SIMPLEX
2026-04-04T11:45:00Z,2026-04-04T14:45:00+03:00,2026-04-04T11:00:00Z,0.0,0.7231771428571429,0.7231771428571429,OK,OTHER_QH_IN_SAME_HOUR_INVALID
2026-04-04T13:00:00Z,2026-04-04T16:00:00+03:00,2026-04-04T13:00:00Z,0.0005028571428571428,1.2230171428571428,1.22352,ALPHA_OUTSIDE_SIMPLEX,ALPHA_OUTSIDE_SIMPLEX
2026-04-04T13:15:00Z,2026-04-04T16:15:00+03:00,2026-04-04T13:00:00Z,0.0004114285714285714,0.5307200000000001,0.5311314285714287,OK,OTHER_QH_IN_SAME_HOUR_INVALID
2026-04-04T13:30:00Z,2026-04-04T16:30:00+03:00,2026-04-04T13:00:00Z,0.005188571428571429,0.0056,0.010788571428571429,OK,OTHER_QH_IN_SAME_HOUR_INVALID
2026-04-04T13:45:00Z,2026-04-04T16:45:00+03:00,2026-04-04T13:00:00Z,0.0008,0.07556571428571429,0.07636571428571429,OK,OTHER_QH_IN_SAME_HOUR_INVALID
2026-04-04T14:00:00Z,2026-04-04T17:00:00+03:00,2026-04-04T14:00:00Z,0.0,1.5725485714285716,1.5725485714285716,ALPHA_OUTSIDE_SIMPLEX,ALPHA_OUTSIDE_SIMPLEX
2026-04-04T14:15:00Z,2026-04-04T17:15:00+03:00,2026-04-04T14:00:00Z,0.0,1.206422857142857,1.206422857142857,ALPHA_OUTSIDE_SIMPLEX,ALPHA_OUTSIDE_SIMPLEX
2026-04-04T14:30:00Z,2026-04-04T17:30:00+03:00,2026-04-04T14:00:00Z,0.0,0.69584,0.69584,OK,OTHER_QH_IN_SAME_HOUR_INVALID
2026-04-04T14:45:00Z,2026-04-04T17:45:00+03:00,2026-04-04T14:00:00Z,0.0,1.6627885714285715,1.6627885714285715,ALPHA_OUTSIDE_SIMPLEX,ALPHA_OUTSIDE_SIMPLEX
2026-04-04T15:00:00Z,2026-04-04T18:00:00+03:00,2026-04-04T15:00:00Z,0.0,2.0152457142857143,2.0152457142857143,ALPHA_OUTSIDE_SIMPLEX,ALPHA_OUTSIDE_SIMPLEX
2026-04-04T15:15:00Z,2026-04-04T18:15:00+03:00,2026-04-04T15:00:00Z,0.09739428571428571,0.5071314285714286,0.6045257142857143,OK,OTHER_QH_IN_SAME_HOUR_INVALID
2026-04-04T15:30:00Z,2026-04-04T18:30:00+03:00,2026-04-04T15:00:00Z,0.3181942857142857,0.0,0.3181942857142857,OK,OTHER_QH_IN_SAME_HOUR_INVALID
2026-04-04T15:45:00Z,2026-04-04T18:45:00+03:00,2026-04-04T15:00:00Z,0.44548571428571426,0.0,0.44548571428571426,OK,OTHER_QH_IN_SAME_HOUR_INVALID
2026-04-04T23:00:00Z,2026-04-05T02:00:00+03:00,2026-04-04T23:00:00Z,0.0,0.08848,0.08848,OK,OTHER_QH_IN_SAME_HOUR_INVALID
2026-04-04T23:15:00Z,2026-04-05T02:15:00+03:00,2026-04-04T23:00:00Z,0.0,0.6302857142857142,0.6302857142857142,OK,OTHER_QH_IN_SAME_HOUR_INVALID
2026-04-04T23:30:00Z,2026-04-05T02:30:00+03:00,2026-04-04T23:00:00Z,0.0,1.0002742857142857,1.0002742857142857,ALPHA_OUTSIDE_SIMPLEX,ALPHA_OUTSIDE_SIMPLEX
2026-04-04T23:45:00Z,2026-04-05T02:45:00+03:00,2026-04-04T23:00:00Z,0.0,0.6913142857142858,0.6913142857142858,OK,OTHER_QH_IN_SAME_HOUR_INVALID
2026-04-05T10:00:00Z,2026-04-05T13:00:00+03:00,2026-04-05T10:00:00Z,0.0,0.17984,0.17984,OK,OTHER_QH_IN_SAME_HOUR_INVALID
2026-04-05T10:15:00Z,2026-04-05T13:15:00+03:00,2026-04-05T10:00:00Z,0.0,0.23081142857142858,0.23081142857142858,OK,OTHER_QH_IN_SAME_HOUR_INVALID
2026-04-05T10:30:00Z,2026-04-05T13:30:00+03:00,2026-04-05T10:00:00Z,0.0,1.00016,1.00016,ALPHA_OUTSIDE_SIMPLEX,ALPHA_OUTSIDE_SIMPLEX
2026-04-05T10:45:00Z,2026-04-05T13:45:00+03:00,2026-04-05T10:00:00Z,0.0,0.8869028571428571,0.8869028571428571,OK,OTHER_QH_IN_SAME_HOUR_INVALID
2026-04-05T11:00:00Z,2026-04-05T14:00:00+03:00,2026-04-05T11:00:00Z,0.0,1.6158857142857141,1.6158857142857141,ALPHA_OUTSIDE_SIMPLEX,ALPHA_OUTSIDE_SIMPLEX
2026-04-05T11:15:00Z,2026-04-05T14:15:00+03:00,2026-04-05T11:00:00Z,0.0,2.3178514285714287,2.3178514285714287,ALPHA_OUTSIDE_SIMPLEX,ALPHA_OUTSIDE_SIMPLEX
2026-04-05T11:30:00Z,2026-04-05T14:30:00+03:00,2026-04-05T11:00:00Z,0.0,2.2221485714285714,2.2221485714285714,ALPHA_OUTSIDE_SIMPLEX,ALPHA_OUTSIDE_SIMPLEX
2026-04-05T11:45:00Z,2026-04-05T14:45:00+03:00,2026-04-05T11:00:00Z,0.0,2.2062857142857144,2.2062857142857144,ALPHA_OUTSIDE_SIMPLEX,ALPHA_OUTSIDE_SIMPLEX
2026-04-05T12:00:00Z,2026-04-05T15:00:00+03:00,2026-04-05T12:00:00Z,0.0,2.2626742857142856,2.2626742857142856,ALPHA_OUTSIDE_SIMPLEX,ALPHA_OUTSIDE_SIMPLEX
2026-04-05T12:15:00Z,2026-04-05T15:15:00+03:00,2026-04-05T12:00:00Z,0.0,2.0736914285714287,2.0736914285714287,ALPHA_OUTSIDE_SIMPLEX,ALPHA_OUTSIDE_SIMPLEX
2026-04-05T12:30:00Z,2026-04-05T15:30:00+03:00,2026-04-05T12:00:00Z,0.0,2.0468800000000003,2.0468800000000003,ALPHA_OUTSIDE_SIMPLEX,ALPHA_OUTSIDE_SIMPLEX
2026-04-05T12:45:00Z,2026-04-05T15:45:00+03:00,2026-04-05T12:00:00Z,0.0,2.0262857142857142,2.0262857142857142,ALPHA_OUTSIDE_SIMPLEX,ALPHA_OUTSIDE_SIMPLEX
2026-04-05T13:00:00Z,2026-04-05T16:00:00+03:00,2026-04-05T13:00:00Z,0.0,1.0886628571428572,1.0886628571428572,ALPHA_OUTSIDE_SIMPLEX,ALPHA_OUTSIDE_SIMPLEX
2026-04-05T13:15:00Z,2026-04-05T16:15:00+03:00,2026-04-05T13:00:00Z,0.0,0.5167542857142857,0.5167542857142857,OK,OTHER_QH_IN_SAME_HOUR_INVALID
2026-04-05T13:30:00Z,2026-04-05T16:30:00+03:00,2026-04-05T13:00:00Z,0.0,0.14706285714285713,0.14706285714285713,OK,OTHER_QH_IN_SAME_HOUR_INVALID
2026-04-05T13:45:00Z,2026-04-05T16:45:00+03:00,2026-04-05T13:00:00Z,0.0,0.17622857142857143,0.17622857142857143,OK,OTHER_QH_IN_SAME_HOUR_INVALID
2026-04-05T17:00:00Z,2026-04-05T20:00:00+03:00,2026-04-05T17:00:00Z,0.0,1.1124342857142857,1.1124342857142857,ALPHA_OUTSIDE_SIMPLEX,ALPHA_OUTSIDE_SIMPLEX
2026-04-05T17:15:00Z,2026-04-05T20:15:00+03:00,2026-04-05T17:00:00Z,0.0,0.852937142857143,0.852937142857143,OK,OTHER_QH_IN_SAME_HOUR_INVALID
2026-04-05T17:30:00Z,2026-04-05T20:30:00+03:00,2026-04-05T17:00:00Z,0.0,0.1504,0.1504,OK,OTHER_QH_IN_SAME_HOUR_INVALID
2026-04-05T17:45:00Z,2026-04-05T20:45:00+03:00,2026-04-05T17:00:00Z,0.0021714285714285715,0.0074514285714285715,0.009622857142857143,OK,OTHER_QH_IN_SAME_HOUR_INVALID
2026-04-06T03:00:00Z,2026-04-06T06:00:00+03:00,2026-04-06T03:00:00Z,0.0009371428571428572,0.12925714285714288,0.13019428571428573,OK,OTHER_QH_IN_SAME_HOUR_INVALID
2026-04-06T03:15:00Z,2026-04-06T06:15:00+03:00,2026-04-06T03:00:00Z,0.0,1.023977142857143,1.023977142857143,ALPHA_OUTSIDE_SIMPLEX,ALPHA_OUTSIDE_SIMPLEX
2026-04-06T03:30:00Z,2026-04-06T06:30:00+03:00,2026-04-06T03:00:00Z,0.0,0.42333714285714286,0.42333714285714286,OK,OTHER_QH_IN_SAME_HOUR_INVALID
2026-04-06T03:45:00Z,2026-04-06T06:45:00+03:00,2026-04-06T03:00:00Z,0.0,0.2935085714285714,0.2935085714285714,OK,OTHER_QH_IN_SAME_HOUR_INVALID
2026-04-06T09:00:00Z,2026-04-06T12:00:00+03:00,2026-04-06T09:00:00Z,0.0,0.6309942857142857,0.6309942857142857,OK,OTHER_QH_IN_SAME_HOUR_INVALID
2026-04-06T09:15:00Z,2026-04-06T12:15:00+03:00,2026-04-06T09:00:00Z,0.0,1.2261942857142858,1.2261942857142858,ALPHA_OUTSIDE_SIMPLEX,ALPHA_OUTSIDE_SIMPLEX
2026-04-06T09:30:00Z,2026-04-06T12:30:00+03:00,2026-04-06T09:00:00Z,0.0,1.237097142857143,1.237097142857143,ALPHA_OUTSIDE_SIMPLEX,ALPHA_OUTSIDE_SIMPLEX
2026-04-06T09:45:00Z,2026-04-06T12:45:00+03:00,2026-04-06T09:00:00Z,0.0,2.2260114285714288,2.2260114285714288,ALPHA_OUTSIDE_SIMPLEX,ALPHA_OUTSIDE_SIMPLEX
2026-04-06T10:00:00Z,2026-04-06T13:00:00+03:00,2026-04-06T10:00:00Z,0.0,0.49119999999999997,0.49119999999999997,OK,OTHER_QH_IN_SAME_HOUR_INVALID
2026-04-06T10:15:00Z,2026-04-06T13:15:00+03:00,2026-04-06T10:00:00Z,0.0,0.4334628571428571,0.4334628571428571,OK,OTHER_QH_IN_SAME_HOUR_INVALID
2026-04-06T10:30:00Z,2026-04-06T13:30:00+03:00,2026-04-06T10:00:00Z,0.0,0.9734857142857144,0.9734857142857144,OK,OTHER_QH_IN_SAME_HOUR_INVALID
2026-04-06T10:45:00Z,2026-04-06T13:45:00+03:00,2026-04-06T10:00:00Z,0.0,1.0685714285714285,1.0685714285714285,ALPHA_OUTSIDE_SIMPLEX,ALPHA_OUTSIDE_SIMPLEX
2026-04-06T11:00:00Z,2026-04-06T14:00:00+03:00,2026-04-06T11:00:00Z,0.018354285714285715,0.02349714285714286,0.041851428571428574,OK,OTHER_QH_IN_SAME_HOUR_INVALID
2026-04-06T11:15:00Z,2026-04-06T14:15:00+03:00,2026-04-06T11:00:00Z,,,,ALPHA_UNCOMPUTABLE,ALPHA_UNCOMPUTABLE
2026-04-06T11:30:00Z,2026-04-06T14:30:00+03:00,2026-04-06T11:00:00Z,0.17312,0.2434742857142857,0.4165942857142857,OK,OTHER_QH_IN_SAME_HOUR_INVALID
2026-04-06T11:45:00Z,2026-04-06T14:45:00+03:00,2026-04-06T11:00:00Z,0.006240000000000001,0.03104,0.03728,OK,OTHER_QH_IN_SAME_HOUR_INVALID
2026-04-06T12:00:00Z,2026-04-06T15:00:00+03:00,2026-04-06T12:00:00Z,1.2287314285714286,0.0,1.2287314285714286,ALPHA_OUTSIDE_SIMPLEX,ALPHA_OUTSIDE_SIMPLEX
2026-04-06T12:15:00Z,2026-04-06T15:15:00+03:00,2026-04-06T12:00:00Z,0.13170285714285712,0.0,0.13170285714285712,OK,OTHER_QH_IN_SAME_HOUR_INVALID
2026-04-06T12:30:00Z,2026-04-06T15:30:00+03:00,2026-04-06T12:00:00Z,0.00928,1.2855314285714285,1.2948114285714285,ALPHA_OUTSIDE_SIMPLEX,ALPHA_OUTSIDE_SIMPLEX
2026-04-06T12:45:00Z,2026-04-06T15:45:00+03:00,2026-04-06T12:00:00Z,0.0005942857142857143,0.10973714285714287,0.11033142857142858,OK,OTHER_QH_IN_SAME_HOUR_INVALID
2026-04-06T14:00:00Z,2026-04-06T17:00:00+03:00,2026-04-06T14:00:00Z,0.0,1.1311314285714287,1.1311314285714287,ALPHA_OUTSIDE_SIMPLEX,ALPHA_OUTSIDE_SIMPLEX
2026-04-06T14:15:00Z,2026-04-06T17:15:00+03:00,2026-04-06T14:00:00Z,0.0,0.5820114285714286,0.5820114285714286,OK,OTHER_QH_IN_SAME_HOUR_INVALID
2026-04-06T14:30:00Z,2026-04-06T17:30:00+03:00,2026-04-06T14:00:00Z,0.0005028571428571428,0.25824,0.25874285714285716,OK,OTHER_QH_IN_SAME_HOUR_INVALID
2026-04-06T14:45:00Z,2026-04-06T17:45:00+03:00,2026-04-06T14:00:00Z,0.0019657142857142855,0.1743542857142857,0.17632,OK,OTHER_QH_IN_SAME_HOUR_INVALID
2026-04-06T15:00:00Z,2026-04-06T18:00:00+03:00,2026-04-06T15:00:00Z,0.0,1.3258057142857143,1.3258057142857143,ALPHA_OUTSIDE_SIMPLEX,ALPHA_OUTSIDE_SIMPLEX
2026-04-06T15:15:00Z,2026-04-06T18:15:00+03:00,2026-04-06T15:00:00Z,0.18075428571428573,0.13174857142857144,0.3125028571428572,OK,OTHER_QH_IN_SAME_HOUR_INVALID
2026-04-06T15:30:00Z,2026-04-06T18:30:00+03:00,2026-04-06T15:00:00Z,0.07028571428571428,0.0004114285714285714,0.07069714285714286,OK,OTHER_QH_IN_SAME_HOUR_INVALID
2026-04-06T15:45:00Z,2026-04-06T18:45:00+03:00,2026-04-06T15:00:00Z,0.00048,0.1641142857142857,0.16459428571428572,OK,OTHER_QH_IN_SAME_HOUR_INVALID
2026-04-06T18:00:00Z,2026-04-06T21:00:00+03:00,2026-04-06T18:00:00Z,0.4967542857142857,0.0,0.4967542857142857,OK,OTHER_QH_IN_SAME_HOUR_INVALID
2026-04-06T18:15:00Z,2026-04-06T21:15:00+03:00,2026-04-06T18:00:00Z,0.9409142857142857,0.0,0.9409142857142857,OK,OTHER_QH_IN_SAME_HOUR_INVALID
2026-04-06T18:30:00Z,2026-04-06T21:30:00+03:00,2026-04-06T18:00:00Z,1.7228571428571429,0.0,1.7228571428571429,ALPHA_OUTSIDE_SIMPLEX,ALPHA_OUTSIDE_SIMPLEX
2026-04-06T18:45:00Z,2026-04-06T21:45:00+03:00,2026-04-06T18:00:00Z,0.5001828571428572,0.00018285714285714286,0.5003657142857143,OK,OTHER_QH_IN_SAME_HOUR_INVALID
2026-04-06T19:00:00Z,2026-04-06T22:00:00+03:00,2026-04-06T19:00:00Z,0.023725714285714287,0.1636342857142857,0.18736,OK,OTHER_QH_IN_SAME_HOUR_INVALID
2026-04-06T19:15:00Z,2026-04-06T22:15:00+03:00,2026-04-06T19:00:00Z,0.0,0.41472,0.41472,OK,OTHER_QH_IN_SAME_HOUR_INVALID
2026-04-06T19:30:00Z,2026-04-06T22:30:00+03:00,2026-04-06T19:00:00Z,0.0,0.8995885714285714,0.8995885714285714,OK,OTHER_QH_IN_SAME_HOUR_INVALID
2026-04-06T19:45:00Z,2026-04-06T22:45:00+03:00,2026-04-06T19:00:00Z,0.0,1.3638857142857144,1.3638857142857144,ALPHA_OUTSIDE_SIMPLEX,ALPHA_OUTSIDE_SIMPLEX
2026-04-06T20:00:00Z,2026-04-06T23:00:00+03:00,2026-04-06T20:00:00Z,0.0,1.508022857142857,1.508022857142857,ALPHA_OUTSIDE_SIMPLEX,ALPHA_OUTSIDE_SIMPLEX
2026-04-06T20:15:00Z,2026-04-06T23:15:00+03:00,2026-04-06T20:00:00Z,0.0,0.6164114285714286,0.6164114285714286,OK,OTHER_QH_IN_SAME_HOUR_INVALID
2026-04-06T20:30:00Z,2026-04-06T23:30:00+03:00,2026-04-06T20:00:00Z,0.007382857142857143,0.008137142857142857,0.015519999999999999,OK,OTHER_QH_IN_SAME_HOUR_INVALID
2026-04-06T20:45:00Z,2026-04-06T23:45:00+03:00,2026-04-06T20:00:00Z,0.0,0.2466742857142857,0.2466742857142857,OK,OTHER_QH_IN_SAME_HOUR_INVALID
2026-04-06T21:00:00Z,2026-04-07T00:00:00+03:00,2026-04-06T21:00:00Z,0.007542857142857143,0.012114285714285715,0.01965714285714286,OK,OTHER_QH_IN_SAME_HOUR_INVALID
2026-04-06T21:15:00Z,2026-04-07T00:15:00+03:00,2026-04-06T21:00:00Z,0.00016,0.10777142857142857,0.10793142857142857,OK,OTHER_QH_IN_SAME_HOUR_INVALID
2026-04-06T21:30:00Z,2026-04-07T00:30:00+03:00,2026-04-06T21:00:00Z,0.0,0.7459428571428571,0.7459428571428571,OK,OTHER_QH_IN_SAME_HOUR_INVALID
2026-04-06T21:45:00Z,2026-04-07T00:45:00+03:00,2026-04-06T21:00:00Z,0.0,1.2854857142857143,1.2854857142857143,ALPHA_OUTSIDE_SIMPLEX,ALPHA_OUTSIDE_SIMPLEX
2026-04-07T05:00:00Z,2026-04-07T08:00:00+03:00,2026-04-07T05:00:00Z,0.00013714285714285713,0.34763428571428573,0.34777142857142856,OK,OTHER_QH_IN_SAME_HOUR_INVALID
2026-04-07T05:15:00Z,2026-04-07T08:15:00+03:00,2026-04-07T05:00:00Z,0.0005714285714285715,0.27184,0.2724114285714286,OK,OTHER_QH_IN_SAME_HOUR_INVALID
2026-04-07T05:30:00Z,2026-04-07T08:30:00+03:00,2026-04-07T05:00:00Z,0.0,0.5922514285714287,0.5922514285714287,OK,OTHER_QH_IN_SAME_HOUR_INVALID
2026-04-07T05:45:00Z,2026-04-07T08:45:00+03:00,2026-04-07T05:00:00Z,0.0,1.4108342857142857,1.4108342857142857,ALPHA_OUTSIDE_SIMPLEX,ALPHA_OUTSIDE_SIMPLEX
2026-04-07T06:00:00Z,2026-04-07T09:00:00+03:00,2026-04-07T06:00:00Z,0.0,0.49072000000000005,0.49072000000000005,OK,OTHER_QH_IN_SAME_HOUR_INVALID
2026-04-07T06:15:00Z,2026-04-07T09:15:00+03:00,2026-04-07T06:00:00Z,0.0,0.4440228571428571,0.4440228571428571,OK,OTHER_QH_IN_SAME_HOUR_INVALID
2026-04-07T06:30:00Z,2026-04-07T09:30:00+03:00,2026-04-07T06:00:00Z,0.0,0.9675885714285715,0.9675885714285715,OK,OTHER_QH_IN_SAME_HOUR_INVALID
2026-04-07T06:45:00Z,2026-04-07T09:45:00+03:00,2026-04-07T06:00:00Z,0.0,1.44,1.44,ALPHA_OUTSIDE_SIMPLEX,ALPHA_OUTSIDE_SIMPLEX
2026-04-07T07:00:00Z,2026-04-07T10:00:00+03:00,2026-04-07T07:00:00Z,0.11254857142857144,0.17926857142857142,0.2918171428571429,OK,OTHER_QH_IN_SAME_HOUR_INVALID
2026-04-07T07:15:00Z,2026-04-07T10:15:00+03:00,2026-04-07T07:00:00Z,0.0008,0.07353142857142857,0.07433142857142856,OK,OTHER_QH_IN_SAME_HOUR_INVALID
2026-04-07T07:30:00Z,2026-04-07T10:30:00+03:00,2026-04-07T07:00:00Z,0.0009828571428571427,0.16946285714285714,0.17044571428571428,OK,OTHER_QH_IN_SAME_HOUR_INVALID
2026-04-07T07:45:00Z,2026-04-07T10:45:00+03:00,2026-04-07T07:00:00Z,0.0,1.0740114285714286,1.0740114285714286,ALPHA_OUTSIDE_SIMPLEX,ALPHA_OUTSIDE_SIMPLEX
2026-04-07T09:00:00Z,2026-04-07T12:00:00+03:00,2026-04-07T09:00:00Z,0.010285714285714285,0.09510857142857142,0.1053942857142857,OK,OTHER_QH_IN_SAME_HOUR_INVALID
2026-04-07T09:15:00Z,2026-04-07T12:15:00+03:00,2026-04-07T09:00:00Z,1.0688457142857144,0.0,1.0688457142857144,ALPHA_OUTSIDE_SIMPLEX,ALPHA_OUTSIDE_SIMPLEX
2026-04-07T09:30:00Z,2026-04-07T12:30:00+03:00,2026-04-07T09:00:00Z,0.1324342857142857,0.07497142857142856,0.20740571428571425,OK,OTHER_QH_IN_SAME_HOUR_INVALID
2026-04-07T09:45:00Z,2026-04-07T12:45:00+03:00,2026-04-07T09:00:00Z,0.0,0.6246628571428572,0.6246628571428572,OK,OTHER_QH_IN_SAME_HOUR_INVALID
2026-04-07T10:00:00Z,2026-04-07T13:00:00+03:00,2026-04-07T10:00:00Z,0.12050285714285715,0.11654857142857143,0.23705142857142858,OK,OTHER_QH_IN_SAME_HOUR_INVALID
2026-04-07T10:15:00Z,2026-04-07T13:15:00+03:00,2026-04-07T10:00:00Z,0.0036114285714285714,0.3131428571428571,0.3167542857142857,OK,OTHER_QH_IN_SAME_HOUR_INVALID
2026-04-07T10:30:00Z,2026-04-07T13:30:00+03:00,2026-04-07T10:00:00Z,0.0,0.9165714285714286,0.9165714285714286,OK,OTHER_QH_IN_SAME_HOUR_INVALID
2026-04-07T10:45:00Z,2026-04-07T13:45:00+03:00,2026-04-07T10:00:00Z,0.0,1.401622857142857,1.401622857142857,ALPHA_OUTSIDE_SIMPLEX,ALPHA_OUTSIDE_SIMPLEX
2026-04-07T23:00:00Z,2026-04-08T02:00:00+03:00,2026-04-07T23:00:00Z,0.0,0.12774857142857143,0.12774857142857143,OK,OTHER_QH_IN_SAME_HOUR_INVALID
2026-04-07T23:15:00Z,2026-04-08T02:15:00+03:00,2026-04-07T23:00:00Z,0.0,0.44171428571428567,0.44171428571428567,OK,OTHER_QH_IN_SAME_HOUR_INVALID
2026-04-07T23:30:00Z,2026-04-08T02:30:00+03:00,2026-04-07T23:00:00Z,0.0,0.7213714285714286,0.7213714285714286,OK,OTHER_QH_IN_SAME_HOUR_INVALID
2026-04-07T23:45:00Z,2026-04-08T02:45:00+03:00,2026-04-07T23:00:00Z,0.0,1.0424685714285713,1.0424685714285713,ALPHA_OUTSIDE_SIMPLEX,ALPHA_OUTSIDE_SIMPLEX
2026-04-08T07:00:00Z,2026-04-08T10:00:00+03:00,2026-04-08T07:00:00Z,0.0,0.6046628571428572,0.6046628571428572,OK,OTHER_QH_IN_SAME_HOUR_INVALID
2026-04-08T07:15:00Z,2026-04-08T10:15:00+03:00,2026-04-08T07:00:00Z,0.0,0.5782628571428571,0.5782628571428571,OK,OTHER_QH_IN_SAME_HOUR_INVALID
2026-04-08T07:30:00Z,2026-04-08T10:30:00+03:00,2026-04-08T07:00:00Z,0.0,1.8917485714285713,1.8917485714285713,ALPHA_OUTSIDE_SIMPLEX,ALPHA_OUTSIDE_SIMPLEX
2026-04-08T07:45:00Z,2026-04-08T10:45:00+03:00,2026-04-08T07:00:00Z,0.3619428571428572,0.1818742857142857,0.5438171428571429,OK,OTHER_QH_IN_SAME_HOUR_INVALID
2026-04-08T12:00:00Z,2026-04-08T15:00:00+03:00,2026-04-08T12:00:00Z,0.0,0.56832,0.56832,OK,OTHER_QH_IN_SAME_HOUR_INVALID
2026-04-08T12:15:00Z,2026-04-08T15:15:00+03:00,2026-04-08T12:00:00Z,0.0,0.8530971428571429,0.8530971428571429,OK,OTHER_QH_IN_SAME_HOUR_INVALID
2026-04-08T12:30:00Z,2026-04-08T15:30:00+03:00,2026-04-08T12:00:00Z,0.0,1.68368,1.68368,ALPHA_OUTSIDE_SIMPLEX,ALPHA_OUTSIDE_SIMPLEX
2026-04-08T12:45:00Z,2026-04-08T15:45:00+03:00,2026-04-08T12:00:00Z,0.0,1.6517485714285713,1.6517485714285713,ALPHA_OUTSIDE_SIMPLEX,ALPHA_OUTSIDE_SIMPLEX
2026-04-08T13:00:00Z,2026-04-08T16:00:00+03:00,2026-04-08T13:00:00Z,0.0,1.5920685714285716,1.5920685714285716,ALPHA_OUTSIDE_SIMPLEX,ALPHA_OUTSIDE_SIMPLEX
2026-04-08T13:15:00Z,2026-04-08T16:15:00+03:00,2026-04-08T13:00:00Z,0.0,1.1325257142857144,1.1325257142857144,ALPHA_OUTSIDE_SIMPLEX,ALPHA_OUTSIDE_SIMPLEX
2026-04-08T13:30:00Z,2026-04-08T16:30:00+03:00,2026-04-08T13:00:00Z,0.0,0.6135542857142857,0.6135542857142857,OK,OTHER_QH_IN_SAME_HOUR_INVALID
2026-04-08T13:45:00Z,2026-04-08T16:45:00+03:00,2026-04-08T13:00:00Z,0.0037942857142857144,0.013394285714285713,0.017188571428571428,OK,OTHER_QH_IN_SAME_HOUR_INVALID
2026-04-08T16:00:00Z,2026-04-08T19:00:00+03:00,2026-04-08T16:00:00Z,0.31906285714285715,0.026559999999999997,0.3456228571428571,OK,OTHER_QH_IN_SAME_HOUR_INVALID
2026-04-08T16:15:00Z,2026-04-08T19:15:00+03:00,2026-04-08T16:00:00Z,1.1792457142857142,0.0,1.1792457142857142,ALPHA_OUTSIDE_SIMPLEX,ALPHA_OUTSIDE_SIMPLEX
2026-04-08T16:30:00Z,2026-04-08T19:30:00+03:00,2026-04-08T16:00:00Z,1.8940571428571427,0.0,1.8940571428571427,ALPHA_OUTSIDE_SIMPLEX,ALPHA_OUTSIDE_SIMPLEX
2026-04-08T16:45:00Z,2026-04-08T19:45:00+03:00,2026-04-08T16:00:00Z,1.3719999999999999,0.0,1.3719999999999999,ALPHA_OUTSIDE_SIMPLEX,ALPHA_OUTSIDE_SIMPLEX
2026-04-09T16:00:00Z,2026-04-09T19:00:00+03:00,2026-04-09T16:00:00Z,0.0,1.3903314285714286,1.3903314285714286,ALPHA_OUTSIDE_SIMPLEX,ALPHA_OUTSIDE_SIMPLEX
2026-04-09T16:15:00Z,2026-04-09T19:15:00+03:00,2026-04-09T16:00:00Z,0.00022857142857142857,0.8128000000000001,0.8130285714285715,OK,OTHER_QH_IN_SAME_HOUR_INVALID
2026-04-09T16:30:00Z,2026-04-09T19:30:00+03:00,2026-04-09T16:00:00Z,0.00288,0.03940571428571429,0.04228571428571429,OK,OTHER_QH_IN_SAME_HOUR_INVALID
2026-04-09T16:45:00Z,2026-04-09T19:45:00+03:00,2026-04-09T16:00:00Z,0.03485714285714286,0.0,0.03485714285714286,OK,OTHER_QH_IN_SAME_HOUR_INVALID
2026-04-10T09:00:00Z,2026-04-10T12:00:00+03:00,2026-04-10T09:00:00Z,0.7674514285714286,0.0,0.7674514285714286,OK,OTHER_QH_IN_SAME_HOUR_INVALID
2026-04-10T09:15:00Z,2026-04-10T12:15:00+03:00,2026-04-10T09:00:00Z,1.22688,0.0,1.22688,ALPHA_OUTSIDE_SIMPLEX,ALPHA_OUTSIDE_SIMPLEX
2026-04-10T09:30:00Z,2026-04-10T12:30:00+03:00,2026-04-10T09:00:00Z,0.028205714285714285,0.06630857142857143,0.09451428571428572,OK,OTHER_QH_IN_SAME_HOUR_INVALID
2026-04-10T09:45:00Z,2026-04-10T12:45:00+03:00,2026-04-10T09:00:00Z,0.0008457142857142857,0.054285714285714284,0.05513142857142857,OK,OTHER_QH_IN_SAME_HOUR_INVALID
2026-04-11T13:00:00Z,2026-04-11T16:00:00+03:00,2026-04-11T13:00:00Z,1.6449828571428573,0.0,1.6449828571428573,ALPHA_OUTSIDE_SIMPLEX,ALPHA_OUTSIDE_SIMPLEX
2026-04-11T13:15:00Z,2026-04-11T16:15:00+03:00,2026-04-11T13:00:00Z,0.40374857142857146,0.011497142857142857,0.41524571428571433,OK,OTHER_QH_IN_SAME_HOUR_INVALID
2026-04-11T13:30:00Z,2026-04-11T16:30:00+03:00,2026-04-11T13:00:00Z,0.0,0.2261257142857143,0.2261257142857143,OK,OTHER_QH_IN_SAME_HOUR_INVALID
2026-04-11T13:45:00Z,2026-04-11T16:45:00+03:00,2026-04-11T13:00:00Z,0.36450285714285713,0.00144,0.3659428571428571,OK,OTHER_QH_IN_SAME_HOUR_INVALID
2026-04-11T17:00:00Z,2026-04-11T20:00:00+03:00,2026-04-11T17:00:00Z,0.36651428571428574,0.0,0.36651428571428574,OK,OTHER_QH_IN_SAME_HOUR_INVALID
2026-04-11T17:15:00Z,2026-04-11T20:15:00+03:00,2026-04-11T17:00:00Z,1.3963657142857142,0.0,1.3963657142857142,ALPHA_OUTSIDE_SIMPLEX,ALPHA_OUTSIDE_SIMPLEX
2026-04-11T17:30:00Z,2026-04-11T20:30:00+03:00,2026-04-11T17:00:00Z,1.535337142857143,0.0,1.535337142857143,ALPHA_OUTSIDE_SIMPLEX,ALPHA_OUTSIDE_SIMPLEX
2026-04-11T17:45:00Z,2026-04-11T20:45:00+03:00,2026-04-11T17:00:00Z,0.5041599999999999,0.0,0.5041599999999999,OK,OTHER_QH_IN_SAME_HOUR_INVALID
2026-04-12T12:00:00Z,2026-04-12T15:00:00+03:00,2026-04-12T12:00:00Z,0.0,1.0125028571428571,1.0125028571428571,ALPHA_OUTSIDE_SIMPLEX,ALPHA_OUTSIDE_SIMPLEX
2026-04-12T12:15:00Z,2026-04-12T15:15:00+03:00,2026-04-12T12:00:00Z,0.0,0.6532114285714286,0.6532114285714286,OK,OTHER_QH_IN_SAME_HOUR_INVALID
2026-04-12T12:30:00Z,2026-04-12T15:30:00+03:00,2026-04-12T12:00:00Z,0.0009828571428571427,0.22002285714285713,0.22100571428571428,OK,OTHER_QH_IN_SAME_HOUR_INVALID
2026-04-12T12:45:00Z,2026-04-12T15:45:00+03:00,2026-04-12T12:00:00Z,0.011108571428571428,0.004822857142857143,0.01593142857142857,OK,OTHER_QH_IN_SAME_HOUR_INVALID
2026-04-13T06:00:00Z,2026-04-13T09:00:00+03:00,2026-04-13T06:00:00Z,1.0139885714285715,0.011428571428571429,1.0254171428571428,ALPHA_OUTSIDE_SIMPLEX,ALPHA_OUTSIDE_SIMPLEX
2026-04-13T06:15:00Z,2026-04-13T09:15:00+03:00,2026-04-13T06:00:00Z,1.24048,0.0,1.24048,ALPHA_OUTSIDE_SIMPLEX,ALPHA_OUTSIDE_SIMPLEX
2026-04-13T06:30:00Z,2026-04-13T09:30:00+03:00,2026-04-13T06:00:00Z,1.4867199999999998,0.0,1.4867199999999998,ALPHA_OUTSIDE_SIMPLEX,ALPHA_OUTSIDE_SIMPLEX
2026-04-13T06:45:00Z,2026-04-13T09:45:00+03:00,2026-04-13T06:00:00Z,1.7528000000000001,0.0,1.7528000000000001,ALPHA_OUTSIDE_SIMPLEX,ALPHA_OUTSIDE_SIMPLEX
2026-04-13T07:00:00Z,2026-04-13T10:00:00+03:00,2026-04-13T07:00:00Z,2.288594285714286,0.0,2.288594285714286,ALPHA_OUTSIDE_SIMPLEX,ALPHA_OUTSIDE_SIMPLEX
2026-04-13T07:15:00Z,2026-04-13T10:15:00+03:00,2026-04-13T07:00:00Z,1.4365714285714286,0.0,1.4365714285714286,ALPHA_OUTSIDE_SIMPLEX,ALPHA_OUTSIDE_SIMPLEX
2026-04-13T07:30:00Z,2026-04-13T10:30:00+03:00,2026-04-13T07:00:00Z,0.5900799999999999,0.0,0.5900799999999999,OK,OTHER_QH_IN_SAME_HOUR_INVALID
2026-04-13T07:45:00Z,2026-04-13T10:45:00+03:00,2026-04-13T07:00:00Z,0.45952,0.0,0.45952,OK,OTHER_QH_IN_SAME_HOUR_INVALID
2026-04-13T13:00:00Z,2026-04-13T16:00:00+03:00,2026-04-13T13:00:00Z,0.47631999999999997,0.0,0.47631999999999997,OK,OTHER_QH_IN_SAME_HOUR_INVALID
2026-04-13T13:15:00Z,2026-04-13T16:15:00+03:00,2026-04-13T13:00:00Z,1.3775314285714286,0.0,1.3775314285714286,ALPHA_OUTSIDE_SIMPLEX,ALPHA_OUTSIDE_SIMPLEX
2026-04-13T13:30:00Z,2026-04-13T16:30:00+03:00,2026-04-13T13:00:00Z,1.4490742857142858,0.0,1.4490742857142858,ALPHA_OUTSIDE_SIMPLEX,ALPHA_OUTSIDE_SIMPLEX
2026-04-13T13:45:00Z,2026-04-13T16:45:00+03:00,2026-04-13T13:00:00Z,1.4263085714285715,0.0,1.4263085714285715,ALPHA_OUTSIDE_SIMPLEX,ALPHA_OUTSIDE_SIMPLEX
2026-04-13T14:00:00Z,2026-04-13T17:00:00+03:00,2026-04-13T14:00:00Z,1.13184,0.0,1.13184,ALPHA_OUTSIDE_SIMPLEX,ALPHA_OUTSIDE_SIMPLEX
2026-04-13T14:15:00Z,2026-04-13T17:15:00+03:00,2026-04-13T14:00:00Z,0.9314285714285714,0.0,0.9314285714285714,OK,OTHER_QH_IN_SAME_HOUR_INVALID
2026-04-13T14:30:00Z,2026-04-13T17:30:00+03:00,2026-04-13T14:00:00Z,0.5761371428571428,0.0,0.5761371428571428,OK,OTHER_QH_IN_SAME_HOUR_INVALID
2026-04-13T14:45:00Z,2026-04-13T17:45:00+03:00,2026-04-13T14:00:00Z,0.7991542857142857,0.0,0.7991542857142857,OK,OTHER_QH_IN_SAME_HOUR_INVALID
2026-04-14T14:00:00Z,2026-04-14T17:00:00+03:00,2026-04-14T14:00:00Z,0.0,1.3100114285714286,1.3100114285714286,ALPHA_OUTSIDE_SIMPLEX,ALPHA_OUTSIDE_SIMPLEX
2026-04-14T14:15:00Z,2026-04-14T17:15:00+03:00,2026-04-14T14:00:00Z,0.0,0.4768,0.4768,OK,OTHER_QH_IN_SAME_HOUR_INVALID
2026-04-14T14:30:00Z,2026-04-14T17:30:00+03:00,2026-04-14T14:00:00Z,0.0011200000000000001,0.03387428571428571,0.034994285714285714,OK,OTHER_QH_IN_SAME_HOUR_INVALID
2026-04-14T14:45:00Z,2026-04-14T17:45:00+03:00,2026-04-14T14:00:00Z,0.15602285714285713,0.10192,0.25794285714285714,OK,OTHER_QH_IN_SAME_HOUR_INVALID
2026-04-15T09:00:00Z,2026-04-15T12:00:00+03:00,2026-04-15T09:00:00Z,0.0,0.9571200000000001,0.9571200000000001,OK,OTHER_QH_IN_SAME_HOUR_INVALID
2026-04-15T09:15:00Z,2026-04-15T12:15:00+03:00,2026-04-15T09:00:00Z,0.0,1.0860342857142857,1.0860342857142857,ALPHA_OUTSIDE_SIMPLEX,ALPHA_OUTSIDE_SIMPLEX
2026-04-15T09:30:00Z,2026-04-15T12:30:00+03:00,2026-04-15T09:00:00Z,0.0,0.9034742857142858,0.9034742857142858,OK,OTHER_QH_IN_SAME_HOUR_INVALID
2026-04-15T09:45:00Z,2026-04-15T12:45:00+03:00,2026-04-15T09:00:00Z,0.0,0.6089828571428572,0.6089828571428572,OK,OTHER_QH_IN_SAME_HOUR_INVALID
2026-04-15T14:00:00Z,2026-04-15T17:00:00+03:00,2026-04-15T14:00:00Z,0.0,1.2839314285714285,1.2839314285714285,ALPHA_OUTSIDE_SIMPLEX,ALPHA_OUTSIDE_SIMPLEX
2026-04-15T14:15:00Z,2026-04-15T17:15:00+03:00,2026-04-15T14:00:00Z,0.0,1.0130514285714285,1.0130514285714285,ALPHA_OUTSIDE_SIMPLEX,ALPHA_OUTSIDE_SIMPLEX
2026-04-15T14:30:00Z,2026-04-15T17:30:00+03:00,2026-04-15T14:00:00Z,0.0,0.3082971428571428,0.3082971428571428,OK,OTHER_QH_IN_SAME_HOUR_INVALID
2026-04-15T14:45:00Z,2026-04-15T17:45:00+03:00,2026-04-15T14:00:00Z,0.02848,0.16228571428571428,0.1907657142857143,OK,OTHER_QH_IN_SAME_HOUR_INVALID
2026-04-16T04:00:00Z,2026-04-16T07:00:00+03:00,2026-04-16T04:00:00Z,0.008868571428571429,0.11986285714285713,0.12873142857142855,OK,OTHER_QH_IN_SAME_HOUR_INVALID
2026-04-16T04:15:00Z,2026-04-16T07:15:00+03:00,2026-04-16T04:00:00Z,9.142857142857143e-05,0.06276571428571429,0.06285714285714286,OK,OTHER_QH_IN_SAME_HOUR_INVALID
2026-04-16T04:30:00Z,2026-04-16T07:30:00+03:00,2026-04-16T04:00:00Z,0.0,0.5773942857142857,0.5773942857142857,OK,OTHER_QH_IN_SAME_HOUR_INVALID
2026-04-16T04:45:00Z,2026-04-16T07:45:00+03:00,2026-04-16T04:00:00Z,0.0,1.0113142857142856,1.0113142857142856,ALPHA_OUTSIDE_SIMPLEX,ALPHA_OUTSIDE_SIMPLEX
2026-04-16T07:00:00Z,2026-04-16T10:00:00+03:00,2026-04-16T07:00:00Z,0.01174857142857143,0.07355428571428571,0.08530285714285714,OK,OTHER_QH_IN_SAME_HOUR_INVALID
2026-04-16T07:15:00Z,2026-04-16T10:15:00+03:00,2026-04-16T07:00:00Z,0.0,0.05938285714285714,0.05938285714285714,OK,OTHER_QH_IN_SAME_HOUR_INVALID
2026-04-16T07:30:00Z,2026-04-16T10:30:00+03:00,2026-04-16T07:00:00Z,0.0,0.2605485714285714,0.2605485714285714,OK,OTHER_QH_IN_SAME_HOUR_INVALID
2026-04-16T07:45:00Z,2026-04-16T10:45:00+03:00,2026-04-16T07:00:00Z,0.0,1.0427428571428572,1.0427428571428572,ALPHA_OUTSIDE_SIMPLEX,ALPHA_OUTSIDE_SIMPLEX
2026-04-17T06:00:00Z,2026-04-17T09:00:00+03:00,2026-04-17T06:00:00Z,0.00034285714285714285,0.16301714285714286,0.16336,OK,OTHER_QH_IN_SAME_HOUR_INVALID
2026-04-17T06:15:00Z,2026-04-17T09:15:00+03:00,2026-04-17T06:00:00Z,0.03565714285714286,0.0736,0.10925714285714286,OK,OTHER_QH_IN_SAME_HOUR_INVALID
2026-04-17T06:30:00Z,2026-04-17T09:30:00+03:00,2026-04-17T06:00:00Z,0.0,0.6704457142857143,0.6704457142857143,OK,OTHER_QH_IN_SAME_HOUR_INVALID
2026-04-17T06:45:00Z,2026-04-17T09:45:00+03:00,2026-04-17T06:00:00Z,0.0,1.0016457142857143,1.0016457142857143,ALPHA_OUTSIDE_SIMPLEX,ALPHA_OUTSIDE_SIMPLEX
2026-04-18T02:00:00Z,2026-04-18T05:00:00+03:00,2026-04-18T02:00:00Z,0.1839542857142857,0.0,0.1839542857142857,OK,OTHER_QH_IN_SAME_HOUR_INVALID
2026-04-18T02:15:00Z,2026-04-18T05:15:00+03:00,2026-04-18T02:00:00Z,0.33072,0.0,0.33072,OK,OTHER_QH_IN_SAME_HOUR_INVALID
2026-04-18T02:30:00Z,2026-04-18T05:30:00+03:00,2026-04-18T02:00:00Z,1.1624228571428572,0.0,1.1624228571428572,ALPHA_OUTSIDE_SIMPLEX,ALPHA_OUTSIDE_SIMPLEX
2026-04-18T02:45:00Z,2026-04-18T05:45:00+03:00,2026-04-18T02:00:00Z,1.556617142857143,0.0,1.556617142857143,ALPHA_OUTSIDE_SIMPLEX,ALPHA_OUTSIDE_SIMPLEX
2026-04-18T03:00:00Z,2026-04-18T06:00:00+03:00,2026-04-18T03:00:00Z,1.9212799999999999,0.0,1.9212799999999999,ALPHA_OUTSIDE_SIMPLEX,ALPHA_OUTSIDE_SIMPLEX
2026-04-18T03:15:00Z,2026-04-18T06:15:00+03:00,2026-04-18T03:00:00Z,0.10402285714285715,0.15449142857142859,0.25851428571428575,OK,OTHER_QH_IN_SAME_HOUR_INVALID
2026-04-18T03:30:00Z,2026-04-18T06:30:00+03:00,2026-04-18T03:00:00Z,0.0,0.22107428571428572,0.22107428571428572,OK,OTHER_QH_IN_SAME_HOUR_INVALID
2026-04-18T03:45:00Z,2026-04-18T06:45:00+03:00,2026-04-18T03:00:00Z,0.0,0.20953142857142856,0.20953142857142856,OK,OTHER_QH_IN_SAME_HOUR_INVALID
2026-04-18T07:00:00Z,2026-04-18T10:00:00+03:00,2026-04-18T07:00:00Z,0.05410285714285714,0.09312,0.14722285714285713,OK,OTHER_QH_IN_SAME_HOUR_INVALID
2026-04-18T07:15:00Z,2026-04-18T10:15:00+03:00,2026-04-18T07:00:00Z,0.0,0.7022628571428572,0.7022628571428572,OK,OTHER_QH_IN_SAME_HOUR_INVALID
2026-04-18T07:30:00Z,2026-04-18T10:30:00+03:00,2026-04-18T07:00:00Z,0.0,1.1645714285714286,1.1645714285714286,ALPHA_OUTSIDE_SIMPLEX,ALPHA_OUTSIDE_SIMPLEX
2026-04-18T07:45:00Z,2026-04-18T10:45:00+03:00,2026-04-18T07:00:00Z,0.0,1.5168,1.5168,ALPHA_OUTSIDE_SIMPLEX,ALPHA_OUTSIDE_SIMPLEX
2026-04-18T13:00:00Z,2026-04-18T16:00:00+03:00,2026-04-18T13:00:00Z,0.039908571428571425,0.010971428571428571,0.050879999999999995,OK,OTHER_QH_IN_SAME_HOUR_INVALID
2026-04-18T13:15:00Z,2026-04-18T16:15:00+03:00,2026-04-18T13:00:00Z,0.4838857142857143,6.857142857142857e-05,0.4839542857142857,OK,OTHER_QH_IN_SAME_HOUR_INVALID
2026-04-18T13:30:00Z,2026-04-18T16:30:00+03:00,2026-04-18T13:00:00Z,1.100777142857143,0.0,1.100777142857143,ALPHA_OUTSIDE_SIMPLEX,ALPHA_OUTSIDE_SIMPLEX
2026-04-18T13:45:00Z,2026-04-18T16:45:00+03:00,2026-04-18T13:00:00Z,0.4232457142857143,0.0,0.4232457142857143,OK,OTHER_QH_IN_SAME_HOUR_INVALID
2026-04-18T18:00:00Z,2026-04-18T21:00:00+03:00,2026-04-18T18:00:00Z,0.35773714285714286,0.0,0.35773714285714286,OK,OTHER_QH_IN_SAME_HOUR_INVALID
2026-04-18T18:15:00Z,2026-04-18T21:15:00+03:00,2026-04-18T18:00:00Z,0.7095085714285715,0.0010742857142857143,0.7105828571428572,OK,OTHER_QH_IN_SAME_HOUR_INVALID
2026-04-18T18:30:00Z,2026-04-18T21:30:00+03:00,2026-04-18T18:00:00Z,1.0820114285714286,0.0,1.0820114285714286,ALPHA_OUTSIDE_SIMPLEX,ALPHA_OUTSIDE_SIMPLEX
2026-04-18T18:45:00Z,2026-04-18T21:45:00+03:00,2026-04-18T18:00:00Z,0.88048,0.0,0.88048,OK,OTHER_QH_IN_SAME_HOUR_INVALID
2026-04-19T12:00:00Z,2026-04-19T15:00:00+03:00,2026-04-19T12:00:00Z,0.0,0.24889142857142857,0.24889142857142857,OK,OTHER_QH_IN_SAME_HOUR_INVALID
2026-04-19T12:15:00Z,2026-04-19T15:15:00+03:00,2026-04-19T12:00:00Z,0.0,0.2669714285714286,0.2669714285714286,OK,OTHER_QH_IN_SAME_HOUR_INVALID
2026-04-19T12:30:00Z,2026-04-19T15:30:00+03:00,2026-04-19T12:00:00Z,0.0,0.9336685714285714,0.9336685714285714,OK,OTHER_QH_IN_SAME_HOUR_INVALID
2026-04-19T12:45:00Z,2026-04-19T15:45:00+03:00,2026-04-19T12:00:00Z,0.0,1.0547199999999999,1.0547199999999999,ALPHA_OUTSIDE_SIMPLEX,ALPHA_OUTSIDE_SIMPLEX
2026-04-20T05:00:00Z,2026-04-20T08:00:00+03:00,2026-04-20T05:00:00Z,0.0,1.11424,1.11424,ALPHA_OUTSIDE_SIMPLEX,ALPHA_OUTSIDE_SIMPLEX
2026-04-20T05:15:00Z,2026-04-20T08:15:00+03:00,2026-04-20T05:00:00Z,0.0,1.4294628571428571,1.4294628571428571,ALPHA_OUTSIDE_SIMPLEX,ALPHA_OUTSIDE_SIMPLEX
2026-04-20T05:30:00Z,2026-04-20T08:30:00+03:00,2026-04-20T05:00:00Z,0.0,1.7264228571428573,1.7264228571428573,ALPHA_OUTSIDE_SIMPLEX,ALPHA_OUTSIDE_SIMPLEX
2026-04-20T05:45:00Z,2026-04-20T08:45:00+03:00,2026-04-20T05:00:00Z,0.0,0.6064,0.6064,OK,OTHER_QH_IN_SAME_HOUR_INVALID
2026-04-20T09:00:00Z,2026-04-20T12:00:00+03:00,2026-04-20T09:00:00Z,0.0,0.4747657142857143,0.4747657142857143,OK,OTHER_QH_IN_SAME_HOUR_INVALID
2026-04-20T09:15:00Z,2026-04-20T12:15:00+03:00,2026-04-20T09:00:00Z,0.0,0.7609142857142857,0.7609142857142857,OK,OTHER_QH_IN_SAME_HOUR_INVALID
2026-04-20T09:30:00Z,2026-04-20T12:30:00+03:00,2026-04-20T09:00:00Z,0.0,1.0709714285714285,1.0709714285714285,ALPHA_OUTSIDE_SIMPLEX,ALPHA_OUTSIDE_SIMPLEX
2026-04-20T09:45:00Z,2026-04-20T12:45:00+03:00,2026-04-20T09:00:00Z,0.0,1.6730971428571426,1.6730971428571426,ALPHA_OUTSIDE_SIMPLEX,ALPHA_OUTSIDE_SIMPLEX
2026-04-20T10:00:00Z,2026-04-20T13:00:00+03:00,2026-04-20T10:00:00Z,0.0,1.603017142857143,1.603017142857143,ALPHA_OUTSIDE_SIMPLEX,ALPHA_OUTSIDE_SIMPLEX
2026-04-20T10:15:00Z,2026-04-20T13:15:00+03:00,2026-04-20T10:00:00Z,0.0,0.6577142857142857,0.6577142857142857,OK,OTHER_QH_IN_SAME_HOUR_INVALID
2026-04-20T10:30:00Z,2026-04-20T13:30:00+03:00,2026-04-20T10:00:00Z,0.0,0.28592,0.28592,OK,OTHER_QH_IN_SAME_HOUR_INVALID
2026-04-20T10:45:00Z,2026-04-20T13:45:00+03:00,2026-04-20T10:00:00Z,0.00368,0.06854857142857143,0.07222857142857143,OK,OTHER_QH_IN_SAME_HOUR_INVALID
2026-04-20T11:00:00Z,2026-04-20T14:00:00+03:00,2026-04-20T11:00:00Z,0.0,1.09104,1.09104,ALPHA_OUTSIDE_SIMPLEX,ALPHA_OUTSIDE_SIMPLEX
2026-04-20T11:15:00Z,2026-04-20T14:15:00+03:00,2026-04-20T11:00:00Z,0.0,1.683817142857143,1.683817142857143,ALPHA_OUTSIDE_SIMPLEX,ALPHA_OUTSIDE_SIMPLEX
2026-04-20T11:30:00Z,2026-04-20T14:30:00+03:00,2026-04-20T11:00:00Z,0.0,2.027017142857143,2.027017142857143,ALPHA_OUTSIDE_SIMPLEX,ALPHA_OUTSIDE_SIMPLEX
2026-04-20T11:45:00Z,2026-04-20T14:45:00+03:00,2026-04-20T11:00:00Z,0.0008228571428571428,0.37705142857142854,0.37787428571428566,OK,OTHER_QH_IN_SAME_HOUR_INVALID
2026-04-20T19:00:00Z,2026-04-20T22:00:00+03:00,2026-04-20T19:00:00Z,0.03216,0.20422857142857145,0.23638857142857145,OK,OTHER_QH_IN_SAME_HOUR_INVALID
2026-04-20T19:15:00Z,2026-04-20T22:15:00+03:00,2026-04-20T19:00:00Z,0.0,0.17997714285714286,0.17997714285714286,OK,OTHER_QH_IN_SAME_HOUR_INVALID
2026-04-20T19:30:00Z,2026-04-20T22:30:00+03:00,2026-04-20T19:00:00Z,0.0,0.46829714285714286,0.46829714285714286,OK,OTHER_QH_IN_SAME_HOUR_INVALID
2026-04-20T19:45:00Z,2026-04-20T22:45:00+03:00,2026-04-20T19:00:00Z,0.0,1.2263542857142857,1.2263542857142857,ALPHA_OUTSIDE_SIMPLEX,ALPHA_OUTSIDE_SIMPLEX
2026-04-20T22:00:00Z,2026-04-21T01:00:00+03:00,2026-04-20T22:00:00Z,0.0,0.15085714285714286,0.15085714285714286,OK,OTHER_QH_IN_SAME_HOUR_INVALID
2026-04-20T22:15:00Z,2026-04-21T01:15:00+03:00,2026-04-20T22:00:00Z,0.0,0.06214857142857143,0.06214857142857143,OK,OTHER_QH_IN_SAME_HOUR_INVALID
2026-04-20T22:30:00Z,2026-04-21T01:30:00+03:00,2026-04-20T22:00:00Z,0.0,0.45291428571428577,0.45291428571428577,OK,OTHER_QH_IN_SAME_HOUR_INVALID
2026-04-20T22:45:00Z,2026-04-21T01:45:00+03:00,2026-04-20T22:00:00Z,0.0,1.3017828571428571,1.3017828571428571,ALPHA_OUTSIDE_SIMPLEX,ALPHA_OUTSIDE_SIMPLEX
2026-04-20T23:00:00Z,2026-04-21T02:00:00+03:00,2026-04-20T23:00:00Z,0.0,1.0867885714285714,1.0867885714285714,ALPHA_OUTSIDE_SIMPLEX,ALPHA_OUTSIDE_SIMPLEX
2026-04-20T23:15:00Z,2026-04-21T02:15:00+03:00,2026-04-20T23:00:00Z,0.0,0.36406857142857146,0.36406857142857146,OK,OTHER_QH_IN_SAME_HOUR_INVALID
2026-04-20T23:30:00Z,2026-04-21T02:30:00+03:00,2026-04-20T23:00:00Z,0.0,1.64784,1.64784,ALPHA_OUTSIDE_SIMPLEX,ALPHA_OUTSIDE_SIMPLEX
2026-04-20T23:45:00Z,2026-04-21T02:45:00+03:00,2026-04-20T23:00:00Z,0.0,0.5540571428571428,0.5540571428571428,OK,OTHER_QH_IN_SAME_HOUR_INVALID
2026-04-21T08:00:00Z,2026-04-21T11:00:00+03:00,2026-04-21T08:00:00Z,1.071222857142857,0.0,1.071222857142857,ALPHA_OUTSIDE_SIMPLEX,ALPHA_OUTSIDE_SIMPLEX
2026-04-21T08:15:00Z,2026-04-21T11:15:00+03:00,2026-04-21T08:00:00Z,0.10262857142857143,0.00011428571428571428,0.10274285714285715,OK,OTHER_QH_IN_SAME_HOUR_INVALID
2026-04-21T08:30:00Z,2026-04-21T11:30:00+03:00,2026-04-21T08:00:00Z,0.19808,0.0,0.19808,OK,OTHER_QH_IN_SAME_HOUR_INVALID
2026-04-21T08:45:00Z,2026-04-21T11:45:00+03:00,2026-04-21T08:00:00Z,0.07012571428571429,0.001302857142857143,0.07142857142857144,OK,OTHER_QH_IN_SAME_HOUR_INVALID
2026-04-21T11:00:00Z,2026-04-21T14:00:00+03:00,2026-04-21T11:00:00Z,1.442057142857143,0.0,1.442057142857143,ALPHA_OUTSIDE_SIMPLEX,ALPHA_OUTSIDE_SIMPLEX
2026-04-21T11:15:00Z,2026-04-21T14:15:00+03:00,2026-04-21T11:00:00Z,0.39008,0.0,0.39008,OK,OTHER_QH_IN_SAME_HOUR_INVALID
2026-04-21T11:30:00Z,2026-04-21T14:30:00+03:00,2026-04-21T11:00:00Z,0.004365714285714286,0.023885714285714284,0.02825142857142857,OK,OTHER_QH_IN_SAME_HOUR_INVALID
2026-04-21T11:45:00Z,2026-04-21T14:45:00+03:00,2026-04-21T11:00:00Z,0.00043428571428571426,0.0472,0.04763428571428571,OK,OTHER_QH_IN_SAME_HOUR_INVALID
2026-04-21T16:00:00Z,2026-04-21T19:00:00+03:00,2026-04-21T16:00:00Z,0.12457142857142857,0.02854857142857143,0.15312,OK,OTHER_QH_IN_SAME_HOUR_INVALID
2026-04-21T16:15:00Z,2026-04-21T19:15:00+03:00,2026-04-21T16:00:00Z,0.6393371428571428,0.0,0.6393371428571428,OK,OTHER_QH_IN_SAME_HOUR_INVALID
2026-04-21T16:30:00Z,2026-04-21T19:30:00+03:00,2026-04-21T16:00:00Z,0.8044571428571429,0.0,0.8044571428571429,OK,OTHER_QH_IN_SAME_HOUR_INVALID
2026-04-21T16:45:00Z,2026-04-21T19:45:00+03:00,2026-04-21T16:00:00Z,1.082377142857143,0.0,1.082377142857143,ALPHA_OUTSIDE_SIMPLEX,ALPHA_OUTSIDE_SIMPLEX
2026-04-21T17:00:00Z,2026-04-21T20:00:00+03:00,2026-04-21T17:00:00Z,0.7131885714285715,0.0,0.7131885714285715,OK,OTHER_QH_IN_SAME_HOUR_INVALID
2026-04-21T17:15:00Z,2026-04-21T20:15:00+03:00,2026-04-21T17:00:00Z,1.0290514285714285,0.0,1.0290514285714285,ALPHA_OUTSIDE_SIMPLEX,ALPHA_OUTSIDE_SIMPLEX
2026-04-21T17:30:00Z,2026-04-21T20:30:00+03:00,2026-04-21T17:00:00Z,0.8206171428571429,0.0,0.8206171428571429,OK,OTHER_QH_IN_SAME_HOUR_INVALID
2026-04-21T17:45:00Z,2026-04-21T20:45:00+03:00,2026-04-21T17:00:00Z,0.9181942857142857,0.0,0.9181942857142857,OK,OTHER_QH_IN_SAME_HOUR_INVALID
2026-04-22T08:00:00Z,2026-04-22T11:00:00+03:00,2026-04-22T08:00:00Z,0.0,0.7268114285714286,0.7268114285714286,OK,OTHER_QH_IN_SAME_HOUR_INVALID
2026-04-22T08:15:00Z,2026-04-22T11:15:00+03:00,2026-04-22T08:00:00Z,0.0,1.5420342857142857,1.5420342857142857,ALPHA_OUTSIDE_SIMPLEX,ALPHA_OUTSIDE_SIMPLEX
2026-04-22T08:30:00Z,2026-04-22T11:30:00+03:00,2026-04-22T08:00:00Z,0.0,0.29133714285714285,0.29133714285714285,OK,OTHER_QH_IN_SAME_HOUR_INVALID
2026-04-22T08:45:00Z,2026-04-22T11:45:00+03:00,2026-04-22T08:00:00Z,0.0,0.5457142857142857,0.5457142857142857,OK,OTHER_QH_IN_SAME_HOUR_INVALID
2026-04-22T11:00:00Z,2026-04-22T14:00:00+03:00,2026-04-22T11:00:00Z,0.06861714285714285,0.0007314285714285715,0.06934857142857143,OK,OTHER_QH_IN_SAME_HOUR_INVALID
2026-04-22T11:15:00Z,2026-04-22T14:15:00+03:00,2026-04-22T11:00:00Z,0.002902857142857143,0.21494857142857143,0.21785142857142858,OK,OTHER_QH_IN_SAME_HOUR_INVALID
2026-04-22T11:30:00Z,2026-04-22T14:30:00+03:00,2026-04-22T11:00:00Z,0.0,0.75136,0.75136,OK,OTHER_QH_IN_SAME_HOUR_INVALID
2026-04-22T11:45:00Z,2026-04-22T14:45:00+03:00,2026-04-22T11:00:00Z,0.0,1.3981257142857142,1.3981257142857142,ALPHA_OUTSIDE_SIMPLEX,ALPHA_OUTSIDE_SIMPLEX
2026-04-22T12:00:00Z,2026-04-22T15:00:00+03:00,2026-04-22T12:00:00Z,0.0,0.5418971428571429,0.5418971428571429,OK,OTHER_QH_IN_SAME_HOUR_INVALID
2026-04-22T12:15:00Z,2026-04-22T15:15:00+03:00,2026-04-22T12:00:00Z,0.0,1.0941257142857144,1.0941257142857144,ALPHA_OUTSIDE_SIMPLEX,ALPHA_OUTSIDE_SIMPLEX
2026-04-22T12:30:00Z,2026-04-22T15:30:00+03:00,2026-04-22T12:00:00Z,0.0,1.8563657142857142,1.8563657142857142,ALPHA_OUTSIDE_SIMPLEX,ALPHA_OUTSIDE_SIMPLEX
2026-04-22T12:45:00Z,2026-04-22T15:45:00+03:00,2026-04-22T12:00:00Z,0.0,0.4884342857142857,0.4884342857142857,OK,OTHER_QH_IN_SAME_HOUR_INVALID
2026-04-22T14:00:00Z,2026-04-22T17:00:00+03:00,2026-04-22T14:00:00Z,0.1925714285714286,0.0,0.1925714285714286,OK,OTHER_QH_IN_SAME_HOUR_INVALID
2026-04-22T14:15:00Z,2026-04-22T17:15:00+03:00,2026-04-22T14:00:00Z,0.32070857142857145,0.0,0.32070857142857145,OK,OTHER_QH_IN_SAME_HOUR_INVALID
2026-04-22T14:30:00Z,2026-04-22T17:30:00+03:00,2026-04-22T14:00:00Z,0.31312,0.0,0.31312,OK,OTHER_QH_IN_SAME_HOUR_INVALID
2026-04-22T14:45:00Z,2026-04-22T17:45:00+03:00,2026-04-22T14:00:00Z,1.3037942857142857,0.0,1.3037942857142857,ALPHA_OUTSIDE_SIMPLEX,ALPHA_OUTSIDE_SIMPLEX
2026-04-22T16:00:00Z,2026-04-22T19:00:00+03:00,2026-04-22T16:00:00Z,0.13088,0.0,0.13088,OK,OTHER_QH_IN_SAME_HOUR_INVALID
2026-04-22T16:15:00Z,2026-04-22T19:15:00+03:00,2026-04-22T16:00:00Z,0.62704,0.0,0.62704,OK,OTHER_QH_IN_SAME_HOUR_INVALID
2026-04-22T16:30:00Z,2026-04-22T19:30:00+03:00,2026-04-22T16:00:00Z,1.0005257142857145,0.0,1.0005257142857145,ALPHA_OUTSIDE_SIMPLEX,ALPHA_OUTSIDE_SIMPLEX
2026-04-22T16:45:00Z,2026-04-22T19:45:00+03:00,2026-04-22T16:00:00Z,1.3207771428571429,0.0,1.3207771428571429,ALPHA_OUTSIDE_SIMPLEX,ALPHA_OUTSIDE_SIMPLEX
2026-04-22T17:00:00Z,2026-04-22T20:00:00+03:00,2026-04-22T17:00:00Z,0.5823085714285714,0.0,0.5823085714285714,OK,OTHER_QH_IN_SAME_HOUR_INVALID
2026-04-22T17:15:00Z,2026-04-22T20:15:00+03:00,2026-04-22T17:00:00Z,0.8813714285714286,0.0,0.8813714285714286,OK,OTHER_QH_IN_SAME_HOUR_INVALID
2026-04-22T17:30:00Z,2026-04-22T20:30:00+03:00,2026-04-22T17:00:00Z,1.5713828571428572,0.0,1.5713828571428572,ALPHA_OUTSIDE_SIMPLEX,ALPHA_OUTSIDE_SIMPLEX
2026-04-22T17:45:00Z,2026-04-22T20:45:00+03:00,2026-04-22T17:00:00Z,1.9469714285714288,0.0,1.9469714285714288,ALPHA_OUTSIDE_SIMPLEX,ALPHA_OUTSIDE_SIMPLEX
2026-04-23T05:00:00Z,2026-04-23T08:00:00+03:00,2026-04-23T05:00:00Z,0.001302857142857143,0.4347657142857143,0.43606857142857147,OK,OTHER_QH_IN_SAME_HOUR_INVALID
2026-04-23T05:15:00Z,2026-04-23T08:15:00+03:00,2026-04-23T05:00:00Z,0.0,0.17330285714285715,0.17330285714285715,OK,OTHER_QH_IN_SAME_HOUR_INVALID
2026-04-23T05:30:00Z,2026-04-23T08:30:00+03:00,2026-04-23T05:00:00Z,0.0,0.55328,0.55328,OK,OTHER_QH_IN_SAME_HOUR_INVALID
2026-04-23T05:45:00Z,2026-04-23T08:45:00+03:00,2026-04-23T05:00:00Z,0.0,1.3950857142857143,1.3950857142857143,ALPHA_OUTSIDE_SIMPLEX,ALPHA_OUTSIDE_SIMPLEX
2026-04-23T07:00:00Z,2026-04-23T10:00:00+03:00,2026-04-23T07:00:00Z,0.0,1.2192914285714287,1.2192914285714287,ALPHA_OUTSIDE_SIMPLEX,ALPHA_OUTSIDE_SIMPLEX
2026-04-23T07:15:00Z,2026-04-23T10:15:00+03:00,2026-04-23T07:00:00Z,0.0,1.6064,1.6064,ALPHA_OUTSIDE_SIMPLEX,ALPHA_OUTSIDE_SIMPLEX
2026-04-23T07:30:00Z,2026-04-23T10:30:00+03:00,2026-04-23T07:00:00Z,0.0,1.7946514285714288,1.7946514285714288,ALPHA_OUTSIDE_SIMPLEX,ALPHA_OUTSIDE_SIMPLEX
2026-04-23T07:45:00Z,2026-04-23T10:45:00+03:00,2026-04-23T07:00:00Z,0.0,0.9996114285714285,0.9996114285714285,OK,OTHER_QH_IN_SAME_HOUR_INVALID
2026-04-23T08:00:00Z,2026-04-23T11:00:00+03:00,2026-04-23T08:00:00Z,0.0,0.3605257142857143,0.3605257142857143,OK,OTHER_QH_IN_SAME_HOUR_INVALID
2026-04-23T08:15:00Z,2026-04-23T11:15:00+03:00,2026-04-23T08:00:00Z,0.0,1.1735085714285713,1.1735085714285713,ALPHA_OUTSIDE_SIMPLEX,ALPHA_OUTSIDE_SIMPLEX
2026-04-23T08:30:00Z,2026-04-23T11:30:00+03:00,2026-04-23T08:00:00Z,0.0,1.642537142857143,1.642537142857143,ALPHA_OUTSIDE_SIMPLEX,ALPHA_OUTSIDE_SIMPLEX
2026-04-23T08:45:00Z,2026-04-23T11:45:00+03:00,2026-04-23T08:00:00Z,0.0,1.4126171428571428,1.4126171428571428,ALPHA_OUTSIDE_SIMPLEX,ALPHA_OUTSIDE_SIMPLEX
2026-04-23T11:00:00Z,2026-04-23T14:00:00+03:00,2026-04-23T11:00:00Z,0.0,0.16886857142857142,0.16886857142857142,OK,OTHER_QH_IN_SAME_HOUR_INVALID
2026-04-23T11:15:00Z,2026-04-23T14:15:00+03:00,2026-04-23T11:00:00Z,0.0,0.6482057142857143,0.6482057142857143,OK,OTHER_QH_IN_SAME_HOUR_INVALID
2026-04-23T11:30:00Z,2026-04-23T14:30:00+03:00,2026-04-23T11:00:00Z,0.0,1.8673371428571428,1.8673371428571428,ALPHA_OUTSIDE_SIMPLEX,ALPHA_OUTSIDE_SIMPLEX
2026-04-23T11:45:00Z,2026-04-23T14:45:00+03:00,2026-04-23T11:00:00Z,0.0,1.2173257142857143,1.2173257142857143,ALPHA_OUTSIDE_SIMPLEX,ALPHA_OUTSIDE_SIMPLEX
2026-04-23T13:00:00Z,2026-04-23T16:00:00+03:00,2026-04-23T13:00:00Z,0.02096,0.3380114285714286,0.35897142857142855,OK,OTHER_QH_IN_SAME_HOUR_INVALID
2026-04-23T13:15:00Z,2026-04-23T16:15:00+03:00,2026-04-23T13:00:00Z,0.10260571428571429,0.0,0.10260571428571429,OK,OTHER_QH_IN_SAME_HOUR_INVALID
2026-04-23T13:30:00Z,2026-04-23T16:30:00+03:00,2026-04-23T13:00:00Z,0.008,0.7675885714285714,0.7755885714285714,OK,OTHER_QH_IN_SAME_HOUR_INVALID
2026-04-23T13:45:00Z,2026-04-23T16:45:00+03:00,2026-04-23T13:00:00Z,0.0,1.756182857142857,1.756182857142857,ALPHA_OUTSIDE_SIMPLEX,ALPHA_OUTSIDE_SIMPLEX
2026-04-23T14:00:00Z,2026-04-23T17:00:00+03:00,2026-04-23T14:00:00Z,0.0,1.4298514285714286,1.4298514285714286,ALPHA_OUTSIDE_SIMPLEX,ALPHA_OUTSIDE_SIMPLEX
2026-04-23T14:15:00Z,2026-04-23T17:15:00+03:00,2026-04-23T14:00:00Z,0.0006857142857142857,0.08448,0.08516571428571429,OK,OTHER_QH_IN_SAME_HOUR_INVALID
2026-04-23T14:30:00Z,2026-04-23T17:30:00+03:00,2026-04-23T14:00:00Z,0.0,0.5526628571428571,0.5526628571428571,OK,OTHER_QH_IN_SAME_HOUR_INVALID
2026-04-23T14:45:00Z,2026-04-23T17:45:00+03:00,2026-04-23T14:00:00Z,0.024937142857142856,0.22233142857142857,0.24726857142857142,OK,OTHER_QH_IN_SAME_HOUR_INVALID
2026-04-23T18:00:00Z,2026-04-23T21:00:00+03:00,2026-04-23T18:00:00Z,0.0088,0.002697142857142857,0.011497142857142859,OK,OTHER_QH_IN_SAME_HOUR_INVALID
2026-04-23T18:15:00Z,2026-04-23T21:15:00+03:00,2026-04-23T18:00:00Z,0.033120000000000004,0.00027428571428571427,0.03339428571428572,OK,OTHER_QH_IN_SAME_HOUR_INVALID
2026-04-23T18:30:00Z,2026-04-23T21:30:00+03:00,2026-04-23T18:00:00Z,0.31821714285714287,0.0,0.31821714285714287,OK,OTHER_QH_IN_SAME_HOUR_INVALID
2026-04-23T18:45:00Z,2026-04-23T21:45:00+03:00,2026-04-23T18:00:00Z,1.0558628571428572,0.0,1.0558628571428572,ALPHA_OUTSIDE_SIMPLEX,ALPHA_OUTSIDE_SIMPLEX
2026-04-23T19:00:00Z,2026-04-23T22:00:00+03:00,2026-04-23T19:00:00Z,1.87936,0.0,1.87936,ALPHA_OUTSIDE_SIMPLEX,ALPHA_OUTSIDE_SIMPLEX
2026-04-23T19:15:00Z,2026-04-23T22:15:00+03:00,2026-04-23T19:00:00Z,2.1394285714285712,0.0,2.1394285714285712,ALPHA_OUTSIDE_SIMPLEX,ALPHA_OUTSIDE_SIMPLEX
2026-04-23T19:30:00Z,2026-04-23T22:30:00+03:00,2026-04-23T19:00:00Z,1.6071771428571426,0.0,1.6071771428571426,ALPHA_OUTSIDE_SIMPLEX,ALPHA_OUTSIDE_SIMPLEX
2026-04-23T19:45:00Z,2026-04-23T22:45:00+03:00,2026-04-23T19:00:00Z,0.08882285714285715,0.01312,0.10194285714285714,OK,OTHER_QH_IN_SAME_HOUR_INVALID
2026-04-24T05:00:00Z,2026-04-24T08:00:00+03:00,2026-04-24T05:00:00Z,1.06688,0.0,1.06688,ALPHA_OUTSIDE_SIMPLEX,ALPHA_OUTSIDE_SIMPLEX
2026-04-24T05:15:00Z,2026-04-24T08:15:00+03:00,2026-04-24T05:00:00Z,0.5637485714285715,0.00027428571428571427,0.5640228571428572,OK,OTHER_QH_IN_SAME_HOUR_INVALID
2026-04-24T05:30:00Z,2026-04-24T08:30:00+03:00,2026-04-24T05:00:00Z,0.025142857142857144,0.00256,0.027702857142857144,OK,OTHER_QH_IN_SAME_HOUR_INVALID
2026-04-24T05:45:00Z,2026-04-24T08:45:00+03:00,2026-04-24T05:00:00Z,0.0037714285714285714,0.15741714285714284,0.1611885714285714,OK,OTHER_QH_IN_SAME_HOUR_INVALID
2026-04-24T11:00:00Z,2026-04-24T14:00:00+03:00,2026-04-24T11:00:00Z,0.0,0.35222857142857145,0.35222857142857145,OK,OTHER_QH_IN_SAME_HOUR_INVALID
2026-04-24T11:15:00Z,2026-04-24T14:15:00+03:00,2026-04-24T11:00:00Z,0.0,0.29917714285714286,0.29917714285714286,OK,OTHER_QH_IN_SAME_HOUR_INVALID
2026-04-24T11:30:00Z,2026-04-24T14:30:00+03:00,2026-04-24T11:00:00Z,0.0,0.7805485714285715,0.7805485714285715,OK,OTHER_QH_IN_SAME_HOUR_INVALID
2026-04-24T11:45:00Z,2026-04-24T14:45:00+03:00,2026-04-24T11:00:00Z,0.0,1.0506285714285715,1.0506285714285715,ALPHA_OUTSIDE_SIMPLEX,ALPHA_OUTSIDE_SIMPLEX
2026-04-24T12:00:00Z,2026-04-24T15:00:00+03:00,2026-04-24T12:00:00Z,0.0,1.2977142857142856,1.2977142857142856,ALPHA_OUTSIDE_SIMPLEX,ALPHA_OUTSIDE_SIMPLEX
2026-04-24T12:15:00Z,2026-04-24T15:15:00+03:00,2026-04-24T12:00:00Z,0.0,0.5237485714285715,0.5237485714285715,OK,OTHER_QH_IN_SAME_HOUR_INVALID
2026-04-24T12:30:00Z,2026-04-24T15:30:00+03:00,2026-04-24T12:00:00Z,0.0,0.3050285714285714,0.3050285714285714,OK,OTHER_QH_IN_SAME_HOUR_INVALID
2026-04-24T12:45:00Z,2026-04-24T15:45:00+03:00,2026-04-24T12:00:00Z,0.0,0.3424457142857143,0.3424457142857143,OK,OTHER_QH_IN_SAME_HOUR_INVALID
2026-04-24T14:00:00Z,2026-04-24T17:00:00+03:00,2026-04-24T14:00:00Z,0.0,1.1852800000000001,1.1852800000000001,ALPHA_OUTSIDE_SIMPLEX,ALPHA_OUTSIDE_SIMPLEX
2026-04-24T14:15:00Z,2026-04-24T17:15:00+03:00,2026-04-24T14:00:00Z,0.0,1.08192,1.08192,ALPHA_OUTSIDE_SIMPLEX,ALPHA_OUTSIDE_SIMPLEX
2026-04-24T14:30:00Z,2026-04-24T17:30:00+03:00,2026-04-24T14:00:00Z,0.0,1.1826057142857143,1.1826057142857143,ALPHA_OUTSIDE_SIMPLEX,ALPHA_OUTSIDE_SIMPLEX
2026-04-24T14:45:00Z,2026-04-24T17:45:00+03:00,2026-04-24T14:00:00Z,0.0,0.4377371428571429,0.4377371428571429,OK,OTHER_QH_IN_SAME_HOUR_INVALID
2026-04-25T11:00:00Z,2026-04-25T14:00:00+03:00,2026-04-25T11:00:00Z,0.0,0.3907885714285715,0.3907885714285715,OK,OTHER_QH_IN_SAME_HOUR_INVALID
2026-04-25T11:15:00Z,2026-04-25T14:15:00+03:00,2026-04-25T11:00:00Z,0.0,0.84752,0.84752,OK,OTHER_QH_IN_SAME_HOUR_INVALID
2026-04-25T11:30:00Z,2026-04-25T14:30:00+03:00,2026-04-25T11:00:00Z,0.0,0.9076114285714285,0.9076114285714285,OK,OTHER_QH_IN_SAME_HOUR_INVALID
2026-04-25T11:45:00Z,2026-04-25T14:45:00+03:00,2026-04-25T11:00:00Z,0.0,1.8066742857142857,1.8066742857142857,ALPHA_OUTSIDE_SIMPLEX,ALPHA_OUTSIDE_SIMPLEX
2026-04-25T12:00:00Z,2026-04-25T15:00:00+03:00,2026-04-25T12:00:00Z,0.0,1.936137142857143,1.936137142857143,ALPHA_OUTSIDE_SIMPLEX,ALPHA_OUTSIDE_SIMPLEX
2026-04-25T12:15:00Z,2026-04-25T15:15:00+03:00,2026-04-25T12:00:00Z,0.0,1.9380114285714285,1.9380114285714285,ALPHA_OUTSIDE_SIMPLEX,ALPHA_OUTSIDE_SIMPLEX
2026-04-25T12:30:00Z,2026-04-25T15:30:00+03:00,2026-04-25T12:00:00Z,0.0,0.6312914285714286,0.6312914285714286,OK,OTHER_QH_IN_SAME_HOUR_INVALID
2026-04-25T12:45:00Z,2026-04-25T15:45:00+03:00,2026-04-25T12:00:00Z,0.13675428571428572,0.04336,0.18011428571428573,OK,OTHER_QH_IN_SAME_HOUR_INVALID
2026-04-26T10:00:00Z,2026-04-26T13:00:00+03:00,2026-04-26T10:00:00Z,0.0,0.7387657142857142,0.7387657142857142,OK,OTHER_QH_IN_SAME_HOUR_INVALID
2026-04-26T10:15:00Z,2026-04-26T13:15:00+03:00,2026-04-26T10:00:00Z,0.0,1.4121142857142857,1.4121142857142857,ALPHA_OUTSIDE_SIMPLEX,ALPHA_OUTSIDE_SIMPLEX
2026-04-26T10:30:00Z,2026-04-26T13:30:00+03:00,2026-04-26T10:00:00Z,0.0,1.498422857142857,1.498422857142857,ALPHA_OUTSIDE_SIMPLEX,ALPHA_OUTSIDE_SIMPLEX
2026-04-26T10:45:00Z,2026-04-26T13:45:00+03:00,2026-04-26T10:00:00Z,0.0,0.9074742857142857,0.9074742857142857,OK,OTHER_QH_IN_SAME_HOUR_INVALID
2026-04-26T11:00:00Z,2026-04-26T14:00:00+03:00,2026-04-26T11:00:00Z,0.0,1.2191771428571427,1.2191771428571427,ALPHA_OUTSIDE_SIMPLEX,ALPHA_OUTSIDE_SIMPLEX
2026-04-26T11:15:00Z,2026-04-26T14:15:00+03:00,2026-04-26T11:00:00Z,0.0,1.2291885714285715,1.2291885714285715,ALPHA_OUTSIDE_SIMPLEX,ALPHA_OUTSIDE_SIMPLEX
2026-04-26T11:30:00Z,2026-04-26T14:30:00+03:00,2026-04-26T11:00:00Z,0.0,1.1974857142857143,1.1974857142857143,ALPHA_OUTSIDE_SIMPLEX,ALPHA_OUTSIDE_SIMPLEX
2026-04-26T11:45:00Z,2026-04-26T14:45:00+03:00,2026-04-26T11:00:00Z,0.0,0.7965942857142857,0.7965942857142857,OK,OTHER_QH_IN_SAME_HOUR_INVALID
2026-04-26T15:00:00Z,2026-04-26T18:00:00+03:00,2026-04-26T15:00:00Z,0.0,1.4825599999999999,1.4825599999999999,ALPHA_OUTSIDE_SIMPLEX,ALPHA_OUTSIDE_SIMPLEX
2026-04-26T15:15:00Z,2026-04-26T18:15:00+03:00,2026-04-26T15:00:00Z,0.2674057142857143,0.2637028571428572,0.5311085714285715,OK,OTHER_QH_IN_SAME_HOUR_INVALID
2026-04-26T15:30:00Z,2026-04-26T18:30:00+03:00,2026-04-26T15:00:00Z,1.0003885714285714,0.0,1.0003885714285714,ALPHA_OUTSIDE_SIMPLEX,ALPHA_OUTSIDE_SIMPLEX
2026-04-26T15:45:00Z,2026-04-26T18:45:00+03:00,2026-04-26T15:00:00Z,0.35849142857142857,0.00045714285714285713,0.35894857142857145,OK,OTHER_QH_IN_SAME_HOUR_INVALID
2026-04-26T19:00:00Z,2026-04-26T22:00:00+03:00,2026-04-26T19:00:00Z,1.34208,0.0,1.34208,ALPHA_OUTSIDE_SIMPLEX,ALPHA_OUTSIDE_SIMPLEX
2026-04-26T19:15:00Z,2026-04-26T22:15:00+03:00,2026-04-26T19:00:00Z,0.7689142857142858,0.0,0.7689142857142858,OK,OTHER_QH_IN_SAME_HOUR_INVALID
2026-04-26T19:30:00Z,2026-04-26T22:30:00+03:00,2026-04-26T19:00:00Z,0.5391314285714286,4.5714285714285716e-05,0.5391771428571429,OK,OTHER_QH_IN_SAME_HOUR_INVALID
2026-04-26T19:45:00Z,2026-04-26T22:45:00+03:00,2026-04-26T19:00:00Z,0.6181485714285715,0.0,0.6181485714285715,OK,OTHER_QH_IN_SAME_HOUR_INVALID
2026-04-27T12:00:00Z,2026-04-27T15:00:00+03:00,2026-04-27T12:00:00Z,0.0,0.45613714285714285,0.45613714285714285,OK,OTHER_QH_IN_SAME_HOUR_INVALID
2026-04-27T12:15:00Z,2026-04-27T15:15:00+03:00,2026-04-27T12:00:00Z,0.0,0.7397028571428572,0.7397028571428572,OK,OTHER_QH_IN_SAME_HOUR_INVALID
2026-04-27T12:30:00Z,2026-04-27T15:30:00+03:00,2026-04-27T12:00:00Z,0.0,0.6753142857142858,0.6753142857142858,OK,OTHER_QH_IN_SAME_HOUR_INVALID
2026-04-27T12:45:00Z,2026-04-27T15:45:00+03:00,2026-04-27T12:00:00Z,0.0,1.9198857142857144,1.9198857142857144,ALPHA_OUTSIDE_SIMPLEX,ALPHA_OUTSIDE_SIMPLEX
2026-04-27T14:00:00Z,2026-04-27T17:00:00+03:00,2026-04-27T14:00:00Z,0.0,1.6447314285714285,1.6447314285714285,ALPHA_OUTSIDE_SIMPLEX,ALPHA_OUTSIDE_SIMPLEX
2026-04-27T14:15:00Z,2026-04-27T17:15:00+03:00,2026-04-27T14:00:00Z,0.0,1.4019885714285716,1.4019885714285716,ALPHA_OUTSIDE_SIMPLEX,ALPHA_OUTSIDE_SIMPLEX
2026-04-27T14:30:00Z,2026-04-27T17:30:00+03:00,2026-04-27T14:00:00Z,0.0,0.8000685714285715,0.8000685714285715,OK,OTHER_QH_IN_SAME_HOUR_INVALID
2026-04-27T14:45:00Z,2026-04-27T17:45:00+03:00,2026-04-27T14:00:00Z,0.0,0.7898514285714285,0.7898514285714285,OK,OTHER_QH_IN_SAME_HOUR_INVALID
2026-04-27T17:00:00Z,2026-04-27T20:00:00+03:00,2026-04-27T17:00:00Z,0.0,1.0839314285714285,1.0839314285714285,ALPHA_OUTSIDE_SIMPLEX,ALPHA_OUTSIDE_SIMPLEX
2026-04-27T17:15:00Z,2026-04-27T20:15:00+03:00,2026-04-27T17:00:00Z,0.0,1.0389485714285713,1.0389485714285713,ALPHA_OUTSIDE_SIMPLEX,ALPHA_OUTSIDE_SIMPLEX
2026-04-27T17:30:00Z,2026-04-27T20:30:00+03:00,2026-04-27T17:00:00Z,0.0,0.6605942857142857,0.6605942857142857,OK,OTHER_QH_IN_SAME_HOUR_INVALID
2026-04-27T17:45:00Z,2026-04-27T20:45:00+03:00,2026-04-27T17:00:00Z,0.0,0.5054171428571428,0.5054171428571428,OK,OTHER_QH_IN_SAME_HOUR_INVALID
2026-04-27T19:00:00Z,2026-04-27T22:00:00+03:00,2026-04-27T19:00:00Z,0.0,0.12048,0.12048,OK,OTHER_QH_IN_SAME_HOUR_INVALID
2026-04-27T19:15:00Z,2026-04-27T22:15:00+03:00,2026-04-27T19:00:00Z,0.0,0.6187199999999999,0.6187199999999999,OK,OTHER_QH_IN_SAME_HOUR_INVALID
2026-04-27T19:30:00Z,2026-04-27T22:30:00+03:00,2026-04-27T19:00:00Z,0.0,0.7181942857142857,0.7181942857142857,OK,OTHER_QH_IN_SAME_HOUR_INVALID
2026-04-27T19:45:00Z,2026-04-27T22:45:00+03:00,2026-04-27T19:00:00Z,0.0,1.0056685714285714,1.0056685714285714,ALPHA_OUTSIDE_SIMPLEX,ALPHA_OUTSIDE_SIMPLEX
2026-04-29T07:00:00Z,2026-04-29T10:00:00+03:00,2026-04-29T07:00:00Z,0.34665142857142855,0.00034285714285714285,0.3469942857142857,OK,OTHER_QH_IN_SAME_HOUR_INVALID
2026-04-29T07:15:00Z,2026-04-29T10:15:00+03:00,2026-04-29T07:00:00Z,0.002125714285714286,0.49634285714285714,0.4984685714285714,OK,OTHER_QH_IN_SAME_HOUR_INVALID
2026-04-29T07:30:00Z,2026-04-29T10:30:00+03:00,2026-04-29T07:00:00Z,0.0,1.3271771428571428,1.3271771428571428,ALPHA_OUTSIDE_SIMPLEX,ALPHA_OUTSIDE_SIMPLEX
2026-04-29T07:45:00Z,2026-04-29T10:45:00+03:00,2026-04-29T07:00:00Z,0.0,2.1464914285714287,2.1464914285714287,ALPHA_OUTSIDE_SIMPLEX,ALPHA_OUTSIDE_SIMPLEX
2026-04-29T08:00:00Z,2026-04-29T11:00:00+03:00,2026-04-29T08:00:00Z,0.0,1.7167314285714286,1.7167314285714286,ALPHA_OUTSIDE_SIMPLEX,ALPHA_OUTSIDE_SIMPLEX
2026-04-29T08:15:00Z,2026-04-29T11:15:00+03:00,2026-04-29T08:00:00Z,0.0,2.1597257142857145,2.1597257142857145,ALPHA_OUTSIDE_SIMPLEX,ALPHA_OUTSIDE_SIMPLEX
2026-04-29T08:30:00Z,2026-04-29T11:30:00+03:00,2026-04-29T08:00:00Z,0.0,0.9629257142857143,0.9629257142857143,OK,OTHER_QH_IN_SAME_HOUR_INVALID
2026-04-29T08:45:00Z,2026-04-29T11:45:00+03:00,2026-04-29T08:00:00Z,0.0,0.7179428571428571,0.7179428571428571,OK,OTHER_QH_IN_SAME_HOUR_INVALID
2026-04-29T09:00:00Z,2026-04-29T12:00:00+03:00,2026-04-29T09:00:00Z,0.0,1.6377371428571428,1.6377371428571428,ALPHA_OUTSIDE_SIMPLEX,ALPHA_OUTSIDE_SIMPLEX
2026-04-29T09:15:00Z,2026-04-29T12:15:00+03:00,2026-04-29T09:00:00Z,0.0,2.3595885714285716,2.3595885714285716,ALPHA_OUTSIDE_SIMPLEX,ALPHA_OUTSIDE_SIMPLEX
2026-04-29T09:30:00Z,2026-04-29T12:30:00+03:00,2026-04-29T09:00:00Z,0.0,1.95744,1.95744,ALPHA_OUTSIDE_SIMPLEX,ALPHA_OUTSIDE_SIMPLEX
2026-04-29T09:45:00Z,2026-04-29T12:45:00+03:00,2026-04-29T09:00:00Z,0.0,1.7134399999999999,1.7134399999999999,ALPHA_OUTSIDE_SIMPLEX,ALPHA_OUTSIDE_SIMPLEX
2026-04-29T10:00:00Z,2026-04-29T13:00:00+03:00,2026-04-29T10:00:00Z,0.0,2.1671314285714285,2.1671314285714285,ALPHA_OUTSIDE_SIMPLEX,ALPHA_OUTSIDE_SIMPLEX
2026-04-29T10:15:00Z,2026-04-29T13:15:00+03:00,2026-04-29T10:00:00Z,0.0,1.9193142857142858,1.9193142857142858,ALPHA_OUTSIDE_SIMPLEX,ALPHA_OUTSIDE_SIMPLEX
2026-04-29T10:30:00Z,2026-04-29T13:30:00+03:00,2026-04-29T10:00:00Z,0.0,1.6400228571428572,1.6400228571428572,ALPHA_OUTSIDE_SIMPLEX,ALPHA_OUTSIDE_SIMPLEX
2026-04-29T10:45:00Z,2026-04-29T13:45:00+03:00,2026-04-29T10:00:00Z,0.0,1.3411657142857143,1.3411657142857143,ALPHA_OUTSIDE_SIMPLEX,ALPHA_OUTSIDE_SIMPLEX
2026-04-30T04:00:00Z,2026-04-30T07:00:00+03:00,2026-04-30T04:00:00Z,1.3198628571428572,0.0,1.3198628571428572,ALPHA_OUTSIDE_SIMPLEX,ALPHA_OUTSIDE_SIMPLEX
2026-04-30T04:15:00Z,2026-04-30T07:15:00+03:00,2026-04-30T04:00:00Z,2.0397942857142857,0.0,2.0397942857142857,ALPHA_OUTSIDE_SIMPLEX,ALPHA_OUTSIDE_SIMPLEX
2026-04-30T04:30:00Z,2026-04-30T07:30:00+03:00,2026-04-30T04:00:00Z,0.5166171428571429,0.0,0.5166171428571429,OK,OTHER_QH_IN_SAME_HOUR_INVALID
2026-04-30T04:45:00Z,2026-04-30T07:45:00+03:00,2026-04-30T04:00:00Z,0.43163428571428575,0.0,0.43163428571428575,OK,OTHER_QH_IN_SAME_HOUR_INVALID
2026-04-30T07:00:00Z,2026-04-30T10:00:00+03:00,2026-04-30T07:00:00Z,0.0,0.2914514285714286,0.2914514285714286,OK,OTHER_QH_IN_SAME_HOUR_INVALID
2026-04-30T07:15:00Z,2026-04-30T10:15:00+03:00,2026-04-30T07:00:00Z,0.0,0.9031771428571429,0.9031771428571429,OK,OTHER_QH_IN_SAME_HOUR_INVALID
2026-04-30T07:30:00Z,2026-04-30T10:30:00+03:00,2026-04-30T07:00:00Z,0.0,1.2291657142857144,1.2291657142857144,ALPHA_OUTSIDE_SIMPLEX,ALPHA_OUTSIDE_SIMPLEX
2026-04-30T07:45:00Z,2026-04-30T10:45:00+03:00,2026-04-30T07:00:00Z,0.0,0.6525485714285714,0.6525485714285714,OK,OTHER_QH_IN_SAME_HOUR_INVALID
2026-04-30T09:00:00Z,2026-04-30T12:00:00+03:00,2026-04-30T09:00:00Z,1.1238857142857144,0.0,1.1238857142857144,ALPHA_OUTSIDE_SIMPLEX,ALPHA_OUTSIDE_SIMPLEX
2026-04-30T09:15:00Z,2026-04-30T12:15:00+03:00,2026-04-30T09:00:00Z,1.5065371428571428,0.0,1.5065371428571428,ALPHA_OUTSIDE_SIMPLEX,ALPHA_OUTSIDE_SIMPLEX
2026-04-30T09:30:00Z,2026-04-30T12:30:00+03:00,2026-04-30T09:00:00Z,1.1813942857142856,0.0,1.1813942857142856,ALPHA_OUTSIDE_SIMPLEX,ALPHA_OUTSIDE_SIMPLEX
2026-04-30T09:45:00Z,2026-04-30T12:45:00+03:00,2026-04-30T09:00:00Z,0.15638857142857143,0.01689142857142857,0.17328,OK,OTHER_QH_IN_SAME_HOUR_INVALID
2026-04-30T19:00:00Z,2026-04-30T22:00:00+03:00,2026-04-30T19:00:00Z,0.0,0.4103314285714286,0.4103314285714286,OK,OTHER_QH_IN_SAME_HOUR_INVALID
2026-04-30T19:15:00Z,2026-04-30T22:15:00+03:00,2026-04-30T19:00:00Z,0.0,0.39161142857142855,0.39161142857142855,OK,OTHER_QH_IN_SAME_HOUR_INVALID
2026-04-30T19:30:00Z,2026-04-30T22:30:00+03:00,2026-04-30T19:00:00Z,0.0,1.0202057142857144,1.0202057142857144,ALPHA_OUTSIDE_SIMPLEX,ALPHA_OUTSIDE_SIMPLEX
2026-04-30T19:45:00Z,2026-04-30T22:45:00+03:00,2026-04-30T19:00:00Z,0.0,0.9256,0.9256,OK,OTHER_QH_IN_SAME_HOUR_INVALID
2026-04-30T22:00:00Z,2026-05-01T01:00:00+03:00,2026-04-30T22:00:00Z,0.9107885714285715,0.0,0.9107885714285715,OK,OTHER_QH_IN_SAME_HOUR_INVALID
2026-04-30T22:15:00Z,2026-05-01T01:15:00+03:00,2026-04-30T22:00:00Z,1.1393371428571428,0.0,1.1393371428571428,ALPHA_OUTSIDE_SIMPLEX,ALPHA_OUTSIDE_SIMPLEX
2026-04-30T22:30:00Z,2026-05-01T01:30:00+03:00,2026-04-30T22:00:00Z,0.7354514285714286,0.0,0.7354514285714286,OK,OTHER_QH_IN_SAME_HOUR_INVALID
2026-04-30T22:45:00Z,2026-05-01T01:45:00+03:00,2026-04-30T22:00:00Z,0.6776228571428572,0.0,0.6776228571428572,OK,OTHER_QH_IN_SAME_HOUR_INVALID
2026-04-30T23:00:00Z,2026-05-01T02:00:00+03:00,2026-04-30T23:00:00Z,1.0583085714285714,0.0,1.0583085714285714,ALPHA_OUTSIDE_SIMPLEX,ALPHA_OUTSIDE_SIMPLEX
2026-04-30T23:15:00Z,2026-05-01T02:15:00+03:00,2026-04-30T23:00:00Z,0.7541485714285714,0.0,0.7541485714285714,OK,OTHER_QH_IN_SAME_HOUR_INVALID
2026-04-30T23:30:00Z,2026-05-01T02:30:00+03:00,2026-04-30T23:00:00Z,1.057257142857143,0.0,1.057257142857143,ALPHA_OUTSIDE_SIMPLEX,ALPHA_OUTSIDE_SIMPLEX
2026-04-30T23:45:00Z,2026-05-01T02:45:00+03:00,2026-04-30T23:00:00Z,0.8294628571428572,0.0,0.8294628571428572,OK,OTHER_QH_IN_SAME_HOUR_INVALID
2026-05-01T08:00:00Z,2026-05-01T11:00:00+03:00,2026-05-01T08:00:00Z,1.2201142857142857,0.0,1.2201142857142857,ALPHA_OUTSIDE_SIMPLEX,ALPHA_OUTSIDE_SIMPLEX
2026-05-01T08:15:00Z,2026-05-01T11:15:00+03:00,2026-05-01T08:00:00Z,1.4005485714285715,0.0,1.4005485714285715,ALPHA_OUTSIDE_SIMPLEX,ALPHA_OUTSIDE_SIMPLEX
2026-05-01T08:30:00Z,2026-05-01T11:30:00+03:00,2026-05-01T08:00:00Z,0.24450285714285713,0.06539428571428572,0.30989714285714287,OK,OTHER_QH_IN_SAME_HOUR_INVALID
2026-05-01T08:45:00Z,2026-05-01T11:45:00+03:00,2026-05-01T08:00:00Z,0.31142857142857144,0.01833142857142857,0.32976,OK,OTHER_QH_IN_SAME_HOUR_INVALID
2026-05-03T17:00:00Z,2026-05-03T20:00:00+03:00,2026-05-03T17:00:00Z,0.7670857142857144,0.0,0.7670857142857144,OK,OTHER_QH_IN_SAME_HOUR_INVALID
2026-05-03T17:15:00Z,2026-05-03T20:15:00+03:00,2026-05-03T17:00:00Z,1.6120457142857143,0.0,1.6120457142857143,ALPHA_OUTSIDE_SIMPLEX,ALPHA_OUTSIDE_SIMPLEX
2026-05-03T17:30:00Z,2026-05-03T20:30:00+03:00,2026-05-03T17:00:00Z,1.4082285714285714,0.0,1.4082285714285714,ALPHA_OUTSIDE_SIMPLEX,ALPHA_OUTSIDE_SIMPLEX
2026-05-03T17:45:00Z,2026-05-03T20:45:00+03:00,2026-05-03T17:00:00Z,1.95776,0.0,1.95776,ALPHA_OUTSIDE_SIMPLEX,ALPHA_OUTSIDE_SIMPLEX
2026-05-03T18:00:00Z,2026-05-03T21:00:00+03:00,2026-05-03T18:00:00Z,1.7165257142857142,0.0,1.7165257142857142,ALPHA_OUTSIDE_SIMPLEX,ALPHA_OUTSIDE_SIMPLEX
2026-05-03T18:15:00Z,2026-05-03T21:15:00+03:00,2026-05-03T18:00:00Z,0.05504,0.0037257142857142858,0.05876571428571428,OK,OTHER_QH_IN_SAME_HOUR_INVALID
2026-05-03T18:30:00Z,2026-05-03T21:30:00+03:00,2026-05-03T18:00:00Z,0.00736,0.002605714285714286,0.009965714285714286,OK,OTHER_QH_IN_SAME_HOUR_INVALID
2026-05-03T18:45:00Z,2026-05-03T21:45:00+03:00,2026-05-03T18:00:00Z,0.00032,0.018925714285714285,0.019245714285714286,OK,OTHER_QH_IN_SAME_HOUR_INVALID
2026-05-04T15:00:00Z,2026-05-04T18:00:00+03:00,2026-05-04T15:00:00Z,0.0,1.3212342857142858,1.3212342857142858,ALPHA_OUTSIDE_SIMPLEX,ALPHA_OUTSIDE_SIMPLEX
2026-05-04T15:15:00Z,2026-05-04T18:15:00+03:00,2026-05-04T15:00:00Z,0.05945142857142857,0.053622857142857146,0.11307428571428571,OK,OTHER_QH_IN_SAME_HOUR_INVALID
2026-05-04T15:30:00Z,2026-05-04T18:30:00+03:00,2026-05-04T15:00:00Z,0.17289142857142858,0.0,0.17289142857142858,OK,OTHER_QH_IN_SAME_HOUR_INVALID
2026-05-04T15:45:00Z,2026-05-04T18:45:00+03:00,2026-05-04T15:00:00Z,0.02621714285714286,0.005257142857142858,0.03147428571428572,OK,OTHER_QH_IN_SAME_HOUR_INVALID
2026-05-04T17:00:00Z,2026-05-04T20:00:00+03:00,2026-05-04T17:00:00Z,2.065325714285714,0.0,2.065325714285714,ALPHA_OUTSIDE_SIMPLEX,ALPHA_OUTSIDE_SIMPLEX
2026-05-04T17:15:00Z,2026-05-04T20:15:00+03:00,2026-05-04T17:00:00Z,0.9879542857142857,0.0,0.9879542857142857,OK,OTHER_QH_IN_SAME_HOUR_INVALID
2026-05-04T17:30:00Z,2026-05-04T20:30:00+03:00,2026-05-04T17:00:00Z,0.2096457142857143,0.0005257142857142857,0.2101714285714286,OK,OTHER_QH_IN_SAME_HOUR_INVALID
2026-05-04T17:45:00Z,2026-05-04T20:45:00+03:00,2026-05-04T17:00:00Z,1.29216,0.0,1.29216,ALPHA_OUTSIDE_SIMPLEX,ALPHA_OUTSIDE_SIMPLEX
2026-05-04T18:00:00Z,2026-05-04T21:00:00+03:00,2026-05-04T18:00:00Z,1.5197485714285714,0.0,1.5197485714285714,ALPHA_OUTSIDE_SIMPLEX,ALPHA_OUTSIDE_SIMPLEX
2026-05-04T18:15:00Z,2026-05-04T21:15:00+03:00,2026-05-04T18:00:00Z,0.11833142857142856,0.0,0.11833142857142856,OK,OTHER_QH_IN_SAME_HOUR_INVALID
2026-05-04T18:30:00Z,2026-05-04T21:30:00+03:00,2026-05-04T18:00:00Z,0.2433142857142857,0.0,0.2433142857142857,OK,OTHER_QH_IN_SAME_HOUR_INVALID
2026-05-04T18:45:00Z,2026-05-04T21:45:00+03:00,2026-05-04T18:00:00Z,0.5570514285714285,0.0,0.5570514285714285,OK,OTHER_QH_IN_SAME_HOUR_INVALID
2026-05-05T02:00:00Z,2026-05-05T05:00:00+03:00,2026-05-05T02:00:00Z,1.3175085714285715,0.0,1.3175085714285715,ALPHA_OUTSIDE_SIMPLEX,ALPHA_OUTSIDE_SIMPLEX
2026-05-05T02:15:00Z,2026-05-05T05:15:00+03:00,2026-05-05T02:00:00Z,0.4984685714285714,0.0,0.4984685714285714,OK,OTHER_QH_IN_SAME_HOUR_INVALID
2026-05-05T02:30:00Z,2026-05-05T05:30:00+03:00,2026-05-05T02:00:00Z,0.8349942857142857,0.0,0.8349942857142857,OK,OTHER_QH_IN_SAME_HOUR_INVALID
2026-05-05T02:45:00Z,2026-05-05T05:45:00+03:00,2026-05-05T02:00:00Z,0.7066057142857143,0.0,0.7066057142857143,OK,OTHER_QH_IN_SAME_HOUR_INVALID
2026-05-05T06:00:00Z,2026-05-05T09:00:00+03:00,2026-05-05T06:00:00Z,1.7228342857142855,0.0,1.7228342857142855,ALPHA_OUTSIDE_SIMPLEX,ALPHA_OUTSIDE_SIMPLEX
2026-05-05T06:15:00Z,2026-05-05T09:15:00+03:00,2026-05-05T06:00:00Z,2.0327542857142857,0.0,2.0327542857142857,ALPHA_OUTSIDE_SIMPLEX,ALPHA_OUTSIDE_SIMPLEX
2026-05-05T06:30:00Z,2026-05-05T09:30:00+03:00,2026-05-05T06:00:00Z,1.97568,0.0,1.97568,ALPHA_OUTSIDE_SIMPLEX,ALPHA_OUTSIDE_SIMPLEX
2026-05-05T06:45:00Z,2026-05-05T09:45:00+03:00,2026-05-05T06:00:00Z,0.6418742857142857,0.00016,0.6420342857142858,OK,OTHER_QH_IN_SAME_HOUR_INVALID
2026-05-05T10:00:00Z,2026-05-05T13:00:00+03:00,2026-05-05T10:00:00Z,0.0,1.816502857142857,1.816502857142857,ALPHA_OUTSIDE_SIMPLEX,ALPHA_OUTSIDE_SIMPLEX
2026-05-05T10:15:00Z,2026-05-05T13:15:00+03:00,2026-05-05T10:00:00Z,0.0,1.5538514285714284,1.5538514285714284,ALPHA_OUTSIDE_SIMPLEX,ALPHA_OUTSIDE_SIMPLEX
2026-05-05T10:30:00Z,2026-05-05T13:30:00+03:00,2026-05-05T10:00:00Z,0.0006628571428571429,0.06681142857142858,0.06747428571428572,OK,OTHER_QH_IN_SAME_HOUR_INVALID
2026-05-05T10:45:00Z,2026-05-05T13:45:00+03:00,2026-05-05T10:00:00Z,0.004388571428571428,0.005897142857142857,0.010285714285714285,OK,OTHER_QH_IN_SAME_HOUR_INVALID
2026-05-05T15:00:00Z,2026-05-05T18:00:00+03:00,2026-05-05T15:00:00Z,0.0038171428571428575,0.020114285714285713,0.02393142857142857,OK,OTHER_QH_IN_SAME_HOUR_INVALID
2026-05-05T15:15:00Z,2026-05-05T18:15:00+03:00,2026-05-05T15:00:00Z,0.009805714285714286,0.003862857142857143,0.01366857142857143,OK,OTHER_QH_IN_SAME_HOUR_INVALID
2026-05-05T15:30:00Z,2026-05-05T18:30:00+03:00,2026-05-05T15:00:00Z,0.4510628571428572,0.0,0.4510628571428572,OK,OTHER_QH_IN_SAME_HOUR_INVALID
2026-05-05T15:45:00Z,2026-05-05T18:45:00+03:00,2026-05-05T15:00:00Z,1.0037714285714285,0.0,1.0037714285714285,ALPHA_OUTSIDE_SIMPLEX,ALPHA_OUTSIDE_SIMPLEX
2026-05-08T18:00:00Z,2026-05-08T21:00:00+03:00,2026-05-08T18:00:00Z,0.81568,0.0,0.81568,OK,OTHER_QH_IN_SAME_HOUR_INVALID
2026-05-08T18:15:00Z,2026-05-08T21:15:00+03:00,2026-05-08T18:00:00Z,1.4938742857142857,0.0,1.4938742857142857,ALPHA_OUTSIDE_SIMPLEX,ALPHA_OUTSIDE_SIMPLEX
2026-05-08T18:30:00Z,2026-05-08T21:30:00+03:00,2026-05-08T18:00:00Z,0.8533257142857142,0.0,0.8533257142857142,OK,OTHER_QH_IN_SAME_HOUR_INVALID
2026-05-08T18:45:00Z,2026-05-08T21:45:00+03:00,2026-05-08T18:00:00Z,1.7650742857142856,0.0,1.7650742857142856,ALPHA_OUTSIDE_SIMPLEX,ALPHA_OUTSIDE_SIMPLEX
2026-05-08T21:00:00Z,2026-05-09T00:00:00+03:00,2026-05-08T21:00:00Z,0.5051657142857142,0.0,0.5051657142857142,OK,OTHER_QH_IN_SAME_HOUR_INVALID
2026-05-08T21:15:00Z,2026-05-09T00:15:00+03:00,2026-05-08T21:00:00Z,1.0486628571428571,0.0,1.0486628571428571,ALPHA_OUTSIDE_SIMPLEX,ALPHA_OUTSIDE_SIMPLEX
2026-05-08T21:30:00Z,2026-05-09T00:30:00+03:00,2026-05-08T21:00:00Z,1.0280457142857142,0.0,1.0280457142857142,ALPHA_OUTSIDE_SIMPLEX,ALPHA_OUTSIDE_SIMPLEX
2026-05-08T21:45:00Z,2026-05-09T00:45:00+03:00,2026-05-08T21:00:00Z,0.6994742857142857,0.0,0.6994742857142857,OK,OTHER_QH_IN_SAME_HOUR_INVALID
2026-05-10T23:00:00Z,2026-05-11T02:00:00+03:00,2026-05-10T23:00:00Z,,,,ALPHA_UNCOMPUTABLE,ALPHA_UNCOMPUTABLE
2026-05-10T23:15:00Z,2026-05-11T02:15:00+03:00,2026-05-10T23:00:00Z,0.3392228571428571,0.0004114285714285714,0.33963428571428567,OK,OTHER_QH_IN_SAME_HOUR_INVALID
2026-05-10T23:30:00Z,2026-05-11T02:30:00+03:00,2026-05-10T23:00:00Z,0.0,0.03769142857142857,0.03769142857142857,OK,OTHER_QH_IN_SAME_HOUR_INVALID
2026-05-10T23:45:00Z,2026-05-11T02:45:00+03:00,2026-05-10T23:00:00Z,0.015062857142857143,0.005851428571428572,0.020914285714285715,OK,OTHER_QH_IN_SAME_HOUR_INVALID
2026-05-11T06:00:00Z,2026-05-11T09:00:00+03:00,2026-05-11T06:00:00Z,0.0,0.6818057142857143,0.6818057142857143,OK,OTHER_QH_IN_SAME_HOUR_INVALID
2026-05-11T06:15:00Z,2026-05-11T09:15:00+03:00,2026-05-11T06:00:00Z,0.0,0.7831085714285715,0.7831085714285715,OK,OTHER_QH_IN_SAME_HOUR_INVALID
2026-05-11T06:30:00Z,2026-05-11T09:30:00+03:00,2026-05-11T06:00:00Z,0.0,1.14864,1.14864,ALPHA_OUTSIDE_SIMPLEX,ALPHA_OUTSIDE_SIMPLEX
2026-05-11T06:45:00Z,2026-05-11T09:45:00+03:00,2026-05-11T06:00:00Z,0.0,1.0277714285714286,1.0277714285714286,ALPHA_OUTSIDE_SIMPLEX,ALPHA_OUTSIDE_SIMPLEX
2026-05-11T12:00:00Z,2026-05-11T15:00:00+03:00,2026-05-11T12:00:00Z,0.0,1.1605485714285715,1.1605485714285715,ALPHA_OUTSIDE_SIMPLEX,ALPHA_OUTSIDE_SIMPLEX
2026-05-11T12:15:00Z,2026-05-11T15:15:00+03:00,2026-05-11T12:00:00Z,0.0,1.0706057142857142,1.0706057142857142,ALPHA_OUTSIDE_SIMPLEX,ALPHA_OUTSIDE_SIMPLEX
2026-05-11T12:30:00Z,2026-05-11T15:30:00+03:00,2026-05-11T12:00:00Z,0.00013714285714285713,0.33305142857142855,0.3331885714285714,OK,OTHER_QH_IN_SAME_HOUR_INVALID
2026-05-11T12:45:00Z,2026-05-11T15:45:00+03:00,2026-05-11T12:00:00Z,0.00029714285714285715,0.14192,0.14221714285714285,OK,OTHER_QH_IN_SAME_HOUR_INVALID
2026-05-12T10:00:00Z,2026-05-12T13:00:00+03:00,2026-05-12T10:00:00Z,0.010377142857142857,0.004594285714285715,0.014971428571428573,OK,OTHER_QH_IN_SAME_HOUR_INVALID
2026-05-12T10:15:00Z,2026-05-12T13:15:00+03:00,2026-05-12T10:00:00Z,0.0011885714285714286,0.21545142857142857,0.21664,OK,OTHER_QH_IN_SAME_HOUR_INVALID
2026-05-12T10:30:00Z,2026-05-12T13:30:00+03:00,2026-05-12T10:00:00Z,0.0,0.4566857142857143,0.4566857142857143,OK,OTHER_QH_IN_SAME_HOUR_INVALID
2026-05-12T10:45:00Z,2026-05-12T13:45:00+03:00,2026-05-12T10:00:00Z,0.0,1.57552,1.57552,ALPHA_OUTSIDE_SIMPLEX,ALPHA_OUTSIDE_SIMPLEX
2026-05-12T11:00:00Z,2026-05-12T14:00:00+03:00,2026-05-12T11:00:00Z,0.0,0.9474285714285715,0.9474285714285715,OK,OTHER_QH_IN_SAME_HOUR_INVALID
2026-05-12T11:15:00Z,2026-05-12T14:15:00+03:00,2026-05-12T11:00:00Z,0.0,0.13663999999999998,0.13663999999999998,OK,OTHER_QH_IN_SAME_HOUR_INVALID
2026-05-12T11:30:00Z,2026-05-12T14:30:00+03:00,2026-05-12T11:00:00Z,0.0,0.0912,0.0912,OK,OTHER_QH_IN_SAME_HOUR_INVALID
2026-05-12T11:45:00Z,2026-05-12T14:45:00+03:00,2026-05-12T11:00:00Z,0.0,1.0357257142857144,1.0357257142857144,ALPHA_OUTSIDE_SIMPLEX,ALPHA_OUTSIDE_SIMPLEX
2026-05-12T12:00:00Z,2026-05-12T15:00:00+03:00,2026-05-12T12:00:00Z,0.0,0.5786742857142857,0.5786742857142857,OK,OTHER_QH_IN_SAME_HOUR_INVALID
2026-05-12T12:15:00Z,2026-05-12T15:15:00+03:00,2026-05-12T12:00:00Z,0.0,0.7236571428571429,0.7236571428571429,OK,OTHER_QH_IN_SAME_HOUR_INVALID
2026-05-12T12:30:00Z,2026-05-12T15:30:00+03:00,2026-05-12T12:00:00Z,0.0,1.8835657142857145,1.8835657142857145,ALPHA_OUTSIDE_SIMPLEX,ALPHA_OUTSIDE_SIMPLEX
2026-05-12T12:45:00Z,2026-05-12T15:45:00+03:00,2026-05-12T12:00:00Z,0.0,2.059862857142857,2.059862857142857,ALPHA_OUTSIDE_SIMPLEX,ALPHA_OUTSIDE_SIMPLEX
2026-05-12T18:00:00Z,2026-05-12T21:00:00+03:00,2026-05-12T18:00:00Z,0.0,0.13078857142857145,0.13078857142857145,OK,OTHER_QH_IN_SAME_HOUR_INVALID
2026-05-12T18:15:00Z,2026-05-12T21:15:00+03:00,2026-05-12T18:00:00Z,0.0015771428571428573,0.003702857142857143,0.00528,OK,OTHER_QH_IN_SAME_HOUR_INVALID
2026-05-12T18:30:00Z,2026-05-12T21:30:00+03:00,2026-05-12T18:00:00Z,0.0005485714285714285,0.39309714285714287,0.3936457142857143,OK,OTHER_QH_IN_SAME_HOUR_INVALID
2026-05-12T18:45:00Z,2026-05-12T21:45:00+03:00,2026-05-12T18:00:00Z,0.0,1.0340342857142857,1.0340342857142857,ALPHA_OUTSIDE_SIMPLEX,ALPHA_OUTSIDE_SIMPLEX
2026-05-13T11:00:00Z,2026-05-13T14:00:00+03:00,2026-05-13T11:00:00Z,0.0,0.09558857142857144,0.09558857142857144,OK,OTHER_QH_IN_SAME_HOUR_INVALID
2026-05-13T11:15:00Z,2026-05-13T14:15:00+03:00,2026-05-13T11:00:00Z,0.00022857142857142857,0.5107657142857143,0.5109942857142857,OK,OTHER_QH_IN_SAME_HOUR_INVALID
2026-05-13T11:30:00Z,2026-05-13T14:30:00+03:00,2026-05-13T11:00:00Z,0.0,1.1522057142857143,1.1522057142857143,ALPHA_OUTSIDE_SIMPLEX,ALPHA_OUTSIDE_SIMPLEX
2026-05-13T11:45:00Z,2026-05-13T14:45:00+03:00,2026-05-13T11:00:00Z,0.0,0.47648,0.47648,OK,OTHER_QH_IN_SAME_HOUR_INVALID
2026-05-14T08:00:00Z,2026-05-14T11:00:00+03:00,2026-05-14T08:00:00Z,0.003954285714285714,0.06299428571428571,0.06694857142857143,OK,OTHER_QH_IN_SAME_HOUR_INVALID
2026-05-14T08:15:00Z,2026-05-14T11:15:00+03:00,2026-05-14T08:00:00Z,0.0006628571428571429,0.014285714285714285,0.014948571428571427,OK,OTHER_QH_IN_SAME_HOUR_INVALID
2026-05-14T08:30:00Z,2026-05-14T11:30:00+03:00,2026-05-14T08:00:00Z,0.0,0.6130285714285715,0.6130285714285715,OK,OTHER_QH_IN_SAME_HOUR_INVALID
2026-05-14T08:45:00Z,2026-05-14T11:45:00+03:00,2026-05-14T08:00:00Z,0.0,1.071017142857143,1.071017142857143,ALPHA_OUTSIDE_SIMPLEX,ALPHA_OUTSIDE_SIMPLEX
2026-05-14T18:00:00Z,2026-05-14T21:00:00+03:00,2026-05-14T18:00:00Z,0.7643428571428571,0.0,0.7643428571428571,OK,OTHER_QH_IN_SAME_HOUR_INVALID
2026-05-14T18:15:00Z,2026-05-14T21:15:00+03:00,2026-05-14T18:00:00Z,0.7471771428571429,0.0,0.7471771428571429,OK,OTHER_QH_IN_SAME_HOUR_INVALID
2026-05-14T18:30:00Z,2026-05-14T21:30:00+03:00,2026-05-14T18:00:00Z,0.7225142857142857,0.0,0.7225142857142857,OK,OTHER_QH_IN_SAME_HOUR_INVALID
2026-05-14T18:45:00Z,2026-05-14T21:45:00+03:00,2026-05-14T18:00:00Z,1.3879085714285713,0.0,1.3879085714285713,ALPHA_OUTSIDE_SIMPLEX,ALPHA_OUTSIDE_SIMPLEX
2026-05-14T19:00:00Z,2026-05-14T22:00:00+03:00,2026-05-14T19:00:00Z,1.7130742857142858,0.0,1.7130742857142858,ALPHA_OUTSIDE_SIMPLEX,ALPHA_OUTSIDE_SIMPLEX
2026-05-14T19:15:00Z,2026-05-14T22:15:00+03:00,2026-05-14T19:00:00Z,1.8327085714285714,0.0,1.8327085714285714,ALPHA_OUTSIDE_SIMPLEX,ALPHA_OUTSIDE_SIMPLEX
2026-05-14T19:30:00Z,2026-05-14T22:30:00+03:00,2026-05-14T19:00:00Z,0.2418057142857143,0.0013942857142857142,0.2432,OK,OTHER_QH_IN_SAME_HOUR_INVALID
2026-05-14T19:45:00Z,2026-05-14T22:45:00+03:00,2026-05-14T19:00:00Z,0.017302857142857144,0.009645714285714285,0.02694857142857143,OK,OTHER_QH_IN_SAME_HOUR_INVALID
2026-05-16T21:00:00Z,2026-05-17T00:00:00+03:00,2026-05-16T21:00:00Z,0.0,0.3533485714285714,0.3533485714285714,OK,OTHER_QH_IN_SAME_HOUR_INVALID
2026-05-16T21:15:00Z,2026-05-17T00:15:00+03:00,2026-05-16T21:00:00Z,0.0,0.9421942857142857,0.9421942857142857,OK,OTHER_QH_IN_SAME_HOUR_INVALID
2026-05-16T21:30:00Z,2026-05-17T00:30:00+03:00,2026-05-16T21:00:00Z,0.0,1.0698057142857142,1.0698057142857142,ALPHA_OUTSIDE_SIMPLEX,ALPHA_OUTSIDE_SIMPLEX
2026-05-16T21:45:00Z,2026-05-17T00:45:00+03:00,2026-05-16T21:00:00Z,0.0,0.38528,0.38528,OK,OTHER_QH_IN_SAME_HOUR_INVALID
2026-05-17T05:00:00Z,2026-05-17T08:00:00+03:00,2026-05-17T05:00:00Z,0.0,0.5689371428571428,0.5689371428571428,OK,OTHER_QH_IN_SAME_HOUR_INVALID
2026-05-17T05:15:00Z,2026-05-17T08:15:00+03:00,2026-05-17T05:00:00Z,0.0,1.2546742857142859,1.2546742857142859,ALPHA_OUTSIDE_SIMPLEX,ALPHA_OUTSIDE_SIMPLEX
2026-05-17T05:30:00Z,2026-05-17T08:30:00+03:00,2026-05-17T05:00:00Z,0.0,0.5221485714285714,0.5221485714285714,OK,OTHER_QH_IN_SAME_HOUR_INVALID
2026-05-17T05:45:00Z,2026-05-17T08:45:00+03:00,2026-05-17T05:00:00Z,0.0,0.5526171428571428,0.5526171428571428,OK,OTHER_QH_IN_SAME_HOUR_INVALID
2026-05-17T07:00:00Z,2026-05-17T10:00:00+03:00,2026-05-17T07:00:00Z,0.0,0.3485714285714286,0.3485714285714286,OK,OTHER_QH_IN_SAME_HOUR_INVALID
2026-05-17T07:15:00Z,2026-05-17T10:15:00+03:00,2026-05-17T07:00:00Z,0.0,0.3736,0.3736,OK,OTHER_QH_IN_SAME_HOUR_INVALID
2026-05-17T07:30:00Z,2026-05-17T10:30:00+03:00,2026-05-17T07:00:00Z,0.0,0.5952228571428572,0.5952228571428572,OK,OTHER_QH_IN_SAME_HOUR_INVALID
2026-05-17T07:45:00Z,2026-05-17T10:45:00+03:00,2026-05-17T07:00:00Z,0.0,1.2418057142857144,1.2418057142857144,ALPHA_OUTSIDE_SIMPLEX,ALPHA_OUTSIDE_SIMPLEX
2026-05-17T08:00:00Z,2026-05-17T11:00:00+03:00,2026-05-17T08:00:00Z,0.0,1.4294399999999998,1.4294399999999998,ALPHA_OUTSIDE_SIMPLEX,ALPHA_OUTSIDE_SIMPLEX
2026-05-17T08:15:00Z,2026-05-17T11:15:00+03:00,2026-05-17T08:00:00Z,0.0,0.4553142857142857,0.4553142857142857,OK,OTHER_QH_IN_SAME_HOUR_INVALID
2026-05-17T08:30:00Z,2026-05-17T11:30:00+03:00,2026-05-17T08:00:00Z,0.0,0.42678857142857146,0.42678857142857146,OK,OTHER_QH_IN_SAME_HOUR_INVALID
2026-05-17T08:45:00Z,2026-05-17T11:45:00+03:00,2026-05-17T08:00:00Z,0.0010742857142857143,0.04438857142857143,0.045462857142857145,OK,OTHER_QH_IN_SAME_HOUR_INVALID
2026-05-17T18:00:00Z,2026-05-17T21:00:00+03:00,2026-05-17T18:00:00Z,1.011817142857143,0.0,1.011817142857143,ALPHA_OUTSIDE_SIMPLEX,ALPHA_OUTSIDE_SIMPLEX
2026-05-17T18:15:00Z,2026-05-17T21:15:00+03:00,2026-05-17T18:00:00Z,2.0513371428571427,0.0,2.0513371428571427,ALPHA_OUTSIDE_SIMPLEX,ALPHA_OUTSIDE_SIMPLEX
2026-05-17T18:30:00Z,2026-05-17T21:30:00+03:00,2026-05-17T18:00:00Z,1.821942857142857,0.0,1.821942857142857,ALPHA_OUTSIDE_SIMPLEX,ALPHA_OUTSIDE_SIMPLEX
2026-05-17T18:45:00Z,2026-05-17T21:45:00+03:00,2026-05-17T18:00:00Z,0.08448,0.0017828571428571429,0.08626285714285714,OK,OTHER_QH_IN_SAME_HOUR_INVALID
2026-05-18T09:00:00Z,2026-05-18T12:00:00+03:00,2026-05-18T09:00:00Z,0.0,1.06992,1.06992,ALPHA_OUTSIDE_SIMPLEX,ALPHA_OUTSIDE_SIMPLEX
2026-05-18T09:15:00Z,2026-05-18T12:15:00+03:00,2026-05-18T09:00:00Z,0.0,1.0433142857142859,1.0433142857142859,ALPHA_OUTSIDE_SIMPLEX,ALPHA_OUTSIDE_SIMPLEX
2026-05-18T09:30:00Z,2026-05-18T12:30:00+03:00,2026-05-18T09:00:00Z,0.0,0.5322971428571429,0.5322971428571429,OK,OTHER_QH_IN_SAME_HOUR_INVALID
2026-05-18T09:45:00Z,2026-05-18T12:45:00+03:00,2026-05-18T09:00:00Z,0.0005485714285714285,0.24585142857142858,0.2464,OK,OTHER_QH_IN_SAME_HOUR_INVALID
2026-05-19T05:00:00Z,2026-05-19T08:00:00+03:00,2026-05-19T05:00:00Z,1.1139885714285716,0.0,1.1139885714285716,ALPHA_OUTSIDE_SIMPLEX,ALPHA_OUTSIDE_SIMPLEX
2026-05-19T05:15:00Z,2026-05-19T08:15:00+03:00,2026-05-19T05:00:00Z,0.7276342857142857,0.0,0.7276342857142857,OK,OTHER_QH_IN_SAME_HOUR_INVALID
2026-05-19T05:30:00Z,2026-05-19T08:30:00+03:00,2026-05-19T05:00:00Z,0.312,0.0,0.312,OK,OTHER_QH_IN_SAME_HOUR_INVALID
2026-05-19T05:45:00Z,2026-05-19T08:45:00+03:00,2026-05-19T05:00:00Z,0.01046857142857143,0.11725714285714285,0.12772571428571428,OK,OTHER_QH_IN_SAME_HOUR_INVALID
2026-05-19T14:00:00Z,2026-05-19T17:00:00+03:00,2026-05-19T14:00:00Z,0.4661485714285714,0.0,0.4661485714285714,OK,OTHER_QH_IN_SAME_HOUR_INVALID
2026-05-19T14:15:00Z,2026-05-19T17:15:00+03:00,2026-05-19T14:00:00Z,1.1021485714285715,0.0,1.1021485714285715,ALPHA_OUTSIDE_SIMPLEX,ALPHA_OUTSIDE_SIMPLEX
2026-05-19T14:30:00Z,2026-05-19T17:30:00+03:00,2026-05-19T14:00:00Z,0.30850285714285713,0.0,0.30850285714285713,OK,OTHER_QH_IN_SAME_HOUR_INVALID
2026-05-19T14:45:00Z,2026-05-19T17:45:00+03:00,2026-05-19T14:00:00Z,0.18354285714285712,0.0011885714285714286,0.18473142857142855,OK,OTHER_QH_IN_SAME_HOUR_INVALID
2026-05-19T15:00:00Z,2026-05-19T18:00:00+03:00,2026-05-19T15:00:00Z,0.0,1.0999314285714286,1.0999314285714286,ALPHA_OUTSIDE_SIMPLEX,ALPHA_OUTSIDE_SIMPLEX
2026-05-19T15:15:00Z,2026-05-19T18:15:00+03:00,2026-05-19T15:00:00Z,0.002331428571428571,0.03460571428571429,0.03693714285714286,OK,OTHER_QH_IN_SAME_HOUR_INVALID
2026-05-19T15:30:00Z,2026-05-19T18:30:00+03:00,2026-05-19T15:00:00Z,0.07172571428571428,0.0036342857142857145,0.07536,OK,OTHER_QH_IN_SAME_HOUR_INVALID
2026-05-19T15:45:00Z,2026-05-19T18:45:00+03:00,2026-05-19T15:00:00Z,0.10900571428571429,0.004022857142857142,0.11302857142857144,OK,OTHER_QH_IN_SAME_HOUR_INVALID
2026-05-20T05:00:00Z,2026-05-20T08:00:00+03:00,2026-05-20T05:00:00Z,0.9150857142857142,0.0,0.9150857142857142,OK,OTHER_QH_IN_SAME_HOUR_INVALID
2026-05-20T05:15:00Z,2026-05-20T08:15:00+03:00,2026-05-20T05:00:00Z,1.6063542857142858,0.0,1.6063542857142858,ALPHA_OUTSIDE_SIMPLEX,ALPHA_OUTSIDE_SIMPLEX
2026-05-20T05:30:00Z,2026-05-20T08:30:00+03:00,2026-05-20T05:00:00Z,1.09104,0.0,1.09104,ALPHA_OUTSIDE_SIMPLEX,ALPHA_OUTSIDE_SIMPLEX
2026-05-20T05:45:00Z,2026-05-20T08:45:00+03:00,2026-05-20T05:00:00Z,0.012091428571428572,0.003337142857142857,0.01542857142857143,OK,OTHER_QH_IN_SAME_HOUR_INVALID
2026-05-21T09:00:00Z,2026-05-21T12:00:00+03:00,2026-05-21T09:00:00Z,0.0,1.1563428571428571,1.1563428571428571,ALPHA_OUTSIDE_SIMPLEX,ALPHA_OUTSIDE_SIMPLEX
2026-05-21T09:15:00Z,2026-05-21T12:15:00+03:00,2026-05-21T09:00:00Z,0.0027885714285714285,0.0152,0.01798857142857143,OK,OTHER_QH_IN_SAME_HOUR_INVALID
2026-05-21T09:30:00Z,2026-05-21T12:30:00+03:00,2026-05-21T09:00:00Z,0.00608,0.006377142857142858,0.012457142857142858,OK,OTHER_QH_IN_SAME_HOUR_INVALID
2026-05-21T09:45:00Z,2026-05-21T12:45:00+03:00,2026-05-21T09:00:00Z,0.008777142857142857,0.02697142857142857,0.03574857142857143,OK,OTHER_QH_IN_SAME_HOUR_INVALID
2026-05-21T11:00:00Z,2026-05-21T14:00:00+03:00,2026-05-21T11:00:00Z,0.75344,0.0,0.75344,OK,OTHER_QH_IN_SAME_HOUR_INVALID
2026-05-21T11:15:00Z,2026-05-21T14:15:00+03:00,2026-05-21T11:00:00Z,0.9916342857142857,0.0,0.9916342857142857,OK,OTHER_QH_IN_SAME_HOUR_INVALID
2026-05-21T11:30:00Z,2026-05-21T14:30:00+03:00,2026-05-21T11:00:00Z,1.17936,0.0,1.17936,ALPHA_OUTSIDE_SIMPLEX,ALPHA_OUTSIDE_SIMPLEX
2026-05-21T11:45:00Z,2026-05-21T14:45:00+03:00,2026-05-21T11:00:00Z,0.4730514285714286,0.0005942857142857143,0.47364571428571434,OK,OTHER_QH_IN_SAME_HOUR_INVALID
2026-05-21T12:00:00Z,2026-05-21T15:00:00+03:00,2026-05-21T12:00:00Z,0.01238857142857143,0.009942857142857142,0.02233142857142857,OK,OTHER_QH_IN_SAME_HOUR_INVALID
2026-05-21T12:15:00Z,2026-05-21T15:15:00+03:00,2026-05-21T12:00:00Z,0.0,1.0133714285714286,1.0133714285714286,ALPHA_OUTSIDE_SIMPLEX,ALPHA_OUTSIDE_SIMPLEX
2026-05-21T12:30:00Z,2026-05-21T15:30:00+03:00,2026-05-21T12:00:00Z,0.005211428571428572,0.37492571428571425,0.38013714285714284,OK,OTHER_QH_IN_SAME_HOUR_INVALID
2026-05-21T12:45:00Z,2026-05-21T15:45:00+03:00,2026-05-21T12:00:00Z,0.0,0.5341942857142857,0.5341942857142857,OK,OTHER_QH_IN_SAME_HOUR_INVALID
2026-05-21T13:00:00Z,2026-05-21T16:00:00+03:00,2026-05-21T13:00:00Z,0.0,0.19730285714285714,0.19730285714285714,OK,OTHER_QH_IN_SAME_HOUR_INVALID
2026-05-21T13:15:00Z,2026-05-21T16:15:00+03:00,2026-05-21T13:00:00Z,0.0,1.533737142857143,1.533737142857143,ALPHA_OUTSIDE_SIMPLEX,ALPHA_OUTSIDE_SIMPLEX
2026-05-21T13:30:00Z,2026-05-21T16:30:00+03:00,2026-05-21T13:00:00Z,0.0,1.2952685714285714,1.2952685714285714,ALPHA_OUTSIDE_SIMPLEX,ALPHA_OUTSIDE_SIMPLEX
2026-05-21T13:45:00Z,2026-05-21T16:45:00+03:00,2026-05-21T13:00:00Z,0.014171428571428571,0.02781714285714286,0.04198857142857143,OK,OTHER_QH_IN_SAME_HOUR_INVALID
2026-05-21T16:00:00Z,2026-05-21T19:00:00+03:00,2026-05-21T16:00:00Z,0.0,1.4129142857142856,1.4129142857142856,ALPHA_OUTSIDE_SIMPLEX,ALPHA_OUTSIDE_SIMPLEX
2026-05-21T16:15:00Z,2026-05-21T19:15:00+03:00,2026-05-21T16:00:00Z,0.18982857142857143,0.11849142857142858,0.30832000000000004,OK,OTHER_QH_IN_SAME_HOUR_INVALID
2026-05-21T16:30:00Z,2026-05-21T19:30:00+03:00,2026-05-21T16:00:00Z,0.19917714285714286,0.0,0.19917714285714286,OK,OTHER_QH_IN_SAME_HOUR_INVALID
2026-05-21T16:45:00Z,2026-05-21T19:45:00+03:00,2026-05-21T16:00:00Z,0.17517714285714284,0.0,0.17517714285714284,OK,OTHER_QH_IN_SAME_HOUR_INVALID
2026-05-22T11:00:00Z,2026-05-22T14:00:00+03:00,2026-05-22T11:00:00Z,0.0,0.876137142857143,0.876137142857143,OK,OTHER_QH_IN_SAME_HOUR_INVALID
2026-05-22T11:15:00Z,2026-05-22T14:15:00+03:00,2026-05-22T11:00:00Z,0.0,0.7336457142857143,0.7336457142857143,OK,OTHER_QH_IN_SAME_HOUR_INVALID
2026-05-22T11:30:00Z,2026-05-22T14:30:00+03:00,2026-05-22T11:00:00Z,0.0,0.9230857142857143,0.9230857142857143,OK,OTHER_QH_IN_SAME_HOUR_INVALID
2026-05-22T11:45:00Z,2026-05-22T14:45:00+03:00,2026-05-22T11:00:00Z,0.0,1.1159542857142857,1.1159542857142857,ALPHA_OUTSIDE_SIMPLEX,ALPHA_OUTSIDE_SIMPLEX
2026-05-22T13:00:00Z,2026-05-22T16:00:00+03:00,2026-05-22T13:00:00Z,0.0,1.14528,1.14528,ALPHA_OUTSIDE_SIMPLEX,ALPHA_OUTSIDE_SIMPLEX
2026-05-22T13:15:00Z,2026-05-22T16:15:00+03:00,2026-05-22T13:00:00Z,0.0,1.6354742857142859,1.6354742857142859,ALPHA_OUTSIDE_SIMPLEX,ALPHA_OUTSIDE_SIMPLEX
2026-05-22T13:30:00Z,2026-05-22T16:30:00+03:00,2026-05-22T13:00:00Z,0.0,1.5634285714285716,1.5634285714285716,ALPHA_OUTSIDE_SIMPLEX,ALPHA_OUTSIDE_SIMPLEX
2026-05-22T13:45:00Z,2026-05-22T16:45:00+03:00,2026-05-22T13:00:00Z,0.0,0.23686857142857143,0.23686857142857143,OK,OTHER_QH_IN_SAME_HOUR_INVALID
2026-05-22T22:00:00Z,2026-05-23T01:00:00+03:00,2026-05-22T22:00:00Z,1.0442285714285715,0.0,1.0442285714285715,ALPHA_OUTSIDE_SIMPLEX,ALPHA_OUTSIDE_SIMPLEX
2026-05-22T22:15:00Z,2026-05-23T01:15:00+03:00,2026-05-22T22:00:00Z,0.5929371428571428,0.0,0.5929371428571428,OK,OTHER_QH_IN_SAME_HOUR_INVALID
2026-05-22T22:30:00Z,2026-05-23T01:30:00+03:00,2026-05-22T22:00:00Z,0.0944,0.0,0.0944,OK,OTHER_QH_IN_SAME_HOUR_INVALID
2026-05-22T22:45:00Z,2026-05-23T01:45:00+03:00,2026-05-22T22:00:00Z,0.36928,0.00029714285714285715,0.3695771428571429,OK,OTHER_QH_IN_SAME_HOUR_INVALID
2026-05-23T00:00:00Z,2026-05-23T03:00:00+03:00,2026-05-23T00:00:00Z,0.0,0.12896000000000002,0.12896000000000002,OK,OTHER_QH_IN_SAME_HOUR_INVALID
2026-05-23T00:15:00Z,2026-05-23T03:15:00+03:00,2026-05-23T00:00:00Z,,,,ALPHA_UNCOMPUTABLE,ALPHA_UNCOMPUTABLE
2026-05-23T00:30:00Z,2026-05-23T03:30:00+03:00,2026-05-23T00:00:00Z,4.5714285714285716e-05,0.2593142857142857,0.25936,OK,OTHER_QH_IN_SAME_HOUR_INVALID
2026-05-23T00:45:00Z,2026-05-23T03:45:00+03:00,2026-05-23T00:00:00Z,0.027360000000000002,0.0006171428571428571,0.02797714285714286,OK,OTHER_QH_IN_SAME_HOUR_INVALID
2026-05-23T07:00:00Z,2026-05-23T10:00:00+03:00,2026-05-23T07:00:00Z,0.3292114285714286,0.0,0.3292114285714286,OK,OTHER_QH_IN_SAME_HOUR_INVALID
2026-05-23T07:15:00Z,2026-05-23T10:15:00+03:00,2026-05-23T07:00:00Z,0.8164799999999999,0.0,0.8164799999999999,OK,OTHER_QH_IN_SAME_HOUR_INVALID
2026-05-23T07:30:00Z,2026-05-23T10:30:00+03:00,2026-05-23T07:00:00Z,0.024822857142857143,0.08754285714285714,0.11236571428571429,OK,OTHER_QH_IN_SAME_HOUR_INVALID
2026-05-23T07:45:00Z,2026-05-23T10:45:00+03:00,2026-05-23T07:00:00Z,0.0,1.2111314285714285,1.2111314285714285,ALPHA_OUTSIDE_SIMPLEX,ALPHA_OUTSIDE_SIMPLEX
2026-05-23T13:00:00Z,2026-05-23T16:00:00+03:00,2026-05-23T13:00:00Z,0.0,1.2608228571428572,1.2608228571428572,ALPHA_OUTSIDE_SIMPLEX,ALPHA_OUTSIDE_SIMPLEX
2026-05-23T13:15:00Z,2026-05-23T16:15:00+03:00,2026-05-23T13:00:00Z,0.0,1.1000457142857143,1.1000457142857143,ALPHA_OUTSIDE_SIMPLEX,ALPHA_OUTSIDE_SIMPLEX
2026-05-23T13:30:00Z,2026-05-23T16:30:00+03:00,2026-05-23T13:00:00Z,0.0,0.35321142857142857,0.35321142857142857,OK,OTHER_QH_IN_SAME_HOUR_INVALID
2026-05-23T13:45:00Z,2026-05-23T16:45:00+03:00,2026-05-23T13:00:00Z,0.00016,0.11161142857142857,0.11177142857142856,OK,OTHER_QH_IN_SAME_HOUR_INVALID
2026-05-23T14:00:00Z,2026-05-23T17:00:00+03:00,2026-05-23T14:00:00Z,0.0,1.5189942857142857,1.5189942857142857,ALPHA_OUTSIDE_SIMPLEX,ALPHA_OUTSIDE_SIMPLEX
2026-05-23T14:15:00Z,2026-05-23T17:15:00+03:00,2026-05-23T14:00:00Z,0.00029714285714285715,0.5594971428571429,0.5597942857142858,OK,OTHER_QH_IN_SAME_HOUR_INVALID
2026-05-23T14:30:00Z,2026-05-23T17:30:00+03:00,2026-05-23T14:00:00Z,0.03666285714285714,0.12770285714285715,0.16436571428571428,OK,OTHER_QH_IN_SAME_HOUR_INVALID
2026-05-23T14:45:00Z,2026-05-23T17:45:00+03:00,2026-05-23T14:00:00Z,0.06834285714285715,0.003954285714285714,0.07229714285714287,OK,OTHER_QH_IN_SAME_HOUR_INVALID
2026-05-23T16:00:00Z,2026-05-23T19:00:00+03:00,2026-05-23T16:00:00Z,0.12827428571428573,0.022377142857142856,0.15065142857142858,OK,OTHER_QH_IN_SAME_HOUR_INVALID
2026-05-23T16:15:00Z,2026-05-23T19:15:00+03:00,2026-05-23T16:00:00Z,0.6041828571428571,0.0,0.6041828571428571,OK,OTHER_QH_IN_SAME_HOUR_INVALID
2026-05-23T16:30:00Z,2026-05-23T19:30:00+03:00,2026-05-23T16:00:00Z,0.9070171428571429,0.0,0.9070171428571429,OK,OTHER_QH_IN_SAME_HOUR_INVALID
2026-05-23T16:45:00Z,2026-05-23T19:45:00+03:00,2026-05-23T16:00:00Z,1.1450514285714284,0.0,1.1450514285714284,ALPHA_OUTSIDE_SIMPLEX,ALPHA_OUTSIDE_SIMPLEX
2026-05-23T18:00:00Z,2026-05-23T21:00:00+03:00,2026-05-23T18:00:00Z,0.0005028571428571428,0.14948571428571428,0.14998857142857142,OK,OTHER_QH_IN_SAME_HOUR_INVALID
2026-05-23T18:15:00Z,2026-05-23T21:15:00+03:00,2026-05-23T18:00:00Z,0.2047085714285714,0.0019885714285714285,0.20669714285714283,OK,OTHER_QH_IN_SAME_HOUR_INVALID
2026-05-23T18:30:00Z,2026-05-23T21:30:00+03:00,2026-05-23T18:00:00Z,0.3282514285714286,0.0,0.3282514285714286,OK,OTHER_QH_IN_SAME_HOUR_INVALID
2026-05-23T18:45:00Z,2026-05-23T21:45:00+03:00,2026-05-23T18:00:00Z,1.4245028571428573,0.0,1.4245028571428573,ALPHA_OUTSIDE_SIMPLEX,ALPHA_OUTSIDE_SIMPLEX
2026-05-23T19:00:00Z,2026-05-23T22:00:00+03:00,2026-05-23T19:00:00Z,1.64064,0.0,1.64064,ALPHA_OUTSIDE_SIMPLEX,ALPHA_OUTSIDE_SIMPLEX
2026-05-23T19:15:00Z,2026-05-23T22:15:00+03:00,2026-05-23T19:00:00Z,0.9437028571428571,0.0,0.9437028571428571,OK,OTHER_QH_IN_SAME_HOUR_INVALID
2026-05-23T19:30:00Z,2026-05-23T22:30:00+03:00,2026-05-23T19:00:00Z,0.32866285714285715,0.0,0.32866285714285715,OK,OTHER_QH_IN_SAME_HOUR_INVALID
2026-05-23T19:45:00Z,2026-05-23T22:45:00+03:00,2026-05-23T19:00:00Z,1.6122285714285713,0.0,1.6122285714285713,ALPHA_OUTSIDE_SIMPLEX,ALPHA_OUTSIDE_SIMPLEX
2026-05-23T20:00:00Z,2026-05-23T23:00:00+03:00,2026-05-23T20:00:00Z,1.9395885714285714,0.0,1.9395885714285714,ALPHA_OUTSIDE_SIMPLEX,ALPHA_OUTSIDE_SIMPLEX
2026-05-23T20:15:00Z,2026-05-23T23:15:00+03:00,2026-05-23T20:00:00Z,1.9542857142857142,0.0,1.9542857142857142,ALPHA_OUTSIDE_SIMPLEX,ALPHA_OUTSIDE_SIMPLEX
2026-05-23T20:30:00Z,2026-05-23T23:30:00+03:00,2026-05-23T20:00:00Z,1.9953828571428571,0.0,1.9953828571428571,ALPHA_OUTSIDE_SIMPLEX,ALPHA_OUTSIDE_SIMPLEX
2026-05-23T20:45:00Z,2026-05-23T23:45:00+03:00,2026-05-23T20:00:00Z,2.1081828571428574,0.0,2.1081828571428574,ALPHA_OUTSIDE_SIMPLEX,ALPHA_OUTSIDE_SIMPLEX
2026-05-23T21:00:00Z,2026-05-24T00:00:00+03:00,2026-05-23T21:00:00Z,1.5434057142857143,0.0,1.5434057142857143,ALPHA_OUTSIDE_SIMPLEX,ALPHA_OUTSIDE_SIMPLEX
2026-05-23T21:15:00Z,2026-05-24T00:15:00+03:00,2026-05-23T21:00:00Z,0.06105142857142857,0.13730285714285714,0.1983542857142857,OK,OTHER_QH_IN_SAME_HOUR_INVALID
2026-05-23T21:30:00Z,2026-05-24T00:30:00+03:00,2026-05-23T21:00:00Z,0.0,0.29856,0.29856,OK,OTHER_QH_IN_SAME_HOUR_INVALID
2026-05-23T21:45:00Z,2026-05-24T00:45:00+03:00,2026-05-23T21:00:00Z,0.0,0.8765485714285713,0.8765485714285713,OK,OTHER_QH_IN_SAME_HOUR_INVALID
2026-05-25T10:00:00Z,2026-05-25T13:00:00+03:00,2026-05-25T10:00:00Z,1.4015314285714287,0.0,1.4015314285714287,ALPHA_OUTSIDE_SIMPLEX,ALPHA_OUTSIDE_SIMPLEX
2026-05-25T10:15:00Z,2026-05-25T13:15:00+03:00,2026-05-25T10:00:00Z,1.5714742857142856,0.0,1.5714742857142856,ALPHA_OUTSIDE_SIMPLEX,ALPHA_OUTSIDE_SIMPLEX
2026-05-25T10:30:00Z,2026-05-25T13:30:00+03:00,2026-05-25T10:00:00Z,0.18208,0.0,0.18208,OK,OTHER_QH_IN_SAME_HOUR_INVALID
2026-05-25T10:45:00Z,2026-05-25T13:45:00+03:00,2026-05-25T10:00:00Z,0.26130285714285717,0.0,0.26130285714285717,OK,OTHER_QH_IN_SAME_HOUR_INVALID
2026-05-25T17:00:00Z,2026-05-25T20:00:00+03:00,2026-05-25T17:00:00Z,0.6260571428571429,0.0,0.6260571428571429,OK,OTHER_QH_IN_SAME_HOUR_INVALID
2026-05-25T17:15:00Z,2026-05-25T20:15:00+03:00,2026-05-25T17:00:00Z,1.3972114285714285,0.0,1.3972114285714285,ALPHA_OUTSIDE_SIMPLEX,ALPHA_OUTSIDE_SIMPLEX
2026-05-25T17:30:00Z,2026-05-25T20:30:00+03:00,2026-05-25T17:00:00Z,0.65952,0.0,0.65952,OK,OTHER_QH_IN_SAME_HOUR_INVALID
2026-05-25T17:45:00Z,2026-05-25T20:45:00+03:00,2026-05-25T17:00:00Z,0.11213714285714285,0.00022857142857142857,0.11236571428571428,OK,OTHER_QH_IN_SAME_HOUR_INVALID
2026-05-26T00:00:00Z,2026-05-26T03:00:00+03:00,2026-05-26T00:00:00Z,0.0,1.03504,1.03504,ALPHA_OUTSIDE_SIMPLEX,ALPHA_OUTSIDE_SIMPLEX
2026-05-26T00:15:00Z,2026-05-26T03:15:00+03:00,2026-05-26T00:00:00Z,0.0,1.4181257142857142,1.4181257142857142,ALPHA_OUTSIDE_SIMPLEX,ALPHA_OUTSIDE_SIMPLEX
2026-05-26T00:30:00Z,2026-05-26T03:30:00+03:00,2026-05-26T00:00:00Z,0.0,1.3356114285714287,1.3356114285714287,ALPHA_OUTSIDE_SIMPLEX,ALPHA_OUTSIDE_SIMPLEX
2026-05-26T00:45:00Z,2026-05-26T03:45:00+03:00,2026-05-26T00:00:00Z,0.0,0.8437028571428571,0.8437028571428571,OK,OTHER_QH_IN_SAME_HOUR_INVALID
2026-05-26T19:00:00Z,2026-05-26T22:00:00+03:00,2026-05-26T19:00:00Z,0.6118628571428572,0.0,0.6118628571428572,OK,OTHER_QH_IN_SAME_HOUR_INVALID
2026-05-26T19:15:00Z,2026-05-26T22:15:00+03:00,2026-05-26T19:00:00Z,1.0422857142857143,0.0,1.0422857142857143,ALPHA_OUTSIDE_SIMPLEX,ALPHA_OUTSIDE_SIMPLEX
2026-05-26T19:30:00Z,2026-05-26T22:30:00+03:00,2026-05-26T19:00:00Z,1.6325257142857144,0.0,1.6325257142857144,ALPHA_OUTSIDE_SIMPLEX,ALPHA_OUTSIDE_SIMPLEX
2026-05-26T19:45:00Z,2026-05-26T22:45:00+03:00,2026-05-26T19:00:00Z,0.28777142857142857,0.04443428571428571,0.33220571428571427,OK,OTHER_QH_IN_SAME_HOUR_INVALID
2026-05-27T15:00:00Z,2026-05-27T18:00:00+03:00,2026-05-27T15:00:00Z,0.028685714285714283,0.0005485714285714285,0.029234285714285713,OK,OTHER_QH_IN_SAME_HOUR_INVALID
2026-05-27T15:15:00Z,2026-05-27T18:15:00+03:00,2026-05-27T15:00:00Z,0.23453714285714283,0.007154285714285715,0.24169142857142856,OK,OTHER_QH_IN_SAME_HOUR_INVALID
2026-05-27T15:30:00Z,2026-05-27T18:30:00+03:00,2026-05-27T15:00:00Z,0.6178971428571429,0.0,0.6178971428571429,OK,OTHER_QH_IN_SAME_HOUR_INVALID
2026-05-27T15:45:00Z,2026-05-27T18:45:00+03:00,2026-05-27T15:00:00Z,1.2675885714285715,0.0,1.2675885714285715,ALPHA_OUTSIDE_SIMPLEX,ALPHA_OUTSIDE_SIMPLEX
2026-05-27T23:00:00Z,2026-05-28T02:00:00+03:00,2026-05-27T23:00:00Z,1.0249828571428572,0.0,1.0249828571428572,ALPHA_OUTSIDE_SIMPLEX,ALPHA_OUTSIDE_SIMPLEX
2026-05-27T23:15:00Z,2026-05-28T02:15:00+03:00,2026-05-27T23:00:00Z,0.7209142857142857,0.0,0.7209142857142857,OK,OTHER_QH_IN_SAME_HOUR_INVALID
2026-05-27T23:30:00Z,2026-05-28T02:30:00+03:00,2026-05-27T23:00:00Z,0.31613714285714284,0.0,0.31613714285714284,OK,OTHER_QH_IN_SAME_HOUR_INVALID
2026-05-27T23:45:00Z,2026-05-28T02:45:00+03:00,2026-05-27T23:00:00Z,1.2443428571428572,0.0,1.2443428571428572,ALPHA_OUTSIDE_SIMPLEX,ALPHA_OUTSIDE_SIMPLEX
2026-05-28T00:00:00Z,2026-05-28T03:00:00+03:00,2026-05-28T00:00:00Z,0.8954057142857142,0.0,0.8954057142857142,OK,OTHER_QH_IN_SAME_HOUR_INVALID
2026-05-28T00:15:00Z,2026-05-28T03:15:00+03:00,2026-05-28T00:00:00Z,1.517097142857143,0.0,1.517097142857143,ALPHA_OUTSIDE_SIMPLEX,ALPHA_OUTSIDE_SIMPLEX
2026-05-28T00:30:00Z,2026-05-28T03:30:00+03:00,2026-05-28T00:00:00Z,2.3517485714285713,0.0,2.3517485714285713,ALPHA_OUTSIDE_SIMPLEX,ALPHA_OUTSIDE_SIMPLEX
2026-05-28T00:45:00Z,2026-05-28T03:45:00+03:00,2026-05-28T00:00:00Z,2.028822857142857,0.0,2.028822857142857,ALPHA_OUTSIDE_SIMPLEX,ALPHA_OUTSIDE_SIMPLEX
2026-05-28T14:00:00Z,2026-05-28T17:00:00+03:00,2026-05-28T14:00:00Z,0.10656,0.11926857142857143,0.22582857142857143,OK,OTHER_QH_IN_SAME_HOUR_INVALID
2026-05-28T14:15:00Z,2026-05-28T17:15:00+03:00,2026-05-28T14:00:00Z,1.4503085714285715,0.0,1.4503085714285715,ALPHA_OUTSIDE_SIMPLEX,ALPHA_OUTSIDE_SIMPLEX
2026-05-28T14:30:00Z,2026-05-28T17:30:00+03:00,2026-05-28T14:00:00Z,0.77088,0.0,0.77088,OK,OTHER_QH_IN_SAME_HOUR_INVALID
2026-05-28T14:45:00Z,2026-05-28T17:45:00+03:00,2026-05-28T14:00:00Z,0.10628571428571429,0.0,0.10628571428571429,OK,OTHER_QH_IN_SAME_HOUR_INVALID
2026-05-28T18:00:00Z,2026-05-28T21:00:00+03:00,2026-05-28T18:00:00Z,1.0604114285714286,0.0,1.0604114285714286,ALPHA_OUTSIDE_SIMPLEX,ALPHA_OUTSIDE_SIMPLEX
2026-05-28T18:15:00Z,2026-05-28T21:15:00+03:00,2026-05-28T18:00:00Z,0.8302857142857144,0.0,0.8302857142857144,OK,OTHER_QH_IN_SAME_HOUR_INVALID
2026-05-28T18:30:00Z,2026-05-28T21:30:00+03:00,2026-05-28T18:00:00Z,0.06148571428571428,0.003748571428571429,0.06523428571428572,OK,OTHER_QH_IN_SAME_HOUR_INVALID
2026-05-28T18:45:00Z,2026-05-28T21:45:00+03:00,2026-05-28T18:00:00Z,0.0,0.2862857142857143,0.2862857142857143,OK,OTHER_QH_IN_SAME_HOUR_INVALID
2026-05-28T19:00:00Z,2026-05-28T22:00:00+03:00,2026-05-28T19:00:00Z,0.0,1.122262857142857,1.122262857142857,ALPHA_OUTSIDE_SIMPLEX,ALPHA_OUTSIDE_SIMPLEX
2026-05-28T19:15:00Z,2026-05-28T22:15:00+03:00,2026-05-28T19:00:00Z,0.0,1.0776228571428572,1.0776228571428572,ALPHA_OUTSIDE_SIMPLEX,ALPHA_OUTSIDE_SIMPLEX
2026-05-28T19:30:00Z,2026-05-28T22:30:00+03:00,2026-05-28T19:00:00Z,0.005302857142857143,0.36114285714285715,0.3664457142857143,OK,OTHER_QH_IN_SAME_HOUR_INVALID
2026-05-28T19:45:00Z,2026-05-28T22:45:00+03:00,2026-05-28T19:00:00Z,0.18226285714285714,0.07723428571428571,0.25949714285714287,OK,OTHER_QH_IN_SAME_HOUR_INVALID
2026-05-28T22:00:00Z,2026-05-29T01:00:00+03:00,2026-05-28T22:00:00Z,0.7210514285714286,0.0,0.7210514285714286,OK,OTHER_QH_IN_SAME_HOUR_INVALID
2026-05-28T22:15:00Z,2026-05-29T01:15:00+03:00,2026-05-28T22:00:00Z,0.9934171428571429,0.0,0.9934171428571429,OK,OTHER_QH_IN_SAME_HOUR_INVALID
2026-05-28T22:30:00Z,2026-05-29T01:30:00+03:00,2026-05-28T22:00:00Z,1.1346285714285715,0.0,1.1346285714285715,ALPHA_OUTSIDE_SIMPLEX,ALPHA_OUTSIDE_SIMPLEX
2026-05-28T22:45:00Z,2026-05-29T01:45:00+03:00,2026-05-28T22:00:00Z,0.9649828571428573,0.0,0.9649828571428573,OK,OTHER_QH_IN_SAME_HOUR_INVALID
2026-05-29T07:00:00Z,2026-05-29T10:00:00+03:00,2026-05-29T07:00:00Z,0.002742857142857143,0.4125714285714286,0.41531428571428575,OK,OTHER_QH_IN_SAME_HOUR_INVALID
2026-05-29T07:15:00Z,2026-05-29T10:15:00+03:00,2026-05-29T07:00:00Z,0.0,1.006217142857143,1.006217142857143,ALPHA_OUTSIDE_SIMPLEX,ALPHA_OUTSIDE_SIMPLEX
2026-05-29T07:30:00Z,2026-05-29T10:30:00+03:00,2026-05-29T07:00:00Z,0.0,0.39634285714285716,0.39634285714285716,OK,OTHER_QH_IN_SAME_HOUR_INVALID
2026-05-29T07:45:00Z,2026-05-29T10:45:00+03:00,2026-05-29T07:00:00Z,0.0,0.4017142857142857,0.4017142857142857,OK,OTHER_QH_IN_SAME_HOUR_INVALID
2026-05-29T17:00:00Z,2026-05-29T20:00:00+03:00,2026-05-29T17:00:00Z,0.5435657142857142,0.0,0.5435657142857142,OK,OTHER_QH_IN_SAME_HOUR_INVALID
2026-05-29T17:15:00Z,2026-05-29T20:15:00+03:00,2026-05-29T17:00:00Z,1.0408228571428573,0.0,1.0408228571428573,ALPHA_OUTSIDE_SIMPLEX,ALPHA_OUTSIDE_SIMPLEX
2026-05-29T17:30:00Z,2026-05-29T20:30:00+03:00,2026-05-29T17:00:00Z,1.166102857142857,0.0,1.166102857142857,ALPHA_OUTSIDE_SIMPLEX,ALPHA_OUTSIDE_SIMPLEX
2026-05-29T17:45:00Z,2026-05-29T20:45:00+03:00,2026-05-29T17:00:00Z,0.6126171428571429,0.0,0.6126171428571429,OK,OTHER_QH_IN_SAME_HOUR_INVALID
2026-05-30T06:00:00Z,2026-05-30T09:00:00+03:00,2026-05-30T06:00:00Z,1.2516800000000001,0.0,1.2516800000000001,ALPHA_OUTSIDE_SIMPLEX,ALPHA_OUTSIDE_SIMPLEX
2026-05-30T06:15:00Z,2026-05-30T09:15:00+03:00,2026-05-30T06:00:00Z,0.17812571428571428,0.060251428571428574,0.23837714285714284,OK,OTHER_QH_IN_SAME_HOUR_INVALID
2026-05-30T06:30:00Z,2026-05-30T09:30:00+03:00,2026-05-30T06:00:00Z,0.4910171428571428,0.033485714285714285,0.5245028571428572,OK,OTHER_QH_IN_SAME_HOUR_INVALID
2026-05-30T06:45:00Z,2026-05-30T09:45:00+03:00,2026-05-30T06:00:00Z,0.7232914285714286,0.0015314285714285716,0.7248228571428571,OK,OTHER_QH_IN_SAME_HOUR_INVALID
2026-05-30T11:00:00Z,2026-05-30T14:00:00+03:00,2026-05-30T11:00:00Z,1.3878171428571429,0.0,1.3878171428571429,ALPHA_OUTSIDE_SIMPLEX,ALPHA_OUTSIDE_SIMPLEX
2026-05-30T11:15:00Z,2026-05-30T14:15:00+03:00,2026-05-30T11:00:00Z,0.5755428571428571,0.0,0.5755428571428571,OK,OTHER_QH_IN_SAME_HOUR_INVALID
2026-05-30T11:30:00Z,2026-05-30T14:30:00+03:00,2026-05-30T11:00:00Z,0.14623999999999998,0.0,0.14623999999999998,OK,OTHER_QH_IN_SAME_HOUR_INVALID
2026-05-30T11:45:00Z,2026-05-30T14:45:00+03:00,2026-05-30T11:00:00Z,0.14045714285714284,0.00011428571428571428,0.14057142857142854,OK,OTHER_QH_IN_SAME_HOUR_INVALID
2026-05-30T13:00:00Z,2026-05-30T16:00:00+03:00,2026-05-30T13:00:00Z,0.005074285714285714,0.8063771428571429,0.8114514285714286,OK,OTHER_QH_IN_SAME_HOUR_INVALID
2026-05-30T13:15:00Z,2026-05-30T16:15:00+03:00,2026-05-30T13:00:00Z,0.0,1.0037942857142856,1.0037942857142856,ALPHA_OUTSIDE_SIMPLEX,ALPHA_OUTSIDE_SIMPLEX
2026-05-30T13:30:00Z,2026-05-30T16:30:00+03:00,2026-05-30T13:00:00Z,0.0,0.4074285714285714,0.4074285714285714,OK,OTHER_QH_IN_SAME_HOUR_INVALID
2026-05-30T13:45:00Z,2026-05-30T16:45:00+03:00,2026-05-30T13:00:00Z,0.0,0.5450057142857143,0.5450057142857143,OK,OTHER_QH_IN_SAME_HOUR_INVALID
2026-05-31T00:00:00Z,2026-05-31T03:00:00+03:00,2026-05-31T00:00:00Z,1.2618971428571428,0.0,1.2618971428571428,ALPHA_OUTSIDE_SIMPLEX,ALPHA_OUTSIDE_SIMPLEX
2026-05-31T00:15:00Z,2026-05-31T03:15:00+03:00,2026-05-31T00:00:00Z,1.45536,0.0,1.45536,ALPHA_OUTSIDE_SIMPLEX,ALPHA_OUTSIDE_SIMPLEX
2026-05-31T00:30:00Z,2026-05-31T03:30:00+03:00,2026-05-31T00:00:00Z,0.24985142857142856,0.0,0.24985142857142856,OK,OTHER_QH_IN_SAME_HOUR_INVALID
2026-05-31T00:45:00Z,2026-05-31T03:45:00+03:00,2026-05-31T00:00:00Z,0.006537142857142857,0.001302857142857143,0.00784,OK,OTHER_QH_IN_SAME_HOUR_INVALID
2026-05-31T02:00:00Z,2026-05-31T05:00:00+03:00,2026-05-31T02:00:00Z,1.1879085714285713,0.0,1.1879085714285713,ALPHA_OUTSIDE_SIMPLEX,ALPHA_OUTSIDE_SIMPLEX
2026-05-31T02:15:00Z,2026-05-31T05:15:00+03:00,2026-05-31T02:00:00Z,0.5116571428571429,0.0,0.5116571428571429,OK,OTHER_QH_IN_SAME_HOUR_INVALID
2026-05-31T02:30:00Z,2026-05-31T05:30:00+03:00,2026-05-31T02:00:00Z,0.029874285714285714,0.002605714285714286,0.03248,OK,OTHER_QH_IN_SAME_HOUR_INVALID
2026-05-31T02:45:00Z,2026-05-31T05:45:00+03:00,2026-05-31T02:00:00Z,0.28534857142857145,0.0,0.28534857142857145,OK,OTHER_QH_IN_SAME_HOUR_INVALID
2026-05-31T15:00:00Z,2026-05-31T18:00:00+03:00,2026-05-31T15:00:00Z,0.0,0.4444571428571429,0.4444571428571429,OK,OTHER_QH_IN_SAME_HOUR_INVALID
2026-05-31T15:15:00Z,2026-05-31T18:15:00+03:00,2026-05-31T15:00:00Z,0.003657142857142857,0.013554285714285713,0.017211428571428572,OK,OTHER_QH_IN_SAME_HOUR_INVALID
2026-05-31T15:30:00Z,2026-05-31T18:30:00+03:00,2026-05-31T15:00:00Z,6.857142857142857e-05,0.37369142857142856,0.37376,OK,OTHER_QH_IN_SAME_HOUR_INVALID
2026-05-31T15:45:00Z,2026-05-31T18:45:00+03:00,2026-05-31T15:00:00Z,0.0,1.0218971428571428,1.0218971428571428,ALPHA_OUTSIDE_SIMPLEX,ALPHA_OUTSIDE_SIMPLEX
2026-06-01T08:00:00Z,2026-06-01T11:00:00+03:00,2026-06-01T08:00:00Z,0.0,0.7957942857142858,0.7957942857142858,OK,OTHER_QH_IN_SAME_HOUR_INVALID
2026-06-01T08:15:00Z,2026-06-01T11:15:00+03:00,2026-06-01T08:00:00Z,0.0,0.8990171428571428,0.8990171428571428,OK,OTHER_QH_IN_SAME_HOUR_INVALID
2026-06-01T08:30:00Z,2026-06-01T11:30:00+03:00,2026-06-01T08:00:00Z,0.0,1.0944228571428571,1.0944228571428571,ALPHA_OUTSIDE_SIMPLEX,ALPHA_OUTSIDE_SIMPLEX
2026-06-01T08:45:00Z,2026-06-01T11:45:00+03:00,2026-06-01T08:00:00Z,0.0,0.5341028571428572,0.5341028571428572,OK,OTHER_QH_IN_SAME_HOUR_INVALID
2026-06-02T10:00:00Z,2026-06-02T13:00:00+03:00,2026-06-02T10:00:00Z,0.011542857142857143,0.08534857142857143,0.09689142857142857,OK,OTHER_QH_IN_SAME_HOUR_INVALID
2026-06-02T10:15:00Z,2026-06-02T13:15:00+03:00,2026-06-02T10:00:00Z,0.0,0.35956571428571427,0.35956571428571427,OK,OTHER_QH_IN_SAME_HOUR_INVALID
2026-06-02T10:30:00Z,2026-06-02T13:30:00+03:00,2026-06-02T10:00:00Z,0.0,0.5896457142857143,0.5896457142857143,OK,OTHER_QH_IN_SAME_HOUR_INVALID
2026-06-02T10:45:00Z,2026-06-02T13:45:00+03:00,2026-06-02T10:00:00Z,0.0,1.0580114285714286,1.0580114285714286,ALPHA_OUTSIDE_SIMPLEX,ALPHA_OUTSIDE_SIMPLEX
2026-06-02T11:00:00Z,2026-06-02T14:00:00+03:00,2026-06-02T11:00:00Z,0.0,0.6077028571428571,0.6077028571428571,OK,OTHER_QH_IN_SAME_HOUR_INVALID
2026-06-02T11:15:00Z,2026-06-02T14:15:00+03:00,2026-06-02T11:00:00Z,0.0,0.9766171428571427,0.9766171428571427,OK,OTHER_QH_IN_SAME_HOUR_INVALID
2026-06-02T11:30:00Z,2026-06-02T14:30:00+03:00,2026-06-02T11:00:00Z,0.0,1.39616,1.39616,ALPHA_OUTSIDE_SIMPLEX,ALPHA_OUTSIDE_SIMPLEX
2026-06-02T11:45:00Z,2026-06-02T14:45:00+03:00,2026-06-02T11:00:00Z,0.0,1.2032,1.2032,ALPHA_OUTSIDE_SIMPLEX,ALPHA_OUTSIDE_SIMPLEX
2026-06-02T18:00:00Z,2026-06-02T21:00:00+03:00,2026-06-02T18:00:00Z,0.42578285714285713,0.0,0.42578285714285713,OK,OTHER_QH_IN_SAME_HOUR_INVALID
2026-06-02T18:15:00Z,2026-06-02T21:15:00+03:00,2026-06-02T18:00:00Z,0.9584228571428571,0.0,0.9584228571428571,OK,OTHER_QH_IN_SAME_HOUR_INVALID
2026-06-02T18:30:00Z,2026-06-02T21:30:00+03:00,2026-06-02T18:00:00Z,1.3140342857142857,0.0,1.3140342857142857,ALPHA_OUTSIDE_SIMPLEX,ALPHA_OUTSIDE_SIMPLEX
2026-06-02T18:45:00Z,2026-06-02T21:45:00+03:00,2026-06-02T18:00:00Z,0.9186285714285713,0.0,0.9186285714285713,OK,OTHER_QH_IN_SAME_HOUR_INVALID
2026-06-02T19:00:00Z,2026-06-02T22:00:00+03:00,2026-06-02T19:00:00Z,1.5032,0.0,1.5032,ALPHA_OUTSIDE_SIMPLEX,ALPHA_OUTSIDE_SIMPLEX
2026-06-02T19:15:00Z,2026-06-02T22:15:00+03:00,2026-06-02T19:00:00Z,1.8239085714285717,0.0,1.8239085714285717,ALPHA_OUTSIDE_SIMPLEX,ALPHA_OUTSIDE_SIMPLEX
2026-06-02T19:30:00Z,2026-06-02T22:30:00+03:00,2026-06-02T19:00:00Z,0.16966857142857142,0.014171428571428571,0.18384,OK,OTHER_QH_IN_SAME_HOUR_INVALID
2026-06-02T19:45:00Z,2026-06-02T22:45:00+03:00,2026-06-02T19:00:00Z,0.04877714285714285,0.007565714285714286,0.05634285714285714,OK,OTHER_QH_IN_SAME_HOUR_INVALID
2026-06-04T07:00:00Z,2026-06-04T10:00:00+03:00,2026-06-04T07:00:00Z,0.10962285714285715,0.05243428571428572,0.16205714285714287,OK,OTHER_QH_IN_SAME_HOUR_INVALID
2026-06-04T07:15:00Z,2026-06-04T10:15:00+03:00,2026-06-04T07:00:00Z,9.142857142857143e-05,0.19558857142857144,0.19568000000000002,OK,OTHER_QH_IN_SAME_HOUR_INVALID
2026-06-04T07:30:00Z,2026-06-04T10:30:00+03:00,2026-06-04T07:00:00Z,1.0889828571428573,0.02486857142857143,1.1138514285714287,ALPHA_OUTSIDE_SIMPLEX,ALPHA_OUTSIDE_SIMPLEX
2026-06-04T07:45:00Z,2026-06-04T10:45:00+03:00,2026-06-04T07:00:00Z,0.08221714285714285,0.0074285714285714285,0.08964571428571427,OK,OTHER_QH_IN_SAME_HOUR_INVALID
2026-06-07T07:00:00Z,2026-06-07T10:00:00+03:00,2026-06-07T07:00:00Z,0.0013485714285714286,0.09385142857142857,0.0952,OK,OTHER_QH_IN_SAME_HOUR_INVALID
2026-06-07T07:15:00Z,2026-06-07T10:15:00+03:00,2026-06-07T07:00:00Z,0.0,0.6622171428571428,0.6622171428571428,OK,OTHER_QH_IN_SAME_HOUR_INVALID
2026-06-07T07:30:00Z,2026-06-07T10:30:00+03:00,2026-06-07T07:00:00Z,0.0,1.0493714285714284,1.0493714285714284,ALPHA_OUTSIDE_SIMPLEX,ALPHA_OUTSIDE_SIMPLEX
2026-06-07T07:45:00Z,2026-06-07T10:45:00+03:00,2026-06-07T07:00:00Z,0.0,0.8511314285714286,0.8511314285714286,OK,OTHER_QH_IN_SAME_HOUR_INVALID
2026-06-07T16:00:00Z,2026-06-07T19:00:00+03:00,2026-06-07T16:00:00Z,0.0,1.1602742857142858,1.1602742857142858,ALPHA_OUTSIDE_SIMPLEX,ALPHA_OUTSIDE_SIMPLEX
2026-06-07T16:15:00Z,2026-06-07T19:15:00+03:00,2026-06-07T16:00:00Z,0.004182857142857143,0.024914285714285715,0.029097142857142856,OK,OTHER_QH_IN_SAME_HOUR_INVALID
2026-06-07T16:30:00Z,2026-06-07T19:30:00+03:00,2026-06-07T16:00:00Z,0.08404571428571429,0.0013942857142857142,0.08544,OK,OTHER_QH_IN_SAME_HOUR_INVALID
2026-06-07T16:45:00Z,2026-06-07T19:45:00+03:00,2026-06-07T16:00:00Z,0.5307885714285715,0.0,0.5307885714285715,OK,OTHER_QH_IN_SAME_HOUR_INVALID
2026-06-09T06:00:00Z,2026-06-09T09:00:00+03:00,2026-06-09T06:00:00Z,0.0,0.5567085714285714,0.5567085714285714,OK,OTHER_QH_IN_SAME_HOUR_INVALID
2026-06-09T06:15:00Z,2026-06-09T09:15:00+03:00,2026-06-09T06:00:00Z,0.0,1.1107885714285715,1.1107885714285715,ALPHA_OUTSIDE_SIMPLEX,ALPHA_OUTSIDE_SIMPLEX
2026-06-09T06:30:00Z,2026-06-09T09:30:00+03:00,2026-06-09T06:00:00Z,0.0,0.43846857142857143,0.43846857142857143,OK,OTHER_QH_IN_SAME_HOUR_INVALID
2026-06-09T06:45:00Z,2026-06-09T09:45:00+03:00,2026-06-09T06:00:00Z,0.0,0.45814857142857146,0.45814857142857146,OK,OTHER_QH_IN_SAME_HOUR_INVALID
2026-06-09T09:00:00Z,2026-06-09T12:00:00+03:00,2026-06-09T09:00:00Z,0.0,1.0573714285714286,1.0573714285714286,ALPHA_OUTSIDE_SIMPLEX,ALPHA_OUTSIDE_SIMPLEX
2026-06-09T09:15:00Z,2026-06-09T12:15:00+03:00,2026-06-09T09:00:00Z,0.0,0.39049142857142854,0.39049142857142854,OK,OTHER_QH_IN_SAME_HOUR_INVALID
2026-06-09T09:30:00Z,2026-06-09T12:30:00+03:00,2026-06-09T09:00:00Z,0.0,0.3146971428571429,0.3146971428571429,OK,OTHER_QH_IN_SAME_HOUR_INVALID
2026-06-09T09:45:00Z,2026-06-09T12:45:00+03:00,2026-06-09T09:00:00Z,0.002011428571428571,0.23686857142857143,0.23888,OK,OTHER_QH_IN_SAME_HOUR_INVALID
2026-06-09T15:00:00Z,2026-06-09T18:00:00+03:00,2026-06-09T15:00:00Z,0.0,0.5617142857142857,0.5617142857142857,OK,OTHER_QH_IN_SAME_HOUR_INVALID
2026-06-09T15:15:00Z,2026-06-09T18:15:00+03:00,2026-06-09T15:00:00Z,0.0,1.1207542857142858,1.1207542857142858,ALPHA_OUTSIDE_SIMPLEX,ALPHA_OUTSIDE_SIMPLEX
2026-06-09T15:30:00Z,2026-06-09T18:30:00+03:00,2026-06-09T15:00:00Z,0.0,0.3291885714285714,0.3291885714285714,OK,OTHER_QH_IN_SAME_HOUR_INVALID
2026-06-09T15:45:00Z,2026-06-09T18:45:00+03:00,2026-06-09T15:00:00Z,0.005348571428571429,0.00496,0.010308571428571429,OK,OTHER_QH_IN_SAME_HOUR_INVALID
2026-06-09T19:00:00Z,2026-06-09T22:00:00+03:00,2026-06-09T19:00:00Z,0.037508571428571426,0.16795428571428572,0.20546285714285714,OK,OTHER_QH_IN_SAME_HOUR_INVALID
2026-06-09T19:15:00Z,2026-06-09T22:15:00+03:00,2026-06-09T19:00:00Z,0.0,0.28091428571428567,0.28091428571428567,OK,OTHER_QH_IN_SAME_HOUR_INVALID
2026-06-09T19:30:00Z,2026-06-09T22:30:00+03:00,2026-06-09T19:00:00Z,0.0,0.76432,0.76432,OK,OTHER_QH_IN_SAME_HOUR_INVALID
2026-06-09T19:45:00Z,2026-06-09T22:45:00+03:00,2026-06-09T19:00:00Z,0.0,1.150262857142857,1.150262857142857,ALPHA_OUTSIDE_SIMPLEX,ALPHA_OUTSIDE_SIMPLEX
2026-06-10T19:00:00Z,2026-06-10T22:00:00+03:00,2026-06-10T19:00:00Z,1.3963885714285713,0.0,1.3963885714285713,ALPHA_OUTSIDE_SIMPLEX,ALPHA_OUTSIDE_SIMPLEX
2026-06-10T19:15:00Z,2026-06-10T22:15:00+03:00,2026-06-10T19:00:00Z,0.5039085714285714,0.0,0.5039085714285714,OK,OTHER_QH_IN_SAME_HOUR_INVALID
2026-06-10T19:30:00Z,2026-06-10T22:30:00+03:00,2026-06-10T19:00:00Z,0.4450285714285714,0.0,0.4450285714285714,OK,OTHER_QH_IN_SAME_HOUR_INVALID
2026-06-10T19:45:00Z,2026-06-10T22:45:00+03:00,2026-06-10T19:00:00Z,0.7629485714285714,0.012891428571428571,0.77584,OK,OTHER_QH_IN_SAME_HOUR_INVALID
2026-06-11T10:00:00Z,2026-06-11T13:00:00+03:00,2026-06-11T10:00:00Z,0.0,0.26345142857142856,0.26345142857142856,OK,OTHER_QH_IN_SAME_HOUR_INVALID
2026-06-11T10:15:00Z,2026-06-11T13:15:00+03:00,2026-06-11T10:00:00Z,0.0,0.3229485714285714,0.3229485714285714,OK,OTHER_QH_IN_SAME_HOUR_INVALID
2026-06-11T10:30:00Z,2026-06-11T13:30:00+03:00,2026-06-11T10:00:00Z,0.0,1.1172114285714285,1.1172114285714285,ALPHA_OUTSIDE_SIMPLEX,ALPHA_OUTSIDE_SIMPLEX
2026-06-11T10:45:00Z,2026-06-11T13:45:00+03:00,2026-06-11T10:00:00Z,0.0,0.5832685714285715,0.5832685714285715,OK,OTHER_QH_IN_SAME_HOUR_INVALID
2026-06-12T06:00:00Z,2026-06-12T09:00:00+03:00,2026-06-12T06:00:00Z,0.0,0.6168685714285714,0.6168685714285714,OK,OTHER_QH_IN_SAME_HOUR_INVALID
2026-06-12T06:15:00Z,2026-06-12T09:15:00+03:00,2026-06-12T06:00:00Z,0.0,0.9022399999999999,0.9022399999999999,OK,OTHER_QH_IN_SAME_HOUR_INVALID
2026-06-12T06:30:00Z,2026-06-12T09:30:00+03:00,2026-06-12T06:00:00Z,0.0,1.1544457142857143,1.1544457142857143,ALPHA_OUTSIDE_SIMPLEX,ALPHA_OUTSIDE_SIMPLEX
2026-06-12T06:45:00Z,2026-06-12T09:45:00+03:00,2026-06-12T06:00:00Z,0.0,0.6363885714285714,0.6363885714285714,OK,OTHER_QH_IN_SAME_HOUR_INVALID
2026-06-12T07:00:00Z,2026-06-12T10:00:00+03:00,2026-06-12T07:00:00Z,0.0,0.8890971428571429,0.8890971428571429,OK,OTHER_QH_IN_SAME_HOUR_INVALID
2026-06-12T07:15:00Z,2026-06-12T10:15:00+03:00,2026-06-12T07:00:00Z,0.0,1.4219428571428572,1.4219428571428572,ALPHA_OUTSIDE_SIMPLEX,ALPHA_OUTSIDE_SIMPLEX
2026-06-12T07:30:00Z,2026-06-12T10:30:00+03:00,2026-06-12T07:00:00Z,0.0,0.7132571428571428,0.7132571428571428,OK,OTHER_QH_IN_SAME_HOUR_INVALID
2026-06-12T07:45:00Z,2026-06-12T10:45:00+03:00,2026-06-12T07:00:00Z,0.0,0.30861714285714287,0.30861714285714287,OK,OTHER_QH_IN_SAME_HOUR_INVALID
2026-06-12T11:00:00Z,2026-06-12T14:00:00+03:00,2026-06-12T11:00:00Z,0.0005485714285714285,0.1104,0.11094857142857142,OK,OTHER_QH_IN_SAME_HOUR_INVALID
2026-06-12T11:15:00Z,2026-06-12T14:15:00+03:00,2026-06-12T11:00:00Z,0.0,0.71808,0.71808,OK,OTHER_QH_IN_SAME_HOUR_INVALID
2026-06-12T11:30:00Z,2026-06-12T14:30:00+03:00,2026-06-12T11:00:00Z,0.0,1.0685714285714285,1.0685714285714285,ALPHA_OUTSIDE_SIMPLEX,ALPHA_OUTSIDE_SIMPLEX
2026-06-12T11:45:00Z,2026-06-12T14:45:00+03:00,2026-06-12T11:00:00Z,0.0,0.20452571428571428,0.20452571428571428,OK,OTHER_QH_IN_SAME_HOUR_INVALID
2026-06-12T21:00:00Z,2026-06-13T00:00:00+03:00,2026-06-12T21:00:00Z,1.027062857142857,0.0,1.027062857142857,ALPHA_OUTSIDE_SIMPLEX,ALPHA_OUTSIDE_SIMPLEX
2026-06-12T21:15:00Z,2026-06-13T00:15:00+03:00,2026-06-12T21:00:00Z,0.7271314285714287,0.0,0.7271314285714287,OK,OTHER_QH_IN_SAME_HOUR_INVALID
2026-06-12T21:30:00Z,2026-06-13T00:30:00+03:00,2026-06-12T21:00:00Z,1.0292114285714284,0.0,1.0292114285714284,ALPHA_OUTSIDE_SIMPLEX,ALPHA_OUTSIDE_SIMPLEX
2026-06-12T21:45:00Z,2026-06-13T00:45:00+03:00,2026-06-12T21:00:00Z,0.17355428571428572,0.06038857142857142,0.23394285714285715,OK,OTHER_QH_IN_SAME_HOUR_INVALID
2026-06-14T14:00:00Z,2026-06-14T17:00:00+03:00,2026-06-14T14:00:00Z,0.08619428571428571,0.00048,0.0866742857142857,OK,OTHER_QH_IN_SAME_HOUR_INVALID
2026-06-14T14:15:00Z,2026-06-14T17:15:00+03:00,2026-06-14T14:00:00Z,0.19273142857142858,0.0,0.19273142857142858,OK,OTHER_QH_IN_SAME_HOUR_INVALID
2026-06-14T14:30:00Z,2026-06-14T17:30:00+03:00,2026-06-14T14:00:00Z,0.8208914285714286,0.0,0.8208914285714286,OK,OTHER_QH_IN_SAME_HOUR_INVALID
2026-06-14T14:45:00Z,2026-06-14T17:45:00+03:00,2026-06-14T14:00:00Z,1.3098285714285713,0.0,1.3098285714285713,ALPHA_OUTSIDE_SIMPLEX,ALPHA_OUTSIDE_SIMPLEX
2026-06-15T00:00:00Z,2026-06-15T03:00:00+03:00,2026-06-15T00:00:00Z,0.0037714285714285714,0.014697142857142858,0.01846857142857143,OK,OTHER_QH_IN_SAME_HOUR_INVALID
2026-06-15T00:15:00Z,2026-06-15T03:15:00+03:00,2026-06-15T00:00:00Z,0.0,0.4813942857142857,0.4813942857142857,OK,OTHER_QH_IN_SAME_HOUR_INVALID
2026-06-15T00:30:00Z,2026-06-15T03:30:00+03:00,2026-06-15T00:00:00Z,0.0,1.4082285714285714,1.4082285714285714,ALPHA_OUTSIDE_SIMPLEX,ALPHA_OUTSIDE_SIMPLEX
2026-06-15T00:45:00Z,2026-06-15T03:45:00+03:00,2026-06-15T00:00:00Z,0.0,1.5053485714285713,1.5053485714285713,ALPHA_OUTSIDE_SIMPLEX,ALPHA_OUTSIDE_SIMPLEX
2026-06-15T12:00:00Z,2026-06-15T15:00:00+03:00,2026-06-15T12:00:00Z,0.0,1.17152,1.17152,ALPHA_OUTSIDE_SIMPLEX,ALPHA_OUTSIDE_SIMPLEX
2026-06-15T12:15:00Z,2026-06-15T15:15:00+03:00,2026-06-15T12:00:00Z,0.0,1.2651885714285713,1.2651885714285713,ALPHA_OUTSIDE_SIMPLEX,ALPHA_OUTSIDE_SIMPLEX
2026-06-15T12:30:00Z,2026-06-15T15:30:00+03:00,2026-06-15T12:00:00Z,0.0,1.0391771428571428,1.0391771428571428,ALPHA_OUTSIDE_SIMPLEX,ALPHA_OUTSIDE_SIMPLEX
2026-06-15T12:45:00Z,2026-06-15T15:45:00+03:00,2026-06-15T12:00:00Z,0.0,1.0946742857142857,1.0946742857142857,ALPHA_OUTSIDE_SIMPLEX,ALPHA_OUTSIDE_SIMPLEX
2026-06-15T14:00:00Z,2026-06-15T17:00:00+03:00,2026-06-15T14:00:00Z,0.00036571428571428573,0.16873142857142856,0.16909714285714283,OK,OTHER_QH_IN_SAME_HOUR_INVALID
2026-06-15T14:15:00Z,2026-06-15T17:15:00+03:00,2026-06-15T14:00:00Z,0.004868571428571429,0.02272,0.027588571428571428,OK,OTHER_QH_IN_SAME_HOUR_INVALID
2026-06-15T14:30:00Z,2026-06-15T17:30:00+03:00,2026-06-15T14:00:00Z,0.0,1.21712,1.21712,ALPHA_OUTSIDE_SIMPLEX,ALPHA_OUTSIDE_SIMPLEX
2026-06-15T14:45:00Z,2026-06-15T17:45:00+03:00,2026-06-15T14:00:00Z,0.0,0.92016,0.92016,OK,OTHER_QH_IN_SAME_HOUR_INVALID
2026-06-15T19:00:00Z,2026-06-15T22:00:00+03:00,2026-06-15T19:00:00Z,1.06624,0.0,1.06624,ALPHA_OUTSIDE_SIMPLEX,ALPHA_OUTSIDE_SIMPLEX
2026-06-15T19:15:00Z,2026-06-15T22:15:00+03:00,2026-06-15T19:00:00Z,1.6693257142857143,0.0,1.6693257142857143,ALPHA_OUTSIDE_SIMPLEX,ALPHA_OUTSIDE_SIMPLEX
2026-06-15T19:30:00Z,2026-06-15T22:30:00+03:00,2026-06-15T19:00:00Z,2.040914285714286,0.0,2.040914285714286,ALPHA_OUTSIDE_SIMPLEX,ALPHA_OUTSIDE_SIMPLEX
2026-06-15T19:45:00Z,2026-06-15T22:45:00+03:00,2026-06-15T19:00:00Z,1.5976,0.0,1.5976,ALPHA_OUTSIDE_SIMPLEX,ALPHA_OUTSIDE_SIMPLEX
2026-06-16T06:00:00Z,2026-06-16T09:00:00+03:00,2026-06-16T06:00:00Z,0.00064,0.2232,0.22384,OK,OTHER_QH_IN_SAME_HOUR_INVALID
2026-06-16T06:15:00Z,2026-06-16T09:15:00+03:00,2026-06-16T06:00:00Z,0.0,0.45341714285714285,0.45341714285714285,OK,OTHER_QH_IN_SAME_HOUR_INVALID
2026-06-16T06:30:00Z,2026-06-16T09:30:00+03:00,2026-06-16T06:00:00Z,0.0,1.049737142857143,1.049737142857143,ALPHA_OUTSIDE_SIMPLEX,ALPHA_OUTSIDE_SIMPLEX
2026-06-16T06:45:00Z,2026-06-16T09:45:00+03:00,2026-06-16T06:00:00Z,0.0,0.838857142857143,0.838857142857143,OK,OTHER_QH_IN_SAME_HOUR_INVALID
2026-06-18T05:00:00Z,2026-06-18T08:00:00+03:00,2026-06-18T05:00:00Z,0.46898285714285715,0.0,0.46898285714285715,OK,OTHER_QH_IN_SAME_HOUR_INVALID
2026-06-18T05:15:00Z,2026-06-18T08:15:00+03:00,2026-06-18T05:00:00Z,0.22912,0.04852571428571429,0.2776457142857143,OK,OTHER_QH_IN_SAME_HOUR_INVALID
2026-06-18T05:30:00Z,2026-06-18T08:30:00+03:00,2026-06-18T05:00:00Z,0.0,0.9043885714285714,0.9043885714285714,OK,OTHER_QH_IN_SAME_HOUR_INVALID
2026-06-18T05:45:00Z,2026-06-18T08:45:00+03:00,2026-06-18T05:00:00Z,0.0,1.5362971428571428,1.5362971428571428,ALPHA_OUTSIDE_SIMPLEX,ALPHA_OUTSIDE_SIMPLEX
2026-06-18T17:00:00Z,2026-06-18T20:00:00+03:00,2026-06-18T17:00:00Z,0.18315428571428571,0.03540571428571428,0.21856,OK,OTHER_QH_IN_SAME_HOUR_INVALID
2026-06-18T17:15:00Z,2026-06-18T20:15:00+03:00,2026-06-18T17:00:00Z,0.3045257142857143,0.007291428571428572,0.31181714285714285,OK,OTHER_QH_IN_SAME_HOUR_INVALID
2026-06-18T17:30:00Z,2026-06-18T20:30:00+03:00,2026-06-18T17:00:00Z,0.9565257142857143,0.0,0.9565257142857143,OK,OTHER_QH_IN_SAME_HOUR_INVALID
2026-06-18T17:45:00Z,2026-06-18T20:45:00+03:00,2026-06-18T17:00:00Z,1.3952457142857144,0.0,1.3952457142857144,ALPHA_OUTSIDE_SIMPLEX,ALPHA_OUTSIDE_SIMPLEX
2026-06-18T18:00:00Z,2026-06-18T21:00:00+03:00,2026-06-18T18:00:00Z,0.7287314285714286,0.0,0.7287314285714286,OK,OTHER_QH_IN_SAME_HOUR_INVALID
2026-06-18T18:15:00Z,2026-06-18T21:15:00+03:00,2026-06-18T18:00:00Z,0.9905600000000001,0.0,0.9905600000000001,OK,OTHER_QH_IN_SAME_HOUR_INVALID
2026-06-18T18:30:00Z,2026-06-18T21:30:00+03:00,2026-06-18T18:00:00Z,1.1288,0.0,1.1288,ALPHA_OUTSIDE_SIMPLEX,ALPHA_OUTSIDE_SIMPLEX
2026-06-18T18:45:00Z,2026-06-18T21:45:00+03:00,2026-06-18T18:00:00Z,0.7338971428571428,0.0,0.7338971428571428,OK,OTHER_QH_IN_SAME_HOUR_INVALID
2026-06-20T14:00:00Z,2026-06-20T17:00:00+03:00,2026-06-20T14:00:00Z,0.34996571428571427,0.00064,0.35060571428571424,OK,OTHER_QH_IN_SAME_HOUR_INVALID
2026-06-20T14:15:00Z,2026-06-20T17:15:00+03:00,2026-06-20T14:00:00Z,0.9151771428571429,0.0,0.9151771428571429,OK,OTHER_QH_IN_SAME_HOUR_INVALID
2026-06-20T14:30:00Z,2026-06-20T17:30:00+03:00,2026-06-20T14:00:00Z,1.1559314285714286,0.0,1.1559314285714286,ALPHA_OUTSIDE_SIMPLEX,ALPHA_OUTSIDE_SIMPLEX
2026-06-20T14:45:00Z,2026-06-20T17:45:00+03:00,2026-06-20T14:00:00Z,1.1802285714285714,0.0,1.1802285714285714,ALPHA_OUTSIDE_SIMPLEX,ALPHA_OUTSIDE_SIMPLEX
2026-06-20T20:00:00Z,2026-06-20T23:00:00+03:00,2026-06-20T20:00:00Z,1.1571200000000001,0.0,1.1571200000000001,ALPHA_OUTSIDE_SIMPLEX,ALPHA_OUTSIDE_SIMPLEX
2026-06-20T20:15:00Z,2026-06-20T23:15:00+03:00,2026-06-20T20:00:00Z,0.4485942857142857,0.0,0.4485942857142857,OK,OTHER_QH_IN_SAME_HOUR_INVALID
2026-06-20T20:30:00Z,2026-06-20T23:30:00+03:00,2026-06-20T20:00:00Z,0.3149485714285714,6.857142857142857e-05,0.31501714285714283,OK,OTHER_QH_IN_SAME_HOUR_INVALID
2026-06-20T20:45:00Z,2026-06-20T23:45:00+03:00,2026-06-20T20:00:00Z,0.21101714285714285,0.00013714285714285713,0.2111542857142857,OK,OTHER_QH_IN_SAME_HOUR_INVALID
2026-06-20T23:00:00Z,2026-06-21T02:00:00+03:00,2026-06-20T23:00:00Z,1.1799542857142857,0.0,1.1799542857142857,ALPHA_OUTSIDE_SIMPLEX,ALPHA_OUTSIDE_SIMPLEX
2026-06-20T23:15:00Z,2026-06-21T02:15:00+03:00,2026-06-20T23:00:00Z,2.0416457142857145,0.0,2.0416457142857145,ALPHA_OUTSIDE_SIMPLEX,ALPHA_OUTSIDE_SIMPLEX
2026-06-20T23:30:00Z,2026-06-21T02:30:00+03:00,2026-06-20T23:00:00Z,0.8320914285714287,0.0,0.8320914285714287,OK,OTHER_QH_IN_SAME_HOUR_INVALID
2026-06-20T23:45:00Z,2026-06-21T02:45:00+03:00,2026-06-20T23:00:00Z,0.00992,0.0696,0.07952,OK,OTHER_QH_IN_SAME_HOUR_INVALID
2026-06-21T11:00:00Z,2026-06-21T14:00:00+03:00,2026-06-21T11:00:00Z,0.3644342857142857,0.0002514285714285714,0.3646857142857143,OK,OTHER_QH_IN_SAME_HOUR_INVALID
2026-06-21T11:15:00Z,2026-06-21T14:15:00+03:00,2026-06-21T11:00:00Z,1.0707428571428572,0.0,1.0707428571428572,ALPHA_OUTSIDE_SIMPLEX,ALPHA_OUTSIDE_SIMPLEX
2026-06-21T11:30:00Z,2026-06-21T14:30:00+03:00,2026-06-21T11:00:00Z,1.03248,0.0,1.03248,ALPHA_OUTSIDE_SIMPLEX,ALPHA_OUTSIDE_SIMPLEX
2026-06-21T11:45:00Z,2026-06-21T14:45:00+03:00,2026-06-21T11:00:00Z,0.21947428571428573,0.0005485714285714285,0.22002285714285716,OK,OTHER_QH_IN_SAME_HOUR_INVALID
2026-06-21T14:00:00Z,2026-06-21T17:00:00+03:00,2026-06-21T14:00:00Z,0.6364342857142857,0.0,0.6364342857142857,OK,OTHER_QH_IN_SAME_HOUR_INVALID
2026-06-21T14:15:00Z,2026-06-21T17:15:00+03:00,2026-06-21T14:00:00Z,1.3525714285714285,0.0,1.3525714285714285,ALPHA_OUTSIDE_SIMPLEX,ALPHA_OUTSIDE_SIMPLEX
2026-06-21T14:30:00Z,2026-06-21T17:30:00+03:00,2026-06-21T14:00:00Z,1.4989942857142857,0.0,1.4989942857142857,ALPHA_OUTSIDE_SIMPLEX,ALPHA_OUTSIDE_SIMPLEX
2026-06-21T14:45:00Z,2026-06-21T17:45:00+03:00,2026-06-21T14:00:00Z,1.147177142857143,0.0,1.147177142857143,ALPHA_OUTSIDE_SIMPLEX,ALPHA_OUTSIDE_SIMPLEX
2026-06-22T05:00:00Z,2026-06-22T08:00:00+03:00,2026-06-22T05:00:00Z,1.0531428571428572,0.0,1.0531428571428572,ALPHA_OUTSIDE_SIMPLEX,ALPHA_OUTSIDE_SIMPLEX
2026-06-22T05:15:00Z,2026-06-22T08:15:00+03:00,2026-06-22T05:00:00Z,0.13465142857142856,0.0009142857142857143,0.13556571428571426,OK,OTHER_QH_IN_SAME_HOUR_INVALID
2026-06-22T05:30:00Z,2026-06-22T08:30:00+03:00,2026-06-22T05:00:00Z,0.4112457142857143,0.00029714285714285715,0.4115428571428572,OK,OTHER_QH_IN_SAME_HOUR_INVALID
2026-06-22T05:45:00Z,2026-06-22T08:45:00+03:00,2026-06-22T05:00:00Z,0.5331885714285715,0.0,0.5331885714285715,OK,OTHER_QH_IN_SAME_HOUR_INVALID
2026-06-22T06:00:00Z,2026-06-22T09:00:00+03:00,2026-06-22T06:00:00Z,1.7944914285714286,0.0,1.7944914285714286,ALPHA_OUTSIDE_SIMPLEX,ALPHA_OUTSIDE_SIMPLEX
2026-06-22T06:15:00Z,2026-06-22T09:15:00+03:00,2026-06-22T06:00:00Z,1.1213485714285714,0.0,1.1213485714285714,ALPHA_OUTSIDE_SIMPLEX,ALPHA_OUTSIDE_SIMPLEX
2026-06-22T06:30:00Z,2026-06-22T09:30:00+03:00,2026-06-22T06:00:00Z,1.0738971428571429,0.0,1.0738971428571429,ALPHA_OUTSIDE_SIMPLEX,ALPHA_OUTSIDE_SIMPLEX
2026-06-22T06:45:00Z,2026-06-22T09:45:00+03:00,2026-06-22T06:00:00Z,0.3805257142857143,0.009211428571428572,0.3897371428571429,OK,OTHER_QH_IN_SAME_HOUR_INVALID
2026-06-22T15:00:00Z,2026-06-22T18:00:00+03:00,2026-06-22T15:00:00Z,0.02836571428571429,0.006491428571428571,0.03485714285714286,OK,OTHER_QH_IN_SAME_HOUR_INVALID
2026-06-22T15:15:00Z,2026-06-22T18:15:00+03:00,2026-06-22T15:00:00Z,0.30955428571428567,0.0,0.30955428571428567,OK,OTHER_QH_IN_SAME_HOUR_INVALID
2026-06-22T15:30:00Z,2026-06-22T18:30:00+03:00,2026-06-22T15:00:00Z,0.6825371428571428,0.0,0.6825371428571428,OK,OTHER_QH_IN_SAME_HOUR_INVALID
2026-06-22T15:45:00Z,2026-06-22T18:45:00+03:00,2026-06-22T15:00:00Z,1.2428571428571429,0.0,1.2428571428571429,ALPHA_OUTSIDE_SIMPLEX,ALPHA_OUTSIDE_SIMPLEX
2026-06-23T04:00:00Z,2026-06-23T07:00:00+03:00,2026-06-23T04:00:00Z,1.7669942857142857,0.0,1.7669942857142857,ALPHA_OUTSIDE_SIMPLEX,ALPHA_OUTSIDE_SIMPLEX
2026-06-23T04:15:00Z,2026-06-23T07:15:00+03:00,2026-06-23T04:00:00Z,1.9968914285714288,0.0,1.9968914285714288,ALPHA_OUTSIDE_SIMPLEX,ALPHA_OUTSIDE_SIMPLEX
2026-06-23T04:30:00Z,2026-06-23T07:30:00+03:00,2026-06-23T04:00:00Z,0.25810285714285713,6.857142857142857e-05,0.25817142857142855,OK,OTHER_QH_IN_SAME_HOUR_INVALID
2026-06-23T04:45:00Z,2026-06-23T07:45:00+03:00,2026-06-23T04:00:00Z,0.06982857142857143,0.0,0.06982857142857143,OK,OTHER_QH_IN_SAME_HOUR_INVALID
2026-06-23T05:00:00Z,2026-06-23T08:00:00+03:00,2026-06-23T05:00:00Z,1.7162971428571427,0.0,1.7162971428571427,ALPHA_OUTSIDE_SIMPLEX,ALPHA_OUTSIDE_SIMPLEX
2026-06-23T05:15:00Z,2026-06-23T08:15:00+03:00,2026-06-23T05:00:00Z,0.8106285714285715,0.0,0.8106285714285715,OK,OTHER_QH_IN_SAME_HOUR_INVALID
2026-06-23T05:30:00Z,2026-06-23T08:30:00+03:00,2026-06-23T05:00:00Z,0.79008,0.0,0.79008,OK,OTHER_QH_IN_SAME_HOUR_INVALID
2026-06-23T05:45:00Z,2026-06-23T08:45:00+03:00,2026-06-23T05:00:00Z,0.006011428571428572,0.010834285714285713,0.016845714285714283,OK,OTHER_QH_IN_SAME_HOUR_INVALID
2026-06-23T06:00:00Z,2026-06-23T09:00:00+03:00,2026-06-23T06:00:00Z,0.00022857142857142857,1.0738971428571429,1.0741257142857144,ALPHA_OUTSIDE_SIMPLEX,ALPHA_OUTSIDE_SIMPLEX
2026-06-23T06:15:00Z,2026-06-23T09:15:00+03:00,2026-06-23T06:00:00Z,0.0,0.7479771428571428,0.7479771428571428,OK,OTHER_QH_IN_SAME_HOUR_INVALID
2026-06-23T06:30:00Z,2026-06-23T09:30:00+03:00,2026-06-23T06:00:00Z,0.0,0.43693714285714286,0.43693714285714286,OK,OTHER_QH_IN_SAME_HOUR_INVALID
2026-06-23T06:45:00Z,2026-06-23T09:45:00+03:00,2026-06-23T06:00:00Z,0.0,0.8370514285714287,0.8370514285714287,OK,OTHER_QH_IN_SAME_HOUR_INVALID
2026-06-23T10:00:00Z,2026-06-23T13:00:00+03:00,2026-06-23T10:00:00Z,0.2409142857142857,0.03849142857142857,0.27940571428571426,OK,OTHER_QH_IN_SAME_HOUR_INVALID
2026-06-23T10:15:00Z,2026-06-23T13:15:00+03:00,2026-06-23T10:00:00Z,1.0433142857142859,0.0,1.0433142857142859,ALPHA_OUTSIDE_SIMPLEX,ALPHA_OUTSIDE_SIMPLEX
2026-06-23T10:30:00Z,2026-06-23T13:30:00+03:00,2026-06-23T10:00:00Z,0.8734857142857143,0.0,0.8734857142857143,OK,OTHER_QH_IN_SAME_HOUR_INVALID
2026-06-23T10:45:00Z,2026-06-23T13:45:00+03:00,2026-06-23T10:00:00Z,0.03184,0.009828571428571428,0.04166857142857143,OK,OTHER_QH_IN_SAME_HOUR_INVALID
2026-06-23T12:00:00Z,2026-06-23T15:00:00+03:00,2026-06-23T12:00:00Z,0.8549028571428572,0.0,0.8549028571428572,OK,OTHER_QH_IN_SAME_HOUR_INVALID
2026-06-23T12:15:00Z,2026-06-23T15:15:00+03:00,2026-06-23T12:00:00Z,1.06192,0.0,1.06192,ALPHA_OUTSIDE_SIMPLEX,ALPHA_OUTSIDE_SIMPLEX
2026-06-23T12:30:00Z,2026-06-23T15:30:00+03:00,2026-06-23T12:00:00Z,1.7393599999999998,0.0,1.7393599999999998,ALPHA_OUTSIDE_SIMPLEX,ALPHA_OUTSIDE_SIMPLEX
2026-06-23T12:45:00Z,2026-06-23T15:45:00+03:00,2026-06-23T12:00:00Z,2.3123657142857144,0.0,2.3123657142857144,ALPHA_OUTSIDE_SIMPLEX,ALPHA_OUTSIDE_SIMPLEX
2026-06-23T15:00:00Z,2026-06-23T18:00:00+03:00,2026-06-23T15:00:00Z,0.5112685714285714,0.0,0.5112685714285714,OK,OTHER_QH_IN_SAME_HOUR_INVALID
2026-06-23T15:15:00Z,2026-06-23T18:15:00+03:00,2026-06-23T15:00:00Z,1.47904,0.0,1.47904,ALPHA_OUTSIDE_SIMPLEX,ALPHA_OUTSIDE_SIMPLEX
2026-06-23T15:30:00Z,2026-06-23T18:30:00+03:00,2026-06-23T15:00:00Z,1.2866971428571428,0.0,1.2866971428571428,ALPHA_OUTSIDE_SIMPLEX,ALPHA_OUTSIDE_SIMPLEX
2026-06-23T15:45:00Z,2026-06-23T18:45:00+03:00,2026-06-23T15:00:00Z,1.2058057142857141,0.0,1.2058057142857141,ALPHA_OUTSIDE_SIMPLEX,ALPHA_OUTSIDE_SIMPLEX
2026-06-23T17:00:00Z,2026-06-23T20:00:00+03:00,2026-06-23T17:00:00Z,0.0928,0.001417142857142857,0.09421714285714285,OK,OTHER_QH_IN_SAME_HOUR_INVALID
2026-06-23T17:15:00Z,2026-06-23T20:15:00+03:00,2026-06-23T17:00:00Z,0.45334857142857143,0.0,0.45334857142857143,OK,OTHER_QH_IN_SAME_HOUR_INVALID
2026-06-23T17:30:00Z,2026-06-23T20:30:00+03:00,2026-06-23T17:00:00Z,0.7028800000000001,0.0,0.7028800000000001,OK,OTHER_QH_IN_SAME_HOUR_INVALID
2026-06-23T17:45:00Z,2026-06-23T20:45:00+03:00,2026-06-23T17:00:00Z,1.618194285714286,0.0,1.618194285714286,ALPHA_OUTSIDE_SIMPLEX,ALPHA_OUTSIDE_SIMPLEX
2026-06-23T18:00:00Z,2026-06-23T21:00:00+03:00,2026-06-23T18:00:00Z,1.3638171428571428,0.0,1.3638171428571428,ALPHA_OUTSIDE_SIMPLEX,ALPHA_OUTSIDE_SIMPLEX
2026-06-23T18:15:00Z,2026-06-23T21:15:00+03:00,2026-06-23T18:00:00Z,1.3577142857142857,0.0,1.3577142857142857,ALPHA_OUTSIDE_SIMPLEX,ALPHA_OUTSIDE_SIMPLEX
2026-06-23T18:30:00Z,2026-06-23T21:30:00+03:00,2026-06-23T18:00:00Z,1.3577142857142857,0.0,1.3577142857142857,ALPHA_OUTSIDE_SIMPLEX,ALPHA_OUTSIDE_SIMPLEX
2026-06-23T18:45:00Z,2026-06-23T21:45:00+03:00,2026-06-23T18:00:00Z,1.3577142857142857,0.0,1.3577142857142857,ALPHA_OUTSIDE_SIMPLEX,ALPHA_OUTSIDE_SIMPLEX
2026-06-23T19:00:00Z,2026-06-23T22:00:00+03:00,2026-06-23T19:00:00Z,1.3577142857142857,0.0,1.3577142857142857,ALPHA_OUTSIDE_SIMPLEX,ALPHA_OUTSIDE_SIMPLEX
2026-06-23T19:15:00Z,2026-06-23T22:15:00+03:00,2026-06-23T19:00:00Z,1.3577142857142857,0.0,1.3577142857142857,ALPHA_OUTSIDE_SIMPLEX,ALPHA_OUTSIDE_SIMPLEX
2026-06-23T19:30:00Z,2026-06-23T22:30:00+03:00,2026-06-23T19:00:00Z,1.3577142857142857,0.0,1.3577142857142857,ALPHA_OUTSIDE_SIMPLEX,ALPHA_OUTSIDE_SIMPLEX
2026-06-23T19:45:00Z,2026-06-23T22:45:00+03:00,2026-06-23T19:00:00Z,0.9278628571428572,0.024640000000000002,0.9525028571428572,OK,OTHER_QH_IN_SAME_HOUR_INVALID
2026-06-24T10:00:00Z,2026-06-24T13:00:00+03:00,2026-06-24T10:00:00Z,0.0,0.96528,0.96528,OK,OTHER_QH_IN_SAME_HOUR_INVALID
2026-06-24T10:15:00Z,2026-06-24T13:15:00+03:00,2026-06-24T10:00:00Z,0.0,1.3263085714285716,1.3263085714285716,ALPHA_OUTSIDE_SIMPLEX,ALPHA_OUTSIDE_SIMPLEX
2026-06-24T10:30:00Z,2026-06-24T13:30:00+03:00,2026-06-24T10:00:00Z,0.0,0.43616,0.43616,OK,OTHER_QH_IN_SAME_HOUR_INVALID
2026-06-24T10:45:00Z,2026-06-24T13:45:00+03:00,2026-06-24T10:00:00Z,0.007177142857142857,0.01837714285714286,0.025554285714285717,OK,OTHER_QH_IN_SAME_HOUR_INVALID
2026-06-24T13:00:00Z,2026-06-24T16:00:00+03:00,2026-06-24T13:00:00Z,0.0010285714285714286,0.03424,0.03526857142857143,OK,OTHER_QH_IN_SAME_HOUR_INVALID
2026-06-24T13:15:00Z,2026-06-24T16:15:00+03:00,2026-06-24T13:00:00Z,0.0,0.23046857142857144,0.23046857142857144,OK,OTHER_QH_IN_SAME_HOUR_INVALID
2026-06-24T13:30:00Z,2026-06-24T16:30:00+03:00,2026-06-24T13:00:00Z,0.001302857142857143,0.14242285714285713,0.14372571428571426,OK,OTHER_QH_IN_SAME_HOUR_INVALID
2026-06-24T13:45:00Z,2026-06-24T16:45:00+03:00,2026-06-24T13:00:00Z,0.0,1.1104228571428572,1.1104228571428572,ALPHA_OUTSIDE_SIMPLEX,ALPHA_OUTSIDE_SIMPLEX
2026-06-24T14:00:00Z,2026-06-24T17:00:00+03:00,2026-06-24T14:00:00Z,0.0,1.6424457142857143,1.6424457142857143,ALPHA_OUTSIDE_SIMPLEX,ALPHA_OUTSIDE_SIMPLEX
2026-06-24T14:15:00Z,2026-06-24T17:15:00+03:00,2026-06-24T14:00:00Z,0.0011657142857142856,0.6169600000000001,0.6181257142857144,OK,OTHER_QH_IN_SAME_HOUR_INVALID
2026-06-24T14:30:00Z,2026-06-24T17:30:00+03:00,2026-06-24T14:00:00Z,0.015291428571428572,0.1798857142857143,0.19517714285714285,OK,OTHER_QH_IN_SAME_HOUR_INVALID
2026-06-24T14:45:00Z,2026-06-24T17:45:00+03:00,2026-06-24T14:00:00Z,0.022422857142857144,0.0028114285714285715,0.025234285714285716,OK,OTHER_QH_IN_SAME_HOUR_INVALID
2026-06-24T17:00:00Z,2026-06-24T20:00:00+03:00,2026-06-24T17:00:00Z,0.04713142857142857,0.0924342857142857,0.13956571428571427,OK,OTHER_QH_IN_SAME_HOUR_INVALID
2026-06-24T17:15:00Z,2026-06-24T20:15:00+03:00,2026-06-24T17:00:00Z,0.42397714285714283,0.0,0.42397714285714283,OK,OTHER_QH_IN_SAME_HOUR_INVALID
2026-06-24T17:30:00Z,2026-06-24T20:30:00+03:00,2026-06-24T17:00:00Z,1.1330742857142857,0.0,1.1330742857142857,ALPHA_OUTSIDE_SIMPLEX,ALPHA_OUTSIDE_SIMPLEX
2026-06-24T17:45:00Z,2026-06-24T20:45:00+03:00,2026-06-24T17:00:00Z,2.1830857142857143,0.0,2.1830857142857143,ALPHA_OUTSIDE_SIMPLEX,ALPHA_OUTSIDE_SIMPLEX
2026-06-24T18:00:00Z,2026-06-24T21:00:00+03:00,2026-06-24T18:00:00Z,2.0142857142857142,0.0,2.0142857142857142,ALPHA_OUTSIDE_SIMPLEX,ALPHA_OUTSIDE_SIMPLEX
2026-06-24T18:15:00Z,2026-06-24T21:15:00+03:00,2026-06-24T18:00:00Z,2.178377142857143,0.0,2.178377142857143,ALPHA_OUTSIDE_SIMPLEX,ALPHA_OUTSIDE_SIMPLEX
2026-06-24T18:30:00Z,2026-06-24T21:30:00+03:00,2026-06-24T18:00:00Z,2.257714285714286,0.0,2.257714285714286,ALPHA_OUTSIDE_SIMPLEX,ALPHA_OUTSIDE_SIMPLEX
2026-06-24T18:45:00Z,2026-06-24T21:45:00+03:00,2026-06-24T18:00:00Z,0.5673371428571429,0.003314285714285714,0.5706514285714286,OK,OTHER_QH_IN_SAME_HOUR_INVALID
2026-06-25T14:00:00Z,2026-06-25T17:00:00+03:00,2026-06-25T14:00:00Z,0.04256,0.0005714285714285715,0.04313142857142857,OK,OTHER_QH_IN_SAME_HOUR_INVALID
2026-06-25T14:15:00Z,2026-06-25T17:15:00+03:00,2026-06-25T14:00:00Z,0.14763428571428572,0.005371428571428571,0.1530057142857143,OK,OTHER_QH_IN_SAME_HOUR_INVALID
2026-06-25T14:30:00Z,2026-06-25T17:30:00+03:00,2026-06-25T14:00:00Z,0.41565714285714284,0.0022400000000000002,0.41789714285714286,OK,OTHER_QH_IN_SAME_HOUR_INVALID
2026-06-25T14:45:00Z,2026-06-25T17:45:00+03:00,2026-06-25T14:00:00Z,1.1578285714285714,0.0,1.1578285714285714,ALPHA_OUTSIDE_SIMPLEX,ALPHA_OUTSIDE_SIMPLEX
2026-06-25T16:00:00Z,2026-06-25T19:00:00+03:00,2026-06-25T16:00:00Z,0.11792,2.2857142857142858e-05,0.11794285714285714,OK,OTHER_QH_IN_SAME_HOUR_INVALID
2026-06-25T16:15:00Z,2026-06-25T19:15:00+03:00,2026-06-25T16:00:00Z,0.21138285714285712,0.0005028571428571428,0.21188571428571426,OK,OTHER_QH_IN_SAME_HOUR_INVALID
2026-06-25T16:30:00Z,2026-06-25T19:30:00+03:00,2026-06-25T16:00:00Z,0.6006857142857143,0.0,0.6006857142857143,OK,OTHER_QH_IN_SAME_HOUR_INVALID
2026-06-25T16:45:00Z,2026-06-25T19:45:00+03:00,2026-06-25T16:00:00Z,1.5297600000000002,0.0,1.5297600000000002,ALPHA_OUTSIDE_SIMPLEX,ALPHA_OUTSIDE_SIMPLEX
2026-06-25T22:00:00Z,2026-06-26T01:00:00+03:00,2026-06-25T22:00:00Z,0.8059885714285714,0.0,0.8059885714285714,OK,OTHER_QH_IN_SAME_HOUR_INVALID
2026-06-25T22:15:00Z,2026-06-26T01:15:00+03:00,2026-06-25T22:00:00Z,1.2328685714285714,0.0,1.2328685714285714,ALPHA_OUTSIDE_SIMPLEX,ALPHA_OUTSIDE_SIMPLEX
2026-06-25T22:30:00Z,2026-06-26T01:30:00+03:00,2026-06-25T22:00:00Z,1.0176228571428572,0.0,1.0176228571428572,ALPHA_OUTSIDE_SIMPLEX,ALPHA_OUTSIDE_SIMPLEX
2026-06-25T22:45:00Z,2026-06-26T01:45:00+03:00,2026-06-25T22:00:00Z,1.8837257142857142,0.0,1.8837257142857142,ALPHA_OUTSIDE_SIMPLEX,ALPHA_OUTSIDE_SIMPLEX
2026-06-27T04:00:00Z,2026-06-27T07:00:00+03:00,2026-06-27T04:00:00Z,1.1445714285714286,0.0,1.1445714285714286,ALPHA_OUTSIDE_SIMPLEX,ALPHA_OUTSIDE_SIMPLEX
2026-06-27T04:15:00Z,2026-06-27T07:15:00+03:00,2026-06-27T04:00:00Z,1.1864914285714285,0.0,1.1864914285714285,ALPHA_OUTSIDE_SIMPLEX,ALPHA_OUTSIDE_SIMPLEX
2026-06-27T04:30:00Z,2026-06-27T07:30:00+03:00,2026-06-27T04:00:00Z,0.03684571428571429,0.0011885714285714286,0.038034285714285715,OK,OTHER_QH_IN_SAME_HOUR_INVALID
2026-06-27T04:45:00Z,2026-06-27T07:45:00+03:00,2026-06-27T04:00:00Z,0.6126171428571429,0.0,0.6126171428571429,OK,OTHER_QH_IN_SAME_HOUR_INVALID
2026-06-27T15:00:00Z,2026-06-27T18:00:00+03:00,2026-06-27T15:00:00Z,0.04617142857142857,0.0010285714285714286,0.0472,OK,OTHER_QH_IN_SAME_HOUR_INVALID
2026-06-27T15:15:00Z,2026-06-27T18:15:00+03:00,2026-06-27T15:00:00Z,0.07659428571428571,0.0018514285714285716,0.07844571428571429,OK,OTHER_QH_IN_SAME_HOUR_INVALID
2026-06-27T15:30:00Z,2026-06-27T18:30:00+03:00,2026-06-27T15:00:00Z,0.5231771428571429,0.0,0.5231771428571429,OK,OTHER_QH_IN_SAME_HOUR_INVALID
2026-06-27T15:45:00Z,2026-06-27T18:45:00+03:00,2026-06-27T15:00:00Z,1.0017371428571429,0.0,1.0017371428571429,ALPHA_OUTSIDE_SIMPLEX,ALPHA_OUTSIDE_SIMPLEX
2026-06-27T16:00:00Z,2026-06-27T19:00:00+03:00,2026-06-27T16:00:00Z,0.5885942857142857,0.0,0.5885942857142857,OK,OTHER_QH_IN_SAME_HOUR_INVALID
2026-06-27T16:15:00Z,2026-06-27T19:15:00+03:00,2026-06-27T16:00:00Z,0.3906742857142857,0.0,0.3906742857142857,OK,OTHER_QH_IN_SAME_HOUR_INVALID
2026-06-27T16:30:00Z,2026-06-27T19:30:00+03:00,2026-06-27T16:00:00Z,0.6110857142857142,0.0,0.6110857142857142,OK,OTHER_QH_IN_SAME_HOUR_INVALID
2026-06-27T16:45:00Z,2026-06-27T19:45:00+03:00,2026-06-27T16:00:00Z,1.0704914285714286,0.0,1.0704914285714286,ALPHA_OUTSIDE_SIMPLEX,ALPHA_OUTSIDE_SIMPLEX
2026-06-27T17:00:00Z,2026-06-27T20:00:00+03:00,2026-06-27T17:00:00Z,0.9889371428571428,0.0,0.9889371428571428,OK,OTHER_QH_IN_SAME_HOUR_INVALID
2026-06-27T17:15:00Z,2026-06-27T20:15:00+03:00,2026-06-27T17:00:00Z,1.0778742857142856,0.0,1.0778742857142856,ALPHA_OUTSIDE_SIMPLEX,ALPHA_OUTSIDE_SIMPLEX
2026-06-27T17:30:00Z,2026-06-27T20:30:00+03:00,2026-06-27T17:00:00Z,0.7309714285714286,0.0,0.7309714285714286,OK,OTHER_QH_IN_SAME_HOUR_INVALID
2026-06-27T17:45:00Z,2026-06-27T20:45:00+03:00,2026-06-27T17:00:00Z,0.6621028571428571,0.0,0.6621028571428571,OK,OTHER_QH_IN_SAME_HOUR_INVALID
2026-06-27T19:00:00Z,2026-06-27T22:00:00+03:00,2026-06-27T19:00:00Z,0.38132571428571427,0.0,0.38132571428571427,OK,OTHER_QH_IN_SAME_HOUR_INVALID
2026-06-27T19:15:00Z,2026-06-27T22:15:00+03:00,2026-06-27T19:00:00Z,0.3527542857142857,0.0,0.3527542857142857,OK,OTHER_QH_IN_SAME_HOUR_INVALID
2026-06-27T19:30:00Z,2026-06-27T22:30:00+03:00,2026-06-27T19:00:00Z,0.70992,0.0,0.70992,OK,OTHER_QH_IN_SAME_HOUR_INVALID
2026-06-27T19:45:00Z,2026-06-27T22:45:00+03:00,2026-06-27T19:00:00Z,1.1286628571428572,0.004297142857142857,1.13296,ALPHA_OUTSIDE_SIMPLEX,ALPHA_OUTSIDE_SIMPLEX
2026-06-28T15:00:00Z,2026-06-28T18:00:00+03:00,2026-06-28T15:00:00Z,0.09042285714285714,0.07204571428571428,0.1624685714285714,OK,OTHER_QH_IN_SAME_HOUR_INVALID
2026-06-28T15:15:00Z,2026-06-28T18:15:00+03:00,2026-06-28T15:00:00Z,0.4151771428571429,0.0,0.4151771428571429,OK,OTHER_QH_IN_SAME_HOUR_INVALID
2026-06-28T15:30:00Z,2026-06-28T18:30:00+03:00,2026-06-28T15:00:00Z,1.103862857142857,0.0,1.103862857142857,ALPHA_OUTSIDE_SIMPLEX,ALPHA_OUTSIDE_SIMPLEX
2026-06-28T15:45:00Z,2026-06-28T18:45:00+03:00,2026-06-28T15:00:00Z,1.2398171428571427,0.0,1.2398171428571427,ALPHA_OUTSIDE_SIMPLEX,ALPHA_OUTSIDE_SIMPLEX
2026-06-28T16:00:00Z,2026-06-28T19:00:00+03:00,2026-06-28T16:00:00Z,0.5499885714285715,0.0,0.5499885714285715,OK,OTHER_QH_IN_SAME_HOUR_INVALID
2026-06-28T16:15:00Z,2026-06-28T19:15:00+03:00,2026-06-28T16:00:00Z,0.6997028571428571,0.0,0.6997028571428571,OK,OTHER_QH_IN_SAME_HOUR_INVALID
2026-06-28T16:30:00Z,2026-06-28T19:30:00+03:00,2026-06-28T16:00:00Z,1.5258971428571428,0.0,1.5258971428571428,ALPHA_OUTSIDE_SIMPLEX,ALPHA_OUTSIDE_SIMPLEX
2026-06-28T16:45:00Z,2026-06-28T19:45:00+03:00,2026-06-28T16:00:00Z,1.8888457142857142,0.0,1.8888457142857142,ALPHA_OUTSIDE_SIMPLEX,ALPHA_OUTSIDE_SIMPLEX
2026-06-28T19:00:00Z,2026-06-28T22:00:00+03:00,2026-06-28T19:00:00Z,1.417782857142857,0.0,1.417782857142857,ALPHA_OUTSIDE_SIMPLEX,ALPHA_OUTSIDE_SIMPLEX
2026-06-28T19:15:00Z,2026-06-28T22:15:00+03:00,2026-06-28T19:00:00Z,1.8992685714285715,0.0,1.8992685714285715,ALPHA_OUTSIDE_SIMPLEX,ALPHA_OUTSIDE_SIMPLEX
2026-06-28T19:30:00Z,2026-06-28T22:30:00+03:00,2026-06-28T19:00:00Z,2.051565714285714,0.0,2.051565714285714,ALPHA_OUTSIDE_SIMPLEX,ALPHA_OUTSIDE_SIMPLEX
2026-06-28T19:45:00Z,2026-06-28T22:45:00+03:00,2026-06-28T19:00:00Z,2.0238857142857145,0.0,2.0238857142857145,ALPHA_OUTSIDE_SIMPLEX,ALPHA_OUTSIDE_SIMPLEX
2026-06-28T20:00:00Z,2026-06-28T23:00:00+03:00,2026-06-28T20:00:00Z,1.7712457142857143,0.0,1.7712457142857143,ALPHA_OUTSIDE_SIMPLEX,ALPHA_OUTSIDE_SIMPLEX
2026-06-28T20:15:00Z,2026-06-28T23:15:00+03:00,2026-06-28T20:00:00Z,0.6546514285714286,4.5714285714285716e-05,0.6546971428571429,OK,OTHER_QH_IN_SAME_HOUR_INVALID
2026-06-28T20:30:00Z,2026-06-28T23:30:00+03:00,2026-06-28T20:00:00Z,0.007954285714285714,0.0002057142857142857,0.00816,OK,OTHER_QH_IN_SAME_HOUR_INVALID
2026-06-28T20:45:00Z,2026-06-28T23:45:00+03:00,2026-06-28T20:00:00Z,0.2570285714285714,0.0006171428571428571,0.25764571428571426,OK,OTHER_QH_IN_SAME_HOUR_INVALID
2026-06-29T03:00:00Z,2026-06-29T06:00:00+03:00,2026-06-29T03:00:00Z,0.7932571428571428,0.0,0.7932571428571428,OK,OTHER_QH_IN_SAME_HOUR_INVALID
2026-06-29T03:15:00Z,2026-06-29T06:15:00+03:00,2026-06-29T03:00:00Z,1.0696228571428572,0.0,1.0696228571428572,ALPHA_OUTSIDE_SIMPLEX,ALPHA_OUTSIDE_SIMPLEX
2026-06-29T03:30:00Z,2026-06-29T06:30:00+03:00,2026-06-29T03:00:00Z,0.5237028571428571,0.0,0.5237028571428571,OK,OTHER_QH_IN_SAME_HOUR_INVALID
2026-06-29T03:45:00Z,2026-06-29T06:45:00+03:00,2026-06-29T03:00:00Z,0.41897142857142855,0.0,0.41897142857142855,OK,OTHER_QH_IN_SAME_HOUR_INVALID
2026-06-29T14:00:00Z,2026-06-29T17:00:00+03:00,2026-06-29T14:00:00Z,1.0785371428571429,0.0,1.0785371428571429,ALPHA_OUTSIDE_SIMPLEX,ALPHA_OUTSIDE_SIMPLEX
2026-06-29T14:15:00Z,2026-06-29T17:15:00+03:00,2026-06-29T14:00:00Z,0.97136,0.0,0.97136,OK,OTHER_QH_IN_SAME_HOUR_INVALID
2026-06-29T14:30:00Z,2026-06-29T17:30:00+03:00,2026-06-29T14:00:00Z,1.4366400000000001,0.0,1.4366400000000001,ALPHA_OUTSIDE_SIMPLEX,ALPHA_OUTSIDE_SIMPLEX
2026-06-29T14:45:00Z,2026-06-29T17:45:00+03:00,2026-06-29T14:00:00Z,1.3277257142857144,0.0,1.3277257142857144,ALPHA_OUTSIDE_SIMPLEX,ALPHA_OUTSIDE_SIMPLEX
2026-06-29T16:00:00Z,2026-06-29T19:00:00+03:00,2026-06-29T16:00:00Z,0.09396571428571428,0.0,0.09396571428571428,OK,OTHER_QH_IN_SAME_HOUR_INVALID
2026-06-29T16:15:00Z,2026-06-29T19:15:00+03:00,2026-06-29T16:00:00Z,0.32493714285714287,0.006491428571428571,0.33142857142857146,OK,OTHER_QH_IN_SAME_HOUR_INVALID
2026-06-29T16:30:00Z,2026-06-29T19:30:00+03:00,2026-06-29T16:00:00Z,1.7741485714285714,0.0,1.7741485714285714,ALPHA_OUTSIDE_SIMPLEX,ALPHA_OUTSIDE_SIMPLEX
2026-06-29T16:45:00Z,2026-06-29T19:45:00+03:00,2026-06-29T16:00:00Z,2.1138285714285714,0.0,2.1138285714285714,ALPHA_OUTSIDE_SIMPLEX,ALPHA_OUTSIDE_SIMPLEX
2026-06-29T17:00:00Z,2026-06-29T20:00:00+03:00,2026-06-29T17:00:00Z,1.7769371428571428,0.0,1.7769371428571428,ALPHA_OUTSIDE_SIMPLEX,ALPHA_OUTSIDE_SIMPLEX
2026-06-29T17:15:00Z,2026-06-29T20:15:00+03:00,2026-06-29T17:00:00Z,1.8261485714285715,0.0,1.8261485714285715,ALPHA_OUTSIDE_SIMPLEX,ALPHA_OUTSIDE_SIMPLEX
2026-06-29T17:30:00Z,2026-06-29T20:30:00+03:00,2026-06-29T17:00:00Z,1.8191314285714286,0.0,1.8191314285714286,ALPHA_OUTSIDE_SIMPLEX,ALPHA_OUTSIDE_SIMPLEX
2026-06-29T17:45:00Z,2026-06-29T20:45:00+03:00,2026-06-29T17:00:00Z,0.3464685714285714,0.0,0.3464685714285714,OK,OTHER_QH_IN_SAME_HOUR_INVALID
2026-06-29T19:00:00Z,2026-06-29T22:00:00+03:00,2026-06-29T19:00:00Z,1.6308799999999999,0.0,1.6308799999999999,ALPHA_OUTSIDE_SIMPLEX,ALPHA_OUTSIDE_SIMPLEX
2026-06-29T19:15:00Z,2026-06-29T22:15:00+03:00,2026-06-29T19:00:00Z,0.10084571428571429,0.0002514285714285714,0.10109714285714286,OK,OTHER_QH_IN_SAME_HOUR_INVALID
2026-06-29T19:30:00Z,2026-06-29T22:30:00+03:00,2026-06-29T19:00:00Z,0.005257142857142858,0.006674285714285714,0.011931428571428572,OK,OTHER_QH_IN_SAME_HOUR_INVALID
2026-06-29T19:45:00Z,2026-06-29T22:45:00+03:00,2026-06-29T19:00:00Z,0.007885714285714286,0.006011428571428572,0.013897142857142858,OK,OTHER_QH_IN_SAME_HOUR_INVALID
2026-06-30T08:00:00Z,2026-06-30T11:00:00+03:00,2026-06-30T08:00:00Z,1.2486171428571429,0.0,1.2486171428571429,ALPHA_OUTSIDE_SIMPLEX,ALPHA_OUTSIDE_SIMPLEX
2026-06-30T08:15:00Z,2026-06-30T11:15:00+03:00,2026-06-30T08:00:00Z,1.5600685714285714,0.0,1.5600685714285714,ALPHA_OUTSIDE_SIMPLEX,ALPHA_OUTSIDE_SIMPLEX
2026-06-30T08:30:00Z,2026-06-30T11:30:00+03:00,2026-06-30T08:00:00Z,1.7464457142857142,0.0,1.7464457142857142,ALPHA_OUTSIDE_SIMPLEX,ALPHA_OUTSIDE_SIMPLEX
2026-06-30T08:45:00Z,2026-06-30T11:45:00+03:00,2026-06-30T08:00:00Z,0.16438857142857144,0.004274285714285714,0.16866285714285714,OK,OTHER_QH_IN_SAME_HOUR_INVALID
2026-06-30T15:00:00Z,2026-06-30T18:00:00+03:00,2026-06-30T15:00:00Z,0.1146057142857143,0.00048,0.11508571428571429,OK,OTHER_QH_IN_SAME_HOUR_INVALID
2026-06-30T15:15:00Z,2026-06-30T18:15:00+03:00,2026-06-30T15:00:00Z,0.11433142857142857,0.0005028571428571428,0.11483428571428571,OK,OTHER_QH_IN_SAME_HOUR_INVALID
2026-06-30T15:30:00Z,2026-06-30T18:30:00+03:00,2026-06-30T15:00:00Z,1.2610285714285714,0.0,1.2610285714285714,ALPHA_OUTSIDE_SIMPLEX,ALPHA_OUTSIDE_SIMPLEX
2026-06-30T15:45:00Z,2026-06-30T18:45:00+03:00,2026-06-30T15:00:00Z,2.0677942857142857,0.0,2.0677942857142857,ALPHA_OUTSIDE_SIMPLEX,ALPHA_OUTSIDE_SIMPLEX
2026-06-30T16:00:00Z,2026-06-30T19:00:00+03:00,2026-06-30T16:00:00Z,2.0909485714285716,0.0,2.0909485714285716,ALPHA_OUTSIDE_SIMPLEX,ALPHA_OUTSIDE_SIMPLEX
2026-06-30T16:15:00Z,2026-06-30T19:15:00+03:00,2026-06-30T16:00:00Z,2.21104,0.0,2.21104,ALPHA_OUTSIDE_SIMPLEX,ALPHA_OUTSIDE_SIMPLEX
2026-06-30T16:30:00Z,2026-06-30T19:30:00+03:00,2026-06-30T16:00:00Z,2.01872,0.0,2.01872,ALPHA_OUTSIDE_SIMPLEX,ALPHA_OUTSIDE_SIMPLEX
2026-06-30T16:45:00Z,2026-06-30T19:45:00+03:00,2026-06-30T16:00:00Z,0.4584228571428572,0.012205714285714287,0.47062857142857145,OK,OTHER_QH_IN_SAME_HOUR_INVALID
2026-06-30T18:00:00Z,2026-06-30T21:00:00+03:00,2026-06-30T18:00:00Z,0.9153142857142857,0.0,0.9153142857142857,OK,OTHER_QH_IN_SAME_HOUR_INVALID
2026-06-30T18:15:00Z,2026-06-30T21:15:00+03:00,2026-06-30T18:00:00Z,1.5658285714285713,0.0,1.5658285714285713,ALPHA_OUTSIDE_SIMPLEX,ALPHA_OUTSIDE_SIMPLEX
2026-06-30T18:30:00Z,2026-06-30T21:30:00+03:00,2026-06-30T18:00:00Z,0.26845714285714284,4.5714285714285716e-05,0.2685028571428571,OK,OTHER_QH_IN_SAME_HOUR_INVALID
2026-06-30T18:45:00Z,2026-06-30T21:45:00+03:00,2026-06-30T18:00:00Z,0.0011200000000000001,0.018422857142857144,0.019542857142857143,OK,OTHER_QH_IN_SAME_HOUR_INVALID
2026-07-01T22:00:00Z,2026-07-02T01:00:00+03:00,2026-07-01T22:00:00Z,1.5376914285714285,0.0,1.5376914285714285,ALPHA_OUTSIDE_SIMPLEX,ALPHA_OUTSIDE_SIMPLEX
2026-07-01T22:15:00Z,2026-07-02T01:15:00+03:00,2026-07-01T22:00:00Z,0.7678628571428572,0.0,0.7678628571428572,OK,OTHER_QH_IN_SAME_HOUR_INVALID
2026-07-01T22:30:00Z,2026-07-02T01:30:00+03:00,2026-07-01T22:00:00Z,0.03926857142857143,0.0002057142857142857,0.03947428571428572,OK,OTHER_QH_IN_SAME_HOUR_INVALID
2026-07-01T22:45:00Z,2026-07-02T01:45:00+03:00,2026-07-01T22:00:00Z,0.3840685714285714,0.00022857142857142857,0.38429714285714284,OK,OTHER_QH_IN_SAME_HOUR_INVALID
2026-07-02T07:00:00Z,2026-07-02T10:00:00+03:00,2026-07-02T07:00:00Z,0.0,0.91184,0.91184,OK,OTHER_QH_IN_SAME_HOUR_INVALID
2026-07-02T07:15:00Z,2026-07-02T10:15:00+03:00,2026-07-02T07:00:00Z,0.0,0.7315657142857143,0.7315657142857143,OK,OTHER_QH_IN_SAME_HOUR_INVALID
2026-07-02T07:30:00Z,2026-07-02T10:30:00+03:00,2026-07-02T07:00:00Z,0.0,0.9636571428571428,0.9636571428571428,OK,OTHER_QH_IN_SAME_HOUR_INVALID
2026-07-02T07:45:00Z,2026-07-02T10:45:00+03:00,2026-07-02T07:00:00Z,0.0,1.0546971428571428,1.0546971428571428,ALPHA_OUTSIDE_SIMPLEX,ALPHA_OUTSIDE_SIMPLEX
2026-07-02T19:00:00Z,2026-07-02T22:00:00+03:00,2026-07-02T19:00:00Z,0.005234285714285715,0.09958857142857143,0.10482285714285715,OK,OTHER_QH_IN_SAME_HOUR_INVALID
2026-07-02T19:15:00Z,2026-07-02T22:15:00+03:00,2026-07-02T19:00:00Z,0.0,0.5870171428571428,0.5870171428571428,OK,OTHER_QH_IN_SAME_HOUR_INVALID
2026-07-02T19:30:00Z,2026-07-02T22:30:00+03:00,2026-07-02T19:00:00Z,0.0,1.2686857142857144,1.2686857142857144,ALPHA_OUTSIDE_SIMPLEX,ALPHA_OUTSIDE_SIMPLEX
2026-07-02T19:45:00Z,2026-07-02T22:45:00+03:00,2026-07-02T19:00:00Z,0.0,0.3275657142857143,0.3275657142857143,OK,OTHER_QH_IN_SAME_HOUR_INVALID
2026-07-03T06:00:00Z,2026-07-03T09:00:00+03:00,2026-07-03T06:00:00Z,0.8107657142857142,0.0,0.8107657142857142,OK,OTHER_QH_IN_SAME_HOUR_INVALID
2026-07-03T06:15:00Z,2026-07-03T09:15:00+03:00,2026-07-03T06:00:00Z,0.5911542857142857,0.0,0.5911542857142857,OK,OTHER_QH_IN_SAME_HOUR_INVALID
2026-07-03T06:30:00Z,2026-07-03T09:30:00+03:00,2026-07-03T06:00:00Z,1.2189257142857144,0.0,1.2189257142857144,ALPHA_OUTSIDE_SIMPLEX,ALPHA_OUTSIDE_SIMPLEX
2026-07-03T06:45:00Z,2026-07-03T09:45:00+03:00,2026-07-03T06:00:00Z,0.6552457142857143,0.0,0.6552457142857143,OK,OTHER_QH_IN_SAME_HOUR_INVALID
2026-07-03T07:00:00Z,2026-07-03T10:00:00+03:00,2026-07-03T07:00:00Z,1.0147885714285714,0.0,1.0147885714285714,ALPHA_OUTSIDE_SIMPLEX,ALPHA_OUTSIDE_SIMPLEX
2026-07-03T07:15:00Z,2026-07-03T10:15:00+03:00,2026-07-03T07:00:00Z,0.8652571428571428,0.0,0.8652571428571428,OK,OTHER_QH_IN_SAME_HOUR_INVALID
2026-07-03T07:30:00Z,2026-07-03T10:30:00+03:00,2026-07-03T07:00:00Z,1.013302857142857,0.0,1.013302857142857,ALPHA_OUTSIDE_SIMPLEX,ALPHA_OUTSIDE_SIMPLEX
2026-07-03T07:45:00Z,2026-07-03T10:45:00+03:00,2026-07-03T07:00:00Z,0.9422857142857143,0.0,0.9422857142857143,OK,OTHER_QH_IN_SAME_HOUR_INVALID
2026-07-03T09:00:00Z,2026-07-03T12:00:00+03:00,2026-07-03T09:00:00Z,0.00016,0.3530057142857143,0.3531657142857143,OK,OTHER_QH_IN_SAME_HOUR_INVALID
2026-07-03T09:15:00Z,2026-07-03T12:15:00+03:00,2026-07-03T09:00:00Z,0.0,1.2050742857142858,1.2050742857142858,ALPHA_OUTSIDE_SIMPLEX,ALPHA_OUTSIDE_SIMPLEX
2026-07-03T09:30:00Z,2026-07-03T12:30:00+03:00,2026-07-03T09:00:00Z,0.0,1.3936,1.3936,ALPHA_OUTSIDE_SIMPLEX,ALPHA_OUTSIDE_SIMPLEX
2026-07-03T09:45:00Z,2026-07-03T12:45:00+03:00,2026-07-03T09:00:00Z,0.0,0.5557257142857143,0.5557257142857143,OK,OTHER_QH_IN_SAME_HOUR_INVALID
2026-07-03T19:00:00Z,2026-07-03T22:00:00+03:00,2026-07-03T19:00:00Z,1.5583314285714287,0.0,1.5583314285714287,ALPHA_OUTSIDE_SIMPLEX,ALPHA_OUTSIDE_SIMPLEX
2026-07-03T19:15:00Z,2026-07-03T22:15:00+03:00,2026-07-03T19:00:00Z,1.2832685714285714,0.0,1.2832685714285714,ALPHA_OUTSIDE_SIMPLEX,ALPHA_OUTSIDE_SIMPLEX
2026-07-03T19:30:00Z,2026-07-03T22:30:00+03:00,2026-07-03T19:00:00Z,0.02976,0.00045714285714285713,0.03021714285714286,OK,OTHER_QH_IN_SAME_HOUR_INVALID
2026-07-03T19:45:00Z,2026-07-03T22:45:00+03:00,2026-07-03T19:00:00Z,0.006171428571428572,0.16660571428571427,0.17277714285714285,OK,OTHER_QH_IN_SAME_HOUR_INVALID
2026-07-03T20:00:00Z,2026-07-03T23:00:00+03:00,2026-07-03T20:00:00Z,0.01696,0.06468571428571429,0.0816457142857143,OK,OTHER_QH_IN_SAME_HOUR_INVALID
2026-07-03T20:15:00Z,2026-07-03T23:15:00+03:00,2026-07-03T20:00:00Z,2.2857142857142858e-05,0.7172571428571428,0.7172799999999999,OK,OTHER_QH_IN_SAME_HOUR_INVALID
2026-07-03T20:30:00Z,2026-07-03T23:30:00+03:00,2026-07-03T20:00:00Z,0.0,0.8044571428571429,0.8044571428571429,OK,OTHER_QH_IN_SAME_HOUR_INVALID
2026-07-03T20:45:00Z,2026-07-03T23:45:00+03:00,2026-07-03T20:00:00Z,0.0,1.2798857142857143,1.2798857142857143,ALPHA_OUTSIDE_SIMPLEX,ALPHA_OUTSIDE_SIMPLEX
2026-07-04T05:00:00Z,2026-07-04T08:00:00+03:00,2026-07-04T05:00:00Z,1.1636571428571427,2.2857142857142858e-05,1.1636799999999998,ALPHA_OUTSIDE_SIMPLEX,ALPHA_OUTSIDE_SIMPLEX
2026-07-04T05:15:00Z,2026-07-04T08:15:00+03:00,2026-07-04T05:00:00Z,0.9461028571428572,0.0,0.9461028571428572,OK,OTHER_QH_IN_SAME_HOUR_INVALID
2026-07-04T05:30:00Z,2026-07-04T08:30:00+03:00,2026-07-04T05:00:00Z,0.016708571428571427,0.0048,0.021508571428571426,OK,OTHER_QH_IN_SAME_HOUR_INVALID
2026-07-04T05:45:00Z,2026-07-04T08:45:00+03:00,2026-07-04T05:00:00Z,0.004685714285714285,0.006034285714285714,0.01072,OK,OTHER_QH_IN_SAME_HOUR_INVALID
2026-07-04T07:00:00Z,2026-07-04T10:00:00+03:00,2026-07-04T07:00:00Z,0.0,0.06432,0.06432,OK,OTHER_QH_IN_SAME_HOUR_INVALID
2026-07-04T07:15:00Z,2026-07-04T10:15:00+03:00,2026-07-04T07:00:00Z,0.0,0.49744000000000005,0.49744000000000005,OK,OTHER_QH_IN_SAME_HOUR_INVALID
2026-07-04T07:30:00Z,2026-07-04T10:30:00+03:00,2026-07-04T07:00:00Z,0.0,0.5896228571428571,0.5896228571428571,OK,OTHER_QH_IN_SAME_HOUR_INVALID
2026-07-04T07:45:00Z,2026-07-04T10:45:00+03:00,2026-07-04T07:00:00Z,0.0,1.4321599999999999,1.4321599999999999,ALPHA_OUTSIDE_SIMPLEX,ALPHA_OUTSIDE_SIMPLEX
2026-07-04T15:00:00Z,2026-07-04T18:00:00+03:00,2026-07-04T15:00:00Z,0.0,1.2008685714285714,1.2008685714285714,ALPHA_OUTSIDE_SIMPLEX,ALPHA_OUTSIDE_SIMPLEX
2026-07-04T15:15:00Z,2026-07-04T18:15:00+03:00,2026-07-04T15:00:00Z,0.0,0.8323885714285715,0.8323885714285715,OK,OTHER_QH_IN_SAME_HOUR_INVALID
2026-07-04T15:30:00Z,2026-07-04T18:30:00+03:00,2026-07-04T15:00:00Z,0.0005257142857142857,0.10509714285714285,0.10562285714285713,OK,OTHER_QH_IN_SAME_HOUR_INVALID
2026-07-04T15:45:00Z,2026-07-04T18:45:00+03:00,2026-07-04T15:00:00Z,0.10678857142857143,0.1458742857142857,0.25266285714285713,OK,OTHER_QH_IN_SAME_HOUR_INVALID
2026-07-05T12:00:00Z,2026-07-05T15:00:00+03:00,2026-07-05T12:00:00Z,0.2612114285714286,0.0,0.2612114285714286,OK,OTHER_QH_IN_SAME_HOUR_INVALID
2026-07-05T12:15:00Z,2026-07-05T15:15:00+03:00,2026-07-05T12:00:00Z,1.0044114285714285,0.0,1.0044114285714285,ALPHA_OUTSIDE_SIMPLEX,ALPHA_OUTSIDE_SIMPLEX
2026-07-05T12:30:00Z,2026-07-05T15:30:00+03:00,2026-07-05T12:00:00Z,0.8197942857142857,0.0,0.8197942857142857,OK,OTHER_QH_IN_SAME_HOUR_INVALID
2026-07-05T12:45:00Z,2026-07-05T15:45:00+03:00,2026-07-05T12:00:00Z,1.89984,0.0,1.89984,ALPHA_OUTSIDE_SIMPLEX,ALPHA_OUTSIDE_SIMPLEX
2026-07-05T14:00:00Z,2026-07-05T17:00:00+03:00,2026-07-05T14:00:00Z,0.03030857142857143,0.2930285714285714,0.3233371428571428,OK,OTHER_QH_IN_SAME_HOUR_INVALID
2026-07-05T14:15:00Z,2026-07-05T17:15:00+03:00,2026-07-05T14:00:00Z,2.2857142857142858e-05,0.34784,0.34786285714285714,OK,OTHER_QH_IN_SAME_HOUR_INVALID
2026-07-05T14:30:00Z,2026-07-05T17:30:00+03:00,2026-07-05T14:00:00Z,0.0,1.301302857142857,1.301302857142857,ALPHA_OUTSIDE_SIMPLEX,ALPHA_OUTSIDE_SIMPLEX
2026-07-05T14:45:00Z,2026-07-05T17:45:00+03:00,2026-07-05T14:00:00Z,0.0,0.9326857142857142,0.9326857142857142,OK,OTHER_QH_IN_SAME_HOUR_INVALID
2026-07-05T15:00:00Z,2026-07-05T18:00:00+03:00,2026-07-05T15:00:00Z,0.0,1.6963885714285714,1.6963885714285714,ALPHA_OUTSIDE_SIMPLEX,ALPHA_OUTSIDE_SIMPLEX
2026-07-05T15:15:00Z,2026-07-05T18:15:00+03:00,2026-07-05T15:00:00Z,0.0,1.68672,1.68672,ALPHA_OUTSIDE_SIMPLEX,ALPHA_OUTSIDE_SIMPLEX
2026-07-05T15:30:00Z,2026-07-05T18:30:00+03:00,2026-07-05T15:00:00Z,0.00048,0.77888,0.77936,OK,OTHER_QH_IN_SAME_HOUR_INVALID
2026-07-05T15:45:00Z,2026-07-05T18:45:00+03:00,2026-07-05T15:00:00Z,0.2047314285714286,0.0004114285714285714,0.20514285714285715,OK,OTHER_QH_IN_SAME_HOUR_INVALID
2026-07-06T19:00:00Z,2026-07-06T22:00:00+03:00,2026-07-06T19:00:00Z,1.1183085714285714,0.0,1.1183085714285714,ALPHA_OUTSIDE_SIMPLEX,ALPHA_OUTSIDE_SIMPLEX
2026-07-06T19:15:00Z,2026-07-06T22:15:00+03:00,2026-07-06T19:00:00Z,0.29805714285714285,0.0,0.29805714285714285,OK,OTHER_QH_IN_SAME_HOUR_INVALID
2026-07-06T19:30:00Z,2026-07-06T22:30:00+03:00,2026-07-06T19:00:00Z,0.08550857142857143,0.0,0.08550857142857143,OK,OTHER_QH_IN_SAME_HOUR_INVALID
2026-07-06T19:45:00Z,2026-07-06T22:45:00+03:00,2026-07-06T19:00:00Z,0.09270857142857143,0.003657142857142857,0.09636571428571429,OK,OTHER_QH_IN_SAME_HOUR_INVALID
2026-07-06T21:00:00Z,2026-07-07T00:00:00+03:00,2026-07-06T21:00:00Z,0.7752228571428571,0.0,0.7752228571428571,OK,OTHER_QH_IN_SAME_HOUR_INVALID
2026-07-06T21:15:00Z,2026-07-07T00:15:00+03:00,2026-07-06T21:00:00Z,1.1231771428571429,0.0,1.1231771428571429,ALPHA_OUTSIDE_SIMPLEX,ALPHA_OUTSIDE_SIMPLEX
2026-07-06T21:30:00Z,2026-07-07T00:30:00+03:00,2026-07-06T21:00:00Z,0.7160228571428572,0.0,0.7160228571428572,OK,OTHER_QH_IN_SAME_HOUR_INVALID
2026-07-06T21:45:00Z,2026-07-07T00:45:00+03:00,2026-07-06T21:00:00Z,0.23094857142857142,0.0,0.23094857142857142,OK,OTHER_QH_IN_SAME_HOUR_INVALID
2026-07-07T12:00:00Z,2026-07-07T15:00:00+03:00,2026-07-07T12:00:00Z,0.07513142857142857,0.018674285714285713,0.09380571428571428,OK,OTHER_QH_IN_SAME_HOUR_INVALID
2026-07-07T12:15:00Z,2026-07-07T15:15:00+03:00,2026-07-07T12:00:00Z,0.07266285714285714,0.0019657142857142855,0.07462857142857142,OK,OTHER_QH_IN_SAME_HOUR_INVALID
2026-07-07T12:30:00Z,2026-07-07T15:30:00+03:00,2026-07-07T12:00:00Z,,,,ALPHA_UNCOMPUTABLE,ALPHA_UNCOMPUTABLE
2026-07-07T12:45:00Z,2026-07-07T15:45:00+03:00,2026-07-07T12:00:00Z,1.8339199999999998,0.0,1.8339199999999998,ALPHA_OUTSIDE_SIMPLEX,ALPHA_OUTSIDE_SIMPLEX
2026-07-07T14:00:00Z,2026-07-07T17:00:00+03:00,2026-07-07T14:00:00Z,0.0,1.2253257142857141,1.2253257142857141,ALPHA_OUTSIDE_SIMPLEX,ALPHA_OUTSIDE_SIMPLEX
2026-07-07T14:15:00Z,2026-07-07T17:15:00+03:00,2026-07-07T14:00:00Z,0.0,1.2218514285714286,1.2218514285714286,ALPHA_OUTSIDE_SIMPLEX,ALPHA_OUTSIDE_SIMPLEX
2026-07-07T14:30:00Z,2026-07-07T17:30:00+03:00,2026-07-07T14:00:00Z,0.0,0.5355885714285714,0.5355885714285714,OK,OTHER_QH_IN_SAME_HOUR_INVALID
2026-07-07T14:45:00Z,2026-07-07T17:45:00+03:00,2026-07-07T14:00:00Z,0.0008,0.19197714285714285,0.19277714285714284,OK,OTHER_QH_IN_SAME_HOUR_INVALID
2026-07-08T12:00:00Z,2026-07-08T15:00:00+03:00,2026-07-08T12:00:00Z,0.5469257142857143,0.003885714285714286,0.5508114285714286,OK,OTHER_QH_IN_SAME_HOUR_INVALID
2026-07-08T12:15:00Z,2026-07-08T15:15:00+03:00,2026-07-08T12:00:00Z,1.3137599999999998,0.0,1.3137599999999998,ALPHA_OUTSIDE_SIMPLEX,ALPHA_OUTSIDE_SIMPLEX
2026-07-08T12:30:00Z,2026-07-08T15:30:00+03:00,2026-07-08T12:00:00Z,0.28512,0.0,0.28512,OK,OTHER_QH_IN_SAME_HOUR_INVALID
2026-07-08T12:45:00Z,2026-07-08T15:45:00+03:00,2026-07-08T12:00:00Z,0.010102857142857143,0.00144,0.011542857142857143,OK,OTHER_QH_IN_SAME_HOUR_INVALID
2026-07-08T16:00:00Z,2026-07-08T19:00:00+03:00,2026-07-08T16:00:00Z,0.16578285714285715,0.001302857142857143,0.16708571428571428,OK,OTHER_QH_IN_SAME_HOUR_INVALID
2026-07-08T16:15:00Z,2026-07-08T19:15:00+03:00,2026-07-08T16:00:00Z,0.020594285714285714,0.0013485714285714286,0.021942857142857142,OK,OTHER_QH_IN_SAME_HOUR_INVALID
2026-07-08T16:30:00Z,2026-07-08T19:30:00+03:00,2026-07-08T16:00:00Z,0.5808228571428572,0.0,0.5808228571428572,OK,OTHER_QH_IN_SAME_HOUR_INVALID
2026-07-08T16:45:00Z,2026-07-08T19:45:00+03:00,2026-07-08T16:00:00Z,1.1280914285714285,0.0,1.1280914285714285,ALPHA_OUTSIDE_SIMPLEX,ALPHA_OUTSIDE_SIMPLEX
2026-07-08T23:00:00Z,2026-07-09T02:00:00+03:00,2026-07-08T23:00:00Z,0.0,0.08438857142857144,0.08438857142857144,OK,OTHER_QH_IN_SAME_HOUR_INVALID
2026-07-08T23:15:00Z,2026-07-09T02:15:00+03:00,2026-07-08T23:00:00Z,0.0,1.2474057142857142,1.2474057142857142,ALPHA_OUTSIDE_SIMPLEX,ALPHA_OUTSIDE_SIMPLEX
2026-07-08T23:30:00Z,2026-07-09T02:30:00+03:00,2026-07-08T23:00:00Z,0.0,0.9922971428571428,0.9922971428571428,OK,OTHER_QH_IN_SAME_HOUR_INVALID
2026-07-08T23:45:00Z,2026-07-09T02:45:00+03:00,2026-07-08T23:00:00Z,0.0,0.6009142857142857,0.6009142857142857,OK,OTHER_QH_IN_SAME_HOUR_INVALID
2026-07-09T19:00:00Z,2026-07-09T22:00:00+03:00,2026-07-09T19:00:00Z,0.0,1.1639085714285715,1.1639085714285715,ALPHA_OUTSIDE_SIMPLEX,ALPHA_OUTSIDE_SIMPLEX
2026-07-09T19:15:00Z,2026-07-09T22:15:00+03:00,2026-07-09T19:00:00Z,0.0,2.0783085714285714,2.0783085714285714,ALPHA_OUTSIDE_SIMPLEX,ALPHA_OUTSIDE_SIMPLEX
2026-07-09T19:30:00Z,2026-07-09T22:30:00+03:00,2026-07-09T19:00:00Z,0.0,1.7033371428571429,1.7033371428571429,ALPHA_OUTSIDE_SIMPLEX,ALPHA_OUTSIDE_SIMPLEX
2026-07-09T19:45:00Z,2026-07-09T22:45:00+03:00,2026-07-09T19:00:00Z,0.0,0.40116571428571424,0.40116571428571424,OK,OTHER_QH_IN_SAME_HOUR_INVALID
2026-07-09T22:00:00Z,2026-07-10T01:00:00+03:00,2026-07-09T22:00:00Z,1.0408685714285713,0.0,1.0408685714285713,ALPHA_OUTSIDE_SIMPLEX,ALPHA_OUTSIDE_SIMPLEX
2026-07-09T22:15:00Z,2026-07-10T01:15:00+03:00,2026-07-09T22:00:00Z,0.8330742857142858,0.0,0.8330742857142858,OK,OTHER_QH_IN_SAME_HOUR_INVALID
2026-07-09T22:30:00Z,2026-07-10T01:30:00+03:00,2026-07-09T22:00:00Z,0.15469714285714284,0.0,0.15469714285714284,OK,OTHER_QH_IN_SAME_HOUR_INVALID
2026-07-09T22:45:00Z,2026-07-10T01:45:00+03:00,2026-07-09T22:00:00Z,0.01853714285714286,0.03371428571428572,0.052251428571428574,OK,OTHER_QH_IN_SAME_HOUR_INVALID
2026-07-09T23:00:00Z,2026-07-10T02:00:00+03:00,2026-07-09T23:00:00Z,0.00064,0.23908571428571432,0.23972571428571432,OK,OTHER_QH_IN_SAME_HOUR_INVALID
2026-07-09T23:15:00Z,2026-07-10T02:15:00+03:00,2026-07-09T23:00:00Z,0.0,1.1793142857142858,1.1793142857142858,ALPHA_OUTSIDE_SIMPLEX,ALPHA_OUTSIDE_SIMPLEX
2026-07-09T23:30:00Z,2026-07-10T02:30:00+03:00,2026-07-09T23:00:00Z,0.0,1.4012342857142857,1.4012342857142857,ALPHA_OUTSIDE_SIMPLEX,ALPHA_OUTSIDE_SIMPLEX
2026-07-09T23:45:00Z,2026-07-10T02:45:00+03:00,2026-07-09T23:00:00Z,0.0,0.4175771428571428,0.4175771428571428,OK,OTHER_QH_IN_SAME_HOUR_INVALID
2026-07-10T08:00:00Z,2026-07-10T11:00:00+03:00,2026-07-10T08:00:00Z,0.0,1.30368,1.30368,ALPHA_OUTSIDE_SIMPLEX,ALPHA_OUTSIDE_SIMPLEX
2026-07-10T08:15:00Z,2026-07-10T11:15:00+03:00,2026-07-10T08:00:00Z,0.0,0.5763657142857143,0.5763657142857143,OK,OTHER_QH_IN_SAME_HOUR_INVALID
2026-07-10T08:30:00Z,2026-07-10T11:30:00+03:00,2026-07-10T08:00:00Z,0.0013942857142857142,0.2311542857142857,0.2325485714285714,OK,OTHER_QH_IN_SAME_HOUR_INVALID
2026-07-10T08:45:00Z,2026-07-10T11:45:00+03:00,2026-07-10T08:00:00Z,0.01081142857142857,0.043314285714285715,0.054125714285714284,OK,OTHER_QH_IN_SAME_HOUR_INVALID
2026-07-10T15:00:00Z,2026-07-10T18:00:00+03:00,2026-07-10T15:00:00Z,0.0,2.099542857142857,2.099542857142857,ALPHA_OUTSIDE_SIMPLEX,ALPHA_OUTSIDE_SIMPLEX
2026-07-10T15:15:00Z,2026-07-10T18:15:00+03:00,2026-07-10T15:00:00Z,0.0,1.6375542857142857,1.6375542857142857,ALPHA_OUTSIDE_SIMPLEX,ALPHA_OUTSIDE_SIMPLEX
2026-07-10T15:30:00Z,2026-07-10T18:30:00+03:00,2026-07-10T15:00:00Z,0.0,0.6583542857142858,0.6583542857142858,OK,OTHER_QH_IN_SAME_HOUR_INVALID
2026-07-10T15:45:00Z,2026-07-10T18:45:00+03:00,2026-07-10T15:00:00Z,0.15300571428571427,0.08621714285714285,0.23922285714285713,OK,OTHER_QH_IN_SAME_HOUR_INVALID
2026-07-11T01:00:00Z,2026-07-11T04:00:00+03:00,2026-07-11T01:00:00Z,1.0773257142857144,0.0,1.0773257142857144,ALPHA_OUTSIDE_SIMPLEX,ALPHA_OUTSIDE_SIMPLEX
2026-07-11T01:15:00Z,2026-07-11T04:15:00+03:00,2026-07-11T01:00:00Z,0.29986285714285715,0.0,0.29986285714285715,OK,OTHER_QH_IN_SAME_HOUR_INVALID
2026-07-11T01:30:00Z,2026-07-11T04:30:00+03:00,2026-07-11T01:00:00Z,0.6462628571428571,0.0,0.6462628571428571,OK,OTHER_QH_IN_SAME_HOUR_INVALID
2026-07-11T01:45:00Z,2026-07-11T04:45:00+03:00,2026-07-11T01:00:00Z,0.42697142857142856,0.0,0.42697142857142856,OK,OTHER_QH_IN_SAME_HOUR_INVALID
2026-07-12T16:00:00Z,2026-07-12T19:00:00+03:00,2026-07-12T16:00:00Z,0.0,1.2383314285714286,1.2383314285714286,ALPHA_OUTSIDE_SIMPLEX,ALPHA_OUTSIDE_SIMPLEX
2026-07-12T16:15:00Z,2026-07-12T19:15:00+03:00,2026-07-12T16:00:00Z,0.0,0.7607542857142857,0.7607542857142857,OK,OTHER_QH_IN_SAME_HOUR_INVALID
2026-07-12T16:30:00Z,2026-07-12T19:30:00+03:00,2026-07-12T16:00:00Z,0.0,0.78,0.78,OK,OTHER_QH_IN_SAME_HOUR_INVALID
2026-07-12T16:45:00Z,2026-07-12T19:45:00+03:00,2026-07-12T16:00:00Z,0.0,0.2047085714285714,0.2047085714285714,OK,OTHER_QH_IN_SAME_HOUR_INVALID
2026-07-12T23:00:00Z,2026-07-13T02:00:00+03:00,2026-07-12T23:00:00Z,0.0,0.9189257142857143,0.9189257142857143,OK,OTHER_QH_IN_SAME_HOUR_INVALID
2026-07-12T23:15:00Z,2026-07-13T02:15:00+03:00,2026-07-12T23:00:00Z,0.0,0.6587657142857143,0.6587657142857143,OK,OTHER_QH_IN_SAME_HOUR_INVALID
2026-07-12T23:30:00Z,2026-07-13T02:30:00+03:00,2026-07-12T23:00:00Z,0.0,0.25497142857142857,0.25497142857142857,OK,OTHER_QH_IN_SAME_HOUR_INVALID
2026-07-12T23:45:00Z,2026-07-13T02:45:00+03:00,2026-07-12T23:00:00Z,0.0,1.1126399999999999,1.1126399999999999,ALPHA_OUTSIDE_SIMPLEX,ALPHA_OUTSIDE_SIMPLEX
2026-07-13T13:00:00Z,2026-07-13T16:00:00+03:00,2026-07-13T13:00:00Z,0.0006857142857142857,0.21709714285714285,0.21778285714285714,OK,OTHER_QH_IN_SAME_HOUR_INVALID
2026-07-13T13:15:00Z,2026-07-13T16:15:00+03:00,2026-07-13T13:00:00Z,0.0,1.3485028571428572,1.3485028571428572,ALPHA_OUTSIDE_SIMPLEX,ALPHA_OUTSIDE_SIMPLEX
2026-07-13T13:30:00Z,2026-07-13T16:30:00+03:00,2026-07-13T13:00:00Z,0.0,0.14091428571428571,0.14091428571428571,OK,OTHER_QH_IN_SAME_HOUR_INVALID
2026-07-13T13:45:00Z,2026-07-13T16:45:00+03:00,2026-07-13T13:00:00Z,0.0,0.3048228571428572,0.3048228571428572,OK,OTHER_QH_IN_SAME_HOUR_INVALID
2026-07-13T14:00:00Z,2026-07-13T17:00:00+03:00,2026-07-13T14:00:00Z,0.0,1.0820342857142857,1.0820342857142857,ALPHA_OUTSIDE_SIMPLEX,ALPHA_OUTSIDE_SIMPLEX
2026-07-13T14:15:00Z,2026-07-13T17:15:00+03:00,2026-07-13T14:00:00Z,0.0,1.2094857142857143,1.2094857142857143,ALPHA_OUTSIDE_SIMPLEX,ALPHA_OUTSIDE_SIMPLEX
2026-07-13T14:30:00Z,2026-07-13T17:30:00+03:00,2026-07-13T14:00:00Z,0.0,0.8968685714285715,0.8968685714285715,OK,OTHER_QH_IN_SAME_HOUR_INVALID
2026-07-13T14:45:00Z,2026-07-13T17:45:00+03:00,2026-07-13T14:00:00Z,0.0,0.3932571428571428,0.3932571428571428,OK,OTHER_QH_IN_SAME_HOUR_INVALID
2026-07-14T06:00:00Z,2026-07-14T09:00:00+03:00,2026-07-14T06:00:00Z,0.0,0.8611428571428571,0.8611428571428571,OK,OTHER_QH_IN_SAME_HOUR_INVALID
2026-07-14T06:15:00Z,2026-07-14T09:15:00+03:00,2026-07-14T06:00:00Z,0.0,1.3451885714285714,1.3451885714285714,ALPHA_OUTSIDE_SIMPLEX,ALPHA_OUTSIDE_SIMPLEX
2026-07-14T06:30:00Z,2026-07-14T09:30:00+03:00,2026-07-14T06:00:00Z,0.0,1.9108342857142857,1.9108342857142857,ALPHA_OUTSIDE_SIMPLEX,ALPHA_OUTSIDE_SIMPLEX
2026-07-14T06:45:00Z,2026-07-14T09:45:00+03:00,2026-07-14T06:00:00Z,0.0,2.0235657142857146,2.0235657142857146,ALPHA_OUTSIDE_SIMPLEX,ALPHA_OUTSIDE_SIMPLEX
2026-07-14T07:00:00Z,2026-07-14T10:00:00+03:00,2026-07-14T07:00:00Z,0.0,2.3156114285714287,2.3156114285714287,ALPHA_OUTSIDE_SIMPLEX,ALPHA_OUTSIDE_SIMPLEX
2026-07-14T07:15:00Z,2026-07-14T10:15:00+03:00,2026-07-14T07:00:00Z,0.0,1.7247314285714284,1.7247314285714284,ALPHA_OUTSIDE_SIMPLEX,ALPHA_OUTSIDE_SIMPLEX
2026-07-14T07:30:00Z,2026-07-14T10:30:00+03:00,2026-07-14T07:00:00Z,0.0,0.2919542857142857,0.2919542857142857,OK,OTHER_QH_IN_SAME_HOUR_INVALID
2026-07-14T07:45:00Z,2026-07-14T10:45:00+03:00,2026-07-14T07:00:00Z,0.0,0.7416457142857144,0.7416457142857144,OK,OTHER_QH_IN_SAME_HOUR_INVALID
2026-07-14T08:00:00Z,2026-07-14T11:00:00+03:00,2026-07-14T08:00:00Z,0.0,0.7072457142857143,0.7072457142857143,OK,OTHER_QH_IN_SAME_HOUR_INVALID
2026-07-14T08:15:00Z,2026-07-14T11:15:00+03:00,2026-07-14T08:00:00Z,0.0,1.1835428571428572,1.1835428571428572,ALPHA_OUTSIDE_SIMPLEX,ALPHA_OUTSIDE_SIMPLEX
2026-07-14T08:30:00Z,2026-07-14T11:30:00+03:00,2026-07-14T08:00:00Z,0.0,0.7297371428571429,0.7297371428571429,OK,OTHER_QH_IN_SAME_HOUR_INVALID
2026-07-14T08:45:00Z,2026-07-14T11:45:00+03:00,2026-07-14T08:00:00Z,0.0,0.6101028571428572,0.6101028571428572,OK,OTHER_QH_IN_SAME_HOUR_INVALID
2026-07-14T09:00:00Z,2026-07-14T12:00:00+03:00,2026-07-14T09:00:00Z,0.0,1.1351771428571429,1.1351771428571429,ALPHA_OUTSIDE_SIMPLEX,ALPHA_OUTSIDE_SIMPLEX
2026-07-14T09:15:00Z,2026-07-14T12:15:00+03:00,2026-07-14T09:00:00Z,0.0,0.6531428571428571,0.6531428571428571,OK,OTHER_QH_IN_SAME_HOUR_INVALID
2026-07-14T09:30:00Z,2026-07-14T12:30:00+03:00,2026-07-14T09:00:00Z,0.0,0.37053714285714284,0.37053714285714284,OK,OTHER_QH_IN_SAME_HOUR_INVALID
2026-07-14T09:45:00Z,2026-07-14T12:45:00+03:00,2026-07-14T09:00:00Z,0.0,0.2521142857142857,0.2521142857142857,OK,OTHER_QH_IN_SAME_HOUR_INVALID
2026-07-15T12:00:00Z,2026-07-15T15:00:00+03:00,2026-07-15T12:00:00Z,0.50432,4.5714285714285716e-05,0.5043657142857143,OK,OTHER_QH_IN_SAME_HOUR_INVALID
2026-07-15T12:15:00Z,2026-07-15T15:15:00+03:00,2026-07-15T12:00:00Z,1.74096,0.0,1.74096,ALPHA_OUTSIDE_SIMPLEX,ALPHA_OUTSIDE_SIMPLEX
2026-07-15T12:30:00Z,2026-07-15T15:30:00+03:00,2026-07-15T12:00:00Z,1.5224914285714284,0.0,1.5224914285714284,ALPHA_OUTSIDE_SIMPLEX,ALPHA_OUTSIDE_SIMPLEX
2026-07-15T12:45:00Z,2026-07-15T15:45:00+03:00,2026-07-15T12:00:00Z,1.2375771428571427,0.0,1.2375771428571427,ALPHA_OUTSIDE_SIMPLEX,ALPHA_OUTSIDE_SIMPLEX
2026-07-15T16:00:00Z,2026-07-15T19:00:00+03:00,2026-07-15T16:00:00Z,0.23065142857142856,0.0013485714285714286,0.23199999999999998,OK,OTHER_QH_IN_SAME_HOUR_INVALID
2026-07-15T16:15:00Z,2026-07-15T19:15:00+03:00,2026-07-15T16:00:00Z,0.5918171428571428,0.0,0.5918171428571428,OK,OTHER_QH_IN_SAME_HOUR_INVALID
2026-07-15T16:30:00Z,2026-07-15T19:30:00+03:00,2026-07-15T16:00:00Z,1.2312228571428572,0.0,1.2312228571428572,ALPHA_OUTSIDE_SIMPLEX,ALPHA_OUTSIDE_SIMPLEX
2026-07-15T16:45:00Z,2026-07-15T19:45:00+03:00,2026-07-15T16:00:00Z,1.2710857142857144,0.0,1.2710857142857144,ALPHA_OUTSIDE_SIMPLEX,ALPHA_OUTSIDE_SIMPLEX
2026-07-16T07:00:00Z,2026-07-16T10:00:00+03:00,2026-07-16T07:00:00Z,1.3808685714285713,0.0,1.3808685714285713,ALPHA_OUTSIDE_SIMPLEX,ALPHA_OUTSIDE_SIMPLEX
2026-07-16T07:15:00Z,2026-07-16T10:15:00+03:00,2026-07-16T07:00:00Z,0.6213714285714286,0.00036571428571428573,0.6217371428571429,OK,OTHER_QH_IN_SAME_HOUR_INVALID
2026-07-16T07:30:00Z,2026-07-16T10:30:00+03:00,2026-07-16T07:00:00Z,0.10182857142857143,0.0007085714285714285,0.10253714285714287,OK,OTHER_QH_IN_SAME_HOUR_INVALID
2026-07-16T07:45:00Z,2026-07-16T10:45:00+03:00,2026-07-16T07:00:00Z,0.005645714285714286,0.39490285714285717,0.4005485714285715,OK,OTHER_QH_IN_SAME_HOUR_INVALID
2026-07-16T12:00:00Z,2026-07-16T15:00:00+03:00,2026-07-16T12:00:00Z,0.12319999999999999,0.0006857142857142857,0.12388571428571428,OK,OTHER_QH_IN_SAME_HOUR_INVALID
2026-07-16T12:15:00Z,2026-07-16T15:15:00+03:00,2026-07-16T12:00:00Z,1.622902857142857,0.0,1.622902857142857,ALPHA_OUTSIDE_SIMPLEX,ALPHA_OUTSIDE_SIMPLEX
2026-07-16T12:30:00Z,2026-07-16T15:30:00+03:00,2026-07-16T12:00:00Z,1.3106057142857142,0.0,1.3106057142857142,ALPHA_OUTSIDE_SIMPLEX,ALPHA_OUTSIDE_SIMPLEX
2026-07-16T12:45:00Z,2026-07-16T15:45:00+03:00,2026-07-16T12:00:00Z,1.9725485714285715,0.0,1.9725485714285715,ALPHA_OUTSIDE_SIMPLEX,ALPHA_OUTSIDE_SIMPLEX
2026-07-17T18:00:00Z,2026-07-17T21:00:00+03:00,2026-07-17T18:00:00Z,0.11922285714285714,0.0,0.11922285714285714,OK,OTHER_QH_IN_SAME_HOUR_INVALID
2026-07-17T18:15:00Z,2026-07-17T21:15:00+03:00,2026-07-17T18:00:00Z,0.21442285714285714,0.0,0.21442285714285714,OK,OTHER_QH_IN_SAME_HOUR_INVALID
2026-07-17T18:30:00Z,2026-07-17T21:30:00+03:00,2026-07-17T18:00:00Z,0.57792,0.0,0.57792,OK,OTHER_QH_IN_SAME_HOUR_INVALID
2026-07-17T18:45:00Z,2026-07-17T21:45:00+03:00,2026-07-17T18:00:00Z,1.7368914285714288,0.0,1.7368914285714288,ALPHA_OUTSIDE_SIMPLEX,ALPHA_OUTSIDE_SIMPLEX
2026-07-18T13:00:00Z,2026-07-18T16:00:00+03:00,2026-07-18T13:00:00Z,0.42537142857142857,0.0,0.42537142857142857,OK,OTHER_QH_IN_SAME_HOUR_INVALID
2026-07-18T13:15:00Z,2026-07-18T16:15:00+03:00,2026-07-18T13:00:00Z,0.012525714285714286,0.26105142857142855,0.27357714285714285,OK,OTHER_QH_IN_SAME_HOUR_INVALID
2026-07-18T13:30:00Z,2026-07-18T16:30:00+03:00,2026-07-18T13:00:00Z,0.0,1.4192,1.4192,ALPHA_OUTSIDE_SIMPLEX,ALPHA_OUTSIDE_SIMPLEX
2026-07-18T13:45:00Z,2026-07-18T16:45:00+03:00,2026-07-18T13:00:00Z,0.013805714285714286,0.67888,0.6926857142857143,OK,OTHER_QH_IN_SAME_HOUR_INVALID
2026-07-20T10:00:00Z,2026-07-20T13:00:00+03:00,2026-07-20T10:00:00Z,0.0,0.06795428571428572,0.06795428571428572,OK,OTHER_QH_IN_SAME_HOUR_INVALID
2026-07-20T10:15:00Z,2026-07-20T13:15:00+03:00,2026-07-20T10:00:00Z,0.0,0.3101714285714286,0.3101714285714286,OK,OTHER_QH_IN_SAME_HOUR_INVALID
2026-07-20T10:30:00Z,2026-07-20T13:30:00+03:00,2026-07-20T10:00:00Z,0.0,1.1608685714285714,1.1608685714285714,ALPHA_OUTSIDE_SIMPLEX,ALPHA_OUTSIDE_SIMPLEX
2026-07-20T10:45:00Z,2026-07-20T13:45:00+03:00,2026-07-20T10:00:00Z,0.0,0.9845485714285714,0.9845485714285714,OK,OTHER_QH_IN_SAME_HOUR_INVALID
2026-07-20T11:00:00Z,2026-07-20T14:00:00+03:00,2026-07-20T11:00:00Z,0.0,0.3967771428571429,0.3967771428571429,OK,OTHER_QH_IN_SAME_HOUR_INVALID
2026-07-20T11:15:00Z,2026-07-20T14:15:00+03:00,2026-07-20T11:00:00Z,0.0,1.0482514285714286,1.0482514285714286,ALPHA_OUTSIDE_SIMPLEX,ALPHA_OUTSIDE_SIMPLEX
2026-07-20T11:30:00Z,2026-07-20T14:30:00+03:00,2026-07-20T11:00:00Z,0.0,1.24384,1.24384,ALPHA_OUTSIDE_SIMPLEX,ALPHA_OUTSIDE_SIMPLEX
2026-07-20T11:45:00Z,2026-07-20T14:45:00+03:00,2026-07-20T11:00:00Z,0.0,2.100182857142857,2.100182857142857,ALPHA_OUTSIDE_SIMPLEX,ALPHA_OUTSIDE_SIMPLEX
2026-07-20T12:00:00Z,2026-07-20T15:00:00+03:00,2026-07-20T12:00:00Z,0.0,1.4232228571428571,1.4232228571428571,ALPHA_OUTSIDE_SIMPLEX,ALPHA_OUTSIDE_SIMPLEX
2026-07-20T12:15:00Z,2026-07-20T15:15:00+03:00,2026-07-20T12:00:00Z,0.0,0.2477942857142857,0.2477942857142857,OK,OTHER_QH_IN_SAME_HOUR_INVALID
2026-07-20T12:30:00Z,2026-07-20T15:30:00+03:00,2026-07-20T12:00:00Z,0.001097142857142857,0.11268571428571428,0.11378285714285713,OK,OTHER_QH_IN_SAME_HOUR_INVALID
2026-07-20T12:45:00Z,2026-07-20T15:45:00+03:00,2026-07-20T12:00:00Z,0.02347428571428571,0.006125714285714286,0.029599999999999998,OK,OTHER_QH_IN_SAME_HOUR_INVALID
2026-07-20T15:00:00Z,2026-07-20T18:00:00+03:00,2026-07-20T15:00:00Z,0.0,1.0485028571428572,1.0485028571428572,ALPHA_OUTSIDE_SIMPLEX,ALPHA_OUTSIDE_SIMPLEX
2026-07-20T15:15:00Z,2026-07-20T18:15:00+03:00,2026-07-20T15:00:00Z,0.0,0.9306742857142857,0.9306742857142857,OK,OTHER_QH_IN_SAME_HOUR_INVALID
2026-07-20T15:30:00Z,2026-07-20T18:30:00+03:00,2026-07-20T15:00:00Z,0.0,0.3797942857142857,0.3797942857142857,OK,OTHER_QH_IN_SAME_HOUR_INVALID
2026-07-20T15:45:00Z,2026-07-20T18:45:00+03:00,2026-07-20T15:00:00Z,0.0,0.08500571428571428,0.08500571428571428,OK,OTHER_QH_IN_SAME_HOUR_INVALID
2026-07-20T23:00:00Z,2026-07-21T02:00:00+03:00,2026-07-20T23:00:00Z,0.3261257142857143,0.0010514285714285714,0.3271771428571429,OK,OTHER_QH_IN_SAME_HOUR_INVALID
2026-07-20T23:15:00Z,2026-07-21T02:15:00+03:00,2026-07-20T23:00:00Z,1.0445714285714287,0.0,1.0445714285714287,ALPHA_OUTSIDE_SIMPLEX,ALPHA_OUTSIDE_SIMPLEX
2026-07-20T23:30:00Z,2026-07-21T02:30:00+03:00,2026-07-20T23:00:00Z,1.0854857142857144,0.0,1.0854857142857144,ALPHA_OUTSIDE_SIMPLEX,ALPHA_OUTSIDE_SIMPLEX
2026-07-20T23:45:00Z,2026-07-21T02:45:00+03:00,2026-07-20T23:00:00Z,0.5712914285714286,0.0,0.5712914285714286,OK,OTHER_QH_IN_SAME_HOUR_INVALID
2026-07-22T05:00:00Z,2026-07-22T08:00:00+03:00,2026-07-22T05:00:00Z,1.3082514285714284,0.0,1.3082514285714284,ALPHA_OUTSIDE_SIMPLEX,ALPHA_OUTSIDE_SIMPLEX
2026-07-22T05:15:00Z,2026-07-22T08:15:00+03:00,2026-07-22T05:00:00Z,2.0631314285714284,0.0,2.0631314285714284,ALPHA_OUTSIDE_SIMPLEX,ALPHA_OUTSIDE_SIMPLEX
2026-07-22T05:30:00Z,2026-07-22T08:30:00+03:00,2026-07-22T05:00:00Z,0.6985828571428571,0.0,0.6985828571428571,OK,OTHER_QH_IN_SAME_HOUR_INVALID
2026-07-22T05:45:00Z,2026-07-22T08:45:00+03:00,2026-07-22T05:00:00Z,0.07837714285714285,0.002285714285714286,0.08066285714285713,OK,OTHER_QH_IN_SAME_HOUR_INVALID
2026-07-22T10:00:00Z,2026-07-22T13:00:00+03:00,2026-07-22T10:00:00Z,0.40064,0.01337142857142857,0.4140114285714286,OK,OTHER_QH_IN_SAME_HOUR_INVALID
2026-07-22T10:15:00Z,2026-07-22T13:15:00+03:00,2026-07-22T10:00:00Z,0.4219428571428572,0.0,0.4219428571428572,OK,OTHER_QH_IN_SAME_HOUR_INVALID
2026-07-22T10:30:00Z,2026-07-22T13:30:00+03:00,2026-07-22T10:00:00Z,0.9624914285714287,0.0,0.9624914285714287,OK,OTHER_QH_IN_SAME_HOUR_INVALID
2026-07-22T10:45:00Z,2026-07-22T13:45:00+03:00,2026-07-22T10:00:00Z,1.2015085714285716,0.0,1.2015085714285716,ALPHA_OUTSIDE_SIMPLEX,ALPHA_OUTSIDE_SIMPLEX
2026-07-22T11:00:00Z,2026-07-22T14:00:00+03:00,2026-07-22T11:00:00Z,1.8030171428571429,0.0,1.8030171428571429,ALPHA_OUTSIDE_SIMPLEX,ALPHA_OUTSIDE_SIMPLEX
2026-07-22T11:15:00Z,2026-07-22T14:15:00+03:00,2026-07-22T11:00:00Z,1.2646171428571429,0.0,1.2646171428571429,ALPHA_OUTSIDE_SIMPLEX,ALPHA_OUTSIDE_SIMPLEX
2026-07-22T11:30:00Z,2026-07-22T14:30:00+03:00,2026-07-22T11:00:00Z,0.3856228571428571,0.0,0.3856228571428571,OK,OTHER_QH_IN_SAME_HOUR_INVALID
2026-07-22T11:45:00Z,2026-07-22T14:45:00+03:00,2026-07-22T11:00:00Z,0.07412571428571428,0.03298285714285715,0.10710857142857143,OK,OTHER_QH_IN_SAME_HOUR_INVALID
2026-07-22T16:00:00Z,2026-07-22T19:00:00+03:00,2026-07-22T16:00:00Z,0.0,1.4932800000000002,1.4932800000000002,ALPHA_OUTSIDE_SIMPLEX,ALPHA_OUTSIDE_SIMPLEX
2026-07-22T16:15:00Z,2026-07-22T19:15:00+03:00,2026-07-22T16:00:00Z,0.0,1.9930057142857143,1.9930057142857143,ALPHA_OUTSIDE_SIMPLEX,ALPHA_OUTSIDE_SIMPLEX
2026-07-22T16:30:00Z,2026-07-22T19:30:00+03:00,2026-07-22T16:00:00Z,0.0,1.4668342857142858,1.4668342857142858,ALPHA_OUTSIDE_SIMPLEX,ALPHA_OUTSIDE_SIMPLEX
2026-07-22T16:45:00Z,2026-07-22T19:45:00+03:00,2026-07-22T16:00:00Z,0.0,1.1311085714285714,1.1311085714285714,ALPHA_OUTSIDE_SIMPLEX,ALPHA_OUTSIDE_SIMPLEX
2026-07-22T17:00:00Z,2026-07-22T20:00:00+03:00,2026-07-22T17:00:00Z,0.0,1.2235200000000002,1.2235200000000002,ALPHA_OUTSIDE_SIMPLEX,ALPHA_OUTSIDE_SIMPLEX
2026-07-22T17:15:00Z,2026-07-22T20:15:00+03:00,2026-07-22T17:00:00Z,0.0,0.5673828571428572,0.5673828571428572,OK,OTHER_QH_IN_SAME_HOUR_INVALID
2026-07-22T17:30:00Z,2026-07-22T20:30:00+03:00,2026-07-22T17:00:00Z,0.0,0.38427428571428573,0.38427428571428573,OK,OTHER_QH_IN_SAME_HOUR_INVALID
2026-07-22T17:45:00Z,2026-07-22T20:45:00+03:00,2026-07-22T17:00:00Z,0.0005942857142857143,0.23403428571428572,0.23462857142857144,OK,OTHER_QH_IN_SAME_HOUR_INVALID
2026-07-23T07:00:00Z,2026-07-23T10:00:00+03:00,2026-07-23T07:00:00Z,0.0,0.8100571428571428,0.8100571428571428,OK,OTHER_QH_IN_SAME_HOUR_INVALID
2026-07-23T07:15:00Z,2026-07-23T10:15:00+03:00,2026-07-23T07:00:00Z,0.0,1.1422171428571428,1.1422171428571428,ALPHA_OUTSIDE_SIMPLEX,ALPHA_OUTSIDE_SIMPLEX
2026-07-23T07:30:00Z,2026-07-23T10:30:00+03:00,2026-07-23T07:00:00Z,0.0,0.5266514285714285,0.5266514285714285,OK,OTHER_QH_IN_SAME_HOUR_INVALID
2026-07-23T07:45:00Z,2026-07-23T10:45:00+03:00,2026-07-23T07:00:00Z,0.0,1.071222857142857,1.071222857142857,ALPHA_OUTSIDE_SIMPLEX,ALPHA_OUTSIDE_SIMPLEX
2026-07-23T08:00:00Z,2026-07-23T11:00:00+03:00,2026-07-23T08:00:00Z,0.0,1.27904,1.27904,ALPHA_OUTSIDE_SIMPLEX,ALPHA_OUTSIDE_SIMPLEX
2026-07-23T08:15:00Z,2026-07-23T11:15:00+03:00,2026-07-23T08:00:00Z,0.0,0.64288,0.64288,OK,OTHER_QH_IN_SAME_HOUR_INVALID
2026-07-23T08:30:00Z,2026-07-23T11:30:00+03:00,2026-07-23T08:00:00Z,0.016319999999999998,0.11318857142857143,0.12950857142857142,OK,OTHER_QH_IN_SAME_HOUR_INVALID
2026-07-23T08:45:00Z,2026-07-23T11:45:00+03:00,2026-07-23T08:00:00Z,0.0,0.8303542857142858,0.8303542857142858,OK,OTHER_QH_IN_SAME_HOUR_INVALID
2026-07-23T15:00:00Z,2026-07-23T18:00:00+03:00,2026-07-23T15:00:00Z,0.0,1.17808,1.17808,ALPHA_OUTSIDE_SIMPLEX,ALPHA_OUTSIDE_SIMPLEX
2026-07-23T15:15:00Z,2026-07-23T18:15:00+03:00,2026-07-23T15:00:00Z,0.0,0.7653485714285715,0.7653485714285715,OK,OTHER_QH_IN_SAME_HOUR_INVALID
2026-07-23T15:30:00Z,2026-07-23T18:30:00+03:00,2026-07-23T15:00:00Z,0.008274285714285713,0.07652571428571428,0.08479999999999999,OK,OTHER_QH_IN_SAME_HOUR_INVALID
2026-07-23T15:45:00Z,2026-07-23T18:45:00+03:00,2026-07-23T15:00:00Z,0.03163428571428571,0.0,0.03163428571428571,OK,OTHER_QH_IN_SAME_HOUR_INVALID
2026-07-23T18:00:00Z,2026-07-23T21:00:00+03:00,2026-07-23T18:00:00Z,0.002697142857142857,0.0031314285714285715,0.005828571428571429,OK,OTHER_QH_IN_SAME_HOUR_INVALID
2026-07-23T18:15:00Z,2026-07-23T21:15:00+03:00,2026-07-23T18:00:00Z,0.006285714285714286,0.0008685714285714285,0.007154285714285715,OK,OTHER_QH_IN_SAME_HOUR_INVALID
2026-07-23T18:30:00Z,2026-07-23T21:30:00+03:00,2026-07-23T18:00:00Z,0.0015314285714285716,0.005874285714285715,0.007405714285714286,OK,OTHER_QH_IN_SAME_HOUR_INVALID
2026-07-23T18:45:00Z,2026-07-23T21:45:00+03:00,2026-07-23T18:00:00Z,,,,ALPHA_UNCOMPUTABLE,ALPHA_UNCOMPUTABLE
2026-07-24T04:00:00Z,2026-07-24T07:00:00+03:00,2026-07-24T04:00:00Z,0.0,0.5461485714285714,0.5461485714285714,OK,OTHER_QH_IN_SAME_HOUR_INVALID
2026-07-24T04:15:00Z,2026-07-24T07:15:00+03:00,2026-07-24T04:00:00Z,0.0,0.5177142857142857,0.5177142857142857,OK,OTHER_QH_IN_SAME_HOUR_INVALID
2026-07-24T04:30:00Z,2026-07-24T07:30:00+03:00,2026-07-24T04:00:00Z,0.0,1.0046857142857142,1.0046857142857142,ALPHA_OUTSIDE_SIMPLEX,ALPHA_OUTSIDE_SIMPLEX
2026-07-24T04:45:00Z,2026-07-24T07:45:00+03:00,2026-07-24T04:00:00Z,0.0,1.3434971428571427,1.3434971428571427,ALPHA_OUTSIDE_SIMPLEX,ALPHA_OUTSIDE_SIMPLEX
2026-07-24T12:00:00Z,2026-07-24T15:00:00+03:00,2026-07-24T12:00:00Z,0.0,0.648,0.648,OK,OTHER_QH_IN_SAME_HOUR_INVALID
2026-07-24T12:15:00Z,2026-07-24T15:15:00+03:00,2026-07-24T12:00:00Z,0.0,1.3207085714285713,1.3207085714285713,ALPHA_OUTSIDE_SIMPLEX,ALPHA_OUTSIDE_SIMPLEX
2026-07-24T12:30:00Z,2026-07-24T15:30:00+03:00,2026-07-24T12:00:00Z,0.00034285714285714285,0.17590857142857141,0.17625142857142856,OK,OTHER_QH_IN_SAME_HOUR_INVALID
2026-07-24T12:45:00Z,2026-07-24T15:45:00+03:00,2026-07-24T12:00:00Z,0.009691428571428571,0.00928,0.01897142857142857,OK,OTHER_QH_IN_SAME_HOUR_INVALID
2026-07-27T08:00:00Z,2026-07-27T11:00:00+03:00,2026-07-27T08:00:00Z,0.0,0.4853257142857143,0.4853257142857143,OK,OTHER_QH_IN_SAME_HOUR_INVALID
2026-07-27T08:15:00Z,2026-07-27T11:15:00+03:00,2026-07-27T08:00:00Z,0.0,0.7256685714285714,0.7256685714285714,OK,OTHER_QH_IN_SAME_HOUR_INVALID
2026-07-27T08:30:00Z,2026-07-27T11:30:00+03:00,2026-07-27T08:00:00Z,0.0007771428571428572,0.29497142857142855,0.2957485714285714,OK,OTHER_QH_IN_SAME_HOUR_INVALID
2026-07-27T08:45:00Z,2026-07-27T11:45:00+03:00,2026-07-27T08:00:00Z,0.0,1.0155885714285715,1.0155885714285715,ALPHA_OUTSIDE_SIMPLEX,ALPHA_OUTSIDE_SIMPLEX
2026-07-27T09:00:00Z,2026-07-27T12:00:00+03:00,2026-07-27T09:00:00Z,0.0,1.073942857142857,1.073942857142857,ALPHA_OUTSIDE_SIMPLEX,ALPHA_OUTSIDE_SIMPLEX
2026-07-27T09:15:00Z,2026-07-27T12:15:00+03:00,2026-07-27T09:00:00Z,0.0,0.34747428571428574,0.34747428571428574,OK,OTHER_QH_IN_SAME_HOUR_INVALID
2026-07-27T09:30:00Z,2026-07-27T12:30:00+03:00,2026-07-27T09:00:00Z,0.23423999999999998,0.0033828571428571427,0.2376228571428571,OK,OTHER_QH_IN_SAME_HOUR_INVALID
2026-07-27T09:45:00Z,2026-07-27T12:45:00+03:00,2026-07-27T09:00:00Z,0.10651428571428571,0.004822857142857143,0.11133714285714286,OK,OTHER_QH_IN_SAME_HOUR_INVALID
2026-07-27T14:00:00Z,2026-07-27T17:00:00+03:00,2026-07-27T14:00:00Z,0.0,0.4382857142857143,0.4382857142857143,OK,OTHER_QH_IN_SAME_HOUR_INVALID
2026-07-27T14:15:00Z,2026-07-27T17:15:00+03:00,2026-07-27T14:00:00Z,0.0,0.9948800000000001,0.9948800000000001,OK,OTHER_QH_IN_SAME_HOUR_INVALID
2026-07-27T14:30:00Z,2026-07-27T17:30:00+03:00,2026-07-27T14:00:00Z,0.0,1.3884800000000002,1.3884800000000002,ALPHA_OUTSIDE_SIMPLEX,ALPHA_OUTSIDE_SIMPLEX
2026-07-27T14:45:00Z,2026-07-27T17:45:00+03:00,2026-07-27T14:00:00Z,0.0,0.72096,0.72096,OK,OTHER_QH_IN_SAME_HOUR_INVALID
2026-07-28T01:00:00Z,2026-07-28T04:00:00+03:00,2026-07-28T01:00:00Z,0.0,0.7818971428571428,0.7818971428571428,OK,OTHER_QH_IN_SAME_HOUR_INVALID
2026-07-28T01:15:00Z,2026-07-28T04:15:00+03:00,2026-07-28T01:00:00Z,0.0,1.631062857142857,1.631062857142857,ALPHA_OUTSIDE_SIMPLEX,ALPHA_OUTSIDE_SIMPLEX
2026-07-28T01:30:00Z,2026-07-28T04:30:00+03:00,2026-07-28T01:00:00Z,0.0,1.4106057142857142,1.4106057142857142,ALPHA_OUTSIDE_SIMPLEX,ALPHA_OUTSIDE_SIMPLEX
2026-07-28T01:45:00Z,2026-07-28T04:45:00+03:00,2026-07-28T01:00:00Z,0.0,0.40409142857142855,0.40409142857142855,OK,OTHER_QH_IN_SAME_HOUR_INVALID
2026-07-28T05:00:00Z,2026-07-28T08:00:00+03:00,2026-07-28T05:00:00Z,0.0,0.3541485714285714,0.3541485714285714,OK,OTHER_QH_IN_SAME_HOUR_INVALID
2026-07-28T05:15:00Z,2026-07-28T08:15:00+03:00,2026-07-28T05:00:00Z,0.0,0.4232,0.4232,OK,OTHER_QH_IN_SAME_HOUR_INVALID
2026-07-28T05:30:00Z,2026-07-28T08:30:00+03:00,2026-07-28T05:00:00Z,0.0,1.02432,1.02432,ALPHA_OUTSIDE_SIMPLEX,ALPHA_OUTSIDE_SIMPLEX
2026-07-28T05:45:00Z,2026-07-28T08:45:00+03:00,2026-07-28T05:00:00Z,0.0,1.3106514285714286,1.3106514285714286,ALPHA_OUTSIDE_SIMPLEX,ALPHA_OUTSIDE_SIMPLEX
2026-07-29T05:00:00Z,2026-07-29T08:00:00+03:00,2026-07-29T05:00:00Z,0.0,0.41712,0.41712,OK,OTHER_QH_IN_SAME_HOUR_INVALID
2026-07-29T05:15:00Z,2026-07-29T08:15:00+03:00,2026-07-29T05:00:00Z,0.0,0.43725714285714284,0.43725714285714284,OK,OTHER_QH_IN_SAME_HOUR_INVALID
2026-07-29T05:30:00Z,2026-07-29T08:30:00+03:00,2026-07-29T05:00:00Z,0.0,0.7575314285714286,0.7575314285714286,OK,OTHER_QH_IN_SAME_HOUR_INVALID
2026-07-29T05:45:00Z,2026-07-29T08:45:00+03:00,2026-07-29T05:00:00Z,0.0,1.2908114285714285,1.2908114285714285,ALPHA_OUTSIDE_SIMPLEX,ALPHA_OUTSIDE_SIMPLEX
2026-07-29T12:00:00Z,2026-07-29T15:00:00+03:00,2026-07-29T12:00:00Z,0.0,0.7434971428571429,0.7434971428571429,OK,OTHER_QH_IN_SAME_HOUR_INVALID
2026-07-29T12:15:00Z,2026-07-29T15:15:00+03:00,2026-07-29T12:00:00Z,0.0,1.0661942857142857,1.0661942857142857,ALPHA_OUTSIDE_SIMPLEX,ALPHA_OUTSIDE_SIMPLEX
2026-07-29T12:30:00Z,2026-07-29T15:30:00+03:00,2026-07-29T12:00:00Z,0.0,0.42976,0.42976,OK,OTHER_QH_IN_SAME_HOUR_INVALID
2026-07-29T12:45:00Z,2026-07-29T15:45:00+03:00,2026-07-29T12:00:00Z,0.0004114285714285714,0.1978514285714286,0.19826285714285716,OK,OTHER_QH_IN_SAME_HOUR_INVALID
2026-07-30T16:00:00Z,2026-07-30T19:00:00+03:00,2026-07-30T16:00:00Z,0.043314285714285715,0.029508571428571426,0.07282285714285713,OK,OTHER_QH_IN_SAME_HOUR_INVALID
2026-07-30T16:15:00Z,2026-07-30T19:15:00+03:00,2026-07-30T16:00:00Z,0.3825828571428571,0.0,0.3825828571428571,OK,OTHER_QH_IN_SAME_HOUR_INVALID
2026-07-30T16:30:00Z,2026-07-30T19:30:00+03:00,2026-07-30T16:00:00Z,1.0572114285714285,0.0,1.0572114285714285,ALPHA_OUTSIDE_SIMPLEX,ALPHA_OUTSIDE_SIMPLEX
2026-07-30T16:45:00Z,2026-07-30T19:45:00+03:00,2026-07-30T16:00:00Z,1.3209142857142857,0.0,1.3209142857142857,ALPHA_OUTSIDE_SIMPLEX,ALPHA_OUTSIDE_SIMPLEX
2026-08-03T04:00:00Z,2026-08-03T07:00:00+03:00,2026-08-03T04:00:00Z,0.0,1.02816,1.02816,ALPHA_OUTSIDE_SIMPLEX,ALPHA_OUTSIDE_SIMPLEX
2026-08-03T04:15:00Z,2026-08-03T07:15:00+03:00,2026-08-03T04:00:00Z,0.0,1.3025142857142857,1.3025142857142857,ALPHA_OUTSIDE_SIMPLEX,ALPHA_OUTSIDE_SIMPLEX
2026-08-03T04:30:00Z,2026-08-03T07:30:00+03:00,2026-08-03T04:00:00Z,0.0,0.8658285714285715,0.8658285714285715,OK,OTHER_QH_IN_SAME_HOUR_INVALID
2026-08-03T04:45:00Z,2026-08-03T07:45:00+03:00,2026-08-03T04:00:00Z,0.0,0.04155428571428572,0.04155428571428572,OK,OTHER_QH_IN_SAME_HOUR_INVALID
2026-08-03T14:00:00Z,2026-08-03T17:00:00+03:00,2026-08-03T14:00:00Z,0.0,1.1611885714285715,1.1611885714285715,ALPHA_OUTSIDE_SIMPLEX,ALPHA_OUTSIDE_SIMPLEX
2026-08-03T14:15:00Z,2026-08-03T17:15:00+03:00,2026-08-03T14:00:00Z,0.0,1.4832457142857143,1.4832457142857143,ALPHA_OUTSIDE_SIMPLEX,ALPHA_OUTSIDE_SIMPLEX
2026-08-03T14:30:00Z,2026-08-03T17:30:00+03:00,2026-08-03T14:00:00Z,0.0,0.33424,0.33424,OK,OTHER_QH_IN_SAME_HOUR_INVALID
2026-08-03T14:45:00Z,2026-08-03T17:45:00+03:00,2026-08-03T14:00:00Z,0.00029714285714285715,0.06185142857142857,0.06214857142857143,OK,OTHER_QH_IN_SAME_HOUR_INVALID
2026-08-04T22:00:00Z,2026-08-05T01:00:00+03:00,2026-08-04T22:00:00Z,0.8832457142857143,0.0,0.8832457142857143,OK,OTHER_QH_IN_SAME_HOUR_INVALID
2026-08-04T22:15:00Z,2026-08-05T01:15:00+03:00,2026-08-04T22:00:00Z,1.1056914285714285,0.0,1.1056914285714285,ALPHA_OUTSIDE_SIMPLEX,ALPHA_OUTSIDE_SIMPLEX
2026-08-04T22:30:00Z,2026-08-05T01:30:00+03:00,2026-08-04T22:00:00Z,0.3704914285714286,0.0,0.3704914285714286,OK,OTHER_QH_IN_SAME_HOUR_INVALID
2026-08-04T22:45:00Z,2026-08-05T01:45:00+03:00,2026-08-04T22:00:00Z,0.5714971428571428,0.0,0.5714971428571428,OK,OTHER_QH_IN_SAME_HOUR_INVALID
2026-08-05T16:00:00Z,2026-08-05T19:00:00+03:00,2026-08-05T16:00:00Z,0.4818285714285714,0.0,0.4818285714285714,OK,OTHER_QH_IN_SAME_HOUR_INVALID
2026-08-05T16:15:00Z,2026-08-05T19:15:00+03:00,2026-08-05T16:00:00Z,0.7140571428571428,0.0,0.7140571428571428,OK,OTHER_QH_IN_SAME_HOUR_INVALID
2026-08-05T16:30:00Z,2026-08-05T19:30:00+03:00,2026-08-05T16:00:00Z,1.52368,0.0,1.52368,ALPHA_OUTSIDE_SIMPLEX,ALPHA_OUTSIDE_SIMPLEX
2026-08-05T16:45:00Z,2026-08-05T19:45:00+03:00,2026-08-05T16:00:00Z,1.4805714285714286,0.0,1.4805714285714286,ALPHA_OUTSIDE_SIMPLEX,ALPHA_OUTSIDE_SIMPLEX
2026-08-05T19:00:00Z,2026-08-05T22:00:00+03:00,2026-08-05T19:00:00Z,1.23232,0.0,1.23232,ALPHA_OUTSIDE_SIMPLEX,ALPHA_OUTSIDE_SIMPLEX
2026-08-05T19:15:00Z,2026-08-05T22:15:00+03:00,2026-08-05T19:00:00Z,0.27531428571428573,0.0,0.27531428571428573,OK,OTHER_QH_IN_SAME_HOUR_INVALID
2026-08-05T19:30:00Z,2026-08-05T22:30:00+03:00,2026-08-05T19:00:00Z,0.0015542857142857144,0.005988571428571429,0.007542857142857144,OK,OTHER_QH_IN_SAME_HOUR_INVALID
2026-08-05T19:45:00Z,2026-08-05T22:45:00+03:00,2026-08-05T19:00:00Z,0.0,0.2338742857142857,0.2338742857142857,OK,OTHER_QH_IN_SAME_HOUR_INVALID
2026-08-09T05:00:00Z,2026-08-09T08:00:00+03:00,2026-08-09T05:00:00Z,0.012251428571428573,0.00432,0.016571428571428574,OK,OTHER_QH_IN_SAME_HOUR_INVALID
2026-08-09T05:15:00Z,2026-08-09T08:15:00+03:00,2026-08-09T05:00:00Z,0.00022857142857142857,0.45252571428571425,0.45275428571428566,OK,OTHER_QH_IN_SAME_HOUR_INVALID
2026-08-09T05:30:00Z,2026-08-09T08:30:00+03:00,2026-08-09T05:00:00Z,0.0,1.0109485714285713,1.0109485714285713,ALPHA_OUTSIDE_SIMPLEX,ALPHA_OUTSIDE_SIMPLEX
2026-08-09T05:45:00Z,2026-08-09T08:45:00+03:00,2026-08-09T05:00:00Z,0.0,1.1793371428571429,1.1793371428571429,ALPHA_OUTSIDE_SIMPLEX,ALPHA_OUTSIDE_SIMPLEX
2026-08-09T08:00:00Z,2026-08-09T11:00:00+03:00,2026-08-09T08:00:00Z,0.0,0.4203885714285714,0.4203885714285714,OK,OTHER_QH_IN_SAME_HOUR_INVALID
2026-08-09T08:15:00Z,2026-08-09T11:15:00+03:00,2026-08-09T08:00:00Z,0.0,0.7587885714285715,0.7587885714285715,OK,OTHER_QH_IN_SAME_HOUR_INVALID
2026-08-09T08:30:00Z,2026-08-09T11:30:00+03:00,2026-08-09T08:00:00Z,0.0,1.3442514285714287,1.3442514285714287,ALPHA_OUTSIDE_SIMPLEX,ALPHA_OUTSIDE_SIMPLEX
2026-08-09T08:45:00Z,2026-08-09T11:45:00+03:00,2026-08-09T08:00:00Z,0.0,0.38468571428571424,0.38468571428571424,OK,OTHER_QH_IN_SAME_HOUR_INVALID
2026-08-09T19:00:00Z,2026-08-09T22:00:00+03:00,2026-08-09T19:00:00Z,0.00016,0.01270857142857143,0.01286857142857143,OK,OTHER_QH_IN_SAME_HOUR_INVALID
2026-08-09T19:15:00Z,2026-08-09T22:15:00+03:00,2026-08-09T19:00:00Z,0.0088,0.009142857142857144,0.017942857142857142,OK,OTHER_QH_IN_SAME_HOUR_INVALID
2026-08-09T19:30:00Z,2026-08-09T22:30:00+03:00,2026-08-09T19:00:00Z,0.0,0.3650514285714286,0.3650514285714286,OK,OTHER_QH_IN_SAME_HOUR_INVALID
2026-08-09T19:45:00Z,2026-08-09T22:45:00+03:00,2026-08-09T19:00:00Z,0.0,1.0494628571428573,1.0494628571428573,ALPHA_OUTSIDE_SIMPLEX,ALPHA_OUTSIDE_SIMPLEX
2026-08-09T21:00:00Z,2026-08-10T00:00:00+03:00,2026-08-09T21:00:00Z,0.0,0.5743771428571429,0.5743771428571429,OK,OTHER_QH_IN_SAME_HOUR_INVALID
2026-08-09T21:15:00Z,2026-08-10T00:15:00+03:00,2026-08-09T21:00:00Z,0.0,0.5886857142857143,0.5886857142857143,OK,OTHER_QH_IN_SAME_HOUR_INVALID
2026-08-09T21:30:00Z,2026-08-10T00:30:00+03:00,2026-08-09T21:00:00Z,0.0,0.7912,0.7912,OK,OTHER_QH_IN_SAME_HOUR_INVALID
2026-08-09T21:45:00Z,2026-08-10T00:45:00+03:00,2026-08-09T21:00:00Z,0.0,1.0260799999999999,1.0260799999999999,ALPHA_OUTSIDE_SIMPLEX,ALPHA_OUTSIDE_SIMPLEX
2026-08-10T02:00:00Z,2026-08-10T05:00:00+03:00,2026-08-10T02:00:00Z,0.38532571428571427,0.0,0.38532571428571427,OK,OTHER_QH_IN_SAME_HOUR_INVALID
2026-08-10T02:15:00Z,2026-08-10T05:15:00+03:00,2026-08-10T02:00:00Z,0.4797028571428571,0.0,0.4797028571428571,OK,OTHER_QH_IN_SAME_HOUR_INVALID
2026-08-10T02:30:00Z,2026-08-10T05:30:00+03:00,2026-08-10T02:00:00Z,1.0052342857142857,0.0,1.0052342857142857,ALPHA_OUTSIDE_SIMPLEX,ALPHA_OUTSIDE_SIMPLEX
2026-08-10T02:45:00Z,2026-08-10T05:45:00+03:00,2026-08-10T02:00:00Z,1.003337142857143,0.0,1.003337142857143,ALPHA_OUTSIDE_SIMPLEX,ALPHA_OUTSIDE_SIMPLEX
2026-08-10T03:00:00Z,2026-08-10T06:00:00+03:00,2026-08-10T03:00:00Z,1.1872685714285713,0.0,1.1872685714285713,ALPHA_OUTSIDE_SIMPLEX,ALPHA_OUTSIDE_SIMPLEX
2026-08-10T03:15:00Z,2026-08-10T06:15:00+03:00,2026-08-10T03:00:00Z,1.1749714285714286,0.0,1.1749714285714286,ALPHA_OUTSIDE_SIMPLEX,ALPHA_OUTSIDE_SIMPLEX
2026-08-10T03:30:00Z,2026-08-10T06:30:00+03:00,2026-08-10T03:00:00Z,0.4125942857142857,0.0,0.4125942857142857,OK,OTHER_QH_IN_SAME_HOUR_INVALID
2026-08-10T03:45:00Z,2026-08-10T06:45:00+03:00,2026-08-10T03:00:00Z,0.2284342857142857,0.0,0.2284342857142857,OK,OTHER_QH_IN_SAME_HOUR_INVALID
2026-08-10T06:00:00Z,2026-08-10T09:00:00+03:00,2026-08-10T06:00:00Z,0.0,0.07129142857142858,0.07129142857142858,OK,OTHER_QH_IN_SAME_HOUR_INVALID
2026-08-10T06:15:00Z,2026-08-10T09:15:00+03:00,2026-08-10T06:00:00Z,0.002194285714285714,0.07078857142857142,0.07298285714285714,OK,OTHER_QH_IN_SAME_HOUR_INVALID
2026-08-10T06:30:00Z,2026-08-10T09:30:00+03:00,2026-08-10T06:00:00Z,0.0,0.25558857142857144,0.25558857142857144,OK,OTHER_QH_IN_SAME_HOUR_INVALID
2026-08-10T06:45:00Z,2026-08-10T09:45:00+03:00,2026-08-10T06:00:00Z,0.0,1.1123885714285715,1.1123885714285715,ALPHA_OUTSIDE_SIMPLEX,ALPHA_OUTSIDE_SIMPLEX
2026-08-10T15:00:00Z,2026-08-10T18:00:00+03:00,2026-08-10T15:00:00Z,0.03421714285714286,0.0011657142857142856,0.035382857142857146,OK,OTHER_QH_IN_SAME_HOUR_INVALID
2026-08-10T15:15:00Z,2026-08-10T18:15:00+03:00,2026-08-10T15:00:00Z,0.3580342857142857,0.0,0.3580342857142857,OK,OTHER_QH_IN_SAME_HOUR_INVALID
2026-08-10T15:30:00Z,2026-08-10T18:30:00+03:00,2026-08-10T15:00:00Z,0.5648,0.0,0.5648,OK,OTHER_QH_IN_SAME_HOUR_INVALID
2026-08-10T15:45:00Z,2026-08-10T18:45:00+03:00,2026-08-10T15:00:00Z,1.3477942857142857,0.0,1.3477942857142857,ALPHA_OUTSIDE_SIMPLEX,ALPHA_OUTSIDE_SIMPLEX
2026-08-10T18:00:00Z,2026-08-10T21:00:00+03:00,2026-08-10T18:00:00Z,1.7232228571428572,0.0,1.7232228571428572,ALPHA_OUTSIDE_SIMPLEX,ALPHA_OUTSIDE_SIMPLEX
2026-08-10T18:15:00Z,2026-08-10T21:15:00+03:00,2026-08-10T18:00:00Z,1.9842057142857141,0.0,1.9842057142857141,ALPHA_OUTSIDE_SIMPLEX,ALPHA_OUTSIDE_SIMPLEX
2026-08-10T18:30:00Z,2026-08-10T21:30:00+03:00,2026-08-10T18:00:00Z,0.9145142857142857,0.0,0.9145142857142857,OK,OTHER_QH_IN_SAME_HOUR_INVALID
2026-08-10T18:45:00Z,2026-08-10T21:45:00+03:00,2026-08-10T18:00:00Z,0.7085028571428571,0.0,0.7085028571428571,OK,OTHER_QH_IN_SAME_HOUR_INVALID
2026-08-12T05:00:00Z,2026-08-12T08:00:00+03:00,2026-08-12T05:00:00Z,0.55344,0.0,0.55344,OK,OTHER_QH_IN_SAME_HOUR_INVALID
2026-08-12T05:15:00Z,2026-08-12T08:15:00+03:00,2026-08-12T05:00:00Z,0.1356342857142857,0.07780571428571428,0.21344,OK,OTHER_QH_IN_SAME_HOUR_INVALID
2026-08-12T05:30:00Z,2026-08-12T08:30:00+03:00,2026-08-12T05:00:00Z,0.0,0.4533942857142857,0.4533942857142857,OK,OTHER_QH_IN_SAME_HOUR_INVALID
2026-08-12T05:45:00Z,2026-08-12T08:45:00+03:00,2026-08-12T05:00:00Z,0.0,1.0859657142857144,1.0859657142857144,ALPHA_OUTSIDE_SIMPLEX,ALPHA_OUTSIDE_SIMPLEX
2026-08-12T12:00:00Z,2026-08-12T15:00:00+03:00,2026-08-12T12:00:00Z,0.0,1.0114057142857142,1.0114057142857142,ALPHA_OUTSIDE_SIMPLEX,ALPHA_OUTSIDE_SIMPLEX
2026-08-12T12:15:00Z,2026-08-12T15:15:00+03:00,2026-08-12T12:00:00Z,0.0,0.8724342857142856,0.8724342857142856,OK,OTHER_QH_IN_SAME_HOUR_INVALID
2026-08-12T12:30:00Z,2026-08-12T15:30:00+03:00,2026-08-12T12:00:00Z,0.0,0.7480685714285714,0.7480685714285714,OK,OTHER_QH_IN_SAME_HOUR_INVALID
2026-08-12T12:45:00Z,2026-08-12T15:45:00+03:00,2026-08-12T12:00:00Z,0.0,0.7155199999999999,0.7155199999999999,OK,OTHER_QH_IN_SAME_HOUR_INVALID
2026-08-12T15:00:00Z,2026-08-12T18:00:00+03:00,2026-08-12T15:00:00Z,0.0,1.5952685714285715,1.5952685714285715,ALPHA_OUTSIDE_SIMPLEX,ALPHA_OUTSIDE_SIMPLEX
2026-08-12T15:15:00Z,2026-08-12T18:15:00+03:00,2026-08-12T15:00:00Z,0.0,0.6530285714285714,0.6530285714285714,OK,OTHER_QH_IN_SAME_HOUR_INVALID
2026-08-12T15:30:00Z,2026-08-12T18:30:00+03:00,2026-08-12T15:00:00Z,0.0032,0.01305142857142857,0.01625142857142857,OK,OTHER_QH_IN_SAME_HOUR_INVALID
2026-08-12T15:45:00Z,2026-08-12T18:45:00+03:00,2026-08-12T15:00:00Z,0.03033142857142857,0.02816,0.05849142857142857,OK,OTHER_QH_IN_SAME_HOUR_INVALID
2026-08-13T09:00:00Z,2026-08-13T12:00:00+03:00,2026-08-13T09:00:00Z,0.0,0.5995428571428572,0.5995428571428572,OK,OTHER_QH_IN_SAME_HOUR_INVALID
2026-08-13T09:15:00Z,2026-08-13T12:15:00+03:00,2026-08-13T09:00:00Z,0.0,0.45264000000000004,0.45264000000000004,OK,OTHER_QH_IN_SAME_HOUR_INVALID
2026-08-13T09:30:00Z,2026-08-13T12:30:00+03:00,2026-08-13T09:00:00Z,0.0,0.9737142857142858,0.9737142857142858,OK,OTHER_QH_IN_SAME_HOUR_INVALID
2026-08-13T09:45:00Z,2026-08-13T12:45:00+03:00,2026-08-13T09:00:00Z,0.0,1.04752,1.04752,ALPHA_OUTSIDE_SIMPLEX,ALPHA_OUTSIDE_SIMPLEX
2026-08-14T14:00:00Z,2026-08-14T17:00:00+03:00,2026-08-14T14:00:00Z,0.13419428571428574,0.0,0.13419428571428574,OK,OTHER_QH_IN_SAME_HOUR_INVALID
2026-08-14T14:15:00Z,2026-08-14T17:15:00+03:00,2026-08-14T14:00:00Z,0.0047771428571428565,0.6207771428571428,0.6255542857142856,OK,OTHER_QH_IN_SAME_HOUR_INVALID
2026-08-14T14:30:00Z,2026-08-14T17:30:00+03:00,2026-08-14T14:00:00Z,0.0,0.002514285714285714,0.002514285714285714,OK,OTHER_QH_IN_SAME_HOUR_INVALID
2026-08-14T14:45:00Z,2026-08-14T17:45:00+03:00,2026-08-14T14:00:00Z,,,,ALPHA_UNCOMPUTABLE,ALPHA_UNCOMPUTABLE
2026-08-14T15:00:00Z,2026-08-14T18:00:00+03:00,2026-08-14T15:00:00Z,,,,ALPHA_UNCOMPUTABLE,ALPHA_UNCOMPUTABLE
2026-08-14T15:15:00Z,2026-08-14T18:15:00+03:00,2026-08-14T15:00:00Z,0.0,0.7342857142857143,0.7342857142857143,OK,OTHER_QH_IN_SAME_HOUR_INVALID
2026-08-14T15:30:00Z,2026-08-14T18:30:00+03:00,2026-08-14T15:00:00Z,0.001462857142857143,0.4130971428571429,0.41456000000000004,OK,OTHER_QH_IN_SAME_HOUR_INVALID
2026-08-14T15:45:00Z,2026-08-14T18:45:00+03:00,2026-08-14T15:00:00Z,0.03574857142857143,0.057485714285714286,0.09323428571428571,OK,OTHER_QH_IN_SAME_HOUR_INVALID
2026-08-15T06:00:00Z,2026-08-15T09:00:00+03:00,2026-08-15T06:00:00Z,1.6586285714285713,0.0029714285714285715,1.6616,ALPHA_OUTSIDE_SIMPLEX,ALPHA_OUTSIDE_SIMPLEX
2026-08-15T06:15:00Z,2026-08-15T09:15:00+03:00,2026-08-15T06:00:00Z,0.41654857142857143,0.003862857142857143,0.4204114285714286,OK,OTHER_QH_IN_SAME_HOUR_INVALID
2026-08-15T06:30:00Z,2026-08-15T09:30:00+03:00,2026-08-15T06:00:00Z,0.00034285714285714285,0.013348571428571428,0.013691428571428571,OK,OTHER_QH_IN_SAME_HOUR_INVALID
2026-08-15T06:45:00Z,2026-08-15T09:45:00+03:00,2026-08-15T06:00:00Z,0.00022857142857142857,0.09408,0.09430857142857142,OK,OTHER_QH_IN_SAME_HOUR_INVALID
2026-08-16T18:00:00Z,2026-08-16T21:00:00+03:00,2026-08-16T18:00:00Z,1.0640228571428572,0.0,1.0640228571428572,ALPHA_OUTSIDE_SIMPLEX,ALPHA_OUTSIDE_SIMPLEX
2026-08-16T18:15:00Z,2026-08-16T21:15:00+03:00,2026-08-16T18:00:00Z,0.40697142857142854,0.0,0.40697142857142854,OK,OTHER_QH_IN_SAME_HOUR_INVALID
2026-08-16T18:30:00Z,2026-08-16T21:30:00+03:00,2026-08-16T18:00:00Z,0.005211428571428572,0.0007771428571428572,0.005988571428571429,OK,OTHER_QH_IN_SAME_HOUR_INVALID
2026-08-16T18:45:00Z,2026-08-16T21:45:00+03:00,2026-08-16T18:00:00Z,0.0006857142857142857,0.010422857142857143,0.01110857142857143,OK,OTHER_QH_IN_SAME_HOUR_INVALID
2026-08-18T05:00:00Z,2026-08-18T08:00:00+03:00,2026-08-18T05:00:00Z,1.4474971428571428,0.0,1.4474971428571428,ALPHA_OUTSIDE_SIMPLEX,ALPHA_OUTSIDE_SIMPLEX
2026-08-18T05:15:00Z,2026-08-18T08:15:00+03:00,2026-08-18T05:00:00Z,1.1668114285714286,0.0,1.1668114285714286,ALPHA_OUTSIDE_SIMPLEX,ALPHA_OUTSIDE_SIMPLEX
2026-08-18T05:30:00Z,2026-08-18T08:30:00+03:00,2026-08-18T05:00:00Z,0.25458285714285717,0.003314285714285714,0.2578971428571429,OK,OTHER_QH_IN_SAME_HOUR_INVALID
2026-08-18T05:45:00Z,2026-08-18T08:45:00+03:00,2026-08-18T05:00:00Z,0.23661714285714286,9.142857142857143e-05,0.23670857142857143,OK,OTHER_QH_IN_SAME_HOUR_INVALID
2026-08-19T00:00:00Z,2026-08-19T03:00:00+03:00,2026-08-19T00:00:00Z,0.32443428571428573,0.0,0.32443428571428573,OK,OTHER_QH_IN_SAME_HOUR_INVALID
2026-08-19T00:15:00Z,2026-08-19T03:15:00+03:00,2026-08-19T00:00:00Z,0.4922514285714286,0.0,0.4922514285714286,OK,OTHER_QH_IN_SAME_HOUR_INVALID
2026-08-19T00:30:00Z,2026-08-19T03:30:00+03:00,2026-08-19T00:00:00Z,0.8938057142857143,0.0,0.8938057142857143,OK,OTHER_QH_IN_SAME_HOUR_INVALID
2026-08-19T00:45:00Z,2026-08-19T03:45:00+03:00,2026-08-19T00:00:00Z,1.0388342857142856,0.0,1.0388342857142856,ALPHA_OUTSIDE_SIMPLEX,ALPHA_OUTSIDE_SIMPLEX
2026-08-19T09:00:00Z,2026-08-19T12:00:00+03:00,2026-08-19T09:00:00Z,0.0,0.1815542857142857,0.1815542857142857,OK,OTHER_QH_IN_SAME_HOUR_INVALID
2026-08-19T09:15:00Z,2026-08-19T12:15:00+03:00,2026-08-19T09:00:00Z,0.0,1.3344,1.3344,ALPHA_OUTSIDE_SIMPLEX,ALPHA_OUTSIDE_SIMPLEX
2026-08-19T09:30:00Z,2026-08-19T12:30:00+03:00,2026-08-19T09:00:00Z,0.0,0.50784,0.50784,OK,OTHER_QH_IN_SAME_HOUR_INVALID
2026-08-19T09:45:00Z,2026-08-19T12:45:00+03:00,2026-08-19T09:00:00Z,0.0,0.2606171428571428,0.2606171428571428,OK,OTHER_QH_IN_SAME_HOUR_INVALID
2026-08-19T14:00:00Z,2026-08-19T17:00:00+03:00,2026-08-19T14:00:00Z,0.0,1.0006628571428573,1.0006628571428573,ALPHA_OUTSIDE_SIMPLEX,ALPHA_OUTSIDE_SIMPLEX
2026-08-19T14:15:00Z,2026-08-19T17:15:00+03:00,2026-08-19T14:00:00Z,0.00018285714285714286,0.09008,0.09026285714285713,OK,OTHER_QH_IN_SAME_HOUR_INVALID
2026-08-19T14:30:00Z,2026-08-19T17:30:00+03:00,2026-08-19T14:00:00Z,0.0,0.6730057142857143,0.6730057142857143,OK,OTHER_QH_IN_SAME_HOUR_INVALID
2026-08-19T14:45:00Z,2026-08-19T17:45:00+03:00,2026-08-19T14:00:00Z,0.03218285714285714,0.004365714285714286,0.03654857142857142,OK,OTHER_QH_IN_SAME_HOUR_INVALID
2026-08-19T16:00:00Z,2026-08-19T19:00:00+03:00,2026-08-19T16:00:00Z,0.4645714285714286,0.0,0.4645714285714286,OK,OTHER_QH_IN_SAME_HOUR_INVALID
2026-08-19T16:15:00Z,2026-08-19T19:15:00+03:00,2026-08-19T16:00:00Z,0.30530285714285715,0.6410514285714286,0.9463542857142857,OK,OTHER_QH_IN_SAME_HOUR_INVALID
2026-08-19T16:30:00Z,2026-08-19T19:30:00+03:00,2026-08-19T16:00:00Z,0.0,2.1402514285714287,2.1402514285714287,ALPHA_OUTSIDE_SIMPLEX,ALPHA_OUTSIDE_SIMPLEX
2026-08-19T16:45:00Z,2026-08-19T19:45:00+03:00,2026-08-19T16:00:00Z,0.4843428571428572,0.04937142857142857,0.5337142857142858,OK,OTHER_QH_IN_SAME_HOUR_INVALID
2026-08-19T17:00:00Z,2026-08-19T20:00:00+03:00,2026-08-19T17:00:00Z,0.9889828571428572,0.0,0.9889828571428572,OK,OTHER_QH_IN_SAME_HOUR_INVALID
2026-08-19T17:15:00Z,2026-08-19T20:15:00+03:00,2026-08-19T17:00:00Z,1.3310857142857142,0.0,1.3310857142857142,ALPHA_OUTSIDE_SIMPLEX,ALPHA_OUTSIDE_SIMPLEX
2026-08-19T17:30:00Z,2026-08-19T20:30:00+03:00,2026-08-19T17:00:00Z,0.7832,0.0,0.7832,OK,OTHER_QH_IN_SAME_HOUR_INVALID
2026-08-19T17:45:00Z,2026-08-19T20:45:00+03:00,2026-08-19T17:00:00Z,0.9328228571428572,0.0,0.9328228571428572,OK,OTHER_QH_IN_SAME_HOUR_INVALID
2026-08-20T12:00:00Z,2026-08-20T15:00:00+03:00,2026-08-20T12:00:00Z,0.0,1.0546971428571428,1.0546971428571428,ALPHA_OUTSIDE_SIMPLEX,ALPHA_OUTSIDE_SIMPLEX
2026-08-20T12:15:00Z,2026-08-20T15:15:00+03:00,2026-08-20T12:00:00Z,0.0,0.6645028571428572,0.6645028571428572,OK,OTHER_QH_IN_SAME_HOUR_INVALID
2026-08-20T12:30:00Z,2026-08-20T15:30:00+03:00,2026-08-20T12:00:00Z,0.0,0.31974857142857144,0.31974857142857144,OK,OTHER_QH_IN_SAME_HOUR_INVALID
2026-08-20T12:45:00Z,2026-08-20T15:45:00+03:00,2026-08-20T12:00:00Z,0.0,0.3783085714285714,0.3783085714285714,OK,OTHER_QH_IN_SAME_HOUR_INVALID
2026-08-20T15:00:00Z,2026-08-20T18:00:00+03:00,2026-08-20T15:00:00Z,0.18416000000000002,0.0010057142857142856,0.1851657142857143,OK,OTHER_QH_IN_SAME_HOUR_INVALID
2026-08-20T15:15:00Z,2026-08-20T18:15:00+03:00,2026-08-20T15:00:00Z,0.49337142857142857,0.0,0.49337142857142857,OK,OTHER_QH_IN_SAME_HOUR_INVALID
2026-08-20T15:30:00Z,2026-08-20T18:30:00+03:00,2026-08-20T15:00:00Z,0.8250285714285714,0.0,0.8250285714285714,OK,OTHER_QH_IN_SAME_HOUR_INVALID
2026-08-20T15:45:00Z,2026-08-20T18:45:00+03:00,2026-08-20T15:00:00Z,1.1049371428571428,0.0,1.1049371428571428,ALPHA_OUTSIDE_SIMPLEX,ALPHA_OUTSIDE_SIMPLEX
2026-08-20T16:00:00Z,2026-08-20T19:00:00+03:00,2026-08-20T16:00:00Z,1.23136,0.0,1.23136,ALPHA_OUTSIDE_SIMPLEX,ALPHA_OUTSIDE_SIMPLEX
2026-08-20T16:15:00Z,2026-08-20T19:15:00+03:00,2026-08-20T16:00:00Z,1.21472,0.0,1.21472,ALPHA_OUTSIDE_SIMPLEX,ALPHA_OUTSIDE_SIMPLEX
2026-08-20T16:30:00Z,2026-08-20T19:30:00+03:00,2026-08-20T16:00:00Z,1.2924114285714285,0.0,1.2924114285714285,ALPHA_OUTSIDE_SIMPLEX,ALPHA_OUTSIDE_SIMPLEX
2026-08-20T16:45:00Z,2026-08-20T19:45:00+03:00,2026-08-20T16:00:00Z,0.43936000000000003,0.0,0.43936000000000003,OK,OTHER_QH_IN_SAME_HOUR_INVALID
2026-08-21T14:00:00Z,2026-08-21T17:00:00+03:00,2026-08-21T14:00:00Z,0.002057142857142857,0.018605714285714284,0.020662857142857143,OK,OTHER_QH_IN_SAME_HOUR_INVALID
2026-08-21T14:15:00Z,2026-08-21T17:15:00+03:00,2026-08-21T14:00:00Z,0.010674285714285714,0.004411428571428571,0.015085714285714286,OK,OTHER_QH_IN_SAME_HOUR_INVALID
2026-08-21T14:30:00Z,2026-08-21T17:30:00+03:00,2026-08-21T14:00:00Z,0.9829257142857143,0.0,0.9829257142857143,OK,OTHER_QH_IN_SAME_HOUR_INVALID
2026-08-21T14:45:00Z,2026-08-21T17:45:00+03:00,2026-08-21T14:00:00Z,1.2432685714285714,0.0,1.2432685714285714,ALPHA_OUTSIDE_SIMPLEX,ALPHA_OUTSIDE_SIMPLEX
2026-08-22T00:00:00Z,2026-08-22T03:00:00+03:00,2026-08-22T00:00:00Z,0.0,0.11131428571428571,0.11131428571428571,OK,OTHER_QH_IN_SAME_HOUR_INVALID
2026-08-22T00:15:00Z,2026-08-22T03:15:00+03:00,2026-08-22T00:00:00Z,0.0,0.13618285714285713,0.13618285714285713,OK,OTHER_QH_IN_SAME_HOUR_INVALID
2026-08-22T00:30:00Z,2026-08-22T03:30:00+03:00,2026-08-22T00:00:00Z,0.0016228571428571427,0.0029485714285714284,0.004571428571428571,OK,OTHER_QH_IN_SAME_HOUR_INVALID
2026-08-22T00:45:00Z,2026-08-22T03:45:00+03:00,2026-08-22T00:00:00Z,0.0,,,ALPHA_UNCOMPUTABLE;REQUIRED_PRICE_MISSING,ALPHA_UNCOMPUTABLE;REQUIRED_PRICE_MISSING
2026-08-22T10:00:00Z,2026-08-22T13:00:00+03:00,2026-08-22T10:00:00Z,0.5773028571428572,0.0,0.5773028571428572,OK,OTHER_QH_IN_SAME_HOUR_INVALID
2026-08-22T10:15:00Z,2026-08-22T13:15:00+03:00,2026-08-22T10:00:00Z,1.0589485714285714,0.0,1.0589485714285714,ALPHA_OUTSIDE_SIMPLEX,ALPHA_OUTSIDE_SIMPLEX
2026-08-22T10:30:00Z,2026-08-22T13:30:00+03:00,2026-08-22T10:00:00Z,0.6409600000000001,0.0,0.6409600000000001,OK,OTHER_QH_IN_SAME_HOUR_INVALID
2026-08-22T10:45:00Z,2026-08-22T13:45:00+03:00,2026-08-22T10:00:00Z,0.4749942857142857,0.0,0.4749942857142857,OK,OTHER_QH_IN_SAME_HOUR_INVALID
2026-08-22T21:00:00Z,2026-08-23T00:00:00+03:00,2026-08-22T21:00:00Z,1.007062857142857,0.0,1.007062857142857,ALPHA_OUTSIDE_SIMPLEX,ALPHA_OUTSIDE_SIMPLEX
2026-08-22T21:15:00Z,2026-08-23T00:15:00+03:00,2026-08-22T21:00:00Z,1.273302857142857,0.0,1.273302857142857,ALPHA_OUTSIDE_SIMPLEX,ALPHA_OUTSIDE_SIMPLEX
2026-08-22T21:30:00Z,2026-08-23T00:30:00+03:00,2026-08-22T21:00:00Z,0.7613257142857143,0.0,0.7613257142857143,OK,OTHER_QH_IN_SAME_HOUR_INVALID
2026-08-22T21:45:00Z,2026-08-23T00:45:00+03:00,2026-08-22T21:00:00Z,0.8463542857142857,0.0,0.8463542857142857,OK,OTHER_QH_IN_SAME_HOUR_INVALID
2026-08-23T07:00:00Z,2026-08-23T10:00:00+03:00,2026-08-23T07:00:00Z,0.0,0.32761142857142855,0.32761142857142855,OK,OTHER_QH_IN_SAME_HOUR_INVALID
2026-08-23T07:15:00Z,2026-08-23T10:15:00+03:00,2026-08-23T07:00:00Z,0.0,0.5157942857142856,0.5157942857142856,OK,OTHER_QH_IN_SAME_HOUR_INVALID
2026-08-23T07:30:00Z,2026-08-23T10:30:00+03:00,2026-08-23T07:00:00Z,0.0,1.0902628571428572,1.0902628571428572,ALPHA_OUTSIDE_SIMPLEX,ALPHA_OUTSIDE_SIMPLEX
2026-08-23T07:45:00Z,2026-08-23T10:45:00+03:00,2026-08-23T07:00:00Z,0.0,0.28893714285714284,0.28893714285714284,OK,OTHER_QH_IN_SAME_HOUR_INVALID
2026-08-24T14:00:00Z,2026-08-24T17:00:00+03:00,2026-08-24T14:00:00Z,0.0,1.6876571428571427,1.6876571428571427,ALPHA_OUTSIDE_SIMPLEX,ALPHA_OUTSIDE_SIMPLEX
2026-08-24T14:15:00Z,2026-08-24T17:15:00+03:00,2026-08-24T14:00:00Z,6.857142857142857e-05,0.71248,0.7125485714285714,OK,OTHER_QH_IN_SAME_HOUR_INVALID
2026-08-24T14:30:00Z,2026-08-24T17:30:00+03:00,2026-08-24T14:00:00Z,0.2646857142857143,0.0,0.2646857142857143,OK,OTHER_QH_IN_SAME_HOUR_INVALID
2026-08-24T14:45:00Z,2026-08-24T17:45:00+03:00,2026-08-24T14:00:00Z,0.8462400000000001,0.0,0.8462400000000001,OK,OTHER_QH_IN_SAME_HOUR_INVALID
2026-08-25T08:00:00Z,2026-08-25T11:00:00+03:00,2026-08-25T08:00:00Z,0.0,1.025782857142857,1.025782857142857,ALPHA_OUTSIDE_SIMPLEX,ALPHA_OUTSIDE_SIMPLEX
2026-08-25T08:15:00Z,2026-08-25T11:15:00+03:00,2026-08-25T08:00:00Z,0.0,0.5751085714285714,0.5751085714285714,OK,OTHER_QH_IN_SAME_HOUR_INVALID
2026-08-25T08:30:00Z,2026-08-25T11:30:00+03:00,2026-08-25T08:00:00Z,0.0,0.40205714285714284,0.40205714285714284,OK,OTHER_QH_IN_SAME_HOUR_INVALID
2026-08-25T08:45:00Z,2026-08-25T11:45:00+03:00,2026-08-25T08:00:00Z,0.0,0.2525485714285714,0.2525485714285714,OK,OTHER_QH_IN_SAME_HOUR_INVALID
2026-08-25T14:00:00Z,2026-08-25T17:00:00+03:00,2026-08-25T14:00:00Z,0.0007771428571428572,0.31664,0.31741714285714284,OK,OTHER_QH_IN_SAME_HOUR_INVALID
2026-08-25T14:15:00Z,2026-08-25T17:15:00+03:00,2026-08-25T14:00:00Z,0.020525714285714286,0.12768000000000002,0.1482057142857143,OK,OTHER_QH_IN_SAME_HOUR_INVALID
2026-08-25T14:30:00Z,2026-08-25T17:30:00+03:00,2026-08-25T14:00:00Z,0.4742857142857143,0.0,0.4742857142857143,OK,OTHER_QH_IN_SAME_HOUR_INVALID
2026-08-25T14:45:00Z,2026-08-25T17:45:00+03:00,2026-08-25T14:00:00Z,1.4516342857142857,0.0,1.4516342857142857,ALPHA_OUTSIDE_SIMPLEX,ALPHA_OUTSIDE_SIMPLEX
2026-08-25T19:00:00Z,2026-08-25T22:00:00+03:00,2026-08-25T19:00:00Z,0.0,0.6173028571428572,0.6173028571428572,OK,OTHER_QH_IN_SAME_HOUR_INVALID
2026-08-25T19:15:00Z,2026-08-25T22:15:00+03:00,2026-08-25T19:00:00Z,0.0,0.7742171428571428,0.7742171428571428,OK,OTHER_QH_IN_SAME_HOUR_INVALID
2026-08-25T19:30:00Z,2026-08-25T22:30:00+03:00,2026-08-25T19:00:00Z,0.0,0.7918857142857143,0.7918857142857143,OK,OTHER_QH_IN_SAME_HOUR_INVALID
2026-08-25T19:45:00Z,2026-08-25T22:45:00+03:00,2026-08-25T19:00:00Z,0.0,1.4721828571428572,1.4721828571428572,ALPHA_OUTSIDE_SIMPLEX,ALPHA_OUTSIDE_SIMPLEX
2026-08-25T20:00:00Z,2026-08-25T23:00:00+03:00,2026-08-25T20:00:00Z,0.0,1.1863085714285715,1.1863085714285715,ALPHA_OUTSIDE_SIMPLEX,ALPHA_OUTSIDE_SIMPLEX
2026-08-25T20:15:00Z,2026-08-25T23:15:00+03:00,2026-08-25T20:00:00Z,0.0,0.28592,0.28592,OK,OTHER_QH_IN_SAME_HOUR_INVALID
2026-08-25T20:30:00Z,2026-08-25T23:30:00+03:00,2026-08-25T20:00:00Z,0.00034285714285714285,0.05677714285714286,0.057120000000000004,OK,OTHER_QH_IN_SAME_HOUR_INVALID
2026-08-25T20:45:00Z,2026-08-25T23:45:00+03:00,2026-08-25T20:00:00Z,0.2517028571428572,0.0136,0.2653028571428572,OK,OTHER_QH_IN_SAME_HOUR_INVALID
2026-08-26T01:00:00Z,2026-08-26T04:00:00+03:00,2026-08-26T01:00:00Z,0.0,0.13302857142857144,0.13302857142857144,OK,OTHER_QH_IN_SAME_HOUR_INVALID
2026-08-26T01:15:00Z,2026-08-26T04:15:00+03:00,2026-08-26T01:00:00Z,0.07876571428571429,0.03650285714285714,0.11526857142857143,OK,OTHER_QH_IN_SAME_HOUR_INVALID
2026-08-26T01:30:00Z,2026-08-26T04:30:00+03:00,2026-08-26T01:00:00Z,0.5734857142857143,0.0,0.5734857142857143,OK,OTHER_QH_IN_SAME_HOUR_INVALID
2026-08-26T01:45:00Z,2026-08-26T04:45:00+03:00,2026-08-26T01:00:00Z,1.0822857142857143,0.0,1.0822857142857143,ALPHA_OUTSIDE_SIMPLEX,ALPHA_OUTSIDE_SIMPLEX
2026-08-26T02:00:00Z,2026-08-26T05:00:00+03:00,2026-08-26T02:00:00Z,1.2850057142857143,0.0,1.2850057142857143,ALPHA_OUTSIDE_SIMPLEX,ALPHA_OUTSIDE_SIMPLEX
2026-08-26T02:15:00Z,2026-08-26T05:15:00+03:00,2026-08-26T02:00:00Z,2.028822857142857,0.0,2.028822857142857,ALPHA_OUTSIDE_SIMPLEX,ALPHA_OUTSIDE_SIMPLEX
2026-08-26T02:30:00Z,2026-08-26T05:30:00+03:00,2026-08-26T02:00:00Z,1.5399085714285714,0.0,1.5399085714285714,ALPHA_OUTSIDE_SIMPLEX,ALPHA_OUTSIDE_SIMPLEX
2026-08-26T02:45:00Z,2026-08-26T05:45:00+03:00,2026-08-26T02:00:00Z,1.536,0.0,1.536,ALPHA_OUTSIDE_SIMPLEX,ALPHA_OUTSIDE_SIMPLEX
2026-08-26T08:00:00Z,2026-08-26T11:00:00+03:00,2026-08-26T08:00:00Z,0.0,1.0198857142857143,1.0198857142857143,ALPHA_OUTSIDE_SIMPLEX,ALPHA_OUTSIDE_SIMPLEX
2026-08-26T08:15:00Z,2026-08-26T11:15:00+03:00,2026-08-26T08:00:00Z,0.0,1.08528,1.08528,ALPHA_OUTSIDE_SIMPLEX,ALPHA_OUTSIDE_SIMPLEX
2026-08-26T08:30:00Z,2026-08-26T11:30:00+03:00,2026-08-26T08:00:00Z,0.0,0.4492342857142857,0.4492342857142857,OK,OTHER_QH_IN_SAME_HOUR_INVALID
2026-08-26T08:45:00Z,2026-08-26T11:45:00+03:00,2026-08-26T08:00:00Z,0.0,0.5662857142857143,0.5662857142857143,OK,OTHER_QH_IN_SAME_HOUR_INVALID
2026-08-26T12:00:00Z,2026-08-26T15:00:00+03:00,2026-08-26T12:00:00Z,1.1336685714285715,0.0,1.1336685714285715,ALPHA_OUTSIDE_SIMPLEX,ALPHA_OUTSIDE_SIMPLEX
2026-08-26T12:15:00Z,2026-08-26T15:15:00+03:00,2026-08-26T12:00:00Z,1.3497828571428572,0.0,1.3497828571428572,ALPHA_OUTSIDE_SIMPLEX,ALPHA_OUTSIDE_SIMPLEX
2026-08-26T12:30:00Z,2026-08-26T15:30:00+03:00,2026-08-26T12:00:00Z,0.8631085714285714,0.0,0.8631085714285714,OK,OTHER_QH_IN_SAME_HOUR_INVALID
2026-08-26T12:45:00Z,2026-08-26T15:45:00+03:00,2026-08-26T12:00:00Z,0.4844342857142857,0.0,0.4844342857142857,OK,OTHER_QH_IN_SAME_HOUR_INVALID
2026-08-26T21:00:00Z,2026-08-27T00:00:00+03:00,2026-08-26T21:00:00Z,0.8857828571428571,0.0,0.8857828571428571,OK,OTHER_QH_IN_SAME_HOUR_INVALID
2026-08-26T21:15:00Z,2026-08-27T00:15:00+03:00,2026-08-26T21:00:00Z,1.1212799999999998,0.0,1.1212799999999998,ALPHA_OUTSIDE_SIMPLEX,ALPHA_OUTSIDE_SIMPLEX
2026-08-26T21:30:00Z,2026-08-27T00:30:00+03:00,2026-08-26T21:00:00Z,0.8277714285714286,0.0,0.8277714285714286,OK,OTHER_QH_IN_SAME_HOUR_INVALID
2026-08-26T21:45:00Z,2026-08-27T00:45:00+03:00,2026-08-26T21:00:00Z,0.39501714285714284,0.01401142857142857,0.4090285714285714,OK,OTHER_QH_IN_SAME_HOUR_INVALID
2026-08-27T08:00:00Z,2026-08-27T11:00:00+03:00,2026-08-27T08:00:00Z,,,,ALPHA_UNCOMPUTABLE,ALPHA_UNCOMPUTABLE
2026-08-27T08:15:00Z,2026-08-27T11:15:00+03:00,2026-08-27T08:00:00Z,0.0,0.39296000000000003,0.39296000000000003,OK,OTHER_QH_IN_SAME_HOUR_INVALID
2026-08-27T08:30:00Z,2026-08-27T11:30:00+03:00,2026-08-27T08:00:00Z,0.02336,0.03524571428571429,0.05860571428571429,OK,OTHER_QH_IN_SAME_HOUR_INVALID
2026-08-27T08:45:00Z,2026-08-27T11:45:00+03:00,2026-08-27T08:00:00Z,0.04212571428571429,0.015680000000000003,0.057805714285714294,OK,OTHER_QH_IN_SAME_HOUR_INVALID
2026-08-27T19:00:00Z,2026-08-27T22:00:00+03:00,2026-08-27T19:00:00Z,1.2131885714285713,0.0,1.2131885714285713,ALPHA_OUTSIDE_SIMPLEX,ALPHA_OUTSIDE_SIMPLEX
2026-08-27T19:15:00Z,2026-08-27T22:15:00+03:00,2026-08-27T19:00:00Z,0.2957257142857143,0.0008457142857142857,0.2965714285714286,OK,OTHER_QH_IN_SAME_HOUR_INVALID
2026-08-27T19:30:00Z,2026-08-27T22:30:00+03:00,2026-08-27T19:00:00Z,0.02761142857142857,0.004182857142857143,0.03179428571428571,OK,OTHER_QH_IN_SAME_HOUR_INVALID
2026-08-27T19:45:00Z,2026-08-27T22:45:00+03:00,2026-08-27T19:00:00Z,0.012914285714285713,0.006697142857142856,0.01961142857142857,OK,OTHER_QH_IN_SAME_HOUR_INVALID
2026-08-28T03:00:00Z,2026-08-28T06:00:00+03:00,2026-08-28T03:00:00Z,1.5976,0.0,1.5976,ALPHA_OUTSIDE_SIMPLEX,ALPHA_OUTSIDE_SIMPLEX
2026-08-28T03:15:00Z,2026-08-28T06:15:00+03:00,2026-08-28T03:00:00Z,2.0513142857142856,0.0,2.0513142857142856,ALPHA_OUTSIDE_SIMPLEX,ALPHA_OUTSIDE_SIMPLEX
2026-08-28T03:30:00Z,2026-08-28T06:30:00+03:00,2026-08-28T03:00:00Z,0.28219428571428573,0.0,0.28219428571428573,OK,OTHER_QH_IN_SAME_HOUR_INVALID
2026-08-28T03:45:00Z,2026-08-28T06:45:00+03:00,2026-08-28T03:00:00Z,0.0009371428571428572,0.08608,0.08701714285714286,OK,OTHER_QH_IN_SAME_HOUR_INVALID
2026-08-28T09:00:00Z,2026-08-28T12:00:00+03:00,2026-08-28T09:00:00Z,0.0,1.0419657142857142,1.0419657142857142,ALPHA_OUTSIDE_SIMPLEX,ALPHA_OUTSIDE_SIMPLEX
2026-08-28T09:15:00Z,2026-08-28T12:15:00+03:00,2026-08-28T09:00:00Z,0.0,0.8793828571428571,0.8793828571428571,OK,OTHER_QH_IN_SAME_HOUR_INVALID
2026-08-28T09:30:00Z,2026-08-28T12:30:00+03:00,2026-08-28T09:00:00Z,0.0,0.7437028571428571,0.7437028571428571,OK,OTHER_QH_IN_SAME_HOUR_INVALID
2026-08-28T09:45:00Z,2026-08-28T12:45:00+03:00,2026-08-28T09:00:00Z,0.0,0.5535542857142857,0.5535542857142857,OK,OTHER_QH_IN_SAME_HOUR_INVALID
2026-08-29T05:00:00Z,2026-08-29T08:00:00+03:00,2026-08-29T05:00:00Z,0.004502857142857143,0.07748571428571428,0.08198857142857142,OK,OTHER_QH_IN_SAME_HOUR_INVALID
2026-08-29T05:15:00Z,2026-08-29T08:15:00+03:00,2026-08-29T05:00:00Z,,,,ALPHA_UNCOMPUTABLE,ALPHA_UNCOMPUTABLE
2026-08-29T05:30:00Z,2026-08-29T08:30:00+03:00,2026-08-29T05:00:00Z,0.04836571428571429,0.2690285714285714,0.3173942857142857,OK,OTHER_QH_IN_SAME_HOUR_INVALID
2026-08-29T05:45:00Z,2026-08-29T08:45:00+03:00,2026-08-29T05:00:00Z,0.0,1.0226514285714285,1.0226514285714285,ALPHA_OUTSIDE_SIMPLEX,ALPHA_OUTSIDE_SIMPLEX
2026-08-29T06:00:00Z,2026-08-29T09:00:00+03:00,2026-08-29T06:00:00Z,0.0,0.8787200000000001,0.8787200000000001,OK,OTHER_QH_IN_SAME_HOUR_INVALID
2026-08-29T06:15:00Z,2026-08-29T09:15:00+03:00,2026-08-29T06:00:00Z,0.0,0.4943542857142857,0.4943542857142857,OK,OTHER_QH_IN_SAME_HOUR_INVALID
2026-08-29T06:30:00Z,2026-08-29T09:30:00+03:00,2026-08-29T06:00:00Z,0.0,0.7795885714285714,0.7795885714285714,OK,OTHER_QH_IN_SAME_HOUR_INVALID
2026-08-29T06:45:00Z,2026-08-29T09:45:00+03:00,2026-08-29T06:00:00Z,0.0,1.1097142857142857,1.1097142857142857,ALPHA_OUTSIDE_SIMPLEX,ALPHA_OUTSIDE_SIMPLEX
2026-08-31T15:00:00Z,2026-08-31T18:00:00+03:00,2026-08-31T15:00:00Z,0.5017371428571429,0.0,0.5017371428571429,OK,OTHER_QH_IN_SAME_HOUR_INVALID
2026-08-31T15:15:00Z,2026-08-31T18:15:00+03:00,2026-08-31T15:00:00Z,1.1303314285714285,0.0,1.1303314285714285,ALPHA_OUTSIDE_SIMPLEX,ALPHA_OUTSIDE_SIMPLEX
2026-08-31T15:30:00Z,2026-08-31T18:30:00+03:00,2026-08-31T15:00:00Z,1.3709257142857143,0.0,1.3709257142857143,ALPHA_OUTSIDE_SIMPLEX,ALPHA_OUTSIDE_SIMPLEX
2026-08-31T15:45:00Z,2026-08-31T18:45:00+03:00,2026-08-31T15:00:00Z,1.623977142857143,0.0,1.623977142857143,ALPHA_OUTSIDE_SIMPLEX,ALPHA_OUTSIDE_SIMPLEX
2026-08-31T20:00:00Z,2026-08-31T23:00:00+03:00,2026-08-31T20:00:00Z,0.8607314285714285,0.0048,0.8655314285714285,OK,OTHER_QH_IN_SAME_HOUR_INVALID
2026-08-31T20:15:00Z,2026-08-31T23:15:00+03:00,2026-08-31T20:00:00Z,1.379657142857143,0.0,1.379657142857143,ALPHA_OUTSIDE_SIMPLEX,ALPHA_OUTSIDE_SIMPLEX
2026-08-31T20:30:00Z,2026-08-31T23:30:00+03:00,2026-08-31T20:00:00Z,1.1002514285714287,0.0,1.1002514285714287,ALPHA_OUTSIDE_SIMPLEX,ALPHA_OUTSIDE_SIMPLEX
2026-08-31T20:45:00Z,2026-08-31T23:45:00+03:00,2026-08-31T20:00:00Z,0.44745142857142856,0.0,0.44745142857142856,OK,OTHER_QH_IN_SAME_HOUR_INVALID
