day,DA_kEUR,DA_kEUR_per_MW,FCR_cap_kEUR,FCR_cap_kEUR_per_MW,cap_up_kEUR,cap_up_kEUR_per_MW,cap_down_kEUR,cap_down_kEUR_per_MW,act_up_kEUR,act_up_kEUR_per_MW,act_down_kEUR,act_down_kEUR_per_MW,total_kEUR,total_kEUR_per_MW,efc,total_qh,executed_qh,execution_coverage,da_valid_qh,afrr_valid_qh,fcr_valid_qh,fcr_in_scope_qh,initial_no_prior_qh,charge_ac_mwh,discharge_ac_mwh,da_data_coverage,afrr_data_coverage,fcr_data_coverage,fcr_in_scope_coverage,afrr_up_activation_mwh,afrr_down_activation_mwh,average_da_mw,average_afrr_up_mw,average_afrr_down_mw,average_fcr_mw,first_local_date,last_local_date,complete_days,calendar_complete
2025-01-01,0,0,0,0,0,0,0,0,0,0,0,0,0,0,0,96,96,1,96,92,0,0,96,0,0,1,0.958333333333,0,,0,0,0,0,0,0,2025-01-01,2025-01-01,1,True
2025-01-02,14.8831511788,0.148831511788,0,0,16.4757443558,0.164757443558,16.8505096399,0.168505096399,35.0893184093,0.350893184093,6.65801056132,0.0665801056132,89.9567341451,0.899567341451,1.61073381414,96,96,1,96,92,0,0,0,315.143572331,266.737519621,1,0.958333333333,0,,130.02805171,108.1738,-2.92751268416,49.8333333333,47.8333333333,0,2025-01-02,2025-01-02,1,True
2025-01-03,-0.176830413981,-0.00176830413981,0,0,14.3242797692,0.143242797692,15.202967371,0.15202967371,24.5859819774,0.245859819774,8.69061368419,0.0869061368419,62.6270123878,0.626270123878,2.0721889858,96,96,1,96,80,0,0,0,405.439465237,343.145028721,1,0.833333333333,0,,120.70214,72.32584,-4.61128068818,43.3333333333,43.1666666667,0,2025-01-03,2025-01-03,1,True
2025-01-04,-10.6069133025,-0.106069133025,0,0,16.4730949366,0.164730949366,17.5555528754,0.175555528754,58.1795995749,0.581795995749,10.2828328297,0.102828328297,91.8841669141,0.918841669141,1.57972564375,96,96,1,96,92,0,0,0,310.226703745,260.62925116,1,0.958333333333,0,,193.133905907,94.31864,-6.18386327047,49.8333333333,49.8333333333,0,2025-01-04,2025-01-04,1,True
2025-01-05,10.6290018495,0.106290018495,0,0,17.1369072745,0.171369072745,18.3185832881,0.183185832881,65.8220829068,0.658220829068,76.2828364339,0.762828364339,188.189411753,1.88189411753,1.64941397556,96,96,1,96,96,0,0,0,332.258204165,265.0625647,1,1,0,,193.94550601,267.60058,0.269143105196,51.8333333333,52,0,2025-01-05,2025-01-05,1,True
2025-01-06,25.848894056,0.25848894056,0,0,17.2534764518,0.172534764518,16.937295222,0.16937295222,20.2767396355,0.202767396355,22.7311588878,0.227311588878,103.047564253,1.03047564253,2.50478924974,96,96,1,96,96,0,0,0,483.839224975,420.064679494,1,1,0,,110.220553061,159.51466,-0.603351605958,52,48.375,0,2025-01-06,2025-01-06,1,True
2025-01-07,42.9042640874,0.429042640874,0,0,15.7555568956,0.157555568956,16.6888339464,0.166888339464,3.42464526552,0.0342464526552,3.52671683105,0.0352671683105,82.300017026,0.82300017026,2.13012032822,96,96,1,96,92,0,0,0,416.74495765,352.762920553,1,0.958333333333,0,,19.6752028571,214.72126,5.46100083522,47.5,47.6666666667,0,2025-01-07,2025-01-07,1,True
2025-01-08,24.7095344667,0.247095344667,0,0,11.8219461698,0.118219461698,12.8888379666,0.128888379666,8.55003266568,0.0855003266568,6.03021706859,0.0603021706859,64.0005683373,0.640005683373,2.1591282614,96,96,1,96,68,0,0,0,420.988715828,358.778431098,1,0.708333333333,0,,43.6114853807,147.00582,1.7160020787,35.625,36.8333333333,0,2025-01-08,2025-01-08,1,True
2025-01-09,14.7479293446,0.147479293446,0,0,15.5915718364,0.155915718364,17.299312397,0.17299312397,46.8328759791,0.468328759791,8.60985290883,0.0860985290883,103.081542466,1.03081542466,1.88897997156,96,96,1,96,92,0,0,0,390.457941951,295.146564513,1,0.958333333333,0,,70.55016,156.14404,-0.404895726581,49.5,49.6666666667,0,2025-01-09,2025-01-09,1,True
2025-01-10,21.9967633847,0.219967633847,0,0,14.946863439,0.14946863439,17.3581470162,0.173581470162,43.6649942022,0.436649942022,-0.496394557134,-0.00496394557134,97.4703734849,0.974703734849,2.10424891705,96,96,1,96,92,0,0,0,387.813438573,368.68194692,1,0.958333333333,0,,86.83454,121.05262,0.628607847801,47.6666666667,49.8333333333,0,2025-01-10,2025-01-10,1,True
2025-01-11,14.3209370697,0.143209370697,0,0,14.7546653797,0.147546653797,16.3112773488,0.163112773488,11.6561767616,0.116561767616,7.05679912531,0.0705679912531,64.0998556851,0.640998556851,1.97949892869,96,96,1,96,88,0,0,0,388.616988128,326.684626431,1,0.916666666667,0,,72.13648,150.32082,0.67716576265,47.6666666667,47.6666666667,0,2025-01-11,2025-01-11,1,True
2025-01-12,14.2853841132,0.142853841132,0,0,15.4239060489,0.154239060489,17.0537162162,0.170537162162,6.70257441737,0.0670257441737,0.442391148323,0.00442391148323,53.907971944,0.53907971944,1.57426202754,96,96,1,96,92,0,0,0,306.696625772,261.807559467,1,0.958333333333,0,,45.1061,119.63562,1.23501890393,49.8333333333,49.8333333333,0,2025-01-12,2025-01-12,1,True
2025-01-13,0.0992141891631,0.000992141891631,0,0,14.4604086229,0.144604086229,16.3423342986,0.163423342986,106.194754571,1.06194754571,3.81690227979,0.0381690227979,140.913613961,1.40913613961,2.21170336181,96,96,1,96,88,0,0,0,444.690252827,356.13032344,1,0.916666666667,0,,185.40002,126.4614,-6.14577289115,45.5,47.6666666667,0,2025-01-13,2025-01-13,1,True
2025-01-14,5.48789841115,0.0548789841115,0,0,14.0890712031,0.140890712031,16.9414168225,0.169414168225,108.826284341,1.08826284341,16.0251127428,0.160251127428,161.369783521,1.61369783521,2.35300168706,96,96,1,96,92,0,0,0,449.250538624,399.068502864,1,0.958333333333,0,,217.81838,93.23314,-7.28196982334,45.5,49.6666666667,0,2025-01-14,2025-01-14,1,True
2025-01-15,24.0917926662,0.240917926662,0,0,13.4582445418,0.134582445418,17.5481966949,0.175481966949,41.5119611374,0.415119611374,14.0124628502,0.140124628502,110.622657891,1.10622657891,1.91766850102,96,96,1,96,96,0,0,0,472.062987742,235.577694713,1,1,0,,101.15197,106.016105,-9.65088158456,43.5833333333,51.4583333333,0,2025-01-15,2025-01-15,1,True
2025-01-16,32.2430908365,0.322430908365,0,0,14.8165306533,0.148165306533,15.7866773869,0.157866773869,39.9991241576,0.399991241576,12.5010470854,0.125010470854,115.34647012,1.1534647012,2.03802836715,96,96,1,96,92,0,0,0,311.908982434,410.995232468,1,0.958333333333,0,,92.607695,95.20108,4.23665145975,46.9583333333,49.8333333333,0,2025-01-16,2025-01-16,1,True
2025-01-17,15.1790530863,0.151790530863,0,0,16.4208325795,0.164208325795,15.0787613821,0.150787613821,38.4330017048,0.384330017048,17.2241343301,0.172241343301,102.335783083,1.02335783083,2.07665853829,96,96,1,96,96,0,0,0,408.030154276,342.432585303,1,1,0,,90.24782,156.69587,0.0354367094208,52,50.125,0,2025-01-17,2025-01-17,1,True
2025-01-18,12.6398714588,0.126398714588,0,0,16.5206776664,0.165206776664,15.6128539561,0.156128539561,19.3324143817,0.193324143817,5.11153724855,0.0511153724855,69.2173547114,0.692173547114,1.96781347478,96,96,1,96,96,0,0,0,372.389426221,336.549412494,1,1,0,,86.70636,131.54466,0.374928594731,52,52,0,2025-01-18,2025-01-18,1,True
2025-01-19,-2.37506804795,-0.0237506804795,0,0,15.8935509154,0.158935509154,14.8976064632,0.148976064632,64.016228332,0.64016228332,7.16446521335,0.0716446521335,99.596782876,0.99596782876,1.18327092047,96,96,1,96,92,0,0,0,231.583348503,195.887182685,1,0.958333333333,0,,126.27602,79.2957,-3.44485357575,49.8333333333,49.6666666667,0,2025-01-19,2025-01-19,1,True
2025-01-20,48.2722919054,0.482722919054,0,0,13.982668462,0.13982668462,13.9406901264,0.139406901264,51.3022310546,0.513022310546,4.97222516204,0.0497222516204,132.47010671,1.3247010671,2.58712303507,96,96,1,96,92,0,0,0,590.131229003,357.368076987,1,0.958333333333,0,,116.24751,38.26212,-12.9478559173,43.9583333333,45.5,0,2025-01-20,2025-01-20,1,True
2025-01-21,46.4144356339,0.464144356339,0,0,13.0864000804,0.130864000804,13.7980508389,0.137980508389,42.3622464814,0.423622464814,3.61980028209,0.0361980028209,119.280933317,1.19280933317,2.59740616054,96,96,1,96,92,0,0,0,521.985445204,418.45243955,1,0.958333333333,0,,91.168005,106.37328,-3.68032211058,41.2083333333,45.5,0,2025-01-21,2025-01-21,1,True
2025-01-22,45.7853049373,0.457853049373,0,0,13.3538843341,0.133538843341,14.0276505104,0.140276505104,38.7907765335,0.387907765335,9.62814934446,0.0962814934446,121.58576566,1.2158576566,2.05706243733,96,96,1,96,88,0,0,0,332.813815602,399.605465718,1,0.916666666667,0,,82.72281,58.31746,1.76609583815,42.0416666667,46.25,0,2025-01-22,2025-01-22,1,True
2025-01-23,66.2865902296,0.662865902296,0,0,15.1095483041,0.151095483041,15.1080855168,0.151080855168,18.908424545,0.18908424545,126.628009831,1.26628009831,242.040658426,2.42040658426,2.36633790847,96,96,1,96,92,0,0,0,435.289504673,415.302078531,1,0.958333333333,0,,38.95164,299.81536,10.0365122441,47.6666666667,49.8333333333,0,2025-01-23,2025-01-23,1,True
2025-01-24,2.93273876535,0.0293273876535,0,0,15.6740871732,0.156740871732,14.7999276571,0.147999276571,63.3829396048,0.633829396048,22.4841251832,0.224841251832,119.273818384,1.19273818384,2.24846360655,96,96,1,96,96,0,0,0,444.126913376,368.782127006,1,1,0,,148.66202,63.06848,-6.70576359875,49.8333333333,49.1666666667,0,2025-01-24,2025-01-24,1,True
2025-01-25,29.3225777928,0.293225777928,0,0,15.0873460201,0.150873460201,14.995285654,0.14995285654,12.6396600816,0.126396600816,50.5329350693,0.505329350693,122.577804618,1.22577804618,2.20219529493,96,96,1,96,92,0,0,0,426.172662555,368.654540095,1,0.958333333333,0,,50.92646,224.33658,4.82883323082,47.6666666667,49.8333333333,0,2025-01-25,2025-01-25,1,True
2025-01-26,3.28900760534,0.0328900760534,0,0,16.3637562044,0.163637562044,15.7034503547,0.157034503547,8.97869069731,0.0897869069731,20.152033598,0.20152033598,64.4869384598,0.644869384598,1.93732716221,96,96,1,96,96,0,0,0,406.263458958,297.781364462,1,1,0,,49.49372,110.8601,-1.96315477066,51.8333333333,52,0,2025-01-26,2025-01-26,1,True
2025-01-27,44.7641617676,0.447641617676,0,0,16.4409782368,0.164409782368,15.7981231035,0.157981231035,69.2705673316,0.692705673316,59.9080260118,0.599080260118,206.181856451,2.06181856451,2.43756129144,96,96,1,96,96,0,0,0,449.692977625,426.700163462,1,1,0,,99.77682,262.31036,5.81419690987,52,52,0,2025-01-27,2025-01-27,1,True
2025-01-28,22.1409054222,0.221409054222,0,0,15.7882225259,0.157882225259,15.1317951604,0.151317951604,36.9315388933,0.369315388933,47.8263620393,0.478263620393,137.818824041,1.37818824041,1.82792898893,96,96,1,96,92,0,0,0,359.604527141,301.040809361,1,0.958333333333,0,,65.546,210.63536,3.60523509251,49.8333333333,49.8333333333,0,2025-01-28,2025-01-28,1,True
2025-01-29,32.0521840737,0.320521840737,0,0,15.5416418751,0.155416418751,15.7039800595,0.157039800595,43.544736263,0.43544736263,29.5676474626,0.295676474626,136.410189734,1.36410189734,2.14539625736,96,96,1,96,96,0,0,0,419.093904959,355.83415928,1,1,0,,94.66828,197.95724,1.66788393005,49,51.6666666667,0,2025-01-29,2025-01-29,1,True
2025-01-30,42.4392260876,0.424392260876,0,0,15.5938081553,0.155938081553,15.2307884001,0.152307884001,4.69260918612,0.0469260918612,82.5100622757,0.825100622757,160.466494105,1.60466494105,2.13893014379,96,96,1,96,92,0,0,0,418.077314636,354.553024516,1,0.958333333333,0,,23.08988,304.96414,9.09791541166,49.0416666667,49.8333333333,0,2025-01-30,2025-01-30,1,True
2025-01-31,15.6210485732,0.156210485732,0,0,15.1860774502,0.151860774502,15.2414621893,0.152414621893,22.862534075,0.22862534075,25.3337598347,0.253337598347,94.2448821224,0.942448821224,2.12902977104,96,96,1,96,92,0,0,0,415.649610874,353.328829524,1,0.958333333333,0,,66.90372,106.80254,-0.934248389593,47.6666666667,49.8333333333,0,2025-01-31,2025-01-31,1,True
2025-02-01,-11.6825820417,-0.116825820417,0,0,11.6952197239,0.116952197239,11.6462716258,0.116462716258,69.7983685928,0.697983685928,18.0075030322,0.180075030322,99.464780933,0.99464780933,1.94709090564,96,96,1,96,92,0,0,0,380.952568494,322.438253973,1,0.958333333333,0,,181.6786,69.0478,-7.13104643836,38.3333333333,38.3333333333,0,2025-02-01,2025-02-01,1,True
2025-02-02,-5.80035909588,-0.0580035909588,0,0,11.7993047602,0.117993047602,12.0348825527,0.120348825527,55.7668718526,0.557668718526,6.53694213712,0.0653694213712,80.3376422067,0.803376422067,1.38774460481,96,96,1,96,92,0,0,0,271.515248767,229.810506557,1,0.958333333333,0,,123.9822,73.3524,-3.84727259211,38.3333333333,38.3333333333,0,2025-02-02,2025-02-02,1,True
2025-02-03,15.7945765095,0.157945765095,0,0,11.4274921132,0.114274921132,11.1834749935,0.111834749935,31.0636778725,0.310636778725,12.5694480682,0.125694480682,82.0386695569,0.820386695569,2.23328406432,96,96,1,96,88,0,0,0,437.979800875,368.957578642,1,0.916666666667,0,,107.0464,84.6742,-3.80810092639,36.6666666667,36.6666666667,0,2025-02-03,2025-02-03,1,True
2025-02-04,3.24750111431,0.0324750111431,0,0,11.8376321183,0.118376321183,12.1278382832,0.121278382832,47.9108785689,0.479108785689,5.08066396455,0.0508066396455,80.2045140492,0.802045140492,2.15728747781,96,96,1,96,96,0,0,0,423.933557179,355.676249856,1,1,0,,129.85703,76.189295,-5.08021009682,38.9166666667,39.9583333333,0,2025-02-04,2025-02-04,1,True
2025-02-05,-0.0711936732566,-0.000711936732566,0,0,11.59391991,0.1159391991,11.6195503225,0.116195503225,92.4083276788,0.924083276788,9.36902002295,0.0936902002295,124.919624261,1.24919624261,2.11868861964,96,96,1,96,92,0,0,0,411.637543163,353.299654293,1,0.958333333333,0,,150.756335,40.84486,-7.01039016124,38.2083333333,38.0833333333,0,2025-02-05,2025-02-05,1,True
2025-02-06,17.6008693171,0.176008693171,0,0,11.6086484749,0.116086484749,12.1622794679,0.121622794679,48.9541864003,0.489541864003,27.9379077165,0.279379077165,118.263891377,1.18263891377,2.05981450547,96,96,1,96,96,0,0,0,411.584542941,333.845407065,1,1,0,,73.175,148.222,-0.112172328156,38.3333333333,40,0,2025-02-06,2025-02-06,1,True
2025-02-07,13.3209997483,0.133209997483,0,0,10.601720119,0.10601720119,10.6218149666,0.106218149666,23.7276329742,0.237276329742,17.017346134,0.17017346134,75.2895139421,0.752895139421,2.15243624359,96,96,1,96,84,0,0,0,430.880111542,348.189957469,1,0.875,0,,72.0246,99.8294,-2.28688975306,35,35,0,2025-02-07,2025-02-07,1,True
2025-02-08,-0.397634241111,-0.00397634241111,0,0,12.0731408363,0.120731408363,12.1256254144,0.121256254144,93.4702070481,0.934702070481,9.87271476649,0.0987271476649,127.144053824,1.27144053824,2.20938398288,96,96,1,96,96,0,0,0,413.942140896,381.387347075,1,1,0,,174.9872,55.9604,-6.31589974255,40,40,0,2025-02-08,2025-02-08,1,True
2025-02-09,-0.524189089858,-0.00524189089858,0,0,12.0708099745,0.120708099745,12.3599975888,0.123599975888,109.407350139,1.09407350139,39.158707605,0.39158707605,172.472676217,1.72472676217,1.70045628734,96,96,1,96,96,0,0,0,332.898353699,281.425955795,1,1,0,,155.6566,123.9416,-3.46614157932,40,40,0,2025-02-09,2025-02-09,1,True
2025-02-10,17.3432421958,0.173432421958,0,0,10.5985894267,0.105985894267,11.6556754476,0.116556754476,68.3999209914,0.683999209914,34.7667226111,0.347667226111,142.764150673,1.42764150673,2.04403282563,96,96,1,96,92,0,0,0,399.719081447,338.661441313,1,0.958333333333,0,,110.687515,105.7054,-2.75165646394,35.0416666667,38.3333333333,0,2025-02-10,2025-02-10,1,True
2025-02-11,25.0194521013,0.250194521013,0,0,7.60020094444,0.0760020094444,8.85891690947,0.0885891690947,25.2071512862,0.252071512862,-2.7264633792,-0.027264633792,63.9592578622,0.639592578622,2.10370827655,96,96,1,96,68,0,0,0,411.825708347,348.17890165,1,0.708333333333,0,,68.098,71.4596,-2.51188361237,25,28.3333333333,0,2025-02-11,2025-02-11,1,True
2025-02-12,8.00434168132,0.0800434168132,0,0,9.59193104418,0.0959193104418,9.60832613369,0.0960832613369,122.649078686,1.22649078686,-1.83153770991,-0.0183153770991,148.022139835,1.48022139835,1.98861206922,96,96,1,96,76,0,0,0,388.855958549,329.500634011,1,0.791666666667,0,,161.652,29.3694,-7.98491352243,31.6666666667,31.6666666667,0,2025-02-12,2025-02-12,1,True
2025-02-13,16.0056868489,0.160056868489,0,0,9.86562587904,0.0986562587904,10.8027325698,0.108027325698,41.6566119755,0.416566119755,26.2326286673,0.262326286673,104.563285941,1.04563285941,2.49876221604,96,96,1,96,88,0,0,0,561.418959983,352.405038224,1,0.916666666667,0,,81.37749,71.2012,-9.13292548997,32.5833333333,35,0,2025-02-13,2025-02-13,1,True
2025-02-14,28.8157199676,0.288157199676,0,0,11.2744017841,0.112744017841,11.4719546742,0.114719546742,32.8578327472,0.328578327472,11.0363253749,0.110363253749,95.4562345481,0.954562345481,2.01135445954,96,96,1,96,92,0,0,0,361.189167392,360.45008572,1,0.958333333333,0,,116.468165,36.89474,-3.34635444464,37.375,37.1666666667,0,2025-02-14,2025-02-14,1,True
2025-02-15,-7.33120167649,-0.0733120167649,0,0,11.8534086114,0.118534086114,12.2718852344,0.122718852344,56.6943919776,0.566943919776,-0.767661592976,-0.00767661592976,72.720822554,0.72720822554,1.82973059331,96,96,1,96,96,0,0,0,318.164578166,336.712273546,1,1,0,,174.7956,11.3464,-6.03756269252,40,40,0,2025-02-15,2025-02-15,1,True
2025-02-16,-20.4528169953,-0.204528169953,0,0,11.8599987945,0.118599987945,12.2691527195,0.122691527195,49.244183445,0.49244183445,-0.323240251552,-0.00323240251552,52.5972777121,0.525972777121,1.50205942446,96,96,1,96,96,0,0,0,295.970964275,246.97225722,1,1,0,,170.777,5.378,-8.93323779395,40,40,0,2025-02-16,2025-02-16,1,True
2025-02-17,5.58011377505,0.0558011377505,0,0,10.144767033,0.10144767033,10.8504952683,0.108504952683,59.0929982913,0.590929982913,-1.78108159101,-0.0178108159101,83.8872927767,0.838872927767,2.16536429204,96,96,1,96,84,0,0,0,421.19035852,360.673134073,1,0.875,0,,127.28211,30.6286,-6.54878060194,34.0833333333,35,0,2025-02-17,2025-02-17,1,True
2025-02-18,28.2899717414,0.282899717414,0,0,9.97296363271,0.0997296363271,11.8000401849,0.118000401849,57.409545683,0.57409545683,-0.661136049106,-0.00661136049106,106.811385193,1.06811385193,2.25062841215,96,96,1,96,92,0,0,0,456.410424305,359.102346972,1,0.958333333333,0,,134.2804,35.4604,-8.17200322222,33.5,38.3333333333,0,2025-02-18,2025-02-18,1,True
2025-02-19,24.7700397017,0.247700397017,0,0,10.4115328203,0.104115328203,11.553394547,0.11553394547,61.408576046,0.61408576046,23.4005260973,0.234005260973,131.544069212,1.31544069212,2.10877130278,96,96,1,96,92,0,0,0,397.156337749,362.271931208,1,0.958333333333,0,,128.188,99.3948,-2.65323360585,35.5,38.3333333333,0,2025-02-19,2025-02-19,1,True
2025-02-20,40.9191353345,0.409191353345,0,0,11.0065217391,0.110065217391,12.0885156313,0.120885156313,96.4314230519,0.964314230519,38.4952723515,0.384952723515,198.940868108,1.98940868108,2.30800602761,96,96,1,96,96,0,0,0,454.740309515,379.519398371,1,1,0,,142.10273,117.5723,-4.15630588098,37.5833333333,39.8333333333,0,2025-02-20,2025-02-20,1,True
2025-02-21,10.9613889149,0.109613889149,0,0,10.4272115404,0.104272115404,11.1158258494,0.111158258494,108.829927633,1.08829927633,9.65760759251,0.0965760759251,150.99196153,1.5099196153,2.19460921565,96,96,1,96,88,0,0,0,431.098142179,361.973104683,1,0.916666666667,0,,153.946835,78.501,-6.023786354,35.7916666667,36.6666666667,0,2025-02-21,2025-02-21,1,True
2025-02-22,7.15098567371,0.0715098567371,0,0,9.72487091395,0.0972487091395,10.0910131999,0.100910131999,139.534304318,1.39534304318,5.7767102294,0.057767102294,172.277884335,1.72277884335,1.89889999027,96,96,1,96,80,0,0,0,367.780962278,317.625870304,1,0.833333333333,0,,180.9756,48.9222,-7.5920204989,33.3333333333,33.3333333333,0,2025-02-22,2025-02-22,1,True
2025-02-23,-8.93093693649,-0.0893093693649,0,0,10.4792397485,0.104792397485,11.3895485504,0.113895485504,125.366985815,1.25366985815,-0.739231228819,-0.00739231228819,137.565605948,1.37565605948,1.48226900649,96,96,1,96,88,0,0,0,288.419720387,246.809043613,1,0.916666666667,0,,211.10058,17.1436,-9.81531903225,35.9166666667,36.6666666667,0,2025-02-23,2025-02-23,1,True
2025-02-24,37.0470570618,0.370470570618,0,0,10.2823619231,0.102823619231,11.9276716292,0.119276716292,65.2943575586,0.652943575586,19.3637977258,0.193637977258,143.915245898,1.43915245898,2.2234305615,96,96,1,96,92,0,0,0,438.183825802,365.52141181,1,0.958333333333,0,,111.6672,72.0364,-4.67888391631,35,38.3333333333,0,2025-02-24,2025-02-24,1,True
2025-02-25,63.9131906574,0.639131906574,0,0,9.73293148483,0.0973293148483,12.0927466345,0.120927466345,48.2550783991,0.482550783991,4.79951277541,0.0479951277541,138.793459951,1.38793459951,2.37537993283,96,96,1,96,92,0,0,0,513.727956698,351.906491206,1,0.958333333333,0,,78.2238,101.2362,-5.78371106218,33.3333333333,38.3333333333,0,2025-02-25,2025-02-25,1,True
2025-02-26,31.5851725862,0.315851725862,0,0,10.7059650815,0.107059650815,11.9528258293,0.119528258293,45.8489263267,0.458489263267,47.3001192818,0.473001192818,147.393009105,1.47393009105,1.99419499696,96,96,1,96,92,0,0,0,340.652033779,372.149501601,1,0.958333333333,0,,103.6928,104.8438,1.36035282593,36.6666666667,38.3333333333,0,2025-02-26,2025-02-26,1,True
2025-02-27,14.2419509,0.142419509,0,0,11.2656326596,0.112656326596,11.9771768393,0.119771768393,54.1633220719,0.541633220719,28.5987560867,0.285987560867,120.246838558,1.20246838558,2.05760443789,96,96,1,96,92,0,0,0,400.730224224,342.300528046,1,0.958333333333,0,,93.8866,123.4288,-1.20364567409,38.1666666667,38.3333333333,0,2025-02-27,2025-02-27,1,True
2025-02-28,32.3244764115,0.323244764115,0,0,11.3058887349,0.113058887349,12.5282382014,0.125282382014,26.1575419541,0.261575419541,28.161327746,0.28161327746,110.477473048,1.10477473048,2.2042215986,96,96,1,96,96,0,0,0,431.348700441,364.944653403,1,1,0,,59.7572,119.5798,-0.274226959909,38.3333333333,40,0,2025-02-28,2025-02-28,1,True
2025-03-01,-4.8281192017,-0.048281192017,0,0,14.5076861248,0.145076861248,15.5123199035,0.155123199035,47.1901306095,0.471901306095,5.32861778721,0.0532861778721,77.7106352234,0.777106352234,2.17798190333,96,96,1,96,96,0,0,0,441.397699045,347.748593912,1,1,0,,146.49325,38.3727,-8.40706896389,50,49.8333333333,0,2025-03-01,2025-03-01,1,True
2025-03-02,21.4058778569,0.214058778569,0,0,12.4495127097,0.124495127097,13.133298503,0.13133298503,78.0694341645,0.780694341645,10.3913901836,0.103913901836,135.449513418,1.35449513418,2.26272787034,96,96,1,96,88,0,0,0,426.365126805,388.540027328,1,0.916666666667,0,,131.5616,85.20302,-3.50765331155,42.9166666667,42.2083333333,0,2025-03-02,2025-03-02,1,True
2025-03-03,23.8001629228,0.238001629228,0,0,12.1835627449,0.121835627449,12.9880438059,0.129880438059,99.7169796403,0.997169796403,60.9207442268,0.609207442268,209.609493341,2.09609493341,2.23683282794,96,96,1,96,84,0,0,0,438.425933857,369.755322197,1,0.875,0,,189.91375,118.49075,-5.83723381917,41.6666666667,41.6666666667,0,2025-03-03,2025-03-03,1,True
2025-03-04,9.2366936671,0.092366936671,0,0,12.0259573271,0.120259573271,11.8493149034,0.118493149034,136.207614896,1.36207614896,43.9659073504,0.439659073504,213.285488144,2.13285488144,2.48054923273,96,96,1,96,80,0,0,0,489.160596345,407.532377135,1,0.833333333333,0,,241.55025,93.77958,-9.55828705043,41.6666666667,37.7916666667,0,2025-03-04,2025-03-04,1,True
2025-03-05,33.927236908,0.33927236908,0,0,11.0570596154,0.110570596154,13.3436476522,0.133436476522,121.745278088,1.21745278088,49.895683117,0.49895683117,229.968905381,2.29968905381,2.04316720314,96,96,1,96,84,0,0,0,395.129630108,342.259258755,1,0.875,0,,168.193,143.6055,-3.22741130638,38.9166666667,41.9583333333,0,2025-03-05,2025-03-05,1,True
2025-03-06,50.3159662226,0.503159662226,0,0,11.7337673297,0.117337673297,14.7152903355,0.147152903355,35.8005650288,0.358005650288,72.9601411519,0.729601411519,185.525730069,1.85525730069,2.35522138696,96,96,1,96,88,0,0,0,463.981459099,387.33541638,1,0.916666666667,0,,73.78799,194.83975,1.85023822005,41.3333333333,45.8333333333,0,2025-03-06,2025-03-06,1,True
2025-03-07,25.8189652782,0.258189652782,0,0,12.4121784566,0.124121784566,14.0219051447,0.140219051447,82.4494205457,0.824494205457,31.1509142915,0.311509142915,165.853383717,1.65853383717,2.38785826164,96,96,1,96,88,0,0,0,464.108253531,398.037430467,1,0.916666666667,0,,139.0905,90.0585,-4.795950961,43.75,43.75,0,2025-03-07,2025-03-07,1,True
2025-03-08,32.2014379949,0.322014379949,0,0,14.1271082884,0.141271082884,15.8063349144,0.158063349144,19.1039548554,0.191039548554,28.3127326926,0.283127326926,109.551568746,1.09551568746,1.62995941579,96,96,1,96,92,0,0,0,319.125096751,269.735076619,1,0.958333333333,0,,79.8591887572,136.907166667,0.319081574053,45.0416666667,47.9166666667,0,2025-03-08,2025-03-08,1,True
2025-03-09,17.2720827184,0.172720827184,0,0,15.6708738645,0.156708738645,16.4932872417,0.164932872417,30.3400439584,0.303400439584,45.7773537398,0.457773537398,125.553641523,1.25553641523,1.5120655569,96,96,1,96,96,0,0,0,296.142292664,250.141275936,1,1,0,,121.263244696,102.659336278,-2.69187188105,50,50,0,2025-03-09,2025-03-09,1,True
2025-03-10,16.0947103275,0.160947103275,0,0,14.0024318675,0.140024318675,16.0027936329,0.160027936329,48.2280855459,0.482280855459,17.6885879692,0.176885879692,112.016609343,1.12016609343,2.24600698994,96,96,1,96,92,0,0,0,446.492023548,365.966666337,1,0.958333333333,0,,102.526780071,102.164263228,-3.37032808561,43.9583333333,47.9166666667,0,2025-03-10,2025-03-10,1,True
2025-03-11,8.71945739411,0.0871945739411,0,0,13.1971285617,0.131971285617,14.4586665595,0.144586665595,99.6827743009,0.996827743009,11.5636501036,0.115636501036,147.62167692,1.4762167692,2.15813029643,96,96,1,96,88,0,0,0,414.567769385,363.88259417,1,0.916666666667,0,,129.273635,84.6525,-3.97109625894,45.7083333333,45.8333333333,0,2025-03-11,2025-03-11,1,True
2025-03-12,14.6438127542,0.146438127542,0,0,13.0785381339,0.130785381339,15.5186651129,0.155186651129,48.4081987263,0.484081987263,20.8105320864,0.208105320864,112.459746814,1.12459746814,2.20248418874,96,96,1,96,92,0,0,0,434.43230583,361.759259655,1,0.958333333333,0,,89.040225,104.326,-2.39113629898,45.625,47.9166666667,0,2025-03-12,2025-03-12,1,True
2025-03-13,29.5335683432,0.295335683432,0,0,11.2448112355,0.112448112355,12.8095678206,0.128095678206,89.2985884779,0.892985884779,48.1538653471,0.481538653471,191.040401224,1.91040401224,2.36861581595,96,96,1,96,76,0,0,0,459.91334726,395.214901121,1,0.791666666667,0,,123.53255,164.91325,-0.971572755796,38.9583333333,39.5833333333,0,2025-03-13,2025-03-13,1,True
2025-03-14,26.4019783683,0.264019783683,0,0,10.5901105083,0.105901105083,12.0962427165,0.120962427165,48.7654169046,0.487654169046,21.6492479693,0.216492479693,119.502996467,1.19502996467,2.06727974971,96,96,1,96,76,0,0,0,404.467777117,342.341526552,1,0.791666666667,0,,73.17507,114.78275,-0.854940440215,36.5,39.5833333333,0,2025-03-14,2025-03-14,1,True
2025-03-15,17.8526664803,0.178526664803,0,0,10.2430276483,0.102430276483,10.5536690243,0.105536690243,40.4330097308,0.404330097308,3.63188637031,0.0363188637031,82.7142592539,0.827142592539,1.99767764538,96,96,1,96,68,0,0,0,390.849974097,330.815418076,1,0.708333333333,0,,90.689,53.904,-4.03414816755,35.4166666667,33.3333333333,0,2025-03-15,2025-03-15,1,True
2025-03-16,19.7333284414,0.197333284414,0,0,13.171214435,0.13171214435,14.6440483845,0.146440483845,33.3895304563,0.333895304563,49.9572176265,0.499572176265,130.895339344,1.30895339344,1.4689720364,96,96,1,96,88,0,0,0,289.204331824,241.740992002,1,0.916666666667,0,,92.639,131.70925,-0.349712075915,45.8333333333,45.8333333333,0,2025-03-16,2025-03-16,1,True
2025-03-17,29.9177877777,0.299177877777,0,0,12.1848276001,0.121848276001,13.9456076194,0.139456076194,48.4644509991,0.484644509991,45.8165140406,0.458165140406,150.329188037,1.50329188037,2.31231099204,96,96,1,96,88,0,0,0,450.611912872,384.439477508,1,0.916666666667,0,,89.152205,147.60225,-0.321766265134,42.625,43.75,0,2025-03-17,2025-03-17,1,True
2025-03-18,24.6329286816,0.246329286816,0,0,13.7647921564,0.137647921564,15.9247985856,0.159247985856,106.942628056,1.06942628056,76.7231386044,0.767231386044,237.988286084,2.37988286084,2.48568166693,96,96,1,96,96,0,0,0,486.32902179,411.628884043,1,1,0,,155.329,191.37625,-1.61053698946,47.9166666667,50,0,2025-03-18,2025-03-18,1,True
2025-03-19,42.8786030967,0.428786030967,0,0,12.4935709407,0.124935709407,15.2332543095,0.152332543095,43.8966011526,0.438966011526,67.9184976407,0.679184976407,182.42052714,1.8242052714,2.4084199939,96,96,1,96,92,0,0,0,471.212607501,398.834350989,1,0.958333333333,0,,85.7635,135.2335,-0.954510688008,43.75,47.9166666667,0,2025-03-19,2025-03-19,1,True
2025-03-20,50.9246467236,0.509246467236,0,0,12.0186843216,0.120186843216,14.2461170608,0.142461170608,47.9481447555,0.479481447555,38.4963106708,0.384963106708,163.633903532,1.63633903532,2.22251825569,96,96,1,96,84,0,0,0,435.626955213,367.383391393,1,0.875,0,,74.657895,132.79875,-0.420946200862,42.2083333333,43.75,0,2025-03-20,2025-03-20,1,True
2025-03-21,45.8568536511,0.458568536511,0,0,12.0769570809,0.120769570809,14.954388362,0.14954388362,9.39655227038,0.0939655227038,87.5913113334,0.875913113334,169.876062698,1.69876062698,2.41072017679,96,96,1,96,88,0,0,0,470.876216359,399.880893026,1,0.916666666667,0,,36.447,175.5715,2.83871569447,42.875,45.8333333333,0,2025-03-21,2025-03-21,1,True
2025-03-22,19.0784304897,0.190784304897,0,0,13.7734579064,0.137734579064,15.5683946152,0.155683946152,23.5726800805,0.235726800805,52.8407242041,0.528407242041,124.833687296,1.24833687296,1.67688488516,96,96,1,96,96,0,0,0,331.286562125,274.983327782,1,1,0,,76.18925,134.64312,0.0896098190691,50,48.1666666667,0,2025-03-22,2025-03-22,1,True
2025-03-23,11.7218053557,0.117218053557,0,0,12.663753265,0.12663753265,14.9678521198,0.149678521198,70.3234900853,0.703234900853,0.560686703386,0.00560686703386,110.237587529,1.10237587529,1.79972888747,96,96,1,96,88,0,0,0,348.920480347,300.743912965,1,0.916666666667,0,,149.497,34.79775,-6.78649239089,45.8333333333,45.8333333333,0,2025-03-23,2025-03-23,1,True
2025-03-24,14.1225872026,0.141225872026,0,0,12.523960217,0.12523960217,15.6420534459,0.156420534459,47.3172462913,0.473172462913,12.5683098705,0.125683098705,102.174157027,1.02174157027,2.26033611947,96,96,1,96,92,0,0,0,442.239675548,374.311661383,1,0.958333333333,0,,108.793865,73.73025,-4.29131788184,43.5833333333,47.9166666667,0,2025-03-24,2025-03-24,1,True
2025-03-25,39.7547075323,0.397547075323,0,0,12.0135936181,0.120135936181,14.142285898,0.14142285898,2.93953978894,0.0293953978894,95.1291270207,0.951291270207,163.979253858,1.63979253858,2.28827483042,96,96,1,96,84,0,0,0,452.150413182,375.176514118,1,0.875,0,,14.99482,234.3245,5.9314908723,41.9166666667,43.75,0,2025-03-25,2025-03-25,1,True
2025-03-26,36.5449484662,0.365449484662,0,0,12.4376934518,0.124376934518,15.5734212325,0.155734212325,14.9307840985,0.149307840985,116.087189197,1.16087189197,195.574036446,1.95574036446,2.21039766482,96,96,1,96,92,0,0,0,431.402796106,366.944379965,1,0.958333333333,0,,34.38575,237.715,5.78628474413,43.75,47.9166666667,0,2025-03-26,2025-03-26,1,True
2025-03-27,37.3633172509,0.373633172509,0,0,12.9647876851,0.129647876851,15.2987882076,0.152987882076,25.9484807733,0.259484807733,65.7844839527,0.657844839527,157.35985787,1.5735985787,2.40097578922,96,96,1,96,96,0,0,0,466.377976802,400.460861824,1,1,0,,57.569215,155.4824,1.33316958426,45.375,47.2916666667,0,2025-03-27,2025-03-27,1,True
2025-03-28,14.4532867447,0.144532867447,0,0,13.679856144,0.13679856144,14.2883830266,0.142883830266,74.6563652079,0.746563652079,17.3048723865,0.173048723865,134.38276351,1.3438276351,2.2726749679,96,96,1,96,92,0,0,0,445.387787906,375.733725684,1,0.958333333333,0,,132.82664,62.8257,-5.81895842593,47.3333333333,44.2916666667,0,2025-03-28,2025-03-28,1,True
2025-03-29,9.05513843589,0.0905513843589,0,0,13.7710144054,0.137710144054,15.4775681594,0.154775681594,38.1570412715,0.381570412715,5.35081643903,0.0535081643903,81.8115787113,0.818115787113,1.43218921457,96,96,1,96,96,0,0,0,279.994145347,237.354023244,1,1,0,,94.468315,37.7725,-4.13899737926,48.7916666667,47.9166666667,0,2025-03-29,2025-03-29,1,True
2025-03-30,24.5474092061,0.245474092061,0,0,13.4502802724,0.134502802724,15.1539991562,0.151539991562,65.5610257764,0.655610257764,62.3621613715,0.623621613715,181.074875783,1.81074875783,2.19527610062,92,92,1,92,92,0,0,0,429.015840942,363.95643675,1,1,0,,144.61283,96.886,-4.90374931269,49.7391304348,47.8260869565,0,2025-03-30,2025-03-30,1,True
2025-03-31,60.1824117347,0.601824117347,0,0,11.6374600687,0.116374600687,15.1994053001,0.151994053001,26.3343241135,0.263343241135,149.276495046,1.49276495046,262.630096263,2.62630096263,2.38205860143,96,96,1,96,88,0,0,0,466.032442341,394.487949597,1,0.916666666667,0,,35.13364,217.26975,4.60798405235,40.9166666667,45.8333333333,0,2025-03-31,2025-03-31,1,True
2025-04-01,13.7248849077,0.137248849077,0,0,11.9224046131,0.119224046131,14.6770207551,0.146770207551,99.6059109116,0.996059109116,43.4418094125,0.434418094125,183.3720306,1.833720306,2.33070358898,96,96,1,96,84,0,0,0,461.791023317,381.069106536,1,0.875,0,,153.375,89.4085,-6.02868403256,41.6666666667,43.75,0,2025-04-01,2025-04-01,1,True
2025-04-02,11.0473972871,0.110473972871,0,0,12.5975487241,0.125975487241,14.7944544907,0.147944544907,102.224329117,1.02224329117,63.8153048536,0.638153048536,204.479034473,2.04479034473,2.33650365323,96,96,1,96,84,0,0,0,454.754407198,388.945879699,1,0.875,0,,173.56325,100.739,-5.77636572912,43.75,43.75,0,2025-04-02,2025-04-02,1,True
2025-04-03,15.8075531619,0.158075531619,0,0,11.3276007554,0.113276007554,13.7125808655,0.137125808655,189.186451846,1.89186451846,3.48600751542,0.0348600751542,233.520194145,2.33520194145,2.29807868714,96,96,1,96,80,0,0,0,446.667856639,383.063987323,1,0.833333333333,0,,273.7405,19.67375,-13.2362758048,39.5833333333,41.6666666667,0,2025-04-03,2025-04-03,1,True
2025-04-04,34.7102170922,0.347102170922,0,0,12.2437695893,0.122437695893,16.2069034799,0.162069034799,49.7675335913,0.497675335913,52.7551171932,0.527551171932,165.683540946,1.65683540946,2.3060440865,96,96,1,96,92,0,0,0,450.742585514,382.253277069,1,0.958333333333,0,,97.07925,123.3815,-1.7577941019,42.75,47.9166666667,0,2025-04-04,2025-04-04,1,True
2025-04-05,34.7300565797,0.347300565797,0,0,12.6338637734,0.126338637734,15.5264215391,0.155264215391,53.4250146183,0.534250146183,147.497643072,1.47497643072,263.812999582,2.63812999582,2.18771562204,96,96,1,96,88,0,0,0,430.963185975,359.804173409,1,0.916666666667,0,,80.792,282.89075,5.45582239309,43.6666666667,45.8333333333,0,2025-04-05,2025-04-05,1,True
2025-04-06,31.9072779487,0.319072779487,0,0,13.5772151899,0.135772151899,16.2440225035,0.162440225035,13.1623446441,0.131623446441,45.6482270211,0.456482270211,120.539087307,1.20539087307,2.09101361086,96,96,1,96,92,0,0,0,406.179490026,348.753387558,1,0.958333333333,0,,52.174095,149.84375,1.67681468883,47.375,47.9166666667,0,2025-04-06,2025-04-06,1,True
2025-04-07,29.0925595026,0.290925595026,0,0,12.4240104481,0.124240104481,15.531946956,0.15531946956,100.41586479,1.0041586479,45.369076549,0.45369076549,202.833458246,2.02833458246,2.39157658202,96,96,1,96,88,0,0,0,467.917157352,396.045081982,1,0.916666666667,0,,150.64446,154.19025,-2.84692855705,43.1666666667,45.8333333333,0,2025-04-07,2025-04-07,1,True
2025-04-08,49.1232248269,0.491232248269,0,0,13.1852975449,0.131852975449,15.9351147185,0.159351147185,28.2598577098,0.282598577098,139.153365136,1.39153365136,245.656859936,2.45656859936,2.4645560608,96,96,1,96,92,0,0,0,482.195751026,408.130483668,1,0.958333333333,0,,77.43447,210.02522,2.43856177677,45.75,46.9166666667,0,2025-04-08,2025-04-08,1,True
2025-04-09,43.3754639092,0.433754639092,0,0,11.8448525275,0.118448525275,13.7537169493,0.137537169493,77.9290634229,0.779290634229,61.3130707867,0.613130707867,208.216167596,2.08216167596,2.34101763414,96,96,1,96,84,0,0,0,459.555718401,386.377080373,1,0.875,0,,122.45115,147.16476,-2.01937616784,40.8333333333,40.3333333333,0,2025-04-09,2025-04-09,1,True
2025-04-10,17.3711326617,0.173711326617,0,0,13.8694123556,0.138694123556,16.0128578604,0.160128578604,128.472425551,1.28472425551,74.8006824243,0.748006824243,250.526510853,2.50526510853,2.45353443078,96,96,1,96,92,0,0,0,479.09525795,407.104377145,1,0.958333333333,0,,199.7585,141.13689,-5.44218711686,47.9166666667,46.9166666667,0,2025-04-10,2025-04-10,1,True
2025-04-11,26.3164168384,0.263164168384,0,0,11.8866631841,0.118866631841,14.9355059069,0.149355059069,150.580194232,1.50580194232,51.7340231852,0.517340231852,255.452803347,2.55452803347,2.40262646664,96,96,1,96,84,0,0,0,469.594156951,398.285391309,1,0.875,0,,220.98033,103.245,-7.87683731843,41.3333333333,43.75,0,2025-04-11,2025-04-11,1,True
2025-04-12,26.0197682478,0.260197682478,0,0,13.2649576084,0.132649576084,15.0568007393,0.150568007393,91.4372762541,0.914372762541,54.5266514592,0.545266514592,200.305454309,2.00305454309,1.6911064294,96,96,1,96,88,0,0,0,332.636641669,278.550795909,1,0.916666666667,0,,162.75425,98.24877,-4.94130524002,45.8333333333,44.2916666667,0,2025-04-12,2025-04-12,1,True
2025-04-13,26.0931864607,0.260931864607,0,0,12.6418411219,0.126418411219,15.5936834492,0.155936834492,66.709535279,0.66709535279,119.00395259,1.1900395259,240.0421989,2.400421989,1.70054640234,96,96,1,96,88,0,0,0,330.846100458,283.192829028,1,0.916666666667,0,,145.1035,160.76125,-1.33314672626,43.75,45.8333333333,0,2025-04-13,2025-04-13,1,True
2025-04-14,5.05367081946,0.0505367081946,0,0,13.8096998433,0.138096998433,16.801141158,0.16801141158,52.02153161,0.5202153161,34.4592046495,0.344592046495,122.14524808,1.2214524808,2.23342260102,96,96,1,96,96,0,0,0,460.164612156,350.226237729,1,1,0,,135.13747,77.066,-7.00041018446,47.6666666667,50,0,2025-04-14,2025-04-14,1,True
2025-04-15,18.0906551318,0.180906551318,0,0,13.605331994,0.13605331994,16.8416875942,0.168416875942,31.3446645636,0.313446645636,18.2294062044,0.182294062044,98.1117454879,0.981117454879,2.24614487632,96,96,1,96,96,0,0,0,416.291195085,391.574315519,1,1,0,,88.10465,145.3235,1.35424876807,47.0833333333,50,0,2025-04-15,2025-04-15,1,True
2025-04-16,43.5790937766,0.435790937766,0,0,11.4681580745,0.114681580745,15.462691365,0.15462691365,27.6145007486,0.276145007486,91.6994217967,0.916994217967,189.823865761,1.89823865761,2.35778852463,96,96,1,96,88,0,0,0,462.062625437,389.809753188,1,0.916666666667,0,,56.21465,201.744,3.05318657296,39.875,45.8333333333,0,2025-04-16,2025-04-16,1,True
2025-04-17,18.6218260181,0.186218260181,0,0,12.2396584631,0.122396584631,15.6101456554,0.156101456554,94.2556626079,0.942556626079,31.8168496916,0.318168496916,172.544142436,1.72544142436,2.25248058368,96,96,1,96,88,0,0,0,440.088776661,373.530428749,1,0.916666666667,0,,130.772,93.106,-4.34268116301,42.0833333333,45.8333333333,0,2025-04-17,2025-04-17,1,True
2025-04-18,10.3761029422,0.103761029422,0,0,14.1803507926,0.141803507926,16.8865529504,0.168865529504,51.9689468563,0.519689468563,40.5609551728,0.405609551728,133.972908714,1.33972908714,1.65311572943,96,96,1,96,96,0,0,0,323.280655002,273.887183194,1,1,0,,92.35321,90.55566,-2.13295924201,48.4583333333,49.5,0,2025-04-18,2025-04-18,1,True
2025-04-19,14.3411275716,0.143411275716,0,0,13.3153516967,0.133153516967,14.8808591003,0.148808591003,99.2074693508,0.992074693508,3.29981707798,0.0329981707798,145.044624797,1.45044624797,1.89162274323,96,96,1,96,84,0,0,0,370.094212285,313.257711278,1,0.875,0,,184.11954085,25.955,-8.95837674403,43.75,43.75,0,2025-04-19,2025-04-19,1,True
2025-04-20,29.4354151464,0.294354151464,0,0,14.0819319711,0.140819319711,16.3608783879,0.163608783879,37.5871683416,0.375871683416,178.542575149,1.78542575149,276.007968996,2.76007968996,1.71383297049,96,96,1,96,92,0,0,0,335.315146399,283.810739912,1,0.958333333333,0,,82.0070283572,196.546006281,2.62644047655,45.8333333333,47.9166666667,0,2025-04-20,2025-04-20,1,True
2025-04-21,36.8853814681,0.368853814681,0,0,14.2170453861,0.142170453861,16.3719285556,0.163719285556,26.9711631482,0.269711631482,128.873937043,1.28873937043,223.319455601,2.23319455601,1.59192367887,96,96,1,96,92,0,0,0,311.463328475,263.622561222,1,0.958333333333,0,,38.1080155367,240.881973618,6.45554961781,46.25,47.9166666667,0,2025-04-21,2025-04-21,1,True
2025-04-22,47.7194168062,0.477194168062,0,0,11.6317159906,0.116317159906,15.6390010648,0.156390010648,7.84730670527,0.0784730670527,67.6060752811,0.676060752811,150.443515848,1.50443515848,2.27208595453,96,96,1,96,88,0,0,0,445.599793329,375.359203066,1,0.916666666667,0,,30.8331807384,204.72875,4.31895745828,39.4583333333,45.8333333333,0,2025-04-22,2025-04-22,1,True
2025-04-23,37.4783129545,0.374783129545,0,0,11.3144171656,0.113144171656,15.6378832322,0.156378832322,6.75541993408,0.0675541993408,95.0038636914,0.950038636914,166.189896978,1.66189896978,2.14296202126,96,96,1,96,88,0,0,0,427.259758645,348.116361725,1,0.916666666667,0,,30.82054,204.2995,3.93064846165,39.375,45.8333333333,0,2025-04-23,2025-04-23,1,True
2025-04-24,18.5850335299,0.185850335299,0,0,13.9597187343,0.139597187343,17.0370668006,0.170370668006,26.5483746371,0.265483746371,28.2998538063,0.282998538063,104.430047508,1.04430047508,1.97852590875,96,96,1,96,96,0,0,0,378.242477185,335.143348289,1,1,0,,64.53275,162.033,2.26671337935,47.9166666667,50,0,2025-04-24,2025-04-24,1,True
2025-04-25,19.6518695129,0.196518695129,0,0,12.5795628064,0.125795628064,15.3351281845,0.153351281845,58.9246472004,0.589246472004,70.9631803443,0.709631803443,177.454388049,1.77454388049,2.43848487182,96,96,1,96,88,0,0,0,476.909466651,403.970016973,1,0.916666666667,0,,94.26665,159.3565,-0.327066653234,43.3333333333,45.8333333333,0,2025-04-25,2025-04-25,1,True
2025-04-26,12.7608697699,0.127608697699,0,0,13.949752883,0.13949752883,17.1200827741,0.171200827741,76.6614089285,0.766614089285,13.8143701299,0.138143701299,134.306484485,1.34306484485,1.66884222892,96,96,1,96,96,0,0,0,326.512610006,276.360273109,1,1,0,,159.553,65.1145,-6.02461820404,47.9166666667,50,0,2025-04-26,2025-04-26,1,True
2025-04-27,24.8657846168,0.248657846168,0,0,13.7678185398,0.137678185398,16.401735846,0.16401735846,17.2136988016,0.172136988016,4.2933991265,0.042933991265,76.5424369307,0.765424369307,1.69747530339,96,96,1,96,92,0,0,0,332.114733272,281.101910241,1,0.958333333333,0,,66.6704,95.6675,-0.917321792943,47.0416666667,47.9166666667,0,2025-04-27,2025-04-27,1,True
2025-04-28,33.3943221,0.333943221,0,0,12.1021014988,0.121021014988,15.6908225178,0.156908225178,27.7850689505,0.277850689505,68.9169040038,0.689169040038,157.889219071,1.57889219071,2.42711086296,96,96,1,96,88,0,0,0,474.869516667,401.929558907,1,0.916666666667,0,,92.30475,157.07425,-0.34043574,41.6666666667,45.8333333333,0,2025-04-28,2025-04-28,1,True
2025-04-29,36.6422775161,0.366422775161,0,0,12.0661978905,0.120661978905,15.7501757911,0.157501757911,13.9181201621,0.139181201621,84.5617718302,0.845617718302,162.93854319,1.6293854319,2.13089421337,96,96,1,96,88,0,0,0,416.914085225,352.876081735,1,0.916666666667,0,,35.6255,198.6085,4.12270818789,41.6666666667,45.8333333333,0,2025-04-29,2025-04-29,1,True
2025-04-30,47.7972739872,0.477972739872,0,0,13.2836420621,0.132836420621,17.208080524,0.17208080524,32.1610506231,0.321610506231,124.139206093,1.24139206093,234.58925329,2.3458925329,2.06286321795,96,96,1,96,96,0,0,0,403.603673078,341.610148893,1,1,0,,62.398,182.85875,2.43613440897,45.8333333333,50,0,2025-04-30,2025-04-30,1,True
2025-05-01,20.2298938996,0.202298938996,0,0,11.4119758915,0.114119758915,12.3204259166,0.123204259166,235.40823414,2.3540823414,16.5668634908,0.165668634908,295.937393338,2.95937393338,1.81191516287,96,96,1,96,96,0,0,0,357.45633942,297.555256257,1,1,0,,281.83584,52.33656,-12.0583484651,39,35.875,0,2025-05-01,2025-05-01,1,True
2025-05-02,22.8958507051,0.228958507051,0,0,11.4437870417,0.114437870417,13.3719658463,0.133719658463,33.5043998689,0.335043998689,41.8809455106,0.418809455106,123.096948973,1.23096948973,2.34526653297,96,96,1,96,96,0,0,0,455.905296724,390.874032574,1,1,0,,59.46993,114.453885,-0.418637881218,39,39,0,2025-05-02,2025-05-02,1,True
2025-05-03,27.8967072612,0.278967072612,0,0,10.895051534,0.10895051534,13.3707009825,0.133707009825,7.40476892768,0.0740476892768,79.4739692748,0.794739692748,139.04119798,1.3904119798,1.64881647548,96,96,1,96,96,0,0,0,322.594527811,273.044008339,1,1,0,,24.885315,184.297815,4.57758252201,37.375,39,0,2025-05-03,2025-05-03,1,True
2025-05-04,19.7271603483,0.197271603483,0,0,11.4139232114,0.114139232114,13.3689771563,0.133689771563,25.1618285226,0.251618285226,44.1485592587,0.441485592587,113.820448497,1.13820448497,1.79303403051,96,96,1,96,96,0,0,0,350.81100597,296.926435453,1,1,0,,65.40066,158.007915,1.61344518679,39,39,0,2025-05-04,2025-05-04,1,True
2025-05-05,34.1187376716,0.341187376716,0,0,10.4049364113,0.104049364113,12.9716472786,0.129716472786,45.1238256991,0.451238256991,36.4664302284,0.364664302284,139.085577289,1.39085577289,2.1515575591,96,96,1,96,96,0,0,0,421.149260503,356.135129485,1,1,0,,98.56431,122.60274,-1.70732087578,35.75,37.7083333333,0,2025-05-05,2025-05-05,1,True
2025-05-06,9.90037947272,0.0990037947272,0,0,11.3996745354,0.113996745354,12.6148448016,0.126148448016,61.3936881702,0.613936881702,40.4652471116,0.404652471116,135.773834092,1.35773834092,2.27249581051,96,96,1,96,96,0,0,0,445.463492488,375.610312398,1,1,0,,143.179725,97.499805,-4.81387917041,39,37.375,0,2025-05-06,2025-05-06,1,True
2025-05-07,17.517425585,0.17517425585,0,0,9.2474234785,0.092474234785,10.7752034618,0.107752034618,42.1342689477,0.421342689477,13.6181237889,0.136181237889,93.2924452619,0.932924452619,2.10350676648,96,96,1,96,88,0,0,0,413.674704503,346.547171166,1,0.916666666667,0,,67.46571,98.421375,-1.50716118074,32.5,34.125,0,2025-05-07,2025-05-07,1,True
2025-05-08,19.2459156885,0.192459156885,0,0,9.41643819498,0.0941643819498,9.98142809515,0.0998142809515,37.661401029,0.37661401029,0.479830572913,0.00479830572913,76.7850135806,0.767850135806,2.21390935706,96,96,1,96,88,0,0,0,430.262873215,369.072283169,1,0.916666666667,0,,80.062335,50.15716,-3.79565687693,33.7916666667,33.4583333333,0,2025-05-08,2025-05-08,1,True
2025-05-09,28.3237979157,0.283237979157,0,0,9.66490570458,0.0966490570458,11.0222853461,0.110222853461,55.7323825781,0.557323825781,8.24989086013,0.0824989086013,112.993262405,1.12993262405,2.33501346364,96,96,1,96,92,0,0,0,456.624380558,386.869583453,1,0.958333333333,0,,103.351845,102.25254,-2.95225425437,34.625,37.375,0,2025-05-09,2025-05-09,1,True
2025-05-10,15.5752919053,0.155752919053,0,0,9.51374377016,0.0951374377016,10.2921430665,0.102921430665,64.3498044945,0.643498044945,33.5750388125,0.335750388125,133.306022049,1.33306022049,1.54447543113,96,96,1,96,84,0,0,0,302.143234194,255.796229368,1,0.875,0,,125.908575,92.038245,-3.34238895106,34.125,34.125,0,2025-05-10,2025-05-10,1,True
2025-05-11,22.4704251963,0.224704251963,0,0,10.8827264732,0.108827264732,11.7227909704,0.117227909704,34.2896414881,0.342896414881,45.963186998,0.45963186998,125.328771126,1.25328771126,1.82460273035,96,96,1,96,96,0,0,0,358.311848545,301.033275685,1,1,0,,66.446055,126.13341,0.100365922514,39,39,0,2025-05-11,2025-05-11,1,True
2025-05-12,40.0095659794,0.400095659794,0,0,9.32756767321,0.0932756767321,11.220474934,0.11220474934,79.896298886,0.79896298886,7.0132126745,0.070132126745,147.467120147,1.47467120147,2.37238564422,96,96,1,96,92,0,0,0,463.569300828,393.369069144,1,0.958333333333,0,,145.87154,49.314525,-6.94821861183,33.4166666667,37.375,0,2025-05-12,2025-05-12,1,True
2025-05-13,46.963030042,0.46963030042,0,0,10.2607122546,0.102607122546,10.5915596258,0.105915596258,17.1758985395,0.171758985395,35.8075272663,0.358075272663,120.798727728,1.20798727728,2.34460055656,96,96,1,96,92,0,0,0,458.535796779,388.427005938,1,0.958333333333,0,,60.171945,140.993775,0.446376631611,36.4583333333,35.75,0,2025-05-13,2025-05-13,1,True
2025-05-14,53.4113310678,0.534113310678,0,0,8.52415132082,0.0852415132082,9.53029946461,0.0953029946461,15.321006096,0.15321006096,37.9445436997,0.379445436997,124.731331649,1.24731331649,2.18229401143,96,96,1,96,80,0,0,0,427.859117197,360.635819791,1,0.833333333333,0,,45.008535,122.281575,0.418739274735,30.875,32.5,0,2025-05-14,2025-05-14,1,True
2025-05-15,25.0179858523,0.250179858523,0,0,10.2558782036,0.102558782036,11.5243181284,0.115243181284,45.3424913017,0.453424913017,42.0695080674,0.420695080674,134.210181553,1.34210181553,2.15041775603,96,96,1,96,96,0,0,0,419.304508115,357.31902513,1,1,0,,92.91711,148.60365,-0.262455957734,37.375,39,0,2025-05-15,2025-05-15,1,True
2025-05-16,18.480340893,0.18480340893,0,0,8.11724212259,0.0811724212259,9.3531078539,0.093531078539,53.0964518537,0.530964518537,12.385890808,0.12385890808,101.433033531,1.01433033531,2.26889596703,96,96,1,96,80,0,0,0,444.378687943,375.336222803,1,0.833333333333,0,,107.920455,48.595805,-5.34862979751,29.625,32.3333333333,0,2025-05-16,2025-05-16,1,True
2025-05-17,15.8349146669,0.158349146669,0,0,8.89985303627,0.0889985303627,9.41126330022,0.0941126330022,113.059055851,1.13059055851,5.72125050031,0.0572125050031,152.926337355,1.52926337355,1.41664565652,96,96,1,96,80,0,0,0,276.705542749,234.989470055,1,0.833333333333,0,,138.84078,49.589865,-5.4569578206,32.5,32.5,0,2025-05-17,2025-05-17,1,True
2025-05-18,10.3455049751,0.103455049751,0,0,9.79122920463,0.0979122920463,10.8643348422,0.108643348422,124.740590967,1.24740590967,10.2982144514,0.102982144514,166.03987444,1.6603987444,1.51635290359,96,96,1,96,92,0,0,0,296.677742006,251.108040834,1,0.958333333333,0,,161.56686,52.02366,-6.46303754884,35.75,37.375,0,2025-05-18,2025-05-18,1,True
2025-05-19,32.8155929508,0.328155929508,0,0,8.45683969196,0.0845683969196,9.72469578508,0.0972469578508,64.9298599533,0.649298599533,27.0381295411,0.270381295411,142.965117922,1.42965117922,2.21332011276,96,96,1,96,84,0,0,0,433.040891626,366.525810672,1,0.875,0,,96.414435,101.333025,-2.56652045641,30.875,34,0,2025-05-19,2025-05-19,1,True
2025-05-20,25.6797976782,0.256797976782,0,0,10.3052926563,0.103052926563,10.8339620392,0.108339620392,91.4531822028,0.914531822028,23.1365307437,0.231365307437,161.40876532,1.6140876532,2.64677032646,96,96,1,96,92,0,0,0,517.84636822,438.305166061,1,0.958333333333,0,,132.5675,97.92276,-4.75774758994,37.0833333333,37.375,0,2025-05-20,2025-05-20,1,True
2025-05-21,67.2119580576,0.672119580576,0,0,9.19784258968,0.0919784258968,10.1614144116,0.101614144116,7.5773422805,0.075773422805,7.83671702833,0.0783671702833,101.985274368,1.01985274368,2.08135409909,96,96,1,96,92,0,0,0,408.529481584,343.565124405,1,0.958333333333,0,,22.984455,134.69781,1.94787490921,33.4583333333,35.75,0,2025-05-21,2025-05-21,1,True
2025-05-22,12.4035735162,0.124035735162,0,0,8.51634535778,0.0851634535778,8.77719101124,0.0877719101124,82.8487743781,0.828487743781,3.32994995384,0.0332994995384,115.875834217,1.15875834217,2.06948996081,96,96,1,96,80,0,0,0,403.643933115,343.770850031,1,0.833333333333,0,,112.206705,40.92114,-5.46494367016,30.875,30.875,0,2025-05-22,2025-05-22,1,True
2025-05-23,28.8109797374,0.288109797374,0,0,10.332022783,0.10332022783,10.9310912902,0.109310912902,11.583558163,0.11583558163,14.4177912579,0.144177912579,76.0754432316,0.760754432316,2.23710694132,96,96,1,96,96,0,0,0,437.643085539,370.508711365,1,1,0,,49.04991,102.07197,-0.588013090573,37.375,39,0,2025-05-23,2025-05-23,1,True
2025-05-24,29.5828516753,0.295828516753,0,0,9.88972106825,0.0988972106825,10.3487715134,0.103487715134,81.428364391,0.81428364391,25.8446904308,0.258446904308,157.094399079,1.57094399079,1.51900510459,96,96,1,96,92,0,0,0,297.196650899,251.547245321,1,0.958333333333,0,,108.340635,109.743855,-1.84359106575,35.75,37.375,0,2025-05-24,2025-05-24,1,True
2025-05-25,17.282694228,0.17282694228,0,0,9.89149554896,0.0989149554896,9.91471810089,0.0991471810089,35.5539401095,0.355539401095,13.999464552,0.13999464552,86.6423125394,0.866423125394,2.20813922319,96,96,1,96,88,0,0,0,432.027239321,365.667855361,1,0.916666666667,0,,78.539955,75.81912,-2.87834245665,35.75,35.75,0,2025-05-25,2025-05-25,1,True
2025-05-26,25.2484759306,0.252484759306,0,0,9.88540059347,0.0988540059347,9.45883086053,0.0945883086053,74.0755628448,0.740755628448,5.39594005669,0.0539594005669,124.064210286,1.24064210286,2.26582455953,96,96,1,96,88,0,0,0,445.544012024,373.332642339,1,0.916666666667,0,,136.081725,43.386135,-6.87112332019,35.75,34.125,0,2025-05-26,2025-05-26,1,True
2025-05-27,30.2437046255,0.302437046255,0,0,9.42258555283,0.0942258555283,9.42204615506,0.0942204615506,25.9414776678,0.259414776678,31.9917626119,0.319917626119,107.021576613,1.07021576613,1.77756917945,96,96,1,96,84,0,0,0,346.276984568,295.642072496,1,0.875,0,,72.485985,105.091155,-0.751239253003,34.125,34.125,0,2025-05-27,2025-05-27,1,True
2025-05-28,24.8033191571,0.248033191571,0,0,9.44759111111,0.0944759111111,9.72615703704,0.0972615703704,15.9072615866,0.159072615866,3.74828610924,0.0374828610924,63.6326150011,0.636326150011,2.19761654546,96,96,1,96,88,0,0,0,429.246232974,364.536588269,1,0.916666666667,0,,36.348975,125.075145,1.00068855397,34.125,35.75,0,2025-05-28,2025-05-28,1,True
2025-05-29,19.4500461484,0.194500461484,0,0,10.4077918224,0.104077918224,10.5864637114,0.105864637114,33.5648958441,0.335648958441,10.9735339856,0.109735339856,84.9827315119,0.849827315119,1.43637842591,96,96,1,96,96,0,0,0,281.376621548,237.571362184,1,1,0,,73.73106,61.99206,-2.31434414017,37.375,39,0,2025-05-29,2025-05-29,1,True
2025-05-30,28.4073148774,0.284073148774,0,0,8.59089940198,0.0859089940198,9.16804428918,0.0916804428918,25.8792146659,0.258792146659,19.4134818317,0.194134818317,91.4589550663,0.914589550663,2.57998896906,96,96,1,96,84,0,0,0,504.434390513,427.539078424,1,0.875,0,,64.41669,89.875695,-2.14317946201,30.875,34.125,0,2025-05-30,2025-05-30,1,True
2025-05-31,27.0480633112,0.270480633112,0,0,9.9568257667,0.099568257667,9.8694129031,0.098694129031,56.742445031,0.56742445031,41.3283752473,0.413283752473,144.945122259,1.44945122259,1.5865296413,96,96,1,96,92,0,0,0,310.776534541,262.417358363,1,0.958333333333,0,,120.037515,110.583525,-2.40888192406,35.75,37.375,0,2025-05-31,2025-05-31,1,True
2025-06-01,33.0111770154,0.330111770154,0,0,7.47295167756,0.0747295167756,7.032374257,0.07032374257,8.021600226,0.08021600226,38.4106179046,0.384106179046,93.9487210806,0.939487210806,1.509497655,96,96,1,96,96,0,96,0,296.00780006,249.404621367,1,1,0,0,20.93322,141.89196,3.0981483878,26.8333333333,26.8333333333,0,2025-06-01,2025-06-01,1,True
2025-06-02,67.3934259454,0.673934259454,0,0,7.48185390707,0.0748185390707,7.39167045163,0.0739167045163,9.07183260237,0.0907183260237,30.4021267328,0.304021267328,121.740909639,1.21740909639,2.27891898965,96,96,1,96,96,0,96,0,444.881335963,378.230406612,1,1,0,0,21.9247,138.19568,2.0675021104,26.8333333333,28,0,2025-06-02,2025-06-02,1,True
2025-06-03,33.799796167,0.33799796167,0,0,7.47986237444,0.0747986237444,7.26138574705,0.0726138574705,23.6318490149,0.236318490149,49.4325641512,0.494325641512,121.605457455,1.21605457455,2.13670875715,96,96,1,96,96,0,96,0,418.010100422,353.874191371,1,1,0,0,42.44884,120.582,0.583218789556,26.8333333333,28,0,2025-06-03,2025-06-03,1,True
2025-06-04,49.9294160247,0.499294160247,0,0,7.46413900805,0.0746413900805,6.9388103663,0.069388103663,23.412003935,0.23412003935,1.08185757188,0.0108185757188,88.8262269059,0.888262269059,1.68079746887,96,96,1,96,96,0,96,0,329.515774362,277.77797027,1,1,0,0,48.17134,66.61466,-1.3872701705,26.8333333333,28,0,2025-06-04,2025-06-04,1,True
2025-06-05,38.5114476614,0.385114476614,0,0,7.12394082044,0.0712394082044,6.52222002453,0.0652222002453,15.6106438529,0.156106438529,8.02716220634,0.0802716220634,75.7954145656,0.757954145656,1.73700647169,96,96,1,96,92,0,96,0,340.964856714,286.703888702,1,0.958333333333,0,0,37.89492,78.09102,-0.586036167159,25.5833333333,26.8333333333,0,2025-06-05,2025-06-05,1,True
2025-06-06,39.0841810024,0.390841810024,0,0,6.48481706472,0.0648481706472,6.03443021944,0.0603443021944,6.59600978517,0.0659600978517,7.59554199799,0.0759554199799,65.7949800697,0.657949800697,1.67801701991,96,96,1,96,84,0,96,0,326.893680718,279.076425635,1,0.875,0,0,23.4689,86.57992,0.637240204844,23.3333333333,24.5,0,2025-06-06,2025-06-06,1,True
2025-06-07,35.9394863056,0.359394863056,30.1743286661,0.301743286661,7.10128911983,0.0710128911983,6.71418031812,0.0671418031812,20.9393605337,0.209393605337,15.2924110167,0.152924110167,116.16105596,1.1616105596,1.12980153799,96,96,1,96,96,96,96,0,227.570575771,181.574534048,1,1,1,1,30.6096,77.22834,0.0259457615747,25.6666666667,28,20.125,2025-06-07,2025-06-07,1,True
2025-06-08,34.224188806,0.34224188806,31.4862559994,0.314862559994,7.42281543771,0.0742281543771,6.4055927968,0.064055927968,9.97840278966,0.0997840278966,37.8339374173,0.378339374173,127.351193247,1.27351193247,1.30222964635,96,96,1,96,96,96,96,0,254.094358366,216.232993949,1,1,1,1,26.32462,125.46674,2.55336481595,26.8333333333,26.8333333333,21,2025-06-08,2025-06-08,1,True
2025-06-09,34.5315772523,0.345315772523,29.9869104756,0.299869104756,6.45440482329,0.0645440482329,5.90192376344,0.0590192376344,18.5419408572,0.185419408572,27.4472699378,0.274472699378,122.86402711,1.2286402711,1.43363540947,96,96,1,96,84,96,96,0,280.493884462,237.410023809,1,0.875,1,1,36.7507,98.34258,0.771167472777,23.3333333333,24.5,20,2025-06-09,2025-06-09,1,True
2025-06-10,26.2864979889,0.262864979889,31.4862559994,0.314862559994,7.09984530562,0.0709984530562,6.17763674586,0.0617763674586,59.8638469559,0.598638469559,61.1169571232,0.611169571232,192.031040119,1.92031040119,1.80861077369,96,96,1,96,88,96,96,0,355.006098269,298.534726673,1,0.916666666667,1,1,81.57408,117.94538,-0.83750298316,25.6666666667,25.6666666667,21,2025-06-10,2025-06-10,1,True
2025-06-11,31.0537092864,0.310537092864,31.3961799627,0.313961799627,5.95423301434,0.0595423301434,5.63897073423,0.0563897073423,15.6012948655,0.156012948655,4.4607702314,0.044607702314,94.1051580946,0.941051580946,1.96306887303,96,96,1,96,80,96,96,0,384.623768157,324.622853379,1,0.833333333333,1,1,33.37078,64.89168,-1.18666728239,21.5416666667,23.3333333333,20.9166666667,2025-06-11,2025-06-11,1,True
2025-06-12,20.4379181407,0.204379181407,31.5307158067,0.315307158067,7.05764263398,0.0705764263398,5.98146106545,0.0598146106545,67.0108841203,0.670108841203,4.68580368534,0.0468580368534,136.704425452,1.36704425452,1.45592280154,96,96,1,96,88,96,96,0,283.494661202,242.251750628,1,0.916666666667,1,1,82.26414,74.65878,-2.03534460727,25.6666666667,25.6666666667,20.9583333333,2025-06-12,2025-06-12,1,True
2025-06-13,23.2888688675,0.232888688675,31.5682726532,0.315682726532,6.41264242111,0.0641264242111,5.89163070927,0.0589163070927,20.0981873521,0.200981873521,17.8107061378,0.178107061378,105.070308141,1.05070308141,1.40844107348,96,96,1,96,88,96,96,0,275.231813583,233.519476521,1,0.916666666667,1,1,51.18345,77.83748,-0.627429460932,23.75,25.6666666667,21,2025-06-13,2025-06-13,1,True
2025-06-14,26.1553088884,0.261553088884,31.5500794913,0.315500794913,6.69896661367,0.0669896661367,5.64785373609,0.0564785373609,10.5123677037,0.105123677037,6.30672845512,0.0630672845512,86.8713048883,0.868713048883,1.48669226738,96,96,1,96,92,96,96,0,290.874574053,246.196239478,1,0.958333333333,1,1,41.14978,60.1286,-1.07081310727,25.6666666667,25.6666666667,21,2025-06-14,2025-06-14,1,True
2025-06-15,23.299914988,0.23299914988,31.4248807631,0.314248807631,6.08721780604,0.0608721780604,5.37976152623,0.0537976152623,11.3262215529,0.113262215529,10.9848933569,0.109848933569,88.5028899932,0.885028899932,1.13967448659,96,96,1,96,84,96,96,0,222.979790855,188.730094979,1,0.875,1,1,32.22646,66.6309,0.00644767186306,23.3333333333,24.5,20.9166666667,2025-06-15,2025-06-15,1,True
2025-06-16,30.4573764471,0.304573764471,31.5500794913,0.315500794913,6.51112678855,0.0651112678855,5.88300476948,0.0588300476948,8.82280928863,0.0882280928863,3.23597279873,0.0323597279873,86.4603695837,0.864603695837,1.98354370577,96,96,1,96,96,96,96,0,388.893852387,327.789918691,1,1,1,1,29.246795,103.8961,0.564390470997,24.9583333333,26.8333333333,21,2025-06-16,2025-06-16,1,True
2025-06-17,30.3844400009,0.303844400009,31.5689003778,0.315689003778,6.47501889044,0.0647501889044,5.58936567906,0.0558936567906,13.3362265815,0.133362265815,10.8931468049,0.108931468049,98.2470983347,0.982470983347,1.51324593209,96,96,1,96,88,96,96,0,297.640117168,249.264457537,1,0.916666666667,1,1,60.510725,75.8485,-1.37657852629,25.0416666667,25.6666666667,21,2025-06-17,2025-06-17,1,True
2025-06-18,29.0544179037,0.290544179037,30.2697809522,0.302697809522,5.85636352784,0.0585636352784,5.24548077114,0.0524548077114,15.7733842555,0.157733842555,14.5959433448,0.145959433448,100.795370755,1.00795370755,1.62304123056,96,96,1,96,84,96,96,0,315.89877819,270.174529702,1,0.875,1,1,56.47656,60.96328,-1.71823035366,23.3333333333,24.5,20.125,2025-06-18,2025-06-18,1,True
2025-06-19,20.2321476478,0.202321476478,31.5469448584,0.315469448584,6.5040119225,0.065040119225,5.57607550919,0.0557607550919,20.9475276634,0.209475276634,5.95854629793,0.0595854629793,90.7652538992,0.907652538992,1.10808626965,96,96,1,96,96,96,96,0,216.07277927,184.114172135,1,1,1,1,57.32538,50.38684,-1.62071446394,26.8333333333,26.8333333333,21,2025-06-19,2025-06-19,1,True
2025-06-20,31.1790794164,0.311790794164,31.55196057,0.3155196057,5.59293280601,0.0559293280601,4.95805393803,0.0495805393803,10.9188881726,0.109188881726,27.7012760202,0.277012760202,111.902190923,1.11902190923,1.30059229048,96,96,1,96,84,96,96,0,255.243365939,214.718181676,1,0.875,1,1,40.99396,102.25824,0.86412898904,23.3333333333,24.5,21,2025-06-20,2025-06-20,1,True
2025-06-21,23.8235402586,0.238235402586,31.455064194,0.31455064194,5.39297828499,0.0539297828499,4.81390077667,0.0481390077667,14.4250465235,0.144250465235,25.0259465685,0.250259465685,104.936476606,1.04936476606,1.21017859711,96,96,1,96,84,96,96,0,236.042596035,201.024698078,1,0.875,1,1,51.76214,72.52434,-0.593987414895,23.25,24.5,21,2025-06-21,2025-06-21,1,True
2025-06-22,22.7390204834,0.227390204834,31.3926533524,0.313926533524,5.70792122365,0.0570792122365,4.64225709304,0.0464225709304,21.5830362682,0.215830362682,9.74277858105,0.0974277858105,95.8076670018,0.958076670018,1.30869863381,96,96,1,96,88,96,96,0,256.001553081,216.761272989,1,0.916666666667,1,1,63.276675,46.4688,-2.3353397955,24.625,24.5,20.9583333333,2025-06-22,2025-06-22,1,True
2025-06-23,24.3946313585,0.243946313585,31.3302425107,0.313302425107,5.47806308448,0.0547806308448,4.7183151054,0.047183151054,15.7960167943,0.157960167943,-0.26373051698,-0.0026373051698,81.4535383364,0.814535383364,1.88466210362,96,96,1,96,84,96,96,0,368.765547967,312.076928921,1,0.875,1,1,63.7357,48.48844,-2.99732829358,23.3333333333,24.5,20.9166666667,2025-06-23,2025-06-23,1,True
2025-06-24,31.5607387298,0.315607387298,31.1547380731,0.311547380731,5.54498642301,0.0554498642301,4.69617267556,0.0469617267556,5.14926580766,0.0514926580766,3.61304675794,0.0361304675794,81.718948467,0.81718948467,1.6531529032,96,96,1,96,88,96,96,0,323.415649021,273.78523621,1,0.916666666667,1,1,24.31106,133.2163,2.46978446619,24.4166666667,25.6666666667,20.7916666667,2025-06-24,2025-06-24,1,True
2025-06-25,28.6247317925,0.286247317925,31.4239341277,0.314239341277,5.25322829658,0.0525322829658,4.21224812953,0.0421224812953,13.9273528188,0.139273528188,3.07884364935,0.0307884364935,86.5203388144,0.865203388144,1.17804021911,96,96,1,96,84,96,96,0,231.198919805,194.480154845,1,0.875,1,1,53.05272,58.65342,-1.29658604003,23.3333333333,24.5,21,2025-06-25,2025-06-25,1,True
2025-06-26,12.9278289326,0.129278289326,31.3516561795,0.313516561795,4.57347738336,0.0457347738336,3.59233052357,0.0359233052357,46.6938063376,0.466938063376,-1.24741524468,-0.0124741524468,97.8916841119,0.978916841119,1.48778905434,96,96,1,96,72,96,96,0,291.090092825,246.37708023,1,0.75,1,1,92.58536,26.85354,-4.60186802481,21,21,20.9583333333,2025-06-26,2025-06-26,1,True
2025-06-27,8.76497351224,0.0876497351224,31.3031133545,0.313031133545,5.05875347517,0.0505875347517,3.89467042609,0.0389467042609,16.3873078747,0.163873078747,-0.640770651273,-0.00640770651273,64.7680479915,0.647680479915,1.0986007295,96,96,1,96,84,96,96,0,214.229900989,182.532373413,1,0.875,1,1,64.667305,32.6221,-2.65594719066,23.5416666667,23.3333333333,21,2025-06-27,2025-06-27,1,True
2025-06-28,17.7493776686,0.177493776686,31.2642772745,0.312642772745,5.80594722332,0.0580594722332,4.49996061442,0.0449996061442,62.9747986253,0.629747986253,45.3078825381,0.453078825381,167.602243944,1.67602243944,1.51023102833,96,96,1,96,96,96,96,0,295.479983804,250.094258292,1,1,1,1,84.83258,76.5366,-2.23673772968,28,28,21,2025-06-28,2025-06-28,1,True
2025-06-29,20.5636576275,0.205636576275,31.2022449783,0.312022449783,5.62464749902,0.0562464749902,4.1446396219,0.041446396219,23.0913427218,0.230913427218,71.804502707,0.71804502707,156.431035156,1.56431035156,1.2844713781,96,96,1,96,92,96,96,0,251.309617455,212.708460214,1,0.958333333333,1,1,38.23722,116.44346,1.65021178162,26.8333333333,25.6666666667,20.9583333333,2025-06-29,2025-06-29,1,True
2025-06-30,29.1225342076,0.291225342076,31.2022449783,0.312022449783,5.06905868452,0.0506905868452,3.7603702245,0.037603702245,50.908701299,0.50908701299,13.0656324227,0.130656324227,133.128541817,1.33128541817,1.84116193286,96,96,1,96,88,96,96,0,360.769396033,304.437615362,1,0.916666666667,1,1,80.39262,56.80626,-3.32992252794,24.5,23.3333333333,20.9583333333,2025-06-30,2025-06-30,1,True
2025-07-01,30.0994173211,0.300994173211,36.3634125687,0.363634125687,6.81008527483,0.0681008527483,5.58956811155,0.0558956811155,23.7446393554,0.237446393554,66.3066995227,0.663066995227,168.913822154,1.68913822154,1.98056455638,96,96,1,96,80,96,96,0,386.959699688,328.440291256,1,0.833333333333,1,1,67.20956,133.76655,0.334899231996,33.7083333333,35.8333333333,20.75,2025-07-01,2025-07-01,1,True
2025-07-02,71.3053269011,0.713053269011,35.5097297723,0.355097297723,6.35926888836,0.0635926888836,5.3671314898,0.053671314898,5.2234323754,0.052234323754,44.3963947753,0.443963947753,168.161284202,1.68161284202,1.97438879452,96,96,1,96,80,96,96,0,387.219855781,326.174682813,1,0.833333333333,1,1,27.89937,188.388595,4.143502168,32.0416666667,35.0833333333,20.1666666667,2025-07-02,2025-07-02,1,True
2025-07-03,24.3173765128,0.243173765128,36.3934668904,0.363934668904,7.92026250864,0.0792026250864,5.74942465213,0.0574942465213,33.7964938204,0.337964938204,9.59247583667,0.0959247583667,117.769500221,1.17769500221,1.82373589092,96,96,1,96,96,96,96,0,356.473639692,302.302038436,1,1,1,1,79.64383,65.651365,-2.84016942732,40.9166666667,38.875,20.625,2025-07-03,2025-07-03,1,True
2025-07-04,9.32131193217,0.0932131193217,37.10056716,0.3710056716,7.05770013636,0.0705770013636,4.96773511452,0.0496773511452,21.8213883691,0.218213883691,-1.07427015562,-0.0107427015562,79.1944325566,0.791944325566,1.33768482076,96,96,1,96,88,96,96,0,261.138799219,222.013332978,1,0.916666666667,1,1,81.06704,21.29059,-4.1209131767,37.625,35.8333333333,21,2025-07-04,2025-07-04,1,True
2025-07-05,34.3538802283,0.343538802283,32.1828063241,0.321828063241,7.07758498024,0.0707758498024,5.46864822134,0.0546864822134,23.8756020549,0.238756020549,15.9870959595,0.159870959595,118.945617768,1.18945617768,1.33907509878,96,96,1,96,92,96,96,0,264.288458303,219.807921608,1,0.958333333333,1,1,35.673445,159.310485,3.29818763772,39.125,41.2083333333,20.9166666667,2025-07-05,2025-07-05,1,True
2025-07-06,21.1388777969,0.211388777969,31.3754940711,0.313754940711,6.52197826087,0.0652197826087,4.75685375494,0.0475685375494,62.1578606876,0.621578606876,23.6155345257,0.236155345257,149.566599097,1.49566599097,1.3587392179,96,96,1,96,84,96,96,0,263.686590882,226.830098446,1,0.875,1,1,77.833655,72.078535,-1.77548385149,35.8333333333,35.8333333333,21,2025-07-06,2025-07-06,1,True
2025-07-07,14.0723287227,0.140723287227,31.3754940711,0.313754940711,7.32031620553,0.0732031620553,5.19593873518,0.0519593873518,29.677852895,0.29677852895,-1.08329428354,-0.0108329428354,86.558636346,0.86558636346,1.99618826228,96,96,1,96,96,96,96,0,390.569964342,330.559134647,1,1,1,1,81.149295,69.125965,-3.0014233206,40.4166666667,39.125,21,2025-07-07,2025-07-07,1,True
2025-07-08,3.26332080542,0.0326332080542,37.0697995853,0.370697995853,7.03449106526,0.0703449106526,4.89650310988,0.0489650310988,81.166361257,0.81166361257,5.33467350445,0.0533467350445,138.765149327,1.38765149327,1.7755576928,96,96,1,96,88,96,96,0,347.641703299,293.820770184,1,0.916666666667,1,1,119.026,58.27493,-4.77383346313,39.1666666667,38.4166666667,21,2025-07-08,2025-07-08,1,True
2025-07-09,14.3479675255,0.143479675255,37.0463918543,0.370463918543,5.99247390335,0.0599247390335,4.06606547349,0.0406606547349,54.2091506048,0.542091506048,9.69921787802,0.0969921787802,125.361267239,1.25361267239,1.60242673238,96,96,1,96,84,96,96,0,313.115088331,265.703122999,1,0.875,1,1,100.03378,94.71019,-2.1973148055,35.0416666667,33.4583333333,21,2025-07-09,2025-07-09,1,True
2025-07-10,29.0193317545,0.290193317545,36.9865442582,0.369865442582,6.10734845052,0.0610734845052,4.40047085246,0.0440047085246,1.91509837734,0.0191509837734,26.437393763,0.26437393763,104.866187456,1.04866187456,1.88209690607,96,96,1,96,88,96,96,0,368.236351188,311.675247645,1,0.916666666667,1,1,13.826135,204.493165,5.58774693573,36.75,37.625,21,2025-07-10,2025-07-10,1,True
2025-07-11,26.258034829,0.26258034829,36.975617442,0.36975617442,6.52097333281,0.0652097333281,4.19329184228,0.0419329184228,3.15434129366,0.0315434129366,1.36033678561,0.0136033678561,78.4625955254,0.784625955254,1.48408337841,96,96,1,96,92,96,96,0,290.364139255,245.764207465,1,0.958333333333,1,1,20.845745,155.43382,3.7495059671,40.2083333333,37.625,21,2025-07-11,2025-07-11,1,True
2025-07-12,21.9122449309,0.219122449309,36.4741192679,0.364741192679,6.49788821098,0.0649788821098,4.51707341075,0.0451707341075,30.0238237913,0.300238237913,31.6298204622,0.316298204622,131.054970074,1.31054970074,1.40185136643,96,96,1,96,96,96,96,0,274.275267345,232.146586281,1,1,1,1,46.13637,122.733825,1.43619891399,41.4583333333,43,21,2025-07-12,2025-07-12,1,True
2025-07-13,29.4431556414,0.294431556414,36.1631568589,0.361631568589,5.9291655186,0.059291655186,4.1079019878,0.041079019878,7.90710109349,0.0790710109349,3.66014769053,0.0366014769053,87.2106287907,0.872106287907,1.42117868974,96,96,1,96,92,96,96,0,278.056700166,235.347191021,1,0.958333333333,1,1,26.63263,140.683705,2.97256524393,37.8333333333,39.0833333333,20.9583333333,2025-07-13,2025-07-13,1,True
2025-07-14,25.3625915632,0.253625915632,36.7294823854,0.367294823854,6.15800826609,0.0615800826609,4.33715213541,0.0433715213541,30.068564088,0.30068564088,5.47927724902,0.0547927724902,108.135075687,1.08135075687,1.51721671688,96,96,1,96,92,96,96,0,296.979975661,251.13832523,1,0.958333333333,1,1,47.73912,120.77969,1.13328831536,39.2916666667,41.2083333333,20.875,2025-07-14,2025-07-14,1,True
2025-07-15,21.2684589314,0.212684589314,36.9603307412,0.369603307412,5.86605374545,0.0586605374545,3.99419824786,0.0399419824786,10.0112295008,0.100112295008,8.98285573629,0.0898285573629,87.0831269031,0.870831269031,1.75016711299,96,96,1,96,96,96,96,0,342.713888784,289.582312357,1,1,1,1,31.05187,104.982055,0.866608690529,38.5833333333,39.6666666667,21,2025-07-15,2025-07-15,1,True
2025-07-16,12.0586396209,0.120586396209,36.5737824324,0.365737824324,6.01792393401,0.0601792393401,3.92296547108,0.0392296547108,43.0707375673,0.430707375673,23.6554865639,0.236554865639,125.29953559,1.2529953559,1.68405162773,96,96,1,96,96,96,96,0,329.065246824,279.237074192,1,1,1,1,91.16621,121.567205,-0.809465734671,40.625,40.3333333333,20.9166666667,2025-07-16,2025-07-16,1,True
2025-07-17,9.58132218896,0.0958132218896,36.5891526359,0.365891526359,5.31060486574,0.0531060486574,3.15620440834,0.0315620440834,77.6121967464,0.776121967464,17.3054175797,0.173054175797,149.554898425,1.49554898425,1.84981123959,96,96,1,96,84,96,96,0,361.919590354,306.328741275,1,0.875,1,1,110.457545,114.454605,-2.1497412116,35.5416666667,34.0416666667,20.875,2025-07-17,2025-07-17,1,True
2025-07-18,20.5082497186,0.205082497186,37.0120652945,0.370120652945,4.77677430802,0.0477677430802,2.97542977683,0.0297542977683,33.7036532906,0.337036532906,78.9866072705,0.789866072705,177.962779659,1.77962779659,1.63770513509,96,96,1,96,76,96,96,0,320.622878203,271.032736631,1,0.791666666667,1,1,49.94749,167.301175,2.82348097617,33.125,34.0416666667,21,2025-07-18,2025-07-18,1,True
2025-07-19,17.232495995,0.17232495995,33.4333609272,0.334333609272,5.71401963103,0.0571401963103,3.8871333964,0.038871333964,54.7401087265,0.547401087265,16.1608373063,0.161608373063,131.167955982,1.31167955982,1.34028896307,96,96,1,96,96,96,96,0,262.028141002,222.123086024,1,1,1,1,98.611395,38.19535,-4.18004583241,39.6666666667,41.3333333333,21,2025-07-19,2025-07-19,1,True
2025-07-20,19.8288577708,0.198288577708,31.1051324503,0.311051324503,6.03031575213,0.0603031575213,4.2680483286,0.042680483286,10.3779614423,0.103779614423,94.6411852244,0.946411852244,166.251500969,1.66251500969,1.30024135519,96,96,1,96,96,96,96,0,254.395047755,215.31996842,1,1,1,1,42.4573,138.82507,2.38719544436,41.1666666667,43,20.875,2025-07-20,2025-07-20,1,True
2025-07-21,24.2841741573,0.242841741573,31.2913907285,0.312913907285,5.42201986755,0.0542201986755,3.90115499842,0.0390115499842,31.2600439594,0.312600439594,1.30525035075,0.0130525035075,97.4640340619,0.974640340619,1.99368115782,96,96,1,96,96,96,96,0,393.395175461,327.337522959,1,1,1,1,41.24734,132.109545,1.03352302074,37.875,41.2083333333,21,2025-07-21,2025-07-21,1,True
2025-07-22,25.3130085233,0.253130085233,37.0273948287,0.370273948287,4.63783602548,0.0463783602548,2.84189692918,0.0284189692918,27.7261430854,0.277261430854,9.56823876815,0.0956823876815,107.11451816,1.0711451816,1.83158992295,96,96,1,96,80,96,96,0,358.877641163,302.868547,1,0.833333333333,1,1,58.56902,107.23873,-0.305807673441,33.7083333333,33.625,21,2025-07-22,2025-07-22,1,True
2025-07-23,29.2519693374,0.292519693374,37.025934326,0.37025934326,5.05704762844,0.0505704762844,3.08195641455,0.0308195641455,53.5187834574,0.535187834574,43.7621305686,0.437621305686,171.697821732,1.71697821732,1.30135920191,96,96,1,96,88,96,96,0,251.304913029,218.305689283,1,0.916666666667,1,1,78.095525,149.100135,1.58355776059,37.625,39.4166666667,21,2025-07-23,2025-07-23,1,True
2025-07-24,15.6983628595,0.156983628595,36.2264020673,0.362264020673,5.41823920462,0.0541823920462,2.72582999625,0.0272582999625,82.1582508089,0.821582508089,-1.52055122924,-0.0152055122924,140.706533707,1.40706533707,1.29918654869,96,96,1,96,92,96,96,0,255.099986039,214.373956744,1,0.958333333333,1,1,126.768945,33.94377,-5.56463351232,39.4166666667,39.4166666667,20.5416666667,2025-07-24,2025-07-24,1,True
2025-07-25,34.0839712168,0.340839712168,37.0354296536,0.370354296536,4.73500749625,0.0473500749625,2.16837568058,0.0216837568058,47.8870700764,0.478870700764,-1.45730784238,-0.0145730784238,124.452546281,1.24452546281,1.3199785266,96,96,1,96,84,96,96,0,257.181063167,219.498836145,1,0.875,1,1,109.359035,33.802415,-4.71828529258,36.375,36.2083333333,21,2025-07-25,2025-07-25,1,True
2025-07-26,15.0733604605,0.150733604605,37.023743788,0.37023743788,4.92456811548,0.0492456811548,1.88635915437,0.0188635915437,38.4940882899,0.384940882899,1.78685429295,0.0178685429295,99.1889741012,0.991889741012,1.25618021171,96,96,1,96,92,96,96,0,249.876177848,204.551689188,1,0.958333333333,1,1,82.055835,69.594855,-2.40772786084,39.0833333333,37.625,21,2025-07-26,2025-07-26,1,True
2025-07-27,22.1188011552,0.221188011552,36.0712313639,0.360712313639,4.64954445058,0.0464954445058,1.87279127554,0.0187279127554,16.2702620866,0.162702620866,-0.742240007251,-0.00742240007251,80.2403903245,0.802403903245,1.04537346847,96,96,1,96,88,96,96,0,200.050724668,176.904759397,1,0.916666666667,1,1,53.78299,32.36868,-1.85667813628,36.75,35.8333333333,21,2025-07-27,2025-07-27,1,True
2025-07-28,3.84464694222,0.0384464694222,36.7299045516,0.367299045516,5.06947227262,0.0506947227262,1.79350398359,0.0179350398359,79.2857070911,0.792857070911,-1.9944887514,-0.019944887514,124.72874609,1.2472874609,2.34549230341,96,96,1,96,92,96,96,0,459.643456074,387.784829669,1,0.958333333333,1,1,148.39081,68.072225,-6.34071714187,39.875,35.8333333333,20.8333333333,2025-07-28,2025-07-28,1,True
2025-07-29,4.09774722693,0.0409774722693,37.026664563,0.37026664563,4.26297136321,0.0426297136321,1.20226017671,0.0120226017671,69.5576998402,0.695576998402,10.5796131491,0.105796131491,126.726956319,1.26726956319,1.57629836785,96,96,1,96,80,96,96,0,310.356766213,259.384052509,1,0.833333333333,1,1,154.449745,60.69451,-6.03033119599,35,30.1666666667,21,2025-07-29,2025-07-29,1,True
2025-07-30,20.3508134173,0.203508134173,36.9923745345,0.369923745345,4.03793816871,0.0403793816871,1.09809658923,0.0109809658923,37.6512116692,0.376512116692,4.87313828558,0.0487313828558,105.003572665,1.05003572665,1.53011334065,96,96,1,96,80,96,96,0,298.644308333,254.000995849,1,0.833333333333,1,1,72.1239,87.000555,-1.24027739518,35.8333333333,35.5416666667,21,2025-07-30,2025-07-30,1,True
2025-07-31,14.4921172467,0.144921172467,36.9785306283,0.369785306283,4.3574177664,0.043574177664,0.797039590309,0.00797039590309,19.6726253532,0.196726253532,12.6603447053,0.126603447053,88.9580752903,0.889580752903,1.97760250171,96,96,1,96,92,96,96,0,384.95456987,329.156400628,1,0.958333333333,1,1,68.8143,72.14593,-2.18610580177,40,36.875,21,2025-07-31,2025-07-31,1,True
2025-08-01,25.0362914088,0.250362914088,36.7627649515,0.367627649515,4.42992671972,0.0442992671972,0.58166023166,0.0058166023166,23.7218235261,0.237218235261,31.9463755208,0.319463755208,122.478842359,1.22478842359,1.70640852593,96,96,1,96,92,96,96,0,335.056703575,281.570509882,1,0.958333333333,1,1,53.11299,154.692265,2.00387838779,42.6666666667,44.9166666667,20.875,2025-08-01,2025-08-01,1,True
2025-08-02,19.0794198863,0.190794198863,36.7406933228,0.367406933228,4.21417372464,0.0421417372464,0.486513689187,0.00486513689187,21.6095022124,0.216095022124,4.96759556828,0.0496759556828,87.0978984036,0.870978984036,1.33039771455,96,96,1,96,84,96,96,0,259.101039127,221.324603541,1,0.875,1,1,70.940485,20.852285,-3.66102648275,40.8333333333,38.6666666667,21,2025-08-02,2025-08-02,1,True
2025-08-03,15.9424468556,0.159424468556,35.5515067954,0.355515067954,4.78157770337,0.0478157770337,0.512300571203,0.00512300571203,44.8183693358,0.448183693358,20.3216485092,0.203216485092,121.927849771,1.21927849771,1.39339382445,96,96,1,96,96,96,96,0,272.62053087,230.746017329,1,1,1,1,93.915115,70.67928,-2.71293118924,46.9583333333,41.1666666667,21,2025-08-03,2025-08-03,1,True
2025-08-04,32.8100250554,0.328100250554,36.9785306283,0.369785306283,4.35678747292,0.0435678747292,0.459353949183,0.00459353949183,35.2451593577,0.352451593577,-0.146671264237,-0.00146671264237,109.703185199,1.09703185199,2.1433804688,96,96,1,96,96,96,96,0,421.187116752,353.394835648,1,1,1,1,78.09782,124.04057,-0.910397129326,43.5,42.1666666667,21,2025-08-04,2025-08-04,1,True
2025-08-05,35.9813082464,0.359813082464,36.9989357928,0.369989357928,4.14519924323,0.0414519924323,0.926557881045,0.00926557881045,40.7596097478,0.407596097478,19.8502789774,0.198502789774,138.661889889,1.38661889889,2.46922877798,96,96,1,96,92,96,96,0,481.439557973,410.318129398,1,0.958333333333,1,1,89.844705,200.80102,1.65978693439,40.1666666667,44.875,21,2025-08-05,2025-08-05,1,True
2025-08-06,13.4111498843,0.134111498843,31.5213107647,0.315213107647,4.57789710142,0.0457789710142,0.914652505468,0.00914652505468,100.195770448,1.00195770448,108.268805618,1.08268805618,258.889586322,2.58889586322,1.96970632462,96,96,1,96,92,96,96,0,385.217676201,326.318493578,1,0.958333333333,1,1,160.26038,167.474665,-2.15353740099,42.875,42.875,21,2025-08-06,2025-08-06,1,True
2025-08-07,25.0621090528,0.250621090528,35.805564861,0.35805564861,4.26301062132,0.0426301062132,1.6743058703,0.016743058703,40.5336055017,0.405336055017,54.7399169957,0.547399169957,162.078512903,1.62078512903,1.40982393728,96,96,1,96,72,96,96,0,275.835118164,233.466844014,1,0.75,1,1,62.238085,118.61773,0.583807118751,36.75,36.75,21,2025-08-07,2025-08-07,1,True
2025-08-08,26.4151344601,0.264151344601,36.7830534532,0.367830534532,5.12323990855,0.0512323990855,1.6880026017,0.016880026017,44.8959072999,0.448959072999,45.5754617433,0.455754617433,160.480799467,1.60480799467,1.48086907832,96,96,1,96,96,96,96,0,294.202249102,241.451055101,1,1,1,1,64.79054,148.13117,1.27455983331,46.0416666667,48.9583333333,20.875,2025-08-08,2025-08-08,1,True
2025-08-09,27.4828190698,0.274828190698,37.0215535091,0.370215535091,5.17014257262,0.0517014257262,1.70778134921,0.0170778134921,13.1764732637,0.131764732637,11.4905606741,0.114905606741,96.0493304385,0.960493304385,1.25932467186,96,96,1,96,96,96,96,0,241.922615066,212.32502993,1,1,1,1,59.06903,55.05513,-1.40047854731,45.9166666667,43.875,21,2025-08-09,2025-08-09,1,True
2025-08-10,29.6620948538,0.296620948538,36.8746425825,0.368746425825,4.57137307488,0.0457137307488,1.49577014849,0.0149577014849,11.5505788311,0.115505788311,3.79357363771,0.0379357363771,87.9480331284,0.879480331284,1.30679835858,96,96,1,96,84,96,96,0,255.677939722,216.405808181,1,0.875,1,1,50.792285,57.624,-1.35168402256,40.3333333333,36.75,20.9166666667,2025-08-10,2025-08-10,1,True
2025-08-11,34.358448889,0.34358448889,36.8011871192,0.368011871192,4.12467314784,0.0412467314784,1.88806373371,0.0188806373371,35.9958486146,0.359958486146,83.6647819723,0.836647819723,196.833003477,1.96833003477,1.8732861177,96,96,1,96,88,96,96,0,366.512501289,310.216181091,1,0.916666666667,1,1,80.039785,175.036615,1.61252124175,38.7916666667,44.125,20.875,2025-08-11,2025-08-11,1,True
2025-08-12,38.1782918328,0.381782918328,36.900110506,0.36900110506,5.49352553477,0.0549352553477,2.03393124951,0.0203393124951,44.3590732068,0.443590732068,45.9418413602,0.459418413602,172.90677369,1.7290677369,1.73775063491,96,96,1,96,96,96,96,0,340.31584912,287.499675587,1,1,1,1,65.28134,248.176915,5.41997506115,46.1666666667,46.9583333333,20.9166666667,2025-08-12,2025-08-12,1,True
2025-08-13,37.9616284823,0.379616284823,37.0420061954,0.370420061954,4.38409920486,0.0438409920486,2.38237278772,0.0238237278772,32.7739969352,0.327739969352,17.8584888001,0.178584888001,132.402592406,1.32402592406,1.86627077198,96,96,1,96,80,96,96,0,364.818773968,309.326269394,1,0.833333333333,1,1,55.632495,113.802745,0.111572726091,37.0416666667,36.75,21,2025-08-13,2025-08-13,1,True
2025-08-14,26.1779545625,0.261779545625,37.0785851125,0.370785851125,4.98846997018,0.0498846997018,5.54815239073,0.0554815239073,57.1674444089,0.571674444089,2.4192550056,0.024192550056,133.37986145,1.3337986145,1.40165698798,96,96,1,96,88,96,96,0,275.476569278,231.065426181,1,0.916666666667,1,1,126.181965,49.21511,-5.05741658738,42.0833333333,42.375,21,2025-08-14,2025-08-14,1,True
2025-08-15,26.1252789235,0.261252789235,37.082246978,0.37082246978,5.22230978905,0.0522230978905,7.92277000869,0.0792277000869,4.30008169984,0.0430008169984,13.6559150041,0.136559150041,94.3086024032,0.943086024032,1.17914682863,96,96,1,96,92,96,96,0,229.463307884,196.315685849,1,0.958333333333,1,1,15.14443,149.340975,4.21037179021,45.3333333333,46.9583333333,21,2025-08-15,2025-08-15,1,True
2025-08-16,27.9548000142,0.279548000142,36.6052382081,0.366052382081,5.20286995339,0.0520286995339,9.20109820653,0.0920109820653,59.8405956057,0.598405956057,2.05876446252,0.0205876446252,140.86336645,1.4086336645,1.41354456084,96,96,1,96,96,96,96,0,276.563066252,234.082979276,1,1,1,1,91.786965,134.198015,-0.00287654067865,44.7916666667,49,21,2025-08-16,2025-08-16,1,True
2025-08-17,23.2660191612,0.232660191612,36.2195820495,0.362195820495,5.28826143636,0.0528826143636,10.3116022754,0.103116022754,15.6193933219,0.156193933219,-2.72785622199,-0.0272785622199,87.9770020223,0.879770020223,1.23040342087,96,96,1,96,96,96,96,0,240.731104084,203.754806497,1,1,1,1,30.837605,112.06888,1.84395739219,45.7083333333,49,20.9166666667,2025-08-17,2025-08-17,1,True
2025-08-18,40.8389409427,0.408389409427,36.2729122225,0.362729122225,4.16959390061,0.0416959390061,5.57372600142,0.0557372600142,12.0535873987,0.120535873987,48.7565053122,0.487565053122,147.665265778,1.47665265778,2.08298499682,96,96,1,96,84,96,96,0,407.922122363,344.619346578,1,0.875,1,1,32.70063,167.81373,2.99209684231,37.5,40.4166666667,20.5416666667,2025-08-18,2025-08-18,1,True
2025-08-19,20.3456184579,0.203456184579,37.1115679608,0.371115679608,4.92808966553,0.0492808966553,8.48002095359,0.0848002095359,45.569019618,0.45569019618,37.9067632229,0.379067632229,154.341079879,1.54341079879,1.89324043449,96,96,1,96,92,96,96,0,370.03502724,313.843584846,1,0.958333333333,1,1,84.825885,102.326745,-1.61210759977,43.2083333333,44.7083333333,21,2025-08-19,2025-08-19,1,True
2025-08-20,23.2265164299,0.232265164299,36.9016075772,0.369016075772,4.68565242323,0.0468565242323,8.27641033753,0.0827641033753,3.64855327159,0.0364855327159,57.5624434754,0.575624434754,134.301183515,1.34301183515,1.59923226674,96,96,1,96,92,96,96,0,313.84905772,264.02388429,1,0.958333333333,1,1,26.72227,164.07405,3.64694194044,41.4166666667,46.9583333333,20.875,2025-08-20,2025-08-20,1,True
2025-08-21,-0.431517183676,-0.00431517183676,35.9017802454,0.359017802454,5.65168639229,0.0565168639229,9.04580822351,0.0904580822351,42.5949708588,0.425949708588,6.34226846752,0.0634226846752,99.1049970038,0.991049970038,1.64138527419,96,96,1,96,96,96,96,0,320.184808984,272.622380488,1,1,1,1,133.63525,59.977715,-5.05083181234,46.9583333333,47.4166666667,21,2025-08-21,2025-08-21,1,True
2025-08-22,22.1084350202,0.221084350202,36.6414251255,0.366414251255,4.77655304678,0.0477655304678,6.75936968642,0.0675936968642,35.9716591502,0.359716591502,17.5208206968,0.175208206968,123.778262726,1.23778262726,2.349671694,96,96,1,96,84,96,96,0,459.718374913,389.105632526,1,0.875,1,1,73.48338,152.34197,0.34357698389,40.2916666667,40.75,21,2025-08-22,2025-08-22,1,True
2025-08-23,27.8805014482,0.278805014482,31.4096349787,0.314096349787,4.99804134929,0.0499804134929,9.93901671778,0.0993901671778,3.67981344349,0.0367981344349,101.779374773,1.01779374773,179.686382711,1.79686382711,1.10446685693,96,96,1,96,88,96,96,0,216.165308602,182.837105815,1,0.916666666667,1,1,12.655355,173.77752,5.32474842554,41,44.9166666667,21,2025-08-23,2025-08-23,1,True
2025-08-24,23.9407174805,0.239407174805,31.3473142744,0.313473142744,4.7788149174,0.047788149174,9.09706400237,0.0909706400237,1.20809762538,0.0120809762538,33.9217815741,0.339217815741,104.293789874,1.04293789874,1.26453133817,96,96,1,96,72,96,96,0,247.334338266,209.468995295,1,0.75,1,1,8.97027,149.543345,4.27948883451,34.5416666667,36.75,20.9583333333,2025-08-24,2025-08-24,1,True
2025-08-25,40.0888798501,0.400888798501,30.100900188,0.30100900188,4.74955188446,0.0474955188446,8.70031457117,0.0870031457117,2.92168720386,0.0292168720386,41.8463943054,0.418463943054,128.407728003,1.28407728003,2.0483024799,96,96,1,96,84,96,96,0,401.048815824,338.950063628,1,0.875,1,1,20.21044,170.48278,3.67389949185,37.0833333333,41.9166666667,20.125,2025-08-25,2025-08-25,1,True
2025-08-26,35.1320768297,0.351320768297,36.9086250223,0.369086250223,4.55741704426,0.0455741704426,9.5457844437,0.095457844437,9.14291909725,0.0914291909725,39.9417519357,0.399417519357,135.228574373,1.35228574373,1.86147066556,96,96,1,96,84,96,96,0,363.906799592,308.50836926,1,0.875,1,1,25.572205,220.76705,5.82485061115,38.6666666667,42.875,21,2025-08-26,2025-08-26,1,True
2025-08-27,32.6864365764,0.326864365764,35.5574457984,0.355574457984,4.75474165216,0.0475474165216,12.9308355752,0.129308355752,9.25732640981,0.0925732640981,-0.634240285823,-0.00634240285823,94.5525457262,0.945525457262,1.91094330028,96,96,1,96,88,96,96,0,375.426593041,315.143352704,1,0.916666666667,1,1,35.044755,141.544095,1.92567081926,39.7916666667,44.9166666667,20.9166666667,2025-08-27,2025-08-27,1,True
2025-08-28,19.3100178057,0.193100178057,35.5882991961,0.355882991961,4.82876809734,0.0482876809734,19.0762132375,0.190762132375,34.5727598495,0.345727598495,17.5122233409,0.175122233409,130.888281527,1.30888281527,1.90393753494,96,96,1,96,88,96,96,0,370.96313559,316.60091361,1,0.916666666667,1,1,63.504,152.024215,1.42324970917,42.875,44.9166666667,20.9583333333,2025-08-28,2025-08-28,1,True
2025-08-29,33.1177142021,0.331177142021,36.5734527944,0.365734527944,4.54323689612,0.0454323689612,17.6631887433,0.176631887433,2.3191685923,0.023191685923,3.71139692556,0.0371139692556,97.9281581538,0.979281581538,2.00716598482,96,96,1,96,88,96,96,0,392.706388334,332.386687086,1,0.916666666667,1,1,17.05635,195.352955,4.915704323,40.0416666667,44.9166666667,21,2025-08-29,2025-08-29,1,True
2025-08-30,9.07555165322,0.0907555165322,33.4425890146,0.334425890146,6.37197074248,0.0637197074248,32.0961495998,0.320961495998,41.9718491394,0.419718491394,-0.708605768314,-0.00708605768314,122.249504381,1.22249504381,1.37855545597,96,96,1,96,96,96,96,0,269.911282912,228.12465716,1,1,1,1,124.84024,74.62014,-3.83361357301,49,49,21,2025-08-30,2025-08-30,1,True
2025-08-31,18.8791766169,0.188791766169,31.3000276014,0.313000276014,5.60956389732,0.0560956389732,40.9090394701,0.409090394701,28.7673883078,0.287673883078,17.098205817,0.17098205817,142.563401711,1.42563401711,1.35639437678,96,96,1,96,88,96,96,0,265.187597408,224.783035143,1,0.916666666667,1,1,67.851035,89.20401,-0.793816136038,42.875,44.9166666667,21,2025-08-31,2025-08-31,1,True
2025-09-01,25.532182327,0.25532182327,37.0135247033,0.370135247033,4.02393635898,0.0402393635898,19.4657446473,0.194657446473,25.4388670538,0.254388670538,-0.218052231499,-0.00218052231499,111.256202859,1.11256202859,1.97198324982,96,96,1,96,84,96,96,0,390.245173267,322.817337687,1,0.875,1,1,53.65875,87.071495,-1.41729544085,34.1666666667,35.875,21,2025-09-01,2025-09-01,1,True
2025-09-02,28.693136486,0.28693136486,35.9832429768,0.359832429768,4.16393494332,0.0416393494332,16.0436293741,0.160436293741,50.9941161176,0.509941161176,0.868747243689,0.00868747243689,136.746807142,1.36746807142,1.99132574284,96,96,1,96,92,96,96,0,385.184847035,333.506631497,1,0.958333333333,1,1,88.695505,70.594825,-2.90745398075,35.875,39.2916666667,20.4166666667,2025-09-02,2025-09-02,1,True
2025-09-03,18.086757454,0.18086757454,36.9705204703,0.369705204703,4.22783127548,0.0422783127548,12.6040014966,0.126040014966,83.823959604,0.83823959604,-1.26162226388,-0.0126162226388,154.451448036,1.54451448036,2.05641943802,96,96,1,96,80,96,96,0,402.342933525,340.543058936,1,0.833333333333,1,1,140.14936,63.789025,-5.75667539956,33.4166666667,31.4166666667,21,2025-09-03,2025-09-03,1,True
2025-09-04,49.3721540726,0.493721540726,35.4314775793,0.354314775793,3.80317650997,0.0380317650997,16.2452175112,0.162452175112,14.7409451595,0.147409451595,17.7179064318,0.177179064318,137.310877264,1.37310877264,2.10390716384,96,96,1,96,84,96,96,0,411.634010316,348.407026332,1,0.875,1,1,34.45651,176.30697,3.27597816731,31.25,35.875,20.125,2025-09-04,2025-09-04,1,True
2025-09-05,23.0127188435,0.230127188435,36.9770739778,0.369770739778,4.8270897345,0.048270897345,14.2962242969,0.142962242969,11.2364428722,0.112364428722,8.59132782187,0.0859132782187,98.9408775468,0.989408775468,1.97047495896,96,96,1,96,92,96,96,0,385.527709362,326.310653204,1,0.958333333333,1,1,38.827095,123.401315,1.05654849342,35.75,39.0416666667,21,2025-09-05,2025-09-05,1,True
2025-09-06,23.7861744926,0.237861744926,36.4906373678,0.364906373678,5.55102880658,0.0555102880658,20.6705810542,0.206705810542,55.1229648504,0.551229648504,5.97652788908,0.0597652788908,147.597914461,1.47597914461,1.26592090221,96,96,1,96,88,96,96,0,249.240092628,208.316188412,1,0.916666666667,1,1,85.20169,125.78841,-0.0140493423448,35.875,37.5833333333,21,2025-09-06,2025-09-06,1,True
2025-09-07,30.7947495632,0.307947495632,35.5396065922,0.355396065922,5.7505030815,0.057505030815,31.3514738024,0.313514738024,14.8622585967,0.148622585967,-1.63182112614,-0.0163182112614,116.66677051,1.1666677051,1.43631001979,96,96,1,96,92,96,96,0,279.457261677,239.173252272,1,0.958333333333,1,1,49.44594,163.714845,3.08270398313,38.5,39.2916666667,21,2025-09-07,2025-09-07,1,True
2025-09-08,61.2434533141,0.612434533141,35.1881386969,0.351881386969,5.52909799752,0.0552909799752,17.1035560281,0.171035560281,8.96525035969,0.0896525035969,28.5261398428,0.285261398428,156.555636239,1.56555636239,2.0556843745,96,96,1,96,92,96,96,0,402.19911675,340.421332417,1,0.958333333333,1,1,34.629335,145.448935,2.04340898614,37.25,39.2916666667,20.125,2025-09-08,2025-09-08,1,True
2025-09-09,41.0685085913,0.410685085913,35.4754909693,0.354754909693,6.16236887767,0.0616236887767,17.4991324237,0.174991324237,34.3749719162,0.343749719162,0.664715953383,0.00664715953383,135.245188732,1.35245188732,1.86313915087,96,96,1,96,92,96,96,0,370.713730689,303.299585112,1,0.958333333333,1,1,66.694085,74.990025,-2.46325856571,37.5833333333,39.2916666667,20.125,2025-09-09,2025-09-09,1,True
2025-09-10,21.9280973765,0.219280973765,33.919033447,0.33919033447,6.77380412717,0.0677380412717,13.483365197,0.13483365197,30.7888756598,0.307888756598,-0.64429146296,-0.0064429146296,106.248884345,1.06248884345,2.1639575389,96,96,1,96,92,96,96,0,421.167814,360.226299113,1,0.958333333333,1,1,83.267515,67.863815,-3.1810506203,37.5833333333,39.2916666667,19.25,2025-09-10,2025-09-10,1,True
2025-09-11,27.8811963545,0.278811963545,37.0054993791,0.370054993791,6.20096386967,0.0620096386967,9.26158910374,0.0926158910374,22.2920200602,0.222920200602,0.143927563659,0.00143927563659,102.785196331,1.02785196331,2.01598098978,96,96,1,96,88,96,96,0,390.459740438,337.207779507,1,0.916666666667,1,1,81.32652,80.967005,-2.23381149714,32.9583333333,37.5833333333,21,2025-09-11,2025-09-11,1,True
2025-09-12,22.5350396872,0.225350396872,36.8775514229,0.368775514229,6.86068984558,0.0686068984558,8.51503539945,0.0851503539945,32.7054379576,0.327054379576,20.4895428201,0.204895428201,127.983297133,1.27983297133,1.93781323349,96,96,1,96,92,96,96,0,379.137371771,320.901871467,1,0.958333333333,1,1,95.08351,86.041575,-2.803226471,35.875,38.8333333333,20.9166666667,2025-09-12,2025-09-12,1,True
2025-09-13,19.7693926703,0.197693926703,36.5575807788,0.365575807788,6.47075985324,0.0647075985324,6.8872193948,0.068872193948,9.70810935025,0.0970810935025,36.4205952771,0.364205952771,115.813657325,1.15813657325,1.32096132215,96,96,1,96,80,96,96,0,258.448954333,218.751194948,1,0.833333333333,1,1,60.291935,104.90506,0.204806900601,32.4583333333,33.4583333333,21,2025-09-13,2025-09-13,1,True
2025-09-14,25.6976853122,0.256976853122,36.5575807788,0.365575807788,7.39688720559,0.0739688720559,8.47328480688,0.0847328480688,16.2828537579,0.162828537579,23.0141554251,0.230141554251,117.422447286,1.17422447286,1.81082688869,96,96,1,96,96,96,96,0,355.456485171,298.887496486,1,1,1,1,82.769775,128.10122,-0.46823098689,39.2916666667,41,21,2025-09-14,2025-09-14,1,True
2025-09-15,55.6547336508,0.556547336508,37.033968517,0.37033968517,5.98624689312,0.0598624689312,6.53166055154,0.0653166055154,5.57817530878,0.0557817530878,20.4534299461,0.204534299461,131.238214867,1.31238214867,2.14229670323,96,96,1,96,80,96,96,0,417.980739336,355.749770337,1,0.833333333333,1,1,33.824425,150.96979,2.28809983337,30.3333333333,32.4583333333,21,2025-09-15,2025-09-15,1,True
2025-09-16,31.0321406792,0.310321406792,35.5343458682,0.355343458682,7.30225944067,0.0730225944067,7.41703073155,0.0741703073155,39.8045185489,0.398045185489,13.9016285696,0.139016285696,134.991923838,1.34991923838,2.23304587699,96,96,1,96,92,96,96,0,436.90028028,369.792397229,1,0.958333333333,1,1,128.32935,83.148965,-4.67867783546,36.2916666667,35.2083333333,20.125,2025-09-16,2025-09-16,1,True
2025-09-17,31.209442495,0.31209442495,37.0778528262,0.370778528262,6.43408776711,0.0643408776711,5.96230398546,0.0596230398546,30.0898759744,0.300898759744,24.9007262887,0.249007262887,135.674289337,1.35674289337,1.93166567287,96,96,1,96,76,96,96,0,379.577071348,318.493637666,1,0.791666666667,1,1,72.63011,102.179995,-1.31389786178,31.5416666667,29.0416666667,21,2025-09-17,2025-09-17,1,True
2025-09-18,51.625660055,0.51625660055,35.507696862,0.35507696862,4.51629958555,0.0451629958555,5.20757450168,0.0520757450168,0.349328016489,0.00349328016489,28.3216816548,0.283216816548,125.528240676,1.25528240676,2.04997119135,96,96,1,96,68,96,96,0,399.438836869,340.86542705,1,0.708333333333,1,1,3.4788,188.108615,5.25235021585,25.9166666667,29.0416666667,20.125,2025-09-18,2025-09-18,1,True
2025-09-19,62.5128447938,0.625128447938,35.4901864089,0.354901864089,4.90183844561,0.0490183844561,6.67443929382,0.0667443929382,21.6910449675,0.216910449675,1.06923698255,0.0106923698255,132.339590892,1.32339590892,2.1719486953,96,96,1,96,80,96,96,0,424.946483863,359.674703942,1,0.833333333333,1,1,67.6716,117.2231,-0.655011663393,28.9166666667,34.1666666667,20.125,2025-09-19,2025-09-19,1,True
2025-09-20,25.3302029738,0.253302029738,33.2064906642,0.332064906642,5.82321418009,0.0582321418009,6.80692639839,0.0680692639839,20.241008375,0.20241008375,8.96098240797,0.0896098240797,100.368824999,1.00368824999,1.4645975919,96,96,1,96,88,96,96,0,286.551702763,242.537361219,1,0.916666666667,1,1,46.877555,106.89069,0.666616393982,35.875,37.5833333333,21,2025-09-20,2025-09-20,1,True
2025-09-21,22.2451159726,0.222451159726,31.2397720775,0.312397720775,5.74072635501,0.0574072635501,5.98973954534,0.0598973954534,10.4526421257,0.104526421257,22.7851252098,0.227851252098,98.453121286,0.98453121286,1.59982425896,96,96,1,96,84,96,96,0,313.009094145,264.930897284,1,0.875,1,1,40.856145,113.9841,1.04373992247,33.8333333333,35.875,20.9583333333,2025-09-21,2025-09-21,1,True
2025-09-22,37.7257131444,0.377257131444,31.9022457067,0.319022457067,5.39179794554,0.0539179794554,7.03553500661,0.0703553500661,37.2922000557,0.372922000557,2.67351200403,0.0267351200403,122.021003863,1.22021003863,2.28493880691,96,96,1,96,92,96,96,0,449.54523922,376.276642371,1,0.958333333333,1,1,58.624865,138.621205,0.280322631292,34.4166666667,39.2916666667,20.125,2025-09-22,2025-09-22,1,True
2025-09-23,32.0091795702,0.320091795702,35.4496285934,0.354496285934,6.59604555396,0.0659604555396,6.8151971312,0.068151971312,48.031184246,0.48031184246,-1.34791437058,-0.0134791437058,127.553320724,1.27553320724,2.03339652443,96,96,1,96,92,96,96,0,395.346456041,338.839688498,1,0.958333333333,1,1,113.20797,68.729155,-4.20773260596,37.5833333333,39,20.125,2025-09-23,2025-09-23,1,True
2025-09-24,35.1152203214,0.351152203214,35.9485169575,0.359485169575,6.25079765234,0.0625079765234,5.29304565329,0.0529304565329,27.8692519598,0.278692519598,-1.65292069245,-0.0165292069245,108.823911852,1.08823911852,2.0150029466,96,96,1,96,92,96,96,0,400.008353976,328.801905109,1,0.958333333333,1,1,99.82827,64.59113,-4.43514953611,37.2083333333,34.375,20.4166666667,2025-09-24,2025-09-24,1,True
2025-09-25,14.488451303,0.14488451303,36.9683364839,0.369683364839,5.95179781033,0.0595179781033,5.47611255514,0.0547611255514,36.0776251025,0.360776251025,7.99201901747,0.0799201901747,106.954342272,1.06954342272,1.95766788218,96,96,1,96,84,96,96,0,378.706677416,327.842270813,1,0.875,1,1,113.840805,74.062195,-3.77679235846,34.1666666667,34.1666666667,21,2025-09-25,2025-09-25,1,True
2025-09-26,8.65206817705,0.0865206817705,36.9901879655,0.369901879655,6.40446270245,0.0640446270245,6.54758442684,0.0654758442684,40.0632193854,0.400632193854,-3.39856388679,-0.0339856388679,95.2589587705,0.952589587705,1.85976476195,96,96,1,96,92,96,96,0,363.45447114,308.326224784,1,0.958333333333,1,1,136.5259,136.4931,-2.29837693149,37.5833333333,38.9166666667,21,2025-09-26,2025-09-26,1,True
2025-09-27,12.4310568196,0.124310568196,36.5014181045,0.365014181045,5.9344697865,0.059344697865,5.69469392579,0.0569469392579,33.1829862023,0.331829862023,9.42132944193,0.0942132944193,103.165954281,1.03165954281,1.56634741049,96,96,1,96,92,96,96,0,305.418475967,260.268064296,1,0.958333333333,1,1,64.7841,77.744135,-1.34126569466,37.5833333333,37.4583333333,21,2025-09-27,2025-09-27,1,True
2025-09-28,34.0993862038,0.340993862038,36.2635901678,0.362635901678,6.10455959978,0.0610455959978,6.47244741196,0.0647244741196,16.2709361954,0.162709361954,36.9073652052,0.369073652052,136.118284784,1.36118284784,1.31713977091,96,96,1,96,96,96,96,0,257.701259526,218.118346062,1,1,1,1,44.665575,195.43429,4.6327417307,38.7916666667,41,21,2025-09-28,2025-09-28,1,True
2025-09-29,53.2176850074,0.532176850074,33.3087134641,0.333087134641,6.17979792011,0.0617979792011,5.24758331364,0.0524758331364,42.0333062681,0.420333062681,-1.89168829697,-0.0189168829697,138.095397676,1.38095397676,2.02377680814,96,96,1,96,88,96,96,0,415.94812109,318.216389165,1,0.916666666667,1,1,84.19104,94.105865,-3.65903778852,35.875,37.5833333333,18.9166666667,2025-09-29,2025-09-29,1,True
2025-09-30,30.7632871436,0.307632871436,35.2086328102,0.352086328102,6.3627788827,0.063627788827,5.14351062363,0.0514351062363,63.9528465653,0.639528465653,-0.638908457107,-0.00638908457107,140.792147568,1.40792147568,1.95680140327,96,96,1,96,84,96,96,0,386.144180454,321.260190426,1,0.875,1,1,134.53412,84.428535,-4.79123229284,34.1666666667,35.625,20,2025-09-30,2025-09-30,1,True
2025-10-01,49.5301391779,0.495301391779,35.4091633701,0.354091633701,4.75034342957,0.0475034342957,4.22815138454,0.0422815138454,2.54025462842,0.0254025462842,-2.32301092765,-0.0232301092765,94.1350410629,0.941350410629,2.3415487996,96,96,1,96,96,96,96,0,459.974174414,386.198821203,1,1,1,1,15.431405,100.90674,0.487499241233,26.7916666667,33,20.125,2025-10-01,2025-10-01,1,True
2025-10-02,11.6278785417,0.116278785417,36.9421487603,0.369421487603,5.26415584416,0.0526415584416,3.00003541913,0.0300003541913,77.5419586283,0.775419586283,-1.61842922383,-0.0161842922383,132.75774797,1.3275774797,2.2224240401,96,96,1,96,88,96,96,0,434.004823602,368.725159385,1,0.916666666667,1,1,128.66469,36.50526,-6.55996225905,27.5,26.375,21,2025-10-02,2025-10-02,1,True
2025-10-03,19.680601398,0.19680601398,36.9297952279,0.369297952279,6.0166886323,0.060166886323,2.59887090112,0.0259887090112,28.8728813365,0.288728813365,-0.641827186008,-0.00641827186008,93.4570103098,0.934570103098,2.35006001504,96,96,1,96,92,96,96,0,435.483039468,409.747032374,1,0.958333333333,1,1,86.20656,24.174315,-3.65701050393,30.25,24.75,21,2025-10-03,2025-10-03,1,True
2025-10-04,33.7168875632,0.337168875632,36.8920591876,0.368920591876,5.15663502918,0.0515663502918,3.01065456189,0.0301065456189,35.001564481,0.35001564481,-0.904872180389,-0.00904872180389,112.872928643,1.12872928643,2.46405554808,96,96,1,96,84,96,96,0,482.097824624,408.047598762,1,0.875,1,1,115.573425,33.038055,-6.5243998276,26.125,22.875,21,2025-10-04,2025-10-04,1,True
2025-10-05,28.2324290348,0.282324290348,36.8920591876,0.368920591876,6.340417379,0.06340417379,4.25571538053,0.0425571538053,8.80725865173,0.0880725865173,3.26953985188,0.0326953985188,87.7974194856,0.877974194856,2.50635760365,96,96,1,96,96,96,96,0,490.374313758,415.052819165,1,1,1,1,42.187365,69.41649,-2.00384873305,33,28.875,21,2025-10-05,2025-10-05,1,True
2025-10-06,34.908572662,0.34908572662,36.8920591876,0.368920591876,4.30830631374,0.0430830631374,2.33314665252,0.0233314665252,40.2698094763,0.402698094763,-0.410208664219,-0.00410208664219,118.301685628,1.18301685628,2.51924462045,96,96,1,96,72,96,96,0,502.996622272,408.637477203,1,0.75,1,1,88.192005,14.614825,-6.99734687787,22,21.5416666667,21,2025-10-06,2025-10-06,1,True
2025-10-07,15.6378381326,0.156378381326,36.8942341705,0.368942341705,5.78125810636,0.0578125810636,2.76503163935,0.0276503163935,130.932514795,1.30932514795,1.19962704061,0.0119962704061,193.210503885,1.93210503885,2.36414239706,96,96,1,96,96,96,96,0,491.485668763,367.010491865,1,1,1,1,182.421855,57.07595,-10.4092117458,28.875,29.75,21,2025-10-07,2025-10-07,1,True
2025-10-08,14.6121077745,0.146121077745,36.8724958756,0.368724958756,4.73941197266,0.0473941197266,2.01774687721,0.0201774687721,75.1294781526,0.751294781526,3.52346705439,0.0352346705439,136.894707707,1.36894707707,2.13882411168,96,96,1,96,72,96,96,0,384.923409569,382.579371931,1,0.75,1,1,136.926385,18.9721,-5.01243010991,22.5833333333,22.875,21,2025-10-08,2025-10-08,1,True
2025-10-09,22.4385424812,0.224385424812,36.8384906697,0.368384906697,5.83530404411,0.0583530404411,2.46937385947,0.0246937385947,17.6366782388,0.176366782388,1.78919616577,0.0178919616577,87.007585459,0.87007585459,2.12464892879,96,96,1,96,92,96,96,0,410.19735422,356.492684603,1,0.958333333333,1,1,55.931325,66.32701,-1.80454102567,28.0833333333,29.2083333333,21,2025-10-09,2025-10-09,1,True
2025-10-10,34.728646305,0.34728646305,36.845720566,0.36845720566,5.64270013542,0.0564270013542,2.42774321433,0.0242774321433,22.069922032,0.22069922032,2.06468502664,0.0206468502664,103.779417279,1.03779417279,2.26676081276,96,96,1,96,92,96,96,0,444.408255228,374.604033961,1,0.958333333333,1,1,69.81216,60.91338,-3.27929171946,28.875,28.0416666667,21,2025-10-10,2025-10-10,1,True
2025-10-11,13.3450576119,0.133450576119,36.8645315844,0.368645315844,5.40941936497,0.0540941936497,1.97533921103,0.0197533921103,19.7950101129,0.197950101129,-0.831162281766,-0.00831162281766,76.5581956035,0.765581956035,1.98346523393,96,96,1,96,92,96,96,0,387.157710429,329.233399371,1,0.958333333333,1,1,81.2333085714,14.9833885714,-5.17392629408,27.7916666667,24.1666666667,21,2025-10-11,2025-10-11,1,True
2025-10-12,27.3050561898,0.273050561898,36.8645315844,0.368645315844,4.9256209869,0.049256209869,2.26803267422,0.0226803267422,6.20222201127,0.0620222201127,-1.70595606669,-0.0170595606669,75.8595073799,0.758595073799,1.71542372861,96,96,1,96,88,96,96,0,335.626381686,284.074169459,1,0.916666666667,1,1,32.5389942857,64.7642914286,-0.805288128502,25.375,26.5833333333,21,2025-10-12,2025-10-12,1,True
2025-10-13,66.726596682,0.66726596682,33.7924872857,0.337924872857,2.76901643529,0.0276901643529,1.70185559723,0.0170185559723,7.9202299832,0.079202299832,1.56123171429,0.0156123171429,114.471417698,1.14471417698,2.61516026953,96,96,1,96,72,96,96,0,530.843477579,416.835161846,1,0.75,1,1,40.8078571429,28.3927714286,-5.26764172698,15.0416666667,21.3333333333,19.25,2025-10-13,2025-10-13,1,True
2025-10-14,90.7895651067,0.907895651067,30.7349272145,0.307349272145,3.52547983419,0.0352547983419,1.78547433354,0.0178547433354,8.27593707545,0.0827593707545,0.356638480683,0.00356638480683,135.468022045,1.35468022045,2.80115035896,96,96,1,96,88,96,96,0,558.325608616,455.174203754,1,0.916666666667,1,1,33.9563771429,60.1445085714,-3.20680305971,18.5833333333,22.9583333333,17.5,2025-10-14,2025-10-14,1,True
2025-10-15,66.8694614304,0.668694614304,29.8467933725,0.298467933725,4.38607283948,0.0438607283948,1.45173843826,0.0145173843826,15.4322542562,0.154322542562,-2.02803795865,-0.0202803795865,115.958282378,1.15958282378,2.86166748178,96,96,1,96,88,96,96,0,576.642780969,459.713820153,1,0.916666666667,1,1,55.97312,39.6449885714,-5.55237884354,22.4583333333,19.3333333333,18.2083333333,2025-10-15,2025-10-15,1,True
2025-10-16,38.1626288276,0.381626288276,32.9846713177,0.329846713177,4.63623268154,0.0463623268154,1.83751203695,0.0183751203695,28.8312200345,0.288312200345,-0.67756971633,-0.0067756971633,105.774695182,1.05774695182,2.15675986927,96,96,1,96,88,96,96,0,375.767302745,396.269423658,1,0.916666666667,1,1,100.919137143,36.77896,-1.8182523429,24.7916666667,25.375,20.125,2025-10-16,2025-10-16,1,True
2025-10-17,18.5551291604,0.185551291604,34.4194638786,0.344194638786,4.64083208867,0.0464083208867,1.95381259335,0.0195381259335,18.5836964367,0.185836964367,-1.58886253274,-0.0158886253274,76.564071625,0.76564071625,2.08025978578,96,96,1,96,92,96,96,0,407.007349392,344.491020525,1,0.958333333333,1,1,64.7328057143,59.1043542857,-2.83936584563,25.375,26.5833333333,21,2025-10-17,2025-10-17,1,True
2025-10-18,11.663283837,0.11663283837,34.416082061,0.34416082061,4.63074534772,0.0463074534772,1.86175794376,0.0186175794376,26.5950606472,0.265950606472,-0.8142198292,-0.008142198292,78.3527100075,0.783527100075,2.25063002854,96,96,1,96,84,96,96,0,447.058612816,367.018255566,1,0.875,1,1,82.2295828571,20.2410057143,-5.91787226641,25.375,25.375,21,2025-10-18,2025-10-18,1,True
2025-10-19,36.7285369143,0.367285369143,34.416082061,0.34416082061,4.75528110201,0.0475528110201,1.97311010238,0.0197311010238,0.962572306063,0.00962572306063,7.35506889009,0.0735506889009,86.1906513758,0.861906513758,2.1498792332,96,96,1,96,92,96,96,0,413.910590568,361.706078179,1,0.958333333333,1,1,4.4926,115.807108571,2.4629165076,26.375,26.5833333333,21,2025-10-19,2025-10-19,1,True
2025-10-20,55.2234161703,0.552234161703,32.9820786417,0.329820786417,4.30318536422,0.0430318536422,1.94182436283,0.0194182436283,48.8538980304,0.488538980304,0.735318852792,0.00735318852792,144.039721422,1.44039721422,2.23649793916,96,96,1,96,88,96,96,0,444.437169464,364.556497217,1,0.916666666667,1,1,79.0975828571,82.2928857143,-3.19522372457,24.1666666667,26.5833333333,20.125,2025-10-20,2025-10-20,1,True
2025-10-21,38.6726162582,0.386726162582,34.4154057772,0.344154057772,4.2842955394,0.042842955394,1.87733542936,0.0187733542936,24.0201771383,0.240201771383,2.8750368959,0.028750368959,106.144867038,1.06144867038,2.17904222552,96,96,1,96,96,96,96,0,438.591396448,350.475027138,1,1,1,1,48.0133942857,69.2425542857,-2.7869670546,25.375,26.5833333333,21,2025-10-21,2025-10-21,1,True
2025-10-22,39.3237817212,0.393237817212,34.454674221,0.34454674221,3.77548197986,0.0377548197986,1.75310237646,0.0175310237646,13.5151663485,0.135151663485,-1.61368525222,-0.0161368525222,91.2085213947,0.912085213947,2.48561930331,96,96,1,96,92,96,96,0,473.904663664,422.124205931,1,0.958333333333,1,1,40.6589085714,63.927,-1.18801526269,22.7083333333,25.4166666667,21,2025-10-22,2025-10-22,1,True
2025-10-23,4.9102781521,0.049102781521,34.4553520489,0.344553520489,3.78366547973,0.0378366547973,1.55061084771,0.0155061084771,75.4940876855,0.754940876855,-0.455743307932,-0.00455743307932,119.738250906,1.19738250906,2.3554472633,96,96,1,96,92,96,96,0,466.222826173,385.513133531,1,0.958333333333,1,1,122.014582857,21.55512,-7.54871481246,23.3333333333,22.9583333333,21,2025-10-23,2025-10-23,1,True
2025-10-24,33.1053235462,0.331053235462,34.4607756331,0.344607756331,3.4733467131,0.034733467131,1.10446844932,0.0110446844932,8.39248424608,0.0839248424608,5.94645132544,0.0594645132544,86.4828499132,0.864828499132,2.58249913638,96,96,1,96,76,96,96,0,493.190744447,437.887067869,1,0.791666666667,1,1,34.5804285714,81.5405428571,-0.347648428841,21.75,16.9166666667,21,2025-10-24,2025-10-24,1,True
2025-10-25,38.9896647594,0.389896647594,34.452640897,0.34452640897,3.73451952395,0.0373451952395,1.37456870267,0.0137456870267,13.7474549936,0.137474549936,0.223563232465,0.00223563232465,92.5224121092,0.925224121092,2.46499115984,96,96,1,96,92,96,96,0,482.280879099,408.20253607,1,0.958333333333,1,1,35.8372,66.56728,-1.80617762623,24.75,21.5833333333,21,2025-10-25,2025-10-25,1,True
2025-10-26,23.0076038506,0.230076038506,34.452640897,0.34452640897,4.00380839972,0.0400380839972,1.5185108685,0.015185108685,14.3792947405,0.143792947405,3.72075905922,0.0372075905922,81.0826178155,0.810826178155,2.33398516243,100,100,1,100,96,96,100,0,462.946529889,381.177942898,1,0.96,0.96,0.96,80.73368,49.2280628571,-4.53096816535,24.36,21.44,20.16,2025-10-26,2025-10-26,1,True
2025-10-27,33.1889318331,0.331889318331,34.452640897,0.34452640897,3.04824431986,0.0304824431986,1.5841998623,0.015841998623,29.621396078,0.29621396078,12.005153152,0.12005153152,113.900566142,1.13900566142,2.19277971609,96,96,1,96,80,96,96,0,423.998042243,367.376699014,1,0.833333333333,1,1,50.4372971429,58.6864628571,-2.01550739645,19.2916666667,24.0416666667,21,2025-10-27,2025-10-27,1,True
2025-10-28,19.4795620432,0.194795620432,34.4438325991,0.344438325991,3.10218101007,0.0310218101007,1.31066905286,0.0131066905286,17.8671060693,0.178671060693,1.7794185366,0.017794185366,77.9827693111,0.779827693111,2.40502662491,96,96,1,96,72,96,96,0,475.598833196,393.997965752,1,0.75,1,1,73.7476628571,55.6551428571,-4.1538911435,19.3333333333,20.5416666667,21,2025-10-28,2025-10-28,1,True
2025-10-29,34.3018160026,0.343018160026,34.4465423649,0.344465423649,4.29803909999,0.0429803909999,1.50155377232,0.0150155377232,15.1866534203,0.151866534203,7.62758979736,0.0762758979736,97.3621944575,0.973621944575,2.33807928824,96,96,1,96,88,96,96,0,451.484578382,392.235313122,1,0.916666666667,1,1,38.1253885714,61.6875885714,-1.4869610525,25.375,23.6666666667,21,2025-10-29,2025-10-29,1,True
2025-10-30,25.8784776651,0.258784776651,34.4567077849,0.344567077849,3.85400460367,0.0385400460367,1.40635267269,0.0140635267269,23.3946512242,0.233946512242,-1.60566530139,-0.0160566530139,87.3845286492,0.873845286492,2.23786813312,96,96,1,96,92,96,96,0,446.331920368,363.406588289,1,0.958333333333,1,1,37.95028,53.2152,-2.81918383664,22.875,22.3333333333,21,2025-10-30,2025-10-30,1,True
2025-10-31,26.4031798378,0.264031798378,34.4384143464,0.344384143464,4.2453712443,0.042453712443,1.522585339,0.01522585339,22.172094677,0.22172094677,-1.16471505049,-0.0116471505049,87.616930394,0.87616930394,2.38630476932,96,96,1,96,88,96,96,0,465.889174829,396.015542023,1,0.916666666667,1,1,70.5916285714,55.6122628571,-3.535541605,24.9583333333,24.5416666667,21,2025-10-31,2025-10-31,1,True
2025-11-01,30.7912978654,0.307912978654,34.4418005546,0.344418005546,4.17820691825,0.0417820691825,1.76923560992,0.0176923560992,7.31732082383,0.0731732082383,23.2889372228,0.232889372228,101.786798995,1.01786798995,2.00845239188,96,96,1,96,84,96,96,0,385.108850958,339.24330074,1,0.875,1,1,31.2335657143,128.872822857,2.15723778854,25.5,29.75,21,2025-11-01,2025-11-01,1,True
2025-11-02,23.9971981157,0.239971981157,34.4418005546,0.344418005546,5.16835067157,0.0516835067157,1.67415783367,0.0167415783367,5.71401310187,0.0571401310187,-0.591796464117,-0.00591796464117,70.4037238133,0.704037238133,1.20117810913,96,96,1,96,88,96,96,0,235.013108308,198.915094872,1,0.916666666667,1,1,37.6461028571,91.1899428571,0.726909440163,30.5833333333,28.3333333333,21,2025-11-02,2025-11-02,1,True
2025-11-03,36.4992052418,0.364992052418,34.4418005546,0.344418005546,4.20896344221,0.0420896344221,1.76274999508,0.0176274999508,23.3366922982,0.233366922982,1.63172209444,0.0163172209444,101.881133626,1.01881133626,2.47815897972,96,96,1,96,92,96,96,0,489.700677398,406.283600733,1,0.958333333333,1,1,45.8125714286,124.896765714,-0.180536765827,24.0833333333,29.75,21,2025-11-03,2025-11-03,1,True
2025-11-04,46.8543443081,0.468543443081,34.435028804,0.34435028804,3.58000039323,0.0358000039323,1.50851143312,0.0150851143312,8.20113139906,0.0820113139906,-0.868410662499,-0.00868410662499,93.710605675,0.93710605675,2.43458315129,96,96,1,96,84,96,96,0,500.689378457,382.55044978,1,0.875,1,1,34.4746628571,127.997371429,-1.02567583775,20.75,26.9166666667,21,2025-11-04,2025-11-04,1,True
2025-11-05,25.5837921094,0.255837921094,34.4323208493,0.344323208493,4.73376585078,0.0473376585078,1.46039909565,0.0146039909565,28.3836907755,0.283836907755,-2.02685948245,-0.0202685948245,92.5671091982,0.925671091982,2.40499855015,96,96,1,96,88,96,96,0,446.691610829,418.455740402,1,0.916666666667,1,1,108.16548,99.9277485714,-1.51973341064,27.2083333333,26.9166666667,21,2025-11-05,2025-11-05,1,True
2025-11-06,30.2388012727,0.302388012727,34.4418005546,0.344418005546,4.94999508368,0.0494999508368,1.6961554345,0.016961554345,9.4157556961,0.094157556961,3.25019204154,0.0325019204154,83.9927000831,0.839927000831,1.03935061487,96,96,1,96,88,96,96,0,199.973607257,174.975262462,1,0.916666666667,1,1,36.2117485714,114.60176,2.22465277641,28.3333333333,31.1666666667,21,2025-11-06,2025-11-06,1,True
2025-11-07,0,0,34.4458648835,0.344458648835,0.496508997935,0.00496508997935,0.155004425214,0.00155004425214,0,0,0,0,35.0973783066,0.350973783066,0,96,96,1,96,88,96,96,0,0,0,1,0.916666666667,1,1,0,0,0,2.83333333333,2.83333333333,21,2025-11-07,2025-11-07,1,True
2025-11-08,1.52742851563e-06,1.52742851563e-08,34.4357058592,0.344357058592,0.565930003932,0.00565930003932,0,0,2.3054884557e-05,2.3054884557e-07,0,0,35.0016604455,0.350016604455,4.99999998752e-07,96,96,1,96,80,96,96,0,0,0.000165599999587,1,0.833333333333,1,1,0.000154285714286,0,4.71428554208e-07,3.20833333333,0,21,2025-11-08,2025-11-08,1,True
2025-11-09,0,0,34.4357058592,0.344357058592,0.755273299253,0.00755273299253,0,0,0,0,0,0,35.1909791585,0.351909791585,0,96,96,1,96,96,96,96,0,0,0,1,1,1,1,0,0,0,4.25,0,21,2025-11-09,2025-11-09,1,True
2025-11-10,6.65095027288e-06,6.65095027288e-08,34.4357058592,0.344357058592,0.753720015729,0.00753720015729,0.076543452615,0.00076543452615,6.99960676366e-06,6.99960676366e-08,0,0,35.2659829781,0.352659829781,2.49999970923e-07,96,96,1,96,92,96,96,0,0,8.27999903696e-05,1,0.958333333333,1,1,4.57142857143e-05,0,1.54523769397e-06,4.29166666667,1.41666666667,21,2025-11-10,2025-11-10,1,True
2025-11-11,0,0,34.4397687498,0.344397687498,0,0,0,0,0,0,0,0,34.4397687498,0.344397687498,0,96,96,1,96,80,96,96,0,0,0,1,0.833333333333,1,1,0,0,0,0,0,21,2025-11-11,2025-11-11,1,True
2025-11-12,-2.09592366947e-06,-2.09592366947e-08,34.4458648835,0.344458648835,0,0,0,0,0,0,0,0,34.4458627875,0.344458627875,1.24999985474e-07,96,96,1,96,88,96,96,0,4.8913037794e-05,0,1,0.916666666667,1,1,0,0,-2.03804324142e-06,0,0,21,2025-11-12,2025-11-12,1,True
2025-11-13,0,0,34.4451874287,0.344451874287,0,0,0.242131141093,0.00242131141093,0,0,0,0,34.6873185698,0.346873185698,0,96,96,1,96,96,96,96,0,0,0,1,1,1,1,0,0,0,0,5.66666666667,21,2025-11-13,2025-11-13,1,True
2025-11-14,-1.53253276182e-07,-1.53253276182e-09,34.4499301717,0.344499301717,0,0,0.184732193788,0.00184732193788,0,0,-1.43871549682e-06,-1.43871549682e-08,34.6346607735,0.346346607735,6.25000211152e-08,96,96,1,96,88,96,96,0,2.44565300016e-05,0,1,0.916666666667,1,1,0,2.28571428571e-05,-6.66411310193e-08,0,4.41666666667,21,2025-11-14,2025-11-14,1,True
2025-11-15,0,0,34.4445100006,0.344445100006,0.479839518556,0.00479839518556,0,0,0,0,0,0,34.9243495191,0.349243495191,0,96,96,1,96,96,96,96,0,0,0,1,1,1,1,0,0,0,2.83333333333,0,21,2025-11-15,2025-11-15,1,True
2025-11-16,-1.11717429125e-06,-1.11717429125e-08,31.4915334238,0.314915334238,0,0,0.0829154129054,0.000829154129054,0,0,0,0,31.5744477195,0.315744477195,3.12500105792e-08,96,96,1,96,88,96,96,0,1.22282650093e-05,0,1,0.916666666667,1,1,0,0,-5.09511042053e-07,0,1.41666666667,21,2025-11-16,2025-11-16,1,True
2025-11-17,0,0,34.4445100006,0.344445100006,0,0,0.0500167168171,0.000500167168171,0,0,0,0,34.4945267174,0.344945267174,0,96,96,1,96,92,96,96,0,0,0,1,0.958333333333,1,1,0,0,0,0,1.41666666667,21,2025-11-17,2025-11-17,1,True
2025-11-18,-4.40217540334e-07,-4.40217540334e-09,34.4465423649,0.344465423649,0.910919675871,0.00910919675871,0,0,0,0,0,0,35.3574616005,0.353574616005,1.56250052896e-08,96,96,1,96,80,96,96,0,6.11413250463e-06,0,1,0.833333333333,1,1,0,0,-2.54755521026e-07,5.66666666667,0,21,2025-11-18,2025-11-18,1,True
2025-11-19,0,0,34.4363829411,0.344363829411,0.424105861303,0.00424105861303,0.118193436757,0.00118193436757,0,0,0,0,34.9786822391,0.349786822391,0,96,96,1,96,88,96,96,0,0,0,1,0.916666666667,1,1,0,0,0,2.83333333333,4.25,21,2025-11-19,2025-11-19,1,True
2025-11-20,-2.65811910639e-07,-2.65811910639e-09,34.416082061,0.34416082061,0.453052722592,0.00453052722592,0,0,0,0,0,0,34.8691345177,0.348691345177,7.81250264481e-09,96,96,1,96,92,96,96,0,3.05706625232e-06,0,1,0.958333333333,1,1,0,0,-1.27377760513e-07,2.83333333333,0,21,2025-11-20,2025-11-20,1,True
2025-11-21,0,0,34.416082061,0.34416082061,0,0,0.0316021144059,0.000316021144059,0,0,0,0,34.4476841754,0.344476841754,0,96,96,1,96,96,96,96,0,0,0,1,1,1,1,0,0,0,0,1.41666666667,21,2025-11-21,2025-11-21,1,True
2025-11-22,-1.25631051718e-07,-1.25631051718e-09,31.1960857519,0.311960857519,0.196954274823,0.00196954274823,0.0442946689984,0.000442946689984,0,0,0,0,31.4373345701,0.314373345701,3.90627974411e-09,96,96,1,96,88,96,96,0,1.5285442477e-06,0,1,0.916666666667,1,1,0,0,-6.3689343654e-08,1.41666666667,2.83333333333,21,2025-11-22,2025-11-22,1,True
2025-11-23,0,0,31.1960857519,0.311960857519,0.223210390835,0.00223210390835,0.117451022774,0.00117451022774,0,0,0,0,31.5367471655,0.315367471655,0,96,96,1,96,80,96,96,0,0,0,1,0.833333333333,1,1,0,0,0,1.41666666667,7.08333333333,21,2025-11-23,2025-11-23,1,True
2025-11-24,-9.76739774278e-09,-9.76739774278e-11,34.41472952,0.3441472952,0.617118940481,0.00617118940481,0,0,0,0,0,0,35.0318484507,0.350318484507,1.95313987206e-09,96,96,1,96,88,96,96,0,7.64272123849e-07,0,1,0.916666666667,1,1,0,0,-3.1844671827e-08,4.25,0,21,2025-11-24,2025-11-24,1,True
2025-11-25,0,0,34.4282597158,0.344282597158,0.646568771992,0.00646568771992,0,0,0,0,0,0,35.0748284877,0.350748284877,0,96,96,1,96,92,96,96,0,0,0,1,0.958333333333,1,1,0,0,0,4.25,0,21,2025-11-25,2025-11-25,1,True
2025-11-26,-1.43301023222e-08,-1.43301023222e-10,34.4154057772,0.344154057772,0.717146787188,0.00717146787188,0.0547848300255,0.000547848300255,0,0,0,0,35.18733738,0.3518733738,9.76569936029e-10,96,96,1,96,80,96,96,0,3.82136061924e-07,0,1,0.833333333333,1,1,0,0,-1.59223359135e-08,4.25,1.41666666667,21,2025-11-26,2025-11-26,1,True
2025-11-27,0,0,34.4066165059,0.344066165059,0.247938235467,0.00247938235467,0,0,0,0,0,0,34.6545547414,0.346545547414,0,96,96,1,96,96,96,96,0,0,0,1,1,1,1,0,0,0,1.41666666667,0,21,2025-11-27,2025-11-27,1,True
2025-11-28,-9.89923468415e-09,-9.89923468415e-11,34.4079684093,0.344079684093,0,0,0,0,0,0,0,0,34.4079683994,0.344079683994,4.88284968014e-10,96,96,1,96,84,96,96,0,1.91068030962e-07,0,1,0.875,1,1,0,0,-7.96116795676e-09,0,0,21,2025-11-28,2025-11-28,1,True
2025-11-29,0,0,34.40458885,0.3440458885,0.421443444781,0.00421443444781,0,0,0,0,0,0,34.8260322948,0.348260322948,0,96,96,1,96,92,96,96,0,0,0,1,0.958333333333,1,1,0,0,0,2.83333333333,0,21,2025-11-29,2025-11-29,1,True
2025-11-30,-7.80417372465e-09,-7.80417372465e-11,34.40458885,0.3440458885,0.350646289239,0.00350646289239,0.039138804856,0.00039138804856,0,0,0,0,34.7943739363,0.347943739363,2.44142484007e-10,96,96,1,96,88,96,96,0,9.55340154811e-08,0,1,0.916666666667,1,1,0,0,-3.98058397838e-09,2.83333333333,2.83333333333,21,2025-11-30,2025-11-30,1,True
2025-12-01,0,0,34.40458885,0.3440458885,0.613397241975,0.00613397241975,0,0,0,0,0,0,35.017986092,0.35017986092,0,96,96,1,96,88,96,96,0,0,0,1,0.916666666667,1,1,0,0,0,4.66666666667,0,21,2025-12-01,2025-12-01,1,True
2025-12-02,-4.29095379055e-09,-4.29095379055e-11,34.40458885,0.3440458885,0.484854437591,0.00484854437591,0.0161159784701,0.000161159784701,0,0,0,0,34.9055592618,0.349055592618,1.22099663713e-10,96,96,1,96,96,96,96,0,4.7778129279e-08,0,1,1,1,1,0,0,-1.99075538663e-09,3.5,1.16666666667,21,2025-12-02,2025-12-02,1,True
2025-12-03,0,0,31.1948598039,0.311948598039,0.570750397894,0.00570750397894,0.0138093647456,0.000138093647456,0,0,0,0,31.7794195665,0.317794195665,0,96,96,1,96,96,96,96,0,0,0,1,1,1,1,0,0,0,4.66666666667,1.16666666667,21,2025-12-03,2025-12-03,1,True
2025-12-04,-2.18274383611e-09,-2.18274383611e-11,31.1844431349,0.311844431349,0.46864663131,0.0046864663131,0,0,0,0,0,0,31.6530897641,0.316530897641,6.10498318565e-11,96,96,1,96,96,96,96,0,2.38890646395e-08,0,1,1,1,1,0,0,-9.95377693313e-10,3.5,0,21,2025-12-04,2025-12-04,1,True
2025-12-05,0,0,31.1783189317,0.311783189317,1.20737627651,0.0120737627651,0,0,0,0,0,0,32.3856952082,0.323856952082,0,96,96,1,96,84,96,96,0,0,0,1,0.875,1,1,0,0,0,9.33333333333,0,21,2025-12-05,2025-12-05,1,True
2025-12-06,-8.42208973866e-10,-8.42208973866e-12,34.3958051022,0.343958051022,1.14856144072,0.0114856144072,0,0,0,0,0,0,35.5443665421,0.355443665421,3.05249159283e-11,96,96,1,96,92,96,96,0,1.19445323198e-08,0,1,0.958333333333,1,1,0,0,-4.97688846656e-10,8.16666666667,0,21,2025-12-06,2025-12-06,1,True
2025-12-07,0,0,34.3958051022,0.343958051022,0.5610008052,0.005610008052,0.11740214851,0.0011740214851,0,0,0,0,35.0742080559,0.350742080559,0,96,96,1,96,84,96,96,0,0,0,1,0.875,1,1,0,0,0,4.66666666667,1.16666666667,21,2025-12-07,2025-12-07,1,True
2025-12-08,-3.81274809985e-10,-3.81274809985e-12,33.5915866376,0.335915866376,0.431830947191,0.00431830947191,0,0,0,0,0,0,34.0234175844,0.340234175844,1.52340362547e-11,96,96,1,96,88,96,96,0,5.9611446214e-09,0,1,0.916666666667,1,1,0,0,-2.48381025892e-10,3.5,0,21,2025-12-08,2025-12-08,1,True
2025-12-09,0,0,34.4093204189,0.344093204189,0,0,0,0,0,0,0,0,34.4093204189,0.344093204189,0,96,96,1,96,92,96,96,0,0,0,1,0.958333333333,1,1,0,0,0,0,0,21,2025-12-09,2025-12-09,1,True
2025-12-10,-2.3886306498e-10,-2.3886306498e-12,34.4106725347,0.344106725347,0,0,0.365451794801,0.00365451794801,0,0,0,0,34.7761243293,0.347761243293,7.61701812735e-12,96,96,1,96,96,96,96,0,2.9805723107e-09,0,1,1,1,1,0,0,-1.24190512946e-10,0,3.5,21,2025-12-10,2025-12-10,1,True
2025-12-11,0,0,34.4127009078,0.344127009078,0.506755216725,0.00506755216725,0,0,0,0,0,0,34.9194561245,0.349194561245,0,96,96,1,96,96,96,96,0,0,0,1,1,1,1,0,0,0,3.5,0,21,2025-12-11,2025-12-11,1,True
2025-12-12,-1.30534164347e-10,-1.30534164347e-12,34.4099964635,0.344099964635,0.148752406774,0.00148752406774,0.253770285669,0.00253770285669,0,0,0,0,34.8125191558,0.348125191558,3.80850906367e-12,96,96,1,96,96,96,96,0,1.49028615535e-09,0,1,1,1,1,0,0,-6.20952564729e-11,1.16666666667,3.5,21,2025-12-12,2025-12-12,1,True
2025-12-13,0,0,34.4059405941,0.344059405941,0,0,0.0727172717272,0.000727172717272,0,0,0,0,34.4786578658,0.344786578658,0,96,96,1,96,96,96,96,0,0,0,1,1,1,1,0,0,0,0,1.16666666667,21,2025-12-13,2025-12-13,1,True
2025-12-14,-1.84604192802e-11,-1.84604192802e-13,34.4059405941,0.344059405941,0.543124312431,0.00543124312431,0.075302530253,0.00075302530253,0,0,0,0,35.0243674367,0.350243674367,1.93267624127e-12,96,96,1,96,84,96,96,0,7.56264616148e-10,0,1,0.875,1,1,0,0,-3.15110256728e-11,3.5,1.16666666667,21,2025-12-14,2025-12-14,1,True
2025-12-15,0,0,34.4059405941,0.344059405941,0,0,0.22101210121,0.0022101210121,0,0,0,0,34.6269526953,0.346269526953,0,96,96,1,96,84,96,96,0,0,0,1,0.875,1,1,0,0,0,0,3.5,21,2025-12-15,2025-12-15,1,True
2025-12-16,0,0,34.3991829359,0.343991829359,0,0,0.226633146089,0.00226633146089,0,0,0,0,34.625816082,0.34625816082,0,96,96,1,96,80,96,96,0,0,0,1,0.833333333333,1,1,0,0,0,0,3.5,21,2025-12-16,2025-12-16,1,True
2025-12-17,0,0,34.3951296151,0.343951296151,0.188059701493,0.00188059701493,0,0,0,0,0,0,34.5831893166,0.345831893166,0,96,96,1,96,92,96,96,0,0,0,1,0.958333333333,1,1,0,0,0,1.16666666667,0,21,2025-12-17,2025-12-17,1,True
2025-12-18,0,0,34.3931033128,0.343931033128,1.0002317224,0.010002317224,0.0603735050959,0.000603735050959,0,0,0,0,35.4537085403,0.354537085403,0,96,96,1,96,88,96,96,0,0,0,1,0.916666666667,1,1,0,0,0,5.83333333333,1.16666666667,21,2025-12-18,2025-12-18,1,True
2025-12-19,0,0,34.4012099546,0.344012099546,1.76686374261,0.0176686374261,0,0,0,0,0,0,36.1680736972,0.361680736972,0,96,96,1,96,84,96,96,0,0,0,1,0.875,1,1,0,0,0,10.5,0,21,2025-12-19,2025-12-19,1,True
2025-12-20,0,0,34.4113486325,0.344113486325,0,0,0.463109085193,0.00463109085193,0,0,0,0,34.8744577177,0.348744577177,0,96,96,1,96,88,96,96,0,0,0,1,0.916666666667,1,1,0,0,0,0,10.5,21,2025-12-20,2025-12-20,1,True
2025-12-21,0,0,34.4113486325,0.344113486325,0.578528764539,0.00578528764539,0.257356177303,0.00257356177303,0,0,0,0,35.2472335743,0.352472335743,0,96,96,1,96,96,96,96,0,0,0,1,1,1,1,0,0,0,3.5,5.83333333333,21,2025-12-21,2025-12-21,1,True
2025-12-22,0,0,34.4113486325,0.344113486325,1.16360421251,0.0116360421251,0,0,0,0,0,0,35.574952845,0.35574952845,0,96,96,1,96,80,96,96,0,0,0,1,0.833333333333,1,1,0,0,0,7,0,21,2025-12-22,2025-12-22,1,True
2025-12-23,0,0,34.4214932883,0.344214932883,0.189249425129,0.00189249425129,0.0950924706669,0.000950924706669,0,0,0,0,34.7058351841,0.347058351841,0,96,96,1,96,76,96,96,0,0,0,1,0.791666666667,1,1,0,0,0,1.16666666667,2.33333333333,21,2025-12-23,2025-12-23,1,True
2025-12-24,0,0,34.4032372122,0.344032372122,0.93909012336,0.0093909012336,0.0892119116838,0.000892119116838,0,0,0,0,35.4315392473,0.354315392473,0,96,96,1,96,80,96,96,0,0,0,1,0.833333333333,1,1,0,0,0,5.83333333333,2.33333333333,21,2025-12-24,2025-12-24,1,True
2025-12-25,0,0,34.4154057772,0.344154057772,0,0,0.159064649243,0.00159064649243,0,0,0,0,34.5744704264,0.345744704264,0,96,96,1,96,84,96,96,0,0,0,1,0.875,1,1,0,0,0,0,4.66666666667,21,2025-12-25,2025-12-25,1,True
2025-12-26,0,0,34.4154057772,0.344154057772,0.549931224209,0.00549931224209,0.0393397524072,0.000393397524072,0,0,0,0,35.0046767538,0.350046767538,0,96,96,1,96,84,96,96,0,0,0,1,0.875,1,1,0,0,0,3.5,1.16666666667,21,2025-12-26,2025-12-26,1,True
2025-12-27,0,0,34.4154057772,0.344154057772,1.34784044017,0.0134784044017,0,0,0,0,0,0,35.7632462173,0.357632462173,0,96,96,1,96,92,96,96,0,0,0,1,0.958333333333,1,1,0,0,0,8.16666666667,0,21,2025-12-27,2025-12-27,1,True
2025-12-28,0,0,34.4154057772,0.344154057772,0.182228335626,0.00182228335626,0.0398899587345,0.000398899587345,0,0,0,0,34.6375240715,0.346375240715,0,96,96,1,96,84,96,96,0,0,0,1,0.875,1,1,0,0,0,1.16666666667,1.16666666667,21,2025-12-28,2025-12-28,1,True
2025-12-29,0,0,34.4154057772,0.344154057772,0.554222833563,0.00554222833563,0.0393397524072,0.000393397524072,0,0,0,0,35.0089683631,0.350089683631,0,96,96,1,96,88,96,96,0,0,0,1,0.916666666667,1,1,0,0,0,3.5,1.16666666667,21,2025-12-29,2025-12-29,1,True
2025-12-30,0,0,34.3951296151,0.343951296151,0.362482325216,0.00362482325216,0.0715946582875,0.000715946582875,0,0,0,0,34.8292065986,0.348292065986,0,96,96,1,96,80,96,96,0,0,0,1,0.833333333333,1,1,0,0,0,2.33333333333,2.33333333333,21,2025-12-30,2025-12-30,1,True
2025-12-31,0,0,34.3661087456,0.343661087456,0.562933893217,0.00562933893217,0.034613346938,0.00034613346938,0,0,0,0,34.9636559857,0.349636559857,0,96,96,1,96,80,96,96,0,0,0,1,0.833333333333,1,1,0,0,0,3.5,1.16666666667,21,2025-12-31,2025-12-31,1,True
2026-01-01,10.8504576161,0.108504576161,37.6228302442,0.376228302442,5.16477395312,0.0516477395312,0.89960184368,0.0089960184368,20.8378493158,0.208378493158,1.17140387434,0.0117140387434,76.5469168472,0.765469168472,1.76889728029,96,96,1,96,92,96,96,0,351.490139099,288.3575255,1,0.958333333333,1,1,72.3614,75.5531142857,-2.4975374714,32.0833333333,29.25,23,2026-01-01,2026-01-01,1,True
2026-01-02,12.4919505347,0.124919505347,37.6228302442,0.376228302442,5.15447876827,0.0515447876827,0.744026674512,0.00744026674512,45.9051814989,0.459051814989,-0.878478711823,-0.00878478711823,101.039989009,1.01039989009,2.11460176996,96,96,1,96,88,96,96,0,406.943533253,355.919099666,1,0.916666666667,1,1,88.5061942857,33.9297314286,-4.40003735187,31.9583333333,24.25,23,2026-01-02,2026-01-02,1,True
2026-01-03,12.3088107558,0.123088107558,37.6228302442,0.376228302442,5.40037265863,0.0540037265863,0.91630871825,0.0091630871825,36.5042385205,0.365042385205,5.5791329433,0.055791329433,98.3316938407,0.983316938407,1.07710200769,96,96,1,96,92,96,96,0,211.861340823,177.416746073,1,0.958333333333,1,1,57.4738,165.7786,3.07750855206,33.5416666667,33.5416666667,23,2026-01-03,2026-01-03,1,True
2026-01-04,-3.10192860153,-0.0310192860153,37.6228302442,0.376228302442,5.40037265863,0.0540037265863,0.915690889477,0.00915690889477,38.1681414509,0.381681414509,0.415210052564,0.00415210052564,79.4203166943,0.794203166943,1.21977576263,96,96,1,96,92,96,96,0,237.527788151,202.946212691,1,0.958333333333,1,1,92.4786,35.413,-3.81863231083,33.5416666667,33.5416666667,23,2026-01-04,2026-01-04,1,True
2026-01-05,4.98517262012,0.0498517262012,37.6228302442,0.376228302442,4.40710993429,0.0440710993429,0.757595371188,0.00757595371188,48.4448604486,0.484448604486,1.39608594292,0.0139608594292,97.6136545613,0.976136545613,1.49770664389,96,96,1,96,76,96,96,0,295.047821636,246.311964222,1,0.791666666667,1,1,110.8388,44.0918,-4.81178572558,27.7083333333,27.7083333333,23,2026-01-05,2026-01-05,1,True
2026-01-06,-7.78655450592,-0.0778655450592,37.6819565858,0.376819565858,4.35649739711,0.0435649739711,0.577621058835,0.00577621058835,37.41672988,0.3741672988,-0.857934293854,-0.00857934293854,71.388316122,0.71388316122,1.51120369423,96,96,1,96,80,96,96,0,316.929101605,232.261871929,1,0.833333333333,1,1,96.2211142857,25.91232,-6.45733433173,27.0833333333,27.3333333333,23,2026-01-06,2026-01-06,1,True
2026-01-07,2.27701659107,0.0227701659107,37.6819565858,0.376819565858,4.63996660446,0.0463996660446,0.606531774875,0.00606531774875,34.1276673929,0.341276673929,-1.87522565895,-0.0187522565895,77.4579132902,0.774579132902,1.87148327397,96,96,1,96,92,96,96,0,380.557296514,297.731564569,1,0.958333333333,1,1,100.3122,56.9190457143,-5.25912025959,29.1666666667,28.75,23,2026-01-07,2026-01-07,1,True
2026-01-08,5.94094033439,0.0594094033439,37.6819565858,0.376819565858,3.85519497102,0.0385519497102,0.457522836657,0.00457522836657,37.6120150189,0.376120150189,-0.870296590303,-0.00870296590303,84.6773331565,0.846773331565,1.83420616539,96,96,1,96,68,96,96,0,385.63388888,281.088558428,1,0.708333333333,1,1,79.8804571429,32.5515885714,-6.32809162598,24.4583333333,21.8333333333,23,2026-01-08,2026-01-08,1,True
2026-01-09,28.6745617481,0.286745617481,37.7071415934,0.377071415934,4.209494604,0.04209494604,0.647530026931,0.00647530026931,14.2699006472,0.142699006472,-0.0599093139791,-0.000599093139791,85.4487193057,0.854487193057,1.7757462054,96,96,1,96,92,96,96,0,291.817840187,341.132523294,1,0.958333333333,1,1,58.81328,39.9001428571,1.26673108185,26.5416666667,29.7916666667,23,2026-01-09,2026-01-09,1,True
2026-01-10,1.80615705744,0.0180615705744,37.6952856329,0.376952856329,5.03771100674,0.0503771100674,0.606740424863,0.00606740424863,21.6702693426,0.216702693426,-3.34084044707,-0.0334084044707,63.4753230175,0.634753230175,1.21393254007,96,96,1,96,88,96,96,0,239.826704532,199.065134556,1,0.916666666667,1,1,77.8606,67.2746228571,-2.13948112996,32.0833333333,30.875,23,2026-01-10,2026-01-10,1,True
2026-01-11,6.19231128839,0.0619231128839,37.6952856329,0.376952856329,4.83790555545,0.0483790555545,0.573417572268,0.00573417572268,14.3738676638,0.143738676638,-2.06859100702,-0.0206859100702,61.6041967058,0.616041967058,1.10190285265,96,96,1,96,84,96,96,0,204.440224478,191.912018799,1,0.875,1,1,52.5852,57.9308,-0.299275236662,30.625,29.1666666667,23,2026-01-11,2026-01-11,1,True
2026-01-12,10.0441440132,0.100441440132,37.6952856329,0.376952856329,4.29457228762,0.0429457228762,0.39475897577,0.0039475897577,49.7684035055,0.497684035055,2.52217266636,0.0252217266636,104.719337081,1.04719337081,2.39244277998,96,96,1,96,88,96,96,0,532.132840091,341.979812877,1,0.916666666667,1,1,94.21676,28.7081657143,-10.6525675625,27.4166666667,20.0833333333,23,2026-01-12,2026-01-12,1,True
2026-01-13,11.1853738008,0.111853738008,32.9775424395,0.329775424395,3.69081853191,0.0369081853191,0.437114900975,0.00437114900975,56.32265012,0.5632265012,-0.495029249843,-0.00495029249843,104.118470543,1.04118470543,1.81823799757,96,96,1,96,88,96,96,0,365.28890769,293.019893325,1,0.916666666667,1,1,118.972337143,13.9361942857,-7.38771488426,24.2916666667,24.75,20.125,2026-01-13,2026-01-13,1,True
2026-01-14,41.6266191969,0.416266191969,34.5479016033,0.345479016033,4.20528135806,0.0420528135806,0.401947107828,0.00401947107828,29.5531726102,0.295531726102,-0.057671295033,-0.00057671295033,110.277250581,1.10277250581,2.17749711814,96,96,1,96,88,96,96,0,407.734444853,376.080611403,1,0.916666666667,1,1,69.2704,67.6542,-1.38625139372,27.7083333333,26.25,21.0833333333,2026-01-14,2026-01-14,1,True
2026-01-15,44.1565032141,0.441565032141,36.1175511327,0.361175511327,3.31397921292,0.0331397921292,0.38983633613,0.0038983633613,8.78095801643,0.0878095801643,-1.52571433762,-0.0152571433762,91.2331135746,0.912331135746,2.1297685295,96,96,1,96,88,96,96,0,405.786342727,361.921776485,1,0.916666666667,1,1,33.7312685714,51.9008,-1.0706264506,22.375,27.7083333333,22.0416666667,2026-01-15,2026-01-15,1,True
2026-01-16,4.92303715363,0.0492303715363,37.6923228076,0.376923228076,4.50871470398,0.0450871470398,0.520416183608,0.00520416183608,21.0741373725,0.210741373725,3.56932670692,0.0356932670692,72.2879549282,0.722879549282,1.46361659722,96,96,1,96,92,96,96,0,292.616781308,237.078973299,1,0.958333333333,1,1,64.9598,58.8732,-2.56768366704,30.625,30.625,23,2026-01-16,2026-01-16,1,True
2026-01-17,3.66124593821,0.0366124593821,37.6901009942,0.376901009942,3.87699925335,0.0387699925335,0.561303886509,0.00561303886509,56.6272983647,0.566272983647,0.745021406806,0.00745021406806,103.161969844,1.03161969844,1.35425010496,96,96,1,96,76,96,96,0,214.317164771,267.129586502,1,0.791666666667,1,1,110.8794,28.227,-1.24333242787,27.7083333333,26.25,23,2026-01-17,2026-01-17,1,True
2026-01-18,0.765019584828,0.00765019584828,35.0463708885,0.350463708885,4.73105867096,0.0473105867096,1.03616339844,0.0103616339844,32.6103673176,0.326103673176,27.2563614549,0.272563614549,101.445341315,1.01445341315,1.60165454707,96,96,1,96,96,96,96,0,313.534163368,265.092670114,1,1,1,1,110.576,58.8064,-4.17546221889,33.5416666667,35,23,2026-01-18,2026-01-18,1,True
2026-01-19,17.2129063861,0.172129063861,37.6901009942,0.376901009942,4.1605395528,0.041605395528,0.592283962746,0.00592283962746,71.8262705192,0.718262705192,8.65186016598,0.0865186016598,140.133961581,1.40133961581,2.56493483746,96,96,1,96,92,96,96,0,525.856207518,404.421724123,1,0.958333333333,1,1,134.388,61.4938,-8.09702847478,29.1666666667,27.1666666667,23,2026-01-19,2026-01-19,1,True
2026-01-20,44.631525609,0.44631525609,33.7120245086,0.337120245086,2.81563991281,0.0281563991281,0.429969953457,0.00429969953457,75.5916115409,0.755916115409,3.75781168893,0.0375781168893,160.938583214,1.60938583214,2.81392417308,96,96,1,96,84,96,96,0,568.794981689,450.543613621,1,0.875,1,1,156.08392,51.8674,-9.26949533614,21.375,20.1666666667,20.5833333333,2026-01-20,2026-01-20,1,True
2026-01-21,18.8935906604,0.188935906604,37.6641991792,0.376641991792,3.45148147421,0.0345148147421,0.573563195822,0.00573563195822,44.6045361017,0.446045361017,-0.477199374384,-0.00477199374384,104.710171237,1.04710171237,1.75989084835,96,96,1,96,76,96,96,0,302.464621558,326.869793287,1,0.791666666667,1,1,84.099,27.4104,-1.34514284464,26.25,23.3333333333,23,2026-01-21,2026-01-21,1,True
2026-01-22,60.7561111337,0.607561111337,34.2992680677,0.342992680677,2.7059202135,0.027059202135,0.494083711073,0.00494083711073,36.1224302345,0.361224302345,3.33174626071,0.0333174626071,137.709559621,1.37709559621,2.59497202419,96,96,1,96,88,96,96,0,544.668659715,398.447180829,1,0.916666666667,1,1,71.3456457143,72.1894,-6.0574051917,22.875,23.3333333333,20.9583333333,2026-01-22,2026-01-22,1,True
2026-01-23,40.558085164,0.40558085164,34.5207711638,0.345207711638,2.64163852678,0.0264163852678,0.38266648343,0.0038266648343,9.83045525751,0.0983045525751,0.970018357743,0.00970018357743,88.9036349532,0.889036349532,2.55143953221,96,96,1,96,96,96,96,0,546.949706612,382.098541391,1,1,1,1,30.0585428571,45.2196,-6.2370878366,23.9583333333,23.3333333333,21.0833333333,2026-01-23,2026-01-23,1,True
2026-01-24,-7.85015189182,-0.0785015189182,37.6538484188,0.376538484188,4.04599257994,0.0404599257994,0.563099935222,0.00563099935222,99.4911587267,0.994911587267,-0.56260182502,-0.0056260182502,133.341345944,1.33341345944,1.20857225897,96,96,1,96,96,96,96,0,154.325149157,269.658325926,1,1,1,1,222.6622,10.904,-4.01770930127,35,32.0833333333,23,2026-01-24,2026-01-24,1,True
2026-01-25,-3.91146129002,-0.0391146129002,37.6538484188,0.376538484188,3.34871326777,0.0334871326777,0.56138232927,0.0056138232927,38.1135679391,0.381135679391,-0.655878975954,-0.00655878975954,75.110171689,0.75110171689,1.10783851841,96,96,1,96,80,96,96,0,213.603046419,186.122498809,1,0.833333333333,1,1,90.2604,26.2142,-3.81361448375,29.1666666667,29.1666666667,23,2026-01-25,2026-01-25,1,True
2026-01-26,14.6939951344,0.146939951344,37.6538484188,0.376538484188,2.68411558016,0.0268411558016,0.608721512278,0.00608721512278,27.1306419429,0.271306419429,6.42004782265,0.0642004782265,89.1913704111,0.891913704111,2.07630024498,96,96,1,96,80,96,96,0,443.690756626,312.130784728,1,0.833333333333,1,1,46.8402171429,97.6044171429,-3.36649049574,25.25,27.1666666667,23,2026-01-26,2026-01-26,1,True
2026-01-27,29.1213871051,0.291213871051,37.6412872841,0.376412872841,2.65625,0.0265625,0.917884615385,0.00917884615385,10.0400442277,0.100400442277,0.552923278325,0.00552923278325,80.9297765107,0.809297765107,2.13387581851,96,96,1,96,80,96,96,0,447.226345966,328.207291866,1,0.833333333333,1,1,29.5458,56.2561314286,-3.84619677799,21.875,23.0416666667,23,2026-01-27,2026-01-27,1,True
2026-01-28,25.568164485,0.25568164485,37.6420259424,0.376420259424,3.75810946055,0.0375810946055,2.51186247768,0.0251186247768,22.6952057024,0.226952057024,-1.0478347395,-0.010478347395,91.1275333285,0.911275333285,1.61205017427,96,96,1,96,96,96,96,0,291.638003473,287.06861158,1,1,1,1,64.991,82.7776,0.550717004437,29.1666666667,33.5416666667,23,2026-01-28,2026-01-28,1,True
2026-01-29,7.23153162261,0.0723153162261,37.6412872841,0.376412872841,4.88605769231,0.0488605769231,3.07074175824,0.0307074175824,55.3748842929,0.553748842929,0.438707829356,0.00438707829356,108.64321048,1.0864321048,1.0173661889,96,96,1,96,88,96,96,0,167.558965881,195.129773042,1,0.916666666667,1,1,110.9492,52.9858,-1.26635803497,32.0833333333,30.625,23,2026-01-29,2026-01-29,1,True
2026-01-30,7.78250804865,0.0778250804865,37.643503346,0.37643503346,5.44092077634,0.0544092077634,3.50995937751,0.0350995937751,19.5429326991,0.195429326991,-2.51866916443,-0.0251866916443,71.4011550831,0.714011550831,1.93482413286,96,96,1,96,96,96,96,0,388.549017867,311.945864082,1,1,1,1,55.8986285714,67.427,-2.71144926482,34.7916666667,32.0833333333,23,2026-01-30,2026-01-30,1,True
2026-01-31,-1.06809834614,-0.0106809834614,37.6405486549,0.376405486549,5.58302231118,0.0558302231118,3.36992013501,0.0336992013501,66.7837291997,0.667837291997,-0.382868282765,-0.00382868282765,111.926253672,1.11926253672,1.21515972539,96,96,1,96,96,96,96,0,216.747394027,219.005906743,1,1,1,1,119.088811429,38.789,-3.25172077968,34.3333333333,35,23,2026-01-31,2026-01-31,1,True
2026-02-01,-1.2887755072,-0.012887755072,37.6405486549,0.376405486549,4.61152449913,0.0461152449913,2.75624497164,0.0275624497164,42.2325590687,0.422325590687,0.227561323396,0.00227561323396,86.1796630106,0.861796630106,1.15199010846,96,96,1,96,88,96,96,0,226.668738861,189.686703351,1,0.916666666667,1,1,92.8384457143,65.5354171429,-2.67854433671,28.4166666667,28.4166666667,23,2026-02-01,2026-02-01,1,True
2026-02-02,8.98759372979,0.0898759372979,37.6405486549,0.376405486549,4.52549792979,0.0452549792979,2.84019740586,0.0284019740586,28.1258593943,0.281258593943,-0.303013558693,-0.00303013558693,81.8166835559,0.818166835559,1.91376924512,96,96,1,96,96,96,96,0,391.38046225,302.575950737,1,1,1,1,79.34296,22.1380628571,-6.08372536069,27.75,29.5833333333,23,2026-02-02,2026-02-02,1,True
2026-02-03,8.66479415261,0.0866479415261,37.6420259424,0.376420259424,4.3574834671,0.043574834671,2.73116819404,0.0273116819404,26.7374846439,0.267374846439,-0.935666144357,-0.00935666144357,79.1972902557,0.791972902557,2.11838511403,96,96,1,96,96,96,96,0,429.511155202,338.070908003,1,1,1,1,76.7859371429,26.9467942857,-5.88664125234,27.125,29.7083333333,23,2026-02-03,2026-02-03,1,True
2026-02-04,14.4585042595,0.144585042595,37.6486751717,0.376486751717,4.41477723258,0.0441477723258,2.54857114818,0.0254857114818,15.4673313192,0.154673313192,7.41595427943,0.0741595427943,81.9538134107,0.819538134107,1.45588607889,96,96,1,96,88,96,96,0,286.455936304,239.73316484,1,0.916666666667,1,1,40.4684628571,122.450354286,1.46912999851,28.4166666667,28.4166666667,23,2026-02-04,2026-02-04,1,True
2026-02-05,6.44391875068,0.0644391875068,37.6538484188,0.376538484188,4.56416779538,0.0456416779538,2.40677031192,0.0240677031192,45.3132911607,0.453132911607,2.17800185581,0.0217800185581,98.5599982933,0.985599982933,1.36199139656,96,96,1,96,88,96,96,0,240.837446159,247.246736112,1,0.916666666667,1,1,115.018325714,64.6737942857,-1.83063506152,28.4166666667,27.125,23,2026-02-05,2026-02-05,1,True
2026-02-06,1.01545256278,0.0101545256278,37.6523702032,0.376523702032,4.62635979978,0.0462635979978,2.49752478163,0.0249752478163,20.5524073651,0.205524073651,2.60580148907,0.0260580148907,68.9499162015,0.689499162015,1.0920907666,96,96,1,96,92,96,96,0,221.187877198,174.487042639,1,0.958333333333,1,1,77.5338342857,56.1882971429,-2.83526548759,29.7083333333,29.7083333333,23,2026-02-06,2026-02-06,1,True
2026-02-07,5.06503646377,0.0506503646377,37.6686369617,0.376686369617,4.77734618934,0.0477734618934,2.2923551244,0.022923551244,19.057300473,0.19057300473,-1.83274375279,-0.0183274375279,67.0279314594,0.670279314594,1.27642871752,96,96,1,96,96,96,96,0,233.461769177,225.151149811,1,1,1,1,66.8531828571,46.87944,-1.17851509264,30.875,28.4166666667,23,2026-02-07,2026-02-07,1,True
2026-02-08,27.0381064067,0.270381064067,37.6686369617,0.376686369617,4.49305225537,0.0449305225537,2.25101820395,0.0225101820395,3.6440793625,0.036440793625,5.4991405888,0.054991405888,80.5940337791,0.805940337791,1.38643438171,96,96,1,96,96,96,96,0,269.846323275,230.789139201,1,1,1,1,19.3198628571,113.344468571,2.29030923504,28.9583333333,27.9166666667,23,2026-02-08,2026-02-08,1,True
2026-02-09,7.08802379763,0.0708802379763,37.6686369617,0.376686369617,3.87391944701,0.0387391944701,1.97792942285,0.0197792942285,23.9542850566,0.239542850566,4.27027170537,0.0427027170537,78.8330663912,0.788330663912,2.04485968747,96,96,1,96,80,96,96,0,406.308731773,333.357817919,1,0.833333333333,1,1,78.1366514286,72.7318457143,-3.26482164868,24.5416666667,24.5416666667,23,2026-02-09,2026-02-09,1,True
2026-02-10,-6.04417215074,-0.0604417215074,37.6605018259,0.376605018259,4.49918129344,0.0449918129344,2.38625868771,0.0238625868771,45.4265532361,0.454265532361,-0.419904841108,-0.00419904841108,83.5084180513,0.835084180513,1.92977680177,96,96,1,96,96,96,96,0,378.784535682,318.538845747,1,1,1,1,161.788468571,43.8619885714,-7.42384041395,27.125,29.7083333333,23,2026-02-10,2026-02-10,1,True
2026-02-11,7.38711319685,0.0738711319685,37.6782557454,0.376782557454,4.78128265567,0.0478128265567,2.22918680024,0.0222918680024,21.8151438167,0.218151438167,7.93742170369,0.0793742170369,81.8284039185,0.818284039185,1.8602520708,96,96,1,96,92,96,96,0,356.722886717,314.185234532,1,0.958333333333,1,1,78.8508914286,52.6629771429,-2.86356526959,28.4166666667,28.4166666667,23,2026-02-11,2026-02-11,1,True
2026-02-12,14.1631789042,0.141631789042,37.6752955965,0.376752955965,4.87528184782,0.0487528184782,2.31632360451,0.0231632360451,21.036188316,0.21036188316,14.5578180151,0.145578180151,94.6240862841,0.946240862841,1.60545220114,96,96,1,96,92,96,96,0,325.056724096,256.597757744,1,0.958333333333,1,1,50.5995828571,139.379897143,0.846722830547,29.2916666667,29.7083333333,23,2026-02-12,2026-02-12,1,True
2026-02-13,20.4611485547,0.204611485547,37.6605018259,0.376605018259,4.2685946519,0.042685946519,2.24998625672,0.0224998625672,4.56522075353,0.0456522075353,-1.21791313821,-0.0121791313821,67.9875389046,0.679875389046,1.98123998754,96,96,1,96,92,96,96,0,378.987422634,335.411729356,1,0.958333333333,1,1,24.5506742857,70.5816857143,0.102304922953,25.375,29.7083333333,23,2026-02-13,2026-02-13,1,True
2026-02-14,26.2428142147,0.262428142147,37.6538484188,0.376538484188,4.05611173272,0.0405611173272,1.50262646487,0.0150262646487,5.62280200963,0.0562280200963,0.0466134948023,0.000466134948023,75.1248163355,0.751248163355,1.688917834,96,96,1,96,84,96,96,0,375.973564331,241.145561773,1,0.875,1,1,31.2338285714,62.4014057143,-4.31918439229,24.5416666667,21.9583333333,23,2026-02-14,2026-02-14,1,True
2026-02-15,25.5592262314,0.255592262314,37.6538484188,0.376538484188,2.89933062442,0.0289933062442,1.40447166441,0.0140447166441,10.8757664334,0.108757664334,2.38040590765,0.0238040590765,80.7730492801,0.807730492801,3.27847857688,96,96,1,96,68,96,96,0,593.400796433,583.577670563,1,0.708333333333,1,1,69.1114114286,40.5276285714,-1.60028786365,17.6666666667,19.375,23,2026-02-15,2026-02-15,1,True
2026-02-16,35.8252409241,0.358252409241,37.6538484188,0.376538484188,3.66020650531,0.0366020650531,1.90434799678,0.0190434799678,18.5337126673,0.185337126673,12.3321849385,0.123321849385,109.909541451,1.09909541451,2.51743720499,96,96,1,96,88,96,96,0,529.961996132,385.215368767,1,0.916666666667,1,1,59.7350514286,134.495222857,-2.91610233067,21.9583333333,26.375,23,2026-02-16,2026-02-16,1,True
2026-02-17,-2.52762966778,-0.0252762966778,37.646458501,0.37646458501,4.30536965439,0.0430536965439,1.63283418052,0.0163283418052,31.8331799529,0.318331799529,3.28204018967,0.0328204018967,76.1722528106,0.761722528106,1.83258683569,96,96,1,96,88,96,96,0,365.007637796,298.01029535,1,0.916666666667,1,1,116.51784,24.1511257143,-6.64016903052,25.8333333333,24.5416666667,23,2026-02-17,2026-02-17,1,True
2026-02-18,39.6350860235,0.396350860235,37.6375944275,0.376375944275,3.85491219464,0.0385491219464,1.28136171883,0.0128136171883,31.5208539308,0.315208539308,7.60389935465,0.0760389935465,121.53370765,1.2153370765,3.07967068826,96,96,1,96,92,96,96,0,558.666291299,547.131782996,1,0.958333333333,1,1,112.690314286,75.8288342857,-2.01649951265,23.25,20.6666666667,23,2026-02-18,2026-02-18,1,True
2026-02-19,24.9906348349,0.249906348349,37.6553267506,0.376553267506,3.9119844526,0.039119844526,1.52842700379,0.0152842700379,13.5032593296,0.135032593296,1.11553995724,0.0111553995724,82.7051723287,0.827051723287,2.16335673697,96,96,1,96,84,96,96,0,423.265448537,358.251875641,1,0.875,1,1,38.9290914286,77.8528685714,-1.08707482302,23.25,25.8333333333,23,2026-02-19,2026-02-19,1,True
2026-02-20,20.2443133357,0.202443133357,37.6442420912,0.376442420912,3.68336407881,0.0368336407881,1.1465911767,0.011465911767,6.11533252509,0.0611533252509,4.64813787742,0.0464813787742,73.4819810849,0.734819810849,2.17786010408,96,96,1,96,80,96,96,0,465.619422156,327.206987557,1,0.833333333333,1,1,29.2161714286,114.892377143,-2.19734287018,21.9583333333,20.6666666667,23,2026-02-20,2026-02-20,1,True
2026-02-21,8.84518599873,0.0884518599873,37.6309491113,0.376309491113,4.96994938596,0.0496994938596,1.11873896496,0.0111873896496,26.0003167742,0.260003167742,0.0502095372408,0.000502095372408,78.6153497724,0.786153497724,2.33259950605,96,96,1,96,92,96,96,0,416.861805912,419.725123879,1,0.958333333333,1,1,111.331097143,50.8808742857,-2.39945437041,29.7083333333,21.5833333333,23,2026-02-21,2026-02-21,1,True
2026-02-22,18.3954074449,0.183954074449,37.6309491113,0.376309491113,4.71397771413,0.0471397771413,1.38218895908,0.0138218895908,8.31245256971,0.0831245256971,7.34465856165,0.0734465856165,77.7796343608,0.777796343608,2.23060989177,96,96,1,96,88,96,96,0,436.423674478,369.388998078,1,0.916666666667,1,1,41.9922457143,109.61964,0.0246965785809,28.4166666667,26.6666666667,23,2026-02-22,2026-02-22,1,True
2026-02-23,42.0667127646,0.420667127646,37.6309491113,0.376309491113,4.05618158277,0.0405618158277,1.26173539451,0.0126173539451,1.3847993917,0.013847993917,18.2461351224,0.182461351224,104.646513367,1.04646513367,2.33060177404,96,96,1,96,92,96,96,0,455.987303617,385.947653781,1,0.958333333333,1,1,9.45305142857,151.342885714,2.99375768543,24.25,24.5416666667,23,2026-02-23,2026-02-23,1,True
2026-02-24,-5.26200587783,-0.0526200587783,37.6353790614,0.376353790614,5.06067336368,0.0506067336368,1.32848453932,0.0132848453932,13.2996435659,0.132996435659,-2.17957772071,-0.0217957772071,49.8825969317,0.498825969317,1.76836369112,96,96,1,96,96,96,96,0,418.771013962,231.234268283,1,1,1,1,73.1782457143,58.5696285714,-8.42272345088,31,28.4166666667,23,2026-02-24,2026-02-24,1,True
2026-02-25,46.9034865198,0.469034865198,37.6457196687,0.376457196687,3.55816618911,0.0355816618911,0.972174902854,0.00972174902854,9.60130107581,0.0960130107581,8.88457511486,0.0888457511486,107.565423471,1.07565423471,3.14974031305,96,96,1,96,92,96,96,0,543.466725985,583.203754807,1,0.958333333333,1,1,47.5507485714,95.73544,3.66340501046,21.5833333333,23.875,23,2026-02-25,2026-02-25,1,True
2026-02-26,18.8333202248,0.188333202248,37.646458501,0.37646458501,4.43149176692,0.0443149176692,0.978009145683,0.00978009145683,10.8100911979,0.108100911979,5.02001344331,0.0502001344331,77.7193842795,0.777193842795,2.08260132429,96,96,1,96,84,96,96,0,407.465476491,344.878779302,1,0.875,1,1,50.4770342857,74.2171885714,-1.6186059543,27.125,27.125,23,2026-02-26,2026-02-26,1,True
2026-02-27,27.2733199856,0.272733199856,37.6449808655,0.376449808655,3.41873025218,0.0341873025218,0.862317731332,0.00862317731332,10.3199925687,0.103199925687,31.6285280368,0.316285280368,111.14786944,1.1114786944,2.47261372237,96,96,1,96,84,96,96,0,483.772250029,409.464832425,1,0.875,1,1,50.80404,107.323948571,-0.741146209711,21.9583333333,27.125,23,2026-02-27,2026-02-27,1,True
2026-02-28,9.8334315036,0.098334315036,37.646458501,0.37646458501,4.59539575687,0.0459539575687,1.00974427413,0.0100974427413,21.9096810466,0.219096810466,19.4850895464,0.194850895464,94.4798006286,0.944798006286,1.78919378475,96,96,1,96,92,96,96,0,350.059653537,296.290490754,1,0.958333333333,1,1,100.584371429,43.3492228571,-4.62517963978,29.7083333333,27.4583333333,23,2026-02-28,2026-02-28,1,True
2026-03-01,10.7981520717,0.107981520717,37.578258395,0.37578258395,3.40092830648,0.0340092830648,0.762314289639,0.00762314289639,23.9703984446,0.239703984446,6.53736851411,0.0653736851411,83.0474200216,0.830474200216,1.98963014421,96,96,1,96,84,96,96,0,389.275462998,329.482751881,1,0.875,1,1,101.684142857,20.1108971429,-5.89024820128,21.875,21.1666666667,22.9583333333,2026-03-01,2026-03-01,1,True
2026-03-02,35.8335956867,0.358335956867,37.578258395,0.37578258395,2.88545326085,0.0288545326085,0.630867662356,0.00630867662356,16.6730542772,0.166730542772,10.1053090256,0.101053090256,103.706538308,1.03706538308,2.53315062282,96,96,1,96,84,96,96,0,495.930854775,419.223610796,1,0.875,1,1,51.5911428571,48.2818571429,-3.33402207056,18.75,17.75,22.9583333333,2026-03-02,2026-03-02,1,True
2026-03-03,45.9619232336,0.459619232336,37.6324256455,0.376324256455,2.54188574119,0.0254188574119,0.773512909048,0.00773512909048,5.21408511861,0.0521408511861,15.6240270204,0.156240270204,107.747859668,1.07747859668,2.50131424578,96,96,1,96,88,96,96,0,489.073141255,414.483771444,1,0.916666666667,1,1,21.986,120.045714286,0.977931019775,16.6666666667,21.875,23,2026-03-03,2026-03-03,1,True
2026-03-04,62.3538128939,0.623538128939,36.058041231,0.36058041231,2.49968615759,0.0249968615759,1.15072477982,0.0115072477982,3.24433295555,0.0324433295555,4.74437208521,0.0474437208521,110.050970103,1.10050970103,2.45030413664,96,96,1,96,80,96,96,0,479.407331081,405.770365027,1,0.833333333333,1,1,16.753,60.1308057143,-1.26079834749,15.8333333333,19.4583333333,22.0416666667,2026-03-04,2026-03-04,1,True
2026-03-05,49.2408334414,0.492408334414,37.6420259424,0.376420259424,2.65473223572,0.0265473223572,1.80310641889,0.0180310641889,3.86707123522,0.0386707123522,19.1563235279,0.191563235279,114.364092801,1.14364092801,2.53670538444,96,96,1,96,80,96,96,0,496.311923043,420.078411664,1,0.833333333333,1,1,15.3678571429,120.28472,1.19513964491,16.6666666667,20.4583333333,23,2026-03-05,2026-03-05,1,True
2026-03-06,32.63731882,0.3263731882,37.6582837623,0.376582837623,2.14961619255,0.0214961619255,2.02244930012,0.0202244930012,4.34880335984,0.0434880335984,1.92860486427,0.0192860486427,80.7450762991,0.807450762991,2.00094232032,96,96,1,96,68,96,96,0,391.488714846,331.356048245,1,0.708333333333,1,1,20.4201428571,46.0452857143,-1.4378134893,13.5416666667,17.7083333333,23,2026-03-06,2026-03-06,1,True
2026-03-07,27.2318034713,0.272318034713,37.6553267506,0.376553267506,3.53661490744,0.0353661490744,3.16164778862,0.0316164778862,11.0997936403,0.110997936403,9.09820577351,0.0909820577351,91.7833923318,0.917833923318,1.85133123467,96,96,1,96,96,96,96,0,362.216980696,306.580452461,1,1,1,1,49.398,79.6514285714,-1.05762915265,22.4583333333,25,23,2026-03-07,2026-03-07,1,True
2026-03-08,22.300212379,0.22300212379,37.5871105789,0.375871105789,3.65354037023,0.0365354037023,2.8650301329,0.028650301329,16.1691743871,0.161691743871,17.0224219581,0.170224219581,99.5974898062,0.995974898062,1.56020388876,96,96,1,96,88,96,96,0,305.257282583,258.369763978,1,0.916666666667,1,1,46.4658571429,72.314,-0.876640656148,22.9166666667,22.9166666667,22.9583333333,2026-03-08,2026-03-08,1,True
2026-03-09,54.0310147131,0.540310147131,36.0863548026,0.360863548026,2.49548497281,0.0249548497281,2.73694077462,0.0273694077462,3.41653465109,0.0341653465109,33.4946463232,0.334946463232,132.260976237,1.32260976237,2.49689314899,96,96,1,96,84,96,96,0,488.522572629,413.485505473,1,0.875,1,1,15.063,114.746857143,1.02694958279,15.625,21.875,22.0416666667,2026-03-09,2026-03-09,1,True
2026-03-10,26.9399916812,0.269399916812,36.0594558544,0.360594558544,3.54236057985,0.0354236057985,3.03561270327,0.0303561270327,29.8155183489,0.298155183489,5.80665066487,0.0580665066487,105.199589833,1.05199589833,2.05175222711,96,96,1,96,92,96,96,0,401.429783565,339.770168809,1,0.958333333333,1,1,79.5041142857,51.0454285714,-3.75492918624,22.5,23.9583333333,22.0416666667,2026-03-10,2026-03-10,1,True
2026-03-11,40.4678859007,0.404678859007,37.6449808655,0.376449808655,3.05856736336,0.0305856736336,3.10494554018,0.0310494554018,8.50421856247,0.0850421856247,6.89627158044,0.0689627158044,99.6768698126,0.996768698126,2.02645444374,96,96,1,96,92,96,96,0,396.480217254,335.580855883,1,0.958333333333,1,1,37.2948742857,84.5492857143,-0.568539580899,19.75,23.9583333333,23,2026-03-11,2026-03-11,1,True
2026-03-12,37.102343963,0.37102343963,37.6582837623,0.376582837623,2.84806722029,0.0284806722029,2.46170170996,0.0246170170996,19.2528563243,0.192528563243,3.17803055506,0.0317803055506,102.501283535,1.02501283535,2.40764225392,96,96,1,96,88,96,96,0,471.060440985,398.705557249,1,0.916666666667,1,1,62.8502628571,59.18604,-3.16746277468,17.9583333333,20.375,23,2026-03-12,2026-03-12,1,True
2026-03-13,39.6034514491,0.396034514491,37.5893242766,0.375893242766,2.82995995131,0.0282995995131,2.62721347521,0.0262721347521,4.36510048706,0.0436510048706,8.45835914919,0.0845835914919,95.4734087885,0.954734087885,2.56361595774,96,96,1,96,88,96,96,0,501.577035209,424.534802601,1,0.916666666667,1,1,23.5255714286,78.6482857143,-0.913313263435,18.75,22.9166666667,22.9583333333,2026-03-13,2026-03-13,1,True
2026-03-14,23.8065042398,0.238065042398,37.6508921036,0.376508921036,2.9355506703,0.029355506703,2.09291027931,0.0209291027931,18.938952943,0.18938952943,0.0250112650962,0.000250112650962,85.4498215011,0.854498215011,1.58447873195,96,96,1,96,80,96,96,0,310.006708425,262.389678011,1,0.833333333333,1,1,51.6692857143,35.6971428571,-2.6495488863,18.75,18.75,23,2026-03-14,2026-03-14,1,True
2026-03-15,24.8185547127,0.248185547127,37.6508921036,0.376508921036,3.36010559994,0.0336010559994,2.33031385558,0.0233031385558,16.2585963549,0.162585963549,2.4002998508,0.024002998508,86.8187624775,0.868187624775,1.79800257168,96,96,1,96,84,96,96,0,351.78311185,297.749225869,1,0.875,1,1,67.1482857143,82.0691428571,-1.62970953488,21.625,20.8333333333,23,2026-03-15,2026-03-15,1,True
2026-03-16,40.4447054467,0.404447054467,37.6508921036,0.376508921036,2.71056195654,0.0271056195654,2.34174730602,0.0234174730602,5.02262379607,0.0502262379607,5.47049274243,0.0547049274243,93.6410233514,0.936410233514,2.45023455273,96,96,1,96,80,96,96,0,479.393716839,405.758841932,1,0.833333333333,1,1,21.4692857143,81.5224285714,-0.565905502053,17.7083333333,20.8333333333,23,2026-03-16,2026-03-16,1,True
2026-03-17,24.2035538052,0.242035538052,37.64941412,0.3764941412,2.92890930146,0.0292890930146,2.42212801036,0.0242212801036,8.83299309564,0.0883299309564,4.25234817364,0.0425234817364,80.2893465063,0.802893465063,2.52983363092,96,96,1,96,80,96,96,0,504.567735242,410.814767452,1,0.833333333333,1,1,28.1638571429,90.6062857143,-1.30460580079,18.75,20.8333333333,23,2026-03-17,2026-03-17,1,True
2026-03-18,30.6166460205,0.306166460205,37.6582837623,0.376582837623,3.02368612207,0.0302368612207,2.45651491058,0.0245651491058,29.6029399263,0.296029399263,6.4738915301,0.064738915301,109.831962272,1.09831962272,2.34798417436,96,96,1,96,88,96,96,0,449.787922313,396.951861103,1,0.916666666667,1,1,66.8727142857,78.4462857143,-1.71927040756,18.75,21.875,23,2026-03-18,2026-03-18,1,True
2026-03-19,16.6551090712,0.166551090712,37.65606596,0.3765606596,2.56625441696,0.0256625441696,1.61233804476,0.0161233804476,38.1614443113,0.381614443113,0.0758655657636,0.000758655657636,96.7270773699,0.967270773699,1.94438179187,96,96,1,96,68,96,96,0,380.422524497,321.989624734,1,0.708333333333,1,1,111.657142857,17.0725714286,-6.37572796631,16.6666666667,15.625,23,2026-03-19,2026-03-19,1,True
2026-03-20,14.6613428716,0.146613428716,37.6420259424,0.376420259424,2.78905590769,0.0278905590769,1.9877058027,0.019877058027,42.7116982139,0.427116982139,0.297069855918,0.00297069855918,100.088898594,1.00088898594,2.26368218188,96,96,1,96,80,96,96,0,443.206496427,374.601560062,1,0.833333333333,1,1,95.8385714286,34.0379714286,-5.43356401523,18.75,19.1666666667,23,2026-03-20,2026-03-20,1,True
2026-03-21,31.8008853427,0.318008853427,37.6479362525,0.376479362525,2.71604090204,0.0271604090204,1.7709171557,0.017709171557,4.1547207196,0.041547207196,0.663839878286,0.00663839878286,78.7543402508,0.787543402508,1.89799288642,96,96,1,96,84,96,96,0,371.034277805,314.571831248,1,0.875,1,1,16.3232857143,55.7814285714,-0.708512654142,17.7083333333,17.7083333333,23,2026-03-21,2026-03-21,1,True
2026-03-22,35.3948164649,0.353948164649,37.6479362525,0.376479362525,3.25566720967,0.0325566720967,2.63316716061,0.0263316716061,1.8180276065,0.018180276065,5.97165539381,0.0597165539381,86.721270088,0.86721270088,1.6624079558,96,96,1,96,96,96,96,0,325.253730483,275.294757481,1,1,1,1,11.9712857143,88.7091428571,1.1157868392,22.4583333333,23.9583333333,23,2026-03-22,2026-03-22,1,True
2026-03-23,28.3225628956,0.283225628956,37.6479362525,0.376479362525,2.8797079547,0.028797079547,2.13652332633,0.0213652332633,21.1512944711,0.211512944711,1.22248597756,0.0122248597756,93.3605108778,0.933605108778,2.57040084593,96,96,1,96,88,96,96,0,503.053078011,425.532634942,1,0.916666666667,1,1,49.5775714286,53.4751428571,-3.06761965165,18.375,20,23,2026-03-23,2026-03-23,1,True
2026-03-24,33.7780963698,0.337780963698,37.6198787974,0.376198787974,2.38887210967,0.0238887210967,1.77655965012,0.0177655965012,11.0896284545,0.110896284545,1.25082639729,0.0125082639729,87.9038617788,0.879038617788,2.19103151972,96,96,1,96,72,96,96,0,428.531515267,362.960564808,1,0.75,1,1,27.2234857143,55.7791428571,-1.54230388819,15.6666666667,17.7083333333,23,2026-03-24,2026-03-24,1,True
2026-03-25,38.8416613551,0.388416613551,36.0714846356,0.360714846356,2.6023311487,0.026023311487,2.09077351752,0.0209077351752,23.7658266984,0.237658266984,3.74423703981,0.0374423703981,107.116314395,1.07116314395,2.60816916124,96,96,1,96,92,96,96,0,510.293966329,431.912813101,1,0.958333333333,1,1,48.2324285714,98.1602857143,-1.18555400355,17.7083333333,21.875,22.0416666667,2026-03-25,2026-03-25,1,True
2026-03-26,33.5768309497,0.335768309497,36.0785641388,0.360785641388,2.84458902496,0.0284458902496,1.72947087455,0.0172947087455,16.5212796071,0.165212796071,-0.4414043675,-0.004414043675,90.3093302277,0.903093302277,2.54258282924,96,96,1,96,80,96,96,0,497.461857896,421.051716523,1,0.833333333333,1,1,31.628,48.2748571429,-2.49013684291,18.75,18.75,22.0416666667,2026-03-26,2026-03-26,1,True
2026-03-27,2.07096790736,0.0207096790736,37.646458501,0.37646458501,2.87681785175,0.0287681785175,1.62277000373,0.0162277000373,16.1771067147,0.161771067147,-0.0574158482467,-0.000574158482467,60.3367051303,0.603367051303,1.45922994069,96,96,1,96,76,96,96,0,285.965224421,241.255990407,1,0.791666666667,1,1,60.6267142857,20.4085714286,-3.53864070296,19.7916666667,17.7083333333,23,2026-03-27,2026-03-27,1,True
2026-03-28,24.8020051341,0.248020051341,37.6184032476,0.376184032476,3.08437371301,0.0308437371301,1.94705928497,0.0194705928497,8.29474731666,0.0829474731666,1.80398845348,0.0180398845348,77.5505771499,0.775505771499,1.33332490066,96,96,1,96,84,96,96,0,260.40420106,221.19109132,1,0.875,1,1,37.4639542857,53.8932857143,-0.949324096309,21.1666666667,21.875,23,2026-03-28,2026-03-28,1,True
2026-03-29,22.0934499041,0.220934499041,36.050969779,0.36050969779,3.02941695593,0.0302941695593,1.53634759075,0.0153634759075,8.83246063856,0.0883246063856,3.78102147192,0.0378102147192,75.3236663402,0.753236663402,1.84068422116,92,92,1,92,88,92,92,0,368.811797929,297.472308282,1,0.95652173913,1,1,49.0864914286,74.1277657143,-2.0129658853,23.347826087,18.5652173913,23,2026-03-29,2026-03-29,1,True
2026-03-30,35.3578800197,0.353578800197,37.6184032476,0.376184032476,2.47764507462,0.0247764507462,1.74561981526,0.0174561981526,8.00370863801,0.0800370863801,2.51630864878,0.0251630864878,87.719565444,0.87719565444,2.44702941577,96,96,1,96,80,96,96,0,470.088696253,412.573069995,1,0.833333333333,1,1,33.8893485714,68.5111428571,-0.953909665546,17.125,18.375,23,2026-03-30,2026-03-30,1,True
2026-03-31,28.8966390538,0.288966390538,37.1119261017,0.371119261017,3.32468767773,0.0332468767773,2.19969601287,0.0219969601287,4.73138895538,0.0473138895538,1.03541153253,0.0103541153253,77.2997493341,0.772997493341,2.24873040162,96,96,1,96,92,96,96,0,439.968991622,372.389754508,1,0.958333333333,1,1,18.953,84.4604114286,-0.0863260701875,20.8333333333,22.4583333333,22.9583333333,2026-03-31,2026-03-31,1,True
2026-04-01,27.0385956606,0.270385956606,34.1021416804,0.341021416804,2.71789440653,0.0271789440653,2.50911979289,0.0250911979289,4.343190136,0.04343190136,10.9243387322,0.109243387322,81.6352804086,0.816352804086,2.0614012399,96,96,1,96,80,96,96,0,406.769348179,338.446514356,1,0.833333333333,1,1,13.1348571429,71.8672857143,-0.399600218821,16.6666666667,20.8333333333,23,2026-04-01,2026-04-01,1,True
2026-04-02,11.6946274859,0.116946274859,34.1041482789,0.341041482789,3.01778954594,0.0301778954594,2.85422182995,0.0285422182995,20.5533149939,0.205533149939,3.36194017829,0.0336194017829,75.5860423129,0.755860423129,1.98254304355,96,96,1,96,80,96,96,0,384.440969363,331.227419554,1,0.833333333333,1,1,52.7996457143,45.3415714286,-2.52798433726,18.2916666667,20.8333333333,23,2026-04-02,2026-04-02,1,True
2026-04-03,23.0758421701,0.230758421701,34.1034793865,0.341034793865,3.25277527164,0.0325277527164,3.71729494371,0.0371729494371,3.14688206083,0.0314688206083,9.58068620089,0.0958068620089,76.8769600337,0.768769600337,2.09511220709,96,96,1,96,88,96,96,0,409.909430607,346.953820923,1,0.916666666667,1,1,16.2581942857,67.2701428571,-0.497652546362,19.7083333333,22.9166666667,23,2026-04-03,2026-04-03,1,True
2026-04-04,25.1435167046,0.251435167046,34.1088312605,0.341088312605,3.19073914238,0.0319073914238,3.59445839382,0.0359445839382,7.41136354447,0.0741136354447,2.68761367365,0.0268761367365,76.1365227195,0.761365227195,1.91772540812,96,96,1,96,80,96,96,0,375.207145067,317.575327585,1,0.833333333333,1,1,24.6522857143,56.3598971429,-1.08017525224,18.75,20.7083333333,23,2026-04-04,2026-04-04,1,True
2026-04-05,40.502650023,0.40502650023,34.1088312605,0.341088312605,2.81364706344,0.0281364706344,2.45115540037,0.0245115540037,1.11041379202,0.0111041379202,19.5778921936,0.195778921936,100.564589733,1.00564589733,2.94149445584,96,96,1,96,72,96,96,0,575.509784838,487.111481887,1,0.75,1,1,7.97755428571,71.5727142857,-1.03346428963,16.5416666667,15.625,23,2026-04-05,2026-04-05,1,True
2026-04-06,44.39730683,0.4439730683,34.1088312605,0.341088312605,2.10541802346,0.0210541802346,2.67664482718,0.0267664482718,7.59369381436,0.0759369381436,27.3588166543,0.273588166543,118.24071141,1.1824071141,2.69512565787,96,96,1,96,56,96,96,0,527.307193931,446.312808943,1,0.583333333333,1,1,16.6921428571,90.0761428571,-0.31709937449,12.5,14.5833333333,23,2026-04-06,2026-04-06,1,True
2026-04-07,35.1548199189,0.351548199189,34.120209572,0.34120209572,3.01087105826,0.0301087105826,3.95542669885,0.0395542669885,17.5335376296,0.175335376296,5.41714740995,0.0541714740995,99.1920122876,0.991920122876,2.201412456,96,96,1,96,72,96,96,0,430.711132697,364.553902714,1,0.75,1,1,48.7117142857,98.7421428571,-0.671950058782,17.2916666667,18.75,23,2026-04-07,2026-04-07,1,True
2026-04-08,30.9402965477,0.309402965477,34.057061005,0.34057061005,3.07738947864,0.0307738947864,3.94026058121,0.0394026058121,21.3690801504,0.213690801504,26.5912940814,0.265912940814,119.975381844,1.19975381844,2.25708816679,96,96,1,96,76,96,96,0,441.604206547,373.773800421,1,0.791666666667,1,1,44.1973028571,107.961571429,-0.16942239809,17.25,19.7916666667,22.9583333333,2026-04-08,2026-04-08,1,True
2026-04-09,39.5595181548,0.395595181548,34.128245893,0.34128245893,3.6802645783,0.036802645783,4.24129423541,0.0424129423541,6.03354922906,0.0603354922906,14.7120530046,0.147120530046,102.354925095,1.02354925095,2.28798392809,96,96,1,96,92,96,96,0,447.649029409,378.890138492,1,0.958333333333,1,1,25.5622857143,84.2570571429,-0.419338312027,20.75,23.6666666667,23,2026-04-09,2026-04-09,1,True
2026-04-10,36.7197434694,0.367197434694,34.1362860004,0.341362860004,3.85711761588,0.0385711761588,3.80749749691,0.0380749749691,4.42607857471,0.0442607857471,6.85834198632,0.0685834198632,89.8050651435,0.898050651435,1.53712894907,96,96,1,96,92,96,96,0,300.74262047,254.548553966,1,0.958333333333,1,1,22.6588571429,63.4177142857,-0.226467056725,21.875,21.875,23,2026-04-10,2026-04-10,1,True
2026-04-11,18.8518045077,0.188518045077,34.1362860004,0.341362860004,3.85112982704,0.0385112982704,4.03547519485,0.0403547519485,21.8453467256,0.218453467256,0.173188236898,0.00173188236898,82.8932304925,0.828932304925,1.59497275671,96,96,1,96,88,96,96,0,312.059887182,264.127488511,1,0.916666666667,1,1,76.5787142857,18.5862857143,-4.41353446844,21.875,22.9166666667,23,2026-04-11,2026-04-11,1,True
2026-04-12,22.3585540822,0.223585540822,34.1362860004,0.341362860004,4.14225219389,0.0414225219389,4.01147495926,0.0401147495926,10.9901358902,0.109901358902,20.8813990352,0.208813990352,96.5201021611,0.965201021611,1.61247499837,96,96,1,96,92,96,96,0,315.484238812,267.02585973,1,0.958333333333,1,1,44.2635428571,58.3067142857,-1.43396698554,23.2083333333,22.9166666667,23,2026-04-12,2026-04-12,1,True
2026-04-13,27.6170245423,0.276170245423,34.0744449025,0.340744449025,3.11875453992,0.0311875453992,3.68808528182,0.0368808528182,6.59656425768,0.0659656425768,4.94195286093,0.0494195286093,80.0368263852,0.800368263852,2.28752127261,96,96,1,96,80,96,96,0,447.558509858,378.813522744,1,0.833333333333,1,1,40.3534057143,29.9011428571,-3.29988541548,17.75,20.8333333333,22.9583333333,2026-04-13,2026-04-13,1,True
2026-04-14,30.2777539222,0.302777539222,34.0744449025,0.340744449025,3.31222883169,0.0331222883169,4.3417358698,0.043417358698,1.30267431337,0.0130267431337,20.2432173843,0.202432173843,93.5520552239,0.935520552239,1.98570897588,96,96,1,96,92,96,96,0,388.50827789,328.833406406,1,0.958333333333,1,1,6.89442857143,118.992857143,2.18431487865,18.75,23.9583333333,22.9583333333,2026-04-14,2026-04-14,1,True
2026-04-15,32.4815768376,0.324815768376,34.1476826394,0.341476826394,3.31186174391,0.0331186174391,3.72054202671,0.0372054202671,16.8854864928,0.168854864928,11.6631895379,0.116631895379,102.210339278,1.02210339278,2.33803126014,96,96,1,96,88,96,96,0,458.959898724,385.89229508,1,0.916666666667,1,1,47.7112857143,100.153857143,-0.85937634231,18.75,20.8333333333,23,2026-04-15,2026-04-15,1,True
2026-04-16,40.596968991,0.40596968991,34.1517067997,0.341517067997,3.30827473779,0.0330827473779,3.8793475272,0.038793475272,2.92662624122,0.0292662624122,36.1450939082,0.361450939082,121.008018205,1.21008018205,2.20197258923,96,96,1,96,88,96,96,0,429.301723981,365.932342377,1,0.916666666667,1,1,16.0691428571,138.299828571,2.45255433795,18.75,21.8333333333,23,2026-04-16,2026-04-16,1,True
2026-04-17,30.2919802622,0.302919802622,34.1490239208,0.341490239208,3.63010133941,0.0363010133941,4.23705762206,0.0423705762206,4.36814428195,0.0436814428195,8.28040908284,0.0828040908284,84.9567165093,0.849567165093,2.19020942431,96,96,1,96,92,96,96,0,428.519235191,362.698680666,1,0.958333333333,1,1,22.1815714286,101.588714286,0.566107847159,20.8333333333,23.9583333333,23,2026-04-17,2026-04-17,1,True
2026-04-18,21.3556411324,0.213556411324,34.1028105203,0.341028105203,3.47971051444,0.0347971051444,3.43911193049,0.0343911193049,16.0699928139,0.160699928139,12.8712181735,0.128712181735,91.3184850851,0.913184850851,1.70948509913,96,96,1,96,76,96,96,0,334.464475917,283.090732416,1,0.791666666667,1,1,40.9754285714,63.2514285714,-1.2124059792,19.7916666667,19.7916666667,23,2026-04-18,2026-04-18,1,True
2026-04-19,26.2415870028,0.262415870028,34.1028105203,0.341028105203,4.02421205405,0.0402421205405,4.17954576657,0.0417954576657,2.84044616507,0.0284044616507,7.06150610542,0.0706150610542,78.4501076143,0.784501076143,1.46350719097,96,96,1,96,92,96,96,0,286.338363451,242.356790825,1,0.958333333333,1,1,16.3328571429,106.528285714,1.92557733106,22.9166666667,23.9583333333,23,2026-04-19,2026-04-19,1,True
2026-04-20,25.5790485828,0.255790485828,34.1028105203,0.341028105203,3.46465765783,0.0346465765783,3.56277090239,0.0356277090239,16.6103476163,0.166103476163,17.7542422662,0.177542422662,101.073877546,1.01073877546,2.19872734544,96,96,1,96,76,96,96,0,430.185784978,364.109248405,1,0.791666666667,1,1,38.3172857143,106.586142857,0.0913466904292,19.7916666667,19.7916666667,23,2026-04-20,2026-04-20,1,True
2026-04-21,23.674553475,0.23674553475,34.1014728667,0.341014728667,2.73804546079,0.0273804546079,3.02271078076,0.0302271078076,24.9586413262,0.249586413262,-0.348045340255,-0.00348045340255,88.1473785691,0.881473785691,2.50050715513,96,96,1,96,72,96,96,0,489.229660786,414.083984889,1,0.75,1,1,68.2072571429,20.7767142857,-5.10734244808,15.75,17.7083333333,23,2026-04-21,2026-04-21,1,True
2026-04-22,35.4870235014,0.354870235014,34.1021416804,0.341021416804,2.52652584922,0.0252652584922,2.89180787636,0.0289180787636,15.9116021847,0.159116021847,1.03444396951,0.0103444396951,91.9535450616,0.919535450616,2.74746233236,96,96,1,96,72,96,96,0,537.546978071,454.979762239,1,0.75,1,1,54.7867142857,16.4992857143,-5.03561018346,14.5833333333,16.6666666667,23,2026-04-22,2026-04-22,1,True
2026-04-23,33.3213677209,0.333213677209,34.1269062433,0.341269062433,2.76741378972,0.0276741378972,2.86971796432,0.0286971796432,9.37734131468,0.0937734131468,31.585204196,0.31585204196,114.047951229,1.14047951229,2.05570788135,96,96,1,96,64,96,96,0,402.203715917,340.425225152,1,0.666666666667,1,1,28.8877142857,73.7797142857,-0.703603781869,15.625,16.6666666667,23,2026-04-23,2026-04-23,1,True
2026-04-24,40.8136167659,0.408136167659,34.1450003927,0.341450003927,2.99116526589,0.0299116526589,3.34302097243,0.0334302097243,32.7979764953,0.327979764953,6.01026715411,0.0601026715411,120.101047046,1.20101047046,2.46770913835,96,96,1,96,80,96,96,0,482.812657503,408.65263331,1,0.833333333333,1,1,76.4587771429,47.8588571429,-4.28166434135,17,20.8333333333,23,2026-04-24,2026-04-24,1,True
2026-04-25,35.4895163174,0.354895163174,34.1423185674,0.341423185674,3.62678683632,0.0362678683632,3.35267436381,0.0335267436381,12.1510672342,0.121510672342,5.2881901903,0.052881901903,94.0505535094,0.940505535094,1.9522155949,96,96,1,96,88,96,96,0,381.955225089,323.286902516,1,0.916666666667,1,1,34.1908571429,52.3435714286,-1.68815034533,20.8333333333,21.875,23,2026-04-25,2026-04-25,1,True
2026-04-26,30.4124315149,0.304124315149,34.1423185674,0.341423185674,3.62364514609,0.0362364514609,3.19396991832,0.0319396991832,34.4943093563,0.344943093563,23.7533226524,0.237533226524,129.619997155,1.29619997155,1.88528867148,96,96,1,96,80,96,96,0,368.860827029,312.203803998,1,0.833333333333,1,1,67.8311428571,62.8994285714,-2.56619738823,20.8333333333,20.8333333333,23,2026-04-26,2026-04-26,1,True
2026-04-27,40.0286628063,0.400286628063,34.1423185674,0.341423185674,2.90645617342,0.0290645617342,3.22357053095,0.0322357053095,8.32480853482,0.0832480853482,32.9479890211,0.329479890211,121.573805634,1.21573805634,2.34996979146,96,96,1,96,80,96,96,0,459.776698329,389.154997466,1,0.833333333333,1,1,29.1147142857,124.683142857,1.03944698784,16.6666666667,20.8333333333,23,2026-04-27,2026-04-27,1,True
2026-04-28,37.2802943667,0.372802943667,33.2151903705,0.332151903705,3.97038898816,0.0397038898816,3.77810395272,0.0377810395272,7.35274613475,0.0735274613475,16.8388066532,0.168388066532,102.435530466,1.02435530466,1.86426819036,96,96,1,96,96,96,96,0,364.748124202,308.722812324,1,1,1,1,27.0911428571,127.371142857,1.84394533844,22.9166666667,25,22.375,2026-04-28,2026-04-28,1,True
2026-04-29,37.3498136519,0.373498136519,37.6582837623,0.376582837623,3.2396391621,0.032396391621,3.38216816852,0.0338216816852,10.729905661,0.10729905661,7.04030245039,0.0704030245039,99.4001128562,0.994001128562,2.09712145358,96,96,1,96,80,96,96,0,410.306371352,347.283312713,1,0.833333333333,1,1,30.4224285714,95.8897142857,0.101842794774,18.75,20.8333333333,23,2026-04-29,2026-04-29,1,True
2026-04-30,33.5973311936,0.335973311936,37.6088149949,0.376088149949,3.24577484119,0.0324577484119,3.17470198416,0.0317470198416,19.5710045635,0.195710045635,13.7513805911,0.137513805911,110.949008169,1.10949008169,2.42409177067,96,96,1,96,80,96,96,0,474.278824697,401.429597223,1,0.833333333333,1,1,76.0111428571,66.2787142857,-3.4409023352,18.75,20.8333333333,23,2026-04-30,2026-04-30,1,True
2026-05-01,39.5803446625,0.395803446625,30.7534473034,0.307534473034,3.20244277185,0.0320244277185,3.03207110489,0.0303207110489,49.6788838797,0.496788838797,5.18192780026,0.0518192780026,131.429117523,1.31429117523,1.76167361038,96,96,1,96,84,96,96,0,344.675271596,291.733149878,1,0.875,1,1,115.010428571,47.0985714286,-5.0355824525,18.75,20.8333333333,20.125,2026-05-01,2026-05-01,1,True
2026-05-02,28.3592381685,0.283592381685,33.817608962,0.33817608962,3.73310383725,0.0373310383725,3.51802711166,0.0351802711166,18.5870977656,0.185870977656,1.80585749594,0.0180585749594,89.8209333409,0.898209333409,1.73893412115,96,96,1,96,96,96,96,0,340.226241095,287.967490463,1,1,1,1,65.5285714286,33.0962457143,-3.52879484777,21.875,24.25,23,2026-05-02,2026-05-02,1,True
2026-05-03,15.5345700809,0.155345700809,33.7563451777,0.337563451777,3.91655483595,0.0391655483595,3.32497034055,0.0332497034055,31.1651403839,0.311651403839,11.9554537942,0.119554537942,99.6530346132,0.996530346132,1.67032881276,96,96,1,96,88,96,96,0,326.803463367,276.606451393,1,0.916666666667,1,1,84.2478571429,58.9712857143,-3.14473264174,22.9166666667,22.9166666667,22.9583333333,2026-05-03,2026-05-03,1,True
2026-05-04,42.4754960444,0.424754960444,33.817608962,0.33817608962,3.59851799988,0.0359851799988,3.24328529475,0.0324328529475,15.0371973295,0.150371973295,4.82380238029,0.0482380238029,102.995908011,1.02995908011,2.27371930087,96,96,1,96,84,96,96,0,444.858124084,376.527916225,1,0.875,1,1,30.837,93.4962857143,-0.236288422711,20.8333333333,21.875,23,2026-05-04,2026-05-04,1,True
2026-05-05,20.0380667353,0.200380667353,36.88988038,0.3688988038,3.26584676334,0.0326584676334,3.01971806608,0.0301971806608,53.563953261,0.53563953261,1.075777733,0.01075777733,117.853242939,1.17853242939,1.99668871268,96,96,1,96,80,96,96,0,391.03104541,330.334624804,1,0.833333333333,1,1,126.155714286,28.5018171429,-6.59792990619,18.75,19.7083333333,23,2026-05-05,2026-05-05,1,True
2026-05-06,31.6843674976,0.316843674976,36.761211192,0.36761211192,3.9478248371,0.039478248371,3.64368532005,0.0364368532005,2.84763724823,0.0284763724823,0.723137677298,0.00723137677298,79.6078637723,0.796078637723,1.63246414554,96,96,1,96,96,96,96,0,319.020600763,270.653088517,1,1,1,1,15.7085714286,103.971428571,1.66230603735,22.9166666667,25,23,2026-05-06,2026-05-06,1,True
2026-05-07,20.303653504,0.20303653504,36.4067719405,0.364067719405,3.90971378682,0.0390971378682,3.53652634376,0.0353652634376,11.1247638403,0.111247638403,1.72195203424,0.0172195203424,77.0033814496,0.770033814496,1.90697570498,96,96,1,96,96,96,96,0,373.103942278,315.795176744,1,1,1,1,37.753,79.1265714286,-0.663966421054,22.9166666667,25,23,2026-05-07,2026-05-07,1,True
2026-05-08,40.7731918524,0.407731918524,34.7757353639,0.347757353639,4.12587113803,0.0412587113803,3.55310381497,0.0355310381497,17.3977540018,0.173977540018,6.77521040512,0.0677521040512,107.400866576,1.07400866576,2.27576092122,96,96,1,96,92,96,96,0,438.464093282,382.616008554,1,0.958333333333,1,1,37.3787142857,93.8901428571,0.0276393268018,23.9583333333,23.9583333333,21.9583333333,2026-05-08,2026-05-08,1,True
2026-05-09,26.3806178218,0.263806178218,34.5748033,0.345748033,3.52541822626,0.0352541822626,3.66778702926,0.0366778702926,23.0559066694,0.230559066694,1.8506692497,0.018506692497,93.0552022964,0.930552022964,1.89650150454,96,96,1,96,92,96,96,0,377.848120454,308.310649152,1,0.958333333333,1,1,63.0747142857,37.6708571429,-3.95588868519,20.8333333333,23.9583333333,21.7083333333,2026-05-09,2026-05-09,1,True
2026-05-10,38.9857055913,0.389857055913,36.6320372775,0.366320372775,3.38502406233,0.0338502406233,3.7453956917,0.037453956917,4.87236537013,0.0487236537013,0.356548915232,0.00356548915232,87.9770769083,0.879770769083,1.71290237679,96,96,1,96,96,96,96,0,335.13307372,283.656633597,1,1,1,1,27.1346285714,61.59924,-0.708826195617,19.875,24.625,23,2026-05-10,2026-05-10,1,True
2026-05-11,21.037289173,0.21037289173,36.6320372775,0.366320372775,3.17892827133,0.0317892827133,3.30212550607,0.0330212550607,5.21214630722,0.0521214630722,4.6587180868,0.046587180868,74.0212446219,0.740212446219,2.09372877758,96,96,1,96,84,96,96,0,409.642586917,346.721485567,1,0.875,1,1,25.6650742857,72.6877142857,-0.662435889604,18.1666666667,21.875,23,2026-05-11,2026-05-11,1,True
2026-05-12,43.5483926071,0.435483926071,36.7316456666,0.367316456666,2.70738194631,0.0270738194631,3.04871510092,0.0304871510092,22.6981286339,0.226981286339,11.3190103199,0.113190103199,120.053274275,1.20053274275,2.63604052464,96,96,1,96,80,96,96,0,515.747059168,436.52831088,1,0.833333333333,1,1,45.3683714286,77.2265714286,-1.97335617868,15.5,20.8333333333,23,2026-05-12,2026-05-12,1,True
2026-05-13,42.2558446615,0.422558446615,36.6154540046,0.366154540046,3.71862272806,0.0371862272806,3.33264687254,0.0333264687254,7.15219311855,0.0715219311855,5.828497832,0.05828497832,98.9032592172,0.989032592172,2.31778916383,96,96,1,96,92,96,96,0,453.480488576,383.825885531,1,0.958333333333,1,1,25.14124,89.6641314286,-0.213821317364,21.5833333333,22,22.875,2026-05-13,2026-05-13,1,True
2026-05-14,38.9701627773,0.389701627773,36.8487782388,0.368487782388,3.60973759029,0.0360973759029,3.18013293376,0.0318013293376,10.7272336389,0.107272336389,3.59953295599,0.0359953295599,96.935578135,0.96935578135,2.02293442227,96,96,1,96,84,96,96,0,395.791517401,334.997940328,1,0.875,1,1,38.4415714286,67.5198571429,-1.32147047327,20.625,21.875,23,2026-05-14,2026-05-14,1,True
2026-05-15,22.5320594473,0.225320594473,36.7848497656,0.367848497656,4.20358487666,0.0420358487666,3.44492046415,0.0344492046415,7.60181256285,0.0760181256285,1.99836994245,0.0199836994245,76.565597059,0.76565597059,1.53739774278,96,96,1,96,96,96,96,0,300.795210544,254.593066205,1,1,1,1,27.7011428571,87.8298571429,0.580273747754,23.9583333333,23.9583333333,22.9583333333,2026-05-15,2026-05-15,1,True
2026-05-16,15.7988333338,0.157988333338,36.8261403778,0.368261403778,4.38733489479,0.0438733489479,3.31083934879,0.0331083934879,24.8583198348,0.248583198348,-0.0564785463885,-0.000564785463885,85.1249892437,0.851249892437,1.73106425718,96,96,1,96,96,96,96,0,338.6864851,286.664240989,1,1,1,1,97.8985714286,38.4887142857,-4.64300421893,25,23.9583333333,23,2026-05-16,2026-05-16,1,True
2026-05-17,21.233238135,0.21233238135,36.8261403778,0.368261403778,3.27018699125,0.0327018699125,2.68812586392,0.0268812586392,22.4659954999,0.224659954999,-0.000406727889067,-4.06727889067e-06,86.48328014,0.8648328014,1.65722063237,96,96,1,96,76,96,96,0,324.238819376,274.43573672,1,0.791666666667,1,1,87.6172857143,20.80804,-4.85884701544,18.75,19.0416666667,23,2026-05-17,2026-05-17,1,True
2026-05-18,34.4196760482,0.344196760482,36.8261403778,0.368261403778,3.63538626939,0.0363538626939,3.263995546,0.03263995546,6.52697640035,0.0652697640035,14.5287296409,0.145287296409,99.2009042827,0.992009042827,1.67414389511,96,96,1,96,92,96,96,0,327.549892521,277.23822903,1,0.958333333333,1,1,23.7154285714,117.403142857,1.80733544977,20.8333333333,23.9583333333,23,2026-05-18,2026-05-18,1,True
2026-05-19,22.0274953367,0.220274953367,36.8141253239,0.368141253239,3.29138278476,0.0329138278476,2.96459648786,0.0296459648786,14.4821487907,0.144821487907,1.26121422204,0.0126121422204,80.840962946,0.80840962946,1.4605369807,96,96,1,96,84,96,96,0,286.67544964,241.087747432,1,0.875,1,1,53.5425714286,72.8975314286,-1.09303092531,18.75,21.625,23,2026-05-19,2026-05-19,1,True
2026-05-20,27.2808822103,0.272808822103,36.6979146738,0.366979146738,3.77146164148,0.0377146164148,2.81579108475,0.0281579108475,24.2444429065,0.242444429065,2.27402700281,0.0227402700281,97.0845195196,0.970845195196,2.35914371517,96,96,1,96,92,96,96,0,460.653382161,391.451375804,1,0.958333333333,1,1,62.1765085714,49.7396685714,-3.40161859821,21.5833333333,21.125,23,2026-05-20,2026-05-20,1,True
2026-05-21,34.4822467559,0.344822467559,36.6362351503,0.366362351503,3.08443790825,0.0308443790825,2.2818862447,0.022818862447,10.2911850618,0.102911850618,-0.219391364507,-0.00219391364507,86.5565997564,0.865565997564,2.18357696217,96,96,1,96,76,96,96,0,427.221579555,361.600344936,1,0.791666666667,1,1,33.6122857143,35.6965714286,-2.64737287106,17.7083333333,17.7083333333,23,2026-05-21,2026-05-21,1,True
2026-05-22,22.5819633084,0.225819633084,36.5845285322,0.365845285322,3.83649298139,0.0383649298139,2.79996376259,0.0279996376259,26.1232184362,0.261232184362,0.767762470234,0.00767762470234,92.693929491,0.92693929491,2.00748892438,96,96,1,96,88,96,96,0,392.769572162,332.440165878,1,0.916666666667,1,1,80.42,38.9596171429,-4.24124121422,21.875,21.2916666667,23,2026-05-22,2026-05-22,1,True
2026-05-23,23.3975498748,0.233975498748,34.2668800488,0.342668800488,2.72752819692,0.0272752819692,2.06072245085,0.0206072245085,10.072823681,0.10072823681,13.0418875868,0.130418875868,85.5673918392,0.855673918392,1.82108093364,96,96,1,96,60,96,96,0,356.298443539,301.571002611,1,0.625,1,1,36.7514285714,41.4504342857,-2.08451813389,15.625,15.3333333333,23,2026-05-23,2026-05-23,1,True
2026-05-24,24.0190377994,0.240190377994,33.1275720165,0.331275720165,4.20262726718,0.0420262726718,3.13504991617,0.0313504991617,10.2506776274,0.102506776274,22.9532180505,0.229532180505,97.6881826771,0.976881826771,1.66217201438,96,96,1,96,92,96,96,0,325.20756803,275.255685581,1,0.958333333333,1,1,28.5407142857,109.024142857,1.27214775508,22.9166666667,23.9583333333,23,2026-05-24,2026-05-24,1,True
2026-05-25,21.9604386125,0.219604386125,33.1275720165,0.331275720165,3.95552888279,0.0395552888279,2.84169714982,0.0284169714982,27.3655679837,0.273655679837,4.90505702376,0.0490505702376,94.1558616691,0.941558616691,1.88029829775,96,96,1,96,88,96,96,0,367.88444956,311.377398108,1,0.916666666667,1,1,84.2144228571,61.9391428571,-3.28259714385,22.625,21.875,23,2026-05-25,2026-05-25,1,True
2026-05-26,49.0949293365,0.490949293365,36.5601235062,0.365601235062,3.38165513561,0.0338165513561,2.81376865458,0.0281376865458,9.41044475773,0.0941044475773,17.7142761248,0.177142761248,118.975197515,1.18975197515,2.36850070017,96,96,1,96,88,96,96,0,463.402310902,392.223715947,1,0.916666666667,1,1,22.6288628571,120.153285714,1.09774282928,19.2916666667,21.875,23,2026-05-26,2026-05-26,1,True
2026-05-27,36.370844699,0.36370844699,36.2373230963,0.362373230963,3.52203823602,0.0352203823602,3.09020225749,0.0309020225749,9.08492706325,0.0908492706325,1.70165415344,0.0170165415344,90.0069895055,0.900069895055,1.98655398829,96,96,1,96,92,96,96,0,388.673606405,328.973340461,1,0.958333333333,1,1,48.3720914286,43.4387314286,-2.69306774766,20,23.9166666667,22.75,2026-05-27,2026-05-27,1,True
2026-05-28,53.8569706908,0.538569706908,32.035290974,0.32035290974,3.30163380604,0.0330163380604,2.4432653217,0.024432653217,25.6264566904,0.256264566904,13.7472438203,0.137472438203,131.010861303,1.31010861303,1.95290215444,96,96,1,96,76,96,96,0,375.296073695,329.150596776,1,0.791666666667,1,1,66.0068571429,66.4361428571,-1.90484130022,18.75,19.7916666667,20.125,2026-05-28,2026-05-28,1,True
2026-05-29,34.5464869334,0.345464869334,35.0254363235,0.350254363235,3.46610395549,0.0346610395549,2.73268996266,0.0273268996266,11.1621237637,0.111621237637,8.17361967421,0.0817361967421,95.1064606129,0.951064606129,1.59654588205,96,96,1,96,84,96,96,0,319.161150836,258.637998067,1,0.875,1,1,36.772,96.3837142857,-0.0379766034438,19.7916666667,21.875,22.0416666667,2026-05-29,2026-05-29,1,True
2026-05-30,30.0320625829,0.300320625829,36.5447998628,0.365447998628,3.30031054126,0.0330031054126,2.71856960506,0.0271856960506,18.490428354,0.18490428354,2.1549390957,0.021549390957,93.2411100418,0.932411100418,1.69254029325,96,96,1,96,84,96,96,0,331.149187809,280.284672562,1,0.875,1,1,58.1554285714,43.4124285714,-2.73364646865,18.75,21.875,23,2026-05-30,2026-05-30,1,True
2026-05-31,16.9898553291,0.169898553291,36.5447998628,0.365447998628,3.83218388615,0.0383218388615,2.69270704338,0.0269270704338,30.3625662269,0.303625662269,8.26602477814,0.0826602477814,98.6881371265,0.986881371265,1.39094673484,96,96,1,96,84,96,96,0,272.141752469,230.34077929,1,0.875,1,1,95.344,33.4381428571,-4.32111793009,21.875,21.875,23,2026-05-31,2026-05-31,1,True
2026-06-01,6.62190520373,0.0662190520373,36.5447998628,0.365447998628,4.20211853912,0.0420211853912,2.64021985559,0.0264021985559,23.2962545172,0.232962545172,0.89597101243,0.0089597101243,74.2012689909,0.742012689909,1.96015208339,96,96,1,96,92,96,96,0,383.508016315,324.601185009,1,0.958333333333,1,1,78.5178571429,49.471,-3.6647370187,23.9583333333,21.875,23,2026-06-01,2026-06-01,1,True
2026-06-02,6.80811230342,0.0680811230342,36.4785955153,0.364785955153,3.61780563547,0.0361780563547,2.38573796414,0.0238573796414,22.7509426019,0.227509426019,3.63037520958,0.0363037520958,75.6715692298,0.756715692298,1.57388399383,96,96,1,96,80,96,96,0,307.933824879,260.635189378,1,0.833333333333,1,1,69.595,41.5812857143,-3.13801457446,20.8333333333,19.7916666667,22.9583333333,2026-06-02,2026-06-02,1,True
2026-06-03,8.35540855081,0.0835540855081,36.4982114316,0.364982114316,4.15053466778,0.0415053466778,2.76333815359,0.0276333815359,29.1537637903,0.291537637903,8.89808158332,0.0889808158332,89.8193381774,0.898193381774,1.97002346442,96,96,1,96,96,96,96,0,385.439373473,326.235885707,1,1,1,1,84.4413714286,56.5297142857,-3.62979770451,24.1666666667,23.9583333333,23,2026-06-03,2026-06-03,1,True
2026-06-04,27.7598474696,0.277598474696,36.341078491,0.36341078491,3.80213150289,0.0380213150289,2.71362564649,0.0271362564649,15.4477991302,0.154477991302,18.7617141598,0.187617141598,104.8261964,1.048261964,2.10824740922,96,96,1,96,92,96,96,0,412.48318876,349.125770966,1,0.958333333333,1,1,40.5851657143,91.626,-0.513190979491,22.25,23.9583333333,22.9166666667,2026-06-04,2026-06-04,1,True
2026-06-05,17.2621111427,0.172621111427,36.4808581046,0.364808581046,3.92071280501,0.0392071280501,2.37954394173,0.0237954394173,28.3991219846,0.283991219846,2.51135382078,0.0251135382078,90.9537017995,0.909537017995,1.98874301216,96,96,1,96,96,96,96,0,389.101893683,329.335842813,1,1,1,1,91.8338571429,55.4724285714,-4.00531164338,22.9166666667,22.3333333333,23,2026-06-05,2026-06-05,1,True
2026-06-06,16.8872687059,0.168872687059,36.5454961134,0.365454961134,4.26264098461,0.0426264098461,2.65744741655,0.0265744741655,15.9478471049,0.159478471049,0.225670760582,0.00225670760582,76.526371086,0.76526371086,1.64330630612,96,96,1,96,96,96,96,0,321.516451197,272.131524293,1,1,1,1,52.1165714286,40.5631428571,-2.53909814481,25,24,23,2026-06-06,2026-06-06,1,True
2026-06-07,19.2640700743,0.192640700743,36.5454961134,0.365454961134,3.45253200732,0.0345253200732,2.25524691358,0.0225524691358,15.3645875494,0.153645875494,3.56881582566,0.0356881582566,80.4507484836,0.804507484836,2.09563593544,96,96,1,96,88,96,96,0,410.0157265,347.03731091,1,0.916666666667,1,1,62.7223714286,51.8037942857,-3.07904136389,20.2083333333,21,23,2026-06-07,2026-06-07,1,True
2026-06-08,27.631071095,0.27631071095,36.5454961134,0.365454961134,3.92375400091,0.0392375400091,2.6437471422,0.026437471422,8.21281663499,0.0821281663499,5.48756171255,0.0548756171255,84.444446699,0.84444446699,1.63567410706,96,96,1,96,96,96,96,0,320.023194859,270.867632129,1,1,1,1,34.7402857143,51.155,-1.36420201853,22.9166666667,23.9583333333,23,2026-06-08,2026-06-08,1,True
2026-06-09,35.5775321216,0.355775321216,36.5817377374,0.365817377374,3.09618773362,0.0309618773362,1.77196963918,0.0177196963918,6.07731413146,0.0607731413146,1.44537561806,0.0144537561806,84.5501169813,0.845501169813,2.01167227041,96,96,1,96,80,96,96,0,393.588052906,333.132927979,1,0.833333333333,1,1,17.1882571429,82.4557142857,0.200513842357,18.2083333333,17.7083333333,23,2026-06-09,2026-06-09,1,True
2026-06-10,12.8826127996,0.128826127996,36.6166533043,0.366166533043,4.068978353,0.04068978353,2.28071431298,0.0228071431298,22.4200506489,0.224200506489,0.200637957988,0.00200637957988,78.4696473767,0.784696473767,1.71159380221,96,96,1,96,92,96,96,0,334.877048258,283.439933646,1,0.958333333333,1,1,71.9688571429,44.5134285714,-3.28718929933,23.9583333333,22.9166666667,23,2026-06-10,2026-06-10,1,True
2026-06-11,20.9194011021,0.209194011021,36.6460339294,0.366460339294,3.84848311172,0.0384848311172,2.13840172704,0.0213840172704,10.8676985683,0.108676985683,0.566026383267,0.00566026383267,74.9860448218,0.749860448218,1.40546172741,96,96,1,96,92,96,96,0,274.981642319,232.744462059,1,0.958333333333,1,1,36.411,53.6264285714,-1.04257298703,22.9166666667,22.9166666667,23,2026-06-11,2026-06-11,1,True
2026-06-12,16.2845494605,0.162845494605,36.6138576064,0.366138576064,3.39444550487,0.0339444550487,1.92431761787,0.0192431761787,2.91058424757,0.0291058424757,3.98050729436,0.0398050729436,65.1082617316,0.651082617316,1.72107846544,96,96,1,96,84,96,96,0,336.732743239,285.010593878,1,0.875,1,1,16.689,75.2718571429,0.285862824222,20.8333333333,20.8333333333,23,2026-06-12,2026-06-12,1,True
2026-06-13,24.4843367082,0.244843367082,33.2129963899,0.332129963899,3.92050121292,0.0392050121292,1.74750635112,0.0174750635112,16.1824419672,0.161824419672,0.418888494859,0.00418888494859,79.9666711243,0.799666711243,1.9479787299,96,96,1,96,92,96,96,0,381.126273241,322.585277671,1,0.958333333333,1,1,73.5284285714,18.0704742857,-4.74995624398,23.9583333333,19.9166666667,23,2026-06-13,2026-06-13,1,True
2026-06-14,29.154782499,0.29154782499,33.1528279182,0.331528279182,3.58885832713,0.0358885832713,2.02162626784,0.0202162626784,7.38704513541,0.0738704513541,6.69969651536,0.0669969651536,82.0048366629,0.820048366629,1.75593763951,96,96,1,96,92,96,96,0,343.553016425,290.783273102,1,0.958333333333,1,1,32.2747142857,50.5858,-1.43577740036,21.875,22.6666666667,22.9583333333,2026-06-14,2026-06-14,1,True
2026-06-15,29.1866434541,0.291866434541,33.1528279182,0.331528279182,3.24489523045,0.0324489523045,1.57709204821,0.0157709204821,10.8919626882,0.108919626882,6.25879746544,0.0625879746544,84.3122188045,0.843122188045,2.52680117154,96,96,1,96,80,96,96,0,494.374142258,418.438274007,1,0.833333333333,1,1,37.5075714286,66.4122285714,-1.95963379616,19.7916666667,18.3333333333,22.9583333333,2026-06-15,2026-06-15,1,True
2026-06-16,25.8635808131,0.258635808131,35.0949789996,0.350949789996,3.78508018328,0.0378508018328,2.17325315006,0.0217325315006,18.7225956981,0.187225956981,15.7346435698,0.157346435698,101.374132414,1.01374132414,1.76950326268,96,96,1,96,92,96,96,0,346.207160089,293.029740299,1,0.958333333333,1,1,69.8547142857,104.922285714,-0.754577015044,22.9166666667,23.9583333333,22.0416666667,2026-06-16,2026-06-16,1,True
2026-06-17,12.8528647969,0.128528647969,36.6698528006,0.366698528006,4.15355572548,0.0415355572548,2.10772318868,0.0210772318868,18.9147435926,0.189147435926,0.076399551629,0.00076399551629,74.7751396559,0.747751396559,1.2797474238,96,96,1,96,96,96,96,0,250.385365526,211.926173381,1,1,1,1,62.337,47.2051428571,-2.23296038698,25,23.9583333333,23,2026-06-17,2026-06-17,1,True
2026-06-18,63.3887708425,0.633887708425,33.0712047088,0.330712047088,3.10899518422,0.0310899518422,1.80405327932,0.0180405327932,54.171663384,0.54171663384,7.14699146346,0.0714699146346,162.691678862,1.62691678862,2.03546797641,96,96,1,96,84,96,96,0,391.450256254,342.823496893,1,0.875,1,1,61.554,73.7002857143,-1.52001973526,18.75,19.7916666667,20.75,2026-06-18,2026-06-18,1,True
2026-06-19,35.0167178873,0.350167178873,35.1224708153,0.351224708153,3.9715432087,0.039715432087,2.12556602151,0.0212556602151,26.0889434826,0.260889434826,2.54758944243,0.0254758944243,104.872830858,1.04872830858,1.79687890712,96,96,1,96,96,96,96,0,358.356742697,291.813147019,1,1,1,1,57.9035714286,102.413285714,-0.918078391356,24.4583333333,23.9583333333,22.0416666667,2026-06-19,2026-06-19,1,True
2026-06-20,27.7953822903,0.277953822903,36.6131587486,0.366131587486,3.5416388311,0.035416388311,1.81347368823,0.0181347368823,24.1839246374,0.241839246374,-0.293804094649,-0.00293804094649,93.653774101,0.93653774101,1.6972448966,96,96,1,96,88,96,96,0,332.069653682,281.063754877,1,0.916666666667,1,1,75.496,7.27753142857,-4.96768197404,21.875,20.4583333333,23,2026-06-20,2026-06-20,1,True
2026-06-21,15.8883921744,0.158883921744,36.6131587486,0.366131587486,3.49754728866,0.0349754728866,1.75750224275,0.0175750224275,19.322810428,0.19322810428,0.629395407207,0.00629395407207,77.7088062897,0.777088062897,1.594601508,96,96,1,96,84,96,96,0,311.987251565,264.066009725,1,0.875,1,1,79.5781428571,28.3817828571,-4.12990007668,21.875,21.125,23,2026-06-21,2026-06-21,1,True
2026-06-22,19.6115627113,0.196115627113,36.6131587486,0.366131587486,3.40335172072,0.0340335172072,1.52708289592,0.0152708289592,37.52830214,0.3752830214,2.2598490879,0.022598490879,100.943307305,1.00943307305,2.21919945503,96,96,1,96,84,96,96,0,434.191197723,367.499429753,1,0.875,1,1,123.049142857,15.8626057143,-7.24492937971,20.8333333333,18.7083333333,23,2026-06-22,2026-06-22,1,True
2026-06-23,59.6579361627,0.596579361627,33.565265529,0.33565265529,2.58804833352,0.0258804833352,1.297722674,0.01297722674,29.4514935671,0.294514935671,2.32006020136,0.0232006020136,128.880526468,1.28880526468,1.6241375842,96,96,1,96,60,96,96,0,310.972570821,274.707183943,1,0.625,1,1,95.5044285714,22.1768571429,-4.56637326278,15.625,15.625,21.0833333333,2026-06-23,2026-06-23,1,True
2026-06-24,98.4424036523,0.984424036523,31.9943766679,0.319943766679,2.75042889821,0.0275042889821,1.56433473122,0.0156433473122,5.43613609041,0.0543613609041,3.77630798794,0.0377630798794,143.963988028,1.43963988028,2.19096326961,96,96,1,96,76,96,96,0,428.666726662,362.823517447,1,0.791666666667,1,1,13.8091428571,89.5607142857,0.412848425552,16.6666666667,19.7916666667,20.125,2026-06-24,2026-06-24,1,True
2026-06-25,83.9804730139,0.839804730139,28.9467413888,0.289467413888,3.01347667791,0.0301347667791,1.52538266522,0.0152538266522,11.3728592888,0.113728592888,-0.185370081388,-0.00185370081388,128.653562953,1.28653562953,1.94635757097,96,96,1,96,88,96,96,0,380.809089973,322.316813753,1,0.916666666667,1,1,28.9804285714,50.6850114286,-1.53282055678,18.75,19.125,18.2083333333,2026-06-25,2026-06-25,1,True
2026-06-26,72.9870009613,0.729870009613,27.4987097884,0.274987097884,3.22679052698,0.0322679052698,1.34693311925,0.0134693311925,24.3806781196,0.243806781196,0.58142789189,0.0058142789189,130.021540407,1.30021540407,2.1235074901,96,96,1,96,92,96,96,0,415.468856759,351.652840361,1,0.958333333333,1,1,55.45792,55.0625714286,-2.6754735404,19.75,19.7916666667,17.25,2026-06-26,2026-06-26,1,True
2026-06-27,58.9464478197,0.589464478197,32.7667493797,0.327667493797,3.10030540179,0.0310030540179,1.5187402176,0.015187402176,8.80800187078,0.0880800187078,-0.00424503456494,-4.24503456494e-05,105.135999655,1.05135999655,1.67053089358,96,96,1,96,76,96,96,0,326.843000918,276.639915977,1,0.791666666667,1,1,35.8618571429,35.7765428571,-2.09534996778,18.75,18,20.5833333333,2026-06-27,2026-06-27,1,True
2026-06-28,25.9103764967,0.259103764967,35.0882802061,0.350882802061,3.44412101546,0.0344412101546,1.62793472037,0.0162793472037,30.7739163623,0.307739163623,-0.297680713549,-0.00297680713549,96.5469480874,0.965469480874,1.86626624405,96,96,1,96,80,96,96,0,371.93252601,303.303690015,1,0.833333333333,1,1,91.8985714286,44.6594285714,-4.82783245218,20.8333333333,19.7916666667,22.0416666667,2026-06-28,2026-06-28,1,True
2026-06-29,103.598124933,1.03598124933,31.9707959534,0.319707959534,3.11471654896,0.0311471654896,1.5966291277,0.015966291277,31.1172296569,0.311172296569,0.585158322553,0.00585158322553,171.982654543,1.71982654543,2.34174182698,96,96,1,96,76,96,96,0,462.739115216,383.922505976,1,0.791666666667,1,1,68.4348571429,44.339,-4.28801943262,18.75,19.625,20.0833333333,2026-06-29,2026-06-29,1,True
2026-06-30,140.715942289,1.40715942289,30.4882700744,0.304882700744,3.2221056647,0.032221056647,1.71953461759,0.0171953461759,25.8298576821,0.258298576821,-0.544117620528,-0.00544117620528,201.431592707,2.01431592707,2.02875931505,96,96,1,96,80,96,96,0,394.916527478,337.667736286,1,0.833333333333,1,1,79.543,24.3432857143,-4.68535439491,19.7916666667,20.75,19.1666666667,2026-06-30,2026-06-30,1,True
2026-07-01,94.0317580428,0.940317580428,32.0077996872,0.320077996872,3.1377112018,0.031377112018,1.54147946146,0.0154147946146,21.7451093522,0.217451093522,2.20282252322,0.0220282252322,154.666680269,1.54666680269,2.32445016108,96,96,1,96,96,96,96,0,445.762012881,392.564925646,1,1,1,1,49.3192857143,102.291965714,-0.00935030148845,19.4583333333,22.0416666667,20.125,2026-07-01,2026-07-01,1,True
2026-07-02,16.8480806653,0.168480806653,35.1418649469,0.351418649469,3.44050067736,0.0344050067736,1.34156347192,0.0134156347192,29.6896459679,0.296896459679,0.742170341026,0.00742170341026,87.2038260704,0.872038260704,1.62905166205,96,96,1,96,84,96,96,0,325.191620216,264.299723122,1,0.875,1,1,68.9454171429,53.0912857143,-3.19775118843,21.7083333333,19.7916666667,22.0833333333,2026-07-02,2026-07-02,1,True
2026-07-03,28.1577094289,0.281577094289,36.635535438,0.36635535438,2.99313394068,0.0299313394068,1.33916805134,0.0133916805134,19.1050677955,0.191050677955,7.02715785743,0.0702715785743,95.2577725119,0.952577725119,1.9835494649,96,96,1,96,76,96,96,0,388.085764873,328.475791388,1,0.791666666667,1,1,69.349,41.083,-3.66149889519,18.75,18.75,23,2026-07-03,2026-07-03,1,True
2026-07-04,27.4233296436,0.274233296436,32.9581471723,0.329581471723,3.34626914118,0.0334626914118,1.50208118532,0.0150208118532,9.43805258978,0.0943805258978,16.4749004259,0.164749004259,91.142780158,0.91142780158,1.49716652061,96,96,1,96,84,96,96,0,286.130406206,253.680775813,1,0.875,1,1,29.3041428571,68.951,0.299884447899,20.8333333333,21.875,22.0416666667,2026-07-04,2026-07-04,1,True
2026-07-05,19.2612550717,0.192612550717,31.8163592622,0.318163592622,3.51381410624,0.0351381410624,1.41324894031,0.0141324894031,16.3448433192,0.163448433192,27.6470343378,0.276470343378,99.9965550375,0.999965550375,1.92955179646,96,96,1,96,84,96,96,0,384.314481917,313.783777494,1,0.875,1,1,64.9394285714,65.9447142857,-2.89689244617,21.875,19.7916666667,22.0416666667,2026-07-05,2026-07-05,1,True
2026-07-06,19.0971850658,0.190971850658,36.6250429602,0.366250429602,3.81529957613,0.0381529957613,1.57888456104,0.0157888456104,17.4513741625,0.174513741625,6.83331167343,0.0683331167343,85.4010979992,0.854010979992,1.69698460662,96,96,1,96,92,96,96,0,332.018727382,281.020650856,1,0.958333333333,1,1,66.505,69.2332857143,-2.01124128382,23.9583333333,21.875,23,2026-07-06,2026-07-06,1,True
2026-07-07,20.6933986691,0.206933986691,36.6649463845,0.366649463845,3.21616300629,0.0321616300629,1.5005829845,0.015005829845,20.4705782375,0.204705782375,6.44111857443,0.0644111857443,88.9867878563,0.889867878563,2.44940170842,96,96,1,96,84,96,96,0,479.230769038,405.620922914,1,0.875,1,1,82.4415714286,39.7955942857,-4.84399263613,19.7916666667,19.0833333333,23,2026-07-07,2026-07-07,1,True
2026-07-08,15.9020278763,0.159020278763,36.5782485768,0.365782485768,3.39891873305,0.0339891873305,1.35313491002,0.0135313491002,11.1258470691,0.111258470691,2.72136911804,0.0272136911804,71.0795462832,0.710795462832,2.25220674711,96,96,1,96,88,96,96,0,440.649146175,372.965437322,1,0.916666666667,1,1,49.65028,47.8808571429,-2.8938804879,22.0416666667,21.0833333333,22.9583333333,2026-07-08,2026-07-08,1,True
2026-07-09,31.21188226,0.3121188226,36.6453338428,0.366453338428,3.34817078995,0.0334817078995,1.64270703983,0.0164270703983,9.41609391622,0.0941609391622,7.05550408872,0.0705550408872,89.3196919375,0.893196919375,1.8180599198,96,96,1,96,88,96,96,0,355.707375612,301.070722718,1,0.916666666667,1,1,37.6638571429,101.765857143,0.394389462749,21.875,21.875,23,2026-07-09,2026-07-09,1,True
2026-07-10,20.6429568939,0.206429568939,36.6327368562,0.366327368562,2.99543570842,0.0299543570842,1.31062391383,0.0131062391383,23.4088779188,0.234088779188,9.10147316371,0.0910147316371,94.0921044548,0.940921044548,1.73765388631,96,96,1,96,80,96,96,0,339.975760365,287.755483573,1,0.833333333333,1,1,68.664,67.49604,-2.22450986633,19.7916666667,19,23,2026-07-10,2026-07-10,1,True
2026-07-11,20.147082893,0.20147082893,36.6509352848,0.366509352848,3.47273248371,0.0347273248371,1.86353058066,0.0186353058066,16.4367176426,0.164367176426,1.12879515727,0.0112879515727,79.699794042,0.79699794042,1.7017278319,96,96,1,96,92,96,96,0,332.946749719,281.806128962,1,0.958333333333,1,1,65.9247085714,42.8107714286,-3.09393991249,22.8333333333,22.6666666667,23,2026-07-11,2026-07-11,1,True
2026-07-12,24.2900058303,0.242900058303,34.3657450752,0.343657450752,3.6456044481,0.036456044481,2.06359745496,0.0206359745496,9.08418327165,0.0908418327165,7.80014100715,0.0780014100715,81.2492770873,0.812492770873,1.75224185099,96,96,1,96,92,96,96,0,342.829927369,290.171250525,1,0.958333333333,1,1,30.8491428571,87.1948571429,0.153626560079,23.9583333333,23.9583333333,23,2026-07-12,2026-07-12,1,True
2026-07-13,27.3050408106,0.273050408106,36.5845386629,0.365845386629,3.33783747636,0.0333783747636,1.7809102547,0.017809102547,11.786878425,0.11786878425,9.58453602829,0.0958453602829,90.3797416578,0.903797416578,1.91223193151,96,96,1,96,84,96,96,0,374.132334427,316.665607859,1,0.875,1,1,39.7922171429,76.8171428571,-0.851741702237,21.8333333333,19.7916666667,22.9583333333,2026-07-13,2026-07-13,1,True
2026-07-14,26.4692007542,0.264692007542,36.6495347638,0.366495347638,3.23090620761,0.0323090620761,1.90828063203,0.0190828063203,10.8734314198,0.108734314198,3.64291935678,0.0364291935678,82.7742731342,0.827742731342,1.82135642215,96,96,1,96,80,96,96,0,356.352343464,301.616623508,1,0.833333333333,1,1,39.3876285714,71.4802857143,-0.943460950549,20.7083333333,19.7916666667,23,2026-07-14,2026-07-14,1,True
2026-07-15,22.9230875113,0.229230875113,35.0441322251,0.350441322251,3.23351952112,0.0323351952112,2.45906092725,0.0245906092725,22.9131278335,0.229131278335,-1.2000567465,-0.012000567465,85.3728712718,0.853728712718,1.73408731442,96,96,1,96,88,96,96,0,339.277952821,287.164859268,1,0.916666666667,1,1,57.769,48.9511428571,-2.53878961234,20.8333333333,22.9166666667,22.0416666667,2026-07-15,2026-07-15,1,True
2026-07-16,25.3490414058,0.253490414058,36.5991871935,0.365991871935,3.13755700139,0.0313755700139,2.72061208525,0.0272061208525,18.7323836551,0.187323836551,2.65764540584,0.0265764540584,89.1964267469,0.891964267469,1.59094776922,96,96,1,96,88,96,96,0,311.27238963,263.460950583,1,0.916666666667,1,1,80.2775714286,32.333,-3.98983376982,19.7916666667,21.875,23,2026-07-16,2026-07-16,1,True
2026-07-17,27.1472515268,0.271472515268,36.5970923799,0.365970923799,3.30741786546,0.0330741786546,3.19704659061,0.0319704659061,10.2822966876,0.102822966876,1.43867434617,0.0143867434617,81.9697793966,0.819697793966,1.76872442383,96,96,1,96,92,96,96,0,346.054778575,292.900764586,1,0.958333333333,1,1,37.5022857143,73.3934285714,-0.719286297166,20.8333333333,22.9166666667,23,2026-07-17,2026-07-17,1,True
2026-07-18,20.7959581324,0.207959581324,33.5262927006,0.335262927006,3.65913902611,0.0365913902611,3.50817295771,0.0350817295771,18.7994821579,0.187994821579,0.291166289322,0.00291166289322,80.580211264,0.80580211264,1.46886792499,96,96,1,96,92,96,96,0,287.387202715,243.244528378,1,0.958333333333,1,1,80.9785714286,26.6735714286,-4.10198643071,22.9166666667,23.9583333333,22.9583333333,2026-07-18,2026-07-18,1,True
2026-07-19,26.9364175346,0.269364175346,33.1648515135,0.331648515135,3.77152911557,0.0377152911557,3.66605313853,0.0366605313853,6.46010937047,0.0646010937047,2.25175906028,0.0225175906028,76.2507197329,0.762507197329,1.44676236445,96,96,1,96,96,96,96,0,283.062201741,239.583847553,1,1,1,1,29.3775714286,91.929,0.79471143267,23.9583333333,25,23,2026-07-19,2026-07-19,1,True
2026-07-20,26.5245606033,0.265245606033,36.5866219077,0.365866219077,3.16019950791,0.0316019950791,2.78018844533,0.0278018844533,8.15779967646,0.0815779967646,-1.42122812767,-0.0142122812767,75.788142013,0.75788142013,2.15535316174,96,96,1,96,80,96,96,0,421.699531645,356.926483584,1,0.833333333333,1,1,26.1597314286,55.9404285714,-1.45801462157,19.75,19.7916666667,23,2026-07-20,2026-07-20,1,True
2026-07-21,22.1201282306,0.221201282306,36.5922054139,0.365922054139,3.65707445489,0.0365707445489,2.78514335858,0.0278514335858,18.083592601,0.18083592601,2.05916272056,0.0205916272056,85.2973067795,0.852973067795,1.53758769181,96,96,1,96,92,96,96,0,300.832374484,254.624521763,1,0.958333333333,1,1,68.0902857143,88.0782857143,-1.09249386336,22.9166666667,20.8333333333,23,2026-07-21,2026-07-21,1,True
2026-07-22,24.3671403713,0.243671403713,36.6180513134,0.366180513134,2.91577771839,0.0291577771839,2.46568608735,0.0246568608735,13.0104132612,0.130104132612,4.67365801507,0.0467365801507,84.0507267667,0.840507267667,1.90136055304,96,96,1,96,76,96,96,0,372.005325594,314.865307583,1,0.791666666667,1,1,43.8591028571,78.7381428571,-0.927540750471,18.2916666667,19.7916666667,23,2026-07-22,2026-07-22,1,True
2026-07-23,36.1445287731,0.361445287731,34.6609020978,0.346609020978,3.10284601729,0.0310284601729,2.57449082823,0.0257449082823,10.7822538625,0.107822538625,33.1030274007,0.331030274007,120.36804898,1.2036804898,2.41545354072,96,96,1,96,80,96,96,0,472.588736228,399.999106343,1,0.833333333333,1,1,37.9917142857,108.558857143,-0.0842702928124,19.7916666667,20.8333333333,22.0416666667,2026-07-23,2026-07-23,1,True
2026-07-24,5.1479230974,0.051479230974,36.6376346551,0.366376346551,2.92593017037,0.0292593017037,1.02728436091,0.0102728436091,0.102118606791,0.00102118606791,2.3846622348,0.023846622348,48.2255531253,0.482255531253,0.0616893077676,96,96,1,96,88,96,96,0,12.0870500901,10.2010195364,1,0.916666666667,1,1,0.748285714286,30.2873428571,1.15220944122,18.75,8.125,23,2026-07-24,2026-07-24,1,True
2026-07-25,0,0,36.6432337434,0.366432337434,1.57374684802,0.0157374684802,0,0,0,0,0,0,38.2169805914,0.382169805914,0,96,96,1,96,96,96,96,0,0,0,1,1,1,1,0,0,0,10.4166666667,0,23,2026-07-25,2026-07-25,1,True
2026-07-26,2.53983660972e-09,2.53983660972e-11,36.6432337434,0.366432337434,1.237852449,0.01237852449,0,0,2.35784693644e-05,2.35784693644e-07,0,0,37.8811097734,0.378811097734,5.0000005436e-07,96,96,1,96,96,96,96,0,1.33675611038e-05,0.000154285714286,1,1,1,1,0.000154285714286,0,-5.56981712658e-07,8.70833333333,0,23,2026-07-26,2026-07-26,1,True
2026-07-27,0,0,36.6432337434,0.366432337434,0.353308626882,0.00353308626882,0.0951803316268,0.000951803316268,0,0,0,0,37.0917227019,0.370917227019,0,96,96,1,96,84,96,96,0,0,0,1,0.875,1,1,0,0,0,2.08333333333,1.04166666667,23,2026-07-27,2026-07-27,1,True
2026-07-28,3.40233810568e-06,3.40233810568e-08,36.6579394959,0.366579394959,0.736245150687,0.00736245150687,0.175053031896,0.00175053031896,1.04835253038e-05,1.04835253038e-07,0,0,37.5692515643,0.375692515643,2.50000026588e-07,96,96,1,96,88,96,96,0,0,8.2800008806e-05,1,0.916666666667,1,1,6.85714285714e-05,0,5.92857509772e-07,4.33333333333,2.08333333333,23,2026-07-28,2026-07-28,1,True
2026-07-29,0,0,36.6698528006,0.366698528006,0.326323838654,0.00326323838654,0.165647103804,0.00165647103804,0,0,0,0,37.1618237431,0.371618237431,0,96,96,1,96,88,96,96,0,0,0,1,0.916666666667,1,1,0,0,0,2.08333333333,2.08333333333,23,2026-07-29,2026-07-29,1,True
2026-07-30,2.20614129695e-06,2.20614129695e-08,36.6509352848,0.366509352848,0.673034373388,0.00673034373388,0,0,5.24076111137e-06,5.24076111137e-08,0,0,37.3239771051,0.373239771051,1.25000012628e-07,96,96,1,96,92,96,96,0,0,4.14000041824e-05,1,0.958333333333,1,1,3.42857142857e-05,0,2.96428745694e-07,4.29166666667,0,23,2026-07-30,2026-07-30,1,True
2026-07-31,0,0,36.5796449208,0.365796449208,0.133631457503,0.00133631457503,0.183260550354,0.00183260550354,0,0,0,0,36.8965369286,0.368965369286,0,96,96,1,96,96,96,96,0,0,0,1,1,1,1,0,0,0,1.04166666667,2.08333333333,23,2026-07-31,2026-07-31,1,True
2026-08-01,-2.75380522628e-07,-2.75380522628e-09,36.5559430564,0.365559430564,0.373266251215,0.00373266251215,0.409582070779,0.00409582070779,0,0,0,0,37.338791103,0.37338791103,6.25000199372e-08,96,96,1,96,96,96,96,0,2.44565295407e-05,0,1,1,1,1,0,0,-1.01902206419e-06,3,4,23,2026-08-01,2026-08-01,1,True
2026-08-02,0,0,35.5587635546,0.355587635546,0.264090103482,0.00264090103482,0.22288033846,0.0022288033846,0,0,0,0,36.0457339965,0.360457339965,0,96,96,1,96,96,96,96,0,0,0,1,1,1,1,0,0,0,2,2,23,2026-08-02,2026-08-02,1,True
2026-08-03,-4.66019161291e-07,-4.66019161291e-09,36.5559430564,0.365559430564,0.417540449374,0.00417540449374,0.0622491567092,0.000622491567092,0,0,0,0,37.0357321965,0.370357321965,3.1250009358e-08,96,96,1,96,88,96,96,0,1.22282645314e-05,0,1,0.916666666667,1,1,0,0,-5.09511022141e-07,3,1,23,2026-08-03,2026-08-03,1,True
2026-08-04,0,0,36.5650019062,0.365650019062,0,0,0.316126572627,0.00316126572627,0,0,0,0,36.8811284788,0.368811284788,0,96,96,1,96,96,96,96,0,0,0,1,1,1,1,0,0,0,0,5,23,2026-08-04,2026-08-04,1,True
2026-08-05,-2.7654219157e-07,-2.7654219157e-09,36.5392308132,0.365392308132,0,0,0.375564317961,0.00375564317961,0,0,0,0,36.9147948546,0.369147948546,1.56250040684e-08,96,96,1,96,84,96,96,0,6.11413202676e-06,0,1,0.875,1,1,0,0,-2.54755501115e-07,0,7,23,2026-08-05,2026-08-05,1,True
2026-08-06,0,0,36.5447998628,0.365447998628,0.165611842481,0.00165611842481,0.194920840557,0.00194920840557,0,0,0,0,36.9053325459,0.369053325459,0,96,96,1,96,96,96,96,0,0,0,1,1,1,1,0,0,0,1,3,23,2026-08-06,2026-08-06,1,True
2026-08-07,-2.46246648131e-07,-2.46246648131e-09,36.5280978044,0.365280978044,0.165444747015,0.00165444747015,0.120838649477,0.00120838649477,0,0,0,0,36.8143809546,0.368143809546,7.81250142357e-09,96,96,1,96,96,96,96,0,3.05706577444e-06,0,1,1,1,1,0,0,-1.27377740602e-07,1,3,23,2026-08-07,2026-08-07,1,True
2026-08-08,0,0,36.499600411,0.36499600411,0.256513300605,0.00256513300605,0,0,0,0,0,0,36.7561137116,0.367561137116,0,96,96,1,96,96,96,96,0,0,0,1,1,1,1,0,0,0,2,0,23,2026-08-08,2026-08-08,1,True
2026-08-09,4.58559794484e-11,4.58559794484e-13,36.499600411,0.36499600411,0.423016326065,0.00423016326065,0,0,0,0,0,0,36.9226167371,0.369226167371,3.90625010116e-09,96,96,1,96,84,96,96,0,1.52853264828e-06,0,1,0.875,1,1,0,0,-6.3688860345e-08,3,0,23,2026-08-09,2026-08-09,1,True
2026-08-10,0,0,36.499600411,0.36499600411,0,0,0.121064048407,0.00121064048407,0,0,0,0,36.6206644594,0.366206644594,0,96,96,1,96,72,96,96,0,0,0,1,0.75,1,1,0,0,0,0,3,23,2026-08-10,2026-08-10,1,True
2026-08-11,-2.37153491744e-08,-2.37153491744e-10,36.6096648599,0.366096648599,0.124727078403,0.00124727078403,0.113596457745,0.00113596457745,0,0,0,0,36.8479883723,0.368479883723,1.95313865081e-09,96,96,1,96,96,96,96,0,7.6427164597e-07,0,1,1,1,1,0,0,-3.18446519154e-08,1,4,23,2026-08-11,2026-08-11,1,True
2026-08-12,0,0,36.5901113994,0.365901113994,0.824095833969,0.00824095833969,0,0,0,0,0,0,37.4142072333,0.374142072333,0,96,96,1,96,84,96,96,0,0,0,1,0.875,1,1,0,0,0,6,0,23,2026-08-12,2026-08-12,1,True
2026-08-13,-2.60005051385e-08,-2.60005051385e-10,36.6033775403,0.366033775403,0.354744776262,0.00354744776262,0.0214788665204,0.000214788665204,0,0,0,0,36.9796011571,0.369796011571,9.76568714783e-10,96,96,1,96,92,96,96,0,3.82135584046e-07,0,1,0.958333333333,1,1,0,0,-1.59223160019e-08,3,1,23,2026-08-13,2026-08-13,1,True
2026-08-14,0,0,36.5663812339,0.365663812339,0,0,0.0619281014589,0.000619281014589,0,0,0,0,36.6283093354,0.366283093354,0,96,96,1,96,88,96,96,0,0,0,1,0.916666666667,1,1,0,0,0,0,2,23,2026-08-14,2026-08-14,1,True
2026-08-15,-1.94888904145e-10,-1.94888904145e-12,36.4943626516,0.364943626516,0.233839347014,0.00233839347014,0.0202761461591,0.000202761461591,0,0,0,0,36.7484781446,0.367484781446,4.88283746769e-10,96,96,1,96,92,96,96,0,1.91067553084e-07,0,1,0.958333333333,1,1,0,0,-7.96114804515e-09,2,1,23,2026-08-15,2026-08-15,1,True
2026-08-16,0,0,36.4943626516,0.364943626516,0,0,0.0202761461591,0.000202761461591,0,0,0,0,36.5146387978,0.365146387978,0,96,96,1,96,92,96,96,0,0,0,1,0.958333333333,1,1,0,0,0,0,1,23,2026-08-16,2026-08-16,1,True
2026-08-17,-9.96701397806e-09,-9.96701397806e-11,36.4943626516,0.364943626516,0,0,0.0165687695476,0.000165687695476,0,0,0,0,36.5109314112,0.365109314112,2.44141262762e-10,96,96,1,96,96,96,96,0,9.55335376025e-08,0,1,1,1,1,0,0,-3.98056406677e-09,0,1,23,2026-08-17,2026-08-17,1,True
2026-08-18,0,0,36.5061981343,0.365061981343,0.281623075602,0.00281623075602,0.0909746465976,0.000909746465976,0,0,0,0,36.8787958565,0.368787958565,0,96,96,1,96,92,96,96,0,0,0,1,0.958333333333,1,1,0,0,0,2,4,23,2026-08-18,2026-08-18,1,True
2026-08-19,-5.89200145847e-09,-5.89200145847e-11,36.4901872545,0.364901872545,0,0,0.0501125052439,0.000501125052439,0,0,0,0,36.5402997538,0.365402997538,1.22070020758e-10,96,96,1,96,76,96,96,0,4.77665298619e-08,0,1,0.791666666667,1,1,0,0,-1.99027207758e-09,0,2,23,2026-08-19,2026-08-19,1,True
2026-08-20,0,0,36.4977884542,0.364977884542,0.155296270876,0.00155296270876,0.0794326241135,0.000794326241135,0,0,0,0,36.7325173492,0.367325173492,0,96,96,1,96,84,96,96,0,0,0,1,0.875,1,1,0,0,0,1,4,23,2026-08-20,2026-08-20,1,True
2026-08-21,-1.33728308688e-09,-1.33728308688e-11,36.4328580946,0.364328580946,0.163867897592,0.00163867897592,0.0210602455506,0.000210602455506,0,0,0,0,36.6177862364,0.366177862364,6.10486106112e-11,96,96,1,96,92,96,96,0,2.38885867609e-08,0,1,0.958333333333,1,1,0,0,-9.95357781704e-10,1,2,23,2026-08-21,2026-08-21,1,True
2026-08-22,0,0,36.3937239687,0.363937239687,0,0,0.0652250813031,0.000652250813031,0,0,0,0,36.45894905,0.3645894905,0,96,96,1,96,88,96,96,0,0,0,1,0.916666666667,1,1,0,0,0,0,1,23,2026-08-22,2026-08-22,1,True
2026-08-23,0,0,36.3937239687,0.363937239687,0,0,0.0460546585268,0.000460546585268,0,0,0,0,36.4397786273,0.364397786273,3.05236946829e-11,96,96,1,96,88,96,96,0,1.19440544411e-08,0,1,0.916666666667,1,1,0,0,-4.97668935048e-10,0,3,23,2026-08-23,2026-08-23,1,True
2026-08-24,0,0,36.3937239687,0.363937239687,0.497883265818,0.00497883265818,0,0,0,0,0,0,36.8916072346,0.368916072346,0,96,96,1,96,92,96,96,0,0,0,1,0.958333333333,1,1,0,0,0,3,0,23,2026-08-24,2026-08-24,1,True
2026-08-25,-6.30501406736e-10,-6.30501406736e-12,36.4248972133,0.364248972133,0,0,0.0141617176793,0.000141617176793,0,0,0,0,36.4390589304,0.364390589304,1.52612367188e-11,96,96,1,96,80,96,96,0,5.97178828127e-09,0,1,0.833333333333,1,1,0,0,-2.4882451172e-10,0,1,23,2026-08-25,2026-08-25,1,True
2026-08-26,0,0,36.4262839304,0.364262839304,0.168485171508,0.00168485171508,0.0253550081852,0.000253550081852,0,0,0,0,36.6201241101,0.366201241101,0,96,96,1,96,80,96,96,0,0,0,1,0.833333333333,1,1,0,0,0,1,1,23,2026-08-26,2026-08-26,1,True
2026-08-27,-1.85904072571e-10,-1.85904072571e-12,36.3881876438,0.363881876438,0,0,0.00930993173477,9.30993173477e-05,0,0,0,0,36.3974975754,0.363974975754,7.64421859145e-12,96,96,1,96,84,96,96,0,2.99121597057e-09,0,1,0.875,1,1,0,0,-1.24633998774e-10,0,1,23,2026-08-27,2026-08-27,1,True
2026-08-28,0,0,36.4397010725,0.364397010725,0.335255191298,0.00335255191298,0.0426713318628,0.000426713318628,0,0,0,0,36.8176275956,0.368176275956,0,96,96,1,96,88,96,96,0,0,0,1,0.916666666667,1,1,0,0,0,2,4,23,2026-08-28,2026-08-28,1,True
2026-08-29,-1.20074385217e-11,-1.20074385217e-13,36.3916476495,0.363916476495,0.485577361935,0.00485577361935,0.0212688270196,0.000212688270196,0,0,0,0,36.8984938384,0.368984938384,3.83570952778e-12,96,96,1,96,88,96,96,0,1.50092981522e-09,0,1,0.916666666667,1,1,0,0,-6.25387423007e-11,3,2,23,2026-08-29,2026-08-29,1,True
2026-08-30,0,0,35.9541647649,0.359541647649,0.321770880876,0.00321770880876,0,0,0,0,0,0,36.2759356458,0.362759356458,0,96,96,1,96,96,96,96,0,0,0,1,1,1,1,0,0,0,2,0,23,2026-08-30,2026-08-30,1,True
2026-08-31,4.92573283223,0.0492573283223,34.8753289974,0.348753289974,2.81061159288,0.0281061159288,0.217617526244,0.00217617526244,23.4700953328,0.234700953328,-0.529717782956,-0.00529717782956,65.7696684987,0.657696684987,0.543477260873,96,96,1,96,88,96,96,0,99.5217597555,95.7644513442,1,0.916666666667,1,1,62.7957942857,40.00416,-1.10620594571,17.1666666667,22,22.0416666667,2026-08-31,2026-08-31,1,True
