sequence,start,variables,rows,nnz,continuous,integer,binary,status,message,raw_gap,bound_eur,incumbent_eur,objective_gap,nodes,solve_seconds,presolve_retry,solver_attempts,build_seconds,audit_seconds,audit,plan_cash_eur,salvage_eur,phase_count,qh_count
0,2024-12-31T22:00:00Z,412,502,1770,301,46,65,0,Optimization terminated successfully. (HiGHS Status 7: Optimal),9.857793285159995e-05,137678.42256384296,137664.74947253222,9.932165905313292e-05,1,0.26841300004161894,False,"[{""message"":""Optimization terminated successfully. (HiGHS Status 7: Optimal)"",""presolve"":true,""solve_seconds"":0.2684061999898404,""status"":0,""time_limit_seconds"":30.0}]",0.017229199991561472,0.013132799998857081,PASS,136633.9828569128,1030.766615619205,437,192
1,2025-01-01T22:00:00Z,397,483,1709,296,40,61,0,Optimization terminated successfully. (HiGHS Status 7: Optimal),8.911114981549708e-05,233525.4377654832,233516.70617409286,3.739172041858017e-05,1,0.05367359996307641,False,"[{""message"":""Optimization terminated successfully. (HiGHS Status 7: Optimal)"",""presolve"":true,""solve_seconds"":0.05366490001324564,""status"":0,""time_limit_seconds"":30.0}]",0.030150100006721914,0.021822899929247797,PASS,233512.34188760497,4.364286488021762,423,192
2,2025-01-02T22:00:00Z,414,502,1778,305,46,63,0,Optimization terminated successfully. (HiGHS Status 7: Optimal),3.0996395700414065e-05,244954.64726269685,244950.01880068448,1.8895536465047618e-05,1,0.055328500107862055,False,"[{""message"":""Optimization terminated successfully. (HiGHS Status 7: Optimal)"",""presolve"":true,""solve_seconds"":0.0553221000591293,""status"":0,""time_limit_seconds"":30.0}]",0.024949299986474216,0.011226299917325377,PASS,244446.88401750755,503.13478317696996,429,192
3,2025-01-03T22:00:00Z,410,496,1750,301,48,61,0,Optimization terminated successfully. (HiGHS Status 7: Optimal),3.0227719940751475e-05,477997.0108238435,477986.9890751217,2.0966572209770247e-05,1,0.09320090000983328,False,"[{""message"":""Optimization terminated successfully. (HiGHS Status 7: Optimal)"",""presolve"":true,""solve_seconds"":0.09319549996871501,""status"":0,""time_limit_seconds"":30.0}]",0.01335349993314594,0.019787500030361116,PASS,473861.5802798052,4125.408795316354,434,192
4,2025-01-04T22:00:00Z,415,503,1777,304,48,63,0,Optimization terminated successfully. (HiGHS Status 7: Optimal),8.180386578014333e-05,487170.5240953333,487157.2792973175,2.7187930014938053e-05,1,0.058303999947384,False,"[{""message"":""Optimization terminated successfully. (HiGHS Status 7: Optimal)"",""presolve"":true,""solve_seconds"":0.05829640000592917,""status"":0,""time_limit_seconds"":30.0}]",0.019882399938069284,0.011383799952454865,PASS,485479.62452764245,1677.6547696742361,433,192
5,2025-01-05T22:00:00Z,420,510,1810,309,46,65,0,Optimization terminated successfully. (HiGHS Status 7: Optimal),3.348349558830529e-05,279455.19732087664,279451.13419109734,1.4539678971287189e-05,1,0.2783318000147119,False,"[{""message"":""Optimization terminated successfully. (HiGHS Status 7: Optimal)"",""presolve"":true,""solve_seconds"":0.2783244999591261,""status"":0,""time_limit_seconds"":30.0}]",0.02218129998072982,0.02082249999511987,PASS,276244.863141575,3206.2710495222464,437,192
6,2025-01-06T22:00:00Z,359,439,1531,270,34,55,0,Optimization terminated successfully. (HiGHS Status 7: Optimal),1.1032016576738963e-05,213790.92090984408,213789.84173519042,5.047829423966719e-06,1,0.09695700008887798,False,"[{""message"":""Optimization terminated successfully. (HiGHS Status 7: Optimal)"",""presolve"":true,""solve_seconds"":0.09695150004699826,""status"":0,""time_limit_seconds"":30.0}]",0.12569799995981157,0.017609599977731705,PASS,213551.09155847688,238.7501767138171,411,192
7,2025-01-07T22:00:00Z,423,511,1823,314,46,63,0,Optimization terminated successfully. (HiGHS Status 7: Optimal),4.042511812075962e-05,277458.4636814068,277451.1007817619,2.6537647982423913e-05,1,0.1566603999817744,False,"[{""message"":""Optimization terminated successfully. (HiGHS Status 7: Optimal)"",""presolve"":true,""solve_seconds"":0.15665170003194362,""status"":0,""time_limit_seconds"":30.0}]",0.02306999999564141,0.017224399955011904,PASS,275619.9687335298,1831.132048232161,418,192
8,2025-01-08T22:00:00Z,446,540,1944,331,46,69,0,Optimization terminated successfully. (HiGHS Status 7: Optimal),5.584573959418578e-05,327322.781301684,327314.44467067043,2.5469792578002767e-05,1,0.16875740000978112,False,"[{""message"":""Optimization terminated successfully. (HiGHS Status 7: Optimal)"",""presolve"":true,""solve_seconds"":0.16874979995191097,""status"":0,""time_limit_seconds"":30.0}]",0.024389200028963387,0.010334799997508526,PASS,325558.0168768427,1756.4277938278206,465,192
9,2025-01-09T22:00:00Z,420,510,1816,311,44,65,0,Optimization terminated successfully. (HiGHS Status 7: Optimal),3.683973555043573e-05,247867.25922422626,247863.4839724098,1.5231173854086772e-05,1,0.1426951999310404,False,"[{""message"":""Optimization terminated successfully. (HiGHS Status 7: Optimal)"",""presolve"":true,""solve_seconds"":0.1426903000101447,""status"":0,""time_limit_seconds"":30.0}]",0.025927399983629584,0.011453200015239418,PASS,247373.9785808899,489.5053915198124,460,192
10,2025-01-10T22:00:00Z,426,517,1841,314,46,66,0,Optimization terminated successfully. (HiGHS Status 7: Optimal),1.2331307919003767e-05,180774.17842530116,180773.18135880493,5.51556646144383e-06,1,0.18058689997997135,False,"[{""message"":""Optimization terminated successfully. (HiGHS Status 7: Optimal)"",""presolve"":true,""solve_seconds"":0.18058060004841536,""status"":0,""time_limit_seconds"":30.0}]",0.013179500005207956,0.020846299943514168,PASS,180450.22085250504,322.96050630003157,446,192
11,2025-01-11T22:00:00Z,417,507,1801,308,44,65,0,Optimization terminated successfully. (HiGHS Status 7: Optimal),2.9720394427262214e-05,321789.55536881683,321782.3174149322,2.249332388053598e-05,1,0.048035899992100894,False,"[{""message"":""Optimization terminated successfully. (HiGHS Status 7: Optimal)"",""presolve"":true,""solve_seconds"":0.04803009994793683,""status"":0,""time_limit_seconds"":30.0}]",0.024468000046908855,0.013242400018498302,PASS,315938.5030866104,5843.814328321738,443,192
12,2025-01-12T22:00:00Z,438,531,1903,324,46,68,0,Optimization terminated successfully. (HiGHS Status 7: Optimal),2.6403606581269423e-05,503696.6224475375,503689.5294132218,1.4082155576953902e-05,1,0.2998096999945119,False,"[{""message"":""Optimization terminated successfully. (HiGHS Status 7: Optimal)"",""presolve"":true,""solve_seconds"":0.2998037999495864,""status"":0,""time_limit_seconds"":30.0}]",0.026040799915790558,0.01583369995933026,PASS,500166.92370491085,3522.605708310639,451,192
13,2025-01-13T22:00:00Z,460,556,2010,341,48,71,0,Optimization terminated successfully. (HiGHS Status 7: Optimal),2.4658594766246805e-05,481717.1911325187,481711.76126656646,1.1272022792126052e-05,1,0.5686028000200167,False,"[{""message"":""Optimization terminated successfully. (HiGHS Status 7: Optimal)"",""presolve"":true,""solve_seconds"":0.5685950999613851,""status"":0,""time_limit_seconds"":30.0}]",0.02112360007595271,0.021039300016127527,PASS,448861.6308221969,32850.13044436977,478,192
14,2025-01-14T22:00:00Z,447,542,1950,331,46,70,0,Optimization terminated successfully. (HiGHS Status 7: Optimal),3.582460205683464e-05,357692.07763225026,357685.84508208616,1.742464861217042e-05,1,0.18943859997671098,False,"[{""message"":""Optimization terminated successfully. (HiGHS Status 7: Optimal)"",""presolve"":true,""solve_seconds"":0.1894337999401614,""status"":0,""time_limit_seconds"":30.0}]",0.026091999956406653,0.02096150000579655,PASS,352235.9199844552,5449.92509762589,483,192
15,2025-01-15T22:00:00Z,452,546,1968,335,48,69,0,Optimization terminated successfully. (HiGHS Status 7: Optimal),4.565543331121606e-05,341382.84586664545,341374.8278451725,2.3487442010806595e-05,1,0.16018370003439486,False,"[{""message"":""Optimization terminated successfully. (HiGHS Status 7: Optimal)"",""presolve"":true,""solve_seconds"":0.1601778999902308,""status"":0,""time_limit_seconds"":30.0}]",0.015107500017620623,0.013649699976667762,PASS,333578.06102625764,7796.766818914627,479,192
16,2025-01-16T22:00:00Z,451,545,1963,334,48,69,0,Optimization terminated successfully. (HiGHS Status 7: Optimal),4.089729865304916e-05,279065.4294174802,279060.7735075392,1.6684214991907715e-05,1,0.23617020004894584,False,"[{""message"":""Optimization terminated successfully. (HiGHS Status 7: Optimal)"",""presolve"":true,""solve_seconds"":0.23616390000097454,""status"":0,""time_limit_seconds"":30.0}]",0.026888399966992438,0.020474999910220504,PASS,276350.1446131073,2710.6288944324533,483,192
17,2025-01-17T22:00:00Z,444,535,1931,332,46,66,0,Optimization terminated successfully. (HiGHS Status 7: Optimal),2.7918092497717425e-05,283790.4693261754,283785.58008218755,1.722865547445571e-05,1,0.0882953000254929,False,"[{""message"":""Optimization terminated successfully. (HiGHS Status 7: Optimal)"",""presolve"":true,""solve_seconds"":0.08829009998589754,""status"":0,""time_limit_seconds"":30.0}]",0.018203700077719986,0.0207012000028044,PASS,283753.5959377745,31.984144413349785,483,192
18,2025-01-18T22:00:00Z,453,548,1980,337,46,70,0,Optimization terminated successfully. (HiGHS Status 7: Optimal),4.7954141336447654e-05,378726.49970323243,378716.5726873174,2.621225642333718e-05,1,0.3243644000031054,False,"[{""message"":""Optimization terminated successfully. (HiGHS Status 7: Optimal)"",""presolve"":true,""solve_seconds"":0.3243572999490425,""status"":0,""time_limit_seconds"":30.0}]",0.02994929999113083,0.018547700019553304,PASS,351955.76301547064,26760.809671846495,485,192
19,2025-01-19T22:00:00Z,446,539,1943,332,46,68,0,Optimization terminated successfully. (HiGHS Status 7: Optimal),2.17814162652861e-05,383251.17091139185,383246.6599307974,1.177043681281427e-05,1,0.11220139998476952,False,"[{""message"":""Optimization terminated successfully. (HiGHS Status 7: Optimal)"",""presolve"":true,""solve_seconds"":0.11218960001133382,""status"":0,""time_limit_seconds"":30.0}]",0.026720300083979964,0.021315500023774803,PASS,356334.1783213694,26912.48160942778,483,192
20,2025-01-20T22:00:00Z,444,537,1939,332,44,68,0,Optimization terminated successfully. (HiGHS Status 7: Optimal),6.276521248929538e-05,353270.47376331594,353259.38170756475,3.139918237293306e-05,1,0.25638420006725937,False,"[{""message"":""Optimization terminated successfully. (HiGHS Status 7: Optimal)"",""presolve"":true,""solve_seconds"":0.2563766000093892,""status"":0,""time_limit_seconds"":30.0}]",0.02741270000115037,0.018371299956925213,PASS,350731.05161825736,2528.3300893074033,480,192
21,2025-01-21T22:00:00Z,422,510,1818,313,46,63,0,Optimization terminated successfully. (HiGHS Status 7: Optimal),1.7054893194634083e-05,590265.4677798207,590258.317109383,1.2114476374924528e-05,1,0.33477020007558167,False,"[{""message"":""Optimization terminated successfully. (HiGHS Status 7: Optimal)"",""presolve"":true,""solve_seconds"":0.33476390002761036,""status"":0,""time_limit_seconds"":30.0}]",0.025538699934259057,0.018805600004270673,PASS,586041.113775073,4217.203334310087,466,192
22,2025-01-22T22:00:00Z,459,554,2004,341,48,70,0,Optimization terminated successfully. (HiGHS Status 7: Optimal),2.449023305919653e-05,614593.2665906452,614588.3093122942,8.066014722110909e-06,1,0.3430149999912828,False,"[{""message"":""Optimization terminated successfully. (HiGHS Status 7: Optimal)"",""presolve"":true,""solve_seconds"":0.3430050000315532,""status"":0,""time_limit_seconds"":30.0}]",0.029428199981339276,0.019805399933829904,PASS,614465.2702848334,123.03902746129738,473,192
23,2025-01-23T22:00:00Z,425,512,1832,317,46,62,0,Optimization terminated successfully. (HiGHS Status 7: Optimal),8.268141674452481e-05,406475.5764419341,406458.4921429311,4.2032087736523904e-05,1,0.02952980005647987,False,"[{""message"":""Optimization terminated successfully. (HiGHS Status 7: Optimal)"",""presolve"":true,""solve_seconds"":0.029524300014600158,""status"":0,""time_limit_seconds"":30.0}]",0.02557689999230206,0.021879700012505054,PASS,406439.56884223304,18.92330069834714,478,192
24,2025-01-24T22:00:00Z,452,545,1967,336,48,68,0,Optimization terminated successfully. (HiGHS Status 7: Optimal),8.72737767078875e-05,320187.93160106504,320177.8316672409,3.1544763019850456e-05,1,0.0733516999753192,False,"[{""message"":""Optimization terminated successfully. (HiGHS Status 7: Optimal)"",""presolve"":true,""solve_seconds"":0.07334490003995597,""status"":0,""time_limit_seconds"":30.0}]",0.019808599958196282,0.021270899916999042,PASS,318037.9881271026,2139.8435401383817,475,192
25,2025-01-25T22:00:00Z,430,520,1854,317,48,65,0,Optimization terminated successfully. (HiGHS Status 7: Optimal),5.607957590067954e-06,453864.5761250402,453862.6555753687,4.231565756433458e-06,1,0.17176900000777096,False,"[{""message"":""Optimization terminated successfully. (HiGHS Status 7: Optimal)"",""presolve"":true,""solve_seconds"":0.17176209995523095,""status"":0,""time_limit_seconds"":30.0}]",0.02686430001631379,0.01999739999882877,PASS,448854.93985615746,5007.715719211065,472,192
26,2025-01-26T22:00:00Z,433,524,1876,321,46,66,0,Optimization terminated successfully. (HiGHS Status 7: Optimal),4.379732902743406e-05,583455.6421832072,583444.7712480819,1.8632329332597794e-05,1,0.14139449992217124,False,"[{""message"":""Optimization terminated successfully. (HiGHS Status 7: Optimal)"",""presolve"":true,""solve_seconds"":0.14138790010474622,""status"":0,""time_limit_seconds"":30.0}]",0.019715199945494533,0.02227000007405877,PASS,579475.2015510255,3969.569697056398,459,192
27,2025-01-27T22:00:00Z,449,541,1951,334,48,67,0,Optimization terminated successfully. (HiGHS Status 7: Optimal),5.668694586556052e-05,471475.87072033674,471462.8628951744,2.7590349497394257e-05,1,0.07271620002575219,False,"[{""message"":""Optimization terminated successfully. (HiGHS Status 7: Optimal)"",""presolve"":true,""solve_seconds"":0.07270789996255189,""status"":0,""time_limit_seconds"":30.0}]",0.0280971999745816,0.016452800016850233,PASS,470931.4167203317,531.4461748424867,474,192
28,2025-01-28T22:00:00Z,427,514,1842,319,46,62,0,Optimization terminated successfully. (HiGHS Status 7: Optimal),2.672948192503701e-05,508904.9107325465,508897.3648039419,1.4827997011654285e-05,1,0.42648090003058314,False,"[{""message"":""Optimization terminated successfully. (HiGHS Status 7: Optimal)"",""presolve"":true,""solve_seconds"":0.4264750999864191,""status"":0,""time_limit_seconds"":30.0}]",0.030132400104776025,0.02263749996200204,PASS,508509.73230054224,387.6325033998251,476,192
29,2025-01-29T22:00:00Z,447,541,1949,332,46,69,0,Optimization terminated successfully. (HiGHS Status 7: Optimal),3.645899125101218e-05,435123.8961247356,435118.21851852484,1.304842217382616e-05,1,0.12162710004486144,False,"[{""message"":""Optimization terminated successfully. (HiGHS Status 7: Optimal)"",""presolve"":true,""solve_seconds"":0.12161979998927563,""status"":0,""time_limit_seconds"":30.0}]",0.02872929989825934,0.021441999939270318,PASS,434670.4545188939,447.7639996314077,472,192
30,2025-01-30T22:00:00Z,429,520,1856,317,46,66,0,Optimization terminated successfully. (HiGHS Status 7: Optimal),2.7076858572631213e-05,375179.45510778314,375173.43176738714,1.605481594905569e-05,1,0.055833499995060265,False,"[{""message"":""Optimization terminated successfully. (HiGHS Status 7: Optimal)"",""presolve"":true,""solve_seconds"":0.05582639994099736,""status"":0,""time_limit_seconds"":30.0}]",0.025800199946388602,0.019768500002101064,PASS,375098.24054917577,75.19121821131749,466,192
31,2025-01-31T22:00:00Z,443,536,1928,329,46,68,0,Optimization terminated successfully. (HiGHS Status 7: Optimal),1.2175309950026009e-05,398722.2516352645,398720.0740324035,5.461482886821512e-06,1,0.0608878000639379,False,"[{""message"":""Optimization terminated successfully. (HiGHS Status 7: Optimal)"",""presolve"":true,""solve_seconds"":0.060879800003021955,""status"":0,""time_limit_seconds"":30.0}]",0.026970800012350082,0.019439100055024028,PASS,398582.32818362984,137.74584877371248,464,192
32,2025-02-01T22:00:00Z,427,518,1852,317,44,66,0,Optimization terminated successfully. (HiGHS Status 7: Optimal),5.113463049757692e-05,328429.01434877503,328421.2220548728,2.3726523680469685e-05,1,0.05029130005277693,False,"[{""message"":""Optimization terminated successfully. (HiGHS Status 7: Optimal)"",""presolve"":true,""solve_seconds"":0.05028299998957664,""status"":0,""time_limit_seconds"":30.0}]",0.026816300000064075,0.02249100001063198,PASS,324651.8886228389,3769.3334320330687,464,192
33,2025-02-02T22:00:00Z,463,559,2025,344,48,71,0,Optimization terminated successfully. (HiGHS Status 7: Optimal),5.6946585462793114e-05,311674.6737494018,311665.231567961,3.0295908829240167e-05,1,0.40215690003242344,False,"[{""message"":""Optimization terminated successfully. (HiGHS Status 7: Optimal)"",""presolve"":true,""solve_seconds"":0.40214959997683764,""status"":0,""time_limit_seconds"":30.0}]",0.026217899983748794,0.021362299914471805,PASS,309882.276092504,1782.9554754571723,476,192
34,2025-02-03T22:00:00Z,452,545,1973,338,46,68,0,Optimization terminated successfully. (HiGHS Status 7: Optimal),1.2017211431617257e-05,433540.8926193693,433537.62192534737,7.544198834290949e-06,1,0.14568930002860725,False,"[{""message"":""Optimization terminated successfully. (HiGHS Status 7: Optimal)"",""presolve"":true,""solve_seconds"":0.1456828999798745,""status"":0,""time_limit_seconds"":30.0}]",0.022555700037628412,0.01162480004131794,PASS,430602.82974788226,2934.792177464765,495,192
35,2025-02-04T22:00:00Z,442,536,1918,325,48,69,0,Optimization terminated successfully. (HiGHS Status 7: Optimal),6.1097424939729e-05,538151.0262844014,538134.4306820852,3.083913864267128e-05,1,0.3643615000182763,False,"[{""message"":""Optimization terminated successfully. (HiGHS Status 7: Optimal)"",""presolve"":true,""solve_seconds"":0.36435479996725917,""status"":0,""time_limit_seconds"":30.0}]",0.02724369999486953,0.02142540004570037,PASS,532568.0878673014,5566.342814783813,478,192
36,2025-02-05T22:00:00Z,421,510,1826,315,42,64,0,Optimization terminated successfully. (HiGHS Status 7: Optimal),2.1232899587479828e-05,425279.0947162936,425275.6566683836,8.084280997709744e-06,1,0.2967060999944806,False,"[{""message"":""Optimization terminated successfully. (HiGHS Status 7: Optimal)"",""presolve"":true,""solve_seconds"":0.2966987999388948,""status"":0,""time_limit_seconds"":30.0}]",0.02438129996880889,0.02343149995431304,PASS,425028.23013919883,247.42652918410826,459,192
37,2025-02-06T22:00:00Z,433,524,1870,319,48,66,0,Optimization terminated successfully. (HiGHS Status 7: Optimal),2.7932124802482916e-05,431914.17014201346,431906.55675322935,1.762739802179772e-05,1,0.1102696000598371,False,"[{""message"":""Optimization terminated successfully. (HiGHS Status 7: Optimal)"",""presolve"":true,""solve_seconds"":0.11026240000501275,""status"":0,""time_limit_seconds"":30.0}]",0.09413490002043545,0.020535999909043312,PASS,431886.2871737448,20.26957948471084,456,192
38,2025-02-07T22:00:00Z,444,538,1928,327,48,69,0,Optimization terminated successfully. (HiGHS Status 7: Optimal),1.2365799887718122e-05,670624.7186999703,670619.7683510238,7.3817521941994655e-06,1,0.43471119995228946,False,"[{""message"":""Optimization terminated successfully. (HiGHS Status 7: Optimal)"",""presolve"":true,""solve_seconds"":0.434703900013119,""status"":0,""time_limit_seconds"":30.0}]",0.022961599985137582,0.019030299969017506,PASS,670619.7683510237,1.9810665582061422e-11,463,192
39,2025-02-08T22:00:00Z,440,532,1912,327,46,67,0,Optimization terminated successfully. (HiGHS Status 7: Optimal),2.1771215257735484e-05,707502.1649222123,707495.4201996872,9.533238424502347e-06,1,0.28738330001942813,False,"[{""message"":""Optimization terminated successfully. (HiGHS Status 7: Optimal)"",""presolve"":true,""solve_seconds"":0.2873766999691725,""status"":0,""time_limit_seconds"":30.0}]",0.01820040005259216,0.01725749997422099,PASS,707495.4201996867,2.5191937425006474e-13,470,192
40,2025-02-09T22:00:00Z,364,443,1555,276,34,54,0,Optimization terminated successfully. (HiGHS Status 7: Optimal),6.41589204124568e-05,413297.0619550715,413290.2361393222,1.651579242001603e-05,1,0.034809599979780614,False,"[{""message"":""Optimization terminated successfully. (HiGHS Status 7: Optimal)"",""presolve"":true,""solve_seconds"":0.03480140003375709,""status"":0,""time_limit_seconds"":30.0}]",0.022357100038789213,0.018766999943181872,PASS,411695.24395674217,1594.9921825800868,434,192
41,2025-02-10T22:00:00Z,395,481,1705,296,38,61,0,Optimization terminated successfully. (HiGHS Status 7: Optimal),4.8801108550346706e-05,407106.07952692907,407091.1734969178,3.661594989447682e-05,1,0.017487599980086088,False,"[{""message"":""Optimization terminated successfully. (HiGHS Status 7: Optimal)"",""presolve"":true,""solve_seconds"":0.017480299924500287,""status"":0,""time_limit_seconds"":30.0}]",0.014008799917064607,0.01438930002041161,PASS,407061.7460460002,29.427450917676904,409,192
42,2025-02-11T22:00:00Z,431,521,1871,322,44,65,0,Optimization terminated successfully. (HiGHS Status 7: Optimal),9.950755629619019e-05,546044.8897471756,546020.5933221153,4.449726870655925e-05,1,0.026186599978245795,False,"[{""message"":""Optimization terminated successfully. (HiGHS Status 7: Optimal)"",""presolve"":true,""solve_seconds"":0.026180899934843183,""status"":0,""time_limit_seconds"":30.0}]",0.02123109996318817,0.021402899990789592,PASS,535150.4644857505,10870.12883636455,444,192
43,2025-02-12T22:00:00Z,437,528,1896,325,46,66,0,Optimization terminated successfully. (HiGHS Status 7: Optimal),9.037072071295851e-05,386511.30357882683,386497.1364074637,3.6655307448904416e-05,1,0.3198026000754908,False,"[{""message"":""Optimization terminated successfully. (HiGHS Status 7: Optimal)"",""presolve"":true,""solve_seconds"":0.3197958000237122,""status"":0,""time_limit_seconds"":30.0}]",0.02499760000500828,0.02167139993980527,PASS,383006.86005715764,3490.2763503057317,468,192
44,2025-02-13T22:00:00Z,448,541,1947,332,48,68,0,Optimization terminated successfully. (HiGHS Status 7: Optimal),7.243697618530736e-05,280727.35344206216,280717.907647879,3.3648705429320956e-05,1,0.08719549991656095,False,"[{""message"":""Optimization terminated successfully. (HiGHS Status 7: Optimal)"",""presolve"":true,""solve_seconds"":0.08718930010218173,""status"":0,""time_limit_seconds"":30.0}]",0.026943500037305057,0.015365200000815094,PASS,280494.06763970724,223.8400081716653,475,192
45,2025-02-14T22:00:00Z,450,544,1958,333,48,69,0,Optimization terminated successfully. (HiGHS Status 7: Optimal),5.165447694122768e-05,234718.03302047396,234712.4989615649,2.3578032416392748e-05,1,0.287384600029327,False,"[{""message"":""Optimization terminated successfully. (HiGHS Status 7: Optimal)"",""presolve"":true,""solve_seconds"":0.2873775999760255,""status"":0,""time_limit_seconds"":30.0}]",0.022050899919122458,0.021811600076034665,PASS,234712.49896156503,1.0168636883634008e-10,480,192
46,2025-02-15T22:00:00Z,415,503,1795,310,42,63,0,Optimization terminated successfully. (HiGHS Status 7: Optimal),1.9974713848752725e-05,255831.67132910757,255828.64539089057,1.1827988270746016e-05,1,0.19114339991938323,False,"[{""message"":""Optimization terminated successfully. (HiGHS Status 7: Optimal)"",""presolve"":true,""solve_seconds"":0.19113669998478144,""status"":0,""time_limit_seconds"":30.0}]",0.022307800012640655,0.019636200042441487,PASS,253726.3017222884,2102.3436686021387,463,192
47,2025-02-16T22:00:00Z,444,537,1933,330,46,68,0,Optimization terminated successfully. (HiGHS Status 7: Optimal),4.555908100983963e-05,324798.8407659316,324790.7002516708,2.5063877304646905e-05,1,0.19186829996760935,False,"[{""message"":""Optimization terminated successfully. (HiGHS Status 7: Optimal)"",""presolve"":true,""solve_seconds"":0.19186229992192239,""status"":0,""time_limit_seconds"":30.0}]",0.02322590001858771,0.019935899996198714,PASS,320899.60592024046,3891.0943314302344,461,192
48,2025-02-17T22:00:00Z,440,532,1912,327,46,67,0,Optimization terminated successfully. (HiGHS Status 7: Optimal),3.367353342729613e-05,429879.5992906167,429870.89839077735,2.0240727790401434e-05,1,0.20790330006275326,False,"[{""message"":""Optimization terminated successfully. (HiGHS Status 7: Optimal)"",""presolve"":true,""solve_seconds"":0.20789700001478195,""status"":0,""time_limit_seconds"":30.0}]",0.021995700080879033,0.020252699963748455,PASS,429778.5869742958,92.31141648189151,474,192
49,2025-02-18T22:00:00Z,449,543,1953,332,48,69,0,Optimization terminated successfully. (HiGHS Status 7: Optimal),6.675419750719375e-05,648274.8077818457,648248.5685686676,4.047708618313939e-05,1,0.41246690007392317,False,"[{""message"":""Optimization terminated successfully. (HiGHS Status 7: Optimal)"",""presolve"":true,""solve_seconds"":0.4124605000251904,""status"":0,""time_limit_seconds"":30.0}]",0.02503030002117157,0.023613099940121174,PASS,645433.8741818408,2814.6943868263006,475,192
50,2025-02-19T22:00:00Z,430,522,1868,319,44,67,0,Optimization terminated successfully. (HiGHS Status 7: Optimal),3.771778352236562e-05,706875.5195551601,706863.4659898093,1.7052183244395608e-05,1,0.041989199933595955,False,"[{""message"":""Optimization terminated successfully. (HiGHS Status 7: Optimal)"",""presolve"":true,""solve_seconds"":0.04198280000127852,""status"":0,""time_limit_seconds"":30.0}]",0.02035110001452267,0.01724149996880442,PASS,704431.0876669226,2432.378322886095,467,192
51,2025-02-20T22:00:00Z,397,482,1708,297,40,60,0,Optimization terminated successfully. (HiGHS Status 7: Optimal),2.2270207048870347e-05,677227.4123473642,677219.3346479326,1.1927744850762772e-05,1,0.2795505999820307,False,"[{""message"":""Optimization terminated successfully. (HiGHS Status 7: Optimal)"",""presolve"":true,""solve_seconds"":0.27954340004362166,""status"":0,""time_limit_seconds"":30.0}]",0.015021800063550472,0.018172399955801666,PASS,675795.1694287915,1424.1652191414767,441,192
52,2025-02-21T22:00:00Z,413,502,1780,305,44,64,0,Optimization terminated successfully. (HiGHS Status 7: Optimal),4.285250111825287e-05,648222.3910585963,648209.984150196,1.914026118653856e-05,1,0.3634625000413507,False,"[{""message"":""Optimization terminated successfully. (HiGHS Status 7: Optimal)"",""presolve"":true,""solve_seconds"":0.36345609999261796,""status"":0,""time_limit_seconds"":30.0}]",0.026154399965889752,0.021306800073944032,PASS,648182.4651519458,27.51899825473979,430,192
53,2025-02-22T22:00:00Z,448,541,1953,334,46,68,0,Optimization terminated successfully. (HiGHS Status 7: Optimal),5.5523790439815784e-05,545805.9092132321,545791.5026806187,2.639567040286889e-05,1,0.21369070000946522,False,"[{""message"":""Optimization terminated successfully. (HiGHS Status 7: Optimal)"",""presolve"":true,""solve_seconds"":0.2136825000634417,""status"":0,""time_limit_seconds"":30.0}]",0.027136099990457296,0.021919899969361722,PASS,542941.5723696542,2849.930310963898,459,192
54,2025-02-23T22:00:00Z,441,533,1917,328,46,67,0,Optimization terminated successfully. (HiGHS Status 7: Optimal),7.599820880579248e-05,505798.8800807544,505779.65853026765,3.8003802965513594e-05,1,0.08486069994978607,False,"[{""message"":""Optimization terminated successfully. (HiGHS Status 7: Optimal)"",""presolve"":true,""solve_seconds"":0.08485500002279878,""status"":0,""time_limit_seconds"":30.0}]",0.026542500010691583,0.010552199906669557,PASS,501798.8951622488,3980.7633680175113,479,192
55,2025-02-24T22:00:00Z,436,528,1892,323,46,67,0,Optimization terminated successfully. (HiGHS Status 7: Optimal),2.742903127228529e-05,533928.7350615615,533920.8268090833,1.4811657611062487e-05,1,0.23917199997231364,False,"[{""message"":""Optimization terminated successfully. (HiGHS Status 7: Optimal)"",""presolve"":true,""solve_seconds"":0.23916530003771186,""status"":0,""time_limit_seconds"":30.0}]",0.01795120001770556,0.02168780006468296,PASS,530392.6401333301,3528.1866757530343,469,192
56,2025-02-25T22:00:00Z,437,529,1897,324,46,67,0,Optimization terminated successfully. (HiGHS Status 7: Optimal),1.5439147120705723e-05,548256.557512725,548252.448044915,7.4955758513698184e-06,1,0.15633480006363243,False,"[{""message"":""Optimization terminated successfully. (HiGHS Status 7: Optimal)"",""presolve"":true,""solve_seconds"":0.15632890001870692,""status"":0,""time_limit_seconds"":30.0}]",0.016528799897059798,0.018379799905233085,PASS,546291.7410693951,1960.706975519926,465,192
57,2025-02-26T22:00:00Z,460,555,2009,342,48,70,0,Optimization terminated successfully. (HiGHS Status 7: Optimal),2.99187442677855e-05,482513.3938062301,482506.7825795235,1.3701831653529868e-05,1,0.3030875000404194,False,"[{""message"":""Optimization terminated successfully. (HiGHS Status 7: Optimal)"",""presolve"":true,""solve_seconds"":0.3030826000031084,""status"":0,""time_limit_seconds"":30.0}]",0.01825480000115931,0.022365800105035305,PASS,481822.0258341957,684.756745327183,481,192
58,2025-02-27T22:00:00Z,461,556,2014,343,48,70,0,Optimization terminated successfully. (HiGHS Status 7: Optimal),8.273396533097693e-05,344323.4328225262,344312.9489291317,3.0448733999505412e-05,1,0.5620701999869198,False,"[{""message"":""Optimization terminated successfully. (HiGHS Status 7: Optimal)"",""presolve"":true,""solve_seconds"":0.562060400028713,""status"":0,""time_limit_seconds"":30.0}]",0.0293465000577271,0.03041559993289411,PASS,343742.5862536259,570.3626755065102,497,192
59,2025-02-28T22:00:00Z,435,527,1893,324,44,67,0,Optimization terminated successfully. (HiGHS Status 7: Optimal),6.850321561675938e-05,343765.0550216552,343749.98301805084,4.384583083335628e-05,1,0.24542290007229894,False,"[{""message"":""Optimization terminated successfully. (HiGHS Status 7: Optimal)"",""presolve"":true,""solve_seconds"":0.2454159000189975,""status"":0,""time_limit_seconds"":30.0}]",0.02840979991015047,0.022584399906918406,PASS,343749.9830180509,-8.478370236986167e-11,482,192
60,2025-03-01T22:00:00Z,408,496,1760,303,42,63,0,Optimization terminated successfully. (HiGHS Status 7: Optimal),4.3990608321168114e-05,582730.206864189,582714.1503570053,2.755468899093553e-05,1,0.019790300051681697,False,"[{""message"":""Optimization terminated successfully. (HiGHS Status 7: Optimal)"",""presolve"":true,""solve_seconds"":0.019779699970968068,""status"":0,""time_limit_seconds"":30.0}]",0.03051970002707094,0.024420300032943487,PASS,582371.3380881585,342.8122688466148,449,192
61,2025-03-02T22:00:00Z,383,466,1636,285,40,58,0,Optimization terminated successfully. (HiGHS Status 7: Optimal),6.579598783211949e-05,723721.6092583818,723697.8213562667,3.286993744218945e-05,1,0.030046000028960407,False,"[{""message"":""Optimization terminated successfully. (HiGHS Status 7: Optimal)"",""presolve"":true,""solve_seconds"":0.030038299970328808,""status"":0,""time_limit_seconds"":30.0}]",0.03043080004863441,0.01790080009959638,PASS,721479.2405764603,2218.580779806156,419,192
62,2025-03-03T22:00:00Z,406,491,1747,304,42,60,0,Optimization terminated successfully. (HiGHS Status 7: Optimal),1.7691709333575154e-05,758703.8462745117,758696.7382644727,9.368710422066615e-06,1,0.10963770002126694,False,"[{""message"":""Optimization terminated successfully. (HiGHS Status 7: Optimal)"",""presolve"":true,""solve_seconds"":0.10963099997024983,""status"":0,""time_limit_seconds"":30.0}]",0.023193400003947318,0.017381699988618493,PASS,757869.7251926644,827.013071808595,423,192
63,2025-03-04T22:00:00Z,433,524,1882,323,44,66,0,Optimization terminated successfully. (HiGHS Status 7: Optimal),5.097667423640472e-05,708775.3844063982,708759.5801860733,2.2298422154235582e-05,1,0.4581894000293687,False,"[{""message"":""Optimization terminated successfully. (HiGHS Status 7: Optimal)"",""presolve"":true,""solve_seconds"":0.45818279997911304,""status"":0,""time_limit_seconds"":30.0}]",0.020343499956652522,0.020800399943254888,PASS,706995.3425949957,1764.2375910775643,453,192
64,2025-03-05T22:00:00Z,431,521,1871,322,44,65,0,Optimization terminated successfully. (HiGHS Status 7: Optimal),4.346379180516427e-05,585698.4548117693,585686.302996448,2.0747993011149775e-05,1,0.2267505000345409,False,"[{""message"":""Optimization terminated successfully. (HiGHS Status 7: Optimal)"",""presolve"":true,""solve_seconds"":0.2267417999682948,""status"":0,""time_limit_seconds"":30.0}]",0.022043899982236326,0.01976779999677092,PASS,585662.7233280285,23.5796684189136,466,192
65,2025-03-06T22:00:00Z,448,541,1953,334,46,68,0,Optimization terminated successfully. (HiGHS Status 7: Optimal),6.697338016619723e-05,446260.6131421325,446249.31142144883,2.5326023804263364e-05,1,0.27837960002943873,False,"[{""message"":""Optimization terminated successfully. (HiGHS Status 7: Optimal)"",""presolve"":true,""solve_seconds"":0.27837209997233003,""status"":0,""time_limit_seconds"":30.0}]",0.025087099988013506,0.01563100004568696,PASS,446249.3114214485,-3.705220133080426e-10,475,192
66,2025-03-07T22:00:00Z,447,540,1942,331,48,68,0,Optimization terminated successfully. (HiGHS Status 7: Optimal),5.7933474697088314e-05,374943.4484079709,374931.3984808176,3.2139018503385895e-05,1,0.35692600009497255,False,"[{""message"":""Optimization terminated successfully. (HiGHS Status 7: Optimal)"",""presolve"":true,""solve_seconds"":0.35691910004243255,""status"":0,""time_limit_seconds"":30.0}]",0.02620359999127686,0.018766800058074296,PASS,374723.455208442,207.94327237533042,481,192
67,2025-03-08T22:00:00Z,451,545,1969,336,46,69,0,Optimization terminated successfully. (HiGHS Status 7: Optimal),4.219038066638266e-05,396105.6811113126,396097.6585110536,2.0254096651691536e-05,1,0.33009689999744296,False,"[{""message"":""Optimization terminated successfully. (HiGHS Status 7: Optimal)"",""presolve"":true,""solve_seconds"":0.3300900000613183,""status"":0,""time_limit_seconds"":30.0}]",0.09448189998511225,0.020431700046174228,PASS,393152.44996979024,2945.208541263453,482,192
68,2025-03-09T22:00:00Z,433,523,1881,324,44,65,0,Optimization terminated successfully. (HiGHS Status 7: Optimal),2.3583336148831255e-05,447363.80351787666,447357.6165206306,1.3830092564815145e-05,1,0.15901489998213947,False,"[{""message"":""Optimization terminated successfully. (HiGHS Status 7: Optimal)"",""presolve"":true,""solve_seconds"":0.15900860005058348,""status"":0,""time_limit_seconds"":30.0}]",0.02768230007495731,0.01647849997971207,PASS,441998.6667812425,5358.949739387805,478,192
69,2025-03-10T22:00:00Z,455,550,1990,339,46,70,0,Optimization terminated successfully. (HiGHS Status 7: Optimal),3.570710334175714e-05,454818.1206242585,454810.9755496003,1.570998731840152e-05,1,0.37933350005187094,False,"[{""message"":""Optimization terminated successfully. (HiGHS Status 7: Optimal)"",""presolve"":true,""solve_seconds"":0.3793269000016153,""status"":0,""time_limit_seconds"":30.0}]",0.020854000002145767,0.0205646000104025,PASS,453344.8624417574,1466.1131078432509,480,192
70,2025-03-11T22:00:00Z,401,487,1735,302,38,61,0,Optimization terminated successfully. (HiGHS Status 7: Optimal),4.575394944326134e-05,534309.1711728829,534293.7257423024,2.8908126441252927e-05,1,0.13430769997648895,False,"[{""message"":""Optimization terminated successfully. (HiGHS Status 7: Optimal)"",""presolve"":true,""solve_seconds"":0.13430120004341006,""status"":0,""time_limit_seconds"":30.0}]",0.025671899900771677,0.02153949998319149,PASS,534237.9385516851,55.78719062012771,462,192
71,2025-03-12T22:00:00Z,398,483,1719,300,38,60,0,Optimization terminated successfully. (HiGHS Status 7: Optimal),1.123249167784935e-05,534059.071898003,534056.8457192221,4.1684303810366144e-06,1,0.13388229999691248,False,"[{""message"":""Optimization terminated successfully. (HiGHS Status 7: Optimal)"",""presolve"":true,""solve_seconds"":0.13387599994894117,""status"":0,""time_limit_seconds"":30.0}]",0.0251265000551939,0.02100629999767989,PASS,534056.8457192216,-3.092419949742483e-13,433,192
72,2025-03-13T22:00:00Z,378,460,1628,287,34,57,0,Optimization terminated successfully. (HiGHS Status 7: Optimal),7.206715981745014e-05,328813.65119321126,328804.1194921762,2.8988995179750782e-05,1,0.21409959997981787,False,"[{""message"":""Optimization terminated successfully. (HiGHS Status 7: Optimal)"",""presolve"":true,""solve_seconds"":0.21409159991890192,""status"":0,""time_limit_seconds"":30.0}]",0.022178399958647788,0.019882700056768954,PASS,328804.1194921766,1.0099996072080824e-10,422,192
73,2025-03-14T22:00:00Z,430,521,1867,320,44,66,0,Optimization terminated successfully. (HiGHS Status 7: Optimal),4.951361708240896e-05,356935.18491821026,356923.9882379635,3.136992921661243e-05,1,0.12137189996428788,False,"[{""message"":""Optimization terminated successfully. (HiGHS Status 7: Optimal)"",""presolve"":true,""solve_seconds"":0.12136709992773831,""status"":0,""time_limit_seconds"":30.0}]",0.01856869994662702,0.0200118999928236,PASS,356923.98823796335,3.754168620417886e-11,436,192
74,2025-03-15T22:00:00Z,428,518,1856,319,44,65,0,Optimization terminated successfully. (HiGHS Status 7: Optimal),5.5810431009210706e-05,482880.3981294967,482865.978066087,2.9863490212076798e-05,1,0.1853253000881523,False,"[{""message"":""Optimization terminated successfully. (HiGHS Status 7: Optimal)"",""presolve"":true,""solve_seconds"":0.18531550001353025,""status"":0,""time_limit_seconds"":30.0}]",0.02411910006776452,0.019619599916040897,PASS,482080.9737224085,785.0043436789496,460,192
75,2025-03-16T22:00:00Z,447,540,1942,331,48,68,0,Optimization terminated successfully. (HiGHS Status 7: Optimal),5.01272743462576e-05,680752.9644910352,680731.6639159769,3.129070702513162e-05,1,0.08367979992181063,False,"[{""message"":""Optimization terminated successfully. (HiGHS Status 7: Optimal)"",""presolve"":true,""solve_seconds"":0.08367500000167638,""status"":0,""time_limit_seconds"":30.0}]",0.020205100066959858,0.01298490003682673,PASS,680709.1520348106,22.511881163826995,469,192
76,2025-03-17T22:00:00Z,455,549,1989,340,46,69,0,Optimization terminated successfully. (HiGHS Status 7: Optimal),5.166690837226389e-05,724410.9017653,724395.3339732613,2.1490740357585903e-05,1,0.09443699999246746,False,"[{""message"":""Optimization terminated successfully. (HiGHS Status 7: Optimal)"",""presolve"":true,""solve_seconds"":0.09443049994297326,""status"":0,""time_limit_seconds"":30.0}]",0.027843200019560754,0.01823430007789284,PASS,724395.3339732611,-6.851701452130025e-11,486,192
77,2025-03-18T22:00:00Z,420,510,1822,313,42,65,0,Optimization terminated successfully. (HiGHS Status 7: Optimal),6.527801572877541e-05,555444.5006176054,555427.7779608106,3.010770699337189e-05,1,0.057484099990688264,False,"[{""message"":""Optimization terminated successfully. (HiGHS Status 7: Optimal)"",""presolve"":true,""solve_seconds"":0.05747879995033145,""status"":0,""time_limit_seconds"":30.0}]",0.018757599988020957,0.01873500004876405,PASS,555080.2555602087,347.52240060213035,471,192
78,2025-03-19T22:00:00Z,432,523,1877,322,44,66,0,Optimization terminated successfully. (HiGHS Status 7: Optimal),2.2608076501744444e-05,541359.0502739409,541352.5486035796,1.2010048494340247e-05,1,0.25584770005661994,False,"[{""message"":""Optimization terminated successfully. (HiGHS Status 7: Optimal)"",""presolve"":true,""solve_seconds"":0.2558409000048414,""status"":0,""time_limit_seconds"":30.0}]",0.023306599934585392,0.02592949999962002,PASS,541349.8490120693,2.699591510781396,456,192
79,2025-03-20T22:00:00Z,460,556,2010,341,48,71,0,Optimization terminated successfully. (HiGHS Status 7: Optimal),9.932652854264447e-05,501541.11915428005,501519.6961197682,4.2716237622579344e-05,1,0.40791060007177293,False,"[{""message"":""Optimization terminated successfully. (HiGHS Status 7: Optimal)"",""presolve"":true,""solve_seconds"":0.4079039000207558,""status"":0,""time_limit_seconds"":30.0}]",0.023340299958363175,0.012112800031900406,PASS,500625.1660576523,894.5300621159732,478,192
80,2025-03-21T22:00:00Z,428,517,1855,320,44,64,0,Optimization terminated successfully. (HiGHS Status 7: Optimal),2.825474403188193e-05,397698.99776536727,397693.7934103378,1.3086337065556491e-05,1,0.13773600000422448,False,"[{""message"":""Optimization terminated successfully. (HiGHS Status 7: Optimal)"",""presolve"":true,""solve_seconds"":0.13773009995929897,""status"":0,""time_limit_seconds"":30.0}]",0.021387499989941716,0.020118100102990866,PASS,397693.79341033846,6.014948894517147e-12,478,192
81,2025-03-22T22:00:00Z,442,535,1923,328,46,68,0,Optimization terminated successfully. (HiGHS Status 7: Optimal),5.235963372682615e-05,350150.00492303434,350141.22529953497,2.5074520978962926e-05,1,0.3346060999901965,False,"[{""message"":""Optimization terminated successfully. (HiGHS Status 7: Optimal)"",""presolve"":true,""solve_seconds"":0.3345977000426501,""status"":0,""time_limit_seconds"":30.0}]",0.02210529998410493,0.03241590003017336,PASS,343688.6536755002,6452.57162403506,468,192
82,2025-03-23T22:00:00Z,413,502,1786,307,42,64,0,Optimization terminated successfully. (HiGHS Status 7: Optimal),2.1192517214863897e-05,465406.0152690023,465399.5191226427,1.3958214593439361e-05,1,0.3324043999891728,False,"[{""message"":""Optimization terminated successfully. (HiGHS Status 7: Optimal)"",""presolve"":true,""solve_seconds"":0.33239659992977977,""status"":0,""time_limit_seconds"":30.0}]",0.03035850008018315,0.021410500048659742,PASS,463511.4539978335,1888.065124809046,455,192
83,2025-03-24T22:00:00Z,426,515,1839,316,46,64,0,Optimization terminated successfully. (HiGHS Status 7: Optimal),1.3384517398539817e-05,667267.1095663265,667262.2259588249,7.318873018193443e-06,1,0.19152029999531806,False,"[{""message"":""Optimization terminated successfully. (HiGHS Status 7: Optimal)"",""presolve"":true,""solve_seconds"":0.19151300005614758,""status"":0,""time_limit_seconds"":30.0}]",0.02900530002079904,0.018452500109560788,PASS,665898.3318309695,1363.8941278548803,447,192
84,2025-03-25T22:00:00Z,463,557,2023,346,48,69,0,Optimization terminated successfully. (HiGHS Status 7: Optimal),1.7337208044683474e-05,633211.287906026,633206.5752199711,7.442572833734489e-06,1,0.30718220002017915,False,"[{""message"":""Optimization terminated successfully. (HiGHS Status 7: Optimal)"",""presolve"":true,""solve_seconds"":0.3071749999653548,""status"":0,""time_limit_seconds"":30.0}]",0.02021220000460744,0.02171460003592074,PASS,631060.909900178,2145.665319793393,481,192
85,2025-03-26T22:00:00Z,438,528,1900,327,46,65,0,Optimization terminated successfully. (HiGHS Status 7: Optimal),3.139846683795732e-05,499828.84446684236,499821.55714034865,1.4579856329929538e-05,1,0.3775835999986157,False,"[{""message"":""Optimization terminated successfully. (HiGHS Status 7: Optimal)"",""presolve"":true,""solve_seconds"":0.3775771999498829,""status"":0,""time_limit_seconds"":30.0}]",0.026472099940292537,0.021293899975717068,PASS,499572.90636975894,248.65077058989058,491,192
86,2025-03-27T22:00:00Z,470,565,2059,352,48,70,0,Optimization terminated successfully. (HiGHS Status 7: Optimal),6.755631337123188e-05,363425.69041437795,363416.67906535533,2.4796189998205135e-05,1,0.2360556999919936,False,"[{""message"":""Optimization terminated successfully. (HiGHS Status 7: Optimal)"",""presolve"":true,""solve_seconds"":0.23604889994021505,""status"":0,""time_limit_seconds"":30.0}]",0.029336199979297817,0.013671099906787276,PASS,363253.35128111904,163.32778423642827,496,192
87,2025-03-28T22:00:00Z,421,510,1824,310,46,65,0,Optimization terminated successfully. (HiGHS Status 7: Optimal),2.933274651759647e-05,439914.4413870101,439905.4085134252,2.0533672489760277e-05,1,0.3009340000571683,False,"[{""message"":""Optimization terminated successfully. (HiGHS Status 7: Optimal)"",""presolve"":true,""solve_seconds"":0.3009244999848306,""status"":0,""time_limit_seconds"":30.0}]",0.020952500053681433,0.016877699992619455,PASS,439902.3414744171,3.067039008007672,480,188
88,2025-03-29T22:00:00Z,424,513,1835,316,44,64,0,Optimization terminated successfully. (HiGHS Status 7: Optimal),5.093996453817994e-05,771206.1549820388,771182.4815281415,3.069760330956623e-05,1,0.04834300000220537,False,"[{""message"":""Optimization terminated successfully. (HiGHS Status 7: Optimal)"",""presolve"":true,""solve_seconds"":0.04833730007521808,""status"":0,""time_limit_seconds"":30.0}]",0.019623700063675642,0.021343100001104176,PASS,764110.1577974703,7072.32373067168,450,188
89,2025-03-30T21:00:00Z,416,504,1800,311,42,63,0,Optimization terminated successfully. (HiGHS Status 7: Optimal),1.3229732537938914e-05,784647.3915661552,784643.0380324381,5.548425852374905e-06,1,0.31926509994082153,False,"[{""message"":""Optimization terminated successfully. (HiGHS Status 7: Optimal)"",""presolve"":true,""solve_seconds"":0.31925739999860525,""status"":0,""time_limit_seconds"":30.0}]",0.028005599975585938,0.02062970004044473,PASS,782583.8092184071,2059.2288140308233,452,192
90,2025-03-31T21:00:00Z,415,503,1795,310,42,63,0,Optimization terminated successfully. (HiGHS Status 7: Optimal),1.4487285139437746e-05,693140.1614123178,693134.8314761405,7.689609488944618e-06,1,0.32860140001866966,False,"[{""message"":""Optimization terminated successfully. (HiGHS Status 7: Optimal)"",""presolve"":true,""solve_seconds"":0.328594799968414,""status"":0,""time_limit_seconds"":30.0}]",0.015261300024576485,0.018972899997606874,PASS,692604.0701737294,530.7613024106229,447,192
91,2025-04-01T21:00:00Z,398,485,1715,296,40,62,0,Optimization terminated successfully. (HiGHS Status 7: Optimal),3.134199990673595e-05,773801.1317055218,773788.343623911,1.6526588589997702e-05,1,0.4234049000078812,False,"[{""message"":""Optimization terminated successfully. (HiGHS Status 7: Optimal)"",""presolve"":true,""solve_seconds"":0.42339880007784814,""status"":0,""time_limit_seconds"":30.0}]",0.021000799955800176,0.020958100096322596,PASS,773664.0676195069,124.27600440527505,433,192
92,2025-04-02T21:00:00Z,443,536,1928,329,46,68,0,Optimization terminated successfully. (HiGHS Status 7: Optimal),4.108164697917075e-05,684224.675118672,684213.2542178803,1.6692019222436423e-05,1,0.256712400005199,False,"[{""message"":""Optimization terminated successfully. (HiGHS Status 7: Optimal)"",""presolve"":true,""solve_seconds"":0.25670519995037466,""status"":0,""time_limit_seconds"":30.0}]",0.02315140003338456,0.019882900058291852,PASS,684213.2542178798,-2.1142144319696852e-10,447,192
93,2025-04-03T21:00:00Z,427,518,1852,317,44,66,0,Optimization terminated successfully. (HiGHS Status 7: Optimal),0.0,759410.0509984426,759410.0509984426,0.0,0,0.34932110004592687,False,"[{""message"":""Optimization terminated successfully. (HiGHS Status 7: Optimal)"",""presolve"":true,""solve_seconds"":0.3493125999812037,""status"":0,""time_limit_seconds"":30.0}]",0.026596000068821013,0.014719399972818792,PASS,758677.088690789,732.9623076533273,464,192
94,2025-04-04T21:00:00Z,457,551,1999,342,46,69,0,Optimization terminated successfully. (HiGHS Status 7: Optimal),7.763783329830918e-05,679081.6252255843,679066.2497159542,2.2642134897007763e-05,1,0.25058290001470596,False,"[{""message"":""Optimization terminated successfully. (HiGHS Status 7: Optimal)"",""presolve"":true,""solve_seconds"":0.25057660008314997,""status"":0,""time_limit_seconds"":30.0}]",0.026744800037704408,0.019697300042025745,PASS,679062.2464326564,4.0032832971966865,476,192
95,2025-04-05T21:00:00Z,414,503,1785,306,44,64,0,Optimization terminated successfully. (HiGHS Status 7: Optimal),2.896406671053905e-05,546775.2855121924,546765.1394861094,1.8556461175581505e-05,1,0.3592312999535352,False,"[{""message"":""Optimization terminated successfully. (HiGHS Status 7: Optimal)"",""presolve"":true,""solve_seconds"":0.3592162999557331,""status"":0,""time_limit_seconds"":30.0}]",0.024946299963630736,0.023863700102083385,PASS,546749.1910305399,15.948455569816415,467,192
96,2025-04-06T21:00:00Z,434,525,1881,322,46,66,0,Optimization terminated successfully. (HiGHS Status 7: Optimal),4.5647561348570395e-05,775475.1219482986,775455.6173306084,2.5152461668105393e-05,1,0.43860430002678186,False,"[{""message"":""Optimization terminated successfully. (HiGHS Status 7: Optimal)"",""presolve"":true,""solve_seconds"":0.4385968999704346,""status"":0,""time_limit_seconds"":30.0}]",0.026998199988156557,0.021021699998527765,PASS,775455.6173306074,-1.2673259940735685e-10,450,192
97,2025-04-07T21:00:00Z,423,514,1838,315,42,66,0,Optimization terminated successfully. (HiGHS Status 7: Optimal),6.624950948163225e-05,772644.5842704736,772621.5540922846,2.980783808961353e-05,1,0.1015246999450028,False,"[{""message"":""Optimization terminated successfully. (HiGHS Status 7: Optimal)"",""presolve"":true,""solve_seconds"":0.10151770000811666,""status"":0,""time_limit_seconds"":30.0}]",0.0282335999654606,0.02226430003065616,PASS,770515.153739674,2106.4003526109577,457,192
98,2025-04-08T21:00:00Z,444,537,1933,330,46,68,0,Optimization terminated successfully. (HiGHS Status 7: Optimal),2.0925841113381138e-05,790338.8012681874,790329.449514648,1.1832728168169365e-05,1,0.09169350005686283,False,"[{""message"":""Optimization terminated successfully. (HiGHS Status 7: Optimal)"",""presolve"":true,""solve_seconds"":0.09168559999670833,""status"":0,""time_limit_seconds"":30.0}]",0.024309400003403425,0.019321199972182512,PASS,788703.9975452214,1625.451969425873,463,192
99,2025-04-09T21:00:00Z,410,498,1770,305,42,63,0,Optimization terminated successfully. (HiGHS Status 7: Optimal),3.271324853465332e-05,899007.2509001852,898992.3550430955,1.6569503629372594e-05,1,0.4547355999238789,False,"[{""message"":""Optimization terminated successfully. (HiGHS Status 7: Optimal)"",""presolve"":true,""solve_seconds"":0.4547266000881791,""status"":0,""time_limit_seconds"":30.0}]",0.11551170004531741,0.03159510006662458,PASS,898964.6222174553,27.73282564003633,456,192
100,2025-04-10T21:00:00Z,443,534,1932,333,44,66,0,Optimization terminated successfully. (HiGHS Status 7: Optimal),4.029124130911776e-05,804725.1996266749,804711.0609186788,1.7569918797900098e-05,1,0.4006621999433264,False,"[{""message"":""Optimization terminated successfully. (HiGHS Status 7: Optimal)"",""presolve"":true,""solve_seconds"":0.40065570001024753,""status"":0,""time_limit_seconds"":30.0}]",0.02708359993994236,0.017566499998793006,PASS,804175.9567404215,535.1041782573556,461,192
101,2025-04-11T21:00:00Z,425,514,1840,317,44,64,0,Optimization terminated successfully. (HiGHS Status 7: Optimal),3.057071215625591e-05,782719.7492844249,782706.4932862304,1.6936103518077372e-05,1,0.06073140003718436,False,"[{""message"":""Optimization terminated successfully. (HiGHS Status 7: Optimal)"",""presolve"":true,""solve_seconds"":0.06072509998921305,""status"":0,""time_limit_seconds"":30.0}]",0.02757560007739812,0.01654070010408759,PASS,782706.4932862311,-2.30506241057545e-11,472,192
102,2025-04-12T21:00:00Z,468,563,2049,350,48,70,0,Optimization terminated successfully. (HiGHS Status 7: Optimal),1.2996633841773498e-05,646779.4617250161,646776.6714217088,4.314168136613673e-06,1,0.17950560001190752,False,"[{""message"":""Optimization terminated successfully. (HiGHS Status 7: Optimal)"",""presolve"":true,""solve_seconds"":0.17949819995556027,""status"":0,""time_limit_seconds"":30.0}]",0.028279899968765676,0.02313210000284016,PASS,638034.8371920252,8741.834229683163,485,192
103,2025-04-13T21:00:00Z,460,556,2010,341,48,71,0,Optimization terminated successfully. (HiGHS Status 7: Optimal),7.37065764389322e-05,374701.1861418964,374688.60372263135,3.358100337200523e-05,1,0.06614909996278584,False,"[{""message"":""Optimization terminated successfully. (HiGHS Status 7: Optimal)"",""presolve"":true,""solve_seconds"":0.06614280003122985,""status"":0,""time_limit_seconds"":30.0}]",0.027686099987477064,0.022333199973218143,PASS,373669.92900336644,1018.6747192649965,502,192
104,2025-04-14T21:00:00Z,437,528,1902,327,44,66,0,Optimization terminated successfully. (HiGHS Status 7: Optimal),3.6270732779285727e-05,501701.3489881122,501689.2454508731,2.4125566471329347e-05,1,0.1312928000697866,False,"[{""message"":""Optimization terminated successfully. (HiGHS Status 7: Optimal)"",""presolve"":true,""solve_seconds"":0.13128800003323704,""status"":0,""time_limit_seconds"":30.0}]",0.024808299960568547,0.014553099987097085,PASS,501474.7960344906,214.44941638272724,483,192
105,2025-04-15T21:00:00Z,440,533,1919,328,44,68,0,Optimization terminated successfully. (HiGHS Status 7: Optimal),4.347956401093613e-05,640489.6899391862,640476.2773517508,2.0941583489881837e-05,1,0.08921859995462,False,"[{""message"":""Optimization terminated successfully. (HiGHS Status 7: Optimal)"",""presolve"":true,""solve_seconds"":0.08921159990131855,""status"":0,""time_limit_seconds"":30.0}]",0.02302720001898706,0.020149099989794195,PASS,640432.6334692836,43.64388246761878,473,192
106,2025-04-16T21:00:00Z,469,565,2055,350,48,71,0,Optimization terminated successfully. (HiGHS Status 7: Optimal),3.7472985449367124e-05,543783.3450883231,543774.4702554252,1.6320797285212686e-05,1,0.2876792000606656,False,"[{""message"":""Optimization terminated successfully. (HiGHS Status 7: Optimal)"",""presolve"":true,""solve_seconds"":0.2876721000066027,""status"":0,""time_limit_seconds"":30.0}]",0.0237993000773713,0.02146850002463907,PASS,543767.1635253824,7.306730042843693,491,192
107,2025-04-17T21:00:00Z,418,506,1810,313,42,63,0,Optimization terminated successfully. (HiGHS Status 7: Optimal),2.298018951904341e-05,481144.4034124925,481138.7563825501,1.1736801218892687e-05,1,0.2995241000317037,False,"[{""message"":""Optimization terminated successfully. (HiGHS Status 7: Optimal)"",""presolve"":true,""solve_seconds"":0.2995187999913469,""status"":0,""time_limit_seconds"":30.0}]",0.02452640002593398,0.021077499957755208,PASS,479626.254024787,1512.5023577633503,481,192
108,2025-04-18T21:00:00Z,435,525,1885,324,46,65,0,Optimization terminated successfully. (HiGHS Status 7: Optimal),9.434438320359421e-05,739964.9072887856,739918.0316025867,6.335253933100439e-05,1,1.7139892000705004,False,"[{""message"":""Optimization terminated successfully. (HiGHS Status 7: Optimal)"",""presolve"":true,""solve_seconds"":1.7139835000270978,""status"":0,""time_limit_seconds"":30.0}]",0.020214100019074976,0.01461159996688366,PASS,739916.804588439,1.2270141479492107,461,192
109,2025-04-19T21:00:00Z,419,508,1804,309,46,64,0,Optimization terminated successfully. (HiGHS Status 7: Optimal),1.873185383851636e-05,898212.1791340127,898204.6398333425,8.393744961668964e-06,1,0.3891283000120893,False,"[{""message"":""Optimization terminated successfully. (HiGHS Status 7: Optimal)"",""presolve"":true,""solve_seconds"":0.38912289997097105,""status"":0,""time_limit_seconds"":30.0}]",0.01658809999935329,0.01973209995776415,PASS,898204.6398333422,-8.933246429994787e-11,456,192
110,2025-04-20T21:00:00Z,424,513,1835,316,44,64,0,Optimization terminated successfully. (HiGHS Status 7: Optimal),1.7329035287321597e-05,654893.0188266935,654888.6156840308,6.723498557262004e-06,1,0.1725834000390023,False,"[{""message"":""Optimization terminated successfully. (HiGHS Status 7: Optimal)"",""presolve"":true,""solve_seconds"":0.1725754999788478,""status"":0,""time_limit_seconds"":30.0}]",0.020610100007615983,0.026112199993804097,PASS,654425.6377562215,462.9779278090934,449,192
111,2025-04-21T21:00:00Z,425,514,1840,317,44,64,0,Optimization terminated successfully. (HiGHS Status 7: Optimal),4.774964793632409e-06,554086.1658508312,554084.7211580581,2.6073499554842607e-06,1,0.11909589997958392,False,"[{""message"":""Optimization terminated successfully. (HiGHS Status 7: Optimal)"",""presolve"":true,""solve_seconds"":0.11908550001680851,""status"":0,""time_limit_seconds"":30.0}]",0.03265639999881387,0.027660700026899576,PASS,550589.2391509586,3495.4820071,457,192
112,2025-04-22T21:00:00Z,438,530,1896,323,48,67,0,Optimization terminated successfully. (HiGHS Status 7: Optimal),7.486299002579774e-05,480485.49162685074,480471.76255949656,2.8574139885009244e-05,1,0.07049170008394867,False,"[{""message"":""Optimization terminated successfully. (HiGHS Status 7: Optimal)"",""presolve"":true,""solve_seconds"":0.07048340002074838,""status"":0,""time_limit_seconds"":30.0}]",0.021049399976618588,0.02503500005695969,PASS,480408.4724362556,63.290123240994255,461,192
113,2025-04-23T21:00:00Z,421,511,1821,312,44,65,0,Optimization terminated successfully. (HiGHS Status 7: Optimal),1.6316313784506477e-05,503985.6091680442,503980.3493468161,1.0436560145485656e-05,1,0.22563280002214015,False,"[{""message"":""Optimization terminated successfully. (HiGHS Status 7: Optimal)"",""presolve"":true,""solve_seconds"":0.2256237999536097,""status"":0,""time_limit_seconds"":30.0}]",0.0410094999242574,0.03041900007519871,PASS,503980.3493468167,-1.8377252786194733e-11,455,192
114,2025-04-24T21:00:00Z,459,553,2003,342,48,69,0,Optimization terminated successfully. (HiGHS Status 7: Optimal),5.7993863684381174e-05,552538.273126944,552524.847402696,2.4298860605179453e-05,1,0.4302611999446526,False,"[{""message"":""Optimization terminated successfully. (HiGHS Status 7: Optimal)"",""presolve"":true,""solve_seconds"":0.43025289999786764,""status"":0,""time_limit_seconds"":30.0}]",0.026047199964523315,0.021657599951140583,PASS,552524.8474026957,-1.4216987764825718e-11,472,192
115,2025-04-25T21:00:00Z,454,548,1984,339,46,69,0,Optimization terminated successfully. (HiGHS Status 7: Optimal),4.843810182879937e-05,344456.62590963615,344451.1074806602,1.6020935500284046e-05,1,0.30922799999825656,False,"[{""message"":""Optimization terminated successfully. (HiGHS Status 7: Optimal)"",""presolve"":true,""solve_seconds"":0.30922120006289333,""status"":0,""time_limit_seconds"":30.0}]",0.01724279997870326,0.02169069997034967,PASS,344451.1074806599,-4.660925020753364e-11,495,192
116,2025-04-26T21:00:00Z,428,519,1857,318,44,66,0,Optimization terminated successfully. (HiGHS Status 7: Optimal),2.1568745174091192e-05,374285.2978167051,374279.65811532066,1.5068148273965397e-05,1,0.19678270001895726,False,"[{""message"":""Optimization terminated successfully. (HiGHS Status 7: Optimal)"",""presolve"":true,""solve_seconds"":0.19677439995575696,""status"":0,""time_limit_seconds"":30.0}]",0.021885599941015244,0.02193809999153018,PASS,374279.6581153205,-1.5387761198581984e-11,474,192
117,2025-04-27T21:00:00Z,433,523,1881,324,44,65,0,Optimization terminated successfully. (HiGHS Status 7: Optimal),2.2363712244523043e-05,541778.238879079,541771.939754559,1.1626893269690015e-05,1,0.3968239000532776,False,"[{""message"":""Optimization terminated successfully. (HiGHS Status 7: Optimal)"",""presolve"":true,""solve_seconds"":0.3968172000022605,""status"":0,""time_limit_seconds"":30.0}]",0.024367099977098405,0.0214134999550879,PASS,541771.9397545588,1.4612903752227643e-10,463,192
118,2025-04-28T21:00:00Z,467,564,2046,347,48,72,0,Optimization terminated successfully. (HiGHS Status 7: Optimal),2.9854812571865255e-05,689742.1636262776,689729.9386897525,1.7724236457428113e-05,1,0.03428450005594641,False,"[{""message"":""Optimization terminated successfully. (HiGHS Status 7: Optimal)"",""presolve"":true,""solve_seconds"":0.034276199992746115,""status"":0,""time_limit_seconds"":30.0}]",0.025305100018158555,0.02280159993097186,PASS,689144.2522632985,585.6864264533239,486,192
119,2025-04-29T21:00:00Z,437,530,1892,321,48,68,0,Optimization terminated successfully. (HiGHS Status 7: Optimal),3.369607721504288e-05,1077905.9250870321,1077883.3428004938,2.095058494887898e-05,1,0.4051032999996096,False,"[{""message"":""Optimization terminated successfully. (HiGHS Status 7: Optimal)"",""presolve"":true,""solve_seconds"":0.4050939999287948,""status"":0,""time_limit_seconds"":30.0}]",0.030228699906729162,0.0222538000671193,PASS,1076885.1143632552,998.2284372383668,480,192
120,2025-04-30T21:00:00Z,460,555,2009,342,48,70,0,Optimization terminated successfully. (HiGHS Status 7: Optimal),4.0594655780926955e-05,926580.6737708898,926570.1856413415,1.1319303934869505e-05,1,0.38284149998798966,False,"[{""message"":""Optimization terminated successfully. (HiGHS Status 7: Optimal)"",""presolve"":true,""solve_seconds"":0.38283350004348904,""status"":0,""time_limit_seconds"":30.0}]",0.028080200077965856,0.01950219995342195,PASS,926570.1856413418,9.193818536109196e-12,477,192
121,2025-05-01T21:00:00Z,456,550,1988,339,48,69,0,Optimization terminated successfully. (HiGHS Status 7: Optimal),4.4424882882632034e-05,565850.5326099044,565836.8251574109,2.4225097915240195e-05,1,0.3395122999791056,False,"[{""message"":""Optimization terminated successfully. (HiGHS Status 7: Optimal)"",""presolve"":true,""solve_seconds"":0.3395067999372259,""status"":0,""time_limit_seconds"":30.0}]",0.016924900002777576,0.02036439999938011,PASS,565388.9238802969,447.90127711428863,494,192
122,2025-05-02T21:00:00Z,441,534,1912,325,48,68,0,Optimization terminated successfully. (HiGHS Status 7: Optimal),6.449917065333873e-05,552763.5293878757,552747.6953414918,2.864606495386942e-05,1,0.1296300000976771,False,"[{""message"":""Optimization terminated successfully. (HiGHS Status 7: Optimal)"",""presolve"":true,""solve_seconds"":0.12962220003828406,""status"":0,""time_limit_seconds"":30.0}]",0.02749250002671033,0.021545999916270375,PASS,552747.6953414921,-6.279125130959074e-12,479,192
123,2025-05-03T21:00:00Z,426,516,1834,313,48,65,0,Optimization terminated successfully. (HiGHS Status 7: Optimal),1.554246722224904e-05,533840.294543928,533835.7944516242,8.429731296809523e-06,1,0.3219188000075519,False,"[{""message"":""Optimization terminated successfully. (HiGHS Status 7: Optimal)"",""presolve"":true,""solve_seconds"":0.3219114999519661,""status"":0,""time_limit_seconds"":30.0}]",0.027690600021742284,0.017228799988515675,PASS,533835.7944516247,-2.5713890181577887e-10,457,192
124,2025-05-04T21:00:00Z,437,529,1891,322,48,67,0,Optimization terminated successfully. (HiGHS Status 7: Optimal),9.83512183582269e-05,585989.910100858,585960.5815559847,5.005207823945823e-05,1,0.02234989998396486,False,"[{""message"":""Optimization terminated successfully. (HiGHS Status 7: Optimal)"",""presolve"":true,""solve_seconds"":0.022344699944369495,""status"":0,""time_limit_seconds"":30.0}]",0.019486899953335524,0.017409600084647536,PASS,585893.1207720235,67.46078396112108,455,192
125,2025-05-05T21:00:00Z,436,527,1897,326,44,66,0,Optimization terminated successfully. (HiGHS Status 7: Optimal),1.196460478431713e-05,496463.43784635677,496461.0427642134,4.8243103427265435e-06,1,0.14160970004741102,False,"[{""message"":""Optimization terminated successfully. (HiGHS Status 7: Optimal)"",""presolve"":true,""solve_seconds"":0.14160339999943972,""status"":0,""time_limit_seconds"":30.0}]",0.026728700031526387,0.018805400002747774,PASS,494028.82096508605,2432.2217991279135,467,192
126,2025-05-06T21:00:00Z,435,527,1893,324,44,67,0,Optimization terminated successfully. (HiGHS Status 7: Optimal),1.019062342461644e-05,344239.1627389338,344237.64947195014,4.395994993563731e-06,1,0.25530109996907413,False,"[{""message"":""Optimization terminated successfully. (HiGHS Status 7: Optimal)"",""presolve"":true,""solve_seconds"":0.2552953999256715,""status"":0,""time_limit_seconds"":30.0}]",0.019092899980023503,0.019211100065149367,PASS,344237.64947195025,-2.1848517365678313e-11,469,192
127,2025-05-07T21:00:00Z,446,539,1943,332,46,68,0,Optimization terminated successfully. (HiGHS Status 7: Optimal),6.204696154610939e-05,368901.6265701435,368887.83467714326,3.7387768594536905e-05,1,0.3479197999695316,False,"[{""message"":""Optimization terminated successfully. (HiGHS Status 7: Optimal)"",""presolve"":true,""solve_seconds"":0.3479133000364527,""status"":0,""time_limit_seconds"":30.0}]",0.02352319995407015,0.01897350000217557,PASS,368854.53909574036,33.295581403000206,473,192
128,2025-05-08T21:00:00Z,403,490,1734,299,42,62,0,Optimization terminated successfully. (HiGHS Status 7: Optimal),3.255078094491386e-05,501947.35125191696,501938.19595338113,1.8239892101534354e-05,1,0.2596798000158742,False,"[{""message"":""Optimization terminated successfully. (HiGHS Status 7: Optimal)"",""presolve"":true,""solve_seconds"":0.2596725000767037,""status"":0,""time_limit_seconds"":30.0}]",0.02034550008829683,0.019569299998693168,PASS,501938.19595338154,-3.73320189576513e-12,453,192
129,2025-05-09T21:00:00Z,452,545,1967,336,48,68,0,Optimization terminated successfully. (HiGHS Status 7: Optimal),4.5688525828729293e-05,540925.136275799,540913.2110268007,2.204651089163884e-05,1,0.3279727000044659,False,"[{""message"":""Optimization terminated successfully. (HiGHS Status 7: Optimal)"",""presolve"":true,""solve_seconds"":0.3279643999412656,""status"":0,""time_limit_seconds"":30.0}]",0.015522299916483462,0.012687000096775591,PASS,540129.6869688772,783.5240579236674,457,192
130,2025-05-10T21:00:00Z,432,523,1871,320,46,66,0,Optimization terminated successfully. (HiGHS Status 7: Optimal),5.934522184313727e-05,534472.499975031,534456.1245064951,3.063950020415912e-05,1,0.36622160009574145,False,"[{""message"":""Optimization terminated successfully. (HiGHS Status 7: Optimal)"",""presolve"":true,""solve_seconds"":0.366212600027211,""status"":0,""time_limit_seconds"":30.0}]",0.0956739999819547,0.01863549998961389,PASS,534086.2900264952,369.8344800001241,474,192
131,2025-05-11T21:00:00Z,441,534,1918,327,46,68,0,Optimization terminated successfully. (HiGHS Status 7: Optimal),7.073258317432799e-05,501264.7387842161,501248.6336410843,3.2130048943607955e-05,1,0.16517090005800128,False,"[{""message"":""Optimization terminated successfully. (HiGHS Status 7: Optimal)"",""presolve"":true,""solve_seconds"":0.16516450000926852,""status"":0,""time_limit_seconds"":30.0}]",0.02668840007390827,0.01798349991440773,PASS,501001.1463168725,247.48732421085577,465,192
132,2025-05-12T21:00:00Z,413,500,1790,311,40,62,0,Optimization terminated successfully. (HiGHS Status 7: Optimal),2.2382467964521083e-05,456237.3765654949,456232.2138674966,1.1315943594988174e-05,1,0.22647059999872,False,"[{""message"":""Optimization terminated successfully. (HiGHS Status 7: Optimal)"",""presolve"":true,""solve_seconds"":0.22646380006335676,""status"":0,""time_limit_seconds"":30.0}]",0.020743299974128604,0.02060920000076294,PASS,455300.8734467601,931.3404207365888,460,192
133,2025-05-13T21:00:00Z,449,542,1952,333,48,68,0,Optimization terminated successfully. (HiGHS Status 7: Optimal),5.4313279499137396e-05,513489.62257673964,513474.117721586,3.019598187814308e-05,1,0.44359919999260455,False,"[{""message"":""Optimization terminated successfully. (HiGHS Status 7: Optimal)"",""presolve"":true,""solve_seconds"":0.4435936000663787,""status"":0,""time_limit_seconds"":30.0}]",0.026529200025834143,0.015525100054219365,PASS,513474.1177215858,-1.9374209614397845e-11,466,192
134,2025-05-14T21:00:00Z,411,498,1780,309,40,62,0,Optimization terminated successfully. (HiGHS Status 7: Optimal),6.887610710393077e-05,494447.1912616815,494432.68095354096,2.9347388834725948e-05,1,0.2032743999734521,False,"[{""message"":""Optimization terminated successfully. (HiGHS Status 7: Optimal)"",""presolve"":true,""solve_seconds"":0.20326799992471933,""status"":0,""time_limit_seconds"":30.0}]",0.02649860002566129,0.020307400031015277,PASS,494231.0878685485,201.5930849920033,464,192
135,2025-05-15T21:00:00Z,403,491,1741,300,40,63,0,Optimization terminated successfully. (HiGHS Status 7: Optimal),9.19915053092376e-05,535138.4192886844,535108.4060684305,5.608811207878507e-05,1,0.027127700042910874,False,"[{""message"":""Optimization terminated successfully. (HiGHS Status 7: Optimal)"",""presolve"":true,""solve_seconds"":0.027121399994939566,""status"":0,""time_limit_seconds"":30.0}]",0.025243200012482703,0.01905190001707524,PASS,535108.4060684297,-3.996129294137063e-12,436,192
136,2025-05-16T21:00:00Z,439,532,1908,325,46,68,0,Optimization terminated successfully. (HiGHS Status 7: Optimal),3.202289306811825e-05,693159.8202678872,693148.0289451544,1.7011262011022647e-05,1,0.11224030004814267,False,"[{""message"":""Optimization terminated successfully. (HiGHS Status 7: Optimal)"",""presolve"":true,""solve_seconds"":0.11223249998874962,""status"":0,""time_limit_seconds"":30.0}]",0.021723900106735528,0.01610929996240884,PASS,693148.0289451547,2.1210529984235413e-11,446,192
137,2025-05-17T21:00:00Z,418,507,1811,312,42,64,0,Optimization terminated successfully. (HiGHS Status 7: Optimal),3.7173221750378095e-05,665859.7254176214,665848.6043624512,1.6702077765625967e-05,1,0.21501799998804927,False,"[{""message"":""Optimization terminated successfully. (HiGHS Status 7: Optimal)"",""presolve"":true,""solve_seconds"":0.2150101000443101,""status"":0,""time_limit_seconds"":30.0}]",0.02590280002914369,0.0199883000459522,PASS,665172.8446076035,675.7597548479035,457,192
138,2025-05-18T21:00:00Z,447,541,1949,332,46,69,0,Optimization terminated successfully. (HiGHS Status 7: Optimal),3.0437252513561896e-05,623797.4451838556,623787.4854706883,1.5966516480789678e-05,1,0.5121554000070319,False,"[{""message"":""Optimization terminated successfully. (HiGHS Status 7: Optimal)"",""presolve"":true,""solve_seconds"":0.5121496999636292,""status"":0,""time_limit_seconds"":30.0}]",0.027352500008419156,0.018338500056415796,PASS,623785.2345499711,2.2509207174120234,463,192
139,2025-05-19T21:00:00Z,445,537,1937,332,46,67,0,Optimization terminated successfully. (HiGHS Status 7: Optimal),7.81929891271178e-05,488341.9149327129,488329.127639081,2.6185809750393705e-05,1,0.2484728000126779,False,"[{""message"":""Optimization terminated successfully. (HiGHS Status 7: Optimal)"",""presolve"":true,""solve_seconds"":0.248465699958615,""status"":0,""time_limit_seconds"":30.0}]",0.029748499975539744,0.013061200035735965,PASS,487489.0475152239,840.0801238566268,480,192
140,2025-05-20T21:00:00Z,413,499,1789,312,40,61,0,Optimization terminated successfully. (HiGHS Status 7: Optimal),3.672909058450179e-05,413301.09161571576,413291.8011163762,2.2479273274919433e-05,1,0.057685500010848045,False,"[{""message"":""Optimization terminated successfully. (HiGHS Status 7: Optimal)"",""presolve"":true,""solve_seconds"":0.05767409992404282,""status"":0,""time_limit_seconds"":30.0}]",0.019209800055250525,0.02792870008852333,PASS,413231.39772004687,60.40339632919101,468,192
141,2025-05-21T21:00:00Z,462,558,2020,343,48,71,0,Optimization terminated successfully. (HiGHS Status 7: Optimal),8.707779843718524e-05,388309.3317036658,388297.3719398048,3.080052744427102e-05,1,0.44426449993625283,False,"[{""message"":""Optimization terminated successfully. (HiGHS Status 7: Optimal)"",""presolve"":true,""solve_seconds"":0.44425840000621974,""status"":0,""time_limit_seconds"":30.0}]",0.030499599990434945,0.01826639997307211,PASS,388297.3719398042,-1.3287079241308675e-10,475,192
142,2025-05-22T21:00:00Z,422,510,1818,313,46,63,0,Optimization terminated successfully. (HiGHS Status 7: Optimal),2.8218551857134066e-05,480585.9045706943,480576.17186690826,2.0252156381876736e-05,1,0.4502222000155598,False,"[{""message"":""Optimization terminated successfully. (HiGHS Status 7: Optimal)"",""presolve"":true,""solve_seconds"":0.4502140999538824,""status"":0,""time_limit_seconds"":30.0}]",0.02371330000460148,0.020926599972881377,PASS,480355.9282112504,220.24365565790384,474,192
143,2025-05-23T21:00:00Z,426,517,1847,316,44,66,0,Optimization terminated successfully. (HiGHS Status 7: Optimal),2.3928302222817565e-05,519131.1533775879,519126.95430138963,8.088726974165959e-06,1,0.504224400036037,False,"[{""message"":""Optimization terminated successfully. (HiGHS Status 7: Optimal)"",""presolve"":true,""solve_seconds"":0.5042176999850199,""status"":0,""time_limit_seconds"":30.0}]",0.02702780009713024,0.017917399993166327,PASS,519124.8506282121,2.103673177793372,452,192
144,2025-05-24T21:00:00Z,432,523,1877,322,44,66,0,Optimization terminated successfully. (HiGHS Status 7: Optimal),1.8739792523540065e-05,416756.09860323614,416751.55331939727,1.0906459262529096e-05,1,0.16937130002770573,False,"[{""message"":""Optimization terminated successfully. (HiGHS Status 7: Optimal)"",""presolve"":true,""solve_seconds"":0.16936549998354167,""status"":0,""time_limit_seconds"":30.0}]",0.024056099937297404,0.012511300039477646,PASS,415743.1224227482,1008.430896649049,458,192
145,2025-05-25T21:00:00Z,426,516,1852,319,42,65,0,Optimization terminated successfully. (HiGHS Status 7: Optimal),4.058691589630154e-05,452036.26467869186,452027.6542034151,1.904855863729236e-05,1,0.22364859993103892,False,"[{""message"":""Optimization terminated successfully. (HiGHS Status 7: Optimal)"",""presolve"":true,""solve_seconds"":0.22364320000633597,""status"":0,""time_limit_seconds"":30.0}]",0.013554100063629448,0.022740500047802925,PASS,451774.41233451065,253.241868904992,462,192
146,2025-05-26T21:00:00Z,439,530,1912,329,44,66,0,Optimization terminated successfully. (HiGHS Status 7: Optimal),5.101839444835812e-05,331154.7963124994,331148.63034773926,1.8619931339121695e-05,1,0.051554900011979043,False,"[{""message"":""Optimization terminated successfully. (HiGHS Status 7: Optimal)"",""presolve"":true,""solve_seconds"":0.05154630006290972,""status"":0,""time_limit_seconds"":30.0}]",0.027804399956949055,0.01942679996136576,PASS,331134.85260527354,13.77774246600201,469,192
147,2025-05-27T21:00:00Z,459,554,2004,341,48,70,0,Optimization terminated successfully. (HiGHS Status 7: Optimal),9.323619113401697e-05,287486.8004152933,287471.1200672026,5.454582041857084e-05,1,0.22633759991731495,False,"[{""message"":""Optimization terminated successfully. (HiGHS Status 7: Optimal)"",""presolve"":true,""solve_seconds"":0.2263313999865204,""status"":0,""time_limit_seconds"":30.0}]",0.028025100007653236,0.01402200001757592,PASS,287471.1200672024,-1.0784720435215908e-11,486,192
148,2025-05-28T21:00:00Z,426,516,1852,319,42,65,0,Optimization terminated successfully. (HiGHS Status 7: Optimal),2.9344849849297167e-06,335669.2688530014,335668.7738322983,1.4747296791117925e-06,1,0.25920970004517585,False,"[{""message"":""Optimization terminated successfully. (HiGHS Status 7: Optimal)"",""presolve"":true,""solve_seconds"":0.25920380000025034,""status"":0,""time_limit_seconds"":30.0}]",0.01954379992093891,0.01766240003053099,PASS,335668.7738322983,-6.389217901414668e-11,477,192
149,2025-05-29T21:00:00Z,430,521,1861,318,46,66,0,Optimization terminated successfully. (HiGHS Status 7: Optimal),1.0095932104502289e-05,463754.5338017795,463751.54296573484,6.449220687289503e-06,1,0.2672576999757439,False,"[{""message"":""Optimization terminated successfully. (HiGHS Status 7: Optimal)"",""presolve"":true,""solve_seconds"":0.26724910002667457,""status"":0,""time_limit_seconds"":30.0}]",0.025731300003826618,0.02237329992931336,PASS,463635.0275529079,116.51541282697207,458,192
150,2025-05-30T21:00:00Z,430,519,1853,318,48,64,0,Optimization terminated successfully. (HiGHS Status 7: Optimal),3.3285388452151146e-05,542658.314144931,542650.0706944951,1.5191098059521236e-05,1,0.4266247999621555,False,"[{""message"":""Optimization terminated successfully. (HiGHS Status 7: Optimal)"",""presolve"":true,""solve_seconds"":0.42661770002450794,""status"":0,""time_limit_seconds"":30.0}]",0.027894799946807325,0.02119720005430281,PASS,542338.0117013167,312.0589931789751,458,192
151,2025-05-31T21:00:00Z,447,540,1942,331,48,68,0,Optimization terminated successfully. (HiGHS Status 7: Optimal),3.383365678284894e-05,511006.6742281142,510997.7041911235,1.7553967301881978e-05,1,0.4953842000104487,False,"[{""message"":""Optimization terminated successfully. (HiGHS Status 7: Optimal)"",""presolve"":true,""solve_seconds"":0.49537279992364347,""status"":0,""time_limit_seconds"":30.0}]",0.018681099987588823,0.013132599997334182,PASS,510967.02377642324,30.68041469989509,469,192
152,2025-06-01T21:00:00Z,457,551,1993,340,48,69,0,Optimization terminated successfully. (HiGHS Status 7: Optimal),4.039783097140757e-05,590081.4212807934,590068.217932966,2.237596844933656e-05,1,0.2526017000200227,False,"[{""message"":""Optimization terminated successfully. (HiGHS Status 7: Optimal)"",""presolve"":true,""solve_seconds"":0.2525935999583453,""status"":0,""time_limit_seconds"":30.0}]",0.01753459998872131,0.020533000002615154,PASS,590065.9125892818,2.3053436839896784,486,192
153,2025-06-02T21:00:00Z,466,561,2039,348,48,70,0,Optimization terminated successfully. (HiGHS Status 7: Optimal),8.82049699785237e-05,497542.8334512605,497527.6171573113,3.058381771079695e-05,1,0.3023766999831423,False,"[{""message"":""Optimization terminated successfully. (HiGHS Status 7: Optimal)"",""presolve"":true,""solve_seconds"":0.3023713000584394,""status"":0,""time_limit_seconds"":30.0}]",0.01848849991802126,0.0123400999000296,PASS,497527.61715731083,-1.8372104904074148e-10,501,192
154,2025-06-03T21:00:00Z,447,539,1947,334,46,67,0,Optimization terminated successfully. (HiGHS Status 7: Optimal),1.654732518836917e-05,334262.1049479679,334259.3974159276,8.100092506718992e-06,1,0.29434879997279495,False,"[{""message"":""Optimization terminated successfully. (HiGHS Status 7: Optimal)"",""presolve"":true,""solve_seconds"":0.2943423999240622,""status"":0,""time_limit_seconds"":30.0}]",0.018783400068059564,0.01268260006327182,PASS,332997.35529019556,1262.0421257316584,497,192
155,2025-06-04T21:00:00Z,415,503,1795,310,42,63,0,Optimization terminated successfully. (HiGHS Status 7: Optimal),5.1715111391125784e-05,297482.0442154043,297474.96648639033,2.379268782707841e-05,1,0.25694160000421107,False,"[{""message"":""Optimization terminated successfully. (HiGHS Status 7: Optimal)"",""presolve"":true,""solve_seconds"":0.25693549995776266,""status"":0,""time_limit_seconds"":30.0}]",0.01620849990285933,0.015555700054392219,PASS,297271.57027966774,203.3962067226641,466,192
156,2025-06-05T21:00:00Z,485,1102,3200,343,72,70,0,Optimization terminated successfully. (HiGHS Status 7: Optimal),5.7467185567166624e-05,379417.5979934983,379403.55711513164,3.7007766804933216e-05,1,0.30811560002621263,False,"[{""message"":""Optimization terminated successfully. (HiGHS Status 7: Optimal)"",""presolve"":true,""solve_seconds"":0.30810829997062683,""status"":0,""time_limit_seconds"":30.0}]",0.019578999956138432,0.01241559989284724,PASS,379403.5571151315,8.20618168972942e-12,472,192
157,2025-06-06T21:00:00Z,459,1036,2994,321,72,66,0,Optimization terminated successfully. (HiGHS Status 7: Optimal),8.696094264546611e-05,513445.7314002074,513422.21738855686,4.579858614245649e-05,1,0.28821919998154044,False,"[{""message"":""Optimization terminated successfully. (HiGHS Status 7: Optimal)"",""presolve"":true,""solve_seconds"":0.2882132000522688,""status"":0,""time_limit_seconds"":30.0}]",0.023697199998423457,0.012994699995033443,PASS,513422.21738855686,7.939396103514204e-13,480,192
158,2025-06-07T21:00:00Z,429,976,2798,302,66,61,0,Optimization terminated successfully. (HiGHS Status 7: Optimal),5.334208061062528e-05,530559.150918085,530545.2061353148,2.6283872908432652e-05,1,0.16601129993796349,False,"[{""message"":""Optimization terminated successfully. (HiGHS Status 7: Optimal)"",""presolve"":true,""solve_seconds"":0.16600610001478344,""status"":0,""time_limit_seconds"":30.0}]",0.01895850000437349,0.012789100059308112,PASS,528407.0925936485,2138.1135416667107,448,192
159,2025-06-08T21:00:00Z,436,992,2848,307,68,61,0,Optimization terminated successfully. (HiGHS Status 7: Optimal),1.557868940224887e-05,754912.4226071743,754904.6783083613,1.0258644614956137e-05,1,0.09615310002118349,False,"[{""message"":""Optimization terminated successfully. (HiGHS Status 7: Optimal)"",""presolve"":true,""solve_seconds"":0.09614869998767972,""status"":0,""time_limit_seconds"":30.0}]",0.01830779993906617,0.014864299912005663,PASS,754878.4580257159,26.22028264515558,439,192
160,2025-06-09T21:00:00Z,441,1011,2905,314,64,63,0,Optimization terminated successfully. (HiGHS Status 7: Optimal),8.996725599035226e-05,652517.2979765974,652503.1763930909,2.164216821846402e-05,1,0.17325620003975928,False,"[{""message"":""Optimization terminated successfully. (HiGHS Status 7: Optimal)"",""presolve"":true,""solve_seconds"":0.17325039999559522,""status"":0,""time_limit_seconds"":30.0}]",0.018181500025093555,0.014099900028668344,PASS,651958.5681798953,544.6082131949593,449,192
161,2025-06-10T21:00:00Z,458,1043,3011,324,68,66,0,Optimization terminated successfully. (HiGHS Status 7: Optimal),3.8022258256666584e-05,465150.8250128112,465139.0276581285,2.5363072073515244e-05,1,0.14507219998631626,False,"[{""message"":""Optimization terminated successfully. (HiGHS Status 7: Optimal)"",""presolve"":true,""solve_seconds"":0.14506280003115535,""status"":0,""time_limit_seconds"":30.0}]",0.08457729988731444,0.014299399917945266,PASS,464967.5028739756,171.52478415336068,461,192
162,2025-06-11T21:00:00Z,455,1034,2984,321,68,66,0,Optimization terminated successfully. (HiGHS Status 7: Optimal),5.3221962673593365e-05,525028.7751904347,525017.253275264,2.194578387418447e-05,1,0.4324569999007508,False,"[{""message"":""Optimization terminated successfully. (HiGHS Status 7: Optimal)"",""presolve"":true,""solve_seconds"":0.43244990007951856,""status"":0,""time_limit_seconds"":30.0}]",0.02427589998114854,0.029458000091835856,PASS,525017.2532752637,1.7956335796043275e-11,465,192
163,2025-06-12T21:00:00Z,476,1083,3139,337,70,69,0,Optimization terminated successfully. (HiGHS Status 7: Optimal),9.191106829013916e-05,359554.5125721715,359541.23924039566,3.6917411209619516e-05,1,0.3826055999379605,False,"[{""message"":""Optimization terminated successfully. (HiGHS Status 7: Optimal)"",""presolve"":true,""solve_seconds"":0.3825999000109732,""status"":0,""time_limit_seconds"":30.0}]",0.021361200022511184,0.015133599983528256,PASS,359541.23924039566,-3.891274425645482e-11,475,192
164,2025-06-13T21:00:00Z,438,997,2865,309,66,63,0,Optimization terminated successfully. (HiGHS Status 7: Optimal),6.928712416744376e-05,302867.7233942173,302856.6651157341,3.6513241268757984e-05,1,0.1569333999650553,False,"[{""message"":""Optimization terminated successfully. (HiGHS Status 7: Optimal)"",""presolve"":true,""solve_seconds"":0.15692720003426075,""status"":0,""time_limit_seconds"":30.0}]",0.020249499939382076,0.013862500083632767,PASS,302856.6651157341,-7.321078943078874e-11,466,192
165,2025-06-14T21:00:00Z,475,1075,3117,334,72,69,0,Optimization terminated successfully. (HiGHS Status 7: Optimal),9.83142203669161e-05,301161.12829549715,301147.0696810452,4.668355055505604e-05,1,0.4155810000374913,False,"[{""message"":""Optimization terminated successfully. (HiGHS Status 7: Optimal)"",""presolve"":true,""solve_seconds"":0.4155754999956116,""status"":0,""time_limit_seconds"":30.0}]",0.02133519994094968,0.012096400023438036,PASS,300620.72669087216,526.3429901730964,463,192
166,2025-06-15T21:00:00Z,449,1019,2937,316,68,65,0,Optimization terminated successfully. (HiGHS Status 7: Optimal),9.836505860497878e-05,305281.0190318869,305264.83562681184,5.301431146439659e-05,1,0.4319052000064403,False,"[{""message"":""Optimization terminated successfully. (HiGHS Status 7: Optimal)"",""presolve"":true,""solve_seconds"":0.4318980999523774,""status"":0,""time_limit_seconds"":30.0}]",0.017876000027172267,0.013701999909244478,PASS,304088.19739776157,1176.6382290499262,468,192
167,2025-06-16T21:00:00Z,441,1003,2885,311,66,64,0,Optimization terminated successfully. (HiGHS Status 7: Optimal),7.152462609042087e-05,344388.1647043624,344375.0915103109,3.796207790225511e-05,1,0.450948299956508,False,"[{""message"":""Optimization terminated successfully. (HiGHS Status 7: Optimal)"",""presolve"":true,""solve_seconds"":0.45094170002266765,""status"":0,""time_limit_seconds"":30.0}]",0.0270806000335142,0.011801999993622303,PASS,340990.7422912913,3384.349219019614,450,192
168,2025-06-17T21:00:00Z,492,1123,3263,350,72,70,0,Optimization terminated successfully. (HiGHS Status 7: Optimal),9.808718628509007e-05,353805.268981127,353787.99336166726,4.883042891194324e-05,1,0.48464989999774843,False,"[{""message"":""Optimization terminated successfully. (HiGHS Status 7: Optimal)"",""presolve"":true,""solve_seconds"":0.48464449995663017,""status"":0,""time_limit_seconds"":30.0}]",0.023340499959886074,0.012304899981245399,PASS,353787.99336166744,-7.337070348611973e-10,479,192
169,2025-06-18T21:00:00Z,448,1021,2941,317,66,65,0,Optimization terminated successfully. (HiGHS Status 7: Optimal),6.919056183859383e-05,400698.89351766673,400683.2406999151,3.9065316843019946e-05,1,0.23957590002100915,False,"[{""message"":""Optimization terminated successfully. (HiGHS Status 7: Optimal)"",""presolve"":true,""solve_seconds"":0.23957019997760653,""status"":0,""time_limit_seconds"":30.0}]",0.02302409999538213,0.012824499979615211,PASS,400680.9140448128,2.3266551021639392,484,192
170,2025-06-19T21:00:00Z,449,1024,2950,318,66,65,0,Optimization terminated successfully. (HiGHS Status 7: Optimal),4.9255860185727696e-05,431342.2582477863,431332.0790910908,2.359934998793095e-05,1,0.2566052000038326,False,"[{""message"":""Optimization terminated successfully. (HiGHS Status 7: Optimal)"",""presolve"":true,""solve_seconds"":0.2565993999596685,""status"":0,""time_limit_seconds"":30.0}]",0.01964459998998791,0.014204700011759996,PASS,431036.04702269286,296.03206839768666,457,192
171,2025-06-20T21:00:00Z,458,1043,3011,324,68,66,0,Optimization terminated successfully. (HiGHS Status 7: Optimal),6.598544106698217e-05,379143.34505206905,379131.8632873967,3.028435693261802e-05,1,0.39838899997994304,False,"[{""message"":""Optimization terminated successfully. (HiGHS Status 7: Optimal)"",""presolve"":true,""solve_seconds"":0.3983834000537172,""status"":0,""time_limit_seconds"":30.0}]",0.019389300025068223,0.013889300054870546,PASS,377618.8132873966,1513.0499999999452,463,192
172,2025-06-21T21:00:00Z,438,994,2858,308,66,64,0,Optimization terminated successfully. (HiGHS Status 7: Optimal),4.370839113336623e-05,302769.9460429345,302764.1913540164,1.9007164923733757e-05,1,0.21952729998156428,False,"[{""message"":""Optimization terminated successfully. (HiGHS Status 7: Optimal)"",""presolve"":true,""solve_seconds"":0.2195204000454396,""status"":0,""time_limit_seconds"":30.0}]",0.019596199970692396,0.012680000043474138,PASS,302760.4909709787,3.7003830375811457,454,192
173,2025-06-22T21:00:00Z,458,1046,3018,325,68,65,0,Optimization terminated successfully. (HiGHS Status 7: Optimal),9.985176018410646e-05,265257.1260709758,265243.61317107204,5.094524140356911e-05,1,0.541967700002715,False,"[{""message"":""Optimization terminated successfully. (HiGHS Status 7: Optimal)"",""presolve"":true,""solve_seconds"":0.5419623999623582,""status"":0,""time_limit_seconds"":30.0}]",0.023538700072094798,0.013823100016452372,PASS,265243.6131710721,-1.8051793600667073e-11,456,192
174,2025-06-23T21:00:00Z,437,994,2856,308,66,63,0,Optimization terminated successfully. (HiGHS Status 7: Optimal),5.10056208153056e-05,277137.8016358142,277130.47544625454,2.6435885652252443e-05,1,0.2922663999488577,False,"[{""message"":""Optimization terminated successfully. (HiGHS Status 7: Optimal)"",""presolve"":true,""solve_seconds"":0.29225769999902695,""status"":0,""time_limit_seconds"":30.0}]",0.02078519994392991,0.010890500037930906,PASS,276645.8704024046,484.6050438501585,457,192
175,2025-06-24T21:00:00Z,410,946,2694,293,60,57,0,Optimization terminated successfully. (HiGHS Status 7: Optimal),2.649047965210049e-05,352995.9307693859,352990.31720819976,1.5902875836714797e-05,1,0.1588702000444755,False,"[{""message"":""Optimization terminated successfully. (HiGHS Status 7: Optimal)"",""presolve"":true,""solve_seconds"":0.15886590001173317,""status"":0,""time_limit_seconds"":30.0}]",0.021218599984422326,0.014326200005598366,PASS,348504.1760446156,4486.141163583786,433,192
176,2025-06-25T21:00:00Z,456,1042,3006,324,66,66,0,Optimization terminated successfully. (HiGHS Status 7: Optimal),6.284554439598834e-05,330309.7735578987,330301.9173170076,2.3785029632615633e-05,1,0.1819039999973029,False,"[{""message"":""Optimization terminated successfully. (HiGHS Status 7: Optimal)"",""presolve"":true,""solve_seconds"":0.18189889995846897,""status"":0,""time_limit_seconds"":30.0}]",0.02303010004106909,0.014587500016205013,PASS,325752.231692008,4549.685624999995,446,192
177,2025-06-26T21:00:00Z,483,1093,3175,340,72,71,0,Optimization terminated successfully. (HiGHS Status 7: Optimal),2.4567079369388547e-05,567126.7127677434,567115.7001311115,1.941867705178612e-05,1,0.27621030004229397,False,"[{""message"":""Optimization terminated successfully. (HiGHS Status 7: Optimal)"",""presolve"":true,""solve_seconds"":0.2762046999996528,""status"":0,""time_limit_seconds"":30.0}]",0.027456399984657764,0.013705199933610857,PASS,566754.0629652649,361.63716584657783,479,192
178,2025-06-27T21:00:00Z,463,1053,3043,327,70,66,0,Optimization terminated successfully. (HiGHS Status 7: Optimal),2.2375354864171843e-05,849331.0530657712,849322.0469052135,1.0603940626000048e-05,1,0.2251731000142172,False,"[{""message"":""Optimization terminated successfully. (HiGHS Status 7: Optimal)"",""presolve"":true,""solve_seconds"":0.22516769997309893,""status"":0,""time_limit_seconds"":30.0}]",0.01849609997589141,0.011779899941757321,PASS,847797.3552385467,1524.6916666666648,482,192
179,2025-06-28T21:00:00Z,459,1043,3013,324,68,67,0,Optimization terminated successfully. (HiGHS Status 7: Optimal),2.7733464108312173e-05,704037.0751376762,704028.6290318889,1.1996821491353224e-05,1,0.15278610005043447,False,"[{""message"":""Optimization terminated successfully. (HiGHS Status 7: Optimal)"",""presolve"":true,""solve_seconds"":0.15278080001007766,""status"":0,""time_limit_seconds"":30.0}]",0.01886670000385493,0.012774799950420856,PASS,703669.1394704096,359.48956147925855,470,192
180,2025-06-29T21:00:00Z,435,996,2858,309,64,62,0,Optimization terminated successfully. (HiGHS Status 7: Optimal),4.5058009881745156e-05,615226.4678916024,615212.3611257426,2.292991290692466e-05,1,0.04803260008338839,False,"[{""message"":""Optimization terminated successfully. (HiGHS Status 7: Optimal)"",""presolve"":true,""solve_seconds"":0.04802670003846288,""status"":0,""time_limit_seconds"":30.0}]",0.021063600084744394,0.011834400007501245,PASS,613964.7777913429,1247.5833343992967,456,192
181,2025-06-30T21:00:00Z,404,921,2621,284,64,56,0,Optimization terminated successfully. (HiGHS Status 7: Optimal),1.3690212294922216e-05,590204.6235251608,590200.782103725,6.508668833218908e-06,1,0.17931679997127503,False,"[{""message"":""Optimization terminated successfully. (HiGHS Status 7: Optimal)"",""presolve"":true,""solve_seconds"":0.17931109992787242,""status"":0,""time_limit_seconds"":30.0}]",0.019723900011740625,0.013630799949169159,PASS,587578.7853534775,2621.9967502475342,427,192
182,2025-07-01T21:00:00Z,498,1138,3310,355,72,71,0,Optimization terminated successfully. (HiGHS Status 7: Optimal),9.256493852663635e-05,479443.3711210316,479424.52681991144,3.930608482870511e-05,1,0.6798843999858946,False,"[{""message"":""Optimization terminated successfully. (HiGHS Status 7: Optimal)"",""presolve"":true,""solve_seconds"":0.6798774999333546,""status"":0,""time_limit_seconds"":30.0}]",0.019331200048327446,0.012890300014987588,PASS,474157.9018199115,5266.625,464,192
183,2025-07-02T21:00:00Z,468,1067,3087,332,68,68,0,Optimization terminated successfully. (HiGHS Status 7: Optimal),9.879792770638637e-05,353964.4106232418,353948.8433128173,4.39818090061204e-05,1,0.23248439992312342,False,"[{""message"":""Optimization terminated successfully. (HiGHS Status 7: Optimal)"",""presolve"":true,""solve_seconds"":0.23247889999765903,""status"":0,""time_limit_seconds"":30.0}]",0.01997070002835244,0.014980799984186888,PASS,351418.18289050437,2530.6604223129916,500,192
184,2025-07-03T21:00:00Z,457,1041,3003,323,70,64,0,Optimization terminated successfully. (HiGHS Status 7: Optimal),5.414491670194922e-05,342517.3293623324,342507.08653353143,2.9905450729938367e-05,1,0.32867560000158846,False,"[{""message"":""Optimization terminated successfully. (HiGHS Status 7: Optimal)"",""presolve"":true,""solve_seconds"":0.3286701999604702,""status"":0,""time_limit_seconds"":30.0}]",0.021507799974642694,0.011816300102509558,PASS,341778.380542228,728.7059913035314,475,192
185,2025-07-04T21:00:00Z,448,1027,2955,319,66,63,0,Optimization terminated successfully. (HiGHS Status 7: Optimal),2.5008817818910752e-05,448855.3684217908,448848.81812245806,1.4593553705031445e-05,1,0.20207779994234443,False,"[{""message"":""Optimization terminated successfully. (HiGHS Status 7: Optimal)"",""presolve"":true,""solve_seconds"":0.2020726999035105,""status"":0,""time_limit_seconds"":30.0}]",0.01790360000450164,0.013652599998749793,PASS,446515.99230867595,2332.825813781794,467,192
186,2025-07-05T21:00:00Z,490,1117,3245,348,72,70,0,Optimization terminated successfully. (HiGHS Status 7: Optimal),6.248182343975302e-05,397828.2556669569,397819.50059215387,2.2007656210887157e-05,1,0.21862689999397844,False,"[{""message"":""Optimization terminated successfully. (HiGHS Status 7: Optimal)"",""presolve"":true,""solve_seconds"":0.21862189995590597,""status"":0,""time_limit_seconds"":30.0}]",0.02135000005364418,0.013054400100372732,PASS,392855.90210259147,4963.598489562238,486,192
187,2025-07-06T21:00:00Z,458,1040,3004,323,68,67,0,Optimization terminated successfully. (HiGHS Status 7: Optimal),2.1059307942299324e-08,406086.75752663205,406086.75177695823,1.415873280840765e-08,1,0.1395697999978438,False,"[{""message"":""Optimization terminated successfully. (HiGHS Status 7: Optimal)"",""presolve"":true,""solve_seconds"":0.13956440007314086,""status"":0,""time_limit_seconds"":30.0}]",0.022022099932655692,0.01209129998460412,PASS,392969.9935737558,13116.758203202355,486,192
188,2025-07-07T21:00:00Z,443,1009,2903,313,66,64,0,Optimization terminated successfully. (HiGHS Status 7: Optimal),3.063642743629083e-05,495139.83158132294,495132.56895501236,1.4668044006690049e-05,1,0.040776000008918345,False,"[{""message"":""Optimization terminated successfully. (HiGHS Status 7: Optimal)"",""presolve"":true,""solve_seconds"":0.04077059996780008,""status"":0,""time_limit_seconds"":30.0}]",0.01975410000886768,0.013583399937488139,PASS,495132.56895501266,2.3617469935288686e-11,457,192
189,2025-07-08T21:00:00Z,427,965,2767,298,68,61,0,Optimization terminated successfully. (HiGHS Status 7: Optimal),9.016233417071106e-05,411843.4718260658,411827.56635687343,3.862167200964768e-05,1,0.28488910000305623,False,"[{""message"":""Optimization terminated successfully. (HiGHS Status 7: Optimal)"",""presolve"":true,""solve_seconds"":0.2848822999512777,""status"":0,""time_limit_seconds"":30.0}]",0.018081200076267123,0.015290600014850497,PASS,411827.5663568729,-2.3793967388977917e-11,438,192
190,2025-07-09T21:00:00Z,460,1041,3009,323,70,67,0,Optimization terminated successfully. (HiGHS Status 7: Optimal),6.809401123073877e-05,314500.6776910409,314491.16091503785,3.0260869575380403e-05,1,0.1555048000300303,False,"[{""message"":""Optimization terminated successfully. (HiGHS Status 7: Optimal)"",""presolve"":true,""solve_seconds"":0.1554988999851048,""status"":0,""time_limit_seconds"":30.0}]",0.019298500032164156,0.012801699922420084,PASS,309652.16238432424,4838.998530714583,445,192
191,2025-07-10T21:00:00Z,487,1105,3211,344,72,71,0,Optimization terminated successfully. (HiGHS Status 7: Optimal),3.5488585743976254e-05,373958.14016153873,373949.60174569895,2.283306573912509e-05,1,0.30148170003667474,False,"[{""message"":""Optimization terminated successfully. (HiGHS Status 7: Optimal)"",""presolve"":true,""solve_seconds"":0.3014756999909878,""status"":0,""time_limit_seconds"":30.0}]",0.019258400076068938,0.01183209998998791,PASS,371556.7486206987,2392.8531249999714,481,192
192,2025-07-11T21:00:00Z,468,1065,3081,331,70,67,0,Optimization terminated successfully. (HiGHS Status 7: Optimal),7.958072617351029e-05,371173.89646292955,371163.210466163,2.8790560231253265e-05,1,0.2842580999713391,False,"[{""message"":""Optimization terminated successfully. (HiGHS Status 7: Optimal)"",""presolve"":true,""solve_seconds"":0.28425250004511327,""status"":0,""time_limit_seconds"":30.0}]",0.021826200070790946,0.012458499986678362,PASS,368897.4187994962,2265.791666666615,489,192
193,2025-07-12T21:00:00Z,470,1071,3099,333,70,67,0,Optimization terminated successfully. (HiGHS Status 7: Optimal),2.879333375521144e-05,325416.2246333806,325410.60843069357,1.7258818678696744e-05,1,0.1489164000377059,False,"[{""message"":""Optimization terminated successfully. (HiGHS Status 7: Optimal)"",""presolve"":true,""solve_seconds"":0.14890999998897314,""status"":0,""time_limit_seconds"":30.0}]",0.01985929999500513,0.013123800046741962,PASS,319904.6500973603,5505.958333333473,482,192
194,2025-07-13T21:00:00Z,492,1120,3256,349,72,71,0,Optimization terminated successfully. (HiGHS Status 7: Optimal),3.134022485366384e-05,361034.560955576,361029.12576293363,1.5054720670800329e-05,1,0.020005599944852293,False,"[{""message"":""Optimization terminated successfully. (HiGHS Status 7: Optimal)"",""presolve"":true,""solve_seconds"":0.020000700023956597,""status"":0,""time_limit_seconds"":30.0}]",0.0813452999573201,0.01312110002618283,PASS,355950.52892842516,5078.596834508465,496,192
195,2025-07-14T21:00:00Z,475,1075,3117,334,72,69,0,Optimization terminated successfully. (HiGHS Status 7: Optimal),1.4069627385376334e-05,409521.8246294225,409518.4045816751,8.35138960587255e-06,1,0.13548509997781366,False,"[{""message"":""Optimization terminated successfully. (HiGHS Status 7: Optimal)"",""presolve"":true,""solve_seconds"":0.13548059994354844,""status"":0,""time_limit_seconds"":30.0}]",0.020344099961221218,0.012426999979652464,PASS,405207.8545816754,4310.550000000063,495,192
196,2025-07-15T21:00:00Z,440,1003,2883,311,66,63,0,Optimization terminated successfully. (HiGHS Status 7: Optimal),2.289189517907206e-05,526147.4610892289,526140.8385480653,1.258701221873952e-05,1,0.026087300037033856,False,"[{""message"":""Optimization terminated successfully. (HiGHS Status 7: Optimal)"",""presolve"":true,""solve_seconds"":0.026082500000484288,""status"":0,""time_limit_seconds"":30.0}]",0.019378600060008466,0.01165280002169311,PASS,524282.6998558412,1858.1386922239913,465,192
197,2025-07-16T21:00:00Z,413,944,2694,292,62,59,0,Optimization terminated successfully. (HiGHS Status 7: Optimal),1.826534219949485e-05,634457.674173844,634451.3008032686,1.0045484290782491e-05,1,0.06531749991700053,False,"[{""message"":""Optimization terminated successfully. (HiGHS Status 7: Optimal)"",""presolve"":true,""solve_seconds"":0.06531219999305904,""status"":0,""time_limit_seconds"":30.0}]",0.018039399990811944,0.012913799961097538,PASS,632861.8439890413,1589.456814226653,433,192
198,2025-07-17T21:00:00Z,494,1126,3274,351,72,71,0,Optimization terminated successfully. (HiGHS Status 7: Optimal),6.551490457433769e-05,564197.7809177487,564183.4604952974,2.5382563392894835e-05,1,0.30230049998499453,False,"[{""message"":""Optimization terminated successfully. (HiGHS Status 7: Optimal)"",""presolve"":true,""solve_seconds"":0.3022955999476835,""status"":0,""time_limit_seconds"":30.0}]",0.01944170007482171,0.016135500045493245,PASS,564183.4604952974,-1.1471654914885221e-11,465,192
199,2025-07-18T21:00:00Z,481,1090,3164,339,72,70,0,Optimization terminated successfully. (HiGHS Status 7: Optimal),5.755749288421938e-05,521048.24239425675,521030.74858888134,3.357537999973068e-05,1,0.252604000037536,False,"[{""message"":""Optimization terminated successfully. (HiGHS Status 7: Optimal)"",""presolve"":true,""solve_seconds"":0.25259899999946356,""status"":0,""time_limit_seconds"":30.0}]",0.020415199920535088,0.01213889999780804,PASS,518880.3418145624,2150.4067743195105,501,192
200,2025-07-19T21:00:00Z,471,1072,3102,333,72,66,0,Optimization terminated successfully. (HiGHS Status 7: Optimal),4.492557721595446e-05,464664.25220203877,464656.85659416177,1.5916278371973477e-05,1,0.25236130005214363,False,"[{""message"":""Optimization terminated successfully. (HiGHS Status 7: Optimal)"",""presolve"":true,""solve_seconds"":0.2523564000148326,""status"":0,""time_limit_seconds"":30.0}]",0.01921800000127405,0.011403199983760715,PASS,464389.4979591832,267.3586349789968,488,192
201,2025-07-20T21:00:00Z,424,963,2759,298,64,62,0,Optimization terminated successfully. (HiGHS Status 7: Optimal),4.6304400995295565e-05,360650.1757071803,360640.9929288645,2.5462380860304853e-05,1,0.02845280000474304,False,"[{""message"":""Optimization terminated successfully. (HiGHS Status 7: Optimal)"",""presolve"":true,""solve_seconds"":0.0284468000754714,""status"":0,""time_limit_seconds"":30.0}]",0.020019000046886504,0.012611999991349876,PASS,358989.1651618058,1651.8277670587784,455,192
202,2025-07-21T21:00:00Z,435,986,2832,305,68,62,0,Optimization terminated successfully. (HiGHS Status 7: Optimal),5.663332665822092e-05,514877.45868339186,514859.30911198375,3.5251516456824144e-05,1,0.1678174000699073,False,"[{""message"":""Optimization terminated successfully. (HiGHS Status 7: Optimal)"",""presolve"":true,""solve_seconds"":0.16781160002574325,""status"":0,""time_limit_seconds"":30.0}]",0.020873300032690167,0.01445449993479997,PASS,514562.3383591426,296.9707528413478,431,192
203,2025-07-22T21:00:00Z,477,1089,3155,339,70,68,0,Optimization terminated successfully. (HiGHS Status 7: Optimal),3.924703846841536e-05,578302.4564785016,578292.2255555411,1.7691614219117337e-05,1,0.13135400007013232,False,"[{""message"":""Optimization terminated successfully. (HiGHS Status 7: Optimal)"",""presolve"":true,""solve_seconds"":0.1313487000297755,""status"":0,""time_limit_seconds"":30.0}]",0.018702000030316412,0.017508699907921255,PASS,577469.5433721596,822.6821833798177,466,192
204,2025-07-23T21:00:00Z,459,1051,3033,327,66,66,0,Optimization terminated successfully. (HiGHS Status 7: Optimal),6.661605510745004e-05,463792.6328234408,463778.8754924323,2.966355678436181e-05,1,0.07897799997590482,False,"[{""message"":""Optimization terminated successfully. (HiGHS Status 7: Optimal)"",""presolve"":true,""solve_seconds"":0.07897299993783236,""status"":0,""time_limit_seconds"":30.0}]",0.02334859990514815,0.011493500089272857,PASS,456652.6463257663,7126.22916666668,484,192
205,2025-07-24T21:00:00Z,469,1068,3090,332,70,67,0,Optimization terminated successfully. (HiGHS Status 7: Optimal),4.101561720048297e-05,394800.38759916025,394792.2768269959,2.054440433726657e-05,1,0.06516779994126409,False,"[{""message"":""Optimization terminated successfully. (HiGHS Status 7: Optimal)"",""presolve"":true,""solve_seconds"":0.0651633000234142,""status"":0,""time_limit_seconds"":30.0}]",0.018689799937419593,0.012729000067338347,PASS,389420.0852441039,5372.191582892223,478,192
206,2025-07-25T21:00:00Z,482,1109,3213,346,68,68,0,Optimization terminated successfully. (HiGHS Status 7: Optimal),6.932894315036625e-05,334706.7673923262,334696.7679833513,2.987602490201435e-05,1,0.28915730002336204,False,"[{""message"":""Optimization terminated successfully. (HiGHS Status 7: Optimal)"",""presolve"":true,""solve_seconds"":0.28915289998985827,""status"":0,""time_limit_seconds"":30.0}]",0.022254600073210895,0.012037000036798418,PASS,330272.1767333516,4424.591250000015,495,192
207,2025-07-26T21:00:00Z,462,1047,3027,325,70,67,0,Optimization terminated successfully. (HiGHS Status 7: Optimal),2.1893007384678893e-05,376530.7651687327,376525.5402921032,1.387655303655181e-05,1,0.04352179996203631,False,"[{""message"":""Optimization terminated successfully. (HiGHS Status 7: Optimal)"",""presolve"":true,""solve_seconds"":0.0435162999201566,""status"":0,""time_limit_seconds"":30.0}]",0.01924429996870458,0.011997599969618022,PASS,376188.3436988951,337.196593207994,488,192
208,2025-07-27T21:00:00Z,425,966,2768,299,64,62,0,Optimization terminated successfully. (HiGHS Status 7: Optimal),2.5685401270812316e-05,491169.1655322515,491162.61981644644,1.3326982838252482e-05,1,0.16257990000303835,False,"[{""message"":""Optimization terminated successfully. (HiGHS Status 7: Optimal)"",""presolve"":true,""solve_seconds"":0.16257500008214265,""status"":0,""time_limit_seconds"":30.0}]",0.018685000017285347,0.013161499984562397,PASS,491162.61981644604,-4.3239349878376745e-12,447,192
209,2025-07-28T21:00:00Z,430,984,2820,305,64,61,0,Optimization terminated successfully. (HiGHS Status 7: Optimal),3.918304550950532e-05,442699.18264865945,442691.75147056987,1.678634866110561e-05,1,0.10963329998776317,False,"[{""message"":""Optimization terminated successfully. (HiGHS Status 7: Optimal)"",""presolve"":true,""solve_seconds"":0.10962680005468428,""status"":0,""time_limit_seconds"":30.0}]",0.01841629995033145,0.011071900022216141,PASS,438659.08977272414,4032.661697845221,433,192
210,2025-07-29T21:00:00Z,470,1065,3085,331,70,69,0,Optimization terminated successfully. (HiGHS Status 7: Optimal),4.278556861067747e-06,370905.48486020963,370904.6845403287,2.1577508031139165e-06,1,0.06921919994056225,False,"[{""message"":""Optimization terminated successfully. (HiGHS Status 7: Optimal)"",""presolve"":true,""solve_seconds"":0.06921310001052916,""status"":0,""time_limit_seconds"":30.0}]",0.08184949995484203,0.011327599990181625,PASS,365983.7527951207,4920.931745208034,458,192
211,2025-07-30T21:00:00Z,464,1056,3052,328,70,66,0,Optimization terminated successfully. (HiGHS Status 7: Optimal),7.302884924292851e-05,412926.4607267283,412909.471556359,4.1145024610959544e-05,1,0.15112469997256994,False,"[{""message"":""Optimization terminated successfully. (HiGHS Status 7: Optimal)"",""presolve"":true,""solve_seconds"":0.15111869992688298,""status"":0,""time_limit_seconds"":30.0}]",0.018762200023047626,0.013774199993349612,PASS,407686.99912152754,5222.472434830688,476,192
212,2025-07-31T21:00:00Z,454,1042,3002,324,66,64,0,Optimization terminated successfully. (HiGHS Status 7: Optimal),5.020722502926843e-05,380349.3890149287,380341.63002419495,2.040005647889315e-05,1,0.17919280007481575,False,"[{""message"":""Optimization terminated successfully. (HiGHS Status 7: Optimal)"",""presolve"":true,""solve_seconds"":0.1791870000306517,""status"":0,""time_limit_seconds"":30.0}]",0.021167400060221553,0.013529599993489683,PASS,377744.06409401546,2597.565930179541,474,192
213,2025-08-01T21:00:00Z,481,1090,3164,339,72,70,0,Optimization terminated successfully. (HiGHS Status 7: Optimal),6.177557902506089e-05,341148.84978745226,341137.0906040392,3.447055080477028e-05,1,0.2167026000097394,False,"[{""message"":""Optimization terminated successfully. (HiGHS Status 7: Optimal)"",""presolve"":true,""solve_seconds"":0.2166966999648139,""status"":0,""time_limit_seconds"":30.0}]",0.01934370002709329,0.011892199981957674,PASS,341135.17452246894,1.9160815698967448,481,192
214,2025-08-02T21:00:00Z,478,1084,3144,337,72,69,0,Optimization terminated successfully. (HiGHS Status 7: Optimal),1.6512568816380022e-05,358191.9318793716,358189.1390881159,7.796973584407083e-06,1,0.2788230999140069,False,"[{""message"":""Optimization terminated successfully. (HiGHS Status 7: Optimal)"",""presolve"":true,""solve_seconds"":0.2788186001125723,""status"":0,""time_limit_seconds"":30.0}]",0.021443100064061582,0.01402769994456321,PASS,353896.2640881159,4292.874999999829,489,192
215,2025-08-03T21:00:00Z,449,1017,2931,315,70,64,0,Optimization terminated successfully. (HiGHS Status 7: Optimal),3.7529797195733566e-05,394121.63924133155,394112.98253780056,2.1965030117106346e-05,1,0.17686629993841052,False,"[{""message"":""Optimization terminated successfully. (HiGHS Status 7: Optimal)"",""presolve"":true,""solve_seconds"":0.17686170001979917,""status"":0,""time_limit_seconds"":30.0}]",0.019382799975574017,0.012019500019960105,PASS,390864.94087113417,3248.041666666486,471,192
216,2025-08-04T21:00:00Z,433,975,2801,301,70,62,0,Optimization terminated successfully. (HiGHS Status 7: Optimal),6.708415622339567e-06,686122.2311696282,686119.1454199263,4.497396294134116e-06,1,0.13002409995533526,False,"[{""message"":""Optimization terminated successfully. (HiGHS Status 7: Optimal)"",""presolve"":true,""solve_seconds"":0.13001830002758652,""status"":0,""time_limit_seconds"":30.0}]",0.01948579994495958,0.013785199960693717,PASS,683129.1485449263,2989.9968749994227,442,192
217,2025-08-05T21:00:00Z,408,940,2676,291,60,57,0,Optimization terminated successfully. (HiGHS Status 7: Optimal),2.5636759325807296e-05,739205.7953133859,739198.527344787,9.83222819041089e-06,1,0.2756988999899477,False,"[{""message"":""Optimization terminated successfully. (HiGHS Status 7: Optimal)"",""presolve"":true,""solve_seconds"":0.2756932999473065,""status"":0,""time_limit_seconds"":30.0}]",0.01849330007098615,0.011188200092874467,PASS,739198.5273447882,-4.784177439394929e-12,425,192
218,2025-08-06T21:00:00Z,468,1060,3068,329,72,67,0,Optimization terminated successfully. (HiGHS Status 7: Optimal),2.1894317416354655e-05,548773.1273761048,548767.2909937426,1.06354413937605e-05,1,0.24895530007779598,False,"[{""message"":""Optimization terminated successfully. (HiGHS Status 7: Optimal)"",""presolve"":true,""solve_seconds"":0.24895000003743917,""status"":0,""time_limit_seconds"":30.0}]",0.018098799977451563,0.013286300003528595,PASS,547663.1845298122,1104.1064639299645,448,192
219,2025-08-07T21:00:00Z,486,1108,3216,345,72,69,0,Optimization terminated successfully. (HiGHS Status 7: Optimal),9.239475515349938e-05,423091.53770867886,423076.8498093597,3.4716858948397724e-05,1,0.5221133000450209,False,"[{""message"":""Optimization terminated successfully. (HiGHS Status 7: Optimal)"",""presolve"":true,""solve_seconds"":0.5221080000046641,""status"":0,""time_limit_seconds"":30.0}]",0.01920450001489371,0.011644800077192485,PASS,420345.41553169186,2731.4342776675903,490,192
220,2025-08-08T21:00:00Z,442,1003,2887,311,66,65,0,Optimization terminated successfully. (HiGHS Status 7: Optimal),5.23940124899016e-05,291396.92502446595,291389.7846850242,2.4504426088547977e-05,1,0.36697840003762394,False,"[{""message"":""Optimization terminated successfully. (HiGHS Status 7: Optimal)"",""presolve"":true,""solve_seconds"":0.3669729999965057,""status"":0,""time_limit_seconds"":30.0}]",0.019580000080168247,0.011643099947832525,PASS,289515.26906002423,1874.515624999991,474,192
221,2025-08-09T21:00:00Z,444,1010,2906,313,68,63,0,Optimization terminated successfully. (HiGHS Status 7: Optimal),3.820637034640511e-05,466656.8992383076,466644.1605698649,2.729846319548357e-05,1,0.21240099996794015,False,"[{""message"":""Optimization terminated successfully. (HiGHS Status 7: Optimal)"",""presolve"":true,""solve_seconds"":0.21239409991540015,""status"":0,""time_limit_seconds"":30.0}]",0.01900900003965944,0.015598600031808019,PASS,462728.78556986485,3915.3749999999322,448,192
222,2025-08-10T21:00:00Z,452,1018,2938,315,72,65,0,Optimization terminated successfully. (HiGHS Status 7: Optimal),1.0130250626415832e-05,607769.4166175592,607766.5824302232,4.6632826118605885e-06,1,0.15107280004303902,False,"[{""message"":""Optimization terminated successfully. (HiGHS Status 7: Optimal)"",""presolve"":true,""solve_seconds"":0.15106720000039786,""status"":0,""time_limit_seconds"":30.0}]",0.023881200002506375,0.014418100006878376,PASS,603474.9574302234,4291.625000000077,452,192
223,2025-08-11T21:00:00Z,422,957,2741,296,64,62,0,Optimization terminated successfully. (HiGHS Status 7: Optimal),1.4167012895689647e-05,507838.27146497363,507834.95688771387,6.5268788900967435e-06,1,0.3284388999454677,False,"[{""message"":""Optimization terminated successfully. (HiGHS Status 7: Optimal)"",""presolve"":true,""solve_seconds"":0.3284332000184804,""status"":0,""time_limit_seconds"":30.0}]",0.017802100046537817,0.011906200088560581,PASS,506564.58992958826,1270.3669581249949,436,192
224,2025-08-12T21:00:00Z,443,1007,2897,312,68,63,0,Optimization terminated successfully. (HiGHS Status 7: Optimal),3.2388026299451395e-05,445908.65205681045,445901.69126002555,1.5610608619202204e-05,1,0.18765829992480576,False,"[{""message"":""Optimization terminated successfully. (HiGHS Status 7: Optimal)"",""presolve"":true,""solve_seconds"":0.18765320000238717,""status"":0,""time_limit_seconds"":30.0}]",0.020722699933685362,0.012721400009468198,PASS,441073.6287600257,4828.062499999985,435,192
225,2025-08-13T21:00:00Z,452,1026,2958,318,70,64,0,Optimization terminated successfully. (HiGHS Status 7: Optimal),9.576249080090877e-06,384502.405398828,384500.7202093563,4.382799259202784e-06,1,0.14819109998643398,False,"[{""message"":""Optimization terminated successfully. (HiGHS Status 7: Optimal)"",""presolve"":true,""solve_seconds"":0.14818640006706119,""status"":0,""time_limit_seconds"":30.0}]",0.01855150004848838,0.011655000038444996,PASS,380770.2943214393,3730.4258879166287,455,192
226,2025-08-14T21:00:00Z,472,1066,3090,331,72,69,0,Optimization terminated successfully. (HiGHS Status 7: Optimal),5.560406320280658e-05,410252.93762324774,410239.62732566986,3.244517762616901e-05,1,0.1638254999415949,False,"[{""message"":""Optimization terminated successfully. (HiGHS Status 7: Optimal)"",""presolve"":true,""solve_seconds"":0.16382069990504533,""status"":0,""time_limit_seconds"":30.0}]",0.07761609996668994,0.013733499916270375,PASS,407367.58045067,2872.046874999988,468,192
227,2025-08-15T21:00:00Z,481,1093,3171,340,72,69,0,Optimization terminated successfully. (HiGHS Status 7: Optimal),8.512084213905501e-05,380451.3038986018,380438.94519769994,3.248537264088363e-05,1,0.4407802000641823,False,"[{""message"":""Optimization terminated successfully. (HiGHS Status 7: Optimal)"",""presolve"":true,""solve_seconds"":0.440774800023064,""status"":0,""time_limit_seconds"":30.0}]",0.020162599976174533,0.013905699946917593,PASS,378193.77332270006,2245.171874999922,485,192
228,2025-08-16T21:00:00Z,444,1012,2912,314,66,64,0,Optimization terminated successfully. (HiGHS Status 7: Optimal),5.9349762214685774e-05,402058.0676439571,402042.60780544404,3.845323409237609e-05,1,0.22095019998960197,False,"[{""message"":""Optimization terminated successfully. (HiGHS Status 7: Optimal)"",""presolve"":true,""solve_seconds"":0.22094529995229095,""status"":0,""time_limit_seconds"":30.0}]",0.02080920001026243,0.011592199909500778,PASS,397485.96197211096,4556.645833333276,473,192
229,2025-08-17T21:00:00Z,472,1071,3103,333,70,69,0,Optimization terminated successfully. (HiGHS Status 7: Optimal),1.8042400853257215e-05,535529.1219099048,535524.0466278137,9.477225388852277e-06,1,0.15284780005458742,False,"[{""message"":""Optimization terminated successfully. (HiGHS Status 7: Optimal)"",""presolve"":true,""solve_seconds"":0.1528433000203222,""status"":0,""time_limit_seconds"":30.0}]",0.019680900033563375,0.013391699991188943,PASS,530816.2125283569,4707.834099456556,466,192
230,2025-08-18T21:00:00Z,471,1068,3094,332,70,69,0,Optimization terminated successfully. (HiGHS Status 7: Optimal),2.7982079936857437e-05,515992.1261544104,515985.38084495266,1.3072675521773831e-05,1,0.19453819992486387,False,"[{""message"":""Optimization terminated successfully. (HiGHS Status 7: Optimal)"",""presolve"":true,""solve_seconds"":0.19453300000168383,""status"":0,""time_limit_seconds"":30.0}]",0.020599599927663803,0.013731200015172362,PASS,511653.11001162016,4332.270833333343,479,192
231,2025-08-19T21:00:00Z,472,1069,3097,332,72,68,0,Optimization terminated successfully. (HiGHS Status 7: Optimal),5.020206979189954e-05,417911.94294833706,417902.7618325723,2.1969502485493545e-05,1,0.041717000072821975,False,"[{""message"":""Optimization terminated successfully. (HiGHS Status 7: Optimal)"",""presolve"":true,""solve_seconds"":0.04171130002941936,""status"":0,""time_limit_seconds"":30.0}]",0.02328349999152124,0.012307299999520183,PASS,413900.18058257183,4002.5812500000093,479,192
232,2025-08-20T21:00:00Z,435,988,2838,306,66,63,0,Optimization terminated successfully. (HiGHS Status 7: Optimal),3.163523713801722e-05,393675.81881082745,393668.9760841326,1.7381930277800317e-05,1,0.056545999948866665,False,"[{""message"":""Optimization terminated successfully. (HiGHS Status 7: Optimal)"",""presolve"":true,""solve_seconds"":0.05653950001578778,""status"":0,""time_limit_seconds"":30.0}]",0.020172899938188493,0.011404399992898107,PASS,393668.11395065556,0.8621334773002403,459,192
233,2025-08-21T21:00:00Z,454,1037,2989,322,68,64,0,Optimization terminated successfully. (HiGHS Status 7: Optimal),2.4333017472150285e-05,523422.98511771456,523415.4816690899,1.433554964931571e-05,1,0.16075080004520714,False,"[{""message"":""Optimization terminated successfully. (HiGHS Status 7: Optimal)"",""presolve"":true,""solve_seconds"":0.16074570000637323,""status"":0,""time_limit_seconds"":30.0}]",0.021630899980664253,0.011178400018252432,PASS,521811.9631378206,1603.5185312696556,453,192
234,2025-08-22T21:00:00Z,402,922,2622,285,60,57,0,Optimization terminated successfully. (HiGHS Status 7: Optimal),8.472567584529149e-05,461891.28855154105,461878.043273401,2.8677003232699695e-05,1,0.19827449996955693,False,"[{""message"":""Optimization terminated successfully. (HiGHS Status 7: Optimal)"",""presolve"":true,""solve_seconds"":0.19826989993453026,""status"":0,""time_limit_seconds"":30.0}]",0.016623999923467636,0.012718399986624718,PASS,460425.7824400679,1452.2608333333326,438,192
235,2025-08-23T21:00:00Z,431,976,2802,302,66,63,0,Optimization terminated successfully. (HiGHS Status 7: Optimal),5.366496990008117e-05,343083.3837339006,343073.21044567623,2.9653403164781005e-05,1,0.08466339996084571,False,"[{""message"":""Optimization terminated successfully. (HiGHS Status 7: Optimal)"",""presolve"":true,""solve_seconds"":0.0846580999204889,""status"":0,""time_limit_seconds"":30.0}]",0.018174499971792102,0.012479599914513528,PASS,339471.81104771304,3601.3993979628763,419,192
236,2025-08-24T21:00:00Z,418,949,2713,293,66,59,0,Optimization terminated successfully. (HiGHS Status 7: Optimal),4.511264458872477e-05,418545.7872036719,418535.2192015512,2.524997093628277e-05,1,0.0605455000186339,False,"[{""message"":""Optimization terminated successfully. (HiGHS Status 7: Optimal)"",""presolve"":true,""solve_seconds"":0.06053929997142404,""status"":0,""time_limit_seconds"":30.0}]",0.022525799926370382,0.013550400035455823,PASS,413730.0317015514,4805.187500000042,425,192
237,2025-08-25T21:00:00Z,443,1007,2897,312,68,63,0,Optimization terminated successfully. (HiGHS Status 7: Optimal),4.6615586131082146e-05,379311.32521478523,379304.256595317,1.8635750443979206e-05,1,0.1585905000101775,False,"[{""message"":""Optimization terminated successfully. (HiGHS Status 7: Optimal)"",""presolve"":true,""solve_seconds"":0.15858469996601343,""status"":0,""time_limit_seconds"":30.0}]",0.01928770006634295,0.01175189996138215,PASS,374408.11076198355,4896.145833333346,435,192
238,2025-08-26T21:00:00Z,450,1025,2953,318,68,64,0,Optimization terminated successfully. (HiGHS Status 7: Optimal),3.2221973695498337e-05,367534.9236376808,367527.75611877744,1.950197987514315e-05,1,0.24064540001563728,False,"[{""message"":""Optimization terminated successfully. (HiGHS Status 7: Optimal)"",""presolve"":true,""solve_seconds"":0.24063849996309727,""status"":0,""time_limit_seconds"":30.0}]",0.022353300009854138,0.01116080000065267,PASS,363432.31861877756,4095.43750000001,455,192
239,2025-08-27T21:00:00Z,431,977,2803,302,68,61,0,Optimization terminated successfully. (HiGHS Status 7: Optimal),4.668136242160752e-05,371891.0922902002,371883.8530030076,1.9466527342141603e-05,1,0.08787569997366518,False,"[{""message"":""Optimization terminated successfully. (HiGHS Status 7: Optimal)"",""presolve"":true,""solve_seconds"":0.087867800029926,""status"":0,""time_limit_seconds"":30.0}]",0.018120700027793646,0.011476200073957443,PASS,367602.04050300684,4281.812500000016,447,192
240,2025-08-28T21:00:00Z,460,1036,2996,321,72,67,0,Optimization terminated successfully. (HiGHS Status 7: Optimal),3.8776252134425185e-05,327367.4298965762,327360.52643023315,2.1088267477893535e-05,1,0.1957737000193447,False,"[{""message"":""Optimization terminated successfully. (HiGHS Status 7: Optimal)"",""presolve"":true,""solve_seconds"":0.19576809997670352,""status"":0,""time_limit_seconds"":30.0}]",0.01918970001861453,0.012211499968543649,PASS,326950.8705124713,409.6559177616556,447,192
241,2025-08-29T21:00:00Z,462,1055,3047,328,68,66,0,Optimization terminated successfully. (HiGHS Status 7: Optimal),9.945525012402969e-05,371804.68707238,371785.25679042854,5.226210990500378e-05,1,0.4395912999752909,False,"[{""message"":""Optimization terminated successfully. (HiGHS Status 7: Optimal)"",""presolve"":true,""solve_seconds"":0.4395859999349341,""status"":0,""time_limit_seconds"":30.0}]",0.018522099941037595,0.011882799910381436,PASS,369878.61824876204,1906.638541666542,468,192
242,2025-08-30T21:00:00Z,453,1033,2979,321,66,66,0,Optimization terminated successfully. (HiGHS Status 7: Optimal),3.0363213171572046e-05,372010.249791381,372004.7847450671,1.4690795758520974e-05,1,0.0780191000085324,False,"[{""message"":""Optimization terminated successfully. (HiGHS Status 7: Optimal)"",""presolve"":true,""solve_seconds"":0.07801430008839816,""status"":0,""time_limit_seconds"":30.0}]",0.019470900064334273,0.011889800080098212,PASS,372004.7847450674,-7.035729658137294e-12,469,192
243,2025-08-31T21:00:00Z,476,1080,3132,336,70,70,0,Optimization terminated successfully. (HiGHS Status 7: Optimal),2.635272074922641e-05,397519.6259684653,397513.8444344506,1.4544233101875094e-05,1,0.2660569000290707,False,"[{""message"":""Optimization terminated successfully. (HiGHS Status 7: Optimal)"",""presolve"":true,""solve_seconds"":0.2660512999864295,""status"":0,""time_limit_seconds"":30.0}]",0.020689700031653047,0.01208529993891716,PASS,397513.8444344506,-1.0570103459173196e-11,473,192
244,2025-09-01T21:00:00Z,428,975,2795,302,64,62,0,Optimization terminated successfully. (HiGHS Status 7: Optimal),9.357288143497429e-05,490256.6452464984,490231.13366900163,5.203989658069308e-05,1,0.23759819997940212,False,"[{""message"":""Optimization terminated successfully. (HiGHS Status 7: Optimal)"",""presolve"":true,""solve_seconds"":0.23759360006079078,""status"":0,""time_limit_seconds"":30.0}]",0.019285300048068166,0.012919900007545948,PASS,485593.4461690017,4637.687500000567,458,192
245,2025-09-02T21:00:00Z,435,991,2845,307,66,62,0,Optimization terminated successfully. (HiGHS Status 7: Optimal),7.072084911803828e-05,489774.2321301555,489758.4228459,3.227975981224717e-05,1,0.08801830001175404,False,"[{""message"":""Optimization terminated successfully. (HiGHS Status 7: Optimal)"",""presolve"":true,""solve_seconds"":0.08801330009009689,""status"":0,""time_limit_seconds"":30.0}]",0.01870959997177124,0.011190199991688132,PASS,484682.2145125669,5076.208333333349,437,192
246,2025-09-03T21:00:00Z,469,1068,3090,332,70,67,0,Optimization terminated successfully. (HiGHS Status 7: Optimal),9.114816913329641e-05,405302.8388284696,405285.63364326,4.2451998742146654e-05,1,0.12394970003515482,False,"[{""message"":""Optimization terminated successfully. (HiGHS Status 7: Optimal)"",""presolve"":true,""solve_seconds"":0.1239441999932751,""status"":0,""time_limit_seconds"":30.0}]",0.021161100012250245,0.011432800092734396,PASS,399798.4253099257,5487.20833333333,462,192
247,2025-09-04T21:00:00Z,450,1019,2939,316,68,66,0,Optimization terminated successfully. (HiGHS Status 7: Optimal),9.4894311595529e-05,452558.39716799755,452532.67202828964,5.68470329282673e-05,1,0.07520810002461076,False,"[{""message"":""Optimization terminated successfully. (HiGHS Status 7: Optimal)"",""presolve"":true,""solve_seconds"":0.07520289998501539,""status"":0,""time_limit_seconds"":30.0}]",0.020978900021873415,0.013875700067728758,PASS,452532.6720282898,1.2143461021925836e-11,467,192
248,2025-09-05T21:00:00Z,453,1026,2960,318,70,65,0,Optimization terminated successfully. (HiGHS Status 7: Optimal),9.789932194672719e-05,427975.6842880487,427960.1992702209,3.6183312967500815e-05,1,0.1956686000339687,False,"[{""message"":""Optimization terminated successfully. (HiGHS Status 7: Optimal)"",""presolve"":true,""solve_seconds"":0.19566339999437332,""status"":0,""time_limit_seconds"":30.0}]",0.020716900005936623,0.01226019999012351,PASS,427956.4272915765,3.771978671131556,455,192
249,2025-09-06T21:00:00Z,464,1053,3045,327,70,67,0,Optimization terminated successfully. (HiGHS Status 7: Optimal),2.4236813983113005e-05,402011.8977405345,402005.94825882564,1.4799486760430342e-05,1,0.22003820003010333,False,"[{""message"":""Optimization terminated successfully. (HiGHS Status 7: Optimal)"",""presolve"":true,""solve_seconds"":0.22003259998746216,""status"":0,""time_limit_seconds"":30.0}]",0.019393099937587976,0.011882900027558208,PASS,402005.94825882564,2.2969087372833504e-11,465,192
250,2025-09-07T21:00:00Z,474,1080,3128,336,70,68,0,Optimization terminated successfully. (HiGHS Status 7: Optimal),8.100661874005816e-05,441394.5781703872,441378.5083263864,3.640830647086017e-05,1,0.11055390001274645,False,"[{""message"":""Optimization terminated successfully. (HiGHS Status 7: Optimal)"",""presolve"":true,""solve_seconds"":0.11054899997543544,""status"":0,""time_limit_seconds"":30.0}]",0.02261520002502948,0.01534639997407794,PASS,434221.7583263865,7156.750000000112,480,192
251,2025-09-08T21:00:00Z,473,1074,3112,334,70,69,0,Optimization terminated successfully. (HiGHS Status 7: Optimal),5.137298455940057e-05,369172.0916935769,369162.82311360247,2.5107024310433016e-05,1,0.040149200009182096,False,"[{""message"":""Optimization terminated successfully. (HiGHS Status 7: Optimal)"",""presolve"":true,""solve_seconds"":0.04014389996882528,""status"":0,""time_limit_seconds"":30.0}]",0.022012999979779124,0.012956099933944643,PASS,362856.5004850684,6306.322628533527,485,192
252,2025-09-09T21:00:00Z,445,1007,2901,312,68,65,0,Optimization terminated successfully. (HiGHS Status 7: Optimal),5.908350030725887e-05,342060.0341247135,342049.9773403031,2.9401505851799754e-05,1,0.09188039996661246,False,"[{""message"":""Optimization terminated successfully. (HiGHS Status 7: Optimal)"",""presolve"":true,""solve_seconds"":0.09187590004876256,""status"":0,""time_limit_seconds"":30.0}]",0.018958300002850592,0.011465499992482364,PASS,335983.3106736363,6066.666666666557,464,192
253,2025-09-10T21:00:00Z,457,1035,2989,321,70,66,0,Optimization terminated successfully. (HiGHS Status 7: Optimal),5.087304803332597e-05,382984.09165738104,382972.8500240281,2.9353603923188444e-05,1,0.14623449998907745,False,"[{""message"":""Optimization terminated successfully. (HiGHS Status 7: Optimal)"",""presolve"":true,""solve_seconds"":0.14622899994719774,""status"":0,""time_limit_seconds"":30.0}]",0.018894399981945753,0.011704299948178232,PASS,377366.6625240277,5606.187499999841,454,192
254,2025-09-11T21:00:00Z,432,990,2838,307,64,61,0,Optimization terminated successfully. (HiGHS Status 7: Optimal),5.9620850000576504e-05,431356.0353851196,431343.0587359492,3.0084288845218145e-05,1,0.20530380005948246,False,"[{""message"":""Optimization terminated successfully. (HiGHS Status 7: Optimal)"",""presolve"":true,""solve_seconds"":0.20529830001760274,""status"":0,""time_limit_seconds"":30.0}]",0.02047849993687123,0.012765799998305738,PASS,427830.39206928265,3512.6666666665697,453,192
255,2025-09-12T21:00:00Z,477,1075,3121,334,72,71,0,Optimization terminated successfully. (HiGHS Status 7: Optimal),6.73603973489658e-05,416066.66449898627,416052.98118445626,3.288839438441089e-05,1,0.1744189999299124,False,"[{""message"":""Optimization terminated successfully. (HiGHS Status 7: Optimal)"",""presolve"":true,""solve_seconds"":0.1744133000029251,""status"":0,""time_limit_seconds"":30.0}]",0.019596799975261092,0.011133900028653443,PASS,412918.2728511229,3134.708333333301,461,192
256,2025-09-13T21:00:00Z,413,939,2681,290,64,59,0,Optimization terminated successfully. (HiGHS Status 7: Optimal),1.3081233307664807e-05,411932.1488117409,411929.3579787811,6.775028061869181e-06,1,0.09827479999512434,False,"[{""message"":""Optimization terminated successfully. (HiGHS Status 7: Optimal)"",""presolve"":true,""solve_seconds"":0.09826839994639158,""status"":0,""time_limit_seconds"":30.0}]",0.01819089998025447,0.011944300029426813,PASS,407356.7538121144,4572.604166666671,446,192
257,2025-09-14T21:00:00Z,461,1047,3025,325,70,66,0,Optimization terminated successfully. (HiGHS Status 7: Optimal),3.8454032398529844e-05,425713.32483251934,425704.91290204984,1.9760003266489242e-05,1,0.17691590008325875,False,"[{""message"":""Optimization terminated successfully. (HiGHS Status 7: Optimal)"",""presolve"":true,""solve_seconds"":0.17691000003833324,""status"":0,""time_limit_seconds"":30.0}]",0.01883120008278638,0.013803700101561844,PASS,420377.0587353834,5327.854166666694,442,192
258,2025-09-15T21:00:00Z,424,971,2779,301,62,61,0,Optimization terminated successfully. (HiGHS Status 7: Optimal),2.261234363140877e-05,442682.3188146331,442677.0941085608,1.1802521842299746e-05,1,0.10544229997321963,False,"[{""message"":""Optimization terminated successfully. (HiGHS Status 7: Optimal)"",""presolve"":true,""solve_seconds"":0.10543699993286282,""status"":0,""time_limit_seconds"":30.0}]",0.02010820002760738,0.01402340002823621,PASS,438203.73994189425,4473.354166667077,451,192
259,2025-09-16T21:00:00Z,377,867,2445,267,58,52,0,Optimization terminated successfully. (HiGHS Status 7: Optimal),4.713307344616757e-05,431430.95133355446,431421.22904006625,2.2535500883552354e-05,1,0.13325740001164377,False,"[{""message"":""Optimization terminated successfully. (HiGHS Status 7: Optimal)"",""presolve"":true,""solve_seconds"":0.1332513999659568,""status"":0,""time_limit_seconds"":30.0}]",0.0824371000053361,0.0127445999532938,PASS,431421.22904006566,1.1202378189523188e-10,407,192
260,2025-09-17T21:00:00Z,417,954,2724,295,64,58,0,Optimization terminated successfully. (HiGHS Status 7: Optimal),2.8029147379938923e-05,400177.5874266511,400172.1117665702,1.3683262576026671e-05,1,0.247410099953413,False,"[{""message"":""Optimization terminated successfully. (HiGHS Status 7: Optimal)"",""presolve"":true,""solve_seconds"":0.2474047999130562,""status"":0,""time_limit_seconds"":30.0}]",0.01858039991930127,0.011654799920506775,PASS,395574.23676657,4597.87499999816,404,192
261,2025-09-18T21:00:00Z,459,1046,3020,325,68,66,0,Optimization terminated successfully. (HiGHS Status 7: Optimal),4.302619688621001e-05,364247.3105536279,364239.78354183625,2.066499084328348e-05,1,0.18536140001378953,False,"[{""message"":""Optimization terminated successfully. (HiGHS Status 7: Optimal)"",""presolve"":true,""solve_seconds"":0.18535609997343272,""status"":0,""time_limit_seconds"":30.0}]",0.019452599924989045,0.012227899977006018,PASS,362009.60479183664,2230.1787499986576,448,192
262,2025-09-19T21:00:00Z,431,976,2802,302,66,63,0,Optimization terminated successfully. (HiGHS Status 7: Optimal),4.3012000599263885e-05,336078.0834139234,336071.01760492346,2.1024749620750158e-05,1,0.21123680006712675,False,"[{""message"":""Optimization terminated successfully. (HiGHS Status 7: Optimal)"",""presolve"":true,""solve_seconds"":0.2112308000214398,""status"":0,""time_limit_seconds"":30.0}]",0.019703300087712705,0.013381100026890635,PASS,336069.2582451874,1.7593597358670048,450,192
263,2025-09-20T21:00:00Z,460,1038,3002,322,70,68,0,Optimization terminated successfully. (HiGHS Status 7: Optimal),5.975808891030436e-05,354788.63582916907,354777.18922185095,3.226421445874551e-05,1,0.19458979996852577,False,"[{""message"":""Optimization terminated successfully. (HiGHS Status 7: Optimal)"",""presolve"":true,""solve_seconds"":0.19458360003773123,""status"":0,""time_limit_seconds"":30.0}]",0.020402599941007793,0.011227000039070845,PASS,350904.92932028923,3872.259901562893,445,192
264,2025-09-21T21:00:00Z,469,1068,3090,332,70,67,0,Optimization terminated successfully. (HiGHS Status 7: Optimal),7.573523094414744e-05,391437.74891235103,391422.18965576345,3.975057367408978e-05,1,0.22489100007805973,False,"[{""message"":""Optimization terminated successfully. (HiGHS Status 7: Optimal)"",""presolve"":true,""solve_seconds"":0.22488300001714379,""status"":0,""time_limit_seconds"":30.0}]",0.019898500060662627,0.011982599971815944,PASS,386238.3563224304,5183.833333333351,471,192
265,2025-09-22T21:00:00Z,477,1086,3148,338,70,69,0,Optimization terminated successfully. (HiGHS Status 7: Optimal),7.476954337257742e-05,374273.49831222126,374260.34688740154,3.513977617211118e-05,1,0.11280849995091558,False,"[{""message"":""Optimization terminated successfully. (HiGHS Status 7: Optimal)"",""presolve"":true,""solve_seconds"":0.11280380003154278,""status"":0,""time_limit_seconds"":30.0}]",0.01922519993968308,0.012182999984361231,PASS,369164.78438740195,5095.562499999827,486,192
266,2025-09-23T21:00:00Z,436,988,2840,306,66,64,0,Optimization terminated successfully. (HiGHS Status 7: Optimal),1.2885457330611467e-05,369886.2015744589,369883.61414809513,6.995244625098744e-06,1,0.11141769995447248,False,"[{""message"":""Optimization terminated successfully. (HiGHS Status 7: Optimal)"",""presolve"":true,""solve_seconds"":0.11141159990802407,""status"":0,""time_limit_seconds"":30.0}]",0.018263099947944283,0.01368119998369366,PASS,365629.2786228885,4254.335525206532,463,192
267,2025-09-24T21:00:00Z,445,1005,2895,311,70,64,0,Optimization terminated successfully. (HiGHS Status 7: Optimal),2.4182543294783348e-05,378426.89012742636,378422.4510863644,1.173038504777841e-05,1,0.13517879997380078,False,"[{""message"":""Optimization terminated successfully. (HiGHS Status 7: Optimal)"",""presolve"":true,""solve_seconds"":0.13517340004909784,""status"":0,""time_limit_seconds"":30.0}]",0.020131699973717332,0.014131900039501488,PASS,373471.2010863638,4951.249999999994,441,192
268,2025-09-25T21:00:00Z,474,1077,3121,335,70,69,0,Optimization terminated successfully. (HiGHS Status 7: Optimal),1.2957133173000017e-05,380913.9810273502,380911.3368565417,6.9416962758587535e-06,1,0.15661519998684525,False,"[{""message"":""Optimization terminated successfully. (HiGHS Status 7: Optimal)"",""presolve"":true,""solve_seconds"":0.1566103999502957,""status"":0,""time_limit_seconds"":30.0}]",0.021804000018164515,0.011886199936270714,PASS,376800.04482173466,4111.2920348071175,465,192
269,2025-09-26T21:00:00Z,449,1012,2918,313,72,64,0,Optimization terminated successfully. (HiGHS Status 7: Optimal),3.529961655277327e-05,448420.86507944565,448412.03208625346,1.9698385770548894e-05,1,0.2286460999166593,False,"[{""message"":""Optimization terminated successfully. (HiGHS Status 7: Optimal)"",""presolve"":true,""solve_seconds"":0.22864089999347925,""status"":0,""time_limit_seconds"":30.0}]",0.023017199942842126,0.016266099992208183,PASS,448410.1387700042,1.8933162493991955,467,192
270,2025-09-27T21:00:00Z,454,1028,2968,319,68,67,0,Optimization terminated successfully. (HiGHS Status 7: Optimal),7.016384430709849e-05,463904.3893717144,463889.242428574,3.2652068112357055e-05,1,0.10754380002617836,False,"[{""message"":""Optimization terminated successfully. (HiGHS Status 7: Optimal)"",""presolve"":true,""solve_seconds"":0.107538599986583,""status"":0,""time_limit_seconds"":30.0}]",0.020697499974630773,0.015055500087328255,PASS,456812.92992857343,7076.31249999997,453,192
271,2025-09-28T21:00:00Z,433,982,2820,304,66,63,0,Optimization terminated successfully. (HiGHS Status 7: Optimal),9.996839827451642e-05,436150.8271890049,436127.8324695415,5.272472369670757e-05,11,0.5563876000232995,False,"[{""message"":""Optimization terminated successfully. (HiGHS Status 7: Optimal)"",""presolve"":true,""solve_seconds"":0.5563815999776125,""status"":0,""time_limit_seconds"":30.0}]",0.020879099960438907,0.01617169997189194,PASS,428555.5199695409,7572.312499999959,445,192
272,2025-09-29T21:00:00Z,899,1759,5273,585,72,242,0,Optimization terminated successfully. (HiGHS Status 7: Optimal),4.340107607748013e-07,383397.969113326,383397.8981591298,1.8506673237897954e-07,1,0.10429689998272806,False,"[{""message"":""Optimization terminated successfully. (HiGHS Status 7: Optimal)"",""presolve"":true,""solve_seconds"":0.10429119993932545,""status"":0,""time_limit_seconds"":30.0}]",0.02460520004387945,0.011890699970535934,PASS,377195.4710757955,6202.427083333299,467,192
273,2025-09-30T21:00:00Z,836,1631,4846,544,68,224,0,Optimization terminated successfully. (HiGHS Status 7: Optimal),1.0368493453930582e-05,455382.7835221961,455379.66938961705,6.838541086476082e-06,1,0.11323390004690737,False,"[{""message"":""Optimization terminated successfully. (HiGHS Status 7: Optimal)"",""presolve"":true,""solve_seconds"":0.11322820000350475,""status"":0,""time_limit_seconds"":30.0}]",0.023633299977518618,0.013590299990028143,PASS,449362.0079312835,6017.661458333303,474,192
274,2025-10-01T21:00:00Z,895,1746,5223,582,70,243,0,Optimization terminated successfully. (HiGHS Status 7: Optimal),8.346740753473e-06,471550.23746767454,471548.7414022072,3.1726634725277644e-06,1,0.14185170002747327,False,"[{""message"":""Optimization terminated successfully. (HiGHS Status 7: Optimal)"",""presolve"":true,""solve_seconds"":0.14184469997417182,""status"":0,""time_limit_seconds"":30.0}]",0.0958238000748679,0.014424000051803887,PASS,466594.7101522072,4954.0312500000055,467,192
275,2025-10-02T21:00:00Z,813,1588,4701,530,66,217,0,Optimization terminated successfully. (HiGHS Status 7: Optimal),8.430014385886276e-05,370795.3446880949,370778.62708296493,4.5087833841753644e-05,1,0.2542564000468701,False,"[{""message"":""Optimization terminated successfully. (HiGHS Status 7: Optimal)"",""presolve"":true,""solve_seconds"":0.2542515000095591,""status"":0,""time_limit_seconds"":30.0}]",0.026805900037288666,0.013992100022733212,PASS,365855.819791298,4922.807291666674,460,192
276,2025-10-03T21:00:00Z,918,1789,5371,596,72,250,0,Optimization terminated successfully. (HiGHS Status 7: Optimal),5.9656176059582914e-05,355061.9875132606,355052.25242923154,2.7418736150757347e-05,1,0.26001059997361153,False,"[{""message"":""Optimization terminated successfully. (HiGHS Status 7: Optimal)"",""presolve"":true,""solve_seconds"":0.2600048999302089,""status"":0,""time_limit_seconds"":30.0}]",0.026607200037688017,0.013929000007919967,PASS,351685.1310672342,3367.121361997314,467,192
277,2025-10-04T21:00:00Z,777,1525,4471,510,60,207,0,Optimization terminated successfully. (HiGHS Status 7: Optimal),2.0066085661903488e-05,372499.11615613283,372494.81045381335,1.1559093438750099e-05,1,0.2743215999798849,False,"[{""message"":""Optimization terminated successfully. (HiGHS Status 7: Optimal)"",""presolve"":true,""solve_seconds"":0.2743160999380052,""status"":0,""time_limit_seconds"":30.0}]",0.02741710003465414,0.012195999966934323,PASS,364488.3752149755,8006.435238837022,457,192
278,2025-10-05T21:00:00Z,840,1633,4868,544,72,224,0,Optimization terminated successfully. (HiGHS Status 7: Optimal),7.962548633861969e-07,663341.2320886904,663340.8663327633,5.513845831217123e-07,1,0.0751045000506565,False,"[{""message"":""Optimization terminated successfully. (HiGHS Status 7: Optimal)"",""presolve"":true,""solve_seconds"":0.07509910000953823,""status"":0,""time_limit_seconds"":30.0}]",0.024748100084252656,0.014737699995748699,PASS,656332.2309160975,7008.63541666666,431,192
279,2025-10-06T21:00:00Z,771,1513,4435,506,60,205,0,Optimization terminated successfully. (HiGHS Status 7: Optimal),3.475939526188483e-07,751744.8377635677,751744.732858391,1.3954893475084518e-07,1,0.0986896000104025,False,"[{""message"":""Optimization terminated successfully. (HiGHS Status 7: Optimal)"",""presolve"":true,""solve_seconds"":0.09868459997233003,""status"":0,""time_limit_seconds"":30.0}]",0.02342260000295937,0.016930999932810664,PASS,745733.0870250594,6011.645833333325,429,192
280,2025-10-07T21:00:00Z,913,1782,5339,594,70,249,0,Optimization terminated successfully. (HiGHS Status 7: Optimal),5.877052227103899e-05,462007.1953217131,461997.29390138405,2.1431771267410627e-05,1,0.02452489989809692,False,"[{""message"":""Optimization terminated successfully. (HiGHS Status 7: Optimal)"",""presolve"":true,""solve_seconds"":0.02451940008904785,""status"":0,""time_limit_seconds"":30.0}]",0.025866699987091124,0.014826499973423779,PASS,455633.45821453934,6363.8356868447445,454,192
281,2025-10-08T21:00:00Z,892,1740,5202,580,70,242,0,Optimization terminated successfully. (HiGHS Status 7: Optimal),9.944359313929377e-05,342677.6107293528,342659.4207693311,5.308466342720291e-05,1,0.2577420000452548,False,"[{""message"":""Optimization terminated successfully. (HiGHS Status 7: Optimal)"",""presolve"":true,""solve_seconds"":0.25773579999804497,""status"":0,""time_limit_seconds"":30.0}]",0.02520209993235767,0.015356899937614799,PASS,336108.3947276647,6551.0260416666615,491,192
282,2025-10-09T21:00:00Z,883,1722,5149,574,70,239,0,Optimization terminated successfully. (HiGHS Status 7: Optimal),3.4997350219840854e-06,331444.59577440727,331444.045975412,1.658798828738684e-06,1,0.24812140001449734,False,"[{""message"":""Optimization terminated successfully. (HiGHS Status 7: Optimal)"",""presolve"":true,""solve_seconds"":0.24811569997109473,""status"":0,""time_limit_seconds"":30.0}]",0.09337589994538575,0.015560799976810813,PASS,328915.0267896398,2529.0191857722266,481,192
283,2025-10-10T21:00:00Z,851,1661,4943,554,68,229,0,Optimization terminated successfully. (HiGHS Status 7: Optimal),3.556481891679515e-05,296745.51719806134,296740.4012449573,1.7240500729199502e-05,1,0.3288338999263942,False,"[{""message"":""Optimization terminated successfully. (HiGHS Status 7: Optimal)"",""presolve"":true,""solve_seconds"":0.3288272999925539,""status"":0,""time_limit_seconds"":30.0}]",0.022607700084336102,0.015607399982400239,PASS,292046.5631171641,4693.83812779286,468,192
284,2025-10-11T21:00:00Z,756,1483,4340,496,60,200,0,Optimization terminated successfully. (HiGHS Status 7: Optimal),9.476436544871826e-05,317329.2164661988,317312.105705288,5.392407224033812e-05,1,0.3378899999661371,False,"[{""message"":""Optimization terminated successfully. (HiGHS Status 7: Optimal)"",""presolve"":true,""solve_seconds"":0.3378841000376269,""status"":0,""time_limit_seconds"":30.0}]",0.02238109998870641,0.013075900031253695,PASS,314065.06055200985,3247.0451532785214,429,192
285,2025-10-12T21:00:00Z,878,1715,5113,572,68,238,0,Optimization terminated successfully. (HiGHS Status 7: Optimal),6.787882048081032e-05,367139.6026653798,367126.49651242245,3.5699283712473875e-05,1,0.23985609994269907,False,"[{""message"":""Optimization terminated successfully. (HiGHS Status 7: Optimal)"",""presolve"":true,""solve_seconds"":0.23984970001038164,""status"":0,""time_limit_seconds"":30.0}]",0.02511930000036955,0.014720599981956184,PASS,357244.0749418754,9882.42157054719,438,192
286,2025-10-13T21:00:00Z,866,1691,5039,564,68,234,0,Optimization terminated successfully. (HiGHS Status 7: Optimal),2.1297465986937215e-05,350219.9633699145,350216.33365912153,1.0364196195669848e-05,1,0.2159828000003472,False,"[{""message"":""Optimization terminated successfully. (HiGHS Status 7: Optimal)"",""presolve"":true,""solve_seconds"":0.21597679995466024,""status"":0,""time_limit_seconds"":30.0}]",0.024967600009404123,0.013237799983471632,PASS,341061.98470078775,9154.348958333292,472,192
287,2025-10-14T21:00:00Z,860,1679,5000,560,68,232,0,Optimization terminated successfully. (HiGHS Status 7: Optimal),9.592926933169294e-07,333749.6870961677,333749.51885962323,5.040802606907324e-07,1,0.12568569998256862,False,"[{""message"":""Optimization terminated successfully. (HiGHS Status 7: Optimal)"",""presolve"":true,""solve_seconds"":0.12567970005329698,""status"":0,""time_limit_seconds"":30.0}]",0.025342600070871413,0.012310000020079315,PASS,327137.68031795684,6611.838541666637,466,192
288,2025-10-15T21:00:00Z,862,1680,5012,560,70,232,0,Optimization terminated successfully. (HiGHS Status 7: Optimal),5.620368336667961e-06,318783.8987173522,318783.04217519826,2.6869125411429365e-06,1,0.09716250002384186,False,"[{""message"":""Optimization terminated successfully. (HiGHS Status 7: Optimal)"",""presolve"":true,""solve_seconds"":0.0971566999796778,""status"":0,""time_limit_seconds"":30.0}]",0.021936200093477964,0.014968800009228289,PASS,312458.0317585312,6325.010416666647,464,192
289,2025-10-16T21:00:00Z,852,1666,4949,556,66,230,0,Optimization terminated successfully. (HiGHS Status 7: Optimal),3.648495594378604e-05,305522.33152512944,305516.4319318474,1.931023233258154e-05,1,0.14040129992645234,False,"[{""message"":""Optimization terminated successfully. (HiGHS Status 7: Optimal)"",""presolve"":true,""solve_seconds"":0.1403952999971807,""status"":0,""time_limit_seconds"":30.0}]",0.024502000072970986,0.013944000005722046,PASS,301031.46363277273,4484.968299074078,462,192
290,2025-10-17T21:00:00Z,880,1716,5129,572,70,238,0,Optimization terminated successfully. (HiGHS Status 7: Optimal),4.108327826830163e-05,315519.2609523567,315512.6746244398,2.0875002643631193e-05,1,0.40272220002952963,False,"[{""message"":""Optimization terminated successfully. (HiGHS Status 7: Optimal)"",""presolve"":true,""solve_seconds"":0.40271659998688847,""status"":0,""time_limit_seconds"":30.0}]",0.0928204000229016,0.01725780009292066,PASS,310488.3985827728,5024.276041666663,468,192
291,2025-10-18T21:00:00Z,809,1577,4675,526,68,215,0,Optimization terminated successfully. (HiGHS Status 7: Optimal),8.419328778336569e-05,420585.1020103077,420562.568461771,5.357953899494204e-05,1,0.2801149000879377,False,"[{""message"":""Optimization terminated successfully. (HiGHS Status 7: Optimal)"",""presolve"":true,""solve_seconds"":0.28010910004377365,""status"":0,""time_limit_seconds"":30.0}]",0.0260808999883011,0.01227090007159859,PASS,412704.5320034382,7858.036458333349,453,192
292,2025-10-19T21:00:00Z,915,1783,5349,594,72,249,0,Optimization terminated successfully. (HiGHS Status 7: Optimal),9.988817047872158e-05,455252.4812861222,455232.67502541223,4.350799447521252e-05,25,0.7097659999271855,False,"[{""message"":""Optimization terminated successfully. (HiGHS Status 7: Optimal)"",""presolve"":true,""solve_seconds"":0.7097613000078127,""status"":0,""time_limit_seconds"":30.0}]",0.024460299988277256,0.012363900081254542,PASS,450786.00906302646,4446.665962385039,464,192
293,2025-10-20T21:00:00Z,868,1692,5051,564,70,234,0,Optimization terminated successfully. (HiGHS Status 7: Optimal),2.974016076957826e-05,343781.85233504046,343777.3143820816,1.3200268804809599e-05,1,0.10478739999234676,False,"[{""message"":""Optimization terminated successfully. (HiGHS Status 7: Optimal)"",""presolve"":true,""solve_seconds"":0.10478029993828386,""status"":0,""time_limit_seconds"":30.0}]",0.02303729997947812,0.012166399974375963,PASS,336936.9237570824,6840.390625000001,483,192
294,2025-10-21T21:00:00Z,886,1728,5166,576,70,240,0,Optimization terminated successfully. (HiGHS Status 7: Optimal),5.935817707515115e-07,448953.1199001089,448952.938555179,4.0392859548161354e-07,1,0.08126130001619458,False,"[{""message"":""Optimization terminated successfully. (HiGHS Status 7: Optimal)"",""presolve"":true,""solve_seconds"":0.08125509996898472,""status"":0,""time_limit_seconds"":30.0}]",0.022202400024980307,0.013138700043782592,PASS,443269.0976133051,5683.8409418741385,474,192
295,2025-10-22T21:00:00Z,779,1526,4485,510,62,207,0,Optimization terminated successfully. (HiGHS Status 7: Optimal),5.915627418485153e-07,465706.3419071286,465706.2426350151,2.131646612816273e-07,1,0.09899790002964437,False,"[{""message"":""Optimization terminated successfully. (HiGHS Status 7: Optimal)"",""presolve"":true,""solve_seconds"":0.09899189998395741,""status"":0,""time_limit_seconds"":30.0}]",0.023629399947822094,0.014249500003643334,PASS,465706.2426350152,2.209630685830651e-12,447,192
296,2025-10-23T21:00:00Z,886,1728,5164,576,70,240,0,Optimization terminated successfully. (HiGHS Status 7: Optimal),6.643319114829628e-05,326675.11237374775,326664.4407283068,3.266852497665561e-05,1,0.24285230005625635,False,"[{""message"":""Optimization terminated successfully. (HiGHS Status 7: Optimal)"",""presolve"":true,""solve_seconds"":0.24284680001437664,""status"":0,""time_limit_seconds"":30.0}]",0.02436349994968623,0.01453170005697757,PASS,321785.98760330706,4878.453124999997,447,192
297,2025-10-24T21:00:00Z,901,1747,5219,586,72,243,0,Optimization terminated successfully. (HiGHS Status 7: Optimal),9.989884054012076e-06,307723.04774367774,307721.5138351504,4.984729563517603e-06,1,0.11578200000803918,False,"[{""message"":""Optimization terminated successfully. (HiGHS Status 7: Optimal)"",""presolve"":true,""solve_seconds"":0.11577619996387511,""status"":0,""time_limit_seconds"":30.0}]",0.023276400053873658,0.015092100016772747,PASS,306144.1014311506,1577.412403999995,483,196
298,2025-10-25T21:00:00Z,823,1611,4765,538,64,221,0,Optimization terminated successfully. (HiGHS Status 7: Optimal),8.875042612193204e-06,392924.6280826044,392922.4744050893,5.481176708876967e-06,1,0.1654817999806255,False,"[{""message"":""Optimization terminated successfully. (HiGHS Status 7: Optimal)"",""presolve"":true,""solve_seconds"":0.16547620005439967,""status"":0,""time_limit_seconds"":30.0}]",0.026339599979110062,0.013525500078685582,PASS,387339.94836342207,5582.52604166668,464,196
299,2025-10-26T22:00:00Z,765,1501,4398,502,60,203,0,Optimization terminated successfully. (HiGHS Status 7: Optimal),7.164345762979295e-05,394236.0675232745,394224.65878216614,2.8939694294158083e-05,1,0.12821970006916672,False,"[{""message"":""Optimization terminated successfully. (HiGHS Status 7: Optimal)"",""presolve"":true,""solve_seconds"":0.1282140000257641,""status"":0,""time_limit_seconds"":30.0}]",0.09663029992952943,0.013808900024741888,PASS,388363.6592275996,5860.9995545666425,424,192
300,2025-10-27T22:00:00Z,878,1715,5116,572,68,238,0,Optimization terminated successfully. (HiGHS Status 7: Optimal),7.570337204628854e-08,340030.6481111888,340030.6338274302,4.2007269837294805e-08,1,0.1601049000164494,False,"[{""message"":""Optimization terminated successfully. (HiGHS Status 7: Optimal)"",""presolve"":true,""solve_seconds"":0.16009919997304678,""status"":0,""time_limit_seconds"":30.0}]",0.025079500046558678,0.014409199939109385,PASS,334831.5869524299,5199.046874999998,441,192
301,2025-10-28T22:00:00Z,904,1764,5278,588,70,246,0,Optimization terminated successfully. (HiGHS Status 7: Optimal),3.3327316414306775e-06,377726.65630741173,377726.0021731887,1.7317691110523023e-06,1,0.26327240001410246,False,"[{""message"":""Optimization terminated successfully. (HiGHS Status 7: Optimal)"",""presolve"":true,""solve_seconds"":0.26326669997069985,""status"":0,""time_limit_seconds"":30.0}]",0.022924300050362945,0.01264669990632683,PASS,371885.5959231879,5840.406250000005,484,192
302,2025-10-29T22:00:00Z,869,1697,5058,566,68,235,0,Optimization terminated successfully. (HiGHS Status 7: Optimal),9.292602828506676e-05,349274.6278101639,349259.6516245156,4.287980469154029e-05,1,0.37420449999626726,False,"[{""message"":""Optimization terminated successfully. (HiGHS Status 7: Optimal)"",""presolve"":true,""solve_seconds"":0.3741988999536261,""status"":0,""time_limit_seconds"":30.0}]",0.024884300073608756,0.016189999994821846,PASS,345790.1436675325,3469.507956982285,481,192
303,2025-10-30T22:00:00Z,843,1648,4893,550,66,227,0,Optimization terminated successfully. (HiGHS Status 7: Optimal),6.0148116123895875e-06,352798.596667798,352797.410779862,3.361385032156017e-06,1,0.2541250999784097,False,"[{""message"":""Optimization terminated successfully. (HiGHS Status 7: Optimal)"",""presolve"":true,""solve_seconds"":0.25411870004609227,""status"":0,""time_limit_seconds"":30.0}]",0.023164200014434755,0.015017400030046701,PASS,348485.7024465287,4311.708333333338,462,192
304,2025-10-31T22:00:00Z,863,1685,5020,562,68,233,0,Optimization terminated successfully. (HiGHS Status 7: Optimal),1.0085872768132388e-05,334085.0456292549,334083.6055257883,4.3106080117216655e-06,1,0.09956440003588796,False,"[{""message"":""Optimization terminated successfully. (HiGHS Status 7: Optimal)"",""presolve"":true,""solve_seconds"":0.0995577999856323,""status"":0,""time_limit_seconds"":30.0}]",0.026829499984160066,0.012743499944917858,PASS,329970.4128174553,4113.192708333329,460,192
305,2025-11-01T22:00:00Z,874,1704,5092,568,70,236,0,Optimization terminated successfully. (HiGHS Status 7: Optimal),3.5107137718130125e-06,326927.88681101304,326927.2191463411,2.042242532452347e-06,1,0.35152580006979406,False,"[{""message"":""Optimization terminated successfully. (HiGHS Status 7: Optimal)"",""presolve"":true,""solve_seconds"":0.3515194000210613,""status"":0,""time_limit_seconds"":30.0}]",0.02640199998859316,0.013845100067555904,PASS,320589.38581300783,6337.833333333319,469,192
306,2025-11-02T22:00:00Z,849,1660,4931,554,66,229,0,Optimization terminated successfully. (HiGHS Status 7: Optimal),3.331868646143634e-06,358317.95464175625,358317.3655248338,1.6441204896681476e-06,1,0.39869370008818805,False,"[{""message"":""Optimization terminated successfully. (HiGHS Status 7: Optimal)"",""presolve"":true,""solve_seconds"":0.3986877000425011,""status"":0,""time_limit_seconds"":30.0}]",0.0240715000545606,0.012924800044856966,PASS,351955.45927483414,6361.9062500000055,465,192
307,2025-11-03T22:00:00Z,857,1673,4980,558,68,231,0,Optimization terminated successfully. (HiGHS Status 7: Optimal),2.4683029803173845e-06,328375.6666249231,328375.2711169948,1.2044388330092375e-06,1,0.12920990004204214,False,"[{""message"":""Optimization terminated successfully. (HiGHS Status 7: Optimal)"",""presolve"":true,""solve_seconds"":0.12920429999940097,""status"":0,""time_limit_seconds"":30.0}]",0.09362160007003695,0.013849600101821125,PASS,322180.9325753285,6194.338541666672,460,192
308,2025-11-04T22:00:00Z,860,1679,5001,560,68,232,0,Optimization terminated successfully. (HiGHS Status 7: Optimal),7.074912003255327e-05,318014.8299485423,318003.0613923458,3.700768208000234e-05,1,0.08101389999501407,False,"[{""message"":""Optimization terminated successfully. (HiGHS Status 7: Optimal)"",""presolve"":true,""solve_seconds"":0.08100779994856566,""status"":0,""time_limit_seconds"":30.0}]",0.026844500098377466,0.011915699928067625,PASS,311265.6447256792,6737.416666666543,463,192
309,2025-11-05T22:00:00Z,851,1661,4942,554,68,229,0,Optimization terminated successfully. (HiGHS Status 7: Optimal),9.272544238120346e-05,391386.0848680942,391364.36478677695,5.5498362322977566e-05,1,0.18170069996267557,False,"[{""message"":""Optimization terminated successfully. (HiGHS Status 7: Optimal)"",""presolve"":true,""solve_seconds"":0.18169490003492683,""status"":0,""time_limit_seconds"":30.0}]",0.022458499995991588,0.01251230004709214,PASS,384617.5470784438,6746.817708333337,461,192
310,2025-11-06T22:00:00Z,814,1593,4709,532,64,218,0,Optimization terminated successfully. (HiGHS Status 7: Optimal),2.367053161544124e-06,422724.81375220756,422724.3462361415,1.1059596406110017e-06,1,0.11382520000915974,False,"[{""message"":""Optimization terminated successfully. (HiGHS Status 7: Optimal)"",""presolve"":true,""solve_seconds"":0.11381890007760376,""status"":0,""time_limit_seconds"":30.0}]",0.022044099983759224,0.015711399959400296,PASS,422587.687418313,136.6588178276306,447,192
311,2025-11-07T22:00:00Z,915,1783,5349,594,72,249,0,Optimization terminated successfully. (HiGHS Status 7: Optimal),2.495045699544943e-07,339716.70411618415,339716.66809902346,1.0602117608654599e-07,1,0.09055550000630319,False,"[{""message"":""Optimization terminated successfully. (HiGHS Status 7: Optimal)"",""presolve"":true,""solve_seconds"":0.09054849995300174,""status"":0,""time_limit_seconds"":30.0}]",0.028185399947687984,0.0121254000114277,PASS,334427.69934902265,5288.968750000001,467,192
312,2025-11-08T22:00:00Z,895,1746,5221,582,70,243,0,Optimization terminated successfully. (HiGHS Status 7: Optimal),0.0,365369.9285907267,365369.9285907268,0.0,1,0.0414526000386104,False,"[{""message"":""Optimization terminated successfully. (HiGHS Status 7: Optimal)"",""presolve"":true,""solve_seconds"":0.04144739999901503,""status"":0,""time_limit_seconds"":30.0}]",0.02320910000707954,0.01236399996560067,PASS,359011.3452573929,6358.583333333338,492,192
313,2025-11-09T22:00:00Z,853,1671,4958,558,64,231,0,Optimization terminated successfully. (HiGHS Status 7: Optimal),8.566724286030192e-06,411516.55567247816,411514.9135145978,3.990518512030263e-06,1,0.08952509996015579,False,"[{""message"":""Optimization terminated successfully. (HiGHS Status 7: Optimal)"",""presolve"":true,""solve_seconds"":0.08951939991675317,""status"":0,""time_limit_seconds"":30.0}]",0.024997200001962483,0.015542899956926703,PASS,405568.44997293164,5946.463541666662,474,192
314,2025-11-10T22:00:00Z,905,1769,5288,590,68,247,0,Optimization terminated successfully. (HiGHS Status 7: Optimal),3.356513940292835e-05,344135.0086350369,344129.6135906921,1.5677361469929356e-05,1,0.13858749996870756,False,"[{""message"":""Optimization terminated successfully. (HiGHS Status 7: Optimal)"",""presolve"":true,""solve_seconds"":0.13858160004019737,""status"":0,""time_limit_seconds"":30.0}]",0.023126100073568523,0.012688999995589256,PASS,337316.4312990254,6813.182291666659,478,192
315,2025-11-11T22:00:00Z,906,1765,5291,588,72,246,0,Optimization terminated successfully. (HiGHS Status 7: Optimal),4.474842619961443e-06,394237.6402907447,394236.5528704476,2.7582939461822376e-06,1,0.2012004000134766,False,"[{""message"":""Optimization terminated successfully. (HiGHS Status 7: Optimal)"",""presolve"":true,""solve_seconds"":0.2011944999685511,""status"":0,""time_limit_seconds"":30.0}]",0.09164140000939369,0.013075699913315475,PASS,385460.6296419287,8775.923228519037,493,192
316,2025-11-12T22:00:00Z,842,1643,4886,548,68,226,0,Optimization terminated successfully. (HiGHS Status 7: Optimal),0.0,431877.11774657015,431877.11774657026,0.0,1,0.059990999987348914,False,"[{""message"":""Optimization terminated successfully. (HiGHS Status 7: Optimal)"",""presolve"":true,""solve_seconds"":0.05998519994318485,""status"":0,""time_limit_seconds"":30.0}]",0.02320789999794215,0.01381739997304976,PASS,421979.806872879,9897.310873691435,472,192
317,2025-11-13T22:00:00Z,918,1789,5369,596,72,250,0,Optimization terminated successfully. (HiGHS Status 7: Optimal),6.885497209188807e-05,332331.97757469106,332322.0487131373,2.987722780425983e-05,1,0.022447999916039407,False,"[{""message"":""Optimization terminated successfully. (HiGHS Status 7: Optimal)"",""presolve"":true,""solve_seconds"":0.022441500099375844,""status"":0,""time_limit_seconds"":30.0}]",0.02837310009635985,0.012207299936562777,PASS,326542.0955881364,5779.953124999998,476,192
318,2025-11-14T22:00:00Z,842,1643,4888,548,68,226,0,Optimization terminated successfully. (HiGHS Status 7: Optimal),1.237561834615221e-06,347120.8682877433,347120.6074367922,7.514706574228748e-07,1,0.20523349998984486,False,"[{""message"":""Optimization terminated successfully. (HiGHS Status 7: Optimal)"",""presolve"":true,""solve_seconds"":0.20522779994644225,""status"":0,""time_limit_seconds"":30.0}]",0.022131700068712234,0.016563300043344498,PASS,339160.34209456993,7960.265342222199,476,192
319,2025-11-15T22:00:00Z,916,1788,5357,596,70,250,0,Optimization terminated successfully. (HiGHS Status 7: Optimal),4.814601834403907e-05,390745.87061513093,390736.7267712478,2.34015470178154e-05,1,0.034377200063318014,False,"[{""message"":""Optimization terminated successfully. (HiGHS Status 7: Optimal)"",""presolve"":true,""solve_seconds"":0.0343717000214383,""status"":0,""time_limit_seconds"":30.0}]",0.02517959999386221,0.01289740006905049,PASS,385375.56531291374,5361.16145833333,476,192
320,2025-11-16T22:00:00Z,793,1551,4574,518,64,211,0,Optimization terminated successfully. (HiGHS Status 7: Optimal),0.0,401053.28092911956,401053.28092911956,0.0,1,0.04204309999477118,False,"[{""message"":""Optimization terminated successfully. (HiGHS Status 7: Optimal)"",""presolve"":true,""solve_seconds"":0.04203699994832277,""status"":0,""time_limit_seconds"":30.0}]",0.022846700041554868,0.01381899998523295,PASS,395256.50025411946,5796.780674999994,461,192
321,2025-11-17T22:00:00Z,806,1571,4656,524,68,214,0,Optimization terminated successfully. (HiGHS Status 7: Optimal),5.614472924849478e-06,421787.37077979324,421786.18453524495,2.812431017875823e-06,1,0.2082477998919785,False,"[{""message"":""Optimization terminated successfully. (HiGHS Status 7: Optimal)"",""presolve"":true,""solve_seconds"":0.20824130007531494,""status"":0,""time_limit_seconds"":30.0}]",0.024130699923262,0.014583200099878013,PASS,415360.8668269121,6425.317708333324,425,192
322,2025-11-18T22:00:00Z,871,1698,5071,566,70,235,0,Optimization terminated successfully. (HiGHS Status 7: Optimal),4.8970355742038575e-06,403435.6920277325,403434.7078046062,2.439609451733288e-06,1,0.12080389994662255,False,"[{""message"":""Optimization terminated successfully. (HiGHS Status 7: Optimal)"",""presolve"":true,""solve_seconds"":0.12079769989941269,""status"":0,""time_limit_seconds"":30.0}]",0.028236999991349876,0.0146128999767825,PASS,392875.74629978527,10558.961504820563,449,192
323,2025-11-19T22:00:00Z,936,1825,5484,608,72,256,0,Optimization terminated successfully. (HiGHS Status 7: Optimal),3.4503501847150755e-05,397245.35419823107,397238.132542915,1.817966283810533e-05,1,0.05729070003144443,False,"[{""message"":""Optimization terminated successfully. (HiGHS Status 7: Optimal)"",""presolve"":true,""solve_seconds"":0.05728509998880327,""status"":0,""time_limit_seconds"":30.0}]",0.03151099989190698,0.012865200056694448,PASS,389209.37920879707,8028.753334118084,491,192
324,2025-11-20T22:00:00Z,851,1661,4943,554,68,229,0,Optimization terminated successfully. (HiGHS Status 7: Optimal),5.888324287533879e-06,489640.4944107849,489638.7830553133,3.495138724419586e-06,1,0.2550570999737829,False,"[{""message"":""Optimization terminated successfully. (HiGHS Status 7: Optimal)"",""presolve"":true,""solve_seconds"":0.2550505999242887,""status"":0,""time_limit_seconds"":30.0}]",0.09174770000390708,0.0138457000721246,PASS,484314.8244695858,5323.958585727821,485,192
325,2025-11-21T22:00:00Z,793,1551,4572,518,64,211,0,Optimization terminated successfully. (HiGHS Status 7: Optimal),2.176949727513348e-06,604109.0815652623,604108.3833675156,1.1557491434854474e-06,1,0.23942290002014488,False,"[{""message"":""Optimization terminated successfully. (HiGHS Status 7: Optimal)"",""presolve"":true,""solve_seconds"":0.23941579996608198,""status"":0,""time_limit_seconds"":30.0}]",0.025902500026859343,0.01745929999742657,PASS,601631.7555001162,2476.6278673988704,440,192
326,2025-11-22T22:00:00Z,854,1667,4962,556,68,230,0,Optimization terminated successfully. (HiGHS Status 7: Optimal),9.806312736252024e-05,470940.19851070526,470925.01703499013,3.223756472041841e-05,1,0.6332867000019178,False,"[{""message"":""Optimization terminated successfully. (HiGHS Status 7: Optimal)"",""presolve"":true,""solve_seconds"":0.633280900074169,""status"":0,""time_limit_seconds"":30.0}]",0.024540200014598668,0.012863699928857386,PASS,464323.9493266561,6601.067708333335,441,192
327,2025-11-23T22:00:00Z,874,1704,5089,568,70,236,0,Optimization terminated successfully. (HiGHS Status 7: Optimal),4.466598174715644e-05,369780.5472719305,369770.53595787287,2.707439637313123e-05,1,0.1554869000101462,False,"[{""message"":""Optimization terminated successfully. (HiGHS Status 7: Optimal)"",""presolve"":true,""solve_seconds"":0.1554813999682665,""status"":0,""time_limit_seconds"":30.0}]",0.023335999925620854,0.012331499950960279,PASS,362355.17137453996,7415.364583333328,466,192
328,2025-11-24T22:00:00Z,790,1545,4555,516,64,210,0,Optimization terminated successfully. (HiGHS Status 7: Optimal),1.2877340753594897e-06,441446.0331311305,441445.7401323287,6.637255163286715e-07,1,0.10643790010362864,False,"[{""message"":""Optimization terminated successfully. (HiGHS Status 7: Optimal)"",""presolve"":true,""solve_seconds"":0.10643220006022602,""status"":0,""time_limit_seconds"":30.0}]",0.023608400020748377,0.014414299977943301,PASS,433607.0422156611,7838.697916666646,446,192
329,2025-11-25T22:00:00Z,906,1765,5294,588,72,246,0,Optimization terminated successfully. (HiGHS Status 7: Optimal),2.257472467339721e-05,367885.4537014891,367882.0514675303,9.248165125741335e-06,1,0.17374380002729595,False,"[{""message"":""Optimization terminated successfully. (HiGHS Status 7: Optimal)"",""presolve"":true,""solve_seconds"":0.17373859998770058,""status"":0,""time_limit_seconds"":30.0}]",0.02302540000528097,0.012911499943584204,PASS,361990.57871180406,5891.472755726645,456,192
330,2025-11-26T22:00:00Z,867,1696,5047,566,66,235,0,Optimization terminated successfully. (HiGHS Status 7: Optimal),1.2610728009230856e-06,325768.26820507064,325768.0372452723,7.089701011762973e-07,1,0.022153300000354648,False,"[{""message"":""Optimization terminated successfully. (HiGHS Status 7: Optimal)"",""presolve"":true,""solve_seconds"":0.022147700074128807,""status"":0,""time_limit_seconds"":30.0}]",0.02689870004542172,0.013226900016888976,PASS,319689.05287027167,6078.984374999999,481,192
331,2025-11-27T22:00:00Z,883,1722,5147,574,70,239,0,Optimization terminated successfully. (HiGHS Status 7: Optimal),2.0966243665404587e-06,375889.4010010273,375888.9796681963,1.1208970036864787e-06,1,0.04669740004464984,False,"[{""message"":""Optimization terminated successfully. (HiGHS Status 7: Optimal)"",""presolve"":true,""solve_seconds"":0.04669240000657737,""status"":0,""time_limit_seconds"":30.0}]",0.02623770001810044,0.015261400025337934,PASS,375282.5678222378,606.4118459587716,474,192
332,2025-11-28T22:00:00Z,845,1649,4904,550,68,227,0,Optimization terminated successfully. (HiGHS Status 7: Optimal),4.300435293689929e-06,411631.67247336,411630.75544958276,2.2277824606707688e-06,1,0.10739599994849414,False,"[{""message"":""Optimization terminated successfully. (HiGHS Status 7: Optimal)"",""presolve"":true,""solve_seconds"":0.10739039990585297,""status"":0,""time_limit_seconds"":30.0}]",0.09288019989617169,0.012377899955026805,PASS,406471.42346133216,5159.331988250003,466,192
333,2025-11-29T22:00:00Z,854,1667,4961,556,68,230,0,Optimization terminated successfully. (HiGHS Status 7: Optimal),4.2201042016080554e-05,380098.0217045474,380090.66303489683,1.9360301018209136e-05,1,0.12037699995562434,False,"[{""message"":""Optimization terminated successfully. (HiGHS Status 7: Optimal)"",""presolve"":true,""solve_seconds"":0.1203706000233069,""status"":0,""time_limit_seconds"":30.0}]",0.025739000062458217,0.01584729994647205,PASS,365803.85888907703,14286.804145819411,457,192
334,2025-11-30T22:00:00Z,885,1723,5158,574,72,239,0,Optimization terminated successfully. (HiGHS Status 7: Optimal),6.668043493630017e-08,444734.5822413034,444734.56307682133,4.309195566183674e-08,1,0.08319589996244758,False,"[{""message"":""Optimization terminated successfully. (HiGHS Status 7: Optimal)"",""presolve"":true,""solve_seconds"":0.08319009991828352,""status"":0,""time_limit_seconds"":30.0}]",0.02313529991079122,0.01414500002283603,PASS,437450.104743487,7284.458333333336,469,192
335,2025-12-01T22:00:00Z,909,1771,5309,590,72,247,0,Optimization terminated successfully. (HiGHS Status 7: Optimal),1.4045986151163212e-05,478726.8252516397,478723.995678836,5.910655887799675e-06,1,0.5537949999561533,False,"[{""message"":""Optimization terminated successfully. (HiGHS Status 7: Optimal)"",""presolve"":true,""solve_seconds"":0.5537890999112278,""status"":0,""time_limit_seconds"":30.0}]",0.026565600070171058,0.01646680000703782,PASS,462759.0730581618,15964.922620674037,486,192
336,2025-12-02T22:00:00Z,891,1735,5197,578,72,241,0,Optimization terminated successfully. (HiGHS Status 7: Optimal),2.1633987851462462e-06,417558.2927935261,417557.78484095534,1.216484494317534e-06,1,0.18738030001986772,False,"[{""message"":""Optimization terminated successfully. (HiGHS Status 7: Optimal)"",""presolve"":true,""solve_seconds"":0.18737549998331815,""status"":0,""time_limit_seconds"":30.0}]",0.029481700039468706,0.015271199983544648,PASS,411170.2729973081,6387.511843647897,488,192
337,2025-12-03T22:00:00Z,792,1546,4564,516,66,210,0,Optimization terminated successfully. (HiGHS Status 7: Optimal),1.5696704793864846e-06,393941.42191871256,393941.1583651407,6.690176089313854e-07,1,0.25353569991420954,False,"[{""message"":""Optimization terminated successfully. (HiGHS Status 7: Optimal)"",""presolve"":true,""solve_seconds"":0.2535305001074448,""status"":0,""time_limit_seconds"":30.0}]",0.02423440001439303,0.01396420004311949,PASS,377853.6534563073,16087.504908833342,451,192
338,2025-12-04T22:00:00Z,832,1620,4819,540,70,222,0,Optimization terminated successfully. (HiGHS Status 7: Optimal),3.2225243547969747e-06,355620.95887654216,355620.2953858244,1.8657279305307941e-06,1,0.2364223999902606,False,"[{""message"":""Optimization terminated successfully. (HiGHS Status 7: Optimal)"",""presolve"":true,""solve_seconds"":0.2364171000663191,""status"":0,""time_limit_seconds"":30.0}]",0.02408200001809746,0.012149700080044568,PASS,350325.2069480971,5295.088437726863,432,192
339,2025-12-05T22:00:00Z,828,1618,4795,540,66,222,0,Optimization terminated successfully. (HiGHS Status 7: Optimal),2.7650883006666017e-06,353231.9786893011,353231.55168165633,1.208860428106186e-06,1,0.020699799992144108,False,"[{""message"":""Optimization terminated successfully. (HiGHS Status 7: Optimal)"",""presolve"":true,""solve_seconds"":0.02069339994341135,""status"":0,""time_limit_seconds"":30.0}]",0.02353240002412349,0.014365300070494413,PASS,348544.1037649889,4687.447916666669,444,192
340,2025-12-06T22:00:00Z,872,1703,5076,568,68,236,0,Optimization terminated successfully. (HiGHS Status 7: Optimal),7.678778391757144e-06,304405.7797435721,304404.5780505406,3.947683833223796e-06,1,0.0476576000219211,False,"[{""message"":""Optimization terminated successfully. (HiGHS Status 7: Optimal)"",""presolve"":true,""solve_seconds"":0.04765089997090399,""status"":0,""time_limit_seconds"":30.0}]",0.09804270009044558,0.014857799978926778,PASS,299138.0780505401,5266.499999999993,458,192
341,2025-12-07T22:00:00Z,886,1728,5168,576,70,240,0,Optimization terminated successfully. (HiGHS Status 7: Optimal),1.7332311433735472e-06,301999.7394680468,301999.47463986755,8.769160263614599e-07,1,0.07351430004928261,False,"[{""message"":""Optimization terminated successfully. (HiGHS Status 7: Optimal)"",""presolve"":true,""solve_seconds"":0.07350940001197159,""status"":0,""time_limit_seconds"":30.0}]",0.026037100004032254,0.014142300002276897,PASS,296264.0369493181,5735.437690549927,476,192
342,2025-12-08T22:00:00Z,924,1801,5406,600,72,252,0,Optimization terminated successfully. (HiGHS Status 7: Optimal),1.8176971859568019e-06,355341.1574315809,355340.7749284236,1.0764403758166395e-06,1,0.09711409988813102,False,"[{""message"":""Optimization terminated successfully. (HiGHS Status 7: Optimal)"",""presolve"":true,""solve_seconds"":0.09710840007755905,""status"":0,""time_limit_seconds"":30.0}]",0.025744899990968406,0.014229899970814586,PASS,349382.70201175794,5958.072916666673,492,192
343,2025-12-09T22:00:00Z,903,1759,5273,586,72,245,0,Optimization terminated successfully. (HiGHS Status 7: Optimal),4.775326841693863e-06,346963.5597975659,346962.8689663836,1.9910810178326723e-06,1,0.020667399978265166,False,"[{""message"":""Optimization terminated successfully. (HiGHS Status 7: Optimal)"",""presolve"":true,""solve_seconds"":0.020663100061938167,""status"":0,""time_limit_seconds"":30.0}]",0.023273600032553077,0.01390609994996339,PASS,341080.34292471776,5882.526041666674,497,192
344,2025-12-10T22:00:00Z,888,1729,5177,576,72,240,0,Optimization terminated successfully. (HiGHS Status 7: Optimal),1.732613083468486e-06,307671.86698691454,307671.57059663814,9.633333226969058e-07,1,0.021472100052051246,False,"[{""message"":""Optimization terminated successfully. (HiGHS Status 7: Optimal)"",""presolve"":true,""solve_seconds"":0.02146720001474023,""status"":0,""time_limit_seconds"":30.0}]",0.025333199999295175,0.01260260003618896,PASS,301716.26330497215,5955.307291666674,485,192
345,2025-12-11T22:00:00Z,930,1813,5446,604,72,254,0,Optimization terminated successfully. (HiGHS Status 7: Optimal),1.1060000830433405e-07,302643.6698289594,302643.65438868,5.101801792693558e-08,1,0.021801099996082485,False,"[{""message"":""Optimization terminated successfully. (HiGHS Status 7: Optimal)"",""presolve"":true,""solve_seconds"":0.021796199958771467,""status"":0,""time_limit_seconds"":30.0}]",0.02423589990939945,0.013696800102479756,PASS,297342.4564720123,5301.197916666672,494,192
346,2025-12-12T22:00:00Z,828,1618,4796,540,66,222,0,Optimization terminated successfully. (HiGHS Status 7: Optimal),3.6565792016921713e-06,311861.97375231644,311861.3176169073,2.103933293660672e-06,1,0.021457599941641092,False,"[{""message"":""Optimization terminated successfully. (HiGHS Status 7: Optimal)"",""presolve"":true,""solve_seconds"":0.021452199900522828,""status"":0,""time_limit_seconds"":30.0}]",0.024264700012281537,0.013114799978211522,PASS,306935.05720023956,4926.260416666673,476,192
347,2025-12-13T22:00:00Z,831,1624,4816,542,66,223,0,Optimization terminated successfully. (HiGHS Status 7: Optimal),2.422659079333945e-06,489007.40997361986,489006.6429327114,1.5685695062400238e-06,1,0.07973060000222176,False,"[{""message"":""Optimization terminated successfully. (HiGHS Status 7: Optimal)"",""presolve"":true,""solve_seconds"":0.07972529996186495,""status"":0,""time_limit_seconds"":30.0}]",0.02299309999216348,0.013992500025779009,PASS,488927.34283756354,79.30009514742028,445,192
348,2025-12-14T22:00:00Z,826,1617,4784,540,64,222,0,Optimization terminated successfully. (HiGHS Status 7: Optimal),5.959761357535374e-06,487298.90743363136,487297.87482974207,2.1190404116929103e-06,1,0.18181630002800375,False,"[{""message"":""Optimization terminated successfully. (HiGHS Status 7: Optimal)"",""presolve"":true,""solve_seconds"":0.1818108999868855,""status"":0,""time_limit_seconds"":30.0}]",0.0908025000244379,0.012469900073483586,PASS,480313.62482974154,6984.2499999999845,445,192
349,2025-12-15T22:00:00Z,880,1716,5129,572,70,238,0,Optimization terminated successfully. (HiGHS Status 7: Optimal),2.4380575321393933e-05,312747.5499132494,312743.91852739593,1.161137159934179e-05,1,0.04953159997239709,False,"[{""message"":""Optimization terminated successfully. (HiGHS Status 7: Optimal)"",""presolve"":true,""solve_seconds"":0.04952519992366433,""status"":0,""time_limit_seconds"":30.0}]",0.025920200045220554,0.012675400008447468,PASS,306248.17373572936,6495.744791666662,460,192
350,2025-12-16T22:00:00Z,881,1721,5130,574,68,239,0,Optimization terminated successfully. (HiGHS Status 7: Optimal),4.3513307370866405e-05,324100.3939887597,324092.3746376905,2.4744028853497024e-05,1,0.23095640004612505,False,"[{""message"":""Optimization terminated successfully. (HiGHS Status 7: Optimal)"",""presolve"":true,""solve_seconds"":0.2309512000065297,""status"":0,""time_limit_seconds"":30.0}]",0.023355200071819127,0.015131899970583618,PASS,317043.9409728918,7048.433664798725,477,192
351,2025-12-17T22:00:00Z,771,1504,4430,502,66,203,0,Optimization terminated successfully. (HiGHS Status 7: Optimal),1.336044406096333e-06,368809.8643028109,368809.6047940396,7.036388638601462e-07,1,0.07264869997743517,False,"[{""message"":""Optimization terminated successfully. (HiGHS Status 7: Optimal)"",""presolve"":true,""solve_seconds"":0.07264360005501658,""status"":0,""time_limit_seconds"":30.0}]",0.024051900021731853,0.013743199990130961,PASS,357767.9881600291,11041.616634010858,442,192
352,2025-12-18T22:00:00Z,779,1517,4481,506,68,205,0,Optimization terminated successfully. (HiGHS Status 7: Optimal),2.810694425140571e-06,402466.40777638886,402465.7851865278,1.5469386068538732e-06,1,0.025910000083968043,False,"[{""message"":""Optimization terminated successfully. (HiGHS Status 7: Optimal)"",""presolve"":true,""solve_seconds"":0.025904900045134127,""status"":0,""time_limit_seconds"":30.0}]",0.023409000015817583,0.013394499896094203,PASS,394888.2377555772,7577.547430952381,408,192
353,2025-12-19T22:00:00Z,861,1675,5002,558,72,231,0,Optimization terminated successfully. (HiGHS Status 7: Optimal),1.80587425545652e-06,462401.9993673916,462401.5470524758,9.78186424026942e-07,1,0.024768800009042025,False,"[{""message"":""Optimization terminated successfully. (HiGHS Status 7: Optimal)"",""presolve"":true,""solve_seconds"":0.024763100082054734,""status"":0,""time_limit_seconds"":30.0}]",0.02233400009572506,0.014488400076515973,PASS,457094.9845524766,5306.562499999999,436,192
354,2025-12-20T22:00:00Z,790,1545,4553,516,64,210,0,Optimization terminated successfully. (HiGHS Status 7: Optimal),7.313320942620411e-05,413527.7172125197,413515.24421882525,3.016332255910292e-05,1,0.020957599976100028,False,"[{""message"":""Optimization terminated successfully. (HiGHS Status 7: Optimal)"",""presolve"":true,""solve_seconds"":0.020951800048351288,""status"":0,""time_limit_seconds"":30.0}]",0.024354299996048212,0.012271399958990514,PASS,406838.1632270124,6677.080991814095,441,192
355,2025-12-21T22:00:00Z,794,1556,4581,520,62,212,0,Optimization terminated successfully. (HiGHS Status 7: Optimal),0.0,308155.5465683745,308155.54656837456,0.0,1,0.05412569991312921,False,"[{""message"":""Optimization terminated successfully. (HiGHS Status 7: Optimal)"",""presolve"":true,""solve_seconds"":0.05412029998842627,""status"":0,""time_limit_seconds"":30.0}]",0.025979399913921952,0.012349000084213912,PASS,302204.0205267067,5951.526041666667,422,192
356,2025-12-22T22:00:00Z,778,1521,4476,508,64,206,0,Optimization terminated successfully. (HiGHS Status 7: Optimal),2.306429615104146e-05,297333.89830164297,297330.2361779131,1.2316687925714344e-05,1,0.16075639997143298,False,"[{""message"":""Optimization terminated successfully. (HiGHS Status 7: Optimal)"",""presolve"":true,""solve_seconds"":0.16075080004520714,""status"":0,""time_limit_seconds"":30.0}]",0.021789500024169683,0.011866500019095838,PASS,283993.51737423276,13336.718803680547,418,192
357,2025-12-23T22:00:00Z,819,1600,4739,534,66,219,0,Optimization terminated successfully. (HiGHS Status 7: Optimal),6.429713648178088e-06,327455.5591277133,327454.3773895301,3.6088635999133807e-06,1,0.031237100018188357,False,"[{""message"":""Optimization terminated successfully. (HiGHS Status 7: Optimal)"",""presolve"":true,""solve_seconds"":0.031230299966409802,""status"":0,""time_limit_seconds"":30.0}]",0.09349240001756698,0.014678700012154877,PASS,327454.3773895304,1.9419455821179103e-12,425,192
358,2025-12-24T22:00:00Z,813,1588,4701,530,66,217,0,Optimization terminated successfully. (HiGHS Status 7: Optimal),0.0,309755.9466571441,309755.9466571441,0.0,1,0.07821680000051856,False,"[{""message"":""Optimization terminated successfully. (HiGHS Status 7: Optimal)"",""presolve"":true,""solve_seconds"":0.0782115999609232,""status"":0,""time_limit_seconds"":30.0}]",0.02454000001307577,0.012072599958628416,PASS,304847.1237404774,4908.822916666667,436,192
359,2025-12-25T22:00:00Z,820,1596,4743,532,70,218,0,Optimization terminated successfully. (HiGHS Status 7: Optimal),3.0154862392560006e-05,284155.316348636,284150.3944496584,1.7321457487788797e-05,1,0.060402599978260696,False,"[{""message"":""Optimization terminated successfully. (HiGHS Status 7: Optimal)"",""presolve"":true,""solve_seconds"":0.060398099943995476,""status"":0,""time_limit_seconds"":30.0}]",0.02340489998459816,0.012603999930433929,PASS,279193.46293388354,4956.931515775304,435,192
360,2025-12-26T22:00:00Z,834,1630,4836,544,66,224,0,Optimization terminated successfully. (HiGHS Status 7: Optimal),1.7724834966263584e-06,340528.72467521037,340528.3984793273,9.579109539687471e-07,1,0.04614900005981326,False,"[{""message"":""Optimization terminated successfully. (HiGHS Status 7: Optimal)"",""presolve"":true,""solve_seconds"":0.0461434000171721,""status"":0,""time_limit_seconds"":30.0}]",0.02557970001362264,0.014021200011484325,PASS,335834.94535432756,4693.453124999997,442,192
361,2025-12-27T22:00:00Z,836,1631,4847,544,68,224,0,Optimization terminated successfully. (HiGHS Status 7: Optimal),4.1900940801298786e-06,398767.87655399006,398766.94938086614,2.325100225500973e-06,1,0.08036580006591976,False,"[{""message"":""Optimization terminated successfully. (HiGHS Status 7: Optimal)"",""presolve"":true,""solve_seconds"":0.08036040002480149,""status"":0,""time_limit_seconds"":30.0}]",0.024942100048065186,0.01418029994238168,PASS,393404.75667253276,5362.19270833333,448,192
362,2025-12-28T22:00:00Z,787,1539,4536,514,64,209,0,Optimization terminated successfully. (HiGHS Status 7: Optimal),2.6545942179144176e-07,458688.639881863,458688.5749347799,1.4159298198344766e-07,1,0.01899270003195852,False,"[{""message"":""Optimization terminated successfully. (HiGHS Status 7: Optimal)"",""presolve"":true,""solve_seconds"":0.018987199990078807,""status"":0,""time_limit_seconds"":30.0}]",0.02431170002091676,0.012766400002874434,PASS,458174.232979559,514.341955219807,433,192
363,2025-12-29T22:00:00Z,802,1569,4631,524,64,214,0,Optimization terminated successfully. (HiGHS Status 7: Optimal),5.0671201729152e-05,380391.54159769765,380384.5457746498,1.839144919406599e-05,1,0.01801350002642721,False,"[{""message"":""Optimization terminated successfully. (HiGHS Status 7: Optimal)"",""presolve"":true,""solve_seconds"":0.01800749998074025,""status"":0,""time_limit_seconds"":30.0}]",0.022020000033080578,0.012143399915657938,PASS,375361.6082746515,5022.937500000002,423,192
364,2025-12-30T22:00:00Z,838,1632,4858,544,70,224,0,Optimization terminated successfully. (HiGHS Status 7: Optimal),0.0,283404.8799329448,283404.87993294484,0.0,1,0.08927029999904335,False,"[{""message"":""Optimization terminated successfully. (HiGHS Status 7: Optimal)"",""presolve"":true,""solve_seconds"":0.0892655000789091,""status"":0,""time_limit_seconds"":30.0}]",0.02408609993290156,0.012591400067321956,PASS,276470.6068316689,6934.273101276192,438,192
365,2025-12-31T22:00:00Z,809,1577,4677,526,68,215,0,Optimization terminated successfully. (HiGHS Status 7: Optimal),3.5964905325368883e-07,354362.80423376174,354362.7284280819,2.1392114281612692e-07,1,0.02795490005519241,False,"[{""message"":""Optimization terminated successfully. (HiGHS Status 7: Optimal)"",""presolve"":true,""solve_seconds"":0.027949500014074147,""status"":0,""time_limit_seconds"":30.0}]",0.0246953999157995,0.012994899996556342,PASS,350184.74926141463,4177.979166666665,439,192
366,2026-01-01T22:00:00Z,835,1626,4841,542,70,223,0,Optimization terminated successfully. (HiGHS Status 7: Optimal),8.278683943442115e-06,409079.841754888,409078.15205486707,4.130506634136276e-06,1,0.08009420009329915,False,"[{""message"":""Optimization terminated successfully. (HiGHS Status 7: Optimal)"",""presolve"":true,""solve_seconds"":0.08008930005598813,""status"":0,""time_limit_seconds"":30.0}]",0.09853930003009737,0.013215100043453276,PASS,404434.55830486666,4643.593749999991,438,192
367,2026-01-02T22:00:00Z,880,1716,5127,572,70,238,0,Optimization terminated successfully. (HiGHS Status 7: Optimal),1.5381160117809962e-07,392309.28885966435,392309.2589308169,7.628891433882331e-08,1,0.05643170000985265,False,"[{""message"":""Optimization terminated successfully. (HiGHS Status 7: Optimal)"",""presolve"":true,""solve_seconds"":0.05642649997025728,""status"":0,""time_limit_seconds"":30.0}]",0.02611470001284033,0.013680499978363514,PASS,387546.0662224824,4763.192708333324,461,192
368,2026-01-03T22:00:00Z,785,1538,4524,514,62,209,0,Optimization terminated successfully. (HiGHS Status 7: Optimal),2.095164455766499e-05,398959.6960593503,398955.26935433643,1.1095742690673822e-05,1,0.08290070004295558,False,"[{""message"":""Optimization terminated successfully. (HiGHS Status 7: Optimal)"",""presolve"":true,""solve_seconds"":0.08289139997214079,""status"":0,""time_limit_seconds"":30.0}]",0.022679400048218668,0.012665400048717856,PASS,395642.74075334467,3312.528600991423,447,192
369,2026-01-04T22:00:00Z,802,1569,4629,524,64,214,0,Optimization terminated successfully. (HiGHS Status 7: Optimal),0.0,384797.80829286843,384797.8082928684,1.5126817164500516e-16,1,0.06360360002145171,False,"[{""message"":""Optimization terminated successfully. (HiGHS Status 7: Optimal)"",""presolve"":true,""solve_seconds"":0.06359779997728765,""status"":0,""time_limit_seconds"":30.0}]",0.022858700016513467,0.012711000046692789,PASS,378337.7614178688,6460.046874999997,423,192
370,2026-01-05T22:00:00Z,844,1644,4898,548,70,226,0,Optimization terminated successfully. (HiGHS Status 7: Optimal),7.1813517247370976e-06,346224.8819155247,346223.6187809162,3.6483201607056434e-06,1,0.10298480000346899,False,"[{""message"":""Optimization terminated successfully. (HiGHS Status 7: Optimal)"",""presolve"":true,""solve_seconds"":0.10297920007724315,""status"":0,""time_limit_seconds"":30.0}]",0.02450099994894117,0.012537500006146729,PASS,339137.1083642491,7086.510416666666,440,192
371,2026-01-06T22:00:00Z,778,1530,4481,512,58,208,0,Optimization terminated successfully. (HiGHS Status 7: Optimal),6.34192016489393e-06,358307.65218344575,358306.43226381997,3.4046824615414938e-06,1,0.2609214000403881,False,"[{""message"":""Optimization terminated successfully. (HiGHS Status 7: Optimal)"",""presolve"":true,""solve_seconds"":0.26091660000383854,""status"":0,""time_limit_seconds"":30.0}]",0.023599199950695038,0.012788500054739416,PASS,349870.82288882014,8435.609375000002,434,192
372,2026-01-07T22:00:00Z,913,1782,5338,594,70,249,0,Optimization terminated successfully. (HiGHS Status 7: Optimal),1.880914240158006e-16,335840.4915647032,335840.4915647032,0.0,1,0.05835570010822266,False,"[{""message"":""Optimization terminated successfully. (HiGHS Status 7: Optimal)"",""presolve"":true,""solve_seconds"":0.05834880005568266,""status"":0,""time_limit_seconds"":30.0}]",0.028272499912418425,0.013873000047169626,PASS,328980.73114803724,6859.7604166666715,457,192
373,2026-01-08T22:00:00Z,881,1721,5135,574,68,239,0,Optimization terminated successfully. (HiGHS Status 7: Optimal),0.0,305764.02255020605,305764.022550206,1.903679197702529e-16,1,0.01431209989823401,False,"[{""message"":""Optimization terminated successfully. (HiGHS Status 7: Optimal)"",""presolve"":true,""solve_seconds"":0.014306000084616244,""status"":0,""time_limit_seconds"":30.0}]",0.027872500009834766,0.012779599986970425,PASS,297436.47111085494,8327.551439350284,488,192
374,2026-01-09T22:00:00Z,852,1666,4950,556,66,230,0,Optimization terminated successfully. (HiGHS Status 7: Optimal),3.241756499192752e-05,302421.3266719214,302416.3825177369,1.6348830520768077e-05,1,0.02268530009314418,False,"[{""message"":""Optimization terminated successfully. (HiGHS Status 7: Optimal)"",""presolve"":true,""solve_seconds"":0.022678600042127073,""status"":0,""time_limit_seconds"":30.0}]",0.10036820010282099,0.01578919996973127,PASS,297392.73668440356,5023.64583333333,469,192
375,2026-01-10T22:00:00Z,860,1679,5001,560,68,232,0,Optimization terminated successfully. (HiGHS Status 7: Optimal),3.0234283311602625e-05,376599.49763011816,376592.4867432036,1.8616640430596588e-05,1,0.19274250010494143,False,"[{""message"":""Optimization terminated successfully. (HiGHS Status 7: Optimal)"",""presolve"":true,""solve_seconds"":0.19273730006534606,""status"":0,""time_limit_seconds"":30.0}]",0.026545099914073944,0.012772200047038496,PASS,350164.813147285,26427.673595918448,462,192
376,2026-01-11T22:00:00Z,866,1691,5038,564,68,234,0,Optimization terminated successfully. (HiGHS Status 7: Optimal),1.4842772862377272e-05,433091.41779559,433087.97724849015,7.944222145623752e-06,1,0.20016280002892017,False,"[{""message"":""Optimization terminated successfully. (HiGHS Status 7: Optimal)"",""presolve"":true,""solve_seconds"":0.20015709998551756,""status"":0,""time_limit_seconds"":30.0}]",0.027155800024047494,0.012392600066959858,PASS,400976.96709058667,32111.01015790402,466,192
377,2026-01-12T22:00:00Z,863,1685,5019,562,68,233,0,Optimization terminated successfully. (HiGHS Status 7: Optimal),1.074940578509575e-05,389685.3763721555,389683.29045720847,5.352846781259106e-06,1,0.14686139998957515,False,"[{""message"":""Optimization terminated successfully. (HiGHS Status 7: Optimal)"",""presolve"":true,""solve_seconds"":0.14685659995302558,""status"":0,""time_limit_seconds"":30.0}]",0.02762740000616759,0.012767900014296174,PASS,380200.3477488757,9482.942708333327,467,192
378,2026-01-13T22:00:00Z,899,1757,5250,586,68,245,0,Optimization terminated successfully. (HiGHS Status 7: Optimal),5.155574382986731e-05,334851.01123526297,334843.0823504471,2.367940457432525e-05,1,0.09608610009308904,False,"[{""message"":""Optimization terminated successfully. (HiGHS Status 7: Optimal)"",""presolve"":true,""solve_seconds"":0.09608020004816353,""status"":0,""time_limit_seconds"":30.0}]",0.030570899951271713,0.012301499955356121,PASS,325218.6136004481,9624.468750000004,478,192
379,2026-01-14T22:00:00Z,892,1740,5204,580,70,242,0,Optimization terminated successfully. (HiGHS Status 7: Optimal),1.4340300703902969e-06,304710.1298141944,304709.8950312198,7.705131287610603e-07,1,0.03082919993903488,False,"[{""message"":""Optimization terminated successfully. (HiGHS Status 7: Optimal)"",""presolve"":true,""solve_seconds"":0.03082490002270788,""status"":0,""time_limit_seconds"":30.0}]",0.02359330002218485,0.013682899996638298,PASS,297048.55128121923,7661.343750000004,487,192
380,2026-01-15T22:00:00Z,794,1556,4584,520,62,212,0,Optimization terminated successfully. (HiGHS Status 7: Optimal),0.0,381051.30213024915,381051.3021302492,0.0,1,0.01906530000269413,False,"[{""message"":""Optimization terminated successfully. (HiGHS Status 7: Optimal)"",""presolve"":true,""solve_seconds"":0.01905929995700717,""status"":0,""time_limit_seconds"":30.0}]",0.023795599932782352,0.018549400032497942,PASS,375090.5469219164,5960.755208333336,454,192
381,2026-01-16T22:00:00Z,891,1735,5198,578,72,241,0,Optimization terminated successfully. (HiGHS Status 7: Optimal),6.220898892525756e-05,441360.2151517446,441346.4054555049,3.1289925711432054e-05,1,0.08282989996951073,False,"[{""message"":""Optimization terminated successfully. (HiGHS Status 7: Optimal)"",""presolve"":true,""solve_seconds"":0.08282559993676841,""status"":0,""time_limit_seconds"":30.0}]",0.023953899974003434,0.013612500042654574,PASS,435435.57692582835,5910.828529676663,453,192
382,2026-01-17T22:00:00Z,847,1650,4917,550,70,227,0,Optimization terminated successfully. (HiGHS Status 7: Optimal),3.0016465352704302e-06,491748.8288302534,491747.99369018426,1.6983090522945832e-06,1,0.2010552000720054,False,"[{""message"":""Optimization terminated successfully. (HiGHS Status 7: Optimal)"",""presolve"":true,""solve_seconds"":0.20104900002479553,""status"":0,""time_limit_seconds"":30.0}]",0.022845400031656027,0.014115299913100898,PASS,483727.2593151846,8020.734375000002,468,192
383,2026-01-18T22:00:00Z,795,1552,4584,518,66,211,0,Optimization terminated successfully. (HiGHS Status 7: Optimal),1.819044665723012e-06,549633.3357026333,549632.8215959175,9.353639295116178e-07,1,0.24151230009738356,False,"[{""message"":""Optimization terminated successfully. (HiGHS Status 7: Optimal)"",""presolve"":true,""solve_seconds"":0.24150680005550385,""status"":0,""time_limit_seconds"":30.0}]",0.09950119990389794,0.013905399944633245,PASS,540784.3968421677,8848.424753750014,438,192
384,2026-01-19T22:00:00Z,821,1610,4753,538,62,221,0,Optimization terminated successfully. (HiGHS Status 7: Optimal),4.0769246415110304e-05,470404.02844234067,470395.8823715887,1.731747886668074e-05,1,0.1398840999463573,False,"[{""message"":""Optimization terminated successfully. (HiGHS Status 7: Optimal)"",""presolve"":true,""solve_seconds"":0.13987949991133064,""status"":0,""time_limit_seconds"":30.0}]",0.02453840000089258,0.012052899925038218,PASS,462423.3250799219,7972.557291666642,432,192
385,2026-01-20T22:00:00Z,863,1685,5019,562,68,233,0,Optimization terminated successfully. (HiGHS Status 7: Optimal),5.027683564370267e-05,422453.0023276665,422441.20417510136,2.792850803505164e-05,1,0.4322597999125719,False,"[{""message"":""Optimization terminated successfully. (HiGHS Status 7: Optimal)"",""presolve"":true,""solve_seconds"":0.43225439998786896,""status"":0,""time_limit_seconds"":30.0}]",0.02308660000562668,0.014324499992653728,PASS,412814.3838202891,9626.820354811847,454,192
386,2026-01-21T22:00:00Z,954,1861,5598,620,72,262,0,Optimization terminated successfully. (HiGHS Status 7: Optimal),6.57929464990545e-05,386273.3101983806,386262.3955715392,2.825702674287863e-05,1,0.036219900008291006,False,"[{""message"":""Optimization terminated successfully. (HiGHS Status 7: Optimal)"",""presolve"":true,""solve_seconds"":0.03621460008434951,""status"":0,""time_limit_seconds"":30.0}]",0.027789199957624078,0.014468500041402876,PASS,374980.5414048719,11281.854166666639,495,192
387,2026-01-22T22:00:00Z,858,1669,4984,556,72,230,0,Optimization terminated successfully. (HiGHS Status 7: Optimal),0.0,418637.043190624,418637.043190624,0.0,1,0.0892201999668032,False,"[{""message"":""Optimization terminated successfully. (HiGHS Status 7: Optimal)"",""presolve"":true,""solve_seconds"":0.08921540004666895,""status"":0,""time_limit_seconds"":30.0}]",0.023801099974662066,0.012558199930936098,PASS,411546.90777395666,7090.135416666676,492,192
388,2026-01-23T22:00:00Z,838,1641,4861,548,64,226,0,Optimization terminated successfully. (HiGHS Status 7: Optimal),0.0,437317.2655365865,437317.2655365865,0.0,1,0.022298999945633113,False,"[{""message"":""Optimization terminated successfully. (HiGHS Status 7: Optimal)"",""presolve"":true,""solve_seconds"":0.022293099900707603,""status"":0,""time_limit_seconds"":30.0}]",0.02342260000295937,0.013207999989390373,PASS,423098.58563323563,14218.679903349148,456,192
389,2026-01-24T22:00:00Z,838,1641,4863,548,64,226,0,Optimization terminated successfully. (HiGHS Status 7: Optimal),2.0821856718367847e-07,381707.968790829,381707.9231937319,1.1945546400563687e-07,1,0.045762900030240417,False,"[{""message"":""Optimization terminated successfully. (HiGHS Status 7: Optimal)"",""presolve"":true,""solve_seconds"":0.04575669998303056,""status"":0,""time_limit_seconds"":30.0}]",0.02332220005337149,0.012241599964909256,PASS,373294.6462568982,8413.276936832766,452,192
390,2026-01-25T22:00:00Z,814,1593,4709,532,64,218,0,Optimization terminated successfully. (HiGHS Status 7: Optimal),5.699301022379505e-05,364686.6068142423,364677.6495595949,2.456211577049208e-05,1,0.21849829994607717,False,"[{""message"":""Optimization terminated successfully. (HiGHS Status 7: Optimal)"",""presolve"":true,""solve_seconds"":0.21849200001452118,""status"":0,""time_limit_seconds"":30.0}]",0.02305499999783933,0.01178319996688515,PASS,355473.5506012613,9204.098958333338,444,192
391,2026-01-26T22:00:00Z,897,1747,5236,582,72,243,0,Optimization terminated successfully. (HiGHS Status 7: Optimal),2.1281571951509857e-05,300181.866158569,300178.56053966406,1.1012175216629663e-05,1,0.08140369993634522,False,"[{""message"":""Optimization terminated successfully. (HiGHS Status 7: Optimal)"",""presolve"":true,""solve_seconds"":0.0813958999933675,""status"":0,""time_limit_seconds"":30.0}]",0.02375180006492883,0.01314779999665916,PASS,288172.2315049187,12006.329034744285,461,192
392,2026-01-27T22:00:00Z,848,1655,4923,552,68,228,0,Optimization terminated successfully. (HiGHS Status 7: Optimal),5.9060324038363635e-06,372624.2664473128,372622.8959609139,3.6779446827431495e-06,1,0.0979695999994874,False,"[{""message"":""Optimization terminated successfully. (HiGHS Status 7: Optimal)"",""presolve"":true,""solve_seconds"":0.09796459996141493,""status"":0,""time_limit_seconds"":30.0}]",0.09563560003880411,0.012327300035394728,PASS,364686.2354009746,7936.660559939453,471,192
393,2026-01-28T22:00:00Z,903,1759,5274,586,72,245,0,Optimization terminated successfully. (HiGHS Status 7: Optimal),4.2370960194877315e-07,378971.03603828617,378970.96935613255,1.7595583568717713e-07,1,0.020452499971725047,False,"[{""message"":""Optimization terminated successfully. (HiGHS Status 7: Optimal)"",""presolve"":true,""solve_seconds"":0.020445200032554567,""status"":0,""time_limit_seconds"":30.0}]",0.026750599965453148,0.01199199992697686,PASS,372519.69608090783,6451.273275225778,473,192
394,2026-01-29T22:00:00Z,909,1771,5312,590,72,247,0,Optimization terminated successfully. (HiGHS Status 7: Optimal),6.337696933073548e-07,405615.116191622,405614.95334003196,4.014930630192766e-07,1,0.21465290000196546,False,"[{""message"":""Optimization terminated successfully. (HiGHS Status 7: Optimal)"",""presolve"":true,""solve_seconds"":0.2146470999578014,""status"":0,""time_limit_seconds"":30.0}]",0.02528930001426488,0.013628800050355494,PASS,405553.5858124834,61.3675275483338,492,192
395,2026-01-30T22:00:00Z,815,1589,4715,530,68,217,0,Optimization terminated successfully. (HiGHS Status 7: Optimal),6.505143225448625e-07,457923.6564286612,457923.5243075426,2.8852223479951074e-07,1,0.1318530000280589,False,"[{""message"":""Optimization terminated successfully. (HiGHS Status 7: Optimal)"",""presolve"":true,""solve_seconds"":0.13184759998694062,""status"":0,""time_limit_seconds"":30.0}]",0.024795099976472557,0.012937899911776185,PASS,452524.8368075415,5398.687500000004,464,192
396,2026-01-31T22:00:00Z,921,1795,5390,598,72,251,0,Optimization terminated successfully. (HiGHS Status 7: Optimal),2.7258820827011485e-06,364674.24939328246,364673.7877015909,1.2660402450366943e-06,1,0.10371019993908703,False,"[{""message"":""Optimization terminated successfully. (HiGHS Status 7: Optimal)"",""presolve"":true,""solve_seconds"":0.1037044000113383,""status"":0,""time_limit_seconds"":30.0}]",0.023282799986191094,0.012358600040897727,PASS,357010.55332659,7663.234374999989,468,192
397,2026-02-01T22:00:00Z,948,1849,5559,616,72,260,0,Optimization terminated successfully. (HiGHS Status 7: Optimal),7.691286803614672e-06,321918.18967114424,321916.93649362656,3.892859851754353e-06,1,0.1552067999728024,False,"[{""message"":""Optimization terminated successfully. (HiGHS Status 7: Optimal)"",""presolve"":true,""solve_seconds"":0.15520040004048496,""status"":0,""time_limit_seconds"":30.0}]",0.024585200008004904,0.014898500056006014,PASS,314754.9104519589,7162.0260416666515,511,192
398,2026-02-02T22:00:00Z,845,1649,4903,550,68,227,0,Optimization terminated successfully. (HiGHS Status 7: Optimal),3.1027928687147826e-05,337118.0847196003,337112.380065077,1.6922115177694332e-05,1,0.05580129998270422,False,"[{""message"":""Optimization terminated successfully. (HiGHS Status 7: Optimal)"",""presolve"":true,""solve_seconds"":0.05579519993625581,""status"":0,""time_limit_seconds"":30.0}]",0.026291699963621795,0.01744460000190884,PASS,316690.52798839455,20421.852076682957,487,192
399,2026-02-03T22:00:00Z,806,1571,4655,524,68,214,0,Optimization terminated successfully. (HiGHS Status 7: Optimal),0.0,375834.6423065405,375834.6423065405,0.0,1,0.0785409000236541,False,"[{""message"":""Optimization terminated successfully. (HiGHS Status 7: Optimal)"",""presolve"":true,""solve_seconds"":0.07853539998177439,""status"":0,""time_limit_seconds"":30.0}]",0.09970169991720468,0.013506299932487309,PASS,366571.0132876862,9263.629018853815,441,192
400,2026-02-04T22:00:00Z,880,1716,5127,572,70,238,0,Optimization terminated successfully. (HiGHS Status 7: Optimal),2.416465819833996e-06,363354.5162915314,363354.12895628327,1.0659993027448753e-06,1,0.10890649992506951,False,"[{""message"":""Optimization terminated successfully. (HiGHS Status 7: Optimal)"",""presolve"":true,""solve_seconds"":0.10890019999351352,""status"":0,""time_limit_seconds"":30.0}]",0.023939199978485703,0.02384499995969236,PASS,356442.99132721283,6911.137629071845,452,192
401,2026-02-05T22:00:00Z,915,1783,5350,594,72,249,0,Optimization terminated successfully. (HiGHS Status 7: Optimal),0.0,305292.7699082803,305292.7699082803,0.0,1,0.018934199935756624,False,"[{""message"":""Optimization terminated successfully. (HiGHS Status 7: Optimal)"",""presolve"":true,""solve_seconds"":0.018928300007246435,""status"":0,""time_limit_seconds"":30.0}]",0.023479999974370003,0.013020499958656728,PASS,299681.62407494755,5611.145833333333,487,192
402,2026-02-06T22:00:00Z,918,1789,5368,596,72,250,0,Optimization terminated successfully. (HiGHS Status 7: Optimal),3.565844936572229e-05,301367.81177798245,301362.2975014027,1.8297831631554512e-05,1,0.44113440008368343,False,"[{""message"":""Optimization terminated successfully. (HiGHS Status 7: Optimal)"",""presolve"":true,""solve_seconds"":0.44112880004104227,""status"":0,""time_limit_seconds"":30.0}]",0.022266099927946925,0.012472999980673194,PASS,296725.36000140297,4636.937500000005,499,192
403,2026-02-07T22:00:00Z,814,1593,4706,532,64,218,0,Optimization terminated successfully. (HiGHS Status 7: Optimal),1.4492560849459373e-05,321999.7081056489,321997.18430451414,7.837960261155805e-06,1,0.1687223999761045,False,"[{""message"":""Optimization terminated successfully. (HiGHS Status 7: Optimal)"",""presolve"":true,""solve_seconds"":0.16871420003008097,""status"":0,""time_limit_seconds"":30.0}]",0.022261500009335577,0.012127400026656687,PASS,314938.5436795147,7058.640625000014,468,192
404,2026-02-08T22:00:00Z,855,1663,4966,554,72,229,0,Optimization terminated successfully. (HiGHS Status 7: Optimal),1.5761219688160854e-06,346050.79385034804,346050.50778622576,8.266542479872841e-07,1,0.0187895999988541,False,"[{""message"":""Optimization terminated successfully. (HiGHS Status 7: Optimal)"",""presolve"":true,""solve_seconds"":0.01878369995392859,""status"":0,""time_limit_seconds"":30.0}]",0.023733000038191676,0.014136499958112836,PASS,339336.4973695593,6714.01041666667,447,192
405,2026-02-09T22:00:00Z,913,1782,5339,594,70,249,0,Optimization terminated successfully. (HiGHS Status 7: Optimal),7.717548581296072e-06,347806.0318919927,347804.67939798394,3.888659609531299e-06,1,0.10794580006040633,False,"[{""message"":""Optimization terminated successfully. (HiGHS Status 7: Optimal)"",""presolve"":true,""solve_seconds"":0.10794040001928806,""status"":0,""time_limit_seconds"":30.0}]",0.022666399949230254,0.012892199913039804,PASS,342403.4450229835,5401.234374999997,478,192
406,2026-02-10T22:00:00Z,850,1656,4934,552,70,228,0,Optimization terminated successfully. (HiGHS Status 7: Optimal),0.0,395166.5129019794,395166.5129019794,0.0,1,0.1184909000294283,False,"[{""message"":""Optimization terminated successfully. (HiGHS Status 7: Optimal)"",""presolve"":true,""solve_seconds"":0.11848449998069555,""status"":0,""time_limit_seconds"":30.0}]",0.023391099995933473,0.012406999943777919,PASS,388936.520582079,6229.992319900006,477,192
407,2026-02-11T22:00:00Z,889,1734,5186,578,70,241,0,Optimization terminated successfully. (HiGHS Status 7: Optimal),1.3123062218640462e-05,358094.77294265665,358092.9475154099,5.097635291091908e-06,1,0.049745699972845614,False,"[{""message"":""Optimization terminated successfully. (HiGHS Status 7: Optimal)"",""presolve"":true,""solve_seconds"":0.04974009993020445,""status"":0,""time_limit_seconds"":30.0}]",0.09356509998906404,0.011867899913340807,PASS,352154.1914764911,5938.756038919317,469,192
408,2026-02-12T22:00:00Z,849,1660,4932,554,66,229,0,Optimization terminated successfully. (HiGHS Status 7: Optimal),9.998892317481623e-05,275002.6322015976,274988.27025525837,5.2227487106711256e-05,1,0.4269408999243751,False,"[{""message"":""Optimization terminated successfully. (HiGHS Status 7: Optimal)"",""presolve"":true,""solve_seconds"":0.4269351999973878,""status"":0,""time_limit_seconds"":30.0}]",0.023107199929654598,0.011919400072656572,PASS,271081.28067192493,3906.989583333326,470,192
409,2026-02-13T22:00:00Z,733,1440,4194,482,58,193,0,Optimization terminated successfully. (HiGHS Status 7: Optimal),7.287835431163097e-06,279404.4504075302,279403.42530978285,3.668880387549979e-06,1,0.04524159990251064,False,"[{""message"":""Optimization terminated successfully. (HiGHS Status 7: Optimal)"",""presolve"":true,""solve_seconds"":0.045235700090415776,""status"":0,""time_limit_seconds"":30.0}]",0.020322200027294457,0.01364280004054308,PASS,278376.47946835397,1026.9458414285677,422,192
410,2026-02-14T22:00:00Z,812,1583,4694,528,68,216,0,Optimization terminated successfully. (HiGHS Status 7: Optimal),1.0320377476548026e-05,340630.97250451107,340628.8820798675,6.1369565341393775e-06,1,0.19242330000270158,False,"[{""message"":""Optimization terminated successfully. (HiGHS Status 7: Optimal)"",""presolve"":true,""solve_seconds"":0.19241639995016158,""status"":0,""time_limit_seconds"":30.0}]",0.020590199972502887,0.012951800017617643,PASS,333611.3924965338,7017.489583333347,409,192
411,2026-02-15T22:00:00Z,836,1631,4849,544,68,224,0,Optimization terminated successfully. (HiGHS Status 7: Optimal),0.0,366631.0168652049,366631.0168652049,0.0,1,0.05045919993426651,False,"[{""message"":""Optimization terminated successfully. (HiGHS Status 7: Optimal)"",""presolve"":true,""solve_seconds"":0.05045399989467114,""status"":0,""time_limit_seconds"":30.0}]",0.02185659995302558,0.012323500006459653,PASS,357409.3316843663,9221.68518083914,440,192
412,2026-02-16T22:00:00Z,859,1674,4993,558,70,231,0,Optimization terminated successfully. (HiGHS Status 7: Optimal),4.7998619661713214e-05,368074.03330962185,368064.16771362233,2.6804010998427686e-05,1,0.11813770001754165,False,"[{""message"":""Optimization terminated successfully. (HiGHS Status 7: Optimal)"",""presolve"":true,""solve_seconds"":0.11813219997566193,""status"":0,""time_limit_seconds"":30.0}]",0.02330999996047467,0.014488899963907897,PASS,364586.37604695465,3477.791666666665,455,192
413,2026-02-17T22:00:00Z,858,1678,4989,560,66,232,0,Optimization terminated successfully. (HiGHS Status 7: Optimal),3.9751661038201126e-05,360603.3909819054,360597.034512006,1.762762666092955e-05,1,0.11671199998818338,False,"[{""message"":""Optimization terminated successfully. (HiGHS Status 7: Optimal)"",""presolve"":true,""solve_seconds"":0.11670659994706511,""status"":0,""time_limit_seconds"":30.0}]",0.02286720008123666,0.012128700036555529,PASS,356607.8312007737,3989.203311232381,463,192
414,2026-02-18T22:00:00Z,802,1569,4631,524,64,214,0,Optimization terminated successfully. (HiGHS Status 7: Optimal),0.0,303700.6482830206,303700.6482830205,3.83322599029972e-16,1,0.01711120002437383,False,"[{""message"":""Optimization terminated successfully. (HiGHS Status 7: Optimal)"",""presolve"":true,""solve_seconds"":0.01710659998934716,""status"":0,""time_limit_seconds"":30.0}]",0.02327290002722293,0.012308300007134676,PASS,298573.72640802094,5126.921875000001,446,192
415,2026-02-19T22:00:00Z,853,1662,4953,554,70,229,0,Optimization terminated successfully. (HiGHS Status 7: Optimal),0.0,298053.70130498346,298053.7013049835,0.0,1,0.04010710003785789,False,"[{""message"":""Optimization terminated successfully. (HiGHS Status 7: Optimal)"",""presolve"":true,""solve_seconds"":0.040099200094118714,""status"":0,""time_limit_seconds"":30.0}]",0.022215900011360645,0.01259049994405359,PASS,294054.50338831666,3999.1979166666656,443,192
416,2026-02-20T22:00:00Z,836,1631,4847,544,68,224,0,Optimization terminated successfully. (HiGHS Status 7: Optimal),4.811370992683615e-06,299626.5292503714,299625.81018393737,2.3998814840902982e-06,1,0.06338880001567304,False,"[{""message"":""Optimization terminated successfully. (HiGHS Status 7: Optimal)"",""presolve"":true,""solve_seconds"":0.06338279996998608,""status"":0,""time_limit_seconds"":30.0}]",0.09055730002000928,0.019571100012399256,PASS,296947.5185172704,2678.2916666666633,453,192
417,2026-02-21T22:00:00Z,871,1698,5069,566,70,235,0,Optimization terminated successfully. (HiGHS Status 7: Optimal),1.4919681880208689e-05,343551.7251694741,343548.7704994923,8.600438236153762e-06,1,0.10108549997676164,False,"[{""message"":""Optimization terminated successfully. (HiGHS Status 7: Optimal)"",""presolve"":true,""solve_seconds"":0.1010801000520587,""status"":0,""time_limit_seconds"":30.0}]",0.024471899960190058,0.012939700041897595,PASS,339363.99445782555,4184.776041666663,459,192
418,2026-02-22T22:00:00Z,900,1753,5256,584,72,244,0,Optimization terminated successfully. (HiGHS Status 7: Optimal),7.009809570215638e-05,329567.34057219076,329557.70813401474,2.9228380760869596e-05,1,0.020648600067943335,False,"[{""message"":""Optimization terminated successfully. (HiGHS Status 7: Optimal)"",""presolve"":true,""solve_seconds"":0.020644300035201013,""status"":0,""time_limit_seconds"":30.0}]",0.024651500047184527,0.014130400028079748,PASS,324431.10825541744,5126.599878596852,479,192
419,2026-02-23T22:00:00Z,889,1734,5185,578,70,241,0,Optimization terminated successfully. (HiGHS Status 7: Optimal),5.3764960056118116e-05,286990.18954702315,286981.7925672205,2.9259625593392006e-05,1,0.16376359993591905,False,"[{""message"":""Optimization terminated successfully. (HiGHS Status 7: Optimal)"",""presolve"":true,""solve_seconds"":0.1637568000005558,""status"":0,""time_limit_seconds"":30.0}]",0.024184499983675778,0.013541700085625052,PASS,284012.3691737536,2969.42339346705,485,192
420,2026-02-24T22:00:00Z,861,1684,5009,562,66,233,0,Optimization terminated successfully. (HiGHS Status 7: Optimal),6.616351428110108e-06,302661.87009176484,302660.87354503054,3.2926183111368594e-06,1,0.22093800001312047,False,"[{""message"":""Optimization terminated successfully. (HiGHS Status 7: Optimal)"",""presolve"":true,""solve_seconds"":0.22093169996514916,""status"":0,""time_limit_seconds"":30.0}]",0.023469600011594594,0.016835200018249452,PASS,299270.57535250526,3390.2981925258346,474,192
421,2026-02-25T22:00:00Z,813,1588,4703,530,66,217,0,Optimization terminated successfully. (HiGHS Status 7: Optimal),6.892400268753808e-05,376059.03441135236,376043.17807519407,4.216626462805338e-05,1,0.3327956000575796,False,"[{""message"":""Optimization terminated successfully. (HiGHS Status 7: Optimal)"",""presolve"":true,""solve_seconds"":0.3327904000179842,""status"":0,""time_limit_seconds"":30.0}]",0.02145919995382428,0.012629600008949637,PASS,372685.2093251937,3357.9687499999995,450,192
422,2026-02-26T22:00:00Z,877,1710,5109,570,70,237,0,Optimization terminated successfully. (HiGHS Status 7: Optimal),3.3096460825126003e-06,432281.28884482716,432280.6046666873,1.5827176432477856e-06,1,0.10009940003510565,False,"[{""message"":""Optimization terminated successfully. (HiGHS Status 7: Optimal)"",""presolve"":true,""solve_seconds"":0.10009229998104274,""status"":0,""time_limit_seconds"":30.0}]",0.022802500054240227,0.01574790000449866,PASS,429418.4307027414,2862.173963946424,454,192
423,2026-02-27T22:00:00Z,819,1600,4738,534,66,219,0,Optimization terminated successfully. (HiGHS Status 7: Optimal),4.850364729606737e-06,387440.61298375507,387439.71767110785,2.3108437426098743e-06,1,0.07763580000028014,False,"[{""message"":""Optimization terminated successfully. (HiGHS Status 7: Optimal)"",""presolve"":true,""solve_seconds"":0.07763070007786155,""status"":0,""time_limit_seconds"":30.0}]",0.022466499940492213,0.013262499938718975,PASS,386240.61866499006,1199.0990061182883,456,192
424,2026-02-28T22:00:00Z,840,1642,4873,548,66,226,0,Optimization terminated successfully. (HiGHS Status 7: Optimal),1.3076337904783718e-05,371356.2235007733,371353.7468202393,6.669329595367063e-06,1,0.2182926000095904,False,"[{""message"":""Optimization terminated successfully. (HiGHS Status 7: Optimal)"",""presolve"":true,""solve_seconds"":0.21828719996847212,""status"":0,""time_limit_seconds"":30.0}]",0.02302140009123832,0.012421500054188073,PASS,366192.5645285726,5161.182291666601,445,192
425,2026-03-01T22:00:00Z,857,1673,4982,558,68,231,0,Optimization terminated successfully. (HiGHS Status 7: Optimal),3.24734121121554e-05,390637.21501127444,390630.4477368506,1.732398092124766e-05,1,0.13150899996981025,False,"[{""message"":""Optimization terminated successfully. (HiGHS Status 7: Optimal)"",""presolve"":true,""solve_seconds"":0.13150359992869198,""status"":0,""time_limit_seconds"":30.0}]",0.023193900007754564,0.013784299953840673,PASS,384898.28107018414,5732.166666666656,457,192
426,2026-03-02T22:00:00Z,847,1659,4918,554,64,229,0,Optimization terminated successfully. (HiGHS Status 7: Optimal),6.026908093031048e-05,377941.17515579023,377930.47855123866,2.830310112213563e-05,1,0.11890730005688965,False,"[{""message"":""Optimization terminated successfully. (HiGHS Status 7: Optimal)"",""presolve"":true,""solve_seconds"":0.11890160001348704,""status"":0,""time_limit_seconds"":30.0}]",0.023045600042678416,0.011595000047236681,PASS,371638.37438457273,6292.1041666666715,460,192
427,2026-03-03T22:00:00Z,793,1551,4573,518,64,211,0,Optimization terminated successfully. (HiGHS Status 7: Optimal),3.88668810244987e-05,390019.2751360863,390010.682203794,2.2032556246164884e-05,1,0.11888980004005134,False,"[{""message"":""Optimization terminated successfully. (HiGHS Status 7: Optimal)"",""presolve"":true,""solve_seconds"":0.11888530000578612,""status"":0,""time_limit_seconds"":30.0}]",0.021635100012645125,0.0127480000955984,PASS,383997.1144954602,6013.567708333334,440,192
428,2026-03-04T22:00:00Z,766,1506,4405,504,58,204,0,Optimization terminated successfully. (HiGHS Status 7: Optimal),8.034807444573046e-05,365295.74429880164,365283.5210215993,3.346243807592662e-05,1,0.09251350001432002,False,"[{""message"":""Optimization terminated successfully. (HiGHS Status 7: Optimal)"",""presolve"":true,""solve_seconds"":0.09250710008200258,""status"":0,""time_limit_seconds"":30.0}]",0.021633800002746284,0.012014799984171987,PASS,360872.0574799333,4411.46354166667,415,192
429,2026-03-05T22:00:00Z,870,1693,5062,564,72,234,0,Optimization terminated successfully. (HiGHS Status 7: Optimal),3.07569163882507e-05,326561.23914887686,326555.6871937623,1.700155695432784e-05,1,0.23556770000141114,False,"[{""message"":""Optimization terminated successfully. (HiGHS Status 7: Optimal)"",""presolve"":true,""solve_seconds"":0.23556219995953143,""status"":0,""time_limit_seconds"":30.0}]",0.02225230005569756,0.018006799975410104,PASS,321876.41115209577,4679.2760416657875,438,192
430,2026-03-06T22:00:00Z,851,1661,4943,554,68,229,0,Optimization terminated successfully. (HiGHS Status 7: Optimal),1.2605892264856674e-05,391857.32076093263,391854.5755144877,7.005778716098534e-06,1,0.19647620001342148,False,"[{""message"":""Optimization terminated successfully. (HiGHS Status 7: Optimal)"",""presolve"":true,""solve_seconds"":0.1964707999723032,""status"":0,""time_limit_seconds"":30.0}]",0.022056500078178942,0.012659400003030896,PASS,387008.5113589176,4846.064155570234,463,192
431,2026-03-07T22:00:00Z,813,1588,4701,530,66,217,0,Optimization terminated successfully. (HiGHS Status 7: Optimal),5.26480623350124e-05,487282.8251842066,487268.27722489927,2.9856159301358427e-05,1,0.1614324999973178,False,"[{""message"":""Optimization terminated successfully. (HiGHS Status 7: Optimal)"",""presolve"":true,""solve_seconds"":0.16142739995848387,""status"":0,""time_limit_seconds"":30.0}]",0.02145370002835989,0.012078300002031028,PASS,481320.4595165659,5947.81770833334,446,192
432,2026-03-08T22:00:00Z,859,1674,4993,558,70,231,0,Optimization terminated successfully. (HiGHS Status 7: Optimal),4.617541895613962e-05,478457.85764305724,478448.1519825255,2.0285710147580358e-05,1,0.13439390005078167,False,"[{""message"":""Optimization terminated successfully. (HiGHS Status 7: Optimal)"",""presolve"":true,""solve_seconds"":0.13438860001042485,""status"":0,""time_limit_seconds"":30.0}]",0.024059200077317655,0.013459699926897883,PASS,477970.7433434791,477.4086390476289,448,192
433,2026-03-09T22:00:00Z,865,1686,5031,562,70,233,0,Optimization terminated successfully. (HiGHS Status 7: Optimal),1.7882064688778666e-05,375360.8723511462,375357.87658105406,7.981103578827807e-06,1,0.23193159990478307,False,"[{""message"":""Optimization terminated successfully. (HiGHS Status 7: Optimal)"",""presolve"":true,""solve_seconds"":0.2319249000865966,""status"":0,""time_limit_seconds"":30.0}]",0.09775459999218583,0.011805800022557378,PASS,374376.681112304,981.1954687500081,464,192
434,2026-03-10T22:00:00Z,848,1655,4925,552,68,228,0,Optimization terminated successfully. (HiGHS Status 7: Optimal),3.4214567159087715e-05,327507.32662826544,327501.75224756775,1.7020918695630884e-05,1,0.22049380000680685,False,"[{""message"":""Optimization terminated successfully. (HiGHS Status 7: Optimal)"",""presolve"":true,""solve_seconds"":0.22048809996340424,""status"":0,""time_limit_seconds"":30.0}]",0.022934800013899803,0.01360120007302612,PASS,327501.75224756764,1.1444914867671704e-11,461,192
435,2026-03-11T22:00:00Z,860,1679,5001,560,68,232,0,Optimization terminated successfully. (HiGHS Status 7: Optimal),6.401292168090678e-05,331524.7273596336,331513.8088584179,3.293528330929622e-05,1,0.21160339994821697,False,"[{""message"":""Optimization terminated successfully. (HiGHS Status 7: Optimal)"",""presolve"":true,""solve_seconds"":0.21159820002503693,""status"":0,""time_limit_seconds"":30.0}]",0.023026400012895465,0.012318999972194433,PASS,326803.5953167508,4710.213541666675,460,192
436,2026-03-12T22:00:00Z,808,1581,4671,528,64,216,0,Optimization terminated successfully. (HiGHS Status 7: Optimal),4.896112635079142e-06,339947.0147684331,339946.1543508504,2.531040789027244e-06,1,0.1679229000583291,False,"[{""message"":""Optimization terminated successfully. (HiGHS Status 7: Optimal)"",""presolve"":true,""solve_seconds"":0.1679158000042662,""status"":0,""time_limit_seconds"":30.0}]",0.022833199938759208,0.012968799914233387,PASS,335712.7897675172,4233.36458333333,448,192
437,2026-03-13T22:00:00Z,810,1582,4683,528,66,216,0,Optimization terminated successfully. (HiGHS Status 7: Optimal),6.536246845586996e-05,333824.07676718954,333813.36479540856,3.2089703141601324e-05,1,0.2770861000753939,False,"[{""message"":""Optimization terminated successfully. (HiGHS Status 7: Optimal)"",""presolve"":true,""solve_seconds"":0.27708090003579855,""status"":0,""time_limit_seconds"":30.0}]",0.023175599984824657,0.012379799969494343,PASS,329493.5731287423,4319.79166666668,432,192
438,2026-03-14T22:00:00Z,796,1557,4593,520,64,212,0,Optimization terminated successfully. (HiGHS Status 7: Optimal),9.629816019455533e-05,315960.0517922897,315944.82422784215,4.819691059910552e-05,1,0.26399200002197176,False,"[{""message"":""Optimization terminated successfully. (HiGHS Status 7: Optimal)"",""presolve"":true,""solve_seconds"":0.2639865999808535,""status"":0,""time_limit_seconds"":30.0}]",0.022798000019975007,0.012564999982714653,PASS,310751.6211028426,5193.203125000023,428,192
439,2026-03-15T22:00:00Z,811,1587,4690,530,64,217,0,Optimization terminated successfully. (HiGHS Status 7: Optimal),1.670792566173503e-05,322909.6045542336,322906.7293757222,8.904052625312934e-06,1,0.11825159995350987,False,"[{""message"":""Optimization terminated successfully. (HiGHS Status 7: Optimal)"",""presolve"":true,""solve_seconds"":0.1182459999108687,""status"":0,""time_limit_seconds"":30.0}]",0.02263589994981885,0.011797599960118532,PASS,318986.7060860722,3920.0232896493458,429,192
440,2026-03-16T22:00:00Z,806,1571,4654,524,68,214,0,Optimization terminated successfully. (HiGHS Status 7: Optimal),1.8703444792542384e-05,395033.5946111097,395029.31365121726,1.0837068907285481e-05,1,0.058457099949009717,False,"[{""message"":""Optimization terminated successfully. (HiGHS Status 7: Optimal)"",""presolve"":true,""solve_seconds"":0.05845019989646971,""status"":0,""time_limit_seconds"":30.0}]",0.024223699932917953,0.01586830010637641,PASS,390339.2146928837,4690.09895833333,431,192
441,2026-03-17T22:00:00Z,712,1398,4059,468,58,186,0,Optimization terminated successfully. (HiGHS Status 7: Optimal),0.0,428701.8456956246,428701.8456956246,0.0,1,0.10424030001740903,False,"[{""message"":""Optimization terminated successfully. (HiGHS Status 7: Optimal)"",""presolve"":true,""solve_seconds"":0.10423369996715337,""status"":0,""time_limit_seconds"":30.0}]",0.02242430008482188,0.012154399999417365,PASS,423539.46027895797,5162.385416666649,400,192
442,2026-03-18T22:00:00Z,784,1533,4517,512,64,208,0,Optimization terminated successfully. (HiGHS Status 7: Optimal),1.63466596866672e-05,431908.78813460626,431904.98301661713,8.810081241843833e-06,1,0.28218660003039986,False,"[{""message"":""Optimization terminated successfully. (HiGHS Status 7: Optimal)"",""presolve"":true,""solve_seconds"":0.28217969997785985,""status"":0,""time_limit_seconds"":30.0}]",0.09308989997953176,0.01182490005157888,PASS,431688.9746789629,216.00833765335068,394,192
443,2026-03-19T22:00:00Z,846,1654,4914,552,66,228,0,Optimization terminated successfully. (HiGHS Status 7: Optimal),4.605912108571039e-05,369561.54742063134,369555.14168969064,1.733362688827471e-05,1,0.17030680004972965,False,"[{""message"":""Optimization terminated successfully. (HiGHS Status 7: Optimal)"",""presolve"":true,""solve_seconds"":0.17030160001013428,""status"":0,""time_limit_seconds"":30.0}]",0.021727400016970932,0.011675600078888237,PASS,364082.0601773316,5473.081512359798,436,192
444,2026-03-20T22:00:00Z,906,1765,5289,588,72,246,0,Optimization terminated successfully. (HiGHS Status 7: Optimal),3.3485175952392917e-05,301537.35036289564,301531.6664288073,1.8850206201054882e-05,1,0.15201439999509603,False,"[{""message"":""Optimization terminated successfully. (HiGHS Status 7: Optimal)"",""presolve"":true,""solve_seconds"":0.15200869995169342,""status"":0,""time_limit_seconds"":30.0}]",0.023910899995826185,0.015661400044336915,PASS,297115.5153871414,4416.151041666627,474,192
445,2026-03-21T22:00:00Z,881,1721,5134,574,68,239,0,Optimization terminated successfully. (HiGHS Status 7: Optimal),4.994428008234862e-05,349426.30834366253,349417.0018705379,2.663428818527848e-05,1,0.11205570003949106,False,"[{""message"":""Optimization terminated successfully. (HiGHS Status 7: Optimal)"",""presolve"":true,""solve_seconds"":0.11205039999913424,""status"":0,""time_limit_seconds"":30.0}]",0.03885609994176775,0.013828300056047738,PASS,341611.67895387195,7805.322916666619,485,192
446,2026-03-22T22:00:00Z,792,1555,4570,520,60,212,0,Optimization terminated successfully. (HiGHS Status 7: Optimal),6.623648273301856e-05,344597.85952789057,344586.69493651064,3.239994911000956e-05,1,0.22213040001224726,False,"[{""message"":""Optimization terminated successfully. (HiGHS Status 7: Optimal)"",""presolve"":true,""solve_seconds"":0.2221245999680832,""status"":0,""time_limit_seconds"":30.0}]",0.02472639991901815,0.012581199989654124,PASS,338796.23660317843,5790.458333333342,451,192
447,2026-03-23T22:00:00Z,859,1674,4994,558,70,231,0,Optimization terminated successfully. (HiGHS Status 7: Optimal),8.727937101549431e-06,374052.06396139064,374050.20277993113,4.975753109271941e-06,1,0.25945789995603263,False,"[{""message"":""Optimization terminated successfully. (HiGHS Status 7: Optimal)"",""presolve"":true,""solve_seconds"":0.25945140002295375,""status"":0,""time_limit_seconds"":30.0}]",0.023524400079622865,0.01676699996460229,PASS,369382.92277993035,4667.28,443,192
448,2026-03-24T22:00:00Z,838,1641,4862,548,64,226,0,Optimization terminated successfully. (HiGHS Status 7: Optimal),2.1309650082668105e-05,393121.15922608133,393117.1905333577,1.0095444359167245e-05,1,0.18085360003169626,False,"[{""message"":""Optimization terminated successfully. (HiGHS Status 7: Optimal)"",""presolve"":true,""solve_seconds"":0.1808479999890551,""status"":0,""time_limit_seconds"":30.0}]",0.024855599971488118,0.0146206000354141,PASS,388745.8051166918,4371.385416666677,457,192
449,2026-03-25T22:00:00Z,818,1604,4734,536,62,220,0,Optimization terminated successfully. (HiGHS Status 7: Optimal),0.0,333121.6246921268,333121.6246921268,0.0,1,0.014507599989883602,False,"[{""message"":""Optimization terminated successfully. (HiGHS Status 7: Optimal)"",""presolve"":true,""solve_seconds"":0.014498400036245584,""status"":0,""time_limit_seconds"":30.0}]",0.023393899900838733,0.013595400028862059,PASS,329134.51630620577,3987.108385921809,446,192
450,2026-03-26T22:00:00Z,849,1660,4930,554,66,229,0,Optimization terminated successfully. (HiGHS Status 7: Optimal),1.9933788680308944e-05,298454.82224800455,298451.80931140826,1.0095219738303773e-05,1,0.2701340999919921,False,"[{""message"":""Optimization terminated successfully. (HiGHS Status 7: Optimal)"",""presolve"":true,""solve_seconds"":0.2701281999470666,""status"":0,""time_limit_seconds"":30.0}]",0.023423600010573864,0.012078800005838275,PASS,294286.5124364076,4165.296874999999,449,192
451,2026-03-27T22:00:00Z,840,1638,4893,546,67,227,0,Optimization terminated successfully. (HiGHS Status 7: Optimal),1.8815859207825644e-05,296122.3697116892,296119.5343778585,9.574963828826609e-06,1,0.1046772999688983,False,"[{""message"":""Optimization terminated successfully. (HiGHS Status 7: Optimal)"",""presolve"":true,""solve_seconds"":0.10467100003734231,""status"":0,""time_limit_seconds"":30.0}]",0.08958560007158667,0.0124604000011459,PASS,291654.7480635376,4464.786314320985,456,188
452,2026-03-28T22:00:00Z,820,1605,4746,536,64,220,0,Optimization terminated successfully. (HiGHS Status 7: Optimal),2.6371350679816707e-05,307401.2232951207,307396.9203364049,1.3998054083022254e-05,1,0.0782304999884218,False,"[{""message"":""Optimization terminated successfully. (HiGHS Status 7: Optimal)"",""presolve"":true,""solve_seconds"":0.07822530006524175,""status"":0,""time_limit_seconds"":30.0}]",0.023337200051173568,0.013798599946312606,PASS,300819.4359614046,6577.484374999998,447,188
453,2026-03-29T21:00:00Z,895,1746,5222,582,70,243,0,Optimization terminated successfully. (HiGHS Status 7: Optimal),8.409130910829206e-07,300127.68098875333,300127.55818545213,4.091703605748875e-07,1,0.1665276000276208,False,"[{""message"":""Optimization terminated successfully. (HiGHS Status 7: Optimal)"",""presolve"":true,""solve_seconds"":0.16652159998193383,""status"":0,""time_limit_seconds"":30.0}]",0.02237380004953593,0.013477499946020544,PASS,300127.5581854531,9.153880912530593e-13,463,192
454,2026-03-30T21:00:00Z,811,1587,4690,530,64,217,0,Optimization terminated successfully. (HiGHS Status 7: Optimal),9.353902828449435e-05,302015.3841103444,302000.5397795837,4.915332526075198e-05,1,0.11220890004187822,False,"[{""message"":""Optimization terminated successfully. (HiGHS Status 7: Optimal)"",""presolve"":true,""solve_seconds"":0.11220269999466836,""status"":0,""time_limit_seconds"":30.0}]",0.024184999987483025,0.013654800015501678,PASS,300187.2203590127,1813.3194205709995,460,192
455,2026-03-31T21:00:00Z,823,1611,4764,538,64,221,0,Optimization terminated successfully. (HiGHS Status 7: Optimal),6.05981260225506e-07,317769.82369012083,317769.7245590476,3.1195883546864623e-07,1,0.08576699998229742,False,"[{""message"":""Optimization terminated successfully. (HiGHS Status 7: Optimal)"",""presolve"":true,""solve_seconds"":0.08576200006064028,""status"":0,""time_limit_seconds"":30.0}]",0.022102500079199672,0.014729399932548404,PASS,312095.2854560463,5674.439103001155,438,192
456,2026-04-01T21:00:00Z,884,1727,5154,576,68,240,0,Optimization terminated successfully. (HiGHS Status 7: Optimal),3.3271914903540775e-06,312272.45865602687,312271.9369281577,1.6707484966564521e-06,1,0.25347430002875626,False,"[{""message"":""Optimization terminated successfully. (HiGHS Status 7: Optimal)"",""presolve"":true,""solve_seconds"":0.25346819998230785,""status"":0,""time_limit_seconds"":30.0}]",0.02258870005607605,0.014649399905465543,PASS,306900.4665635743,5371.470364583314,461,192
457,2026-04-02T21:00:00Z,814,1593,4708,532,64,218,0,Optimization terminated successfully. (HiGHS Status 7: Optimal),4.370202343279044e-05,276284.4252175401,276278.8880834313,2.0041828556802324e-05,1,0.2704752000281587,False,"[{""message"":""Optimization terminated successfully. (HiGHS Status 7: Optimal)"",""presolve"":true,""solve_seconds"":0.27046859997790307,""status"":0,""time_limit_seconds"":30.0}]",0.025204500067047775,0.012124900007620454,PASS,276278.888083431,1.1868762269292196e-12,458,192
458,2026-04-03T21:00:00Z,783,1537,4512,514,60,209,0,Optimization terminated successfully. (HiGHS Status 7: Optimal),9.896770826884168e-05,300091.87441218365,300074.62258650956,5.749178496130292e-05,7,2.9901329000713304,False,"[{""message"":""Optimization terminated successfully. (HiGHS Status 7: Optimal)"",""presolve"":true,""solve_seconds"":2.990126800024882,""status"":0,""time_limit_seconds"":30.0}]",0.02447190007660538,0.012408100068569183,PASS,300074.6225865098,9.8395025460718e-13,427,192
459,2026-04-04T21:00:00Z,676,1335,3832,448,52,176,0,Optimization terminated successfully. (HiGHS Status 7: Optimal),8.985867852351581e-05,411999.8884430911,411978.458345141,5.201752061547157e-05,1,0.24596139998175204,False,"[{""message"":""Optimization terminated successfully. (HiGHS Status 7: Optimal)"",""presolve"":true,""solve_seconds"":0.24595529993530363,""status"":0,""time_limit_seconds"":30.0}]",0.08838329999707639,0.017872199998237193,PASS,409502.04094930756,2476.4173958333395,385,192
460,2026-04-05T21:00:00Z,750,1471,4301,492,60,198,0,Optimization terminated successfully. (HiGHS Status 7: Optimal),1.4793153321530323e-05,420155.62503428245,420152.880936533,6.531188702914825e-06,1,0.14858380006626248,False,"[{""message"":""Optimization terminated successfully. (HiGHS Status 7: Optimal)"",""presolve"":true,""solve_seconds"":0.14857880002819002,""status"":0,""time_limit_seconds"":30.0}]",0.025895699975080788,0.012496600043959916,PASS,418914.8778818439,1238.0030546890134,374,192
461,2026-04-06T21:00:00Z,788,1544,4543,516,62,210,0,Optimization terminated successfully. (HiGHS Status 7: Optimal),2.80517246547342e-05,457312.0541615867,457304.35146060307,1.684370804479457e-05,1,0.2841869000112638,False,"[{""message"":""Optimization terminated successfully. (HiGHS Status 7: Optimal)"",""presolve"":true,""solve_seconds"":0.2841812000842765,""status"":0,""time_limit_seconds"":30.0}]",0.02244630001951009,0.014132200041785836,PASS,457304.3514606032,3.935331172044699e-12,408,192
462,2026-04-07T21:00:00Z,886,1728,5164,576,70,240,0,Optimization terminated successfully. (HiGHS Status 7: Optimal),6.347775090681202e-05,455178.1204194246,455166.55241262564,2.5414887666190824e-05,1,0.5614042000379413,False,"[{""message"":""Optimization terminated successfully. (HiGHS Status 7: Optimal)"",""presolve"":true,""solve_seconds"":0.5613987999968231,""status"":0,""time_limit_seconds"":30.0}]",0.024457600084133446,0.012960500083863735,PASS,455166.55241262575,-1.0802251493302606e-11,450,192
463,2026-04-08T21:00:00Z,895,1746,5224,582,70,243,0,Optimization terminated successfully. (HiGHS Status 7: Optimal),3.5950066599462835e-05,323955.6566723072,323950.48967295035,1.5949966187850527e-05,1,0.6199036999605596,False,"[{""message"":""Optimization terminated successfully. (HiGHS Status 7: Optimal)"",""presolve"":true,""solve_seconds"":0.6198978999163955,""status"":0,""time_limit_seconds"":30.0}]",0.026466200011782348,0.012808900093659759,PASS,319022.6802458671,4927.809427083375,483,192
464,2026-04-09T21:00:00Z,869,1697,5056,566,68,235,0,Optimization terminated successfully. (HiGHS Status 7: Optimal),7.512480088585608e-05,286114.56753043376,286103.3591278469,3.917606078109518e-05,1,0.5228557999944314,False,"[{""message"":""Optimization terminated successfully. (HiGHS Status 7: Optimal)"",""presolve"":true,""solve_seconds"":0.5228509000735357,""status"":0,""time_limit_seconds"":30.0}]",0.02306140004657209,0.017999800038523972,PASS,282479.3120225562,3624.0471052907237,478,192
465,2026-04-10T21:00:00Z,910,1776,5319,592,70,248,0,Optimization terminated successfully. (HiGHS Status 7: Optimal),4.27878669191304e-05,350432.52099500515,350423.6894990342,2.520233715813781e-05,1,0.45654150005429983,False,"[{""message"":""Optimization terminated successfully. (HiGHS Status 7: Optimal)"",""presolve"":true,""solve_seconds"":0.45653570001013577,""status"":0,""time_limit_seconds"":30.0}]",0.0239239000948146,0.013763000024482608,PASS,347026.4935062011,3397.195992833325,483,192
466,2026-04-11T21:00:00Z,817,1599,4729,534,64,219,0,Optimization terminated successfully. (HiGHS Status 7: Optimal),5.4252133914199006e-05,337998.1987595319,337990.7876396677,2.1926987761887853e-05,1,0.8165141999488696,False,"[{""message"":""Optimization terminated successfully. (HiGHS Status 7: Optimal)"",""presolve"":true,""solve_seconds"":0.8165093999123201,""status"":0,""time_limit_seconds"":30.0}]",0.021844999981112778,0.016458499943837523,PASS,334073.39734008914,3917.390299578467,467,192
467,2026-04-12T21:00:00Z,880,1716,5126,572,70,238,0,Optimization terminated successfully. (HiGHS Status 7: Optimal),6.06166926358376e-05,351675.70585559466,351662.30186246336,3.811609336659632e-05,1,0.34884400002192706,False,"[{""message"":""Optimization terminated successfully. (HiGHS Status 7: Optimal)"",""presolve"":true,""solve_seconds"":0.348838199977763,""status"":0,""time_limit_seconds"":30.0}]",0.09287849999964237,0.013104200013913214,PASS,351662.30186246365,-3.4216179889412505e-12,457,192
468,2026-04-13T21:00:00Z,815,1589,4714,530,68,217,0,Optimization terminated successfully. (HiGHS Status 7: Optimal),1.5930074397033505e-05,425588.2121044404,425584.9147689602,7.747773395481477e-06,1,0.23868169996421784,False,"[{""message"":""Optimization terminated successfully. (HiGHS Status 7: Optimal)"",""presolve"":true,""solve_seconds"":0.2386755000334233,""status"":0,""time_limit_seconds"":30.0}]",0.023294300073757768,0.015832699951715767,PASS,419628.2393436479,5956.675425312408,455,192
469,2026-04-14T21:00:00Z,836,1631,4843,544,68,224,0,Optimization terminated successfully. (HiGHS Status 7: Optimal),1.0954566785134882e-05,485837.8205913082,485834.67484750797,6.474926478226654e-06,1,0.43599749996792525,False,"[{""message"":""Optimization terminated successfully. (HiGHS Status 7: Optimal)"",""presolve"":true,""solve_seconds"":0.43599259993061423,""status"":0,""time_limit_seconds"":30.0}]",0.025795500027015805,0.012241599964909256,PASS,485834.6748475084,-4.746616966144757e-12,441,192
470,2026-04-15T21:00:00Z,889,1734,5183,578,70,241,0,Optimization terminated successfully. (HiGHS Status 7: Optimal),1.9778686668967617e-05,433636.32163219387,433633.3844347921,6.773457734576415e-06,1,0.476549300015904,False,"[{""message"":""Optimization terminated successfully. (HiGHS Status 7: Optimal)"",""presolve"":true,""solve_seconds"":0.4765436000889167,""status"":0,""time_limit_seconds"":30.0}]",0.02372359996661544,0.01415810000617057,PASS,428983.80532730964,4649.579107482133,465,192
471,2026-04-16T21:00:00Z,824,1616,4773,540,62,222,0,Optimization terminated successfully. (HiGHS Status 7: Optimal),5.7091793194640414e-05,344010.68734824646,343999.1689313187,3.348385103243629e-05,1,0.35437149996869266,False,"[{""message"":""Optimization terminated successfully. (HiGHS Status 7: Optimal)"",""presolve"":true,""solve_seconds"":0.35436559992376715,""status"":0,""time_limit_seconds"":30.0}]",0.023309800075367093,0.01326510007493198,PASS,340522.4691535049,3476.699777813742,463,192
472,2026-04-17T21:00:00Z,877,1710,5109,570,70,237,0,Optimization terminated successfully. (HiGHS Status 7: Optimal),8.516483276517087e-05,338125.85610872146,338113.83105275396,3.556511110492832e-05,1,0.9830681999446824,False,"[{""message"":""Optimization terminated successfully. (HiGHS Status 7: Optimal)"",""presolve"":true,""solve_seconds"":0.9830620000138879,""status"":0,""time_limit_seconds"":30.0}]",0.0241030000615865,0.013105200021527708,PASS,338113.8310527537,-9.544936100761942e-13,459,192
473,2026-04-18T21:00:00Z,761,1490,4374,498,62,201,0,Optimization terminated successfully. (HiGHS Status 7: Optimal),3.560735061826783e-05,362042.8460718512,362034.92497089657,2.1879383474614647e-05,1,0.2860066000139341,False,"[{""message"":""Optimization terminated successfully. (HiGHS Status 7: Optimal)"",""presolve"":true,""solve_seconds"":0.2860009999712929,""status"":0,""time_limit_seconds"":30.0}]",0.022414600010961294,0.017380200093612075,PASS,360866.1920798249,1168.7328910714252,438,192
474,2026-04-19T21:00:00Z,807,1585,4664,530,60,217,0,Optimization terminated successfully. (HiGHS Status 7: Optimal),1.5144125331544535e-05,375766.8914463135,375764.52133389266,6.307440660983617e-06,1,0.3607713000383228,False,"[{""message"":""Optimization terminated successfully. (HiGHS Status 7: Optimal)"",""presolve"":true,""solve_seconds"":0.36076589999720454,""status"":0,""time_limit_seconds"":30.0}]",0.022160500055179,0.014432900003157556,PASS,371007.0263089932,4757.495024899501,418,192
475,2026-04-20T21:00:00Z,795,1561,4589,522,60,213,0,Optimization terminated successfully. (HiGHS Status 7: Optimal),4.852280757643878e-05,296098.72436298855,296091.61590872286,2.400761752025187e-05,1,0.43134049989748746,False,"[{""message"":""Optimization terminated successfully. (HiGHS Status 7: Optimal)"",""presolve"":true,""solve_seconds"":0.4313329999567941,""status"":0,""time_limit_seconds"":30.0}]",0.02603169996291399,0.014129100018180907,PASS,291214.90293071046,4876.712978012328,430,192
476,2026-04-21T21:00:00Z,725,1427,4145,478,56,191,0,Optimization terminated successfully. (HiGHS Status 7: Optimal),2.7955853474857888e-05,400630.04259421676,400622.74934838054,1.8204772065694892e-05,1,0.18738949997350574,False,"[{""message"":""Optimization terminated successfully. (HiGHS Status 7: Optimal)"",""presolve"":true,""solve_seconds"":0.18738080002367496,""status"":0,""time_limit_seconds"":30.0}]",0.0953196999616921,0.011806600028648973,PASS,396969.2103900474,3653.5389583333413,404,192
477,2026-04-22T21:00:00Z,826,1617,4784,540,64,222,0,Optimization terminated successfully. (HiGHS Status 7: Optimal),1.2685271808603455e-05,493711.5944470888,493708.57393693243,6.118002230064025e-06,1,0.3331174999475479,False,"[{""message"":""Optimization terminated successfully. (HiGHS Status 7: Optimal)"",""presolve"":true,""solve_seconds"":0.3331121999071911,""status"":0,""time_limit_seconds"":30.0}]",0.020156600046902895,0.012746899970807135,PASS,493708.5739369326,1.1708626364755524e-11,413,192
478,2026-04-23T21:00:00Z,881,1721,5135,574,68,239,0,Optimization terminated successfully. (HiGHS Status 7: Optimal),9.98400895561137e-05,390802.11501860793,390786.73647751566,3.935277136294706e-05,39,2.4688784999307245,False,"[{""message"":""Optimization terminated successfully. (HiGHS Status 7: Optimal)"",""presolve"":true,""solve_seconds"":2.46887300000526,""status"":0,""time_limit_seconds"":30.0}]",0.02145380002912134,0.014102200046181679,PASS,388379.4055419071,2407.3309356085956,461,192
479,2026-04-24T21:00:00Z,796,1557,4592,520,64,212,0,Optimization terminated successfully. (HiGHS Status 7: Optimal),9.411527005961064e-05,444837.8725535786,444810.1979961627,6.221655335367033e-05,1,0.3365441000787541,False,"[{""message"":""Optimization terminated successfully. (HiGHS Status 7: Optimal)"",""presolve"":true,""solve_seconds"":0.3365372000262141,""status"":0,""time_limit_seconds"":30.0}]",0.02244660002179444,0.012903800001367927,PASS,444810.1979961629,-4.235260675500285e-12,451,192
480,2026-04-25T21:00:00Z,811,1587,4688,530,64,217,0,Optimization terminated successfully. (HiGHS Status 7: Optimal),6.74494794732409e-05,563526.6295522405,563508.374302337,3.2395702949647585e-05,1,0.3723420000169426,False,"[{""message"":""Optimization terminated successfully. (HiGHS Status 7: Optimal)"",""presolve"":true,""solve_seconds"":0.3723360999720171,""status"":0,""time_limit_seconds"":30.0}]",0.022832600050605834,0.011965200072154403,PASS,563508.3743023367,2.5076928563313082e-11,429,192
481,2026-04-26T21:00:00Z,879,1711,5121,570,72,237,0,Optimization terminated successfully. (HiGHS Status 7: Optimal),5.0385199198147384e-05,466524.2051964974,466514.25390649645,2.133115958965555e-05,1,0.4294425999978557,False,"[{""message"":""Optimization terminated successfully. (HiGHS Status 7: Optimal)"",""presolve"":true,""solve_seconds"":0.42943619994912297,""status"":0,""time_limit_seconds"":30.0}]",0.022470799973234534,0.01197450002655387,PASS,463882.5448682102,2631.709038286192,454,192
482,2026-04-27T21:00:00Z,805,1575,4652,526,64,215,0,Optimization terminated successfully. (HiGHS Status 7: Optimal),3.9102866088077435e-05,377967.84764611,377960.6181815,1.912756055055232e-05,1,0.24221409996971488,False,"[{""message"":""Optimization terminated successfully. (HiGHS Status 7: Optimal)"",""presolve"":true,""solve_seconds"":0.24220890004653484,""status"":0,""time_limit_seconds"":30.0}]",0.02197200001683086,0.01265300007071346,PASS,375075.3288514624,2885.2893300376486,452,192
483,2026-04-28T21:00:00Z,808,1581,4671,528,64,216,0,Optimization terminated successfully. (HiGHS Status 7: Optimal),1.2455457346230425e-05,408426.5816218306,408423.7382251921,6.961878980927631e-06,1,0.26188320002984256,False,"[{""message"":""Optimization terminated successfully. (HiGHS Status 7: Optimal)"",""presolve"":true,""solve_seconds"":0.2618777999887243,""status"":0,""time_limit_seconds"":30.0}]",0.021649799891747534,0.012395600089803338,PASS,408423.738225192,0.0,431,192
484,2026-04-29T21:00:00Z,822,1606,4755,536,66,220,0,Optimization terminated successfully. (HiGHS Status 7: Optimal),3.115693745531908e-05,485888.4960864073,485880.4200273834,1.6621495106541877e-05,1,0.388959200005047,False,"[{""message"":""Optimization terminated successfully. (HiGHS Status 7: Optimal)"",""presolve"":true,""solve_seconds"":0.3889546999707818,""status"":0,""time_limit_seconds"":30.0}]",0.022468999959528446,0.0125730000436306,PASS,485880.4200273833,4.084298010909038e-12,436,192
485,2026-04-30T21:00:00Z,933,1819,5465,606,72,255,0,Optimization terminated successfully. (HiGHS Status 7: Optimal),6.6484411958238e-05,403968.6485846401,403958.9270837613,2.4065567628336134e-05,1,0.38632950000464916,False,"[{""message"":""Optimization terminated successfully. (HiGHS Status 7: Optimal)"",""presolve"":true,""solve_seconds"":0.3863233000738546,""status"":0,""time_limit_seconds"":30.0}]",0.09851270006038249,0.012296900036744773,PASS,403958.92708376114,1.1234486674283063e-11,475,192
486,2026-05-01T21:00:00Z,824,1607,4769,536,68,220,0,Optimization terminated successfully. (HiGHS Status 7: Optimal),5.650490302886903e-05,350026.70986909803,350015.1174982086,3.311962915287502e-05,1,0.5165303000248969,False,"[{""message"":""Optimization terminated successfully. (HiGHS Status 7: Optimal)"",""presolve"":true,""solve_seconds"":0.5165241999784485,""status"":0,""time_limit_seconds"":30.0}]",0.026417999994009733,0.012554000015370548,PASS,350015.1174982088,-1.3486154652279465e-10,475,192
487,2026-05-02T21:00:00Z,825,1612,4778,538,66,221,0,Optimization terminated successfully. (HiGHS Status 7: Optimal),3.1203043386154273e-06,375257.6466830109,375257.11070959235,1.428283177762331e-06,1,0.20343880006112158,False,"[{""message"":""Optimization terminated successfully. (HiGHS Status 7: Optimal)"",""presolve"":true,""solve_seconds"":0.20343290001619607,""status"":0,""time_limit_seconds"":30.0}]",0.021891599986702204,0.012576799956150353,PASS,375257.1107095924,-7.520848432918115e-12,441,192
488,2026-05-03T21:00:00Z,793,1551,4574,518,64,211,0,Optimization terminated successfully. (HiGHS Status 7: Optimal),2.4015461384620528e-05,418298.73589563626,418292.76488780044,1.4274709813400839e-05,1,0.2637319000205025,False,"[{""message"":""Optimization terminated successfully. (HiGHS Status 7: Optimal)"",""presolve"":true,""solve_seconds"":0.2637261999770999,""status"":0,""time_limit_seconds"":30.0}]",0.022371600032784045,0.0162205999949947,PASS,418155.7535895452,137.0112982552224,432,192
489,2026-05-04T21:00:00Z,915,1783,5348,594,72,249,0,Optimization terminated successfully. (HiGHS Status 7: Optimal),3.41069692517599e-05,386590.61011759343,386585.82151366724,1.238691038239385e-05,1,0.25107240001671016,False,"[{""message"":""Optimization terminated successfully. (HiGHS Status 7: Optimal)"",""presolve"":true,""solve_seconds"":0.25106609996873885,""status"":0,""time_limit_seconds"":30.0}]",0.025882999994792044,0.014312200015410781,PASS,380020.7642220011,6565.057291666648,460,192
490,2026-05-05T21:00:00Z,909,1771,5311,590,72,247,0,Optimization terminated successfully. (HiGHS Status 7: Optimal),1.8999508191763646e-05,292256.6426943708,292253.58527890523,1.0461515682258282e-05,1,0.1175103000132367,False,"[{""message"":""Optimization terminated successfully. (HiGHS Status 7: Optimal)"",""presolve"":true,""solve_seconds"":0.11750389996450394,""status"":0,""time_limit_seconds"":30.0}]",0.023128399974666536,0.012065499904565513,PASS,285222.4498622383,7031.135416666661,496,192
491,2026-05-06T21:00:00Z,880,1716,5126,572,70,238,0,Optimization terminated successfully. (HiGHS Status 7: Optimal),1.0548809192038904e-05,352422.244920798,352420.1236385759,6.0191858518106354e-06,1,0.26481850002892315,False,"[{""message"":""Optimization terminated successfully. (HiGHS Status 7: Optimal)"",""presolve"":true,""solve_seconds"":0.26481299998704344,""status"":0,""time_limit_seconds"":30.0}]",0.02506389992777258,0.01516710000578314,PASS,352420.12363857613,-8.107969495796397e-12,485,192
492,2026-05-07T21:00:00Z,883,1722,5147,574,70,239,0,Optimization terminated successfully. (HiGHS Status 7: Optimal),8.706220147660619e-05,380342.7912044907,380326.97911043954,4.1574999722979244e-05,1,0.12988580006640404,False,"[{""message"":""Optimization terminated successfully. (HiGHS Status 7: Optimal)"",""presolve"":true,""solve_seconds"":0.12988040002528578,""status"":0,""time_limit_seconds"":30.0}]",0.023363700020127,0.012026599957607687,PASS,374243.2171439887,6083.761966449988,477,192
493,2026-05-08T21:00:00Z,918,1789,5367,596,72,250,0,Optimization terminated successfully. (HiGHS Status 7: Optimal),2.501750332296712e-05,319769.90377487685,319766.24400345027,1.1445146244208808e-05,1,0.43055090005509555,False,"[{""message"":""Optimization terminated successfully. (HiGHS Status 7: Optimal)"",""presolve"":true,""solve_seconds"":0.43054540001321584,""status"":0,""time_limit_seconds"":30.0}]",0.09276820009108633,0.012617000029422343,PASS,314651.08254511683,5115.16145833333,489,192
494,2026-05-09T21:00:00Z,837,1636,4855,546,66,225,0,Optimization terminated successfully. (HiGHS Status 7: Optimal),1.187616675378621e-05,298822.71747407544,298820.81889078516,6.353584389906494e-06,1,0.1505038000177592,False,"[{""message"":""Optimization terminated successfully. (HiGHS Status 7: Optimal)"",""presolve"":true,""solve_seconds"":0.15049719996750355,""status"":0,""time_limit_seconds"":30.0}]",0.02311480010394007,0.01392270007636398,PASS,291884.6418074518,6936.177083333319,475,192
495,2026-05-10T21:00:00Z,832,1629,4824,544,64,224,0,Optimization terminated successfully. (HiGHS Status 7: Optimal),3.883059132596711e-06,398006.600502277,398005.63933391275,2.414961672103511e-06,1,0.22666159993968904,False,"[{""message"":""Optimization terminated successfully. (HiGHS Status 7: Optimal)"",""presolve"":true,""solve_seconds"":0.2266560000134632,""status"":0,""time_limit_seconds"":30.0}]",0.023234099964611232,0.011922099976800382,PASS,398005.6393339124,-3.758793543084949e-12,449,192
496,2026-05-11T21:00:00Z,889,1734,5184,578,70,241,0,Optimization terminated successfully. (HiGHS Status 7: Optimal),3.573040391066968e-05,416398.74634138367,416392.6258128283,1.4698935994390027e-05,1,0.19345709995832294,False,"[{""message"":""Optimization terminated successfully. (HiGHS Status 7: Optimal)"",""presolve"":true,""solve_seconds"":0.19345140003133565,""status"":0,""time_limit_seconds"":30.0}]",0.024048799998126924,0.014194599934853613,PASS,415378.82066288916,1013.8051499400221,465,192
497,2026-05-12T21:00:00Z,843,1648,4891,550,66,227,0,Optimization terminated successfully. (HiGHS Status 7: Optimal),1.079626838051842e-05,328360.23175550625,328358.4994600781,5.275622318345088e-06,1,0.35154940001666546,False,"[{""message"":""Optimization terminated successfully. (HiGHS Status 7: Optimal)"",""presolve"":true,""solve_seconds"":0.35154369997326285,""status"":0,""time_limit_seconds"":30.0}]",0.022071899962611496,0.012507900013588369,PASS,322269.3484184115,6089.151041666654,468,192
498,2026-05-13T21:00:00Z,915,1783,5350,594,72,249,0,Optimization terminated successfully. (HiGHS Status 7: Optimal),1.806138916847437e-05,301177.12849867425,301174.43701029907,8.936642836977375e-06,1,0.16156600008253008,False,"[{""message"":""Optimization terminated successfully. (HiGHS Status 7: Optimal)"",""presolve"":true,""solve_seconds"":0.16156060004141182,""status"":0,""time_limit_seconds"":30.0}]",0.022091499995440245,0.013482799986377358,PASS,295190.19802593207,5984.2389843666215,476,192
499,2026-05-14T21:00:00Z,885,1723,5157,574,72,239,0,Optimization terminated successfully. (HiGHS Status 7: Optimal),2.3370875192490035e-05,306753.56801511894,306749.6983957008,1.2614908632042765e-05,1,0.4518327999394387,False,"[{""message"":""Optimization terminated successfully. (HiGHS Status 7: Optimal)"",""presolve"":true,""solve_seconds"":0.451827900018543,""status"":0,""time_limit_seconds"":30.0}]",0.023045699927024543,0.01341450004838407,PASS,305723.5951545863,1026.1032411142817,488,192
500,2026-05-15T21:00:00Z,788,1544,4546,516,62,210,0,Optimization terminated successfully. (HiGHS Status 7: Optimal),4.011602981481887e-05,317538.5456654389,317532.3460543702,1.95243449863898e-05,1,0.23404749995097518,False,"[{""message"":""Optimization terminated successfully. (HiGHS Status 7: Optimal)"",""presolve"":true,""solve_seconds"":0.23404230002779514,""status"":0,""time_limit_seconds"":30.0}]",0.02073500002734363,0.013524900074116886,PASS,317446.8405335373,85.5055208308828,449,192
501,2026-05-16T21:00:00Z,871,1698,5070,566,70,235,0,Optimization terminated successfully. (HiGHS Status 7: Optimal),3.12217763984222e-05,358827.4335276755,358820.9869787543,1.7965919372526597e-05,1,0.34409560007043183,False,"[{""message"":""Optimization terminated successfully. (HiGHS Status 7: Optimal)"",""presolve"":true,""solve_seconds"":0.34409020002931356,""status"":0,""time_limit_seconds"":30.0}]",0.021654699929058552,0.013018400059081614,PASS,351620.4869787544,7200.500000000002,445,192
502,2026-05-17T21:00:00Z,828,1618,4798,540,66,222,0,Optimization terminated successfully. (HiGHS Status 7: Optimal),2.4147489875627816e-05,366179.24387963733,366175.1500776772,1.1179901091725718e-05,1,0.11965459992643446,False,"[{""message"":""Optimization terminated successfully. (HiGHS Status 7: Optimal)"",""presolve"":true,""solve_seconds"":0.11964769999030977,""status"":0,""time_limit_seconds"":30.0}]",0.09903670009225607,0.012741300044581294,PASS,365284.35185052635,890.7982271503245,457,192
503,2026-05-18T21:00:00Z,922,1800,5395,600,70,252,0,Optimization terminated successfully. (HiGHS Status 7: Optimal),1.304877669646721e-05,355751.1293696717,355748.658321173,6.946051491415477e-06,1,0.15524300001561642,False,"[{""message"":""Optimization terminated successfully. (HiGHS Status 7: Optimal)"",""presolve"":true,""solve_seconds"":0.15523699996992946,""status"":0,""time_limit_seconds"":30.0}]",0.02390270004980266,0.013630399946123362,PASS,350557.53332117305,5191.125000000005,474,192
504,2026-05-19T21:00:00Z,818,1604,4735,536,62,220,0,Optimization terminated successfully. (HiGHS Status 7: Optimal),9.94202093035896e-05,340523.36961743503,340507.6383065098,4.619958307969877e-05,1,0.3165059000020847,False,"[{""message"":""Optimization terminated successfully. (HiGHS Status 7: Optimal)"",""presolve"":true,""solve_seconds"":0.31649939995259047,""status"":0,""time_limit_seconds"":30.0}]",0.02218119997996837,0.01546799996867776,PASS,335362.4664315095,5145.17187499999,472,192
505,2026-05-20T21:00:00Z,860,1679,5003,560,68,232,0,Optimization terminated successfully. (HiGHS Status 7: Optimal),5.802062628675233e-05,322257.124534459,322247.19493917254,3.081359727077398e-05,1,0.3916407999349758,False,"[{""message"":""Optimization terminated successfully. (HiGHS Status 7: Optimal)"",""presolve"":true,""solve_seconds"":0.3916349000064656,""status"":0,""time_limit_seconds"":30.0}]",0.022318199975416064,0.0130988999735564,PASS,316646.68452250544,5600.510416666664,452,192
506,2026-05-21T21:00:00Z,717,1414,4093,474,54,189,0,Optimization terminated successfully. (HiGHS Status 7: Optimal),1.4662845595905467e-05,337168.4915544366,337165.9486515868,7.541991888615005e-06,1,0.23961180006153882,False,"[{""message"":""Optimization terminated successfully. (HiGHS Status 7: Optimal)"",""presolve"":true,""solve_seconds"":0.23960460000671446,""status"":0,""time_limit_seconds"":30.0}]",0.020388800068758428,0.015625600004568696,PASS,337165.94865158666,1.0900095640901478e-12,421,192
507,2026-05-22T21:00:00Z,841,1638,4875,546,70,225,0,Optimization terminated successfully. (HiGHS Status 7: Optimal),9.925326150878021e-05,369440.88619880436,369421.2869996594,5.3053789358388185e-05,1,0.6341335000470281,False,"[{""message"":""Optimization terminated successfully. (HiGHS Status 7: Optimal)"",""presolve"":true,""solve_seconds"":0.6341282000066712,""status"":0,""time_limit_seconds"":30.0}]",0.024021599907428026,0.013705899938941002,PASS,366249.4290309094,3171.857968750001,414,192
508,2026-05-23T21:00:00Z,830,1619,4808,540,68,222,0,Optimization terminated successfully. (HiGHS Status 7: Optimal),4.4339513524240075e-05,378717.17338657106,378708.9272807125,2.177425791819251e-05,1,0.5382350999861956,False,"[{""message"":""Optimization terminated successfully. (HiGHS Status 7: Optimal)"",""presolve"":true,""solve_seconds"":0.5382291000569239,""status"":0,""time_limit_seconds"":30.0}]",0.02524520002771169,0.013728399993851781,PASS,378548.8439219603,160.0833587523906,447,192
509,2026-05-24T21:00:00Z,866,1691,5037,564,68,234,0,Optimization terminated successfully. (HiGHS Status 7: Optimal),5.0270790794765335e-05,407170.4174014438,407159.1981305904,2.755499790979479e-05,1,0.5011336000170559,False,"[{""message"":""Optimization terminated successfully. (HiGHS Status 7: Optimal)"",""presolve"":true,""solve_seconds"":0.501126499962993,""status"":0,""time_limit_seconds"":30.0}]",0.025559899979270995,0.014865300036035478,PASS,407159.198130591,0.0,456,192
510,2026-05-25T21:00:00Z,889,1734,5186,578,70,241,0,Optimization terminated successfully. (HiGHS Status 7: Optimal),7.864131020299615e-05,362570.75300928997,362559.63432207284,3.066719558539365e-05,1,0.20440839999355376,False,"[{""message"":""Optimization terminated successfully. (HiGHS Status 7: Optimal)"",""presolve"":true,""solve_seconds"":0.20440240006428212,""status"":0,""time_limit_seconds"":30.0}]",0.028990200022235513,0.01845470000989735,PASS,362559.63432207325,-1.0946654693810842e-11,475,192
511,2026-05-26T21:00:00Z,806,1580,4659,528,62,216,0,Optimization terminated successfully. (HiGHS Status 7: Optimal),1.4400684768202788e-05,382591.6328232131,382588.12937898294,9.157221463903623e-06,1,0.2679894999600947,False,"[{""message"":""Optimization terminated successfully. (HiGHS Status 7: Optimal)"",""presolve"":true,""solve_seconds"":0.26798390003386885,""status"":0,""time_limit_seconds"":30.0}]",0.10000729991588742,0.01381749997381121,PASS,380844.6332609178,1743.4961180647529,457,192
512,2026-05-27T21:00:00Z,846,1654,4912,552,66,228,0,Optimization terminated successfully. (HiGHS Status 7: Optimal),9.960766714759284e-05,425533.27332884644,425514.74903563416,4.353384519399347e-05,1,0.2508850999874994,False,"[{""message"":""Optimization terminated successfully. (HiGHS Status 7: Optimal)"",""presolve"":true,""solve_seconds"":0.2508797000627965,""status"":0,""time_limit_seconds"":30.0}]",0.02205069991759956,0.013676200062036514,PASS,425514.7490356339,-2.9870645586645615e-11,444,192
513,2026-05-28T21:00:00Z,855,1672,4970,558,66,231,0,Optimization terminated successfully. (HiGHS Status 7: Optimal),6.0799122368482546e-05,349205.8661532704,349195.8267094981,2.8750182574885576e-05,1,0.1697353000054136,False,"[{""message"":""Optimization terminated successfully. (HiGHS Status 7: Optimal)"",""presolve"":true,""solve_seconds"":0.16972999996505678,""status"":0,""time_limit_seconds"":30.0}]",0.024052000022493303,0.01287380000576377,PASS,343995.55587616446,5200.270833333337,459,192
514,2026-05-29T21:00:00Z,828,1618,4796,540,66,222,0,Optimization terminated successfully. (HiGHS Status 7: Optimal),6.488642581382631e-06,377805.9482548382,377804.522837628,3.7728960983419908e-06,1,0.2290347000816837,False,"[{""message"":""Optimization terminated successfully. (HiGHS Status 7: Optimal)"",""presolve"":true,""solve_seconds"":0.22902950004208833,""status"":0,""time_limit_seconds"":30.0}]",0.022807100089266896,0.01345600001513958,PASS,377804.5228376279,1.7947662023232172e-12,453,192
515,2026-05-30T21:00:00Z,862,1680,5011,560,70,232,0,Optimization terminated successfully. (HiGHS Status 7: Optimal),3.1346809218961426e-05,366739.4272404353,366734.75286971545,1.2745916996683437e-05,1,0.38620469998568296,False,"[{""message"":""Optimization terminated successfully. (HiGHS Status 7: Optimal)"",""presolve"":true,""solve_seconds"":0.3861990000586957,""status"":0,""time_limit_seconds"":30.0}]",0.023912800010293722,0.012664400041103363,PASS,360104.38307804853,6630.369791666668,454,192
516,2026-05-31T21:00:00Z,820,1605,4747,536,64,220,0,Optimization terminated successfully. (HiGHS Status 7: Optimal),1.881610500704418e-06,310955.71749708755,310955.39609659766,1.0335903281482388e-06,1,0.21668599999975413,False,"[{""message"":""Optimization terminated successfully. (HiGHS Status 7: Optimal)"",""presolve"":true,""solve_seconds"":0.21668089996092021,""status"":0,""time_limit_seconds"":30.0}]",0.023058900027535856,0.012504899990744889,PASS,304849.20338826394,6106.192708333326,452,192
517,2026-06-01T21:00:00Z,918,1789,5369,596,72,250,0,Optimization terminated successfully. (HiGHS Status 7: Optimal),3.0835631632296426e-05,382118.27571310085,382111.5042594471,1.7721145734349754e-05,1,0.08480359998065978,False,"[{""message"":""Optimization terminated successfully. (HiGHS Status 7: Optimal)"",""presolve"":true,""solve_seconds"":0.0847965000430122,""status"":0,""time_limit_seconds"":30.0}]",0.026368999970145524,0.015398200019262731,PASS,376304.49384278106,5807.01041666664,470,192
518,2026-06-02T21:00:00Z,886,1728,5166,576,70,240,0,Optimization terminated successfully. (HiGHS Status 7: Optimal),2.7571434780204648e-05,445250.16817128623,445243.73456087394,1.4449637160278953e-05,1,0.30798719997983426,False,"[{""message"":""Optimization terminated successfully. (HiGHS Status 7: Optimal)"",""presolve"":true,""solve_seconds"":0.3079805000452325,""status"":0,""time_limit_seconds"":30.0}]",0.023001400055363774,0.014465600019320846,PASS,445225.89217083546,17.84239003892978,490,192
519,2026-06-03T21:00:00Z,903,1759,5272,586,72,245,0,Optimization terminated successfully. (HiGHS Status 7: Optimal),9.269738366658231e-06,407183.1634968149,407181.5343903316,4.000934093794424e-06,1,0.1448508999310434,False,"[{""message"":""Optimization terminated successfully. (HiGHS Status 7: Optimal)"",""presolve"":true,""solve_seconds"":0.144845400005579,""status"":0,""time_limit_seconds"":30.0}]",0.024367499980144203,0.012536299997009337,PASS,401387.42501533125,5794.109374999996,485,192
520,2026-06-04T21:00:00Z,942,1837,5521,612,72,258,0,Optimization terminated successfully. (HiGHS Status 7: Optimal),3.902381080381369e-05,322654.415773795,322648.3848293887,1.8692002470357357e-05,1,0.31375410000327975,False,"[{""message"":""Optimization terminated successfully. (HiGHS Status 7: Optimal)"",""presolve"":true,""solve_seconds"":0.3137471000663936,""status"":0,""time_limit_seconds"":30.0}]",0.09611149993725121,0.014751800103113055,PASS,318402.5306627218,4245.854166666668,503,192
521,2026-06-05T21:00:00Z,848,1655,4920,552,68,228,0,Optimization terminated successfully. (HiGHS Status 7: Optimal),2.952745493086351e-05,301359.62158319587,301355.1232165904,1.4927128357653219e-05,1,0.43713830003980547,False,"[{""message"":""Optimization terminated successfully. (HiGHS Status 7: Optimal)"",""presolve"":true,""solve_seconds"":0.4371320999925956,""status"":0,""time_limit_seconds"":30.0}]",0.025429300032556057,0.013980699935927987,PASS,301355.12321659026,-1.733440626594529e-11,486,192
522,2026-06-06T21:00:00Z,957,1867,5617,622,72,263,0,Optimization terminated successfully. (HiGHS Status 7: Optimal),3.0773659897179955e-05,300663.0763530511,300658.4640702015,1.5340605373872015e-05,1,0.16302819992415607,False,"[{""message"":""Optimization terminated successfully. (HiGHS Status 7: Optimal)"",""presolve"":true,""solve_seconds"":0.16302229999564588,""status"":0,""time_limit_seconds"":30.0}]",0.024944899952970445,0.012664799927733839,PASS,299782.9437490705,875.5203211306585,491,192
523,2026-06-07T21:00:00Z,823,1611,4765,538,64,221,0,Optimization terminated successfully. (HiGHS Status 7: Optimal),1.3801488040530771e-05,300815.099326893,300812.9739358702,7.0654898788407305e-06,1,0.16021819994784892,False,"[{""message"":""Optimization terminated successfully. (HiGHS Status 7: Optimal)"",""presolve"":true,""solve_seconds"":0.16021320002619177,""status"":0,""time_limit_seconds"":30.0}]",0.023215000052005053,0.014755700016394258,PASS,300812.9739358708,-3.6138684045283757e-12,484,192
524,2026-06-08T21:00:00Z,883,1722,5148,574,70,239,0,Optimization terminated successfully. (HiGHS Status 7: Optimal),1.7569033626326334e-06,300469.87645320874,300469.61509085575,8.698462002938794e-07,1,0.10016330005601048,False,"[{""message"":""Optimization terminated successfully. (HiGHS Status 7: Optimal)"",""presolve"":true,""solve_seconds"":0.10015750001184642,""status"":0,""time_limit_seconds"":30.0}]",0.024584800004959106,0.014849400031380355,PASS,294162.75050752185,6306.864583333347,460,192
525,2026-06-09T21:00:00Z,904,1764,5281,588,70,246,0,Optimization terminated successfully. (HiGHS Status 7: Optimal),1.8579667530302433e-07,298752.8884517404,298752.859024321,9.850087947109193e-08,1,0.019684099941514432,False,"[{""message"":""Optimization terminated successfully. (HiGHS Status 7: Optimal)"",""presolve"":true,""solve_seconds"":0.019677599892020226,""status"":0,""time_limit_seconds"":30.0}]",0.02618140005506575,0.013093900051899254,PASS,293709.58819098724,5043.270833333339,485,192
526,2026-06-10T21:00:00Z,864,1690,5027,564,66,234,0,Optimization terminated successfully. (HiGHS Status 7: Optimal),7.188190959394518e-08,304957.88316535077,304957.8721256632,3.620069708799505e-08,1,0.08810739999171346,False,"[{""message"":""Optimization terminated successfully. (HiGHS Status 7: Optimal)"",""presolve"":true,""solve_seconds"":0.08810209995135665,""status"":0,""time_limit_seconds"":30.0}]",0.023617799975909293,0.012907500029541552,PASS,299322.79920899705,5635.072916666665,480,192
527,2026-06-11T21:00:00Z,904,1764,5282,588,70,246,0,Optimization terminated successfully. (HiGHS Status 7: Optimal),7.631528212067455e-05,278242.91397829575,278232.86080877064,3.6132214922023774e-05,1,0.7062928000232205,False,"[{""message"":""Optimization terminated successfully. (HiGHS Status 7: Optimal)"",""presolve"":true,""solve_seconds"":0.7062861999729648,""status"":0,""time_limit_seconds"":30.0}]",0.023713800008408725,0.013960900017991662,PASS,278232.36387807515,0.4969306953089446,480,192
528,2026-06-12T21:00:00Z,907,1770,5300,590,70,247,0,Optimization terminated successfully. (HiGHS Status 7: Optimal),7.510406400645203e-05,264291.8729842329,264281.8459305244,3.794075856098562e-05,1,1.3284840999403968,False,"[{""message"":""Optimization terminated successfully. (HiGHS Status 7: Optimal)"",""presolve"":true,""solve_seconds"":1.3284782000118867,""status"":0,""time_limit_seconds"":30.0}]",0.1057575000450015,0.015521800029091537,PASS,264281.84593052475,8.79871109304986e-13,493,192
529,2026-06-13T21:00:00Z,838,1641,4859,548,64,226,0,Optimization terminated successfully. (HiGHS Status 7: Optimal),5.8738234888171534e-05,283254.01837109606,283245.1421966513,3.1337428687753544e-05,1,0.4112514000153169,False,"[{""message"":""Optimization terminated successfully. (HiGHS Status 7: Optimal)"",""presolve"":true,""solve_seconds"":0.41124519996810704,""status"":0,""time_limit_seconds"":30.0}]",0.022181999986059964,0.013927399995736778,PASS,279108.22323831794,4136.91895833333,473,192
530,2026-06-14T21:00:00Z,844,1644,4896,548,70,226,0,Optimization terminated successfully. (HiGHS Status 7: Optimal),3.0283147319772957e-06,349235.25698291534,349234.6388853075,1.7698634071182815e-06,1,0.11858619994018227,False,"[{""message"":""Optimization terminated successfully. (HiGHS Status 7: Optimal)"",""presolve"":true,""solve_seconds"":0.11858009989373386,""status"":0,""time_limit_seconds"":30.0}]",0.024051300017163157,0.012987400055862963,PASS,349234.63888530736,3.991118961247745e-12,452,192
531,2026-06-15T21:00:00Z,912,1777,5331,592,72,248,0,Optimization terminated successfully. (HiGHS Status 7: Optimal),2.4141809917689743e-05,346398.95098238083,346395.46409352636,1.0066208180866675e-05,1,0.28076649992726743,False,"[{""message"":""Optimization terminated successfully. (HiGHS Status 7: Optimal)"",""presolve"":true,""solve_seconds"":0.28075939998961985,""status"":0,""time_limit_seconds"":30.0}]",0.02326239994727075,0.014718699967488647,PASS,346395.46409352607,7.580489302938533e-12,474,192
532,2026-06-16T21:00:00Z,843,1648,4895,550,66,227,0,Optimization terminated successfully. (HiGHS Status 7: Optimal),1.2239925552715542e-05,493414.094825808,493409.795707437,8.713078679105145e-06,1,0.20954519999213517,False,"[{""message"":""Optimization terminated successfully. (HiGHS Status 7: Optimal)"",""presolve"":true,""solve_seconds"":0.20953869994264096,""status"":0,""time_limit_seconds"":30.0}]",0.023267499986104667,0.01562080008443445,PASS,493409.79570743704,-4.043365198214132e-12,475,192
533,2026-06-17T21:00:00Z,867,1687,5042,562,72,233,0,Optimization terminated successfully. (HiGHS Status 7: Optimal),9.16010209025636e-05,543331.1338712309,543313.3452805663,3.274094188766907e-05,1,0.39774640009272844,False,"[{""message"":""Optimization terminated successfully. (HiGHS Status 7: Optimal)"",""presolve"":true,""solve_seconds"":0.3977411000523716,""status"":0,""time_limit_seconds"":30.0}]",0.02298550005070865,0.01252850005403161,PASS,543176.7153115248,136.62996904038093,460,192
534,2026-06-18T21:00:00Z,845,1649,4903,550,68,227,0,Optimization terminated successfully. (HiGHS Status 7: Optimal),1.2075211750019185e-05,353121.94447535987,353120.001320608,5.502817015688627e-06,1,0.25475550000555813,False,"[{""message"":""Optimization terminated successfully. (HiGHS Status 7: Optimal)"",""presolve"":true,""solve_seconds"":0.2547497999621555,""status"":0,""time_limit_seconds"":30.0}]",0.021660199970938265,0.016381099936552346,PASS,353120.0013206078,2.4968181596326156e-12,460,192
535,2026-06-19T21:00:00Z,840,1642,4875,548,66,226,0,Optimization terminated successfully. (HiGHS Status 7: Optimal),7.028361813719111e-05,293512.8085689532,293503.37349027256,3.214640625227569e-05,1,0.36653149989433587,False,"[{""message"":""Optimization terminated successfully. (HiGHS Status 7: Optimal)"",""presolve"":true,""solve_seconds"":0.3665254000807181,""status"":0,""time_limit_seconds"":30.0}]",0.02295609994325787,0.013063600054010749,PASS,293503.37349027244,-4.30641839965773e-12,453,192
536,2026-06-20T21:00:00Z,807,1576,4664,526,66,215,0,Optimization terminated successfully. (HiGHS Status 7: Optimal),1.7591746356070887e-06,321873.03469005204,321872.7012458396,1.035950582812063e-06,1,0.21870199998375028,False,"[{""message"":""Optimization terminated successfully. (HiGHS Status 7: Optimal)"",""presolve"":true,""solve_seconds"":0.21869459992740303,""status"":0,""time_limit_seconds"":30.0}]",0.02300340007059276,0.012269199942238629,PASS,321872.701245839,-4.633186515926961e-12,441,192
537,2026-06-21T21:00:00Z,717,1414,4092,474,54,189,0,Optimization terminated successfully. (HiGHS Status 7: Optimal),4.6500744036915045e-05,394010.20267203357,394000.5694178797,2.4449848303822413e-05,1,0.4152538999915123,False,"[{""message"":""Optimization terminated successfully. (HiGHS Status 7: Optimal)"",""presolve"":true,""solve_seconds"":0.41524790006224066,""status"":0,""time_limit_seconds"":30.0}]",0.10071290004998446,0.01235219999216497,PASS,394000.5694178796,-8.951001243910166e-12,404,192
538,2026-06-22T21:00:00Z,800,1568,4620,524,62,214,0,Optimization terminated successfully. (HiGHS Status 7: Optimal),2.786796495891969e-05,424798.3026722318,424792.1429826007,1.4500479193967938e-05,1,0.21820160001516342,False,"[{""message"":""Optimization terminated successfully. (HiGHS Status 7: Optimal)"",""presolve"":true,""solve_seconds"":0.218195499968715,""status"":0,""time_limit_seconds"":30.0}]",0.02238700003363192,0.013039399986155331,PASS,424792.1429825997,1.65589677081357e-11,403,192
539,2026-06-23T21:00:00Z,863,1685,5020,562,68,233,0,Optimization terminated successfully. (HiGHS Status 7: Optimal),9.983821117029902e-05,398574.52337265224,398556.45674802666,4.5330151650279155e-05,55,0.7257953999796882,False,"[{""message"":""Optimization terminated successfully. (HiGHS Status 7: Optimal)"",""presolve"":true,""solve_seconds"":0.7257904000580311,""status"":0,""time_limit_seconds"":30.0}]",0.02318859996739775,0.0133594999788329,PASS,398556.4567480263,-1.369306410481386e-11,447,192
540,2026-06-24T21:00:00Z,880,1716,5129,572,70,238,0,Optimization terminated successfully. (HiGHS Status 7: Optimal),3.535759670710185e-05,385447.87275369343,385440.53499386716,1.9037333025678985e-05,1,0.40094890003092587,False,"[{""message"":""Optimization terminated successfully. (HiGHS Status 7: Optimal)"",""presolve"":true,""solve_seconds"":0.400942699983716,""status"":0,""time_limit_seconds"":30.0}]",0.02247429999988526,0.012260999996215105,PASS,385440.53499386675,3.331068036220112e-12,471,192
541,2026-06-25T21:00:00Z,818,1604,4735,536,62,220,0,Optimization terminated successfully. (HiGHS Status 7: Optimal),1.0435864849741687e-06,358450.65161096735,358450.4914450322,4.4682861091086156e-07,1,0.33988749992568046,False,"[{""message"":""Optimization terminated successfully. (HiGHS Status 7: Optimal)"",""presolve"":true,""solve_seconds"":0.339883100008592,""status"":0,""time_limit_seconds"":30.0}]",0.022700599976815283,0.014801500015892088,PASS,358171.93608226685,278.55536276533724,458,192
542,2026-06-26T21:00:00Z,790,1545,4555,516,64,210,0,Optimization terminated successfully. (HiGHS Status 7: Optimal),2.0201899355284596e-05,328760.3233786701,328756.73647838377,1.091049973527801e-05,1,0.3558382000774145,False,"[{""message"":""Optimization terminated successfully. (HiGHS Status 7: Optimal)"",""presolve"":true,""solve_seconds"":0.35583280003629625,""status"":0,""time_limit_seconds"":30.0}]",0.023524199961684644,0.01343400008045137,PASS,323972.12189505034,4784.614583333343,430,192
543,2026-06-27T21:00:00Z,776,1520,4465,508,62,206,0,Optimization terminated successfully. (HiGHS Status 7: Optimal),1.8436414164956648e-05,435793.1672044385,435788.2643970005,1.125043476049866e-05,1,0.0744148000376299,False,"[{""message"":""Optimization terminated successfully. (HiGHS Status 7: Optimal)"",""presolve"":true,""solve_seconds"":0.07440969999879599,""status"":0,""time_limit_seconds"":30.0}]",0.021633900003507733,0.01224539999384433,PASS,432813.9497315122,2974.314665488604,416,192
544,2026-06-28T21:00:00Z,838,1641,4861,548,64,226,0,Optimization terminated successfully. (HiGHS Status 7: Optimal),9.595402029555094e-06,562912.1546050513,562909.2311220553,5.193524700453993e-06,1,0.3152171999681741,False,"[{""message"":""Optimization terminated successfully. (HiGHS Status 7: Optimal)"",""presolve"":true,""solve_seconds"":0.31521180004347116,""status"":0,""time_limit_seconds"":30.0}]",0.022127500036731362,0.018434599973261356,PASS,562848.1377827661,61.093339288668446,432,192
545,2026-06-29T21:00:00Z,903,1759,5274,586,72,245,0,Optimization terminated successfully. (HiGHS Status 7: Optimal),1.8618548736508174e-05,536704.8671107135,536700.456704265,8.217631256757703e-06,1,0.26133620005566627,False,"[{""message"":""Optimization terminated successfully. (HiGHS Status 7: Optimal)"",""presolve"":true,""solve_seconds"":0.26133110001683235,""status"":0,""time_limit_seconds"":30.0}]",0.0230093999998644,0.01610190002247691,PASS,536353.1547265148,347.3019777491892,471,192
546,2026-06-30T21:00:00Z,834,1630,4835,544,66,224,0,Optimization terminated successfully. (HiGHS Status 7: Optimal),3.263494225177981e-05,407439.4097249523,407433.7190860687,1.3967029769618327e-05,1,0.11809809994883835,False,"[{""message"":""Optimization terminated successfully. (HiGHS Status 7: Optimal)"",""presolve"":true,""solve_seconds"":0.11809259990695864,""status"":0,""time_limit_seconds"":30.0}]",0.021478700102306902,0.012553900014609098,PASS,399987.0940860677,7446.625000000005,469,192
547,2026-07-01T21:00:00Z,797,1562,4601,522,62,213,0,Optimization terminated successfully. (HiGHS Status 7: Optimal),2.109622431382977e-05,338666.16838549357,338662.4950324616,1.0846648465233946e-05,1,0.21488710003904998,False,"[{""message"":""Optimization terminated successfully. (HiGHS Status 7: Optimal)"",""presolve"":true,""solve_seconds"":0.21488169999793172,""status"":0,""time_limit_seconds"":30.0}]",0.10027459997218102,0.015866999980062246,PASS,333135.3544074622,5527.140625,437,192
548,2026-07-02T21:00:00Z,873,1708,5085,570,66,237,0,Optimization terminated successfully. (HiGHS Status 7: Optimal),3.949767720495901e-06,363188.71297066234,363187.9376320134,2.1348138762263397e-06,1,0.14819019997958094,False,"[{""message"":""Optimization terminated successfully. (HiGHS Status 7: Optimal)"",""presolve"":true,""solve_seconds"":0.14818559994455427,""status"":0,""time_limit_seconds"":30.0}]",0.021654200041666627,0.012695800047367811,PASS,363187.9376320131,-3.684816229920784e-12,450,192
549,2026-07-03T21:00:00Z,825,1612,4778,538,66,221,0,Optimization terminated successfully. (HiGHS Status 7: Optimal),3.170906534804028e-05,421596.1306437926,421588.943516764,1.704771232541669e-05,1,0.3906156999291852,False,"[{""message"":""Optimization terminated successfully. (HiGHS Status 7: Optimal)"",""presolve"":true,""solve_seconds"":0.39060899999458343,""status"":0,""time_limit_seconds"":30.0}]",0.02299900003708899,0.014516899944283068,PASS,421588.94351676357,-3.251039237817111e-12,458,192
550,2026-07-04T21:00:00Z,880,1716,5128,572,70,238,0,Optimization terminated successfully. (HiGHS Status 7: Optimal),9.696747176502853e-05,374921.05116236594,374906.506627872,3.879509754247335e-05,1,0.3966136999661103,False,"[{""message"":""Optimization terminated successfully. (HiGHS Status 7: Optimal)"",""presolve"":true,""solve_seconds"":0.396608000039123,""status"":0,""time_limit_seconds"":30.0}]",0.02791499998420477,0.01300379994791001,PASS,369101.9545445382,5804.552083333318,459,192
551,2026-07-05T21:00:00Z,825,1612,4778,538,66,221,0,Optimization terminated successfully. (HiGHS Status 7: Optimal),5.1356466286576544e-05,311042.80874695256,311034.1366420554,2.7881521272156075e-05,1,0.38560809998307377,False,"[{""message"":""Optimization terminated successfully. (HiGHS Status 7: Optimal)"",""presolve"":true,""solve_seconds"":0.3856028999434784,""status"":0,""time_limit_seconds"":30.0}]",0.024515400058589876,0.014292299980297685,PASS,310996.5712067301,37.56543532512703,459,192
552,2026-07-06T21:00:00Z,878,1715,5114,572,68,238,0,Optimization terminated successfully. (HiGHS Status 7: Optimal),7.075435618793602e-06,300025.93102519,300024.9876938937,3.1441757685433573e-06,1,0.30670149996876717,False,"[{""message"":""Optimization terminated successfully. (HiGHS Status 7: Optimal)"",""presolve"":true,""solve_seconds"":0.3066960999276489,""status"":0,""time_limit_seconds"":30.0}]",0.026278199977241457,0.013372000074014068,PASS,289631.43822871527,10393.54946517857,459,192
553,2026-07-07T21:00:00Z,863,1685,5019,562,68,233,0,Optimization terminated successfully. (HiGHS Status 7: Optimal),7.862945985231669e-05,299769.886911398,299755.80460619647,4.6979257732821927e-05,1,0.2562362999888137,False,"[{""message"":""Optimization terminated successfully. (HiGHS Status 7: Optimal)"",""presolve"":true,""solve_seconds"":0.25622870004735887,""status"":0,""time_limit_seconds"":30.0}]",0.02375020005274564,0.0134412000188604,PASS,293748.1029121204,6007.701694075719,471,192
554,2026-07-08T21:00:00Z,805,1575,4650,526,64,215,0,Optimization terminated successfully. (HiGHS Status 7: Optimal),1.9029745664750012e-05,373633.7608534059,373629.9033300988,1.0324450138397917e-05,1,0.2892742999829352,False,"[{""message"":""Optimization terminated successfully. (HiGHS Status 7: Optimal)"",""presolve"":true,""solve_seconds"":0.28926829993724823,""status"":0,""time_limit_seconds"":30.0}]",0.022897499962709844,0.013979800045490265,PASS,373545.93935344927,83.96397664924227,448,192
555,2026-07-09T21:00:00Z,907,1770,5301,590,70,247,0,Optimization terminated successfully. (HiGHS Status 7: Optimal),8.141668092993263e-05,338290.55670846725,338279.35456567863,3.311506492320145e-05,1,0.2590204000007361,False,"[{""message"":""Optimization terminated successfully. (HiGHS Status 7: Optimal)"",""presolve"":true,""solve_seconds"":0.2590130999451503,""status"":0,""time_limit_seconds"":30.0}]",0.024912099936045706,0.014799299999140203,PASS,338279.35456567816,8.143512183108234e-12,462,192
556,2026-07-10T21:00:00Z,880,1716,5129,572,70,238,0,Optimization terminated successfully. (HiGHS Status 7: Optimal),7.431480177957429e-05,286402.53638286854,286391.3588970478,3.9028711843009884e-05,1,0.3861794000258669,False,"[{""message"":""Optimization terminated successfully. (HiGHS Status 7: Optimal)"",""presolve"":true,""solve_seconds"":0.3861744999885559,""status"":0,""time_limit_seconds"":30.0}]",0.10156360000837594,0.013921499950811267,PASS,282725.69405329775,3665.6648437499935,485,192
557,2026-07-11T21:00:00Z,858,1678,4990,560,66,232,0,Optimization terminated successfully. (HiGHS Status 7: Optimal),2.4693071781034606e-06,328460.6815013372,328460.2283608211,1.3795902121438768e-06,1,0.3404879999579862,False,"[{""message"":""Optimization terminated successfully. (HiGHS Status 7: Optimal)"",""presolve"":true,""solve_seconds"":0.3404817999107763,""status"":0,""time_limit_seconds"":30.0}]",0.02447740000206977,0.012393300072290003,PASS,328460.22836082056,-1.5844186148269065e-11,470,192
558,2026-07-12T21:00:00Z,793,1551,4575,518,64,211,0,Optimization terminated successfully. (HiGHS Status 7: Optimal),9.562101228491453e-05,333501.29727444804,333486.74895083974,4.3624892605370674e-05,1,0.16364279994741082,False,"[{""message"":""Optimization terminated successfully. (HiGHS Status 7: Optimal)"",""presolve"":true,""solve_seconds"":0.16363760002423078,""status"":0,""time_limit_seconds"":30.0}]",0.02307760005351156,0.012980600004084408,PASS,329473.84582583944,4012.90312499999,443,192
559,2026-07-13T21:00:00Z,854,1667,4963,556,68,230,0,Optimization terminated successfully. (HiGHS Status 7: Optimal),1.499624430603429e-05,316472.7343552111,316470.1725617976,8.09489688314508e-06,1,0.4937122000847012,False,"[{""message"":""Optimization terminated successfully. (HiGHS Status 7: Optimal)"",""presolve"":true,""solve_seconds"":0.49370660004206,""status"":0,""time_limit_seconds"":30.0}]",0.02523500006645918,0.012697599944658577,PASS,309009.0215201315,7461.151041666664,441,192
560,2026-07-14T21:00:00Z,857,1673,4981,558,68,231,0,Optimization terminated successfully. (HiGHS Status 7: Optimal),3.4820927857505484e-05,316792.53625006916,316787.09661217657,1.717127354858121e-05,1,0.20534129999578,False,"[{""message"":""Optimization terminated successfully. (HiGHS Status 7: Optimal)"",""presolve"":true,""solve_seconds"":0.20533550006803125,""status"":0,""time_limit_seconds"":30.0}]",0.025655800011008978,0.012609599973075092,PASS,309040.41952884296,7746.67708333334,461,192
561,2026-07-15T21:00:00Z,880,1716,5127,572,70,238,0,Optimization terminated successfully. (HiGHS Status 7: Optimal),2.0399162271224556e-05,302911.2843465215,302908.0755997885,1.0593136966109803e-05,1,0.3021178999915719,False,"[{""message"":""Optimization terminated successfully. (HiGHS Status 7: Optimal)"",""presolve"":true,""solve_seconds"":0.3021119999466464,""status"":0,""time_limit_seconds"":30.0}]",0.023832200095057487,0.0124290999956429,PASS,302908.07559978904,-1.810236030704478e-11,469,192
562,2026-07-16T21:00:00Z,886,1728,5166,576,70,240,0,Optimization terminated successfully. (HiGHS Status 7: Optimal),7.089825110832306e-05,280582.3932420502,280573.4793802621,3.1770150934436054e-05,1,0.4102629000553861,False,"[{""message"":""Optimization terminated successfully. (HiGHS Status 7: Optimal)"",""presolve"":true,""solve_seconds"":0.4102568000089377,""status"":0,""time_limit_seconds"":30.0}]",0.02386890002526343,0.01413579995278269,PASS,280573.47938026243,-1.2642161761888815e-11,478,192
563,2026-07-17T21:00:00Z,876,1705,5101,568,72,236,0,Optimization terminated successfully. (HiGHS Status 7: Optimal),3.797740710791658e-05,245282.9560503604,245278.34685645922,1.879168691510925e-05,1,0.6379760999698192,False,"[{""message"":""Optimization terminated successfully. (HiGHS Status 7: Optimal)"",""presolve"":true,""solve_seconds"":0.6379703999264166,""status"":0,""time_limit_seconds"":30.0}]",0.02504360000602901,0.013054999988526106,PASS,241325.70972104245,3952.6371354166677,476,192
564,2026-07-18T21:00:00Z,817,1599,4727,534,64,219,0,Optimization terminated successfully. (HiGHS Status 7: Optimal),2.4220600106364265e-05,261346.48700017596,261342.95362748342,1.352006106721906e-05,1,0.168370500090532,False,"[{""message"":""Optimization terminated successfully. (HiGHS Status 7: Optimal)"",""presolve"":true,""solve_seconds"":0.16836330003570765,""status"":0,""time_limit_seconds"":30.0}]",0.0973071000771597,0.015163799980655313,PASS,255048.79087494846,6294.162752535231,455,192
565,2026-07-19T21:00:00Z,841,1638,4878,546,70,225,0,Optimization terminated successfully. (HiGHS Status 7: Optimal),4.1997647331847825e-05,310964.3772435105,310957.0780031396,2.3473465913027482e-05,1,0.13297669996973127,False,"[{""message"":""Optimization terminated successfully. (HiGHS Status 7: Optimal)"",""presolve"":true,""solve_seconds"":0.13297099992632866,""status"":0,""time_limit_seconds"":30.0}]",0.02275330002885312,0.014687799965031445,PASS,310957.0780031392,-5.902490822033239e-12,444,192
566,2026-07-20T21:00:00Z,770,1508,4428,504,62,204,0,Optimization terminated successfully. (HiGHS Status 7: Optimal),2.423498604140321e-05,332120.3622201398,332116.4672426316,1.1727745813289294e-05,1,0.16728699998930097,False,"[{""message"":""Optimization terminated successfully. (HiGHS Status 7: Optimal)"",""presolve"":true,""solve_seconds"":0.167280999943614,""status"":0,""time_limit_seconds"":30.0}]",0.0220208999235183,0.011679199989885092,PASS,332116.4672426315,3.992672858998958e-12,429,192
567,2026-07-21T21:00:00Z,781,1527,4496,510,64,207,0,Optimization terminated successfully. (HiGHS Status 7: Optimal),2.4872563800637422e-06,427764.23366069514,427763.5639464391,1.5656178142816212e-06,1,0.14675259997602552,False,"[{""message"":""Optimization terminated successfully. (HiGHS Status 7: Optimal)"",""presolve"":true,""solve_seconds"":0.14674690004903823,""status"":0,""time_limit_seconds"":30.0}]",0.020714899990707636,0.012694900040514767,PASS,427763.56394643924,-1.3141777680895456e-11,411,192
568,2026-07-22T21:00:00Z,803,1565,4634,522,68,213,0,Optimization terminated successfully. (HiGHS Status 7: Optimal),8.628735873180818e-05,416263.1333942143,416250.2531041006,3.0943621097372614e-05,1,0.23917509999591857,False,"[{""message"":""Optimization terminated successfully. (HiGHS Status 7: Optimal)"",""presolve"":true,""solve_seconds"":0.2391700999578461,""status"":0,""time_limit_seconds"":30.0}]",0.021805699914693832,0.012026999960653484,PASS,416250.25310409983,-2.0328136685066058e-11,420,192
569,2026-07-23T21:00:00Z,846,1645,4905,548,72,226,0,Optimization terminated successfully. (HiGHS Status 7: Optimal),9.494838669560059e-05,314457.8080362761,314441.93321169185,5.048571105667864e-05,1,0.5583338999422267,False,"[{""message"":""Optimization terminated successfully. (HiGHS Status 7: Optimal)"",""presolve"":true,""solve_seconds"":0.5583287000190467,""status"":0,""time_limit_seconds"":30.0}]",0.022286799969151616,0.013043200015090406,PASS,309918.532170025,4523.40104166664,439,192
570,2026-07-24T21:00:00Z,846,1645,4907,548,72,226,0,Optimization terminated successfully. (HiGHS Status 7: Optimal),4.9240927558712594e-05,315329.87112355157,315322.272196162,2.40989237348005e-05,1,0.46367020008619875,False,"[{""message"":""Optimization terminated successfully. (HiGHS Status 7: Optimal)"",""presolve"":true,""solve_seconds"":0.46366470004431903,""status"":0,""time_limit_seconds"":30.0}]",0.02298229990992695,0.012775499955751002,PASS,310746.60537686077,4575.666819300942,452,192
571,2026-07-25T21:00:00Z,834,1630,4835,544,66,224,0,Optimization terminated successfully. (HiGHS Status 7: Optimal),2.326925727709801e-05,295208.99291698355,295205.5684614531,1.1600240294664287e-05,1,0.10617559996899217,False,"[{""message"":""Optimization terminated successfully. (HiGHS Status 7: Optimal)"",""presolve"":true,""solve_seconds"":0.10616999992635101,""status"":0,""time_limit_seconds"":30.0}]",0.022696099942550063,0.012237699935212731,PASS,295205.5684614528,1.4201733418891156e-11,450,192
572,2026-07-26T21:00:00Z,806,1571,4655,524,68,214,0,Optimization terminated successfully. (HiGHS Status 7: Optimal),9.609478242192128e-05,294953.17270261014,294938.7915729608,4.8759708998108526e-05,1,0.3583865000400692,False,"[{""message"":""Optimization terminated successfully. (HiGHS Status 7: Optimal)"",""presolve"":true,""solve_seconds"":0.3583809999981895,""status"":0,""time_limit_seconds"":30.0}]",0.021663099993020296,0.012305199983529747,PASS,294883.661468794,55.130104166661006,438,192
573,2026-07-27T21:00:00Z,818,1595,4733,532,68,218,0,Optimization terminated successfully. (HiGHS Status 7: Optimal),4.1647822906931416e-05,313117.2526283125,313110.3495409187,2.2046819608197038e-05,1,0.27757769997697324,False,"[{""message"":""Optimization terminated successfully. (HiGHS Status 7: Optimal)"",""presolve"":true,""solve_seconds"":0.2775716999312863,""status"":0,""time_limit_seconds"":30.0}]",0.0972603999543935,0.012796099996194243,PASS,313104.88708434196,5.462456577095782,432,192
574,2026-07-28T21:00:00Z,850,1656,4936,552,70,228,0,Optimization terminated successfully. (HiGHS Status 7: Optimal),9.120078226832251e-05,298918.0697615464,298905.7044751933,4.1368519128174205e-05,1,0.4024419999914244,False,"[{""message"":""Optimization terminated successfully. (HiGHS Status 7: Optimal)"",""presolve"":true,""solve_seconds"":0.40243629994802177,""status"":0,""time_limit_seconds"":30.0}]",0.02522289997432381,0.013297000085003674,PASS,292404.9023918596,6500.802083333327,446,192
575,2026-07-29T21:00:00Z,912,1777,5330,592,72,248,0,Optimization terminated successfully. (HiGHS Status 7: Optimal),1.8370084074729528e-05,267183.5536991408,267180.96858702553,9.675509932174736e-06,1,0.10153620003256947,False,"[{""message"":""Optimization terminated successfully. (HiGHS Status 7: Optimal)"",""presolve"":true,""solve_seconds"":0.1015307999914512,""status"":0,""time_limit_seconds"":30.0}]",0.02445100003387779,0.012593199964612722,PASS,259413.46337869222,7767.505208333338,476,192
576,2026-07-30T21:00:00Z,855,1663,4965,554,72,229,0,Optimization terminated successfully. (HiGHS Status 7: Optimal),2.2159051935607557e-05,287943.2639796421,287939.7722074272,1.2126745076483795e-05,1,0.27858899999409914,False,"[{""message"":""Optimization terminated successfully. (HiGHS Status 7: Optimal)"",""presolve"":true,""solve_seconds"":0.2785846000770107,""status"":0,""time_limit_seconds"":30.0}]",0.023765600053593516,0.012903900002129376,PASS,281607.0899157601,6332.682291666654,477,192
577,2026-07-31T21:00:00Z,882,1717,5139,572,72,238,0,Optimization terminated successfully. (HiGHS Status 7: Optimal),3.0776440292059666e-05,287574.52682141226,287570.2615166857,1.4832217712821486e-05,1,0.4785512000089511,False,"[{""message"":""Optimization terminated successfully. (HiGHS Status 7: Optimal)"",""presolve"":true,""solve_seconds"":0.47854559996630996,""status"":0,""time_limit_seconds"":30.0}]",0.02486110001336783,0.013391999993473291,PASS,285359.38432918594,2210.877187499985,467,192
578,2026-08-01T21:00:00Z,812,1583,4695,528,68,216,0,Optimization terminated successfully. (HiGHS Status 7: Optimal),1.894269926635308e-05,290825.47933870915,290822.50197240117,1.0237743942749398e-05,1,0.37257560004945844,False,"[{""message"":""Optimization terminated successfully. (HiGHS Status 7: Optimal)"",""presolve"":true,""solve_seconds"":0.37256849999539554,""status"":0,""time_limit_seconds"":30.0}]",0.023925599991343915,0.013196100015193224,PASS,290783.55263751,38.94933489172747,454,192
579,2026-08-02T21:00:00Z,894,1741,5214,580,72,242,0,Optimization terminated successfully. (HiGHS Status 7: Optimal),3.7311252048291967e-06,312588.9143990793,312588.32185301185,1.8956116591971219e-06,1,0.16991160006728023,False,"[{""message"":""Optimization terminated successfully. (HiGHS Status 7: Optimal)"",""presolve"":true,""solve_seconds"":0.16990590002387762,""status"":0,""time_limit_seconds"":30.0}]",0.02467719989363104,0.01261580002028495,PASS,312588.3218530115,2.3318661934723653e-11,458,192
580,2026-08-03T21:00:00Z,792,1546,4565,516,66,210,0,Optimization terminated successfully. (HiGHS Status 7: Optimal),3.877265394328578e-06,449443.9547951612,449442.8149334442,2.5361662910865686e-06,1,0.22239030001219362,False,"[{""message"":""Optimization terminated successfully. (HiGHS Status 7: Optimal)"",""presolve"":true,""solve_seconds"":0.22238409996498376,""status"":0,""time_limit_seconds"":30.0}]",0.021295699989423156,0.012396999984048307,PASS,440597.5024334443,8845.312500000007,452,192
581,2026-08-04T21:00:00Z,885,1723,5158,574,72,239,0,Optimization terminated successfully. (HiGHS Status 7: Optimal),3.709970775393661e-05,462618.95767803164,462612.25078061456,1.4497881121319476e-05,1,0.12106859998311847,False,"[{""message"":""Optimization terminated successfully. (HiGHS Status 7: Optimal)"",""presolve"":true,""solve_seconds"":0.1210637999465689,""status"":0,""time_limit_seconds"":30.0}]",0.02457260002847761,0.012717299978248775,PASS,462612.25078061316,0.0,449,192
582,2026-08-05T21:00:00Z,873,1699,5082,566,72,235,0,Optimization terminated successfully. (HiGHS Status 7: Optimal),2.760611897001564e-05,312318.44682872295,312314.7284915291,1.1905737560919388e-05,1,0.5604468000819907,False,"[{""message"":""Optimization terminated successfully. (HiGHS Status 7: Optimal)"",""presolve"":true,""solve_seconds"":0.560441100038588,""status"":0,""time_limit_seconds"":30.0}]",0.09550050005782396,0.012700200080871582,PASS,304288.20765819587,8026.520833333306,474,192
583,2026-08-06T21:00:00Z,882,1717,5141,572,72,238,0,Optimization terminated successfully. (HiGHS Status 7: Optimal),6.087410977489777e-05,269458.34408535785,269449.49815376743,3.2829645818713686e-05,1,0.2569855999900028,False,"[{""message"":""Optimization terminated successfully. (HiGHS Status 7: Optimal)"",""presolve"":true,""solve_seconds"":0.25698019994888455,""status"":0,""time_limit_seconds"":30.0}]",0.02485240006353706,0.0126899000024423,PASS,269449.4981537674,-3.7473006919697126e-13,473,192
584,2026-08-07T21:00:00Z,843,1648,4892,550,66,227,0,Optimization terminated successfully. (HiGHS Status 7: Optimal),9.609985498110816e-05,277335.54926744837,277322.6781588349,4.6412030559112006e-05,1,0.3210782000096515,False,"[{""message"":""Optimization terminated successfully. (HiGHS Status 7: Optimal)"",""presolve"":true,""solve_seconds"":0.3210723999654874,""status"":0,""time_limit_seconds"":30.0}]",0.022950500017032027,0.013883599895052612,PASS,277322.6781588349,8.678833533319147e-12,465,192
585,2026-08-08T21:00:00Z,777,1525,4473,510,60,207,0,Optimization terminated successfully. (HiGHS Status 7: Optimal),1.2277551744632353e-05,287931.870097026,287929.9512640075,6.664235554827669e-06,1,0.1153927999548614,False,"[{""message"":""Optimization terminated successfully. (HiGHS Status 7: Optimal)"",""presolve"":true,""solve_seconds"":0.11538780003320426,""status"":0,""time_limit_seconds"":30.0}]",0.0240717000560835,0.012901500100269914,PASS,280211.21168067446,7718.739583333327,434,192
586,2026-08-09T21:00:00Z,894,1741,5214,580,72,242,0,Optimization terminated successfully. (HiGHS Status 7: Optimal),9.384462069536283e-06,354626.90138291154,354624.9413708468,5.527000038818934e-06,1,0.2985487000551075,False,"[{""message"":""Optimization terminated successfully. (HiGHS Status 7: Optimal)"",""presolve"":true,""solve_seconds"":0.29854240000713617,""status"":0,""time_limit_seconds"":30.0}]",0.02519449999090284,0.012481600046157837,PASS,354624.94137084694,-5.397502311765834e-12,449,192
587,2026-08-10T21:00:00Z,798,1558,4604,520,66,212,0,Optimization terminated successfully. (HiGHS Status 7: Optimal),4.161145816101301e-05,374867.556569166,374860.53851969785,1.8721761153851467e-05,1,0.2401626999489963,False,"[{""message"":""Optimization terminated successfully. (HiGHS Status 7: Optimal)"",""presolve"":true,""solve_seconds"":0.24015769991092384,""status"":0,""time_limit_seconds"":30.0}]",0.02271589997690171,0.014043400064110756,PASS,370090.0546134481,4770.4839062499905,454,192
588,2026-08-11T21:00:00Z,874,1704,5088,568,70,236,0,Optimization terminated successfully. (HiGHS Status 7: Optimal),1.1854088498423091e-05,343324.5389138176,343322.37898554286,6.291253955336639e-06,1,0.6566162999952212,False,"[{""message"":""Optimization terminated successfully. (HiGHS Status 7: Optimal)"",""presolve"":true,""solve_seconds"":0.6566102000651881,""status"":0,""time_limit_seconds"":30.0}]",0.024211699957959354,0.012838000082410872,PASS,343322.3789855431,-5.333433990747001e-12,448,192
589,2026-08-12T21:00:00Z,899,1757,5248,586,68,245,0,Optimization terminated successfully. (HiGHS Status 7: Optimal),6.669192861903035e-05,307337.48162209324,307328.94927955937,2.776289885438231e-05,1,0.2581546000437811,False,"[{""message"":""Optimization terminated successfully. (HiGHS Status 7: Optimal)"",""presolve"":true,""solve_seconds"":0.25814980000723153,""status"":0,""time_limit_seconds"":30.0}]",0.0234803999774158,0.013914900016970932,PASS,300176.5378212256,7152.411458333329,481,192
590,2026-08-13T21:00:00Z,874,1704,5089,568,70,236,0,Optimization terminated successfully. (HiGHS Status 7: Optimal),5.052304132718395e-05,271737.02745578194,271729.2811964537,2.8507267579346254e-05,1,0.20901160000357777,False,"[{""message"":""Optimization terminated successfully. (HiGHS Status 7: Optimal)"",""presolve"":true,""solve_seconds"":0.20900549995712936,""status"":0,""time_limit_seconds"":30.0}]",0.025746900006197393,0.013961800024844706,PASS,271692.53493681067,36.746259642841984,481,192
591,2026-08-14T21:00:00Z,865,1686,5034,562,70,233,0,Optimization terminated successfully. (HiGHS Status 7: Optimal),9.753636179031312e-05,295234.06895031675,295219.99952395936,4.7657429645971654e-05,1,0.5072939000092447,False,"[{""message"":""Optimization terminated successfully. (HiGHS Status 7: Optimal)"",""presolve"":true,""solve_seconds"":0.5072887000860646,""status"":0,""time_limit_seconds"":30.0}]",0.1039217000361532,0.012275799992494285,PASS,295219.99952395936,-1.2680278560495141e-11,469,192
592,2026-08-15T21:00:00Z,951,1855,5579,618,72,261,0,Optimization terminated successfully. (HiGHS Status 7: Optimal),7.22311134624826e-06,264629.6844636549,264628.79439052613,3.3634780024337453e-06,1,0.13191170000936836,False,"[{""message"":""Optimization terminated successfully. (HiGHS Status 7: Optimal)"",""presolve"":true,""solve_seconds"":0.13190619996748865,""status"":0,""time_limit_seconds"":30.0}]",0.024473899975419044,0.01343659998383373,PASS,255973.36730719285,8655.427083333325,494,192
593,2026-08-16T21:00:00Z,865,1686,5029,562,70,233,0,Optimization terminated successfully. (HiGHS Status 7: Optimal),0.0,254359.78833911475,254359.7883391148,0.0,1,0.04112069995608181,False,"[{""message"":""Optimization terminated successfully. (HiGHS Status 7: Optimal)"",""presolve"":true,""solve_seconds"":0.04111600003670901,""status"":0,""time_limit_seconds"":30.0}]",0.02352220006287098,0.013076100032776594,PASS,234711.0691063926,19648.71923272179,494,192
594,2026-08-17T21:00:00Z,773,1514,4449,506,62,205,0,Optimization terminated successfully. (HiGHS Status 7: Optimal),0.0,272870.51733615244,272870.5173361524,2.1331604997750896e-16,1,0.19149970007129014,False,"[{""message"":""Optimization terminated successfully. (HiGHS Status 7: Optimal)"",""presolve"":true,""solve_seconds"":0.19149500003550202,""status"":0,""time_limit_seconds"":30.0}]",0.022293400019407272,0.012948899995535612,PASS,260477.63088537694,12392.886450775983,438,192
595,2026-08-18T21:00:00Z,807,1576,4662,526,66,215,0,Optimization terminated successfully. (HiGHS Status 7: Optimal),5.2499780830738544e-08,281631.8733171736,281631.86573763815,2.6912918603418808e-08,1,0.08340280002448708,False,"[{""message"":""Optimization terminated successfully. (HiGHS Status 7: Optimal)"",""presolve"":true,""solve_seconds"":0.08339669997803867,""status"":0,""time_limit_seconds"":30.0}]",0.022934100008569658,0.012526100035756826,PASS,273560.6626126379,8071.203124999994,420,192
596,2026-08-19T21:00:00Z,889,1734,5184,578,70,241,0,Optimization terminated successfully. (HiGHS Status 7: Optimal),6.686793181380272e-08,276820.2611969914,276820.25159717863,3.467886738447928e-08,1,0.16500949999317527,False,"[{""message"":""Optimization terminated successfully. (HiGHS Status 7: Optimal)"",""presolve"":true,""solve_seconds"":0.16500499995891005,""status"":0,""time_limit_seconds"":30.0}]",0.02388599992264062,0.0128145000198856,PASS,268342.39222217904,8477.859375000011,456,192
597,2026-08-20T21:00:00Z,875,1709,5097,570,68,237,0,Optimization terminated successfully. (HiGHS Status 7: Optimal),7.137709252483308e-05,307673.9689153327,307661.4587285913,4.066218366485636e-05,1,1.0626245000166818,False,"[{""message"":""Optimization terminated successfully. (HiGHS Status 7: Optimal)"",""presolve"":true,""solve_seconds"":1.0626187999732792,""status"":0,""time_limit_seconds"":30.0}]",0.023190799984149635,0.012677500024437904,PASS,307614.8413863537,46.617342237589256,478,192
598,2026-08-21T21:00:00Z,839,1637,4867,546,68,225,0,Optimization terminated successfully. (HiGHS Status 7: Optimal),6.386686663006197e-05,315522.815133563,315513.7186799153,2.883061213873731e-05,1,0.3487524000229314,False,"[{""message"":""Optimization terminated successfully. (HiGHS Status 7: Optimal)"",""presolve"":true,""solve_seconds"":0.348746299976483,""status"":0,""time_limit_seconds"":30.0}]",0.02614910004194826,0.013099899981170893,PASS,310059.90617991524,5453.812499999994,462,192
599,2026-08-22T21:00:00Z,898,1752,5241,584,70,244,0,Optimization terminated successfully. (HiGHS Status 7: Optimal),3.193459696524233e-06,281430.34121894557,281429.87170539127,1.6683145660960513e-06,1,0.18114719993900508,False,"[{""message"":""Optimization terminated successfully. (HiGHS Status 7: Optimal)"",""presolve"":true,""solve_seconds"":0.18114220001734793,""status"":0,""time_limit_seconds"":30.0}]",0.10354550008196384,0.013038299977779388,PASS,272926.2727470584,8503.598958333332,469,192
600,2026-08-23T21:00:00Z,820,1605,4748,536,64,220,0,Optimization terminated successfully. (HiGHS Status 7: Optimal),6.800382128121553e-06,286273.39050310594,286272.3641726072,3.5851539554367937e-06,1,0.14631689991801977,False,"[{""message"":""Optimization terminated successfully. (HiGHS Status 7: Optimal)"",""presolve"":true,""solve_seconds"":0.14631169999483973,""status"":0,""time_limit_seconds"":30.0}]",0.023921299958601594,0.013177099986933172,PASS,277547.75479760754,8724.60937499999,464,192
601,2026-08-24T21:00:00Z,811,1587,4690,530,64,217,0,Optimization terminated successfully. (HiGHS Status 7: Optimal),2.4720283204351984e-06,304476.8919753791,304476.4826360064,1.3444039065515688e-06,1,0.09112829994410276,False,"[{""message"":""Optimization terminated successfully. (HiGHS Status 7: Optimal)"",""presolve"":true,""solve_seconds"":0.0911220998968929,""status"":0,""time_limit_seconds"":30.0}]",0.024692800012417138,0.012103299959562719,PASS,304476.48263600696,-1.3928032238652575e-11,437,192
602,2026-08-25T21:00:00Z,882,1726,5141,576,66,240,0,Optimization terminated successfully. (HiGHS Status 7: Optimal),5.5023820893321774e-05,285456.76464525476,285449.9868644577,2.3744197263739338e-05,1,0.3460322000319138,False,"[{""message"":""Optimization terminated successfully. (HiGHS Status 7: Optimal)"",""presolve"":true,""solve_seconds"":0.34602599998470396,""status"":0,""time_limit_seconds"":30.0}]",0.022651799954473972,0.012807099963538349,PASS,276683.7524894577,8766.234374999998,457,192
603,2026-08-26T21:00:00Z,821,1601,4750,534,68,219,0,Optimization terminated successfully. (HiGHS Status 7: Optimal),2.1882828229524194e-05,313305.81315090443,313301.3945449261,1.41033715624781e-05,1,0.1018503000959754,False,"[{""message"":""Optimization terminated successfully. (HiGHS Status 7: Optimal)"",""presolve"":true,""solve_seconds"":0.10184460005257279,""status"":0,""time_limit_seconds"":30.0}]",0.023944900021888316,0.012742200051434338,PASS,313301.3945449258,1.6642958877710612e-11,459,192
604,2026-08-27T21:00:00Z,860,1679,4998,560,68,232,0,Optimization terminated successfully. (HiGHS Status 7: Optimal),3.6940613385763886e-06,345894.06213367434,345893.52110059117,1.5641607898408404e-06,1,0.42018529993947595,False,"[{""message"":""Optimization terminated successfully. (HiGHS Status 7: Optimal)"",""presolve"":true,""solve_seconds"":0.4201802999014035,""status"":0,""time_limit_seconds"":30.0}]",0.02387180004734546,0.012537700007669628,PASS,345884.46935495106,9.051745640007386,451,192
605,2026-08-28T21:00:00Z,906,1765,5293,588,72,246,0,Optimization terminated successfully. (HiGHS Status 7: Optimal),2.0189461731853943e-05,300784.6765865384,300781.5162358731,1.0507130573798703e-05,1,0.6389318000292405,False,"[{""message"":""Optimization terminated successfully. (HiGHS Status 7: Optimal)"",""presolve"":true,""solve_seconds"":0.6389242999721318,""status"":0,""time_limit_seconds"":30.0}]",0.02586109994444996,0.013697899994440377,PASS,300779.9800470025,1.5361888705572624,478,192
606,2026-08-29T21:00:00Z,839,1638,4869,546,68,225,0,Optimization terminated successfully. (HiGHS Status 7: Optimal),1.2015440282499145e-05,293703.9959101687,293702.31475114345,5.724023750569463e-06,1,0.17825530003756285,False,"[{""message"":""Optimization terminated successfully. (HiGHS Status 7: Optimal)"",""presolve"":true,""solve_seconds"":0.17824969999492168,""status"":0,""time_limit_seconds"":30.0}]",0.02638620010111481,0.01349729998037219,PASS,293702.3147511434,-1.0876794664937961e-11,471,192
607,2026-08-30T21:00:00Z,860,1679,5002,560,68,232,0,Optimization terminated successfully. (HiGHS Status 7: Optimal),1.5630632432945563e-05,308870.85383103654,308868.16241825465,8.71379154399378e-06,1,0.23248850007075816,False,"[{""message"":""Optimization terminated successfully. (HiGHS Status 7: Optimal)"",""presolve"":true,""solve_seconds"":0.232482900028117,""status"":0,""time_limit_seconds"":30.0}]",0.025466099963523448,0.012392600066959858,PASS,300034.4540849218,8833.708333333332,457,192
