date,product,tender_code,expected_tender_hours,raw_intervals,in_tender_hours,complete,source_id
2025-01-01,aFRRDown,1_2025,24,24,24.0,True,tenderStatistics_2025-01
2025-01-01,aFRRUp,1_2025,24,24,24.0,True,tenderStatistics_2025-01
2025-01-01,mFRRDown,1_2025,24,24,24.0,True,tenderStatistics_2025-01
2025-01-01,mFRRUp,1_2025,24,24,24.0,True,tenderStatistics_2025-01
2025-01-02,aFRRDown,2_2025,24,24,24.0,True,tenderStatistics_2025-01
2025-01-02,aFRRUp,2_2025,24,24,24.0,True,tenderStatistics_2025-01
2025-01-02,mFRRDown,2_2025,24,24,24.0,True,tenderStatistics_2025-01
2025-01-02,mFRRUp,2_2025,24,24,24.0,True,tenderStatistics_2025-01
2025-01-03,aFRRDown,3_2025,24,24,24.0,True,tenderStatistics_2025-01
2025-01-03,aFRRUp,3_2025,24,24,24.0,True,tenderStatistics_2025-01
2025-01-03,mFRRDown,3_2025,24,24,24.0,True,tenderStatistics_2025-01
2025-01-03,mFRRUp,3_2025,24,24,24.0,True,tenderStatistics_2025-01
2025-01-04,aFRRDown,4_2025,24,24,24.0,True,tenderStatistics_2025-01
2025-01-04,aFRRUp,4_2025,24,24,24.0,True,tenderStatistics_2025-01
2025-01-04,mFRRDown,4_2025,24,24,24.0,True,tenderStatistics_2025-01
2025-01-04,mFRRUp,4_2025,24,24,24.0,True,tenderStatistics_2025-01
2025-01-05,aFRRDown,5_2025,24,24,24.0,True,tenderStatistics_2025-01
2025-01-05,aFRRUp,5_2025,24,24,24.0,True,tenderStatistics_2025-01
2025-01-05,mFRRDown,5_2025,24,24,24.0,True,tenderStatistics_2025-01
2025-01-05,mFRRUp,5_2025,24,24,24.0,True,tenderStatistics_2025-01
2025-01-06,aFRRDown,6_2025,24,24,24.0,True,tenderStatistics_2025-01
2025-01-06,aFRRUp,6_2025,24,24,24.0,True,tenderStatistics_2025-01
2025-01-06,mFRRDown,6_2025,24,24,24.0,True,tenderStatistics_2025-01
2025-01-06,mFRRUp,6_2025,24,24,24.0,True,tenderStatistics_2025-01
2025-01-07,aFRRDown,7_2025,24,24,24.0,True,tenderStatistics_2025-01
2025-01-07,aFRRUp,7_2025,24,24,24.0,True,tenderStatistics_2025-01
2025-01-07,mFRRDown,7_2025,24,24,24.0,True,tenderStatistics_2025-01
2025-01-07,mFRRUp,7_2025,24,24,24.0,True,tenderStatistics_2025-01
2025-01-08,aFRRDown,8_2025,24,24,24.0,True,tenderStatistics_2025-01
2025-01-08,aFRRUp,8_2025,24,24,24.0,True,tenderStatistics_2025-01
2025-01-08,mFRRDown,8_2025,24,24,24.0,True,tenderStatistics_2025-01
2025-01-08,mFRRUp,8_2025,24,24,24.0,True,tenderStatistics_2025-01
2025-01-09,aFRRDown,9_2025,24,24,24.0,True,tenderStatistics_2025-01
2025-01-09,aFRRUp,9_2025,24,24,24.0,True,tenderStatistics_2025-01
2025-01-09,mFRRDown,9_2025,24,24,24.0,True,tenderStatistics_2025-01
2025-01-09,mFRRUp,9_2025,24,24,24.0,True,tenderStatistics_2025-01
2025-01-10,aFRRDown,10_2025,24,24,24.0,True,tenderStatistics_2025-01
2025-01-10,aFRRUp,10_2025,24,24,24.0,True,tenderStatistics_2025-01
2025-01-10,mFRRDown,10_2025,24,24,24.0,True,tenderStatistics_2025-01
2025-01-10,mFRRUp,10_2025,24,24,24.0,True,tenderStatistics_2025-01
2025-01-11,aFRRDown,11_2025,24,24,24.0,True,tenderStatistics_2025-01
2025-01-11,aFRRUp,11_2025,24,24,24.0,True,tenderStatistics_2025-01
2025-01-11,mFRRDown,11_2025,24,24,24.0,True,tenderStatistics_2025-01
2025-01-11,mFRRUp,11_2025,24,24,24.0,True,tenderStatistics_2025-01
2025-01-12,aFRRDown,12_2025,24,24,24.0,True,tenderStatistics_2025-01
2025-01-12,aFRRUp,12_2025,24,24,24.0,True,tenderStatistics_2025-01
2025-01-12,mFRRDown,12_2025,24,24,24.0,True,tenderStatistics_2025-01
2025-01-12,mFRRUp,12_2025,24,24,24.0,True,tenderStatistics_2025-01
2025-01-13,aFRRDown,13_2025,24,24,24.0,True,tenderStatistics_2025-01
2025-01-13,aFRRUp,13_2025,24,24,24.0,True,tenderStatistics_2025-01
2025-01-13,mFRRDown,13_2025,24,24,24.0,True,tenderStatistics_2025-01
2025-01-13,mFRRUp,13_2025,24,24,24.0,True,tenderStatistics_2025-01
2025-01-14,aFRRDown,14_2025,24,24,24.0,True,tenderStatistics_2025-01
2025-01-14,aFRRUp,14_2025,24,24,24.0,True,tenderStatistics_2025-01
2025-01-14,mFRRDown,14_2025,24,24,24.0,True,tenderStatistics_2025-01
2025-01-14,mFRRUp,14_2025,24,24,24.0,True,tenderStatistics_2025-01
2025-01-15,aFRRDown,15_2025,24,24,24.0,True,tenderStatistics_2025-01
2025-01-15,aFRRUp,15_2025,24,24,24.0,True,tenderStatistics_2025-01
2025-01-15,mFRRDown,15_2025,24,24,24.0,True,tenderStatistics_2025-01
2025-01-15,mFRRUp,15_2025,24,24,24.0,True,tenderStatistics_2025-01
2025-01-16,aFRRDown,16_2025,24,24,24.0,True,tenderStatistics_2025-01
2025-01-16,aFRRUp,16_2025,24,24,24.0,True,tenderStatistics_2025-01
2025-01-16,mFRRDown,16_2025,24,24,24.0,True,tenderStatistics_2025-01
2025-01-16,mFRRUp,16_2025,24,24,24.0,True,tenderStatistics_2025-01
2025-01-17,aFRRDown,17_2025,24,24,24.0,True,tenderStatistics_2025-01
2025-01-17,aFRRUp,17_2025,24,24,24.0,True,tenderStatistics_2025-01
2025-01-17,mFRRDown,17_2025,24,24,24.0,True,tenderStatistics_2025-01
2025-01-17,mFRRUp,17_2025,24,24,24.0,True,tenderStatistics_2025-01
2025-01-18,aFRRDown,18_2025,24,24,24.0,True,tenderStatistics_2025-01
2025-01-18,aFRRUp,18_2025,24,24,24.0,True,tenderStatistics_2025-01
2025-01-18,mFRRDown,18_2025,24,24,24.0,True,tenderStatistics_2025-01
2025-01-18,mFRRUp,18_2025,24,24,24.0,True,tenderStatistics_2025-01
2025-01-19,aFRRDown,19_2025,24,24,24.0,True,tenderStatistics_2025-01
2025-01-19,aFRRUp,19_2025,24,24,24.0,True,tenderStatistics_2025-01
2025-01-19,mFRRDown,19_2025,24,24,24.0,True,tenderStatistics_2025-01
2025-01-19,mFRRUp,19_2025,24,24,24.0,True,tenderStatistics_2025-01
2025-01-20,aFRRDown,20_2025,24,24,24.0,True,tenderStatistics_2025-01
2025-01-20,aFRRUp,20_2025,24,24,24.0,True,tenderStatistics_2025-01
2025-01-20,mFRRDown,20_2025,24,24,24.0,True,tenderStatistics_2025-01
2025-01-20,mFRRUp,20_2025,24,24,24.0,True,tenderStatistics_2025-01
2025-01-21,aFRRDown,21_2025,24,24,24.0,True,tenderStatistics_2025-01
2025-01-21,aFRRUp,21_2025,24,24,24.0,True,tenderStatistics_2025-01
2025-01-21,mFRRDown,21_2025,24,24,24.0,True,tenderStatistics_2025-01
2025-01-21,mFRRUp,21_2025,24,24,24.0,True,tenderStatistics_2025-01
2025-01-22,aFRRDown,22_2025,24,24,24.0,True,tenderStatistics_2025-01
2025-01-22,aFRRUp,22_2025,24,24,24.0,True,tenderStatistics_2025-01
2025-01-22,mFRRDown,22_2025,24,24,24.0,True,tenderStatistics_2025-01
2025-01-22,mFRRUp,22_2025,24,24,24.0,True,tenderStatistics_2025-01
2025-01-23,aFRRDown,23_2025,24,24,24.0,True,tenderStatistics_2025-01
2025-01-23,aFRRUp,23_2025,24,24,24.0,True,tenderStatistics_2025-01
2025-01-23,mFRRDown,23_2025,24,24,24.0,True,tenderStatistics_2025-01
2025-01-23,mFRRUp,23_2025,24,24,24.0,True,tenderStatistics_2025-01
2025-01-24,aFRRDown,24_2025,24,24,24.0,True,tenderStatistics_2025-01
2025-01-24,aFRRUp,24_2025,24,24,24.0,True,tenderStatistics_2025-01
2025-01-24,mFRRDown,24_2025,24,24,24.0,True,tenderStatistics_2025-01
2025-01-24,mFRRUp,24_2025,24,24,24.0,True,tenderStatistics_2025-01
2025-01-25,aFRRDown,25_2025,24,24,24.0,True,tenderStatistics_2025-01
2025-01-25,aFRRUp,25_2025,24,24,24.0,True,tenderStatistics_2025-01
2025-01-25,mFRRDown,25_2025,24,24,24.0,True,tenderStatistics_2025-01
2025-01-25,mFRRUp,25_2025,24,24,24.0,True,tenderStatistics_2025-01
2025-01-26,aFRRDown,26_2025,24,24,24.0,True,tenderStatistics_2025-01
2025-01-26,aFRRUp,26_2025,24,24,24.0,True,tenderStatistics_2025-01
2025-01-26,mFRRDown,26_2025,24,24,24.0,True,tenderStatistics_2025-01
2025-01-26,mFRRUp,26_2025,24,24,24.0,True,tenderStatistics_2025-01
2025-01-27,aFRRDown,27_2025,24,24,24.0,True,tenderStatistics_2025-01
2025-01-27,aFRRUp,27_2025,24,24,24.0,True,tenderStatistics_2025-01
2025-01-27,mFRRDown,27_2025,24,24,24.0,True,tenderStatistics_2025-01
2025-01-27,mFRRUp,27_2025,24,24,24.0,True,tenderStatistics_2025-01
2025-01-28,aFRRDown,28_2025,24,24,24.0,True,tenderStatistics_2025-01
2025-01-28,aFRRUp,28_2025,24,24,24.0,True,tenderStatistics_2025-01
2025-01-28,mFRRDown,28_2025,24,24,24.0,True,tenderStatistics_2025-01
2025-01-28,mFRRUp,28_2025,24,24,24.0,True,tenderStatistics_2025-01
2025-01-29,aFRRDown,29_2025,24,24,24.0,True,tenderStatistics_2025-01
2025-01-29,aFRRUp,29_2025,24,24,24.0,True,tenderStatistics_2025-01
2025-01-29,mFRRDown,29_2025,24,24,24.0,True,tenderStatistics_2025-01
2025-01-29,mFRRUp,29_2025,24,24,24.0,True,tenderStatistics_2025-01
2025-01-30,aFRRDown,30_2025,24,24,24.0,True,tenderStatistics_2025-01
2025-01-30,aFRRUp,30_2025,24,24,24.0,True,tenderStatistics_2025-01
2025-01-30,mFRRDown,30_2025,24,24,24.0,True,tenderStatistics_2025-01
2025-01-30,mFRRUp,30_2025,24,24,24.0,True,tenderStatistics_2025-01
2025-01-31,aFRRDown,31_2025,24,24,24.0,True,tenderStatistics_2025-01
2025-01-31,aFRRUp,31_2025,24,24,24.0,True,tenderStatistics_2025-01
2025-01-31,mFRRDown,31_2025,24,24,24.0,True,tenderStatistics_2025-01
2025-01-31,mFRRUp,31_2025,24,24,24.0,True,tenderStatistics_2025-01
2025-02-01,aFRRDown,32_2025,24,24,24.0,True,tenderStatistics_2025-02
2025-02-01,aFRRUp,32_2025,24,24,24.0,True,tenderStatistics_2025-02
2025-02-01,mFRRDown,32_2025,24,24,24.0,True,tenderStatistics_2025-02
2025-02-01,mFRRUp,32_2025,24,24,24.0,True,tenderStatistics_2025-02
2025-02-02,aFRRDown,33_2025,24,24,24.0,True,tenderStatistics_2025-02
2025-02-02,aFRRUp,33_2025,24,24,24.0,True,tenderStatistics_2025-02
2025-02-02,mFRRDown,33_2025,24,24,24.0,True,tenderStatistics_2025-02
2025-02-02,mFRRUp,33_2025,24,24,24.0,True,tenderStatistics_2025-02
2025-02-03,aFRRDown,34_2025,24,24,24.0,True,tenderStatistics_2025-02
2025-02-03,aFRRUp,34_2025,24,24,24.0,True,tenderStatistics_2025-02
2025-02-03,mFRRDown,34_2025,24,24,24.0,True,tenderStatistics_2025-02
2025-02-03,mFRRUp,34_2025,24,24,24.0,True,tenderStatistics_2025-02
2025-02-04,aFRRDown,35_2025,24,24,24.0,True,tenderStatistics_2025-02
2025-02-04,aFRRUp,35_2025,24,24,24.0,True,tenderStatistics_2025-02
2025-02-04,mFRRDown,35_2025,24,24,24.0,True,tenderStatistics_2025-02
2025-02-04,mFRRUp,35_2025,24,24,24.0,True,tenderStatistics_2025-02
2025-02-05,aFRRDown,36_2025,24,24,24.0,True,tenderStatistics_2025-02
2025-02-05,aFRRUp,36_2025,24,24,24.0,True,tenderStatistics_2025-02
2025-02-05,mFRRDown,36_2025,24,24,24.0,True,tenderStatistics_2025-02
2025-02-05,mFRRUp,36_2025,24,24,24.0,True,tenderStatistics_2025-02
2025-02-06,aFRRDown,37_2025,24,24,24.0,True,tenderStatistics_2025-02
2025-02-06,aFRRUp,37_2025,24,24,24.0,True,tenderStatistics_2025-02
2025-02-06,mFRRDown,37_2025,24,24,24.0,True,tenderStatistics_2025-02
2025-02-06,mFRRUp,37_2025,24,24,24.0,True,tenderStatistics_2025-02
2025-02-07,aFRRDown,38_2025,24,24,24.0,True,tenderStatistics_2025-02
2025-02-07,aFRRUp,38_2025,24,24,24.0,True,tenderStatistics_2025-02
2025-02-07,mFRRDown,38_2025,24,24,24.0,True,tenderStatistics_2025-02
2025-02-07,mFRRUp,38_2025,24,24,24.0,True,tenderStatistics_2025-02
2025-02-08,aFRRDown,39_2025,24,24,24.0,True,tenderStatistics_2025-02
2025-02-08,aFRRUp,39_2025,24,24,24.0,True,tenderStatistics_2025-02
2025-02-08,mFRRDown,39_2025,24,24,24.0,True,tenderStatistics_2025-02
2025-02-08,mFRRUp,39_2025,24,24,24.0,True,tenderStatistics_2025-02
2025-02-09,aFRRDown,40_2025,24,24,24.0,True,tenderStatistics_2025-02
2025-02-09,aFRRUp,40_2025,24,24,24.0,True,tenderStatistics_2025-02
2025-02-09,mFRRDown,40_2025,24,24,24.0,True,tenderStatistics_2025-02
2025-02-09,mFRRUp,40_2025,24,24,24.0,True,tenderStatistics_2025-02
2025-02-10,aFRRDown,41_2025,24,24,24.0,True,tenderStatistics_2025-02
2025-02-10,aFRRUp,41_2025,24,24,24.0,True,tenderStatistics_2025-02
2025-02-10,mFRRDown,41_2025,24,24,24.0,True,tenderStatistics_2025-02
2025-02-10,mFRRUp,41_2025,24,24,24.0,True,tenderStatistics_2025-02
2025-02-11,aFRRDown,42_2025,24,24,24.0,True,tenderStatistics_2025-02
2025-02-11,aFRRUp,42_2025,24,24,24.0,True,tenderStatistics_2025-02
2025-02-11,mFRRDown,42_2025,24,24,24.0,True,tenderStatistics_2025-02
2025-02-11,mFRRUp,42_2025,24,24,24.0,True,tenderStatistics_2025-02
2025-02-12,aFRRDown,43_2025,24,24,24.0,True,tenderStatistics_2025-02
2025-02-12,aFRRUp,43_2025,24,24,24.0,True,tenderStatistics_2025-02
2025-02-12,mFRRDown,43_2025,24,24,24.0,True,tenderStatistics_2025-02
2025-02-12,mFRRUp,43_2025,24,24,24.0,True,tenderStatistics_2025-02
2025-02-13,aFRRDown,44_2025,24,24,24.0,True,tenderStatistics_2025-02
2025-02-13,aFRRUp,44_2025,24,24,24.0,True,tenderStatistics_2025-02
2025-02-13,mFRRDown,44_2025,24,24,24.0,True,tenderStatistics_2025-02
2025-02-13,mFRRUp,44_2025,24,24,24.0,True,tenderStatistics_2025-02
2025-02-14,aFRRDown,45_2025,24,24,24.0,True,tenderStatistics_2025-02
2025-02-14,aFRRUp,45_2025,24,24,24.0,True,tenderStatistics_2025-02
2025-02-14,mFRRDown,45_2025,24,24,24.0,True,tenderStatistics_2025-02
2025-02-14,mFRRUp,45_2025,24,24,24.0,True,tenderStatistics_2025-02
2025-02-15,aFRRDown,46_2025,24,24,24.0,True,tenderStatistics_2025-02
2025-02-15,aFRRUp,46_2025,24,24,24.0,True,tenderStatistics_2025-02
2025-02-15,mFRRDown,46_2025,24,24,24.0,True,tenderStatistics_2025-02
2025-02-15,mFRRUp,46_2025,24,24,24.0,True,tenderStatistics_2025-02
2025-02-16,aFRRDown,47_2025,24,24,24.0,True,tenderStatistics_2025-02
2025-02-16,aFRRUp,47_2025,24,24,24.0,True,tenderStatistics_2025-02
2025-02-16,mFRRDown,47_2025,24,24,24.0,True,tenderStatistics_2025-02
2025-02-16,mFRRUp,47_2025,24,24,24.0,True,tenderStatistics_2025-02
2025-02-17,aFRRDown,48_2025,24,24,24.0,True,tenderStatistics_2025-02
2025-02-17,aFRRUp,48_2025,24,24,24.0,True,tenderStatistics_2025-02
2025-02-17,mFRRDown,48_2025,24,24,24.0,True,tenderStatistics_2025-02
2025-02-17,mFRRUp,48_2025,24,24,24.0,True,tenderStatistics_2025-02
2025-02-18,aFRRDown,49_2025,24,24,24.0,True,tenderStatistics_2025-02
2025-02-18,aFRRUp,49_2025,24,24,24.0,True,tenderStatistics_2025-02
2025-02-18,mFRRDown,49_2025,24,24,24.0,True,tenderStatistics_2025-02
2025-02-18,mFRRUp,49_2025,24,24,24.0,True,tenderStatistics_2025-02
2025-02-19,aFRRDown,50_2025,24,24,24.0,True,tenderStatistics_2025-02
2025-02-19,aFRRUp,50_2025,24,24,24.0,True,tenderStatistics_2025-02
2025-02-19,mFRRDown,50_2025,24,24,24.0,True,tenderStatistics_2025-02
2025-02-19,mFRRUp,50_2025,24,24,24.0,True,tenderStatistics_2025-02
2025-02-20,aFRRDown,51_2025,24,24,24.0,True,tenderStatistics_2025-02
2025-02-20,aFRRUp,51_2025,24,24,24.0,True,tenderStatistics_2025-02
2025-02-20,mFRRDown,51_2025,24,24,24.0,True,tenderStatistics_2025-02
2025-02-20,mFRRUp,51_2025,24,24,24.0,True,tenderStatistics_2025-02
2025-02-21,aFRRDown,52_2025,24,24,24.0,True,tenderStatistics_2025-02
2025-02-21,aFRRUp,52_2025,24,24,24.0,True,tenderStatistics_2025-02
2025-02-21,mFRRDown,52_2025,24,24,24.0,True,tenderStatistics_2025-02
2025-02-21,mFRRUp,52_2025,24,24,24.0,True,tenderStatistics_2025-02
2025-02-22,aFRRDown,53_2025,24,24,24.0,True,tenderStatistics_2025-02
2025-02-22,aFRRUp,53_2025,24,24,24.0,True,tenderStatistics_2025-02
2025-02-22,mFRRDown,53_2025,24,24,24.0,True,tenderStatistics_2025-02
2025-02-22,mFRRUp,53_2025,24,24,24.0,True,tenderStatistics_2025-02
2025-02-23,aFRRDown,54_2025,24,24,24.0,True,tenderStatistics_2025-02
2025-02-23,aFRRUp,54_2025,24,24,24.0,True,tenderStatistics_2025-02
2025-02-23,mFRRDown,54_2025,24,24,24.0,True,tenderStatistics_2025-02
2025-02-23,mFRRUp,54_2025,24,24,24.0,True,tenderStatistics_2025-02
2025-02-24,aFRRDown,55_2025,24,24,24.0,True,tenderStatistics_2025-02
2025-02-24,aFRRUp,55_2025,24,24,24.0,True,tenderStatistics_2025-02
2025-02-24,mFRRDown,55_2025,24,24,24.0,True,tenderStatistics_2025-02
2025-02-24,mFRRUp,55_2025,24,24,24.0,True,tenderStatistics_2025-02
2025-02-25,aFRRDown,56_2025,24,24,24.0,True,tenderStatistics_2025-02
2025-02-25,aFRRUp,56_2025,24,24,24.0,True,tenderStatistics_2025-02
2025-02-25,mFRRDown,56_2025,24,24,24.0,True,tenderStatistics_2025-02
2025-02-25,mFRRUp,56_2025,24,24,24.0,True,tenderStatistics_2025-02
2025-02-26,aFRRDown,57_2025,24,24,24.0,True,tenderStatistics_2025-02
2025-02-26,aFRRUp,57_2025,24,24,24.0,True,tenderStatistics_2025-02
2025-02-26,mFRRDown,57_2025,24,24,24.0,True,tenderStatistics_2025-02
2025-02-26,mFRRUp,57_2025,24,24,24.0,True,tenderStatistics_2025-02
2025-02-27,aFRRDown,58_2025,24,24,24.0,True,tenderStatistics_2025-02
2025-02-27,aFRRUp,58_2025,24,24,24.0,True,tenderStatistics_2025-02
2025-02-27,mFRRDown,58_2025,24,24,24.0,True,tenderStatistics_2025-02
2025-02-27,mFRRUp,58_2025,24,24,24.0,True,tenderStatistics_2025-02
2025-02-28,aFRRDown,59_2025,24,24,24.0,True,tenderStatistics_2025-02
2025-02-28,aFRRUp,59_2025,24,24,24.0,True,tenderStatistics_2025-02
2025-02-28,mFRRDown,59_2025,24,24,24.0,True,tenderStatistics_2025-02
2025-02-28,mFRRUp,59_2025,24,24,24.0,True,tenderStatistics_2025-02
2025-03-01,aFRRDown,60_2025,24,24,24.0,True,tenderStatistics_2025-03
2025-03-01,aFRRUp,60_2025,24,24,24.0,True,tenderStatistics_2025-03
2025-03-01,mFRRDown,60_2025,24,24,24.0,True,tenderStatistics_2025-03
2025-03-01,mFRRUp,60_2025,24,24,24.0,True,tenderStatistics_2025-03
2025-03-02,aFRRDown,61_2025,24,24,24.0,True,tenderStatistics_2025-03
2025-03-02,aFRRUp,61_2025,24,24,24.0,True,tenderStatistics_2025-03
2025-03-02,mFRRDown,61_2025,24,24,24.0,True,tenderStatistics_2025-03
2025-03-02,mFRRUp,61_2025,24,24,24.0,True,tenderStatistics_2025-03
2025-03-03,aFRRDown,62_2025,24,24,24.0,True,tenderStatistics_2025-03
2025-03-03,aFRRUp,62_2025,24,24,24.0,True,tenderStatistics_2025-03
2025-03-03,mFRRDown,62_2025,24,24,24.0,True,tenderStatistics_2025-03
2025-03-03,mFRRUp,62_2025,24,24,24.0,True,tenderStatistics_2025-03
2025-03-04,aFRRDown,64_2025,24,24,24.0,True,tenderStatistics_2025-03
2025-03-04,aFRRUp,64_2025,24,24,24.0,True,tenderStatistics_2025-03
2025-03-04,mFRRDown,64_2025,24,24,24.0,True,tenderStatistics_2025-03
2025-03-04,mFRRUp,64_2025,24,24,24.0,True,tenderStatistics_2025-03
2025-03-05,aFRRDown,65_2025,24,24,24.0,True,tenderStatistics_2025-03
2025-03-05,aFRRUp,65_2025,24,24,24.0,True,tenderStatistics_2025-03
2025-03-05,mFRRDown,65_2025,24,24,24.0,True,tenderStatistics_2025-03
2025-03-05,mFRRUp,65_2025,24,24,24.0,True,tenderStatistics_2025-03
2025-03-06,aFRRDown,66_2025,24,24,24.0,True,tenderStatistics_2025-03
2025-03-06,aFRRUp,66_2025,24,24,24.0,True,tenderStatistics_2025-03
2025-03-06,mFRRDown,66_2025,24,24,24.0,True,tenderStatistics_2025-03
2025-03-06,mFRRUp,66_2025,24,24,24.0,True,tenderStatistics_2025-03
2025-03-07,aFRRDown,67_2025,24,24,24.0,True,tenderStatistics_2025-03
2025-03-07,aFRRUp,67_2025,24,24,24.0,True,tenderStatistics_2025-03
2025-03-07,mFRRDown,67_2025,24,24,24.0,True,tenderStatistics_2025-03
2025-03-07,mFRRUp,67_2025,24,24,24.0,True,tenderStatistics_2025-03
2025-03-08,aFRRDown,68_2025,24,24,24.0,True,tenderStatistics_2025-03
2025-03-08,aFRRUp,68_2025,24,24,24.0,True,tenderStatistics_2025-03
2025-03-08,mFRRDown,68_2025,24,24,24.0,True,tenderStatistics_2025-03
2025-03-08,mFRRUp,68_2025,24,24,24.0,True,tenderStatistics_2025-03
2025-03-09,aFRRDown,69_2025,24,24,24.0,True,tenderStatistics_2025-03
2025-03-09,aFRRUp,69_2025,24,24,24.0,True,tenderStatistics_2025-03
2025-03-09,mFRRDown,69_2025,24,24,24.0,True,tenderStatistics_2025-03
2025-03-09,mFRRUp,69_2025,24,24,24.0,True,tenderStatistics_2025-03
2025-03-10,aFRRDown,70_2025,24,24,24.0,True,tenderStatistics_2025-03
2025-03-10,aFRRUp,70_2025,24,24,24.0,True,tenderStatistics_2025-03
2025-03-10,mFRRDown,70_2025,24,24,24.0,True,tenderStatistics_2025-03
2025-03-10,mFRRUp,70_2025,24,24,24.0,True,tenderStatistics_2025-03
2025-03-11,aFRRDown,72_2025,24,24,24.0,True,tenderStatistics_2025-03
2025-03-11,aFRRUp,72_2025,24,24,24.0,True,tenderStatistics_2025-03
2025-03-11,mFRRDown,72_2025,24,24,24.0,True,tenderStatistics_2025-03
2025-03-11,mFRRUp,72_2025,24,24,24.0,True,tenderStatistics_2025-03
2025-03-12,aFRRDown,73_2025,24,24,24.0,True,tenderStatistics_2025-03
2025-03-12,aFRRUp,73_2025,24,24,24.0,True,tenderStatistics_2025-03
2025-03-12,mFRRDown,73_2025,24,24,24.0,True,tenderStatistics_2025-03
2025-03-12,mFRRUp,73_2025,24,24,24.0,True,tenderStatistics_2025-03
2025-03-13,aFRRDown,74_2025,24,24,24.0,True,tenderStatistics_2025-03
2025-03-13,aFRRUp,74_2025,24,24,24.0,True,tenderStatistics_2025-03
2025-03-13,mFRRDown,74_2025,24,24,24.0,True,tenderStatistics_2025-03
2025-03-13,mFRRUp,74_2025,24,24,24.0,True,tenderStatistics_2025-03
2025-03-14,aFRRDown,75_2025,24,24,24.0,True,tenderStatistics_2025-03
2025-03-14,aFRRUp,75_2025,24,24,24.0,True,tenderStatistics_2025-03
2025-03-14,mFRRDown,75_2025,24,24,24.0,True,tenderStatistics_2025-03
2025-03-14,mFRRUp,75_2025,24,24,24.0,True,tenderStatistics_2025-03
2025-03-15,aFRRDown,76_2025,24,24,24.0,True,tenderStatistics_2025-03
2025-03-15,aFRRUp,76_2025,24,24,24.0,True,tenderStatistics_2025-03
2025-03-15,mFRRDown,76_2025,24,24,24.0,True,tenderStatistics_2025-03
2025-03-15,mFRRUp,76_2025,24,24,24.0,True,tenderStatistics_2025-03
2025-03-16,aFRRDown,77_2025,24,24,24.0,True,tenderStatistics_2025-03
2025-03-16,aFRRUp,77_2025,24,24,24.0,True,tenderStatistics_2025-03
2025-03-16,mFRRDown,77_2025,24,24,24.0,True,tenderStatistics_2025-03
2025-03-16,mFRRUp,77_2025,24,24,24.0,True,tenderStatistics_2025-03
2025-03-17,aFRRDown,78_2025,24,24,24.0,True,tenderStatistics_2025-03
2025-03-17,aFRRUp,78_2025,24,24,24.0,True,tenderStatistics_2025-03
2025-03-17,mFRRDown,78_2025,24,24,24.0,True,tenderStatistics_2025-03
2025-03-17,mFRRUp,78_2025,24,24,24.0,True,tenderStatistics_2025-03
2025-03-18,aFRRDown,79_2025,24,24,24.0,True,tenderStatistics_2025-03
2025-03-18,aFRRUp,79_2025,24,24,24.0,True,tenderStatistics_2025-03
2025-03-18,mFRRDown,79_2025,24,24,24.0,True,tenderStatistics_2025-03
2025-03-18,mFRRUp,79_2025,24,24,24.0,True,tenderStatistics_2025-03
2025-03-19,aFRRDown,80_2025,24,24,24.0,True,tenderStatistics_2025-03
2025-03-19,aFRRUp,80_2025,24,24,24.0,True,tenderStatistics_2025-03
2025-03-19,mFRRDown,80_2025,24,24,24.0,True,tenderStatistics_2025-03
2025-03-19,mFRRUp,80_2025,24,24,24.0,True,tenderStatistics_2025-03
2025-03-20,aFRRDown,81_2025,24,24,24.0,True,tenderStatistics_2025-03
2025-03-20,aFRRUp,81_2025,24,24,24.0,True,tenderStatistics_2025-03
2025-03-20,mFRRDown,81_2025,24,24,24.0,True,tenderStatistics_2025-03
2025-03-20,mFRRUp,81_2025,24,24,24.0,True,tenderStatistics_2025-03
2025-03-21,aFRRDown,82_2025,24,24,24.0,True,tenderStatistics_2025-03
2025-03-21,aFRRUp,82_2025,24,24,24.0,True,tenderStatistics_2025-03
2025-03-21,mFRRDown,82_2025,24,24,24.0,True,tenderStatistics_2025-03
2025-03-21,mFRRUp,82_2025,24,24,24.0,True,tenderStatistics_2025-03
2025-03-22,aFRRDown,83_2025,24,24,24.0,True,tenderStatistics_2025-03
2025-03-22,aFRRUp,83_2025,24,24,24.0,True,tenderStatistics_2025-03
2025-03-22,mFRRDown,83_2025,24,24,24.0,True,tenderStatistics_2025-03
2025-03-22,mFRRUp,83_2025,24,24,24.0,True,tenderStatistics_2025-03
2025-03-23,aFRRDown,84_2025,24,24,24.0,True,tenderStatistics_2025-03
2025-03-23,aFRRUp,84_2025,24,24,24.0,True,tenderStatistics_2025-03
2025-03-23,mFRRDown,84_2025,24,24,24.0,True,tenderStatistics_2025-03
2025-03-23,mFRRUp,84_2025,24,24,24.0,True,tenderStatistics_2025-03
2025-03-24,aFRRDown,85_2025,24,24,24.0,True,tenderStatistics_2025-03
2025-03-24,aFRRUp,85_2025,24,24,24.0,True,tenderStatistics_2025-03
2025-03-24,mFRRDown,85_2025,24,24,24.0,True,tenderStatistics_2025-03
2025-03-24,mFRRUp,85_2025,24,24,24.0,True,tenderStatistics_2025-03
2025-03-25,aFRRDown,86_2025,24,24,24.0,True,tenderStatistics_2025-03
2025-03-25,aFRRUp,86_2025,24,24,24.0,True,tenderStatistics_2025-03
2025-03-25,mFRRDown,86_2025,24,24,24.0,True,tenderStatistics_2025-03
2025-03-25,mFRRUp,86_2025,24,24,24.0,True,tenderStatistics_2025-03
2025-03-26,aFRRDown,87_2025,24,24,24.0,True,tenderStatistics_2025-03
2025-03-26,aFRRUp,87_2025,24,24,24.0,True,tenderStatistics_2025-03
2025-03-26,mFRRDown,87_2025,24,24,24.0,True,tenderStatistics_2025-03
2025-03-26,mFRRUp,87_2025,24,24,24.0,True,tenderStatistics_2025-03
2025-03-27,aFRRDown,88_2025,24,24,24.0,True,tenderStatistics_2025-03
2025-03-27,aFRRUp,88_2025,24,24,24.0,True,tenderStatistics_2025-03
2025-03-27,mFRRDown,88_2025,24,24,24.0,True,tenderStatistics_2025-03
2025-03-27,mFRRUp,88_2025,24,24,24.0,True,tenderStatistics_2025-03
2025-03-28,aFRRDown,89_2025,24,24,24.0,True,tenderStatistics_2025-03
2025-03-28,aFRRUp,89_2025,24,24,24.0,True,tenderStatistics_2025-03
2025-03-28,mFRRDown,89_2025,24,24,24.0,True,tenderStatistics_2025-03
2025-03-28,mFRRUp,89_2025,24,24,24.0,True,tenderStatistics_2025-03
2025-03-29,aFRRDown,90_2025,24,24,24.0,True,tenderStatistics_2025-03
2025-03-29,aFRRUp,90_2025,24,24,24.0,True,tenderStatistics_2025-03
2025-03-29,mFRRDown,90_2025,24,24,24.0,True,tenderStatistics_2025-03
2025-03-29,mFRRUp,90_2025,24,24,24.0,True,tenderStatistics_2025-03
2025-03-30,aFRRDown,91_2025,23,24,23.0,True,tenderStatistics_2025-03
2025-03-30,aFRRUp,91_2025,23,24,23.0,True,tenderStatistics_2025-03
2025-03-30,mFRRDown,91_2025,23,24,23.0,True,tenderStatistics_2025-03
2025-03-30,mFRRUp,91_2025,23,24,23.0,True,tenderStatistics_2025-03
2025-03-31,aFRRDown,92_2025,24,24,24.0,True,tenderStatistics_2025-03
2025-03-31,aFRRUp,92_2025,24,24,24.0,True,tenderStatistics_2025-03
2025-03-31,mFRRDown,92_2025,24,24,24.0,True,tenderStatistics_2025-03
2025-03-31,mFRRUp,92_2025,24,24,24.0,True,tenderStatistics_2025-03
2025-04-01,aFRRDown,93_2025,24,24,24.0,True,tenderStatistics_2025-04
2025-04-01,aFRRUp,93_2025,24,24,24.0,True,tenderStatistics_2025-04
2025-04-01,mFRRDown,93_2025,24,24,24.0,True,tenderStatistics_2025-04
2025-04-01,mFRRUp,93_2025,24,24,24.0,True,tenderStatistics_2025-04
2025-04-02,aFRRDown,94_2025,24,24,24.0,True,tenderStatistics_2025-04
2025-04-02,aFRRUp,94_2025,24,24,24.0,True,tenderStatistics_2025-04
2025-04-02,mFRRDown,94_2025,24,24,24.0,True,tenderStatistics_2025-04
2025-04-02,mFRRUp,94_2025,24,24,24.0,True,tenderStatistics_2025-04
2025-04-03,aFRRDown,95_2025,24,24,24.0,True,tenderStatistics_2025-04
2025-04-03,aFRRUp,95_2025,24,24,24.0,True,tenderStatistics_2025-04
2025-04-03,mFRRDown,95_2025,24,24,24.0,True,tenderStatistics_2025-04
2025-04-03,mFRRUp,95_2025,24,24,24.0,True,tenderStatistics_2025-04
2025-04-04,aFRRDown,96_2025,24,24,24.0,True,tenderStatistics_2025-04
2025-04-04,aFRRUp,96_2025,24,24,24.0,True,tenderStatistics_2025-04
2025-04-04,mFRRDown,96_2025,24,24,24.0,True,tenderStatistics_2025-04
2025-04-04,mFRRUp,96_2025,24,24,24.0,True,tenderStatistics_2025-04
2025-04-05,aFRRDown,97_2025,24,24,24.0,True,tenderStatistics_2025-04
2025-04-05,aFRRUp,97_2025,24,24,24.0,True,tenderStatistics_2025-04
2025-04-05,mFRRDown,97_2025,24,24,24.0,True,tenderStatistics_2025-04
2025-04-05,mFRRUp,97_2025,24,24,24.0,True,tenderStatistics_2025-04
2025-04-06,aFRRDown,98_2025,24,24,24.0,True,tenderStatistics_2025-04
2025-04-06,aFRRUp,98_2025,24,24,24.0,True,tenderStatistics_2025-04
2025-04-06,mFRRDown,98_2025,24,24,24.0,True,tenderStatistics_2025-04
2025-04-06,mFRRUp,98_2025,24,24,24.0,True,tenderStatistics_2025-04
2025-04-07,aFRRDown,99_2025,24,24,24.0,True,tenderStatistics_2025-04
2025-04-07,aFRRUp,99_2025,24,24,24.0,True,tenderStatistics_2025-04
2025-04-07,mFRRDown,99_2025,24,24,24.0,True,tenderStatistics_2025-04
2025-04-07,mFRRUp,99_2025,24,24,24.0,True,tenderStatistics_2025-04
2025-04-08,aFRRDown,100_2025,24,24,24.0,True,tenderStatistics_2025-04
2025-04-08,aFRRUp,100_2025,24,24,24.0,True,tenderStatistics_2025-04
2025-04-08,mFRRDown,100_2025,24,24,24.0,True,tenderStatistics_2025-04
2025-04-08,mFRRUp,100_2025,24,24,24.0,True,tenderStatistics_2025-04
2025-04-09,aFRRDown,101_2025,24,24,24.0,True,tenderStatistics_2025-04
2025-04-09,aFRRUp,101_2025,24,24,24.0,True,tenderStatistics_2025-04
2025-04-09,mFRRDown,101_2025,24,24,24.0,True,tenderStatistics_2025-04
2025-04-09,mFRRUp,101_2025,24,24,24.0,True,tenderStatistics_2025-04
2025-04-10,aFRRDown,103_2025,24,24,24.0,True,tenderStatistics_2025-04
2025-04-10,aFRRUp,103_2025,24,24,24.0,True,tenderStatistics_2025-04
2025-04-10,mFRRDown,103_2025,24,24,24.0,True,tenderStatistics_2025-04
2025-04-10,mFRRUp,103_2025,24,24,24.0,True,tenderStatistics_2025-04
2025-04-11,aFRRDown,104_2025,24,24,24.0,True,tenderStatistics_2025-04
2025-04-11,aFRRUp,104_2025,24,24,24.0,True,tenderStatistics_2025-04
2025-04-11,mFRRDown,104_2025,24,24,24.0,True,tenderStatistics_2025-04
2025-04-11,mFRRUp,104_2025,24,24,24.0,True,tenderStatistics_2025-04
2025-04-12,aFRRDown,105_2025,24,24,24.0,True,tenderStatistics_2025-04
2025-04-12,aFRRUp,105_2025,24,24,24.0,True,tenderStatistics_2025-04
2025-04-12,mFRRDown,105_2025,24,24,24.0,True,tenderStatistics_2025-04
2025-04-12,mFRRUp,105_2025,24,24,24.0,True,tenderStatistics_2025-04
2025-04-13,aFRRDown,106_2025,24,24,24.0,True,tenderStatistics_2025-04
2025-04-13,aFRRUp,106_2025,24,24,24.0,True,tenderStatistics_2025-04
2025-04-13,mFRRDown,106_2025,24,24,24.0,True,tenderStatistics_2025-04
2025-04-13,mFRRUp,106_2025,24,24,24.0,True,tenderStatistics_2025-04
2025-04-14,aFRRDown,107_2025,24,24,24.0,True,tenderStatistics_2025-04
2025-04-14,aFRRUp,107_2025,24,24,24.0,True,tenderStatistics_2025-04
2025-04-14,mFRRDown,107_2025,24,24,24.0,True,tenderStatistics_2025-04
2025-04-14,mFRRUp,107_2025,24,24,24.0,True,tenderStatistics_2025-04
2025-04-15,aFRRDown,108_2025,24,24,24.0,True,tenderStatistics_2025-04
2025-04-15,aFRRUp,108_2025,24,24,24.0,True,tenderStatistics_2025-04
2025-04-15,mFRRDown,108_2025,24,24,24.0,True,tenderStatistics_2025-04
2025-04-15,mFRRUp,108_2025,24,24,24.0,True,tenderStatistics_2025-04
2025-04-16,aFRRDown,109_2025,24,24,24.0,True,tenderStatistics_2025-04
2025-04-16,aFRRUp,109_2025,24,24,24.0,True,tenderStatistics_2025-04
2025-04-16,mFRRDown,109_2025,24,24,24.0,True,tenderStatistics_2025-04
2025-04-16,mFRRUp,109_2025,24,24,24.0,True,tenderStatistics_2025-04
2025-04-17,aFRRDown,110_2025,24,24,24.0,True,tenderStatistics_2025-04
2025-04-17,aFRRUp,110_2025,24,24,24.0,True,tenderStatistics_2025-04
2025-04-17,mFRRDown,110_2025,24,24,24.0,True,tenderStatistics_2025-04
2025-04-17,mFRRUp,110_2025,24,24,24.0,True,tenderStatistics_2025-04
2025-04-18,aFRRDown,111_2025,24,24,24.0,True,tenderStatistics_2025-04
2025-04-18,aFRRUp,111_2025,24,24,24.0,True,tenderStatistics_2025-04
2025-04-18,mFRRDown,111_2025,24,24,24.0,True,tenderStatistics_2025-04
2025-04-18,mFRRUp,111_2025,24,24,24.0,True,tenderStatistics_2025-04
2025-04-19,aFRRDown,112_2025,24,24,24.0,True,tenderStatistics_2025-04
2025-04-19,aFRRUp,112_2025,24,24,24.0,True,tenderStatistics_2025-04
2025-04-19,mFRRDown,112_2025,24,24,24.0,True,tenderStatistics_2025-04
2025-04-19,mFRRUp,112_2025,24,24,24.0,True,tenderStatistics_2025-04
2025-04-20,aFRRDown,113_2025,24,24,24.0,True,tenderStatistics_2025-04
2025-04-20,aFRRUp,113_2025,24,24,24.0,True,tenderStatistics_2025-04
2025-04-20,mFRRDown,113_2025,24,24,24.0,True,tenderStatistics_2025-04
2025-04-20,mFRRUp,113_2025,24,24,24.0,True,tenderStatistics_2025-04
2025-04-21,aFRRDown,114_2025,24,24,24.0,True,tenderStatistics_2025-04
2025-04-21,aFRRUp,114_2025,24,24,24.0,True,tenderStatistics_2025-04
2025-04-21,mFRRDown,114_2025,24,24,24.0,True,tenderStatistics_2025-04
2025-04-21,mFRRUp,114_2025,24,24,24.0,True,tenderStatistics_2025-04
2025-04-22,aFRRDown,115_2025,24,24,24.0,True,tenderStatistics_2025-04
2025-04-22,aFRRUp,115_2025,24,24,24.0,True,tenderStatistics_2025-04
2025-04-22,mFRRDown,115_2025,24,24,24.0,True,tenderStatistics_2025-04
2025-04-22,mFRRUp,115_2025,24,24,24.0,True,tenderStatistics_2025-04
2025-04-23,aFRRDown,116_2025,24,24,24.0,True,tenderStatistics_2025-04
2025-04-23,aFRRUp,116_2025,24,24,24.0,True,tenderStatistics_2025-04
2025-04-23,mFRRDown,116_2025,24,24,24.0,True,tenderStatistics_2025-04
2025-04-23,mFRRUp,116_2025,24,24,24.0,True,tenderStatistics_2025-04
2025-04-24,aFRRDown,117_2025,24,24,24.0,True,tenderStatistics_2025-04
2025-04-24,aFRRUp,117_2025,24,24,24.0,True,tenderStatistics_2025-04
2025-04-24,mFRRDown,117_2025,24,24,24.0,True,tenderStatistics_2025-04
2025-04-24,mFRRUp,117_2025,24,24,24.0,True,tenderStatistics_2025-04
2025-04-25,aFRRDown,118_2025,24,24,24.0,True,tenderStatistics_2025-04
2025-04-25,aFRRUp,118_2025,24,24,24.0,True,tenderStatistics_2025-04
2025-04-25,mFRRDown,118_2025,24,24,24.0,True,tenderStatistics_2025-04
2025-04-25,mFRRUp,118_2025,24,24,24.0,True,tenderStatistics_2025-04
2025-04-26,aFRRDown,119_2025,24,24,24.0,True,tenderStatistics_2025-04
2025-04-26,aFRRUp,119_2025,24,24,24.0,True,tenderStatistics_2025-04
2025-04-26,mFRRDown,119_2025,24,24,24.0,True,tenderStatistics_2025-04
2025-04-26,mFRRUp,119_2025,24,24,24.0,True,tenderStatistics_2025-04
2025-04-27,aFRRDown,120_2025,24,24,24.0,True,tenderStatistics_2025-04
2025-04-27,aFRRUp,120_2025,24,24,24.0,True,tenderStatistics_2025-04
2025-04-27,mFRRDown,120_2025,24,24,24.0,True,tenderStatistics_2025-04
2025-04-27,mFRRUp,120_2025,24,24,24.0,True,tenderStatistics_2025-04
2025-04-28,aFRRDown,121_2025,24,24,24.0,True,tenderStatistics_2025-04
2025-04-28,aFRRUp,121_2025,24,24,24.0,True,tenderStatistics_2025-04
2025-04-28,mFRRDown,121_2025,24,24,24.0,True,tenderStatistics_2025-04
2025-04-28,mFRRUp,121_2025,24,24,24.0,True,tenderStatistics_2025-04
2025-04-29,aFRRDown,122_2025,24,24,24.0,True,tenderStatistics_2025-04
2025-04-29,aFRRUp,122_2025,24,24,24.0,True,tenderStatistics_2025-04
2025-04-29,mFRRDown,122_2025,24,24,24.0,True,tenderStatistics_2025-04
2025-04-29,mFRRUp,122_2025,24,24,24.0,True,tenderStatistics_2025-04
2025-04-30,aFRRDown,123_2025,24,24,24.0,True,tenderStatistics_2025-04
2025-04-30,aFRRUp,123_2025,24,24,24.0,True,tenderStatistics_2025-04
2025-04-30,mFRRDown,123_2025,24,24,24.0,True,tenderStatistics_2025-04
2025-04-30,mFRRUp,123_2025,24,24,24.0,True,tenderStatistics_2025-04
2025-05-01,aFRRDown,124_2025,24,24,24.0,True,tenderStatistics_2025-05
2025-05-01,aFRRUp,124_2025,24,24,24.0,True,tenderStatistics_2025-05
2025-05-01,mFRRDown,124_2025,24,24,24.0,True,tenderStatistics_2025-05
2025-05-01,mFRRUp,124_2025,24,24,24.0,True,tenderStatistics_2025-05
2025-05-02,aFRRDown,125_2025,24,24,24.0,True,tenderStatistics_2025-05
2025-05-02,aFRRUp,125_2025,24,24,24.0,True,tenderStatistics_2025-05
2025-05-02,mFRRDown,125_2025,24,24,24.0,True,tenderStatistics_2025-05
2025-05-02,mFRRUp,125_2025,24,24,24.0,True,tenderStatistics_2025-05
2025-05-03,aFRRDown,126_2025,24,24,24.0,True,tenderStatistics_2025-05
2025-05-03,aFRRUp,126_2025,24,24,24.0,True,tenderStatistics_2025-05
2025-05-03,mFRRDown,126_2025,24,24,24.0,True,tenderStatistics_2025-05
2025-05-03,mFRRUp,126_2025,24,24,24.0,True,tenderStatistics_2025-05
2025-05-04,aFRRDown,127_2025,24,24,24.0,True,tenderStatistics_2025-05
2025-05-04,aFRRUp,127_2025,24,24,24.0,True,tenderStatistics_2025-05
2025-05-04,mFRRDown,127_2025,24,24,24.0,True,tenderStatistics_2025-05
2025-05-04,mFRRUp,127_2025,24,24,24.0,True,tenderStatistics_2025-05
2025-05-05,aFRRDown,128_2025,24,24,24.0,True,tenderStatistics_2025-05
2025-05-05,aFRRUp,128_2025,24,24,24.0,True,tenderStatistics_2025-05
2025-05-05,mFRRDown,128_2025,24,24,24.0,True,tenderStatistics_2025-05
2025-05-05,mFRRUp,128_2025,24,24,24.0,True,tenderStatistics_2025-05
2025-05-06,aFRRDown,129_2025,24,24,24.0,True,tenderStatistics_2025-05
2025-05-06,aFRRUp,129_2025,24,24,24.0,True,tenderStatistics_2025-05
2025-05-06,mFRRDown,129_2025,24,24,24.0,True,tenderStatistics_2025-05
2025-05-06,mFRRUp,129_2025,24,24,24.0,True,tenderStatistics_2025-05
2025-05-07,aFRRDown,130_2025,24,24,24.0,True,tenderStatistics_2025-05
2025-05-07,aFRRUp,130_2025,24,24,24.0,True,tenderStatistics_2025-05
2025-05-07,mFRRDown,130_2025,24,24,24.0,True,tenderStatistics_2025-05
2025-05-07,mFRRUp,130_2025,24,24,24.0,True,tenderStatistics_2025-05
2025-05-08,aFRRDown,131_2025,24,24,24.0,True,tenderStatistics_2025-05
2025-05-08,aFRRUp,131_2025,24,24,24.0,True,tenderStatistics_2025-05
2025-05-08,mFRRDown,131_2025,24,24,24.0,True,tenderStatistics_2025-05
2025-05-08,mFRRUp,131_2025,24,24,24.0,True,tenderStatistics_2025-05
2025-05-09,aFRRDown,132_2025,24,24,24.0,True,tenderStatistics_2025-05
2025-05-09,aFRRUp,132_2025,24,24,24.0,True,tenderStatistics_2025-05
2025-05-09,mFRRDown,132_2025,24,24,24.0,True,tenderStatistics_2025-05
2025-05-09,mFRRUp,132_2025,24,24,24.0,True,tenderStatistics_2025-05
2025-05-10,aFRRDown,133_2025,24,24,24.0,True,tenderStatistics_2025-05
2025-05-10,aFRRUp,133_2025,24,24,24.0,True,tenderStatistics_2025-05
2025-05-10,mFRRDown,133_2025,24,24,24.0,True,tenderStatistics_2025-05
2025-05-10,mFRRUp,133_2025,24,24,24.0,True,tenderStatistics_2025-05
2025-05-11,aFRRDown,134_2025,24,24,24.0,True,tenderStatistics_2025-05
2025-05-11,aFRRUp,134_2025,24,24,24.0,True,tenderStatistics_2025-05
2025-05-11,mFRRDown,134_2025,24,24,24.0,True,tenderStatistics_2025-05
2025-05-11,mFRRUp,134_2025,24,24,24.0,True,tenderStatistics_2025-05
2025-05-12,aFRRDown,135_2025,24,24,24.0,True,tenderStatistics_2025-05
2025-05-12,aFRRUp,135_2025,24,24,24.0,True,tenderStatistics_2025-05
2025-05-12,mFRRDown,135_2025,24,24,24.0,True,tenderStatistics_2025-05
2025-05-12,mFRRUp,135_2025,24,24,24.0,True,tenderStatistics_2025-05
2025-05-13,aFRRDown,136_2025,24,24,24.0,True,tenderStatistics_2025-05
2025-05-13,aFRRUp,136_2025,24,24,24.0,True,tenderStatistics_2025-05
2025-05-13,mFRRDown,136_2025,24,24,24.0,True,tenderStatistics_2025-05
2025-05-13,mFRRUp,136_2025,24,24,24.0,True,tenderStatistics_2025-05
2025-05-14,aFRRDown,137_2025,24,24,24.0,True,tenderStatistics_2025-05
2025-05-14,aFRRUp,137_2025,24,24,24.0,True,tenderStatistics_2025-05
2025-05-14,mFRRDown,137_2025,24,24,24.0,True,tenderStatistics_2025-05
2025-05-14,mFRRUp,137_2025,24,24,24.0,True,tenderStatistics_2025-05
2025-05-15,aFRRDown,138_2025,24,24,24.0,True,tenderStatistics_2025-05
2025-05-15,aFRRUp,138_2025,24,24,24.0,True,tenderStatistics_2025-05
2025-05-15,mFRRDown,138_2025,24,24,24.0,True,tenderStatistics_2025-05
2025-05-15,mFRRUp,138_2025,24,24,24.0,True,tenderStatistics_2025-05
2025-05-16,aFRRDown,139_2025,24,24,24.0,True,tenderStatistics_2025-05
2025-05-16,aFRRUp,139_2025,24,24,24.0,True,tenderStatistics_2025-05
2025-05-16,mFRRDown,139_2025,24,24,24.0,True,tenderStatistics_2025-05
2025-05-16,mFRRUp,139_2025,24,24,24.0,True,tenderStatistics_2025-05
2025-05-17,aFRRDown,140_2025,24,24,24.0,True,tenderStatistics_2025-05
2025-05-17,aFRRUp,140_2025,24,24,24.0,True,tenderStatistics_2025-05
2025-05-17,mFRRDown,140_2025,24,24,24.0,True,tenderStatistics_2025-05
2025-05-17,mFRRUp,140_2025,24,24,24.0,True,tenderStatistics_2025-05
2025-05-18,aFRRDown,141_2025,24,24,24.0,True,tenderStatistics_2025-05
2025-05-18,aFRRUp,141_2025,24,24,24.0,True,tenderStatistics_2025-05
2025-05-18,mFRRDown,141_2025,24,24,24.0,True,tenderStatistics_2025-05
2025-05-18,mFRRUp,141_2025,24,24,24.0,True,tenderStatistics_2025-05
2025-05-19,aFRRDown,142_2025,24,24,24.0,True,tenderStatistics_2025-05
2025-05-19,aFRRUp,142_2025,24,24,24.0,True,tenderStatistics_2025-05
2025-05-19,mFRRDown,142_2025,24,24,24.0,True,tenderStatistics_2025-05
2025-05-19,mFRRUp,142_2025,24,24,24.0,True,tenderStatistics_2025-05
2025-05-20,aFRRDown,143_2025,24,24,24.0,True,tenderStatistics_2025-05
2025-05-20,aFRRUp,143_2025,24,24,24.0,True,tenderStatistics_2025-05
2025-05-20,mFRRDown,143_2025,24,24,24.0,True,tenderStatistics_2025-05
2025-05-20,mFRRUp,143_2025,24,24,24.0,True,tenderStatistics_2025-05
2025-05-21,aFRRDown,144_2025,24,24,24.0,True,tenderStatistics_2025-05
2025-05-21,aFRRUp,144_2025,24,24,24.0,True,tenderStatistics_2025-05
2025-05-21,mFRRDown,144_2025,24,24,24.0,True,tenderStatistics_2025-05
2025-05-21,mFRRUp,144_2025,24,24,24.0,True,tenderStatistics_2025-05
2025-05-22,aFRRDown,145_2025,24,24,24.0,True,tenderStatistics_2025-05
2025-05-22,aFRRUp,145_2025,24,24,24.0,True,tenderStatistics_2025-05
2025-05-22,mFRRDown,145_2025,24,24,24.0,True,tenderStatistics_2025-05
2025-05-22,mFRRUp,145_2025,24,24,24.0,True,tenderStatistics_2025-05
2025-05-23,aFRRDown,146_2025,24,24,24.0,True,tenderStatistics_2025-05
2025-05-23,aFRRUp,146_2025,24,24,24.0,True,tenderStatistics_2025-05
2025-05-23,mFRRDown,146_2025,24,24,24.0,True,tenderStatistics_2025-05
2025-05-23,mFRRUp,146_2025,24,24,24.0,True,tenderStatistics_2025-05
2025-05-24,aFRRDown,147_2025,24,24,24.0,True,tenderStatistics_2025-05
2025-05-24,aFRRUp,147_2025,24,24,24.0,True,tenderStatistics_2025-05
2025-05-24,mFRRDown,147_2025,24,24,24.0,True,tenderStatistics_2025-05
2025-05-24,mFRRUp,147_2025,24,24,24.0,True,tenderStatistics_2025-05
2025-05-25,aFRRDown,148_2025,24,24,24.0,True,tenderStatistics_2025-05
2025-05-25,aFRRUp,148_2025,24,24,24.0,True,tenderStatistics_2025-05
2025-05-25,mFRRDown,148_2025,24,24,24.0,True,tenderStatistics_2025-05
2025-05-25,mFRRUp,148_2025,24,24,24.0,True,tenderStatistics_2025-05
2025-05-26,aFRRDown,149_2025,24,24,24.0,True,tenderStatistics_2025-05
2025-05-26,aFRRUp,149_2025,24,24,24.0,True,tenderStatistics_2025-05
2025-05-26,mFRRDown,149_2025,24,24,24.0,True,tenderStatistics_2025-05
2025-05-26,mFRRUp,149_2025,24,24,24.0,True,tenderStatistics_2025-05
2025-05-27,aFRRDown,150_2025,24,24,24.0,True,tenderStatistics_2025-05
2025-05-27,aFRRUp,150_2025,24,24,24.0,True,tenderStatistics_2025-05
2025-05-27,mFRRDown,150_2025,24,24,24.0,True,tenderStatistics_2025-05
2025-05-27,mFRRUp,150_2025,24,24,24.0,True,tenderStatistics_2025-05
2025-05-28,aFRRDown,151_2025,24,24,24.0,True,tenderStatistics_2025-05
2025-05-28,aFRRUp,151_2025,24,24,24.0,True,tenderStatistics_2025-05
2025-05-28,mFRRDown,151_2025,24,24,24.0,True,tenderStatistics_2025-05
2025-05-28,mFRRUp,151_2025,24,24,24.0,True,tenderStatistics_2025-05
2025-05-29,aFRRDown,152_2025,24,24,24.0,True,tenderStatistics_2025-05
2025-05-29,aFRRUp,152_2025,24,24,24.0,True,tenderStatistics_2025-05
2025-05-29,mFRRDown,152_2025,24,24,24.0,True,tenderStatistics_2025-05
2025-05-29,mFRRUp,152_2025,24,24,24.0,True,tenderStatistics_2025-05
2025-05-30,aFRRDown,153_2025,24,24,24.0,True,tenderStatistics_2025-05
2025-05-30,aFRRUp,153_2025,24,24,24.0,True,tenderStatistics_2025-05
2025-05-30,mFRRDown,153_2025,24,24,24.0,True,tenderStatistics_2025-05
2025-05-30,mFRRUp,153_2025,24,24,24.0,True,tenderStatistics_2025-05
2025-05-31,aFRRDown,154_2025,24,24,24.0,True,tenderStatistics_2025-05
2025-05-31,aFRRUp,154_2025,24,24,24.0,True,tenderStatistics_2025-05
2025-05-31,mFRRDown,154_2025,24,24,24.0,True,tenderStatistics_2025-05
2025-05-31,mFRRUp,154_2025,24,24,24.0,True,tenderStatistics_2025-05
2025-06-01,FCR,158_2025,24,24,24.0,True,tenderStatistics_2025-06
2025-06-01,aFRRDown,155_2025,24,24,24.0,True,tenderStatistics_2025-06
2025-06-01,aFRRUp,155_2025,24,24,24.0,True,tenderStatistics_2025-06
2025-06-01,mFRRDown,155_2025,24,24,24.0,True,tenderStatistics_2025-06
2025-06-01,mFRRUp,155_2025,24,24,24.0,True,tenderStatistics_2025-06
2025-06-02,FCR,159_2025,24,24,24.0,True,tenderStatistics_2025-06
2025-06-02,aFRRDown,156_2025,24,24,24.0,True,tenderStatistics_2025-06
2025-06-02,aFRRUp,156_2025,24,24,24.0,True,tenderStatistics_2025-06
2025-06-02,mFRRDown,156_2025,24,24,24.0,True,tenderStatistics_2025-06
2025-06-02,mFRRUp,156_2025,24,24,24.0,True,tenderStatistics_2025-06
2025-06-03,FCR,160_2025,24,24,24.0,True,tenderStatistics_2025-06
2025-06-03,aFRRDown,157_2025,24,24,24.0,True,tenderStatistics_2025-06
2025-06-03,aFRRUp,157_2025,24,24,24.0,True,tenderStatistics_2025-06
2025-06-03,mFRRDown,157_2025,24,24,24.0,True,tenderStatistics_2025-06
2025-06-03,mFRRUp,157_2025,24,24,24.0,True,tenderStatistics_2025-06
2025-06-04,FCR,162_2025,24,24,24.0,True,tenderStatistics_2025-06
2025-06-04,aFRRDown,161_2025,24,24,24.0,True,tenderStatistics_2025-06
2025-06-04,aFRRUp,161_2025,24,24,24.0,True,tenderStatistics_2025-06
2025-06-04,mFRRDown,161_2025,24,24,24.0,True,tenderStatistics_2025-06
2025-06-04,mFRRUp,161_2025,24,24,24.0,True,tenderStatistics_2025-06
2025-06-05,FCR,164_2025,24,24,24.0,True,tenderStatistics_2025-06
2025-06-05,aFRRDown,163_2025,24,24,24.0,True,tenderStatistics_2025-06
2025-06-05,aFRRUp,163_2025,24,24,24.0,True,tenderStatistics_2025-06
2025-06-05,mFRRDown,163_2025,24,24,24.0,True,tenderStatistics_2025-06
2025-06-05,mFRRUp,163_2025,24,24,24.0,True,tenderStatistics_2025-06
2025-06-06,FCR,166_2025,24,24,24.0,True,tenderStatistics_2025-06
2025-06-06,aFRRDown,165_2025,24,24,24.0,True,tenderStatistics_2025-06
2025-06-06,aFRRUp,165_2025,24,24,24.0,True,tenderStatistics_2025-06
2025-06-06,mFRRDown,165_2025,24,24,24.0,True,tenderStatistics_2025-06
2025-06-06,mFRRUp,165_2025,24,24,24.0,True,tenderStatistics_2025-06
2025-06-07,FCR,171_2025,24,24,24.0,True,tenderStatistics_2025-06
2025-06-07,aFRRDown,167_2025,24,24,24.0,True,tenderStatistics_2025-06
2025-06-07,aFRRUp,167_2025,24,24,24.0,True,tenderStatistics_2025-06
2025-06-07,mFRRDown,167_2025,24,24,24.0,True,tenderStatistics_2025-06
2025-06-07,mFRRUp,167_2025,24,24,24.0,True,tenderStatistics_2025-06
2025-06-08,FCR,172_2025,24,24,24.0,True,tenderStatistics_2025-06
2025-06-08,aFRRDown,168_2025,24,24,24.0,True,tenderStatistics_2025-06
2025-06-08,aFRRUp,168_2025,24,24,24.0,True,tenderStatistics_2025-06
2025-06-08,mFRRDown,168_2025,24,24,24.0,True,tenderStatistics_2025-06
2025-06-08,mFRRUp,168_2025,24,24,24.0,True,tenderStatistics_2025-06
2025-06-09,FCR,173_2025,24,24,24.0,True,tenderStatistics_2025-06
2025-06-09,aFRRDown,169_2025,24,24,24.0,True,tenderStatistics_2025-06
2025-06-09,aFRRUp,169_2025,24,24,24.0,True,tenderStatistics_2025-06
2025-06-09,mFRRDown,169_2025,24,24,24.0,True,tenderStatistics_2025-06
2025-06-09,mFRRUp,169_2025,24,24,24.0,True,tenderStatistics_2025-06
2025-06-10,FCR,174_2025,24,24,24.0,True,tenderStatistics_2025-06
2025-06-10,aFRRDown,170_2025,24,24,24.0,True,tenderStatistics_2025-06
2025-06-10,aFRRUp,170_2025,24,24,24.0,True,tenderStatistics_2025-06
2025-06-10,mFRRDown,170_2025,24,24,24.0,True,tenderStatistics_2025-06
2025-06-10,mFRRUp,170_2025,24,24,24.0,True,tenderStatistics_2025-06
2025-06-11,FCR,176_2025,24,24,24.0,True,tenderStatistics_2025-06
2025-06-11,aFRRDown,175_2025,24,24,24.0,True,tenderStatistics_2025-06
2025-06-11,aFRRUp,175_2025,24,24,24.0,True,tenderStatistics_2025-06
2025-06-11,mFRRDown,175_2025,24,24,24.0,True,tenderStatistics_2025-06
2025-06-11,mFRRUp,175_2025,24,24,24.0,True,tenderStatistics_2025-06
2025-06-12,FCR,178_2025,24,24,24.0,True,tenderStatistics_2025-06
2025-06-12,aFRRDown,177_2025,24,24,24.0,True,tenderStatistics_2025-06
2025-06-12,aFRRUp,177_2025,24,24,24.0,True,tenderStatistics_2025-06
2025-06-12,mFRRDown,177_2025,24,24,24.0,True,tenderStatistics_2025-06
2025-06-12,mFRRUp,177_2025,24,24,24.0,True,tenderStatistics_2025-06
2025-06-13,FCR,180_2025,24,24,24.0,True,tenderStatistics_2025-06
2025-06-13,aFRRDown,179_2025,24,24,24.0,True,tenderStatistics_2025-06
2025-06-13,aFRRUp,179_2025,24,24,24.0,True,tenderStatistics_2025-06
2025-06-13,mFRRDown,179_2025,24,24,24.0,True,tenderStatistics_2025-06
2025-06-13,mFRRUp,179_2025,24,24,24.0,True,tenderStatistics_2025-06
2025-06-14,FCR,184_2025,24,24,24.0,True,tenderStatistics_2025-06
2025-06-14,aFRRDown,181_2025,24,24,24.0,True,tenderStatistics_2025-06
2025-06-14,aFRRUp,181_2025,24,24,24.0,True,tenderStatistics_2025-06
2025-06-14,mFRRDown,181_2025,24,24,24.0,True,tenderStatistics_2025-06
2025-06-14,mFRRUp,181_2025,24,24,24.0,True,tenderStatistics_2025-06
2025-06-15,FCR,185_2025,24,24,24.0,True,tenderStatistics_2025-06
2025-06-15,aFRRDown,182_2025,24,24,24.0,True,tenderStatistics_2025-06
2025-06-15,aFRRUp,182_2025,24,24,24.0,True,tenderStatistics_2025-06
2025-06-15,mFRRDown,182_2025,24,24,24.0,True,tenderStatistics_2025-06
2025-06-15,mFRRUp,182_2025,24,24,24.0,True,tenderStatistics_2025-06
2025-06-16,FCR,186_2025,24,24,24.0,True,tenderStatistics_2025-06
2025-06-16,aFRRDown,183_2025,24,24,24.0,True,tenderStatistics_2025-06
2025-06-16,aFRRUp,183_2025,24,24,24.0,True,tenderStatistics_2025-06
2025-06-16,mFRRDown,183_2025,24,24,24.0,True,tenderStatistics_2025-06
2025-06-16,mFRRUp,183_2025,24,24,24.0,True,tenderStatistics_2025-06
2025-06-17,FCR,188_2025,24,24,24.0,True,tenderStatistics_2025-06
2025-06-17,aFRRDown,187_2025,24,24,24.0,True,tenderStatistics_2025-06
2025-06-17,aFRRUp,187_2025,24,24,24.0,True,tenderStatistics_2025-06
2025-06-17,mFRRDown,187_2025,24,24,24.0,True,tenderStatistics_2025-06
2025-06-17,mFRRUp,187_2025,24,24,24.0,True,tenderStatistics_2025-06
2025-06-18,FCR,190_2025,24,24,24.0,True,tenderStatistics_2025-06
2025-06-18,aFRRDown,189_2025,24,24,24.0,True,tenderStatistics_2025-06
2025-06-18,aFRRUp,189_2025,24,24,24.0,True,tenderStatistics_2025-06
2025-06-18,mFRRDown,189_2025,24,24,24.0,True,tenderStatistics_2025-06
2025-06-18,mFRRUp,189_2025,24,24,24.0,True,tenderStatistics_2025-06
2025-06-19,aFRRDown,191_2025,24,24,24.0,True,tenderStatistics_2025-06
2025-06-19,aFRRUp,191_2025,24,24,24.0,True,tenderStatistics_2025-06
2025-06-19,mFRRDown,191_2025,24,24,24.0,True,tenderStatistics_2025-06
2025-06-19,mFRRUp,191_2025,24,24,24.0,True,tenderStatistics_2025-06
2025-06-19,FCR,192_2025,24,24,24.0,True,tenderStatistics_2025-06
2025-06-20,FCR,194_2025,24,24,24.0,True,tenderStatistics_2025-06
2025-06-20,aFRRDown,193_2025,24,24,24.0,True,tenderStatistics_2025-06
2025-06-20,aFRRUp,193_2025,24,24,24.0,True,tenderStatistics_2025-06
2025-06-20,mFRRDown,193_2025,24,24,24.0,True,tenderStatistics_2025-06
2025-06-20,mFRRUp,193_2025,24,24,24.0,True,tenderStatistics_2025-06
2025-06-21,FCR,199_2025,24,24,24.0,True,tenderStatistics_2025-06
2025-06-21,aFRRDown,195_2025,24,24,24.0,True,tenderStatistics_2025-06
2025-06-21,aFRRUp,195_2025,24,24,24.0,True,tenderStatistics_2025-06
2025-06-21,mFRRDown,195_2025,24,24,24.0,True,tenderStatistics_2025-06
2025-06-21,mFRRUp,195_2025,24,24,24.0,True,tenderStatistics_2025-06
2025-06-22,FCR,200_2025,24,24,24.0,True,tenderStatistics_2025-06
2025-06-22,aFRRDown,196_2025,24,24,24.0,True,tenderStatistics_2025-06
2025-06-22,aFRRUp,196_2025,24,24,24.0,True,tenderStatistics_2025-06
2025-06-22,mFRRDown,196_2025,24,24,24.0,True,tenderStatistics_2025-06
2025-06-22,mFRRUp,196_2025,24,24,24.0,True,tenderStatistics_2025-06
2025-06-23,FCR,201_2025,24,24,24.0,True,tenderStatistics_2025-06
2025-06-23,aFRRDown,197_2025,24,24,24.0,True,tenderStatistics_2025-06
2025-06-23,aFRRUp,197_2025,24,24,24.0,True,tenderStatistics_2025-06
2025-06-23,mFRRDown,197_2025,24,24,24.0,True,tenderStatistics_2025-06
2025-06-23,mFRRUp,197_2025,24,24,24.0,True,tenderStatistics_2025-06
2025-06-24,FCR,202_2025,24,24,24.0,True,tenderStatistics_2025-06
2025-06-24,aFRRDown,198_2025,24,24,24.0,True,tenderStatistics_2025-06
2025-06-24,aFRRUp,198_2025,24,24,24.0,True,tenderStatistics_2025-06
2025-06-24,mFRRDown,198_2025,24,24,24.0,True,tenderStatistics_2025-06
2025-06-24,mFRRUp,198_2025,24,24,24.0,True,tenderStatistics_2025-06
2025-06-25,FCR,204_2025,24,24,24.0,True,tenderStatistics_2025-06
2025-06-25,aFRRDown,203_2025,24,24,24.0,True,tenderStatistics_2025-06
2025-06-25,aFRRUp,203_2025,24,24,24.0,True,tenderStatistics_2025-06
2025-06-25,mFRRDown,203_2025,24,24,24.0,True,tenderStatistics_2025-06
2025-06-25,mFRRUp,203_2025,24,24,24.0,True,tenderStatistics_2025-06
2025-06-26,FCR,206_2025,24,24,24.0,True,tenderStatistics_2025-06
2025-06-26,aFRRDown,205_2025,24,24,24.0,True,tenderStatistics_2025-06
2025-06-26,aFRRUp,205_2025,24,24,24.0,True,tenderStatistics_2025-06
2025-06-26,mFRRDown,205_2025,24,24,24.0,True,tenderStatistics_2025-06
2025-06-26,mFRRUp,205_2025,24,24,24.0,True,tenderStatistics_2025-06
2025-06-27,FCR,208_2025,24,24,24.0,True,tenderStatistics_2025-06
2025-06-27,aFRRDown,207_2025,24,24,24.0,True,tenderStatistics_2025-06
2025-06-27,aFRRUp,207_2025,24,24,24.0,True,tenderStatistics_2025-06
2025-06-27,mFRRDown,207_2025,24,24,24.0,True,tenderStatistics_2025-06
2025-06-27,mFRRUp,207_2025,24,24,24.0,True,tenderStatistics_2025-06
2025-06-28,FCR,213_2025,24,24,24.0,True,tenderStatistics_2025-06
2025-06-28,aFRRDown,209_2025,24,24,24.0,True,tenderStatistics_2025-06
2025-06-28,aFRRUp,209_2025,24,24,24.0,True,tenderStatistics_2025-06
2025-06-28,mFRRDown,209_2025,24,24,24.0,True,tenderStatistics_2025-06
2025-06-28,mFRRUp,209_2025,24,24,24.0,True,tenderStatistics_2025-06
2025-06-29,FCR,214_2025,24,24,24.0,True,tenderStatistics_2025-06
2025-06-29,aFRRDown,210_2025,24,24,24.0,True,tenderStatistics_2025-06
2025-06-29,aFRRUp,210_2025,24,24,24.0,True,tenderStatistics_2025-06
2025-06-29,mFRRDown,210_2025,24,24,24.0,True,tenderStatistics_2025-06
2025-06-29,mFRRUp,210_2025,24,24,24.0,True,tenderStatistics_2025-06
2025-06-30,FCR,215_2025,24,24,24.0,True,tenderStatistics_2025-06
2025-06-30,aFRRDown,211_2025,24,24,24.0,True,tenderStatistics_2025-06
2025-06-30,aFRRUp,211_2025,24,24,24.0,True,tenderStatistics_2025-06
2025-06-30,mFRRDown,211_2025,24,24,24.0,True,tenderStatistics_2025-06
2025-06-30,mFRRUp,211_2025,24,24,24.0,True,tenderStatistics_2025-06
2025-07-01,aFRRDown,212_2025,24,24,24.0,True,tenderStatistics_2025-07
2025-07-01,aFRRUp,212_2025,24,24,24.0,True,tenderStatistics_2025-07
2025-07-01,mFRRDown,212_2025,24,24,24.0,True,tenderStatistics_2025-07
2025-07-01,mFRRUp,212_2025,24,24,24.0,True,tenderStatistics_2025-07
2025-07-01,FCR,216_2025,24,24,24.0,True,tenderStatistics_2025-07
2025-07-02,FCR,218_2025,24,24,24.0,True,tenderStatistics_2025-07
2025-07-02,aFRRDown,217_2025,24,24,24.0,True,tenderStatistics_2025-07
2025-07-02,aFRRUp,217_2025,24,24,24.0,True,tenderStatistics_2025-07
2025-07-02,mFRRDown,217_2025,24,24,24.0,True,tenderStatistics_2025-07
2025-07-02,mFRRUp,217_2025,24,24,24.0,True,tenderStatistics_2025-07
2025-07-03,FCR,220_2025,24,24,24.0,True,tenderStatistics_2025-07
2025-07-03,aFRRDown,219_2025,24,24,24.0,True,tenderStatistics_2025-07
2025-07-03,aFRRUp,219_2025,24,24,24.0,True,tenderStatistics_2025-07
2025-07-03,mFRRDown,219_2025,24,24,24.0,True,tenderStatistics_2025-07
2025-07-03,mFRRUp,219_2025,24,24,24.0,True,tenderStatistics_2025-07
2025-07-04,FCR,223_2025,24,24,24.0,True,tenderStatistics_2025-07
2025-07-04,aFRRDown,222_2025,24,24,24.0,True,tenderStatistics_2025-07
2025-07-04,aFRRUp,222_2025,24,24,24.0,True,tenderStatistics_2025-07
2025-07-04,mFRRDown,222_2025,24,24,24.0,True,tenderStatistics_2025-07
2025-07-04,mFRRUp,222_2025,24,24,24.0,True,tenderStatistics_2025-07
2025-07-05,FCR,228_2025,24,24,24.0,True,tenderStatistics_2025-07
2025-07-05,aFRRDown,224_2025,24,24,24.0,True,tenderStatistics_2025-07
2025-07-05,aFRRUp,224_2025,24,24,24.0,True,tenderStatistics_2025-07
2025-07-05,mFRRDown,224_2025,24,24,24.0,True,tenderStatistics_2025-07
2025-07-05,mFRRUp,224_2025,24,24,24.0,True,tenderStatistics_2025-07
2025-07-06,FCR,229_2025,24,24,24.0,True,tenderStatistics_2025-07
2025-07-06,aFRRDown,225_2025,24,24,24.0,True,tenderStatistics_2025-07
2025-07-06,aFRRUp,225_2025,24,24,24.0,True,tenderStatistics_2025-07
2025-07-06,mFRRDown,225_2025,24,24,24.0,True,tenderStatistics_2025-07
2025-07-06,mFRRUp,225_2025,24,24,24.0,True,tenderStatistics_2025-07
2025-07-07,FCR,230_2025,24,24,24.0,True,tenderStatistics_2025-07
2025-07-07,aFRRDown,226_2025,24,24,24.0,True,tenderStatistics_2025-07
2025-07-07,aFRRUp,226_2025,24,24,24.0,True,tenderStatistics_2025-07
2025-07-07,mFRRDown,226_2025,24,24,24.0,True,tenderStatistics_2025-07
2025-07-07,mFRRUp,226_2025,24,24,24.0,True,tenderStatistics_2025-07
2025-07-08,FCR,231_2025,24,24,24.0,True,tenderStatistics_2025-07
2025-07-08,aFRRDown,227_2025,24,24,24.0,True,tenderStatistics_2025-07
2025-07-08,aFRRUp,227_2025,24,24,24.0,True,tenderStatistics_2025-07
2025-07-08,mFRRDown,227_2025,24,24,24.0,True,tenderStatistics_2025-07
2025-07-08,mFRRUp,227_2025,24,24,24.0,True,tenderStatistics_2025-07
2025-07-09,FCR,233_2025,24,24,24.0,True,tenderStatistics_2025-07
2025-07-09,aFRRDown,232_2025,24,24,24.0,True,tenderStatistics_2025-07
2025-07-09,aFRRUp,232_2025,24,24,24.0,True,tenderStatistics_2025-07
2025-07-09,mFRRDown,232_2025,24,24,24.0,True,tenderStatistics_2025-07
2025-07-09,mFRRUp,232_2025,24,24,24.0,True,tenderStatistics_2025-07
2025-07-10,FCR,235_2025,24,24,24.0,True,tenderStatistics_2025-07
2025-07-10,aFRRDown,234_2025,24,24,24.0,True,tenderStatistics_2025-07
2025-07-10,aFRRUp,234_2025,24,24,24.0,True,tenderStatistics_2025-07
2025-07-10,mFRRDown,234_2025,24,24,24.0,True,tenderStatistics_2025-07
2025-07-10,mFRRUp,234_2025,24,24,24.0,True,tenderStatistics_2025-07
2025-07-11,FCR,237_2025,24,24,24.0,True,tenderStatistics_2025-07
2025-07-11,aFRRDown,236_2025,24,24,24.0,True,tenderStatistics_2025-07
2025-07-11,aFRRUp,236_2025,24,24,24.0,True,tenderStatistics_2025-07
2025-07-11,mFRRDown,236_2025,24,24,24.0,True,tenderStatistics_2025-07
2025-07-11,mFRRUp,236_2025,24,24,24.0,True,tenderStatistics_2025-07
2025-07-12,FCR,242_2025,24,24,24.0,True,tenderStatistics_2025-07
2025-07-12,aFRRDown,238_2025,24,24,24.0,True,tenderStatistics_2025-07
2025-07-12,aFRRUp,238_2025,24,24,24.0,True,tenderStatistics_2025-07
2025-07-12,mFRRDown,238_2025,24,24,24.0,True,tenderStatistics_2025-07
2025-07-12,mFRRUp,238_2025,24,24,24.0,True,tenderStatistics_2025-07
2025-07-13,FCR,243_2025,24,24,24.0,True,tenderStatistics_2025-07
2025-07-13,aFRRDown,239_2025,24,24,24.0,True,tenderStatistics_2025-07
2025-07-13,aFRRUp,239_2025,24,24,24.0,True,tenderStatistics_2025-07
2025-07-13,mFRRDown,239_2025,24,24,24.0,True,tenderStatistics_2025-07
2025-07-13,mFRRUp,239_2025,24,24,24.0,True,tenderStatistics_2025-07
2025-07-14,FCR,244_2025,24,24,24.0,True,tenderStatistics_2025-07
2025-07-14,aFRRDown,240_2025,24,24,24.0,True,tenderStatistics_2025-07
2025-07-14,aFRRUp,240_2025,24,24,24.0,True,tenderStatistics_2025-07
2025-07-14,mFRRDown,240_2025,24,24,24.0,True,tenderStatistics_2025-07
2025-07-14,mFRRUp,240_2025,24,24,24.0,True,tenderStatistics_2025-07
2025-07-15,FCR,245_2025,24,24,24.0,True,tenderStatistics_2025-07
2025-07-15,aFRRDown,241_2025,24,24,24.0,True,tenderStatistics_2025-07
2025-07-15,aFRRUp,241_2025,24,24,24.0,True,tenderStatistics_2025-07
2025-07-15,mFRRDown,241_2025,24,24,24.0,True,tenderStatistics_2025-07
2025-07-15,mFRRUp,241_2025,24,24,24.0,True,tenderStatistics_2025-07
2025-07-16,FCR,247_2025,24,24,24.0,True,tenderStatistics_2025-07
2025-07-16,aFRRDown,246_2025,24,24,24.0,True,tenderStatistics_2025-07
2025-07-16,aFRRUp,246_2025,24,24,24.0,True,tenderStatistics_2025-07
2025-07-16,mFRRDown,246_2025,24,24,24.0,True,tenderStatistics_2025-07
2025-07-16,mFRRUp,246_2025,24,24,24.0,True,tenderStatistics_2025-07
2025-07-17,FCR,249_2025,24,24,24.0,True,tenderStatistics_2025-07
2025-07-17,aFRRDown,248_2025,24,24,24.0,True,tenderStatistics_2025-07
2025-07-17,aFRRUp,248_2025,24,24,24.0,True,tenderStatistics_2025-07
2025-07-17,mFRRDown,248_2025,24,24,24.0,True,tenderStatistics_2025-07
2025-07-17,mFRRUp,248_2025,24,24,24.0,True,tenderStatistics_2025-07
2025-07-18,FCR,255_2025,24,24,24.0,True,tenderStatistics_2025-07
2025-07-18,aFRRDown,250_2025,24,24,24.0,True,tenderStatistics_2025-07
2025-07-18,aFRRUp,250_2025,24,24,24.0,True,tenderStatistics_2025-07
2025-07-18,mFRRDown,250_2025,24,24,24.0,True,tenderStatistics_2025-07
2025-07-18,mFRRUp,250_2025,24,24,24.0,True,tenderStatistics_2025-07
2025-07-19,FCR,256_2025,24,24,24.0,True,tenderStatistics_2025-07
2025-07-19,aFRRDown,251_2025,24,24,24.0,True,tenderStatistics_2025-07
2025-07-19,aFRRUp,251_2025,24,24,24.0,True,tenderStatistics_2025-07
2025-07-19,mFRRDown,251_2025,24,24,24.0,True,tenderStatistics_2025-07
2025-07-19,mFRRUp,251_2025,24,24,24.0,True,tenderStatistics_2025-07
2025-07-20,FCR,257_2025,24,24,24.0,True,tenderStatistics_2025-07
2025-07-20,aFRRDown,252_2025,24,24,24.0,True,tenderStatistics_2025-07
2025-07-20,aFRRUp,252_2025,24,24,24.0,True,tenderStatistics_2025-07
2025-07-20,mFRRDown,252_2025,24,24,24.0,True,tenderStatistics_2025-07
2025-07-20,mFRRUp,252_2025,24,24,24.0,True,tenderStatistics_2025-07
2025-07-21,FCR,258_2025,24,24,24.0,True,tenderStatistics_2025-07
2025-07-21,aFRRDown,253_2025,24,24,24.0,True,tenderStatistics_2025-07
2025-07-21,aFRRUp,253_2025,24,24,24.0,True,tenderStatistics_2025-07
2025-07-21,mFRRDown,253_2025,24,24,24.0,True,tenderStatistics_2025-07
2025-07-21,mFRRUp,253_2025,24,24,24.0,True,tenderStatistics_2025-07
2025-07-22,FCR,259_2025,24,24,24.0,True,tenderStatistics_2025-07
2025-07-22,aFRRDown,254_2025,24,24,24.0,True,tenderStatistics_2025-07
2025-07-22,aFRRUp,254_2025,24,24,24.0,True,tenderStatistics_2025-07
2025-07-22,mFRRDown,254_2025,24,24,24.0,True,tenderStatistics_2025-07
2025-07-22,mFRRUp,254_2025,24,24,24.0,True,tenderStatistics_2025-07
2025-07-23,FCR,261_2025,24,24,24.0,True,tenderStatistics_2025-07
2025-07-23,aFRRDown,260_2025,24,24,24.0,True,tenderStatistics_2025-07
2025-07-23,aFRRUp,260_2025,24,24,24.0,True,tenderStatistics_2025-07
2025-07-23,mFRRDown,260_2025,24,24,24.0,True,tenderStatistics_2025-07
2025-07-23,mFRRUp,260_2025,24,24,24.0,True,tenderStatistics_2025-07
2025-07-24,FCR,263_2025,24,24,24.0,True,tenderStatistics_2025-07
2025-07-24,aFRRDown,262_2025,24,24,24.0,True,tenderStatistics_2025-07
2025-07-24,aFRRUp,262_2025,24,24,24.0,True,tenderStatistics_2025-07
2025-07-24,mFRRDown,262_2025,24,24,24.0,True,tenderStatistics_2025-07
2025-07-24,mFRRUp,262_2025,24,24,24.0,True,tenderStatistics_2025-07
2025-07-25,FCR,265_2025,24,24,24.0,True,tenderStatistics_2025-07
2025-07-25,aFRRDown,264_2025,24,24,24.0,True,tenderStatistics_2025-07
2025-07-25,aFRRUp,264_2025,24,24,24.0,True,tenderStatistics_2025-07
2025-07-25,mFRRDown,264_2025,24,24,24.0,True,tenderStatistics_2025-07
2025-07-25,mFRRUp,264_2025,24,24,24.0,True,tenderStatistics_2025-07
2025-07-26,FCR,270_2025,24,24,24.0,True,tenderStatistics_2025-07
2025-07-26,aFRRDown,266_2025,24,24,24.0,True,tenderStatistics_2025-07
2025-07-26,aFRRUp,266_2025,24,24,24.0,True,tenderStatistics_2025-07
2025-07-26,mFRRDown,266_2025,24,24,24.0,True,tenderStatistics_2025-07
2025-07-26,mFRRUp,266_2025,24,24,24.0,True,tenderStatistics_2025-07
2025-07-27,FCR,271_2025,24,24,24.0,True,tenderStatistics_2025-07
2025-07-27,aFRRDown,267_2025,24,24,24.0,True,tenderStatistics_2025-07
2025-07-27,aFRRUp,267_2025,24,24,24.0,True,tenderStatistics_2025-07
2025-07-27,mFRRDown,267_2025,24,24,24.0,True,tenderStatistics_2025-07
2025-07-27,mFRRUp,267_2025,24,24,24.0,True,tenderStatistics_2025-07
2025-07-28,FCR,272_2025,24,24,24.0,True,tenderStatistics_2025-07
2025-07-28,aFRRDown,268_2025,24,24,24.0,True,tenderStatistics_2025-07
2025-07-28,aFRRUp,268_2025,24,24,24.0,True,tenderStatistics_2025-07
2025-07-28,mFRRDown,268_2025,24,24,24.0,True,tenderStatistics_2025-07
2025-07-28,mFRRUp,268_2025,24,24,24.0,True,tenderStatistics_2025-07
2025-07-29,FCR,273_2025,24,24,24.0,True,tenderStatistics_2025-07
2025-07-29,aFRRDown,269_2025,24,24,24.0,True,tenderStatistics_2025-07
2025-07-29,aFRRUp,269_2025,24,24,24.0,True,tenderStatistics_2025-07
2025-07-29,mFRRDown,269_2025,24,24,24.0,True,tenderStatistics_2025-07
2025-07-29,mFRRUp,269_2025,24,24,24.0,True,tenderStatistics_2025-07
2025-07-30,FCR,275_2025,24,24,24.0,True,tenderStatistics_2025-07
2025-07-30,aFRRDown,276_2025,24,24,24.0,True,tenderStatistics_2025-07
2025-07-30,aFRRUp,276_2025,24,24,24.0,True,tenderStatistics_2025-07
2025-07-30,mFRRDown,276_2025,24,24,24.0,True,tenderStatistics_2025-07
2025-07-30,mFRRUp,276_2025,24,24,24.0,True,tenderStatistics_2025-07
2025-07-31,FCR,278_2025,24,24,24.0,True,tenderStatistics_2025-07
2025-07-31,aFRRDown,277_2025,24,24,24.0,True,tenderStatistics_2025-07
2025-07-31,aFRRUp,277_2025,24,24,24.0,True,tenderStatistics_2025-07
2025-07-31,mFRRDown,277_2025,24,24,24.0,True,tenderStatistics_2025-07
2025-07-31,mFRRUp,277_2025,24,24,24.0,True,tenderStatistics_2025-07
2025-08-01,FCR,282_2025,24,24,24.0,True,tenderStatistics_2025-08
2025-08-01,aFRRDown,281_2025,24,24,24.0,True,tenderStatistics_2025-08
2025-08-01,aFRRUp,281_2025,24,24,24.0,True,tenderStatistics_2025-08
2025-08-01,mFRRDown,281_2025,24,24,24.0,True,tenderStatistics_2025-08
2025-08-01,mFRRUp,281_2025,24,24,24.0,True,tenderStatistics_2025-08
2025-08-02,FCR,287_2025,24,24,24.0,True,tenderStatistics_2025-08
2025-08-02,aFRRDown,283_2025,24,24,24.0,True,tenderStatistics_2025-08
2025-08-02,aFRRUp,283_2025,24,24,24.0,True,tenderStatistics_2025-08
2025-08-02,mFRRDown,283_2025,24,24,24.0,True,tenderStatistics_2025-08
2025-08-02,mFRRUp,283_2025,24,24,24.0,True,tenderStatistics_2025-08
2025-08-03,FCR,288_2025,24,24,24.0,True,tenderStatistics_2025-08
2025-08-03,aFRRDown,284_2025,24,24,24.0,True,tenderStatistics_2025-08
2025-08-03,aFRRUp,284_2025,24,24,24.0,True,tenderStatistics_2025-08
2025-08-03,mFRRDown,284_2025,24,24,24.0,True,tenderStatistics_2025-08
2025-08-03,mFRRUp,284_2025,24,24,24.0,True,tenderStatistics_2025-08
2025-08-04,FCR,289_2025,24,24,24.0,True,tenderStatistics_2025-08
2025-08-04,aFRRDown,285_2025,24,24,24.0,True,tenderStatistics_2025-08
2025-08-04,aFRRUp,285_2025,24,24,24.0,True,tenderStatistics_2025-08
2025-08-04,mFRRDown,285_2025,24,24,24.0,True,tenderStatistics_2025-08
2025-08-04,mFRRUp,285_2025,24,24,24.0,True,tenderStatistics_2025-08
2025-08-05,FCR,290_2025,24,24,24.0,True,tenderStatistics_2025-08
2025-08-05,aFRRDown,286_2025,24,24,24.0,True,tenderStatistics_2025-08
2025-08-05,aFRRUp,286_2025,24,24,24.0,True,tenderStatistics_2025-08
2025-08-05,mFRRDown,286_2025,24,24,24.0,True,tenderStatistics_2025-08
2025-08-05,mFRRUp,286_2025,24,24,24.0,True,tenderStatistics_2025-08
2025-08-06,FCR,292_2025,24,24,24.0,True,tenderStatistics_2025-08
2025-08-06,aFRRDown,291_2025,24,24,24.0,True,tenderStatistics_2025-08
2025-08-06,aFRRUp,291_2025,24,24,24.0,True,tenderStatistics_2025-08
2025-08-06,mFRRDown,291_2025,24,24,24.0,True,tenderStatistics_2025-08
2025-08-06,mFRRUp,291_2025,24,24,24.0,True,tenderStatistics_2025-08
2025-08-07,FCR,294_2025,24,24,24.0,True,tenderStatistics_2025-08
2025-08-07,aFRRDown,293_2025,24,24,24.0,True,tenderStatistics_2025-08
2025-08-07,aFRRUp,293_2025,24,24,24.0,True,tenderStatistics_2025-08
2025-08-07,mFRRDown,293_2025,24,24,24.0,True,tenderStatistics_2025-08
2025-08-07,mFRRUp,293_2025,24,24,24.0,True,tenderStatistics_2025-08
2025-08-08,FCR,296_2025,24,24,24.0,True,tenderStatistics_2025-08
2025-08-08,aFRRDown,295_2025,24,24,24.0,True,tenderStatistics_2025-08
2025-08-08,aFRRUp,295_2025,24,24,24.0,True,tenderStatistics_2025-08
2025-08-08,mFRRDown,295_2025,24,24,24.0,True,tenderStatistics_2025-08
2025-08-08,mFRRUp,295_2025,24,24,24.0,True,tenderStatistics_2025-08
2025-08-09,FCR,302_2025,24,24,24.0,True,tenderStatistics_2025-08
2025-08-09,aFRRDown,298_2025,24,24,24.0,True,tenderStatistics_2025-08
2025-08-09,aFRRUp,298_2025,24,24,24.0,True,tenderStatistics_2025-08
2025-08-09,mFRRDown,298_2025,24,24,24.0,True,tenderStatistics_2025-08
2025-08-09,mFRRUp,298_2025,24,24,24.0,True,tenderStatistics_2025-08
2025-08-10,FCR,303_2025,24,24,24.0,True,tenderStatistics_2025-08
2025-08-10,aFRRDown,299_2025,24,24,24.0,True,tenderStatistics_2025-08
2025-08-10,aFRRUp,299_2025,24,24,24.0,True,tenderStatistics_2025-08
2025-08-10,mFRRDown,299_2025,24,24,24.0,True,tenderStatistics_2025-08
2025-08-10,mFRRUp,299_2025,24,24,24.0,True,tenderStatistics_2025-08
2025-08-11,FCR,304_2025,24,24,24.0,True,tenderStatistics_2025-08
2025-08-11,aFRRDown,300_2025,24,24,24.0,True,tenderStatistics_2025-08
2025-08-11,aFRRUp,300_2025,24,24,24.0,True,tenderStatistics_2025-08
2025-08-11,mFRRDown,300_2025,24,24,24.0,True,tenderStatistics_2025-08
2025-08-11,mFRRUp,300_2025,24,24,24.0,True,tenderStatistics_2025-08
2025-08-12,FCR,305_2025,24,24,24.0,True,tenderStatistics_2025-08
2025-08-12,aFRRDown,301_2025,24,24,24.0,True,tenderStatistics_2025-08
2025-08-12,aFRRUp,301_2025,24,24,24.0,True,tenderStatistics_2025-08
2025-08-12,mFRRDown,301_2025,24,24,24.0,True,tenderStatistics_2025-08
2025-08-12,mFRRUp,301_2025,24,24,24.0,True,tenderStatistics_2025-08
2025-08-13,FCR,307_2025,24,24,24.0,True,tenderStatistics_2025-08
2025-08-13,aFRRDown,306_2025,24,24,24.0,True,tenderStatistics_2025-08
2025-08-13,aFRRUp,306_2025,24,24,24.0,True,tenderStatistics_2025-08
2025-08-13,mFRRDown,306_2025,24,24,24.0,True,tenderStatistics_2025-08
2025-08-13,mFRRUp,306_2025,24,24,24.0,True,tenderStatistics_2025-08
2025-08-14,FCR,309_2025,24,24,24.0,True,tenderStatistics_2025-08
2025-08-14,aFRRDown,308_2025,24,24,24.0,True,tenderStatistics_2025-08
2025-08-14,aFRRUp,308_2025,24,24,24.0,True,tenderStatistics_2025-08
2025-08-14,mFRRDown,308_2025,24,24,24.0,True,tenderStatistics_2025-08
2025-08-14,mFRRUp,308_2025,24,24,24.0,True,tenderStatistics_2025-08
2025-08-15,FCR,315_2025,24,24,24.0,True,tenderStatistics_2025-08
2025-08-15,aFRRDown,310_2025,24,24,24.0,True,tenderStatistics_2025-08
2025-08-15,aFRRUp,310_2025,24,24,24.0,True,tenderStatistics_2025-08
2025-08-15,mFRRDown,310_2025,24,24,24.0,True,tenderStatistics_2025-08
2025-08-15,mFRRUp,310_2025,24,24,24.0,True,tenderStatistics_2025-08
2025-08-16,FCR,316_2025,24,24,24.0,True,tenderStatistics_2025-08
2025-08-16,aFRRDown,311_2025,24,24,24.0,True,tenderStatistics_2025-08
2025-08-16,aFRRUp,311_2025,24,24,24.0,True,tenderStatistics_2025-08
2025-08-16,mFRRDown,311_2025,24,24,24.0,True,tenderStatistics_2025-08
2025-08-16,mFRRUp,311_2025,24,24,24.0,True,tenderStatistics_2025-08
2025-08-17,FCR,317_2025,24,24,24.0,True,tenderStatistics_2025-08
2025-08-17,aFRRDown,312_2025,24,24,24.0,True,tenderStatistics_2025-08
2025-08-17,aFRRUp,312_2025,24,24,24.0,True,tenderStatistics_2025-08
2025-08-17,mFRRDown,312_2025,24,24,24.0,True,tenderStatistics_2025-08
2025-08-17,mFRRUp,312_2025,24,24,24.0,True,tenderStatistics_2025-08
2025-08-18,FCR,318_2025,24,24,24.0,True,tenderStatistics_2025-08
2025-08-18,aFRRDown,313_2025,24,24,24.0,True,tenderStatistics_2025-08
2025-08-18,aFRRUp,313_2025,24,24,24.0,True,tenderStatistics_2025-08
2025-08-18,mFRRDown,313_2025,24,24,24.0,True,tenderStatistics_2025-08
2025-08-18,mFRRUp,313_2025,24,24,24.0,True,tenderStatistics_2025-08
2025-08-19,FCR,319_2025,24,24,24.0,True,tenderStatistics_2025-08
2025-08-19,aFRRDown,314_2025,24,24,24.0,True,tenderStatistics_2025-08
2025-08-19,aFRRUp,314_2025,24,24,24.0,True,tenderStatistics_2025-08
2025-08-19,mFRRDown,314_2025,24,24,24.0,True,tenderStatistics_2025-08
2025-08-19,mFRRUp,314_2025,24,24,24.0,True,tenderStatistics_2025-08
2025-08-20,FCR,321_2025,24,24,24.0,True,tenderStatistics_2025-08
2025-08-20,aFRRDown,320_2025,24,24,24.0,True,tenderStatistics_2025-08
2025-08-20,aFRRUp,320_2025,24,24,24.0,True,tenderStatistics_2025-08
2025-08-20,mFRRDown,320_2025,24,24,24.0,True,tenderStatistics_2025-08
2025-08-20,mFRRUp,320_2025,24,24,24.0,True,tenderStatistics_2025-08
2025-08-21,FCR,323_2025,24,24,24.0,True,tenderStatistics_2025-08
2025-08-21,aFRRDown,322_2025,24,24,24.0,True,tenderStatistics_2025-08
2025-08-21,aFRRUp,322_2025,24,24,24.0,True,tenderStatistics_2025-08
2025-08-21,mFRRDown,322_2025,24,24,24.0,True,tenderStatistics_2025-08
2025-08-21,mFRRUp,322_2025,24,24,24.0,True,tenderStatistics_2025-08
2025-08-22,FCR,325_2025,24,24,24.0,True,tenderStatistics_2025-08
2025-08-22,aFRRDown,324_2025,24,24,24.0,True,tenderStatistics_2025-08
2025-08-22,aFRRUp,324_2025,24,24,24.0,True,tenderStatistics_2025-08
2025-08-22,mFRRDown,324_2025,24,24,24.0,True,tenderStatistics_2025-08
2025-08-22,mFRRUp,324_2025,24,24,24.0,True,tenderStatistics_2025-08
2025-08-23,FCR,330_2025,24,24,24.0,True,tenderStatistics_2025-08
2025-08-23,aFRRDown,326_2025,24,24,24.0,True,tenderStatistics_2025-08
2025-08-23,aFRRUp,326_2025,24,24,24.0,True,tenderStatistics_2025-08
2025-08-23,mFRRDown,326_2025,24,24,24.0,True,tenderStatistics_2025-08
2025-08-23,mFRRUp,326_2025,24,24,24.0,True,tenderStatistics_2025-08
2025-08-24,FCR,331_2025,24,24,24.0,True,tenderStatistics_2025-08
2025-08-24,aFRRDown,327_2025,24,24,24.0,True,tenderStatistics_2025-08
2025-08-24,aFRRUp,327_2025,24,24,24.0,True,tenderStatistics_2025-08
2025-08-24,mFRRDown,327_2025,24,24,24.0,True,tenderStatistics_2025-08
2025-08-24,mFRRUp,327_2025,24,24,24.0,True,tenderStatistics_2025-08
2025-08-25,FCR,332_2025,24,24,24.0,True,tenderStatistics_2025-08
2025-08-25,aFRRDown,328_2025,24,24,24.0,True,tenderStatistics_2025-08
2025-08-25,aFRRUp,328_2025,24,24,24.0,True,tenderStatistics_2025-08
2025-08-25,mFRRDown,328_2025,24,24,24.0,True,tenderStatistics_2025-08
2025-08-25,mFRRUp,328_2025,24,24,24.0,True,tenderStatistics_2025-08
2025-08-26,FCR,333_2025,24,24,24.0,True,tenderStatistics_2025-08
2025-08-26,aFRRDown,329_2025,24,24,24.0,True,tenderStatistics_2025-08
2025-08-26,aFRRUp,329_2025,24,24,24.0,True,tenderStatistics_2025-08
2025-08-26,mFRRDown,329_2025,24,24,24.0,True,tenderStatistics_2025-08
2025-08-26,mFRRUp,329_2025,24,24,24.0,True,tenderStatistics_2025-08
2025-08-27,FCR,335_2025,24,24,24.0,True,tenderStatistics_2025-08
2025-08-27,aFRRDown,334_2025,24,24,24.0,True,tenderStatistics_2025-08
2025-08-27,aFRRUp,334_2025,24,24,24.0,True,tenderStatistics_2025-08
2025-08-27,mFRRDown,334_2025,24,24,24.0,True,tenderStatistics_2025-08
2025-08-27,mFRRUp,334_2025,24,24,24.0,True,tenderStatistics_2025-08
2025-08-28,FCR,337_2025,24,24,24.0,True,tenderStatistics_2025-08
2025-08-28,aFRRDown,336_2025,24,24,24.0,True,tenderStatistics_2025-08
2025-08-28,aFRRUp,336_2025,24,24,24.0,True,tenderStatistics_2025-08
2025-08-28,mFRRDown,336_2025,24,24,24.0,True,tenderStatistics_2025-08
2025-08-28,mFRRUp,336_2025,24,24,24.0,True,tenderStatistics_2025-08
2025-08-29,FCR,339_2025,24,24,24.0,True,tenderStatistics_2025-08
2025-08-29,aFRRDown,338_2025,24,24,24.0,True,tenderStatistics_2025-08
2025-08-29,aFRRUp,338_2025,24,24,24.0,True,tenderStatistics_2025-08
2025-08-29,mFRRDown,338_2025,24,24,24.0,True,tenderStatistics_2025-08
2025-08-29,mFRRUp,338_2025,24,24,24.0,True,tenderStatistics_2025-08
2025-08-30,FCR,344_2025,24,24,24.0,True,tenderStatistics_2025-08
2025-08-30,aFRRDown,340_2025,24,24,24.0,True,tenderStatistics_2025-08
2025-08-30,aFRRUp,340_2025,24,24,24.0,True,tenderStatistics_2025-08
2025-08-30,mFRRDown,340_2025,24,24,24.0,True,tenderStatistics_2025-08
2025-08-30,mFRRUp,340_2025,24,24,24.0,True,tenderStatistics_2025-08
2025-08-31,FCR,345_2025,24,24,24.0,True,tenderStatistics_2025-08
2025-08-31,aFRRDown,341_2025,24,24,24.0,True,tenderStatistics_2025-08
2025-08-31,aFRRUp,341_2025,24,24,24.0,True,tenderStatistics_2025-08
2025-08-31,mFRRDown,341_2025,24,24,24.0,True,tenderStatistics_2025-08
2025-08-31,mFRRUp,341_2025,24,24,24.0,True,tenderStatistics_2025-08
2025-09-01,FCR,346_2025,24,24,24.0,True,tenderStatistics_2025-09
2025-09-01,aFRRDown,342_2025,24,24,24.0,True,tenderStatistics_2025-09
2025-09-01,aFRRUp,342_2025,24,24,24.0,True,tenderStatistics_2025-09
2025-09-01,mFRRDown,342_2025,24,24,24.0,True,tenderStatistics_2025-09
2025-09-01,mFRRUp,342_2025,24,24,24.0,True,tenderStatistics_2025-09
2025-09-02,FCR,347_2025,24,24,24.0,True,tenderStatistics_2025-09
2025-09-02,aFRRDown,343_2025,24,24,24.0,True,tenderStatistics_2025-09
2025-09-02,aFRRUp,343_2025,24,24,24.0,True,tenderStatistics_2025-09
2025-09-02,mFRRDown,343_2025,24,24,24.0,True,tenderStatistics_2025-09
2025-09-02,mFRRUp,343_2025,24,24,24.0,True,tenderStatistics_2025-09
2025-09-03,FCR,349_2025,24,24,24.0,True,tenderStatistics_2025-09
2025-09-03,aFRRDown,348_2025,24,24,24.0,True,tenderStatistics_2025-09
2025-09-03,aFRRUp,348_2025,24,24,24.0,True,tenderStatistics_2025-09
2025-09-03,mFRRDown,348_2025,24,24,24.0,True,tenderStatistics_2025-09
2025-09-03,mFRRUp,348_2025,24,24,24.0,True,tenderStatistics_2025-09
2025-09-04,FCR,351_2025,24,24,24.0,True,tenderStatistics_2025-09
2025-09-04,aFRRDown,350_2025,24,24,24.0,True,tenderStatistics_2025-09
2025-09-04,aFRRUp,350_2025,24,24,24.0,True,tenderStatistics_2025-09
2025-09-04,mFRRDown,350_2025,24,24,24.0,True,tenderStatistics_2025-09
2025-09-04,mFRRUp,350_2025,24,24,24.0,True,tenderStatistics_2025-09
2025-09-05,FCR,353_2025,24,24,24.0,True,tenderStatistics_2025-09
2025-09-05,aFRRDown,352_2025,24,24,24.0,True,tenderStatistics_2025-09
2025-09-05,aFRRUp,352_2025,24,24,24.0,True,tenderStatistics_2025-09
2025-09-05,mFRRDown,352_2025,24,24,24.0,True,tenderStatistics_2025-09
2025-09-05,mFRRUp,352_2025,24,24,24.0,True,tenderStatistics_2025-09
2025-09-06,FCR,358_2025,24,24,24.0,True,tenderStatistics_2025-09
2025-09-06,aFRRDown,354_2025,24,24,24.0,True,tenderStatistics_2025-09
2025-09-06,aFRRUp,354_2025,24,24,24.0,True,tenderStatistics_2025-09
2025-09-06,mFRRDown,354_2025,24,24,24.0,True,tenderStatistics_2025-09
2025-09-06,mFRRUp,354_2025,24,24,24.0,True,tenderStatistics_2025-09
2025-09-07,FCR,359_2025,24,24,24.0,True,tenderStatistics_2025-09
2025-09-07,aFRRDown,355_2025,24,24,24.0,True,tenderStatistics_2025-09
2025-09-07,aFRRUp,355_2025,24,24,24.0,True,tenderStatistics_2025-09
2025-09-07,mFRRDown,355_2025,24,24,24.0,True,tenderStatistics_2025-09
2025-09-07,mFRRUp,355_2025,24,24,24.0,True,tenderStatistics_2025-09
2025-09-08,FCR,360_2025,24,24,24.0,True,tenderStatistics_2025-09
2025-09-08,aFRRDown,356_2025,24,24,24.0,True,tenderStatistics_2025-09
2025-09-08,aFRRUp,356_2025,24,24,24.0,True,tenderStatistics_2025-09
2025-09-08,mFRRDown,356_2025,24,24,24.0,True,tenderStatistics_2025-09
2025-09-08,mFRRUp,356_2025,24,24,24.0,True,tenderStatistics_2025-09
2025-09-09,FCR,361_2025,24,24,24.0,True,tenderStatistics_2025-09
2025-09-09,aFRRDown,357_2025,24,24,24.0,True,tenderStatistics_2025-09
2025-09-09,aFRRUp,357_2025,24,24,24.0,True,tenderStatistics_2025-09
2025-09-09,mFRRDown,357_2025,24,24,24.0,True,tenderStatistics_2025-09
2025-09-09,mFRRUp,357_2025,24,24,24.0,True,tenderStatistics_2025-09
2025-09-10,FCR,363_2025,24,24,24.0,True,tenderStatistics_2025-09
2025-09-10,aFRRDown,362_2025,24,24,24.0,True,tenderStatistics_2025-09
2025-09-10,aFRRUp,362_2025,24,24,24.0,True,tenderStatistics_2025-09
2025-09-10,mFRRDown,362_2025,24,24,24.0,True,tenderStatistics_2025-09
2025-09-10,mFRRUp,362_2025,24,24,24.0,True,tenderStatistics_2025-09
2025-09-11,FCR,365_2025,24,24,24.0,True,tenderStatistics_2025-09
2025-09-11,aFRRDown,364_2025,24,24,24.0,True,tenderStatistics_2025-09
2025-09-11,aFRRUp,364_2025,24,24,24.0,True,tenderStatistics_2025-09
2025-09-11,mFRRDown,364_2025,24,24,24.0,True,tenderStatistics_2025-09
2025-09-11,mFRRUp,364_2025,24,24,24.0,True,tenderStatistics_2025-09
2025-09-12,FCR,367_2025,24,24,24.0,True,tenderStatistics_2025-09
2025-09-12,aFRRDown,366_2025,24,24,24.0,True,tenderStatistics_2025-09
2025-09-12,aFRRUp,366_2025,24,24,24.0,True,tenderStatistics_2025-09
2025-09-12,mFRRDown,366_2025,24,24,24.0,True,tenderStatistics_2025-09
2025-09-12,mFRRUp,366_2025,24,24,24.0,True,tenderStatistics_2025-09
2025-09-13,FCR,372_2025,24,24,24.0,True,tenderStatistics_2025-09
2025-09-13,aFRRDown,368_2025,24,24,24.0,True,tenderStatistics_2025-09
2025-09-13,aFRRUp,368_2025,24,24,24.0,True,tenderStatistics_2025-09
2025-09-13,mFRRDown,368_2025,24,24,24.0,True,tenderStatistics_2025-09
2025-09-13,mFRRUp,368_2025,24,24,24.0,True,tenderStatistics_2025-09
2025-09-14,FCR,373_2025,24,24,24.0,True,tenderStatistics_2025-09
2025-09-14,aFRRDown,369_2025,24,24,24.0,True,tenderStatistics_2025-09
2025-09-14,aFRRUp,369_2025,24,24,24.0,True,tenderStatistics_2025-09
2025-09-14,mFRRDown,369_2025,24,24,24.0,True,tenderStatistics_2025-09
2025-09-14,mFRRUp,369_2025,24,24,24.0,True,tenderStatistics_2025-09
2025-09-15,FCR,374_2025,24,24,24.0,True,tenderStatistics_2025-09
2025-09-15,aFRRDown,376_2025,24,24,24.0,True,tenderStatistics_2025-09
2025-09-15,aFRRUp,376_2025,24,24,24.0,True,tenderStatistics_2025-09
2025-09-15,mFRRDown,376_2025,24,24,24.0,True,tenderStatistics_2025-09
2025-09-15,mFRRUp,376_2025,24,24,24.0,True,tenderStatistics_2025-09
2025-09-16,FCR,375_2025,24,24,24.0,True,tenderStatistics_2025-09
2025-09-16,aFRRDown,377_2025,24,24,24.0,True,tenderStatistics_2025-09
2025-09-16,aFRRUp,377_2025,24,24,24.0,True,tenderStatistics_2025-09
2025-09-16,mFRRDown,377_2025,24,24,24.0,True,tenderStatistics_2025-09
2025-09-16,mFRRUp,377_2025,24,24,24.0,True,tenderStatistics_2025-09
2025-09-17,aFRRDown,378_2025,24,24,24.0,True,tenderStatistics_2025-09
2025-09-17,aFRRUp,378_2025,24,24,24.0,True,tenderStatistics_2025-09
2025-09-17,mFRRDown,378_2025,24,24,24.0,True,tenderStatistics_2025-09
2025-09-17,mFRRUp,378_2025,24,24,24.0,True,tenderStatistics_2025-09
2025-09-17,FCR,380_2025,24,24,24.0,True,tenderStatistics_2025-09
2025-09-18,FCR,382_2025,24,24,24.0,True,tenderStatistics_2025-09
2025-09-18,aFRRDown,381_2025,24,24,24.0,True,tenderStatistics_2025-09
2025-09-18,aFRRUp,381_2025,24,24,24.0,True,tenderStatistics_2025-09
2025-09-18,mFRRDown,381_2025,24,24,24.0,True,tenderStatistics_2025-09
2025-09-18,mFRRUp,381_2025,24,24,24.0,True,tenderStatistics_2025-09
2025-09-19,FCR,384_2025,24,24,24.0,True,tenderStatistics_2025-09
2025-09-19,aFRRDown,383_2025,24,24,24.0,True,tenderStatistics_2025-09
2025-09-19,aFRRUp,383_2025,24,24,24.0,True,tenderStatistics_2025-09
2025-09-19,mFRRDown,383_2025,24,24,24.0,True,tenderStatistics_2025-09
2025-09-19,mFRRUp,383_2025,24,24,24.0,True,tenderStatistics_2025-09
2025-09-20,FCR,389_2025,24,24,24.0,True,tenderStatistics_2025-09
2025-09-20,aFRRDown,385_2025,24,24,24.0,True,tenderStatistics_2025-09
2025-09-20,aFRRUp,385_2025,24,24,24.0,True,tenderStatistics_2025-09
2025-09-20,mFRRDown,385_2025,24,24,24.0,True,tenderStatistics_2025-09
2025-09-20,mFRRUp,385_2025,24,24,24.0,True,tenderStatistics_2025-09
2025-09-21,FCR,390_2025,24,24,24.0,True,tenderStatistics_2025-09
2025-09-21,aFRRDown,386_2025,24,24,24.0,True,tenderStatistics_2025-09
2025-09-21,aFRRUp,386_2025,24,24,24.0,True,tenderStatistics_2025-09
2025-09-21,mFRRDown,386_2025,24,24,24.0,True,tenderStatistics_2025-09
2025-09-21,mFRRUp,386_2025,24,24,24.0,True,tenderStatistics_2025-09
2025-09-22,FCR,391_2025,24,24,24.0,True,tenderStatistics_2025-09
2025-09-22,aFRRDown,387_2025,24,24,24.0,True,tenderStatistics_2025-09
2025-09-22,aFRRUp,387_2025,24,24,24.0,True,tenderStatistics_2025-09
2025-09-22,mFRRDown,387_2025,24,24,24.0,True,tenderStatistics_2025-09
2025-09-22,mFRRUp,387_2025,24,24,24.0,True,tenderStatistics_2025-09
2025-09-23,FCR,392_2025,24,24,24.0,True,tenderStatistics_2025-09
2025-09-23,aFRRDown,388_2025,24,24,24.0,True,tenderStatistics_2025-09
2025-09-23,aFRRUp,388_2025,24,24,24.0,True,tenderStatistics_2025-09
2025-09-23,mFRRDown,388_2025,24,24,24.0,True,tenderStatistics_2025-09
2025-09-23,mFRRUp,388_2025,24,24,24.0,True,tenderStatistics_2025-09
2025-09-24,FCR,394_2025,24,24,24.0,True,tenderStatistics_2025-09
2025-09-24,aFRRDown,393_2025,24,24,24.0,True,tenderStatistics_2025-09
2025-09-24,aFRRUp,393_2025,24,24,24.0,True,tenderStatistics_2025-09
2025-09-24,mFRRDown,393_2025,24,24,24.0,True,tenderStatistics_2025-09
2025-09-24,mFRRUp,393_2025,24,24,24.0,True,tenderStatistics_2025-09
2025-09-25,FCR,396_2025,24,24,24.0,True,tenderStatistics_2025-09
2025-09-25,aFRRDown,395_2025,24,24,24.0,True,tenderStatistics_2025-09
2025-09-25,aFRRUp,395_2025,24,24,24.0,True,tenderStatistics_2025-09
2025-09-25,mFRRDown,395_2025,24,24,24.0,True,tenderStatistics_2025-09
2025-09-25,mFRRUp,395_2025,24,24,24.0,True,tenderStatistics_2025-09
2025-09-26,FCR,398_2025,24,24,24.0,True,tenderStatistics_2025-09
2025-09-26,aFRRDown,397_2025,24,24,24.0,True,tenderStatistics_2025-09
2025-09-26,aFRRUp,397_2025,24,24,24.0,True,tenderStatistics_2025-09
2025-09-26,mFRRDown,397_2025,24,24,24.0,True,tenderStatistics_2025-09
2025-09-26,mFRRUp,397_2025,24,24,24.0,True,tenderStatistics_2025-09
2025-09-27,FCR,403_2025,24,24,24.0,True,tenderStatistics_2025-09
2025-09-27,aFRRDown,399_2025,24,24,24.0,True,tenderStatistics_2025-09
2025-09-27,aFRRUp,399_2025,24,24,24.0,True,tenderStatistics_2025-09
2025-09-27,mFRRDown,399_2025,24,24,24.0,True,tenderStatistics_2025-09
2025-09-27,mFRRUp,399_2025,24,24,24.0,True,tenderStatistics_2025-09
2025-09-28,FCR,404_2025,24,24,24.0,True,tenderStatistics_2025-09
2025-09-28,aFRRDown,400_2025,24,24,24.0,True,tenderStatistics_2025-09
2025-09-28,aFRRUp,400_2025,24,24,24.0,True,tenderStatistics_2025-09
2025-09-28,mFRRDown,400_2025,24,24,24.0,True,tenderStatistics_2025-09
2025-09-28,mFRRUp,400_2025,24,24,24.0,True,tenderStatistics_2025-09
2025-09-29,FCR,405_2025,24,24,24.0,True,tenderStatistics_2025-09
2025-09-29,aFRRDown,401_2025,24,24,24.0,True,tenderStatistics_2025-09
2025-09-29,aFRRUp,401_2025,24,24,24.0,True,tenderStatistics_2025-09
2025-09-29,mFRRDown,401_2025,24,24,24.0,True,tenderStatistics_2025-09
2025-09-29,mFRRUp,401_2025,24,24,24.0,True,tenderStatistics_2025-09
2025-09-30,FCR,406_2025,24,24,24.0,True,tenderStatistics_2025-09
2025-09-30,aFRRDown,402_2025,24,24,24.0,True,tenderStatistics_2025-09
2025-09-30,aFRRUp,402_2025,24,24,24.0,True,tenderStatistics_2025-09
2025-09-30,mFRRDown,402_2025,24,24,24.0,True,tenderStatistics_2025-09
2025-09-30,mFRRUp,402_2025,24,24,24.0,True,tenderStatistics_2025-09
2025-10-01,FCR,408_2025,24,24,24.0,True,tenderStatistics_2025-10
2025-10-01,aFRRDown,407_2025,24,24,24.0,True,tenderStatistics_2025-10
2025-10-01,aFRRUp,407_2025,24,24,24.0,True,tenderStatistics_2025-10
2025-10-01,mFRRDown,407_2025,24,24,24.0,True,tenderStatistics_2025-10
2025-10-01,mFRRUp,407_2025,24,24,24.0,True,tenderStatistics_2025-10
2025-10-02,aFRRDown,409_2025,24,24,24.0,True,tenderStatistics_2025-10
2025-10-02,aFRRUp,409_2025,24,24,24.0,True,tenderStatistics_2025-10
2025-10-02,mFRRDown,409_2025,24,24,24.0,True,tenderStatistics_2025-10
2025-10-02,mFRRUp,409_2025,24,24,24.0,True,tenderStatistics_2025-10
2025-10-02,FCR,410_2025,24,24,24.0,True,tenderStatistics_2025-10
2025-10-03,FCR,412_2025,24,24,24.0,True,tenderStatistics_2025-10
2025-10-03,aFRRDown,411_2025,24,24,24.0,True,tenderStatistics_2025-10
2025-10-03,aFRRUp,411_2025,24,24,24.0,True,tenderStatistics_2025-10
2025-10-03,mFRRDown,411_2025,24,24,24.0,True,tenderStatistics_2025-10
2025-10-03,mFRRUp,411_2025,24,24,24.0,True,tenderStatistics_2025-10
2025-10-04,FCR,417_2025,24,24,24.0,True,tenderStatistics_2025-10
2025-10-04,aFRRDown,413_2025,24,24,24.0,True,tenderStatistics_2025-10
2025-10-04,aFRRUp,413_2025,24,24,24.0,True,tenderStatistics_2025-10
2025-10-04,mFRRDown,413_2025,24,24,24.0,True,tenderStatistics_2025-10
2025-10-04,mFRRUp,413_2025,24,24,24.0,True,tenderStatistics_2025-10
2025-10-05,FCR,418_2025,24,24,24.0,True,tenderStatistics_2025-10
2025-10-05,aFRRDown,414_2025,24,24,24.0,True,tenderStatistics_2025-10
2025-10-05,aFRRUp,414_2025,24,24,24.0,True,tenderStatistics_2025-10
2025-10-05,mFRRDown,414_2025,24,24,24.0,True,tenderStatistics_2025-10
2025-10-05,mFRRUp,414_2025,24,24,24.0,True,tenderStatistics_2025-10
2025-10-06,FCR,419_2025,24,24,24.0,True,tenderStatistics_2025-10
2025-10-06,aFRRDown,415_2025,24,24,24.0,True,tenderStatistics_2025-10
2025-10-06,aFRRUp,415_2025,24,24,24.0,True,tenderStatistics_2025-10
2025-10-06,mFRRDown,415_2025,24,24,24.0,True,tenderStatistics_2025-10
2025-10-06,mFRRUp,415_2025,24,24,24.0,True,tenderStatistics_2025-10
2025-10-07,FCR,420_2025,24,24,24.0,True,tenderStatistics_2025-10
2025-10-07,aFRRDown,416_2025,24,24,24.0,True,tenderStatistics_2025-10
2025-10-07,aFRRUp,416_2025,24,24,24.0,True,tenderStatistics_2025-10
2025-10-07,mFRRDown,416_2025,24,24,24.0,True,tenderStatistics_2025-10
2025-10-07,mFRRUp,416_2025,24,24,24.0,True,tenderStatistics_2025-10
2025-10-08,FCR,423_2025,24,24,24.0,True,tenderStatistics_2025-10
2025-10-08,aFRRDown,421_2025,24,24,24.0,True,tenderStatistics_2025-10
2025-10-08,aFRRUp,421_2025,24,24,24.0,True,tenderStatistics_2025-10
2025-10-08,mFRRDown,421_2025,24,24,24.0,True,tenderStatistics_2025-10
2025-10-08,mFRRUp,421_2025,24,24,24.0,True,tenderStatistics_2025-10
2025-10-09,FCR,425_2025,24,24,24.0,True,tenderStatistics_2025-10
2025-10-09,aFRRDown,424_2025,24,24,24.0,True,tenderStatistics_2025-10
2025-10-09,aFRRUp,424_2025,24,24,24.0,True,tenderStatistics_2025-10
2025-10-09,mFRRDown,424_2025,24,24,24.0,True,tenderStatistics_2025-10
2025-10-09,mFRRUp,424_2025,24,24,24.0,True,tenderStatistics_2025-10
2025-10-10,FCR,427_2025,24,24,24.0,True,tenderStatistics_2025-10
2025-10-10,aFRRDown,426_2025,24,24,24.0,True,tenderStatistics_2025-10
2025-10-10,aFRRUp,426_2025,24,24,24.0,True,tenderStatistics_2025-10
2025-10-10,mFRRDown,426_2025,24,24,24.0,True,tenderStatistics_2025-10
2025-10-10,mFRRUp,426_2025,24,24,24.0,True,tenderStatistics_2025-10
2025-10-11,FCR,432_2025,24,24,24.0,True,tenderStatistics_2025-10
2025-10-11,aFRRDown,436_2025,24,24,24.0,True,tenderStatistics_2025-10
2025-10-11,aFRRUp,436_2025,24,24,24.0,True,tenderStatistics_2025-10
2025-10-11,mFRRDown,436_2025,24,24,24.0,True,tenderStatistics_2025-10
2025-10-11,mFRRUp,436_2025,24,24,24.0,True,tenderStatistics_2025-10
2025-10-12,FCR,433_2025,24,24,24.0,True,tenderStatistics_2025-10
2025-10-12,aFRRDown,437_2025,24,24,24.0,True,tenderStatistics_2025-10
2025-10-12,aFRRUp,437_2025,24,24,24.0,True,tenderStatistics_2025-10
2025-10-12,mFRRDown,437_2025,24,24,24.0,True,tenderStatistics_2025-10
2025-10-12,mFRRUp,437_2025,24,24,24.0,True,tenderStatistics_2025-10
2025-10-13,FCR,434_2025,24,24,24.0,True,tenderStatistics_2025-10
2025-10-13,aFRRDown,438_2025,24,24,24.0,True,tenderStatistics_2025-10
2025-10-13,aFRRUp,438_2025,24,24,24.0,True,tenderStatistics_2025-10
2025-10-13,mFRRDown,438_2025,24,24,24.0,True,tenderStatistics_2025-10
2025-10-13,mFRRUp,438_2025,24,24,24.0,True,tenderStatistics_2025-10
2025-10-14,FCR,435_2025,24,24,24.0,True,tenderStatistics_2025-10
2025-10-14,aFRRDown,431_2025,24,24,24.0,True,tenderStatistics_2025-10
2025-10-14,aFRRUp,431_2025,24,24,24.0,True,tenderStatistics_2025-10
2025-10-14,mFRRDown,431_2025,24,24,24.0,True,tenderStatistics_2025-10
2025-10-14,mFRRUp,431_2025,24,24,24.0,True,tenderStatistics_2025-10
2025-10-15,FCR,440_2025,24,24,24.0,True,tenderStatistics_2025-10
2025-10-15,aFRRDown,439_2025,24,24,24.0,True,tenderStatistics_2025-10
2025-10-15,aFRRUp,439_2025,24,24,24.0,True,tenderStatistics_2025-10
2025-10-15,mFRRDown,439_2025,24,24,24.0,True,tenderStatistics_2025-10
2025-10-15,mFRRUp,439_2025,24,24,24.0,True,tenderStatistics_2025-10
2025-10-16,FCR,442_2025,24,24,24.0,True,tenderStatistics_2025-10
2025-10-16,aFRRDown,441_2025,24,24,24.0,True,tenderStatistics_2025-10
2025-10-16,aFRRUp,441_2025,24,24,24.0,True,tenderStatistics_2025-10
2025-10-16,mFRRDown,441_2025,24,24,24.0,True,tenderStatistics_2025-10
2025-10-16,mFRRUp,441_2025,24,24,24.0,True,tenderStatistics_2025-10
2025-10-17,FCR,444_2025,24,24,24.0,True,tenderStatistics_2025-10
2025-10-17,aFRRDown,443_2025,24,24,24.0,True,tenderStatistics_2025-10
2025-10-17,aFRRUp,443_2025,24,24,24.0,True,tenderStatistics_2025-10
2025-10-17,mFRRDown,443_2025,24,24,24.0,True,tenderStatistics_2025-10
2025-10-17,mFRRUp,443_2025,24,24,24.0,True,tenderStatistics_2025-10
2025-10-18,FCR,449_2025,24,24,24.0,True,tenderStatistics_2025-10
2025-10-18,aFRRDown,445_2025,24,24,24.0,True,tenderStatistics_2025-10
2025-10-18,aFRRUp,445_2025,24,24,24.0,True,tenderStatistics_2025-10
2025-10-18,mFRRDown,445_2025,24,24,24.0,True,tenderStatistics_2025-10
2025-10-18,mFRRUp,445_2025,24,24,24.0,True,tenderStatistics_2025-10
2025-10-19,FCR,450_2025,24,24,24.0,True,tenderStatistics_2025-10
2025-10-19,aFRRDown,446_2025,24,24,24.0,True,tenderStatistics_2025-10
2025-10-19,aFRRUp,446_2025,24,24,24.0,True,tenderStatistics_2025-10
2025-10-19,mFRRDown,446_2025,24,24,24.0,True,tenderStatistics_2025-10
2025-10-19,mFRRUp,446_2025,24,24,24.0,True,tenderStatistics_2025-10
2025-10-20,FCR,451_2025,24,24,24.0,True,tenderStatistics_2025-10
2025-10-20,aFRRDown,447_2025,24,24,24.0,True,tenderStatistics_2025-10
2025-10-20,aFRRUp,447_2025,24,24,24.0,True,tenderStatistics_2025-10
2025-10-20,mFRRDown,447_2025,24,24,24.0,True,tenderStatistics_2025-10
2025-10-20,mFRRUp,447_2025,24,24,24.0,True,tenderStatistics_2025-10
2025-10-21,FCR,452_2025,24,24,24.0,True,tenderStatistics_2025-10
2025-10-21,aFRRDown,448_2025,24,24,24.0,True,tenderStatistics_2025-10
2025-10-21,aFRRUp,448_2025,24,24,24.0,True,tenderStatistics_2025-10
2025-10-21,mFRRDown,448_2025,24,24,24.0,True,tenderStatistics_2025-10
2025-10-21,mFRRUp,448_2025,24,24,24.0,True,tenderStatistics_2025-10
2025-10-22,FCR,455_2025,24,24,24.0,True,tenderStatistics_2025-10
2025-10-22,aFRRDown,453_2025,24,24,24.0,True,tenderStatistics_2025-10
2025-10-22,aFRRUp,453_2025,24,24,24.0,True,tenderStatistics_2025-10
2025-10-22,mFRRDown,453_2025,24,24,24.0,True,tenderStatistics_2025-10
2025-10-22,mFRRUp,453_2025,24,24,24.0,True,tenderStatistics_2025-10
2025-10-23,FCR,458_2025,24,24,24.0,True,tenderStatistics_2025-10
2025-10-23,aFRRDown,457_2025,24,24,24.0,True,tenderStatistics_2025-10
2025-10-23,aFRRUp,457_2025,24,24,24.0,True,tenderStatistics_2025-10
2025-10-23,mFRRDown,457_2025,24,24,24.0,True,tenderStatistics_2025-10
2025-10-23,mFRRUp,457_2025,24,24,24.0,True,tenderStatistics_2025-10
2025-10-24,FCR,460_2025,24,24,24.0,True,tenderStatistics_2025-10
2025-10-24,aFRRDown,459_2025,24,24,24.0,True,tenderStatistics_2025-10
2025-10-24,aFRRUp,459_2025,24,24,24.0,True,tenderStatistics_2025-10
2025-10-24,mFRRDown,459_2025,24,24,24.0,True,tenderStatistics_2025-10
2025-10-24,mFRRUp,459_2025,24,24,24.0,True,tenderStatistics_2025-10
2025-10-25,FCR,465_2025,24,24,24.0,True,tenderStatistics_2025-10
2025-10-25,aFRRDown,461_2025,24,24,24.0,True,tenderStatistics_2025-10
2025-10-25,aFRRUp,461_2025,24,24,24.0,True,tenderStatistics_2025-10
2025-10-25,mFRRDown,461_2025,24,24,24.0,True,tenderStatistics_2025-10
2025-10-25,mFRRUp,461_2025,24,24,24.0,True,tenderStatistics_2025-10
2025-10-26,FCR,470_2025,25,24,24.0,False,tenderStatistics_2025-10
2025-10-26,aFRRDown,469_2025,25,24,24.0,False,tenderStatistics_2025-10
2025-10-26,aFRRUp,469_2025,25,24,24.0,False,tenderStatistics_2025-10
2025-10-26,mFRRDown,469_2025,25,24,24.0,False,tenderStatistics_2025-10
2025-10-26,mFRRUp,469_2025,25,24,24.0,False,tenderStatistics_2025-10
2025-10-27,FCR,467_2025,24,24,24.0,True,tenderStatistics_2025-10
2025-10-27,aFRRDown,463_2025,24,24,24.0,True,tenderStatistics_2025-10
2025-10-27,aFRRUp,463_2025,24,24,24.0,True,tenderStatistics_2025-10
2025-10-27,mFRRDown,463_2025,24,24,24.0,True,tenderStatistics_2025-10
2025-10-27,mFRRUp,463_2025,24,24,24.0,True,tenderStatistics_2025-10
2025-10-28,FCR,468_2025,24,24,24.0,True,tenderStatistics_2025-10
2025-10-28,aFRRDown,464_2025,24,24,24.0,True,tenderStatistics_2025-10
2025-10-28,aFRRUp,464_2025,24,24,24.0,True,tenderStatistics_2025-10
2025-10-28,mFRRDown,464_2025,24,24,24.0,True,tenderStatistics_2025-10
2025-10-28,mFRRUp,464_2025,24,24,24.0,True,tenderStatistics_2025-10
2025-10-29,FCR,473_2025,24,24,24.0,True,tenderStatistics_2025-10
2025-10-29,aFRRDown,471_2025,24,24,24.0,True,tenderStatistics_2025-10
2025-10-29,aFRRUp,471_2025,24,24,24.0,True,tenderStatistics_2025-10
2025-10-29,mFRRDown,471_2025,24,24,24.0,True,tenderStatistics_2025-10
2025-10-29,mFRRUp,471_2025,24,24,24.0,True,tenderStatistics_2025-10
2025-10-30,FCR,475_2025,24,24,24.0,True,tenderStatistics_2025-10
2025-10-30,aFRRDown,474_2025,24,24,24.0,True,tenderStatistics_2025-10
2025-10-30,aFRRUp,474_2025,24,24,24.0,True,tenderStatistics_2025-10
2025-10-30,mFRRDown,474_2025,24,24,24.0,True,tenderStatistics_2025-10
2025-10-30,mFRRUp,474_2025,24,24,24.0,True,tenderStatistics_2025-10
2025-10-31,FCR,477_2025,24,24,24.0,True,tenderStatistics_2025-10
2025-10-31,aFRRDown,476_2025,24,24,24.0,True,tenderStatistics_2025-10
2025-10-31,aFRRUp,476_2025,24,24,24.0,True,tenderStatistics_2025-10
2025-10-31,mFRRDown,476_2025,24,24,24.0,True,tenderStatistics_2025-10
2025-10-31,mFRRUp,476_2025,24,24,24.0,True,tenderStatistics_2025-10
2025-11-01,FCR,479_2025,24,24,24.0,True,tenderStatistics_2025-11
2025-11-01,aFRRDown,478_2025,24,24,24.0,True,tenderStatistics_2025-11
2025-11-01,aFRRUp,478_2025,24,24,24.0,True,tenderStatistics_2025-11
2025-11-01,mFRRDown,478_2025,24,24,24.0,True,tenderStatistics_2025-11
2025-11-01,mFRRUp,478_2025,24,24,24.0,True,tenderStatistics_2025-11
2025-11-02,FCR,481_2025,24,24,24.0,True,tenderStatistics_2025-11
2025-11-02,aFRRDown,480_2025,24,24,24.0,True,tenderStatistics_2025-11
2025-11-02,aFRRUp,480_2025,24,24,24.0,True,tenderStatistics_2025-11
2025-11-02,mFRRDown,480_2025,24,24,24.0,True,tenderStatistics_2025-11
2025-11-02,mFRRUp,480_2025,24,24,24.0,True,tenderStatistics_2025-11
2025-11-03,FCR,483_2025,24,24,24.0,True,tenderStatistics_2025-11
2025-11-03,aFRRDown,482_2025,24,24,24.0,True,tenderStatistics_2025-11
2025-11-03,aFRRUp,482_2025,24,24,24.0,True,tenderStatistics_2025-11
2025-11-03,mFRRDown,482_2025,24,24,24.0,True,tenderStatistics_2025-11
2025-11-03,mFRRUp,482_2025,24,24,24.0,True,tenderStatistics_2025-11
2025-11-04,FCR,485_2025,24,24,24.0,True,tenderStatistics_2025-11
2025-11-04,aFRRDown,484_2025,24,24,24.0,True,tenderStatistics_2025-11
2025-11-04,aFRRUp,484_2025,24,24,24.0,True,tenderStatistics_2025-11
2025-11-04,mFRRDown,484_2025,24,24,24.0,True,tenderStatistics_2025-11
2025-11-04,mFRRUp,484_2025,24,24,24.0,True,tenderStatistics_2025-11
2025-11-05,FCR,487_2025,24,24,24.0,True,tenderStatistics_2025-11
2025-11-05,aFRRDown,486_2025,24,24,24.0,True,tenderStatistics_2025-11
2025-11-05,aFRRUp,486_2025,24,24,24.0,True,tenderStatistics_2025-11
2025-11-05,mFRRDown,486_2025,24,24,24.0,True,tenderStatistics_2025-11
2025-11-05,mFRRUp,486_2025,24,24,24.0,True,tenderStatistics_2025-11
2025-11-06,FCR,489_2025,24,24,24.0,True,tenderStatistics_2025-11
2025-11-06,aFRRDown,488_2025,24,24,24.0,True,tenderStatistics_2025-11
2025-11-06,aFRRUp,488_2025,24,24,24.0,True,tenderStatistics_2025-11
2025-11-06,mFRRDown,488_2025,24,24,24.0,True,tenderStatistics_2025-11
2025-11-06,mFRRUp,488_2025,24,24,24.0,True,tenderStatistics_2025-11
2025-11-07,FCR,491_2025,24,24,24.0,True,tenderStatistics_2025-11
2025-11-07,aFRRDown,490_2025,24,24,24.0,True,tenderStatistics_2025-11
2025-11-07,aFRRUp,490_2025,24,24,24.0,True,tenderStatistics_2025-11
2025-11-07,mFRRDown,490_2025,24,24,24.0,True,tenderStatistics_2025-11
2025-11-07,mFRRUp,490_2025,24,24,24.0,True,tenderStatistics_2025-11
2025-11-08,FCR,493_2025,24,24,24.0,True,tenderStatistics_2025-11
2025-11-08,aFRRDown,492_2025,24,24,24.0,True,tenderStatistics_2025-11
2025-11-08,aFRRUp,492_2025,24,24,24.0,True,tenderStatistics_2025-11
2025-11-08,mFRRDown,492_2025,24,24,24.0,True,tenderStatistics_2025-11
2025-11-08,mFRRUp,492_2025,24,24,24.0,True,tenderStatistics_2025-11
2025-11-09,aFRRDown,494_2025,24,24,24.0,True,tenderStatistics_2025-11
2025-11-09,aFRRUp,494_2025,24,24,24.0,True,tenderStatistics_2025-11
2025-11-09,mFRRDown,494_2025,24,24,24.0,True,tenderStatistics_2025-11
2025-11-09,mFRRUp,494_2025,24,24,24.0,True,tenderStatistics_2025-11
2025-11-09,FCR,495_2025,24,24,24.0,True,tenderStatistics_2025-11
2025-11-10,FCR,497_2025,24,24,24.0,True,tenderStatistics_2025-11
2025-11-10,aFRRDown,496_2025,24,24,24.0,True,tenderStatistics_2025-11
2025-11-10,aFRRUp,496_2025,24,24,24.0,True,tenderStatistics_2025-11
2025-11-10,mFRRDown,496_2025,24,24,24.0,True,tenderStatistics_2025-11
2025-11-10,mFRRUp,496_2025,24,24,24.0,True,tenderStatistics_2025-11
2025-11-11,FCR,499_2025,24,24,24.0,True,tenderStatistics_2025-11
2025-11-11,aFRRDown,498_2025,24,24,24.0,True,tenderStatistics_2025-11
2025-11-11,aFRRUp,498_2025,24,24,24.0,True,tenderStatistics_2025-11
2025-11-11,mFRRDown,498_2025,24,24,24.0,True,tenderStatistics_2025-11
2025-11-11,mFRRUp,498_2025,24,24,24.0,True,tenderStatistics_2025-11
2025-11-12,FCR,501_2025,24,24,24.0,True,tenderStatistics_2025-11
2025-11-12,aFRRDown,500_2025,24,24,24.0,True,tenderStatistics_2025-11
2025-11-12,aFRRUp,500_2025,24,24,24.0,True,tenderStatistics_2025-11
2025-11-12,mFRRDown,500_2025,24,24,24.0,True,tenderStatistics_2025-11
2025-11-12,mFRRUp,500_2025,24,24,24.0,True,tenderStatistics_2025-11
2025-11-13,FCR,503_2025,24,24,24.0,True,tenderStatistics_2025-11
2025-11-13,aFRRDown,502_2025,24,24,24.0,True,tenderStatistics_2025-11
2025-11-13,aFRRUp,502_2025,24,24,24.0,True,tenderStatistics_2025-11
2025-11-13,mFRRDown,502_2025,24,24,24.0,True,tenderStatistics_2025-11
2025-11-13,mFRRUp,502_2025,24,24,24.0,True,tenderStatistics_2025-11
2025-11-14,FCR,505_2025,24,24,24.0,True,tenderStatistics_2025-11
2025-11-14,aFRRDown,504_2025,24,24,24.0,True,tenderStatistics_2025-11
2025-11-14,aFRRUp,504_2025,24,24,24.0,True,tenderStatistics_2025-11
2025-11-14,mFRRDown,504_2025,24,24,24.0,True,tenderStatistics_2025-11
2025-11-14,mFRRUp,504_2025,24,24,24.0,True,tenderStatistics_2025-11
2025-11-15,FCR,509_2025,24,24,24.0,True,tenderStatistics_2025-11
2025-11-15,aFRRDown,506_2025,24,24,24.0,True,tenderStatistics_2025-11
2025-11-15,aFRRUp,506_2025,24,24,24.0,True,tenderStatistics_2025-11
2025-11-15,mFRRDown,506_2025,24,24,24.0,True,tenderStatistics_2025-11
2025-11-15,mFRRUp,506_2025,24,24,24.0,True,tenderStatistics_2025-11
2025-11-16,FCR,510_2025,24,24,24.0,True,tenderStatistics_2025-11
2025-11-16,aFRRDown,507_2025,24,24,24.0,True,tenderStatistics_2025-11
2025-11-16,aFRRUp,507_2025,24,24,24.0,True,tenderStatistics_2025-11
2025-11-16,mFRRDown,507_2025,24,24,24.0,True,tenderStatistics_2025-11
2025-11-16,mFRRUp,507_2025,24,24,24.0,True,tenderStatistics_2025-11
2025-11-17,FCR,511_2025,24,24,24.0,True,tenderStatistics_2025-11
2025-11-17,aFRRDown,508_2025,24,24,24.0,True,tenderStatistics_2025-11
2025-11-17,aFRRUp,508_2025,24,24,24.0,True,tenderStatistics_2025-11
2025-11-17,mFRRDown,508_2025,24,24,24.0,True,tenderStatistics_2025-11
2025-11-17,mFRRUp,508_2025,24,24,24.0,True,tenderStatistics_2025-11
2025-11-18,FCR,513_2025,24,24,24.0,True,tenderStatistics_2025-11
2025-11-18,aFRRDown,512_2025,24,24,24.0,True,tenderStatistics_2025-11
2025-11-18,aFRRUp,512_2025,24,24,24.0,True,tenderStatistics_2025-11
2025-11-18,mFRRDown,512_2025,24,24,24.0,True,tenderStatistics_2025-11
2025-11-18,mFRRUp,512_2025,24,24,24.0,True,tenderStatistics_2025-11
2025-11-19,FCR,515_2025,24,24,24.0,True,tenderStatistics_2025-11
2025-11-19,aFRRDown,514_2025,24,24,24.0,True,tenderStatistics_2025-11
2025-11-19,aFRRUp,514_2025,24,24,24.0,True,tenderStatistics_2025-11
2025-11-19,mFRRDown,514_2025,24,24,24.0,True,tenderStatistics_2025-11
2025-11-19,mFRRUp,514_2025,24,24,24.0,True,tenderStatistics_2025-11
2025-11-20,FCR,517_2025,24,24,24.0,True,tenderStatistics_2025-11
2025-11-20,aFRRDown,516_2025,24,24,24.0,True,tenderStatistics_2025-11
2025-11-20,aFRRUp,516_2025,24,24,24.0,True,tenderStatistics_2025-11
2025-11-20,mFRRDown,516_2025,24,24,24.0,True,tenderStatistics_2025-11
2025-11-20,mFRRUp,516_2025,24,24,24.0,True,tenderStatistics_2025-11
2025-11-21,FCR,519_2025,24,24,24.0,True,tenderStatistics_2025-11
2025-11-21,aFRRDown,518_2025,24,24,24.0,True,tenderStatistics_2025-11
2025-11-21,aFRRUp,518_2025,24,24,24.0,True,tenderStatistics_2025-11
2025-11-21,mFRRDown,518_2025,24,24,24.0,True,tenderStatistics_2025-11
2025-11-21,mFRRUp,518_2025,24,24,24.0,True,tenderStatistics_2025-11
2025-11-22,FCR,521_2025,24,24,24.0,True,tenderStatistics_2025-11
2025-11-22,aFRRDown,520_2025,24,24,24.0,True,tenderStatistics_2025-11
2025-11-22,aFRRUp,520_2025,24,24,24.0,True,tenderStatistics_2025-11
2025-11-22,mFRRDown,520_2025,24,24,24.0,True,tenderStatistics_2025-11
2025-11-22,mFRRUp,520_2025,24,24,24.0,True,tenderStatistics_2025-11
2025-11-23,FCR,523_2025,24,24,24.0,True,tenderStatistics_2025-11
2025-11-23,aFRRDown,522_2025,24,24,24.0,True,tenderStatistics_2025-11
2025-11-23,aFRRUp,522_2025,24,24,24.0,True,tenderStatistics_2025-11
2025-11-23,mFRRDown,522_2025,24,24,24.0,True,tenderStatistics_2025-11
2025-11-23,mFRRUp,522_2025,24,24,24.0,True,tenderStatistics_2025-11
2025-11-24,FCR,525_2025,24,24,24.0,True,tenderStatistics_2025-11
2025-11-24,aFRRDown,524_2025,24,24,24.0,True,tenderStatistics_2025-11
2025-11-24,aFRRUp,524_2025,24,24,24.0,True,tenderStatistics_2025-11
2025-11-24,mFRRDown,524_2025,24,24,24.0,True,tenderStatistics_2025-11
2025-11-24,mFRRUp,524_2025,24,24,24.0,True,tenderStatistics_2025-11
2025-11-25,FCR,527_2025,24,24,24.0,True,tenderStatistics_2025-11
2025-11-25,aFRRDown,526_2025,24,24,24.0,True,tenderStatistics_2025-11
2025-11-25,aFRRUp,526_2025,24,24,24.0,True,tenderStatistics_2025-11
2025-11-25,mFRRDown,526_2025,24,24,24.0,True,tenderStatistics_2025-11
2025-11-25,mFRRUp,526_2025,24,24,24.0,True,tenderStatistics_2025-11
2025-11-26,FCR,529_2025,24,24,24.0,True,tenderStatistics_2025-11
2025-11-26,aFRRDown,528_2025,24,24,24.0,True,tenderStatistics_2025-11
2025-11-26,aFRRUp,528_2025,24,24,24.0,True,tenderStatistics_2025-11
2025-11-26,mFRRDown,528_2025,24,24,24.0,True,tenderStatistics_2025-11
2025-11-26,mFRRUp,528_2025,24,24,24.0,True,tenderStatistics_2025-11
2025-11-27,aFRRDown,530_2025,24,24,24.0,True,tenderStatistics_2025-11
2025-11-27,aFRRUp,530_2025,24,24,24.0,True,tenderStatistics_2025-11
2025-11-27,mFRRDown,530_2025,24,24,24.0,True,tenderStatistics_2025-11
2025-11-27,mFRRUp,530_2025,24,24,24.0,True,tenderStatistics_2025-11
2025-11-27,FCR,532_2025,24,24,24.0,True,tenderStatistics_2025-11
2025-11-28,FCR,534_2025,24,24,24.0,True,tenderStatistics_2025-11
2025-11-28,aFRRDown,533_2025,24,24,24.0,True,tenderStatistics_2025-11
2025-11-28,aFRRUp,533_2025,24,24,24.0,True,tenderStatistics_2025-11
2025-11-28,mFRRDown,533_2025,24,24,24.0,True,tenderStatistics_2025-11
2025-11-28,mFRRUp,533_2025,24,24,24.0,True,tenderStatistics_2025-11
2025-11-29,FCR,540_2025,24,24,24.0,True,tenderStatistics_2025-11
2025-11-29,aFRRDown,535_2025,24,24,24.0,True,tenderStatistics_2025-11
2025-11-29,aFRRUp,535_2025,24,24,24.0,True,tenderStatistics_2025-11
2025-11-29,mFRRDown,535_2025,24,24,24.0,True,tenderStatistics_2025-11
2025-11-29,mFRRUp,535_2025,24,24,24.0,True,tenderStatistics_2025-11
2025-11-30,FCR,541_2025,24,24,24.0,True,tenderStatistics_2025-11
2025-11-30,aFRRDown,536_2025,24,24,24.0,True,tenderStatistics_2025-11
2025-11-30,aFRRUp,536_2025,24,24,24.0,True,tenderStatistics_2025-11
2025-11-30,mFRRDown,536_2025,24,24,24.0,True,tenderStatistics_2025-11
2025-11-30,mFRRUp,536_2025,24,24,24.0,True,tenderStatistics_2025-11
2025-12-01,FCR,542_2025,24,24,24.0,True,tenderStatistics_2025-12
2025-12-01,aFRRDown,537_2025,24,24,24.0,True,tenderStatistics_2025-12
2025-12-01,aFRRUp,537_2025,24,24,24.0,True,tenderStatistics_2025-12
2025-12-01,mFRRDown,537_2025,24,24,24.0,True,tenderStatistics_2025-12
2025-12-01,mFRRUp,537_2025,24,24,24.0,True,tenderStatistics_2025-12
2025-12-02,FCR,543_2025,24,24,24.0,True,tenderStatistics_2025-12
2025-12-02,aFRRDown,538_2025,24,24,24.0,True,tenderStatistics_2025-12
2025-12-02,aFRRUp,538_2025,24,24,24.0,True,tenderStatistics_2025-12
2025-12-02,mFRRDown,538_2025,24,24,24.0,True,tenderStatistics_2025-12
2025-12-02,mFRRUp,538_2025,24,24,24.0,True,tenderStatistics_2025-12
2025-12-03,FCR,544_2025,24,24,24.0,True,tenderStatistics_2025-12
2025-12-03,aFRRDown,539_2025,24,24,24.0,True,tenderStatistics_2025-12
2025-12-03,aFRRUp,539_2025,24,24,24.0,True,tenderStatistics_2025-12
2025-12-03,mFRRDown,539_2025,24,24,24.0,True,tenderStatistics_2025-12
2025-12-03,mFRRUp,539_2025,24,24,24.0,True,tenderStatistics_2025-12
2025-12-04,FCR,547_2025,24,24,24.0,True,tenderStatistics_2025-12
2025-12-04,aFRRDown,545_2025,24,24,24.0,True,tenderStatistics_2025-12
2025-12-04,aFRRUp,545_2025,24,24,24.0,True,tenderStatistics_2025-12
2025-12-04,mFRRDown,545_2025,24,24,24.0,True,tenderStatistics_2025-12
2025-12-04,mFRRUp,545_2025,24,24,24.0,True,tenderStatistics_2025-12
2025-12-05,FCR,549_2025,24,24,24.0,True,tenderStatistics_2025-12
2025-12-05,aFRRDown,548_2025,24,24,24.0,True,tenderStatistics_2025-12
2025-12-05,aFRRUp,548_2025,24,24,24.0,True,tenderStatistics_2025-12
2025-12-05,mFRRDown,548_2025,24,24,24.0,True,tenderStatistics_2025-12
2025-12-05,mFRRUp,548_2025,24,24,24.0,True,tenderStatistics_2025-12
2025-12-06,FCR,554_2025,24,24,24.0,True,tenderStatistics_2025-12
2025-12-06,aFRRDown,550_2025,24,24,24.0,True,tenderStatistics_2025-12
2025-12-06,aFRRUp,550_2025,24,24,24.0,True,tenderStatistics_2025-12
2025-12-06,mFRRDown,550_2025,24,24,24.0,True,tenderStatistics_2025-12
2025-12-06,mFRRUp,550_2025,24,24,24.0,True,tenderStatistics_2025-12
2025-12-07,FCR,555_2025,24,24,24.0,True,tenderStatistics_2025-12
2025-12-07,aFRRDown,551_2025,24,24,24.0,True,tenderStatistics_2025-12
2025-12-07,aFRRUp,551_2025,24,24,24.0,True,tenderStatistics_2025-12
2025-12-07,mFRRDown,551_2025,24,24,24.0,True,tenderStatistics_2025-12
2025-12-07,mFRRUp,551_2025,24,24,24.0,True,tenderStatistics_2025-12
2025-12-08,FCR,556_2025,24,24,24.0,True,tenderStatistics_2025-12
2025-12-08,aFRRDown,552_2025,24,24,24.0,True,tenderStatistics_2025-12
2025-12-08,aFRRUp,552_2025,24,24,24.0,True,tenderStatistics_2025-12
2025-12-08,mFRRDown,552_2025,24,24,24.0,True,tenderStatistics_2025-12
2025-12-08,mFRRUp,552_2025,24,24,24.0,True,tenderStatistics_2025-12
2025-12-09,FCR,557_2025,24,24,24.0,True,tenderStatistics_2025-12
2025-12-09,aFRRDown,553_2025,24,24,24.0,True,tenderStatistics_2025-12
2025-12-09,aFRRUp,553_2025,24,24,24.0,True,tenderStatistics_2025-12
2025-12-09,mFRRDown,553_2025,24,24,24.0,True,tenderStatistics_2025-12
2025-12-09,mFRRUp,553_2025,24,24,24.0,True,tenderStatistics_2025-12
2025-12-10,FCR,559_2025,24,24,24.0,True,tenderStatistics_2025-12
2025-12-10,aFRRDown,558_2025,24,24,24.0,True,tenderStatistics_2025-12
2025-12-10,aFRRUp,558_2025,24,24,24.0,True,tenderStatistics_2025-12
2025-12-10,mFRRDown,558_2025,24,24,24.0,True,tenderStatistics_2025-12
2025-12-10,mFRRUp,558_2025,24,24,24.0,True,tenderStatistics_2025-12
2025-12-11,FCR,561_2025,24,24,24.0,True,tenderStatistics_2025-12
2025-12-11,aFRRDown,560_2025,24,24,24.0,True,tenderStatistics_2025-12
2025-12-11,aFRRUp,560_2025,24,24,24.0,True,tenderStatistics_2025-12
2025-12-11,mFRRDown,560_2025,24,24,24.0,True,tenderStatistics_2025-12
2025-12-11,mFRRUp,560_2025,24,24,24.0,True,tenderStatistics_2025-12
2025-12-12,FCR,563_2025,24,24,24.0,True,tenderStatistics_2025-12
2025-12-12,aFRRDown,562_2025,24,24,24.0,True,tenderStatistics_2025-12
2025-12-12,aFRRUp,562_2025,24,24,24.0,True,tenderStatistics_2025-12
2025-12-12,mFRRDown,562_2025,24,24,24.0,True,tenderStatistics_2025-12
2025-12-12,mFRRUp,562_2025,24,24,24.0,True,tenderStatistics_2025-12
2025-12-13,FCR,568_2025,24,24,24.0,True,tenderStatistics_2025-12
2025-12-13,aFRRDown,564_2025,24,24,24.0,True,tenderStatistics_2025-12
2025-12-13,aFRRUp,564_2025,24,24,24.0,True,tenderStatistics_2025-12
2025-12-13,mFRRDown,564_2025,24,24,24.0,True,tenderStatistics_2025-12
2025-12-13,mFRRUp,564_2025,24,24,24.0,True,tenderStatistics_2025-12
2025-12-14,FCR,569_2025,24,24,24.0,True,tenderStatistics_2025-12
2025-12-14,aFRRDown,565_2025,24,24,24.0,True,tenderStatistics_2025-12
2025-12-14,aFRRUp,565_2025,24,24,24.0,True,tenderStatistics_2025-12
2025-12-14,mFRRDown,565_2025,24,24,24.0,True,tenderStatistics_2025-12
2025-12-14,mFRRUp,565_2025,24,24,24.0,True,tenderStatistics_2025-12
2025-12-15,FCR,570_2025,24,24,24.0,True,tenderStatistics_2025-12
2025-12-15,aFRRDown,566_2025,24,24,24.0,True,tenderStatistics_2025-12
2025-12-15,aFRRUp,566_2025,24,24,24.0,True,tenderStatistics_2025-12
2025-12-15,mFRRDown,566_2025,24,24,24.0,True,tenderStatistics_2025-12
2025-12-15,mFRRUp,566_2025,24,24,24.0,True,tenderStatistics_2025-12
2025-12-16,FCR,571_2025,24,24,24.0,True,tenderStatistics_2025-12
2025-12-16,aFRRDown,567_2025,24,24,24.0,True,tenderStatistics_2025-12
2025-12-16,aFRRUp,567_2025,24,24,24.0,True,tenderStatistics_2025-12
2025-12-16,mFRRDown,567_2025,24,24,24.0,True,tenderStatistics_2025-12
2025-12-16,mFRRUp,567_2025,24,24,24.0,True,tenderStatistics_2025-12
2025-12-17,FCR,573_2025,24,24,24.0,True,tenderStatistics_2025-12
2025-12-17,aFRRDown,572_2025,24,24,24.0,True,tenderStatistics_2025-12
2025-12-17,aFRRUp,572_2025,24,24,24.0,True,tenderStatistics_2025-12
2025-12-17,mFRRDown,572_2025,24,24,24.0,True,tenderStatistics_2025-12
2025-12-17,mFRRUp,572_2025,24,24,24.0,True,tenderStatistics_2025-12
2025-12-18,FCR,575_2025,24,24,24.0,True,tenderStatistics_2025-12
2025-12-18,aFRRDown,574_2025,24,24,24.0,True,tenderStatistics_2025-12
2025-12-18,aFRRUp,574_2025,24,24,24.0,True,tenderStatistics_2025-12
2025-12-18,mFRRDown,574_2025,24,24,24.0,True,tenderStatistics_2025-12
2025-12-18,mFRRUp,574_2025,24,24,24.0,True,tenderStatistics_2025-12
2025-12-19,FCR,577_2025,24,24,24.0,True,tenderStatistics_2025-12
2025-12-19,aFRRDown,576_2025,24,24,24.0,True,tenderStatistics_2025-12
2025-12-19,aFRRUp,576_2025,24,24,24.0,True,tenderStatistics_2025-12
2025-12-19,mFRRDown,576_2025,24,24,24.0,True,tenderStatistics_2025-12
2025-12-19,mFRRUp,576_2025,24,24,24.0,True,tenderStatistics_2025-12
2025-12-20,FCR,581_2025,24,24,24.0,True,tenderStatistics_2025-12
2025-12-20,aFRRDown,578_2025,24,24,24.0,True,tenderStatistics_2025-12
2025-12-20,aFRRUp,578_2025,24,24,24.0,True,tenderStatistics_2025-12
2025-12-20,mFRRDown,578_2025,24,24,24.0,True,tenderStatistics_2025-12
2025-12-20,mFRRUp,578_2025,24,24,24.0,True,tenderStatistics_2025-12
2025-12-21,FCR,582_2025,24,24,24.0,True,tenderStatistics_2025-12
2025-12-21,aFRRDown,579_2025,24,24,24.0,True,tenderStatistics_2025-12
2025-12-21,aFRRUp,579_2025,24,24,24.0,True,tenderStatistics_2025-12
2025-12-21,mFRRDown,579_2025,24,24,24.0,True,tenderStatistics_2025-12
2025-12-21,mFRRUp,579_2025,24,24,24.0,True,tenderStatistics_2025-12
2025-12-22,FCR,583_2025,24,24,24.0,True,tenderStatistics_2025-12
2025-12-22,aFRRDown,580_2025,24,24,24.0,True,tenderStatistics_2025-12
2025-12-22,aFRRUp,580_2025,24,24,24.0,True,tenderStatistics_2025-12
2025-12-22,mFRRDown,580_2025,24,24,24.0,True,tenderStatistics_2025-12
2025-12-22,mFRRUp,580_2025,24,24,24.0,True,tenderStatistics_2025-12
2025-12-23,FCR,585_2025,24,24,24.0,True,tenderStatistics_2025-12
2025-12-23,aFRRDown,584_2025,24,24,24.0,True,tenderStatistics_2025-12
2025-12-23,aFRRUp,584_2025,24,24,24.0,True,tenderStatistics_2025-12
2025-12-23,mFRRDown,584_2025,24,24,24.0,True,tenderStatistics_2025-12
2025-12-23,mFRRUp,584_2025,24,24,24.0,True,tenderStatistics_2025-12
2025-12-24,FCR,587_2025,24,24,24.0,True,tenderStatistics_2025-12
2025-12-24,aFRRDown,586_2025,24,24,24.0,True,tenderStatistics_2025-12
2025-12-24,aFRRUp,586_2025,24,24,24.0,True,tenderStatistics_2025-12
2025-12-24,mFRRDown,586_2025,24,24,24.0,True,tenderStatistics_2025-12
2025-12-24,mFRRUp,586_2025,24,24,24.0,True,tenderStatistics_2025-12
2025-12-25,FCR,593_2025,24,24,24.0,True,tenderStatistics_2025-12
2025-12-25,aFRRDown,588_2025,24,24,24.0,True,tenderStatistics_2025-12
2025-12-25,aFRRUp,588_2025,24,24,24.0,True,tenderStatistics_2025-12
2025-12-25,mFRRDown,588_2025,24,24,24.0,True,tenderStatistics_2025-12
2025-12-25,mFRRUp,588_2025,24,24,24.0,True,tenderStatistics_2025-12
2025-12-26,FCR,594_2025,24,24,24.0,True,tenderStatistics_2025-12
2025-12-26,aFRRDown,589_2025,24,24,24.0,True,tenderStatistics_2025-12
2025-12-26,aFRRUp,589_2025,24,24,24.0,True,tenderStatistics_2025-12
2025-12-26,mFRRDown,589_2025,24,24,24.0,True,tenderStatistics_2025-12
2025-12-26,mFRRUp,589_2025,24,24,24.0,True,tenderStatistics_2025-12
2025-12-27,FCR,595_2025,24,24,24.0,True,tenderStatistics_2025-12
2025-12-27,aFRRDown,590_2025,24,24,24.0,True,tenderStatistics_2025-12
2025-12-27,aFRRUp,590_2025,24,24,24.0,True,tenderStatistics_2025-12
2025-12-27,mFRRDown,590_2025,24,24,24.0,True,tenderStatistics_2025-12
2025-12-27,mFRRUp,590_2025,24,24,24.0,True,tenderStatistics_2025-12
2025-12-28,FCR,596_2025,24,24,24.0,True,tenderStatistics_2025-12
2025-12-28,aFRRDown,591_2025,24,24,24.0,True,tenderStatistics_2025-12
2025-12-28,aFRRUp,591_2025,24,24,24.0,True,tenderStatistics_2025-12
2025-12-28,mFRRDown,591_2025,24,24,24.0,True,tenderStatistics_2025-12
2025-12-28,mFRRUp,591_2025,24,24,24.0,True,tenderStatistics_2025-12
2025-12-29,FCR,597_2025,24,24,24.0,True,tenderStatistics_2025-12
2025-12-29,aFRRDown,592_2025,24,24,24.0,True,tenderStatistics_2025-12
2025-12-29,aFRRUp,592_2025,24,24,24.0,True,tenderStatistics_2025-12
2025-12-29,mFRRDown,592_2025,24,24,24.0,True,tenderStatistics_2025-12
2025-12-29,mFRRUp,592_2025,24,24,24.0,True,tenderStatistics_2025-12
2025-12-30,FCR,601_2025,24,24,24.0,True,tenderStatistics_2025-12
2025-12-30,aFRRDown,598_2025,24,24,24.0,True,tenderStatistics_2025-12
2025-12-30,aFRRUp,598_2025,24,24,24.0,True,tenderStatistics_2025-12
2025-12-30,mFRRDown,598_2025,24,24,24.0,True,tenderStatistics_2025-12
2025-12-30,mFRRUp,598_2025,24,24,24.0,True,tenderStatistics_2025-12
2025-12-31,FCR,602_2025,24,24,24.0,True,tenderStatistics_2025-12
2025-12-31,aFRRDown,599_2025,24,24,24.0,True,tenderStatistics_2025-12
2025-12-31,aFRRUp,599_2025,24,24,24.0,True,tenderStatistics_2025-12
2025-12-31,mFRRDown,599_2025,24,24,24.0,True,tenderStatistics_2025-12
2025-12-31,mFRRUp,599_2025,24,24,24.0,True,tenderStatistics_2025-12
2026-01-01,FCR,3_2026,24,24,24.0,True,tenderStatistics_2026-01
2026-01-01,aFRRDown,1_2026,24,24,24.0,True,tenderStatistics_2026-01
2026-01-01,aFRRUp,1_2026,24,24,24.0,True,tenderStatistics_2026-01
2026-01-01,mFRRDown,1_2026,24,24,24.0,True,tenderStatistics_2026-01
2026-01-01,mFRRUp,1_2026,24,24,24.0,True,tenderStatistics_2026-01
2026-01-02,FCR,4_2026,24,24,24.0,True,tenderStatistics_2026-01
2026-01-02,aFRRDown,2_2026,24,24,24.0,True,tenderStatistics_2026-01
2026-01-02,aFRRUp,2_2026,24,24,24.0,True,tenderStatistics_2026-01
2026-01-02,mFRRDown,2_2026,24,24,24.0,True,tenderStatistics_2026-01
2026-01-02,mFRRUp,2_2026,24,24,24.0,True,tenderStatistics_2026-01
2026-01-03,FCR,8_2026,24,24,24.0,True,tenderStatistics_2026-01
2026-01-03,aFRRDown,5_2026,24,24,24.0,True,tenderStatistics_2026-01
2026-01-03,aFRRUp,5_2026,24,24,24.0,True,tenderStatistics_2026-01
2026-01-03,mFRRDown,5_2026,24,24,24.0,True,tenderStatistics_2026-01
2026-01-03,mFRRUp,5_2026,24,24,24.0,True,tenderStatistics_2026-01
2026-01-04,FCR,9_2026,24,24,24.0,True,tenderStatistics_2026-01
2026-01-04,aFRRDown,6_2026,24,24,24.0,True,tenderStatistics_2026-01
2026-01-04,aFRRUp,6_2026,24,24,24.0,True,tenderStatistics_2026-01
2026-01-04,mFRRDown,6_2026,24,24,24.0,True,tenderStatistics_2026-01
2026-01-04,mFRRUp,6_2026,24,24,24.0,True,tenderStatistics_2026-01
2026-01-05,FCR,10_2026,24,24,24.0,True,tenderStatistics_2026-01
2026-01-05,aFRRDown,7_2026,24,24,24.0,True,tenderStatistics_2026-01
2026-01-05,aFRRUp,7_2026,24,24,24.0,True,tenderStatistics_2026-01
2026-01-05,mFRRDown,7_2026,24,24,24.0,True,tenderStatistics_2026-01
2026-01-05,mFRRUp,7_2026,24,24,24.0,True,tenderStatistics_2026-01
2026-01-06,FCR,14_2026,24,24,24.0,True,tenderStatistics_2026-01
2026-01-06,aFRRDown,11_2026,24,24,24.0,True,tenderStatistics_2026-01
2026-01-06,aFRRUp,11_2026,24,24,24.0,True,tenderStatistics_2026-01
2026-01-06,mFRRDown,11_2026,24,24,24.0,True,tenderStatistics_2026-01
2026-01-06,mFRRUp,11_2026,24,24,24.0,True,tenderStatistics_2026-01
2026-01-07,FCR,15_2026,24,24,24.0,True,tenderStatistics_2026-01
2026-01-07,aFRRDown,12_2026,24,24,24.0,True,tenderStatistics_2026-01
2026-01-07,aFRRUp,12_2026,24,24,24.0,True,tenderStatistics_2026-01
2026-01-07,mFRRDown,12_2026,24,24,24.0,True,tenderStatistics_2026-01
2026-01-07,mFRRUp,12_2026,24,24,24.0,True,tenderStatistics_2026-01
2026-01-08,FCR,16_2026,24,24,24.0,True,tenderStatistics_2026-01
2026-01-08,aFRRDown,13_2026,24,24,24.0,True,tenderStatistics_2026-01
2026-01-08,aFRRUp,13_2026,24,24,24.0,True,tenderStatistics_2026-01
2026-01-08,mFRRDown,13_2026,24,24,24.0,True,tenderStatistics_2026-01
2026-01-08,mFRRUp,13_2026,24,24,24.0,True,tenderStatistics_2026-01
2026-01-09,FCR,18_2026,24,24,24.0,True,tenderStatistics_2026-01
2026-01-09,aFRRDown,17_2026,24,24,24.0,True,tenderStatistics_2026-01
2026-01-09,aFRRUp,17_2026,24,24,24.0,True,tenderStatistics_2026-01
2026-01-09,mFRRDown,17_2026,24,24,24.0,True,tenderStatistics_2026-01
2026-01-09,mFRRUp,17_2026,24,24,24.0,True,tenderStatistics_2026-01
2026-01-10,FCR,23_2026,24,24,24.0,True,tenderStatistics_2026-01
2026-01-10,aFRRDown,19_2026,24,24,24.0,True,tenderStatistics_2026-01
2026-01-10,aFRRUp,19_2026,24,24,24.0,True,tenderStatistics_2026-01
2026-01-10,mFRRDown,19_2026,24,24,24.0,True,tenderStatistics_2026-01
2026-01-10,mFRRUp,19_2026,24,24,24.0,True,tenderStatistics_2026-01
2026-01-11,FCR,24_2026,24,24,24.0,True,tenderStatistics_2026-01
2026-01-11,aFRRDown,20_2026,24,24,24.0,True,tenderStatistics_2026-01
2026-01-11,aFRRUp,20_2026,24,24,24.0,True,tenderStatistics_2026-01
2026-01-11,mFRRDown,20_2026,24,24,24.0,True,tenderStatistics_2026-01
2026-01-11,mFRRUp,20_2026,24,24,24.0,True,tenderStatistics_2026-01
2026-01-12,FCR,25_2026,24,24,24.0,True,tenderStatistics_2026-01
2026-01-12,aFRRDown,21_2026,24,24,24.0,True,tenderStatistics_2026-01
2026-01-12,aFRRUp,21_2026,24,24,24.0,True,tenderStatistics_2026-01
2026-01-12,mFRRDown,21_2026,24,24,24.0,True,tenderStatistics_2026-01
2026-01-12,mFRRUp,21_2026,24,24,24.0,True,tenderStatistics_2026-01
2026-01-13,FCR,26_2026,24,24,24.0,True,tenderStatistics_2026-01
2026-01-13,aFRRDown,22_2026,24,24,24.0,True,tenderStatistics_2026-01
2026-01-13,aFRRUp,22_2026,24,24,24.0,True,tenderStatistics_2026-01
2026-01-13,mFRRDown,22_2026,24,24,24.0,True,tenderStatistics_2026-01
2026-01-13,mFRRUp,22_2026,24,24,24.0,True,tenderStatistics_2026-01
2026-01-14,FCR,28_2026,24,24,24.0,True,tenderStatistics_2026-01
2026-01-14,aFRRDown,27_2026,24,24,24.0,True,tenderStatistics_2026-01
2026-01-14,aFRRUp,27_2026,24,24,24.0,True,tenderStatistics_2026-01
2026-01-14,mFRRDown,27_2026,24,24,24.0,True,tenderStatistics_2026-01
2026-01-14,mFRRUp,27_2026,24,24,24.0,True,tenderStatistics_2026-01
2026-01-15,FCR,30_2026,24,24,24.0,True,tenderStatistics_2026-01
2026-01-15,aFRRDown,29_2026,24,24,24.0,True,tenderStatistics_2026-01
2026-01-15,aFRRUp,29_2026,24,24,24.0,True,tenderStatistics_2026-01
2026-01-15,mFRRDown,29_2026,24,24,24.0,True,tenderStatistics_2026-01
2026-01-15,mFRRUp,29_2026,24,24,24.0,True,tenderStatistics_2026-01
2026-01-16,FCR,32_2026,24,24,24.0,True,tenderStatistics_2026-01
2026-01-16,aFRRDown,31_2026,24,24,24.0,True,tenderStatistics_2026-01
2026-01-16,aFRRUp,31_2026,24,24,24.0,True,tenderStatistics_2026-01
2026-01-16,mFRRDown,31_2026,24,24,24.0,True,tenderStatistics_2026-01
2026-01-16,mFRRUp,31_2026,24,24,24.0,True,tenderStatistics_2026-01
2026-01-17,FCR,37_2026,24,24,24.0,True,tenderStatistics_2026-01
2026-01-17,aFRRDown,33_2026,24,24,24.0,True,tenderStatistics_2026-01
2026-01-17,aFRRUp,33_2026,24,24,24.0,True,tenderStatistics_2026-01
2026-01-17,mFRRDown,33_2026,24,24,24.0,True,tenderStatistics_2026-01
2026-01-17,mFRRUp,33_2026,24,24,24.0,True,tenderStatistics_2026-01
2026-01-18,FCR,38_2026,24,24,24.0,True,tenderStatistics_2026-01
2026-01-18,aFRRDown,34_2026,24,24,24.0,True,tenderStatistics_2026-01
2026-01-18,aFRRUp,34_2026,24,24,24.0,True,tenderStatistics_2026-01
2026-01-18,mFRRDown,34_2026,24,24,24.0,True,tenderStatistics_2026-01
2026-01-18,mFRRUp,34_2026,24,24,24.0,True,tenderStatistics_2026-01
2026-01-19,FCR,39_2026,24,24,24.0,True,tenderStatistics_2026-01
2026-01-19,aFRRDown,35_2026,24,24,24.0,True,tenderStatistics_2026-01
2026-01-19,aFRRUp,35_2026,24,24,24.0,True,tenderStatistics_2026-01
2026-01-19,mFRRDown,35_2026,24,24,24.0,True,tenderStatistics_2026-01
2026-01-19,mFRRUp,35_2026,24,24,24.0,True,tenderStatistics_2026-01
2026-01-20,FCR,40_2026,24,24,24.0,True,tenderStatistics_2026-01
2026-01-20,aFRRDown,36_2026,24,24,24.0,True,tenderStatistics_2026-01
2026-01-20,aFRRUp,36_2026,24,24,24.0,True,tenderStatistics_2026-01
2026-01-20,mFRRDown,36_2026,24,24,24.0,True,tenderStatistics_2026-01
2026-01-20,mFRRUp,36_2026,24,24,24.0,True,tenderStatistics_2026-01
2026-01-21,FCR,42_2026,24,24,24.0,True,tenderStatistics_2026-01
2026-01-21,aFRRDown,41_2026,24,24,24.0,True,tenderStatistics_2026-01
2026-01-21,aFRRUp,41_2026,24,24,24.0,True,tenderStatistics_2026-01
2026-01-21,mFRRDown,41_2026,24,24,24.0,True,tenderStatistics_2026-01
2026-01-21,mFRRUp,41_2026,24,24,24.0,True,tenderStatistics_2026-01
2026-01-22,FCR,44_2026,24,24,24.0,True,tenderStatistics_2026-01
2026-01-22,aFRRDown,43_2026,24,24,24.0,True,tenderStatistics_2026-01
2026-01-22,aFRRUp,43_2026,24,24,24.0,True,tenderStatistics_2026-01
2026-01-22,mFRRDown,43_2026,24,24,24.0,True,tenderStatistics_2026-01
2026-01-22,mFRRUp,43_2026,24,24,24.0,True,tenderStatistics_2026-01
2026-01-23,FCR,46_2026,24,24,24.0,True,tenderStatistics_2026-01
2026-01-23,aFRRDown,45_2026,24,24,24.0,True,tenderStatistics_2026-01
2026-01-23,aFRRUp,45_2026,24,24,24.0,True,tenderStatistics_2026-01
2026-01-23,mFRRDown,45_2026,24,24,24.0,True,tenderStatistics_2026-01
2026-01-23,mFRRUp,45_2026,24,24,24.0,True,tenderStatistics_2026-01
2026-01-24,FCR,51_2026,24,24,24.0,True,tenderStatistics_2026-01
2026-01-24,aFRRDown,47_2026,24,24,24.0,True,tenderStatistics_2026-01
2026-01-24,aFRRUp,47_2026,24,24,24.0,True,tenderStatistics_2026-01
2026-01-24,mFRRDown,47_2026,24,24,24.0,True,tenderStatistics_2026-01
2026-01-24,mFRRUp,47_2026,24,24,24.0,True,tenderStatistics_2026-01
2026-01-25,FCR,52_2026,24,24,24.0,True,tenderStatistics_2026-01
2026-01-25,aFRRDown,48_2026,24,24,24.0,True,tenderStatistics_2026-01
2026-01-25,aFRRUp,48_2026,24,24,24.0,True,tenderStatistics_2026-01
2026-01-25,mFRRDown,48_2026,24,24,24.0,True,tenderStatistics_2026-01
2026-01-25,mFRRUp,48_2026,24,24,24.0,True,tenderStatistics_2026-01
2026-01-26,FCR,53_2026,24,24,24.0,True,tenderStatistics_2026-01
2026-01-26,aFRRDown,49_2026,24,24,24.0,True,tenderStatistics_2026-01
2026-01-26,aFRRUp,49_2026,24,24,24.0,True,tenderStatistics_2026-01
2026-01-26,mFRRDown,49_2026,24,24,24.0,True,tenderStatistics_2026-01
2026-01-26,mFRRUp,49_2026,24,24,24.0,True,tenderStatistics_2026-01
2026-01-27,FCR,54_2026,24,24,24.0,True,tenderStatistics_2026-01
2026-01-27,aFRRDown,50_2026,24,24,24.0,True,tenderStatistics_2026-01
2026-01-27,aFRRUp,50_2026,24,24,24.0,True,tenderStatistics_2026-01
2026-01-27,mFRRDown,50_2026,24,24,24.0,True,tenderStatistics_2026-01
2026-01-27,mFRRUp,50_2026,24,24,24.0,True,tenderStatistics_2026-01
2026-01-28,FCR,56_2026,24,24,24.0,True,tenderStatistics_2026-01
2026-01-28,aFRRDown,55_2026,24,24,24.0,True,tenderStatistics_2026-01
2026-01-28,aFRRUp,55_2026,24,24,24.0,True,tenderStatistics_2026-01
2026-01-28,mFRRDown,55_2026,24,24,24.0,True,tenderStatistics_2026-01
2026-01-28,mFRRUp,55_2026,24,24,24.0,True,tenderStatistics_2026-01
2026-01-29,FCR,58_2026,24,24,24.0,True,tenderStatistics_2026-01
2026-01-29,aFRRDown,57_2026,24,24,24.0,True,tenderStatistics_2026-01
2026-01-29,aFRRUp,57_2026,24,24,24.0,True,tenderStatistics_2026-01
2026-01-29,mFRRDown,57_2026,24,24,24.0,True,tenderStatistics_2026-01
2026-01-29,mFRRUp,57_2026,24,24,24.0,True,tenderStatistics_2026-01
2026-01-30,FCR,60_2026,24,24,24.0,True,tenderStatistics_2026-01
2026-01-30,aFRRDown,59_2026,24,24,24.0,True,tenderStatistics_2026-01
2026-01-30,aFRRUp,59_2026,24,24,24.0,True,tenderStatistics_2026-01
2026-01-30,mFRRDown,59_2026,24,24,24.0,True,tenderStatistics_2026-01
2026-01-30,mFRRUp,59_2026,24,24,24.0,True,tenderStatistics_2026-01
2026-01-31,FCR,65_2026,24,24,24.0,True,tenderStatistics_2026-01
2026-01-31,aFRRDown,61_2026,24,24,24.0,True,tenderStatistics_2026-01
2026-01-31,aFRRUp,61_2026,24,24,24.0,True,tenderStatistics_2026-01
2026-01-31,mFRRDown,61_2026,24,24,24.0,True,tenderStatistics_2026-01
2026-01-31,mFRRUp,61_2026,24,24,24.0,True,tenderStatistics_2026-01
2026-02-01,FCR,66_2026,24,24,24.0,True,tenderStatistics_2026-02
2026-02-01,aFRRDown,62_2026,24,24,24.0,True,tenderStatistics_2026-02
2026-02-01,aFRRUp,62_2026,24,24,24.0,True,tenderStatistics_2026-02
2026-02-01,mFRRDown,62_2026,24,24,24.0,True,tenderStatistics_2026-02
2026-02-01,mFRRUp,62_2026,24,24,24.0,True,tenderStatistics_2026-02
2026-02-02,FCR,67_2026,24,24,24.0,True,tenderStatistics_2026-02
2026-02-02,aFRRDown,63_2026,24,24,24.0,True,tenderStatistics_2026-02
2026-02-02,aFRRUp,63_2026,24,24,24.0,True,tenderStatistics_2026-02
2026-02-02,mFRRDown,63_2026,24,24,24.0,True,tenderStatistics_2026-02
2026-02-02,mFRRUp,63_2026,24,24,24.0,True,tenderStatistics_2026-02
2026-02-03,FCR,68_2026,24,24,24.0,True,tenderStatistics_2026-02
2026-02-03,aFRRDown,64_2026,24,24,24.0,True,tenderStatistics_2026-02
2026-02-03,aFRRUp,64_2026,24,24,24.0,True,tenderStatistics_2026-02
2026-02-03,mFRRDown,64_2026,24,24,24.0,True,tenderStatistics_2026-02
2026-02-03,mFRRUp,64_2026,24,24,24.0,True,tenderStatistics_2026-02
2026-02-04,FCR,70_2026,24,24,24.0,True,tenderStatistics_2026-02
2026-02-04,aFRRDown,69_2026,24,24,24.0,True,tenderStatistics_2026-02
2026-02-04,aFRRUp,69_2026,24,24,24.0,True,tenderStatistics_2026-02
2026-02-04,mFRRDown,69_2026,24,24,24.0,True,tenderStatistics_2026-02
2026-02-04,mFRRUp,69_2026,24,24,24.0,True,tenderStatistics_2026-02
2026-02-05,FCR,72_2026,24,24,24.0,True,tenderStatistics_2026-02
2026-02-05,aFRRDown,71_2026,24,24,24.0,True,tenderStatistics_2026-02
2026-02-05,aFRRUp,71_2026,24,24,24.0,True,tenderStatistics_2026-02
2026-02-05,mFRRDown,71_2026,24,24,24.0,True,tenderStatistics_2026-02
2026-02-05,mFRRUp,71_2026,24,24,24.0,True,tenderStatistics_2026-02
2026-02-06,FCR,74_2026,24,24,24.0,True,tenderStatistics_2026-02
2026-02-06,aFRRDown,73_2026,24,24,24.0,True,tenderStatistics_2026-02
2026-02-06,aFRRUp,73_2026,24,24,24.0,True,tenderStatistics_2026-02
2026-02-06,mFRRDown,73_2026,24,24,24.0,True,tenderStatistics_2026-02
2026-02-06,mFRRUp,73_2026,24,24,24.0,True,tenderStatistics_2026-02
2026-02-07,FCR,79_2026,24,24,24.0,True,tenderStatistics_2026-02
2026-02-07,aFRRDown,75_2026,24,24,24.0,True,tenderStatistics_2026-02
2026-02-07,aFRRUp,75_2026,24,24,24.0,True,tenderStatistics_2026-02
2026-02-07,mFRRDown,75_2026,24,24,24.0,True,tenderStatistics_2026-02
2026-02-07,mFRRUp,75_2026,24,24,24.0,True,tenderStatistics_2026-02
2026-02-08,FCR,80_2026,24,24,24.0,True,tenderStatistics_2026-02
2026-02-08,aFRRDown,76_2026,24,24,24.0,True,tenderStatistics_2026-02
2026-02-08,aFRRUp,76_2026,24,24,24.0,True,tenderStatistics_2026-02
2026-02-08,mFRRDown,76_2026,24,24,24.0,True,tenderStatistics_2026-02
2026-02-08,mFRRUp,76_2026,24,24,24.0,True,tenderStatistics_2026-02
2026-02-09,FCR,81_2026,24,24,24.0,True,tenderStatistics_2026-02
2026-02-09,aFRRDown,77_2026,24,24,24.0,True,tenderStatistics_2026-02
2026-02-09,aFRRUp,77_2026,24,24,24.0,True,tenderStatistics_2026-02
2026-02-09,mFRRDown,77_2026,24,24,24.0,True,tenderStatistics_2026-02
2026-02-09,mFRRUp,77_2026,24,24,24.0,True,tenderStatistics_2026-02
2026-02-10,FCR,82_2026,24,24,24.0,True,tenderStatistics_2026-02
2026-02-10,aFRRDown,78_2026,24,24,24.0,True,tenderStatistics_2026-02
2026-02-10,aFRRUp,78_2026,24,24,24.0,True,tenderStatistics_2026-02
2026-02-10,mFRRDown,78_2026,24,24,24.0,True,tenderStatistics_2026-02
2026-02-10,mFRRUp,78_2026,24,24,24.0,True,tenderStatistics_2026-02
2026-02-11,FCR,84_2026,24,24,24.0,True,tenderStatistics_2026-02
2026-02-11,aFRRDown,83_2026,24,24,24.0,True,tenderStatistics_2026-02
2026-02-11,aFRRUp,83_2026,24,24,24.0,True,tenderStatistics_2026-02
2026-02-11,mFRRDown,83_2026,24,24,24.0,True,tenderStatistics_2026-02
2026-02-11,mFRRUp,83_2026,24,24,24.0,True,tenderStatistics_2026-02
2026-02-12,FCR,86_2026,24,24,24.0,True,tenderStatistics_2026-02
2026-02-12,aFRRDown,85_2026,24,24,24.0,True,tenderStatistics_2026-02
2026-02-12,aFRRUp,85_2026,24,24,24.0,True,tenderStatistics_2026-02
2026-02-12,mFRRDown,85_2026,24,24,24.0,True,tenderStatistics_2026-02
2026-02-12,mFRRUp,85_2026,24,24,24.0,True,tenderStatistics_2026-02
2026-02-13,FCR,88_2026,24,24,24.0,True,tenderStatistics_2026-02
2026-02-13,aFRRDown,87_2026,24,24,24.0,True,tenderStatistics_2026-02
2026-02-13,aFRRUp,87_2026,24,24,24.0,True,tenderStatistics_2026-02
2026-02-13,mFRRDown,87_2026,24,24,24.0,True,tenderStatistics_2026-02
2026-02-13,mFRRUp,87_2026,24,24,24.0,True,tenderStatistics_2026-02
2026-02-14,FCR,93_2026,24,24,24.0,True,tenderStatistics_2026-02
2026-02-14,aFRRDown,89_2026,24,24,24.0,True,tenderStatistics_2026-02
2026-02-14,aFRRUp,89_2026,24,24,24.0,True,tenderStatistics_2026-02
2026-02-14,mFRRDown,89_2026,24,24,24.0,True,tenderStatistics_2026-02
2026-02-14,mFRRUp,89_2026,24,24,24.0,True,tenderStatistics_2026-02
2026-02-15,FCR,94_2026,24,24,24.0,True,tenderStatistics_2026-02
2026-02-15,aFRRDown,90_2026,24,24,24.0,True,tenderStatistics_2026-02
2026-02-15,aFRRUp,90_2026,24,24,24.0,True,tenderStatistics_2026-02
2026-02-15,mFRRDown,90_2026,24,24,24.0,True,tenderStatistics_2026-02
2026-02-15,mFRRUp,90_2026,24,24,24.0,True,tenderStatistics_2026-02
2026-02-16,FCR,95_2026,24,24,24.0,True,tenderStatistics_2026-02
2026-02-16,aFRRDown,91_2026,24,24,24.0,True,tenderStatistics_2026-02
2026-02-16,aFRRUp,91_2026,24,24,24.0,True,tenderStatistics_2026-02
2026-02-16,mFRRDown,91_2026,24,24,24.0,True,tenderStatistics_2026-02
2026-02-16,mFRRUp,91_2026,24,24,24.0,True,tenderStatistics_2026-02
2026-02-17,FCR,96_2026,24,24,24.0,True,tenderStatistics_2026-02
2026-02-17,aFRRDown,92_2026,24,24,24.0,True,tenderStatistics_2026-02
2026-02-17,aFRRUp,92_2026,24,24,24.0,True,tenderStatistics_2026-02
2026-02-17,mFRRDown,92_2026,24,24,24.0,True,tenderStatistics_2026-02
2026-02-17,mFRRUp,92_2026,24,24,24.0,True,tenderStatistics_2026-02
2026-02-18,FCR,98_2026,24,24,24.0,True,tenderStatistics_2026-02
2026-02-18,aFRRDown,97_2026,24,24,24.0,True,tenderStatistics_2026-02
2026-02-18,aFRRUp,97_2026,24,24,24.0,True,tenderStatistics_2026-02
2026-02-18,mFRRDown,97_2026,24,24,24.0,True,tenderStatistics_2026-02
2026-02-18,mFRRUp,97_2026,24,24,24.0,True,tenderStatistics_2026-02
2026-02-19,FCR,100_2026,24,24,24.0,True,tenderStatistics_2026-02
2026-02-19,aFRRDown,99_2026,24,24,24.0,True,tenderStatistics_2026-02
2026-02-19,aFRRUp,99_2026,24,24,24.0,True,tenderStatistics_2026-02
2026-02-19,mFRRDown,99_2026,24,24,24.0,True,tenderStatistics_2026-02
2026-02-19,mFRRUp,99_2026,24,24,24.0,True,tenderStatistics_2026-02
2026-02-20,FCR,102_2026,24,24,24.0,True,tenderStatistics_2026-02
2026-02-20,aFRRDown,101_2026,24,24,24.0,True,tenderStatistics_2026-02
2026-02-20,aFRRUp,101_2026,24,24,24.0,True,tenderStatistics_2026-02
2026-02-20,mFRRDown,101_2026,24,24,24.0,True,tenderStatistics_2026-02
2026-02-20,mFRRUp,101_2026,24,24,24.0,True,tenderStatistics_2026-02
2026-02-21,FCR,106_2026,24,24,24.0,True,tenderStatistics_2026-02
2026-02-21,aFRRDown,103_2026,24,24,24.0,True,tenderStatistics_2026-02
2026-02-21,aFRRUp,103_2026,24,24,24.0,True,tenderStatistics_2026-02
2026-02-21,mFRRDown,103_2026,24,24,24.0,True,tenderStatistics_2026-02
2026-02-21,mFRRUp,103_2026,24,24,24.0,True,tenderStatistics_2026-02
2026-02-22,FCR,107_2026,24,24,24.0,True,tenderStatistics_2026-02
2026-02-22,aFRRDown,104_2026,24,24,24.0,True,tenderStatistics_2026-02
2026-02-22,aFRRUp,104_2026,24,24,24.0,True,tenderStatistics_2026-02
2026-02-22,mFRRDown,104_2026,24,24,24.0,True,tenderStatistics_2026-02
2026-02-22,mFRRUp,104_2026,24,24,24.0,True,tenderStatistics_2026-02
2026-02-23,FCR,108_2026,24,24,24.0,True,tenderStatistics_2026-02
2026-02-23,aFRRDown,105_2026,24,24,24.0,True,tenderStatistics_2026-02
2026-02-23,aFRRUp,105_2026,24,24,24.0,True,tenderStatistics_2026-02
2026-02-23,mFRRDown,105_2026,24,24,24.0,True,tenderStatistics_2026-02
2026-02-23,mFRRUp,105_2026,24,24,24.0,True,tenderStatistics_2026-02
2026-02-24,FCR,110_2026,24,24,24.0,True,tenderStatistics_2026-02
2026-02-24,aFRRDown,109_2026,24,24,24.0,True,tenderStatistics_2026-02
2026-02-24,aFRRUp,109_2026,24,24,24.0,True,tenderStatistics_2026-02
2026-02-24,mFRRDown,109_2026,24,24,24.0,True,tenderStatistics_2026-02
2026-02-24,mFRRUp,109_2026,24,24,24.0,True,tenderStatistics_2026-02
2026-02-25,FCR,112_2026,24,24,24.0,True,tenderStatistics_2026-02
2026-02-25,aFRRDown,111_2026,24,24,24.0,True,tenderStatistics_2026-02
2026-02-25,aFRRUp,111_2026,24,24,24.0,True,tenderStatistics_2026-02
2026-02-25,mFRRDown,111_2026,24,24,24.0,True,tenderStatistics_2026-02
2026-02-25,mFRRUp,111_2026,24,24,24.0,True,tenderStatistics_2026-02
2026-02-26,FCR,114_2026,24,24,24.0,True,tenderStatistics_2026-02
2026-02-26,aFRRDown,113_2026,24,24,24.0,True,tenderStatistics_2026-02
2026-02-26,aFRRUp,113_2026,24,24,24.0,True,tenderStatistics_2026-02
2026-02-26,mFRRDown,113_2026,24,24,24.0,True,tenderStatistics_2026-02
2026-02-26,mFRRUp,113_2026,24,24,24.0,True,tenderStatistics_2026-02
2026-02-27,FCR,116_2026,24,24,24.0,True,tenderStatistics_2026-02
2026-02-27,aFRRDown,115_2026,24,24,24.0,True,tenderStatistics_2026-02
2026-02-27,aFRRUp,115_2026,24,24,24.0,True,tenderStatistics_2026-02
2026-02-27,mFRRDown,115_2026,24,24,24.0,True,tenderStatistics_2026-02
2026-02-27,mFRRUp,115_2026,24,24,24.0,True,tenderStatistics_2026-02
2026-02-28,FCR,120_2026,24,24,24.0,True,tenderStatistics_2026-02
2026-02-28,aFRRDown,117_2026,24,24,24.0,True,tenderStatistics_2026-02
2026-02-28,aFRRUp,117_2026,24,24,24.0,True,tenderStatistics_2026-02
2026-02-28,mFRRDown,117_2026,24,24,24.0,True,tenderStatistics_2026-02
2026-02-28,mFRRUp,117_2026,24,24,24.0,True,tenderStatistics_2026-02
2026-03-01,FCR,121_2026,24,24,24.0,True,tenderStatistics_2026-03
2026-03-01,aFRRDown,118_2026,24,24,24.0,True,tenderStatistics_2026-03
2026-03-01,aFRRUp,118_2026,24,24,24.0,True,tenderStatistics_2026-03
2026-03-01,mFRRDown,118_2026,24,24,24.0,True,tenderStatistics_2026-03
2026-03-01,mFRRUp,118_2026,24,24,24.0,True,tenderStatistics_2026-03
2026-03-02,FCR,122_2026,24,24,24.0,True,tenderStatistics_2026-03
2026-03-02,aFRRDown,119_2026,24,24,24.0,True,tenderStatistics_2026-03
2026-03-02,aFRRUp,119_2026,24,24,24.0,True,tenderStatistics_2026-03
2026-03-02,mFRRDown,119_2026,24,24,24.0,True,tenderStatistics_2026-03
2026-03-02,mFRRUp,119_2026,24,24,24.0,True,tenderStatistics_2026-03
2026-03-03,FCR,124_2026,24,24,24.0,True,tenderStatistics_2026-03
2026-03-03,aFRRDown,123_2026,24,24,24.0,True,tenderStatistics_2026-03
2026-03-03,aFRRUp,123_2026,24,24,24.0,True,tenderStatistics_2026-03
2026-03-03,mFRRDown,123_2026,24,24,24.0,True,tenderStatistics_2026-03
2026-03-03,mFRRUp,123_2026,24,24,24.0,True,tenderStatistics_2026-03
2026-03-04,FCR,126_2026,24,24,24.0,True,tenderStatistics_2026-03
2026-03-04,aFRRDown,125_2026,24,24,24.0,True,tenderStatistics_2026-03
2026-03-04,aFRRUp,125_2026,24,24,24.0,True,tenderStatistics_2026-03
2026-03-04,mFRRDown,125_2026,24,24,24.0,True,tenderStatistics_2026-03
2026-03-04,mFRRUp,125_2026,24,24,24.0,True,tenderStatistics_2026-03
2026-03-05,FCR,128_2026,24,24,24.0,True,tenderStatistics_2026-03
2026-03-05,aFRRDown,127_2026,24,24,24.0,True,tenderStatistics_2026-03
2026-03-05,aFRRUp,127_2026,24,24,24.0,True,tenderStatistics_2026-03
2026-03-05,mFRRDown,127_2026,24,24,24.0,True,tenderStatistics_2026-03
2026-03-05,mFRRUp,127_2026,24,24,24.0,True,tenderStatistics_2026-03
2026-03-06,FCR,130_2026,24,24,24.0,True,tenderStatistics_2026-03
2026-03-06,aFRRDown,129_2026,24,24,24.0,True,tenderStatistics_2026-03
2026-03-06,aFRRUp,129_2026,24,24,24.0,True,tenderStatistics_2026-03
2026-03-06,mFRRDown,129_2026,24,24,24.0,True,tenderStatistics_2026-03
2026-03-06,mFRRUp,129_2026,24,24,24.0,True,tenderStatistics_2026-03
2026-03-07,FCR,135_2026,24,24,24.0,True,tenderStatistics_2026-03
2026-03-07,aFRRDown,131_2026,24,24,24.0,True,tenderStatistics_2026-03
2026-03-07,aFRRUp,131_2026,24,24,24.0,True,tenderStatistics_2026-03
2026-03-07,mFRRDown,131_2026,24,24,24.0,True,tenderStatistics_2026-03
2026-03-07,mFRRUp,131_2026,24,24,24.0,True,tenderStatistics_2026-03
2026-03-08,FCR,136_2026,24,24,24.0,True,tenderStatistics_2026-03
2026-03-08,aFRRDown,132_2026,24,24,24.0,True,tenderStatistics_2026-03
2026-03-08,aFRRUp,132_2026,24,24,24.0,True,tenderStatistics_2026-03
2026-03-08,mFRRDown,132_2026,24,24,24.0,True,tenderStatistics_2026-03
2026-03-08,mFRRUp,132_2026,24,24,24.0,True,tenderStatistics_2026-03
2026-03-09,FCR,137_2026,24,24,24.0,True,tenderStatistics_2026-03
2026-03-09,aFRRDown,133_2026,24,24,24.0,True,tenderStatistics_2026-03
2026-03-09,aFRRUp,133_2026,24,24,24.0,True,tenderStatistics_2026-03
2026-03-09,mFRRDown,133_2026,24,24,24.0,True,tenderStatistics_2026-03
2026-03-09,mFRRUp,133_2026,24,24,24.0,True,tenderStatistics_2026-03
2026-03-10,FCR,138_2026,24,24,24.0,True,tenderStatistics_2026-03
2026-03-10,aFRRDown,134_2026,24,24,24.0,True,tenderStatistics_2026-03
2026-03-10,aFRRUp,134_2026,24,24,24.0,True,tenderStatistics_2026-03
2026-03-10,mFRRDown,134_2026,24,24,24.0,True,tenderStatistics_2026-03
2026-03-10,mFRRUp,134_2026,24,24,24.0,True,tenderStatistics_2026-03
2026-03-11,FCR,140_2026,24,24,24.0,True,tenderStatistics_2026-03
2026-03-11,aFRRDown,139_2026,24,24,24.0,True,tenderStatistics_2026-03
2026-03-11,aFRRUp,139_2026,24,24,24.0,True,tenderStatistics_2026-03
2026-03-11,mFRRDown,139_2026,24,24,24.0,True,tenderStatistics_2026-03
2026-03-11,mFRRUp,139_2026,24,24,24.0,True,tenderStatistics_2026-03
2026-03-12,FCR,142_2026,24,24,24.0,True,tenderStatistics_2026-03
2026-03-12,aFRRDown,141_2026,24,24,24.0,True,tenderStatistics_2026-03
2026-03-12,aFRRUp,141_2026,24,24,24.0,True,tenderStatistics_2026-03
2026-03-12,mFRRDown,141_2026,24,24,24.0,True,tenderStatistics_2026-03
2026-03-12,mFRRUp,141_2026,24,24,24.0,True,tenderStatistics_2026-03
2026-03-13,FCR,144_2026,24,24,24.0,True,tenderStatistics_2026-03
2026-03-13,aFRRDown,143_2026,24,24,24.0,True,tenderStatistics_2026-03
2026-03-13,aFRRUp,143_2026,24,24,24.0,True,tenderStatistics_2026-03
2026-03-13,mFRRDown,143_2026,24,24,24.0,True,tenderStatistics_2026-03
2026-03-13,mFRRUp,143_2026,24,24,24.0,True,tenderStatistics_2026-03
2026-03-14,FCR,149_2026,24,24,24.0,True,tenderStatistics_2026-03
2026-03-14,aFRRDown,145_2026,24,24,24.0,True,tenderStatistics_2026-03
2026-03-14,aFRRUp,145_2026,24,24,24.0,True,tenderStatistics_2026-03
2026-03-14,mFRRDown,145_2026,24,24,24.0,True,tenderStatistics_2026-03
2026-03-14,mFRRUp,145_2026,24,24,24.0,True,tenderStatistics_2026-03
2026-03-15,FCR,150_2026,24,24,24.0,True,tenderStatistics_2026-03
2026-03-15,aFRRDown,146_2026,24,24,24.0,True,tenderStatistics_2026-03
2026-03-15,aFRRUp,146_2026,24,24,24.0,True,tenderStatistics_2026-03
2026-03-15,mFRRDown,146_2026,24,24,24.0,True,tenderStatistics_2026-03
2026-03-15,mFRRUp,146_2026,24,24,24.0,True,tenderStatistics_2026-03
2026-03-16,FCR,151_2026,24,24,24.0,True,tenderStatistics_2026-03
2026-03-16,aFRRDown,147_2026,24,24,24.0,True,tenderStatistics_2026-03
2026-03-16,aFRRUp,147_2026,24,24,24.0,True,tenderStatistics_2026-03
2026-03-16,mFRRDown,147_2026,24,24,24.0,True,tenderStatistics_2026-03
2026-03-16,mFRRUp,147_2026,24,24,24.0,True,tenderStatistics_2026-03
2026-03-17,FCR,152_2026,24,24,24.0,True,tenderStatistics_2026-03
2026-03-17,aFRRDown,148_2026,24,24,24.0,True,tenderStatistics_2026-03
2026-03-17,aFRRUp,148_2026,24,24,24.0,True,tenderStatistics_2026-03
2026-03-17,mFRRDown,148_2026,24,24,24.0,True,tenderStatistics_2026-03
2026-03-17,mFRRUp,148_2026,24,24,24.0,True,tenderStatistics_2026-03
2026-03-18,FCR,154_2026,24,24,24.0,True,tenderStatistics_2026-03
2026-03-18,aFRRDown,153_2026,24,24,24.0,True,tenderStatistics_2026-03
2026-03-18,aFRRUp,153_2026,24,24,24.0,True,tenderStatistics_2026-03
2026-03-18,mFRRDown,153_2026,24,24,24.0,True,tenderStatistics_2026-03
2026-03-18,mFRRUp,153_2026,24,24,24.0,True,tenderStatistics_2026-03
2026-03-19,FCR,156_2026,24,24,24.0,True,tenderStatistics_2026-03
2026-03-19,aFRRDown,155_2026,24,24,24.0,True,tenderStatistics_2026-03
2026-03-19,aFRRUp,155_2026,24,24,24.0,True,tenderStatistics_2026-03
2026-03-19,mFRRDown,155_2026,24,24,24.0,True,tenderStatistics_2026-03
2026-03-19,mFRRUp,155_2026,24,24,24.0,True,tenderStatistics_2026-03
2026-03-20,FCR,158_2026,24,24,24.0,True,tenderStatistics_2026-03
2026-03-20,aFRRDown,157_2026,24,24,24.0,True,tenderStatistics_2026-03
2026-03-20,aFRRUp,157_2026,24,24,24.0,True,tenderStatistics_2026-03
2026-03-20,mFRRDown,157_2026,24,24,24.0,True,tenderStatistics_2026-03
2026-03-20,mFRRUp,157_2026,24,24,24.0,True,tenderStatistics_2026-03
2026-03-21,FCR,163_2026,24,24,24.0,True,tenderStatistics_2026-03
2026-03-21,aFRRDown,159_2026,24,24,24.0,True,tenderStatistics_2026-03
2026-03-21,aFRRUp,159_2026,24,24,24.0,True,tenderStatistics_2026-03
2026-03-21,mFRRDown,159_2026,24,24,24.0,True,tenderStatistics_2026-03
2026-03-21,mFRRUp,159_2026,24,24,24.0,True,tenderStatistics_2026-03
2026-03-22,FCR,164_2026,24,24,24.0,True,tenderStatistics_2026-03
2026-03-22,aFRRDown,160_2026,24,24,24.0,True,tenderStatistics_2026-03
2026-03-22,aFRRUp,160_2026,24,24,24.0,True,tenderStatistics_2026-03
2026-03-22,mFRRDown,160_2026,24,24,24.0,True,tenderStatistics_2026-03
2026-03-22,mFRRUp,160_2026,24,24,24.0,True,tenderStatistics_2026-03
2026-03-23,FCR,165_2026,24,24,24.0,True,tenderStatistics_2026-03
2026-03-23,aFRRDown,161_2026,24,24,24.0,True,tenderStatistics_2026-03
2026-03-23,aFRRUp,161_2026,24,24,24.0,True,tenderStatistics_2026-03
2026-03-23,mFRRDown,161_2026,24,24,24.0,True,tenderStatistics_2026-03
2026-03-23,mFRRUp,161_2026,24,24,24.0,True,tenderStatistics_2026-03
2026-03-24,FCR,166_2026,24,24,24.0,True,tenderStatistics_2026-03
2026-03-24,aFRRDown,162_2026,24,24,24.0,True,tenderStatistics_2026-03
2026-03-24,aFRRUp,162_2026,24,24,24.0,True,tenderStatistics_2026-03
2026-03-24,mFRRDown,162_2026,24,24,24.0,True,tenderStatistics_2026-03
2026-03-24,mFRRUp,162_2026,24,24,24.0,True,tenderStatistics_2026-03
2026-03-25,FCR,168_2026,24,24,24.0,True,tenderStatistics_2026-03
2026-03-25,aFRRDown,167_2026,24,24,24.0,True,tenderStatistics_2026-03
2026-03-25,aFRRUp,167_2026,24,24,24.0,True,tenderStatistics_2026-03
2026-03-25,mFRRDown,167_2026,24,24,24.0,True,tenderStatistics_2026-03
2026-03-25,mFRRUp,167_2026,24,24,24.0,True,tenderStatistics_2026-03
2026-03-26,FCR,170_2026,24,24,24.0,True,tenderStatistics_2026-03
2026-03-26,aFRRDown,169_2026,24,24,24.0,True,tenderStatistics_2026-03
2026-03-26,aFRRUp,169_2026,24,24,24.0,True,tenderStatistics_2026-03
2026-03-26,mFRRDown,169_2026,24,24,24.0,True,tenderStatistics_2026-03
2026-03-26,mFRRUp,169_2026,24,24,24.0,True,tenderStatistics_2026-03
2026-03-27,FCR,172_2026,24,24,24.0,True,tenderStatistics_2026-03
2026-03-27,aFRRDown,171_2026,24,24,24.0,True,tenderStatistics_2026-03
2026-03-27,aFRRUp,171_2026,24,24,24.0,True,tenderStatistics_2026-03
2026-03-27,mFRRDown,171_2026,24,24,24.0,True,tenderStatistics_2026-03
2026-03-27,mFRRUp,171_2026,24,24,24.0,True,tenderStatistics_2026-03
2026-03-28,FCR,177_2026,24,24,24.0,True,tenderStatistics_2026-03
2026-03-28,aFRRDown,173_2026,24,24,24.0,True,tenderStatistics_2026-03
2026-03-28,aFRRUp,173_2026,24,24,24.0,True,tenderStatistics_2026-03
2026-03-28,mFRRDown,173_2026,24,24,24.0,True,tenderStatistics_2026-03
2026-03-28,mFRRUp,173_2026,24,24,24.0,True,tenderStatistics_2026-03
2026-03-29,FCR,178_2026,23,24,23.0,True,tenderStatistics_2026-03
2026-03-29,aFRRDown,174_2026,23,24,23.0,True,tenderStatistics_2026-03
2026-03-29,aFRRUp,174_2026,23,24,23.0,True,tenderStatistics_2026-03
2026-03-29,mFRRDown,174_2026,23,24,23.0,True,tenderStatistics_2026-03
2026-03-29,mFRRUp,174_2026,23,24,23.0,True,tenderStatistics_2026-03
2026-03-30,FCR,179_2026,24,24,24.0,True,tenderStatistics_2026-03
2026-03-30,aFRRDown,175_2026,24,24,24.0,True,tenderStatistics_2026-03
2026-03-30,aFRRUp,175_2026,24,24,24.0,True,tenderStatistics_2026-03
2026-03-30,mFRRDown,175_2026,24,24,24.0,True,tenderStatistics_2026-03
2026-03-30,mFRRUp,175_2026,24,24,24.0,True,tenderStatistics_2026-03
2026-03-31,FCR,180_2026,24,24,24.0,True,tenderStatistics_2026-03
2026-03-31,aFRRDown,176_2026,24,24,24.0,True,tenderStatistics_2026-03
2026-03-31,aFRRUp,176_2026,24,24,24.0,True,tenderStatistics_2026-03
2026-03-31,mFRRDown,176_2026,24,24,24.0,True,tenderStatistics_2026-03
2026-03-31,mFRRUp,176_2026,24,24,24.0,True,tenderStatistics_2026-03
2026-04-01,aFRRDown,181_2026,24,24,24.0,True,tenderStatistics_2026-04
2026-04-01,aFRRUp,181_2026,24,24,24.0,True,tenderStatistics_2026-04
2026-04-01,mFRRDown,181_2026,24,24,24.0,True,tenderStatistics_2026-04
2026-04-01,mFRRUp,181_2026,24,24,24.0,True,tenderStatistics_2026-04
2026-04-01,FCR,182_2026,24,24,24.0,True,tenderStatistics_2026-04
2026-04-02,aFRRDown,183_2026,24,24,24.0,True,tenderStatistics_2026-04
2026-04-02,aFRRUp,183_2026,24,24,24.0,True,tenderStatistics_2026-04
2026-04-02,mFRRDown,183_2026,24,24,24.0,True,tenderStatistics_2026-04
2026-04-02,mFRRUp,183_2026,24,24,24.0,True,tenderStatistics_2026-04
2026-04-02,FCR,184_2026,24,24,24.0,True,tenderStatistics_2026-04
2026-04-03,FCR,186_2026,24,24,24.0,True,tenderStatistics_2026-04
2026-04-03,aFRRDown,185_2026,24,24,24.0,True,tenderStatistics_2026-04
2026-04-03,aFRRUp,185_2026,24,24,24.0,True,tenderStatistics_2026-04
2026-04-03,mFRRDown,185_2026,24,24,24.0,True,tenderStatistics_2026-04
2026-04-03,mFRRUp,185_2026,24,24,24.0,True,tenderStatistics_2026-04
2026-04-04,aFRRDown,187_2026,24,24,24.0,True,tenderStatistics_2026-04
2026-04-04,aFRRUp,187_2026,24,24,24.0,True,tenderStatistics_2026-04
2026-04-04,mFRRDown,187_2026,24,24,24.0,True,tenderStatistics_2026-04
2026-04-04,mFRRUp,187_2026,24,24,24.0,True,tenderStatistics_2026-04
2026-04-04,FCR,188_2026,24,24,24.0,True,tenderStatistics_2026-04
2026-04-05,aFRRDown,189_2026,24,24,24.0,True,tenderStatistics_2026-04
2026-04-05,aFRRUp,189_2026,24,24,24.0,True,tenderStatistics_2026-04
2026-04-05,mFRRDown,189_2026,24,24,24.0,True,tenderStatistics_2026-04
2026-04-05,mFRRUp,189_2026,24,24,24.0,True,tenderStatistics_2026-04
2026-04-05,FCR,190_2026,24,24,24.0,True,tenderStatistics_2026-04
2026-04-06,FCR,192_2026,24,24,24.0,True,tenderStatistics_2026-04
2026-04-06,aFRRDown,191_2026,24,24,24.0,True,tenderStatistics_2026-04
2026-04-06,aFRRUp,191_2026,24,24,24.0,True,tenderStatistics_2026-04
2026-04-06,mFRRDown,191_2026,24,24,24.0,True,tenderStatistics_2026-04
2026-04-06,mFRRUp,191_2026,24,24,24.0,True,tenderStatistics_2026-04
2026-04-07,aFRRDown,193_2026,24,24,24.0,True,tenderStatistics_2026-04
2026-04-07,aFRRUp,193_2026,24,24,24.0,True,tenderStatistics_2026-04
2026-04-07,mFRRDown,193_2026,24,24,24.0,True,tenderStatistics_2026-04
2026-04-07,mFRRUp,193_2026,24,24,24.0,True,tenderStatistics_2026-04
2026-04-07,FCR,194_2026,24,24,24.0,True,tenderStatistics_2026-04
2026-04-08,FCR,196_2026,24,24,24.0,True,tenderStatistics_2026-04
2026-04-08,aFRRDown,195_2026,24,24,24.0,True,tenderStatistics_2026-04
2026-04-08,aFRRUp,195_2026,24,24,24.0,True,tenderStatistics_2026-04
2026-04-08,mFRRDown,195_2026,24,24,24.0,True,tenderStatistics_2026-04
2026-04-08,mFRRUp,195_2026,24,24,24.0,True,tenderStatistics_2026-04
2026-04-09,FCR,198_2026,24,24,24.0,True,tenderStatistics_2026-04
2026-04-09,aFRRDown,197_2026,24,24,24.0,True,tenderStatistics_2026-04
2026-04-09,aFRRUp,197_2026,24,24,24.0,True,tenderStatistics_2026-04
2026-04-09,mFRRDown,197_2026,24,24,24.0,True,tenderStatistics_2026-04
2026-04-09,mFRRUp,197_2026,24,24,24.0,True,tenderStatistics_2026-04
2026-04-10,FCR,200_2026,24,24,24.0,True,tenderStatistics_2026-04
2026-04-10,aFRRDown,199_2026,24,24,24.0,True,tenderStatistics_2026-04
2026-04-10,aFRRUp,199_2026,24,24,24.0,True,tenderStatistics_2026-04
2026-04-10,mFRRDown,199_2026,24,24,24.0,True,tenderStatistics_2026-04
2026-04-10,mFRRUp,199_2026,24,24,24.0,True,tenderStatistics_2026-04
2026-04-11,FCR,202_2026,24,24,24.0,True,tenderStatistics_2026-04
2026-04-11,aFRRDown,201_2026,24,24,24.0,True,tenderStatistics_2026-04
2026-04-11,aFRRUp,201_2026,24,24,24.0,True,tenderStatistics_2026-04
2026-04-11,mFRRDown,201_2026,24,24,24.0,True,tenderStatistics_2026-04
2026-04-11,mFRRUp,201_2026,24,24,24.0,True,tenderStatistics_2026-04
2026-04-12,FCR,204_2026,24,24,24.0,True,tenderStatistics_2026-04
2026-04-12,aFRRDown,203_2026,24,24,24.0,True,tenderStatistics_2026-04
2026-04-12,aFRRUp,203_2026,24,24,24.0,True,tenderStatistics_2026-04
2026-04-12,mFRRDown,203_2026,24,24,24.0,True,tenderStatistics_2026-04
2026-04-12,mFRRUp,203_2026,24,24,24.0,True,tenderStatistics_2026-04
2026-04-13,FCR,206_2026,24,24,24.0,True,tenderStatistics_2026-04
2026-04-13,aFRRDown,205_2026,24,24,24.0,True,tenderStatistics_2026-04
2026-04-13,aFRRUp,205_2026,24,24,24.0,True,tenderStatistics_2026-04
2026-04-13,mFRRDown,205_2026,24,24,24.0,True,tenderStatistics_2026-04
2026-04-13,mFRRUp,205_2026,24,24,24.0,True,tenderStatistics_2026-04
2026-04-14,FCR,208_2026,24,24,24.0,True,tenderStatistics_2026-04
2026-04-14,aFRRDown,207_2026,24,24,24.0,True,tenderStatistics_2026-04
2026-04-14,aFRRUp,207_2026,24,24,24.0,True,tenderStatistics_2026-04
2026-04-14,mFRRDown,207_2026,24,24,24.0,True,tenderStatistics_2026-04
2026-04-14,mFRRUp,207_2026,24,24,24.0,True,tenderStatistics_2026-04
2026-04-15,FCR,210_2026,24,24,24.0,True,tenderStatistics_2026-04
2026-04-15,aFRRDown,209_2026,24,24,24.0,True,tenderStatistics_2026-04
2026-04-15,aFRRUp,209_2026,24,24,24.0,True,tenderStatistics_2026-04
2026-04-15,mFRRDown,209_2026,24,24,24.0,True,tenderStatistics_2026-04
2026-04-15,mFRRUp,209_2026,24,24,24.0,True,tenderStatistics_2026-04
2026-04-16,FCR,212_2026,24,24,24.0,True,tenderStatistics_2026-04
2026-04-16,aFRRDown,211_2026,24,24,24.0,True,tenderStatistics_2026-04
2026-04-16,aFRRUp,211_2026,24,24,24.0,True,tenderStatistics_2026-04
2026-04-16,mFRRDown,211_2026,24,24,24.0,True,tenderStatistics_2026-04
2026-04-16,mFRRUp,211_2026,24,24,24.0,True,tenderStatistics_2026-04
2026-04-17,FCR,214_2026,24,24,24.0,True,tenderStatistics_2026-04
2026-04-17,aFRRDown,213_2026,24,24,24.0,True,tenderStatistics_2026-04
2026-04-17,aFRRUp,213_2026,24,24,24.0,True,tenderStatistics_2026-04
2026-04-17,mFRRDown,213_2026,24,24,24.0,True,tenderStatistics_2026-04
2026-04-17,mFRRUp,213_2026,24,24,24.0,True,tenderStatistics_2026-04
2026-04-18,FCR,219_2026,24,24,24.0,True,tenderStatistics_2026-04
2026-04-18,aFRRDown,215_2026,24,24,24.0,True,tenderStatistics_2026-04
2026-04-18,aFRRUp,215_2026,24,24,24.0,True,tenderStatistics_2026-04
2026-04-18,mFRRDown,215_2026,24,24,24.0,True,tenderStatistics_2026-04
2026-04-18,mFRRUp,215_2026,24,24,24.0,True,tenderStatistics_2026-04
2026-04-19,FCR,220_2026,24,24,24.0,True,tenderStatistics_2026-04
2026-04-19,aFRRDown,216_2026,24,24,24.0,True,tenderStatistics_2026-04
2026-04-19,aFRRUp,216_2026,24,24,24.0,True,tenderStatistics_2026-04
2026-04-19,mFRRDown,216_2026,24,24,24.0,True,tenderStatistics_2026-04
2026-04-19,mFRRUp,216_2026,24,24,24.0,True,tenderStatistics_2026-04
2026-04-20,FCR,221_2026,24,24,24.0,True,tenderStatistics_2026-04
2026-04-20,aFRRDown,217_2026,24,24,24.0,True,tenderStatistics_2026-04
2026-04-20,aFRRUp,217_2026,24,24,24.0,True,tenderStatistics_2026-04
2026-04-20,mFRRDown,217_2026,24,24,24.0,True,tenderStatistics_2026-04
2026-04-20,mFRRUp,217_2026,24,24,24.0,True,tenderStatistics_2026-04
2026-04-21,FCR,222_2026,24,24,24.0,True,tenderStatistics_2026-04
2026-04-21,aFRRDown,218_2026,24,24,24.0,True,tenderStatistics_2026-04
2026-04-21,aFRRUp,218_2026,24,24,24.0,True,tenderStatistics_2026-04
2026-04-21,mFRRDown,218_2026,24,24,24.0,True,tenderStatistics_2026-04
2026-04-21,mFRRUp,218_2026,24,24,24.0,True,tenderStatistics_2026-04
2026-04-22,FCR,225_2026,24,24,24.0,True,tenderStatistics_2026-04
2026-04-22,aFRRDown,223_2026,24,24,24.0,True,tenderStatistics_2026-04
2026-04-22,aFRRUp,223_2026,24,24,24.0,True,tenderStatistics_2026-04
2026-04-22,mFRRDown,223_2026,24,24,24.0,True,tenderStatistics_2026-04
2026-04-22,mFRRUp,223_2026,24,24,24.0,True,tenderStatistics_2026-04
2026-04-23,FCR,227_2026,24,24,24.0,True,tenderStatistics_2026-04
2026-04-23,aFRRDown,226_2026,24,24,24.0,True,tenderStatistics_2026-04
2026-04-23,aFRRUp,226_2026,24,24,24.0,True,tenderStatistics_2026-04
2026-04-23,mFRRDown,226_2026,24,24,24.0,True,tenderStatistics_2026-04
2026-04-23,mFRRUp,226_2026,24,24,24.0,True,tenderStatistics_2026-04
2026-04-24,FCR,229_2026,24,24,24.0,True,tenderStatistics_2026-04
2026-04-24,aFRRDown,228_2026,24,24,24.0,True,tenderStatistics_2026-04
2026-04-24,aFRRUp,228_2026,24,24,24.0,True,tenderStatistics_2026-04
2026-04-24,mFRRDown,228_2026,24,24,24.0,True,tenderStatistics_2026-04
2026-04-24,mFRRUp,228_2026,24,24,24.0,True,tenderStatistics_2026-04
2026-04-25,FCR,234_2026,24,24,24.0,True,tenderStatistics_2026-04
2026-04-25,aFRRDown,230_2026,24,24,24.0,True,tenderStatistics_2026-04
2026-04-25,aFRRUp,230_2026,24,24,24.0,True,tenderStatistics_2026-04
2026-04-25,mFRRDown,230_2026,24,24,24.0,True,tenderStatistics_2026-04
2026-04-25,mFRRUp,230_2026,24,24,24.0,True,tenderStatistics_2026-04
2026-04-26,FCR,235_2026,24,24,24.0,True,tenderStatistics_2026-04
2026-04-26,aFRRDown,231_2026,24,24,24.0,True,tenderStatistics_2026-04
2026-04-26,aFRRUp,231_2026,24,24,24.0,True,tenderStatistics_2026-04
2026-04-26,mFRRDown,231_2026,24,24,24.0,True,tenderStatistics_2026-04
2026-04-26,mFRRUp,231_2026,24,24,24.0,True,tenderStatistics_2026-04
2026-04-27,FCR,236_2026,24,24,24.0,True,tenderStatistics_2026-04
2026-04-27,aFRRDown,232_2026,24,24,24.0,True,tenderStatistics_2026-04
2026-04-27,aFRRUp,232_2026,24,24,24.0,True,tenderStatistics_2026-04
2026-04-27,mFRRDown,232_2026,24,24,24.0,True,tenderStatistics_2026-04
2026-04-27,mFRRUp,232_2026,24,24,24.0,True,tenderStatistics_2026-04
2026-04-28,FCR,237_2026,24,24,24.0,True,tenderStatistics_2026-04
2026-04-28,aFRRDown,233_2026,24,24,24.0,True,tenderStatistics_2026-04
2026-04-28,aFRRUp,233_2026,24,24,24.0,True,tenderStatistics_2026-04
2026-04-28,mFRRDown,233_2026,24,24,24.0,True,tenderStatistics_2026-04
2026-04-28,mFRRUp,233_2026,24,24,24.0,True,tenderStatistics_2026-04
2026-04-29,FCR,239_2026,24,24,24.0,True,tenderStatistics_2026-04
2026-04-29,aFRRDown,238_2026,24,24,24.0,True,tenderStatistics_2026-04
2026-04-29,aFRRUp,238_2026,24,24,24.0,True,tenderStatistics_2026-04
2026-04-29,mFRRDown,238_2026,24,24,24.0,True,tenderStatistics_2026-04
2026-04-29,mFRRUp,238_2026,24,24,24.0,True,tenderStatistics_2026-04
2026-04-30,FCR,241_2026,24,24,24.0,True,tenderStatistics_2026-04
2026-04-30,aFRRDown,240_2026,24,24,24.0,True,tenderStatistics_2026-04
2026-04-30,aFRRUp,240_2026,24,24,24.0,True,tenderStatistics_2026-04
2026-04-30,mFRRDown,240_2026,24,24,24.0,True,tenderStatistics_2026-04
2026-04-30,mFRRUp,240_2026,24,24,24.0,True,tenderStatistics_2026-04
2026-05-01,FCR,246_2026,24,24,24.0,True,tenderStatistics_2026-05
2026-05-01,aFRRDown,242_2026,24,24,24.0,True,tenderStatistics_2026-05
2026-05-01,aFRRUp,242_2026,24,24,24.0,True,tenderStatistics_2026-05
2026-05-01,mFRRDown,242_2026,24,24,24.0,True,tenderStatistics_2026-05
2026-05-01,mFRRUp,242_2026,24,24,24.0,True,tenderStatistics_2026-05
2026-05-02,FCR,247_2026,24,24,24.0,True,tenderStatistics_2026-05
2026-05-02,aFRRDown,243_2026,24,24,24.0,True,tenderStatistics_2026-05
2026-05-02,aFRRUp,243_2026,24,24,24.0,True,tenderStatistics_2026-05
2026-05-02,mFRRDown,243_2026,24,24,24.0,True,tenderStatistics_2026-05
2026-05-02,mFRRUp,243_2026,24,24,24.0,True,tenderStatistics_2026-05
2026-05-03,FCR,248_2026,24,24,24.0,True,tenderStatistics_2026-05
2026-05-03,aFRRDown,244_2026,24,24,24.0,True,tenderStatistics_2026-05
2026-05-03,aFRRUp,244_2026,24,24,24.0,True,tenderStatistics_2026-05
2026-05-03,mFRRDown,244_2026,24,24,24.0,True,tenderStatistics_2026-05
2026-05-03,mFRRUp,244_2026,24,24,24.0,True,tenderStatistics_2026-05
2026-05-04,FCR,249_2026,24,24,24.0,True,tenderStatistics_2026-05
2026-05-04,aFRRDown,245_2026,24,24,24.0,True,tenderStatistics_2026-05
2026-05-04,aFRRUp,245_2026,24,24,24.0,True,tenderStatistics_2026-05
2026-05-04,mFRRDown,245_2026,24,24,24.0,True,tenderStatistics_2026-05
2026-05-04,mFRRUp,245_2026,24,24,24.0,True,tenderStatistics_2026-05
2026-05-05,FCR,251_2026,24,24,24.0,True,tenderStatistics_2026-05
2026-05-05,aFRRDown,250_2026,24,24,24.0,True,tenderStatistics_2026-05
2026-05-05,aFRRUp,250_2026,24,24,24.0,True,tenderStatistics_2026-05
2026-05-05,mFRRDown,250_2026,24,24,24.0,True,tenderStatistics_2026-05
2026-05-05,mFRRUp,250_2026,24,24,24.0,True,tenderStatistics_2026-05
2026-05-06,FCR,253_2026,24,24,24.0,True,tenderStatistics_2026-05
2026-05-06,aFRRDown,252_2026,24,24,24.0,True,tenderStatistics_2026-05
2026-05-06,aFRRUp,252_2026,24,24,24.0,True,tenderStatistics_2026-05
2026-05-06,mFRRDown,252_2026,24,24,24.0,True,tenderStatistics_2026-05
2026-05-06,mFRRUp,252_2026,24,24,24.0,True,tenderStatistics_2026-05
2026-05-07,FCR,255_2026,24,24,24.0,True,tenderStatistics_2026-05
2026-05-07,aFRRDown,254_2026,24,24,24.0,True,tenderStatistics_2026-05
2026-05-07,aFRRUp,254_2026,24,24,24.0,True,tenderStatistics_2026-05
2026-05-07,mFRRDown,254_2026,24,24,24.0,True,tenderStatistics_2026-05
2026-05-07,mFRRUp,254_2026,24,24,24.0,True,tenderStatistics_2026-05
2026-05-08,FCR,257_2026,24,24,24.0,True,tenderStatistics_2026-05
2026-05-08,aFRRDown,256_2026,24,24,24.0,True,tenderStatistics_2026-05
2026-05-08,aFRRUp,256_2026,24,24,24.0,True,tenderStatistics_2026-05
2026-05-08,mFRRDown,256_2026,24,24,24.0,True,tenderStatistics_2026-05
2026-05-08,mFRRUp,256_2026,24,24,24.0,True,tenderStatistics_2026-05
2026-05-09,FCR,262_2026,24,24,24.0,True,tenderStatistics_2026-05
2026-05-09,aFRRDown,258_2026,24,24,24.0,True,tenderStatistics_2026-05
2026-05-09,aFRRUp,258_2026,24,24,24.0,True,tenderStatistics_2026-05
2026-05-09,mFRRDown,258_2026,24,24,24.0,True,tenderStatistics_2026-05
2026-05-09,mFRRUp,258_2026,24,24,24.0,True,tenderStatistics_2026-05
2026-05-10,FCR,263_2026,24,24,24.0,True,tenderStatistics_2026-05
2026-05-10,aFRRDown,259_2026,24,24,24.0,True,tenderStatistics_2026-05
2026-05-10,aFRRUp,259_2026,24,24,24.0,True,tenderStatistics_2026-05
2026-05-10,mFRRDown,259_2026,24,24,24.0,True,tenderStatistics_2026-05
2026-05-10,mFRRUp,259_2026,24,24,24.0,True,tenderStatistics_2026-05
2026-05-11,FCR,264_2026,24,24,24.0,True,tenderStatistics_2026-05
2026-05-11,aFRRDown,260_2026,24,24,24.0,True,tenderStatistics_2026-05
2026-05-11,aFRRUp,260_2026,24,24,24.0,True,tenderStatistics_2026-05
2026-05-11,mFRRDown,260_2026,24,24,24.0,True,tenderStatistics_2026-05
2026-05-11,mFRRUp,260_2026,24,24,24.0,True,tenderStatistics_2026-05
2026-05-12,FCR,265_2026,24,24,24.0,True,tenderStatistics_2026-05
2026-05-12,aFRRDown,261_2026,24,24,24.0,True,tenderStatistics_2026-05
2026-05-12,aFRRUp,261_2026,24,24,24.0,True,tenderStatistics_2026-05
2026-05-12,mFRRDown,261_2026,24,24,24.0,True,tenderStatistics_2026-05
2026-05-12,mFRRUp,261_2026,24,24,24.0,True,tenderStatistics_2026-05
2026-05-13,FCR,267_2026,24,24,24.0,True,tenderStatistics_2026-05
2026-05-13,aFRRDown,266_2026,24,24,24.0,True,tenderStatistics_2026-05
2026-05-13,aFRRUp,266_2026,24,24,24.0,True,tenderStatistics_2026-05
2026-05-13,mFRRDown,266_2026,24,24,24.0,True,tenderStatistics_2026-05
2026-05-13,mFRRUp,266_2026,24,24,24.0,True,tenderStatistics_2026-05
2026-05-14,FCR,269_2026,24,24,24.0,True,tenderStatistics_2026-05
2026-05-14,aFRRDown,268_2026,24,24,24.0,True,tenderStatistics_2026-05
2026-05-14,aFRRUp,268_2026,24,24,24.0,True,tenderStatistics_2026-05
2026-05-14,mFRRDown,268_2026,24,24,24.0,True,tenderStatistics_2026-05
2026-05-14,mFRRUp,268_2026,24,24,24.0,True,tenderStatistics_2026-05
2026-05-15,FCR,271_2026,24,24,24.0,True,tenderStatistics_2026-05
2026-05-15,aFRRDown,270_2026,24,24,24.0,True,tenderStatistics_2026-05
2026-05-15,aFRRUp,270_2026,24,24,24.0,True,tenderStatistics_2026-05
2026-05-15,mFRRDown,270_2026,24,24,24.0,True,tenderStatistics_2026-05
2026-05-15,mFRRUp,270_2026,24,24,24.0,True,tenderStatistics_2026-05
2026-05-16,FCR,276_2026,24,24,24.0,True,tenderStatistics_2026-05
2026-05-16,aFRRDown,272_2026,24,24,24.0,True,tenderStatistics_2026-05
2026-05-16,aFRRUp,272_2026,24,24,24.0,True,tenderStatistics_2026-05
2026-05-16,mFRRDown,272_2026,24,24,24.0,True,tenderStatistics_2026-05
2026-05-16,mFRRUp,272_2026,24,24,24.0,True,tenderStatistics_2026-05
2026-05-17,FCR,277_2026,24,24,24.0,True,tenderStatistics_2026-05
2026-05-17,aFRRDown,273_2026,24,24,24.0,True,tenderStatistics_2026-05
2026-05-17,aFRRUp,273_2026,24,24,24.0,True,tenderStatistics_2026-05
2026-05-17,mFRRDown,273_2026,24,24,24.0,True,tenderStatistics_2026-05
2026-05-17,mFRRUp,273_2026,24,24,24.0,True,tenderStatistics_2026-05
2026-05-18,FCR,278_2026,24,24,24.0,True,tenderStatistics_2026-05
2026-05-18,aFRRDown,274_2026,24,24,24.0,True,tenderStatistics_2026-05
2026-05-18,aFRRUp,274_2026,24,24,24.0,True,tenderStatistics_2026-05
2026-05-18,mFRRDown,274_2026,24,24,24.0,True,tenderStatistics_2026-05
2026-05-18,mFRRUp,274_2026,24,24,24.0,True,tenderStatistics_2026-05
2026-05-19,FCR,279_2026,24,24,24.0,True,tenderStatistics_2026-05
2026-05-19,aFRRDown,275_2026,24,24,24.0,True,tenderStatistics_2026-05
2026-05-19,aFRRUp,275_2026,24,24,24.0,True,tenderStatistics_2026-05
2026-05-19,mFRRDown,275_2026,24,24,24.0,True,tenderStatistics_2026-05
2026-05-19,mFRRUp,275_2026,24,24,24.0,True,tenderStatistics_2026-05
2026-05-20,FCR,281_2026,24,24,24.0,True,tenderStatistics_2026-05
2026-05-20,aFRRDown,280_2026,24,24,24.0,True,tenderStatistics_2026-05
2026-05-20,aFRRUp,280_2026,24,24,24.0,True,tenderStatistics_2026-05
2026-05-20,mFRRDown,280_2026,24,24,24.0,True,tenderStatistics_2026-05
2026-05-20,mFRRUp,280_2026,24,24,24.0,True,tenderStatistics_2026-05
2026-05-21,FCR,283_2026,24,24,24.0,True,tenderStatistics_2026-05
2026-05-21,aFRRDown,282_2026,24,24,24.0,True,tenderStatistics_2026-05
2026-05-21,aFRRUp,282_2026,24,24,24.0,True,tenderStatistics_2026-05
2026-05-21,mFRRDown,282_2026,24,24,24.0,True,tenderStatistics_2026-05
2026-05-21,mFRRUp,282_2026,24,24,24.0,True,tenderStatistics_2026-05
2026-05-22,FCR,285_2026,24,24,24.0,True,tenderStatistics_2026-05
2026-05-22,aFRRDown,284_2026,24,24,24.0,True,tenderStatistics_2026-05
2026-05-22,aFRRUp,284_2026,24,24,24.0,True,tenderStatistics_2026-05
2026-05-22,mFRRDown,284_2026,24,24,24.0,True,tenderStatistics_2026-05
2026-05-22,mFRRUp,284_2026,24,24,24.0,True,tenderStatistics_2026-05
2026-05-23,FCR,290_2026,24,24,24.0,True,tenderStatistics_2026-05
2026-05-23,aFRRDown,286_2026,24,24,24.0,True,tenderStatistics_2026-05
2026-05-23,aFRRUp,286_2026,24,24,24.0,True,tenderStatistics_2026-05
2026-05-23,mFRRDown,286_2026,24,24,24.0,True,tenderStatistics_2026-05
2026-05-23,mFRRUp,286_2026,24,24,24.0,True,tenderStatistics_2026-05
2026-05-24,FCR,291_2026,24,24,24.0,True,tenderStatistics_2026-05
2026-05-24,aFRRDown,287_2026,24,24,24.0,True,tenderStatistics_2026-05
2026-05-24,aFRRUp,287_2026,24,24,24.0,True,tenderStatistics_2026-05
2026-05-24,mFRRDown,287_2026,24,24,24.0,True,tenderStatistics_2026-05
2026-05-24,mFRRUp,287_2026,24,24,24.0,True,tenderStatistics_2026-05
2026-05-25,FCR,292_2026,24,24,24.0,True,tenderStatistics_2026-05
2026-05-25,aFRRDown,288_2026,24,24,24.0,True,tenderStatistics_2026-05
2026-05-25,aFRRUp,288_2026,24,24,24.0,True,tenderStatistics_2026-05
2026-05-25,mFRRDown,288_2026,24,24,24.0,True,tenderStatistics_2026-05
2026-05-25,mFRRUp,288_2026,24,24,24.0,True,tenderStatistics_2026-05
2026-05-26,FCR,293_2026,24,24,24.0,True,tenderStatistics_2026-05
2026-05-26,aFRRDown,289_2026,24,24,24.0,True,tenderStatistics_2026-05
2026-05-26,aFRRUp,289_2026,24,24,24.0,True,tenderStatistics_2026-05
2026-05-26,mFRRDown,289_2026,24,24,24.0,True,tenderStatistics_2026-05
2026-05-26,mFRRUp,289_2026,24,24,24.0,True,tenderStatistics_2026-05
2026-05-27,FCR,295_2026,24,24,24.0,True,tenderStatistics_2026-05
2026-05-27,aFRRDown,294_2026,24,24,24.0,True,tenderStatistics_2026-05
2026-05-27,aFRRUp,294_2026,24,24,24.0,True,tenderStatistics_2026-05
2026-05-27,mFRRDown,294_2026,24,24,24.0,True,tenderStatistics_2026-05
2026-05-27,mFRRUp,294_2026,24,24,24.0,True,tenderStatistics_2026-05
2026-05-28,FCR,297_2026,24,24,24.0,True,tenderStatistics_2026-05
2026-05-28,aFRRDown,296_2026,24,24,24.0,True,tenderStatistics_2026-05
2026-05-28,aFRRUp,296_2026,24,24,24.0,True,tenderStatistics_2026-05
2026-05-28,mFRRDown,296_2026,24,24,24.0,True,tenderStatistics_2026-05
2026-05-28,mFRRUp,296_2026,24,24,24.0,True,tenderStatistics_2026-05
2026-05-29,FCR,299_2026,24,24,24.0,True,tenderStatistics_2026-05
2026-05-29,aFRRDown,298_2026,24,24,24.0,True,tenderStatistics_2026-05
2026-05-29,aFRRUp,298_2026,24,24,24.0,True,tenderStatistics_2026-05
2026-05-29,mFRRDown,298_2026,24,24,24.0,True,tenderStatistics_2026-05
2026-05-29,mFRRUp,298_2026,24,24,24.0,True,tenderStatistics_2026-05
2026-05-30,FCR,305_2026,24,24,24.0,True,tenderStatistics_2026-05
2026-05-30,aFRRDown,300_2026,24,24,24.0,True,tenderStatistics_2026-05
2026-05-30,aFRRUp,300_2026,24,24,24.0,True,tenderStatistics_2026-05
2026-05-30,mFRRDown,300_2026,24,24,24.0,True,tenderStatistics_2026-05
2026-05-30,mFRRUp,300_2026,24,24,24.0,True,tenderStatistics_2026-05
2026-05-31,FCR,306_2026,24,24,24.0,True,tenderStatistics_2026-05
2026-05-31,aFRRDown,301_2026,24,24,24.0,True,tenderStatistics_2026-05
2026-05-31,aFRRUp,301_2026,24,24,24.0,True,tenderStatistics_2026-05
2026-05-31,mFRRDown,301_2026,24,24,24.0,True,tenderStatistics_2026-05
2026-05-31,mFRRUp,301_2026,24,24,24.0,True,tenderStatistics_2026-05
2026-06-01,FCR,307_2026,24,24,24.0,True,tenderStatistics_2026-06
2026-06-01,aFRRDown,302_2026,24,24,24.0,True,tenderStatistics_2026-06
2026-06-01,aFRRUp,302_2026,24,24,24.0,True,tenderStatistics_2026-06
2026-06-01,mFRRDown,302_2026,24,24,24.0,True,tenderStatistics_2026-06
2026-06-01,mFRRUp,302_2026,24,24,24.0,True,tenderStatistics_2026-06
2026-06-02,FCR,308_2026,24,24,24.0,True,tenderStatistics_2026-06
2026-06-02,aFRRDown,303_2026,24,24,24.0,True,tenderStatistics_2026-06
2026-06-02,aFRRUp,303_2026,24,24,24.0,True,tenderStatistics_2026-06
2026-06-02,mFRRDown,303_2026,24,24,24.0,True,tenderStatistics_2026-06
2026-06-02,mFRRUp,303_2026,24,24,24.0,True,tenderStatistics_2026-06
2026-06-03,FCR,309_2026,24,24,24.0,True,tenderStatistics_2026-06
2026-06-03,aFRRDown,304_2026,24,24,24.0,True,tenderStatistics_2026-06
2026-06-03,aFRRUp,304_2026,24,24,24.0,True,tenderStatistics_2026-06
2026-06-03,mFRRDown,304_2026,24,24,24.0,True,tenderStatistics_2026-06
2026-06-03,mFRRUp,304_2026,24,24,24.0,True,tenderStatistics_2026-06
2026-06-04,FCR,311_2026,24,24,24.0,True,tenderStatistics_2026-06
2026-06-04,aFRRDown,310_2026,24,24,24.0,True,tenderStatistics_2026-06
2026-06-04,aFRRUp,310_2026,24,24,24.0,True,tenderStatistics_2026-06
2026-06-04,mFRRDown,310_2026,24,24,24.0,True,tenderStatistics_2026-06
2026-06-04,mFRRUp,310_2026,24,24,24.0,True,tenderStatistics_2026-06
2026-06-05,FCR,313_2026,24,24,24.0,True,tenderStatistics_2026-06
2026-06-05,aFRRDown,312_2026,24,24,24.0,True,tenderStatistics_2026-06
2026-06-05,aFRRUp,312_2026,24,24,24.0,True,tenderStatistics_2026-06
2026-06-05,mFRRDown,312_2026,24,24,24.0,True,tenderStatistics_2026-06
2026-06-05,mFRRUp,312_2026,24,24,24.0,True,tenderStatistics_2026-06
2026-06-06,FCR,318_2026,24,24,24.0,True,tenderStatistics_2026-06
2026-06-06,aFRRDown,314_2026,24,24,24.0,True,tenderStatistics_2026-06
2026-06-06,aFRRUp,314_2026,24,24,24.0,True,tenderStatistics_2026-06
2026-06-06,mFRRDown,314_2026,24,24,24.0,True,tenderStatistics_2026-06
2026-06-06,mFRRUp,314_2026,24,24,24.0,True,tenderStatistics_2026-06
2026-06-07,FCR,319_2026,24,24,24.0,True,tenderStatistics_2026-06
2026-06-07,aFRRDown,315_2026,24,24,24.0,True,tenderStatistics_2026-06
2026-06-07,aFRRUp,315_2026,24,24,24.0,True,tenderStatistics_2026-06
2026-06-07,mFRRDown,315_2026,24,24,24.0,True,tenderStatistics_2026-06
2026-06-07,mFRRUp,315_2026,24,24,24.0,True,tenderStatistics_2026-06
2026-06-08,FCR,320_2026,24,24,24.0,True,tenderStatistics_2026-06
2026-06-08,aFRRDown,316_2026,24,24,24.0,True,tenderStatistics_2026-06
2026-06-08,aFRRUp,316_2026,24,24,24.0,True,tenderStatistics_2026-06
2026-06-08,mFRRDown,316_2026,24,24,24.0,True,tenderStatistics_2026-06
2026-06-08,mFRRUp,316_2026,24,24,24.0,True,tenderStatistics_2026-06
2026-06-09,FCR,321_2026,24,24,24.0,True,tenderStatistics_2026-06
2026-06-09,aFRRDown,317_2026,24,24,24.0,True,tenderStatistics_2026-06
2026-06-09,aFRRUp,317_2026,24,24,24.0,True,tenderStatistics_2026-06
2026-06-09,mFRRDown,317_2026,24,24,24.0,True,tenderStatistics_2026-06
2026-06-09,mFRRUp,317_2026,24,24,24.0,True,tenderStatistics_2026-06
2026-06-10,FCR,323_2026,24,24,24.0,True,tenderStatistics_2026-06
2026-06-10,aFRRDown,322_2026,24,24,24.0,True,tenderStatistics_2026-06
2026-06-10,aFRRUp,322_2026,24,24,24.0,True,tenderStatistics_2026-06
2026-06-10,mFRRDown,322_2026,24,24,24.0,True,tenderStatistics_2026-06
2026-06-10,mFRRUp,322_2026,24,24,24.0,True,tenderStatistics_2026-06
2026-06-11,FCR,325_2026,24,24,24.0,True,tenderStatistics_2026-06
2026-06-11,aFRRDown,324_2026,24,24,24.0,True,tenderStatistics_2026-06
2026-06-11,aFRRUp,324_2026,24,24,24.0,True,tenderStatistics_2026-06
2026-06-11,mFRRDown,324_2026,24,24,24.0,True,tenderStatistics_2026-06
2026-06-11,mFRRUp,324_2026,24,24,24.0,True,tenderStatistics_2026-06
2026-06-12,FCR,327_2026,24,24,24.0,True,tenderStatistics_2026-06
2026-06-12,aFRRDown,326_2026,24,24,24.0,True,tenderStatistics_2026-06
2026-06-12,aFRRUp,326_2026,24,24,24.0,True,tenderStatistics_2026-06
2026-06-12,mFRRDown,326_2026,24,24,24.0,True,tenderStatistics_2026-06
2026-06-12,mFRRUp,326_2026,24,24,24.0,True,tenderStatistics_2026-06
2026-06-13,FCR,332_2026,24,24,24.0,True,tenderStatistics_2026-06
2026-06-13,aFRRDown,328_2026,24,24,24.0,True,tenderStatistics_2026-06
2026-06-13,aFRRUp,328_2026,24,24,24.0,True,tenderStatistics_2026-06
2026-06-13,mFRRDown,328_2026,24,24,24.0,True,tenderStatistics_2026-06
2026-06-13,mFRRUp,328_2026,24,24,24.0,True,tenderStatistics_2026-06
2026-06-14,FCR,333_2026,24,24,24.0,True,tenderStatistics_2026-06
2026-06-14,aFRRDown,329_2026,24,24,24.0,True,tenderStatistics_2026-06
2026-06-14,aFRRUp,329_2026,24,24,24.0,True,tenderStatistics_2026-06
2026-06-14,mFRRDown,329_2026,24,24,24.0,True,tenderStatistics_2026-06
2026-06-14,mFRRUp,329_2026,24,24,24.0,True,tenderStatistics_2026-06
2026-06-15,FCR,334_2026,24,24,24.0,True,tenderStatistics_2026-06
2026-06-15,aFRRDown,330_2026,24,24,24.0,True,tenderStatistics_2026-06
2026-06-15,aFRRUp,330_2026,24,24,24.0,True,tenderStatistics_2026-06
2026-06-15,mFRRDown,330_2026,24,24,24.0,True,tenderStatistics_2026-06
2026-06-15,mFRRUp,330_2026,24,24,24.0,True,tenderStatistics_2026-06
2026-06-16,FCR,335_2026,24,24,24.0,True,tenderStatistics_2026-06
2026-06-16,aFRRDown,331_2026,24,24,24.0,True,tenderStatistics_2026-06
2026-06-16,aFRRUp,331_2026,24,24,24.0,True,tenderStatistics_2026-06
2026-06-16,mFRRDown,331_2026,24,24,24.0,True,tenderStatistics_2026-06
2026-06-16,mFRRUp,331_2026,24,24,24.0,True,tenderStatistics_2026-06
2026-06-17,FCR,337_2026,24,24,24.0,True,tenderStatistics_2026-06
2026-06-17,aFRRDown,336_2026,24,24,24.0,True,tenderStatistics_2026-06
2026-06-17,aFRRUp,336_2026,24,24,24.0,True,tenderStatistics_2026-06
2026-06-17,mFRRDown,336_2026,24,24,24.0,True,tenderStatistics_2026-06
2026-06-17,mFRRUp,336_2026,24,24,24.0,True,tenderStatistics_2026-06
2026-06-18,FCR,339_2026,24,24,24.0,True,tenderStatistics_2026-06
2026-06-18,aFRRDown,338_2026,24,24,24.0,True,tenderStatistics_2026-06
2026-06-18,aFRRUp,338_2026,24,24,24.0,True,tenderStatistics_2026-06
2026-06-18,mFRRDown,338_2026,24,24,24.0,True,tenderStatistics_2026-06
2026-06-18,mFRRUp,338_2026,24,24,24.0,True,tenderStatistics_2026-06
2026-06-19,FCR,341_2026,24,24,24.0,True,tenderStatistics_2026-06
2026-06-19,aFRRDown,340_2026,24,24,24.0,True,tenderStatistics_2026-06
2026-06-19,aFRRUp,340_2026,24,24,24.0,True,tenderStatistics_2026-06
2026-06-19,mFRRDown,340_2026,24,24,24.0,True,tenderStatistics_2026-06
2026-06-19,mFRRUp,340_2026,24,24,24.0,True,tenderStatistics_2026-06
2026-06-20,FCR,346_2026,24,24,24.0,True,tenderStatistics_2026-06
2026-06-20,aFRRDown,342_2026,24,24,24.0,True,tenderStatistics_2026-06
2026-06-20,aFRRUp,342_2026,24,24,24.0,True,tenderStatistics_2026-06
2026-06-20,mFRRDown,342_2026,24,24,24.0,True,tenderStatistics_2026-06
2026-06-20,mFRRUp,342_2026,24,24,24.0,True,tenderStatistics_2026-06
2026-06-21,FCR,347_2026,24,24,24.0,True,tenderStatistics_2026-06
2026-06-21,aFRRDown,343_2026,24,24,24.0,True,tenderStatistics_2026-06
2026-06-21,aFRRUp,343_2026,24,24,24.0,True,tenderStatistics_2026-06
2026-06-21,mFRRDown,343_2026,24,24,24.0,True,tenderStatistics_2026-06
2026-06-21,mFRRUp,343_2026,24,24,24.0,True,tenderStatistics_2026-06
2026-06-22,FCR,348_2026,24,24,24.0,True,tenderStatistics_2026-06
2026-06-22,aFRRDown,344_2026,24,24,24.0,True,tenderStatistics_2026-06
2026-06-22,aFRRUp,344_2026,24,24,24.0,True,tenderStatistics_2026-06
2026-06-22,mFRRDown,344_2026,24,24,24.0,True,tenderStatistics_2026-06
2026-06-22,mFRRUp,344_2026,24,24,24.0,True,tenderStatistics_2026-06
2026-06-23,FCR,349_2026,24,24,24.0,True,tenderStatistics_2026-06
2026-06-23,aFRRDown,345_2026,24,24,24.0,True,tenderStatistics_2026-06
2026-06-23,aFRRUp,345_2026,24,24,24.0,True,tenderStatistics_2026-06
2026-06-23,mFRRDown,345_2026,24,24,24.0,True,tenderStatistics_2026-06
2026-06-23,mFRRUp,345_2026,24,24,24.0,True,tenderStatistics_2026-06
2026-06-24,FCR,351_2026,24,24,24.0,True,tenderStatistics_2026-06
2026-06-24,aFRRDown,350_2026,24,24,24.0,True,tenderStatistics_2026-06
2026-06-24,aFRRUp,350_2026,24,24,24.0,True,tenderStatistics_2026-06
2026-06-24,mFRRDown,350_2026,24,24,24.0,True,tenderStatistics_2026-06
2026-06-24,mFRRUp,350_2026,24,24,24.0,True,tenderStatistics_2026-06
2026-06-25,FCR,353_2026,24,24,24.0,True,tenderStatistics_2026-06
2026-06-25,aFRRDown,352_2026,24,24,24.0,True,tenderStatistics_2026-06
2026-06-25,aFRRUp,352_2026,24,24,24.0,True,tenderStatistics_2026-06
2026-06-25,mFRRDown,352_2026,24,24,24.0,True,tenderStatistics_2026-06
2026-06-25,mFRRUp,352_2026,24,24,24.0,True,tenderStatistics_2026-06
2026-06-26,FCR,355_2026,24,24,24.0,True,tenderStatistics_2026-06
2026-06-26,aFRRDown,354_2026,24,24,24.0,True,tenderStatistics_2026-06
2026-06-26,aFRRUp,354_2026,24,24,24.0,True,tenderStatistics_2026-06
2026-06-26,mFRRDown,354_2026,24,24,24.0,True,tenderStatistics_2026-06
2026-06-26,mFRRUp,354_2026,24,24,24.0,True,tenderStatistics_2026-06
2026-06-27,FCR,360_2026,24,24,24.0,True,tenderStatistics_2026-06
2026-06-27,aFRRDown,356_2026,24,24,24.0,True,tenderStatistics_2026-06
2026-06-27,aFRRUp,356_2026,24,24,24.0,True,tenderStatistics_2026-06
2026-06-27,mFRRDown,356_2026,24,24,24.0,True,tenderStatistics_2026-06
2026-06-27,mFRRUp,356_2026,24,24,24.0,True,tenderStatistics_2026-06
2026-06-28,FCR,361_2026,24,24,24.0,True,tenderStatistics_2026-06
2026-06-28,aFRRDown,357_2026,24,24,24.0,True,tenderStatistics_2026-06
2026-06-28,aFRRUp,357_2026,24,24,24.0,True,tenderStatistics_2026-06
2026-06-28,mFRRDown,357_2026,24,24,24.0,True,tenderStatistics_2026-06
2026-06-28,mFRRUp,357_2026,24,24,24.0,True,tenderStatistics_2026-06
2026-06-29,FCR,362_2026,24,24,24.0,True,tenderStatistics_2026-06
2026-06-29,aFRRDown,358_2026,24,24,24.0,True,tenderStatistics_2026-06
2026-06-29,aFRRUp,358_2026,24,24,24.0,True,tenderStatistics_2026-06
2026-06-29,mFRRDown,358_2026,24,24,24.0,True,tenderStatistics_2026-06
2026-06-29,mFRRUp,358_2026,24,24,24.0,True,tenderStatistics_2026-06
2026-06-30,FCR,363_2026,24,24,24.0,True,tenderStatistics_2026-06
2026-06-30,aFRRDown,359_2026,24,24,24.0,True,tenderStatistics_2026-06
2026-06-30,aFRRUp,359_2026,24,24,24.0,True,tenderStatistics_2026-06
2026-06-30,mFRRDown,359_2026,24,24,24.0,True,tenderStatistics_2026-06
2026-06-30,mFRRUp,359_2026,24,24,24.0,True,tenderStatistics_2026-06
2026-07-01,FCR,365_2026,24,24,24.0,True,tenderStatistics_2026-07
2026-07-01,aFRRDown,364_2026,24,24,24.0,True,tenderStatistics_2026-07
2026-07-01,aFRRUp,364_2026,24,24,24.0,True,tenderStatistics_2026-07
2026-07-01,mFRRDown,364_2026,24,24,24.0,True,tenderStatistics_2026-07
2026-07-01,mFRRUp,364_2026,24,24,24.0,True,tenderStatistics_2026-07
2026-07-02,FCR,367_2026,24,24,24.0,True,tenderStatistics_2026-07
2026-07-02,aFRRDown,366_2026,24,24,24.0,True,tenderStatistics_2026-07
2026-07-02,aFRRUp,366_2026,24,24,24.0,True,tenderStatistics_2026-07
2026-07-02,mFRRDown,366_2026,24,24,24.0,True,tenderStatistics_2026-07
2026-07-02,mFRRUp,366_2026,24,24,24.0,True,tenderStatistics_2026-07
2026-07-03,FCR,369_2026,24,24,24.0,True,tenderStatistics_2026-07
2026-07-03,aFRRDown,368_2026,24,24,24.0,True,tenderStatistics_2026-07
2026-07-03,aFRRUp,368_2026,24,24,24.0,True,tenderStatistics_2026-07
2026-07-03,mFRRDown,368_2026,24,24,24.0,True,tenderStatistics_2026-07
2026-07-03,mFRRUp,368_2026,24,24,24.0,True,tenderStatistics_2026-07
2026-07-04,FCR,373_2026,24,24,24.0,True,tenderStatistics_2026-07
2026-07-04,aFRRDown,370_2026,24,24,24.0,True,tenderStatistics_2026-07
2026-07-04,aFRRUp,370_2026,24,24,24.0,True,tenderStatistics_2026-07
2026-07-04,mFRRDown,370_2026,24,24,24.0,True,tenderStatistics_2026-07
2026-07-04,mFRRUp,370_2026,24,24,24.0,True,tenderStatistics_2026-07
2026-07-05,FCR,374_2026,24,24,24.0,True,tenderStatistics_2026-07
2026-07-05,aFRRDown,371_2026,24,24,24.0,True,tenderStatistics_2026-07
2026-07-05,aFRRUp,371_2026,24,24,24.0,True,tenderStatistics_2026-07
2026-07-05,mFRRDown,371_2026,24,24,24.0,True,tenderStatistics_2026-07
2026-07-05,mFRRUp,371_2026,24,24,24.0,True,tenderStatistics_2026-07
2026-07-06,FCR,375_2026,24,24,24.0,True,tenderStatistics_2026-07
2026-07-06,aFRRDown,372_2026,24,24,24.0,True,tenderStatistics_2026-07
2026-07-06,aFRRUp,372_2026,24,24,24.0,True,tenderStatistics_2026-07
2026-07-06,mFRRDown,372_2026,24,24,24.0,True,tenderStatistics_2026-07
2026-07-06,mFRRUp,372_2026,24,24,24.0,True,tenderStatistics_2026-07
2026-07-07,FCR,377_2026,24,24,24.0,True,tenderStatistics_2026-07
2026-07-07,aFRRDown,376_2026,24,24,24.0,True,tenderStatistics_2026-07
2026-07-07,aFRRUp,376_2026,24,24,24.0,True,tenderStatistics_2026-07
2026-07-07,mFRRDown,376_2026,24,24,24.0,True,tenderStatistics_2026-07
2026-07-07,mFRRUp,376_2026,24,24,24.0,True,tenderStatistics_2026-07
2026-07-08,FCR,379_2026,24,24,24.0,True,tenderStatistics_2026-07
2026-07-08,aFRRDown,378_2026,24,24,24.0,True,tenderStatistics_2026-07
2026-07-08,aFRRUp,378_2026,24,24,24.0,True,tenderStatistics_2026-07
2026-07-08,mFRRDown,378_2026,24,24,24.0,True,tenderStatistics_2026-07
2026-07-08,mFRRUp,378_2026,24,24,24.0,True,tenderStatistics_2026-07
2026-07-09,FCR,381_2026,24,24,24.0,True,tenderStatistics_2026-07
2026-07-09,aFRRDown,380_2026,24,24,24.0,True,tenderStatistics_2026-07
2026-07-09,aFRRUp,380_2026,24,24,24.0,True,tenderStatistics_2026-07
2026-07-09,mFRRDown,380_2026,24,24,24.0,True,tenderStatistics_2026-07
2026-07-09,mFRRUp,380_2026,24,24,24.0,True,tenderStatistics_2026-07
2026-07-10,FCR,383_2026,24,24,24.0,True,tenderStatistics_2026-07
2026-07-10,aFRRDown,382_2026,24,24,24.0,True,tenderStatistics_2026-07
2026-07-10,aFRRUp,382_2026,24,24,24.0,True,tenderStatistics_2026-07
2026-07-10,mFRRDown,382_2026,24,24,24.0,True,tenderStatistics_2026-07
2026-07-10,mFRRUp,382_2026,24,24,24.0,True,tenderStatistics_2026-07
2026-07-11,FCR,387_2026,24,24,24.0,True,tenderStatistics_2026-07
2026-07-11,aFRRDown,384_2026,24,24,24.0,True,tenderStatistics_2026-07
2026-07-11,aFRRUp,384_2026,24,24,24.0,True,tenderStatistics_2026-07
2026-07-11,mFRRDown,384_2026,24,24,24.0,True,tenderStatistics_2026-07
2026-07-11,mFRRUp,384_2026,24,24,24.0,True,tenderStatistics_2026-07
2026-07-12,FCR,388_2026,24,24,24.0,True,tenderStatistics_2026-07
2026-07-12,aFRRDown,385_2026,24,24,24.0,True,tenderStatistics_2026-07
2026-07-12,aFRRUp,385_2026,24,24,24.0,True,tenderStatistics_2026-07
2026-07-12,mFRRDown,385_2026,24,24,24.0,True,tenderStatistics_2026-07
2026-07-12,mFRRUp,385_2026,24,24,24.0,True,tenderStatistics_2026-07
2026-07-13,FCR,389_2026,24,24,24.0,True,tenderStatistics_2026-07
2026-07-13,aFRRDown,386_2026,24,24,24.0,True,tenderStatistics_2026-07
2026-07-13,aFRRUp,386_2026,24,24,24.0,True,tenderStatistics_2026-07
2026-07-13,mFRRDown,386_2026,24,24,24.0,True,tenderStatistics_2026-07
2026-07-13,mFRRUp,386_2026,24,24,24.0,True,tenderStatistics_2026-07
2026-07-14,FCR,391_2026,24,24,24.0,True,tenderStatistics_2026-07
2026-07-14,aFRRDown,390_2026,24,24,24.0,True,tenderStatistics_2026-07
2026-07-14,aFRRUp,390_2026,24,24,24.0,True,tenderStatistics_2026-07
2026-07-14,mFRRDown,390_2026,24,24,24.0,True,tenderStatistics_2026-07
2026-07-14,mFRRUp,390_2026,24,24,24.0,True,tenderStatistics_2026-07
2026-07-15,FCR,393_2026,24,24,24.0,True,tenderStatistics_2026-07
2026-07-15,aFRRDown,392_2026,24,24,24.0,True,tenderStatistics_2026-07
2026-07-15,aFRRUp,392_2026,24,24,24.0,True,tenderStatistics_2026-07
2026-07-15,mFRRDown,392_2026,24,24,24.0,True,tenderStatistics_2026-07
2026-07-15,mFRRUp,392_2026,24,24,24.0,True,tenderStatistics_2026-07
2026-07-16,FCR,395_2026,24,24,24.0,True,tenderStatistics_2026-07
2026-07-16,aFRRDown,394_2026,24,24,24.0,True,tenderStatistics_2026-07
2026-07-16,aFRRUp,394_2026,24,24,24.0,True,tenderStatistics_2026-07
2026-07-16,mFRRDown,394_2026,24,24,24.0,True,tenderStatistics_2026-07
2026-07-16,mFRRUp,394_2026,24,24,24.0,True,tenderStatistics_2026-07
2026-07-17,FCR,397_2026,24,24,24.0,True,tenderStatistics_2026-07
2026-07-17,aFRRDown,396_2026,24,24,24.0,True,tenderStatistics_2026-07
2026-07-17,aFRRUp,396_2026,24,24,24.0,True,tenderStatistics_2026-07
2026-07-17,mFRRDown,396_2026,24,24,24.0,True,tenderStatistics_2026-07
2026-07-17,mFRRUp,396_2026,24,24,24.0,True,tenderStatistics_2026-07
2026-07-18,FCR,402_2026,24,24,24.0,True,tenderStatistics_2026-07
2026-07-18,aFRRDown,398_2026,24,24,24.0,True,tenderStatistics_2026-07
2026-07-18,aFRRUp,398_2026,24,24,24.0,True,tenderStatistics_2026-07
2026-07-18,mFRRDown,398_2026,24,24,24.0,True,tenderStatistics_2026-07
2026-07-18,mFRRUp,398_2026,24,24,24.0,True,tenderStatistics_2026-07
2026-07-19,FCR,403_2026,24,24,24.0,True,tenderStatistics_2026-07
2026-07-19,aFRRDown,399_2026,24,24,24.0,True,tenderStatistics_2026-07
2026-07-19,aFRRUp,399_2026,24,24,24.0,True,tenderStatistics_2026-07
2026-07-19,mFRRDown,399_2026,24,24,24.0,True,tenderStatistics_2026-07
2026-07-19,mFRRUp,399_2026,24,24,24.0,True,tenderStatistics_2026-07
2026-07-20,FCR,404_2026,24,24,24.0,True,tenderStatistics_2026-07
2026-07-20,aFRRDown,400_2026,24,24,24.0,True,tenderStatistics_2026-07
2026-07-20,aFRRUp,400_2026,24,24,24.0,True,tenderStatistics_2026-07
2026-07-20,mFRRDown,400_2026,24,24,24.0,True,tenderStatistics_2026-07
2026-07-20,mFRRUp,400_2026,24,24,24.0,True,tenderStatistics_2026-07
2026-07-21,FCR,405_2026,24,24,24.0,True,tenderStatistics_2026-07
2026-07-21,aFRRDown,401_2026,24,24,24.0,True,tenderStatistics_2026-07
2026-07-21,aFRRUp,401_2026,24,24,24.0,True,tenderStatistics_2026-07
2026-07-21,mFRRDown,401_2026,24,24,24.0,True,tenderStatistics_2026-07
2026-07-21,mFRRUp,401_2026,24,24,24.0,True,tenderStatistics_2026-07
2026-07-22,FCR,407_2026,24,24,24.0,True,tenderStatistics_2026-07
2026-07-22,aFRRDown,406_2026,24,24,24.0,True,tenderStatistics_2026-07
2026-07-22,aFRRUp,406_2026,24,24,24.0,True,tenderStatistics_2026-07
2026-07-22,mFRRDown,406_2026,24,24,24.0,True,tenderStatistics_2026-07
2026-07-22,mFRRUp,406_2026,24,24,24.0,True,tenderStatistics_2026-07
2026-07-23,FCR,409_2026,24,24,24.0,True,tenderStatistics_2026-07
2026-07-23,aFRRDown,408_2026,24,24,24.0,True,tenderStatistics_2026-07
2026-07-23,aFRRUp,408_2026,24,24,24.0,True,tenderStatistics_2026-07
2026-07-23,mFRRDown,408_2026,24,24,24.0,True,tenderStatistics_2026-07
2026-07-23,mFRRUp,408_2026,24,24,24.0,True,tenderStatistics_2026-07
2026-07-24,FCR,411_2026,24,24,24.0,True,tenderStatistics_2026-07
2026-07-24,aFRRDown,410_2026,24,24,24.0,True,tenderStatistics_2026-07
2026-07-24,aFRRUp,410_2026,24,24,24.0,True,tenderStatistics_2026-07
2026-07-24,mFRRDown,410_2026,24,24,24.0,True,tenderStatistics_2026-07
2026-07-24,mFRRUp,410_2026,24,24,24.0,True,tenderStatistics_2026-07
2026-07-25,FCR,416_2026,24,24,24.0,True,tenderStatistics_2026-07
2026-07-25,aFRRDown,412_2026,24,24,24.0,True,tenderStatistics_2026-07
2026-07-25,aFRRUp,412_2026,24,24,24.0,True,tenderStatistics_2026-07
2026-07-25,mFRRDown,412_2026,24,24,24.0,True,tenderStatistics_2026-07
2026-07-25,mFRRUp,412_2026,24,24,24.0,True,tenderStatistics_2026-07
2026-07-26,FCR,417_2026,24,24,24.0,True,tenderStatistics_2026-07
2026-07-26,aFRRDown,413_2026,24,24,24.0,True,tenderStatistics_2026-07
2026-07-26,aFRRUp,413_2026,24,24,24.0,True,tenderStatistics_2026-07
2026-07-26,mFRRDown,413_2026,24,24,24.0,True,tenderStatistics_2026-07
2026-07-26,mFRRUp,413_2026,24,24,24.0,True,tenderStatistics_2026-07
2026-07-27,FCR,418_2026,24,24,24.0,True,tenderStatistics_2026-07
2026-07-27,aFRRDown,414_2026,24,24,24.0,True,tenderStatistics_2026-07
2026-07-27,aFRRUp,414_2026,24,24,24.0,True,tenderStatistics_2026-07
2026-07-27,mFRRDown,414_2026,24,24,24.0,True,tenderStatistics_2026-07
2026-07-27,mFRRUp,414_2026,24,24,24.0,True,tenderStatistics_2026-07
2026-07-28,FCR,419_2026,24,24,24.0,True,tenderStatistics_2026-07
2026-07-28,aFRRDown,415_2026,24,24,24.0,True,tenderStatistics_2026-07
2026-07-28,aFRRUp,415_2026,24,24,24.0,True,tenderStatistics_2026-07
2026-07-28,mFRRDown,415_2026,24,24,24.0,True,tenderStatistics_2026-07
2026-07-28,mFRRUp,415_2026,24,24,24.0,True,tenderStatistics_2026-07
2026-07-29,FCR,421_2026,24,24,24.0,True,tenderStatistics_2026-07
2026-07-29,aFRRDown,420_2026,24,24,24.0,True,tenderStatistics_2026-07
2026-07-29,aFRRUp,420_2026,24,24,24.0,True,tenderStatistics_2026-07
2026-07-29,mFRRDown,420_2026,24,24,24.0,True,tenderStatistics_2026-07
2026-07-29,mFRRUp,420_2026,24,24,24.0,True,tenderStatistics_2026-07
2026-07-30,FCR,423_2026,24,24,24.0,True,tenderStatistics_2026-07
2026-07-30,aFRRDown,422_2026,24,24,24.0,True,tenderStatistics_2026-07
2026-07-30,aFRRUp,422_2026,24,24,24.0,True,tenderStatistics_2026-07
2026-07-30,mFRRDown,422_2026,24,24,24.0,True,tenderStatistics_2026-07
2026-07-30,mFRRUp,422_2026,24,24,24.0,True,tenderStatistics_2026-07
2026-07-31,FCR,425_2026,24,24,24.0,True,tenderStatistics_2026-07
2026-07-31,aFRRDown,424_2026,24,24,24.0,True,tenderStatistics_2026-07
2026-07-31,aFRRUp,424_2026,24,24,24.0,True,tenderStatistics_2026-07
2026-07-31,mFRRDown,424_2026,24,24,24.0,True,tenderStatistics_2026-07
2026-07-31,mFRRUp,424_2026,24,24,24.0,True,tenderStatistics_2026-07
2026-08-01,FCR,430_2026,24,24,24.0,True,tenderStatistics_2026-08
2026-08-01,aFRRDown,426_2026,24,24,24.0,True,tenderStatistics_2026-08
2026-08-01,aFRRUp,426_2026,24,24,24.0,True,tenderStatistics_2026-08
2026-08-01,mFRRDown,426_2026,24,24,24.0,True,tenderStatistics_2026-08
2026-08-01,mFRRUp,426_2026,24,24,24.0,True,tenderStatistics_2026-08
2026-08-02,FCR,431_2026,24,24,24.0,True,tenderStatistics_2026-08
2026-08-02,aFRRDown,427_2026,24,24,24.0,True,tenderStatistics_2026-08
2026-08-02,aFRRUp,427_2026,24,24,24.0,True,tenderStatistics_2026-08
2026-08-02,mFRRDown,427_2026,24,24,24.0,True,tenderStatistics_2026-08
2026-08-02,mFRRUp,427_2026,24,24,24.0,True,tenderStatistics_2026-08
2026-08-03,FCR,432_2026,24,24,24.0,True,tenderStatistics_2026-08
2026-08-03,aFRRDown,428_2026,24,24,24.0,True,tenderStatistics_2026-08
2026-08-03,aFRRUp,428_2026,24,24,24.0,True,tenderStatistics_2026-08
2026-08-03,mFRRDown,428_2026,24,24,24.0,True,tenderStatistics_2026-08
2026-08-03,mFRRUp,428_2026,24,24,24.0,True,tenderStatistics_2026-08
2026-08-04,FCR,433_2026,24,24,24.0,True,tenderStatistics_2026-08
2026-08-04,aFRRDown,429_2026,24,24,24.0,True,tenderStatistics_2026-08
2026-08-04,aFRRUp,429_2026,24,24,24.0,True,tenderStatistics_2026-08
2026-08-04,mFRRDown,429_2026,24,24,24.0,True,tenderStatistics_2026-08
2026-08-04,mFRRUp,429_2026,24,24,24.0,True,tenderStatistics_2026-08
2026-08-05,FCR,435_2026,24,24,24.0,True,tenderStatistics_2026-08
2026-08-05,aFRRDown,434_2026,24,24,24.0,True,tenderStatistics_2026-08
2026-08-05,aFRRUp,434_2026,24,24,24.0,True,tenderStatistics_2026-08
2026-08-05,mFRRDown,434_2026,24,24,24.0,True,tenderStatistics_2026-08
2026-08-05,mFRRUp,434_2026,24,24,24.0,True,tenderStatistics_2026-08
2026-08-06,FCR,437_2026,24,24,24.0,True,tenderStatistics_2026-08
2026-08-06,aFRRDown,436_2026,24,24,24.0,True,tenderStatistics_2026-08
2026-08-06,aFRRUp,436_2026,24,24,24.0,True,tenderStatistics_2026-08
2026-08-06,mFRRDown,436_2026,24,24,24.0,True,tenderStatistics_2026-08
2026-08-06,mFRRUp,436_2026,24,24,24.0,True,tenderStatistics_2026-08
2026-08-07,FCR,439_2026,24,24,24.0,True,tenderStatistics_2026-08
2026-08-07,aFRRDown,438_2026,24,24,24.0,True,tenderStatistics_2026-08
2026-08-07,aFRRUp,438_2026,24,24,24.0,True,tenderStatistics_2026-08
2026-08-07,mFRRDown,438_2026,24,24,24.0,True,tenderStatistics_2026-08
2026-08-07,mFRRUp,438_2026,24,24,24.0,True,tenderStatistics_2026-08
2026-08-08,FCR,444_2026,24,24,24.0,True,tenderStatistics_2026-08
2026-08-08,aFRRDown,440_2026,24,24,24.0,True,tenderStatistics_2026-08
2026-08-08,aFRRUp,440_2026,24,24,24.0,True,tenderStatistics_2026-08
2026-08-08,mFRRDown,440_2026,24,24,24.0,True,tenderStatistics_2026-08
2026-08-08,mFRRUp,440_2026,24,24,24.0,True,tenderStatistics_2026-08
2026-08-09,FCR,445_2026,24,24,24.0,True,tenderStatistics_2026-08
2026-08-09,aFRRDown,441_2026,24,24,24.0,True,tenderStatistics_2026-08
2026-08-09,aFRRUp,441_2026,24,24,24.0,True,tenderStatistics_2026-08
2026-08-09,mFRRDown,441_2026,24,24,24.0,True,tenderStatistics_2026-08
2026-08-09,mFRRUp,441_2026,24,24,24.0,True,tenderStatistics_2026-08
2026-08-10,FCR,446_2026,24,24,24.0,True,tenderStatistics_2026-08
2026-08-10,aFRRDown,442_2026,24,24,24.0,True,tenderStatistics_2026-08
2026-08-10,aFRRUp,442_2026,24,24,24.0,True,tenderStatistics_2026-08
2026-08-10,mFRRDown,442_2026,24,24,24.0,True,tenderStatistics_2026-08
2026-08-10,mFRRUp,442_2026,24,24,24.0,True,tenderStatistics_2026-08
2026-08-11,FCR,447_2026,24,24,24.0,True,tenderStatistics_2026-08
2026-08-11,aFRRDown,443_2026,24,24,24.0,True,tenderStatistics_2026-08
2026-08-11,aFRRUp,443_2026,24,24,24.0,True,tenderStatistics_2026-08
2026-08-11,mFRRDown,443_2026,24,24,24.0,True,tenderStatistics_2026-08
2026-08-11,mFRRUp,443_2026,24,24,24.0,True,tenderStatistics_2026-08
2026-08-12,FCR,449_2026,24,24,24.0,True,tenderStatistics_2026-08
2026-08-12,aFRRDown,448_2026,24,24,24.0,True,tenderStatistics_2026-08
2026-08-12,aFRRUp,448_2026,24,24,24.0,True,tenderStatistics_2026-08
2026-08-12,mFRRDown,448_2026,24,24,24.0,True,tenderStatistics_2026-08
2026-08-12,mFRRUp,448_2026,24,24,24.0,True,tenderStatistics_2026-08
2026-08-13,FCR,451_2026,24,24,24.0,True,tenderStatistics_2026-08
2026-08-13,aFRRDown,450_2026,24,24,24.0,True,tenderStatistics_2026-08
2026-08-13,aFRRUp,450_2026,24,24,24.0,True,tenderStatistics_2026-08
2026-08-13,mFRRDown,450_2026,24,24,24.0,True,tenderStatistics_2026-08
2026-08-13,mFRRUp,450_2026,24,24,24.0,True,tenderStatistics_2026-08
2026-08-14,FCR,453_2026,24,24,24.0,True,tenderStatistics_2026-08
2026-08-14,aFRRDown,452_2026,24,24,24.0,True,tenderStatistics_2026-08
2026-08-14,aFRRUp,452_2026,24,24,24.0,True,tenderStatistics_2026-08
2026-08-14,mFRRDown,452_2026,24,24,24.0,True,tenderStatistics_2026-08
2026-08-14,mFRRUp,452_2026,24,24,24.0,True,tenderStatistics_2026-08
2026-08-15,FCR,458_2026,24,24,24.0,True,tenderStatistics_2026-08
2026-08-15,aFRRDown,454_2026,24,24,24.0,True,tenderStatistics_2026-08
2026-08-15,aFRRUp,454_2026,24,24,24.0,True,tenderStatistics_2026-08
2026-08-15,mFRRDown,454_2026,24,24,24.0,True,tenderStatistics_2026-08
2026-08-15,mFRRUp,454_2026,24,24,24.0,True,tenderStatistics_2026-08
2026-08-16,FCR,459_2026,24,24,24.0,True,tenderStatistics_2026-08
2026-08-16,aFRRDown,455_2026,24,24,24.0,True,tenderStatistics_2026-08
2026-08-16,aFRRUp,455_2026,24,24,24.0,True,tenderStatistics_2026-08
2026-08-16,mFRRDown,455_2026,24,24,24.0,True,tenderStatistics_2026-08
2026-08-16,mFRRUp,455_2026,24,24,24.0,True,tenderStatistics_2026-08
2026-08-17,FCR,460_2026,24,24,24.0,True,tenderStatistics_2026-08
2026-08-17,aFRRDown,456_2026,24,24,24.0,True,tenderStatistics_2026-08
2026-08-17,aFRRUp,456_2026,24,24,24.0,True,tenderStatistics_2026-08
2026-08-17,mFRRDown,456_2026,24,24,24.0,True,tenderStatistics_2026-08
2026-08-17,mFRRUp,456_2026,24,24,24.0,True,tenderStatistics_2026-08
2026-08-18,FCR,461_2026,24,24,24.0,True,tenderStatistics_2026-08
2026-08-18,aFRRDown,457_2026,24,24,24.0,True,tenderStatistics_2026-08
2026-08-18,aFRRUp,457_2026,24,24,24.0,True,tenderStatistics_2026-08
2026-08-18,mFRRDown,457_2026,24,24,24.0,True,tenderStatistics_2026-08
2026-08-18,mFRRUp,457_2026,24,24,24.0,True,tenderStatistics_2026-08
2026-08-19,FCR,463_2026,24,24,24.0,True,tenderStatistics_2026-08
2026-08-19,aFRRDown,462_2026,24,24,24.0,True,tenderStatistics_2026-08
2026-08-19,aFRRUp,462_2026,24,24,24.0,True,tenderStatistics_2026-08
2026-08-19,mFRRDown,462_2026,24,24,24.0,True,tenderStatistics_2026-08
2026-08-19,mFRRUp,462_2026,24,24,24.0,True,tenderStatistics_2026-08
2026-08-20,FCR,465_2026,24,24,24.0,True,tenderStatistics_2026-08
2026-08-20,aFRRDown,464_2026,24,24,24.0,True,tenderStatistics_2026-08
2026-08-20,aFRRUp,464_2026,24,24,24.0,True,tenderStatistics_2026-08
2026-08-20,mFRRDown,464_2026,24,24,24.0,True,tenderStatistics_2026-08
2026-08-20,mFRRUp,464_2026,24,24,24.0,True,tenderStatistics_2026-08
2026-08-21,FCR,467_2026,24,24,24.0,True,tenderStatistics_2026-08
2026-08-21,aFRRDown,466_2026,24,24,24.0,True,tenderStatistics_2026-08
2026-08-21,aFRRUp,466_2026,24,24,24.0,True,tenderStatistics_2026-08
2026-08-21,mFRRDown,466_2026,24,24,24.0,True,tenderStatistics_2026-08
2026-08-21,mFRRUp,466_2026,24,24,24.0,True,tenderStatistics_2026-08
2026-08-22,FCR,472_2026,24,24,24.0,True,tenderStatistics_2026-08
2026-08-22,aFRRDown,468_2026,24,24,24.0,True,tenderStatistics_2026-08
2026-08-22,aFRRUp,468_2026,24,24,24.0,True,tenderStatistics_2026-08
2026-08-22,mFRRDown,468_2026,24,24,24.0,True,tenderStatistics_2026-08
2026-08-22,mFRRUp,468_2026,24,24,24.0,True,tenderStatistics_2026-08
2026-08-23,FCR,473_2026,24,24,24.0,True,tenderStatistics_2026-08
2026-08-23,aFRRDown,469_2026,24,24,24.0,True,tenderStatistics_2026-08
2026-08-23,aFRRUp,469_2026,24,24,24.0,True,tenderStatistics_2026-08
2026-08-23,mFRRDown,469_2026,24,24,24.0,True,tenderStatistics_2026-08
2026-08-23,mFRRUp,469_2026,24,24,24.0,True,tenderStatistics_2026-08
2026-08-24,FCR,474_2026,24,24,24.0,True,tenderStatistics_2026-08
2026-08-24,aFRRDown,470_2026,24,24,24.0,True,tenderStatistics_2026-08
2026-08-24,aFRRUp,470_2026,24,24,24.0,True,tenderStatistics_2026-08
2026-08-24,mFRRDown,470_2026,24,24,24.0,True,tenderStatistics_2026-08
2026-08-24,mFRRUp,470_2026,24,24,24.0,True,tenderStatistics_2026-08
2026-08-25,FCR,475_2026,24,24,24.0,True,tenderStatistics_2026-08
2026-08-25,aFRRDown,471_2026,24,24,24.0,True,tenderStatistics_2026-08
2026-08-25,aFRRUp,471_2026,24,24,24.0,True,tenderStatistics_2026-08
2026-08-25,mFRRDown,471_2026,24,24,24.0,True,tenderStatistics_2026-08
2026-08-25,mFRRUp,471_2026,24,24,24.0,True,tenderStatistics_2026-08
2026-08-26,FCR,477_2026,24,24,24.0,True,tenderStatistics_2026-08
2026-08-26,aFRRDown,476_2026,24,24,24.0,True,tenderStatistics_2026-08
2026-08-26,aFRRUp,476_2026,24,24,24.0,True,tenderStatistics_2026-08
2026-08-26,mFRRDown,476_2026,24,24,24.0,True,tenderStatistics_2026-08
2026-08-26,mFRRUp,476_2026,24,24,24.0,True,tenderStatistics_2026-08
2026-08-27,FCR,479_2026,24,24,24.0,True,tenderStatistics_2026-08
2026-08-27,aFRRDown,478_2026,24,24,24.0,True,tenderStatistics_2026-08
2026-08-27,aFRRUp,478_2026,24,24,24.0,True,tenderStatistics_2026-08
2026-08-27,mFRRDown,478_2026,24,24,24.0,True,tenderStatistics_2026-08
2026-08-27,mFRRUp,478_2026,24,24,24.0,True,tenderStatistics_2026-08
2026-08-28,FCR,481_2026,24,24,24.0,True,tenderStatistics_2026-08
2026-08-28,aFRRDown,480_2026,24,24,24.0,True,tenderStatistics_2026-08
2026-08-28,aFRRUp,480_2026,24,24,24.0,True,tenderStatistics_2026-08
2026-08-28,mFRRDown,480_2026,24,24,24.0,True,tenderStatistics_2026-08
2026-08-28,mFRRUp,480_2026,24,24,24.0,True,tenderStatistics_2026-08
2026-08-29,FCR,486_2026,24,24,24.0,True,tenderStatistics_2026-08
2026-08-29,aFRRDown,482_2026,24,24,24.0,True,tenderStatistics_2026-08
2026-08-29,aFRRUp,482_2026,24,24,24.0,True,tenderStatistics_2026-08
2026-08-29,mFRRDown,482_2026,24,24,24.0,True,tenderStatistics_2026-08
2026-08-29,mFRRUp,482_2026,24,24,24.0,True,tenderStatistics_2026-08
2026-08-30,FCR,487_2026,24,24,24.0,True,tenderStatistics_2026-08
2026-08-30,aFRRDown,483_2026,24,24,24.0,True,tenderStatistics_2026-08
2026-08-30,aFRRUp,483_2026,24,24,24.0,True,tenderStatistics_2026-08
2026-08-30,mFRRDown,483_2026,24,24,24.0,True,tenderStatistics_2026-08
2026-08-30,mFRRUp,483_2026,24,24,24.0,True,tenderStatistics_2026-08
2026-08-31,FCR,488_2026,24,24,24.0,True,tenderStatistics_2026-08
2026-08-31,aFRRDown,484_2026,24,24,24.0,True,tenderStatistics_2026-08
2026-08-31,aFRRUp,484_2026,24,24,24.0,True,tenderStatistics_2026-08
2026-08-31,mFRRDown,484_2026,24,24,24.0,True,tenderStatistics_2026-08
2026-08-31,mFRRUp,484_2026,24,24,24.0,True,tenderStatistics_2026-08
