source_id,source_hash,sheet,row,column,value,ctype,header_context
TSO_INSTALLED_2026_0,ab51bca39f32321e91c7101b3350e61a3f499d70b7ec8ff3efe526a34000224a,Sheet1,1,1,,1, | Situatia capacitatii instalate la nivelul SEN din data de  01.09.2026 | Combustibil | Grupuri | Pi licenta ANRE | P netă | Rpp | Pd | Nr. | [MW] | [MW] | [MW] | [MW] | Carbune | Hidrocarburi
TSO_INSTALLED_2026_0,ab51bca39f32321e91c7101b3350e61a3f499d70b7ec8ff3efe526a34000224a,Sheet1,3,1,Situatia capacitatii instalate la nivelul SEN din data de  01.09.2026,1, | Situatia capacitatii instalate la nivelul SEN din data de  01.09.2026 | Combustibil | Grupuri | Pi licenta ANRE | P netă | Rpp | Pd | Nr. | [MW] | [MW] | [MW] | [MW] | Carbune | Hidrocarburi
TSO_INSTALLED_2026_0,ab51bca39f32321e91c7101b3350e61a3f499d70b7ec8ff3efe526a34000224a,Sheet1,5,2,Combustibil,1, | Situatia capacitatii instalate la nivelul SEN din data de  01.09.2026 | Combustibil | Grupuri | Pi licenta ANRE | P netă | Rpp | Pd | Nr. | [MW] | [MW] | [MW] | [MW] | Carbune | Hidrocarburi
TSO_INSTALLED_2026_0,ab51bca39f32321e91c7101b3350e61a3f499d70b7ec8ff3efe526a34000224a,Sheet1,5,4,Grupuri,1, | Situatia capacitatii instalate la nivelul SEN din data de  01.09.2026 | Combustibil | Grupuri | Pi licenta ANRE | P netă | Rpp | Pd | Nr. | [MW] | [MW] | [MW] | [MW] | Carbune | Hidrocarburi
TSO_INSTALLED_2026_0,ab51bca39f32321e91c7101b3350e61a3f499d70b7ec8ff3efe526a34000224a,Sheet1,5,5,Pi licenta ANRE,1, | Situatia capacitatii instalate la nivelul SEN din data de  01.09.2026 | Combustibil | Grupuri | Pi licenta ANRE | P netă | Rpp | Pd | Nr. | [MW] | [MW] | [MW] | [MW] | Carbune | Hidrocarburi
TSO_INSTALLED_2026_0,ab51bca39f32321e91c7101b3350e61a3f499d70b7ec8ff3efe526a34000224a,Sheet1,5,6,P netă,1, | Situatia capacitatii instalate la nivelul SEN din data de  01.09.2026 | Combustibil | Grupuri | Pi licenta ANRE | P netă | Rpp | Pd | Nr. | [MW] | [MW] | [MW] | [MW] | Carbune | Hidrocarburi
TSO_INSTALLED_2026_0,ab51bca39f32321e91c7101b3350e61a3f499d70b7ec8ff3efe526a34000224a,Sheet1,5,7,Rpp,1, | Situatia capacitatii instalate la nivelul SEN din data de  01.09.2026 | Combustibil | Grupuri | Pi licenta ANRE | P netă | Rpp | Pd | Nr. | [MW] | [MW] | [MW] | [MW] | Carbune | Hidrocarburi
TSO_INSTALLED_2026_0,ab51bca39f32321e91c7101b3350e61a3f499d70b7ec8ff3efe526a34000224a,Sheet1,5,8,Pd,1, | Situatia capacitatii instalate la nivelul SEN din data de  01.09.2026 | Combustibil | Grupuri | Pi licenta ANRE | P netă | Rpp | Pd | Nr. | [MW] | [MW] | [MW] | [MW] | Carbune | Hidrocarburi
TSO_INSTALLED_2026_0,ab51bca39f32321e91c7101b3350e61a3f499d70b7ec8ff3efe526a34000224a,Sheet1,6,4,Nr.,1, | Situatia capacitatii instalate la nivelul SEN din data de  01.09.2026 | Combustibil | Grupuri | Pi licenta ANRE | P netă | Rpp | Pd | Nr. | [MW] | [MW] | [MW] | [MW] | Carbune | Hidrocarburi
TSO_INSTALLED_2026_0,ab51bca39f32321e91c7101b3350e61a3f499d70b7ec8ff3efe526a34000224a,Sheet1,6,5,[MW],1, | Situatia capacitatii instalate la nivelul SEN din data de  01.09.2026 | Combustibil | Grupuri | Pi licenta ANRE | P netă | Rpp | Pd | Nr. | [MW] | [MW] | [MW] | [MW] | Carbune | Hidrocarburi
TSO_INSTALLED_2026_0,ab51bca39f32321e91c7101b3350e61a3f499d70b7ec8ff3efe526a34000224a,Sheet1,6,6,[MW],1, | Situatia capacitatii instalate la nivelul SEN din data de  01.09.2026 | Combustibil | Grupuri | Pi licenta ANRE | P netă | Rpp | Pd | Nr. | [MW] | [MW] | [MW] | [MW] | Carbune | Hidrocarburi
TSO_INSTALLED_2026_0,ab51bca39f32321e91c7101b3350e61a3f499d70b7ec8ff3efe526a34000224a,Sheet1,6,7,[MW],1, | Situatia capacitatii instalate la nivelul SEN din data de  01.09.2026 | Combustibil | Grupuri | Pi licenta ANRE | P netă | Rpp | Pd | Nr. | [MW] | [MW] | [MW] | [MW] | Carbune | Hidrocarburi
TSO_INSTALLED_2026_0,ab51bca39f32321e91c7101b3350e61a3f499d70b7ec8ff3efe526a34000224a,Sheet1,6,8,[MW],1, | Situatia capacitatii instalate la nivelul SEN din data de  01.09.2026 | Combustibil | Grupuri | Pi licenta ANRE | P netă | Rpp | Pd | Nr. | [MW] | [MW] | [MW] | [MW] | Carbune | Hidrocarburi
TSO_INSTALLED_2026_0,ab51bca39f32321e91c7101b3350e61a3f499d70b7ec8ff3efe526a34000224a,Sheet1,7,2,Carbune,1, | Situatia capacitatii instalate la nivelul SEN din data de  01.09.2026 | Combustibil | Grupuri | Pi licenta ANRE | P netă | Rpp | Pd | Nr. | [MW] | [MW] | [MW] | [MW] | Carbune | Hidrocarburi
TSO_INSTALLED_2026_0,ab51bca39f32321e91c7101b3350e61a3f499d70b7ec8ff3efe526a34000224a,Sheet1,7,4,8.0,2, | Situatia capacitatii instalate la nivelul SEN din data de  01.09.2026 | Combustibil | Grupuri | Pi licenta ANRE | P netă | Rpp | Pd | Nr. | [MW] | [MW] | [MW] | [MW] | Carbune | Hidrocarburi
TSO_INSTALLED_2026_0,ab51bca39f32321e91c7101b3350e61a3f499d70b7ec8ff3efe526a34000224a,Sheet1,7,5,1520.2,2, | Situatia capacitatii instalate la nivelul SEN din data de  01.09.2026 | Combustibil | Grupuri | Pi licenta ANRE | P netă | Rpp | Pd | Nr. | [MW] | [MW] | [MW] | [MW] | Carbune | Hidrocarburi
TSO_INSTALLED_2026_0,ab51bca39f32321e91c7101b3350e61a3f499d70b7ec8ff3efe526a34000224a,Sheet1,7,6,1345.3,2, | Situatia capacitatii instalate la nivelul SEN din data de  01.09.2026 | Combustibil | Grupuri | Pi licenta ANRE | P netă | Rpp | Pd | Nr. | [MW] | [MW] | [MW] | [MW] | Carbune | Hidrocarburi
TSO_INSTALLED_2026_0,ab51bca39f32321e91c7101b3350e61a3f499d70b7ec8ff3efe526a34000224a,Sheet1,7,7,21.0,2, | Situatia capacitatii instalate la nivelul SEN din data de  01.09.2026 | Combustibil | Grupuri | Pi licenta ANRE | P netă | Rpp | Pd | Nr. | [MW] | [MW] | [MW] | [MW] | Carbune | Hidrocarburi
TSO_INSTALLED_2026_0,ab51bca39f32321e91c7101b3350e61a3f499d70b7ec8ff3efe526a34000224a,Sheet1,7,8,1500.0,2, | Situatia capacitatii instalate la nivelul SEN din data de  01.09.2026 | Combustibil | Grupuri | Pi licenta ANRE | P netă | Rpp | Pd | Nr. | [MW] | [MW] | [MW] | [MW] | Carbune | Hidrocarburi
TSO_INSTALLED_2026_0,ab51bca39f32321e91c7101b3350e61a3f499d70b7ec8ff3efe526a34000224a,Sheet1,8,2,Hidrocarburi,1, | Situatia capacitatii instalate la nivelul SEN din data de  01.09.2026 | Combustibil | Grupuri | Pi licenta ANRE | P netă | Rpp | Pd | Nr. | [MW] | [MW] | [MW] | [MW] | Carbune | Hidrocarburi
TSO_INSTALLED_2026_0,ab51bca39f32321e91c7101b3350e61a3f499d70b7ec8ff3efe526a34000224a,Sheet1,8,4,130.0,2, | Situatia capacitatii instalate la nivelul SEN din data de  01.09.2026 | Combustibil | Grupuri | Pi licenta ANRE | P netă | Rpp | Pd | Nr. | [MW] | [MW] | [MW] | [MW] | Carbune | Hidrocarburi
TSO_INSTALLED_2026_0,ab51bca39f32321e91c7101b3350e61a3f499d70b7ec8ff3efe526a34000224a,Sheet1,8,5,2882.59,2, | Situatia capacitatii instalate la nivelul SEN din data de  01.09.2026 | Combustibil | Grupuri | Pi licenta ANRE | P netă | Rpp | Pd | Nr. | [MW] | [MW] | [MW] | [MW] | Carbune | Hidrocarburi
TSO_INSTALLED_2026_0,ab51bca39f32321e91c7101b3350e61a3f499d70b7ec8ff3efe526a34000224a,Sheet1,8,6,2365.99,2, | Situatia capacitatii instalate la nivelul SEN din data de  01.09.2026 | Combustibil | Grupuri | Pi licenta ANRE | P netă | Rpp | Pd | Nr. | [MW] | [MW] | [MW] | [MW] | Carbune | Hidrocarburi
TSO_INSTALLED_2026_0,ab51bca39f32321e91c7101b3350e61a3f499d70b7ec8ff3efe526a34000224a,Sheet1,8,7,352.668,2, | Situatia capacitatii instalate la nivelul SEN din data de  01.09.2026 | Combustibil | Grupuri | Pi licenta ANRE | P netă | Rpp | Pd | Nr. | [MW] | [MW] | [MW] | [MW] | Carbune | Hidrocarburi
TSO_INSTALLED_2026_0,ab51bca39f32321e91c7101b3350e61a3f499d70b7ec8ff3efe526a34000224a,Sheet1,8,8,2535.66,2, | Situatia capacitatii instalate la nivelul SEN din data de  01.09.2026 | Combustibil | Grupuri | Pi licenta ANRE | P netă | Rpp | Pd | Nr. | [MW] | [MW] | [MW] | [MW] | Carbune | Hidrocarburi
TSO_INSTALLED_2026_0,ab51bca39f32321e91c7101b3350e61a3f499d70b7ec8ff3efe526a34000224a,Sheet1,9,2,Ape,1, | Situatia capacitatii instalate la nivelul SEN din data de  01.09.2026 | Combustibil | Grupuri | Pi licenta ANRE | P netă | Rpp | Pd | Nr. | [MW] | [MW] | [MW] | [MW] | Carbune | Hidrocarburi
TSO_INSTALLED_2026_0,ab51bca39f32321e91c7101b3350e61a3f499d70b7ec8ff3efe526a34000224a,Sheet1,9,4,880.0,2, | Situatia capacitatii instalate la nivelul SEN din data de  01.09.2026 | Combustibil | Grupuri | Pi licenta ANRE | P netă | Rpp | Pd | Nr. | [MW] | [MW] | [MW] | [MW] | Carbune | Hidrocarburi
TSO_INSTALLED_2026_0,ab51bca39f32321e91c7101b3350e61a3f499d70b7ec8ff3efe526a34000224a,Sheet1,9,5,6689.8,2, | Situatia capacitatii instalate la nivelul SEN din data de  01.09.2026 | Combustibil | Grupuri | Pi licenta ANRE | P netă | Rpp | Pd | Nr. | [MW] | [MW] | [MW] | [MW] | Carbune | Hidrocarburi
TSO_INSTALLED_2026_0,ab51bca39f32321e91c7101b3350e61a3f499d70b7ec8ff3efe526a34000224a,Sheet1,9,6,6366.667,2, | Situatia capacitatii instalate la nivelul SEN din data de  01.09.2026 | Combustibil | Grupuri | Pi licenta ANRE | P netă | Rpp | Pd | Nr. | [MW] | [MW] | [MW] | [MW] | Carbune | Hidrocarburi
TSO_INSTALLED_2026_0,ab51bca39f32321e91c7101b3350e61a3f499d70b7ec8ff3efe526a34000224a,Sheet1,9,7,269.459,2, | Situatia capacitatii instalate la nivelul SEN din data de  01.09.2026 | Combustibil | Grupuri | Pi licenta ANRE | P netă | Rpp | Pd | Nr. | [MW] | [MW] | [MW] | [MW] | Carbune | Hidrocarburi
TSO_INSTALLED_2026_0,ab51bca39f32321e91c7101b3350e61a3f499d70b7ec8ff3efe526a34000224a,Sheet1,9,8,6434.234,2, | Situatia capacitatii instalate la nivelul SEN din data de  01.09.2026 | Combustibil | Grupuri | Pi licenta ANRE | P netă | Rpp | Pd | Nr. | [MW] | [MW] | [MW] | [MW] | Carbune | Hidrocarburi
TSO_INSTALLED_2026_0,ab51bca39f32321e91c7101b3350e61a3f499d70b7ec8ff3efe526a34000224a,Sheet1,10,2,Nucleara,1, | Situatia capacitatii instalate la nivelul SEN din data de  01.09.2026 | Combustibil | Grupuri | Pi licenta ANRE | P netă | Rpp | Pd | Nr. | [MW] | [MW] | [MW] | [MW] | Carbune | Hidrocarburi
TSO_INSTALLED_2026_0,ab51bca39f32321e91c7101b3350e61a3f499d70b7ec8ff3efe526a34000224a,Sheet1,10,4,2.0,2, | Situatia capacitatii instalate la nivelul SEN din data de  01.09.2026 | Combustibil | Grupuri | Pi licenta ANRE | P netă | Rpp | Pd | Nr. | [MW] | [MW] | [MW] | [MW] | Carbune | Hidrocarburi
TSO_INSTALLED_2026_0,ab51bca39f32321e91c7101b3350e61a3f499d70b7ec8ff3efe526a34000224a,Sheet1,10,5,1413.0,2, | Situatia capacitatii instalate la nivelul SEN din data de  01.09.2026 | Combustibil | Grupuri | Pi licenta ANRE | P netă | Rpp | Pd | Nr. | [MW] | [MW] | [MW] | [MW] | Carbune | Hidrocarburi
TSO_INSTALLED_2026_0,ab51bca39f32321e91c7101b3350e61a3f499d70b7ec8ff3efe526a34000224a,Sheet1,10,6,1300.0,2, | Situatia capacitatii instalate la nivelul SEN din data de  01.09.2026 | Combustibil | Grupuri | Pi licenta ANRE | P netă | Rpp | Pd | Nr. | [MW] | [MW] | [MW] | [MW] | Carbune | Hidrocarburi
TSO_INSTALLED_2026_0,ab51bca39f32321e91c7101b3350e61a3f499d70b7ec8ff3efe526a34000224a,Sheet1,10,7,0.0,2, | Situatia capacitatii instalate la nivelul SEN din data de  01.09.2026 | Combustibil | Grupuri | Pi licenta ANRE | P netă | Rpp | Pd | Nr. | [MW] | [MW] | [MW] | [MW] | Carbune | Hidrocarburi
TSO_INSTALLED_2026_0,ab51bca39f32321e91c7101b3350e61a3f499d70b7ec8ff3efe526a34000224a,Sheet1,10,8,1413.0,2, | Situatia capacitatii instalate la nivelul SEN din data de  01.09.2026 | Combustibil | Grupuri | Pi licenta ANRE | P netă | Rpp | Pd | Nr. | [MW] | [MW] | [MW] | [MW] | Carbune | Hidrocarburi
TSO_INSTALLED_2026_0,ab51bca39f32321e91c7101b3350e61a3f499d70b7ec8ff3efe526a34000224a,Sheet1,11,2,Eolian,1, | Situatia capacitatii instalate la nivelul SEN din data de  01.09.2026 | Combustibil | Grupuri | Pi licenta ANRE | P netă | Rpp | Pd | Nr. | [MW] | [MW] | [MW] | [MW] | Carbune | Hidrocarburi
TSO_INSTALLED_2026_0,ab51bca39f32321e91c7101b3350e61a3f499d70b7ec8ff3efe526a34000224a,Sheet1,11,4,121.0,2, | Situatia capacitatii instalate la nivelul SEN din data de  01.09.2026 | Combustibil | Grupuri | Pi licenta ANRE | P netă | Rpp | Pd | Nr. | [MW] | [MW] | [MW] | [MW] | Carbune | Hidrocarburi
TSO_INSTALLED_2026_0,ab51bca39f32321e91c7101b3350e61a3f499d70b7ec8ff3efe526a34000224a,Sheet1,11,5,3291.97,2, | Situatia capacitatii instalate la nivelul SEN din data de  01.09.2026 | Combustibil | Grupuri | Pi licenta ANRE | P netă | Rpp | Pd | Nr. | [MW] | [MW] | [MW] | [MW] | Carbune | Hidrocarburi
TSO_INSTALLED_2026_0,ab51bca39f32321e91c7101b3350e61a3f499d70b7ec8ff3efe526a34000224a,Sheet1,11,6,3231.659,2, | Situatia capacitatii instalate la nivelul SEN din data de  01.09.2026 | Combustibil | Grupuri | Pi licenta ANRE | P netă | Rpp | Pd | Nr. | [MW] | [MW] | [MW] | [MW] | Carbune | Hidrocarburi
TSO_INSTALLED_2026_0,ab51bca39f32321e91c7101b3350e61a3f499d70b7ec8ff3efe526a34000224a,Sheet1,11,7,33.53,2, | Situatia capacitatii instalate la nivelul SEN din data de  01.09.2026 | Combustibil | Grupuri | Pi licenta ANRE | P netă | Rpp | Pd | Nr. | [MW] | [MW] | [MW] | [MW] | Carbune | Hidrocarburi
TSO_INSTALLED_2026_0,ab51bca39f32321e91c7101b3350e61a3f499d70b7ec8ff3efe526a34000224a,Sheet1,11,8,3265.84,2, | Situatia capacitatii instalate la nivelul SEN din data de  01.09.2026 | Combustibil | Grupuri | Pi licenta ANRE | P netă | Rpp | Pd | Nr. | [MW] | [MW] | [MW] | [MW] | Carbune | Hidrocarburi
TSO_INSTALLED_2026_0,ab51bca39f32321e91c7101b3350e61a3f499d70b7ec8ff3efe526a34000224a,Sheet1,12,2,Biomasa/Biogaz/Altele,1, | Situatia capacitatii instalate la nivelul SEN din data de  01.09.2026 | Combustibil | Grupuri | Pi licenta ANRE | P netă | Rpp | Pd | Nr. | [MW] | [MW] | [MW] | [MW] | Carbune | Hidrocarburi
TSO_INSTALLED_2026_0,ab51bca39f32321e91c7101b3350e61a3f499d70b7ec8ff3efe526a34000224a,Sheet1,12,4,60.0,2, | Situatia capacitatii instalate la nivelul SEN din data de  01.09.2026 | Combustibil | Grupuri | Pi licenta ANRE | P netă | Rpp | Pd | Nr. | [MW] | [MW] | [MW] | [MW] | Carbune | Hidrocarburi
TSO_INSTALLED_2026_0,ab51bca39f32321e91c7101b3350e61a3f499d70b7ec8ff3efe526a34000224a,Sheet1,12,5,144.99,2, | Situatia capacitatii instalate la nivelul SEN din data de  01.09.2026 | Combustibil | Grupuri | Pi licenta ANRE | P netă | Rpp | Pd | Nr. | [MW] | [MW] | [MW] | [MW] | Carbune | Hidrocarburi
TSO_INSTALLED_2026_0,ab51bca39f32321e91c7101b3350e61a3f499d70b7ec8ff3efe526a34000224a,Sheet1,12,6,133.49,2, | Situatia capacitatii instalate la nivelul SEN din data de  01.09.2026 | Combustibil | Grupuri | Pi licenta ANRE | P netă | Rpp | Pd | Nr. | [MW] | [MW] | [MW] | [MW] | Carbune | Hidrocarburi
TSO_INSTALLED_2026_0,ab51bca39f32321e91c7101b3350e61a3f499d70b7ec8ff3efe526a34000224a,Sheet1,12,7,4.97,2, | Situatia capacitatii instalate la nivelul SEN din data de  01.09.2026 | Combustibil | Grupuri | Pi licenta ANRE | P netă | Rpp | Pd | Nr. | [MW] | [MW] | [MW] | [MW] | Carbune | Hidrocarburi
TSO_INSTALLED_2026_0,ab51bca39f32321e91c7101b3350e61a3f499d70b7ec8ff3efe526a34000224a,Sheet1,12,8,140.48,2, | Situatia capacitatii instalate la nivelul SEN din data de  01.09.2026 | Combustibil | Grupuri | Pi licenta ANRE | P netă | Rpp | Pd | Nr. | [MW] | [MW] | [MW] | [MW] | Carbune | Hidrocarburi
TSO_INSTALLED_2026_0,ab51bca39f32321e91c7101b3350e61a3f499d70b7ec8ff3efe526a34000224a,Sheet1,13,2,Solara,1, | Situatia capacitatii instalate la nivelul SEN din data de  01.09.2026 | Combustibil | Grupuri | Pi licenta ANRE | P netă | Rpp | Pd | Nr. | [MW] | [MW] | [MW] | [MW] | Carbune | Hidrocarburi
TSO_INSTALLED_2026_0,ab51bca39f32321e91c7101b3350e61a3f499d70b7ec8ff3efe526a34000224a,Sheet1,13,4,992.0,2, | Situatia capacitatii instalate la nivelul SEN din data de  01.09.2026 | Combustibil | Grupuri | Pi licenta ANRE | P netă | Rpp | Pd | Nr. | [MW] | [MW] | [MW] | [MW] | Carbune | Hidrocarburi
TSO_INSTALLED_2026_0,ab51bca39f32321e91c7101b3350e61a3f499d70b7ec8ff3efe526a34000224a,Sheet1,13,5,4393.58,2, | Situatia capacitatii instalate la nivelul SEN din data de  01.09.2026 | Combustibil | Grupuri | Pi licenta ANRE | P netă | Rpp | Pd | Nr. | [MW] | [MW] | [MW] | [MW] | Carbune | Hidrocarburi
TSO_INSTALLED_2026_0,ab51bca39f32321e91c7101b3350e61a3f499d70b7ec8ff3efe526a34000224a,Sheet1,13,6,4290.13,2, | Situatia capacitatii instalate la nivelul SEN din data de  01.09.2026 | Combustibil | Grupuri | Pi licenta ANRE | P netă | Rpp | Pd | Nr. | [MW] | [MW] | [MW] | [MW] | Carbune | Hidrocarburi
TSO_INSTALLED_2026_0,ab51bca39f32321e91c7101b3350e61a3f499d70b7ec8ff3efe526a34000224a,Sheet1,13,7,92.84,2, | Situatia capacitatii instalate la nivelul SEN din data de  01.09.2026 | Combustibil | Grupuri | Pi licenta ANRE | P netă | Rpp | Pd | Nr. | [MW] | [MW] | [MW] | [MW] | Carbune | Hidrocarburi
TSO_INSTALLED_2026_0,ab51bca39f32321e91c7101b3350e61a3f499d70b7ec8ff3efe526a34000224a,Sheet1,13,8,4309.43,2, | Situatia capacitatii instalate la nivelul SEN din data de  01.09.2026 | Combustibil | Grupuri | Pi licenta ANRE | P netă | Rpp | Pd | Nr. | [MW] | [MW] | [MW] | [MW] | Carbune | Hidrocarburi
TSO_INSTALLED_2026_0,ab51bca39f32321e91c7101b3350e61a3f499d70b7ec8ff3efe526a34000224a,Sheet1,14,2,Geotermala,1, | Situatia capacitatii instalate la nivelul SEN din data de  01.09.2026 | Combustibil | Grupuri | Pi licenta ANRE | P netă | Rpp | Pd | Nr. | [MW] | [MW] | [MW] | [MW] | Carbune | Hidrocarburi
TSO_INSTALLED_2026_0,ab51bca39f32321e91c7101b3350e61a3f499d70b7ec8ff3efe526a34000224a,Sheet1,14,4,1.0,2, | Situatia capacitatii instalate la nivelul SEN din data de  01.09.2026 | Combustibil | Grupuri | Pi licenta ANRE | P netă | Rpp | Pd | Nr. | [MW] | [MW] | [MW] | [MW] | Carbune | Hidrocarburi
TSO_INSTALLED_2026_0,ab51bca39f32321e91c7101b3350e61a3f499d70b7ec8ff3efe526a34000224a,Sheet1,14,5,0.05,2, | Situatia capacitatii instalate la nivelul SEN din data de  01.09.2026 | Combustibil | Grupuri | Pi licenta ANRE | P netă | Rpp | Pd | Nr. | [MW] | [MW] | [MW] | [MW] | Carbune | Hidrocarburi
TSO_INSTALLED_2026_0,ab51bca39f32321e91c7101b3350e61a3f499d70b7ec8ff3efe526a34000224a,Sheet1,14,6,0.0,2, | Situatia capacitatii instalate la nivelul SEN din data de  01.09.2026 | Combustibil | Grupuri | Pi licenta ANRE | P netă | Rpp | Pd | Nr. | [MW] | [MW] | [MW] | [MW] | Carbune | Hidrocarburi
TSO_INSTALLED_2026_0,ab51bca39f32321e91c7101b3350e61a3f499d70b7ec8ff3efe526a34000224a,Sheet1,14,7,0.05,2, | Situatia capacitatii instalate la nivelul SEN din data de  01.09.2026 | Combustibil | Grupuri | Pi licenta ANRE | P netă | Rpp | Pd | Nr. | [MW] | [MW] | [MW] | [MW] | Carbune | Hidrocarburi
TSO_INSTALLED_2026_0,ab51bca39f32321e91c7101b3350e61a3f499d70b7ec8ff3efe526a34000224a,Sheet1,14,8,0.0,2, | Situatia capacitatii instalate la nivelul SEN din data de  01.09.2026 | Combustibil | Grupuri | Pi licenta ANRE | P netă | Rpp | Pd | Nr. | [MW] | [MW] | [MW] | [MW] | Carbune | Hidrocarburi
TSO_INSTALLED_2026_0,ab51bca39f32321e91c7101b3350e61a3f499d70b7ec8ff3efe526a34000224a,Sheet1,15,2,Total,1, | Situatia capacitatii instalate la nivelul SEN din data de  01.09.2026 | Combustibil | Grupuri | Pi licenta ANRE | P netă | Rpp | Pd | Nr. | [MW] | [MW] | [MW] | [MW] | Carbune | Hidrocarburi
TSO_INSTALLED_2026_0,ab51bca39f32321e91c7101b3350e61a3f499d70b7ec8ff3efe526a34000224a,Sheet1,15,4,2194.0,2, | Situatia capacitatii instalate la nivelul SEN din data de  01.09.2026 | Combustibil | Grupuri | Pi licenta ANRE | P netă | Rpp | Pd | Nr. | [MW] | [MW] | [MW] | [MW] | Carbune | Hidrocarburi
TSO_INSTALLED_2026_0,ab51bca39f32321e91c7101b3350e61a3f499d70b7ec8ff3efe526a34000224a,Sheet1,15,5,20336.179999999997,2, | Situatia capacitatii instalate la nivelul SEN din data de  01.09.2026 | Combustibil | Grupuri | Pi licenta ANRE | P netă | Rpp | Pd | Nr. | [MW] | [MW] | [MW] | [MW] | Carbune | Hidrocarburi
TSO_INSTALLED_2026_0,ab51bca39f32321e91c7101b3350e61a3f499d70b7ec8ff3efe526a34000224a,Sheet1,15,6,19033.236,2, | Situatia capacitatii instalate la nivelul SEN din data de  01.09.2026 | Combustibil | Grupuri | Pi licenta ANRE | P netă | Rpp | Pd | Nr. | [MW] | [MW] | [MW] | [MW] | Carbune | Hidrocarburi
TSO_INSTALLED_2026_0,ab51bca39f32321e91c7101b3350e61a3f499d70b7ec8ff3efe526a34000224a,Sheet1,15,7,774.5169999999999,2, | Situatia capacitatii instalate la nivelul SEN din data de  01.09.2026 | Combustibil | Grupuri | Pi licenta ANRE | P netă | Rpp | Pd | Nr. | [MW] | [MW] | [MW] | [MW] | Carbune | Hidrocarburi
TSO_INSTALLED_2026_0,ab51bca39f32321e91c7101b3350e61a3f499d70b7ec8ff3efe526a34000224a,Sheet1,15,8,19598.644,2, | Situatia capacitatii instalate la nivelul SEN din data de  01.09.2026 | Combustibil | Grupuri | Pi licenta ANRE | P netă | Rpp | Pd | Nr. | [MW] | [MW] | [MW] | [MW] | Carbune | Hidrocarburi
TSO_INSTALLED_2026_0,ab51bca39f32321e91c7101b3350e61a3f499d70b7ec8ff3efe526a34000224a,Prosumatori,1,1,Situația privind numărul de prosumatori racordați la rețelele de distribuție ale operatorilor de distribuție la nivelul SEN din data de  01.08.2026,1,Situația privind numărul de prosumatori racordați la rețelele de distribuție ale operatorilor de distribuție la nivelul SEN din data de  01.08.2026 | Operator de distribuţie a energiei electrice | Prosumatori | Pi  | Nr. | [MW] | ALLIANSO PARK MANAGEMENT | DELGAZ GRID | DISTRIBUTIE ENERGIE OLTENIA | OMV PETROM
TSO_INSTALLED_2026_0,ab51bca39f32321e91c7101b3350e61a3f499d70b7ec8ff3efe526a34000224a,Prosumatori,3,2,Operator de distribuţie a energiei electrice,1,Situația privind numărul de prosumatori racordați la rețelele de distribuție ale operatorilor de distribuție la nivelul SEN din data de  01.08.2026 | Operator de distribuţie a energiei electrice | Prosumatori | Pi  | Nr. | [MW] | ALLIANSO PARK MANAGEMENT | DELGAZ GRID | DISTRIBUTIE ENERGIE OLTENIA | OMV PETROM
TSO_INSTALLED_2026_0,ab51bca39f32321e91c7101b3350e61a3f499d70b7ec8ff3efe526a34000224a,Prosumatori,3,4,Prosumatori,1,Situația privind numărul de prosumatori racordați la rețelele de distribuție ale operatorilor de distribuție la nivelul SEN din data de  01.08.2026 | Operator de distribuţie a energiei electrice | Prosumatori | Pi  | Nr. | [MW] | ALLIANSO PARK MANAGEMENT | DELGAZ GRID | DISTRIBUTIE ENERGIE OLTENIA | OMV PETROM
TSO_INSTALLED_2026_0,ab51bca39f32321e91c7101b3350e61a3f499d70b7ec8ff3efe526a34000224a,Prosumatori,3,5,Pi ,1,Situația privind numărul de prosumatori racordați la rețelele de distribuție ale operatorilor de distribuție la nivelul SEN din data de  01.08.2026 | Operator de distribuţie a energiei electrice | Prosumatori | Pi  | Nr. | [MW] | ALLIANSO PARK MANAGEMENT | DELGAZ GRID | DISTRIBUTIE ENERGIE OLTENIA | OMV PETROM
TSO_INSTALLED_2026_0,ab51bca39f32321e91c7101b3350e61a3f499d70b7ec8ff3efe526a34000224a,Prosumatori,4,4,Nr.,1,Situația privind numărul de prosumatori racordați la rețelele de distribuție ale operatorilor de distribuție la nivelul SEN din data de  01.08.2026 | Operator de distribuţie a energiei electrice | Prosumatori | Pi  | Nr. | [MW] | ALLIANSO PARK MANAGEMENT | DELGAZ GRID | DISTRIBUTIE ENERGIE OLTENIA | OMV PETROM
TSO_INSTALLED_2026_0,ab51bca39f32321e91c7101b3350e61a3f499d70b7ec8ff3efe526a34000224a,Prosumatori,4,5,[MW],1,Situația privind numărul de prosumatori racordați la rețelele de distribuție ale operatorilor de distribuție la nivelul SEN din data de  01.08.2026 | Operator de distribuţie a energiei electrice | Prosumatori | Pi  | Nr. | [MW] | ALLIANSO PARK MANAGEMENT | DELGAZ GRID | DISTRIBUTIE ENERGIE OLTENIA | OMV PETROM
TSO_INSTALLED_2026_0,ab51bca39f32321e91c7101b3350e61a3f499d70b7ec8ff3efe526a34000224a,Prosumatori,5,2,ALLIANSO PARK MANAGEMENT,1,Situația privind numărul de prosumatori racordați la rețelele de distribuție ale operatorilor de distribuție la nivelul SEN din data de  01.08.2026 | Operator de distribuţie a energiei electrice | Prosumatori | Pi  | Nr. | [MW] | ALLIANSO PARK MANAGEMENT | DELGAZ GRID | DISTRIBUTIE ENERGIE OLTENIA | OMV PETROM
TSO_INSTALLED_2026_0,ab51bca39f32321e91c7101b3350e61a3f499d70b7ec8ff3efe526a34000224a,Prosumatori,5,4,11.0,2,Situația privind numărul de prosumatori racordați la rețelele de distribuție ale operatorilor de distribuție la nivelul SEN din data de  01.08.2026 | Operator de distribuţie a energiei electrice | Prosumatori | Pi  | Nr. | [MW] | ALLIANSO PARK MANAGEMENT | DELGAZ GRID | DISTRIBUTIE ENERGIE OLTENIA | OMV PETROM
TSO_INSTALLED_2026_0,ab51bca39f32321e91c7101b3350e61a3f499d70b7ec8ff3efe526a34000224a,Prosumatori,5,5,5.0,2,Situația privind numărul de prosumatori racordați la rețelele de distribuție ale operatorilor de distribuție la nivelul SEN din data de  01.08.2026 | Operator de distribuţie a energiei electrice | Prosumatori | Pi  | Nr. | [MW] | ALLIANSO PARK MANAGEMENT | DELGAZ GRID | DISTRIBUTIE ENERGIE OLTENIA | OMV PETROM
TSO_INSTALLED_2026_0,ab51bca39f32321e91c7101b3350e61a3f499d70b7ec8ff3efe526a34000224a,Prosumatori,6,2,DELGAZ GRID,1,Situația privind numărul de prosumatori racordați la rețelele de distribuție ale operatorilor de distribuție la nivelul SEN din data de  01.08.2026 | Operator de distribuţie a energiei electrice | Prosumatori | Pi  | Nr. | [MW] | ALLIANSO PARK MANAGEMENT | DELGAZ GRID | DISTRIBUTIE ENERGIE OLTENIA | OMV PETROM
TSO_INSTALLED_2026_0,ab51bca39f32321e91c7101b3350e61a3f499d70b7ec8ff3efe526a34000224a,Prosumatori,6,4,53660.0,2,Situația privind numărul de prosumatori racordați la rețelele de distribuție ale operatorilor de distribuție la nivelul SEN din data de  01.08.2026 | Operator de distribuţie a energiei electrice | Prosumatori | Pi  | Nr. | [MW] | ALLIANSO PARK MANAGEMENT | DELGAZ GRID | DISTRIBUTIE ENERGIE OLTENIA | OMV PETROM
TSO_INSTALLED_2026_0,ab51bca39f32321e91c7101b3350e61a3f499d70b7ec8ff3efe526a34000224a,Prosumatori,6,5,560.0,2,Situația privind numărul de prosumatori racordați la rețelele de distribuție ale operatorilor de distribuție la nivelul SEN din data de  01.08.2026 | Operator de distribuţie a energiei electrice | Prosumatori | Pi  | Nr. | [MW] | ALLIANSO PARK MANAGEMENT | DELGAZ GRID | DISTRIBUTIE ENERGIE OLTENIA | OMV PETROM
TSO_INSTALLED_2026_0,ab51bca39f32321e91c7101b3350e61a3f499d70b7ec8ff3efe526a34000224a,Prosumatori,7,2,DISTRIBUTIE ENERGIE OLTENIA,1,Situația privind numărul de prosumatori racordați la rețelele de distribuție ale operatorilor de distribuție la nivelul SEN din data de  01.08.2026 | Operator de distribuţie a energiei electrice | Prosumatori | Pi  | Nr. | [MW] | ALLIANSO PARK MANAGEMENT | DELGAZ GRID | DISTRIBUTIE ENERGIE OLTENIA | OMV PETROM
TSO_INSTALLED_2026_0,ab51bca39f32321e91c7101b3350e61a3f499d70b7ec8ff3efe526a34000224a,Prosumatori,7,4,63444.0,2,Situația privind numărul de prosumatori racordați la rețelele de distribuție ale operatorilor de distribuție la nivelul SEN din data de  01.08.2026 | Operator de distribuţie a energiei electrice | Prosumatori | Pi  | Nr. | [MW] | ALLIANSO PARK MANAGEMENT | DELGAZ GRID | DISTRIBUTIE ENERGIE OLTENIA | OMV PETROM
TSO_INSTALLED_2026_0,ab51bca39f32321e91c7101b3350e61a3f499d70b7ec8ff3efe526a34000224a,Prosumatori,7,5,689.0,2,Situația privind numărul de prosumatori racordați la rețelele de distribuție ale operatorilor de distribuție la nivelul SEN din data de  01.08.2026 | Operator de distribuţie a energiei electrice | Prosumatori | Pi  | Nr. | [MW] | ALLIANSO PARK MANAGEMENT | DELGAZ GRID | DISTRIBUTIE ENERGIE OLTENIA | OMV PETROM
TSO_INSTALLED_2026_0,ab51bca39f32321e91c7101b3350e61a3f499d70b7ec8ff3efe526a34000224a,Prosumatori,8,2,OMV PETROM,1,Situația privind numărul de prosumatori racordați la rețelele de distribuție ale operatorilor de distribuție la nivelul SEN din data de  01.08.2026 | Operator de distribuţie a energiei electrice | Prosumatori | Pi  | Nr. | [MW] | ALLIANSO PARK MANAGEMENT | DELGAZ GRID | DISTRIBUTIE ENERGIE OLTENIA | OMV PETROM
TSO_INSTALLED_2026_0,ab51bca39f32321e91c7101b3350e61a3f499d70b7ec8ff3efe526a34000224a,Prosumatori,8,4,37.0,2,Situația privind numărul de prosumatori racordați la rețelele de distribuție ale operatorilor de distribuție la nivelul SEN din data de  01.08.2026 | Operator de distribuţie a energiei electrice | Prosumatori | Pi  | Nr. | [MW] | ALLIANSO PARK MANAGEMENT | DELGAZ GRID | DISTRIBUTIE ENERGIE OLTENIA | OMV PETROM
TSO_INSTALLED_2026_0,ab51bca39f32321e91c7101b3350e61a3f499d70b7ec8ff3efe526a34000224a,Prosumatori,8,5,1.0,2,Situația privind numărul de prosumatori racordați la rețelele de distribuție ale operatorilor de distribuție la nivelul SEN din data de  01.08.2026 | Operator de distribuţie a energiei electrice | Prosumatori | Pi  | Nr. | [MW] | ALLIANSO PARK MANAGEMENT | DELGAZ GRID | DISTRIBUTIE ENERGIE OLTENIA | OMV PETROM
TSO_INSTALLED_2026_0,ab51bca39f32321e91c7101b3350e61a3f499d70b7ec8ff3efe526a34000224a,Prosumatori,9,2,PLOIESTI INDUSTRIAL PARC,1,Situația privind numărul de prosumatori racordați la rețelele de distribuție ale operatorilor de distribuție la nivelul SEN din data de  01.08.2026 | Operator de distribuţie a energiei electrice | Prosumatori | Pi  | Nr. | [MW] | ALLIANSO PARK MANAGEMENT | DELGAZ GRID | DISTRIBUTIE ENERGIE OLTENIA | OMV PETROM
TSO_INSTALLED_2026_0,ab51bca39f32321e91c7101b3350e61a3f499d70b7ec8ff3efe526a34000224a,Prosumatori,9,4,8.0,2,Situația privind numărul de prosumatori racordați la rețelele de distribuție ale operatorilor de distribuție la nivelul SEN din data de  01.08.2026 | Operator de distribuţie a energiei electrice | Prosumatori | Pi  | Nr. | [MW] | ALLIANSO PARK MANAGEMENT | DELGAZ GRID | DISTRIBUTIE ENERGIE OLTENIA | OMV PETROM
TSO_INSTALLED_2026_0,ab51bca39f32321e91c7101b3350e61a3f499d70b7ec8ff3efe526a34000224a,Prosumatori,9,5,1.0,2,Situația privind numărul de prosumatori racordați la rețelele de distribuție ale operatorilor de distribuție la nivelul SEN din data de  01.08.2026 | Operator de distribuţie a energiei electrice | Prosumatori | Pi  | Nr. | [MW] | ALLIANSO PARK MANAGEMENT | DELGAZ GRID | DISTRIBUTIE ENERGIE OLTENIA | OMV PETROM
TSO_INSTALLED_2026_0,ab51bca39f32321e91c7101b3350e61a3f499d70b7ec8ff3efe526a34000224a,Prosumatori,10,2,RETELE ELECTRICE ROMANIA,1,Situația privind numărul de prosumatori racordați la rețelele de distribuție ale operatorilor de distribuție la nivelul SEN din data de  01.08.2026 | Operator de distribuţie a energiei electrice | Prosumatori | Pi  | Nr. | [MW] | ALLIANSO PARK MANAGEMENT | DELGAZ GRID | DISTRIBUTIE ENERGIE OLTENIA | OMV PETROM
TSO_INSTALLED_2026_0,ab51bca39f32321e91c7101b3350e61a3f499d70b7ec8ff3efe526a34000224a,Prosumatori,10,4,99396.0,2,Situația privind numărul de prosumatori racordați la rețelele de distribuție ale operatorilor de distribuție la nivelul SEN din data de  01.08.2026 | Operator de distribuţie a energiei electrice | Prosumatori | Pi  | Nr. | [MW] | ALLIANSO PARK MANAGEMENT | DELGAZ GRID | DISTRIBUTIE ENERGIE OLTENIA | OMV PETROM
TSO_INSTALLED_2026_0,ab51bca39f32321e91c7101b3350e61a3f499d70b7ec8ff3efe526a34000224a,Prosumatori,10,5,1246.0,2,Situația privind numărul de prosumatori racordați la rețelele de distribuție ale operatorilor de distribuție la nivelul SEN din data de  01.08.2026 | Operator de distribuţie a energiei electrice | Prosumatori | Pi  | Nr. | [MW] | ALLIANSO PARK MANAGEMENT | DELGAZ GRID | DISTRIBUTIE ENERGIE OLTENIA | OMV PETROM
TSO_INSTALLED_2026_0,ab51bca39f32321e91c7101b3350e61a3f499d70b7ec8ff3efe526a34000224a,Prosumatori,11,2,DEER MUNTENIA NORD,1,Situația privind numărul de prosumatori racordați la rețelele de distribuție ale operatorilor de distribuție la nivelul SEN din data de  01.08.2026 | Operator de distribuţie a energiei electrice | Prosumatori | Pi  | Nr. | [MW] | ALLIANSO PARK MANAGEMENT | DELGAZ GRID | DISTRIBUTIE ENERGIE OLTENIA | OMV PETROM
TSO_INSTALLED_2026_0,ab51bca39f32321e91c7101b3350e61a3f499d70b7ec8ff3efe526a34000224a,Prosumatori,11,4,47595.0,2,Situația privind numărul de prosumatori racordați la rețelele de distribuție ale operatorilor de distribuție la nivelul SEN din data de  01.08.2026 | Operator de distribuţie a energiei electrice | Prosumatori | Pi  | Nr. | [MW] | ALLIANSO PARK MANAGEMENT | DELGAZ GRID | DISTRIBUTIE ENERGIE OLTENIA | OMV PETROM
TSO_INSTALLED_2026_0,ab51bca39f32321e91c7101b3350e61a3f499d70b7ec8ff3efe526a34000224a,Prosumatori,11,5,509.0,2,Situația privind numărul de prosumatori racordați la rețelele de distribuție ale operatorilor de distribuție la nivelul SEN din data de  01.08.2026 | Operator de distribuţie a energiei electrice | Prosumatori | Pi  | Nr. | [MW] | ALLIANSO PARK MANAGEMENT | DELGAZ GRID | DISTRIBUTIE ENERGIE OLTENIA | OMV PETROM
TSO_INSTALLED_2026_0,ab51bca39f32321e91c7101b3350e61a3f499d70b7ec8ff3efe526a34000224a,Prosumatori,12,2,DEER TRANSILVANIA NORD ,1,Situația privind numărul de prosumatori racordați la rețelele de distribuție ale operatorilor de distribuție la nivelul SEN din data de  01.08.2026 | Operator de distribuţie a energiei electrice | Prosumatori | Pi  | Nr. | [MW] | ALLIANSO PARK MANAGEMENT | DELGAZ GRID | DISTRIBUTIE ENERGIE OLTENIA | OMV PETROM
TSO_INSTALLED_2026_0,ab51bca39f32321e91c7101b3350e61a3f499d70b7ec8ff3efe526a34000224a,Prosumatori,12,4,58397.0,2,Situația privind numărul de prosumatori racordați la rețelele de distribuție ale operatorilor de distribuție la nivelul SEN din data de  01.08.2026 | Operator de distribuţie a energiei electrice | Prosumatori | Pi  | Nr. | [MW] | ALLIANSO PARK MANAGEMENT | DELGAZ GRID | DISTRIBUTIE ENERGIE OLTENIA | OMV PETROM
TSO_INSTALLED_2026_0,ab51bca39f32321e91c7101b3350e61a3f499d70b7ec8ff3efe526a34000224a,Prosumatori,12,5,613.0,2,Situația privind numărul de prosumatori racordați la rețelele de distribuție ale operatorilor de distribuție la nivelul SEN din data de  01.08.2026 | Operator de distribuţie a energiei electrice | Prosumatori | Pi  | Nr. | [MW] | ALLIANSO PARK MANAGEMENT | DELGAZ GRID | DISTRIBUTIE ENERGIE OLTENIA | OMV PETROM
TSO_INSTALLED_2026_0,ab51bca39f32321e91c7101b3350e61a3f499d70b7ec8ff3efe526a34000224a,Prosumatori,13,2,DEER TRANSILVANIA SUD,1,Situația privind numărul de prosumatori racordați la rețelele de distribuție ale operatorilor de distribuție la nivelul SEN din data de  01.08.2026 | Operator de distribuţie a energiei electrice | Prosumatori | Pi  | Nr. | [MW] | ALLIANSO PARK MANAGEMENT | DELGAZ GRID | DISTRIBUTIE ENERGIE OLTENIA | OMV PETROM
TSO_INSTALLED_2026_0,ab51bca39f32321e91c7101b3350e61a3f499d70b7ec8ff3efe526a34000224a,Prosumatori,13,4,50669.0,2,Situația privind numărul de prosumatori racordați la rețelele de distribuție ale operatorilor de distribuție la nivelul SEN din data de  01.08.2026 | Operator de distribuţie a energiei electrice | Prosumatori | Pi  | Nr. | [MW] | ALLIANSO PARK MANAGEMENT | DELGAZ GRID | DISTRIBUTIE ENERGIE OLTENIA | OMV PETROM
TSO_INSTALLED_2026_0,ab51bca39f32321e91c7101b3350e61a3f499d70b7ec8ff3efe526a34000224a,Prosumatori,13,5,514.0,2,Situația privind numărul de prosumatori racordați la rețelele de distribuție ale operatorilor de distribuție la nivelul SEN din data de  01.08.2026 | Operator de distribuţie a energiei electrice | Prosumatori | Pi  | Nr. | [MW] | ALLIANSO PARK MANAGEMENT | DELGAZ GRID | DISTRIBUTIE ENERGIE OLTENIA | OMV PETROM
TSO_INSTALLED_2026_0,ab51bca39f32321e91c7101b3350e61a3f499d70b7ec8ff3efe526a34000224a,Prosumatori,14,2,TETAROM,1,Situația privind numărul de prosumatori racordați la rețelele de distribuție ale operatorilor de distribuție la nivelul SEN din data de  01.08.2026 | Operator de distribuţie a energiei electrice | Prosumatori | Pi  | Nr. | [MW] | ALLIANSO PARK MANAGEMENT | DELGAZ GRID | DISTRIBUTIE ENERGIE OLTENIA | OMV PETROM
TSO_INSTALLED_2026_0,ab51bca39f32321e91c7101b3350e61a3f499d70b7ec8ff3efe526a34000224a,Prosumatori,14,4,32.0,2,Situația privind numărul de prosumatori racordați la rețelele de distribuție ale operatorilor de distribuție la nivelul SEN din data de  01.08.2026 | Operator de distribuţie a energiei electrice | Prosumatori | Pi  | Nr. | [MW] | ALLIANSO PARK MANAGEMENT | DELGAZ GRID | DISTRIBUTIE ENERGIE OLTENIA | OMV PETROM
TSO_INSTALLED_2026_0,ab51bca39f32321e91c7101b3350e61a3f499d70b7ec8ff3efe526a34000224a,Prosumatori,14,5,11.0,2,Situația privind numărul de prosumatori racordați la rețelele de distribuție ale operatorilor de distribuție la nivelul SEN din data de  01.08.2026 | Operator de distribuţie a energiei electrice | Prosumatori | Pi  | Nr. | [MW] | ALLIANSO PARK MANAGEMENT | DELGAZ GRID | DISTRIBUTIE ENERGIE OLTENIA | OMV PETROM
TSO_INSTALLED_2026_0,ab51bca39f32321e91c7101b3350e61a3f499d70b7ec8ff3efe526a34000224a,Prosumatori,15,2,Total,1,Situația privind numărul de prosumatori racordați la rețelele de distribuție ale operatorilor de distribuție la nivelul SEN din data de  01.08.2026 | Operator de distribuţie a energiei electrice | Prosumatori | Pi  | Nr. | [MW] | ALLIANSO PARK MANAGEMENT | DELGAZ GRID | DISTRIBUTIE ENERGIE OLTENIA | OMV PETROM
TSO_INSTALLED_2026_0,ab51bca39f32321e91c7101b3350e61a3f499d70b7ec8ff3efe526a34000224a,Prosumatori,15,4,373249.0,2,Situația privind numărul de prosumatori racordați la rețelele de distribuție ale operatorilor de distribuție la nivelul SEN din data de  01.08.2026 | Operator de distribuţie a energiei electrice | Prosumatori | Pi  | Nr. | [MW] | ALLIANSO PARK MANAGEMENT | DELGAZ GRID | DISTRIBUTIE ENERGIE OLTENIA | OMV PETROM
TSO_INSTALLED_2026_0,ab51bca39f32321e91c7101b3350e61a3f499d70b7ec8ff3efe526a34000224a,Prosumatori,15,5,4149.0,2,Situația privind numărul de prosumatori racordați la rețelele de distribuție ale operatorilor de distribuție la nivelul SEN din data de  01.08.2026 | Operator de distribuţie a energiei electrice | Prosumatori | Pi  | Nr. | [MW] | ALLIANSO PARK MANAGEMENT | DELGAZ GRID | DISTRIBUTIE ENERGIE OLTENIA | OMV PETROM
TSO_INSTALLED_2026_0,ab51bca39f32321e91c7101b3350e61a3f499d70b7ec8ff3efe526a34000224a,Stocare,2,1,C.N.T.E.E. TRANSELECTRICA S.A.,1,C.N.T.E.E. TRANSELECTRICA S.A. | DEN |   PUTEREA  INSTALATA  LA NIVELUL SEN in Instalatii de Stocare a Energie Electrice |  date sintetice la data 01.09.2026 | Index | Nume | Grupuri | Pi | Pg | Pc | E | Gestionar | Nr. | [MW] | [MW] | [MW] | [MWh]
TSO_INSTALLED_2026_0,ab51bca39f32321e91c7101b3350e61a3f499d70b7ec8ff3efe526a34000224a,Stocare,3,1,DEN,1,C.N.T.E.E. TRANSELECTRICA S.A. | DEN |   PUTEREA  INSTALATA  LA NIVELUL SEN in Instalatii de Stocare a Energie Electrice |  date sintetice la data 01.09.2026 | Index | Nume | Grupuri | Pi | Pg | Pc | E | Gestionar | Nr. | [MW] | [MW] | [MW] | [MWh]
TSO_INSTALLED_2026_0,ab51bca39f32321e91c7101b3350e61a3f499d70b7ec8ff3efe526a34000224a,Stocare,4,1,  PUTEREA  INSTALATA  LA NIVELUL SEN in Instalatii de Stocare a Energie Electrice,1,C.N.T.E.E. TRANSELECTRICA S.A. | DEN |   PUTEREA  INSTALATA  LA NIVELUL SEN in Instalatii de Stocare a Energie Electrice |  date sintetice la data 01.09.2026 | Index | Nume | Grupuri | Pi | Pg | Pc | E | Gestionar | Nr. | [MW] | [MW] | [MW] | [MWh]
TSO_INSTALLED_2026_0,ab51bca39f32321e91c7101b3350e61a3f499d70b7ec8ff3efe526a34000224a,Stocare,5,1, date sintetice la data 01.09.2026,1,C.N.T.E.E. TRANSELECTRICA S.A. | DEN |   PUTEREA  INSTALATA  LA NIVELUL SEN in Instalatii de Stocare a Energie Electrice |  date sintetice la data 01.09.2026 | Index | Nume | Grupuri | Pi | Pg | Pc | E | Gestionar | Nr. | [MW] | [MW] | [MW] | [MWh]
TSO_INSTALLED_2026_0,ab51bca39f32321e91c7101b3350e61a3f499d70b7ec8ff3efe526a34000224a,Stocare,7,1,Index,1,C.N.T.E.E. TRANSELECTRICA S.A. | DEN |   PUTEREA  INSTALATA  LA NIVELUL SEN in Instalatii de Stocare a Energie Electrice |  date sintetice la data 01.09.2026 | Index | Nume | Grupuri | Pi | Pg | Pc | E | Gestionar | Nr. | [MW] | [MW] | [MW] | [MWh]
TSO_INSTALLED_2026_0,ab51bca39f32321e91c7101b3350e61a3f499d70b7ec8ff3efe526a34000224a,Stocare,7,2,Nume,1,C.N.T.E.E. TRANSELECTRICA S.A. | DEN |   PUTEREA  INSTALATA  LA NIVELUL SEN in Instalatii de Stocare a Energie Electrice |  date sintetice la data 01.09.2026 | Index | Nume | Grupuri | Pi | Pg | Pc | E | Gestionar | Nr. | [MW] | [MW] | [MW] | [MWh]
TSO_INSTALLED_2026_0,ab51bca39f32321e91c7101b3350e61a3f499d70b7ec8ff3efe526a34000224a,Stocare,7,3,Grupuri,1,C.N.T.E.E. TRANSELECTRICA S.A. | DEN |   PUTEREA  INSTALATA  LA NIVELUL SEN in Instalatii de Stocare a Energie Electrice |  date sintetice la data 01.09.2026 | Index | Nume | Grupuri | Pi | Pg | Pc | E | Gestionar | Nr. | [MW] | [MW] | [MW] | [MWh]
TSO_INSTALLED_2026_0,ab51bca39f32321e91c7101b3350e61a3f499d70b7ec8ff3efe526a34000224a,Stocare,7,4,Pi,1,C.N.T.E.E. TRANSELECTRICA S.A. | DEN |   PUTEREA  INSTALATA  LA NIVELUL SEN in Instalatii de Stocare a Energie Electrice |  date sintetice la data 01.09.2026 | Index | Nume | Grupuri | Pi | Pg | Pc | E | Gestionar | Nr. | [MW] | [MW] | [MW] | [MWh]
TSO_INSTALLED_2026_0,ab51bca39f32321e91c7101b3350e61a3f499d70b7ec8ff3efe526a34000224a,Stocare,7,5,Pg,1,C.N.T.E.E. TRANSELECTRICA S.A. | DEN |   PUTEREA  INSTALATA  LA NIVELUL SEN in Instalatii de Stocare a Energie Electrice |  date sintetice la data 01.09.2026 | Index | Nume | Grupuri | Pi | Pg | Pc | E | Gestionar | Nr. | [MW] | [MW] | [MW] | [MWh]
TSO_INSTALLED_2026_0,ab51bca39f32321e91c7101b3350e61a3f499d70b7ec8ff3efe526a34000224a,Stocare,7,6,Pc,1,C.N.T.E.E. TRANSELECTRICA S.A. | DEN |   PUTEREA  INSTALATA  LA NIVELUL SEN in Instalatii de Stocare a Energie Electrice |  date sintetice la data 01.09.2026 | Index | Nume | Grupuri | Pi | Pg | Pc | E | Gestionar | Nr. | [MW] | [MW] | [MW] | [MWh]
TSO_INSTALLED_2026_0,ab51bca39f32321e91c7101b3350e61a3f499d70b7ec8ff3efe526a34000224a,Stocare,7,7,E,1,C.N.T.E.E. TRANSELECTRICA S.A. | DEN |   PUTEREA  INSTALATA  LA NIVELUL SEN in Instalatii de Stocare a Energie Electrice |  date sintetice la data 01.09.2026 | Index | Nume | Grupuri | Pi | Pg | Pc | E | Gestionar | Nr. | [MW] | [MW] | [MW] | [MWh]
TSO_INSTALLED_2026_0,ab51bca39f32321e91c7101b3350e61a3f499d70b7ec8ff3efe526a34000224a,Stocare,7,8,Gestionar,1,C.N.T.E.E. TRANSELECTRICA S.A. | DEN |   PUTEREA  INSTALATA  LA NIVELUL SEN in Instalatii de Stocare a Energie Electrice |  date sintetice la data 01.09.2026 | Index | Nume | Grupuri | Pi | Pg | Pc | E | Gestionar | Nr. | [MW] | [MW] | [MW] | [MWh]
TSO_INSTALLED_2026_0,ab51bca39f32321e91c7101b3350e61a3f499d70b7ec8ff3efe526a34000224a,Stocare,8,3,Nr.,1,C.N.T.E.E. TRANSELECTRICA S.A. | DEN |   PUTEREA  INSTALATA  LA NIVELUL SEN in Instalatii de Stocare a Energie Electrice |  date sintetice la data 01.09.2026 | Index | Nume | Grupuri | Pi | Pg | Pc | E | Gestionar | Nr. | [MW] | [MW] | [MW] | [MWh]
TSO_INSTALLED_2026_0,ab51bca39f32321e91c7101b3350e61a3f499d70b7ec8ff3efe526a34000224a,Stocare,8,4,[MW],1,C.N.T.E.E. TRANSELECTRICA S.A. | DEN |   PUTEREA  INSTALATA  LA NIVELUL SEN in Instalatii de Stocare a Energie Electrice |  date sintetice la data 01.09.2026 | Index | Nume | Grupuri | Pi | Pg | Pc | E | Gestionar | Nr. | [MW] | [MW] | [MW] | [MWh]
TSO_INSTALLED_2026_0,ab51bca39f32321e91c7101b3350e61a3f499d70b7ec8ff3efe526a34000224a,Stocare,8,5,[MW],1,C.N.T.E.E. TRANSELECTRICA S.A. | DEN |   PUTEREA  INSTALATA  LA NIVELUL SEN in Instalatii de Stocare a Energie Electrice |  date sintetice la data 01.09.2026 | Index | Nume | Grupuri | Pi | Pg | Pc | E | Gestionar | Nr. | [MW] | [MW] | [MW] | [MWh]
TSO_INSTALLED_2026_0,ab51bca39f32321e91c7101b3350e61a3f499d70b7ec8ff3efe526a34000224a,Stocare,8,6,[MW],1,C.N.T.E.E. TRANSELECTRICA S.A. | DEN |   PUTEREA  INSTALATA  LA NIVELUL SEN in Instalatii de Stocare a Energie Electrice |  date sintetice la data 01.09.2026 | Index | Nume | Grupuri | Pi | Pg | Pc | E | Gestionar | Nr. | [MW] | [MW] | [MW] | [MWh]
TSO_INSTALLED_2026_0,ab51bca39f32321e91c7101b3350e61a3f499d70b7ec8ff3efe526a34000224a,Stocare,8,7,[MWh],1,C.N.T.E.E. TRANSELECTRICA S.A. | DEN |   PUTEREA  INSTALATA  LA NIVELUL SEN in Instalatii de Stocare a Energie Electrice |  date sintetice la data 01.09.2026 | Index | Nume | Grupuri | Pi | Pg | Pc | E | Gestionar | Nr. | [MW] | [MW] | [MW] | [MWh]
TSO_INSTALLED_2026_0,ab51bca39f32321e91c7101b3350e61a3f499d70b7ec8ff3efe526a34000224a,Stocare,9,1,1.0,2,C.N.T.E.E. TRANSELECTRICA S.A. | DEN |   PUTEREA  INSTALATA  LA NIVELUL SEN in Instalatii de Stocare a Energie Electrice |  date sintetice la data 01.09.2026 | Index | Nume | Grupuri | Pi | Pg | Pc | E | Gestionar | Nr. | [MW] | [MW] | [MW] | [MWh]
TSO_INSTALLED_2026_0,ab51bca39f32321e91c7101b3350e61a3f499d70b7ec8ff3efe526a34000224a,Stocare,9,2,MEGALODON IS,1,C.N.T.E.E. TRANSELECTRICA S.A. | DEN |   PUTEREA  INSTALATA  LA NIVELUL SEN in Instalatii de Stocare a Energie Electrice |  date sintetice la data 01.09.2026 | Index | Nume | Grupuri | Pi | Pg | Pc | E | Gestionar | Nr. | [MW] | [MW] | [MW] | [MWh]
TSO_INSTALLED_2026_0,ab51bca39f32321e91c7101b3350e61a3f499d70b7ec8ff3efe526a34000224a,Stocare,9,3,1.0,2,C.N.T.E.E. TRANSELECTRICA S.A. | DEN |   PUTEREA  INSTALATA  LA NIVELUL SEN in Instalatii de Stocare a Energie Electrice |  date sintetice la data 01.09.2026 | Index | Nume | Grupuri | Pi | Pg | Pc | E | Gestionar | Nr. | [MW] | [MW] | [MW] | [MWh]
TSO_INSTALLED_2026_0,ab51bca39f32321e91c7101b3350e61a3f499d70b7ec8ff3efe526a34000224a,Stocare,9,4,7.0,2,C.N.T.E.E. TRANSELECTRICA S.A. | DEN |   PUTEREA  INSTALATA  LA NIVELUL SEN in Instalatii de Stocare a Energie Electrice |  date sintetice la data 01.09.2026 | Index | Nume | Grupuri | Pi | Pg | Pc | E | Gestionar | Nr. | [MW] | [MW] | [MW] | [MWh]
TSO_INSTALLED_2026_0,ab51bca39f32321e91c7101b3350e61a3f499d70b7ec8ff3efe526a34000224a,Stocare,9,5,7.0,2,C.N.T.E.E. TRANSELECTRICA S.A. | DEN |   PUTEREA  INSTALATA  LA NIVELUL SEN in Instalatii de Stocare a Energie Electrice |  date sintetice la data 01.09.2026 | Index | Nume | Grupuri | Pi | Pg | Pc | E | Gestionar | Nr. | [MW] | [MW] | [MW] | [MWh]
TSO_INSTALLED_2026_0,ab51bca39f32321e91c7101b3350e61a3f499d70b7ec8ff3efe526a34000224a,Stocare,9,6,7.0,2,C.N.T.E.E. TRANSELECTRICA S.A. | DEN |   PUTEREA  INSTALATA  LA NIVELUL SEN in Instalatii de Stocare a Energie Electrice |  date sintetice la data 01.09.2026 | Index | Nume | Grupuri | Pi | Pg | Pc | E | Gestionar | Nr. | [MW] | [MW] | [MW] | [MWh]
TSO_INSTALLED_2026_0,ab51bca39f32321e91c7101b3350e61a3f499d70b7ec8ff3efe526a34000224a,Stocare,9,7,6.0,2,C.N.T.E.E. TRANSELECTRICA S.A. | DEN |   PUTEREA  INSTALATA  LA NIVELUL SEN in Instalatii de Stocare a Energie Electrice |  date sintetice la data 01.09.2026 | Index | Nume | Grupuri | Pi | Pg | Pc | E | Gestionar | Nr. | [MW] | [MW] | [MW] | [MWh]
TSO_INSTALLED_2026_0,ab51bca39f32321e91c7101b3350e61a3f499d70b7ec8ff3efe526a34000224a,Stocare,9,8,MEGALODON STORAGE,1,C.N.T.E.E. TRANSELECTRICA S.A. | DEN |   PUTEREA  INSTALATA  LA NIVELUL SEN in Instalatii de Stocare a Energie Electrice |  date sintetice la data 01.09.2026 | Index | Nume | Grupuri | Pi | Pg | Pc | E | Gestionar | Nr. | [MW] | [MW] | [MW] | [MWh]
TSO_INSTALLED_2026_0,ab51bca39f32321e91c7101b3350e61a3f499d70b7ec8ff3efe526a34000224a,Stocare,10,1,2.0,2,C.N.T.E.E. TRANSELECTRICA S.A. | DEN |   PUTEREA  INSTALATA  LA NIVELUL SEN in Instalatii de Stocare a Energie Electrice |  date sintetice la data 01.09.2026 | Index | Nume | Grupuri | Pi | Pg | Pc | E | Gestionar | Nr. | [MW] | [MW] | [MW] | [MWh]
TSO_INSTALLED_2026_0,ab51bca39f32321e91c7101b3350e61a3f499d70b7ec8ff3efe526a34000224a,Stocare,10,2,ARAD,1,C.N.T.E.E. TRANSELECTRICA S.A. | DEN |   PUTEREA  INSTALATA  LA NIVELUL SEN in Instalatii de Stocare a Energie Electrice |  date sintetice la data 01.09.2026 | Index | Nume | Grupuri | Pi | Pg | Pc | E | Gestionar | Nr. | [MW] | [MW] | [MW] | [MWh]
TSO_INSTALLED_2026_0,ab51bca39f32321e91c7101b3350e61a3f499d70b7ec8ff3efe526a34000224a,Stocare,10,3,1.0,2,C.N.T.E.E. TRANSELECTRICA S.A. | DEN |   PUTEREA  INSTALATA  LA NIVELUL SEN in Instalatii de Stocare a Energie Electrice |  date sintetice la data 01.09.2026 | Index | Nume | Grupuri | Pi | Pg | Pc | E | Gestionar | Nr. | [MW] | [MW] | [MW] | [MWh]
TSO_INSTALLED_2026_0,ab51bca39f32321e91c7101b3350e61a3f499d70b7ec8ff3efe526a34000224a,Stocare,10,4,1.0,2,C.N.T.E.E. TRANSELECTRICA S.A. | DEN |   PUTEREA  INSTALATA  LA NIVELUL SEN in Instalatii de Stocare a Energie Electrice |  date sintetice la data 01.09.2026 | Index | Nume | Grupuri | Pi | Pg | Pc | E | Gestionar | Nr. | [MW] | [MW] | [MW] | [MWh]
TSO_INSTALLED_2026_0,ab51bca39f32321e91c7101b3350e61a3f499d70b7ec8ff3efe526a34000224a,Stocare,10,5,1.0,2,C.N.T.E.E. TRANSELECTRICA S.A. | DEN |   PUTEREA  INSTALATA  LA NIVELUL SEN in Instalatii de Stocare a Energie Electrice |  date sintetice la data 01.09.2026 | Index | Nume | Grupuri | Pi | Pg | Pc | E | Gestionar | Nr. | [MW] | [MW] | [MW] | [MWh]
TSO_INSTALLED_2026_0,ab51bca39f32321e91c7101b3350e61a3f499d70b7ec8ff3efe526a34000224a,Stocare,10,6,1.0,2,C.N.T.E.E. TRANSELECTRICA S.A. | DEN |   PUTEREA  INSTALATA  LA NIVELUL SEN in Instalatii de Stocare a Energie Electrice |  date sintetice la data 01.09.2026 | Index | Nume | Grupuri | Pi | Pg | Pc | E | Gestionar | Nr. | [MW] | [MW] | [MW] | [MWh]
TSO_INSTALLED_2026_0,ab51bca39f32321e91c7101b3350e61a3f499d70b7ec8ff3efe526a34000224a,Stocare,10,7,0.5,2,C.N.T.E.E. TRANSELECTRICA S.A. | DEN |   PUTEREA  INSTALATA  LA NIVELUL SEN in Instalatii de Stocare a Energie Electrice |  date sintetice la data 01.09.2026 | Index | Nume | Grupuri | Pi | Pg | Pc | E | Gestionar | Nr. | [MW] | [MW] | [MW] | [MWh]
TSO_INSTALLED_2026_0,ab51bca39f32321e91c7101b3350e61a3f499d70b7ec8ff3efe526a34000224a,Stocare,10,8,AOT ENERGY,1,C.N.T.E.E. TRANSELECTRICA S.A. | DEN |   PUTEREA  INSTALATA  LA NIVELUL SEN in Instalatii de Stocare a Energie Electrice |  date sintetice la data 01.09.2026 | Index | Nume | Grupuri | Pi | Pg | Pc | E | Gestionar | Nr. | [MW] | [MW] | [MW] | [MWh]
TSO_INSTALLED_2026_0,ab51bca39f32321e91c7101b3350e61a3f499d70b7ec8ff3efe526a34000224a,Stocare,11,1,3.0,2,C.N.T.E.E. TRANSELECTRICA S.A. | DEN |   PUTEREA  INSTALATA  LA NIVELUL SEN in Instalatii de Stocare a Energie Electrice |  date sintetice la data 01.09.2026 | Index | Nume | Grupuri | Pi | Pg | Pc | E | Gestionar | Nr. | [MW] | [MW] | [MW] | [MWh]
TSO_INSTALLED_2026_0,ab51bca39f32321e91c7101b3350e61a3f499d70b7ec8ff3efe526a34000224a,Stocare,11,2,ARAD,1,C.N.T.E.E. TRANSELECTRICA S.A. | DEN |   PUTEREA  INSTALATA  LA NIVELUL SEN in Instalatii de Stocare a Energie Electrice |  date sintetice la data 01.09.2026 | Index | Nume | Grupuri | Pi | Pg | Pc | E | Gestionar | Nr. | [MW] | [MW] | [MW] | [MWh]
TSO_INSTALLED_2026_0,ab51bca39f32321e91c7101b3350e61a3f499d70b7ec8ff3efe526a34000224a,Stocare,11,3,2.0,2,C.N.T.E.E. TRANSELECTRICA S.A. | DEN |   PUTEREA  INSTALATA  LA NIVELUL SEN in Instalatii de Stocare a Energie Electrice |  date sintetice la data 01.09.2026 | Index | Nume | Grupuri | Pi | Pg | Pc | E | Gestionar | Nr. | [MW] | [MW] | [MW] | [MWh]
TSO_INSTALLED_2026_0,ab51bca39f32321e91c7101b3350e61a3f499d70b7ec8ff3efe526a34000224a,Stocare,11,4,1.0,2,C.N.T.E.E. TRANSELECTRICA S.A. | DEN |   PUTEREA  INSTALATA  LA NIVELUL SEN in Instalatii de Stocare a Energie Electrice |  date sintetice la data 01.09.2026 | Index | Nume | Grupuri | Pi | Pg | Pc | E | Gestionar | Nr. | [MW] | [MW] | [MW] | [MWh]
TSO_INSTALLED_2026_0,ab51bca39f32321e91c7101b3350e61a3f499d70b7ec8ff3efe526a34000224a,Stocare,11,5,1.0,2,C.N.T.E.E. TRANSELECTRICA S.A. | DEN |   PUTEREA  INSTALATA  LA NIVELUL SEN in Instalatii de Stocare a Energie Electrice |  date sintetice la data 01.09.2026 | Index | Nume | Grupuri | Pi | Pg | Pc | E | Gestionar | Nr. | [MW] | [MW] | [MW] | [MWh]
TSO_INSTALLED_2026_0,ab51bca39f32321e91c7101b3350e61a3f499d70b7ec8ff3efe526a34000224a,Stocare,11,6,1.0,2,C.N.T.E.E. TRANSELECTRICA S.A. | DEN |   PUTEREA  INSTALATA  LA NIVELUL SEN in Instalatii de Stocare a Energie Electrice |  date sintetice la data 01.09.2026 | Index | Nume | Grupuri | Pi | Pg | Pc | E | Gestionar | Nr. | [MW] | [MW] | [MW] | [MWh]
TSO_INSTALLED_2026_0,ab51bca39f32321e91c7101b3350e61a3f499d70b7ec8ff3efe526a34000224a,Stocare,11,7,0.5,2,C.N.T.E.E. TRANSELECTRICA S.A. | DEN |   PUTEREA  INSTALATA  LA NIVELUL SEN in Instalatii de Stocare a Energie Electrice |  date sintetice la data 01.09.2026 | Index | Nume | Grupuri | Pi | Pg | Pc | E | Gestionar | Nr. | [MW] | [MW] | [MW] | [MWh]
TSO_INSTALLED_2026_0,ab51bca39f32321e91c7101b3350e61a3f499d70b7ec8ff3efe526a34000224a,Stocare,11,8,AOT ENERGY,1,C.N.T.E.E. TRANSELECTRICA S.A. | DEN |   PUTEREA  INSTALATA  LA NIVELUL SEN in Instalatii de Stocare a Energie Electrice |  date sintetice la data 01.09.2026 | Index | Nume | Grupuri | Pi | Pg | Pc | E | Gestionar | Nr. | [MW] | [MW] | [MW] | [MWh]
TSO_INSTALLED_2026_0,ab51bca39f32321e91c7101b3350e61a3f499d70b7ec8ff3efe526a34000224a,Stocare,12,1,4.0,2,C.N.T.E.E. TRANSELECTRICA S.A. | DEN |   PUTEREA  INSTALATA  LA NIVELUL SEN in Instalatii de Stocare a Energie Electrice |  date sintetice la data 01.09.2026 | Index | Nume | Grupuri | Pi | Pg | Pc | E | Gestionar | Nr. | [MW] | [MW] | [MW] | [MWh]
TSO_INSTALLED_2026_0,ab51bca39f32321e91c7101b3350e61a3f499d70b7ec8ff3efe526a34000224a,Stocare,12,2,COBADIN 1,1,C.N.T.E.E. TRANSELECTRICA S.A. | DEN |   PUTEREA  INSTALATA  LA NIVELUL SEN in Instalatii de Stocare a Energie Electrice |  date sintetice la data 01.09.2026 | Index | Nume | Grupuri | Pi | Pg | Pc | E | Gestionar | Nr. | [MW] | [MW] | [MW] | [MWh]
TSO_INSTALLED_2026_0,ab51bca39f32321e91c7101b3350e61a3f499d70b7ec8ff3efe526a34000224a,Stocare,12,3,1.0,2,C.N.T.E.E. TRANSELECTRICA S.A. | DEN |   PUTEREA  INSTALATA  LA NIVELUL SEN in Instalatii de Stocare a Energie Electrice |  date sintetice la data 01.09.2026 | Index | Nume | Grupuri | Pi | Pg | Pc | E | Gestionar | Nr. | [MW] | [MW] | [MW] | [MWh]
TSO_INSTALLED_2026_0,ab51bca39f32321e91c7101b3350e61a3f499d70b7ec8ff3efe526a34000224a,Stocare,12,4,1.2,2,C.N.T.E.E. TRANSELECTRICA S.A. | DEN |   PUTEREA  INSTALATA  LA NIVELUL SEN in Instalatii de Stocare a Energie Electrice |  date sintetice la data 01.09.2026 | Index | Nume | Grupuri | Pi | Pg | Pc | E | Gestionar | Nr. | [MW] | [MW] | [MW] | [MWh]
TSO_INSTALLED_2026_0,ab51bca39f32321e91c7101b3350e61a3f499d70b7ec8ff3efe526a34000224a,Stocare,12,5,1.0,2,C.N.T.E.E. TRANSELECTRICA S.A. | DEN |   PUTEREA  INSTALATA  LA NIVELUL SEN in Instalatii de Stocare a Energie Electrice |  date sintetice la data 01.09.2026 | Index | Nume | Grupuri | Pi | Pg | Pc | E | Gestionar | Nr. | [MW] | [MW] | [MW] | [MWh]
TSO_INSTALLED_2026_0,ab51bca39f32321e91c7101b3350e61a3f499d70b7ec8ff3efe526a34000224a,Stocare,12,6,1.0,2,C.N.T.E.E. TRANSELECTRICA S.A. | DEN |   PUTEREA  INSTALATA  LA NIVELUL SEN in Instalatii de Stocare a Energie Electrice |  date sintetice la data 01.09.2026 | Index | Nume | Grupuri | Pi | Pg | Pc | E | Gestionar | Nr. | [MW] | [MW] | [MW] | [MWh]
TSO_INSTALLED_2026_0,ab51bca39f32321e91c7101b3350e61a3f499d70b7ec8ff3efe526a34000224a,Stocare,12,7,1.0,2,C.N.T.E.E. TRANSELECTRICA S.A. | DEN |   PUTEREA  INSTALATA  LA NIVELUL SEN in Instalatii de Stocare a Energie Electrice |  date sintetice la data 01.09.2026 | Index | Nume | Grupuri | Pi | Pg | Pc | E | Gestionar | Nr. | [MW] | [MW] | [MW] | [MWh]
TSO_INSTALLED_2026_0,ab51bca39f32321e91c7101b3350e61a3f499d70b7ec8ff3efe526a34000224a,Stocare,12,8,EDPR WIND ENERGY,1,C.N.T.E.E. TRANSELECTRICA S.A. | DEN |   PUTEREA  INSTALATA  LA NIVELUL SEN in Instalatii de Stocare a Energie Electrice |  date sintetice la data 01.09.2026 | Index | Nume | Grupuri | Pi | Pg | Pc | E | Gestionar | Nr. | [MW] | [MW] | [MW] | [MWh]
TSO_INSTALLED_2026_0,ab51bca39f32321e91c7101b3350e61a3f499d70b7ec8ff3efe526a34000224a,Stocare,13,1,5.0,2,C.N.T.E.E. TRANSELECTRICA S.A. | DEN |   PUTEREA  INSTALATA  LA NIVELUL SEN in Instalatii de Stocare a Energie Electrice |  date sintetice la data 01.09.2026 | Index | Nume | Grupuri | Pi | Pg | Pc | E | Gestionar | Nr. | [MW] | [MW] | [MW] | [MWh]
TSO_INSTALLED_2026_0,ab51bca39f32321e91c7101b3350e61a3f499d70b7ec8ff3efe526a34000224a,Stocare,13,2,FANTANELE EST,1,C.N.T.E.E. TRANSELECTRICA S.A. | DEN |   PUTEREA  INSTALATA  LA NIVELUL SEN in Instalatii de Stocare a Energie Electrice |  date sintetice la data 01.09.2026 | Index | Nume | Grupuri | Pi | Pg | Pc | E | Gestionar | Nr. | [MW] | [MW] | [MW] | [MWh]
TSO_INSTALLED_2026_0,ab51bca39f32321e91c7101b3350e61a3f499d70b7ec8ff3efe526a34000224a,Stocare,13,3,1.0,2,C.N.T.E.E. TRANSELECTRICA S.A. | DEN |   PUTEREA  INSTALATA  LA NIVELUL SEN in Instalatii de Stocare a Energie Electrice |  date sintetice la data 01.09.2026 | Index | Nume | Grupuri | Pi | Pg | Pc | E | Gestionar | Nr. | [MW] | [MW] | [MW] | [MWh]
TSO_INSTALLED_2026_0,ab51bca39f32321e91c7101b3350e61a3f499d70b7ec8ff3efe526a34000224a,Stocare,13,4,0.85,2,C.N.T.E.E. TRANSELECTRICA S.A. | DEN |   PUTEREA  INSTALATA  LA NIVELUL SEN in Instalatii de Stocare a Energie Electrice |  date sintetice la data 01.09.2026 | Index | Nume | Grupuri | Pi | Pg | Pc | E | Gestionar | Nr. | [MW] | [MW] | [MW] | [MWh]
TSO_INSTALLED_2026_0,ab51bca39f32321e91c7101b3350e61a3f499d70b7ec8ff3efe526a34000224a,Stocare,13,5,0.85,2,C.N.T.E.E. TRANSELECTRICA S.A. | DEN |   PUTEREA  INSTALATA  LA NIVELUL SEN in Instalatii de Stocare a Energie Electrice |  date sintetice la data 01.09.2026 | Index | Nume | Grupuri | Pi | Pg | Pc | E | Gestionar | Nr. | [MW] | [MW] | [MW] | [MWh]
TSO_INSTALLED_2026_0,ab51bca39f32321e91c7101b3350e61a3f499d70b7ec8ff3efe526a34000224a,Stocare,13,6,0.85,2,C.N.T.E.E. TRANSELECTRICA S.A. | DEN |   PUTEREA  INSTALATA  LA NIVELUL SEN in Instalatii de Stocare a Energie Electrice |  date sintetice la data 01.09.2026 | Index | Nume | Grupuri | Pi | Pg | Pc | E | Gestionar | Nr. | [MW] | [MW] | [MW] | [MWh]
TSO_INSTALLED_2026_0,ab51bca39f32321e91c7101b3350e61a3f499d70b7ec8ff3efe526a34000224a,Stocare,13,7,0.85,2,C.N.T.E.E. TRANSELECTRICA S.A. | DEN |   PUTEREA  INSTALATA  LA NIVELUL SEN in Instalatii de Stocare a Energie Electrice |  date sintetice la data 01.09.2026 | Index | Nume | Grupuri | Pi | Pg | Pc | E | Gestionar | Nr. | [MW] | [MW] | [MW] | [MWh]
TSO_INSTALLED_2026_0,ab51bca39f32321e91c7101b3350e61a3f499d70b7ec8ff3efe526a34000224a,Stocare,13,8,PPC RENEWABLES ROMANIA,1,C.N.T.E.E. TRANSELECTRICA S.A. | DEN |   PUTEREA  INSTALATA  LA NIVELUL SEN in Instalatii de Stocare a Energie Electrice |  date sintetice la data 01.09.2026 | Index | Nume | Grupuri | Pi | Pg | Pc | E | Gestionar | Nr. | [MW] | [MW] | [MW] | [MWh]
TSO_INSTALLED_2026_0,ab51bca39f32321e91c7101b3350e61a3f499d70b7ec8ff3efe526a34000224a,Stocare,14,1,6.0,2,C.N.T.E.E. TRANSELECTRICA S.A. | DEN |   PUTEREA  INSTALATA  LA NIVELUL SEN in Instalatii de Stocare a Energie Electrice |  date sintetice la data 01.09.2026 | Index | Nume | Grupuri | Pi | Pg | Pc | E | Gestionar | Nr. | [MW] | [MW] | [MW] | [MWh]
TSO_INSTALLED_2026_0,ab51bca39f32321e91c7101b3350e61a3f499d70b7ec8ff3efe526a34000224a,Stocare,14,2,FANTANELE VEST,1,C.N.T.E.E. TRANSELECTRICA S.A. | DEN |   PUTEREA  INSTALATA  LA NIVELUL SEN in Instalatii de Stocare a Energie Electrice |  date sintetice la data 01.09.2026 | Index | Nume | Grupuri | Pi | Pg | Pc | E | Gestionar | Nr. | [MW] | [MW] | [MW] | [MWh]
TSO_INSTALLED_2026_0,ab51bca39f32321e91c7101b3350e61a3f499d70b7ec8ff3efe526a34000224a,Stocare,14,3,1.0,2,C.N.T.E.E. TRANSELECTRICA S.A. | DEN |   PUTEREA  INSTALATA  LA NIVELUL SEN in Instalatii de Stocare a Energie Electrice |  date sintetice la data 01.09.2026 | Index | Nume | Grupuri | Pi | Pg | Pc | E | Gestionar | Nr. | [MW] | [MW] | [MW] | [MWh]
TSO_INSTALLED_2026_0,ab51bca39f32321e91c7101b3350e61a3f499d70b7ec8ff3efe526a34000224a,Stocare,14,4,2.625,2,C.N.T.E.E. TRANSELECTRICA S.A. | DEN |   PUTEREA  INSTALATA  LA NIVELUL SEN in Instalatii de Stocare a Energie Electrice |  date sintetice la data 01.09.2026 | Index | Nume | Grupuri | Pi | Pg | Pc | E | Gestionar | Nr. | [MW] | [MW] | [MW] | [MWh]
TSO_INSTALLED_2026_0,ab51bca39f32321e91c7101b3350e61a3f499d70b7ec8ff3efe526a34000224a,Stocare,14,5,2.625,2,C.N.T.E.E. TRANSELECTRICA S.A. | DEN |   PUTEREA  INSTALATA  LA NIVELUL SEN in Instalatii de Stocare a Energie Electrice |  date sintetice la data 01.09.2026 | Index | Nume | Grupuri | Pi | Pg | Pc | E | Gestionar | Nr. | [MW] | [MW] | [MW] | [MWh]
TSO_INSTALLED_2026_0,ab51bca39f32321e91c7101b3350e61a3f499d70b7ec8ff3efe526a34000224a,Stocare,14,6,2.625,2,C.N.T.E.E. TRANSELECTRICA S.A. | DEN |   PUTEREA  INSTALATA  LA NIVELUL SEN in Instalatii de Stocare a Energie Electrice |  date sintetice la data 01.09.2026 | Index | Nume | Grupuri | Pi | Pg | Pc | E | Gestionar | Nr. | [MW] | [MW] | [MW] | [MWh]
TSO_INSTALLED_2026_0,ab51bca39f32321e91c7101b3350e61a3f499d70b7ec8ff3efe526a34000224a,Stocare,14,7,2.625,2,C.N.T.E.E. TRANSELECTRICA S.A. | DEN |   PUTEREA  INSTALATA  LA NIVELUL SEN in Instalatii de Stocare a Energie Electrice |  date sintetice la data 01.09.2026 | Index | Nume | Grupuri | Pi | Pg | Pc | E | Gestionar | Nr. | [MW] | [MW] | [MW] | [MWh]
TSO_INSTALLED_2026_0,ab51bca39f32321e91c7101b3350e61a3f499d70b7ec8ff3efe526a34000224a,Stocare,14,8,PPC RENEWABLES ROMANIA,1,C.N.T.E.E. TRANSELECTRICA S.A. | DEN |   PUTEREA  INSTALATA  LA NIVELUL SEN in Instalatii de Stocare a Energie Electrice |  date sintetice la data 01.09.2026 | Index | Nume | Grupuri | Pi | Pg | Pc | E | Gestionar | Nr. | [MW] | [MW] | [MW] | [MWh]
TSO_INSTALLED_2026_0,ab51bca39f32321e91c7101b3350e61a3f499d70b7ec8ff3efe526a34000224a,Stocare,15,1,7.0,2,C.N.T.E.E. TRANSELECTRICA S.A. | DEN |   PUTEREA  INSTALATA  LA NIVELUL SEN in Instalatii de Stocare a Energie Electrice |  date sintetice la data 01.09.2026 | Index | Nume | Grupuri | Pi | Pg | Pc | E | Gestionar | Nr. | [MW] | [MW] | [MW] | [MWh]
TSO_INSTALLED_2026_0,ab51bca39f32321e91c7101b3350e61a3f499d70b7ec8ff3efe526a34000224a,Stocare,15,2,COGEALAC,1,C.N.T.E.E. TRANSELECTRICA S.A. | DEN |   PUTEREA  INSTALATA  LA NIVELUL SEN in Instalatii de Stocare a Energie Electrice |  date sintetice la data 01.09.2026 | Index | Nume | Grupuri | Pi | Pg | Pc | E | Gestionar | Nr. | [MW] | [MW] | [MW] | [MWh]
TSO_INSTALLED_2026_0,ab51bca39f32321e91c7101b3350e61a3f499d70b7ec8ff3efe526a34000224a,Stocare,15,3,1.0,2,C.N.T.E.E. TRANSELECTRICA S.A. | DEN |   PUTEREA  INSTALATA  LA NIVELUL SEN in Instalatii de Stocare a Energie Electrice |  date sintetice la data 01.09.2026 | Index | Nume | Grupuri | Pi | Pg | Pc | E | Gestionar | Nr. | [MW] | [MW] | [MW] | [MWh]
TSO_INSTALLED_2026_0,ab51bca39f32321e91c7101b3350e61a3f499d70b7ec8ff3efe526a34000224a,Stocare,15,4,2.525,2,C.N.T.E.E. TRANSELECTRICA S.A. | DEN |   PUTEREA  INSTALATA  LA NIVELUL SEN in Instalatii de Stocare a Energie Electrice |  date sintetice la data 01.09.2026 | Index | Nume | Grupuri | Pi | Pg | Pc | E | Gestionar | Nr. | [MW] | [MW] | [MW] | [MWh]
TSO_INSTALLED_2026_0,ab51bca39f32321e91c7101b3350e61a3f499d70b7ec8ff3efe526a34000224a,Stocare,15,5,2.525,2,C.N.T.E.E. TRANSELECTRICA S.A. | DEN |   PUTEREA  INSTALATA  LA NIVELUL SEN in Instalatii de Stocare a Energie Electrice |  date sintetice la data 01.09.2026 | Index | Nume | Grupuri | Pi | Pg | Pc | E | Gestionar | Nr. | [MW] | [MW] | [MW] | [MWh]
TSO_INSTALLED_2026_0,ab51bca39f32321e91c7101b3350e61a3f499d70b7ec8ff3efe526a34000224a,Stocare,15,6,2.525,2,C.N.T.E.E. TRANSELECTRICA S.A. | DEN |   PUTEREA  INSTALATA  LA NIVELUL SEN in Instalatii de Stocare a Energie Electrice |  date sintetice la data 01.09.2026 | Index | Nume | Grupuri | Pi | Pg | Pc | E | Gestionar | Nr. | [MW] | [MW] | [MW] | [MWh]
TSO_INSTALLED_2026_0,ab51bca39f32321e91c7101b3350e61a3f499d70b7ec8ff3efe526a34000224a,Stocare,15,7,2.525,2,C.N.T.E.E. TRANSELECTRICA S.A. | DEN |   PUTEREA  INSTALATA  LA NIVELUL SEN in Instalatii de Stocare a Energie Electrice |  date sintetice la data 01.09.2026 | Index | Nume | Grupuri | Pi | Pg | Pc | E | Gestionar | Nr. | [MW] | [MW] | [MW] | [MWh]
TSO_INSTALLED_2026_0,ab51bca39f32321e91c7101b3350e61a3f499d70b7ec8ff3efe526a34000224a,Stocare,15,8,PPC RENEWABLES ROMANIA,1,C.N.T.E.E. TRANSELECTRICA S.A. | DEN |   PUTEREA  INSTALATA  LA NIVELUL SEN in Instalatii de Stocare a Energie Electrice |  date sintetice la data 01.09.2026 | Index | Nume | Grupuri | Pi | Pg | Pc | E | Gestionar | Nr. | [MW] | [MW] | [MW] | [MWh]
TSO_INSTALLED_2026_0,ab51bca39f32321e91c7101b3350e61a3f499d70b7ec8ff3efe526a34000224a,Stocare,16,1,8.0,2,C.N.T.E.E. TRANSELECTRICA S.A. | DEN |   PUTEREA  INSTALATA  LA NIVELUL SEN in Instalatii de Stocare a Energie Electrice |  date sintetice la data 01.09.2026 | Index | Nume | Grupuri | Pi | Pg | Pc | E | Gestionar | Nr. | [MW] | [MW] | [MW] | [MWh]
TSO_INSTALLED_2026_0,ab51bca39f32321e91c7101b3350e61a3f499d70b7ec8ff3efe526a34000224a,Stocare,16,2,CEM GALBIORI 2  (etapele 1+2+3),1,C.N.T.E.E. TRANSELECTRICA S.A. | DEN |   PUTEREA  INSTALATA  LA NIVELUL SEN in Instalatii de Stocare a Energie Electrice |  date sintetice la data 01.09.2026 | Index | Nume | Grupuri | Pi | Pg | Pc | E | Gestionar | Nr. | [MW] | [MW] | [MW] | [MWh]
TSO_INSTALLED_2026_0,ab51bca39f32321e91c7101b3350e61a3f499d70b7ec8ff3efe526a34000224a,Stocare,16,3,1.0,2,C.N.T.E.E. TRANSELECTRICA S.A. | DEN |   PUTEREA  INSTALATA  LA NIVELUL SEN in Instalatii de Stocare a Energie Electrice |  date sintetice la data 01.09.2026 | Index | Nume | Grupuri | Pi | Pg | Pc | E | Gestionar | Nr. | [MW] | [MW] | [MW] | [MWh]
TSO_INSTALLED_2026_0,ab51bca39f32321e91c7101b3350e61a3f499d70b7ec8ff3efe526a34000224a,Stocare,16,4,54.0,2,C.N.T.E.E. TRANSELECTRICA S.A. | DEN |   PUTEREA  INSTALATA  LA NIVELUL SEN in Instalatii de Stocare a Energie Electrice |  date sintetice la data 01.09.2026 | Index | Nume | Grupuri | Pi | Pg | Pc | E | Gestionar | Nr. | [MW] | [MW] | [MW] | [MWh]
TSO_INSTALLED_2026_0,ab51bca39f32321e91c7101b3350e61a3f499d70b7ec8ff3efe526a34000224a,Stocare,16,5,54.0,2,C.N.T.E.E. TRANSELECTRICA S.A. | DEN |   PUTEREA  INSTALATA  LA NIVELUL SEN in Instalatii de Stocare a Energie Electrice |  date sintetice la data 01.09.2026 | Index | Nume | Grupuri | Pi | Pg | Pc | E | Gestionar | Nr. | [MW] | [MW] | [MW] | [MWh]
TSO_INSTALLED_2026_0,ab51bca39f32321e91c7101b3350e61a3f499d70b7ec8ff3efe526a34000224a,Stocare,16,6,54.0,2,C.N.T.E.E. TRANSELECTRICA S.A. | DEN |   PUTEREA  INSTALATA  LA NIVELUL SEN in Instalatii de Stocare a Energie Electrice |  date sintetice la data 01.09.2026 | Index | Nume | Grupuri | Pi | Pg | Pc | E | Gestionar | Nr. | [MW] | [MW] | [MW] | [MWh]
TSO_INSTALLED_2026_0,ab51bca39f32321e91c7101b3350e61a3f499d70b7ec8ff3efe526a34000224a,Stocare,16,7,120.0,2,C.N.T.E.E. TRANSELECTRICA S.A. | DEN |   PUTEREA  INSTALATA  LA NIVELUL SEN in Instalatii de Stocare a Energie Electrice |  date sintetice la data 01.09.2026 | Index | Nume | Grupuri | Pi | Pg | Pc | E | Gestionar | Nr. | [MW] | [MW] | [MW] | [MWh]
TSO_INSTALLED_2026_0,ab51bca39f32321e91c7101b3350e61a3f499d70b7ec8ff3efe526a34000224a,Stocare,16,8,MONSSON,1,C.N.T.E.E. TRANSELECTRICA S.A. | DEN |   PUTEREA  INSTALATA  LA NIVELUL SEN in Instalatii de Stocare a Energie Electrice |  date sintetice la data 01.09.2026 | Index | Nume | Grupuri | Pi | Pg | Pc | E | Gestionar | Nr. | [MW] | [MW] | [MW] | [MWh]
TSO_INSTALLED_2026_0,ab51bca39f32321e91c7101b3350e61a3f499d70b7ec8ff3efe526a34000224a,Stocare,17,1,9.0,2,C.N.T.E.E. TRANSELECTRICA S.A. | DEN |   PUTEREA  INSTALATA  LA NIVELUL SEN in Instalatii de Stocare a Energie Electrice |  date sintetice la data 01.09.2026 | Index | Nume | Grupuri | Pi | Pg | Pc | E | Gestionar | Nr. | [MW] | [MW] | [MW] | [MWh]
TSO_INSTALLED_2026_0,ab51bca39f32321e91c7101b3350e61a3f499d70b7ec8ff3efe526a34000224a,Stocare,17,2,CEM 3 NERVIA ETAPA III,1,C.N.T.E.E. TRANSELECTRICA S.A. | DEN |   PUTEREA  INSTALATA  LA NIVELUL SEN in Instalatii de Stocare a Energie Electrice |  date sintetice la data 01.09.2026 | Index | Nume | Grupuri | Pi | Pg | Pc | E | Gestionar | Nr. | [MW] | [MW] | [MW] | [MWh]
TSO_INSTALLED_2026_0,ab51bca39f32321e91c7101b3350e61a3f499d70b7ec8ff3efe526a34000224a,Stocare,17,3,1.0,2,C.N.T.E.E. TRANSELECTRICA S.A. | DEN |   PUTEREA  INSTALATA  LA NIVELUL SEN in Instalatii de Stocare a Energie Electrice |  date sintetice la data 01.09.2026 | Index | Nume | Grupuri | Pi | Pg | Pc | E | Gestionar | Nr. | [MW] | [MW] | [MW] | [MWh]
TSO_INSTALLED_2026_0,ab51bca39f32321e91c7101b3350e61a3f499d70b7ec8ff3efe526a34000224a,Stocare,17,4,30.0,2,C.N.T.E.E. TRANSELECTRICA S.A. | DEN |   PUTEREA  INSTALATA  LA NIVELUL SEN in Instalatii de Stocare a Energie Electrice |  date sintetice la data 01.09.2026 | Index | Nume | Grupuri | Pi | Pg | Pc | E | Gestionar | Nr. | [MW] | [MW] | [MW] | [MWh]
TSO_INSTALLED_2026_0,ab51bca39f32321e91c7101b3350e61a3f499d70b7ec8ff3efe526a34000224a,Stocare,17,5,30.0,2,C.N.T.E.E. TRANSELECTRICA S.A. | DEN |   PUTEREA  INSTALATA  LA NIVELUL SEN in Instalatii de Stocare a Energie Electrice |  date sintetice la data 01.09.2026 | Index | Nume | Grupuri | Pi | Pg | Pc | E | Gestionar | Nr. | [MW] | [MW] | [MW] | [MWh]
TSO_INSTALLED_2026_0,ab51bca39f32321e91c7101b3350e61a3f499d70b7ec8ff3efe526a34000224a,Stocare,17,6,30.0,2,C.N.T.E.E. TRANSELECTRICA S.A. | DEN |   PUTEREA  INSTALATA  LA NIVELUL SEN in Instalatii de Stocare a Energie Electrice |  date sintetice la data 01.09.2026 | Index | Nume | Grupuri | Pi | Pg | Pc | E | Gestionar | Nr. | [MW] | [MW] | [MW] | [MWh]
TSO_INSTALLED_2026_0,ab51bca39f32321e91c7101b3350e61a3f499d70b7ec8ff3efe526a34000224a,Stocare,17,7,60.0,2,C.N.T.E.E. TRANSELECTRICA S.A. | DEN |   PUTEREA  INSTALATA  LA NIVELUL SEN in Instalatii de Stocare a Energie Electrice |  date sintetice la data 01.09.2026 | Index | Nume | Grupuri | Pi | Pg | Pc | E | Gestionar | Nr. | [MW] | [MW] | [MW] | [MWh]
TSO_INSTALLED_2026_0,ab51bca39f32321e91c7101b3350e61a3f499d70b7ec8ff3efe526a34000224a,Stocare,17,8,NOVA POWER 170,1,C.N.T.E.E. TRANSELECTRICA S.A. | DEN |   PUTEREA  INSTALATA  LA NIVELUL SEN in Instalatii de Stocare a Energie Electrice |  date sintetice la data 01.09.2026 | Index | Nume | Grupuri | Pi | Pg | Pc | E | Gestionar | Nr. | [MW] | [MW] | [MW] | [MWh]
TSO_INSTALLED_2026_0,ab51bca39f32321e91c7101b3350e61a3f499d70b7ec8ff3efe526a34000224a,Stocare,18,1,10.0,2,C.N.T.E.E. TRANSELECTRICA S.A. | DEN |   PUTEREA  INSTALATA  LA NIVELUL SEN in Instalatii de Stocare a Energie Electrice |  date sintetice la data 01.09.2026 | Index | Nume | Grupuri | Pi | Pg | Pc | E | Gestionar | Nr. | [MW] | [MW] | [MW] | [MWh]
TSO_INSTALLED_2026_0,ab51bca39f32321e91c7101b3350e61a3f499d70b7ec8ff3efe526a34000224a,Stocare,18,2,IS DOICESTI ,1,C.N.T.E.E. TRANSELECTRICA S.A. | DEN |   PUTEREA  INSTALATA  LA NIVELUL SEN in Instalatii de Stocare a Energie Electrice |  date sintetice la data 01.09.2026 | Index | Nume | Grupuri | Pi | Pg | Pc | E | Gestionar | Nr. | [MW] | [MW] | [MW] | [MWh]
TSO_INSTALLED_2026_0,ab51bca39f32321e91c7101b3350e61a3f499d70b7ec8ff3efe526a34000224a,Stocare,18,3,1.0,2,C.N.T.E.E. TRANSELECTRICA S.A. | DEN |   PUTEREA  INSTALATA  LA NIVELUL SEN in Instalatii de Stocare a Energie Electrice |  date sintetice la data 01.09.2026 | Index | Nume | Grupuri | Pi | Pg | Pc | E | Gestionar | Nr. | [MW] | [MW] | [MW] | [MWh]
TSO_INSTALLED_2026_0,ab51bca39f32321e91c7101b3350e61a3f499d70b7ec8ff3efe526a34000224a,Stocare,18,4,30.0,2,C.N.T.E.E. TRANSELECTRICA S.A. | DEN |   PUTEREA  INSTALATA  LA NIVELUL SEN in Instalatii de Stocare a Energie Electrice |  date sintetice la data 01.09.2026 | Index | Nume | Grupuri | Pi | Pg | Pc | E | Gestionar | Nr. | [MW] | [MW] | [MW] | [MWh]
TSO_INSTALLED_2026_0,ab51bca39f32321e91c7101b3350e61a3f499d70b7ec8ff3efe526a34000224a,Stocare,18,5,30.0,2,C.N.T.E.E. TRANSELECTRICA S.A. | DEN |   PUTEREA  INSTALATA  LA NIVELUL SEN in Instalatii de Stocare a Energie Electrice |  date sintetice la data 01.09.2026 | Index | Nume | Grupuri | Pi | Pg | Pc | E | Gestionar | Nr. | [MW] | [MW] | [MW] | [MWh]
TSO_INSTALLED_2026_0,ab51bca39f32321e91c7101b3350e61a3f499d70b7ec8ff3efe526a34000224a,Stocare,18,6,31.2,2,C.N.T.E.E. TRANSELECTRICA S.A. | DEN |   PUTEREA  INSTALATA  LA NIVELUL SEN in Instalatii de Stocare a Energie Electrice |  date sintetice la data 01.09.2026 | Index | Nume | Grupuri | Pi | Pg | Pc | E | Gestionar | Nr. | [MW] | [MW] | [MW] | [MWh]
TSO_INSTALLED_2026_0,ab51bca39f32321e91c7101b3350e61a3f499d70b7ec8ff3efe526a34000224a,Stocare,18,7,60.0,2,C.N.T.E.E. TRANSELECTRICA S.A. | DEN |   PUTEREA  INSTALATA  LA NIVELUL SEN in Instalatii de Stocare a Energie Electrice |  date sintetice la data 01.09.2026 | Index | Nume | Grupuri | Pi | Pg | Pc | E | Gestionar | Nr. | [MW] | [MW] | [MW] | [MWh]
TSO_INSTALLED_2026_0,ab51bca39f32321e91c7101b3350e61a3f499d70b7ec8ff3efe526a34000224a,Stocare,18,8,NOVA POWER & GAS,1,C.N.T.E.E. TRANSELECTRICA S.A. | DEN |   PUTEREA  INSTALATA  LA NIVELUL SEN in Instalatii de Stocare a Energie Electrice |  date sintetice la data 01.09.2026 | Index | Nume | Grupuri | Pi | Pg | Pc | E | Gestionar | Nr. | [MW] | [MW] | [MW] | [MWh]
TSO_INSTALLED_2026_0,ab51bca39f32321e91c7101b3350e61a3f499d70b7ec8ff3efe526a34000224a,Stocare,19,1,11.0,2,C.N.T.E.E. TRANSELECTRICA S.A. | DEN |   PUTEREA  INSTALATA  LA NIVELUL SEN in Instalatii de Stocare a Energie Electrice |  date sintetice la data 01.09.2026 | Index | Nume | Grupuri | Pi | Pg | Pc | E | Gestionar | Nr. | [MW] | [MW] | [MW] | [MWh]
TSO_INSTALLED_2026_0,ab51bca39f32321e91c7101b3350e61a3f499d70b7ec8ff3efe526a34000224a,Stocare,19,2,IS 2 CAMPIA TURZII,1,C.N.T.E.E. TRANSELECTRICA S.A. | DEN |   PUTEREA  INSTALATA  LA NIVELUL SEN in Instalatii de Stocare a Energie Electrice |  date sintetice la data 01.09.2026 | Index | Nume | Grupuri | Pi | Pg | Pc | E | Gestionar | Nr. | [MW] | [MW] | [MW] | [MWh]
TSO_INSTALLED_2026_0,ab51bca39f32321e91c7101b3350e61a3f499d70b7ec8ff3efe526a34000224a,Stocare,19,3,1.0,2,C.N.T.E.E. TRANSELECTRICA S.A. | DEN |   PUTEREA  INSTALATA  LA NIVELUL SEN in Instalatii de Stocare a Energie Electrice |  date sintetice la data 01.09.2026 | Index | Nume | Grupuri | Pi | Pg | Pc | E | Gestionar | Nr. | [MW] | [MW] | [MW] | [MWh]
TSO_INSTALLED_2026_0,ab51bca39f32321e91c7101b3350e61a3f499d70b7ec8ff3efe526a34000224a,Stocare,19,4,30.0,2,C.N.T.E.E. TRANSELECTRICA S.A. | DEN |   PUTEREA  INSTALATA  LA NIVELUL SEN in Instalatii de Stocare a Energie Electrice |  date sintetice la data 01.09.2026 | Index | Nume | Grupuri | Pi | Pg | Pc | E | Gestionar | Nr. | [MW] | [MW] | [MW] | [MWh]
TSO_INSTALLED_2026_0,ab51bca39f32321e91c7101b3350e61a3f499d70b7ec8ff3efe526a34000224a,Stocare,19,5,30.0,2,C.N.T.E.E. TRANSELECTRICA S.A. | DEN |   PUTEREA  INSTALATA  LA NIVELUL SEN in Instalatii de Stocare a Energie Electrice |  date sintetice la data 01.09.2026 | Index | Nume | Grupuri | Pi | Pg | Pc | E | Gestionar | Nr. | [MW] | [MW] | [MW] | [MWh]
TSO_INSTALLED_2026_0,ab51bca39f32321e91c7101b3350e61a3f499d70b7ec8ff3efe526a34000224a,Stocare,19,6,30.0,2,C.N.T.E.E. TRANSELECTRICA S.A. | DEN |   PUTEREA  INSTALATA  LA NIVELUL SEN in Instalatii de Stocare a Energie Electrice |  date sintetice la data 01.09.2026 | Index | Nume | Grupuri | Pi | Pg | Pc | E | Gestionar | Nr. | [MW] | [MW] | [MW] | [MWh]
TSO_INSTALLED_2026_0,ab51bca39f32321e91c7101b3350e61a3f499d70b7ec8ff3efe526a34000224a,Stocare,19,7,60.0,2,C.N.T.E.E. TRANSELECTRICA S.A. | DEN |   PUTEREA  INSTALATA  LA NIVELUL SEN in Instalatii de Stocare a Energie Electrice |  date sintetice la data 01.09.2026 | Index | Nume | Grupuri | Pi | Pg | Pc | E | Gestionar | Nr. | [MW] | [MW] | [MW] | [MWh]
TSO_INSTALLED_2026_0,ab51bca39f32321e91c7101b3350e61a3f499d70b7ec8ff3efe526a34000224a,Stocare,19,8,NOVA POWER & GAS,1,C.N.T.E.E. TRANSELECTRICA S.A. | DEN |   PUTEREA  INSTALATA  LA NIVELUL SEN in Instalatii de Stocare a Energie Electrice |  date sintetice la data 01.09.2026 | Index | Nume | Grupuri | Pi | Pg | Pc | E | Gestionar | Nr. | [MW] | [MW] | [MW] | [MWh]
TSO_INSTALLED_2026_0,ab51bca39f32321e91c7101b3350e61a3f499d70b7ec8ff3efe526a34000224a,Stocare,20,1,12.0,2,C.N.T.E.E. TRANSELECTRICA S.A. | DEN |   PUTEREA  INSTALATA  LA NIVELUL SEN in Instalatii de Stocare a Energie Electrice |  date sintetice la data 01.09.2026 | Index | Nume | Grupuri | Pi | Pg | Pc | E | Gestionar | Nr. | [MW] | [MW] | [MW] | [MWh]
TSO_INSTALLED_2026_0,ab51bca39f32321e91c7101b3350e61a3f499d70b7ec8ff3efe526a34000224a,Stocare,20,2,CEM COJANI 2 ,1,C.N.T.E.E. TRANSELECTRICA S.A. | DEN |   PUTEREA  INSTALATA  LA NIVELUL SEN in Instalatii de Stocare a Energie Electrice |  date sintetice la data 01.09.2026 | Index | Nume | Grupuri | Pi | Pg | Pc | E | Gestionar | Nr. | [MW] | [MW] | [MW] | [MWh]
TSO_INSTALLED_2026_0,ab51bca39f32321e91c7101b3350e61a3f499d70b7ec8ff3efe526a34000224a,Stocare,20,3,1.0,2,C.N.T.E.E. TRANSELECTRICA S.A. | DEN |   PUTEREA  INSTALATA  LA NIVELUL SEN in Instalatii de Stocare a Energie Electrice |  date sintetice la data 01.09.2026 | Index | Nume | Grupuri | Pi | Pg | Pc | E | Gestionar | Nr. | [MW] | [MW] | [MW] | [MWh]
TSO_INSTALLED_2026_0,ab51bca39f32321e91c7101b3350e61a3f499d70b7ec8ff3efe526a34000224a,Stocare,20,4,1.0,2,C.N.T.E.E. TRANSELECTRICA S.A. | DEN |   PUTEREA  INSTALATA  LA NIVELUL SEN in Instalatii de Stocare a Energie Electrice |  date sintetice la data 01.09.2026 | Index | Nume | Grupuri | Pi | Pg | Pc | E | Gestionar | Nr. | [MW] | [MW] | [MW] | [MWh]
TSO_INSTALLED_2026_0,ab51bca39f32321e91c7101b3350e61a3f499d70b7ec8ff3efe526a34000224a,Stocare,20,5,1.2,2,C.N.T.E.E. TRANSELECTRICA S.A. | DEN |   PUTEREA  INSTALATA  LA NIVELUL SEN in Instalatii de Stocare a Energie Electrice |  date sintetice la data 01.09.2026 | Index | Nume | Grupuri | Pi | Pg | Pc | E | Gestionar | Nr. | [MW] | [MW] | [MW] | [MWh]
TSO_INSTALLED_2026_0,ab51bca39f32321e91c7101b3350e61a3f499d70b7ec8ff3efe526a34000224a,Stocare,20,6,1.2,2,C.N.T.E.E. TRANSELECTRICA S.A. | DEN |   PUTEREA  INSTALATA  LA NIVELUL SEN in Instalatii de Stocare a Energie Electrice |  date sintetice la data 01.09.2026 | Index | Nume | Grupuri | Pi | Pg | Pc | E | Gestionar | Nr. | [MW] | [MW] | [MW] | [MWh]
TSO_INSTALLED_2026_0,ab51bca39f32321e91c7101b3350e61a3f499d70b7ec8ff3efe526a34000224a,Stocare,20,7,3.048,2,C.N.T.E.E. TRANSELECTRICA S.A. | DEN |   PUTEREA  INSTALATA  LA NIVELUL SEN in Instalatii de Stocare a Energie Electrice |  date sintetice la data 01.09.2026 | Index | Nume | Grupuri | Pi | Pg | Pc | E | Gestionar | Nr. | [MW] | [MW] | [MW] | [MWh]
TSO_INSTALLED_2026_0,ab51bca39f32321e91c7101b3350e61a3f499d70b7ec8ff3efe526a34000224a,Stocare,20,8,SERG COMPANY,1,C.N.T.E.E. TRANSELECTRICA S.A. | DEN |   PUTEREA  INSTALATA  LA NIVELUL SEN in Instalatii de Stocare a Energie Electrice |  date sintetice la data 01.09.2026 | Index | Nume | Grupuri | Pi | Pg | Pc | E | Gestionar | Nr. | [MW] | [MW] | [MW] | [MWh]
TSO_INSTALLED_2026_0,ab51bca39f32321e91c7101b3350e61a3f499d70b7ec8ff3efe526a34000224a,Stocare,21,1,13.0,2,C.N.T.E.E. TRANSELECTRICA S.A. | DEN |   PUTEREA  INSTALATA  LA NIVELUL SEN in Instalatii de Stocare a Energie Electrice |  date sintetice la data 01.09.2026 | Index | Nume | Grupuri | Pi | Pg | Pc | E | Gestionar | Nr. | [MW] | [MW] | [MW] | [MWh]
TSO_INSTALLED_2026_0,ab51bca39f32321e91c7101b3350e61a3f499d70b7ec8ff3efe526a34000224a,Stocare,21,2,CEM CARANI,1,C.N.T.E.E. TRANSELECTRICA S.A. | DEN |   PUTEREA  INSTALATA  LA NIVELUL SEN in Instalatii de Stocare a Energie Electrice |  date sintetice la data 01.09.2026 | Index | Nume | Grupuri | Pi | Pg | Pc | E | Gestionar | Nr. | [MW] | [MW] | [MW] | [MWh]
TSO_INSTALLED_2026_0,ab51bca39f32321e91c7101b3350e61a3f499d70b7ec8ff3efe526a34000224a,Stocare,21,3,1.0,2,C.N.T.E.E. TRANSELECTRICA S.A. | DEN |   PUTEREA  INSTALATA  LA NIVELUL SEN in Instalatii de Stocare a Energie Electrice |  date sintetice la data 01.09.2026 | Index | Nume | Grupuri | Pi | Pg | Pc | E | Gestionar | Nr. | [MW] | [MW] | [MW] | [MWh]
TSO_INSTALLED_2026_0,ab51bca39f32321e91c7101b3350e61a3f499d70b7ec8ff3efe526a34000224a,Stocare,21,4,37.5,2,C.N.T.E.E. TRANSELECTRICA S.A. | DEN |   PUTEREA  INSTALATA  LA NIVELUL SEN in Instalatii de Stocare a Energie Electrice |  date sintetice la data 01.09.2026 | Index | Nume | Grupuri | Pi | Pg | Pc | E | Gestionar | Nr. | [MW] | [MW] | [MW] | [MWh]
TSO_INSTALLED_2026_0,ab51bca39f32321e91c7101b3350e61a3f499d70b7ec8ff3efe526a34000224a,Stocare,21,5,37.5,2,C.N.T.E.E. TRANSELECTRICA S.A. | DEN |   PUTEREA  INSTALATA  LA NIVELUL SEN in Instalatii de Stocare a Energie Electrice |  date sintetice la data 01.09.2026 | Index | Nume | Grupuri | Pi | Pg | Pc | E | Gestionar | Nr. | [MW] | [MW] | [MW] | [MWh]
TSO_INSTALLED_2026_0,ab51bca39f32321e91c7101b3350e61a3f499d70b7ec8ff3efe526a34000224a,Stocare,21,6,37.5,2,C.N.T.E.E. TRANSELECTRICA S.A. | DEN |   PUTEREA  INSTALATA  LA NIVELUL SEN in Instalatii de Stocare a Energie Electrice |  date sintetice la data 01.09.2026 | Index | Nume | Grupuri | Pi | Pg | Pc | E | Gestionar | Nr. | [MW] | [MW] | [MW] | [MWh]
TSO_INSTALLED_2026_0,ab51bca39f32321e91c7101b3350e61a3f499d70b7ec8ff3efe526a34000224a,Stocare,21,7,68.8,2,C.N.T.E.E. TRANSELECTRICA S.A. | DEN |   PUTEREA  INSTALATA  LA NIVELUL SEN in Instalatii de Stocare a Energie Electrice |  date sintetice la data 01.09.2026 | Index | Nume | Grupuri | Pi | Pg | Pc | E | Gestionar | Nr. | [MW] | [MW] | [MW] | [MWh]
TSO_INSTALLED_2026_0,ab51bca39f32321e91c7101b3350e61a3f499d70b7ec8ff3efe526a34000224a,Stocare,21,8,GLYPTODON,1,C.N.T.E.E. TRANSELECTRICA S.A. | DEN |   PUTEREA  INSTALATA  LA NIVELUL SEN in Instalatii de Stocare a Energie Electrice |  date sintetice la data 01.09.2026 | Index | Nume | Grupuri | Pi | Pg | Pc | E | Gestionar | Nr. | [MW] | [MW] | [MW] | [MWh]
TSO_INSTALLED_2026_0,ab51bca39f32321e91c7101b3350e61a3f499d70b7ec8ff3efe526a34000224a,Stocare,22,1,14.0,2,C.N.T.E.E. TRANSELECTRICA S.A. | DEN |   PUTEREA  INSTALATA  LA NIVELUL SEN in Instalatii de Stocare a Energie Electrice |  date sintetice la data 01.09.2026 | Index | Nume | Grupuri | Pi | Pg | Pc | E | Gestionar | Nr. | [MW] | [MW] | [MW] | [MWh]
TSO_INSTALLED_2026_0,ab51bca39f32321e91c7101b3350e61a3f499d70b7ec8ff3efe526a34000224a,Stocare,22,2,CEM SOTANGA 1,1,C.N.T.E.E. TRANSELECTRICA S.A. | DEN |   PUTEREA  INSTALATA  LA NIVELUL SEN in Instalatii de Stocare a Energie Electrice |  date sintetice la data 01.09.2026 | Index | Nume | Grupuri | Pi | Pg | Pc | E | Gestionar | Nr. | [MW] | [MW] | [MW] | [MWh]
TSO_INSTALLED_2026_0,ab51bca39f32321e91c7101b3350e61a3f499d70b7ec8ff3efe526a34000224a,Stocare,22,3,1.0,2,C.N.T.E.E. TRANSELECTRICA S.A. | DEN |   PUTEREA  INSTALATA  LA NIVELUL SEN in Instalatii de Stocare a Energie Electrice |  date sintetice la data 01.09.2026 | Index | Nume | Grupuri | Pi | Pg | Pc | E | Gestionar | Nr. | [MW] | [MW] | [MW] | [MWh]
TSO_INSTALLED_2026_0,ab51bca39f32321e91c7101b3350e61a3f499d70b7ec8ff3efe526a34000224a,Stocare,22,4,60.0,2,C.N.T.E.E. TRANSELECTRICA S.A. | DEN |   PUTEREA  INSTALATA  LA NIVELUL SEN in Instalatii de Stocare a Energie Electrice |  date sintetice la data 01.09.2026 | Index | Nume | Grupuri | Pi | Pg | Pc | E | Gestionar | Nr. | [MW] | [MW] | [MW] | [MWh]
TSO_INSTALLED_2026_0,ab51bca39f32321e91c7101b3350e61a3f499d70b7ec8ff3efe526a34000224a,Stocare,22,5,60.0,2,C.N.T.E.E. TRANSELECTRICA S.A. | DEN |   PUTEREA  INSTALATA  LA NIVELUL SEN in Instalatii de Stocare a Energie Electrice |  date sintetice la data 01.09.2026 | Index | Nume | Grupuri | Pi | Pg | Pc | E | Gestionar | Nr. | [MW] | [MW] | [MW] | [MWh]
TSO_INSTALLED_2026_0,ab51bca39f32321e91c7101b3350e61a3f499d70b7ec8ff3efe526a34000224a,Stocare,22,6,60.0,2,C.N.T.E.E. TRANSELECTRICA S.A. | DEN |   PUTEREA  INSTALATA  LA NIVELUL SEN in Instalatii de Stocare a Energie Electrice |  date sintetice la data 01.09.2026 | Index | Nume | Grupuri | Pi | Pg | Pc | E | Gestionar | Nr. | [MW] | [MW] | [MW] | [MWh]
TSO_INSTALLED_2026_0,ab51bca39f32321e91c7101b3350e61a3f499d70b7ec8ff3efe526a34000224a,Stocare,22,7,60.96,2,C.N.T.E.E. TRANSELECTRICA S.A. | DEN |   PUTEREA  INSTALATA  LA NIVELUL SEN in Instalatii de Stocare a Energie Electrice |  date sintetice la data 01.09.2026 | Index | Nume | Grupuri | Pi | Pg | Pc | E | Gestionar | Nr. | [MW] | [MW] | [MW] | [MWh]
TSO_INSTALLED_2026_0,ab51bca39f32321e91c7101b3350e61a3f499d70b7ec8ff3efe526a34000224a,Stocare,22,8,NOVA PS 110,1,C.N.T.E.E. TRANSELECTRICA S.A. | DEN |   PUTEREA  INSTALATA  LA NIVELUL SEN in Instalatii de Stocare a Energie Electrice |  date sintetice la data 01.09.2026 | Index | Nume | Grupuri | Pi | Pg | Pc | E | Gestionar | Nr. | [MW] | [MW] | [MW] | [MWh]
TSO_INSTALLED_2026_0,ab51bca39f32321e91c7101b3350e61a3f499d70b7ec8ff3efe526a34000224a,Stocare,23,1,15.0,2,C.N.T.E.E. TRANSELECTRICA S.A. | DEN |   PUTEREA  INSTALATA  LA NIVELUL SEN in Instalatii de Stocare a Energie Electrice |  date sintetice la data 01.09.2026 | Index | Nume | Grupuri | Pi | Pg | Pc | E | Gestionar | Nr. | [MW] | [MW] | [MW] | [MWh]
TSO_INSTALLED_2026_0,ab51bca39f32321e91c7101b3350e61a3f499d70b7ec8ff3efe526a34000224a,Stocare,23,2,CEM ZORLENI,1,C.N.T.E.E. TRANSELECTRICA S.A. | DEN |   PUTEREA  INSTALATA  LA NIVELUL SEN in Instalatii de Stocare a Energie Electrice |  date sintetice la data 01.09.2026 | Index | Nume | Grupuri | Pi | Pg | Pc | E | Gestionar | Nr. | [MW] | [MW] | [MW] | [MWh]
TSO_INSTALLED_2026_0,ab51bca39f32321e91c7101b3350e61a3f499d70b7ec8ff3efe526a34000224a,Stocare,23,3,1.0,2,C.N.T.E.E. TRANSELECTRICA S.A. | DEN |   PUTEREA  INSTALATA  LA NIVELUL SEN in Instalatii de Stocare a Energie Electrice |  date sintetice la data 01.09.2026 | Index | Nume | Grupuri | Pi | Pg | Pc | E | Gestionar | Nr. | [MW] | [MW] | [MW] | [MWh]
TSO_INSTALLED_2026_0,ab51bca39f32321e91c7101b3350e61a3f499d70b7ec8ff3efe526a34000224a,Stocare,23,4,5.16,2,C.N.T.E.E. TRANSELECTRICA S.A. | DEN |   PUTEREA  INSTALATA  LA NIVELUL SEN in Instalatii de Stocare a Energie Electrice |  date sintetice la data 01.09.2026 | Index | Nume | Grupuri | Pi | Pg | Pc | E | Gestionar | Nr. | [MW] | [MW] | [MW] | [MWh]
TSO_INSTALLED_2026_0,ab51bca39f32321e91c7101b3350e61a3f499d70b7ec8ff3efe526a34000224a,Stocare,23,5,5.16,2,C.N.T.E.E. TRANSELECTRICA S.A. | DEN |   PUTEREA  INSTALATA  LA NIVELUL SEN in Instalatii de Stocare a Energie Electrice |  date sintetice la data 01.09.2026 | Index | Nume | Grupuri | Pi | Pg | Pc | E | Gestionar | Nr. | [MW] | [MW] | [MW] | [MWh]
TSO_INSTALLED_2026_0,ab51bca39f32321e91c7101b3350e61a3f499d70b7ec8ff3efe526a34000224a,Stocare,23,6,5.16,2,C.N.T.E.E. TRANSELECTRICA S.A. | DEN |   PUTEREA  INSTALATA  LA NIVELUL SEN in Instalatii de Stocare a Energie Electrice |  date sintetice la data 01.09.2026 | Index | Nume | Grupuri | Pi | Pg | Pc | E | Gestionar | Nr. | [MW] | [MW] | [MW] | [MWh]
TSO_INSTALLED_2026_0,ab51bca39f32321e91c7101b3350e61a3f499d70b7ec8ff3efe526a34000224a,Stocare,23,7,10.32,2,C.N.T.E.E. TRANSELECTRICA S.A. | DEN |   PUTEREA  INSTALATA  LA NIVELUL SEN in Instalatii de Stocare a Energie Electrice |  date sintetice la data 01.09.2026 | Index | Nume | Grupuri | Pi | Pg | Pc | E | Gestionar | Nr. | [MW] | [MW] | [MW] | [MWh]
TSO_INSTALLED_2026_0,ab51bca39f32321e91c7101b3350e61a3f499d70b7ec8ff3efe526a34000224a,Stocare,23,8,FERMA DE ELECTRONI ,1,C.N.T.E.E. TRANSELECTRICA S.A. | DEN |   PUTEREA  INSTALATA  LA NIVELUL SEN in Instalatii de Stocare a Energie Electrice |  date sintetice la data 01.09.2026 | Index | Nume | Grupuri | Pi | Pg | Pc | E | Gestionar | Nr. | [MW] | [MW] | [MW] | [MWh]
TSO_INSTALLED_2026_0,ab51bca39f32321e91c7101b3350e61a3f499d70b7ec8ff3efe526a34000224a,Stocare,24,1,16.0,2,C.N.T.E.E. TRANSELECTRICA S.A. | DEN |   PUTEREA  INSTALATA  LA NIVELUL SEN in Instalatii de Stocare a Energie Electrice |  date sintetice la data 01.09.2026 | Index | Nume | Grupuri | Pi | Pg | Pc | E | Gestionar | Nr. | [MW] | [MW] | [MW] | [MWh]
TSO_INSTALLED_2026_0,ab51bca39f32321e91c7101b3350e61a3f499d70b7ec8ff3efe526a34000224a,Stocare,24,2,CEM RACARI ,1,C.N.T.E.E. TRANSELECTRICA S.A. | DEN |   PUTEREA  INSTALATA  LA NIVELUL SEN in Instalatii de Stocare a Energie Electrice |  date sintetice la data 01.09.2026 | Index | Nume | Grupuri | Pi | Pg | Pc | E | Gestionar | Nr. | [MW] | [MW] | [MW] | [MWh]
TSO_INSTALLED_2026_0,ab51bca39f32321e91c7101b3350e61a3f499d70b7ec8ff3efe526a34000224a,Stocare,24,3,1.0,2,C.N.T.E.E. TRANSELECTRICA S.A. | DEN |   PUTEREA  INSTALATA  LA NIVELUL SEN in Instalatii de Stocare a Energie Electrice |  date sintetice la data 01.09.2026 | Index | Nume | Grupuri | Pi | Pg | Pc | E | Gestionar | Nr. | [MW] | [MW] | [MW] | [MWh]
TSO_INSTALLED_2026_0,ab51bca39f32321e91c7101b3350e61a3f499d70b7ec8ff3efe526a34000224a,Stocare,24,4,6.0,2,C.N.T.E.E. TRANSELECTRICA S.A. | DEN |   PUTEREA  INSTALATA  LA NIVELUL SEN in Instalatii de Stocare a Energie Electrice |  date sintetice la data 01.09.2026 | Index | Nume | Grupuri | Pi | Pg | Pc | E | Gestionar | Nr. | [MW] | [MW] | [MW] | [MWh]
TSO_INSTALLED_2026_0,ab51bca39f32321e91c7101b3350e61a3f499d70b7ec8ff3efe526a34000224a,Stocare,24,5,6.0,2,C.N.T.E.E. TRANSELECTRICA S.A. | DEN |   PUTEREA  INSTALATA  LA NIVELUL SEN in Instalatii de Stocare a Energie Electrice |  date sintetice la data 01.09.2026 | Index | Nume | Grupuri | Pi | Pg | Pc | E | Gestionar | Nr. | [MW] | [MW] | [MW] | [MWh]
TSO_INSTALLED_2026_0,ab51bca39f32321e91c7101b3350e61a3f499d70b7ec8ff3efe526a34000224a,Stocare,24,6,6.0,2,C.N.T.E.E. TRANSELECTRICA S.A. | DEN |   PUTEREA  INSTALATA  LA NIVELUL SEN in Instalatii de Stocare a Energie Electrice |  date sintetice la data 01.09.2026 | Index | Nume | Grupuri | Pi | Pg | Pc | E | Gestionar | Nr. | [MW] | [MW] | [MW] | [MWh]
TSO_INSTALLED_2026_0,ab51bca39f32321e91c7101b3350e61a3f499d70b7ec8ff3efe526a34000224a,Stocare,24,7,6.096,2,C.N.T.E.E. TRANSELECTRICA S.A. | DEN |   PUTEREA  INSTALATA  LA NIVELUL SEN in Instalatii de Stocare a Energie Electrice |  date sintetice la data 01.09.2026 | Index | Nume | Grupuri | Pi | Pg | Pc | E | Gestionar | Nr. | [MW] | [MW] | [MW] | [MWh]
TSO_INSTALLED_2026_0,ab51bca39f32321e91c7101b3350e61a3f499d70b7ec8ff3efe526a34000224a,Stocare,24,8,ENERGY INNOVATIVE SOLUTIONS,1,C.N.T.E.E. TRANSELECTRICA S.A. | DEN |   PUTEREA  INSTALATA  LA NIVELUL SEN in Instalatii de Stocare a Energie Electrice |  date sintetice la data 01.09.2026 | Index | Nume | Grupuri | Pi | Pg | Pc | E | Gestionar | Nr. | [MW] | [MW] | [MW] | [MWh]
TSO_INSTALLED_2026_0,ab51bca39f32321e91c7101b3350e61a3f499d70b7ec8ff3efe526a34000224a,Stocare,25,1,17.0,2,C.N.T.E.E. TRANSELECTRICA S.A. | DEN |   PUTEREA  INSTALATA  LA NIVELUL SEN in Instalatii de Stocare a Energie Electrice |  date sintetice la data 01.09.2026 | Index | Nume | Grupuri | Pi | Pg | Pc | E | Gestionar | Nr. | [MW] | [MW] | [MW] | [MWh]
TSO_INSTALLED_2026_0,ab51bca39f32321e91c7101b3350e61a3f499d70b7ec8ff3efe526a34000224a,Stocare,25,2,SARMASAG 2,1,C.N.T.E.E. TRANSELECTRICA S.A. | DEN |   PUTEREA  INSTALATA  LA NIVELUL SEN in Instalatii de Stocare a Energie Electrice |  date sintetice la data 01.09.2026 | Index | Nume | Grupuri | Pi | Pg | Pc | E | Gestionar | Nr. | [MW] | [MW] | [MW] | [MWh]
TSO_INSTALLED_2026_0,ab51bca39f32321e91c7101b3350e61a3f499d70b7ec8ff3efe526a34000224a,Stocare,25,3,1.0,2,C.N.T.E.E. TRANSELECTRICA S.A. | DEN |   PUTEREA  INSTALATA  LA NIVELUL SEN in Instalatii de Stocare a Energie Electrice |  date sintetice la data 01.09.2026 | Index | Nume | Grupuri | Pi | Pg | Pc | E | Gestionar | Nr. | [MW] | [MW] | [MW] | [MWh]
TSO_INSTALLED_2026_0,ab51bca39f32321e91c7101b3350e61a3f499d70b7ec8ff3efe526a34000224a,Stocare,25,4,4.8,2,C.N.T.E.E. TRANSELECTRICA S.A. | DEN |   PUTEREA  INSTALATA  LA NIVELUL SEN in Instalatii de Stocare a Energie Electrice |  date sintetice la data 01.09.2026 | Index | Nume | Grupuri | Pi | Pg | Pc | E | Gestionar | Nr. | [MW] | [MW] | [MW] | [MWh]
TSO_INSTALLED_2026_0,ab51bca39f32321e91c7101b3350e61a3f499d70b7ec8ff3efe526a34000224a,Stocare,25,5,4.8,2,C.N.T.E.E. TRANSELECTRICA S.A. | DEN |   PUTEREA  INSTALATA  LA NIVELUL SEN in Instalatii de Stocare a Energie Electrice |  date sintetice la data 01.09.2026 | Index | Nume | Grupuri | Pi | Pg | Pc | E | Gestionar | Nr. | [MW] | [MW] | [MW] | [MWh]
TSO_INSTALLED_2026_0,ab51bca39f32321e91c7101b3350e61a3f499d70b7ec8ff3efe526a34000224a,Stocare,25,6,4.8,2,C.N.T.E.E. TRANSELECTRICA S.A. | DEN |   PUTEREA  INSTALATA  LA NIVELUL SEN in Instalatii de Stocare a Energie Electrice |  date sintetice la data 01.09.2026 | Index | Nume | Grupuri | Pi | Pg | Pc | E | Gestionar | Nr. | [MW] | [MW] | [MW] | [MWh]
TSO_INSTALLED_2026_0,ab51bca39f32321e91c7101b3350e61a3f499d70b7ec8ff3efe526a34000224a,Stocare,25,7,22.0,2,C.N.T.E.E. TRANSELECTRICA S.A. | DEN |   PUTEREA  INSTALATA  LA NIVELUL SEN in Instalatii de Stocare a Energie Electrice |  date sintetice la data 01.09.2026 | Index | Nume | Grupuri | Pi | Pg | Pc | E | Gestionar | Nr. | [MW] | [MW] | [MW] | [MWh]
TSO_INSTALLED_2026_0,ab51bca39f32321e91c7101b3350e61a3f499d70b7ec8ff3efe526a34000224a,Stocare,25,8,COMCRIS ENERGY,1,C.N.T.E.E. TRANSELECTRICA S.A. | DEN |   PUTEREA  INSTALATA  LA NIVELUL SEN in Instalatii de Stocare a Energie Electrice |  date sintetice la data 01.09.2026 | Index | Nume | Grupuri | Pi | Pg | Pc | E | Gestionar | Nr. | [MW] | [MW] | [MW] | [MWh]
TSO_INSTALLED_2026_0,ab51bca39f32321e91c7101b3350e61a3f499d70b7ec8ff3efe526a34000224a,Stocare,26,1,18.0,2,C.N.T.E.E. TRANSELECTRICA S.A. | DEN |   PUTEREA  INSTALATA  LA NIVELUL SEN in Instalatii de Stocare a Energie Electrice |  date sintetice la data 01.09.2026 | Index | Nume | Grupuri | Pi | Pg | Pc | E | Gestionar | Nr. | [MW] | [MW] | [MW] | [MWh]
TSO_INSTALLED_2026_0,ab51bca39f32321e91c7101b3350e61a3f499d70b7ec8ff3efe526a34000224a,Stocare,26,2,CEM  SUN GROW LUCIA,1,C.N.T.E.E. TRANSELECTRICA S.A. | DEN |   PUTEREA  INSTALATA  LA NIVELUL SEN in Instalatii de Stocare a Energie Electrice |  date sintetice la data 01.09.2026 | Index | Nume | Grupuri | Pi | Pg | Pc | E | Gestionar | Nr. | [MW] | [MW] | [MW] | [MWh]
TSO_INSTALLED_2026_0,ab51bca39f32321e91c7101b3350e61a3f499d70b7ec8ff3efe526a34000224a,Stocare,26,3,1.0,2,C.N.T.E.E. TRANSELECTRICA S.A. | DEN |   PUTEREA  INSTALATA  LA NIVELUL SEN in Instalatii de Stocare a Energie Electrice |  date sintetice la data 01.09.2026 | Index | Nume | Grupuri | Pi | Pg | Pc | E | Gestionar | Nr. | [MW] | [MW] | [MW] | [MWh]
TSO_INSTALLED_2026_0,ab51bca39f32321e91c7101b3350e61a3f499d70b7ec8ff3efe526a34000224a,Stocare,26,4,1.0,2,C.N.T.E.E. TRANSELECTRICA S.A. | DEN |   PUTEREA  INSTALATA  LA NIVELUL SEN in Instalatii de Stocare a Energie Electrice |  date sintetice la data 01.09.2026 | Index | Nume | Grupuri | Pi | Pg | Pc | E | Gestionar | Nr. | [MW] | [MW] | [MW] | [MWh]
TSO_INSTALLED_2026_0,ab51bca39f32321e91c7101b3350e61a3f499d70b7ec8ff3efe526a34000224a,Stocare,26,5,1.0,2,C.N.T.E.E. TRANSELECTRICA S.A. | DEN |   PUTEREA  INSTALATA  LA NIVELUL SEN in Instalatii de Stocare a Energie Electrice |  date sintetice la data 01.09.2026 | Index | Nume | Grupuri | Pi | Pg | Pc | E | Gestionar | Nr. | [MW] | [MW] | [MW] | [MWh]
TSO_INSTALLED_2026_0,ab51bca39f32321e91c7101b3350e61a3f499d70b7ec8ff3efe526a34000224a,Stocare,26,6,1.0,2,C.N.T.E.E. TRANSELECTRICA S.A. | DEN |   PUTEREA  INSTALATA  LA NIVELUL SEN in Instalatii de Stocare a Energie Electrice |  date sintetice la data 01.09.2026 | Index | Nume | Grupuri | Pi | Pg | Pc | E | Gestionar | Nr. | [MW] | [MW] | [MW] | [MWh]
TSO_INSTALLED_2026_0,ab51bca39f32321e91c7101b3350e61a3f499d70b7ec8ff3efe526a34000224a,Stocare,26,7,2.88,2,C.N.T.E.E. TRANSELECTRICA S.A. | DEN |   PUTEREA  INSTALATA  LA NIVELUL SEN in Instalatii de Stocare a Energie Electrice |  date sintetice la data 01.09.2026 | Index | Nume | Grupuri | Pi | Pg | Pc | E | Gestionar | Nr. | [MW] | [MW] | [MW] | [MWh]
TSO_INSTALLED_2026_0,ab51bca39f32321e91c7101b3350e61a3f499d70b7ec8ff3efe526a34000224a,Stocare,26,8,SUN GROW LUCIA,1,C.N.T.E.E. TRANSELECTRICA S.A. | DEN |   PUTEREA  INSTALATA  LA NIVELUL SEN in Instalatii de Stocare a Energie Electrice |  date sintetice la data 01.09.2026 | Index | Nume | Grupuri | Pi | Pg | Pc | E | Gestionar | Nr. | [MW] | [MW] | [MW] | [MWh]
TSO_INSTALLED_2026_0,ab51bca39f32321e91c7101b3350e61a3f499d70b7ec8ff3efe526a34000224a,Stocare,27,1,19.0,2,C.N.T.E.E. TRANSELECTRICA S.A. | DEN |   PUTEREA  INSTALATA  LA NIVELUL SEN in Instalatii de Stocare a Energie Electrice |  date sintetice la data 01.09.2026 | Index | Nume | Grupuri | Pi | Pg | Pc | E | Gestionar | Nr. | [MW] | [MW] | [MW] | [MWh]
TSO_INSTALLED_2026_0,ab51bca39f32321e91c7101b3350e61a3f499d70b7ec8ff3efe526a34000224a,Stocare,27,2,CEM CRISTESTI,1,C.N.T.E.E. TRANSELECTRICA S.A. | DEN |   PUTEREA  INSTALATA  LA NIVELUL SEN in Instalatii de Stocare a Energie Electrice |  date sintetice la data 01.09.2026 | Index | Nume | Grupuri | Pi | Pg | Pc | E | Gestionar | Nr. | [MW] | [MW] | [MW] | [MWh]
TSO_INSTALLED_2026_0,ab51bca39f32321e91c7101b3350e61a3f499d70b7ec8ff3efe526a34000224a,Stocare,27,3,1.0,2,C.N.T.E.E. TRANSELECTRICA S.A. | DEN |   PUTEREA  INSTALATA  LA NIVELUL SEN in Instalatii de Stocare a Energie Electrice |  date sintetice la data 01.09.2026 | Index | Nume | Grupuri | Pi | Pg | Pc | E | Gestionar | Nr. | [MW] | [MW] | [MW] | [MWh]
TSO_INSTALLED_2026_0,ab51bca39f32321e91c7101b3350e61a3f499d70b7ec8ff3efe526a34000224a,Stocare,27,4,0.6,2,C.N.T.E.E. TRANSELECTRICA S.A. | DEN |   PUTEREA  INSTALATA  LA NIVELUL SEN in Instalatii de Stocare a Energie Electrice |  date sintetice la data 01.09.2026 | Index | Nume | Grupuri | Pi | Pg | Pc | E | Gestionar | Nr. | [MW] | [MW] | [MW] | [MWh]
TSO_INSTALLED_2026_0,ab51bca39f32321e91c7101b3350e61a3f499d70b7ec8ff3efe526a34000224a,Stocare,27,5,0.5,2,C.N.T.E.E. TRANSELECTRICA S.A. | DEN |   PUTEREA  INSTALATA  LA NIVELUL SEN in Instalatii de Stocare a Energie Electrice |  date sintetice la data 01.09.2026 | Index | Nume | Grupuri | Pi | Pg | Pc | E | Gestionar | Nr. | [MW] | [MW] | [MW] | [MWh]
TSO_INSTALLED_2026_0,ab51bca39f32321e91c7101b3350e61a3f499d70b7ec8ff3efe526a34000224a,Stocare,27,6,0.5,2,C.N.T.E.E. TRANSELECTRICA S.A. | DEN |   PUTEREA  INSTALATA  LA NIVELUL SEN in Instalatii de Stocare a Energie Electrice |  date sintetice la data 01.09.2026 | Index | Nume | Grupuri | Pi | Pg | Pc | E | Gestionar | Nr. | [MW] | [MW] | [MW] | [MWh]
TSO_INSTALLED_2026_0,ab51bca39f32321e91c7101b3350e61a3f499d70b7ec8ff3efe526a34000224a,Stocare,27,7,2.032,2,C.N.T.E.E. TRANSELECTRICA S.A. | DEN |   PUTEREA  INSTALATA  LA NIVELUL SEN in Instalatii de Stocare a Energie Electrice |  date sintetice la data 01.09.2026 | Index | Nume | Grupuri | Pi | Pg | Pc | E | Gestionar | Nr. | [MW] | [MW] | [MW] | [MWh]
TSO_INSTALLED_2026_0,ab51bca39f32321e91c7101b3350e61a3f499d70b7ec8ff3efe526a34000224a,Stocare,27,8,VERTICAL PLUS,1,C.N.T.E.E. TRANSELECTRICA S.A. | DEN |   PUTEREA  INSTALATA  LA NIVELUL SEN in Instalatii de Stocare a Energie Electrice |  date sintetice la data 01.09.2026 | Index | Nume | Grupuri | Pi | Pg | Pc | E | Gestionar | Nr. | [MW] | [MW] | [MW] | [MWh]
TSO_INSTALLED_2026_0,ab51bca39f32321e91c7101b3350e61a3f499d70b7ec8ff3efe526a34000224a,Stocare,28,1,20.0,2,C.N.T.E.E. TRANSELECTRICA S.A. | DEN |   PUTEREA  INSTALATA  LA NIVELUL SEN in Instalatii de Stocare a Energie Electrice |  date sintetice la data 01.09.2026 | Index | Nume | Grupuri | Pi | Pg | Pc | E | Gestionar | Nr. | [MW] | [MW] | [MW] | [MWh]
TSO_INSTALLED_2026_0,ab51bca39f32321e91c7101b3350e61a3f499d70b7ec8ff3efe526a34000224a,Stocare,28,2,CEM TERAPLAST,1,C.N.T.E.E. TRANSELECTRICA S.A. | DEN |   PUTEREA  INSTALATA  LA NIVELUL SEN in Instalatii de Stocare a Energie Electrice |  date sintetice la data 01.09.2026 | Index | Nume | Grupuri | Pi | Pg | Pc | E | Gestionar | Nr. | [MW] | [MW] | [MW] | [MWh]
TSO_INSTALLED_2026_0,ab51bca39f32321e91c7101b3350e61a3f499d70b7ec8ff3efe526a34000224a,Stocare,28,3,1.0,2,C.N.T.E.E. TRANSELECTRICA S.A. | DEN |   PUTEREA  INSTALATA  LA NIVELUL SEN in Instalatii de Stocare a Energie Electrice |  date sintetice la data 01.09.2026 | Index | Nume | Grupuri | Pi | Pg | Pc | E | Gestionar | Nr. | [MW] | [MW] | [MW] | [MWh]
TSO_INSTALLED_2026_0,ab51bca39f32321e91c7101b3350e61a3f499d70b7ec8ff3efe526a34000224a,Stocare,28,4,1.0,2,C.N.T.E.E. TRANSELECTRICA S.A. | DEN |   PUTEREA  INSTALATA  LA NIVELUL SEN in Instalatii de Stocare a Energie Electrice |  date sintetice la data 01.09.2026 | Index | Nume | Grupuri | Pi | Pg | Pc | E | Gestionar | Nr. | [MW] | [MW] | [MW] | [MWh]
TSO_INSTALLED_2026_0,ab51bca39f32321e91c7101b3350e61a3f499d70b7ec8ff3efe526a34000224a,Stocare,28,5,1.0,2,C.N.T.E.E. TRANSELECTRICA S.A. | DEN |   PUTEREA  INSTALATA  LA NIVELUL SEN in Instalatii de Stocare a Energie Electrice |  date sintetice la data 01.09.2026 | Index | Nume | Grupuri | Pi | Pg | Pc | E | Gestionar | Nr. | [MW] | [MW] | [MW] | [MWh]
TSO_INSTALLED_2026_0,ab51bca39f32321e91c7101b3350e61a3f499d70b7ec8ff3efe526a34000224a,Stocare,28,6,1.0,2,C.N.T.E.E. TRANSELECTRICA S.A. | DEN |   PUTEREA  INSTALATA  LA NIVELUL SEN in Instalatii de Stocare a Energie Electrice |  date sintetice la data 01.09.2026 | Index | Nume | Grupuri | Pi | Pg | Pc | E | Gestionar | Nr. | [MW] | [MW] | [MW] | [MWh]
TSO_INSTALLED_2026_0,ab51bca39f32321e91c7101b3350e61a3f499d70b7ec8ff3efe526a34000224a,Stocare,28,7,1.066,2,C.N.T.E.E. TRANSELECTRICA S.A. | DEN |   PUTEREA  INSTALATA  LA NIVELUL SEN in Instalatii de Stocare a Energie Electrice |  date sintetice la data 01.09.2026 | Index | Nume | Grupuri | Pi | Pg | Pc | E | Gestionar | Nr. | [MW] | [MW] | [MW] | [MWh]
TSO_INSTALLED_2026_0,ab51bca39f32321e91c7101b3350e61a3f499d70b7ec8ff3efe526a34000224a,Stocare,28,8,TERAPLAST,1,C.N.T.E.E. TRANSELECTRICA S.A. | DEN |   PUTEREA  INSTALATA  LA NIVELUL SEN in Instalatii de Stocare a Energie Electrice |  date sintetice la data 01.09.2026 | Index | Nume | Grupuri | Pi | Pg | Pc | E | Gestionar | Nr. | [MW] | [MW] | [MW] | [MWh]
TSO_INSTALLED_2026_0,ab51bca39f32321e91c7101b3350e61a3f499d70b7ec8ff3efe526a34000224a,Stocare,29,1,21.0,2,C.N.T.E.E. TRANSELECTRICA S.A. | DEN |   PUTEREA  INSTALATA  LA NIVELUL SEN in Instalatii de Stocare a Energie Electrice |  date sintetice la data 01.09.2026 | Index | Nume | Grupuri | Pi | Pg | Pc | E | Gestionar | Nr. | [MW] | [MW] | [MW] | [MWh]
TSO_INSTALLED_2026_0,ab51bca39f32321e91c7101b3350e61a3f499d70b7ec8ff3efe526a34000224a,Stocare,29,2,CEM POIENARII BURCHII,1,C.N.T.E.E. TRANSELECTRICA S.A. | DEN |   PUTEREA  INSTALATA  LA NIVELUL SEN in Instalatii de Stocare a Energie Electrice |  date sintetice la data 01.09.2026 | Index | Nume | Grupuri | Pi | Pg | Pc | E | Gestionar | Nr. | [MW] | [MW] | [MW] | [MWh]
TSO_INSTALLED_2026_0,ab51bca39f32321e91c7101b3350e61a3f499d70b7ec8ff3efe526a34000224a,Stocare,29,3,1.0,2,C.N.T.E.E. TRANSELECTRICA S.A. | DEN |   PUTEREA  INSTALATA  LA NIVELUL SEN in Instalatii de Stocare a Energie Electrice |  date sintetice la data 01.09.2026 | Index | Nume | Grupuri | Pi | Pg | Pc | E | Gestionar | Nr. | [MW] | [MW] | [MW] | [MWh]
TSO_INSTALLED_2026_0,ab51bca39f32321e91c7101b3350e61a3f499d70b7ec8ff3efe526a34000224a,Stocare,29,4,1.0,2,C.N.T.E.E. TRANSELECTRICA S.A. | DEN |   PUTEREA  INSTALATA  LA NIVELUL SEN in Instalatii de Stocare a Energie Electrice |  date sintetice la data 01.09.2026 | Index | Nume | Grupuri | Pi | Pg | Pc | E | Gestionar | Nr. | [MW] | [MW] | [MW] | [MWh]
TSO_INSTALLED_2026_0,ab51bca39f32321e91c7101b3350e61a3f499d70b7ec8ff3efe526a34000224a,Stocare,29,5,1.0,2,C.N.T.E.E. TRANSELECTRICA S.A. | DEN |   PUTEREA  INSTALATA  LA NIVELUL SEN in Instalatii de Stocare a Energie Electrice |  date sintetice la data 01.09.2026 | Index | Nume | Grupuri | Pi | Pg | Pc | E | Gestionar | Nr. | [MW] | [MW] | [MW] | [MWh]
TSO_INSTALLED_2026_0,ab51bca39f32321e91c7101b3350e61a3f499d70b7ec8ff3efe526a34000224a,Stocare,29,6,1.0,2,C.N.T.E.E. TRANSELECTRICA S.A. | DEN |   PUTEREA  INSTALATA  LA NIVELUL SEN in Instalatii de Stocare a Energie Electrice |  date sintetice la data 01.09.2026 | Index | Nume | Grupuri | Pi | Pg | Pc | E | Gestionar | Nr. | [MW] | [MW] | [MW] | [MWh]
TSO_INSTALLED_2026_0,ab51bca39f32321e91c7101b3350e61a3f499d70b7ec8ff3efe526a34000224a,Stocare,29,7,1.0,2,C.N.T.E.E. TRANSELECTRICA S.A. | DEN |   PUTEREA  INSTALATA  LA NIVELUL SEN in Instalatii de Stocare a Energie Electrice |  date sintetice la data 01.09.2026 | Index | Nume | Grupuri | Pi | Pg | Pc | E | Gestionar | Nr. | [MW] | [MW] | [MW] | [MWh]
TSO_INSTALLED_2026_0,ab51bca39f32321e91c7101b3350e61a3f499d70b7ec8ff3efe526a34000224a,Stocare,29,8,3D STEEL DESIGN & CONSTRUCT,1,C.N.T.E.E. TRANSELECTRICA S.A. | DEN |   PUTEREA  INSTALATA  LA NIVELUL SEN in Instalatii de Stocare a Energie Electrice |  date sintetice la data 01.09.2026 | Index | Nume | Grupuri | Pi | Pg | Pc | E | Gestionar | Nr. | [MW] | [MW] | [MW] | [MWh]
TSO_INSTALLED_2026_0,ab51bca39f32321e91c7101b3350e61a3f499d70b7ec8ff3efe526a34000224a,Stocare,30,1,22.0,2,C.N.T.E.E. TRANSELECTRICA S.A. | DEN |   PUTEREA  INSTALATA  LA NIVELUL SEN in Instalatii de Stocare a Energie Electrice |  date sintetice la data 01.09.2026 | Index | Nume | Grupuri | Pi | Pg | Pc | E | Gestionar | Nr. | [MW] | [MW] | [MW] | [MWh]
TSO_INSTALLED_2026_0,ab51bca39f32321e91c7101b3350e61a3f499d70b7ec8ff3efe526a34000224a,Stocare,30,2,CEM SANTION,1,C.N.T.E.E. TRANSELECTRICA S.A. | DEN |   PUTEREA  INSTALATA  LA NIVELUL SEN in Instalatii de Stocare a Energie Electrice |  date sintetice la data 01.09.2026 | Index | Nume | Grupuri | Pi | Pg | Pc | E | Gestionar | Nr. | [MW] | [MW] | [MW] | [MWh]
TSO_INSTALLED_2026_0,ab51bca39f32321e91c7101b3350e61a3f499d70b7ec8ff3efe526a34000224a,Stocare,30,3,1.0,2,C.N.T.E.E. TRANSELECTRICA S.A. | DEN |   PUTEREA  INSTALATA  LA NIVELUL SEN in Instalatii de Stocare a Energie Electrice |  date sintetice la data 01.09.2026 | Index | Nume | Grupuri | Pi | Pg | Pc | E | Gestionar | Nr. | [MW] | [MW] | [MW] | [MWh]
TSO_INSTALLED_2026_0,ab51bca39f32321e91c7101b3350e61a3f499d70b7ec8ff3efe526a34000224a,Stocare,30,4,1.2,2,C.N.T.E.E. TRANSELECTRICA S.A. | DEN |   PUTEREA  INSTALATA  LA NIVELUL SEN in Instalatii de Stocare a Energie Electrice |  date sintetice la data 01.09.2026 | Index | Nume | Grupuri | Pi | Pg | Pc | E | Gestionar | Nr. | [MW] | [MW] | [MW] | [MWh]
TSO_INSTALLED_2026_0,ab51bca39f32321e91c7101b3350e61a3f499d70b7ec8ff3efe526a34000224a,Stocare,30,5,1.2,2,C.N.T.E.E. TRANSELECTRICA S.A. | DEN |   PUTEREA  INSTALATA  LA NIVELUL SEN in Instalatii de Stocare a Energie Electrice |  date sintetice la data 01.09.2026 | Index | Nume | Grupuri | Pi | Pg | Pc | E | Gestionar | Nr. | [MW] | [MW] | [MW] | [MWh]
TSO_INSTALLED_2026_0,ab51bca39f32321e91c7101b3350e61a3f499d70b7ec8ff3efe526a34000224a,Stocare,30,6,1.2,2,C.N.T.E.E. TRANSELECTRICA S.A. | DEN |   PUTEREA  INSTALATA  LA NIVELUL SEN in Instalatii de Stocare a Energie Electrice |  date sintetice la data 01.09.2026 | Index | Nume | Grupuri | Pi | Pg | Pc | E | Gestionar | Nr. | [MW] | [MW] | [MW] | [MWh]
TSO_INSTALLED_2026_0,ab51bca39f32321e91c7101b3350e61a3f499d70b7ec8ff3efe526a34000224a,Stocare,30,7,1.2,2,C.N.T.E.E. TRANSELECTRICA S.A. | DEN |   PUTEREA  INSTALATA  LA NIVELUL SEN in Instalatii de Stocare a Energie Electrice |  date sintetice la data 01.09.2026 | Index | Nume | Grupuri | Pi | Pg | Pc | E | Gestionar | Nr. | [MW] | [MW] | [MW] | [MWh]
TSO_INSTALLED_2026_0,ab51bca39f32321e91c7101b3350e61a3f499d70b7ec8ff3efe526a34000224a,Stocare,30,8,EUROALPIN TRAVEL,1,C.N.T.E.E. TRANSELECTRICA S.A. | DEN |   PUTEREA  INSTALATA  LA NIVELUL SEN in Instalatii de Stocare a Energie Electrice |  date sintetice la data 01.09.2026 | Index | Nume | Grupuri | Pi | Pg | Pc | E | Gestionar | Nr. | [MW] | [MW] | [MW] | [MWh]
TSO_INSTALLED_2026_0,ab51bca39f32321e91c7101b3350e61a3f499d70b7ec8ff3efe526a34000224a,Stocare,31,1,23.0,2,C.N.T.E.E. TRANSELECTRICA S.A. | DEN |   PUTEREA  INSTALATA  LA NIVELUL SEN in Instalatii de Stocare a Energie Electrice |  date sintetice la data 01.09.2026 | Index | Nume | Grupuri | Pi | Pg | Pc | E | Gestionar | Nr. | [MW] | [MW] | [MW] | [MWh]
TSO_INSTALLED_2026_0,ab51bca39f32321e91c7101b3350e61a3f499d70b7ec8ff3efe526a34000224a,Stocare,31,2, CEM RACARI 2,1,C.N.T.E.E. TRANSELECTRICA S.A. | DEN |   PUTEREA  INSTALATA  LA NIVELUL SEN in Instalatii de Stocare a Energie Electrice |  date sintetice la data 01.09.2026 | Index | Nume | Grupuri | Pi | Pg | Pc | E | Gestionar | Nr. | [MW] | [MW] | [MW] | [MWh]
TSO_INSTALLED_2026_0,ab51bca39f32321e91c7101b3350e61a3f499d70b7ec8ff3efe526a34000224a,Stocare,31,3,1.0,2,C.N.T.E.E. TRANSELECTRICA S.A. | DEN |   PUTEREA  INSTALATA  LA NIVELUL SEN in Instalatii de Stocare a Energie Electrice |  date sintetice la data 01.09.2026 | Index | Nume | Grupuri | Pi | Pg | Pc | E | Gestionar | Nr. | [MW] | [MW] | [MW] | [MWh]
TSO_INSTALLED_2026_0,ab51bca39f32321e91c7101b3350e61a3f499d70b7ec8ff3efe526a34000224a,Stocare,31,4,6.0,2,C.N.T.E.E. TRANSELECTRICA S.A. | DEN |   PUTEREA  INSTALATA  LA NIVELUL SEN in Instalatii de Stocare a Energie Electrice |  date sintetice la data 01.09.2026 | Index | Nume | Grupuri | Pi | Pg | Pc | E | Gestionar | Nr. | [MW] | [MW] | [MW] | [MWh]
TSO_INSTALLED_2026_0,ab51bca39f32321e91c7101b3350e61a3f499d70b7ec8ff3efe526a34000224a,Stocare,31,5,6.0,2,C.N.T.E.E. TRANSELECTRICA S.A. | DEN |   PUTEREA  INSTALATA  LA NIVELUL SEN in Instalatii de Stocare a Energie Electrice |  date sintetice la data 01.09.2026 | Index | Nume | Grupuri | Pi | Pg | Pc | E | Gestionar | Nr. | [MW] | [MW] | [MW] | [MWh]
TSO_INSTALLED_2026_0,ab51bca39f32321e91c7101b3350e61a3f499d70b7ec8ff3efe526a34000224a,Stocare,31,6,6.0,2,C.N.T.E.E. TRANSELECTRICA S.A. | DEN |   PUTEREA  INSTALATA  LA NIVELUL SEN in Instalatii de Stocare a Energie Electrice |  date sintetice la data 01.09.2026 | Index | Nume | Grupuri | Pi | Pg | Pc | E | Gestionar | Nr. | [MW] | [MW] | [MW] | [MWh]
TSO_INSTALLED_2026_0,ab51bca39f32321e91c7101b3350e61a3f499d70b7ec8ff3efe526a34000224a,Stocare,31,7,6.096,2,C.N.T.E.E. TRANSELECTRICA S.A. | DEN |   PUTEREA  INSTALATA  LA NIVELUL SEN in Instalatii de Stocare a Energie Electrice |  date sintetice la data 01.09.2026 | Index | Nume | Grupuri | Pi | Pg | Pc | E | Gestionar | Nr. | [MW] | [MW] | [MW] | [MWh]
TSO_INSTALLED_2026_0,ab51bca39f32321e91c7101b3350e61a3f499d70b7ec8ff3efe526a34000224a,Stocare,31,8,RESTORE ENERGY,1,C.N.T.E.E. TRANSELECTRICA S.A. | DEN |   PUTEREA  INSTALATA  LA NIVELUL SEN in Instalatii de Stocare a Energie Electrice |  date sintetice la data 01.09.2026 | Index | Nume | Grupuri | Pi | Pg | Pc | E | Gestionar | Nr. | [MW] | [MW] | [MW] | [MWh]
TSO_INSTALLED_2026_0,ab51bca39f32321e91c7101b3350e61a3f499d70b7ec8ff3efe526a34000224a,Stocare,32,1,24.0,2,C.N.T.E.E. TRANSELECTRICA S.A. | DEN |   PUTEREA  INSTALATA  LA NIVELUL SEN in Instalatii de Stocare a Energie Electrice |  date sintetice la data 01.09.2026 | Index | Nume | Grupuri | Pi | Pg | Pc | E | Gestionar | Nr. | [MW] | [MW] | [MW] | [MWh]
TSO_INSTALLED_2026_0,ab51bca39f32321e91c7101b3350e61a3f499d70b7ec8ff3efe526a34000224a,Stocare,32,2,CEM TAUTII MAGHIERUS,1,C.N.T.E.E. TRANSELECTRICA S.A. | DEN |   PUTEREA  INSTALATA  LA NIVELUL SEN in Instalatii de Stocare a Energie Electrice |  date sintetice la data 01.09.2026 | Index | Nume | Grupuri | Pi | Pg | Pc | E | Gestionar | Nr. | [MW] | [MW] | [MW] | [MWh]
TSO_INSTALLED_2026_0,ab51bca39f32321e91c7101b3350e61a3f499d70b7ec8ff3efe526a34000224a,Stocare,32,3,1.0,2,C.N.T.E.E. TRANSELECTRICA S.A. | DEN |   PUTEREA  INSTALATA  LA NIVELUL SEN in Instalatii de Stocare a Energie Electrice |  date sintetice la data 01.09.2026 | Index | Nume | Grupuri | Pi | Pg | Pc | E | Gestionar | Nr. | [MW] | [MW] | [MW] | [MWh]
TSO_INSTALLED_2026_0,ab51bca39f32321e91c7101b3350e61a3f499d70b7ec8ff3efe526a34000224a,Stocare,32,4,0.704,2,C.N.T.E.E. TRANSELECTRICA S.A. | DEN |   PUTEREA  INSTALATA  LA NIVELUL SEN in Instalatii de Stocare a Energie Electrice |  date sintetice la data 01.09.2026 | Index | Nume | Grupuri | Pi | Pg | Pc | E | Gestionar | Nr. | [MW] | [MW] | [MW] | [MWh]
TSO_INSTALLED_2026_0,ab51bca39f32321e91c7101b3350e61a3f499d70b7ec8ff3efe526a34000224a,Stocare,32,5,0.704,2,C.N.T.E.E. TRANSELECTRICA S.A. | DEN |   PUTEREA  INSTALATA  LA NIVELUL SEN in Instalatii de Stocare a Energie Electrice |  date sintetice la data 01.09.2026 | Index | Nume | Grupuri | Pi | Pg | Pc | E | Gestionar | Nr. | [MW] | [MW] | [MW] | [MWh]
TSO_INSTALLED_2026_0,ab51bca39f32321e91c7101b3350e61a3f499d70b7ec8ff3efe526a34000224a,Stocare,32,6,0.704,2,C.N.T.E.E. TRANSELECTRICA S.A. | DEN |   PUTEREA  INSTALATA  LA NIVELUL SEN in Instalatii de Stocare a Energie Electrice |  date sintetice la data 01.09.2026 | Index | Nume | Grupuri | Pi | Pg | Pc | E | Gestionar | Nr. | [MW] | [MW] | [MW] | [MWh]
TSO_INSTALLED_2026_0,ab51bca39f32321e91c7101b3350e61a3f499d70b7ec8ff3efe526a34000224a,Stocare,32,7,0.947,2,C.N.T.E.E. TRANSELECTRICA S.A. | DEN |   PUTEREA  INSTALATA  LA NIVELUL SEN in Instalatii de Stocare a Energie Electrice |  date sintetice la data 01.09.2026 | Index | Nume | Grupuri | Pi | Pg | Pc | E | Gestionar | Nr. | [MW] | [MW] | [MW] | [MWh]
TSO_INSTALLED_2026_0,ab51bca39f32321e91c7101b3350e61a3f499d70b7ec8ff3efe526a34000224a,Stocare,32,8,UNIVERSAL ALLOY CORPORATION EUROPE,1,C.N.T.E.E. TRANSELECTRICA S.A. | DEN |   PUTEREA  INSTALATA  LA NIVELUL SEN in Instalatii de Stocare a Energie Electrice |  date sintetice la data 01.09.2026 | Index | Nume | Grupuri | Pi | Pg | Pc | E | Gestionar | Nr. | [MW] | [MW] | [MW] | [MWh]
TSO_INSTALLED_2026_0,ab51bca39f32321e91c7101b3350e61a3f499d70b7ec8ff3efe526a34000224a,Stocare,33,1,25.0,2,C.N.T.E.E. TRANSELECTRICA S.A. | DEN |   PUTEREA  INSTALATA  LA NIVELUL SEN in Instalatii de Stocare a Energie Electrice |  date sintetice la data 01.09.2026 | Index | Nume | Grupuri | Pi | Pg | Pc | E | Gestionar | Nr. | [MW] | [MW] | [MW] | [MWh]
TSO_INSTALLED_2026_0,ab51bca39f32321e91c7101b3350e61a3f499d70b7ec8ff3efe526a34000224a,Stocare,33,2,CEM DUMBRAVITA,1,C.N.T.E.E. TRANSELECTRICA S.A. | DEN |   PUTEREA  INSTALATA  LA NIVELUL SEN in Instalatii de Stocare a Energie Electrice |  date sintetice la data 01.09.2026 | Index | Nume | Grupuri | Pi | Pg | Pc | E | Gestionar | Nr. | [MW] | [MW] | [MW] | [MWh]
TSO_INSTALLED_2026_0,ab51bca39f32321e91c7101b3350e61a3f499d70b7ec8ff3efe526a34000224a,Stocare,33,3,1.0,2,C.N.T.E.E. TRANSELECTRICA S.A. | DEN |   PUTEREA  INSTALATA  LA NIVELUL SEN in Instalatii de Stocare a Energie Electrice |  date sintetice la data 01.09.2026 | Index | Nume | Grupuri | Pi | Pg | Pc | E | Gestionar | Nr. | [MW] | [MW] | [MW] | [MWh]
TSO_INSTALLED_2026_0,ab51bca39f32321e91c7101b3350e61a3f499d70b7ec8ff3efe526a34000224a,Stocare,33,4,0.704,2,C.N.T.E.E. TRANSELECTRICA S.A. | DEN |   PUTEREA  INSTALATA  LA NIVELUL SEN in Instalatii de Stocare a Energie Electrice |  date sintetice la data 01.09.2026 | Index | Nume | Grupuri | Pi | Pg | Pc | E | Gestionar | Nr. | [MW] | [MW] | [MW] | [MWh]
TSO_INSTALLED_2026_0,ab51bca39f32321e91c7101b3350e61a3f499d70b7ec8ff3efe526a34000224a,Stocare,33,5,0.704,2,C.N.T.E.E. TRANSELECTRICA S.A. | DEN |   PUTEREA  INSTALATA  LA NIVELUL SEN in Instalatii de Stocare a Energie Electrice |  date sintetice la data 01.09.2026 | Index | Nume | Grupuri | Pi | Pg | Pc | E | Gestionar | Nr. | [MW] | [MW] | [MW] | [MWh]
TSO_INSTALLED_2026_0,ab51bca39f32321e91c7101b3350e61a3f499d70b7ec8ff3efe526a34000224a,Stocare,33,6,0.704,2,C.N.T.E.E. TRANSELECTRICA S.A. | DEN |   PUTEREA  INSTALATA  LA NIVELUL SEN in Instalatii de Stocare a Energie Electrice |  date sintetice la data 01.09.2026 | Index | Nume | Grupuri | Pi | Pg | Pc | E | Gestionar | Nr. | [MW] | [MW] | [MW] | [MWh]
TSO_INSTALLED_2026_0,ab51bca39f32321e91c7101b3350e61a3f499d70b7ec8ff3efe526a34000224a,Stocare,33,7,0.947,2,C.N.T.E.E. TRANSELECTRICA S.A. | DEN |   PUTEREA  INSTALATA  LA NIVELUL SEN in Instalatii de Stocare a Energie Electrice |  date sintetice la data 01.09.2026 | Index | Nume | Grupuri | Pi | Pg | Pc | E | Gestionar | Nr. | [MW] | [MW] | [MW] | [MWh]
TSO_INSTALLED_2026_0,ab51bca39f32321e91c7101b3350e61a3f499d70b7ec8ff3efe526a34000224a,Stocare,33,8,UNIVERSAL ALLOY CORPORATION EUROPE,1,C.N.T.E.E. TRANSELECTRICA S.A. | DEN |   PUTEREA  INSTALATA  LA NIVELUL SEN in Instalatii de Stocare a Energie Electrice |  date sintetice la data 01.09.2026 | Index | Nume | Grupuri | Pi | Pg | Pc | E | Gestionar | Nr. | [MW] | [MW] | [MW] | [MWh]
TSO_INSTALLED_2026_0,ab51bca39f32321e91c7101b3350e61a3f499d70b7ec8ff3efe526a34000224a,Stocare,34,1,26.0,2,C.N.T.E.E. TRANSELECTRICA S.A. | DEN |   PUTEREA  INSTALATA  LA NIVELUL SEN in Instalatii de Stocare a Energie Electrice |  date sintetice la data 01.09.2026 | Index | Nume | Grupuri | Pi | Pg | Pc | E | Gestionar | Nr. | [MW] | [MW] | [MW] | [MWh]
TSO_INSTALLED_2026_0,ab51bca39f32321e91c7101b3350e61a3f499d70b7ec8ff3efe526a34000224a,Stocare,34,2,CEM BALTENI,1,C.N.T.E.E. TRANSELECTRICA S.A. | DEN |   PUTEREA  INSTALATA  LA NIVELUL SEN in Instalatii de Stocare a Energie Electrice |  date sintetice la data 01.09.2026 | Index | Nume | Grupuri | Pi | Pg | Pc | E | Gestionar | Nr. | [MW] | [MW] | [MW] | [MWh]
TSO_INSTALLED_2026_0,ab51bca39f32321e91c7101b3350e61a3f499d70b7ec8ff3efe526a34000224a,Stocare,34,3,1.0,2,C.N.T.E.E. TRANSELECTRICA S.A. | DEN |   PUTEREA  INSTALATA  LA NIVELUL SEN in Instalatii de Stocare a Energie Electrice |  date sintetice la data 01.09.2026 | Index | Nume | Grupuri | Pi | Pg | Pc | E | Gestionar | Nr. | [MW] | [MW] | [MW] | [MWh]
TSO_INSTALLED_2026_0,ab51bca39f32321e91c7101b3350e61a3f499d70b7ec8ff3efe526a34000224a,Stocare,34,4,2.0,2,C.N.T.E.E. TRANSELECTRICA S.A. | DEN |   PUTEREA  INSTALATA  LA NIVELUL SEN in Instalatii de Stocare a Energie Electrice |  date sintetice la data 01.09.2026 | Index | Nume | Grupuri | Pi | Pg | Pc | E | Gestionar | Nr. | [MW] | [MW] | [MW] | [MWh]
TSO_INSTALLED_2026_0,ab51bca39f32321e91c7101b3350e61a3f499d70b7ec8ff3efe526a34000224a,Stocare,34,5,2.0,2,C.N.T.E.E. TRANSELECTRICA S.A. | DEN |   PUTEREA  INSTALATA  LA NIVELUL SEN in Instalatii de Stocare a Energie Electrice |  date sintetice la data 01.09.2026 | Index | Nume | Grupuri | Pi | Pg | Pc | E | Gestionar | Nr. | [MW] | [MW] | [MW] | [MWh]
TSO_INSTALLED_2026_0,ab51bca39f32321e91c7101b3350e61a3f499d70b7ec8ff3efe526a34000224a,Stocare,34,6,2.0,2,C.N.T.E.E. TRANSELECTRICA S.A. | DEN |   PUTEREA  INSTALATA  LA NIVELUL SEN in Instalatii de Stocare a Energie Electrice |  date sintetice la data 01.09.2026 | Index | Nume | Grupuri | Pi | Pg | Pc | E | Gestionar | Nr. | [MW] | [MW] | [MW] | [MWh]
TSO_INSTALLED_2026_0,ab51bca39f32321e91c7101b3350e61a3f499d70b7ec8ff3efe526a34000224a,Stocare,34,7,2.0,2,C.N.T.E.E. TRANSELECTRICA S.A. | DEN |   PUTEREA  INSTALATA  LA NIVELUL SEN in Instalatii de Stocare a Energie Electrice |  date sintetice la data 01.09.2026 | Index | Nume | Grupuri | Pi | Pg | Pc | E | Gestionar | Nr. | [MW] | [MW] | [MW] | [MWh]
TSO_INSTALLED_2026_0,ab51bca39f32321e91c7101b3350e61a3f499d70b7ec8ff3efe526a34000224a,Stocare,34,8,HELIOSUN VASLUI,1,C.N.T.E.E. TRANSELECTRICA S.A. | DEN |   PUTEREA  INSTALATA  LA NIVELUL SEN in Instalatii de Stocare a Energie Electrice |  date sintetice la data 01.09.2026 | Index | Nume | Grupuri | Pi | Pg | Pc | E | Gestionar | Nr. | [MW] | [MW] | [MW] | [MWh]
TSO_INSTALLED_2026_0,ab51bca39f32321e91c7101b3350e61a3f499d70b7ec8ff3efe526a34000224a,Stocare,35,1,27.0,2,C.N.T.E.E. TRANSELECTRICA S.A. | DEN |   PUTEREA  INSTALATA  LA NIVELUL SEN in Instalatii de Stocare a Energie Electrice |  date sintetice la data 01.09.2026 | Index | Nume | Grupuri | Pi | Pg | Pc | E | Gestionar | Nr. | [MW] | [MW] | [MW] | [MWh]
TSO_INSTALLED_2026_0,ab51bca39f32321e91c7101b3350e61a3f499d70b7ec8ff3efe526a34000224a,Stocare,35,2,CEM JAEGGI INDUSTRIES,1,C.N.T.E.E. TRANSELECTRICA S.A. | DEN |   PUTEREA  INSTALATA  LA NIVELUL SEN in Instalatii de Stocare a Energie Electrice |  date sintetice la data 01.09.2026 | Index | Nume | Grupuri | Pi | Pg | Pc | E | Gestionar | Nr. | [MW] | [MW] | [MW] | [MWh]
TSO_INSTALLED_2026_0,ab51bca39f32321e91c7101b3350e61a3f499d70b7ec8ff3efe526a34000224a,Stocare,35,3,1.0,2,C.N.T.E.E. TRANSELECTRICA S.A. | DEN |   PUTEREA  INSTALATA  LA NIVELUL SEN in Instalatii de Stocare a Energie Electrice |  date sintetice la data 01.09.2026 | Index | Nume | Grupuri | Pi | Pg | Pc | E | Gestionar | Nr. | [MW] | [MW] | [MW] | [MWh]
TSO_INSTALLED_2026_0,ab51bca39f32321e91c7101b3350e61a3f499d70b7ec8ff3efe526a34000224a,Stocare,35,4,0.66,2,C.N.T.E.E. TRANSELECTRICA S.A. | DEN |   PUTEREA  INSTALATA  LA NIVELUL SEN in Instalatii de Stocare a Energie Electrice |  date sintetice la data 01.09.2026 | Index | Nume | Grupuri | Pi | Pg | Pc | E | Gestionar | Nr. | [MW] | [MW] | [MW] | [MWh]
TSO_INSTALLED_2026_0,ab51bca39f32321e91c7101b3350e61a3f499d70b7ec8ff3efe526a34000224a,Stocare,35,5,0.66,2,C.N.T.E.E. TRANSELECTRICA S.A. | DEN |   PUTEREA  INSTALATA  LA NIVELUL SEN in Instalatii de Stocare a Energie Electrice |  date sintetice la data 01.09.2026 | Index | Nume | Grupuri | Pi | Pg | Pc | E | Gestionar | Nr. | [MW] | [MW] | [MW] | [MWh]
TSO_INSTALLED_2026_0,ab51bca39f32321e91c7101b3350e61a3f499d70b7ec8ff3efe526a34000224a,Stocare,35,6,0.66,2,C.N.T.E.E. TRANSELECTRICA S.A. | DEN |   PUTEREA  INSTALATA  LA NIVELUL SEN in Instalatii de Stocare a Energie Electrice |  date sintetice la data 01.09.2026 | Index | Nume | Grupuri | Pi | Pg | Pc | E | Gestionar | Nr. | [MW] | [MW] | [MW] | [MWh]
TSO_INSTALLED_2026_0,ab51bca39f32321e91c7101b3350e61a3f499d70b7ec8ff3efe526a34000224a,Stocare,35,7,0.66,2,C.N.T.E.E. TRANSELECTRICA S.A. | DEN |   PUTEREA  INSTALATA  LA NIVELUL SEN in Instalatii de Stocare a Energie Electrice |  date sintetice la data 01.09.2026 | Index | Nume | Grupuri | Pi | Pg | Pc | E | Gestionar | Nr. | [MW] | [MW] | [MW] | [MWh]
TSO_INSTALLED_2026_0,ab51bca39f32321e91c7101b3350e61a3f499d70b7ec8ff3efe526a34000224a,Stocare,35,8,JAEGGI INDUSTRIES,1,C.N.T.E.E. TRANSELECTRICA S.A. | DEN |   PUTEREA  INSTALATA  LA NIVELUL SEN in Instalatii de Stocare a Energie Electrice |  date sintetice la data 01.09.2026 | Index | Nume | Grupuri | Pi | Pg | Pc | E | Gestionar | Nr. | [MW] | [MW] | [MW] | [MWh]
TSO_INSTALLED_2026_0,ab51bca39f32321e91c7101b3350e61a3f499d70b7ec8ff3efe526a34000224a,Stocare,36,1,28.0,2,C.N.T.E.E. TRANSELECTRICA S.A. | DEN |   PUTEREA  INSTALATA  LA NIVELUL SEN in Instalatii de Stocare a Energie Electrice |  date sintetice la data 01.09.2026 | Index | Nume | Grupuri | Pi | Pg | Pc | E | Gestionar | Nr. | [MW] | [MW] | [MW] | [MWh]
TSO_INSTALLED_2026_0,ab51bca39f32321e91c7101b3350e61a3f499d70b7ec8ff3efe526a34000224a,Stocare,36,2,FLORESTI,1,C.N.T.E.E. TRANSELECTRICA S.A. | DEN |   PUTEREA  INSTALATA  LA NIVELUL SEN in Instalatii de Stocare a Energie Electrice |  date sintetice la data 01.09.2026 | Index | Nume | Grupuri | Pi | Pg | Pc | E | Gestionar | Nr. | [MW] | [MW] | [MW] | [MWh]
TSO_INSTALLED_2026_0,ab51bca39f32321e91c7101b3350e61a3f499d70b7ec8ff3efe526a34000224a,Stocare,36,3,1.0,2,C.N.T.E.E. TRANSELECTRICA S.A. | DEN |   PUTEREA  INSTALATA  LA NIVELUL SEN in Instalatii de Stocare a Energie Electrice |  date sintetice la data 01.09.2026 | Index | Nume | Grupuri | Pi | Pg | Pc | E | Gestionar | Nr. | [MW] | [MW] | [MW] | [MWh]
TSO_INSTALLED_2026_0,ab51bca39f32321e91c7101b3350e61a3f499d70b7ec8ff3efe526a34000224a,Stocare,36,4,201.24,2,C.N.T.E.E. TRANSELECTRICA S.A. | DEN |   PUTEREA  INSTALATA  LA NIVELUL SEN in Instalatii de Stocare a Energie Electrice |  date sintetice la data 01.09.2026 | Index | Nume | Grupuri | Pi | Pg | Pc | E | Gestionar | Nr. | [MW] | [MW] | [MW] | [MWh]
TSO_INSTALLED_2026_0,ab51bca39f32321e91c7101b3350e61a3f499d70b7ec8ff3efe526a34000224a,Stocare,36,5,201.24,2,C.N.T.E.E. TRANSELECTRICA S.A. | DEN |   PUTEREA  INSTALATA  LA NIVELUL SEN in Instalatii de Stocare a Energie Electrice |  date sintetice la data 01.09.2026 | Index | Nume | Grupuri | Pi | Pg | Pc | E | Gestionar | Nr. | [MW] | [MW] | [MW] | [MWh]
TSO_INSTALLED_2026_0,ab51bca39f32321e91c7101b3350e61a3f499d70b7ec8ff3efe526a34000224a,Stocare,36,6,201.24,2,C.N.T.E.E. TRANSELECTRICA S.A. | DEN |   PUTEREA  INSTALATA  LA NIVELUL SEN in Instalatii de Stocare a Energie Electrice |  date sintetice la data 01.09.2026 | Index | Nume | Grupuri | Pi | Pg | Pc | E | Gestionar | Nr. | [MW] | [MW] | [MW] | [MWh]
TSO_INSTALLED_2026_0,ab51bca39f32321e91c7101b3350e61a3f499d70b7ec8ff3efe526a34000224a,Stocare,36,7,402.48,2,C.N.T.E.E. TRANSELECTRICA S.A. | DEN |   PUTEREA  INSTALATA  LA NIVELUL SEN in Instalatii de Stocare a Energie Electrice |  date sintetice la data 01.09.2026 | Index | Nume | Grupuri | Pi | Pg | Pc | E | Gestionar | Nr. | [MW] | [MW] | [MW] | [MWh]
TSO_INSTALLED_2026_0,ab51bca39f32321e91c7101b3350e61a3f499d70b7ec8ff3efe526a34000224a,Stocare,36,8,NOVA H,1,C.N.T.E.E. TRANSELECTRICA S.A. | DEN |   PUTEREA  INSTALATA  LA NIVELUL SEN in Instalatii de Stocare a Energie Electrice |  date sintetice la data 01.09.2026 | Index | Nume | Grupuri | Pi | Pg | Pc | E | Gestionar | Nr. | [MW] | [MW] | [MW] | [MWh]
TSO_INSTALLED_2026_0,ab51bca39f32321e91c7101b3350e61a3f499d70b7ec8ff3efe526a34000224a,Stocare,37,1,29.0,2,C.N.T.E.E. TRANSELECTRICA S.A. | DEN |   PUTEREA  INSTALATA  LA NIVELUL SEN in Instalatii de Stocare a Energie Electrice |  date sintetice la data 01.09.2026 | Index | Nume | Grupuri | Pi | Pg | Pc | E | Gestionar | Nr. | [MW] | [MW] | [MW] | [MWh]
TSO_INSTALLED_2026_0,ab51bca39f32321e91c7101b3350e61a3f499d70b7ec8ff3efe526a34000224a,Stocare,37,2,CEM GANEASA 1,1,C.N.T.E.E. TRANSELECTRICA S.A. | DEN |   PUTEREA  INSTALATA  LA NIVELUL SEN in Instalatii de Stocare a Energie Electrice |  date sintetice la data 01.09.2026 | Index | Nume | Grupuri | Pi | Pg | Pc | E | Gestionar | Nr. | [MW] | [MW] | [MW] | [MWh]
TSO_INSTALLED_2026_0,ab51bca39f32321e91c7101b3350e61a3f499d70b7ec8ff3efe526a34000224a,Stocare,37,3,1.0,2,C.N.T.E.E. TRANSELECTRICA S.A. | DEN |   PUTEREA  INSTALATA  LA NIVELUL SEN in Instalatii de Stocare a Energie Electrice |  date sintetice la data 01.09.2026 | Index | Nume | Grupuri | Pi | Pg | Pc | E | Gestionar | Nr. | [MW] | [MW] | [MW] | [MWh]
TSO_INSTALLED_2026_0,ab51bca39f32321e91c7101b3350e61a3f499d70b7ec8ff3efe526a34000224a,Stocare,37,4,1.4,2,C.N.T.E.E. TRANSELECTRICA S.A. | DEN |   PUTEREA  INSTALATA  LA NIVELUL SEN in Instalatii de Stocare a Energie Electrice |  date sintetice la data 01.09.2026 | Index | Nume | Grupuri | Pi | Pg | Pc | E | Gestionar | Nr. | [MW] | [MW] | [MW] | [MWh]
TSO_INSTALLED_2026_0,ab51bca39f32321e91c7101b3350e61a3f499d70b7ec8ff3efe526a34000224a,Stocare,37,5,1.4,2,C.N.T.E.E. TRANSELECTRICA S.A. | DEN |   PUTEREA  INSTALATA  LA NIVELUL SEN in Instalatii de Stocare a Energie Electrice |  date sintetice la data 01.09.2026 | Index | Nume | Grupuri | Pi | Pg | Pc | E | Gestionar | Nr. | [MW] | [MW] | [MW] | [MWh]
TSO_INSTALLED_2026_0,ab51bca39f32321e91c7101b3350e61a3f499d70b7ec8ff3efe526a34000224a,Stocare,37,6,1.4,2,C.N.T.E.E. TRANSELECTRICA S.A. | DEN |   PUTEREA  INSTALATA  LA NIVELUL SEN in Instalatii de Stocare a Energie Electrice |  date sintetice la data 01.09.2026 | Index | Nume | Grupuri | Pi | Pg | Pc | E | Gestionar | Nr. | [MW] | [MW] | [MW] | [MWh]
TSO_INSTALLED_2026_0,ab51bca39f32321e91c7101b3350e61a3f499d70b7ec8ff3efe526a34000224a,Stocare,37,7,2.032,2,C.N.T.E.E. TRANSELECTRICA S.A. | DEN |   PUTEREA  INSTALATA  LA NIVELUL SEN in Instalatii de Stocare a Energie Electrice |  date sintetice la data 01.09.2026 | Index | Nume | Grupuri | Pi | Pg | Pc | E | Gestionar | Nr. | [MW] | [MW] | [MW] | [MWh]
TSO_INSTALLED_2026_0,ab51bca39f32321e91c7101b3350e61a3f499d70b7ec8ff3efe526a34000224a,Stocare,37,8,CONNECT GREEN PROJECT,1,C.N.T.E.E. TRANSELECTRICA S.A. | DEN |   PUTEREA  INSTALATA  LA NIVELUL SEN in Instalatii de Stocare a Energie Electrice |  date sintetice la data 01.09.2026 | Index | Nume | Grupuri | Pi | Pg | Pc | E | Gestionar | Nr. | [MW] | [MW] | [MW] | [MWh]
TSO_INSTALLED_2026_0,ab51bca39f32321e91c7101b3350e61a3f499d70b7ec8ff3efe526a34000224a,Stocare,38,1,30.0,2,C.N.T.E.E. TRANSELECTRICA S.A. | DEN |   PUTEREA  INSTALATA  LA NIVELUL SEN in Instalatii de Stocare a Energie Electrice |  date sintetice la data 01.09.2026 | Index | Nume | Grupuri | Pi | Pg | Pc | E | Gestionar | Nr. | [MW] | [MW] | [MW] | [MWh]
TSO_INSTALLED_2026_0,ab51bca39f32321e91c7101b3350e61a3f499d70b7ec8ff3efe526a34000224a,Stocare,38,2,CEM GANEASA 2,1,C.N.T.E.E. TRANSELECTRICA S.A. | DEN |   PUTEREA  INSTALATA  LA NIVELUL SEN in Instalatii de Stocare a Energie Electrice |  date sintetice la data 01.09.2026 | Index | Nume | Grupuri | Pi | Pg | Pc | E | Gestionar | Nr. | [MW] | [MW] | [MW] | [MWh]
TSO_INSTALLED_2026_0,ab51bca39f32321e91c7101b3350e61a3f499d70b7ec8ff3efe526a34000224a,Stocare,38,3,1.0,2,C.N.T.E.E. TRANSELECTRICA S.A. | DEN |   PUTEREA  INSTALATA  LA NIVELUL SEN in Instalatii de Stocare a Energie Electrice |  date sintetice la data 01.09.2026 | Index | Nume | Grupuri | Pi | Pg | Pc | E | Gestionar | Nr. | [MW] | [MW] | [MW] | [MWh]
TSO_INSTALLED_2026_0,ab51bca39f32321e91c7101b3350e61a3f499d70b7ec8ff3efe526a34000224a,Stocare,38,4,1.4,2,C.N.T.E.E. TRANSELECTRICA S.A. | DEN |   PUTEREA  INSTALATA  LA NIVELUL SEN in Instalatii de Stocare a Energie Electrice |  date sintetice la data 01.09.2026 | Index | Nume | Grupuri | Pi | Pg | Pc | E | Gestionar | Nr. | [MW] | [MW] | [MW] | [MWh]
TSO_INSTALLED_2026_0,ab51bca39f32321e91c7101b3350e61a3f499d70b7ec8ff3efe526a34000224a,Stocare,38,5,1.4,2,C.N.T.E.E. TRANSELECTRICA S.A. | DEN |   PUTEREA  INSTALATA  LA NIVELUL SEN in Instalatii de Stocare a Energie Electrice |  date sintetice la data 01.09.2026 | Index | Nume | Grupuri | Pi | Pg | Pc | E | Gestionar | Nr. | [MW] | [MW] | [MW] | [MWh]
TSO_INSTALLED_2026_0,ab51bca39f32321e91c7101b3350e61a3f499d70b7ec8ff3efe526a34000224a,Stocare,38,6,1.4,2,C.N.T.E.E. TRANSELECTRICA S.A. | DEN |   PUTEREA  INSTALATA  LA NIVELUL SEN in Instalatii de Stocare a Energie Electrice |  date sintetice la data 01.09.2026 | Index | Nume | Grupuri | Pi | Pg | Pc | E | Gestionar | Nr. | [MW] | [MW] | [MW] | [MWh]
TSO_INSTALLED_2026_0,ab51bca39f32321e91c7101b3350e61a3f499d70b7ec8ff3efe526a34000224a,Stocare,38,7,2.032,2,C.N.T.E.E. TRANSELECTRICA S.A. | DEN |   PUTEREA  INSTALATA  LA NIVELUL SEN in Instalatii de Stocare a Energie Electrice |  date sintetice la data 01.09.2026 | Index | Nume | Grupuri | Pi | Pg | Pc | E | Gestionar | Nr. | [MW] | [MW] | [MW] | [MWh]
TSO_INSTALLED_2026_0,ab51bca39f32321e91c7101b3350e61a3f499d70b7ec8ff3efe526a34000224a,Stocare,38,8,CONNECT GREEN PROJECT,1,C.N.T.E.E. TRANSELECTRICA S.A. | DEN |   PUTEREA  INSTALATA  LA NIVELUL SEN in Instalatii de Stocare a Energie Electrice |  date sintetice la data 01.09.2026 | Index | Nume | Grupuri | Pi | Pg | Pc | E | Gestionar | Nr. | [MW] | [MW] | [MW] | [MWh]
TSO_INSTALLED_2026_0,ab51bca39f32321e91c7101b3350e61a3f499d70b7ec8ff3efe526a34000224a,Stocare,39,1,31.0,2,C.N.T.E.E. TRANSELECTRICA S.A. | DEN |   PUTEREA  INSTALATA  LA NIVELUL SEN in Instalatii de Stocare a Energie Electrice |  date sintetice la data 01.09.2026 | Index | Nume | Grupuri | Pi | Pg | Pc | E | Gestionar | Nr. | [MW] | [MW] | [MW] | [MWh]
TSO_INSTALLED_2026_0,ab51bca39f32321e91c7101b3350e61a3f499d70b7ec8ff3efe526a34000224a,Stocare,39,2,CEM MEDIESU AURIT,1,C.N.T.E.E. TRANSELECTRICA S.A. | DEN |   PUTEREA  INSTALATA  LA NIVELUL SEN in Instalatii de Stocare a Energie Electrice |  date sintetice la data 01.09.2026 | Index | Nume | Grupuri | Pi | Pg | Pc | E | Gestionar | Nr. | [MW] | [MW] | [MW] | [MWh]
TSO_INSTALLED_2026_0,ab51bca39f32321e91c7101b3350e61a3f499d70b7ec8ff3efe526a34000224a,Stocare,39,3,1.0,2,C.N.T.E.E. TRANSELECTRICA S.A. | DEN |   PUTEREA  INSTALATA  LA NIVELUL SEN in Instalatii de Stocare a Energie Electrice |  date sintetice la data 01.09.2026 | Index | Nume | Grupuri | Pi | Pg | Pc | E | Gestionar | Nr. | [MW] | [MW] | [MW] | [MWh]
TSO_INSTALLED_2026_0,ab51bca39f32321e91c7101b3350e61a3f499d70b7ec8ff3efe526a34000224a,Stocare,39,4,0.704,2,C.N.T.E.E. TRANSELECTRICA S.A. | DEN |   PUTEREA  INSTALATA  LA NIVELUL SEN in Instalatii de Stocare a Energie Electrice |  date sintetice la data 01.09.2026 | Index | Nume | Grupuri | Pi | Pg | Pc | E | Gestionar | Nr. | [MW] | [MW] | [MW] | [MWh]
TSO_INSTALLED_2026_0,ab51bca39f32321e91c7101b3350e61a3f499d70b7ec8ff3efe526a34000224a,Stocare,39,5,0.704,2,C.N.T.E.E. TRANSELECTRICA S.A. | DEN |   PUTEREA  INSTALATA  LA NIVELUL SEN in Instalatii de Stocare a Energie Electrice |  date sintetice la data 01.09.2026 | Index | Nume | Grupuri | Pi | Pg | Pc | E | Gestionar | Nr. | [MW] | [MW] | [MW] | [MWh]
TSO_INSTALLED_2026_0,ab51bca39f32321e91c7101b3350e61a3f499d70b7ec8ff3efe526a34000224a,Stocare,39,6,0.704,2,C.N.T.E.E. TRANSELECTRICA S.A. | DEN |   PUTEREA  INSTALATA  LA NIVELUL SEN in Instalatii de Stocare a Energie Electrice |  date sintetice la data 01.09.2026 | Index | Nume | Grupuri | Pi | Pg | Pc | E | Gestionar | Nr. | [MW] | [MW] | [MW] | [MWh]
TSO_INSTALLED_2026_0,ab51bca39f32321e91c7101b3350e61a3f499d70b7ec8ff3efe526a34000224a,Stocare,39,7,0.947,2,C.N.T.E.E. TRANSELECTRICA S.A. | DEN |   PUTEREA  INSTALATA  LA NIVELUL SEN in Instalatii de Stocare a Energie Electrice |  date sintetice la data 01.09.2026 | Index | Nume | Grupuri | Pi | Pg | Pc | E | Gestionar | Nr. | [MW] | [MW] | [MW] | [MWh]
TSO_INSTALLED_2026_0,ab51bca39f32321e91c7101b3350e61a3f499d70b7ec8ff3efe526a34000224a,Stocare,39,8,UNIVERSAL ALLOY CORPORATION EUROPE,1,C.N.T.E.E. TRANSELECTRICA S.A. | DEN |   PUTEREA  INSTALATA  LA NIVELUL SEN in Instalatii de Stocare a Energie Electrice |  date sintetice la data 01.09.2026 | Index | Nume | Grupuri | Pi | Pg | Pc | E | Gestionar | Nr. | [MW] | [MW] | [MW] | [MWh]
TSO_INSTALLED_2026_0,ab51bca39f32321e91c7101b3350e61a3f499d70b7ec8ff3efe526a34000224a,Stocare,40,1,32.0,2,C.N.T.E.E. TRANSELECTRICA S.A. | DEN |   PUTEREA  INSTALATA  LA NIVELUL SEN in Instalatii de Stocare a Energie Electrice |  date sintetice la data 01.09.2026 | Index | Nume | Grupuri | Pi | Pg | Pc | E | Gestionar | Nr. | [MW] | [MW] | [MW] | [MWh]
TSO_INSTALLED_2026_0,ab51bca39f32321e91c7101b3350e61a3f499d70b7ec8ff3efe526a34000224a,Stocare,40,2,CEM SILISTEA 1,1,C.N.T.E.E. TRANSELECTRICA S.A. | DEN |   PUTEREA  INSTALATA  LA NIVELUL SEN in Instalatii de Stocare a Energie Electrice |  date sintetice la data 01.09.2026 | Index | Nume | Grupuri | Pi | Pg | Pc | E | Gestionar | Nr. | [MW] | [MW] | [MW] | [MWh]
TSO_INSTALLED_2026_0,ab51bca39f32321e91c7101b3350e61a3f499d70b7ec8ff3efe526a34000224a,Stocare,40,3,1.0,2,C.N.T.E.E. TRANSELECTRICA S.A. | DEN |   PUTEREA  INSTALATA  LA NIVELUL SEN in Instalatii de Stocare a Energie Electrice |  date sintetice la data 01.09.2026 | Index | Nume | Grupuri | Pi | Pg | Pc | E | Gestionar | Nr. | [MW] | [MW] | [MW] | [MWh]
TSO_INSTALLED_2026_0,ab51bca39f32321e91c7101b3350e61a3f499d70b7ec8ff3efe526a34000224a,Stocare,40,4,7.56,2,C.N.T.E.E. TRANSELECTRICA S.A. | DEN |   PUTEREA  INSTALATA  LA NIVELUL SEN in Instalatii de Stocare a Energie Electrice |  date sintetice la data 01.09.2026 | Index | Nume | Grupuri | Pi | Pg | Pc | E | Gestionar | Nr. | [MW] | [MW] | [MW] | [MWh]
TSO_INSTALLED_2026_0,ab51bca39f32321e91c7101b3350e61a3f499d70b7ec8ff3efe526a34000224a,Stocare,40,5,7.56,2,C.N.T.E.E. TRANSELECTRICA S.A. | DEN |   PUTEREA  INSTALATA  LA NIVELUL SEN in Instalatii de Stocare a Energie Electrice |  date sintetice la data 01.09.2026 | Index | Nume | Grupuri | Pi | Pg | Pc | E | Gestionar | Nr. | [MW] | [MW] | [MW] | [MWh]
TSO_INSTALLED_2026_0,ab51bca39f32321e91c7101b3350e61a3f499d70b7ec8ff3efe526a34000224a,Stocare,40,6,7.56,2,C.N.T.E.E. TRANSELECTRICA S.A. | DEN |   PUTEREA  INSTALATA  LA NIVELUL SEN in Instalatii de Stocare a Energie Electrice |  date sintetice la data 01.09.2026 | Index | Nume | Grupuri | Pi | Pg | Pc | E | Gestionar | Nr. | [MW] | [MW] | [MW] | [MWh]
TSO_INSTALLED_2026_0,ab51bca39f32321e91c7101b3350e61a3f499d70b7ec8ff3efe526a34000224a,Stocare,40,7,15.12,2,C.N.T.E.E. TRANSELECTRICA S.A. | DEN |   PUTEREA  INSTALATA  LA NIVELUL SEN in Instalatii de Stocare a Energie Electrice |  date sintetice la data 01.09.2026 | Index | Nume | Grupuri | Pi | Pg | Pc | E | Gestionar | Nr. | [MW] | [MW] | [MW] | [MWh]
TSO_INSTALLED_2026_0,ab51bca39f32321e91c7101b3350e61a3f499d70b7ec8ff3efe526a34000224a,Stocare,40,8,VERONIKI WIND,1,C.N.T.E.E. TRANSELECTRICA S.A. | DEN |   PUTEREA  INSTALATA  LA NIVELUL SEN in Instalatii de Stocare a Energie Electrice |  date sintetice la data 01.09.2026 | Index | Nume | Grupuri | Pi | Pg | Pc | E | Gestionar | Nr. | [MW] | [MW] | [MW] | [MWh]
TSO_INSTALLED_2026_0,ab51bca39f32321e91c7101b3350e61a3f499d70b7ec8ff3efe526a34000224a,Stocare,41,1,33.0,2,C.N.T.E.E. TRANSELECTRICA S.A. | DEN |   PUTEREA  INSTALATA  LA NIVELUL SEN in Instalatii de Stocare a Energie Electrice |  date sintetice la data 01.09.2026 | Index | Nume | Grupuri | Pi | Pg | Pc | E | Gestionar | Nr. | [MW] | [MW] | [MW] | [MWh]
TSO_INSTALLED_2026_0,ab51bca39f32321e91c7101b3350e61a3f499d70b7ec8ff3efe526a34000224a,Stocare,41,2,CEM BANESTI,1,C.N.T.E.E. TRANSELECTRICA S.A. | DEN |   PUTEREA  INSTALATA  LA NIVELUL SEN in Instalatii de Stocare a Energie Electrice |  date sintetice la data 01.09.2026 | Index | Nume | Grupuri | Pi | Pg | Pc | E | Gestionar | Nr. | [MW] | [MW] | [MW] | [MWh]
TSO_INSTALLED_2026_0,ab51bca39f32321e91c7101b3350e61a3f499d70b7ec8ff3efe526a34000224a,Stocare,41,3,1.0,2,C.N.T.E.E. TRANSELECTRICA S.A. | DEN |   PUTEREA  INSTALATA  LA NIVELUL SEN in Instalatii de Stocare a Energie Electrice |  date sintetice la data 01.09.2026 | Index | Nume | Grupuri | Pi | Pg | Pc | E | Gestionar | Nr. | [MW] | [MW] | [MW] | [MWh]
TSO_INSTALLED_2026_0,ab51bca39f32321e91c7101b3350e61a3f499d70b7ec8ff3efe526a34000224a,Stocare,41,4,0.8,2,C.N.T.E.E. TRANSELECTRICA S.A. | DEN |   PUTEREA  INSTALATA  LA NIVELUL SEN in Instalatii de Stocare a Energie Electrice |  date sintetice la data 01.09.2026 | Index | Nume | Grupuri | Pi | Pg | Pc | E | Gestionar | Nr. | [MW] | [MW] | [MW] | [MWh]
TSO_INSTALLED_2026_0,ab51bca39f32321e91c7101b3350e61a3f499d70b7ec8ff3efe526a34000224a,Stocare,41,5,0.8,2,C.N.T.E.E. TRANSELECTRICA S.A. | DEN |   PUTEREA  INSTALATA  LA NIVELUL SEN in Instalatii de Stocare a Energie Electrice |  date sintetice la data 01.09.2026 | Index | Nume | Grupuri | Pi | Pg | Pc | E | Gestionar | Nr. | [MW] | [MW] | [MW] | [MWh]
TSO_INSTALLED_2026_0,ab51bca39f32321e91c7101b3350e61a3f499d70b7ec8ff3efe526a34000224a,Stocare,41,6,0.8,2,C.N.T.E.E. TRANSELECTRICA S.A. | DEN |   PUTEREA  INSTALATA  LA NIVELUL SEN in Instalatii de Stocare a Energie Electrice |  date sintetice la data 01.09.2026 | Index | Nume | Grupuri | Pi | Pg | Pc | E | Gestionar | Nr. | [MW] | [MW] | [MW] | [MWh]
TSO_INSTALLED_2026_0,ab51bca39f32321e91c7101b3350e61a3f499d70b7ec8ff3efe526a34000224a,Stocare,41,7,0.8,2,C.N.T.E.E. TRANSELECTRICA S.A. | DEN |   PUTEREA  INSTALATA  LA NIVELUL SEN in Instalatii de Stocare a Energie Electrice |  date sintetice la data 01.09.2026 | Index | Nume | Grupuri | Pi | Pg | Pc | E | Gestionar | Nr. | [MW] | [MW] | [MW] | [MWh]
TSO_INSTALLED_2026_0,ab51bca39f32321e91c7101b3350e61a3f499d70b7ec8ff3efe526a34000224a,Stocare,41,8,HANSAROM MANAGEMENT&CONSULTING,1,C.N.T.E.E. TRANSELECTRICA S.A. | DEN |   PUTEREA  INSTALATA  LA NIVELUL SEN in Instalatii de Stocare a Energie Electrice |  date sintetice la data 01.09.2026 | Index | Nume | Grupuri | Pi | Pg | Pc | E | Gestionar | Nr. | [MW] | [MW] | [MW] | [MWh]
TSO_INSTALLED_2026_0,ab51bca39f32321e91c7101b3350e61a3f499d70b7ec8ff3efe526a34000224a,Stocare,42,1,34.0,2,C.N.T.E.E. TRANSELECTRICA S.A. | DEN |   PUTEREA  INSTALATA  LA NIVELUL SEN in Instalatii de Stocare a Energie Electrice |  date sintetice la data 01.09.2026 | Index | Nume | Grupuri | Pi | Pg | Pc | E | Gestionar | Nr. | [MW] | [MW] | [MW] | [MWh]
TSO_INSTALLED_2026_0,ab51bca39f32321e91c7101b3350e61a3f499d70b7ec8ff3efe526a34000224a,Stocare,42,2,CEM AGHIRESU - FABRICI,1,C.N.T.E.E. TRANSELECTRICA S.A. | DEN |   PUTEREA  INSTALATA  LA NIVELUL SEN in Instalatii de Stocare a Energie Electrice |  date sintetice la data 01.09.2026 | Index | Nume | Grupuri | Pi | Pg | Pc | E | Gestionar | Nr. | [MW] | [MW] | [MW] | [MWh]
TSO_INSTALLED_2026_0,ab51bca39f32321e91c7101b3350e61a3f499d70b7ec8ff3efe526a34000224a,Stocare,42,3,1.0,2,C.N.T.E.E. TRANSELECTRICA S.A. | DEN |   PUTEREA  INSTALATA  LA NIVELUL SEN in Instalatii de Stocare a Energie Electrice |  date sintetice la data 01.09.2026 | Index | Nume | Grupuri | Pi | Pg | Pc | E | Gestionar | Nr. | [MW] | [MW] | [MW] | [MWh]
TSO_INSTALLED_2026_0,ab51bca39f32321e91c7101b3350e61a3f499d70b7ec8ff3efe526a34000224a,Stocare,42,4,4.8,2,C.N.T.E.E. TRANSELECTRICA S.A. | DEN |   PUTEREA  INSTALATA  LA NIVELUL SEN in Instalatii de Stocare a Energie Electrice |  date sintetice la data 01.09.2026 | Index | Nume | Grupuri | Pi | Pg | Pc | E | Gestionar | Nr. | [MW] | [MW] | [MW] | [MWh]
TSO_INSTALLED_2026_0,ab51bca39f32321e91c7101b3350e61a3f499d70b7ec8ff3efe526a34000224a,Stocare,42,5,4.8,2,C.N.T.E.E. TRANSELECTRICA S.A. | DEN |   PUTEREA  INSTALATA  LA NIVELUL SEN in Instalatii de Stocare a Energie Electrice |  date sintetice la data 01.09.2026 | Index | Nume | Grupuri | Pi | Pg | Pc | E | Gestionar | Nr. | [MW] | [MW] | [MW] | [MWh]
TSO_INSTALLED_2026_0,ab51bca39f32321e91c7101b3350e61a3f499d70b7ec8ff3efe526a34000224a,Stocare,42,6,4.8,2,C.N.T.E.E. TRANSELECTRICA S.A. | DEN |   PUTEREA  INSTALATA  LA NIVELUL SEN in Instalatii de Stocare a Energie Electrice |  date sintetice la data 01.09.2026 | Index | Nume | Grupuri | Pi | Pg | Pc | E | Gestionar | Nr. | [MW] | [MW] | [MW] | [MWh]
TSO_INSTALLED_2026_0,ab51bca39f32321e91c7101b3350e61a3f499d70b7ec8ff3efe526a34000224a,Stocare,42,7,9.6,2,C.N.T.E.E. TRANSELECTRICA S.A. | DEN |   PUTEREA  INSTALATA  LA NIVELUL SEN in Instalatii de Stocare a Energie Electrice |  date sintetice la data 01.09.2026 | Index | Nume | Grupuri | Pi | Pg | Pc | E | Gestionar | Nr. | [MW] | [MW] | [MW] | [MWh]
TSO_INSTALLED_2026_0,ab51bca39f32321e91c7101b3350e61a3f499d70b7ec8ff3efe526a34000224a,Stocare,42,8,CENTRAL INVESTMENT PLAZA,1,C.N.T.E.E. TRANSELECTRICA S.A. | DEN |   PUTEREA  INSTALATA  LA NIVELUL SEN in Instalatii de Stocare a Energie Electrice |  date sintetice la data 01.09.2026 | Index | Nume | Grupuri | Pi | Pg | Pc | E | Gestionar | Nr. | [MW] | [MW] | [MW] | [MWh]
TSO_INSTALLED_2026_0,ab51bca39f32321e91c7101b3350e61a3f499d70b7ec8ff3efe526a34000224a,Stocare,43,1,35.0,2,C.N.T.E.E. TRANSELECTRICA S.A. | DEN |   PUTEREA  INSTALATA  LA NIVELUL SEN in Instalatii de Stocare a Energie Electrice |  date sintetice la data 01.09.2026 | Index | Nume | Grupuri | Pi | Pg | Pc | E | Gestionar | Nr. | [MW] | [MW] | [MW] | [MWh]
TSO_INSTALLED_2026_0,ab51bca39f32321e91c7101b3350e61a3f499d70b7ec8ff3efe526a34000224a,Stocare,43,2,IAZ,1,C.N.T.E.E. TRANSELECTRICA S.A. | DEN |   PUTEREA  INSTALATA  LA NIVELUL SEN in Instalatii de Stocare a Energie Electrice |  date sintetice la data 01.09.2026 | Index | Nume | Grupuri | Pi | Pg | Pc | E | Gestionar | Nr. | [MW] | [MW] | [MW] | [MWh]
TSO_INSTALLED_2026_0,ab51bca39f32321e91c7101b3350e61a3f499d70b7ec8ff3efe526a34000224a,Stocare,43,3,1.0,2,C.N.T.E.E. TRANSELECTRICA S.A. | DEN |   PUTEREA  INSTALATA  LA NIVELUL SEN in Instalatii de Stocare a Energie Electrice |  date sintetice la data 01.09.2026 | Index | Nume | Grupuri | Pi | Pg | Pc | E | Gestionar | Nr. | [MW] | [MW] | [MW] | [MWh]
TSO_INSTALLED_2026_0,ab51bca39f32321e91c7101b3350e61a3f499d70b7ec8ff3efe526a34000224a,Stocare,43,4,100.0,2,C.N.T.E.E. TRANSELECTRICA S.A. | DEN |   PUTEREA  INSTALATA  LA NIVELUL SEN in Instalatii de Stocare a Energie Electrice |  date sintetice la data 01.09.2026 | Index | Nume | Grupuri | Pi | Pg | Pc | E | Gestionar | Nr. | [MW] | [MW] | [MW] | [MWh]
TSO_INSTALLED_2026_0,ab51bca39f32321e91c7101b3350e61a3f499d70b7ec8ff3efe526a34000224a,Stocare,43,5,100.0,2,C.N.T.E.E. TRANSELECTRICA S.A. | DEN |   PUTEREA  INSTALATA  LA NIVELUL SEN in Instalatii de Stocare a Energie Electrice |  date sintetice la data 01.09.2026 | Index | Nume | Grupuri | Pi | Pg | Pc | E | Gestionar | Nr. | [MW] | [MW] | [MW] | [MWh]
TSO_INSTALLED_2026_0,ab51bca39f32321e91c7101b3350e61a3f499d70b7ec8ff3efe526a34000224a,Stocare,43,6,100.0,2,C.N.T.E.E. TRANSELECTRICA S.A. | DEN |   PUTEREA  INSTALATA  LA NIVELUL SEN in Instalatii de Stocare a Energie Electrice |  date sintetice la data 01.09.2026 | Index | Nume | Grupuri | Pi | Pg | Pc | E | Gestionar | Nr. | [MW] | [MW] | [MW] | [MWh]
TSO_INSTALLED_2026_0,ab51bca39f32321e91c7101b3350e61a3f499d70b7ec8ff3efe526a34000224a,Stocare,43,7,206.4,2,C.N.T.E.E. TRANSELECTRICA S.A. | DEN |   PUTEREA  INSTALATA  LA NIVELUL SEN in Instalatii de Stocare a Energie Electrice |  date sintetice la data 01.09.2026 | Index | Nume | Grupuri | Pi | Pg | Pc | E | Gestionar | Nr. | [MW] | [MW] | [MW] | [MWh]
TSO_INSTALLED_2026_0,ab51bca39f32321e91c7101b3350e61a3f499d70b7ec8ff3efe526a34000224a,Stocare,43,8,ENERGY CAPITAL GROUP,1,C.N.T.E.E. TRANSELECTRICA S.A. | DEN |   PUTEREA  INSTALATA  LA NIVELUL SEN in Instalatii de Stocare a Energie Electrice |  date sintetice la data 01.09.2026 | Index | Nume | Grupuri | Pi | Pg | Pc | E | Gestionar | Nr. | [MW] | [MW] | [MW] | [MWh]
TSO_INSTALLED_2026_0,ab51bca39f32321e91c7101b3350e61a3f499d70b7ec8ff3efe526a34000224a,Stocare,44,1,36.0,2,C.N.T.E.E. TRANSELECTRICA S.A. | DEN |   PUTEREA  INSTALATA  LA NIVELUL SEN in Instalatii de Stocare a Energie Electrice |  date sintetice la data 01.09.2026 | Index | Nume | Grupuri | Pi | Pg | Pc | E | Gestionar | Nr. | [MW] | [MW] | [MW] | [MWh]
TSO_INSTALLED_2026_0,ab51bca39f32321e91c7101b3350e61a3f499d70b7ec8ff3efe526a34000224a,Stocare,44,2,TUSNAD,1,C.N.T.E.E. TRANSELECTRICA S.A. | DEN |   PUTEREA  INSTALATA  LA NIVELUL SEN in Instalatii de Stocare a Energie Electrice |  date sintetice la data 01.09.2026 | Index | Nume | Grupuri | Pi | Pg | Pc | E | Gestionar | Nr. | [MW] | [MW] | [MW] | [MWh]
TSO_INSTALLED_2026_0,ab51bca39f32321e91c7101b3350e61a3f499d70b7ec8ff3efe526a34000224a,Stocare,44,3,1.0,2,C.N.T.E.E. TRANSELECTRICA S.A. | DEN |   PUTEREA  INSTALATA  LA NIVELUL SEN in Instalatii de Stocare a Energie Electrice |  date sintetice la data 01.09.2026 | Index | Nume | Grupuri | Pi | Pg | Pc | E | Gestionar | Nr. | [MW] | [MW] | [MW] | [MWh]
TSO_INSTALLED_2026_0,ab51bca39f32321e91c7101b3350e61a3f499d70b7ec8ff3efe526a34000224a,Stocare,44,4,10.35,2,C.N.T.E.E. TRANSELECTRICA S.A. | DEN |   PUTEREA  INSTALATA  LA NIVELUL SEN in Instalatii de Stocare a Energie Electrice |  date sintetice la data 01.09.2026 | Index | Nume | Grupuri | Pi | Pg | Pc | E | Gestionar | Nr. | [MW] | [MW] | [MW] | [MWh]
TSO_INSTALLED_2026_0,ab51bca39f32321e91c7101b3350e61a3f499d70b7ec8ff3efe526a34000224a,Stocare,44,5,10.35,2,C.N.T.E.E. TRANSELECTRICA S.A. | DEN |   PUTEREA  INSTALATA  LA NIVELUL SEN in Instalatii de Stocare a Energie Electrice |  date sintetice la data 01.09.2026 | Index | Nume | Grupuri | Pi | Pg | Pc | E | Gestionar | Nr. | [MW] | [MW] | [MW] | [MWh]
TSO_INSTALLED_2026_0,ab51bca39f32321e91c7101b3350e61a3f499d70b7ec8ff3efe526a34000224a,Stocare,44,6,10.35,2,C.N.T.E.E. TRANSELECTRICA S.A. | DEN |   PUTEREA  INSTALATA  LA NIVELUL SEN in Instalatii de Stocare a Energie Electrice |  date sintetice la data 01.09.2026 | Index | Nume | Grupuri | Pi | Pg | Pc | E | Gestionar | Nr. | [MW] | [MW] | [MW] | [MWh]
TSO_INSTALLED_2026_0,ab51bca39f32321e91c7101b3350e61a3f499d70b7ec8ff3efe526a34000224a,Stocare,44,7,20.7,2,C.N.T.E.E. TRANSELECTRICA S.A. | DEN |   PUTEREA  INSTALATA  LA NIVELUL SEN in Instalatii de Stocare a Energie Electrice |  date sintetice la data 01.09.2026 | Index | Nume | Grupuri | Pi | Pg | Pc | E | Gestionar | Nr. | [MW] | [MW] | [MW] | [MWh]
TSO_INSTALLED_2026_0,ab51bca39f32321e91c7101b3350e61a3f499d70b7ec8ff3efe526a34000224a,Stocare,44,8,PANDA INVESTMENT,1,C.N.T.E.E. TRANSELECTRICA S.A. | DEN |   PUTEREA  INSTALATA  LA NIVELUL SEN in Instalatii de Stocare a Energie Electrice |  date sintetice la data 01.09.2026 | Index | Nume | Grupuri | Pi | Pg | Pc | E | Gestionar | Nr. | [MW] | [MW] | [MW] | [MWh]
TSO_INSTALLED_2026_0,ab51bca39f32321e91c7101b3350e61a3f499d70b7ec8ff3efe526a34000224a,Stocare,45,1,37.0,2,C.N.T.E.E. TRANSELECTRICA S.A. | DEN |   PUTEREA  INSTALATA  LA NIVELUL SEN in Instalatii de Stocare a Energie Electrice |  date sintetice la data 01.09.2026 | Index | Nume | Grupuri | Pi | Pg | Pc | E | Gestionar | Nr. | [MW] | [MW] | [MW] | [MWh]
TSO_INSTALLED_2026_0,ab51bca39f32321e91c7101b3350e61a3f499d70b7ec8ff3efe526a34000224a,Stocare,45,2,CEM CALAFAT,1,C.N.T.E.E. TRANSELECTRICA S.A. | DEN |   PUTEREA  INSTALATA  LA NIVELUL SEN in Instalatii de Stocare a Energie Electrice |  date sintetice la data 01.09.2026 | Index | Nume | Grupuri | Pi | Pg | Pc | E | Gestionar | Nr. | [MW] | [MW] | [MW] | [MWh]
TSO_INSTALLED_2026_0,ab51bca39f32321e91c7101b3350e61a3f499d70b7ec8ff3efe526a34000224a,Stocare,45,3,1.0,2,C.N.T.E.E. TRANSELECTRICA S.A. | DEN |   PUTEREA  INSTALATA  LA NIVELUL SEN in Instalatii de Stocare a Energie Electrice |  date sintetice la data 01.09.2026 | Index | Nume | Grupuri | Pi | Pg | Pc | E | Gestionar | Nr. | [MW] | [MW] | [MW] | [MWh]
TSO_INSTALLED_2026_0,ab51bca39f32321e91c7101b3350e61a3f499d70b7ec8ff3efe526a34000224a,Stocare,45,4,4.064,2,C.N.T.E.E. TRANSELECTRICA S.A. | DEN |   PUTEREA  INSTALATA  LA NIVELUL SEN in Instalatii de Stocare a Energie Electrice |  date sintetice la data 01.09.2026 | Index | Nume | Grupuri | Pi | Pg | Pc | E | Gestionar | Nr. | [MW] | [MW] | [MW] | [MWh]
TSO_INSTALLED_2026_0,ab51bca39f32321e91c7101b3350e61a3f499d70b7ec8ff3efe526a34000224a,Stocare,45,5,4.064,2,C.N.T.E.E. TRANSELECTRICA S.A. | DEN |   PUTEREA  INSTALATA  LA NIVELUL SEN in Instalatii de Stocare a Energie Electrice |  date sintetice la data 01.09.2026 | Index | Nume | Grupuri | Pi | Pg | Pc | E | Gestionar | Nr. | [MW] | [MW] | [MW] | [MWh]
TSO_INSTALLED_2026_0,ab51bca39f32321e91c7101b3350e61a3f499d70b7ec8ff3efe526a34000224a,Stocare,45,6,4.064,2,C.N.T.E.E. TRANSELECTRICA S.A. | DEN |   PUTEREA  INSTALATA  LA NIVELUL SEN in Instalatii de Stocare a Energie Electrice |  date sintetice la data 01.09.2026 | Index | Nume | Grupuri | Pi | Pg | Pc | E | Gestionar | Nr. | [MW] | [MW] | [MW] | [MWh]
TSO_INSTALLED_2026_0,ab51bca39f32321e91c7101b3350e61a3f499d70b7ec8ff3efe526a34000224a,Stocare,45,7,4.064,2,C.N.T.E.E. TRANSELECTRICA S.A. | DEN |   PUTEREA  INSTALATA  LA NIVELUL SEN in Instalatii de Stocare a Energie Electrice |  date sintetice la data 01.09.2026 | Index | Nume | Grupuri | Pi | Pg | Pc | E | Gestionar | Nr. | [MW] | [MW] | [MW] | [MWh]
TSO_INSTALLED_2026_0,ab51bca39f32321e91c7101b3350e61a3f499d70b7ec8ff3efe526a34000224a,Stocare,45,8,VOLTACOM DOL,1,C.N.T.E.E. TRANSELECTRICA S.A. | DEN |   PUTEREA  INSTALATA  LA NIVELUL SEN in Instalatii de Stocare a Energie Electrice |  date sintetice la data 01.09.2026 | Index | Nume | Grupuri | Pi | Pg | Pc | E | Gestionar | Nr. | [MW] | [MW] | [MW] | [MWh]
TSO_INSTALLED_2026_0,ab51bca39f32321e91c7101b3350e61a3f499d70b7ec8ff3efe526a34000224a,Stocare,46,1,38.0,2,C.N.T.E.E. TRANSELECTRICA S.A. | DEN |   PUTEREA  INSTALATA  LA NIVELUL SEN in Instalatii de Stocare a Energie Electrice |  date sintetice la data 01.09.2026 | Index | Nume | Grupuri | Pi | Pg | Pc | E | Gestionar | Nr. | [MW] | [MW] | [MW] | [MWh]
TSO_INSTALLED_2026_0,ab51bca39f32321e91c7101b3350e61a3f499d70b7ec8ff3efe526a34000224a,Stocare,46,2,CEM COBADIN,1,C.N.T.E.E. TRANSELECTRICA S.A. | DEN |   PUTEREA  INSTALATA  LA NIVELUL SEN in Instalatii de Stocare a Energie Electrice |  date sintetice la data 01.09.2026 | Index | Nume | Grupuri | Pi | Pg | Pc | E | Gestionar | Nr. | [MW] | [MW] | [MW] | [MWh]
TSO_INSTALLED_2026_0,ab51bca39f32321e91c7101b3350e61a3f499d70b7ec8ff3efe526a34000224a,Stocare,46,3,1.0,2,C.N.T.E.E. TRANSELECTRICA S.A. | DEN |   PUTEREA  INSTALATA  LA NIVELUL SEN in Instalatii de Stocare a Energie Electrice |  date sintetice la data 01.09.2026 | Index | Nume | Grupuri | Pi | Pg | Pc | E | Gestionar | Nr. | [MW] | [MW] | [MW] | [MWh]
TSO_INSTALLED_2026_0,ab51bca39f32321e91c7101b3350e61a3f499d70b7ec8ff3efe526a34000224a,Stocare,46,4,6.9,2,C.N.T.E.E. TRANSELECTRICA S.A. | DEN |   PUTEREA  INSTALATA  LA NIVELUL SEN in Instalatii de Stocare a Energie Electrice |  date sintetice la data 01.09.2026 | Index | Nume | Grupuri | Pi | Pg | Pc | E | Gestionar | Nr. | [MW] | [MW] | [MW] | [MWh]
TSO_INSTALLED_2026_0,ab51bca39f32321e91c7101b3350e61a3f499d70b7ec8ff3efe526a34000224a,Stocare,46,5,6.9,2,C.N.T.E.E. TRANSELECTRICA S.A. | DEN |   PUTEREA  INSTALATA  LA NIVELUL SEN in Instalatii de Stocare a Energie Electrice |  date sintetice la data 01.09.2026 | Index | Nume | Grupuri | Pi | Pg | Pc | E | Gestionar | Nr. | [MW] | [MW] | [MW] | [MWh]
TSO_INSTALLED_2026_0,ab51bca39f32321e91c7101b3350e61a3f499d70b7ec8ff3efe526a34000224a,Stocare,46,6,6.9,2,C.N.T.E.E. TRANSELECTRICA S.A. | DEN |   PUTEREA  INSTALATA  LA NIVELUL SEN in Instalatii de Stocare a Energie Electrice |  date sintetice la data 01.09.2026 | Index | Nume | Grupuri | Pi | Pg | Pc | E | Gestionar | Nr. | [MW] | [MW] | [MW] | [MWh]
TSO_INSTALLED_2026_0,ab51bca39f32321e91c7101b3350e61a3f499d70b7ec8ff3efe526a34000224a,Stocare,46,7,13.96,2,C.N.T.E.E. TRANSELECTRICA S.A. | DEN |   PUTEREA  INSTALATA  LA NIVELUL SEN in Instalatii de Stocare a Energie Electrice |  date sintetice la data 01.09.2026 | Index | Nume | Grupuri | Pi | Pg | Pc | E | Gestionar | Nr. | [MW] | [MW] | [MW] | [MWh]
TSO_INSTALLED_2026_0,ab51bca39f32321e91c7101b3350e61a3f499d70b7ec8ff3efe526a34000224a,Stocare,46,8,2A ALLCROSS,1,C.N.T.E.E. TRANSELECTRICA S.A. | DEN |   PUTEREA  INSTALATA  LA NIVELUL SEN in Instalatii de Stocare a Energie Electrice |  date sintetice la data 01.09.2026 | Index | Nume | Grupuri | Pi | Pg | Pc | E | Gestionar | Nr. | [MW] | [MW] | [MW] | [MWh]
TSO_INSTALLED_2026_0,ab51bca39f32321e91c7101b3350e61a3f499d70b7ec8ff3efe526a34000224a,Stocare,47,1,39.0,2,C.N.T.E.E. TRANSELECTRICA S.A. | DEN |   PUTEREA  INSTALATA  LA NIVELUL SEN in Instalatii de Stocare a Energie Electrice |  date sintetice la data 01.09.2026 | Index | Nume | Grupuri | Pi | Pg | Pc | E | Gestionar | Nr. | [MW] | [MW] | [MW] | [MWh]
TSO_INSTALLED_2026_0,ab51bca39f32321e91c7101b3350e61a3f499d70b7ec8ff3efe526a34000224a,Stocare,47,2,CEM TEIUS,1,C.N.T.E.E. TRANSELECTRICA S.A. | DEN |   PUTEREA  INSTALATA  LA NIVELUL SEN in Instalatii de Stocare a Energie Electrice |  date sintetice la data 01.09.2026 | Index | Nume | Grupuri | Pi | Pg | Pc | E | Gestionar | Nr. | [MW] | [MW] | [MW] | [MWh]
TSO_INSTALLED_2026_0,ab51bca39f32321e91c7101b3350e61a3f499d70b7ec8ff3efe526a34000224a,Stocare,47,3,1.0,2,C.N.T.E.E. TRANSELECTRICA S.A. | DEN |   PUTEREA  INSTALATA  LA NIVELUL SEN in Instalatii de Stocare a Energie Electrice |  date sintetice la data 01.09.2026 | Index | Nume | Grupuri | Pi | Pg | Pc | E | Gestionar | Nr. | [MW] | [MW] | [MW] | [MWh]
TSO_INSTALLED_2026_0,ab51bca39f32321e91c7101b3350e61a3f499d70b7ec8ff3efe526a34000224a,Stocare,47,4,60.0,2,C.N.T.E.E. TRANSELECTRICA S.A. | DEN |   PUTEREA  INSTALATA  LA NIVELUL SEN in Instalatii de Stocare a Energie Electrice |  date sintetice la data 01.09.2026 | Index | Nume | Grupuri | Pi | Pg | Pc | E | Gestionar | Nr. | [MW] | [MW] | [MW] | [MWh]
TSO_INSTALLED_2026_0,ab51bca39f32321e91c7101b3350e61a3f499d70b7ec8ff3efe526a34000224a,Stocare,47,5,60.0,2,C.N.T.E.E. TRANSELECTRICA S.A. | DEN |   PUTEREA  INSTALATA  LA NIVELUL SEN in Instalatii de Stocare a Energie Electrice |  date sintetice la data 01.09.2026 | Index | Nume | Grupuri | Pi | Pg | Pc | E | Gestionar | Nr. | [MW] | [MW] | [MW] | [MWh]
TSO_INSTALLED_2026_0,ab51bca39f32321e91c7101b3350e61a3f499d70b7ec8ff3efe526a34000224a,Stocare,47,6,60.0,2,C.N.T.E.E. TRANSELECTRICA S.A. | DEN |   PUTEREA  INSTALATA  LA NIVELUL SEN in Instalatii de Stocare a Energie Electrice |  date sintetice la data 01.09.2026 | Index | Nume | Grupuri | Pi | Pg | Pc | E | Gestionar | Nr. | [MW] | [MW] | [MW] | [MWh]
TSO_INSTALLED_2026_0,ab51bca39f32321e91c7101b3350e61a3f499d70b7ec8ff3efe526a34000224a,Stocare,47,7,116.96,2,C.N.T.E.E. TRANSELECTRICA S.A. | DEN |   PUTEREA  INSTALATA  LA NIVELUL SEN in Instalatii de Stocare a Energie Electrice |  date sintetice la data 01.09.2026 | Index | Nume | Grupuri | Pi | Pg | Pc | E | Gestionar | Nr. | [MW] | [MW] | [MW] | [MWh]
TSO_INSTALLED_2026_0,ab51bca39f32321e91c7101b3350e61a3f499d70b7ec8ff3efe526a34000224a,Stocare,47,8,TEIUS SOLAR,1,C.N.T.E.E. TRANSELECTRICA S.A. | DEN |   PUTEREA  INSTALATA  LA NIVELUL SEN in Instalatii de Stocare a Energie Electrice |  date sintetice la data 01.09.2026 | Index | Nume | Grupuri | Pi | Pg | Pc | E | Gestionar | Nr. | [MW] | [MW] | [MW] | [MWh]
TSO_INSTALLED_2026_0,ab51bca39f32321e91c7101b3350e61a3f499d70b7ec8ff3efe526a34000224a,Stocare,48,1,40.0,2,C.N.T.E.E. TRANSELECTRICA S.A. | DEN |   PUTEREA  INSTALATA  LA NIVELUL SEN in Instalatii de Stocare a Energie Electrice |  date sintetice la data 01.09.2026 | Index | Nume | Grupuri | Pi | Pg | Pc | E | Gestionar | Nr. | [MW] | [MW] | [MW] | [MWh]
TSO_INSTALLED_2026_0,ab51bca39f32321e91c7101b3350e61a3f499d70b7ec8ff3efe526a34000224a,Stocare,48,2,TOPLITA,1,C.N.T.E.E. TRANSELECTRICA S.A. | DEN |   PUTEREA  INSTALATA  LA NIVELUL SEN in Instalatii de Stocare a Energie Electrice |  date sintetice la data 01.09.2026 | Index | Nume | Grupuri | Pi | Pg | Pc | E | Gestionar | Nr. | [MW] | [MW] | [MW] | [MWh]
TSO_INSTALLED_2026_0,ab51bca39f32321e91c7101b3350e61a3f499d70b7ec8ff3efe526a34000224a,Stocare,48,3,1.0,2,C.N.T.E.E. TRANSELECTRICA S.A. | DEN |   PUTEREA  INSTALATA  LA NIVELUL SEN in Instalatii de Stocare a Energie Electrice |  date sintetice la data 01.09.2026 | Index | Nume | Grupuri | Pi | Pg | Pc | E | Gestionar | Nr. | [MW] | [MW] | [MW] | [MWh]
TSO_INSTALLED_2026_0,ab51bca39f32321e91c7101b3350e61a3f499d70b7ec8ff3efe526a34000224a,Stocare,48,4,32.584,2,C.N.T.E.E. TRANSELECTRICA S.A. | DEN |   PUTEREA  INSTALATA  LA NIVELUL SEN in Instalatii de Stocare a Energie Electrice |  date sintetice la data 01.09.2026 | Index | Nume | Grupuri | Pi | Pg | Pc | E | Gestionar | Nr. | [MW] | [MW] | [MW] | [MWh]
TSO_INSTALLED_2026_0,ab51bca39f32321e91c7101b3350e61a3f499d70b7ec8ff3efe526a34000224a,Stocare,48,5,32.584,2,C.N.T.E.E. TRANSELECTRICA S.A. | DEN |   PUTEREA  INSTALATA  LA NIVELUL SEN in Instalatii de Stocare a Energie Electrice |  date sintetice la data 01.09.2026 | Index | Nume | Grupuri | Pi | Pg | Pc | E | Gestionar | Nr. | [MW] | [MW] | [MW] | [MWh]
TSO_INSTALLED_2026_0,ab51bca39f32321e91c7101b3350e61a3f499d70b7ec8ff3efe526a34000224a,Stocare,48,6,32.584,2,C.N.T.E.E. TRANSELECTRICA S.A. | DEN |   PUTEREA  INSTALATA  LA NIVELUL SEN in Instalatii de Stocare a Energie Electrice |  date sintetice la data 01.09.2026 | Index | Nume | Grupuri | Pi | Pg | Pc | E | Gestionar | Nr. | [MW] | [MW] | [MW] | [MWh]
TSO_INSTALLED_2026_0,ab51bca39f32321e91c7101b3350e61a3f499d70b7ec8ff3efe526a34000224a,Stocare,48,7,65.168,2,C.N.T.E.E. TRANSELECTRICA S.A. | DEN |   PUTEREA  INSTALATA  LA NIVELUL SEN in Instalatii de Stocare a Energie Electrice |  date sintetice la data 01.09.2026 | Index | Nume | Grupuri | Pi | Pg | Pc | E | Gestionar | Nr. | [MW] | [MW] | [MW] | [MWh]
TSO_INSTALLED_2026_0,ab51bca39f32321e91c7101b3350e61a3f499d70b7ec8ff3efe526a34000224a,Stocare,48,8,RENOVATIO TRADING,1,C.N.T.E.E. TRANSELECTRICA S.A. | DEN |   PUTEREA  INSTALATA  LA NIVELUL SEN in Instalatii de Stocare a Energie Electrice |  date sintetice la data 01.09.2026 | Index | Nume | Grupuri | Pi | Pg | Pc | E | Gestionar | Nr. | [MW] | [MW] | [MW] | [MWh]
TSO_INSTALLED_2026_0,ab51bca39f32321e91c7101b3350e61a3f499d70b7ec8ff3efe526a34000224a,Stocare,49,1,41.0,2,C.N.T.E.E. TRANSELECTRICA S.A. | DEN |   PUTEREA  INSTALATA  LA NIVELUL SEN in Instalatii de Stocare a Energie Electrice |  date sintetice la data 01.09.2026 | Index | Nume | Grupuri | Pi | Pg | Pc | E | Gestionar | Nr. | [MW] | [MW] | [MW] | [MWh]
TSO_INSTALLED_2026_0,ab51bca39f32321e91c7101b3350e61a3f499d70b7ec8ff3efe526a34000224a,Stocare,49,2,CEM AUTORO,1,C.N.T.E.E. TRANSELECTRICA S.A. | DEN |   PUTEREA  INSTALATA  LA NIVELUL SEN in Instalatii de Stocare a Energie Electrice |  date sintetice la data 01.09.2026 | Index | Nume | Grupuri | Pi | Pg | Pc | E | Gestionar | Nr. | [MW] | [MW] | [MW] | [MWh]
TSO_INSTALLED_2026_0,ab51bca39f32321e91c7101b3350e61a3f499d70b7ec8ff3efe526a34000224a,Stocare,49,3,1.0,2,C.N.T.E.E. TRANSELECTRICA S.A. | DEN |   PUTEREA  INSTALATA  LA NIVELUL SEN in Instalatii de Stocare a Energie Electrice |  date sintetice la data 01.09.2026 | Index | Nume | Grupuri | Pi | Pg | Pc | E | Gestionar | Nr. | [MW] | [MW] | [MW] | [MWh]
TSO_INSTALLED_2026_0,ab51bca39f32321e91c7101b3350e61a3f499d70b7ec8ff3efe526a34000224a,Stocare,49,4,11.0,2,C.N.T.E.E. TRANSELECTRICA S.A. | DEN |   PUTEREA  INSTALATA  LA NIVELUL SEN in Instalatii de Stocare a Energie Electrice |  date sintetice la data 01.09.2026 | Index | Nume | Grupuri | Pi | Pg | Pc | E | Gestionar | Nr. | [MW] | [MW] | [MW] | [MWh]
TSO_INSTALLED_2026_0,ab51bca39f32321e91c7101b3350e61a3f499d70b7ec8ff3efe526a34000224a,Stocare,49,5,11.0,2,C.N.T.E.E. TRANSELECTRICA S.A. | DEN |   PUTEREA  INSTALATA  LA NIVELUL SEN in Instalatii de Stocare a Energie Electrice |  date sintetice la data 01.09.2026 | Index | Nume | Grupuri | Pi | Pg | Pc | E | Gestionar | Nr. | [MW] | [MW] | [MW] | [MWh]
TSO_INSTALLED_2026_0,ab51bca39f32321e91c7101b3350e61a3f499d70b7ec8ff3efe526a34000224a,Stocare,49,6,11.0,2,C.N.T.E.E. TRANSELECTRICA S.A. | DEN |   PUTEREA  INSTALATA  LA NIVELUL SEN in Instalatii de Stocare a Energie Electrice |  date sintetice la data 01.09.2026 | Index | Nume | Grupuri | Pi | Pg | Pc | E | Gestionar | Nr. | [MW] | [MW] | [MW] | [MWh]
TSO_INSTALLED_2026_0,ab51bca39f32321e91c7101b3350e61a3f499d70b7ec8ff3efe526a34000224a,Stocare,49,7,22.0,2,C.N.T.E.E. TRANSELECTRICA S.A. | DEN |   PUTEREA  INSTALATA  LA NIVELUL SEN in Instalatii de Stocare a Energie Electrice |  date sintetice la data 01.09.2026 | Index | Nume | Grupuri | Pi | Pg | Pc | E | Gestionar | Nr. | [MW] | [MW] | [MW] | [MWh]
TSO_INSTALLED_2026_0,ab51bca39f32321e91c7101b3350e61a3f499d70b7ec8ff3efe526a34000224a,Stocare,49,8,AUTORO,1,C.N.T.E.E. TRANSELECTRICA S.A. | DEN |   PUTEREA  INSTALATA  LA NIVELUL SEN in Instalatii de Stocare a Energie Electrice |  date sintetice la data 01.09.2026 | Index | Nume | Grupuri | Pi | Pg | Pc | E | Gestionar | Nr. | [MW] | [MW] | [MW] | [MWh]
TSO_INSTALLED_2026_0,ab51bca39f32321e91c7101b3350e61a3f499d70b7ec8ff3efe526a34000224a,Stocare,50,1,42.0,2,C.N.T.E.E. TRANSELECTRICA S.A. | DEN |   PUTEREA  INSTALATA  LA NIVELUL SEN in Instalatii de Stocare a Energie Electrice |  date sintetice la data 01.09.2026 | Index | Nume | Grupuri | Pi | Pg | Pc | E | Gestionar | Nr. | [MW] | [MW] | [MW] | [MWh]
TSO_INSTALLED_2026_0,ab51bca39f32321e91c7101b3350e61a3f499d70b7ec8ff3efe526a34000224a,Stocare,50,2,GURA IALOMITEI,1,C.N.T.E.E. TRANSELECTRICA S.A. | DEN |   PUTEREA  INSTALATA  LA NIVELUL SEN in Instalatii de Stocare a Energie Electrice |  date sintetice la data 01.09.2026 | Index | Nume | Grupuri | Pi | Pg | Pc | E | Gestionar | Nr. | [MW] | [MW] | [MW] | [MWh]
TSO_INSTALLED_2026_0,ab51bca39f32321e91c7101b3350e61a3f499d70b7ec8ff3efe526a34000224a,Stocare,50,3,1.0,2,C.N.T.E.E. TRANSELECTRICA S.A. | DEN |   PUTEREA  INSTALATA  LA NIVELUL SEN in Instalatii de Stocare a Energie Electrice |  date sintetice la data 01.09.2026 | Index | Nume | Grupuri | Pi | Pg | Pc | E | Gestionar | Nr. | [MW] | [MW] | [MW] | [MWh]
TSO_INSTALLED_2026_0,ab51bca39f32321e91c7101b3350e61a3f499d70b7ec8ff3efe526a34000224a,Stocare,50,4,150.724,2,C.N.T.E.E. TRANSELECTRICA S.A. | DEN |   PUTEREA  INSTALATA  LA NIVELUL SEN in Instalatii de Stocare a Energie Electrice |  date sintetice la data 01.09.2026 | Index | Nume | Grupuri | Pi | Pg | Pc | E | Gestionar | Nr. | [MW] | [MW] | [MW] | [MWh]
TSO_INSTALLED_2026_0,ab51bca39f32321e91c7101b3350e61a3f499d70b7ec8ff3efe526a34000224a,Stocare,50,5,150.724,2,C.N.T.E.E. TRANSELECTRICA S.A. | DEN |   PUTEREA  INSTALATA  LA NIVELUL SEN in Instalatii de Stocare a Energie Electrice |  date sintetice la data 01.09.2026 | Index | Nume | Grupuri | Pi | Pg | Pc | E | Gestionar | Nr. | [MW] | [MW] | [MW] | [MWh]
TSO_INSTALLED_2026_0,ab51bca39f32321e91c7101b3350e61a3f499d70b7ec8ff3efe526a34000224a,Stocare,50,6,150.724,2,C.N.T.E.E. TRANSELECTRICA S.A. | DEN |   PUTEREA  INSTALATA  LA NIVELUL SEN in Instalatii de Stocare a Energie Electrice |  date sintetice la data 01.09.2026 | Index | Nume | Grupuri | Pi | Pg | Pc | E | Gestionar | Nr. | [MW] | [MW] | [MW] | [MWh]
TSO_INSTALLED_2026_0,ab51bca39f32321e91c7101b3350e61a3f499d70b7ec8ff3efe526a34000224a,Stocare,50,7,300.0,2,C.N.T.E.E. TRANSELECTRICA S.A. | DEN |   PUTEREA  INSTALATA  LA NIVELUL SEN in Instalatii de Stocare a Energie Electrice |  date sintetice la data 01.09.2026 | Index | Nume | Grupuri | Pi | Pg | Pc | E | Gestionar | Nr. | [MW] | [MW] | [MW] | [MWh]
TSO_INSTALLED_2026_0,ab51bca39f32321e91c7101b3350e61a3f499d70b7ec8ff3efe526a34000224a,Stocare,50,8,AUKERA PROJECT COMPANY DELTA,1,C.N.T.E.E. TRANSELECTRICA S.A. | DEN |   PUTEREA  INSTALATA  LA NIVELUL SEN in Instalatii de Stocare a Energie Electrice |  date sintetice la data 01.09.2026 | Index | Nume | Grupuri | Pi | Pg | Pc | E | Gestionar | Nr. | [MW] | [MW] | [MW] | [MWh]
TSO_INSTALLED_2026_0,ab51bca39f32321e91c7101b3350e61a3f499d70b7ec8ff3efe526a34000224a,Stocare,51,1,43.0,2,C.N.T.E.E. TRANSELECTRICA S.A. | DEN |   PUTEREA  INSTALATA  LA NIVELUL SEN in Instalatii de Stocare a Energie Electrice |  date sintetice la data 01.09.2026 | Index | Nume | Grupuri | Pi | Pg | Pc | E | Gestionar | Nr. | [MW] | [MW] | [MW] | [MWh]
TSO_INSTALLED_2026_0,ab51bca39f32321e91c7101b3350e61a3f499d70b7ec8ff3efe526a34000224a,Stocare,51,2,CEM COPSA MICA,1,C.N.T.E.E. TRANSELECTRICA S.A. | DEN |   PUTEREA  INSTALATA  LA NIVELUL SEN in Instalatii de Stocare a Energie Electrice |  date sintetice la data 01.09.2026 | Index | Nume | Grupuri | Pi | Pg | Pc | E | Gestionar | Nr. | [MW] | [MW] | [MW] | [MWh]
TSO_INSTALLED_2026_0,ab51bca39f32321e91c7101b3350e61a3f499d70b7ec8ff3efe526a34000224a,Stocare,51,3,1.0,2,C.N.T.E.E. TRANSELECTRICA S.A. | DEN |   PUTEREA  INSTALATA  LA NIVELUL SEN in Instalatii de Stocare a Energie Electrice |  date sintetice la data 01.09.2026 | Index | Nume | Grupuri | Pi | Pg | Pc | E | Gestionar | Nr. | [MW] | [MW] | [MW] | [MWh]
TSO_INSTALLED_2026_0,ab51bca39f32321e91c7101b3350e61a3f499d70b7ec8ff3efe526a34000224a,Stocare,51,4,4.0,2,C.N.T.E.E. TRANSELECTRICA S.A. | DEN |   PUTEREA  INSTALATA  LA NIVELUL SEN in Instalatii de Stocare a Energie Electrice |  date sintetice la data 01.09.2026 | Index | Nume | Grupuri | Pi | Pg | Pc | E | Gestionar | Nr. | [MW] | [MW] | [MW] | [MWh]
TSO_INSTALLED_2026_0,ab51bca39f32321e91c7101b3350e61a3f499d70b7ec8ff3efe526a34000224a,Stocare,51,5,4.0,2,C.N.T.E.E. TRANSELECTRICA S.A. | DEN |   PUTEREA  INSTALATA  LA NIVELUL SEN in Instalatii de Stocare a Energie Electrice |  date sintetice la data 01.09.2026 | Index | Nume | Grupuri | Pi | Pg | Pc | E | Gestionar | Nr. | [MW] | [MW] | [MW] | [MWh]
TSO_INSTALLED_2026_0,ab51bca39f32321e91c7101b3350e61a3f499d70b7ec8ff3efe526a34000224a,Stocare,51,6,4.0,2,C.N.T.E.E. TRANSELECTRICA S.A. | DEN |   PUTEREA  INSTALATA  LA NIVELUL SEN in Instalatii de Stocare a Energie Electrice |  date sintetice la data 01.09.2026 | Index | Nume | Grupuri | Pi | Pg | Pc | E | Gestionar | Nr. | [MW] | [MW] | [MW] | [MWh]
TSO_INSTALLED_2026_0,ab51bca39f32321e91c7101b3350e61a3f499d70b7ec8ff3efe526a34000224a,Stocare,51,7,8.0,2,C.N.T.E.E. TRANSELECTRICA S.A. | DEN |   PUTEREA  INSTALATA  LA NIVELUL SEN in Instalatii de Stocare a Energie Electrice |  date sintetice la data 01.09.2026 | Index | Nume | Grupuri | Pi | Pg | Pc | E | Gestionar | Nr. | [MW] | [MW] | [MW] | [MWh]
TSO_INSTALLED_2026_0,ab51bca39f32321e91c7101b3350e61a3f499d70b7ec8ff3efe526a34000224a,Stocare,51,8, CIS GAZ PROPRIETATI,1,C.N.T.E.E. TRANSELECTRICA S.A. | DEN |   PUTEREA  INSTALATA  LA NIVELUL SEN in Instalatii de Stocare a Energie Electrice |  date sintetice la data 01.09.2026 | Index | Nume | Grupuri | Pi | Pg | Pc | E | Gestionar | Nr. | [MW] | [MW] | [MW] | [MWh]
TSO_INSTALLED_2026_0,ab51bca39f32321e91c7101b3350e61a3f499d70b7ec8ff3efe526a34000224a,Stocare,52,1,44.0,2,C.N.T.E.E. TRANSELECTRICA S.A. | DEN |   PUTEREA  INSTALATA  LA NIVELUL SEN in Instalatii de Stocare a Energie Electrice |  date sintetice la data 01.09.2026 | Index | Nume | Grupuri | Pi | Pg | Pc | E | Gestionar | Nr. | [MW] | [MW] | [MW] | [MWh]
TSO_INSTALLED_2026_0,ab51bca39f32321e91c7101b3350e61a3f499d70b7ec8ff3efe526a34000224a,Stocare,52,2,CEM CRUCEA NORD,1,C.N.T.E.E. TRANSELECTRICA S.A. | DEN |   PUTEREA  INSTALATA  LA NIVELUL SEN in Instalatii de Stocare a Energie Electrice |  date sintetice la data 01.09.2026 | Index | Nume | Grupuri | Pi | Pg | Pc | E | Gestionar | Nr. | [MW] | [MW] | [MW] | [MWh]
TSO_INSTALLED_2026_0,ab51bca39f32321e91c7101b3350e61a3f499d70b7ec8ff3efe526a34000224a,Stocare,52,3,1.0,2,C.N.T.E.E. TRANSELECTRICA S.A. | DEN |   PUTEREA  INSTALATA  LA NIVELUL SEN in Instalatii de Stocare a Energie Electrice |  date sintetice la data 01.09.2026 | Index | Nume | Grupuri | Pi | Pg | Pc | E | Gestionar | Nr. | [MW] | [MW] | [MW] | [MWh]
TSO_INSTALLED_2026_0,ab51bca39f32321e91c7101b3350e61a3f499d70b7ec8ff3efe526a34000224a,Stocare,52,4,36.0,2,C.N.T.E.E. TRANSELECTRICA S.A. | DEN |   PUTEREA  INSTALATA  LA NIVELUL SEN in Instalatii de Stocare a Energie Electrice |  date sintetice la data 01.09.2026 | Index | Nume | Grupuri | Pi | Pg | Pc | E | Gestionar | Nr. | [MW] | [MW] | [MW] | [MWh]
TSO_INSTALLED_2026_0,ab51bca39f32321e91c7101b3350e61a3f499d70b7ec8ff3efe526a34000224a,Stocare,52,5,36.0,2,C.N.T.E.E. TRANSELECTRICA S.A. | DEN |   PUTEREA  INSTALATA  LA NIVELUL SEN in Instalatii de Stocare a Energie Electrice |  date sintetice la data 01.09.2026 | Index | Nume | Grupuri | Pi | Pg | Pc | E | Gestionar | Nr. | [MW] | [MW] | [MW] | [MWh]
TSO_INSTALLED_2026_0,ab51bca39f32321e91c7101b3350e61a3f499d70b7ec8ff3efe526a34000224a,Stocare,52,6,36.0,2,C.N.T.E.E. TRANSELECTRICA S.A. | DEN |   PUTEREA  INSTALATA  LA NIVELUL SEN in Instalatii de Stocare a Energie Electrice |  date sintetice la data 01.09.2026 | Index | Nume | Grupuri | Pi | Pg | Pc | E | Gestionar | Nr. | [MW] | [MW] | [MW] | [MWh]
TSO_INSTALLED_2026_0,ab51bca39f32321e91c7101b3350e61a3f499d70b7ec8ff3efe526a34000224a,Stocare,52,7,72.0,2,C.N.T.E.E. TRANSELECTRICA S.A. | DEN |   PUTEREA  INSTALATA  LA NIVELUL SEN in Instalatii de Stocare a Energie Electrice |  date sintetice la data 01.09.2026 | Index | Nume | Grupuri | Pi | Pg | Pc | E | Gestionar | Nr. | [MW] | [MW] | [MW] | [MWh]
TSO_INSTALLED_2026_0,ab51bca39f32321e91c7101b3350e61a3f499d70b7ec8ff3efe526a34000224a,Stocare,52,8,HIDROELECTRICA - SUCURSALA WIND CONSTANTA,1,C.N.T.E.E. TRANSELECTRICA S.A. | DEN |   PUTEREA  INSTALATA  LA NIVELUL SEN in Instalatii de Stocare a Energie Electrice |  date sintetice la data 01.09.2026 | Index | Nume | Grupuri | Pi | Pg | Pc | E | Gestionar | Nr. | [MW] | [MW] | [MW] | [MWh]
TSO_INSTALLED_2026_0,ab51bca39f32321e91c7101b3350e61a3f499d70b7ec8ff3efe526a34000224a,Stocare,53,1,45.0,2,C.N.T.E.E. TRANSELECTRICA S.A. | DEN |   PUTEREA  INSTALATA  LA NIVELUL SEN in Instalatii de Stocare a Energie Electrice |  date sintetice la data 01.09.2026 | Index | Nume | Grupuri | Pi | Pg | Pc | E | Gestionar | Nr. | [MW] | [MW] | [MW] | [MWh]
TSO_INSTALLED_2026_0,ab51bca39f32321e91c7101b3350e61a3f499d70b7ec8ff3efe526a34000224a,Stocare,53,2,CEM PETREU,1,C.N.T.E.E. TRANSELECTRICA S.A. | DEN |   PUTEREA  INSTALATA  LA NIVELUL SEN in Instalatii de Stocare a Energie Electrice |  date sintetice la data 01.09.2026 | Index | Nume | Grupuri | Pi | Pg | Pc | E | Gestionar | Nr. | [MW] | [MW] | [MW] | [MWh]
TSO_INSTALLED_2026_0,ab51bca39f32321e91c7101b3350e61a3f499d70b7ec8ff3efe526a34000224a,Stocare,53,3,1.0,2,C.N.T.E.E. TRANSELECTRICA S.A. | DEN |   PUTEREA  INSTALATA  LA NIVELUL SEN in Instalatii de Stocare a Energie Electrice |  date sintetice la data 01.09.2026 | Index | Nume | Grupuri | Pi | Pg | Pc | E | Gestionar | Nr. | [MW] | [MW] | [MW] | [MWh]
TSO_INSTALLED_2026_0,ab51bca39f32321e91c7101b3350e61a3f499d70b7ec8ff3efe526a34000224a,Stocare,53,4,2.0,2,C.N.T.E.E. TRANSELECTRICA S.A. | DEN |   PUTEREA  INSTALATA  LA NIVELUL SEN in Instalatii de Stocare a Energie Electrice |  date sintetice la data 01.09.2026 | Index | Nume | Grupuri | Pi | Pg | Pc | E | Gestionar | Nr. | [MW] | [MW] | [MW] | [MWh]
TSO_INSTALLED_2026_0,ab51bca39f32321e91c7101b3350e61a3f499d70b7ec8ff3efe526a34000224a,Stocare,53,5,2.0,2,C.N.T.E.E. TRANSELECTRICA S.A. | DEN |   PUTEREA  INSTALATA  LA NIVELUL SEN in Instalatii de Stocare a Energie Electrice |  date sintetice la data 01.09.2026 | Index | Nume | Grupuri | Pi | Pg | Pc | E | Gestionar | Nr. | [MW] | [MW] | [MW] | [MWh]
TSO_INSTALLED_2026_0,ab51bca39f32321e91c7101b3350e61a3f499d70b7ec8ff3efe526a34000224a,Stocare,53,6,2.0,2,C.N.T.E.E. TRANSELECTRICA S.A. | DEN |   PUTEREA  INSTALATA  LA NIVELUL SEN in Instalatii de Stocare a Energie Electrice |  date sintetice la data 01.09.2026 | Index | Nume | Grupuri | Pi | Pg | Pc | E | Gestionar | Nr. | [MW] | [MW] | [MW] | [MWh]
TSO_INSTALLED_2026_0,ab51bca39f32321e91c7101b3350e61a3f499d70b7ec8ff3efe526a34000224a,Stocare,53,7,2.0,2,C.N.T.E.E. TRANSELECTRICA S.A. | DEN |   PUTEREA  INSTALATA  LA NIVELUL SEN in Instalatii de Stocare a Energie Electrice |  date sintetice la data 01.09.2026 | Index | Nume | Grupuri | Pi | Pg | Pc | E | Gestionar | Nr. | [MW] | [MW] | [MW] | [MWh]
TSO_INSTALLED_2026_0,ab51bca39f32321e91c7101b3350e61a3f499d70b7ec8ff3efe526a34000224a,Stocare,53,8,TRANSENERGY NEXT INVEST,1,C.N.T.E.E. TRANSELECTRICA S.A. | DEN |   PUTEREA  INSTALATA  LA NIVELUL SEN in Instalatii de Stocare a Energie Electrice |  date sintetice la data 01.09.2026 | Index | Nume | Grupuri | Pi | Pg | Pc | E | Gestionar | Nr. | [MW] | [MW] | [MW] | [MWh]
TSO_INSTALLED_2026_0,ab51bca39f32321e91c7101b3350e61a3f499d70b7ec8ff3efe526a34000224a,Stocare,54,1,46.0,2,C.N.T.E.E. TRANSELECTRICA S.A. | DEN |   PUTEREA  INSTALATA  LA NIVELUL SEN in Instalatii de Stocare a Energie Electrice |  date sintetice la data 01.09.2026 | Index | Nume | Grupuri | Pi | Pg | Pc | E | Gestionar | Nr. | [MW] | [MW] | [MW] | [MWh]
TSO_INSTALLED_2026_0,ab51bca39f32321e91c7101b3350e61a3f499d70b7ec8ff3efe526a34000224a,Stocare,54,2,NORDENERGO,1,C.N.T.E.E. TRANSELECTRICA S.A. | DEN |   PUTEREA  INSTALATA  LA NIVELUL SEN in Instalatii de Stocare a Energie Electrice |  date sintetice la data 01.09.2026 | Index | Nume | Grupuri | Pi | Pg | Pc | E | Gestionar | Nr. | [MW] | [MW] | [MW] | [MWh]
TSO_INSTALLED_2026_0,ab51bca39f32321e91c7101b3350e61a3f499d70b7ec8ff3efe526a34000224a,Stocare,54,3,1.0,2,C.N.T.E.E. TRANSELECTRICA S.A. | DEN |   PUTEREA  INSTALATA  LA NIVELUL SEN in Instalatii de Stocare a Energie Electrice |  date sintetice la data 01.09.2026 | Index | Nume | Grupuri | Pi | Pg | Pc | E | Gestionar | Nr. | [MW] | [MW] | [MW] | [MWh]
TSO_INSTALLED_2026_0,ab51bca39f32321e91c7101b3350e61a3f499d70b7ec8ff3efe526a34000224a,Stocare,54,4,8.0,2,C.N.T.E.E. TRANSELECTRICA S.A. | DEN |   PUTEREA  INSTALATA  LA NIVELUL SEN in Instalatii de Stocare a Energie Electrice |  date sintetice la data 01.09.2026 | Index | Nume | Grupuri | Pi | Pg | Pc | E | Gestionar | Nr. | [MW] | [MW] | [MW] | [MWh]
TSO_INSTALLED_2026_0,ab51bca39f32321e91c7101b3350e61a3f499d70b7ec8ff3efe526a34000224a,Stocare,54,5,8.0,2,C.N.T.E.E. TRANSELECTRICA S.A. | DEN |   PUTEREA  INSTALATA  LA NIVELUL SEN in Instalatii de Stocare a Energie Electrice |  date sintetice la data 01.09.2026 | Index | Nume | Grupuri | Pi | Pg | Pc | E | Gestionar | Nr. | [MW] | [MW] | [MW] | [MWh]
TSO_INSTALLED_2026_0,ab51bca39f32321e91c7101b3350e61a3f499d70b7ec8ff3efe526a34000224a,Stocare,54,6,8.0,2,C.N.T.E.E. TRANSELECTRICA S.A. | DEN |   PUTEREA  INSTALATA  LA NIVELUL SEN in Instalatii de Stocare a Energie Electrice |  date sintetice la data 01.09.2026 | Index | Nume | Grupuri | Pi | Pg | Pc | E | Gestionar | Nr. | [MW] | [MW] | [MW] | [MWh]
TSO_INSTALLED_2026_0,ab51bca39f32321e91c7101b3350e61a3f499d70b7ec8ff3efe526a34000224a,Stocare,54,7,8.0,2,C.N.T.E.E. TRANSELECTRICA S.A. | DEN |   PUTEREA  INSTALATA  LA NIVELUL SEN in Instalatii de Stocare a Energie Electrice |  date sintetice la data 01.09.2026 | Index | Nume | Grupuri | Pi | Pg | Pc | E | Gestionar | Nr. | [MW] | [MW] | [MW] | [MWh]
TSO_INSTALLED_2026_0,ab51bca39f32321e91c7101b3350e61a3f499d70b7ec8ff3efe526a34000224a,Stocare,54,8,NORDENERGO PIPERA,1,C.N.T.E.E. TRANSELECTRICA S.A. | DEN |   PUTEREA  INSTALATA  LA NIVELUL SEN in Instalatii de Stocare a Energie Electrice |  date sintetice la data 01.09.2026 | Index | Nume | Grupuri | Pi | Pg | Pc | E | Gestionar | Nr. | [MW] | [MW] | [MW] | [MWh]
TSO_INSTALLED_2026_0,ab51bca39f32321e91c7101b3350e61a3f499d70b7ec8ff3efe526a34000224a,Stocare,55,1,47.0,2,C.N.T.E.E. TRANSELECTRICA S.A. | DEN |   PUTEREA  INSTALATA  LA NIVELUL SEN in Instalatii de Stocare a Energie Electrice |  date sintetice la data 01.09.2026 | Index | Nume | Grupuri | Pi | Pg | Pc | E | Gestionar | Nr. | [MW] | [MW] | [MW] | [MWh]
TSO_INSTALLED_2026_0,ab51bca39f32321e91c7101b3350e61a3f499d70b7ec8ff3efe526a34000224a,Stocare,55,2,CEM STALPU 1,1,C.N.T.E.E. TRANSELECTRICA S.A. | DEN |   PUTEREA  INSTALATA  LA NIVELUL SEN in Instalatii de Stocare a Energie Electrice |  date sintetice la data 01.09.2026 | Index | Nume | Grupuri | Pi | Pg | Pc | E | Gestionar | Nr. | [MW] | [MW] | [MW] | [MWh]
TSO_INSTALLED_2026_0,ab51bca39f32321e91c7101b3350e61a3f499d70b7ec8ff3efe526a34000224a,Stocare,55,3,1.0,2,C.N.T.E.E. TRANSELECTRICA S.A. | DEN |   PUTEREA  INSTALATA  LA NIVELUL SEN in Instalatii de Stocare a Energie Electrice |  date sintetice la data 01.09.2026 | Index | Nume | Grupuri | Pi | Pg | Pc | E | Gestionar | Nr. | [MW] | [MW] | [MW] | [MWh]
TSO_INSTALLED_2026_0,ab51bca39f32321e91c7101b3350e61a3f499d70b7ec8ff3efe526a34000224a,Stocare,55,4,8.0,2,C.N.T.E.E. TRANSELECTRICA S.A. | DEN |   PUTEREA  INSTALATA  LA NIVELUL SEN in Instalatii de Stocare a Energie Electrice |  date sintetice la data 01.09.2026 | Index | Nume | Grupuri | Pi | Pg | Pc | E | Gestionar | Nr. | [MW] | [MW] | [MW] | [MWh]
TSO_INSTALLED_2026_0,ab51bca39f32321e91c7101b3350e61a3f499d70b7ec8ff3efe526a34000224a,Stocare,55,5,8.0,2,C.N.T.E.E. TRANSELECTRICA S.A. | DEN |   PUTEREA  INSTALATA  LA NIVELUL SEN in Instalatii de Stocare a Energie Electrice |  date sintetice la data 01.09.2026 | Index | Nume | Grupuri | Pi | Pg | Pc | E | Gestionar | Nr. | [MW] | [MW] | [MW] | [MWh]
TSO_INSTALLED_2026_0,ab51bca39f32321e91c7101b3350e61a3f499d70b7ec8ff3efe526a34000224a,Stocare,55,6,8.0,2,C.N.T.E.E. TRANSELECTRICA S.A. | DEN |   PUTEREA  INSTALATA  LA NIVELUL SEN in Instalatii de Stocare a Energie Electrice |  date sintetice la data 01.09.2026 | Index | Nume | Grupuri | Pi | Pg | Pc | E | Gestionar | Nr. | [MW] | [MW] | [MW] | [MWh]
TSO_INSTALLED_2026_0,ab51bca39f32321e91c7101b3350e61a3f499d70b7ec8ff3efe526a34000224a,Stocare,55,7,16.87,2,C.N.T.E.E. TRANSELECTRICA S.A. | DEN |   PUTEREA  INSTALATA  LA NIVELUL SEN in Instalatii de Stocare a Energie Electrice |  date sintetice la data 01.09.2026 | Index | Nume | Grupuri | Pi | Pg | Pc | E | Gestionar | Nr. | [MW] | [MW] | [MW] | [MWh]
TSO_INSTALLED_2026_0,ab51bca39f32321e91c7101b3350e61a3f499d70b7ec8ff3efe526a34000224a,Stocare,55,8,DEVELOPMENT POWER SOLAR ENERGY,1,C.N.T.E.E. TRANSELECTRICA S.A. | DEN |   PUTEREA  INSTALATA  LA NIVELUL SEN in Instalatii de Stocare a Energie Electrice |  date sintetice la data 01.09.2026 | Index | Nume | Grupuri | Pi | Pg | Pc | E | Gestionar | Nr. | [MW] | [MW] | [MW] | [MWh]
TSO_INSTALLED_2026_0,ab51bca39f32321e91c7101b3350e61a3f499d70b7ec8ff3efe526a34000224a,Stocare,56,1,48.0,2,C.N.T.E.E. TRANSELECTRICA S.A. | DEN |   PUTEREA  INSTALATA  LA NIVELUL SEN in Instalatii de Stocare a Energie Electrice |  date sintetice la data 01.09.2026 | Index | Nume | Grupuri | Pi | Pg | Pc | E | Gestionar | Nr. | [MW] | [MW] | [MW] | [MWh]
TSO_INSTALLED_2026_0,ab51bca39f32321e91c7101b3350e61a3f499d70b7ec8ff3efe526a34000224a,Stocare,56,2,CEM STALPU 2,1,C.N.T.E.E. TRANSELECTRICA S.A. | DEN |   PUTEREA  INSTALATA  LA NIVELUL SEN in Instalatii de Stocare a Energie Electrice |  date sintetice la data 01.09.2026 | Index | Nume | Grupuri | Pi | Pg | Pc | E | Gestionar | Nr. | [MW] | [MW] | [MW] | [MWh]
TSO_INSTALLED_2026_0,ab51bca39f32321e91c7101b3350e61a3f499d70b7ec8ff3efe526a34000224a,Stocare,56,3,1.0,2,C.N.T.E.E. TRANSELECTRICA S.A. | DEN |   PUTEREA  INSTALATA  LA NIVELUL SEN in Instalatii de Stocare a Energie Electrice |  date sintetice la data 01.09.2026 | Index | Nume | Grupuri | Pi | Pg | Pc | E | Gestionar | Nr. | [MW] | [MW] | [MW] | [MWh]
TSO_INSTALLED_2026_0,ab51bca39f32321e91c7101b3350e61a3f499d70b7ec8ff3efe526a34000224a,Stocare,56,4,10.8,2,C.N.T.E.E. TRANSELECTRICA S.A. | DEN |   PUTEREA  INSTALATA  LA NIVELUL SEN in Instalatii de Stocare a Energie Electrice |  date sintetice la data 01.09.2026 | Index | Nume | Grupuri | Pi | Pg | Pc | E | Gestionar | Nr. | [MW] | [MW] | [MW] | [MWh]
TSO_INSTALLED_2026_0,ab51bca39f32321e91c7101b3350e61a3f499d70b7ec8ff3efe526a34000224a,Stocare,56,5,10.8,2,C.N.T.E.E. TRANSELECTRICA S.A. | DEN |   PUTEREA  INSTALATA  LA NIVELUL SEN in Instalatii de Stocare a Energie Electrice |  date sintetice la data 01.09.2026 | Index | Nume | Grupuri | Pi | Pg | Pc | E | Gestionar | Nr. | [MW] | [MW] | [MW] | [MWh]
TSO_INSTALLED_2026_0,ab51bca39f32321e91c7101b3350e61a3f499d70b7ec8ff3efe526a34000224a,Stocare,56,6,10.8,2,C.N.T.E.E. TRANSELECTRICA S.A. | DEN |   PUTEREA  INSTALATA  LA NIVELUL SEN in Instalatii de Stocare a Energie Electrice |  date sintetice la data 01.09.2026 | Index | Nume | Grupuri | Pi | Pg | Pc | E | Gestionar | Nr. | [MW] | [MW] | [MW] | [MWh]
TSO_INSTALLED_2026_0,ab51bca39f32321e91c7101b3350e61a3f499d70b7ec8ff3efe526a34000224a,Stocare,56,7,21.0,2,C.N.T.E.E. TRANSELECTRICA S.A. | DEN |   PUTEREA  INSTALATA  LA NIVELUL SEN in Instalatii de Stocare a Energie Electrice |  date sintetice la data 01.09.2026 | Index | Nume | Grupuri | Pi | Pg | Pc | E | Gestionar | Nr. | [MW] | [MW] | [MW] | [MWh]
TSO_INSTALLED_2026_0,ab51bca39f32321e91c7101b3350e61a3f499d70b7ec8ff3efe526a34000224a,Stocare,56,8,SOLAR ENERGY PRODUCTION,1,C.N.T.E.E. TRANSELECTRICA S.A. | DEN |   PUTEREA  INSTALATA  LA NIVELUL SEN in Instalatii de Stocare a Energie Electrice |  date sintetice la data 01.09.2026 | Index | Nume | Grupuri | Pi | Pg | Pc | E | Gestionar | Nr. | [MW] | [MW] | [MW] | [MWh]
TSO_INSTALLED_2026_0,ab51bca39f32321e91c7101b3350e61a3f499d70b7ec8ff3efe526a34000224a,Stocare,57,1,49.0,2,C.N.T.E.E. TRANSELECTRICA S.A. | DEN |   PUTEREA  INSTALATA  LA NIVELUL SEN in Instalatii de Stocare a Energie Electrice |  date sintetice la data 01.09.2026 | Index | Nume | Grupuri | Pi | Pg | Pc | E | Gestionar | Nr. | [MW] | [MW] | [MW] | [MWh]
TSO_INSTALLED_2026_0,ab51bca39f32321e91c7101b3350e61a3f499d70b7ec8ff3efe526a34000224a,Stocare,57,2,CEM IZVOARELE 2,1,C.N.T.E.E. TRANSELECTRICA S.A. | DEN |   PUTEREA  INSTALATA  LA NIVELUL SEN in Instalatii de Stocare a Energie Electrice |  date sintetice la data 01.09.2026 | Index | Nume | Grupuri | Pi | Pg | Pc | E | Gestionar | Nr. | [MW] | [MW] | [MW] | [MWh]
TSO_INSTALLED_2026_0,ab51bca39f32321e91c7101b3350e61a3f499d70b7ec8ff3efe526a34000224a,Stocare,57,3,1.0,2,C.N.T.E.E. TRANSELECTRICA S.A. | DEN |   PUTEREA  INSTALATA  LA NIVELUL SEN in Instalatii de Stocare a Energie Electrice |  date sintetice la data 01.09.2026 | Index | Nume | Grupuri | Pi | Pg | Pc | E | Gestionar | Nr. | [MW] | [MW] | [MW] | [MWh]
TSO_INSTALLED_2026_0,ab51bca39f32321e91c7101b3350e61a3f499d70b7ec8ff3efe526a34000224a,Stocare,57,4,37.5,2,C.N.T.E.E. TRANSELECTRICA S.A. | DEN |   PUTEREA  INSTALATA  LA NIVELUL SEN in Instalatii de Stocare a Energie Electrice |  date sintetice la data 01.09.2026 | Index | Nume | Grupuri | Pi | Pg | Pc | E | Gestionar | Nr. | [MW] | [MW] | [MW] | [MWh]
TSO_INSTALLED_2026_0,ab51bca39f32321e91c7101b3350e61a3f499d70b7ec8ff3efe526a34000224a,Stocare,57,5,37.5,2,C.N.T.E.E. TRANSELECTRICA S.A. | DEN |   PUTEREA  INSTALATA  LA NIVELUL SEN in Instalatii de Stocare a Energie Electrice |  date sintetice la data 01.09.2026 | Index | Nume | Grupuri | Pi | Pg | Pc | E | Gestionar | Nr. | [MW] | [MW] | [MW] | [MWh]
TSO_INSTALLED_2026_0,ab51bca39f32321e91c7101b3350e61a3f499d70b7ec8ff3efe526a34000224a,Stocare,57,6,37.5,2,C.N.T.E.E. TRANSELECTRICA S.A. | DEN |   PUTEREA  INSTALATA  LA NIVELUL SEN in Instalatii de Stocare a Energie Electrice |  date sintetice la data 01.09.2026 | Index | Nume | Grupuri | Pi | Pg | Pc | E | Gestionar | Nr. | [MW] | [MW] | [MW] | [MWh]
TSO_INSTALLED_2026_0,ab51bca39f32321e91c7101b3350e61a3f499d70b7ec8ff3efe526a34000224a,Stocare,57,7,160.48,2,C.N.T.E.E. TRANSELECTRICA S.A. | DEN |   PUTEREA  INSTALATA  LA NIVELUL SEN in Instalatii de Stocare a Energie Electrice |  date sintetice la data 01.09.2026 | Index | Nume | Grupuri | Pi | Pg | Pc | E | Gestionar | Nr. | [MW] | [MW] | [MW] | [MWh]
TSO_INSTALLED_2026_0,ab51bca39f32321e91c7101b3350e61a3f499d70b7ec8ff3efe526a34000224a,Stocare,57,8,LJG GREEN SOURCE ENERGY GAMMA,1,C.N.T.E.E. TRANSELECTRICA S.A. | DEN |   PUTEREA  INSTALATA  LA NIVELUL SEN in Instalatii de Stocare a Energie Electrice |  date sintetice la data 01.09.2026 | Index | Nume | Grupuri | Pi | Pg | Pc | E | Gestionar | Nr. | [MW] | [MW] | [MW] | [MWh]
TSO_INSTALLED_2026_0,ab51bca39f32321e91c7101b3350e61a3f499d70b7ec8ff3efe526a34000224a,Stocare,58,1,50.0,2,C.N.T.E.E. TRANSELECTRICA S.A. | DEN |   PUTEREA  INSTALATA  LA NIVELUL SEN in Instalatii de Stocare a Energie Electrice |  date sintetice la data 01.09.2026 | Index | Nume | Grupuri | Pi | Pg | Pc | E | Gestionar | Nr. | [MW] | [MW] | [MW] | [MWh]
TSO_INSTALLED_2026_0,ab51bca39f32321e91c7101b3350e61a3f499d70b7ec8ff3efe526a34000224a,Stocare,58,2,CEM LUGOJ 2,1,C.N.T.E.E. TRANSELECTRICA S.A. | DEN |   PUTEREA  INSTALATA  LA NIVELUL SEN in Instalatii de Stocare a Energie Electrice |  date sintetice la data 01.09.2026 | Index | Nume | Grupuri | Pi | Pg | Pc | E | Gestionar | Nr. | [MW] | [MW] | [MW] | [MWh]
TSO_INSTALLED_2026_0,ab51bca39f32321e91c7101b3350e61a3f499d70b7ec8ff3efe526a34000224a,Stocare,58,3,1.0,2,C.N.T.E.E. TRANSELECTRICA S.A. | DEN |   PUTEREA  INSTALATA  LA NIVELUL SEN in Instalatii de Stocare a Energie Electrice |  date sintetice la data 01.09.2026 | Index | Nume | Grupuri | Pi | Pg | Pc | E | Gestionar | Nr. | [MW] | [MW] | [MW] | [MWh]
TSO_INSTALLED_2026_0,ab51bca39f32321e91c7101b3350e61a3f499d70b7ec8ff3efe526a34000224a,Stocare,58,4,30.24,2,C.N.T.E.E. TRANSELECTRICA S.A. | DEN |   PUTEREA  INSTALATA  LA NIVELUL SEN in Instalatii de Stocare a Energie Electrice |  date sintetice la data 01.09.2026 | Index | Nume | Grupuri | Pi | Pg | Pc | E | Gestionar | Nr. | [MW] | [MW] | [MW] | [MWh]
TSO_INSTALLED_2026_0,ab51bca39f32321e91c7101b3350e61a3f499d70b7ec8ff3efe526a34000224a,Stocare,58,5,30.24,2,C.N.T.E.E. TRANSELECTRICA S.A. | DEN |   PUTEREA  INSTALATA  LA NIVELUL SEN in Instalatii de Stocare a Energie Electrice |  date sintetice la data 01.09.2026 | Index | Nume | Grupuri | Pi | Pg | Pc | E | Gestionar | Nr. | [MW] | [MW] | [MW] | [MWh]
TSO_INSTALLED_2026_0,ab51bca39f32321e91c7101b3350e61a3f499d70b7ec8ff3efe526a34000224a,Stocare,58,6,30.24,2,C.N.T.E.E. TRANSELECTRICA S.A. | DEN |   PUTEREA  INSTALATA  LA NIVELUL SEN in Instalatii de Stocare a Energie Electrice |  date sintetice la data 01.09.2026 | Index | Nume | Grupuri | Pi | Pg | Pc | E | Gestionar | Nr. | [MW] | [MW] | [MW] | [MWh]
TSO_INSTALLED_2026_0,ab51bca39f32321e91c7101b3350e61a3f499d70b7ec8ff3efe526a34000224a,Stocare,58,7,60.48,2,C.N.T.E.E. TRANSELECTRICA S.A. | DEN |   PUTEREA  INSTALATA  LA NIVELUL SEN in Instalatii de Stocare a Energie Electrice |  date sintetice la data 01.09.2026 | Index | Nume | Grupuri | Pi | Pg | Pc | E | Gestionar | Nr. | [MW] | [MW] | [MW] | [MWh]
TSO_INSTALLED_2026_0,ab51bca39f32321e91c7101b3350e61a3f499d70b7ec8ff3efe526a34000224a,Stocare,58,8,LJG GREEN SOURCE ENERGY GAMMA,1,C.N.T.E.E. TRANSELECTRICA S.A. | DEN |   PUTEREA  INSTALATA  LA NIVELUL SEN in Instalatii de Stocare a Energie Electrice |  date sintetice la data 01.09.2026 | Index | Nume | Grupuri | Pi | Pg | Pc | E | Gestionar | Nr. | [MW] | [MW] | [MW] | [MWh]
TSO_INSTALLED_2026_0,ab51bca39f32321e91c7101b3350e61a3f499d70b7ec8ff3efe526a34000224a,Stocare,59,1,51.0,2,C.N.T.E.E. TRANSELECTRICA S.A. | DEN |   PUTEREA  INSTALATA  LA NIVELUL SEN in Instalatii de Stocare a Energie Electrice |  date sintetice la data 01.09.2026 | Index | Nume | Grupuri | Pi | Pg | Pc | E | Gestionar | Nr. | [MW] | [MW] | [MW] | [MWh]
TSO_INSTALLED_2026_0,ab51bca39f32321e91c7101b3350e61a3f499d70b7ec8ff3efe526a34000224a,Stocare,59,2,GLODENI 3,1,C.N.T.E.E. TRANSELECTRICA S.A. | DEN |   PUTEREA  INSTALATA  LA NIVELUL SEN in Instalatii de Stocare a Energie Electrice |  date sintetice la data 01.09.2026 | Index | Nume | Grupuri | Pi | Pg | Pc | E | Gestionar | Nr. | [MW] | [MW] | [MW] | [MWh]
TSO_INSTALLED_2026_0,ab51bca39f32321e91c7101b3350e61a3f499d70b7ec8ff3efe526a34000224a,Stocare,59,3,1.0,2,C.N.T.E.E. TRANSELECTRICA S.A. | DEN |   PUTEREA  INSTALATA  LA NIVELUL SEN in Instalatii de Stocare a Energie Electrice |  date sintetice la data 01.09.2026 | Index | Nume | Grupuri | Pi | Pg | Pc | E | Gestionar | Nr. | [MW] | [MW] | [MW] | [MWh]
TSO_INSTALLED_2026_0,ab51bca39f32321e91c7101b3350e61a3f499d70b7ec8ff3efe526a34000224a,Stocare,59,4,49.784,2,C.N.T.E.E. TRANSELECTRICA S.A. | DEN |   PUTEREA  INSTALATA  LA NIVELUL SEN in Instalatii de Stocare a Energie Electrice |  date sintetice la data 01.09.2026 | Index | Nume | Grupuri | Pi | Pg | Pc | E | Gestionar | Nr. | [MW] | [MW] | [MW] | [MWh]
TSO_INSTALLED_2026_0,ab51bca39f32321e91c7101b3350e61a3f499d70b7ec8ff3efe526a34000224a,Stocare,59,5,49.784,2,C.N.T.E.E. TRANSELECTRICA S.A. | DEN |   PUTEREA  INSTALATA  LA NIVELUL SEN in Instalatii de Stocare a Energie Electrice |  date sintetice la data 01.09.2026 | Index | Nume | Grupuri | Pi | Pg | Pc | E | Gestionar | Nr. | [MW] | [MW] | [MW] | [MWh]
TSO_INSTALLED_2026_0,ab51bca39f32321e91c7101b3350e61a3f499d70b7ec8ff3efe526a34000224a,Stocare,59,6,49.784,2,C.N.T.E.E. TRANSELECTRICA S.A. | DEN |   PUTEREA  INSTALATA  LA NIVELUL SEN in Instalatii de Stocare a Energie Electrice |  date sintetice la data 01.09.2026 | Index | Nume | Grupuri | Pi | Pg | Pc | E | Gestionar | Nr. | [MW] | [MW] | [MW] | [MWh]
TSO_INSTALLED_2026_0,ab51bca39f32321e91c7101b3350e61a3f499d70b7ec8ff3efe526a34000224a,Stocare,59,7,99.37,2,C.N.T.E.E. TRANSELECTRICA S.A. | DEN |   PUTEREA  INSTALATA  LA NIVELUL SEN in Instalatii de Stocare a Energie Electrice |  date sintetice la data 01.09.2026 | Index | Nume | Grupuri | Pi | Pg | Pc | E | Gestionar | Nr. | [MW] | [MW] | [MW] | [MWh]
TSO_INSTALLED_2026_0,ab51bca39f32321e91c7101b3350e61a3f499d70b7ec8ff3efe526a34000224a,Stocare,59,8,ENERGYGLOD,1,C.N.T.E.E. TRANSELECTRICA S.A. | DEN |   PUTEREA  INSTALATA  LA NIVELUL SEN in Instalatii de Stocare a Energie Electrice |  date sintetice la data 01.09.2026 | Index | Nume | Grupuri | Pi | Pg | Pc | E | Gestionar | Nr. | [MW] | [MW] | [MW] | [MWh]
TSO_INSTALLED_2026_0,ab51bca39f32321e91c7101b3350e61a3f499d70b7ec8ff3efe526a34000224a,Stocare,60,1,52.0,2,C.N.T.E.E. TRANSELECTRICA S.A. | DEN |   PUTEREA  INSTALATA  LA NIVELUL SEN in Instalatii de Stocare a Energie Electrice |  date sintetice la data 01.09.2026 | Index | Nume | Grupuri | Pi | Pg | Pc | E | Gestionar | Nr. | [MW] | [MW] | [MW] | [MWh]
TSO_INSTALLED_2026_0,ab51bca39f32321e91c7101b3350e61a3f499d70b7ec8ff3efe526a34000224a,Stocare,60,2,DOICESTI 2,1,C.N.T.E.E. TRANSELECTRICA S.A. | DEN |   PUTEREA  INSTALATA  LA NIVELUL SEN in Instalatii de Stocare a Energie Electrice |  date sintetice la data 01.09.2026 | Index | Nume | Grupuri | Pi | Pg | Pc | E | Gestionar | Nr. | [MW] | [MW] | [MW] | [MWh]
TSO_INSTALLED_2026_0,ab51bca39f32321e91c7101b3350e61a3f499d70b7ec8ff3efe526a34000224a,Stocare,60,3,1.0,2,C.N.T.E.E. TRANSELECTRICA S.A. | DEN |   PUTEREA  INSTALATA  LA NIVELUL SEN in Instalatii de Stocare a Energie Electrice |  date sintetice la data 01.09.2026 | Index | Nume | Grupuri | Pi | Pg | Pc | E | Gestionar | Nr. | [MW] | [MW] | [MW] | [MWh]
TSO_INSTALLED_2026_0,ab51bca39f32321e91c7101b3350e61a3f499d70b7ec8ff3efe526a34000224a,Stocare,60,4,10.35,2,C.N.T.E.E. TRANSELECTRICA S.A. | DEN |   PUTEREA  INSTALATA  LA NIVELUL SEN in Instalatii de Stocare a Energie Electrice |  date sintetice la data 01.09.2026 | Index | Nume | Grupuri | Pi | Pg | Pc | E | Gestionar | Nr. | [MW] | [MW] | [MW] | [MWh]
TSO_INSTALLED_2026_0,ab51bca39f32321e91c7101b3350e61a3f499d70b7ec8ff3efe526a34000224a,Stocare,60,5,10.35,2,C.N.T.E.E. TRANSELECTRICA S.A. | DEN |   PUTEREA  INSTALATA  LA NIVELUL SEN in Instalatii de Stocare a Energie Electrice |  date sintetice la data 01.09.2026 | Index | Nume | Grupuri | Pi | Pg | Pc | E | Gestionar | Nr. | [MW] | [MW] | [MW] | [MWh]
TSO_INSTALLED_2026_0,ab51bca39f32321e91c7101b3350e61a3f499d70b7ec8ff3efe526a34000224a,Stocare,60,6,10.35,2,C.N.T.E.E. TRANSELECTRICA S.A. | DEN |   PUTEREA  INSTALATA  LA NIVELUL SEN in Instalatii de Stocare a Energie Electrice |  date sintetice la data 01.09.2026 | Index | Nume | Grupuri | Pi | Pg | Pc | E | Gestionar | Nr. | [MW] | [MW] | [MW] | [MWh]
TSO_INSTALLED_2026_0,ab51bca39f32321e91c7101b3350e61a3f499d70b7ec8ff3efe526a34000224a,Stocare,60,7,15.048,2,C.N.T.E.E. TRANSELECTRICA S.A. | DEN |   PUTEREA  INSTALATA  LA NIVELUL SEN in Instalatii de Stocare a Energie Electrice |  date sintetice la data 01.09.2026 | Index | Nume | Grupuri | Pi | Pg | Pc | E | Gestionar | Nr. | [MW] | [MW] | [MW] | [MWh]
TSO_INSTALLED_2026_0,ab51bca39f32321e91c7101b3350e61a3f499d70b7ec8ff3efe526a34000224a,Stocare,60,8,SOLAR PV EVO FRV,1,C.N.T.E.E. TRANSELECTRICA S.A. | DEN |   PUTEREA  INSTALATA  LA NIVELUL SEN in Instalatii de Stocare a Energie Electrice |  date sintetice la data 01.09.2026 | Index | Nume | Grupuri | Pi | Pg | Pc | E | Gestionar | Nr. | [MW] | [MW] | [MW] | [MWh]
TSO_INSTALLED_2026_0,ab51bca39f32321e91c7101b3350e61a3f499d70b7ec8ff3efe526a34000224a,Stocare,61,1,53.0,2,C.N.T.E.E. TRANSELECTRICA S.A. | DEN |   PUTEREA  INSTALATA  LA NIVELUL SEN in Instalatii de Stocare a Energie Electrice |  date sintetice la data 01.09.2026 | Index | Nume | Grupuri | Pi | Pg | Pc | E | Gestionar | Nr. | [MW] | [MW] | [MW] | [MWh]
TSO_INSTALLED_2026_0,ab51bca39f32321e91c7101b3350e61a3f499d70b7ec8ff3efe526a34000224a,Stocare,61,2,CEM MIHAILESTI,1,C.N.T.E.E. TRANSELECTRICA S.A. | DEN |   PUTEREA  INSTALATA  LA NIVELUL SEN in Instalatii de Stocare a Energie Electrice |  date sintetice la data 01.09.2026 | Index | Nume | Grupuri | Pi | Pg | Pc | E | Gestionar | Nr. | [MW] | [MW] | [MW] | [MWh]
TSO_INSTALLED_2026_0,ab51bca39f32321e91c7101b3350e61a3f499d70b7ec8ff3efe526a34000224a,Stocare,61,3,1.0,2,C.N.T.E.E. TRANSELECTRICA S.A. | DEN |   PUTEREA  INSTALATA  LA NIVELUL SEN in Instalatii de Stocare a Energie Electrice |  date sintetice la data 01.09.2026 | Index | Nume | Grupuri | Pi | Pg | Pc | E | Gestionar | Nr. | [MW] | [MW] | [MW] | [MWh]
TSO_INSTALLED_2026_0,ab51bca39f32321e91c7101b3350e61a3f499d70b7ec8ff3efe526a34000224a,Stocare,61,4,5.0,2,C.N.T.E.E. TRANSELECTRICA S.A. | DEN |   PUTEREA  INSTALATA  LA NIVELUL SEN in Instalatii de Stocare a Energie Electrice |  date sintetice la data 01.09.2026 | Index | Nume | Grupuri | Pi | Pg | Pc | E | Gestionar | Nr. | [MW] | [MW] | [MW] | [MWh]
TSO_INSTALLED_2026_0,ab51bca39f32321e91c7101b3350e61a3f499d70b7ec8ff3efe526a34000224a,Stocare,61,5,5.0,2,C.N.T.E.E. TRANSELECTRICA S.A. | DEN |   PUTEREA  INSTALATA  LA NIVELUL SEN in Instalatii de Stocare a Energie Electrice |  date sintetice la data 01.09.2026 | Index | Nume | Grupuri | Pi | Pg | Pc | E | Gestionar | Nr. | [MW] | [MW] | [MW] | [MWh]
TSO_INSTALLED_2026_0,ab51bca39f32321e91c7101b3350e61a3f499d70b7ec8ff3efe526a34000224a,Stocare,61,6,5.0,2,C.N.T.E.E. TRANSELECTRICA S.A. | DEN |   PUTEREA  INSTALATA  LA NIVELUL SEN in Instalatii de Stocare a Energie Electrice |  date sintetice la data 01.09.2026 | Index | Nume | Grupuri | Pi | Pg | Pc | E | Gestionar | Nr. | [MW] | [MW] | [MW] | [MWh]
TSO_INSTALLED_2026_0,ab51bca39f32321e91c7101b3350e61a3f499d70b7ec8ff3efe526a34000224a,Stocare,61,7,10.37,2,C.N.T.E.E. TRANSELECTRICA S.A. | DEN |   PUTEREA  INSTALATA  LA NIVELUL SEN in Instalatii de Stocare a Energie Electrice |  date sintetice la data 01.09.2026 | Index | Nume | Grupuri | Pi | Pg | Pc | E | Gestionar | Nr. | [MW] | [MW] | [MW] | [MWh]
TSO_INSTALLED_2026_0,ab51bca39f32321e91c7101b3350e61a3f499d70b7ec8ff3efe526a34000224a,Stocare,61,8,BILRO SUNNY,1,C.N.T.E.E. TRANSELECTRICA S.A. | DEN |   PUTEREA  INSTALATA  LA NIVELUL SEN in Instalatii de Stocare a Energie Electrice |  date sintetice la data 01.09.2026 | Index | Nume | Grupuri | Pi | Pg | Pc | E | Gestionar | Nr. | [MW] | [MW] | [MW] | [MWh]
TSO_INSTALLED_2026_0,ab51bca39f32321e91c7101b3350e61a3f499d70b7ec8ff3efe526a34000224a,Stocare,62,1,54.0,2,C.N.T.E.E. TRANSELECTRICA S.A. | DEN |   PUTEREA  INSTALATA  LA NIVELUL SEN in Instalatii de Stocare a Energie Electrice |  date sintetice la data 01.09.2026 | Index | Nume | Grupuri | Pi | Pg | Pc | E | Gestionar | Nr. | [MW] | [MW] | [MW] | [MWh]
TSO_INSTALLED_2026_0,ab51bca39f32321e91c7101b3350e61a3f499d70b7ec8ff3efe526a34000224a,Stocare,62,2,CEM PARAU,1,C.N.T.E.E. TRANSELECTRICA S.A. | DEN |   PUTEREA  INSTALATA  LA NIVELUL SEN in Instalatii de Stocare a Energie Electrice |  date sintetice la data 01.09.2026 | Index | Nume | Grupuri | Pi | Pg | Pc | E | Gestionar | Nr. | [MW] | [MW] | [MW] | [MWh]
TSO_INSTALLED_2026_0,ab51bca39f32321e91c7101b3350e61a3f499d70b7ec8ff3efe526a34000224a,Stocare,62,3,1.0,2,C.N.T.E.E. TRANSELECTRICA S.A. | DEN |   PUTEREA  INSTALATA  LA NIVELUL SEN in Instalatii de Stocare a Energie Electrice |  date sintetice la data 01.09.2026 | Index | Nume | Grupuri | Pi | Pg | Pc | E | Gestionar | Nr. | [MW] | [MW] | [MW] | [MWh]
TSO_INSTALLED_2026_0,ab51bca39f32321e91c7101b3350e61a3f499d70b7ec8ff3efe526a34000224a,Stocare,62,4,76.76,2,C.N.T.E.E. TRANSELECTRICA S.A. | DEN |   PUTEREA  INSTALATA  LA NIVELUL SEN in Instalatii de Stocare a Energie Electrice |  date sintetice la data 01.09.2026 | Index | Nume | Grupuri | Pi | Pg | Pc | E | Gestionar | Nr. | [MW] | [MW] | [MW] | [MWh]
TSO_INSTALLED_2026_0,ab51bca39f32321e91c7101b3350e61a3f499d70b7ec8ff3efe526a34000224a,Stocare,62,5,76.76,2,C.N.T.E.E. TRANSELECTRICA S.A. | DEN |   PUTEREA  INSTALATA  LA NIVELUL SEN in Instalatii de Stocare a Energie Electrice |  date sintetice la data 01.09.2026 | Index | Nume | Grupuri | Pi | Pg | Pc | E | Gestionar | Nr. | [MW] | [MW] | [MW] | [MWh]
TSO_INSTALLED_2026_0,ab51bca39f32321e91c7101b3350e61a3f499d70b7ec8ff3efe526a34000224a,Stocare,62,6,76.76,2,C.N.T.E.E. TRANSELECTRICA S.A. | DEN |   PUTEREA  INSTALATA  LA NIVELUL SEN in Instalatii de Stocare a Energie Electrice |  date sintetice la data 01.09.2026 | Index | Nume | Grupuri | Pi | Pg | Pc | E | Gestionar | Nr. | [MW] | [MW] | [MW] | [MWh]
TSO_INSTALLED_2026_0,ab51bca39f32321e91c7101b3350e61a3f499d70b7ec8ff3efe526a34000224a,Stocare,62,7,150.288,2,C.N.T.E.E. TRANSELECTRICA S.A. | DEN |   PUTEREA  INSTALATA  LA NIVELUL SEN in Instalatii de Stocare a Energie Electrice |  date sintetice la data 01.09.2026 | Index | Nume | Grupuri | Pi | Pg | Pc | E | Gestionar | Nr. | [MW] | [MW] | [MW] | [MWh]
TSO_INSTALLED_2026_0,ab51bca39f32321e91c7101b3350e61a3f499d70b7ec8ff3efe526a34000224a,Stocare,62,8,HELIOLUX,1,C.N.T.E.E. TRANSELECTRICA S.A. | DEN |   PUTEREA  INSTALATA  LA NIVELUL SEN in Instalatii de Stocare a Energie Electrice |  date sintetice la data 01.09.2026 | Index | Nume | Grupuri | Pi | Pg | Pc | E | Gestionar | Nr. | [MW] | [MW] | [MW] | [MWh]
TSO_INSTALLED_2026_0,ab51bca39f32321e91c7101b3350e61a3f499d70b7ec8ff3efe526a34000224a,Stocare,63,2,Total,1,C.N.T.E.E. TRANSELECTRICA S.A. | DEN |   PUTEREA  INSTALATA  LA NIVELUL SEN in Instalatii de Stocare a Energie Electrice |  date sintetice la data 01.09.2026 | Index | Nume | Grupuri | Pi | Pg | Pc | E | Gestionar | Nr. | [MW] | [MW] | [MW] | [MWh]
TSO_INSTALLED_2026_0,ab51bca39f32321e91c7101b3350e61a3f499d70b7ec8ff3efe526a34000224a,Stocare,63,3,54.0,2,C.N.T.E.E. TRANSELECTRICA S.A. | DEN |   PUTEREA  INSTALATA  LA NIVELUL SEN in Instalatii de Stocare a Energie Electrice |  date sintetice la data 01.09.2026 | Index | Nume | Grupuri | Pi | Pg | Pc | E | Gestionar | Nr. | [MW] | [MW] | [MW] | [MWh]
TSO_INSTALLED_2026_0,ab51bca39f32321e91c7101b3350e61a3f499d70b7ec8ff3efe526a34000224a,Stocare,63,4,1161.4879999999998,2,C.N.T.E.E. TRANSELECTRICA S.A. | DEN |   PUTEREA  INSTALATA  LA NIVELUL SEN in Instalatii de Stocare a Energie Electrice |  date sintetice la data 01.09.2026 | Index | Nume | Grupuri | Pi | Pg | Pc | E | Gestionar | Nr. | [MW] | [MW] | [MW] | [MWh]
TSO_INSTALLED_2026_0,ab51bca39f32321e91c7101b3350e61a3f499d70b7ec8ff3efe526a34000224a,Stocare,63,5,1084.628,2,C.N.T.E.E. TRANSELECTRICA S.A. | DEN |   PUTEREA  INSTALATA  LA NIVELUL SEN in Instalatii de Stocare a Energie Electrice |  date sintetice la data 01.09.2026 | Index | Nume | Grupuri | Pi | Pg | Pc | E | Gestionar | Nr. | [MW] | [MW] | [MW] | [MWh]
TSO_INSTALLED_2026_0,ab51bca39f32321e91c7101b3350e61a3f499d70b7ec8ff3efe526a34000224a,Stocare,63,6,1085.828,2,C.N.T.E.E. TRANSELECTRICA S.A. | DEN |   PUTEREA  INSTALATA  LA NIVELUL SEN in Instalatii de Stocare a Energie Electrice |  date sintetice la data 01.09.2026 | Index | Nume | Grupuri | Pi | Pg | Pc | E | Gestionar | Nr. | [MW] | [MW] | [MW] | [MWh]
TSO_INSTALLED_2026_0,ab51bca39f32321e91c7101b3350e61a3f499d70b7ec8ff3efe526a34000224a,Stocare,63,7,2310.2209999999995,2,C.N.T.E.E. TRANSELECTRICA S.A. | DEN |   PUTEREA  INSTALATA  LA NIVELUL SEN in Instalatii de Stocare a Energie Electrice |  date sintetice la data 01.09.2026 | Index | Nume | Grupuri | Pi | Pg | Pc | E | Gestionar | Nr. | [MW] | [MW] | [MW] | [MWh]
TSO_INSTALLED_2026_0,ab51bca39f32321e91c7101b3350e61a3f499d70b7ec8ff3efe526a34000224a,Definitii,2,2,DEFINITII:,1,"DEFINITII: | Putere instalata din licenta ANRE - puterea electrica instalata indicata in conditiile specifice asociate licentei ANRE. | Puterea neta - este puterea pe care generatorul o poate livra in retea in scopul comercializarii si este egala cu puterea disponibila bruta minus: puterea consumata in serviciile proprii (Csi), cota parte din consumul serviciilor generale (Csg),  pierderile de putere in transformatorul de bloc ( PTB). 
Pneta = Pdbruta - (Csi  + Csg + PTB)  "
TSO_INSTALLED_2026_0,ab51bca39f32321e91c7101b3350e61a3f499d70b7ec8ff3efe526a34000224a,Definitii,4,2,Putere instalata din licenta ANRE - puterea electrica instalata indicata in conditiile specifice asociate licentei ANRE.,1,"DEFINITII: | Putere instalata din licenta ANRE - puterea electrica instalata indicata in conditiile specifice asociate licentei ANRE. | Puterea neta - este puterea pe care generatorul o poate livra in retea in scopul comercializarii si este egala cu puterea disponibila bruta minus: puterea consumata in serviciile proprii (Csi), cota parte din consumul serviciilor generale (Csg),  pierderile de putere in transformatorul de bloc ( PTB). 
Pneta = Pdbruta - (Csi  + Csg + PTB)  "
TSO_INSTALLED_2026_0,ab51bca39f32321e91c7101b3350e61a3f499d70b7ec8ff3efe526a34000224a,Definitii,8,2,"Puterea neta - este puterea pe care generatorul o poate livra in retea in scopul comercializarii si este egala cu puterea disponibila bruta minus: puterea consumata in serviciile proprii (Csi), cota parte din consumul serviciilor generale (Csg),  pierderile de putere in transformatorul de bloc ( PTB). 
Pneta = Pdbruta - (Csi  + Csg + PTB)  ",1,"DEFINITII: | Putere instalata din licenta ANRE - puterea electrica instalata indicata in conditiile specifice asociate licentei ANRE. | Puterea neta - este puterea pe care generatorul o poate livra in retea in scopul comercializarii si este egala cu puterea disponibila bruta minus: puterea consumata in serviciile proprii (Csi), cota parte din consumul serviciilor generale (Csg),  pierderile de putere in transformatorul de bloc ( PTB). 
Pneta = Pdbruta - (Csi  + Csg + PTB)  "
TSO_INSTALLED_2026_0,ab51bca39f32321e91c7101b3350e61a3f499d70b7ec8ff3efe526a34000224a,Definitii,15,2,"Reducerile permanente (brute) – diferenta dintre puterea instalata a centralelor electrice si puterea disponibila a acestora, daca aceasta reducere de putere nu poate fi eliminata intr-un termen mai scurt de 1 an. In cazul grupurilor aflate in conservare reducerile permanente vor fi egale cu puterea instalata.",1,"DEFINITII: | Putere instalata din licenta ANRE - puterea electrica instalata indicata in conditiile specifice asociate licentei ANRE. | Puterea neta - este puterea pe care generatorul o poate livra in retea in scopul comercializarii si este egala cu puterea disponibila bruta minus: puterea consumata in serviciile proprii (Csi), cota parte din consumul serviciilor generale (Csg),  pierderile de putere in transformatorul de bloc ( PTB). 
Pneta = Pdbruta - (Csi  + Csg + PTB)  "
TSO_INSTALLED_2026_0,ab51bca39f32321e91c7101b3350e61a3f499d70b7ec8ff3efe526a34000224a,Definitii,22,2,"Putere disponibila (bruta) – puterea activa maxima bruta, de durata, pe care un grup generator o poate da, cu respectarea conditiilor de siguranta mecanica si electrica. Pentru grupurile aflate in exploatare formula de calcul este urmatoarea:
Pdbruta = Pi – Rpp
",1,"DEFINITII: | Putere instalata din licenta ANRE - puterea electrica instalata indicata in conditiile specifice asociate licentei ANRE. | Puterea neta - este puterea pe care generatorul o poate livra in retea in scopul comercializarii si este egala cu puterea disponibila bruta minus: puterea consumata in serviciile proprii (Csi), cota parte din consumul serviciilor generale (Csg),  pierderile de putere in transformatorul de bloc ( PTB). 
Pneta = Pdbruta - (Csi  + Csg + PTB)  "
TSO_INSTALLED_2026_0,ab51bca39f32321e91c7101b3350e61a3f499d70b7ec8ff3efe526a34000224a,Definitii,29,2,"Pentru site-ul de transparenta EMFIP https://transparency.entsoe.eu                                                                                          Capacitatea instalata neta (definitie conform EMFIP) reprezinta puterea maxima, exprimata in MW, pe care o unitate de generare ar fi capabila sa o livreze sistemului, verificata de catre operatorul de sistem (TSO si DSO).
Din necesitatea coerentei termenilor care au definitii similare si sunt utilizati in platformele EMFIP si Transparenta Transelctrica, termenul Capacitatea instalata neta (EMFIP) se echivaleaza cu termenul Putere neta.    ",1,"DEFINITII: | Putere instalata din licenta ANRE - puterea electrica instalata indicata in conditiile specifice asociate licentei ANRE. | Puterea neta - este puterea pe care generatorul o poate livra in retea in scopul comercializarii si este egala cu puterea disponibila bruta minus: puterea consumata in serviciile proprii (Csi), cota parte din consumul serviciilor generale (Csg),  pierderile de putere in transformatorul de bloc ( PTB). 
Pneta = Pdbruta - (Csi  + Csg + PTB)  "
TSO_INSTALLED_2026_0,ab51bca39f32321e91c7101b3350e61a3f499d70b7ec8ff3efe526a34000224a,Definitii,29,10, ,1,"DEFINITII: | Putere instalata din licenta ANRE - puterea electrica instalata indicata in conditiile specifice asociate licentei ANRE. | Puterea neta - este puterea pe care generatorul o poate livra in retea in scopul comercializarii si este egala cu puterea disponibila bruta minus: puterea consumata in serviciile proprii (Csi), cota parte din consumul serviciilor generale (Csg),  pierderile de putere in transformatorul de bloc ( PTB). 
Pneta = Pdbruta - (Csi  + Csg + PTB)  "
