local_date,duration_hours,valid_daily_windows,low_mean,high_mean,price_window_range,low_start_utc,high_start_utc,daily_hours,chronology_not_enforced,not_bess_revenue
2025-01-01,2,89,30.89,145.825,114.93499999999999,2025-01-01T09:00:00Z,2025-01-01T17:00:00Z,24.0,True,True
2025-01-02,2,89,49.145,164.82,115.67499999999998,2025-01-02T02:00:00Z,2025-01-02T15:00:00Z,24.0,True,True
2025-01-03,2,89,85.44999999999999,155.025,69.57500000000002,2025-01-03T02:00:00Z,2025-01-03T15:00:00Z,24.0,True,True
2025-01-04,2,89,98.075,191.665,93.58999999999999,2025-01-04T01:00:00Z,2025-01-04T17:00:00Z,24.0,True,True
2025-01-05,2,89,91.60000000000001,200.79,109.18999999999998,2025-01-05T04:00:00Z,2025-01-05T15:00:00Z,24.0,True,True
2025-01-06,2,89,72.71000000000001,161.5,88.78999999999999,2025-01-06T02:00:00Z,2025-01-06T16:00:00Z,24.0,True,True
2025-01-07,2,89,32.03,166.79999999999998,134.76999999999998,2025-01-07T01:00:00Z,2025-01-07T15:00:00Z,24.0,True,True
2025-01-08,2,89,70.51499999999999,153.97499999999997,83.45999999999998,2025-01-08T01:00:00Z,2025-01-08T15:00:00Z,24.0,True,True
2025-01-09,2,89,101.72,157.11499999999998,55.39499999999998,2025-01-09T01:00:00Z,2025-01-09T15:00:00Z,24.0,True,True
2025-01-10,2,89,72.42500000000001,163.115,90.69,2025-01-10T02:00:00Z,2025-01-10T06:00:00Z,24.0,True,True
2025-01-11,2,89,91.22,152.6,61.379999999999995,2025-01-11T02:00:00Z,2025-01-11T16:00:00Z,24.0,True,True
2025-01-12,2,89,84.96000000000001,145.39,60.42999999999998,2025-01-12T03:00:00Z,2025-01-12T17:00:00Z,24.0,True,True
2025-01-13,2,89,100.185,208.82000000000002,108.63500000000002,2025-01-13T02:00:00Z,2025-01-13T06:00:00Z,24.0,True,True
2025-01-14,2,89,101.28,256.81,155.53,2025-01-14T01:00:00Z,2025-01-14T16:00:00Z,24.0,True,True
2025-01-15,2,89,109.67999999999999,441.36,331.68,2025-01-15T01:00:00Z,2025-01-15T16:00:00Z,24.0,True,True
2025-01-16,2,89,117.07499999999999,205.12,88.04500000000002,2025-01-16T01:00:00Z,2025-01-16T06:00:00Z,24.0,True,True
2025-01-17,2,89,117.07499999999999,191.73499999999999,74.66,2025-01-17T02:00:00Z,2025-01-17T07:00:00Z,24.0,True,True
2025-01-18,2,89,116.94,172.425,55.485000000000014,2025-01-18T11:00:00Z,2025-01-18T15:00:00Z,24.0,True,True
2025-01-19,2,89,109.88,169.905,60.025000000000006,2025-01-19T11:00:00Z,2025-01-19T17:00:00Z,24.0,True,True
2025-01-20,2,89,114.93,538.29,423.35999999999996,2025-01-20T02:00:00Z,2025-01-20T16:00:00Z,24.0,True,True
2025-01-21,2,89,126.83500000000001,368.135,241.29999999999998,2025-01-21T01:00:00Z,2025-01-21T06:00:00Z,24.0,True,True
2025-01-22,2,89,123.97,294.16,170.19000000000003,2025-01-22T01:00:00Z,2025-01-22T06:00:00Z,24.0,True,True
2025-01-23,2,89,109.69999999999999,219.085,109.38500000000002,2025-01-23T01:00:00Z,2025-01-23T15:00:00Z,24.0,True,True
2025-01-24,2,89,103.725,203.85999999999999,100.13499999999999,2025-01-24T01:00:00Z,2025-01-24T15:00:00Z,24.0,True,True
2025-01-25,2,89,86.005,160.325,74.32,2025-01-25T11:00:00Z,2025-01-25T17:00:00Z,24.0,True,True
2025-01-26,2,89,95.555,138.73,43.17499999999998,2025-01-26T11:00:00Z,2025-01-26T15:00:00Z,24.0,True,True
2025-01-27,2,89,34.805,187.15999999999997,152.35499999999996,2025-01-27T01:00:00Z,2025-01-27T17:00:00Z,24.0,True,True
2025-01-28,2,89,83.27,147.01000000000002,63.74000000000002,2025-01-28T02:00:00Z,2025-01-28T16:00:00Z,24.0,True,True
2025-01-29,2,89,82.975,174.58,91.60500000000002,2025-01-29T01:00:00Z,2025-01-29T15:00:00Z,24.0,True,True
2025-01-30,2,89,98.66,175.02499999999998,76.36499999999998,2025-01-30T00:00:00Z,2025-01-30T16:00:00Z,24.0,True,True
2025-01-31,2,89,114.12,192.23999999999998,78.11999999999998,2025-01-31T01:00:00Z,2025-01-31T16:00:00Z,24.0,True,True
2025-02-01,2,89,106.845,166.865,60.02000000000001,2025-02-01T11:00:00Z,2025-02-01T16:00:00Z,24.0,True,True
2025-02-02,2,89,114.35499999999999,172.975,58.620000000000005,2025-02-02T12:00:00Z,2025-02-02T17:00:00Z,24.0,True,True
2025-02-03,2,89,116.495,225.555,109.06,2025-02-03T11:00:00Z,2025-02-03T06:00:00Z,24.0,True,True
2025-02-04,2,89,115.52000000000001,201.365,85.845,2025-02-04T11:00:00Z,2025-02-04T06:00:00Z,24.0,True,True
2025-02-05,2,89,110.065,189.765,79.69999999999999,2025-02-05T01:00:00Z,2025-02-05T17:00:00Z,24.0,True,True
2025-02-06,2,89,125.005,199.305,74.30000000000001,2025-02-06T02:00:00Z,2025-02-06T06:00:00Z,24.0,True,True
2025-02-07,2,89,106.91,183.92000000000002,77.01000000000002,2025-02-07T01:00:00Z,2025-02-07T15:00:00Z,24.0,True,True
2025-02-08,2,89,85.10499999999999,163.35,78.245,2025-02-08T10:00:00Z,2025-02-08T16:00:00Z,24.0,True,True
2025-02-09,2,89,98.635,178.85,80.21499999999999,2025-02-09T11:00:00Z,2025-02-09T17:00:00Z,24.0,True,True
2025-02-10,2,89,108.04999999999998,220.345,112.29500000000002,2025-02-10T02:00:00Z,2025-02-10T16:00:00Z,24.0,True,True
2025-02-11,2,89,107.53999999999999,229.06,121.52000000000001,2025-02-11T10:00:00Z,2025-02-11T16:00:00Z,24.0,True,True
2025-02-12,2,89,126.705,347.135,220.43,2025-02-12T01:00:00Z,2025-02-12T16:00:00Z,24.0,True,True
2025-02-13,2,89,143.66500000000002,335.475,191.81,2025-02-13T01:00:00Z,2025-02-13T06:00:00Z,24.0,True,True
2025-02-14,2,89,130.23000000000002,304.02,173.78999999999996,2025-02-14T01:00:00Z,2025-02-14T16:00:00Z,24.0,True,True
2025-02-15,2,89,111.19999999999999,180.495,69.29500000000002,2025-02-15T11:00:00Z,2025-02-15T16:00:00Z,24.0,True,True
2025-02-16,2,89,119.735,178.85500000000002,59.12000000000002,2025-02-16T02:00:00Z,2025-02-16T17:15:00Z,24.0,True,True
2025-02-17,2,89,120.7,246.88500000000002,126.18500000000002,2025-02-17T00:00:00Z,2025-02-17T16:00:00Z,24.0,True,True
2025-02-18,2,89,125.185,350.33500000000004,225.15000000000003,2025-02-18T01:00:00Z,2025-02-18T15:00:00Z,24.0,True,True
2025-02-19,2,89,108.725,278.29499999999996,169.56999999999996,2025-02-19T11:00:00Z,2025-02-19T16:00:00Z,24.0,True,True
2025-02-20,2,89,90.93,344.255,253.325,2025-02-20T10:00:00Z,2025-02-20T17:00:00Z,24.0,True,True
2025-02-21,2,89,79.36999999999999,239.29,159.92000000000002,2025-02-21T11:00:00Z,2025-02-21T17:00:00Z,24.0,True,True
2025-02-22,2,89,52.370000000000005,255.485,203.115,2025-02-22T10:00:00Z,2025-02-22T16:00:00Z,24.0,True,True
2025-02-23,2,89,74.465,244.41,169.945,2025-02-23T11:00:00Z,2025-02-23T16:00:00Z,24.0,True,True
2025-02-24,2,89,120.05,384.82,264.77,2025-02-24T01:00:00Z,2025-02-24T16:00:00Z,24.0,True,True
2025-02-25,2,89,127.765,455.095,327.33000000000004,2025-02-25T10:00:00Z,2025-02-25T17:00:00Z,24.0,True,True
2025-02-26,2,89,118.32999999999998,225.17000000000002,106.84000000000003,2025-02-26T02:00:00Z,2025-02-26T16:00:00Z,24.0,True,True
2025-02-27,2,89,101.45500000000001,182.15,80.695,2025-02-27T02:00:00Z,2025-02-27T16:00:00Z,24.0,True,True
2025-02-28,2,89,108.215,231.75500000000002,123.54000000000002,2025-02-28T01:00:00Z,2025-02-28T17:00:00Z,24.0,True,True
2025-03-01,2,89,101.12,242.11499999999998,140.99499999999998,2025-03-01T12:00:00Z,2025-03-01T16:00:00Z,24.0,True,True
2025-03-02,2,89,21.869999999999997,178.86,156.99,2025-03-02T11:00:00Z,2025-03-02T16:00:00Z,24.0,True,True
2025-03-03,2,89,56.22,243.09499999999997,186.87499999999997,2025-03-03T09:00:00Z,2025-03-03T16:00:00Z,24.0,True,True
2025-03-04,2,89,30.59,271.695,241.105,2025-03-04T11:00:00Z,2025-03-04T16:00:00Z,24.0,True,True
2025-03-05,2,89,1.835,240.53,238.695,2025-03-05T12:00:00Z,2025-03-05T17:00:00Z,24.0,True,True
2025-03-06,2,89,0.8999999999999999,264.715,263.815,2025-03-06T11:00:00Z,2025-03-06T17:00:00Z,24.0,True,True
2025-03-07,2,89,10.405,213.915,203.51,2025-03-07T11:00:00Z,2025-03-07T17:00:00Z,24.0,True,True
2025-03-08,2,89,0.035,219.305,219.27,2025-03-08T12:00:00Z,2025-03-08T17:00:00Z,24.0,True,True
2025-03-09,2,89,-0.32499999999999996,153.29500000000002,153.62,2025-03-09T11:00:00Z,2025-03-09T17:00:00Z,24.0,True,True
2025-03-10,2,89,71.555,167.11,95.555,2025-03-10T09:00:00Z,2025-03-10T17:00:00Z,24.0,True,True
2025-03-11,2,89,97.25,186.415,89.16499999999999,2025-03-11T10:00:00Z,2025-03-11T17:00:00Z,24.0,True,True
2025-03-12,2,89,98.035,185.23,87.195,2025-03-12T01:00:00Z,2025-03-12T17:00:00Z,24.0,True,True
2025-03-13,2,89,0.04,169.76000000000002,169.72000000000003,2025-03-13T09:00:00Z,2025-03-13T17:00:00Z,24.0,True,True
2025-03-14,2,89,11.465,147.95999999999998,136.49499999999998,2025-03-14T09:00:00Z,2025-03-14T16:00:00Z,24.0,True,True
2025-03-15,2,89,19.96,139.03,119.07,2025-03-15T07:00:00Z,2025-03-15T17:00:00Z,24.0,True,True
2025-03-16,2,89,5.720000000000001,138.97,133.25,2025-03-16T11:00:00Z,2025-03-16T17:00:00Z,24.0,True,True
2025-03-17,2,89,46.980000000000004,170.79000000000002,123.81000000000002,2025-03-17T12:00:00Z,2025-03-17T17:00:00Z,24.0,True,True
2025-03-18,2,89,2.81,169.04,166.23,2025-03-18T10:00:00Z,2025-03-18T17:00:00Z,24.0,True,True
2025-03-19,2,89,0.595,268.465,267.86999999999995,2025-03-19T11:00:00Z,2025-03-19T17:00:00Z,24.0,True,True
2025-03-20,2,89,0.54,307.125,306.585,2025-03-20T11:00:00Z,2025-03-20T17:00:00Z,24.0,True,True
2025-03-21,2,89,0.875,207.17499999999998,206.29999999999998,2025-03-21T11:00:00Z,2025-03-21T17:00:00Z,24.0,True,True
2025-03-22,2,89,12.905,129.825,116.91999999999999,2025-03-22T10:00:00Z,2025-03-22T17:00:00Z,24.0,True,True
2025-03-23,2,89,8.235,143.75,135.515,2025-03-23T12:00:00Z,2025-03-23T17:00:00Z,24.0,True,True
2025-03-24,2,89,99.66499999999999,202.89000000000001,103.22500000000002,2025-03-24T01:00:00Z,2025-03-24T17:00:00Z,24.0,True,True
2025-03-25,2,89,95.11000000000001,181.95499999999998,86.84499999999997,2025-03-25T11:00:00Z,2025-03-25T16:00:00Z,24.0,True,True
2025-03-26,2,89,90.37,171.01,80.63999999999999,2025-03-26T11:00:00Z,2025-03-26T17:00:00Z,24.0,True,True
2025-03-27,2,89,44.955,202.245,157.29000000000002,2025-03-27T10:00:00Z,2025-03-27T17:00:00Z,24.0,True,True
2025-03-28,2,89,39.165,166.345,127.18,2025-03-28T10:00:00Z,2025-03-28T17:00:00Z,24.0,True,True
2025-03-29,2,89,55.0,159.04999999999998,104.04999999999998,2025-03-29T05:00:00Z,2025-03-29T17:00:00Z,24.0,True,True
2025-03-30,2,85,-19.845000000000002,207.79500000000002,227.64000000000001,2025-03-30T10:00:00Z,2025-03-30T17:00:00Z,23.0,True,True
2025-03-31,2,89,65.91,223.385,157.475,2025-03-30T23:00:00Z,2025-03-31T04:00:00Z,24.0,True,True
2025-04-01,2,89,45.345,168.065,122.72,2025-04-01T11:00:00Z,2025-04-01T05:00:00Z,24.0,True,True
2025-04-02,2,89,44.435,144.205,99.77000000000001,2025-04-02T11:00:00Z,2025-04-02T17:00:00Z,24.0,True,True
2025-04-03,2,89,0.32,190.49,190.17000000000002,2025-04-03T10:00:00Z,2025-04-03T17:00:00Z,24.0,True,True
2025-04-04,2,89,0.0,174.165,174.165,2025-04-04T10:00:00Z,2025-04-04T17:00:00Z,24.0,True,True
2025-04-05,2,89,-13.684999999999999,146.58999999999997,160.27499999999998,2025-04-05T10:00:00Z,2025-04-05T17:00:00Z,24.0,True,True
2025-04-06,2,89,-10.05,149.10000000000002,159.15000000000003,2025-04-06T11:00:00Z,2025-04-06T17:00:00Z,24.0,True,True
2025-04-07,2,89,45.42,214.685,169.265,2025-04-07T10:00:00Z,2025-04-07T17:00:00Z,24.0,True,True
2025-04-08,2,89,45.510000000000005,256.565,211.055,2025-04-08T10:00:00Z,2025-04-08T17:00:00Z,24.0,True,True
2025-04-09,2,89,16.509999999999998,305.16,288.65000000000003,2025-04-09T10:00:00Z,2025-04-09T17:00:00Z,24.0,True,True
2025-04-10,2,89,1.155,170.12,168.965,2025-04-10T12:00:00Z,2025-04-10T17:00:00Z,24.0,True,True
2025-04-11,2,89,0.0,210.755,210.755,2025-04-11T10:00:00Z,2025-04-11T17:00:00Z,24.0,True,True
2025-04-12,2,89,-10.700000000000001,201.225,211.92499999999998,2025-04-12T10:00:00Z,2025-04-12T17:00:00Z,24.0,True,True
2025-04-13,2,89,-22.11,139.65,161.76,2025-04-13T11:00:00Z,2025-04-13T18:00:00Z,24.0,True,True
2025-04-14,2,89,84.115,179.24,95.12500000000001,2025-04-14T11:00:00Z,2025-04-14T17:00:00Z,24.0,True,True
2025-04-15,2,89,74.20500000000001,151.985,77.78,2025-04-15T00:00:00Z,2025-04-15T17:00:00Z,24.0,True,True
2025-04-16,2,89,0.01,166.66,166.65,2025-04-16T11:00:00Z,2025-04-16T17:00:00Z,24.0,True,True
2025-04-17,2,89,7.050000000000001,129.675,122.62500000000001,2025-04-17T10:00:00Z,2025-04-17T17:00:00Z,24.0,True,True
2025-04-18,2,89,37.42,134.635,97.21499999999999,2025-04-18T11:00:00Z,2025-04-18T17:00:00Z,24.0,True,True
2025-04-19,2,89,-4.345000000000001,155.35999999999999,159.70499999999998,2025-04-19T11:00:00Z,2025-04-19T17:00:00Z,24.0,True,True
2025-04-20,2,89,-100.23999999999998,134.95499999999998,235.19499999999996,2025-04-20T10:00:00Z,2025-04-20T18:00:00Z,24.0,True,True
2025-04-21,2,89,-31.88,135.665,167.545,2025-04-21T10:00:00Z,2025-04-21T18:00:00Z,24.0,True,True
2025-04-22,2,89,69.16,239.265,170.105,2025-04-22T11:00:00Z,2025-04-22T17:00:00Z,24.0,True,True
2025-04-23,2,89,79.47,198.48499999999999,119.01499999999999,2025-04-23T10:00:00Z,2025-04-23T17:00:00Z,24.0,True,True
2025-04-24,2,89,73.83000000000001,140.92000000000002,67.09,2025-04-24T10:00:00Z,2025-04-24T17:00:00Z,24.0,True,True
2025-04-25,2,89,46.49,119.93,73.44,2025-04-25T07:00:00Z,2025-04-25T17:00:00Z,24.0,True,True
2025-04-26,2,89,-5.25,113.53,118.78,2025-04-26T11:00:00Z,2025-04-26T17:00:00Z,24.0,True,True
2025-04-27,2,89,-16.07,117.64,133.71,2025-04-27T09:00:00Z,2025-04-27T17:00:00Z,24.0,True,True
2025-04-28,2,89,-6.04,175.82,181.85999999999999,2025-04-28T11:00:00Z,2025-04-28T17:00:00Z,24.0,True,True
2025-04-29,2,89,-1.45,158.635,160.08499999999998,2025-04-29T11:00:00Z,2025-04-29T17:00:00Z,24.0,True,True
2025-04-30,2,89,-4.605,224.935,229.54,2025-04-30T11:00:00Z,2025-04-30T17:00:00Z,24.0,True,True
2025-05-01,2,89,-100.61,146.375,246.985,2025-05-01T11:00:00Z,2025-05-01T17:00:00Z,24.0,True,True
2025-05-02,2,89,-3.5,137.16,140.66,2025-05-02T11:00:00Z,2025-05-02T17:00:00Z,24.0,True,True
2025-05-03,2,89,-2.8649999999999998,113.085,115.94999999999999,2025-05-03T11:00:00Z,2025-05-03T18:00:00Z,24.0,True,True
2025-05-04,2,89,-3.505,107.845,111.35,2025-05-04T11:00:00Z,2025-05-04T18:00:00Z,24.0,True,True
2025-05-05,2,89,50.0,202.41500000000002,152.41500000000002,2025-05-05T10:00:00Z,2025-05-05T17:00:00Z,24.0,True,True
2025-05-06,2,89,62.17,165.105,102.93499999999999,2025-05-06T10:00:00Z,2025-05-06T17:00:00Z,24.0,True,True
2025-05-07,2,89,76.815,150.45499999999998,73.63999999999999,2025-05-07T10:00:00Z,2025-05-07T17:00:00Z,24.0,True,True
2025-05-08,2,89,67.28,199.65,132.37,2025-05-08T10:00:00Z,2025-05-08T17:00:00Z,24.0,True,True
2025-05-09,2,89,0.12,178.41500000000002,178.29500000000002,2025-05-09T11:00:00Z,2025-05-09T17:00:00Z,24.0,True,True
2025-05-10,2,89,4.0,177.25,173.25,2025-05-10T10:00:00Z,2025-05-10T18:00:00Z,24.0,True,True
2025-05-11,2,89,0.0,168.65,168.65,2025-05-11T07:00:00Z,2025-05-11T17:00:00Z,24.0,True,True
2025-05-12,2,89,43.2,312.47,269.27000000000004,2025-05-12T08:00:00Z,2025-05-12T17:00:00Z,24.0,True,True
2025-05-13,2,89,21.029999999999998,248.45999999999998,227.42999999999998,2025-05-13T09:00:00Z,2025-05-13T17:00:00Z,24.0,True,True
2025-05-14,2,89,11.3,283.82,272.52,2025-05-14T08:00:00Z,2025-05-14T17:00:00Z,24.0,True,True
2025-05-15,2,89,8.434999999999999,151.73499999999999,143.29999999999998,2025-05-15T09:00:00Z,2025-05-15T17:00:00Z,24.0,True,True
2025-05-16,2,89,41.545,174.81,133.265,2025-05-16T09:00:00Z,2025-05-16T18:00:00Z,24.0,True,True
2025-05-17,2,89,-0.015,203.155,203.17,2025-05-17T10:00:00Z,2025-05-17T18:00:00Z,24.0,True,True
2025-05-18,2,89,-11.985,142.845,154.82999999999998,2025-05-18T12:00:00Z,2025-05-18T18:00:00Z,24.0,True,True
2025-05-19,2,89,6.5,192.065,185.565,2025-05-19T11:00:00Z,2025-05-19T18:00:00Z,24.0,True,True
2025-05-20,2,89,20.045,270.705,250.65999999999997,2025-05-20T09:00:00Z,2025-05-20T17:00:00Z,24.0,True,True
2025-05-21,2,89,47.585,323.565,275.98,2025-05-21T10:00:00Z,2025-05-21T17:00:00Z,24.0,True,True
2025-05-22,2,89,46.879999999999995,160.505,113.625,2025-05-22T10:00:00Z,2025-05-22T18:00:00Z,24.0,True,True
2025-05-23,2,89,45.775,183.57000000000002,137.79500000000002,2025-05-23T10:00:00Z,2025-05-23T18:00:00Z,24.0,True,True
2025-05-24,2,89,4.265000000000001,157.30499999999998,153.03999999999996,2025-05-24T08:00:00Z,2025-05-24T18:00:00Z,24.0,True,True
2025-05-25,2,89,1.4449999999999998,116.16499999999999,114.72,2025-05-25T04:00:00Z,2025-05-25T18:00:00Z,24.0,True,True
2025-05-26,2,89,17.419999999999998,207.70000000000002,190.28000000000003,2025-05-26T12:00:00Z,2025-05-26T18:00:00Z,24.0,True,True
2025-05-27,2,89,1.57,183.705,182.13500000000002,2025-05-27T10:00:00Z,2025-05-27T18:00:00Z,24.0,True,True
2025-05-28,2,89,55.585,157.165,101.57999999999998,2025-05-28T11:00:00Z,2025-05-28T17:00:00Z,24.0,True,True
2025-05-29,2,89,4.275,148.675,144.4,2025-05-29T09:00:00Z,2025-05-29T18:00:00Z,24.0,True,True
2025-05-30,2,89,0.08,161.525,161.445,2025-05-30T12:00:00Z,2025-05-30T18:00:00Z,24.0,True,True
2025-05-31,2,89,-10.46,217.615,228.07500000000002,2025-05-31T11:00:00Z,2025-05-31T18:00:00Z,24.0,True,True
2025-06-01,2,89,-18.009999999999998,145.86,163.87,2025-06-01T12:00:00Z,2025-06-01T17:00:00Z,24.0,True,True
2025-06-02,2,89,11.89,352.545,340.65500000000003,2025-06-02T11:00:00Z,2025-06-02T17:00:00Z,24.0,True,True
2025-06-03,2,89,4.235,208.6,204.36499999999998,2025-06-03T11:00:00Z,2025-06-03T17:00:00Z,24.0,True,True
2025-06-04,2,89,9.61,293.895,284.28499999999997,2025-06-04T10:00:00Z,2025-06-04T18:00:00Z,24.0,True,True
2025-06-05,2,89,10.395,219.01,208.61499999999998,2025-06-05T11:00:00Z,2025-06-05T17:00:00Z,24.0,True,True
2025-06-06,2,89,1.01,179.15,178.14000000000001,2025-06-06T08:00:00Z,2025-06-06T16:00:00Z,24.0,True,True
2025-06-07,2,89,-0.02,210.695,210.715,2025-06-07T12:00:00Z,2025-06-07T17:00:00Z,24.0,True,True
2025-06-08,2,89,-29.055,168.32,197.375,2025-06-08T11:00:00Z,2025-06-08T18:00:00Z,24.0,True,True
2025-06-09,2,89,6.98,194.745,187.76500000000001,2025-06-09T12:00:00Z,2025-06-09T18:00:00Z,24.0,True,True
2025-06-10,2,89,10.125,217.715,207.59,2025-06-10T09:00:00Z,2025-06-10T17:00:00Z,24.0,True,True
2025-06-11,2,89,6.369999999999999,202.43,196.06,2025-06-11T09:00:00Z,2025-06-11T18:00:00Z,24.0,True,True
2025-06-12,2,89,3.505,204.85,201.345,2025-06-12T08:00:00Z,2025-06-12T17:00:00Z,24.0,True,True
2025-06-13,2,89,10.605,182.97,172.365,2025-06-13T08:00:00Z,2025-06-13T17:00:00Z,24.0,True,True
2025-06-14,2,89,-4.97,179.015,183.98499999999999,2025-06-14T08:00:00Z,2025-06-14T18:00:00Z,24.0,True,True
2025-06-15,2,89,-5.23,152.965,158.195,2025-06-15T11:00:00Z,2025-06-15T18:00:00Z,24.0,True,True
2025-06-16,2,89,29.495,191.67999999999998,162.18499999999997,2025-06-16T08:00:00Z,2025-06-16T18:00:00Z,24.0,True,True
2025-06-17,2,89,7.74,242.555,234.815,2025-06-17T08:00:00Z,2025-06-17T18:00:00Z,24.0,True,True
2025-06-18,2,89,2.1550000000000002,213.70999999999998,211.55499999999998,2025-06-18T09:00:00Z,2025-06-18T18:00:00Z,24.0,True,True
2025-06-19,2,89,4.7,174.845,170.145,2025-06-19T07:00:00Z,2025-06-19T17:00:00Z,24.0,True,True
2025-06-20,2,89,0.35,191.245,190.895,2025-06-20T10:00:00Z,2025-06-20T18:00:00Z,24.0,True,True
2025-06-21,2,89,0.0,176.665,176.665,2025-06-21T08:00:00Z,2025-06-21T18:00:00Z,24.0,True,True
2025-06-22,2,89,-39.63,140.78,180.41,2025-06-22T11:00:00Z,2025-06-22T18:00:00Z,24.0,True,True
2025-06-23,2,89,22.675,202.39499999999998,179.71999999999997,2025-06-23T08:00:00Z,2025-06-23T16:00:00Z,24.0,True,True
2025-06-24,2,89,17.115000000000002,179.51999999999998,162.40499999999997,2025-06-24T11:00:00Z,2025-06-24T17:00:00Z,24.0,True,True
2025-06-25,2,89,14.16,229.07999999999998,214.92,2025-06-25T10:00:00Z,2025-06-25T18:00:00Z,24.0,True,True
2025-06-26,2,89,66.175,231.945,165.76999999999998,2025-06-26T11:00:00Z,2025-06-26T17:00:00Z,24.0,True,True
2025-06-27,2,89,61.2,170.73499999999999,109.53499999999998,2025-06-27T09:00:00Z,2025-06-27T17:00:00Z,24.0,True,True
2025-06-28,2,89,0.255,126.53999999999999,126.285,2025-06-28T08:00:00Z,2025-06-28T18:00:00Z,24.0,True,True
2025-06-29,2,89,-9.44,115.9,125.34,2025-06-29T11:00:00Z,2025-06-29T19:00:00Z,24.0,True,True
2025-06-30,2,89,44.89,253.96999999999997,209.07999999999998,2025-06-30T08:00:00Z,2025-06-30T18:00:00Z,24.0,True,True
2025-07-01,2,89,44.345,270.43,226.085,2025-07-01T10:00:00Z,2025-07-01T17:00:00Z,24.0,True,True
2025-07-02,2,89,38.205,406.98499999999996,368.78,2025-07-02T10:00:00Z,2025-07-02T17:00:00Z,24.0,True,True
2025-07-03,2,89,41.169999999999995,235.18,194.01000000000002,2025-07-03T10:00:00Z,2025-07-03T17:00:00Z,24.0,True,True
2025-07-04,2,89,43.685,163.115,119.43,2025-07-04T09:00:00Z,2025-07-04T18:00:00Z,24.0,True,True
2025-07-05,2,89,0.0,187.84499999999997,187.84499999999997,2025-07-05T08:00:00Z,2025-07-05T17:00:00Z,24.0,True,True
2025-07-06,2,89,9.305,177.815,168.51,2025-07-06T11:00:00Z,2025-07-06T17:00:00Z,24.0,True,True
2025-07-07,2,89,85.56,190.015,104.45499999999998,2025-07-07T10:00:00Z,2025-07-07T17:00:00Z,24.0,True,True
2025-07-08,2,89,75.50999999999999,162.935,87.42500000000001,2025-07-08T10:00:00Z,2025-07-08T16:00:00Z,24.0,True,True
2025-07-09,2,89,39.38499999999999,134.25,94.86500000000001,2025-07-09T11:00:00Z,2025-07-09T18:00:00Z,24.0,True,True
2025-07-10,2,89,38.75,147.33,108.58000000000001,2025-07-10T11:00:00Z,2025-07-10T18:00:00Z,24.0,True,True
2025-07-11,2,89,36.114999999999995,145.165,109.05,2025-07-11T11:00:00Z,2025-07-11T17:00:00Z,24.0,True,True
2025-07-12,2,89,0.0,128.79,128.79,2025-07-12T11:00:00Z,2025-07-12T18:00:00Z,24.0,True,True
2025-07-13,2,89,0.0,127.77000000000001,127.77000000000001,2025-07-13T10:00:00Z,2025-07-13T19:00:00Z,24.0,True,True
2025-07-14,2,89,62.25,212.44,150.19,2025-07-14T11:00:00Z,2025-07-14T18:00:00Z,24.0,True,True
2025-07-15,2,89,52.614999999999995,163.705,111.09000000000002,2025-07-15T11:00:00Z,2025-07-15T17:00:00Z,24.0,True,True
2025-07-16,2,89,80.095,155.56,75.465,2025-07-16T01:00:00Z,2025-07-16T17:00:00Z,24.0,True,True
2025-07-17,2,89,63.0,147.41000000000003,84.41000000000003,2025-07-17T11:00:00Z,2025-07-17T17:00:00Z,24.0,True,True
2025-07-18,2,89,71.94,165.095,93.155,2025-07-18T12:00:00Z,2025-07-18T18:00:00Z,24.0,True,True
2025-07-19,2,89,-0.005,158.45499999999998,158.45999999999998,2025-07-19T10:00:00Z,2025-07-19T18:00:00Z,24.0,True,True
2025-07-20,2,89,-0.005,140.93,140.935,2025-07-20T10:00:00Z,2025-07-20T18:00:00Z,24.0,True,True
2025-07-21,2,89,79.13999999999999,207.13,127.99000000000001,2025-07-21T12:00:00Z,2025-07-21T17:00:00Z,24.0,True,True
2025-07-22,2,89,46.635000000000005,209.35999999999999,162.72499999999997,2025-07-22T11:00:00Z,2025-07-22T17:00:00Z,24.0,True,True
2025-07-23,2,89,80.465,320.57,240.105,2025-07-23T09:00:00Z,2025-07-23T17:00:00Z,24.0,True,True
2025-07-24,2,89,84.44999999999999,371.49,287.04,2025-07-24T09:00:00Z,2025-07-24T17:00:00Z,24.0,True,True
2025-07-25,2,89,88.24000000000001,399.39500000000004,311.15500000000003,2025-07-25T09:00:00Z,2025-07-25T17:00:00Z,24.0,True,True
2025-07-26,2,89,65.83,198.82999999999998,133.0,2025-07-26T11:00:00Z,2025-07-26T18:00:00Z,24.0,True,True
2025-07-27,2,89,11.945,173.97,162.025,2025-07-27T11:00:00Z,2025-07-27T17:00:00Z,24.0,True,True
2025-07-28,2,89,80.80999999999999,193.85,113.04,2025-07-28T00:00:00Z,2025-07-28T16:00:00Z,24.0,True,True
2025-07-29,2,89,56.58,163.74,107.16000000000001,2025-07-29T09:00:00Z,2025-07-29T18:00:00Z,24.0,True,True
2025-07-30,2,89,14.195,203.85500000000002,189.66000000000003,2025-07-30T11:00:00Z,2025-07-30T17:00:00Z,24.0,True,True
2025-07-31,2,89,56.66,154.69,98.03,2025-07-31T11:00:00Z,2025-07-31T18:00:00Z,24.0,True,True
2025-08-01,2,89,51.730000000000004,209.60999999999999,157.88,2025-08-01T12:00:00Z,2025-08-01T18:00:00Z,24.0,True,True
2025-08-02,2,89,0.0,164.855,164.855,2025-08-02T11:00:00Z,2025-08-02T18:00:00Z,24.0,True,True
2025-08-03,2,89,-9.99,143.75,153.74,2025-08-03T11:00:00Z,2025-08-03T18:00:00Z,24.0,True,True
2025-08-04,2,89,2.355,203.815,201.46,2025-08-04T11:00:00Z,2025-08-04T17:00:00Z,24.0,True,True
2025-08-05,2,89,-5.960000000000001,164.44500000000002,170.40500000000003,2025-08-05T12:00:00Z,2025-08-05T17:00:00Z,24.0,True,True
2025-08-06,2,89,0.495,170.64499999999998,170.14999999999998,2025-08-06T08:00:00Z,2025-08-06T18:00:00Z,24.0,True,True
2025-08-07,2,89,-1.6300000000000001,168.45000000000002,170.08,2025-08-07T10:00:00Z,2025-08-07T17:00:00Z,24.0,True,True
2025-08-08,2,89,-0.01,197.765,197.77499999999998,2025-08-08T11:00:00Z,2025-08-08T17:00:00Z,24.0,True,True
2025-08-09,2,89,-15.695,179.11499999999998,194.80999999999997,2025-08-09T11:00:00Z,2025-08-09T17:00:00Z,24.0,True,True
2025-08-10,2,89,-54.989999999999995,130.10999999999999,185.09999999999997,2025-08-10T11:00:00Z,2025-08-10T17:00:00Z,24.0,True,True
2025-08-11,2,89,0.0,214.835,214.835,2025-08-11T10:00:00Z,2025-08-11T17:00:00Z,24.0,True,True
2025-08-12,2,89,4.075,256.535,252.46000000000004,2025-08-12T11:00:00Z,2025-08-12T17:00:00Z,24.0,True,True
2025-08-13,2,89,7.5649999999999995,243.46999999999997,235.90499999999997,2025-08-13T08:00:00Z,2025-08-13T17:00:00Z,24.0,True,True
2025-08-14,2,89,12.78,283.175,270.39500000000004,2025-08-14T08:00:00Z,2025-08-14T17:00:00Z,24.0,True,True
2025-08-15,2,89,0.0,126.85999999999999,126.85999999999999,2025-08-15T11:00:00Z,2025-08-15T17:00:00Z,24.0,True,True
2025-08-16,2,89,-0.01,184.475,184.48499999999999,2025-08-16T11:00:00Z,2025-08-16T17:00:00Z,24.0,True,True
2025-08-17,2,89,-0.7549999999999999,113.42,114.175,2025-08-17T11:00:00Z,2025-08-17T17:00:00Z,24.0,True,True
2025-08-18,2,89,16.285,197.55,181.26500000000001,2025-08-18T11:00:00Z,2025-08-18T17:00:00Z,24.0,True,True
2025-08-19,2,89,31.855,177.78,145.925,2025-08-19T10:00:00Z,2025-08-19T17:00:00Z,24.0,True,True
2025-08-20,2,89,38.155,134.48,96.32499999999999,2025-08-20T10:00:00Z,2025-08-20T17:00:00Z,24.0,True,True
2025-08-21,2,89,72.14,140.74,68.60000000000001,2025-08-21T10:00:00Z,2025-08-21T17:00:00Z,24.0,True,True
2025-08-22,2,89,3.38,110.035,106.655,2025-08-22T11:00:00Z,2025-08-22T18:00:00Z,24.0,True,True
2025-08-23,2,89,0.24,141.375,141.135,2025-08-23T11:00:00Z,2025-08-23T17:00:00Z,24.0,True,True
2025-08-24,2,89,-7.425,115.75999999999999,123.18499999999999,2025-08-24T11:00:00Z,2025-08-24T18:00:00Z,24.0,True,True
2025-08-25,2,89,6.355,187.04,180.685,2025-08-25T11:00:00Z,2025-08-25T17:00:00Z,24.0,True,True
2025-08-26,2,89,21.14,185.51500000000001,164.375,2025-08-26T10:00:00Z,2025-08-26T17:00:00Z,24.0,True,True
2025-08-27,2,89,31.215,210.17999999999998,178.96499999999997,2025-08-27T10:00:00Z,2025-08-27T17:00:00Z,24.0,True,True
2025-08-28,2,89,5.26,160.475,155.215,2025-08-28T10:00:00Z,2025-08-28T16:00:00Z,24.0,True,True
2025-08-29,2,89,9.25,151.715,142.465,2025-08-29T11:00:00Z,2025-08-29T17:00:00Z,24.0,True,True
2025-08-30,2,89,0.0,127.91,127.91,2025-08-30T10:00:00Z,2025-08-30T17:00:00Z,24.0,True,True
2025-08-31,2,89,-0.7899999999999999,131.905,132.695,2025-08-31T11:00:00Z,2025-08-31T17:00:00Z,24.0,True,True
2025-09-01,2,89,31.525,214.98499999999999,183.45999999999998,2025-09-01T11:00:00Z,2025-09-01T17:00:00Z,24.0,True,True
2025-09-02,2,89,35.959999999999994,264.415,228.45500000000004,2025-09-02T08:00:00Z,2025-09-02T17:00:00Z,24.0,True,True
2025-09-03,2,89,6.16,185.63,179.47,2025-09-03T10:00:00Z,2025-09-03T16:00:00Z,24.0,True,True
2025-09-04,2,89,3.21,279.02000000000004,275.81000000000006,2025-09-04T10:00:00Z,2025-09-04T17:00:00Z,24.0,True,True
2025-09-05,2,89,74.94,180.07999999999998,105.13999999999999,2025-09-05T11:00:00Z,2025-09-05T16:00:00Z,24.0,True,True
2025-09-06,2,89,-0.925,184.325,185.25,2025-09-06T11:00:00Z,2025-09-06T16:00:00Z,24.0,True,True
2025-09-07,2,89,-47.7,145.11,192.81,2025-09-07T11:00:00Z,2025-09-07T17:00:00Z,24.0,True,True
2025-09-08,2,89,45.82,363.78,317.96,2025-09-08T09:00:00Z,2025-09-08T17:00:00Z,24.0,True,True
2025-09-09,2,89,84.82999999999998,317.84,233.01,2025-09-09T10:00:00Z,2025-09-09T16:00:00Z,24.0,True,True
2025-09-10,2,89,94.16499999999999,228.53500000000003,134.37000000000003,2025-09-10T01:00:00Z,2025-09-10T16:00:00Z,24.0,True,True
2025-09-11,2,89,75.93,224.365,148.435,2025-09-10T23:00:00Z,2025-09-11T16:00:00Z,24.0,True,True
2025-09-12,2,89,45.989999999999995,201.425,155.435,2025-09-12T10:00:00Z,2025-09-12T16:00:00Z,24.0,True,True
2025-09-13,2,89,0.0,136.37,136.37,2025-09-13T10:00:00Z,2025-09-13T16:00:00Z,24.0,True,True
2025-09-14,2,89,-0.005,143.05,143.055,2025-09-14T11:00:00Z,2025-09-14T17:00:00Z,24.0,True,True
2025-09-15,2,89,8.094999999999999,247.45000000000002,239.35500000000002,2025-09-15T10:00:00Z,2025-09-15T16:00:00Z,24.0,True,True
2025-09-16,2,89,6.775,273.08,266.305,2025-09-16T09:00:00Z,2025-09-16T16:00:00Z,24.0,True,True
2025-09-17,2,89,14.309999999999999,207.92,193.60999999999999,2025-09-17T10:00:00Z,2025-09-17T16:00:00Z,24.0,True,True
2025-09-18,2,89,0.0,200.43499999999997,200.43499999999997,2025-09-18T10:00:00Z,2025-09-18T16:00:00Z,24.0,True,True
2025-09-19,2,89,0.0,329.815,329.815,2025-09-19T11:00:00Z,2025-09-19T16:00:00Z,24.0,True,True
2025-09-20,2,89,-9.045,160.515,169.55999999999997,2025-09-20T10:00:00Z,2025-09-20T16:00:00Z,24.0,True,True
2025-09-21,2,89,-14.725,117.595,132.32,2025-09-21T10:00:00Z,2025-09-21T17:00:00Z,24.0,True,True
2025-09-22,2,89,1.395,196.63000000000002,195.235,2025-09-22T09:00:00Z,2025-09-22T17:00:00Z,24.0,True,True
2025-09-23,2,89,10.05,282.85,272.8,2025-09-23T09:00:00Z,2025-09-23T17:00:00Z,24.0,True,True
2025-09-24,2,89,13.92,236.46500000000003,222.54500000000004,2025-09-24T09:00:00Z,2025-09-24T16:00:00Z,24.0,True,True
2025-09-25,2,89,28.975,135.07,106.095,2025-09-25T08:00:00Z,2025-09-25T16:00:00Z,24.0,True,True
2025-09-26,2,89,73.22,128.02,54.80000000000001,2025-09-26T00:00:00Z,2025-09-26T16:00:00Z,24.0,True,True
2025-09-27,2,89,44.305,139.79500000000002,95.49000000000001,2025-09-27T11:00:00Z,2025-09-27T16:00:00Z,24.0,True,True
2025-09-28,2,89,10.765,180.67000000000002,169.90500000000003,2025-09-28T11:00:00Z,2025-09-28T17:00:00Z,24.0,True,True
2025-09-29,2,89,80.71000000000001,387.16499999999996,306.4549999999999,2025-09-29T10:00:00Z,2025-09-29T16:00:00Z,24.0,True,True
2025-09-30,2,89,92.155,361.85,269.69500000000005,2025-09-30T10:00:00Z,2025-09-30T16:00:00Z,24.0,True,True
2025-10-01,2,89,85.16375,294.8425,209.67874999999998,2025-10-01T08:30:00Z,2025-10-01T16:15:00Z,24.0,True,True
2025-10-02,2,89,88.69375,185.41875000000002,96.72500000000002,2025-10-01T22:30:00Z,2025-10-02T16:15:00Z,24.0,True,True
2025-10-03,2,89,44.57375,147.9125,103.33875,2025-10-03T10:45:00Z,2025-10-03T16:15:00Z,24.0,True,True
2025-10-04,2,89,0.5750000000000001,218.9425,218.3675,2025-10-04T09:15:00Z,2025-10-04T16:15:00Z,24.0,True,True
2025-10-05,2,89,1.16875,154.655,153.48625,2025-10-05T11:30:00Z,2025-10-05T15:45:00Z,24.0,True,True
2025-10-06,2,89,63.88875,251.22500000000002,187.33625,2025-10-05T23:45:00Z,2025-10-06T15:45:00Z,24.0,True,True
2025-10-07,2,89,90.37375,284.47,194.09625000000003,2025-10-07T00:30:00Z,2025-10-07T05:30:00Z,24.0,True,True
2025-10-08,2,89,87.0775,203.39125,116.31375000000001,2025-10-08T00:15:00Z,2025-10-08T15:45:00Z,24.0,True,True
2025-10-09,2,89,90.99625,195.50375000000003,104.50750000000002,2025-10-09T10:30:00Z,2025-10-09T16:30:00Z,24.0,True,True
2025-10-10,2,89,75.935,245.64125,169.70625,2025-10-10T10:15:00Z,2025-10-10T16:15:00Z,24.0,True,True
2025-10-11,2,89,12.296249999999999,144.68875,132.3925,2025-10-11T10:30:00Z,2025-10-11T15:45:00Z,24.0,True,True
2025-10-12,2,89,14.24,182.01375000000002,167.77375,2025-10-12T09:30:00Z,2025-10-12T16:45:00Z,24.0,True,True
2025-10-13,2,89,91.28375000000001,403.73625,312.4525,2025-10-13T10:30:00Z,2025-10-13T16:30:00Z,24.0,True,True
2025-10-14,2,89,100.92625,478.39000000000004,377.46375000000006,2025-10-14T00:15:00Z,2025-10-14T15:45:00Z,24.0,True,True
2025-10-15,2,89,108.205,357.165,248.96000000000004,2025-10-15T00:30:00Z,2025-10-15T15:30:00Z,24.0,True,True
2025-10-16,2,89,85.92999999999999,243.57875,157.64875,2025-10-16T10:30:00Z,2025-10-16T04:30:00Z,24.0,True,True
2025-10-17,2,89,91.05375,191.11249999999998,100.05874999999999,2025-10-17T10:15:00Z,2025-10-17T15:30:00Z,24.0,True,True
2025-10-18,2,89,77.7625,185.7525,107.99,2025-10-18T10:30:00Z,2025-10-18T16:00:00Z,24.0,True,True
2025-10-19,2,89,20.44625,194.80249999999998,174.35625,2025-10-19T10:30:00Z,2025-10-19T16:30:00Z,24.0,True,True
2025-10-20,2,89,79.28,348.51625,269.23625000000004,2025-10-20T09:15:00Z,2025-10-20T15:45:00Z,24.0,True,True
2025-10-21,2,89,86.82625,268.245,181.41875,2025-10-21T00:30:00Z,2025-10-21T04:30:00Z,24.0,True,True
2025-10-22,2,89,90.58624999999999,282.66125,192.075,2025-10-22T10:15:00Z,2025-10-22T15:45:00Z,24.0,True,True
2025-10-23,2,89,68.98125,149.1475,80.16625,2025-10-23T10:30:00Z,2025-10-23T16:15:00Z,24.0,True,True
2025-10-24,2,89,42.71125,148.93375,106.2225,2025-10-24T00:15:00Z,2025-10-24T05:30:00Z,24.0,True,True
2025-10-25,2,89,18.008750000000003,208.99124999999998,190.9825,2025-10-25T10:15:00Z,2025-10-25T15:45:00Z,24.0,True,True
2025-10-26,2,93,8.38375,145.015,136.63125,2025-10-26T10:30:00Z,2025-10-26T15:30:00Z,25.0,True,True
2025-10-27,2,89,32.067499999999995,229.29874999999998,197.23125,2025-10-27T00:15:00Z,2025-10-27T15:30:00Z,24.0,True,True
2025-10-28,2,89,77.18625,208.8475,131.66125,2025-10-28T09:45:00Z,2025-10-28T16:45:00Z,24.0,True,True
2025-10-29,2,89,14.8025,192.39124999999999,177.58874999999998,2025-10-29T09:15:00Z,2025-10-29T14:45:00Z,24.0,True,True
2025-10-30,2,89,64.22375,195.79874999999998,131.575,2025-10-30T09:45:00Z,2025-10-30T14:45:00Z,24.0,True,True
2025-10-31,2,89,77.66875,282.27750000000003,204.60875000000004,2025-10-31T09:30:00Z,2025-10-31T16:15:00Z,24.0,True,True
2025-11-01,2,89,15.91,147.87375,131.96375,2025-11-01T09:30:00Z,2025-11-01T15:15:00Z,24.0,True,True
2025-11-02,2,89,8.5725,131.32625000000002,122.75375000000001,2025-11-02T08:15:00Z,2025-11-02T15:45:00Z,24.0,True,True
2025-11-03,2,89,70.35125,231.73,161.37875,2025-11-03T00:45:00Z,2025-11-03T17:15:00Z,24.0,True,True
2025-11-04,2,89,73.47999999999999,239.825,166.345,2025-11-04T09:45:00Z,2025-11-04T17:00:00Z,24.0,True,True
2025-11-05,2,89,81.22125,208.12625,126.905,2025-11-05T01:30:00Z,2025-11-05T15:00:00Z,24.0,True,True
2025-11-06,2,89,95.30000000000001,244.485,149.185,2025-11-06T08:30:00Z,2025-11-06T15:15:00Z,24.0,True,True
2025-11-07,2,89,91.87750000000001,307.72125,215.84375,2025-11-06T23:45:00Z,2025-11-07T15:15:00Z,24.0,True,True
2025-11-08,2,89,97.07375,145.495,48.42125,2025-11-08T01:15:00Z,2025-11-08T15:30:00Z,24.0,True,True
2025-11-09,2,89,92.4725,132.52625,40.05375000000001,2025-11-09T04:45:00Z,2025-11-09T15:45:00Z,24.0,True,True
2025-11-10,2,89,90.76875,181.0925,90.32375,2025-11-10T01:45:00Z,2025-11-10T14:30:00Z,24.0,True,True
2025-11-11,2,89,88.16250000000001,163.35375,75.19124999999998,2025-11-11T00:15:00Z,2025-11-11T05:45:00Z,24.0,True,True
2025-11-12,2,89,68.4825,258.78125,190.29874999999998,2025-11-12T09:15:00Z,2025-11-12T15:30:00Z,24.0,True,True
2025-11-13,2,89,100.53875000000001,302.13375,201.59500000000003,2025-11-13T10:00:00Z,2025-11-13T15:45:00Z,24.0,True,True
2025-11-14,2,89,101.47375000000001,239.40499999999997,137.93124999999998,2025-11-14T02:15:00Z,2025-11-14T14:45:00Z,24.0,True,True
2025-11-15,2,89,94.36625000000001,173.01875,78.6525,2025-11-15T01:30:00Z,2025-11-15T15:15:00Z,24.0,True,True
2025-11-16,2,89,99.62375,139.47500000000002,39.85125000000002,2025-11-16T00:15:00Z,2025-11-16T15:15:00Z,24.0,True,True
2025-11-17,2,89,74.68625,129.61624999999998,54.92999999999998,2025-11-17T01:30:00Z,2025-11-17T06:45:00Z,24.0,True,True
2025-11-18,2,89,78.3425,157.5375,79.195,2025-11-18T01:15:00Z,2025-11-18T15:15:00Z,24.0,True,True
2025-11-19,2,89,84.13375,200.18375,116.05,2025-11-19T01:15:00Z,2025-11-19T13:45:00Z,24.0,True,True
2025-11-20,2,89,87.41749999999999,182.52125,95.10375000000002,2025-11-20T01:30:00Z,2025-11-20T14:45:00Z,24.0,True,True
2025-11-21,2,89,78.77749999999999,248.08625,169.30875000000003,2025-11-21T08:45:00Z,2025-11-21T14:45:00Z,24.0,True,True
2025-11-22,2,89,85.58749999999999,151.84875,66.26125,2025-11-22T01:30:00Z,2025-11-22T14:30:00Z,24.0,True,True
2025-11-23,2,89,61.896249999999995,142.77625,80.88000000000001,2025-11-23T02:15:00Z,2025-11-23T15:15:00Z,24.0,True,True
2025-11-24,2,89,20.33375,273.6775,253.34375,2025-11-24T08:30:00Z,2025-11-24T15:15:00Z,24.0,True,True
2025-11-25,2,89,54.4575,308.4175,253.96,2025-11-25T10:00:00Z,2025-11-25T14:00:00Z,24.0,True,True
2025-11-26,2,89,75.605,294.695,219.08999999999997,2025-11-25T22:45:00Z,2025-11-26T15:15:00Z,24.0,True,True
2025-11-27,2,89,78.07875,174.1325,96.05375,2025-11-27T01:30:00Z,2025-11-27T14:15:00Z,24.0,True,True
2025-11-28,2,89,70.85000000000001,160.86999999999998,90.01999999999997,2025-11-28T00:15:00Z,2025-11-28T13:15:00Z,24.0,True,True
2025-11-29,2,89,89.5175,142.3475,52.83,2025-11-29T01:15:00Z,2025-11-29T15:30:00Z,24.0,True,True
2025-11-30,2,89,85.04625,132.07625,47.02999999999999,2025-11-30T01:45:00Z,2025-11-30T17:45:00Z,24.0,True,True
2025-12-01,2,89,94.00125,239.99374999999998,145.99249999999998,2025-12-01T01:15:00Z,2025-12-01T14:30:00Z,24.0,True,True
2025-12-02,2,89,94.84875,203.11124999999998,108.26249999999999,2025-12-02T01:45:00Z,2025-12-02T14:30:00Z,24.0,True,True
2025-12-03,2,89,99.23375,291.5275,192.29375,2025-12-03T01:15:00Z,2025-12-03T14:30:00Z,24.0,True,True
2025-12-04,2,89,93.13,173.46875,80.33875,2025-12-04T01:15:00Z,2025-12-04T06:15:00Z,24.0,True,True
2025-12-05,2,89,93.00625,153.29500000000002,60.28875000000002,2025-12-05T00:45:00Z,2025-12-05T15:15:00Z,24.0,True,True
2025-12-06,2,89,76.33000000000001,126.1725,49.84249999999999,2025-12-06T00:45:00Z,2025-12-06T14:45:00Z,24.0,True,True
2025-12-07,2,89,76.90375,113.6675,36.76375,2025-12-07T02:00:00Z,2025-12-07T14:30:00Z,24.0,True,True
2025-12-08,2,89,75.03375000000001,129.16750000000002,54.133750000000006,2025-12-08T00:45:00Z,2025-12-08T14:30:00Z,24.0,True,True
2025-12-09,2,89,83.81,141.78375,57.973749999999995,2025-12-09T01:15:00Z,2025-12-09T14:45:00Z,24.0,True,True
2025-12-10,2,89,82.58125,158.61749999999998,76.03624999999998,2025-12-10T00:30:00Z,2025-12-10T06:15:00Z,24.0,True,True
2025-12-11,2,89,88.15125,154.49875,66.3475,2025-12-11T01:15:00Z,2025-12-11T14:15:00Z,24.0,True,True
2025-12-12,2,89,94.31125,153.42374999999998,59.11249999999998,2025-12-12T02:15:00Z,2025-12-12T14:45:00Z,24.0,True,True
2025-12-13,2,89,90.13875,122.43875,32.3,2025-12-13T02:15:00Z,2025-12-13T15:15:00Z,24.0,True,True
2025-12-14,2,89,83.13,121.65,38.52000000000001,2025-12-14T01:30:00Z,2025-12-14T17:15:00Z,24.0,True,True
2025-12-15,2,89,84.7875,230.53875,145.75125,2025-12-15T00:30:00Z,2025-12-15T13:45:00Z,24.0,True,True
2025-12-16,2,89,95.69625,224.67125,128.97499999999997,2025-12-16T00:30:00Z,2025-12-16T14:45:00Z,24.0,True,True
2025-12-17,2,89,96.63250000000001,179.7275,83.09499999999998,2025-12-17T00:15:00Z,2025-12-17T16:45:00Z,24.0,True,True
2025-12-18,2,89,96.99625,261.8875,164.89124999999999,2025-12-18T01:00:00Z,2025-12-18T16:45:00Z,24.0,True,True
2025-12-19,2,89,103.85375,198.80875,94.955,2025-12-19T02:30:00Z,2025-12-19T14:30:00Z,24.0,True,True
2025-12-20,2,89,88.55125000000001,132.21125,43.66,2025-12-20T01:30:00Z,2025-12-20T14:30:00Z,24.0,True,True
2025-12-21,2,89,89.85125,122.68375,32.83250000000001,2025-12-21T02:45:00Z,2025-12-21T16:45:00Z,24.0,True,True
2025-12-22,2,89,86.69,189.54125,102.85125,2025-12-22T01:45:00Z,2025-12-22T12:30:00Z,24.0,True,True
2025-12-23,2,89,82.49375,165.51624999999999,83.02249999999998,2025-12-23T01:45:00Z,2025-12-23T14:45:00Z,24.0,True,True
2025-12-24,2,89,79.49,153.29,73.8,2025-12-24T02:15:00Z,2025-12-24T09:30:00Z,24.0,True,True
2025-12-25,2,89,65.745,111.465,45.72,2025-12-25T00:00:00Z,2025-12-25T18:30:00Z,24.0,True,True
2025-12-26,2,89,81.79875000000001,121.56125,39.76249999999999,2025-12-26T11:15:00Z,2025-12-26T15:15:00Z,24.0,True,True
2025-12-27,2,89,74.01249999999999,131.35375,57.34125,2025-12-27T09:30:00Z,2025-12-27T17:30:00Z,24.0,True,True
2025-12-28,2,89,78.50750000000001,116.42125,37.91374999999999,2025-12-28T10:30:00Z,2025-12-28T15:30:00Z,24.0,True,True
2025-12-29,2,89,81.9675,150.17374999999998,68.20624999999998,2025-12-29T01:30:00Z,2025-12-29T15:15:00Z,24.0,True,True
2025-12-30,2,89,75.07499999999999,128.6225,53.547500000000014,2025-12-30T01:45:00Z,2025-12-30T17:15:00Z,24.0,True,True
2025-12-31,2,89,75.06625,163.4275,88.36125000000001,2025-12-31T02:30:00Z,2025-12-31T14:45:00Z,24.0,True,True
2026-01-01,2,89,23.22625,114.16875,90.9425,2026-01-01T09:15:00Z,2026-01-01T14:45:00Z,24.0,True,True
2026-01-02,2,89,28.125,118.2875,90.1625,2026-01-02T01:30:00Z,2026-01-02T17:15:00Z,24.0,True,True
2026-01-03,2,89,76.5,113.1225,36.6225,2026-01-03T02:45:00Z,2026-01-03T17:30:00Z,24.0,True,True
2026-01-04,2,89,82.8,121.46375,38.66375000000001,2026-01-04T02:30:00Z,2026-01-04T16:45:00Z,24.0,True,True
2026-01-05,2,89,86.22375,222.40375,136.18,2026-01-05T00:45:00Z,2026-01-05T15:30:00Z,24.0,True,True
2026-01-06,2,89,100.03875,169.42,69.38125,2026-01-06T01:30:00Z,2026-01-06T07:15:00Z,24.0,True,True
2026-01-07,2,89,82.51875,199.39124999999999,116.87249999999999,2026-01-07T01:30:00Z,2026-01-07T14:30:00Z,24.0,True,True
2026-01-08,2,89,83.03999999999999,247.95000000000002,164.91000000000003,2026-01-08T01:15:00Z,2026-01-08T14:30:00Z,24.0,True,True
2026-01-09,2,89,93.42375,194.13,100.70625,2026-01-09T01:00:00Z,2026-01-09T15:45:00Z,24.0,True,True
2026-01-10,2,89,103.53625,153.435,49.89875000000001,2026-01-10T02:30:00Z,2026-01-10T07:15:00Z,24.0,True,True
2026-01-11,2,89,81.78250000000001,125.395,43.61249999999998,2026-01-11T03:30:00Z,2026-01-11T17:15:00Z,24.0,True,True
2026-01-12,2,89,86.02999999999999,349.1325,263.1025,2026-01-11T22:45:00Z,2026-01-12T14:45:00Z,24.0,True,True
2026-01-13,2,89,108.9025,384.46,275.5575,2026-01-13T01:00:00Z,2026-01-13T15:45:00Z,24.0,True,True
2026-01-14,2,89,117.405,291.62874999999997,174.22374999999997,2026-01-14T02:15:00Z,2026-01-14T14:15:00Z,24.0,True,True
2026-01-15,2,89,114.12875000000001,326.71875,212.58999999999997,2026-01-15T00:45:00Z,2026-01-15T17:15:00Z,24.0,True,True
2026-01-16,2,89,114.40750000000001,196.65125,82.24374999999999,2026-01-16T02:30:00Z,2026-01-16T15:30:00Z,24.0,True,True
2026-01-17,2,89,99.51125,142.585,43.073750000000004,2026-01-17T01:45:00Z,2026-01-17T16:30:00Z,24.0,True,True
2026-01-18,2,89,96.90625,168.18625,71.28,2026-01-18T10:45:00Z,2026-01-18T15:30:00Z,24.0,True,True
2026-01-19,2,89,99.93875,295.215,195.27624999999998,2026-01-19T02:15:00Z,2026-01-19T15:30:00Z,24.0,True,True
2026-01-20,2,89,110.6975,347.7025,237.005,2026-01-20T10:15:00Z,2026-01-20T14:45:00Z,24.0,True,True
2026-01-21,2,89,116.88875,233.01,116.12124999999999,2026-01-21T01:45:00Z,2026-01-21T15:15:00Z,24.0,True,True
2026-01-22,2,89,125.86625000000001,466.1475,340.28125,2026-01-21T22:45:00Z,2026-01-22T15:30:00Z,24.0,True,True
2026-01-23,2,89,138.755,397.555,258.8,2026-01-23T01:00:00Z,2026-01-23T06:30:00Z,24.0,True,True
2026-01-24,2,89,125.63000000000001,168.60999999999999,42.979999999999976,2026-01-24T01:30:00Z,2026-01-24T07:15:00Z,24.0,True,True
2026-01-25,2,89,102.20625000000001,139.1375,36.93124999999998,2026-01-24T23:45:00Z,2026-01-25T15:45:00Z,24.0,True,True
2026-01-26,2,89,95.94875,196.43375,100.485,2026-01-26T02:30:00Z,2026-01-26T14:00:00Z,24.0,True,True
2026-01-27,2,89,117.13125000000001,285.46625,168.33499999999998,2026-01-26T22:30:00Z,2026-01-27T15:30:00Z,24.0,True,True
2026-01-28,2,89,110.29375,230.94375000000002,120.65000000000002,2026-01-28T01:15:00Z,2026-01-28T06:30:00Z,24.0,True,True
2026-01-29,2,89,100.68875000000001,181.00875,80.31999999999998,2026-01-29T01:45:00Z,2026-01-29T07:45:00Z,24.0,True,True
2026-01-30,2,89,97.47999999999999,164.95000000000002,67.47000000000003,2026-01-30T02:15:00Z,2026-01-30T07:45:00Z,24.0,True,True
2026-01-31,2,89,97.31875,150.8175,53.49875,2026-01-30T23:30:00Z,2026-01-31T16:15:00Z,24.0,True,True
2026-02-01,2,89,97.24625,130.475,33.22874999999999,2026-02-01T03:45:00Z,2026-02-01T17:45:00Z,24.0,True,True
2026-02-02,2,89,92.93,244.64999999999998,151.71999999999997,2026-02-01T23:15:00Z,2026-02-02T15:45:00Z,24.0,True,True
2026-02-03,2,89,99.40625,202.49125,103.08500000000001,2026-02-03T01:45:00Z,2026-02-03T05:45:00Z,24.0,True,True
2026-02-04,2,89,100.86500000000001,161.58375,60.71875,2026-02-04T01:30:00Z,2026-02-04T07:30:00Z,24.0,True,True
2026-02-05,2,89,80.0325,151.5925,71.56,2026-02-04T22:15:00Z,2026-02-05T16:30:00Z,24.0,True,True
2026-02-06,2,89,101.1025,185.78625,84.68374999999999,2026-02-05T22:30:00Z,2026-02-06T15:15:00Z,24.0,True,True
2026-02-07,2,89,97.96875,139.05124999999998,41.08249999999998,2026-02-07T11:15:00Z,2026-02-07T15:45:00Z,24.0,True,True
2026-02-08,2,89,11.805,132.86624999999998,121.06124999999997,2026-02-08T09:30:00Z,2026-02-08T16:30:00Z,24.0,True,True
2026-02-09,2,89,98.4375,194.09125,95.65375,2026-02-09T00:15:00Z,2026-02-09T16:15:00Z,24.0,True,True
2026-02-10,2,89,108.01375,167.58125,59.56750000000001,2026-02-09T22:15:00Z,2026-02-10T16:45:00Z,24.0,True,True
2026-02-11,2,89,74.43875,136.6825,62.243750000000006,2026-02-11T10:00:00Z,2026-02-11T16:30:00Z,24.0,True,True
2026-02-12,2,89,94.44625,149.58249999999998,55.136249999999976,2026-02-12T01:30:00Z,2026-02-12T15:30:00Z,24.0,True,True
2026-02-13,2,89,90.145,178.1325,87.9875,2026-02-13T01:00:00Z,2026-02-13T14:45:00Z,24.0,True,True
2026-02-14,2,89,5.83625,167.09625,161.26,2026-02-14T10:30:00Z,2026-02-14T15:00:00Z,24.0,True,True
2026-02-15,2,89,0.0175,85.32624999999999,85.30874999999999,2026-02-15T12:30:00Z,2026-02-15T17:45:00Z,24.0,True,True
2026-02-16,2,89,86.6075,273.4125,186.805,2026-02-16T01:45:00Z,2026-02-16T16:00:00Z,24.0,True,True
2026-02-17,2,89,79.81,136.265,56.454999999999984,2026-02-17T20:00:00Z,2026-02-17T06:30:00Z,24.0,True,True
2026-02-18,2,89,10.06625,142.84875,132.7825,2026-02-18T01:30:00Z,2026-02-18T16:30:00Z,24.0,True,True
2026-02-19,2,89,11.55625,142.52625,130.97,2026-02-19T07:15:00Z,2026-02-19T14:30:00Z,24.0,True,True
2026-02-20,2,89,58.51625,165.51625,107.00000000000001,2026-02-20T01:15:00Z,2026-02-20T05:30:00Z,24.0,True,True
2026-02-21,2,89,54.822500000000005,113.91875,59.09625,2026-02-20T22:30:00Z,2026-02-21T16:30:00Z,24.0,True,True
2026-02-22,2,89,7.50375,101.15875,93.655,2026-02-22T12:30:00Z,2026-02-22T16:15:00Z,24.0,True,True
2026-02-23,2,89,19.72125,160.49875,140.7775,2026-02-23T09:15:00Z,2026-02-23T17:15:00Z,24.0,True,True
2026-02-24,2,89,58.7725,134.6,75.82749999999999,2026-02-24T20:00:00Z,2026-02-24T06:30:00Z,24.0,True,True
2026-02-25,2,89,1.7725,146.86874999999998,145.09624999999997,2026-02-25T10:30:00Z,2026-02-25T16:45:00Z,24.0,True,True
2026-02-26,2,89,4.808750000000001,125.30875,120.5,2026-02-26T10:45:00Z,2026-02-26T18:30:00Z,24.0,True,True
2026-02-27,2,89,0.38625,138.20499999999998,137.81875,2026-02-27T10:15:00Z,2026-02-27T16:15:00Z,24.0,True,True
2026-02-28,2,89,-0.01125,103.76249999999999,103.77374999999999,2026-02-28T09:45:00Z,2026-02-28T16:30:00Z,24.0,True,True
2026-03-01,2,89,-0.68875,118.3725,119.06125,2026-03-01T11:15:00Z,2026-03-01T16:00:00Z,24.0,True,True
2026-03-02,2,89,20.13125,219.63250000000002,199.50125000000003,2026-03-02T09:15:00Z,2026-03-02T16:30:00Z,24.0,True,True
2026-03-03,2,89,31.7575,223.3125,191.555,2026-03-03T10:45:00Z,2026-03-03T16:15:00Z,24.0,True,True
2026-03-04,2,89,9.27375,281.64875,272.375,2026-03-04T08:15:00Z,2026-03-04T16:45:00Z,24.0,True,True
2026-03-05,2,89,8.835,217.12,208.285,2026-03-05T10:45:00Z,2026-03-05T16:45:00Z,24.0,True,True
2026-03-06,2,89,0.0,176.02625,176.02625,2026-03-06T08:30:00Z,2026-03-06T17:15:00Z,24.0,True,True
2026-03-07,2,89,-2.49,155.30375,157.79375000000002,2026-03-07T10:15:00Z,2026-03-07T16:15:00Z,24.0,True,True
2026-03-08,2,89,-0.845,158.175,159.02,2026-03-08T10:45:00Z,2026-03-08T16:45:00Z,24.0,True,True
2026-03-09,2,89,9.63375,233.23875,223.60500000000002,2026-03-09T10:30:00Z,2026-03-09T16:45:00Z,24.0,True,True
2026-03-10,2,89,0.00875,221.52499999999998,221.51624999999999,2026-03-10T11:15:00Z,2026-03-10T16:15:00Z,24.0,True,True
2026-03-11,2,89,0.0,223.19,223.19,2026-03-11T08:45:00Z,2026-03-11T17:30:00Z,24.0,True,True
2026-03-12,2,89,7.11,238.375,231.265,2026-03-12T11:30:00Z,2026-03-12T16:15:00Z,24.0,True,True
2026-03-13,2,89,0.00625,194.0575,194.05125,2026-03-13T09:15:00Z,2026-03-13T16:30:00Z,24.0,True,True
2026-03-14,2,89,-4.42,170.98499999999999,175.40499999999997,2026-03-14T10:30:00Z,2026-03-14T17:30:00Z,24.0,True,True
2026-03-15,2,89,0.0,156.85125,156.85125,2026-03-15T10:45:00Z,2026-03-15T17:30:00Z,24.0,True,True
2026-03-16,2,89,16.19125,200.49375,184.3025,2026-03-16T09:15:00Z,2026-03-16T17:30:00Z,24.0,True,True
2026-03-17,2,89,93.80375,188.18875000000003,94.38500000000003,2026-03-17T08:30:00Z,2026-03-17T16:00:00Z,24.0,True,True
2026-03-18,2,89,8.219999999999999,154.56125,146.34125,2026-03-18T10:00:00Z,2026-03-18T16:15:00Z,24.0,True,True
2026-03-19,2,89,7.81875,169.6025,161.78375,2026-03-19T10:15:00Z,2026-03-19T17:00:00Z,24.0,True,True
2026-03-20,2,89,67.535,196.91375,129.37875,2026-03-20T08:00:00Z,2026-03-20T17:15:00Z,24.0,True,True
2026-03-21,2,89,20.287499999999998,177.18,156.8925,2026-03-21T08:30:00Z,2026-03-21T16:30:00Z,24.0,True,True
2026-03-22,2,89,0.9174999999999999,179.305,178.38750000000002,2026-03-22T11:00:00Z,2026-03-22T18:00:00Z,24.0,True,True
2026-03-23,2,89,83.32499999999999,258.90125,175.57625000000002,2026-03-23T09:45:00Z,2026-03-23T16:45:00Z,24.0,True,True
2026-03-24,2,89,16.395,205.9375,189.5425,2026-03-24T09:15:00Z,2026-03-24T16:30:00Z,24.0,True,True
2026-03-25,2,89,1.36625,187.60375000000002,186.2375,2026-03-25T09:45:00Z,2026-03-25T17:15:00Z,24.0,True,True
2026-03-26,2,89,0.00625,148.31375,148.3075,2026-03-26T08:30:00Z,2026-03-26T04:45:00Z,24.0,True,True
2026-03-27,2,89,83.88250000000001,133.23375000000001,49.35125000000001,2026-03-27T11:30:00Z,2026-03-27T03:30:00Z,24.0,True,True
2026-03-28,2,89,6.8062499999999995,154.0025,147.19625,2026-03-28T10:30:00Z,2026-03-28T17:30:00Z,24.0,True,True
2026-03-29,2,85,9.903749999999999,127.84124999999999,117.93749999999999,2026-03-29T11:45:00Z,2026-03-29T16:45:00Z,23.0,True,True
2026-03-30,2,89,67.87,222.82875,154.95875,2026-03-30T00:15:00Z,2026-03-30T16:30:00Z,24.0,True,True
2026-03-31,2,89,103.82374999999999,191.60875,87.785,2026-03-31T11:30:00Z,2026-03-31T04:30:00Z,24.0,True,True
2026-04-01,2,89,118.67,218.16625,99.49624999999999,2026-04-01T10:30:00Z,2026-04-01T04:30:00Z,24.0,True,True
2026-04-02,2,89,108.81375,176.95000000000002,68.13625000000002,2026-04-02T01:15:00Z,2026-04-02T16:15:00Z,24.0,True,True
2026-04-03,2,89,87.29125,179.78125,92.49,2026-04-03T12:15:00Z,2026-04-03T16:30:00Z,24.0,True,True
2026-04-04,2,89,-0.00375,159.09125,159.095,2026-04-04T10:45:00Z,2026-04-04T16:30:00Z,24.0,True,True
2026-04-05,2,89,-50.0,122.945,172.945,2026-04-05T11:00:00Z,2026-04-05T17:45:00Z,24.0,True,True
2026-04-06,2,89,-37.1725,168.32125,205.49374999999998,2026-04-06T09:00:00Z,2026-04-06T16:30:00Z,24.0,True,True
2026-04-07,2,89,-4.71,183.63875,188.34875,2026-04-07T10:30:00Z,2026-04-07T16:30:00Z,24.0,True,True
2026-04-08,2,89,-8.0975,171.80625,179.90375,2026-04-08T10:30:00Z,2026-04-08T17:30:00Z,24.0,True,True
2026-04-09,2,89,-0.13875,200.01625,200.155,2026-04-09T10:00:00Z,2026-04-09T16:45:00Z,24.0,True,True
2026-04-10,2,89,37.8125,235.41875,197.60625,2026-04-10T07:45:00Z,2026-04-10T17:15:00Z,24.0,True,True
2026-04-11,2,89,-4.421250000000001,163.88,168.30124999999998,2026-04-11T10:45:00Z,2026-04-11T17:45:00Z,24.0,True,True
2026-04-12,2,89,0.00125,143.4625,143.46125,2026-04-12T10:45:00Z,2026-04-12T17:30:00Z,24.0,True,True
2026-04-13,2,89,0.97,165.52375,164.55375,2026-04-13T11:00:00Z,2026-04-13T16:30:00Z,24.0,True,True
2026-04-14,2,89,105.1825,204.51125,99.32874999999999,2026-04-14T11:15:00Z,2026-04-14T16:30:00Z,24.0,True,True
2026-04-15,2,89,77.77625,243.05375,165.2775,2026-04-15T10:45:00Z,2026-04-15T16:45:00Z,24.0,True,True
2026-04-16,2,89,50.4375,212.10125,161.66375,2026-04-16T10:30:00Z,2026-04-16T17:45:00Z,24.0,True,True
2026-04-17,2,89,7.66,160.29250000000002,152.63250000000002,2026-04-17T10:30:00Z,2026-04-17T17:15:00Z,24.0,True,True
2026-04-18,2,89,-4.8875,145.5925,150.48,2026-04-18T10:15:00Z,2026-04-18T17:30:00Z,24.0,True,True
2026-04-19,2,89,-2.7675,153.0725,155.84,2026-04-19T11:45:00Z,2026-04-19T16:45:00Z,24.0,True,True
2026-04-20,2,89,34.185,141.41375,107.22874999999999,2026-04-20T10:45:00Z,2026-04-20T18:00:00Z,24.0,True,True
2026-04-21,2,89,52.574999999999996,214.35125,161.77625,2026-04-21T08:45:00Z,2026-04-21T16:30:00Z,24.0,True,True
2026-04-22,2,89,29.082500000000003,248.00125000000003,218.91875000000002,2026-04-22T12:30:00Z,2026-04-22T17:30:00Z,24.0,True,True
2026-04-23,2,89,-1.79,201.21249999999998,203.00249999999997,2026-04-23T10:45:00Z,2026-04-23T17:45:00Z,24.0,True,True
2026-04-24,2,89,-14.436250000000001,252.09875,266.53499999999997,2026-04-24T11:45:00Z,2026-04-24T17:30:00Z,24.0,True,True
2026-04-25,2,89,-50.9325,159.51875,210.45125000000002,2026-04-25T11:15:00Z,2026-04-25T17:30:00Z,24.0,True,True
2026-04-26,2,89,-95.85249999999999,119.75375,215.60625,2026-04-26T11:00:00Z,2026-04-26T19:00:00Z,24.0,True,True
2026-04-27,2,89,-0.53125,185.1225,185.65375,2026-04-27T10:30:00Z,2026-04-27T18:00:00Z,24.0,True,True
2026-04-28,2,89,0.0025,174.7,174.6975,2026-04-28T09:00:00Z,2026-04-28T16:15:00Z,24.0,True,True
2026-04-29,2,89,12.395000000000001,216.0575,203.6625,2026-04-29T10:45:00Z,2026-04-29T17:15:00Z,24.0,True,True
2026-04-30,2,89,0.24875,215.61,215.36125,2026-04-30T10:30:00Z,2026-04-30T17:45:00Z,24.0,True,True
2026-05-01,2,89,0.0,279.20375,279.20375,2026-05-01T07:15:00Z,2026-05-01T17:30:00Z,24.0,True,True
2026-05-02,2,89,0.0,209.08625,209.08625,2026-05-02T07:30:00Z,2026-05-02T17:30:00Z,24.0,True,True
2026-05-03,2,89,-9.04375,148.8675,157.91125,2026-05-03T11:00:00Z,2026-05-03T17:30:00Z,24.0,True,True
2026-05-04,2,89,4.4975000000000005,260.53375,256.03625,2026-05-04T10:00:00Z,2026-05-04T17:30:00Z,24.0,True,True
2026-05-05,2,89,17.3825,235.48,218.0975,2026-05-05T09:45:00Z,2026-05-05T17:15:00Z,24.0,True,True
2026-05-06,2,89,45.0225,203.19250000000002,158.17000000000002,2026-05-06T08:30:00Z,2026-05-06T17:15:00Z,24.0,True,True
2026-05-07,2,89,106.96625,206.94625,99.97999999999999,2026-05-07T10:45:00Z,2026-05-07T17:30:00Z,24.0,True,True
2026-05-08,2,89,62.67375,262.40375,199.73000000000002,2026-05-08T10:30:00Z,2026-05-08T17:30:00Z,24.0,True,True
2026-05-09,2,89,0.0725,274.9475,274.875,2026-05-09T12:15:00Z,2026-05-08T21:00:00Z,24.0,True,True
2026-05-10,2,89,-0.0075,233.85375,233.86124999999998,2026-05-10T10:00:00Z,2026-05-10T17:30:00Z,24.0,True,True
2026-05-11,2,89,104.08874999999999,194.6825,90.59375000000001,2026-05-11T11:45:00Z,2026-05-11T17:00:00Z,24.0,True,True
2026-05-12,2,89,43.150000000000006,241.8325,198.6825,2026-05-12T10:30:00Z,2026-05-12T17:30:00Z,24.0,True,True
2026-05-13,2,89,65.91125,289.18625,223.27499999999998,2026-05-13T09:00:00Z,2026-05-13T17:30:00Z,24.0,True,True
2026-05-14,2,89,8.3975,257.49,249.0925,2026-05-14T10:45:00Z,2026-05-14T17:30:00Z,24.0,True,True
2026-05-15,2,89,44.4375,165.13500000000002,120.69750000000002,2026-05-15T10:30:00Z,2026-05-15T17:30:00Z,24.0,True,True
2026-05-16,2,89,5.945,142.7375,136.79250000000002,2026-05-16T12:30:00Z,2026-05-16T18:15:00Z,24.0,True,True
2026-05-17,2,89,0.03625,159.45375,159.41750000000002,2026-05-17T10:45:00Z,2026-05-17T15:45:00Z,24.0,True,True
2026-05-18,2,89,94.4925,261.41125,166.91875,2026-05-18T09:00:00Z,2026-05-18T17:30:00Z,24.0,True,True
2026-05-19,2,89,77.61875,239.21,161.59125,2026-05-19T10:15:00Z,2026-05-19T17:30:00Z,24.0,True,True
2026-05-20,2,89,17.0175,183.6875,166.67000000000002,2026-05-20T07:45:00Z,2026-05-20T17:30:00Z,24.0,True,True
2026-05-21,2,89,8.598749999999999,204.91125,196.3125,2026-05-21T10:45:00Z,2026-05-21T17:45:00Z,24.0,True,True
2026-05-22,2,89,0.0,213.565,213.565,2026-05-22T10:30:00Z,2026-05-22T17:15:00Z,24.0,True,True
2026-05-23,2,89,-2.1475,159.56250000000003,161.71000000000004,2026-05-23T12:30:00Z,2026-05-23T19:00:00Z,24.0,True,True
2026-05-24,2,89,-4.9575000000000005,158.25,163.2075,2026-05-24T08:45:00Z,2026-05-24T17:00:00Z,24.0,True,True
2026-05-25,2,89,1.09625,176.88000000000002,175.78375000000003,2026-05-25T07:15:00Z,2026-05-25T17:45:00Z,24.0,True,True
2026-05-26,2,89,0.0025,254.23,254.2275,2026-05-26T09:00:00Z,2026-05-26T17:30:00Z,24.0,True,True
2026-05-27,2,89,4.0287500000000005,235.115,231.08625,2026-05-27T08:15:00Z,2026-05-27T17:30:00Z,24.0,True,True
2026-05-28,2,89,0.011250000000000001,312.5625,312.55125,2026-05-28T11:30:00Z,2026-05-28T17:45:00Z,24.0,True,True
2026-05-29,2,89,0.025,216.79500000000002,216.77,2026-05-29T10:15:00Z,2026-05-29T17:30:00Z,24.0,True,True
2026-05-30,2,89,-0.74375,205.31375000000003,206.05750000000003,2026-05-30T11:00:00Z,2026-05-30T17:30:00Z,24.0,True,True
2026-05-31,2,89,-0.01,162.265,162.27499999999998,2026-05-31T10:30:00Z,2026-05-31T18:30:00Z,24.0,True,True
2026-06-01,2,89,88.94125,172.605,83.66375,2026-06-01T11:30:00Z,2026-06-01T18:15:00Z,24.0,True,True
2026-06-02,2,89,70.25375,163.625,93.37125,2026-06-02T08:45:00Z,2026-06-02T16:45:00Z,24.0,True,True
2026-06-03,2,89,62.2425,157.98250000000002,95.74000000000001,2026-06-03T11:45:00Z,2026-06-03T17:30:00Z,24.0,True,True
2026-06-04,2,89,11.457500000000001,187.96125,176.50375,2026-06-04T07:45:00Z,2026-06-04T17:45:00Z,24.0,True,True
2026-06-05,2,89,30.955,178.36374999999998,147.40875,2026-06-05T11:30:00Z,2026-06-05T17:45:00Z,24.0,True,True
2026-06-06,2,89,0.0,145.015,145.015,2026-06-06T09:15:00Z,2026-06-05T21:00:00Z,24.0,True,True
2026-06-07,2,89,-22.4875,132.76625,155.25375000000003,2026-06-07T10:45:00Z,2026-06-07T19:00:00Z,24.0,True,True
2026-06-08,2,89,44.47,222.17499999999998,177.70499999999998,2026-06-08T09:30:00Z,2026-06-08T17:15:00Z,24.0,True,True
2026-06-09,2,89,30.836249999999996,202.09875,171.2625,2026-06-09T10:15:00Z,2026-06-09T17:30:00Z,24.0,True,True
2026-06-10,2,89,58.57,199.7475,141.1775,2026-06-10T08:45:00Z,2026-06-10T17:45:00Z,24.0,True,True
2026-06-11,2,89,22.8375,163.29375000000002,140.45625,2026-06-11T11:15:00Z,2026-06-11T17:45:00Z,24.0,True,True
2026-06-12,2,89,65.13,144.81,79.68,2026-06-12T12:15:00Z,2026-06-11T21:30:00Z,24.0,True,True
2026-06-13,2,89,-45.27375,129.39875,174.6725,2026-06-13T11:00:00Z,2026-06-13T18:30:00Z,24.0,True,True
2026-06-14,2,89,-23.23125,159.68625,182.9175,2026-06-14T11:00:00Z,2026-06-14T16:15:00Z,24.0,True,True
2026-06-15,2,89,5.3925,174.525,169.1325,2026-06-15T10:30:00Z,2026-06-15T17:45:00Z,24.0,True,True
2026-06-16,2,89,25.036250000000003,224.81375000000003,199.77750000000003,2026-06-16T08:15:00Z,2026-06-16T18:30:00Z,24.0,True,True
2026-06-17,2,89,54.8,185.48125,130.68124999999998,2026-06-17T10:45:00Z,2026-06-17T17:45:00Z,24.0,True,True
2026-06-18,2,89,16.57125,392.00875,375.4375,2026-06-18T07:15:00Z,2026-06-18T18:15:00Z,24.0,True,True
2026-06-19,2,89,7.501250000000001,271.5525,264.05125,2026-06-19T07:15:00Z,2026-06-19T17:30:00Z,24.0,True,True
2026-06-20,2,89,-0.01625,231.82875,231.84500000000003,2026-06-20T10:15:00Z,2026-06-20T17:30:00Z,24.0,True,True
2026-06-21,2,89,-0.0075,168.17625,168.18375,2026-06-21T10:30:00Z,2026-06-21T17:30:00Z,24.0,True,True
2026-06-22,2,89,33.60875,265.565,231.95625,2026-06-22T10:30:00Z,2026-06-22T17:45:00Z,24.0,True,True
2026-06-23,2,89,63.20125,498.735,435.53375,2026-06-23T10:30:00Z,2026-06-23T17:45:00Z,24.0,True,True
2026-06-24,2,89,66.60875,608.1975,541.58875,2026-06-24T09:00:00Z,2026-06-24T17:45:00Z,24.0,True,True
2026-06-25,2,89,35.6075,510.90250000000003,475.295,2026-06-25T10:30:00Z,2026-06-25T17:30:00Z,24.0,True,True
2026-06-26,2,89,46.655,471.04499999999996,424.39,2026-06-26T10:30:00Z,2026-06-26T17:15:00Z,24.0,True,True
2026-06-27,2,89,1.1112499999999998,373.97499999999997,372.86375,2026-06-27T10:15:00Z,2026-06-27T17:30:00Z,24.0,True,True
2026-06-28,2,89,0.0,245.11874999999998,245.11874999999998,2026-06-28T10:00:00Z,2026-06-28T17:30:00Z,24.0,True,True
2026-06-29,2,89,83.11375000000001,766.2325000000001,683.1187500000001,2026-06-29T10:45:00Z,2026-06-29T17:30:00Z,24.0,True,True
2026-06-30,2,89,99.78125,963.95125,864.17,2026-06-30T09:30:00Z,2026-06-30T16:30:00Z,24.0,True,True
2026-07-01,2,89,131.42875,582.5425,451.11375,2026-07-01T07:30:00Z,2026-07-01T17:15:00Z,24.0,True,True
2026-07-02,2,89,70.53125,254.8725,184.34125,2026-07-02T07:15:00Z,2026-07-02T16:15:00Z,24.0,True,True
2026-07-03,2,89,9.443750000000001,207.12,197.67625,2026-07-03T08:15:00Z,2026-07-03T17:30:00Z,24.0,True,True
2026-07-04,2,89,-0.095,154.05374999999998,154.14874999999998,2026-07-04T10:45:00Z,2026-07-04T19:00:00Z,24.0,True,True
2026-07-05,2,89,-0.0075,145.8,145.8075,2026-07-05T08:00:00Z,2026-07-04T21:00:00Z,24.0,True,True
2026-07-06,2,89,34.01625,190.23375000000001,156.21750000000003,2026-07-06T10:30:00Z,2026-07-06T17:00:00Z,24.0,True,True
2026-07-07,2,89,15.63125,177.83125,162.20000000000002,2026-07-07T11:15:00Z,2026-07-07T17:15:00Z,24.0,True,True
2026-07-08,2,89,54.215,165.11125,110.89625000000001,2026-07-08T11:45:00Z,2026-07-08T03:15:00Z,24.0,True,True
2026-07-09,2,89,36.12,207.4125,171.2925,2026-07-09T11:30:00Z,2026-07-09T18:15:00Z,24.0,True,True
2026-07-10,2,89,38.46875,180.75875000000002,142.29000000000002,2026-07-10T06:15:00Z,2026-07-10T17:30:00Z,24.0,True,True
2026-07-11,2,89,0.0,159.8375,159.8375,2026-07-11T09:45:00Z,2026-07-11T17:30:00Z,24.0,True,True
2026-07-12,2,89,-0.16125,145.21375,145.375,2026-07-12T10:00:00Z,2026-07-12T18:45:00Z,24.0,True,True
2026-07-13,2,89,25.880000000000003,182.40375,156.52375,2026-07-13T07:15:00Z,2026-07-13T17:30:00Z,24.0,True,True
2026-07-14,2,89,31.287499999999998,182.37124999999997,151.08374999999998,2026-07-14T07:30:00Z,2026-07-14T16:45:00Z,24.0,True,True
2026-07-15,2,89,89.855,265.025,175.16999999999996,2026-07-15T11:30:00Z,2026-07-15T17:15:00Z,24.0,True,True
2026-07-16,2,89,63.00749999999999,295.8525,232.84500000000003,2026-07-16T07:30:00Z,2026-07-16T17:30:00Z,24.0,True,True
2026-07-17,2,89,98.1925,264.29,166.09750000000003,2026-07-17T10:45:00Z,2026-07-17T18:15:00Z,24.0,True,True
2026-07-18,2,89,7.0375,210.77749999999997,203.73999999999998,2026-07-18T08:30:00Z,2026-07-18T18:00:00Z,24.0,True,True
2026-07-19,2,89,0.07375,152.45499999999998,152.38125,2026-07-19T07:45:00Z,2026-07-19T18:30:00Z,24.0,True,True
2026-07-20,2,89,48.97500000000001,189.67625,140.70125000000002,2026-07-20T08:30:00Z,2026-07-20T17:15:00Z,24.0,True,True
2026-07-21,2,89,60.662499999999994,198.50875,137.84625,2026-07-21T11:45:00Z,2026-07-21T16:15:00Z,24.0,True,True
2026-07-22,2,89,46.652499999999996,193.85875,147.20624999999998,2026-07-22T11:45:00Z,2026-07-22T17:15:00Z,24.0,True,True
2026-07-23,2,89,10.83125,191.92749999999998,181.09624999999997,2026-07-23T06:45:00Z,2026-07-23T18:30:00Z,24.0,True,True
2026-07-24,2,89,14.625,201.835,187.21,2026-07-24T11:15:00Z,2026-07-24T18:30:00Z,24.0,True,True
2026-07-25,2,89,-8.32875,174.10875,182.4375,2026-07-25T10:30:00Z,2026-07-24T21:00:00Z,24.0,True,True
2026-07-26,2,89,-0.04625,166.60125,166.64749999999998,2026-07-26T10:30:00Z,2026-07-26T16:30:00Z,24.0,True,True
2026-07-27,2,89,10.44125,180.07999999999998,169.63875,2026-07-27T11:45:00Z,2026-07-27T18:30:00Z,24.0,True,True
2026-07-28,2,89,5.5725,218.34625000000003,212.77375000000004,2026-07-28T06:30:00Z,2026-07-28T17:30:00Z,24.0,True,True
2026-07-29,2,89,12.33125,276.66125,264.33,2026-07-29T09:30:00Z,2026-07-29T17:30:00Z,24.0,True,True
2026-07-30,2,89,15.037500000000001,275.44625,260.40875,2026-07-30T09:30:00Z,2026-07-30T16:45:00Z,24.0,True,True
2026-07-31,2,89,83.7825,262.32875,178.54625000000001,2026-07-31T10:45:00Z,2026-07-31T17:15:00Z,24.0,True,True
2026-08-01,2,89,14.27375,202.9675,188.69375,2026-08-01T10:45:00Z,2026-08-01T16:45:00Z,24.0,True,True
2026-08-02,2,89,1.78875,215.0375,213.24875,2026-08-02T08:30:00Z,2026-08-02T16:45:00Z,24.0,True,True
2026-08-03,2,89,61.474999999999994,425.07124999999996,363.59624999999994,2026-08-03T09:15:00Z,2026-08-03T16:45:00Z,24.0,True,True
2026-08-04,2,89,80.04875,433.60125000000005,353.55250000000007,2026-08-04T10:30:00Z,2026-08-04T17:15:00Z,24.0,True,True
2026-08-05,2,89,71.56875000000001,342.55875,270.98999999999995,2026-08-05T08:30:00Z,2026-08-05T16:45:00Z,24.0,True,True
2026-08-06,2,89,103.53875,310.9475,207.40875,2026-08-06T07:30:00Z,2026-08-06T17:15:00Z,24.0,True,True
2026-08-07,2,89,96.30875,244.195,147.88625,2026-08-07T09:15:00Z,2026-08-07T17:45:00Z,24.0,True,True
2026-08-08,2,89,6.45875,189.56375,183.105,2026-08-08T08:15:00Z,2026-08-08T17:30:00Z,24.0,True,True
2026-08-09,2,89,-0.02625,182.5875,182.61375,2026-08-09T10:15:00Z,2026-08-09T17:30:00Z,24.0,True,True
2026-08-10,2,89,85.23750000000001,265.17375000000004,179.93625000000003,2026-08-10T09:30:00Z,2026-08-10T17:15:00Z,24.0,True,True
2026-08-11,2,89,59.265,245.925,186.66000000000003,2026-08-11T10:15:00Z,2026-08-11T17:30:00Z,24.0,True,True
2026-08-12,2,89,32.052499999999995,304.8625,272.81,2026-08-12T09:30:00Z,2026-08-12T17:30:00Z,24.0,True,True
2026-08-13,2,89,89.09124999999999,349.11125000000004,260.02000000000004,2026-08-13T08:30:00Z,2026-08-13T17:30:00Z,24.0,True,True
2026-08-14,2,89,29.371250000000003,261.425,232.05375,2026-08-14T10:15:00Z,2026-08-14T17:30:00Z,24.0,True,True
2026-08-15,2,89,2.7387499999999996,187.725,184.98624999999998,2026-08-15T10:45:00Z,2026-08-15T17:30:00Z,24.0,True,True
2026-08-16,2,89,28.4275,207.84625,179.41875,2026-08-16T10:45:00Z,2026-08-16T18:30:00Z,24.0,True,True
2026-08-17,2,89,121.22125,227.80875,106.5875,2026-08-17T07:15:00Z,2026-08-17T16:15:00Z,24.0,True,True
2026-08-18,2,89,133.67625,211.55125,77.875,2026-08-18T11:30:00Z,2026-08-18T17:30:00Z,24.0,True,True
2026-08-19,2,89,126.5025,215.15125,88.64875,2026-08-19T11:15:00Z,2026-08-19T16:45:00Z,24.0,True,True
2026-08-20,2,89,106.08875,210.63125,104.54249999999999,2026-08-20T10:15:00Z,2026-08-20T16:45:00Z,24.0,True,True
2026-08-21,2,89,103.855,223.1725,119.31750000000001,2026-08-21T10:30:00Z,2026-08-21T16:15:00Z,24.0,True,True
2026-08-22,2,89,0.0,200.67375,200.67375,2026-08-22T10:45:00Z,2026-08-22T16:30:00Z,24.0,True,True
2026-08-23,2,89,0.5037499999999999,196.82125,196.3175,2026-08-23T08:00:00Z,2026-08-23T16:30:00Z,24.0,True,True
2026-08-24,2,89,85.61125,253.2375,167.62625000000003,2026-08-24T09:45:00Z,2026-08-24T17:00:00Z,24.0,True,True
2026-08-25,2,89,121.23125,222.77,101.53875000000001,2026-08-25T08:45:00Z,2026-08-25T15:45:00Z,24.0,True,True
2026-08-26,2,89,125.245,245.40375,120.15875,2026-08-26T10:00:00Z,2026-08-26T16:30:00Z,24.0,True,True
2026-08-27,2,89,78.8725,252.56375,173.69125,2026-08-27T09:30:00Z,2026-08-27T18:00:00Z,24.0,True,True
2026-08-28,2,89,70.19749999999999,221.94625,151.74875,2026-08-28T08:15:00Z,2026-08-28T19:00:00Z,24.0,True,True
2026-08-29,2,89,9.139999999999999,216.12750000000003,206.98750000000004,2026-08-29T10:00:00Z,2026-08-29T16:45:00Z,24.0,True,True
2026-08-30,2,89,0.0,220.70624999999998,220.70624999999998,2026-08-30T09:00:00Z,2026-08-30T17:45:00Z,24.0,True,True
2026-08-31,2,89,82.93875,256.03625,173.0975,2026-08-31T09:45:00Z,2026-08-31T18:00:00Z,24.0,True,True
2025-01-01,4,81,33.1075,144.16,111.0525,2025-01-01T07:00:00Z,2025-01-01T16:00:00Z,24.0,True,True
2025-01-02,4,81,59.1875,162.23,103.04249999999999,2025-01-02T00:00:00Z,2025-01-02T15:00:00Z,24.0,True,True
2025-01-03,4,81,87.72500000000001,152.4275,64.7025,2025-01-03T01:00:00Z,2025-01-03T15:00:00Z,24.0,True,True
2025-01-04,4,81,99.9375,191.06750000000002,91.13000000000002,2025-01-04T01:00:00Z,2025-01-04T15:00:00Z,24.0,True,True
2025-01-05,4,81,93.0025,183.145,90.14250000000001,2025-01-05T02:00:00Z,2025-01-05T15:00:00Z,24.0,True,True
2025-01-06,4,81,78.625,157.7025,79.07749999999999,2025-01-06T00:00:00Z,2025-01-06T15:00:00Z,24.0,True,True
2025-01-07,4,81,38.305,163.6525,125.3475,2025-01-06T23:00:00Z,2025-01-07T15:00:00Z,24.0,True,True
2025-01-08,4,81,74.7025,152.5775,77.87499999999999,2025-01-08T00:00:00Z,2025-01-08T15:00:00Z,24.0,True,True
2025-01-09,4,81,103.32499999999999,154.18,50.85500000000002,2025-01-09T00:00:00Z,2025-01-09T15:00:00Z,24.0,True,True
2025-01-10,4,81,75.225,151.6825,76.45750000000001,2025-01-10T00:00:00Z,2025-01-10T15:00:00Z,24.0,True,True
2025-01-11,4,81,91.91,150.9875,59.077500000000015,2025-01-11T02:00:00Z,2025-01-11T15:00:00Z,24.0,True,True
2025-01-12,4,81,85.67,142.25,56.58,2025-01-12T02:00:00Z,2025-01-12T16:00:00Z,24.0,True,True
2025-01-13,4,81,102.475,183.43,80.95500000000001,2025-01-13T00:00:00Z,2025-01-13T06:00:00Z,24.0,True,True
2025-01-14,4,81,103.1625,229.0125,125.85,2025-01-14T00:00:00Z,2025-01-14T15:00:00Z,24.0,True,True
2025-01-15,4,81,112.2675,421.5525,309.285,2025-01-15T00:00:00Z,2025-01-15T15:00:00Z,24.0,True,True
2025-01-16,4,81,119.08749999999999,187.26,68.1725,2025-01-16T00:00:00Z,2025-01-16T05:00:00Z,24.0,True,True
2025-01-17,4,81,118.65,179.055,60.405,2025-01-17T00:00:00Z,2025-01-17T06:00:00Z,24.0,True,True
2025-01-18,4,81,118.8,170.0675,51.2675,2025-01-18T10:00:00Z,2025-01-18T15:00:00Z,24.0,True,True
2025-01-19,4,81,115.09,168.08249999999998,52.99249999999998,2025-01-19T10:00:00Z,2025-01-19T16:00:00Z,24.0,True,True
2025-01-20,4,81,116.555,453.57,337.015,2025-01-20T00:00:00Z,2025-01-20T15:00:00Z,24.0,True,True
2025-01-21,4,81,130.84,315.005,184.165,2025-01-21T00:00:00Z,2025-01-21T06:00:00Z,24.0,True,True
2025-01-22,4,81,124.88250000000001,248.2725,123.39,2025-01-22T00:00:00Z,2025-01-22T05:00:00Z,24.0,True,True
2025-01-23,4,81,114.55749999999999,209.885,95.3275,2025-01-23T00:00:00Z,2025-01-23T15:00:00Z,24.0,True,True
2025-01-24,4,81,106.825,199.19,92.365,2025-01-24T00:00:00Z,2025-01-24T15:00:00Z,24.0,True,True
2025-01-25,4,81,89.2,159.0075,69.80749999999999,2025-01-25T09:00:00Z,2025-01-25T15:00:00Z,24.0,True,True
2025-01-26,4,81,100.825,135.455,34.63000000000001,2025-01-26T09:00:00Z,2025-01-26T15:00:00Z,24.0,True,True
2025-01-27,4,81,43.199999999999996,186.45499999999998,143.255,2025-01-27T00:00:00Z,2025-01-27T15:00:00Z,24.0,True,True
2025-01-28,4,81,84.0275,143.98,59.952499999999986,2025-01-28T00:00:00Z,2025-01-28T15:00:00Z,24.0,True,True
2025-01-29,4,81,85.70750000000001,168.89749999999998,83.18999999999997,2025-01-29T00:00:00Z,2025-01-29T15:00:00Z,24.0,True,True
2025-01-30,4,81,99.25,168.09249999999997,68.84249999999997,2025-01-30T00:00:00Z,2025-01-30T15:00:00Z,24.0,True,True
2025-01-31,4,81,115.6875,182.86749999999998,67.17999999999998,2025-01-31T00:00:00Z,2025-01-31T15:00:00Z,24.0,True,True
2025-02-01,4,81,111.8675,163.32750000000001,51.46000000000001,2025-02-01T10:00:00Z,2025-02-01T16:00:00Z,24.0,True,True
2025-02-02,4,81,120.07000000000001,169.42000000000002,49.35000000000001,2025-02-02T10:00:00Z,2025-02-02T16:00:00Z,24.0,True,True
2025-02-03,4,81,120.925,197.0825,76.15750000000001,2025-02-03T10:00:00Z,2025-02-03T05:00:00Z,24.0,True,True
2025-02-04,4,81,119.475,180.30249999999998,60.827499999999986,2025-02-04T10:00:00Z,2025-02-04T05:00:00Z,24.0,True,True
2025-02-05,4,81,111.75999999999999,181.6525,69.89250000000001,2025-02-05T00:00:00Z,2025-02-05T16:00:00Z,24.0,True,True
2025-02-06,4,81,126.47749999999999,182.9125,56.435,2025-02-06T00:00:00Z,2025-02-06T05:00:00Z,24.0,True,True
2025-02-07,4,81,109.13,182.54500000000002,73.41500000000002,2025-02-07T00:00:00Z,2025-02-07T15:00:00Z,24.0,True,True
2025-02-08,4,81,87.95,160.04500000000002,72.09500000000001,2025-02-08T09:00:00Z,2025-02-08T16:00:00Z,24.0,True,True
2025-02-09,4,81,104.175,172.9075,68.7325,2025-02-09T10:00:00Z,2025-02-09T16:00:00Z,24.0,True,True
2025-02-10,4,81,110.8,212.77,101.97000000000001,2025-02-10T00:00:00Z,2025-02-10T16:00:00Z,24.0,True,True
2025-02-11,4,81,112.04499999999999,214.575,102.53,2025-02-11T09:00:00Z,2025-02-11T15:00:00Z,24.0,True,True
2025-02-12,4,81,127.5,292.64750000000004,165.14750000000004,2025-02-12T00:00:00Z,2025-02-12T16:00:00Z,24.0,True,True
2025-02-13,4,81,146.0825,291.0775,144.99499999999998,2025-02-13T00:00:00Z,2025-02-13T05:00:00Z,24.0,True,True
2025-02-14,4,81,131.575,260.88250000000005,129.30750000000006,2025-02-14T00:00:00Z,2025-02-14T15:00:00Z,24.0,True,True
2025-02-15,4,81,114.365,179.6775,65.31250000000001,2025-02-15T10:00:00Z,2025-02-15T16:00:00Z,24.0,True,True
2025-02-16,4,81,121.035,178.85250000000002,57.817500000000024,2025-02-16T01:00:00Z,2025-02-16T16:00:00Z,24.0,True,True
2025-02-17,4,81,124.395,222.525,98.13000000000001,2025-02-17T00:00:00Z,2025-02-17T16:00:00Z,24.0,True,True
2025-02-18,4,81,128.6925,324.175,195.48250000000002,2025-02-18T00:00:00Z,2025-02-18T15:00:00Z,24.0,True,True
2025-02-19,4,81,112.3525,244.58,132.22750000000002,2025-02-19T09:00:00Z,2025-02-19T15:00:00Z,24.0,True,True
2025-02-20,4,81,95.97749999999999,307.4825,211.50500000000002,2025-02-20T09:00:00Z,2025-02-20T15:00:00Z,24.0,True,True
2025-02-21,4,81,86.1275,223.635,137.5075,2025-02-21T10:00:00Z,2025-02-21T16:00:00Z,24.0,True,True
2025-02-22,4,81,54.4375,240.3,185.8625,2025-02-22T09:00:00Z,2025-02-22T16:00:00Z,24.0,True,True
2025-02-23,4,81,81.0025,229.9575,148.955,2025-02-23T09:00:00Z,2025-02-23T16:00:00Z,24.0,True,True
2025-02-24,4,81,121.61,352.8225,231.21249999999998,2025-02-24T00:00:00Z,2025-02-24T15:00:00Z,24.0,True,True
2025-02-25,4,81,130.685,404.35499999999996,273.66999999999996,2025-02-25T10:00:00Z,2025-02-25T16:00:00Z,24.0,True,True
2025-02-26,4,81,119.35249999999999,206.63,87.2775,2025-02-26T00:00:00Z,2025-02-26T15:00:00Z,24.0,True,True
2025-02-27,4,81,102.3425,180.505,78.1625,2025-02-27T00:00:00Z,2025-02-27T16:00:00Z,24.0,True,True
2025-02-28,4,81,109.8775,226.5925,116.715,2025-02-28T00:00:00Z,2025-02-28T16:00:00Z,24.0,True,True
2025-03-01,4,81,104.935,222.35750000000002,117.42250000000001,2025-03-01T10:00:00Z,2025-03-01T15:30:00Z,24.0,True,True
2025-03-02,4,81,40.06,178.86,138.8,2025-03-02T10:00:00Z,2025-03-02T16:00:00Z,24.0,True,True
2025-03-03,4,81,57.955,215.8075,157.85250000000002,2025-03-03T09:00:00Z,2025-03-03T16:00:00Z,24.0,True,True
2025-03-04,4,81,53.46,241.4825,188.02249999999998,2025-03-04T10:00:00Z,2025-03-04T16:00:00Z,24.0,True,True
2025-03-05,4,81,4.4675,212.08,207.6125,2025-03-05T10:00:00Z,2025-03-05T16:00:00Z,24.0,True,True
2025-03-06,4,81,5.015,242.81,237.79500000000002,2025-03-06T10:00:00Z,2025-03-06T16:00:00Z,24.0,True,True
2025-03-07,4,81,22.6925,189.20499999999998,166.5125,2025-03-07T10:00:00Z,2025-03-07T16:00:00Z,24.0,True,True
2025-03-08,4,81,0.7,196.8,196.10000000000002,2025-03-08T10:00:00Z,2025-03-08T16:00:00Z,24.0,True,True
2025-03-09,4,81,-0.0024999999999999883,149.1475,149.15,2025-03-09T10:00:00Z,2025-03-09T16:00:00Z,24.0,True,True
2025-03-10,4,81,74.11250000000001,155.4075,81.29499999999999,2025-03-10T09:00:00Z,2025-03-10T16:00:00Z,24.0,True,True
2025-03-11,4,81,99.055,170.90750000000003,71.85250000000002,2025-03-11T09:00:00Z,2025-03-11T16:00:00Z,24.0,True,True
2025-03-12,4,81,99.6425,165.5875,65.94500000000001,2025-03-11T23:00:00Z,2025-03-12T16:00:00Z,24.0,True,True
2025-03-13,4,81,0.08,157.675,157.595,2025-03-13T09:00:00Z,2025-03-13T16:00:00Z,24.0,True,True
2025-03-14,4,81,23.66,141.48250000000002,117.82250000000002,2025-03-14T07:00:00Z,2025-03-14T16:00:00Z,24.0,True,True
2025-03-15,4,81,22.855,133.0025,110.1475,2025-03-15T07:00:00Z,2025-03-15T16:00:00Z,24.0,True,True
2025-03-16,4,81,7.7675,132.9325,125.165,2025-03-16T10:00:00Z,2025-03-16T16:00:00Z,24.0,True,True
2025-03-17,4,81,57.2625,158.5925,101.33,2025-03-17T11:00:00Z,2025-03-17T16:00:00Z,24.0,True,True
2025-03-18,4,81,3.9125,157.8975,153.985,2025-03-18T10:00:00Z,2025-03-18T16:00:00Z,24.0,True,True
2025-03-19,4,81,1.5625,233.995,232.4325,2025-03-19T10:00:00Z,2025-03-19T16:00:00Z,24.0,True,True
2025-03-20,4,81,4.319999999999999,246.0275,241.7075,2025-03-20T09:00:00Z,2025-03-20T16:00:00Z,24.0,True,True
2025-03-21,4,81,3.6825,181.9925,178.31,2025-03-21T10:00:00Z,2025-03-21T16:00:00Z,24.0,True,True
2025-03-22,4,81,21.3525,127.30499999999999,105.95249999999999,2025-03-22T09:00:00Z,2025-03-22T16:00:00Z,24.0,True,True
2025-03-23,4,81,9.89,136.53750000000002,126.64750000000002,2025-03-23T10:00:00Z,2025-03-23T17:00:00Z,24.0,True,True
2025-03-24,4,81,100.2875,180.7175,80.43,2025-03-23T23:00:00Z,2025-03-24T16:00:00Z,24.0,True,True
2025-03-25,4,81,99.385,171.71,72.325,2025-03-25T09:00:00Z,2025-03-25T16:00:00Z,24.0,True,True
2025-03-26,4,81,94.21749999999999,161.52249999999998,67.30499999999999,2025-03-26T10:00:00Z,2025-03-26T16:00:00Z,24.0,True,True
2025-03-27,4,81,57.51,171.17249999999999,113.6625,2025-03-27T09:00:00Z,2025-03-27T16:00:00Z,24.0,True,True
2025-03-28,4,81,51.975,154.6,102.625,2025-03-28T09:00:00Z,2025-03-28T16:00:00Z,24.0,True,True
2025-03-29,4,81,68.75,144.55,75.80000000000001,2025-03-29T05:00:00Z,2025-03-29T16:00:00Z,24.0,True,True
2025-03-30,4,77,-13.5525,175.0725,188.625,2025-03-30T09:00:00Z,2025-03-30T16:00:00Z,23.0,True,True
2025-03-31,4,81,68.7125,190.17249999999999,121.45999999999998,2025-03-30T23:00:00Z,2025-03-31T04:00:00Z,24.0,True,True
2025-04-01,4,81,53.265,145.39,92.12499999999999,2025-04-01T10:00:00Z,2025-04-01T16:00:00Z,24.0,True,True
2025-04-02,4,81,45.7625,128.70999999999998,82.94749999999998,2025-04-02T09:00:00Z,2025-04-02T16:00:00Z,24.0,True,True
2025-04-03,4,81,2.2125,167.8375,165.625,2025-04-03T09:00:00Z,2025-04-03T16:00:00Z,24.0,True,True
2025-04-04,4,81,0.4,155.9525,155.55249999999998,2025-04-04T10:00:00Z,2025-04-04T17:00:00Z,24.0,True,True
2025-04-05,4,81,-8.0475,120.46000000000001,128.5075,2025-04-05T09:00:00Z,2025-04-05T16:00:00Z,24.0,True,True
2025-04-06,4,81,-6.03,141.25,147.28,2025-04-06T09:00:00Z,2025-04-06T16:00:00Z,24.0,True,True
2025-04-07,4,81,54.18750000000001,187.4125,133.225,2025-04-07T09:00:00Z,2025-04-07T16:00:00Z,24.0,True,True
2025-04-08,4,81,54.7025,216.0225,161.32,2025-04-08T09:00:00Z,2025-04-08T16:00:00Z,24.0,True,True
2025-04-09,4,81,39.35,255.9925,216.6425,2025-04-09T09:00:00Z,2025-04-09T16:00:00Z,24.0,True,True
2025-04-10,4,81,5.3625,148.5375,143.17499999999998,2025-04-10T10:00:00Z,2025-04-10T16:00:00Z,24.0,True,True
2025-04-11,4,81,0.0025,185.85999999999999,185.8575,2025-04-11T10:00:00Z,2025-04-11T16:00:00Z,24.0,True,True
2025-04-12,4,81,-6.630000000000001,172.9,179.53,2025-04-12T09:00:00Z,2025-04-12T17:00:00Z,24.0,True,True
2025-04-13,4,81,-14.467500000000001,135.0325,149.5,2025-04-13T10:00:00Z,2025-04-13T16:00:00Z,24.0,True,True
2025-04-14,4,81,86.8075,153.55,66.7425,2025-04-13T23:00:00Z,2025-04-14T16:00:00Z,24.0,True,True
2025-04-15,4,81,76.36749999999999,132.9675,56.60000000000001,2025-04-14T23:00:00Z,2025-04-15T16:00:00Z,24.0,True,True
2025-04-16,4,81,0.765,143.5875,142.82250000000002,2025-04-16T09:00:00Z,2025-04-16T16:00:00Z,24.0,True,True
2025-04-17,4,81,10.422500000000001,122.28500000000001,111.86250000000001,2025-04-17T09:00:00Z,2025-04-17T16:00:00Z,24.0,True,True
2025-04-18,4,81,46.2625,125.36,79.0975,2025-04-18T10:00:00Z,2025-04-18T17:00:00Z,24.0,True,True
2025-04-19,4,81,-2.3575,141.00500000000002,143.3625,2025-04-19T10:00:00Z,2025-04-19T17:00:00Z,24.0,True,True
2025-04-20,4,81,-75.985,126.29,202.275,2025-04-20T09:00:00Z,2025-04-20T17:00:00Z,24.0,True,True
2025-04-21,4,81,-17.0975,128.8075,145.905,2025-04-21T09:00:00Z,2025-04-21T17:00:00Z,24.0,True,True
2025-04-22,4,81,73.06,194.775,121.715,2025-04-22T09:00:00Z,2025-04-22T16:00:00Z,24.0,True,True
2025-04-23,4,81,82.395,166.2175,83.8225,2025-04-23T08:00:00Z,2025-04-23T16:00:00Z,24.0,True,True
2025-04-24,4,81,75.91250000000001,130.5625,54.64999999999999,2025-04-24T09:00:00Z,2025-04-24T16:00:00Z,24.0,True,True
2025-04-25,4,81,52.855000000000004,112.545,59.69,2025-04-25T10:00:00Z,2025-04-25T16:00:00Z,24.0,True,True
2025-04-26,4,81,-2.965,102.175,105.14,2025-04-26T10:00:00Z,2025-04-26T17:00:00Z,24.0,True,True
2025-04-27,4,81,-13.76,110.75999999999999,124.52,2025-04-27T09:00:00Z,2025-04-27T17:00:00Z,24.0,True,True
2025-04-28,4,81,-4.2725,147.8175,152.09,2025-04-28T10:00:00Z,2025-04-28T16:00:00Z,24.0,True,True
2025-04-29,4,81,-0.915,139.43,140.345,2025-04-29T09:00:00Z,2025-04-29T17:00:00Z,24.0,True,True
2025-04-30,4,81,-2.5575,176.775,179.3325,2025-04-30T10:00:00Z,2025-04-30T16:00:00Z,24.0,True,True
2025-05-01,4,81,-82.60249999999999,128.4675,211.07,2025-05-01T10:00:00Z,2025-05-01T17:00:00Z,24.0,True,True
2025-05-02,4,81,-1.97,126.535,128.505,2025-05-02T10:00:00Z,2025-05-02T17:00:00Z,24.0,True,True
2025-05-03,4,81,-1.73,101.73750000000001,103.46750000000002,2025-05-03T10:00:00Z,2025-05-03T17:00:00Z,24.0,True,True
2025-05-04,4,81,-2.1550000000000002,103.705,105.86,2025-05-04T10:00:00Z,2025-05-04T17:00:00Z,24.0,True,True
2025-05-05,4,81,57.0025,162.57500000000002,105.57250000000002,2025-05-05T09:00:00Z,2025-05-05T16:00:00Z,24.0,True,True
2025-05-06,4,81,65.2375,145.65,80.41250000000001,2025-05-06T09:00:00Z,2025-05-06T16:00:00Z,24.0,True,True
2025-05-07,4,81,80.0775,136.17,56.09249999999999,2025-05-07T09:00:00Z,2025-05-07T16:00:00Z,24.0,True,True
2025-05-08,4,81,72.0825,176.43,104.34750000000001,2025-05-08T09:00:00Z,2025-05-08T17:00:00Z,24.0,True,True
2025-05-09,4,81,2.62,161.115,158.495,2025-05-09T09:00:00Z,2025-05-09T17:00:00Z,24.0,True,True
2025-05-10,4,81,4.015,148.87,144.85500000000002,2025-05-10T08:00:00Z,2025-05-10T17:00:00Z,24.0,True,True
2025-05-11,4,81,0.005,148.035,148.03,2025-05-11T07:00:00Z,2025-05-11T16:00:00Z,24.0,True,True
2025-05-12,4,81,49.849999999999994,242.73000000000002,192.88000000000002,2025-05-12T08:00:00Z,2025-05-12T16:00:00Z,24.0,True,True
2025-05-13,4,81,27.122500000000002,195.825,168.7025,2025-05-13T08:00:00Z,2025-05-13T17:00:00Z,24.0,True,True
2025-05-14,4,81,13.64,215.82,202.18,2025-05-14T08:00:00Z,2025-05-14T16:00:00Z,24.0,True,True
2025-05-15,4,81,10.815,136.6625,125.8475,2025-05-15T08:00:00Z,2025-05-15T17:00:00Z,24.0,True,True
2025-05-16,4,81,46.192499999999995,158.3125,112.12,2025-05-16T09:00:00Z,2025-05-16T16:00:00Z,24.0,True,True
2025-05-17,4,81,-0.0075,179.1775,179.185,2025-05-17T08:00:00Z,2025-05-17T17:00:00Z,24.0,True,True
2025-05-18,4,81,-8.335,134.1825,142.5175,2025-05-18T10:00:00Z,2025-05-18T17:00:00Z,24.0,True,True
2025-05-19,4,81,13.692499999999999,168.4125,154.72,2025-05-19T10:00:00Z,2025-05-19T17:00:00Z,24.0,True,True
2025-05-20,4,81,26.21,214.6825,188.4725,2025-05-20T09:00:00Z,2025-05-20T16:00:00Z,24.0,True,True
2025-05-21,4,81,48.6725,265.5875,216.91499999999996,2025-05-21T08:00:00Z,2025-05-21T16:00:00Z,24.0,True,True
2025-05-22,4,81,56.0725,144.295,88.2225,2025-05-22T09:00:00Z,2025-05-22T16:00:00Z,24.0,True,True
2025-05-23,4,81,55.177499999999995,161.56750000000002,106.39000000000003,2025-05-23T09:00:00Z,2025-05-23T17:00:00Z,24.0,True,True
2025-05-24,4,81,6.8,141.8575,135.05749999999998,2025-05-24T08:00:00Z,2025-05-24T17:00:00Z,24.0,True,True
2025-05-25,4,81,2.505,109.61250000000001,107.10750000000002,2025-05-25T04:00:00Z,2025-05-25T17:00:00Z,24.0,True,True
2025-05-26,4,81,24.6775,180.5675,155.89,2025-05-26T10:00:00Z,2025-05-26T17:00:00Z,24.0,True,True
2025-05-27,4,81,2.77,157.555,154.785,2025-05-27T08:00:00Z,2025-05-27T17:00:00Z,24.0,True,True
2025-05-28,4,81,59.66,146.0525,86.39250000000001,2025-05-28T10:00:00Z,2025-05-28T16:00:00Z,24.0,True,True
2025-05-29,4,81,7.7825,131.995,124.2125,2025-05-29T09:00:00Z,2025-05-29T16:00:00Z,24.0,True,True
2025-05-30,4,81,0.2675,146.44,146.17249999999999,2025-05-30T11:00:00Z,2025-05-30T17:00:00Z,24.0,True,True
2025-05-31,4,81,-6.7475000000000005,174.42999999999998,181.17749999999998,2025-05-31T10:00:00Z,2025-05-31T17:00:00Z,24.0,True,True
2025-06-01,4,81,-13.737499999999999,134.5625,148.3,2025-06-01T11:00:00Z,2025-06-01T17:00:00Z,24.0,True,True
2025-06-02,4,81,15.8825,277.6825,261.8,2025-06-02T10:00:00Z,2025-06-02T16:00:00Z,24.0,True,True
2025-06-03,4,81,5.1675,178.655,173.4875,2025-06-03T09:00:00Z,2025-06-03T16:00:00Z,24.0,True,True
2025-06-04,4,81,11.024999999999999,240.4775,229.4525,2025-06-04T08:00:00Z,2025-06-04T16:00:00Z,24.0,True,True
2025-06-05,4,81,16.185,177.96749999999997,161.78249999999997,2025-06-05T10:00:00Z,2025-06-05T16:00:00Z,24.0,True,True
2025-06-06,4,81,5.7975,171.6275,165.82999999999998,2025-06-06T07:00:00Z,2025-06-06T15:00:00Z,24.0,True,True
2025-06-07,4,81,0.285,180.07,179.785,2025-06-07T10:00:00Z,2025-06-07T16:00:00Z,24.0,True,True
2025-06-08,4,81,-20.3,161.45000000000002,181.75000000000003,2025-06-08T10:00:00Z,2025-06-08T16:00:00Z,24.0,True,True
2025-06-09,4,81,8.665,168.64000000000001,159.97500000000002,2025-06-09T11:00:00Z,2025-06-09T17:00:00Z,24.0,True,True
2025-06-10,4,81,14.3475,177.77,163.4225,2025-06-10T08:00:00Z,2025-06-10T16:00:00Z,24.0,True,True
2025-06-11,4,81,9.51,174.3075,164.7975,2025-06-11T09:00:00Z,2025-06-11T16:00:00Z,24.0,True,True
2025-06-12,4,81,8.99,173.215,164.225,2025-06-12T08:00:00Z,2025-06-12T16:00:00Z,24.0,True,True
2025-06-13,4,81,13.05,163.9225,150.8725,2025-06-13T08:00:00Z,2025-06-13T17:00:00Z,24.0,True,True
2025-06-14,4,81,-2.7399999999999998,163.7825,166.5225,2025-06-14T08:00:00Z,2025-06-14T17:00:00Z,24.0,True,True
2025-06-15,4,81,-3.37,144.23250000000002,147.60250000000002,2025-06-15T10:00:00Z,2025-06-15T17:00:00Z,24.0,True,True
2025-06-16,4,81,34.7825,162.825,128.0425,2025-06-16T08:00:00Z,2025-06-16T17:00:00Z,24.0,True,True
2025-06-17,4,81,10.2675,195.78,185.5125,2025-06-17T08:00:00Z,2025-06-17T17:00:00Z,24.0,True,True
2025-06-18,4,81,4.9075,184.185,179.2775,2025-06-18T09:00:00Z,2025-06-18T17:00:00Z,24.0,True,True
2025-06-19,4,81,9.0875,168.5175,159.43,2025-06-19T07:00:00Z,2025-06-19T16:00:00Z,24.0,True,True
2025-06-20,4,81,0.995,163.9875,162.9925,2025-06-20T09:00:00Z,2025-06-20T17:00:00Z,24.0,True,True
2025-06-21,4,81,0.0,160.7525,160.7525,2025-06-21T08:00:00Z,2025-06-21T17:00:00Z,24.0,True,True
2025-06-22,4,81,-27.53,134.0125,161.5425,2025-06-22T10:00:00Z,2025-06-22T17:00:00Z,24.0,True,True
2025-06-23,4,81,30.2975,181.64249999999998,151.34499999999997,2025-06-23T07:00:00Z,2025-06-23T16:00:00Z,24.0,True,True
2025-06-24,4,81,18.0875,169.275,151.1875,2025-06-24T09:00:00Z,2025-06-24T16:00:00Z,24.0,True,True
2025-06-25,4,81,16.4875,203.565,187.0775,2025-06-25T08:00:00Z,2025-06-25T17:00:00Z,24.0,True,True
2025-06-26,4,81,70.91499999999999,201.3875,130.4725,2025-06-26T09:00:00Z,2025-06-26T16:00:00Z,24.0,True,True
2025-06-27,4,81,66.60249999999999,158.42499999999998,91.82249999999999,2025-06-27T09:00:00Z,2025-06-27T16:00:00Z,24.0,True,True
2025-06-28,4,81,0.77,121.63749999999999,120.86749999999999,2025-06-28T08:00:00Z,2025-06-28T17:00:00Z,24.0,True,True
2025-06-29,4,81,-5.93,111.48,117.41,2025-06-29T09:00:00Z,2025-06-29T17:00:00Z,24.0,True,True
2025-06-30,4,81,46.5125,210.97,164.45749999999998,2025-06-30T08:00:00Z,2025-06-30T17:00:00Z,24.0,True,True
2025-07-01,4,81,51.012499999999996,243.3525,192.34,2025-07-01T08:00:00Z,2025-07-01T17:00:00Z,24.0,True,True
2025-07-02,4,81,48.102500000000006,296.80749999999995,248.70499999999993,2025-07-02T09:00:00Z,2025-07-02T16:00:00Z,24.0,True,True
2025-07-03,4,81,48.6575,199.425,150.7675,2025-07-03T09:00:00Z,2025-07-03T16:00:00Z,24.0,True,True
2025-07-04,4,81,52.6175,153.9425,101.32499999999999,2025-07-04T09:00:00Z,2025-07-04T16:00:00Z,24.0,True,True
2025-07-05,4,81,0.8374999999999999,178.0975,177.26,2025-07-05T07:00:00Z,2025-07-05T16:00:00Z,24.0,True,True
2025-07-06,4,81,11.5825,159.9725,148.39,2025-07-06T09:00:00Z,2025-07-06T17:00:00Z,24.0,True,True
2025-07-07,4,81,88.7225,178.5,89.7775,2025-07-07T10:00:00Z,2025-07-07T16:00:00Z,24.0,True,True
2025-07-08,4,81,77.75,155.855,78.10499999999999,2025-07-08T09:00:00Z,2025-07-08T16:00:00Z,24.0,True,True
2025-07-09,4,81,47.715,128.1075,80.39249999999998,2025-07-09T10:00:00Z,2025-07-09T17:00:00Z,24.0,True,True
2025-07-10,4,81,44.59,136.1975,91.60749999999999,2025-07-10T10:00:00Z,2025-07-10T17:00:00Z,24.0,True,True
2025-07-11,4,81,49.6325,141.2875,91.655,2025-07-11T10:00:00Z,2025-07-11T16:00:00Z,24.0,True,True
2025-07-12,4,81,0.11,122.745,122.635,2025-07-12T10:00:00Z,2025-07-12T17:00:00Z,24.0,True,True
2025-07-13,4,81,0.0,123.8075,123.8075,2025-07-13T10:00:00Z,2025-07-13T17:00:00Z,24.0,True,True
2025-07-14,4,81,68.17,182.565,114.395,2025-07-14T10:00:00Z,2025-07-14T16:00:00Z,24.0,True,True
2025-07-15,4,81,57.325,150.8625,93.53750000000001,2025-07-15T09:00:00Z,2025-07-15T16:00:00Z,24.0,True,True
2025-07-16,4,81,82.4375,150.825,68.38749999999999,2025-07-16T00:00:00Z,2025-07-16T17:00:00Z,24.0,True,True
2025-07-17,4,81,66.28999999999999,138.925,72.63500000000002,2025-07-17T10:00:00Z,2025-07-17T17:00:00Z,24.0,True,True
2025-07-18,4,81,74.225,151.07500000000002,76.85000000000002,2025-07-18T10:00:00Z,2025-07-18T17:00:00Z,24.0,True,True
2025-07-19,4,81,0.16,148.915,148.755,2025-07-19T09:00:00Z,2025-07-19T17:00:00Z,24.0,True,True
2025-07-20,4,81,0.48,136.7675,136.28750000000002,2025-07-20T09:00:00Z,2025-07-20T17:00:00Z,24.0,True,True
2025-07-21,4,81,82.22999999999999,180.70499999999998,98.475,2025-07-21T10:00:00Z,2025-07-21T16:00:00Z,24.0,True,True
2025-07-22,4,81,54.8175,186.78,131.9625,2025-07-22T09:00:00Z,2025-07-22T16:00:00Z,24.0,True,True
2025-07-23,4,81,81.0025,288.5625,207.56,2025-07-23T08:00:00Z,2025-07-23T16:00:00Z,24.0,True,True
2025-07-24,4,81,87.2825,294.175,206.8925,2025-07-24T08:00:00Z,2025-07-24T16:00:00Z,24.0,True,True
2025-07-25,4,81,89.0425,310.9775,221.935,2025-07-25T09:00:00Z,2025-07-25T16:00:00Z,24.0,True,True
2025-07-26,4,81,69.64750000000001,178.53,108.8825,2025-07-26T09:00:00Z,2025-07-26T16:00:00Z,24.0,True,True
2025-07-27,4,81,23.375,165.10250000000002,141.72750000000002,2025-07-27T10:00:00Z,2025-07-27T16:45:00Z,24.0,True,True
2025-07-28,4,81,82.09,187.5725,105.48249999999999,2025-07-27T23:00:00Z,2025-07-28T16:00:00Z,24.0,True,True
2025-07-29,4,81,60.455,158.0675,97.6125,2025-07-29T09:00:00Z,2025-07-29T16:00:00Z,24.0,True,True
2025-07-30,4,81,20.39,189.11499999999998,168.72499999999997,2025-07-30T10:00:00Z,2025-07-30T16:00:00Z,24.0,True,True
2025-07-31,4,81,62.38249999999999,148.69,86.3075,2025-07-31T09:00:00Z,2025-07-31T16:00:00Z,24.0,True,True
2025-08-01,4,81,59.129999999999995,182.46,123.33000000000001,2025-08-01T10:00:00Z,2025-08-01T16:00:00Z,24.0,True,True
2025-08-02,4,81,0.7375,146.79,146.05249999999998,2025-08-02T10:00:00Z,2025-08-02T17:00:00Z,24.0,True,True
2025-08-03,4,81,-6.99,131.505,138.495,2025-08-03T10:00:00Z,2025-08-03T16:00:00Z,24.0,True,True
2025-08-04,4,81,12.355,172.9125,160.5575,2025-08-04T10:00:00Z,2025-08-04T16:00:00Z,24.0,True,True
2025-08-05,4,81,-3.3875,147.0575,150.445,2025-08-05T09:00:00Z,2025-08-05T17:00:00Z,24.0,True,True
2025-08-06,4,81,2.7225,149.76749999999998,147.045,2025-08-06T08:00:00Z,2025-08-06T17:00:00Z,24.0,True,True
2025-08-07,4,81,-0.8150000000000001,147.23250000000002,148.0475,2025-08-07T08:00:00Z,2025-08-07T16:00:00Z,24.0,True,True
2025-08-08,4,81,-0.005,173.1075,173.11249999999998,2025-08-08T10:00:00Z,2025-08-08T16:00:00Z,24.0,True,True
2025-08-09,4,81,-11.055,160.4725,171.5275,2025-08-09T10:00:00Z,2025-08-09T16:00:00Z,24.0,True,True
2025-08-10,4,81,-42.0625,122.00250000000001,164.065,2025-08-10T10:00:00Z,2025-08-10T17:00:00Z,24.0,True,True
2025-08-11,4,81,0.635,178.3475,177.7125,2025-08-11T09:00:00Z,2025-08-11T16:00:00Z,24.0,True,True
2025-08-12,4,81,7.3325000000000005,200.8175,193.48499999999999,2025-08-12T09:00:00Z,2025-08-12T16:00:00Z,24.0,True,True
2025-08-13,4,81,9.1825,191.94,182.7575,2025-08-13T08:00:00Z,2025-08-13T16:00:00Z,24.0,True,True
2025-08-14,4,81,13.6025,216.60250000000002,203.00000000000003,2025-08-14T08:00:00Z,2025-08-14T16:00:00Z,24.0,True,True
2025-08-15,4,81,0.4525,117.82,117.36749999999999,2025-08-15T10:00:00Z,2025-08-15T17:00:00Z,24.0,True,True
2025-08-16,4,81,0.04,163.635,163.595,2025-08-16T10:00:00Z,2025-08-16T16:00:00Z,24.0,True,True
2025-08-17,4,81,-0.27749999999999997,110.5075,110.785,2025-08-17T09:00:00Z,2025-08-17T17:00:00Z,24.0,True,True
2025-08-18,4,81,24.634999999999998,158.5475,133.91250000000002,2025-08-18T09:00:00Z,2025-08-18T16:00:00Z,24.0,True,True
2025-08-19,4,81,37.055,150.1875,113.1325,2025-08-19T09:00:00Z,2025-08-19T16:00:00Z,24.0,True,True
2025-08-20,4,81,39.8025,125.55999999999999,85.7575,2025-08-20T08:00:00Z,2025-08-20T16:00:00Z,24.0,True,True
2025-08-21,4,81,75.68,130.7175,55.037499999999994,2025-08-21T09:00:00Z,2025-08-21T16:00:00Z,24.0,True,True
2025-08-22,4,81,7.1575,106.70499999999998,99.54749999999999,2025-08-22T10:00:00Z,2025-08-22T17:00:00Z,24.0,True,True
2025-08-23,4,81,1.2925,131.89249999999998,130.6,2025-08-23T09:00:00Z,2025-08-23T16:00:00Z,24.0,True,True
2025-08-24,4,81,-4.2325,112.34,116.5725,2025-08-24T10:00:00Z,2025-08-24T17:00:00Z,24.0,True,True
2025-08-25,4,81,11.9775,156.4525,144.475,2025-08-25T10:00:00Z,2025-08-25T17:00:00Z,24.0,True,True
2025-08-26,4,81,26.745,156.6825,129.9375,2025-08-26T09:00:00Z,2025-08-26T16:00:00Z,24.0,True,True
2025-08-27,4,81,34.2975,169.5725,135.27499999999998,2025-08-27T09:00:00Z,2025-08-27T16:00:00Z,24.0,True,True
2025-08-28,4,81,6.015,147.0675,141.0525,2025-08-28T09:00:00Z,2025-08-28T16:00:00Z,24.0,True,True
2025-08-29,4,81,12.2425,138.8075,126.565,2025-08-29T09:00:00Z,2025-08-29T16:00:00Z,24.0,True,True
2025-08-30,4,81,1.3075,122.9525,121.645,2025-08-30T09:00:00Z,2025-08-30T16:00:00Z,24.0,True,True
2025-08-31,4,81,-0.4225,123.19,123.6125,2025-08-31T09:00:00Z,2025-08-31T16:00:00Z,24.0,True,True
2025-09-01,4,81,41.985,183.39499999999998,141.40999999999997,2025-09-01T09:00:00Z,2025-09-01T16:00:00Z,24.0,True,True
2025-09-02,4,81,38.975,206.54000000000002,167.56500000000003,2025-09-02T07:00:00Z,2025-09-02T16:00:00Z,24.0,True,True
2025-09-03,4,81,7.65,173.07,165.42,2025-09-03T09:00:00Z,2025-09-03T16:00:00Z,24.0,True,True
2025-09-04,4,81,11.0775,217.34,206.2625,2025-09-04T09:00:00Z,2025-09-04T16:00:00Z,24.0,True,True
2025-09-05,4,81,78.37249999999999,166.5775,88.205,2025-09-05T10:00:00Z,2025-09-05T16:00:00Z,24.0,True,True
2025-09-06,4,81,-0.47,181.18749999999997,181.65749999999997,2025-09-06T10:00:00Z,2025-09-06T16:00:00Z,24.0,True,True
2025-09-07,4,81,-38.8775,134.3975,173.275,2025-09-07T09:00:00Z,2025-09-07T17:00:00Z,24.0,True,True
2025-09-08,4,81,56.3175,274.13,217.8125,2025-09-08T09:00:00Z,2025-09-08T16:00:00Z,24.0,True,True
2025-09-09,4,81,88.7475,257.7025,168.95499999999998,2025-09-09T09:00:00Z,2025-09-09T15:00:00Z,24.0,True,True
2025-09-10,4,81,94.66,194.0825,99.42250000000001,2025-09-09T23:00:00Z,2025-09-10T15:00:00Z,24.0,True,True
2025-09-11,4,81,80.16999999999999,195.0125,114.8425,2025-09-11T09:00:00Z,2025-09-11T15:00:00Z,24.0,True,True
2025-09-12,4,81,50.7275,182.0375,131.31,2025-09-12T09:00:00Z,2025-09-12T15:00:00Z,24.0,True,True
2025-09-13,4,81,0.0025,130.32750000000001,130.32500000000002,2025-09-13T10:00:00Z,2025-09-13T15:00:00Z,24.0,True,True
2025-09-14,4,81,-0.0025,126.72,126.7225,2025-09-14T10:00:00Z,2025-09-14T15:00:00Z,24.0,True,True
2025-09-15,4,81,8.7475,215.085,206.3375,2025-09-15T09:00:00Z,2025-09-15T16:00:00Z,24.0,True,True
2025-09-16,4,81,7.6049999999999995,223.8825,216.2775,2025-09-16T08:00:00Z,2025-09-16T15:00:00Z,24.0,True,True
2025-09-17,4,81,21.8375,171.1375,149.29999999999998,2025-09-17T09:00:00Z,2025-09-17T15:00:00Z,24.0,True,True
2025-09-18,4,81,0.0025,171.825,171.8225,2025-09-18T09:00:00Z,2025-09-18T15:00:00Z,24.0,True,True
2025-09-19,4,81,1.7275,234.5725,232.845,2025-09-19T09:00:00Z,2025-09-19T15:00:00Z,24.0,True,True
2025-09-20,4,81,-5.925,136.5075,142.4325,2025-09-20T09:00:00Z,2025-09-20T15:00:00Z,24.0,True,True
2025-09-21,4,81,-10.635,110.39,121.025,2025-09-21T09:00:00Z,2025-09-21T16:00:00Z,24.0,True,True
2025-09-22,4,81,3.25,165.635,162.385,2025-09-22T08:00:00Z,2025-09-22T15:00:00Z,24.0,True,True
2025-09-23,4,81,10.567499999999999,229.01250000000002,218.44500000000002,2025-09-23T08:00:00Z,2025-09-23T15:00:00Z,24.0,True,True
2025-09-24,4,81,21.9275,199.5875,177.66,2025-09-24T09:00:00Z,2025-09-24T15:00:00Z,24.0,True,True
2025-09-25,4,81,35.0875,128.8775,93.78999999999999,2025-09-25T08:00:00Z,2025-09-25T15:00:00Z,24.0,True,True
2025-09-26,4,81,74.26,122.005,47.74499999999999,2025-09-25T23:00:00Z,2025-09-26T15:00:00Z,24.0,True,True
2025-09-27,4,81,58.239999999999995,129.565,71.325,2025-09-27T09:00:00Z,2025-09-27T16:00:00Z,24.0,True,True
2025-09-28,4,81,19.1775,169.475,150.29749999999999,2025-09-28T09:00:00Z,2025-09-28T15:00:00Z,24.0,True,True
2025-09-29,4,81,84.0975,280.22749999999996,196.12999999999997,2025-09-29T09:00:00Z,2025-09-29T15:00:00Z,24.0,True,True
2025-09-30,4,81,94.88250000000001,282.69000000000005,187.80750000000006,2025-09-30T09:00:00Z,2025-09-30T15:00:00Z,24.0,True,True
2025-10-01,4,81,86.91687499999999,223.159375,136.2425,2025-10-01T08:30:00Z,2025-10-01T15:15:00Z,24.0,True,True
2025-10-02,4,81,90.5125,165.57937500000003,75.06687500000002,2025-10-01T21:15:00Z,2025-10-02T14:15:00Z,24.0,True,True
2025-10-03,4,81,56.623125,140.828125,84.205,2025-10-03T09:15:00Z,2025-10-03T15:30:00Z,24.0,True,True
2025-10-04,4,81,2.6118750000000004,199.23375,196.621875,2025-10-04T08:30:00Z,2025-10-04T15:30:00Z,24.0,True,True
2025-10-05,4,81,1.66625,148.60687499999997,146.94062499999998,2025-10-05T09:15:00Z,2025-10-05T15:30:00Z,24.0,True,True
2025-10-06,4,81,71.470625,227.121875,155.65125,2025-10-05T22:45:00Z,2025-10-06T14:30:00Z,24.0,True,True
2025-10-07,4,81,91.980625,228.23312499999997,136.25249999999997,2025-10-06T23:30:00Z,2025-10-07T04:45:00Z,24.0,True,True
2025-10-08,4,81,88.110625,178.05562500000002,89.94500000000002,2025-10-07T22:30:00Z,2025-10-08T15:30:00Z,24.0,True,True
2025-10-09,4,81,92.691875,182.725625,90.03375000000001,2025-10-08T22:30:00Z,2025-10-09T14:45:00Z,24.0,True,True
2025-10-10,4,81,79.34875000000001,221.6775,142.32875,2025-10-10T08:30:00Z,2025-10-10T15:15:00Z,24.0,True,True
2025-10-11,4,81,22.79875,133.98,111.18124999999999,2025-10-11T09:15:00Z,2025-10-11T15:30:00Z,24.0,True,True
2025-10-12,4,81,22.57125,170.33875,147.7675,2025-10-12T08:30:00Z,2025-10-12T15:30:00Z,24.0,True,True
2025-10-13,4,81,93.6525,341.88625,248.23375000000001,2025-10-12T21:30:00Z,2025-10-13T14:45:00Z,24.0,True,True
2025-10-14,4,81,102.458125,401.10375,298.645625,2025-10-13T22:45:00Z,2025-10-14T14:45:00Z,24.0,True,True
2025-10-15,4,81,110.97437500000001,321.505,210.530625,2025-10-14T23:15:00Z,2025-10-15T14:30:00Z,24.0,True,True
2025-10-16,4,81,87.195,194.55124999999998,107.35624999999999,2025-10-16T08:30:00Z,2025-10-16T14:45:00Z,24.0,True,True
2025-10-17,4,81,92.685,180.30125,87.61625000000001,2025-10-16T22:45:00Z,2025-10-17T14:30:00Z,24.0,True,True
2025-10-18,4,81,80.93124999999999,179.581875,98.650625,2025-10-18T09:30:00Z,2025-10-18T14:45:00Z,24.0,True,True
2025-10-19,4,81,37.3525,183.23375000000001,145.88125000000002,2025-10-19T09:15:00Z,2025-10-19T15:30:00Z,24.0,True,True
2025-10-20,4,81,81.015,316.70687499999997,235.69187499999998,2025-10-20T08:30:00Z,2025-10-20T14:45:00Z,24.0,True,True
2025-10-21,4,81,89.01625,225.34,136.32375000000002,2025-10-20T23:00:00Z,2025-10-21T03:45:00Z,24.0,True,True
2025-10-22,4,81,94.04,241.27937500000002,147.239375,2025-10-22T08:30:00Z,2025-10-22T14:30:00Z,24.0,True,True
2025-10-23,4,81,73.06375,146.06125,72.9975,2025-10-23T08:30:00Z,2025-10-23T14:30:00Z,24.0,True,True
2025-10-24,4,81,47.684375,138.453125,90.76875,2025-10-23T23:15:00Z,2025-10-24T04:30:00Z,24.0,True,True
2025-10-25,4,81,27.056874999999998,188.3,161.24312500000002,2025-10-25T08:45:00Z,2025-10-25T15:30:00Z,24.0,True,True
2025-10-26,4,85,12.954374999999999,141.045,128.090625,2025-10-26T09:15:00Z,2025-10-26T14:30:00Z,25.0,True,True
2025-10-27,4,81,35.718125,206.15,170.431875,2025-10-26T23:45:00Z,2025-10-27T15:30:00Z,24.0,True,True
2025-10-28,4,81,79.8325,197.890625,118.058125,2025-10-28T08:30:00Z,2025-10-28T15:30:00Z,24.0,True,True
2025-10-29,4,81,35.93625,169.678125,133.741875,2025-10-29T08:30:00Z,2025-10-29T14:45:00Z,24.0,True,True
2025-10-30,4,81,69.046875,185.986875,116.94,2025-10-30T08:30:00Z,2025-10-30T14:45:00Z,24.0,True,True
2025-10-31,4,81,78.85625,266.64687499999997,187.79062499999998,2025-10-31T08:30:00Z,2025-10-31T15:15:00Z,24.0,True,True
2025-11-01,4,81,19.06625,134.66875,115.60249999999999,2025-11-01T08:30:00Z,2025-11-01T15:30:00Z,24.0,True,True
2025-11-02,4,81,14.65,127.505625,112.85562499999999,2025-11-02T08:15:00Z,2025-11-02T14:30:00Z,24.0,True,True
2025-11-03,4,81,76.07125,214.414375,138.343125,2025-11-02T23:45:00Z,2025-11-03T14:30:00Z,24.0,True,True
2025-11-04,4,81,77.41625,228.29375,150.8775,2025-11-04T08:30:00Z,2025-11-04T15:15:00Z,24.0,True,True
2025-11-05,4,81,84.338125,201.493125,117.15499999999999,2025-11-05T00:15:00Z,2025-11-05T15:15:00Z,24.0,True,True
2025-11-06,4,81,96.08,230.05437500000002,133.974375,2025-11-06T08:15:00Z,2025-11-06T14:45:00Z,24.0,True,True
2025-11-07,4,81,92.45375,249.9325,157.47875,2025-11-06T23:15:00Z,2025-11-07T14:15:00Z,24.0,True,True
2025-11-08,4,81,98.176875,139.313125,41.13625000000002,2025-11-08T00:15:00Z,2025-11-08T14:30:00Z,24.0,True,True
2025-11-09,4,81,93.215625,131.384375,38.16875,2025-11-09T02:00:00Z,2025-11-09T15:30:00Z,24.0,True,True
2025-11-10,4,81,91.05624999999999,170.4975,79.44125000000001,2025-11-09T23:45:00Z,2025-11-10T13:30:00Z,24.0,True,True
2025-11-11,4,81,89.544375,150.836875,61.29249999999999,2025-11-10T23:30:00Z,2025-11-11T14:45:00Z,24.0,True,True
2025-11-12,4,81,79.53687500000001,246.421875,166.885,2025-11-12T08:45:00Z,2025-11-12T15:15:00Z,24.0,True,True
2025-11-13,4,81,105.306875,294.256875,188.95,2025-11-13T00:15:00Z,2025-11-13T15:00:00Z,24.0,True,True
2025-11-14,4,81,102.97937499999999,203.82562499999997,100.84624999999998,2025-11-14T00:15:00Z,2025-11-14T14:30:00Z,24.0,True,True
2025-11-15,4,81,96.78562500000001,157.67,60.88437499999998,2025-11-15T00:15:00Z,2025-11-15T14:30:00Z,24.0,True,True
2025-11-16,4,81,100.42375000000001,132.61625,32.192499999999995,2025-11-16T00:15:00Z,2025-11-16T14:30:00Z,24.0,True,True
2025-11-17,4,81,77.108125,127.07,49.96187499999999,2025-11-17T00:15:00Z,2025-11-17T06:30:00Z,24.0,True,True
2025-11-18,4,81,79.95812500000001,149.939375,69.98125,2025-11-18T00:15:00Z,2025-11-18T14:30:00Z,24.0,True,True
2025-11-19,4,81,85.23,178.328125,93.098125,2025-11-18T23:30:00Z,2025-11-19T13:30:00Z,24.0,True,True
2025-11-20,4,81,87.935625,176.78750000000002,88.85187500000002,2025-11-20T00:15:00Z,2025-11-20T13:30:00Z,24.0,True,True
2025-11-21,4,81,91.8375,223.0975,131.26,2025-11-21T00:15:00Z,2025-11-21T14:15:00Z,24.0,True,True
2025-11-22,4,81,86.36875,145.325625,58.956875,2025-11-22T01:30:00Z,2025-11-22T13:45:00Z,24.0,True,True
2025-11-23,4,81,65.1575,140.30875,75.15125,2025-11-23T00:45:00Z,2025-11-23T14:45:00Z,24.0,True,True
2025-11-24,4,81,50.4625,253.510625,203.048125,2025-11-24T07:45:00Z,2025-11-24T14:15:00Z,24.0,True,True
2025-11-25,4,81,72.47,262.17875,189.70874999999998,2025-11-25T08:15:00Z,2025-11-25T13:30:00Z,24.0,True,True
2025-11-26,4,81,80.6,259.436875,178.836875,2025-11-25T22:15:00Z,2025-11-26T14:15:00Z,24.0,True,True
2025-11-27,4,81,80.19250000000001,164.18374999999997,83.99124999999997,2025-11-27T00:30:00Z,2025-11-27T13:15:00Z,24.0,True,True
2025-11-28,4,81,74.46562499999999,154.0775,79.611875,2025-11-27T23:45:00Z,2025-11-28T12:45:00Z,24.0,True,True
2025-11-29,4,81,90.89874999999999,140.519375,49.620625000000004,2025-11-28T23:45:00Z,2025-11-29T14:45:00Z,24.0,True,True
2025-11-30,4,81,87.016875,130.3625,43.34562500000001,2025-11-30T00:30:00Z,2025-11-30T15:45:00Z,24.0,True,True
2025-12-01,4,81,95.609375,234.455,138.845625,2025-12-01T00:30:00Z,2025-12-01T14:30:00Z,24.0,True,True
2025-12-02,4,81,97.8125,191.52312500000002,93.71062500000002,2025-12-02T00:15:00Z,2025-12-02T13:30:00Z,24.0,True,True
2025-12-03,4,81,100.415625,254.29,153.874375,2025-12-03T00:15:00Z,2025-12-03T13:30:00Z,24.0,True,True
2025-12-04,4,81,94.58,162.079375,67.499375,2025-12-03T23:45:00Z,2025-12-04T05:45:00Z,24.0,True,True
2025-12-05,4,81,95.028125,151.831875,56.803749999999994,2025-12-04T23:30:00Z,2025-12-05T07:00:00Z,24.0,True,True
2025-12-06,4,81,78.484375,124.476875,45.99250000000001,2025-12-05T23:30:00Z,2025-12-06T15:15:00Z,24.0,True,True
2025-12-07,4,81,77.775,112.060625,34.285624999999996,2025-12-07T01:30:00Z,2025-12-07T15:30:00Z,24.0,True,True
2025-12-08,4,81,76.11562500000001,126.851875,50.73625,2025-12-07T22:30:00Z,2025-12-08T14:45:00Z,24.0,True,True
2025-12-09,4,81,84.15125,139.783125,55.63187500000001,2025-12-08T23:30:00Z,2025-12-09T14:45:00Z,24.0,True,True
2025-12-10,4,81,83.1575,151.555,68.39750000000001,2025-12-09T23:45:00Z,2025-12-10T15:45:00Z,24.0,True,True
2025-12-11,4,81,88.983125,143.233125,54.25,2025-12-11T00:15:00Z,2025-12-11T14:30:00Z,24.0,True,True
2025-12-12,4,81,94.85,144.60750000000002,49.75750000000002,2025-12-11T23:30:00Z,2025-12-12T14:30:00Z,24.0,True,True
2025-12-13,4,81,92.316875,121.825625,29.508750000000006,2025-12-13T00:30:00Z,2025-12-13T15:15:00Z,24.0,True,True
2025-12-14,4,81,84.108125,120.811875,36.70375,2025-12-14T01:30:00Z,2025-12-14T15:15:00Z,24.0,True,True
2025-12-15,4,81,85.08687499999999,201.5925,116.50562500000001,2025-12-14T23:30:00Z,2025-12-15T13:45:00Z,24.0,True,True
2025-12-16,4,81,97.15375,210.378125,113.22437500000001,2025-12-15T23:45:00Z,2025-12-16T14:30:00Z,24.0,True,True
2025-12-17,4,81,98.429375,167.58499999999998,69.15562499999999,2025-12-16T23:30:00Z,2025-12-17T15:15:00Z,24.0,True,True
2025-12-18,4,81,100.315625,260.848125,160.53249999999997,2025-12-17T23:30:00Z,2025-12-18T14:45:00Z,24.0,True,True
2025-12-19,4,81,104.12875,180.87937499999998,76.75062499999999,2025-12-19T00:30:00Z,2025-12-19T14:30:00Z,24.0,True,True
2025-12-20,4,81,89.425625,129.30625,39.88062500000001,2025-12-20T00:30:00Z,2025-12-20T14:15:00Z,24.0,True,True
2025-12-21,4,81,90.1125,121.68875000000001,31.576250000000016,2025-12-21T00:30:00Z,2025-12-21T15:30:00Z,24.0,True,True
2025-12-22,4,81,87.540625,185.4075,97.866875,2025-12-21T23:45:00Z,2025-12-22T10:15:00Z,24.0,True,True
2025-12-23,4,81,82.8625,161.28062500000001,78.41812500000002,2025-12-22T22:45:00Z,2025-12-23T14:15:00Z,24.0,True,True
2025-12-24,4,81,81.80125,147.26375,65.46249999999999,2025-12-24T00:30:00Z,2025-12-24T09:00:00Z,24.0,True,True
2025-12-25,4,81,66.37875,109.846875,43.468125,2025-12-25T00:15:00Z,2025-12-25T17:30:00Z,24.0,True,True
2025-12-26,4,81,83.03375,119.891875,36.858125,2025-12-26T01:30:00Z,2025-12-26T14:30:00Z,24.0,True,True
2025-12-27,4,81,75.6075,128.33125,52.72375000000001,2025-12-27T09:15:00Z,2025-12-27T15:30:00Z,24.0,True,True
2025-12-28,4,81,80.010625,113.75812499999999,33.74749999999999,2025-12-28T09:30:00Z,2025-12-28T14:30:00Z,24.0,True,True
2025-12-29,4,81,83.905,148.95375,65.04875000000001,2025-12-28T23:45:00Z,2025-12-29T14:45:00Z,24.0,True,True
2025-12-30,4,81,77.635625,126.009375,48.37375,2025-12-30T00:00:00Z,2025-12-30T15:45:00Z,24.0,True,True
2025-12-31,4,81,76.92500000000001,149.328125,72.40312499999999,2025-12-31T01:15:00Z,2025-12-31T14:30:00Z,24.0,True,True
2026-01-01,4,81,27.615625,109.46562499999999,81.85,2026-01-01T08:30:00Z,2026-01-01T14:45:00Z,24.0,True,True
2026-01-02,4,81,33.21,118.145,84.935,2026-01-02T00:15:00Z,2026-01-02T15:15:00Z,24.0,True,True
2026-01-03,4,81,77.863125,112.821875,34.95875000000001,2026-01-03T01:30:00Z,2026-01-03T15:30:00Z,24.0,True,True
2026-01-04,4,81,83.410625,119.44812499999999,36.037499999999994,2026-01-04T01:45:00Z,2026-01-04T15:30:00Z,24.0,True,True
2026-01-05,4,81,86.8275,212.35125,125.52374999999999,2026-01-04T23:45:00Z,2026-01-05T14:30:00Z,24.0,True,True
2026-01-06,4,81,101.28437500000001,159.74375,58.459374999999994,2026-01-05T23:30:00Z,2026-01-06T06:30:00Z,24.0,True,True
2026-01-07,4,81,84.826875,193.638125,108.81125,2026-01-07T00:30:00Z,2026-01-07T13:30:00Z,24.0,True,True
2026-01-08,4,81,85.868125,246.06125,160.193125,2026-01-08T00:30:00Z,2026-01-08T12:45:00Z,24.0,True,True
2026-01-09,4,81,95.936875,184.18124999999998,88.24437499999998,2026-01-08T23:30:00Z,2026-01-09T15:15:00Z,24.0,True,True
2026-01-10,4,81,105.66499999999999,148.258125,42.593125000000015,2026-01-10T00:30:00Z,2026-01-10T06:45:00Z,24.0,True,True
2026-01-11,4,81,82.53125,124.53750000000001,42.00625000000001,2026-01-11T02:30:00Z,2026-01-11T15:30:00Z,24.0,True,True
2026-01-12,4,81,86.546875,325.93125000000003,239.38437500000003,2026-01-11T22:30:00Z,2026-01-12T14:45:00Z,24.0,True,True
2026-01-13,4,81,110.150625,375.52,265.369375,2026-01-13T00:15:00Z,2026-01-13T15:30:00Z,24.0,True,True
2026-01-14,4,81,118.714375,284.286875,165.5725,2026-01-14T00:15:00Z,2026-01-14T14:15:00Z,24.0,True,True
2026-01-15,4,81,114.70875,320.086875,205.378125,2026-01-14T23:15:00Z,2026-01-15T15:15:00Z,24.0,True,True
2026-01-16,4,81,116.74875,187.6275,70.87875,2026-01-16T00:45:00Z,2026-01-16T14:45:00Z,24.0,True,True
2026-01-17,4,81,101.43875000000001,140.66375,39.22499999999998,2026-01-17T00:15:00Z,2026-01-17T15:15:00Z,24.0,True,True
2026-01-18,4,81,98.631875,160.37125,61.73937500000001,2026-01-18T09:30:00Z,2026-01-18T15:30:00Z,24.0,True,True
2026-01-19,4,81,100.294375,285.74875,185.45437499999997,2026-01-18T23:30:00Z,2026-01-19T15:30:00Z,24.0,True,True
2026-01-20,4,81,113.713125,335.3025,221.58937500000002,2026-01-20T09:30:00Z,2026-01-20T14:45:00Z,24.0,True,True
2026-01-21,4,81,119.329375,216.401875,97.07249999999999,2026-01-21T00:30:00Z,2026-01-21T14:30:00Z,24.0,True,True
2026-01-22,4,81,126.893125,440.840625,313.9475,2026-01-21T23:30:00Z,2026-01-22T13:45:00Z,24.0,True,True
2026-01-23,4,81,139.67000000000002,361.609375,221.93937499999998,2026-01-22T23:45:00Z,2026-01-23T05:45:00Z,24.0,True,True
2026-01-24,4,81,127.469375,162.8275,35.35812499999999,2026-01-24T01:30:00Z,2026-01-24T06:30:00Z,24.0,True,True
2026-01-25,4,81,102.844375,136.386875,33.542500000000004,2026-01-24T23:30:00Z,2026-01-25T14:30:00Z,24.0,True,True
2026-01-26,4,81,97.296875,190.088125,92.79124999999999,2026-01-26T00:30:00Z,2026-01-26T12:00:00Z,24.0,True,True
2026-01-27,4,81,117.7575,274.3625,156.60500000000002,2026-01-26T22:15:00Z,2026-01-27T14:30:00Z,24.0,True,True
2026-01-28,4,81,112.738125,206.17000000000002,93.43187500000002,2026-01-27T23:30:00Z,2026-01-28T05:15:00Z,24.0,True,True
2026-01-29,4,81,101.845,178.10625,76.26124999999999,2026-01-29T00:15:00Z,2026-01-29T06:30:00Z,24.0,True,True
2026-01-30,4,81,99.35062500000001,160.42374999999998,61.073124999999976,2026-01-30T00:30:00Z,2026-01-30T06:15:00Z,24.0,True,True
2026-01-31,4,81,97.68375,143.984375,46.300625,2026-01-30T23:15:00Z,2026-01-31T15:15:00Z,24.0,True,True
2026-02-01,4,81,97.288125,127.44562499999999,30.1575,2026-02-01T01:45:00Z,2026-02-01T15:45:00Z,24.0,True,True
2026-02-02,4,81,95.15,232.518125,137.368125,2026-02-01T22:00:00Z,2026-02-02T15:45:00Z,24.0,True,True
2026-02-03,4,81,100.57062499999999,192.51625,91.94562500000002,2026-02-02T23:45:00Z,2026-02-03T14:30:00Z,24.0,True,True
2026-02-04,4,81,102.436875,157.430625,54.99374999999999,2026-02-04T00:15:00Z,2026-02-04T06:30:00Z,24.0,True,True
2026-02-05,4,81,85.75,146.405625,60.655624999999986,2026-02-04T22:15:00Z,2026-02-05T16:00:00Z,24.0,True,True
2026-02-06,4,81,102.091875,179.996875,77.90499999999999,2026-02-05T22:30:00Z,2026-02-06T15:15:00Z,24.0,True,True
2026-02-07,4,81,100.665,134.7,34.03499999999998,2026-02-07T01:30:00Z,2026-02-07T15:30:00Z,24.0,True,True
2026-02-08,4,81,21.618125,129.265625,107.64750000000001,2026-02-08T08:45:00Z,2026-02-08T15:45:00Z,24.0,True,True
2026-02-09,4,81,98.9925,181.96,82.9675,2026-02-08T23:30:00Z,2026-02-09T14:45:00Z,24.0,True,True
2026-02-10,4,81,108.753125,166.2375,57.484375000000014,2026-02-09T22:15:00Z,2026-02-10T15:15:00Z,24.0,True,True
2026-02-11,4,81,75.29875,133.751875,58.453125000000014,2026-02-11T09:45:00Z,2026-02-11T15:30:00Z,24.0,True,True
2026-02-12,4,81,95.29,144.319375,49.029375,2026-02-11T23:45:00Z,2026-02-12T14:30:00Z,24.0,True,True
2026-02-13,4,81,90.571875,170.43562500000002,79.86375000000001,2026-02-12T23:15:00Z,2026-02-13T14:30:00Z,24.0,True,True
2026-02-14,4,81,6.14,142.3725,136.23250000000002,2026-02-14T08:30:00Z,2026-02-14T14:15:00Z,24.0,True,True
2026-02-15,4,81,1.306875,81.425625,80.11874999999999,2026-02-15T11:30:00Z,2026-02-15T17:45:00Z,24.0,True,True
2026-02-16,4,81,87.279375,253.3625,166.083125,2026-02-15T22:30:00Z,2026-02-16T15:45:00Z,24.0,True,True
2026-02-17,4,81,91.794375,127.1075,35.313125,2026-02-17T00:15:00Z,2026-02-17T05:30:00Z,24.0,True,True
2026-02-18,4,81,12.910625,137.478125,124.56750000000001,2026-02-17T23:45:00Z,2026-02-18T16:30:00Z,24.0,True,True
2026-02-19,4,81,12.2225,131.99125,119.76875000000001,2026-02-19T07:30:00Z,2026-02-19T14:30:00Z,24.0,True,True
2026-02-20,4,81,67.790625,141.003125,73.2125,2026-02-19T23:15:00Z,2026-02-20T05:15:00Z,24.0,True,True
2026-02-21,4,81,58.265,109.47875,51.213750000000005,2026-02-20T22:30:00Z,2026-02-21T15:30:00Z,24.0,True,True
2026-02-22,4,81,7.7056249999999995,98.715625,91.01,2026-02-22T10:30:00Z,2026-02-22T15:45:00Z,24.0,True,True
2026-02-23,4,81,32.284375,152.1525,119.868125,2026-02-23T08:45:00Z,2026-02-23T15:30:00Z,24.0,True,True
2026-02-24,4,81,78.886875,128.88125,49.99437499999999,2026-02-24T18:00:00Z,2026-02-24T05:30:00Z,24.0,True,True
2026-02-25,4,81,2.364375,136.96,134.595625,2026-02-25T09:00:00Z,2026-02-25T15:45:00Z,24.0,True,True
2026-02-26,4,81,6.020625,121.235,115.214375,2026-02-26T09:45:00Z,2026-02-26T16:30:00Z,24.0,True,True
2026-02-27,4,81,1.8981249999999998,130.490625,128.5925,2026-02-27T09:45:00Z,2026-02-27T15:45:00Z,24.0,True,True
2026-02-28,4,81,-0.0075,99.35625,99.36375,2026-02-28T09:15:00Z,2026-02-28T15:30:00Z,24.0,True,True
2026-03-01,4,81,-0.415625,112.391875,112.8075,2026-03-01T09:30:00Z,2026-03-01T15:45:00Z,24.0,True,True
2026-03-02,4,81,26.626875000000002,190.393125,163.76624999999999,2026-03-02T09:15:00Z,2026-03-02T15:45:00Z,24.0,True,True
2026-03-03,4,81,46.300000000000004,198.57125,152.27124999999998,2026-03-03T09:45:00Z,2026-03-03T15:45:00Z,24.0,True,True
2026-03-04,4,81,9.289375,230.654375,221.36499999999998,2026-03-04T08:30:00Z,2026-03-04T15:45:00Z,24.0,True,True
2026-03-05,4,81,20.225,204.92125,184.69625,2026-03-05T09:45:00Z,2026-03-05T15:45:00Z,24.0,True,True
2026-03-06,4,81,0.0,159.60250000000002,159.60250000000002,2026-03-06T08:30:00Z,2026-03-06T16:45:00Z,24.0,True,True
2026-03-07,4,81,-1.2824999999999998,150.19125,151.47375,2026-03-07T08:45:00Z,2026-03-07T16:30:00Z,24.0,True,True
2026-03-08,4,81,-0.379375,152.409375,152.78875000000002,2026-03-08T09:30:00Z,2026-03-08T15:30:00Z,24.0,True,True
2026-03-09,4,81,11.094375000000001,212.786875,201.6925,2026-03-09T09:30:00Z,2026-03-09T16:30:00Z,24.0,True,True
2026-03-10,4,81,0.10250000000000001,208.9225,208.82000000000002,2026-03-10T09:30:00Z,2026-03-10T16:15:00Z,24.0,True,True
2026-03-11,4,81,0.0,206.330625,206.330625,2026-03-11T08:45:00Z,2026-03-11T16:30:00Z,24.0,True,True
2026-03-12,4,81,7.66375,236.41062499999998,228.746875,2026-03-12T09:30:00Z,2026-03-12T16:30:00Z,24.0,True,True
2026-03-13,4,81,0.51625,170.90312500000002,170.386875,2026-03-13T09:15:00Z,2026-03-13T15:45:00Z,24.0,True,True
2026-03-14,4,81,-3.58875,157.47000000000003,161.05875000000003,2026-03-14T09:15:00Z,2026-03-14T15:45:00Z,24.0,True,True
2026-03-15,4,81,0.004375,153.74375,153.739375,2026-03-15T09:30:00Z,2026-03-15T16:30:00Z,24.0,True,True
2026-03-16,4,81,22.26625,185.883125,163.616875,2026-03-16T08:30:00Z,2026-03-16T16:15:00Z,24.0,True,True
2026-03-17,4,81,100.373125,165.199375,64.82625,2026-03-17T08:30:00Z,2026-03-17T15:30:00Z,24.0,True,True
2026-03-18,4,81,9.616874999999999,139.671875,130.055,2026-03-18T09:30:00Z,2026-03-18T16:30:00Z,24.0,True,True
2026-03-19,4,81,19.19375,154.1475,134.95375,2026-03-19T09:30:00Z,2026-03-19T15:30:00Z,24.0,True,True
2026-03-20,4,81,69.16749999999999,179.15062500000002,109.98312500000003,2026-03-20T08:30:00Z,2026-03-20T16:15:00Z,24.0,True,True
2026-03-21,4,81,29.3025,163.65062500000002,134.348125,2026-03-21T08:15:00Z,2026-03-21T15:45:00Z,24.0,True,True
2026-03-22,4,81,1.0550000000000002,172.97750000000002,171.9225,2026-03-22T08:45:00Z,2026-03-22T18:00:00Z,24.0,True,True
2026-03-23,4,81,96.343125,238.37687499999998,142.03375,2026-03-23T08:15:00Z,2026-03-23T16:30:00Z,24.0,True,True
2026-03-24,4,81,28.165625,185.9525,157.78687499999998,2026-03-24T08:45:00Z,2026-03-24T15:45:00Z,24.0,True,True
2026-03-25,4,81,3.35625,179.734375,176.378125,2026-03-25T08:45:00Z,2026-03-25T16:15:00Z,24.0,True,True
2026-03-26,4,81,1.145625,140.54125,139.395625,2026-03-26T08:30:00Z,2026-03-26T16:15:00Z,24.0,True,True
2026-03-27,4,81,89.71,126.84812500000001,37.13812500000002,2026-03-27T09:30:00Z,2026-03-27T15:45:00Z,24.0,True,True
2026-03-28,4,81,7.745625,146.20250000000001,138.45687500000003,2026-03-28T09:30:00Z,2026-03-28T16:45:00Z,24.0,True,True
2026-03-29,4,77,16.05,120.296875,104.246875,2026-03-29T11:15:00Z,2026-03-29T16:30:00Z,23.0,True,True
2026-03-30,4,81,68.574375,198.641875,130.0675,2026-03-29T22:30:00Z,2026-03-30T16:15:00Z,24.0,True,True
2026-03-31,4,81,105.41812499999999,180.65312500000002,75.23500000000003,2026-03-30T23:15:00Z,2026-03-31T16:30:00Z,24.0,True,True
2026-04-01,4,81,123.43875,197.99687500000002,74.55812500000002,2026-04-01T10:15:00Z,2026-04-01T03:30:00Z,24.0,True,True
2026-04-02,4,81,111.35125000000001,173.27375,61.9225,2026-04-01T23:30:00Z,2026-04-02T15:45:00Z,24.0,True,True
2026-04-03,4,81,89.43374999999999,171.31812499999998,81.88437499999999,2026-04-03T10:15:00Z,2026-04-03T16:15:00Z,24.0,True,True
2026-04-04,4,81,0.060625,143.4475,143.386875,2026-04-04T10:15:00Z,2026-04-04T16:15:00Z,24.0,True,True
2026-04-05,4,81,-45.82875,120.3125,166.14125,2026-04-05T09:45:00Z,2026-04-05T16:30:00Z,24.0,True,True
2026-04-06,4,81,-23.416875,147.73749999999998,171.154375,2026-04-06T08:15:00Z,2026-04-06T16:30:00Z,24.0,True,True
2026-04-07,4,81,-3.304375,165.635625,168.94,2026-04-07T09:45:00Z,2026-04-07T15:45:00Z,24.0,True,True
2026-04-08,4,81,-6.1274999999999995,160.18375,166.31125,2026-04-08T09:15:00Z,2026-04-08T16:45:00Z,24.0,True,True
2026-04-09,4,81,-0.07,181.19375,181.26375,2026-04-09T09:30:00Z,2026-04-09T15:45:00Z,24.0,True,True
2026-04-10,4,81,42.36625,206.59937499999998,164.23312499999997,2026-04-10T07:30:00Z,2026-04-10T16:15:00Z,24.0,True,True
2026-04-11,4,81,-2.7262500000000003,157.65812499999998,160.38437499999998,2026-04-11T09:30:00Z,2026-04-11T16:30:00Z,24.0,True,True
2026-04-12,4,81,1.25875,139.53375,138.275,2026-04-12T10:30:00Z,2026-04-12T16:30:00Z,24.0,True,True
2026-04-13,4,81,1.8656249999999999,156.41875000000002,154.55312500000002,2026-04-13T09:00:00Z,2026-04-13T16:30:00Z,24.0,True,True
2026-04-14,4,81,113.173125,185.380625,72.20750000000001,2026-04-14T09:15:00Z,2026-04-14T16:15:00Z,24.0,True,True
2026-04-15,4,81,89.21937500000001,208.20999999999998,118.99062499999997,2026-04-15T09:45:00Z,2026-04-15T16:00:00Z,24.0,True,True
2026-04-16,4,81,60.161249999999995,187.73,127.56875,2026-04-16T09:30:00Z,2026-04-16T16:30:00Z,24.0,True,True
2026-04-17,4,81,11.06375,147.96,136.89625,2026-04-17T09:30:00Z,2026-04-17T16:30:00Z,24.0,True,True
2026-04-18,4,81,-3.6781249999999996,139.42937500000002,143.10750000000002,2026-04-18T08:30:00Z,2026-04-18T16:30:00Z,24.0,True,True
2026-04-19,4,81,-1.534375,145.966875,147.50125,2026-04-19T10:15:00Z,2026-04-19T16:30:00Z,24.0,True,True
2026-04-20,4,81,46.629374999999996,137.631875,91.00250000000001,2026-04-20T10:15:00Z,2026-04-20T16:15:00Z,24.0,True,True
2026-04-21,4,81,56.893125000000005,192.456875,135.56375,2026-04-21T08:30:00Z,2026-04-21T15:45:00Z,24.0,True,True
2026-04-22,4,81,41.09,212.08687500000002,170.99687500000002,2026-04-22T10:30:00Z,2026-04-22T15:30:00Z,24.0,True,True
2026-04-23,4,81,-0.995,180.17625,181.17125000000001,2026-04-23T09:15:00Z,2026-04-23T16:30:00Z,24.0,True,True
2026-04-24,4,81,-12.02625,206.489375,218.515625,2026-04-24T10:00:00Z,2026-04-24T16:30:00Z,24.0,True,True
2026-04-25,4,81,-50.196875,146.56375,196.760625,2026-04-25T09:45:00Z,2026-04-25T16:30:00Z,24.0,True,True
2026-04-26,4,81,-86.346875,112.401875,198.74875,2026-04-26T09:30:00Z,2026-04-26T16:45:00Z,24.0,True,True
2026-04-27,4,81,-0.27499999999999997,154.96125,155.23625,2026-04-27T09:15:00Z,2026-04-27T16:30:00Z,24.0,True,True
2026-04-28,4,81,0.00375,149.050625,149.046875,2026-04-28T09:00:00Z,2026-04-28T15:15:00Z,24.0,True,True
2026-04-29,4,81,16.18375,188.601875,172.418125,2026-04-29T09:30:00Z,2026-04-29T15:30:00Z,24.0,True,True
2026-04-30,4,81,0.7981250000000001,179.89687500000002,179.09875000000002,2026-04-30T10:15:00Z,2026-04-30T16:30:00Z,24.0,True,True
2026-05-01,4,81,0.0,220.60999999999999,220.60999999999999,2026-05-01T07:15:00Z,2026-05-01T16:45:00Z,24.0,True,True
2026-05-02,4,81,0.0,177.8025,177.8025,2026-05-02T07:30:00Z,2026-05-02T16:30:00Z,24.0,True,True
2026-05-03,4,81,-6.7225,140.54250000000002,147.26500000000001,2026-05-03T09:30:00Z,2026-05-03T16:30:00Z,24.0,True,True
2026-05-04,4,81,6.2925,225.516875,219.224375,2026-05-04T09:15:00Z,2026-05-04T16:30:00Z,24.0,True,True
2026-05-05,4,81,21.324375,198.581875,177.2575,2026-05-05T08:30:00Z,2026-05-05T15:45:00Z,24.0,True,True
2026-05-06,4,81,46.933125,180.34187500000002,133.40875000000003,2026-05-06T08:15:00Z,2026-05-06T17:00:00Z,24.0,True,True
2026-05-07,4,81,108.825625,184.43562500000002,75.61000000000001,2026-05-07T09:30:00Z,2026-05-07T16:30:00Z,24.0,True,True
2026-05-08,4,81,68.433125,240.451875,172.01875,2026-05-08T09:30:00Z,2026-05-08T17:00:00Z,24.0,True,True
2026-05-09,4,81,1.3287499999999999,225.44,224.11124999999998,2026-05-09T10:00:00Z,2026-05-08T21:00:00Z,24.0,True,True
2026-05-10,4,81,-0.005625,201.935625,201.94125,2026-05-10T08:15:00Z,2026-05-10T16:45:00Z,24.0,True,True
2026-05-11,4,81,107.19,176.674375,69.484375,2026-05-11T10:30:00Z,2026-05-11T15:30:00Z,24.0,True,True
2026-05-12,4,81,53.536875,216.64,163.10312499999998,2026-05-12T09:30:00Z,2026-05-12T15:30:00Z,24.0,True,True
2026-05-13,4,81,70.535625,232.41687499999998,161.88124999999997,2026-05-13T08:30:00Z,2026-05-13T16:30:00Z,24.0,True,True
2026-05-14,4,81,13.1425,219.99875,206.85625,2026-05-14T09:45:00Z,2026-05-14T16:30:00Z,24.0,True,True
2026-05-15,4,81,50.12375,156.454375,106.330625,2026-05-15T10:15:00Z,2026-05-15T16:45:00Z,24.0,True,True
2026-05-16,4,81,6.33625,132.33,125.99375,2026-05-16T10:30:00Z,2026-05-15T21:00:00Z,24.0,True,True
2026-05-17,4,81,1.095,156.771875,155.676875,2026-05-17T08:45:00Z,2026-05-17T15:45:00Z,24.0,True,True
2026-05-18,4,81,95.843125,224.126875,128.28375,2026-05-18T08:30:00Z,2026-05-18T16:30:00Z,24.0,True,True
2026-05-19,4,81,82.38,214.4025,132.0225,2026-05-19T08:45:00Z,2026-05-19T16:15:00Z,24.0,True,True
2026-05-20,4,81,23.440625,163.3125,139.871875,2026-05-20T07:45:00Z,2026-05-20T16:30:00Z,24.0,True,True
2026-05-21,4,81,11.571875,188.699375,177.1275,2026-05-21T09:30:00Z,2026-05-21T16:30:00Z,24.0,True,True
2026-05-22,4,81,0.49375,182.669375,182.175625,2026-05-22T09:15:00Z,2026-05-22T17:00:00Z,24.0,True,True
2026-05-23,4,81,-1.07375,148.72125,149.795,2026-05-23T10:30:00Z,2026-05-23T16:45:00Z,24.0,True,True
2026-05-24,4,81,-3.894375,145.11,149.004375,2026-05-24T08:30:00Z,2026-05-23T21:00:00Z,24.0,True,True
2026-05-25,4,81,2.956875,167.41750000000002,164.46062500000002,2026-05-25T07:30:00Z,2026-05-25T16:45:00Z,24.0,True,True
2026-05-26,4,81,0.164375,219.468125,219.30374999999998,2026-05-26T08:30:00Z,2026-05-26T16:30:00Z,24.0,True,True
2026-05-27,4,81,4.815625000000001,216.1775,211.361875,2026-05-27T08:15:00Z,2026-05-27T16:30:00Z,24.0,True,True
2026-05-28,4,81,0.0125,252.068125,252.05562500000002,2026-05-28T09:30:00Z,2026-05-28T16:45:00Z,24.0,True,True
2026-05-29,4,81,0.15187499999999998,196.26000000000002,196.10812500000003,2026-05-29T09:15:00Z,2026-05-29T17:00:00Z,24.0,True,True
2026-05-30,4,81,-0.385625,186.98749999999998,187.373125,2026-05-30T09:30:00Z,2026-05-30T16:30:00Z,24.0,True,True
2026-05-31,4,81,-0.006875,157.78375,157.790625,2026-05-31T09:15:00Z,2026-05-31T16:45:00Z,24.0,True,True
2026-06-01,4,81,94.103125,160.19187499999998,66.08874999999998,2026-06-01T10:15:00Z,2026-06-01T16:15:00Z,24.0,True,True
2026-06-02,4,81,74.27374999999999,157.2175,82.94375000000001,2026-06-02T07:30:00Z,2026-06-02T16:15:00Z,24.0,True,True
2026-06-03,4,81,69.06875,149.488125,80.419375,2026-06-03T10:30:00Z,2026-06-03T16:30:00Z,24.0,True,True
2026-06-04,4,81,13.855,177.005625,163.15062500000002,2026-06-04T07:45:00Z,2026-06-04T17:00:00Z,24.0,True,True
2026-06-05,4,81,42.973124999999996,169.72437499999998,126.75124999999998,2026-06-05T09:45:00Z,2026-06-05T16:45:00Z,24.0,True,True
2026-06-06,4,81,0.0025,140.516875,140.514375,2026-06-06T08:45:00Z,2026-06-05T21:00:00Z,24.0,True,True
2026-06-07,4,81,-18.323125,125.758125,144.08125,2026-06-07T08:45:00Z,2026-06-07T17:00:00Z,24.0,True,True
2026-06-08,4,81,46.498124999999995,192.513125,146.01500000000001,2026-06-08T07:30:00Z,2026-06-08T15:45:00Z,24.0,True,True
2026-06-09,4,81,41.28999999999999,188.403125,147.113125,2026-06-09T09:30:00Z,2026-06-09T16:30:00Z,24.0,True,True
2026-06-10,4,81,66.474375,183.391875,116.9175,2026-06-10T08:45:00Z,2026-06-10T16:15:00Z,24.0,True,True
2026-06-11,4,81,28.8675,156.93937499999998,128.07187499999998,2026-06-11T09:30:00Z,2026-06-11T16:30:00Z,24.0,True,True
2026-06-12,4,81,71.264375,136.51749999999998,65.25312499999998,2026-06-12T11:15:00Z,2026-06-11T21:00:00Z,24.0,True,True
2026-06-13,4,81,-36.203125,128.081875,164.285,2026-06-13T09:45:00Z,2026-06-13T16:45:00Z,24.0,True,True
2026-06-14,4,81,-18.078125,150.97125000000003,169.04937500000003,2026-06-14T09:45:00Z,2026-06-14T16:15:00Z,24.0,True,True
2026-06-15,4,81,5.952500000000001,166.603125,160.650625,2026-06-15T08:45:00Z,2026-06-15T15:30:00Z,24.0,True,True
2026-06-16,4,81,27.657500000000002,198.62875,170.97125,2026-06-16T08:30:00Z,2026-06-16T17:00:00Z,24.0,True,True
2026-06-17,4,81,60.765,178.070625,117.305625,2026-06-17T08:30:00Z,2026-06-17T16:15:00Z,24.0,True,True
2026-06-18,4,81,22.403125000000003,310.239375,287.83625,2026-06-18T07:30:00Z,2026-06-18T16:45:00Z,24.0,True,True
2026-06-19,4,81,10.4725,221.678125,211.205625,2026-06-19T07:15:00Z,2026-06-19T16:45:00Z,24.0,True,True
2026-06-20,4,81,-0.011250000000000001,214.11375,214.125,2026-06-20T09:00:00Z,2026-06-20T16:30:00Z,24.0,True,True
2026-06-21,4,81,-0.004375,157.60125,157.605625,2026-06-21T08:45:00Z,2026-06-21T17:00:00Z,24.0,True,True
2026-06-22,4,81,41.52,226.79749999999999,185.27749999999997,2026-06-22T09:30:00Z,2026-06-22T16:45:00Z,24.0,True,True
2026-06-23,4,81,68.34,409.85125,341.51125,2026-06-23T09:30:00Z,2026-06-23T16:45:00Z,24.0,True,True
2026-06-24,4,81,76.40125,511.435,435.03375,2026-06-24T08:15:00Z,2026-06-24T17:00:00Z,24.0,True,True
2026-06-25,4,81,44.953125,421.68312499999996,376.72999999999996,2026-06-25T09:30:00Z,2026-06-25T16:30:00Z,24.0,True,True
2026-06-26,4,81,53.11687500000001,370.20750000000004,317.09062500000005,2026-06-26T09:15:00Z,2026-06-26T16:30:00Z,24.0,True,True
2026-06-27,4,81,2.8081250000000004,311.43812499999996,308.62999999999994,2026-06-27T09:30:00Z,2026-06-27T16:30:00Z,24.0,True,True
2026-06-28,4,81,0.006875,211.33875000000003,211.33187500000003,2026-06-28T09:15:00Z,2026-06-28T16:45:00Z,24.0,True,True
2026-06-29,4,81,87.56187499999999,693.9175,606.355625,2026-06-29T09:30:00Z,2026-06-29T16:30:00Z,24.0,True,True
2026-06-30,4,81,102.999375,917.665,814.665625,2026-06-30T08:30:00Z,2026-06-30T16:15:00Z,24.0,True,True
2026-07-01,4,81,133.049375,515.954375,382.90500000000003,2026-07-01T07:30:00Z,2026-07-01T16:30:00Z,24.0,True,True
2026-07-02,4,81,82.805625,232.92874999999998,150.12312499999996,2026-07-02T06:30:00Z,2026-07-02T15:30:00Z,24.0,True,True
2026-07-03,4,81,10.5175,197.621875,187.10437499999998,2026-07-03T07:30:00Z,2026-07-03T16:15:00Z,24.0,True,True
2026-07-04,4,81,-0.049999999999999996,149.418125,149.46812500000001,2026-07-04T09:45:00Z,2026-07-04T17:00:00Z,24.0,True,True
2026-07-05,4,81,-0.005625,140.64499999999998,140.650625,2026-07-05T08:00:00Z,2026-07-05T16:30:00Z,24.0,True,True
2026-07-06,4,81,37.925625,175.53437499999998,137.60875,2026-07-06T10:15:00Z,2026-07-06T16:30:00Z,24.0,True,True
2026-07-07,4,81,18.008125,169.03125,151.023125,2026-07-07T09:15:00Z,2026-07-07T16:45:00Z,24.0,True,True
2026-07-08,4,81,68.140625,158.840625,90.69999999999999,2026-07-08T09:45:00Z,2026-07-08T02:45:00Z,24.0,True,True
2026-07-09,4,81,46.90125,189.544375,142.643125,2026-07-09T10:15:00Z,2026-07-09T16:45:00Z,24.0,True,True
2026-07-10,4,81,47.879999999999995,173.84125,125.96125,2026-07-10T09:45:00Z,2026-07-10T16:45:00Z,24.0,True,True
2026-07-11,4,81,0.048125,157.13625,157.088125,2026-07-11T09:15:00Z,2026-07-11T16:45:00Z,24.0,True,True
2026-07-12,4,81,-0.110625,141.985625,142.09625,2026-07-12T08:30:00Z,2026-07-12T17:00:00Z,24.0,True,True
2026-07-13,4,81,43.689375,172.571875,128.8825,2026-07-13T06:30:00Z,2026-07-13T16:30:00Z,24.0,True,True
2026-07-14,4,81,43.866875,179.649375,135.7825,2026-07-14T06:45:00Z,2026-07-14T16:30:00Z,24.0,True,True
2026-07-15,4,81,93.145625,231.54625,138.400625,2026-07-15T09:30:00Z,2026-07-15T16:15:00Z,24.0,True,True
2026-07-16,4,81,81.84625,255.99875,174.1525,2026-07-16T07:30:00Z,2026-07-16T16:45:00Z,24.0,True,True
2026-07-17,4,81,100.74375,242.51,141.76624999999999,2026-07-17T09:30:00Z,2026-07-17T16:30:00Z,24.0,True,True
2026-07-18,4,81,8.07,196.82,188.75,2026-07-18T08:30:00Z,2026-07-18T16:15:00Z,24.0,True,True
2026-07-19,4,81,1.6,151.29625,149.69625,2026-07-19T07:30:00Z,2026-07-19T16:15:00Z,24.0,True,True
2026-07-20,4,81,49.484375,185.888125,136.40375,2026-07-20T08:30:00Z,2026-07-20T16:15:00Z,24.0,True,True
2026-07-21,4,81,66.346875,189.7625,123.41562499999999,2026-07-21T10:15:00Z,2026-07-21T15:45:00Z,24.0,True,True
2026-07-22,4,81,49.269999999999996,177.21812500000001,127.94812500000002,2026-07-22T10:15:00Z,2026-07-22T16:45:00Z,24.0,True,True
2026-07-23,4,81,33.709375,182.64375,148.93437500000002,2026-07-23T06:45:00Z,2026-07-23T17:00:00Z,24.0,True,True
2026-07-24,4,81,28.34375,193.136875,164.793125,2026-07-24T10:15:00Z,2026-07-24T17:00:00Z,24.0,True,True
2026-07-25,4,81,-5.98625,167.48375,173.47,2026-07-25T09:00:00Z,2026-07-25T16:45:00Z,24.0,True,True
2026-07-26,4,81,-0.024999999999999998,158.643125,158.668125,2026-07-26T09:15:00Z,2026-07-26T16:30:00Z,24.0,True,True
2026-07-27,4,81,16.08625,170.18125,154.095,2026-07-27T10:15:00Z,2026-07-27T16:45:00Z,24.0,True,True
2026-07-28,4,81,7.59,209.22875,201.63875,2026-07-28T06:30:00Z,2026-07-28T16:30:00Z,24.0,True,True
2026-07-29,4,81,17.323125,240.03437499999998,222.71124999999998,2026-07-29T09:15:00Z,2026-07-29T16:45:00Z,24.0,True,True
2026-07-30,4,81,23.65125,243.753125,220.101875,2026-07-30T09:15:00Z,2026-07-30T16:30:00Z,24.0,True,True
2026-07-31,4,81,89.384375,236.27937500000002,146.895,2026-07-31T08:30:00Z,2026-07-31T16:30:00Z,24.0,True,True
2026-08-01,4,81,18.228125,197.925625,179.6975,2026-08-01T09:45:00Z,2026-08-01T15:45:00Z,24.0,True,True
2026-08-02,4,81,2.759375,210.184375,207.42499999999998,2026-08-02T08:15:00Z,2026-08-02T16:45:00Z,24.0,True,True
2026-08-03,4,81,66.855,344.9975,278.1425,2026-08-03T07:45:00Z,2026-08-03T15:45:00Z,24.0,True,True
2026-08-04,4,81,86.558125,360.318125,273.76,2026-08-04T09:30:00Z,2026-08-04T16:30:00Z,24.0,True,True
2026-08-05,4,81,77.804375,313.995,236.190625,2026-08-05T08:15:00Z,2026-08-05T15:30:00Z,24.0,True,True
2026-08-06,4,81,108.04875,301.5725,193.52375,2026-08-06T07:30:00Z,2026-08-06T15:30:00Z,24.0,True,True
2026-08-07,4,81,100.47125,234.50500000000002,134.03375000000003,2026-08-07T08:15:00Z,2026-08-07T15:45:00Z,24.0,True,True
2026-08-08,4,81,10.343125,182.30875,171.965625,2026-08-08T07:45:00Z,2026-08-08T16:30:00Z,24.0,True,True
2026-08-09,4,81,-0.014375,177.53312499999998,177.54749999999999,2026-08-09T08:45:00Z,2026-08-09T16:45:00Z,24.0,True,True
2026-08-10,4,81,88.135,245.2025,157.0675,2026-08-10T09:30:00Z,2026-08-10T15:45:00Z,24.0,True,True
2026-08-11,4,81,62.470625,230.388125,167.91750000000002,2026-08-11T08:30:00Z,2026-08-11T15:45:00Z,24.0,True,True
2026-08-12,4,81,35.677499999999995,257.81687500000004,222.13937500000003,2026-08-12T07:30:00Z,2026-08-12T16:30:00Z,24.0,True,True
2026-08-13,4,81,96.05,291.04499999999996,194.99499999999995,2026-08-13T08:45:00Z,2026-08-13T16:45:00Z,24.0,True,True
2026-08-14,4,81,41.097500000000004,235.699375,194.601875,2026-08-14T09:30:00Z,2026-08-14T16:45:00Z,24.0,True,True
2026-08-15,4,81,5.57375,182.179375,176.605625,2026-08-15T09:30:00Z,2026-08-15T16:45:00Z,24.0,True,True
2026-08-16,4,81,40.501250000000006,200.049375,159.548125,2026-08-16T09:15:00Z,2026-08-16T17:00:00Z,24.0,True,True
2026-08-17,4,81,124.81812500000001,221.47375000000002,96.65562500000001,2026-08-17T07:15:00Z,2026-08-17T15:30:00Z,24.0,True,True
2026-08-18,4,81,133.85,204.055,70.20500000000001,2026-08-18T09:30:00Z,2026-08-18T16:30:00Z,24.0,True,True
2026-08-19,4,81,129.63,211.024375,81.394375,2026-08-19T10:30:00Z,2026-08-19T16:15:00Z,24.0,True,True
2026-08-20,4,81,110.0175,204.53687499999998,94.51937499999998,2026-08-20T09:30:00Z,2026-08-20T15:45:00Z,24.0,True,True
2026-08-21,4,81,112.948125,216.511875,103.56375,2026-08-21T08:30:00Z,2026-08-21T15:30:00Z,24.0,True,True
2026-08-22,4,81,1.4068749999999999,196.204375,194.79749999999999,2026-08-22T09:45:00Z,2026-08-22T17:00:00Z,24.0,True,True
2026-08-23,4,81,1.640625,191.48499999999999,189.84437499999999,2026-08-23T07:15:00Z,2026-08-23T15:45:00Z,24.0,True,True
2026-08-24,4,81,92.17875000000001,240.915,148.73624999999998,2026-08-24T09:15:00Z,2026-08-24T16:30:00Z,24.0,True,True
2026-08-25,4,81,122.41250000000001,220.985625,98.57312499999999,2026-08-25T08:30:00Z,2026-08-25T15:30:00Z,24.0,True,True
2026-08-26,4,81,130.069375,241.25875,111.18937499999998,2026-08-26T08:15:00Z,2026-08-26T16:45:00Z,24.0,True,True
2026-08-27,4,81,94.558125,244.75625,150.198125,2026-08-27T08:45:00Z,2026-08-27T16:00:00Z,24.0,True,True
2026-08-28,4,81,72.58125,213.7325,141.15125,2026-08-28T08:15:00Z,2026-08-28T16:30:00Z,24.0,True,True
2026-08-29,4,81,10.169375,211.39000000000001,201.220625,2026-08-29T09:30:00Z,2026-08-29T15:30:00Z,24.0,True,True
2026-08-30,4,81,0.000625,212.34437499999999,212.34374999999997,2026-08-30T09:30:00Z,2026-08-30T15:45:00Z,24.0,True,True
2026-08-31,4,81,84.424375,255.291875,170.8675,2026-08-31T09:30:00Z,2026-08-31T16:15:00Z,24.0,True,True
