month,source_local_hour_end_label,consumption_mw,production_mw,coal_mw,hydrocarbons_mw,hydro_mw,nuclear_mw,balance_mw,wind_mw,solar_mw,bio_mw,storage_mw,scada_residual_consumption_minus_wind_solar_mw,native_row_count,consumption_mw_valid_count,production_mw_valid_count,coal_mw_valid_count,hydrocarbons_mw_valid_count,hydro_mw_valid_count,nuclear_mw_valid_count,balance_mw_valid_count,wind_mw_valid_count,solar_mw_valid_count,bio_mw_valid_count,storage_mw_valid_count,scada_residual_consumption_minus_wind_solar_mw_valid_count
2025-01,01,5958.625580645162,5825.525774193548,855.0656129032258,1675.0734516129032,1091.1082580645161,1382.1457741935485,133.0998064516129,765.802806451613,0.0,49.526806451612906,6.803064516129033,5192.822774193548,31,31,31,31,31,31,31,31,31,31,31,31,31
2025-01,02,5759.437290322581,5691.2734838709675,833.7201290322581,1679.175741935484,985.22,1382.8996451612904,68.16380645161291,756.3274838709679,0.0,49.23554838709677,4.694935483870968,5003.109806451614,31,31,31,31,31,31,31,31,31,31,31,31,31
2025-01,03,5639.317967741936,5654.130741935484,832.7060967741936,1675.985935483871,970.7895161290323,1384.2311290322582,-14.812774193548377,737.3610322580645,0.0,49.51664516129033,3.540387096774194,4901.956935483871,31,31,31,31,31,31,31,31,31,31,31,31,31
2025-01,04,5583.159193548387,5615.060161290323,833.6782580645162,1666.8659677419355,959.9286129032258,1384.5709032258067,-31.900967741935478,716.7187096774194,0.0,49.30574193548387,3.991967741935484,4866.440483870969,31,31,31,31,31,31,31,31,31,31,31,31,31
2025-01,05,5625.023032258065,5584.723612903226,832.102,1665.4846451612905,952.4468064516129,1384.8243225806452,40.299419354838726,694.8105483870968,0.0,49.314258064516125,5.741032258064516,4930.212483870968,31,31,31,31,31,31,31,31,31,31,31,31,31
2025-01,06,5807.9635161290325,5589.736096774194,832.8572580645161,1664.854870967742,983.5437741935484,1385.0386129032258,218.22741935483867,669.3530967741935,0.0,50.31858064516129,3.7699032258064515,5138.610419354839,31,31,31,31,31,31,31,31,31,31,31,31,31
2025-01,07,6253.772870967742,5606.166193548387,846.9329677419356,1654.6798709677419,1009.8922580645161,1385.2058387096774,647.6066774193548,653.5196774193548,0.0,50.8891935483871,5.046387096774194,5600.253193548388,31,31,31,31,31,31,31,31,31,31,31,31,31
2025-01,08,6862.34670967742,5821.406258064517,889.1994516129032,1680.5646451612904,1161.808677419355,1385.2263225806453,1040.9404516129032,641.3063870967743,0.004451612903225806,51.13916129032258,12.15716129032258,6221.035870967743,31,31,31,31,31,31,31,31,31,31,31,31,31
2025-01,09,7244.579870967743,5923.036548387096,898.1781612903226,1692.7483548387097,1196.505129032258,1385.2996451612905,1321.5433225806453,642.6254516129032,37.67077419354839,51.690516129032254,18.318516129032258,6564.28364516129,31,31,31,31,31,31,31,31,31,31,31,31,31
2025-01,10,7264.741225806451,6045.5142258064525,902.2995161290322,1694.479741935484,1201.6467419354838,1367.7862258064515,1219.227,617.1276451612903,194.07883870967743,51.75545161290323,16.340064516129033,6453.534741935485,31,31,31,31,31,31,31,31,31,31,31,31,31
2025-01,11,7009.21535483871,6104.828064516129,882.5368064516128,1673.649806451613,1204.2777741935483,1360.4873225806452,904.3872903225807,559.8658387096774,363.394935483871,51.15216129032258,9.46341935483871,6085.9545806451615,31,31,31,31,31,31,31,31,31,31,31,31,31
2025-01,12,6741.883870967743,6100.599193548387,868.7053225806452,1643.7411935483872,1152.2274193548387,1364.2291290322582,641.2846774193548,529.353935483871,485.7452580645162,50.88267741935484,5.7142580645161285,5726.784677419355,31,31,31,31,31,31,31,31,31,31,31,31,31
2025-01,13,6563.821935483871,6097.787193548388,864.043935483871,1623.3214516129033,1129.2290967741935,1361.920612903226,466.0347419354839,515.3549677419355,544.1487741935484,50.27264516129032,9.495709677419356,5504.318193548387,31,31,31,31,31,31,31,31,31,31,31,31,31
2025-01,14,6552.440290322581,6080.1121612903235,862.0143225806452,1616.289741935484,1127.736,1366.230129032258,472.32812903225806,522.388,526.4621290322581,50.98112903225806,8.010709677419355,5503.590161290323,31,31,31,31,31,31,31,31,31,31,31,31,31
2025-01,15,6610.754838709678,6024.099032258065,865.0818064516129,1622.4874516129034,1152.372129032258,1360.1366451612903,586.655806451613,532.8547096774194,435.40948387096773,50.90064516129033,4.85616129032258,5642.49064516129,31,31,31,31,31,31,31,31,31,31,31,31,31
2025-01,16,6837.96070967742,5930.84070967742,882.1977741935484,1629.495677419355,1193.436612903226,1364.6263548387096,907.12,552.9081290322581,250.7658387096774,51.14329032258065,6.267032258064516,6034.286741935484,31,31,31,31,31,31,31,31,31,31,31,31,31
2025-01,17,7203.93535483871,5901.3188064516125,901.0016451612903,1657.6231935483872,1235.1937741935483,1368.5880645161292,1302.6165483870968,616.723806451613,65.2431935483871,51.15235483870968,5.792774193548387,6521.968354838709,31,31,31,31,31,31,31,31,31,31,31,31,31
2025-01,18,7694.867193548387,6018.940903225806,927.8441612903226,1685.3197741935485,1284.2021935483872,1372.9192903225805,1675.9262903225808,678.578870967742,2.023483870967742,52.267806451612906,15.785322580645163,7014.264838709678,31,31,31,31,31,31,31,31,31,31,31,31,31
2025-01,19,7862.082,6224.2499677419355,935.288870967742,1699.1227096774194,1385.339064516129,1379.9664516129033,1637.8320322580644,748.0524516129033,0.06264516129032258,52.7653870967742,23.652387096774195,7113.966903225807,31,31,31,31,31,31,31,31,31,31,31,31,31
2025-01,20,7784.322451612904,6304.816129032259,933.9863548387098,1693.6611935483872,1435.9872903225807,1379.9704193548387,1479.5063225806452,789.9620967741936,0.0,53.09270967741936,18.156064516129035,6994.36035483871,31,31,31,31,31,31,31,31,31,31,31,31,31
2025-01,21,7597.597935483872,6309.354258064517,929.9744193548388,1700.0248387096776,1421.8733225806452,1379.975870967742,1288.243677419355,815.012129032258,0.0,52.75109677419355,9.74258064516129,6782.585806451613,31,31,31,31,31,31,31,31,31,31,31,31,31
2025-01,22,7235.940419354839,6247.560193548387,909.0005806451613,1691.4647741935485,1393.3281935483872,1379.9150967741937,988.3802258064517,815.5041612903226,0.0,52.45077419354839,5.896612903225807,6420.436258064517,31,31,31,31,31,31,31,31,31,31,31,31,31
2025-01,23,6709.288516129033,6125.82970967742,880.6793225806452,1675.6608387096776,1330.4946774193547,1380.2472580645162,583.458806451613,803.5259677419355,0.0,51.420677419354845,3.8009677419354837,5905.762548387098,31,31,31,31,31,31,31,31,31,31,31,31,31
2025-01,24,6271.241870967742,5902.305225806452,871.0127096774194,1679.5299677419357,1139.244,1381.0847419354839,368.9366451612903,775.1860967741935,0.0,50.42683870967742,5.820870967741936,5496.055774193549,31,31,31,31,31,31,31,31,31,31,31,31,31
2025-02,01,6378.489071428572,6037.068607142857,1146.5119285714286,1571.9318214285715,1127.6846428571428,1376.7290714285714,341.42046428571433,739.8116785714285,-0.12285714285714286,66.25382142857143,8.2685,5638.80025,28,28,28,28,28,28,28,28,28,28,28,28,28
2025-02,02,6174.858964285714,5918.482142857143,1127.0868928571429,1564.3070000000002,1032.237607142857,1378.6989285714285,256.3768214285714,748.1202142857144,-0.12932142857142856,66.01021428571428,2.150607142857143,5426.868071428572,28,28,28,28,28,28,28,28,28,28,28,28,28
2025-02,03,6061.087285714287,5919.146071428572,1123.922,1566.1077142857143,1017.2520357142857,1379.6354285714285,141.9412142857143,761.9033928571428,-0.13160714285714287,65.64039285714286,4.816714285714285,5299.3155,28,28,28,28,28,28,28,28,28,28,28,28,28
2025-02,04,6014.634821428573,5918.729892857143,1118.0227857142856,1569.2461428571428,1017.07025,1379.9507142857144,95.90492857142858,765.6460714285714,-0.13489285714285715,65.77846428571429,3.1503571428571426,5249.123642857143,28,28,28,28,28,28,28,28,28,28,28,28,28
2025-02,05,6075.491857142857,5918.480035714287,1119.4036785714286,1559.7690714285714,1020.1588928571429,1380.3420714285714,157.01182142857144,770.5134285714286,-0.13378571428571429,65.78189285714286,2.6447857142857143,5305.112214285714,28,28,28,28,28,28,28,28,28,28,28,28,28
2025-02,06,6282.424821428572,5934.529750000001,1124.5544642857144,1530.0714285714287,1039.422,1380.7539285714286,347.89507142857144,789.7898571428572,-0.13582142857142857,66.08821428571429,3.985678571428572,5492.770785714286,28,28,28,28,28,28,28,28,28,28,28,28,28
2025-02,07,6777.890428571429,5979.739428571428,1134.68575,1516.2439642857141,1070.86225,1380.9290714285714,798.151,797.5139642857142,-0.02946428571428572,65.73296428571429,13.800928571428571,5980.405928571429,28,28,28,28,28,28,28,28,28,28,28,28,28
2025-02,08,7423.810571428571,6227.985285714286,1178.1923571428572,1534.97925,1229.50825,1380.3120357142857,1195.8252857142857,804.8402500000001,12.37257142857143,65.58014285714286,22.200428571428574,6606.597750000001,28,28,28,28,28,28,28,28,28,28,28,28,28
2025-02,09,7831.752678571429,6437.114035714286,1188.193,1552.9537500000001,1287.5198214285715,1378.8504285714284,1394.638642857143,778.7457142857144,147.46646428571427,65.99728571428571,37.387571428571434,6905.5405,28,28,28,28,28,28,28,28,28,28,28,28,28
2025-02,10,7788.886214285715,6561.018857142857,1177.202392857143,1536.3547857142858,1293.734392857143,1357.0707857142859,1227.8673571428571,723.1305357142857,377.2930714285714,65.94310714285714,30.289785714285717,6688.462607142857,28,28,28,28,28,28,28,28,28,28,28,28,28
2025-02,11,7509.7132142857145,6693.98775,1143.3430714285714,1517.225142857143,1286.7842500000002,1353.7495714285712,815.7254642857143,740.3749642857143,575.5098571428572,65.42846428571428,11.572428571428572,6193.828392857143,28,28,28,28,28,28,28,28,28,28,28,28,28
2025-02,12,7206.781142857143,6790.9091071428575,1125.2003214285714,1505.4772142857144,1248.582892857143,1359.6305357142858,415.87203571428574,772.3089285714286,705.401,65.55385714285714,8.754357142857144,5729.071214285715,28,28,28,28,28,28,28,28,28,28,28,28,28
2025-02,13,7029.640821428571,6803.912964285715,1120.4136428571428,1494.71625,1211.042857142857,1356.361607142857,225.72785714285718,776.8110714285714,770.8981785714286,65.44382142857144,8.225535714285714,5481.931571428571,28,28,28,28,28,28,28,28,28,28,28,28,28
2025-02,14,7013.451142857143,6787.388214285714,1118.7482142857143,1484.6007142857143,1209.4293214285715,1361.0931428571428,226.06292857142859,774.1803214285713,763.2648214285715,65.65635714285715,10.41532142857143,5476.006,28,28,28,28,28,28,28,28,28,28,28,28,28
2025-02,15,6992.649857142857,6726.17092857143,1132.0887857142857,1499.6777857142858,1216.6904285714286,1349.9617857142857,266.4789285714286,773.2150357142857,680.4840357142857,65.46189285714286,8.591178571428571,5538.950785714286,28,28,28,28,28,28,28,28,28,28,28,28,28
2025-02,16,7133.770785714286,6580.178357142858,1140.059142857143,1508.1235,1222.7000714285714,1359.5538571428572,553.5924285714286,768.2478928571428,503.8122142857143,66.05964285714286,11.622035714285714,5861.710678571429,28,28,28,28,28,28,28,28,28,28,28,28,28
2025-02,17,7480.1981428571435,6365.0343571428575,1170.7848571428572,1515.0164285714286,1245.961142857143,1361.796,1115.1637857142857,737.9591428571429,250.15260714285714,66.20475,17.15942857142857,6492.0863928571425,28,28,28,28,28,28,28,28,28,28,28,28,28
2025-02,18,7914.256785714286,6297.346642857143,1208.1218214285714,1559.0066428571429,1301.8705357142858,1365.6000357142857,1616.910142857143,726.0852142857142,44.62092857142857,66.78707142857142,25.254392857142857,7143.550642857143,28,28,28,28,28,28,28,28,28,28,28,28,28
2025-02,19,8346.126321428572,6479.139571428573,1230.486035714286,1590.7666785714287,1434.443642857143,1372.5612500000002,1866.98675,743.7927857142857,0.7138928571428572,67.39207142857143,38.98321428571428,7601.619642857143,28,28,28,28,28,28,28,28,28,28,28,28,28
2025-02,20,8358.85417857143,6550.975071428571,1232.9079285714286,1597.2011785714287,1495.6200357142857,1372.532857142857,1807.8791071428573,749.6750357142857,0.16825,67.49125000000001,35.37853571428572,7609.0108928571435,28,28,28,28,28,28,28,28,28,28,28,28,28
2025-02,21,8168.735535714286,6515.521464285715,1226.4841785714286,1593.56025,1477.880035714286,1372.5646428571429,1653.2140714285713,760.0589642857143,-0.1115,67.08025,18.00464285714286,7408.788071428571,28,28,28,28,28,28,28,28,28,28,28,28,28
2025-02,22,7765.762642857144,6448.620464285715,1210.205392857143,1582.8643214285714,1437.6996785714286,1373.1877857142858,1317.1421785714285,766.8301428571428,-0.10078571428571428,67.12364285714285,10.810285714285714,6999.033285714286,28,28,28,28,28,28,28,28,28,28,28,28,28
2025-02,23,7187.21225,6344.474607142858,1187.5654285714286,1567.8816428571429,1367.6822857142856,1374.3068928571429,842.737642857143,767.8445,-0.11332142857142857,67.25250000000001,12.054678571428571,6419.481071428571,28,28,28,28,28,28,28,28,28,28,28,28,28
2025-02,24,6700.599107142858,6112.870107142858,1168.8523571428573,1563.0547142857142,1159.2121071428571,1374.8310000000001,587.729,765.7534285714286,-0.11928571428571429,67.31010714285715,13.975678571428572,5934.964964285714,28,28,28,28,28,28,28,28,28,28,28,28,28
2025-03,01,5748.058741935483,5739.093161290323,836.0866129032258,1221.6840322580645,1294.0516129032258,1371.7649032258064,8.965580645161287,944.5763870967742,0.0,65.82270967741935,5.106903225806452,4803.48235483871,31,31,31,31,31,31,31,31,31,31,31,31,31
2025-03,02,5569.6013225806455,5607.495451612903,824.2522903225806,1202.0904193548388,1203.865741935484,1374.024258064516,-37.89412903225807,934.4484193548387,0.0,66.0061935483871,2.8081290322580648,4635.152903225806,31,31,31,31,31,31,31,31,31,31,31,31,31
2025-03,03,5471.177766666667,5590.806100000001,812.8225666666666,1210.4182333333333,1176.1816000000001,1375.3126,-119.62833333333334,947.0123666666666,0.0,65.98736666666667,3.071366666666667,4524.1654,30,30,30,30,30,30,30,30,30,30,30,30,30
2025-03,04,5428.871193548387,5506.118677419355,813.6620322580645,1190.5581612903227,1176.3153870967742,1375.4347741935485,-77.24748387096776,878.5823548387096,0.0,66.00851612903226,5.557451612903226,4550.288838709678,31,31,31,31,31,31,31,31,31,31,31,31,31
2025-03,05,5482.575000000001,5483.5489032258065,815.0391612903226,1191.6366129032258,1179.0060322580644,1375.6324516129032,-0.9739032258064673,849.9758064516129,0.0,65.35819354838709,6.900645161290323,4632.599193548387,31,31,31,31,31,31,31,31,31,31,31,31,31
2025-03,06,5665.622677419356,5490.381741935484,819.957,1191.8656774193548,1206.9200967741936,1375.6634516129034,175.240935483871,825.9237741935484,0.0,65.60245161290324,4.449290322580645,4839.698903225806,31,31,31,31,31,31,31,31,31,31,31,31,31
2025-03,07,6035.548548387097,5517.538225806452,820.3470967741936,1185.4169032258064,1253.8448387096776,1375.8098387096775,518.0103225806452,803.0529677419356,2.872290322580645,66.0298064516129,10.164483870967741,5229.623290322581,31,31,31,31,31,31,31,31,31,31,31,31,31
2025-03,08,6493.050935483871,5826.078580645162,830.200064516129,1190.234677419355,1455.1329677419355,1375.865258064516,666.9723548387096,770.1031935483871,108.63596774193549,65.55674193548387,30.349709677419355,5614.311774193548,31,31,31,31,31,31,31,31,31,31,31,31,31
2025-03,09,6624.541451612903,5993.749870967742,831.532129032258,1168.5305161290323,1466.8220967741936,1373.2921935483873,630.7915806451613,694.2011612903226,363.77961290322577,65.30661290322581,30.285548387096778,5566.560677419355,31,31,31,31,31,31,31,31,31,31,31,31,31
2025-03,10,6440.919,6011.869000000001,803.840064516129,1138.624193548387,1378.831129032258,1354.6318387096774,429.04999999999995,636.2222258064517,618.507064516129,64.35851612903225,16.85396774193548,5186.189709677419,31,31,31,31,31,31,31,31,31,31,31,31,31
2025-03,11,6117.827967741936,6111.546451612903,793.5701290322581,1115.5656129032259,1318.6808387096773,1346.9561612903226,6.281516129032253,641.8912903225806,816.9229677419355,63.57561290322581,14.38383870967742,4659.01370967742,31,31,31,31,31,31,31,31,31,31,31,31,31
2025-03,12,5850.245774193549,6152.611838709678,786.0742258064516,1103.3725806451614,1224.7687419354838,1354.7735161290323,-302.36606451612903,681.4771935483872,930.6763870967742,63.68267741935484,7.786516129032258,4238.0921935483875,31,31,31,31,31,31,31,31,31,31,31,31,31
2025-03,13,5691.990161290323,6140.478774193549,772.935935483871,1104.758935483871,1169.188387096774,1348.7946451612902,-448.4886129032258,696.8632580645162,974.7674516129033,62.965967741935486,10.204193548387096,4020.3594516129037,31,31,31,31,31,31,31,31,31,31,31,31,31
2025-03,14,5698.209935483871,6105.02070967742,773.1560322580646,1106.8871935483871,1154.5182903225807,1358.2133548387096,-406.8107741935484,696.2054193548388,943.5324516129033,63.60580645161291,8.902161290322582,4058.472064516129,31,31,31,31,31,31,31,31,31,31,31,31,31
2025-03,15,5742.872838709678,5995.166,777.4653225806452,1105.695806451613,1174.1460322580647,1345.7900967741937,-252.29316129032256,691.7472580645161,829.8558709677419,63.92480645161291,6.540806451612903,4221.269709677419,31,31,31,31,31,31,31,31,31,31,31,31,31
2025-03,16,5910.69670967742,5922.715451612903,789.1532580645161,1113.9555806451613,1238.5063870967742,1355.04635483871,-12.018741935483876,689.4837741935485,663.2411935483871,64.17009677419355,9.158806451612904,4557.971741935484,31,31,31,31,31,31,31,31,31,31,31,31,31
2025-03,17,6254.7319032258065,5869.710258064517,811.1542258064516,1132.301870967742,1380.5845483870967,1356.4522258064517,385.02164516129034,707.4663870967742,407.11103225806454,64.07664516129033,10.563322580645162,5140.154483870969,31,31,31,31,31,31,31,31,31,31,31,31,31
2025-03,18,6690.966322580645,5864.138354838709,835.9640967741935,1164.503806451613,1502.403806451613,1360.3820967741935,826.8279677419355,775.736064516129,152.57964516129033,64.02548387096775,8.543354838709677,5762.650612903226,31,31,31,31,31,31,31,31,31,31,31,31,31
2025-03,19,7172.025806451614,6041.489451612903,853.2232258064516,1195.8974516129033,1662.420806451613,1368.457741935484,1130.5363548387097,856.1736451612903,15.781032258064515,65.1611935483871,24.374354838709678,6300.071129032259,31,31,31,31,31,31,31,31,31,31,31,31,31
2025-03,20,7527.851064516129,6273.640032258065,870.3585483870968,1221.6299032258064,1762.1013225806453,1368.6447741935483,1254.2110322580645,949.2524193548387,0.772258064516129,65.41980645161291,35.461,6577.826387096775,31,31,31,31,31,31,31,31,31,31,31,31,31
2025-03,21,7453.349290322581,6298.42335483871,874.6302580645162,1228.2516451612903,1761.3651612903225,1369.5040645161291,1154.925935483871,968.0095483870969,0.0,65.4904193548387,31.17225806451613,6485.339741935484,31,31,31,31,31,31,31,31,31,31,31,31,31
2025-03,22,7094.476677419355,6222.561645161291,870.1517741935485,1221.171870967742,1736.9683870967742,1369.9620967741937,871.9150322580646,942.6850967741935,0.0,65.68158064516129,15.940838709677418,6151.791580645162,31,31,31,31,31,31,31,31,31,31,31,31,31
2025-03,23,6528.1355483870975,6065.6468387096775,847.3860322580646,1201.8893548387098,1642.5593870967741,1368.609870967742,462.4887096774194,931.6469032258065,0.00029032258064516127,66.24251612903225,7.312483870967743,5596.48835483871,31,31,31,31,31,31,31,31,31,31,31,31,31
2025-03,24,6036.3695161290325,5811.440677419356,840.1717741935485,1197.9844193548388,1393.2120967741937,1369.628258064516,224.92883870967742,936.4769677419355,0.0,66.38412903225806,7.583032258064517,5099.892548387097,31,31,31,31,31,31,31,31,31,31,31,31,31
2025-04,01,5567.189666666667,4893.2131,675.8237666666666,468.15940000000006,1547.2455,1372.8033,673.9765666666666,778.6919,0.0,43.86356666666667,6.625666666666667,4788.497766666667,30,30,30,30,30,30,30,30,30,30,30,30,30
2025-04,02,5337.553966666667,4641.876,643.1709333333333,457.4902,1375.1431666666665,1374.0846,695.6779666666666,743.6357333333333,0.0,43.74336666666667,4.6080000000000005,4593.918233333333,30,30,30,30,30,30,30,30,30,30,30,30,30
2025-04,03,5206.9542666666675,4596.424333333333,640.9426666666667,455.3792,1364.2657666666667,1374.4036666666666,610.5299333333334,711.3581,0.0,43.32116666666666,6.7537666666666665,4495.596166666667,30,30,30,30,30,30,30,30,30,30,30,30,30
2025-04,04,5153.847166666667,4577.929633333333,642.6822666666667,455.11043333333333,1351.0806333333335,1374.6585,575.9175333333334,707.2585666666668,0.0,43.51466666666667,3.624566666666667,4446.5886,30,30,30,30,30,30,30,30,30,30,30,30,30
2025-04,05,5192.9877,4578.471166666667,644.1408,455.8094333333333,1348.849,1375.1123666666667,614.5165333333333,709.5755666666666,0.0,43.4036,1.5804000000000002,4483.412133333333,30,30,30,30,30,30,30,30,30,30,30,30,30
2025-04,06,5342.672566666666,4621.985933333333,645.0061333333334,455.07596666666666,1368.512,1375.8001666666669,720.6866333333334,731.5194,0.0,43.66446666666666,2.4078,4611.153166666667,30,30,30,30,30,30,30,30,30,30,30,30,30
2025-04,07,5623.566733333334,4697.660366666667,647.2155,457.8066,1424.2500333333335,1375.8510333333334,925.9063666666666,732.7092666666667,2.865866666666667,44.128433333333334,12.833633333333333,4887.9916,30,30,30,30,30,30,30,30,30,30,30,30,30
2025-04,08,6039.401833333334,5095.617933333333,668.6173333333334,463.6736666666667,1734.1758000000002,1375.5500333333334,943.7839,688.7378666666667,85.49273333333333,44.99686666666666,34.37363333333334,5265.1712333333335,30,30,30,30,30,30,30,30,30,30,30,30,30
2025-04,09,6188.029100000001,5324.474833333335,670.0985999999999,463.9061666666667,1793.4855333333333,1375.1654666666666,863.5542666666666,614.3218666666668,325.2033666666667,45.288900000000005,37.00493333333334,5248.503866666667,30,30,30,30,30,30,30,30,30,30,30,30,30
2025-04,10,6000.904833333334,5472.105500000001,655.6346666666667,451.2626,1733.7406666666668,1352.9263333333333,528.7993333333333,600.5244333333334,607.7893333333334,44.67166666666667,25.5558,4792.591066666666,30,30,30,30,30,30,30,30,30,30,30,30,30
2025-04,11,5674.531800000001,5539.702833333334,633.5671,423.4816666666667,1608.5464333333334,1344.7454333333335,134.82896666666667,628.8671666666667,841.0238333333333,43.956133333333334,15.515066666666666,4204.6408,30,30,30,30,30,30,30,30,30,30,30,30,30
2025-04,12,5372.344366666667,5561.8376333333335,618.0003,408.3893,1485.2635,1352.5559,-189.49326666666667,650.6115333333333,988.7161,44.30626666666667,13.994733333333334,3733.0167333333334,30,30,30,30,30,30,30,30,30,30,30,30,30
2025-04,13,5215.247600000001,5517.960300000001,614.4784999999999,398.03613333333334,1416.0993,1353.3935,-302.7127,678.3219,1001.0791,44.3444,12.207466666666669,3535.8466,30,30,30,30,30,30,30,30,30,30,30,30,30
2025-04,14,5187.716066666667,5429.3133,607.6874000000001,395.17699999999996,1324.0910333333334,1355.2646666666667,-241.59723333333335,694.107,1001.1991333333334,43.901500000000006,7.885566666666667,3492.4099333333334,30,30,30,30,30,30,30,30,30,30,30,30,30
2025-04,15,5154.434033333334,5362.6632,602.3524333333334,398.13446666666664,1300.9005333333334,1358.6849333333334,-208.22916666666666,697.4348000000001,955.6408,43.52833333333333,5.9869,3501.358433333334,30,30,30,30,30,30,30,30,30,30,30,30,30
2025-04,16,5204.922933333333,5311.933,607.7599666666666,402.2388666666667,1311.9553666666666,1358.8737666666668,-107.01006666666667,707.0183333333334,872.4114666666667,43.816966666666666,7.858266666666666,3625.493133333334,30,30,30,30,30,30,30,30,30,30,30,30,30
2025-04,17,5397.967900000001,5306.018366666667,622.2002333333334,411.4157333333333,1402.9779333333333,1356.9900333333333,91.94953333333333,714.1215,742.3037333333334,43.809200000000004,12.2,3941.5426666666667,30,30,30,30,30,30,30,30,30,30,30,30,30
2025-04,18,5729.597866666667,5303.754366666666,636.3531666666667,426.08266666666674,1549.4886666666669,1363.6489333333334,425.8435,719.3137,550.4625666666667,44.49736666666667,13.907300000000001,4459.8216,30,30,30,30,30,30,30,30,30,30,30,30,30
2025-04,19,6159.827033333334,5310.1682,657.028,451.12163333333336,1804.41,1368.2724000000003,849.6588333333333,694.6023,272.9351,44.7421,17.05666666666667,5192.289633333334,30,30,30,30,30,30,30,30,30,30,30,30,30
2025-04,20,6584.6808,5433.737966666667,690.8353666666667,465.2744666666667,2061.9965,1369.7067333333334,1150.9428333333335,712.9016666666668,54.78743333333333,44.16656666666667,34.06923333333334,5816.9917000000005,30,30,30,30,30,30,30,30,30,30,30,30,30
2025-04,21,7037.667,5635.323333333334,712.7619333333333,481.88573333333335,2193.4742666666666,1371.8146666666667,1402.3436666666666,786.8534,0.6578333333333333,43.81636666666667,44.059133333333335,6250.155766666667,30,30,30,30,30,30,30,30,30,30,30,30,30
2025-04,22,7008.647566666667,5646.631900000001,710.3580333333334,488.0092666666667,2176.9401666666668,1371.8717666666666,1362.0156666666667,812.4269,0.0,43.96596666666667,43.0598,6196.220666666667,30,30,30,30,30,30,30,30,30,30,30,30,30
2025-04,23,6472.3241333333335,5479.477133333334,687.8919333333334,478.7065333333333,2075.921766666667,1371.2614333333333,992.847,799.3871,0.0,43.67686666666667,22.631500000000003,5672.937033333334,30,30,30,30,30,30,30,30,30,30,30,30,30
2025-04,24,5928.6758,5103.241599999999,682.8483333333334,463.8825,1757.2716666666668,1372.0316,825.4342,774.0937,0.0,43.43403333333333,9.679766666666668,5154.5821000000005,30,30,30,30,30,30,30,30,30,30,30,30,30
2025-05,01,5387.253838709677,4870.217709677419,683.0816774193548,764.7646774193548,1726.027,913.9178064516129,517.0361290322581,736.2600967741936,0.33564516129032257,40.27461290322581,5.556193548387097,4650.658096774194,31,31,31,31,31,31,31,31,31,31,31,31,31
2025-05,02,5152.608903225807,4676.692064516129,660.6047096774194,752.6044193548388,1543.745451612903,916.0703870967742,475.91683870967745,757.0634516129032,0.0,39.71803225806452,6.885612903225807,4395.545451612904,31,31,31,31,31,31,31,31,31,31,31,31,31
2025-05,03,5019.785419354838,4628.916580645162,651.5683870967742,741.0505806451613,1508.846870967742,915.6399032258064,390.86883870967745,767.781129032258,0.0,39.40335483870968,4.626354838709678,4252.00429032258,31,31,31,31,31,31,31,31,31,31,31,31,31
2025-05,04,4963.361225806451,4594.889516129033,645.0911290322581,739.3867096774194,1490.0143225806453,915.7841290322581,368.4717096774194,759.9347741935485,0.0,39.70716129032258,4.9712903225806455,4203.426451612903,31,31,31,31,31,31,31,31,31,31,31,31,31
2025-05,05,4993.810774193549,4556.310032258065,647.5203225806451,740.9907741935484,1478.230193548387,916.2406774193548,437.5007419354839,730.681870967742,0.0,39.535000000000004,3.1111935483870967,4263.128903225807,31,31,31,31,31,31,31,31,31,31,31,31,31
2025-05,06,5051.037516129032,4565.685322580645,657.9263225806452,742.5454193548387,1492.4684516129034,916.3738709677419,485.3521935483871,707.8265161290323,0.0,39.359645161290324,9.185096774193548,4343.211000000001,31,31,31,31,31,31,31,31,31,31,31,31,31
2025-05,07,5243.035129032259,4640.779161290323,665.1649677419356,743.7541935483871,1553.539870967742,916.5933548387097,602.2559677419355,684.0512903225806,26.912967741935486,39.809387096774195,10.953129032258065,4532.070870967741,31,31,31,31,31,31,31,31,31,31,31,31,31
2025-05,08,5605.743612903227,5020.762935483871,661.0917741935484,746.1616451612904,1806.373935483871,916.9451612903225,584.980677419355,610.7523870967742,179.95903225806452,40.369290322580646,59.10970967741936,4815.032193548388,31,31,31,31,31,31,31,31,31,31,31,31,31
2025-05,09,5706.375870967742,5169.860483870968,648.469741935484,709.8187741935484,1818.5752580645162,923.5870645161291,536.5153870967741,509.8371935483871,460.8584838709678,40.836290322580645,57.87767741935484,4735.680193548387,31,31,31,31,31,31,31,31,31,31,31,31,31
2025-05,10,5550.2499677419355,5255.655967741936,632.6983870967742,644.8408064516129,1792.286064516129,888.9235806451613,294.594,485.20541935483874,740.0205483870967,40.61664516129032,31.06451612903226,4325.024,31,31,31,31,31,31,31,31,31,31,31,31,31
2025-05,11,5292.186774193548,5149.895290322581,616.8787096774194,553.317,1590.7500322580647,881.3430967741936,142.29148387096774,509.6223870967743,946.4969354838711,40.05583870967742,11.431290322580645,3836.0674516129034,31,31,31,31,31,31,31,31,31,31,31,31,31
2025-05,12,5069.755580645162,5132.414741935484,604.151870967742,541.0217096774193,1470.755064516129,877.6198064516129,-62.65916129032257,527.7317741935484,1058.4849354838711,40.23816129032258,12.41141935483871,3483.538870967742,31,31,31,31,31,31,31,31,31,31,31,31,31
2025-05,13,4975.063387096774,5149.003483870968,601.1356774193549,546.1088064516128,1414.3847096774193,874.9162258064517,-173.94009677419356,578.7349677419355,1081.3327096774194,40.068774193548386,12.321612903225807,3314.995709677419,31,31,31,31,31,31,31,31,31,31,31,31,31
2025-05,14,4999.960548387096,5162.916161290323,604.1938387096775,547.8313548387097,1395.807,879.8670967741936,-162.95561290322584,620.0522258064516,1064.338935483871,39.345451612903226,11.480258064516129,3315.569387096775,31,31,31,31,31,31,31,31,31,31,31,31,31
2025-05,15,4966.576,5112.103580645162,606.6438064516129,552.6106451612903,1383.940193548387,873.9258387096775,-145.52758064516127,643.0008064516129,999.9162580645162,39.072870967741935,12.99316129032258,3323.658935483871,31,31,31,31,31,31,31,31,31,31,31,31,31
2025-05,16,5053.492161290323,5071.867548387097,617.9057096774194,555.5659677419355,1397.9730967741937,879.5316129032258,-18.37538709677419,674.7294516129033,895.1551290322581,39.7791935483871,11.227387096774192,3483.6075806451613,31,31,31,31,31,31,31,31,31,31,31,31,31
2025-05,17,5268.665129032258,5067.03135483871,627.0155161290322,561.7506129032258,1483.576935483871,878.7169677419356,201.63377419354842,709.9000967741935,753.2660645161291,39.93751612903226,12.867645161290323,3805.4989677419358,31,31,31,31,31,31,31,31,31,31,31,31,31
2025-05,18,5562.269258064516,5116.028290322581,646.315870967742,585.4935161290322,1650.9235806451613,883.3799032258065,446.24096774193544,728.3942580645162,568.3681612903226,40.20177419354839,12.951225806451612,4265.506838709677,31,31,31,31,31,31,31,31,31,31,31,31,31
2025-05,19,5915.75664516129,5285.820032258064,668.2665161290323,679.6415161290322,1956.4332903225807,887.492806451613,629.9366129032258,698.4289354838709,337.58012903225807,40.878838709677424,17.098,4879.747580645161,31,31,31,31,31,31,31,31,31,31,31,31,31
2025-05,20,6297.045000000001,5336.257483870967,685.6905483870968,738.4674516129032,2171.59135483871,888.3177741935484,960.7875161290323,660.2064193548388,120.56761290322581,40.90687096774194,30.509451612903227,5516.270967741935,31,31,31,31,31,31,31,31,31,31,31,31,31
2025-05,21,6616.377290322581,5411.416129032258,710.4719032258065,772.3967096774193,2281.2599032258063,888.857935483871,1204.9611612903227,644.765,14.227806451612903,40.75996774193548,58.676903225806456,5957.384483870967,31,31,31,31,31,31,31,31,31,31,31,31,31
2025-05,22,6773.24870967742,5536.458548387097,721.6722903225807,812.1028387096775,2319.8665161290323,888.8194516129033,1236.7901612903227,669.597935483871,0.0,40.69509677419355,83.7044193548387,6103.650774193548,31,31,31,31,31,31,31,31,31,31,31,31,31
2025-05,23,6307.3714838709675,5365.832483870968,708.5276451612904,798.934064516129,2180.795064516129,889.1248387096775,941.539,716.7500967741936,0.0,41.11109677419355,30.58967741935484,5590.621387096774,31,31,31,31,31,31,31,31,31,31,31,31,31
2025-05,24,5752.122258064516,5040.24570967742,697.9626774193549,776.8484193548387,1891.1310967741936,890.1469677419356,711.8765483870967,728.4376129032257,0.0,40.707580645161286,15.011354838709677,5023.68464516129,31,31,31,31,31,31,31,31,31,31,31,31,31
2025-06,01,5587.592933333333,4880.268466666666,797.0371,938.5002666666667,1810.6928333333335,716.7744,707.3244666666667,558.9828,0.0,46.13036666666667,12.1507,5028.610133333334,30,30,30,30,30,30,30,30,30,30,30,30,30
2025-06,02,5322.511800000001,4689.559666666667,789.5597,939.2397666666667,1619.0278333333333,718.5344333333334,632.9521333333334,565.6377,0.0,45.60216666666667,11.958066666666667,4756.8741,30,30,30,30,30,30,30,30,30,30,30,30,30
2025-06,03,5181.5334,4590.904866666667,783.4928,931.4281666666667,1524.2438333333334,720.5174666666667,590.6285333333333,580.8505666666666,0.0,44.992666666666665,5.379366666666667,4600.682833333334,30,30,30,30,30,30,30,30,30,30,30,30,30
2025-06,04,5098.553566666667,4524.4343,774.3560666666667,923.9999333333333,1445.6211666666668,721.9752000000001,574.1192666666667,610.6468000000001,0.0,45.326566666666665,2.508566666666667,4487.906766666667,30,30,30,30,30,30,30,30,30,30,30,30,30
2025-06,05,5089.793066666667,4530.9172,767.1583666666667,923.4825333333334,1429.8721,723.6427,558.8758666666668,637.2938666666668,0.0,45.17276666666667,4.294866666666667,4452.499200000001,30,30,30,30,30,30,30,30,30,30,30,30,30
2025-06,06,5065.7353,4585.049733333334,768.3016333333334,923.8208,1463.3752,723.4568666666668,480.6855666666667,641.9747000000001,0.04376666666666667,45.20503333333333,18.871733333333335,4423.716833333334,30,30,30,30,30,30,30,30,30,30,30,30,30
2025-06,07,5248.825466666667,4675.3479,769.6509000000001,903.7884,1534.1853333333336,723.8597666666667,573.4775666666667,614.9229666666668,63.8294,45.78246666666667,19.328666666666667,4570.0731,30,30,30,30,30,30,30,30,30,30,30,30,30
2025-06,08,5554.046600000001,5053.1161,776.2557,873.3715666666667,1760.2421333333334,724.4945333333333,500.93050000000005,519.4075333333334,292.4961,46.353500000000004,60.49503333333334,4742.142966666666,30,30,30,30,30,30,30,30,30,30,30,30,30
2025-06,09,5606.9988,5252.352366666667,764.1809,806.632,1742.5764333333334,727.4950000000001,354.64643333333333,439.17563333333334,672.1473333333334,46.28510000000001,53.859966666666665,4495.675833333333,30,30,30,30,30,30,30,30,30,30,30,30,30
2025-06,10,5443.714866666666,5199.1885,751.2956,696.7116000000001,1502.0770333333335,721.1831333333334,244.52636666666666,426.6312,1032.1611333333333,45.8833,23.2455,3984.9225333333334,30,30,30,30,30,30,30,30,30,30,30,30,30
2025-06,11,5213.478700000001,5242.009533333333,736.0227,617.1013333333334,1374.1312333333333,723.3144333333333,-28.53083333333334,451.24233333333336,1281.0642666666668,45.07273333333333,14.0605,3481.1721000000007,30,30,30,30,30,30,30,30,30,30,30,30,30
2025-06,12,5042.306233333334,5201.539733333334,728.7343999999999,598.397,1216.0188666666666,730.5017333333333,-159.2335,444.7723666666667,1423.8107000000002,45.5408,13.763866666666669,3173.723166666667,30,30,30,30,30,30,30,30,30,30,30,30,30
2025-06,13,5017.194866666668,5238.811833333334,724.5277000000001,601.8567333333334,1194.9030666666667,727.8742333333333,-221.61696666666666,456.48286666666667,1476.9061333333334,45.62126666666666,10.639833333333334,3083.805866666667,30,30,30,30,30,30,30,30,30,30,30,30,30
2025-06,14,5071.255999999999,5225.555533333333,725.3557999999999,595.1508,1179.9003000000002,731.3042,-154.29953333333336,464.7674333333334,1470.296,44.633,14.148,3136.1925666666666,30,30,30,30,30,30,30,30,30,30,30,30,30
2025-06,15,5111.994166666667,5177.9722,737.2645333333334,593.1877000000001,1186.2903666666666,727.3744,-65.97803333333333,480.8144666666667,1396.7999666666667,43.330600000000004,12.910166666666667,3234.3797333333337,30,30,30,30,30,30,30,30,30,30,30,30,30
2025-06,16,5239.949066666667,5131.6768,742.8335666666667,598.9739000000001,1198.5473,735.7687333333334,108.27226666666667,506.6193333333333,1293.9889333333333,43.8,11.145033333333334,3439.3408,30,30,30,30,30,30,30,30,30,30,30,30,30
2025-06,17,5484.264700000001,5163.8063,766.1599000000001,609.4345333333333,1321.5186666666668,727.2877000000001,320.45840000000004,549.3027333333334,1129.7921666666666,44.39126666666667,15.919333333333334,3805.1698000000006,30,30,30,30,30,30,30,30,30,30,30,30,30
2025-06,18,5811.039533333334,5194.523566666667,787.1879333333333,641.1127666666667,1484.9706666666668,734.4433666666666,616.5159666666666,587.3728,898.9352666666667,44.560566666666666,15.9402,4324.731466666667,30,30,30,30,30,30,30,30,30,30,30,30,30
2025-06,19,6229.996233333334,5415.908433333333,802.4440666666667,782.0119333333333,1891.0297333333333,742.6021666666668,814.0878,571.0152999999999,564.0605333333333,44.8975,17.8472,5094.920400000001,30,30,30,30,30,30,30,30,30,30,30,30,30
2025-06,20,6604.854966666667,5415.984233333334,831.6402333333334,863.1944333333334,2160.0228333333334,743.9652000000001,1188.8707333333334,506.5939666666667,229.9313666666667,45.4615,35.1747,5868.329633333334,30,30,30,30,30,30,30,30,30,30,30,30,30
2025-06,21,6814.697300000001,5404.956666666667,837.0894333333333,921.9133666666668,2251.5570000000002,744.8113666666667,1409.7406333333333,502.65150000000006,49.8506,46.0476,51.0358,6262.1952,30,30,30,30,30,30,30,30,30,30,30,30,30
2025-06,22,6944.7482666666665,5479.666033333333,826.2605333333333,978.3663,2244.7889999999998,745.6812000000001,1465.0822333333335,564.3794999999999,0.47516666666666657,46.97156666666667,72.74276666666667,6379.8936,30,30,30,30,30,30,30,30,30,30,30,30,30
2025-06,23,6660.114666666666,5393.3442000000005,821.3897333333334,970.5747666666667,2161.309333333333,746.8393,1266.7704666666666,601.8104000000001,0.0,46.51766666666666,44.903000000000006,6058.304266666667,30,30,30,30,30,30,30,30,30,30,30,30,30
2025-06,24,6069.5203,5133.714733333333,811.2441666666667,964.3544666666666,1939.7912666666668,746.1542666666667,935.8055666666667,606.9616666666667,0.0,46.57973333333334,18.629166666666666,5462.558633333334,30,30,30,30,30,30,30,30,30,30,30,30,30
2025-07,01,5947.884935483871,5445.500258064516,874.7319032258065,1100.7435483870968,1411.037258064516,1323.2662580645163,502.3846774193549,656.238741935484,0.0,53.37132258064516,26.11122580645161,5291.646193548388,31,31,31,31,31,31,31,31,31,31,31,31,31
2025-07,02,5669.152290322581,5128.639967741936,866.4908387096774,1080.5580645161292,1146.9971612903228,1324.6129677419356,540.5123225806452,640.8976774193549,0.0,52.05980645161291,17.023451612903227,5028.254612903226,31,31,31,31,31,31,31,31,31,31,31,31,31
2025-07,03,5507.703096774194,4896.066903225807,868.9274193548387,1070.6777741935484,946.2299677419355,1325.9645161290323,611.636193548387,621.193806451613,0.0,51.635064516129034,11.438354838709678,4886.5092903225805,31,31,31,31,31,31,31,31,31,31,31,31,31
2025-07,04,5412.653,4759.219096774194,866.5641612903227,1063.0384193548387,866.5928064516129,1326.287193548387,653.4339032258065,577.2186774193549,0.0,51.34661290322581,8.171225806451613,4835.434322580645,31,31,31,31,31,31,31,31,31,31,31,31,31
2025-07,05,5405.130096774194,4639.626870967742,861.7070645161291,1043.7826451612905,824.265935483871,1326.6751935483871,765.5032258064517,524.0585806451613,0.0,50.67629032258065,8.46116129032258,4881.071516129033,31,31,31,31,31,31,31,31,31,31,31,31,31
2025-07,06,5409.53535483871,4615.475483870968,866.4016451612904,1031.0963225806452,836.5806451612904,1326.6034193548387,794.059870967742,489.82448387096775,0.0,50.74296774193548,14.226,4919.710870967742,31,31,31,31,31,31,31,31,31,31,31,31,31
2025-07,07,5587.451322580646,4717.184806451613,874.315129032258,1010.042870967742,922.1743870967741,1326.095870967742,870.2665161290323,473.3718709677419,38.310741935483875,51.76387096774194,21.110064516129032,5075.76870967742,31,31,31,31,31,31,31,31,31,31,31,31,31
2025-07,08,5927.281774193549,5213.033838709677,873.6631612903226,1017.6050967741936,1251.426322580645,1325.8549677419355,714.247935483871,399.8006129032258,223.17912903225806,52.224806451612906,69.27974193548387,5304.302032258065,31,31,31,31,31,31,31,31,31,31,31,31,31
2025-07,09,6064.497903225807,5474.081645161291,874.4607096774193,1004.5707096774195,1273.9581612903226,1325.0559354838708,590.4162580645162,311.27887096774197,572.7576774193549,52.41058064516129,59.589,5180.46135483871,31,31,31,31,31,31,31,31,31,31,31,31,31
2025-07,10,5982.887870967742,5380.195193548388,877.6051935483872,980.8200967741936,980.9882580645162,1298.5706129032258,602.6926774193549,269.02606451612905,897.8760322580646,52.76358064516129,22.545354838709677,4815.985774193548,31,31,31,31,31,31,31,31,31,31,31,31,31
2025-07,11,5842.099096774194,5438.865548387096,883.6995483870968,910.7891935483871,872.8469677419355,1295.7497741935485,403.2335483870968,271.46109677419355,1134.055129032258,52.35441935483871,17.90941935483871,4436.582870967742,31,31,31,31,31,31,31,31,31,31,31,31,31
2025-07,12,5737.940225806452,5503.729032258065,884.4423225806452,877.5675483870968,792.0699354838711,1299.284322580645,234.21119354838712,303.91967741935485,1282.4544193548386,52.495064516129034,11.495741935483872,4151.566129032258,31,31,31,31,31,31,31,31,31,31,31,31,31
2025-07,13,5752.656096774193,5538.16364516129,879.0914193548386,862.0969677419355,729.4468064516129,1295.5004838709676,214.49245161290324,346.74467741935484,1359.1088387096775,52.03496774193549,14.139483870967743,4046.8025806451615,31,31,31,31,31,31,31,31,31,31,31,31,31
2025-07,14,5864.961838709678,5543.908129032258,879.3752258064517,852.3774193548387,697.9783548387097,1301.1225483870967,321.05370967741936,395.04690322580643,1349.096870967742,51.04383870967742,17.866967741935483,4120.818064516129,31,31,31,31,31,31,31,31,31,31,31,31,31
2025-07,15,5921.817516129033,5517.059064516129,890.4351935483871,859.7237096774194,684.9328387096774,1295.534258064516,404.75845161290323,447.59629032258067,1271.8244838709677,51.37916129032258,15.633129032258065,4202.396741935484,31,31,31,31,31,31,31,31,31,31,31,31,31
2025-07,16,6045.880483870968,5477.998677419355,892.197935483871,855.5107741935484,695.3992580645162,1302.1446129032258,567.8818064516129,518.6454516129032,1149.1022258064518,52.86374193548387,12.134677419354839,4378.132806451614,31,31,31,31,31,31,31,31,31,31,31,31,31
2025-07,17,6253.275,5503.424290322581,886.1541935483872,874.5129032258066,782.7026129032259,1302.4342903225809,749.8507096774193,591.8419677419355,995.1033548387097,53.189935483870975,17.485032258064518,4666.329677419355,31,31,31,31,31,31,31,31,31,31,31,31,31
2025-07,18,6528.551225806452,5542.401032258064,882.6974838709677,947.3810322580646,928.6284516129032,1305.4116774193549,986.150193548387,629.2683870967742,774.3845806451612,54.22190322580646,20.40751612903226,5124.898258064517,31,31,31,31,31,31,31,31,31,31,31,31,31
2025-07,19,6861.551935483872,5923.659225806452,877.8111935483871,985.6359677419355,1530.524935483871,1312.4405806451612,937.8927096774194,649.6166129032258,490.02622580645163,55.81054838709677,21.793161290322583,5721.909096774193,31,31,31,31,31,31,31,31,31,31,31,31,31
2025-07,20,7148.773967741936,5916.002258064516,907.3222903225807,1027.0376774193548,1750.7714193548388,1315.2815161290323,1232.7717096774195,622.8462258064516,199.95580645161291,55.521516129032264,37.2658064516129,6325.971935483871,31,31,31,31,31,31,31,31,31,31,31,31,31
2025-07,21,7268.178258064517,5942.2625161290325,920.7484838709678,1075.1092903225806,1864.5565806451614,1316.6358064516128,1325.9157419354838,613.4283548387097,36.91193548387097,55.44532258064516,59.426741935483875,6617.837967741936,31,31,31,31,31,31,31,31,31,31,31,31,31
2025-07,22,7329.908,5976.703193548387,929.4856129032258,1105.113258064516,1862.6248064516128,1318.2722903225806,1353.204806451613,639.5152903225807,0.02764516129032258,55.86964516129032,65.79464516129032,6690.36506451613,31,31,31,31,31,31,31,31,31,31,31,31,31
2025-07,23,6996.736193548388,5883.489096774194,918.237129032258,1111.319935483871,1789.1177741935483,1319.904870967742,1113.2470967741936,659.9544838709677,0.0,54.928000000000004,30.026903225806453,6336.78170967742,31,31,31,31,31,31,31,31,31,31,31,31,31
2025-07,24,6416.630580645162,5628.671516129032,902.2480322580645,1108.519,1569.9970967741936,1321.9207096774194,787.959064516129,651.8054516129033,0.0,54.91832258064516,19.26290322580645,5764.825129032258,31,31,31,31,31,31,31,31,31,31,31,31,31
2025-08,01,5492.812419354838,5114.2284193548385,730.6587096774194,1148.1706451612904,1323.363193548387,1319.325258064516,378.584,539.7261935483871,0.0,38.209870967741935,14.774548387096775,4953.086225806452,31,31,31,31,31,31,31,31,31,31,31,31,31
2025-08,02,5243.180290322581,4828.692838709678,726.9114193548387,1150.2306129032256,1057.9081612903226,1320.7598387096775,414.48745161290327,514.0655806451613,0.0,37.08438709677419,21.732838709677416,4729.114709677419,31,31,31,31,31,31,31,31,31,31,31,31,31
2025-08,03,5102.204193548388,4768.675451612904,729.2352258064517,1148.1000967741936,1024.470935483871,1322.0410967741934,333.5287419354839,500.79645161290324,0.0,36.952,7.079645161290323,4601.407741935484,31,31,31,31,31,31,31,31,31,31,31,31,31
2025-08,04,5032.8514516129035,4716.581870967742,721.4357096774194,1138.0294516129031,1007.4374193548388,1324.156322580645,316.2695806451613,482.24277419354837,0.0,37.092612903225806,6.18758064516129,4550.608677419355,31,31,31,31,31,31,31,31,31,31,31,31,31
2025-08,05,5019.087032258065,4668.425645161291,721.9629032258064,1110.2775806451614,998.1659677419354,1324.3134838709677,350.6613870967742,470.7816129032258,0.0,37.010999999999996,5.913096774193549,4548.305419354839,31,31,31,31,31,31,31,31,31,31,31,31,31
2025-08,06,5086.416,4697.165387096775,722.9938387096774,1095.596677419355,1019.8737096774194,1324.7250967741936,389.25061290322583,477.5787741935484,0.0,37.15770967741936,19.23958064516129,4608.837225806452,31,31,31,31,31,31,31,31,31,31,31,31,31
2025-08,07,5223.282741935484,4769.919548387096,728.0783225806451,1089.5408387096775,1058.6876451612904,1324.79,453.3631935483871,482.211064516129,6.34458064516129,37.29025806451613,42.97683870967742,4734.727096774194,31,31,31,31,31,31,31,31,31,31,31,31,31
2025-08,08,5519.349225806452,5115.964677419355,723.2336774193548,1085.743322580645,1290.2065806451615,1324.9066451612903,403.3845483870968,454.47609677419354,138.62006451612902,37.37348387096774,61.404806451612906,4926.253064516129,31,31,31,31,31,31,31,31,31,31,31,31,31
2025-08,09,5576.387935483871,5282.958806451613,713.8592258064516,1068.1012580645163,1229.8586451612905,1325.0474193548387,293.42912903225806,375.2961612903226,487.89799999999997,37.46212903225806,45.435967741935485,4713.193774193549,31,31,31,31,31,31,31,31,31,31,31,31,31
2025-08,10,5391.1974193548385,5229.480935483872,717.6303225806452,1011.9219999999999,967.5180967741936,1305.8799032258064,161.71648387096775,327.707935483871,849.0043870967742,37.674677419354836,12.143612903225806,4214.485096774193,31,31,31,31,31,31,31,31,31,31,31,31,31
2025-08,11,5140.228193548387,5313.745419354839,729.5494516129032,917.1890967741936,903.2544516129032,1302.6600322580646,-173.5172258064516,320.1910322580645,1092.7322258064517,37.495935483870966,10.673193548387097,3727.3049354838713,31,31,31,31,31,31,31,31,31,31,31,31,31
2025-08,12,4944.68364516129,5321.966838709678,736.5939677419354,874.2961612903226,816.4927741935485,1307.171,-377.2831935483871,311.0604516129032,1223.8981290322579,37.82329032258064,14.631064516129031,3409.725064516129,31,31,31,31,31,31,31,31,31,31,31,31,31
2025-08,13,4897.744935483871,5317.99270967742,732.6133225806451,866.4854838709678,772.1225806451613,1301.8442903225807,-420.2477741935484,311.15645161290325,1288.496322580645,37.96664516129032,7.307612903225807,3298.0921612903226,31,31,31,31,31,31,31,31,31,31,31,31,31
2025-08,14,4957.659601075268,5257.624697849463,723.4540000000001,856.6287741935483,707.7126451612903,1310.1839677419355,-299.9650967741935,338.1416129032258,1275.1604075268817,37.349870967741936,8.99341935483871,3344.357580645161,31,31,31,31,31,31,31,31,31,31,31,31,31
2025-08,15,5022.100360215054,5231.421489247313,726.7273548387096,851.5708709677419,708.3411612903226,1299.9836129032258,-209.32112903225806,399.1367419354839,1196.4952634408603,36.38161290322581,12.784870967741936,3426.4683548387097,31,31,31,31,31,31,31,31,31,31,31,31,31
2025-08,16,5190.386155913979,5235.684801075268,740.1094838709678,854.7944193548387,710.842064516129,1307.8291290322582,-45.29864516129033,472.7022258064516,1101.2117365591398,37.68435483870967,10.511387096774193,3616.472193548387,31,31,31,31,31,31,31,31,31,31,31,31,31
2025-08,17,5444.020634408603,5283.283376344086,743.7652903225807,859.7412258064516,816.9331612903226,1305.7769032258066,160.7372580645161,523.7067419354838,976.6424086021506,37.93496774193548,18.78267741935484,3943.671483870968,31,31,31,31,31,31,31,31,31,31,31,31,31
2025-08,18,5839.215586021506,5310.0893602150545,735.8605806451612,937.4890967741935,951.4625483870967,1309.9571612903226,529.1262258064517,566.7959032258065,748.1659086021505,38.58822580645162,21.76993548387097,4524.253774193548,31,31,31,31,31,31,31,31,31,31,31,31,31
2025-08,19,6303.80535483871,5651.8442258064515,738.3131935483871,1031.506612903226,1549.1387096774195,1315.9046129032258,651.961129032258,542.4634516129033,409.1046129032258,39.39503225806452,26.018,5352.2372903225805,31,31,31,31,31,31,31,31,31,31,31,31,31
2025-08,20,6672.624865591399,5688.900897849463,734.7932258064516,1082.8269677419355,1859.8204193548386,1317.0639032258064,983.7239677419354,512.7758064516129,110.82680107526882,39.178870967741936,31.61490322580645,6049.022258064516,31,31,31,31,31,31,31,31,31,31,31,31,31
2025-08,21,6880.230268817204,5845.229655913979,773.7224193548387,1126.3664193548386,1973.9276451612905,1317.2195161290322,1035.0006129032258,543.2547741935484,8.128075268817204,39.21787096774194,63.39293548387097,6328.847419354838,31,31,31,31,31,31,31,31,31,31,31,31,31
2025-08,22,6910.410580645162,5917.181096774194,782.1120322580646,1156.2506129032258,1958.6391612903226,1317.3352903225807,993.2294838709678,592.3775806451612,0.0,38.888548387096776,71.57787096774194,6318.032999999999,31,31,31,31,31,31,31,31,31,31,31,31,31
2025-08,23,6436.7645483870965,5663.8714193548385,733.6058709677419,1154.7195806451614,1811.3298387096775,1317.2598064516128,772.893129032258,590.0121612903226,0.0,38.51609677419355,18.42806451612903,5846.752387096774,31,31,31,31,31,31,31,31,31,31,31,31,31
2025-08,24,5907.739516129032,5300.700516129033,717.1056129032258,1148.9979032258063,1489.2704516129031,1318.7716451612903,607.039,578.3882258064516,0.0,38.262129032258066,9.904548387096774,5329.351290322581,31,31,31,31,31,31,31,31,31,31,31,31,31
2025-09,01,5296.203733333333,4953.455,736.4758,1096.9431333333334,1178.4016000000001,1341.2125999999998,342.7487333333333,537.6632666666667,-0.14573333333333333,44.55943333333333,18.3449,4758.6862,30,30,30,30,30,30,30,30,30,30,30,30,30
2025-09,02,5104.381133333333,4597.513833333333,712.6015000000001,1081.6056999999998,861.5736333333333,1342.0564666666667,506.8673,544.3502000000001,-0.14313333333333336,43.178533333333334,12.290933333333333,4560.174066666667,30,30,30,30,30,30,30,30,30,30,30,30,30
2025-09,03,4996.082566666667,4540.291800000001,705.4159000000001,1069.2986333333333,820.1293000000001,1343.4023333333332,455.7907666666667,553.3467666666667,-0.1448,42.523066666666665,6.3206,4442.8806,30,30,30,30,30,30,30,30,30,30,30,30,30
2025-09,04,4930.910533333334,4538.022466666666,701.7749,1066.7309333333333,814.3911666666667,1343.6480999999999,392.88806666666665,564.7752999999999,-0.0406,42.782833333333336,3.9598333333333335,4366.175833333334,30,30,30,30,30,30,30,30,30,30,30,30,30
2025-09,05,4953.9855333333335,4536.300833333333,705.4043666666668,1048.0605666666665,811.1175666666667,1343.6434000000002,417.6847,576.2197333333334,-0.0764,42.76263333333333,9.168966666666668,4377.8422,30,30,30,30,30,30,30,30,30,30,30,30,30
2025-09,06,5096.176266666666,4575.4742,703.4076,1042.4806333333333,825.9999,1343.9222,520.7020666666666,612.4676000000001,-0.16163333333333335,43.01803333333333,4.3398666666666665,4483.8703,30,30,30,30,30,30,30,30,30,30,30,30,30
2025-09,07,5437.663733333334,4808.1433333333325,736.4554333333333,1066.2349,966.2241333333334,1343.9324000000001,629.5204,631.6515999999999,-0.21613333333333334,43.45233333333333,20.408666666666665,4806.228266666667,30,30,30,30,30,30,30,30,30,30,30,30,30
2025-09,08,5848.1881,5331.597633333334,767.8146666666667,1086.3851333333334,1318.6868,1343.3353333333334,516.5904666666667,638.2003000000001,53.494733333333336,42.9423,80.73836666666666,5156.493066666667,30,30,30,30,30,30,30,30,30,30,30,30,30
2025-09,09,6010.431766666667,5529.270566666667,785.0870666666667,1067.8037333333334,1310.0779666666667,1343.0262333333333,481.16119999999995,569.2453,329.05513333333334,42.92196666666667,82.05316666666667,5112.131333333334,30,30,30,30,30,30,30,30,30,30,30,30,30
2025-09,10,5832.482300000001,5304.256733333333,746.8859666666667,1011.4129666666666,973.5689,1322.8161666666667,528.2255666666666,495.70523333333335,688.1925333333334,43.04193333333333,22.633033333333334,4648.584533333333,30,30,30,30,30,30,30,30,30,30,30,30,30
2025-09,11,5510.9959,5317.3984,725.8757333333334,908.8936666666667,817.9932333333334,1317.5444,193.5975,528.9795333333334,960.4906,42.7727,14.848533333333334,4021.5257666666666,30,30,30,30,30,30,30,30,30,30,30,30,30
2025-09,12,5212.576533333334,5252.494900000001,711.1300666666667,841.0711666666667,664.9896333333332,1323.1661333333332,-39.91836666666667,530.7122666666667,1128.2096,42.194966666666666,11.021066666666666,3553.6546666666673,30,30,30,30,30,30,30,30,30,30,30,30,30
2025-09,13,5052.925333333334,5235.212233333334,711.2910666666667,812.1321,619.6615666666668,1318.1031,-182.2869,518.4617000000001,1198.0558666666666,42.737433333333335,14.7694,3336.4077666666667,30,30,30,30,30,30,30,30,30,30,30,30,30
2025-09,14,5080.309033333334,5250.9636,711.2697000000001,814.1399333333334,608.9835,1323.2582,-170.65456666666665,526.5549,1208.8787,42.63046666666666,15.2482,3344.8754333333336,30,30,30,30,30,30,30,30,30,30,30,30,30
2025-09,15,5130.504033333334,5211.922066666667,717.5056333333334,819.3807,630.8436,1319.5974333333334,-81.41803333333333,538.4184666666666,1130.9929000000002,42.13843333333333,13.0449,3461.0926666666664,30,30,30,30,30,30,30,30,30,30,30,30,30
2025-09,16,5288.241800000001,5241.8168000000005,733.4158333333332,830.5025,718.6369,1326.7776666666666,46.425,558.9869666666667,1016.3115666666667,42.807066666666664,14.3783,3712.943266666667,30,30,30,30,30,30,30,30,30,30,30,30,30
2025-09,17,5579.545700000001,5276.0404,739.4718,875.9605333333334,858.7093333333335,1326.9866333333334,303.5053,588.728,825.8104333333334,43.614466666666665,16.7592,4165.0072666666665,30,30,30,30,30,30,30,30,30,30,30,30,30
2025-09,18,5987.428266666667,5380.593533333334,768.4748000000001,968.0250666666667,1080.2142666666666,1328.4787000000001,606.8347333333334,635.6860333333334,535.3214666666667,44.46123333333333,19.931966666666668,4816.420766666667,30,30,30,30,30,30,30,30,30,30,30,30,30
2025-09,19,6444.364533333334,5687.1827,812.9273333333333,1059.5916666666667,1577.8134,1335.7772666666667,757.1818333333334,623.6088333333333,196.1101666666667,45.99746666666667,35.35656666666667,5624.645533333333,30,30,30,30,30,30,30,30,30,30,30,30,30
2025-09,20,6800.0979333333335,5781.895,856.0351333333333,1113.3834333333332,1764.1589666666666,1337.3304,1018.2029333333334,586.1843,19.20583333333333,45.96706666666667,59.629866666666665,6194.7078,30,30,30,30,30,30,30,30,30,30,30,30,30
2025-09,21,7040.6025,5912.6969,870.8352666666667,1146.8490666666667,1841.2828666666667,1337.6866333333335,1127.9055999999998,581.9399,0.05906666666666666,46.0234,88.0207,6458.603533333333,30,30,30,30,30,30,30,30,30,30,30,30,30
2025-09,22,6761.6498,5779.500666666666,848.9741333333334,1144.1771,1800.7425,1339.4906,982.1491333333335,563.6365666666667,-0.11590000000000002,46.039366666666666,36.5563,6198.129133333334,30,30,30,30,30,30,30,30,30,30,30,30,30
2025-09,23,6174.583033333333,5498.653433333334,798.7407000000001,1120.5458,1651.2845333333332,1340.8944666666669,675.9295999999999,530.0846333333334,-0.11856666666666668,46.144999999999996,11.076866666666666,5644.616966666667,30,30,30,30,30,30,30,30,30,30,30,30,30
2025-09,24,5659.167033333333,5166.927133333334,783.3418666666668,1111.8769333333332,1355.9115,1342.0598666666667,492.2399,510.8523666666667,-0.1242,45.95203333333333,17.056766666666668,5148.438866666666,30,30,30,30,30,30,30,30,30,30,30,30,30
2025-10,01,5515.314612903226,5744.222516129033,778.4183548387097,1449.036935483871,1287.6094193548388,1359.013741935484,-228.90790322580648,796.6806451612904,0.0,53.744129032258066,19.719290322580644,4718.6339677419355,31,31,31,31,31,31,31,31,31,31,31,31,31
2025-10,02,5325.26964516129,5396.998935483871,756.4517419354839,1417.0231612903226,1053.3470967741937,1359.6318387096774,-71.72929032258065,746.872,0.0,53.440774193548386,10.232322580645162,4578.397645161291,31,31,31,31,31,31,31,31,31,31,31,31,31
2025-10,03,5219.962290322581,5312.22941935484,752.2653548387098,1410.5224838709678,1003.8286774193548,1361.6046129032259,-92.26712903225807,723.4675483870967,0.0,53.096774193548384,7.443967741935484,4496.494741935484,31,31,31,31,31,31,31,31,31,31,31,31,31
2025-10,03 bis,4872.029,4448.067,573.885,1272.087,761.49,1359.2120000000002,423.9620000000001,426.229,0.0,54.17,0.994,4445.8,1,1,1,1,1,1,1,1,1,1,1,1,1
2025-10,04,5175.576,5281.48229032258,746.9293548387097,1388.4760967741936,982.343064516129,1362.4270645161291,-105.90629032258066,742.4839032258064,0.0,53.48332258064516,5.339483870967742,4433.092096774194,31,31,31,31,31,31,31,31,31,31,31,31,31
2025-10,05,5222.2968709677425,5304.842870967743,743.7791290322581,1387.1657419354838,976.3149032258065,1363.0724838709677,-82.546,776.113064516129,0.0,53.342290322580645,5.05525806451613,4446.183806451613,31,31,31,31,31,31,31,31,31,31,31,31,31
2025-10,06,5391.500645161291,5357.245451612903,751.4200645161291,1385.6442258064517,985.5595161290323,1363.444612903226,34.2551935483871,808.1663548387097,0.0,53.57958064516129,9.43109677419355,4583.334290322581,31,31,31,31,31,31,31,31,31,31,31,31,31
2025-10,07,5837.9327741935485,5646.466258064516,771.9591935483871,1416.894935483871,1182.1895806451614,1364.0915806451612,191.46651612903227,838.1691612903226,0.0,54.72854838709677,18.43325806451613,4999.763612903225,31,31,31,31,31,31,31,31,31,31,31,31,31
2025-10,08,6415.705032258064,6127.960387096774,816.2065161290324,1457.7819032258064,1508.9923548387096,1363.9535161290323,287.74464516129035,847.3691935483871,15.347354838709677,54.87106451612903,63.438483870967744,5552.988483870968,31,31,31,31,31,31,31,31,31,31,31,31,31
2025-10,09,6698.5614516129035,6351.888774193549,830.2070967741936,1464.7287741935484,1534.453064516129,1364.2949032258064,346.6726774193548,849.9632258064516,169.46396774193548,54.583129032258064,84.1946129032258,5679.134258064517,31,31,31,31,31,31,31,31,31,31,31,31,31
2025-10,10,6577.810677419355,6180.961258064516,815.0311935483871,1445.629870967742,1250.136516129032,1346.924935483871,396.84941935483874,770.9524193548388,453.3864838709677,53.674032258064514,45.225806451612904,5353.471774193548,31,31,31,31,31,31,31,31,31,31,31,31,31
2025-10,11,6249.603741935484,6140.873451612903,796.0019032258065,1394.7716451612903,1082.0976774193548,1343.0271935483872,108.73029032258063,744.1142580645162,712.1524838709677,52.85296774193549,15.855322580645161,4793.337,31,31,31,31,31,31,31,31,31,31,31,31,31
2025-10,12,5913.811741935485,6088.01170967742,773.3446129032259,1332.6075483870968,901.3177419354839,1343.781677419355,-174.19996774193547,777.0714516129033,893.7651290322581,53.219967741935484,12.903580645161291,4242.975161290323,31,31,31,31,31,31,31,31,31,31,31,31,31
2025-10,13,5711.61206451613,6066.18364516129,760.1281935483871,1308.205677419355,793.6230322580644,1335.6030967741938,-354.5715806451613,812.6963870967742,991.5869677419355,53.14993548387097,11.190354838709677,3907.3287096774193,31,31,31,31,31,31,31,31,31,31,31,31,31
2025-10,14,5689.929838709677,6041.66929032258,759.2779032258065,1298.784129032258,743.400870967742,1342.8931612903227,-351.7394516129032,826.8052903225806,1003.1059032258064,52.82258064516129,14.579451612903226,3860.0186451612904,31,31,31,31,31,31,31,31,31,31,31,31,31
2025-10,15,5716.720451612903,5964.874935483872,762.5629677419355,1298.1344838709679,766.2260967741936,1339.5797741935482,-248.15448387096777,820.7976129032257,908.0086129032258,52.510225806451615,17.05516129032258,3987.9142258064517,31,31,31,31,31,31,31,31,31,31,31,31,31
2025-10,16,5899.136903225806,5960.769774193549,775.5195161290322,1332.2889032258065,912.982935483871,1345.6249677419353,-61.63287096774196,814.0431290322581,710.8910967741936,53.43709677419355,15.982129032258063,4374.202677419355,31,31,31,31,31,31,31,31,31,31,31,31,31
2025-10,17,6229.072838709678,5909.576451612903,797.576,1371.6872903225806,1060.1677741935484,1345.2194516129032,319.49638709677424,822.9427096774194,435.4144193548387,53.54945161290323,23.019354838709678,4970.71570967742,31,31,31,31,31,31,31,31,31,31,31,31,31
2025-10,18,6637.629451612904,6176.506419354839,834.0556774193548,1470.889677419355,1415.6575806451613,1347.4667096774194,461.12303225806454,846.871935483871,168.7151935483871,53.352225806451614,39.49741935483871,5622.042322580645,31,31,31,31,31,31,31,31,31,31,31,31,31
2025-10,19,7044.470387096774,6551.920322580645,851.4085483870969,1527.4782258064515,1840.7264838709677,1356.746064516129,492.550064516129,873.8293870967742,16.056225806451614,54.34461290322581,31.330774193548386,6154.584774193549,31,31,31,31,31,31,31,31,31,31,31,31,31
2025-10,20,7348.337774193548,6759.167290322581,863.2529677419355,1543.8170322580645,1952.1393225806453,1356.773806451613,589.1704838709677,917.6253225806453,0.0,54.99967741935484,70.55916129032258,6430.712451612903,31,31,31,31,31,31,31,31,31,31,31,31,31
2025-10,21,7255.715612903226,6731.131225806452,858.613806451613,1537.3723225806452,1935.0434838709677,1357.0945806451614,524.5843870967742,930.4595161290322,0.0,54.7011935483871,57.846322580645165,6325.256096774194,31,31,31,31,31,31,31,31,31,31,31,31,31
2025-10,22,6907.5795161290325,6593.353677419355,847.8412903225807,1523.8313225806453,1887.131741935484,1357.4132580645162,314.2258387096774,900.3537419354839,0.0,54.599419354838716,22.182903225806452,6007.225774193549,31,31,31,31,31,31,31,31,31,31,31,31,31
2025-10,23,6328.763645161291,6392.106677419355,834.3735161290323,1505.876451612903,1757.6850967741934,1358.3373225806452,-63.34303225806451,867.1518387096773,0.0,54.304,14.378451612903227,5461.611806451612,31,31,31,31,31,31,31,31,31,31,31,31,31
2025-10,24,5845.419483870968,6059.619677419356,809.0590967741934,1497.3600645161291,1494.768419354839,1358.9319677419355,-214.20019354838706,824.4195161290323,0.0,54.33974193548388,20.740870967741934,5020.9999677419355,31,31,31,31,31,31,31,31,31,31,31,31,31
2025-11,01,5662.0981,6102.032966666667,903.5015333333334,1547.7948000000001,1399.5319666666667,1349.0027666666667,-439.93486666666666,811.8099666666666,0.0,64.17606666666667,26.215866666666667,4850.2881333333335,30,30,30,30,30,30,30,30,30,30,30,30,30
2025-11,02,5471.759633333334,5869.4590333333335,885.5183666666667,1535.0809000000002,1223.367,1350.3615,-397.6994,796.5859333333333,0.0,63.38453333333334,15.1608,4675.1737,30,30,30,30,30,30,30,30,30,30,30,30,30
2025-11,03,5379.126233333333,5804.614166666667,879.8820333333333,1523.1596666666667,1197.9891,1352.7059000000002,-425.4879333333334,776.0235666666667,0.0,63.260133333333336,11.593766666666665,4603.102666666668,30,30,30,30,30,30,30,30,30,30,30,30,30
2025-11,04,5335.119566666666,5771.335633333334,875.8173333333333,1511.2443333333333,1190.4464333333333,1354.7696,-436.2160666666667,761.1582,0.0,64.19706666666667,13.702666666666666,4573.961366666667,30,30,30,30,30,30,30,30,30,30,30,30,30
2025-11,05,5379.363466666667,5766.034266666667,870.7375,1504.7640333333334,1199.5629999999999,1358.0462666666667,-386.6708,757.5157666666667,0.0,64.09400000000001,11.3137,4621.8477,30,30,30,30,30,30,30,30,30,30,30,30,30
2025-11,06,5572.638233333333,5799.358933333334,876.4407333333334,1496.0645,1224.5151666666668,1360.8084333333334,-226.7207,766.7826,0.0,64.28946666666667,10.458033333333333,4805.855633333334,30,30,30,30,30,30,30,30,30,30,30,30,30
2025-11,07,6031.156033333334,5980.281300000001,881.8643666666667,1489.9160000000002,1366.1452,1361.4629333333332,50.87473333333334,803.2119333333334,0.0,65.2105,12.470366666666667,5227.9441,30,30,30,30,30,30,30,30,30,30,30,30,30
2025-11,08,6585.773733333333,6451.222833333333,909.5851333333334,1504.6608666666666,1711.982166666667,1361.4769333333331,134.5509,834.3798666666667,12.234100000000002,64.88956666666667,52.0142,5739.159766666667,30,30,30,30,30,30,30,30,30,30,30,30,30
2025-11,09,6912.381833333334,6639.191966666667,919.5319,1512.8546,1750.7543666666668,1361.9264666666668,273.18986666666666,817.7833333333333,142.44523333333333,64.9773,68.91876666666667,5952.153266666666,30,30,30,30,30,30,30,30,30,30,30,30,30
2025-11,10,6935.169066666667,6645.285733333334,918.9227666666667,1501.1215333333334,1685.2069666666669,1344.3741666666667,289.8833333333333,733.7019666666667,337.17573333333337,64.2054,60.5772,5864.291366666667,30,30,30,30,30,30,30,30,30,30,30,30,30
2025-11,11,6782.8995,6574.9259,911.1194666666667,1504.7242666666668,1539.2193000000002,1338.9093333333333,207.9736,676.3749666666666,502.68350000000004,63.750800000000005,38.14426666666667,5603.841033333334,30,30,30,30,30,30,30,30,30,30,30,30,30
2025-11,12,6612.124366666667,6509.389766666666,898.6594333333334,1496.2118666666668,1450.6859000000002,1345.3947333333335,102.73460000000001,648.9014000000001,593.5008333333334,63.85776666666667,12.177833333333334,5369.722133333333,30,30,30,30,30,30,30,30,30,30,30,30,30
2025-11,13,6544.0385,6447.152700000001,903.2999333333333,1485.4962666666665,1389.4381333333333,1334.3199666666667,96.88580000000002,633.2392666666667,612.7471,64.08043333333333,24.5316,5298.052133333334,30,30,30,30,30,30,30,30,30,30,30,30,30
2025-11,14,6609.988,6411.630300000001,905.6685333333334,1484.9156666666668,1388.6160666666667,1339.0410000000002,198.35770000000002,644.8151666666668,567.7676,63.9544,16.851866666666666,5397.405233333334,30,30,30,30,30,30,30,30,30,30,30,30,30
2025-11,15,6680.047733333334,6377.9488666666675,909.7776666666667,1482.5721999999998,1446.1762,1327.4615999999999,302.09886666666665,680.4938000000001,454.481,63.58206666666667,13.404333333333334,5545.072933333333,30,30,30,30,30,30,30,30,30,30,30,30,30
2025-11,16,6856.4366,6417.683366666667,924.5088666666667,1504.2187666666666,1648.9878666666666,1319.6584,438.7532333333333,691.4341666666667,244.1186,64.63086666666668,20.125833333333333,5920.883833333334,30,30,30,30,30,30,30,30,30,30,30,30,30
2025-11,17,7166.722033333334,6574.377433333333,960.7939,1541.2072666666668,1862.8031999999998,1345.0403666666668,592.3446,722.5442,45.11,65.20813333333334,31.670366666666666,6399.0678333333335,30,30,30,30,30,30,30,30,30,30,30,30,30
2025-11,18,7567.9727,6851.350066666667,966.4755666666666,1567.9035000000001,2021.9578666666669,1349.0905333333333,716.6226333333333,824.513,0.9639333333333334,65.88853333333334,54.55713333333333,6742.495766666668,30,30,30,30,30,30,30,30,30,30,30,30,30
2025-11,19,7631.241066666667,7079.3334,953.5761333333334,1565.0091666666667,2201.5916666666667,1354.5569666666668,551.9076666666666,881.5799000000001,0.0,66.3373,56.68226666666667,6749.661166666668,30,30,30,30,30,30,30,30,30,30,30,30,30
2025-11,20,7538.34,7137.8778,943.1885,1568.1302666666668,2243.0647000000004,1354.8744333333334,400.4622,917.2592999999999,0.0,65.96356666666667,45.39703333333333,6621.0807,30,30,30,30,30,30,30,30,30,30,30,30,30
2025-11,21,7345.3951,7105.028666666667,939.1045666666668,1562.9407,2234.2576666666664,1342.0549666666666,240.36643333333333,927.6246666666666,0.0,65.66673333333333,33.37936666666666,6417.770433333334,30,30,30,30,30,30,30,30,30,30,30,30,30
2025-11,22,6981.722466666667,7005.397866666666,935.4101333333333,1553.7401333333332,2159.3564,1342.8389666666667,-23.675399999999993,926.9295,0.0,65.08250000000001,22.040233333333333,6054.792966666666,30,30,30,30,30,30,30,30,30,30,30,30,30
2025-11,23,6425.0012,6817.603700000001,910.1976,1548.5494,2017.9968666666668,1343.6325666666667,-392.6025,914.0460333333334,0.0,64.81436666666667,18.366866666666667,5510.955166666667,30,30,30,30,30,30,30,30,30,30,30,30,30
2025-11,24,5978.622133333333,6427.758833333334,899.4054666666667,1542.4445,1677.8440333333335,1345.5378333333333,-449.1367,874.6113,0.0,64.6467,23.269000000000002,5104.010833333334,30,30,30,30,30,30,30,30,30,30,30,30,30
2025-12,01,5841.126161290324,6325.58035483871,800.0275806451613,1597.4923548387096,1657.6440967741937,1336.1835806451613,-484.4541935483871,846.3858387096775,0.0,67.50048387096774,20.346419354838712,4994.740322580646,31,31,31,31,31,31,31,31,31,31,31,31,31
2025-12,02,5640.734387096774,6195.110548387097,791.4773225806453,1593.4301935483873,1538.2904193548388,1335.8153548387097,-554.3761612903226,853.4167096774194,0.0,66.61970967741937,16.06083870967742,4787.317677419354,31,31,31,31,31,31,31,31,31,31,31,31,31
2025-12,03,5513.290483870968,6147.814838709678,782.2344838709678,1590.1557741935485,1501.3663870967741,1336.888870967742,-634.5243548387097,857.7833870967742,0.0,66.59712903225807,12.788806451612905,4655.507096774194,31,31,31,31,31,31,31,31,31,31,31,31,31
2025-12,04,5453.983225806452,6098.51370967742,778.0708387096774,1588.420677419355,1473.8100322580647,1337.0306129032258,-644.5304838709677,843.0475806451614,0.0,66.96035483870968,11.173612903225807,4610.93564516129,31,31,31,31,31,31,31,31,31,31,31,31,31
2025-12,05,5489.161806451613,6095.413806451613,777.2837096774194,1585.399258064516,1470.0508387096775,1337.1731612903227,-606.2520000000001,849.2267741935483,0.0,66.57616129032257,9.703903225806453,4639.935032258065,31,31,31,31,31,31,31,31,31,31,31,31,31
2025-12,06,5669.027225806452,6149.065419354839,785.735935483871,1590.9271612903226,1502.0794193548386,1336.6841935483872,-480.0381935483871,850.9560645161291,0.0,66.16251612903226,16.520129032258065,4818.071161290322,31,31,31,31,31,31,31,31,31,31,31,31,31
2025-12,07,6102.104354838711,6269.363516129032,787.736935483871,1598.6008387096774,1607.4470967741936,1337.4110967741935,-167.2591612903226,852.6262903225806,0.0,67.1267741935484,18.414483870967743,5249.478064516129,31,31,31,31,31,31,31,31,31,31,31,31,31
2025-12,08,6683.075096774194,6598.8129677419365,805.4235161290322,1608.1599354838709,1904.6548387096775,1336.834129032258,84.26212903225806,842.9757096774193,0.0,66.602,34.162838709677416,5840.099387096774,31,31,31,31,31,31,31,31,31,31,31,31,31
2025-12,09,7090.465322580646,6796.281612903226,806.7725161290323,1617.3489677419354,1976.7821290322581,1337.1143225806452,294.18370967741936,869.0978709677419,41.29674193548387,66.23954838709678,81.62951612903225,6180.0707096774195,31,31,31,31,31,31,31,31,31,31,31,31,31
2025-12,10,7225.648580645161,6898.638612903225,813.0103870967743,1624.3434838709677,1934.395870967742,1318.8142258064518,327.00996774193544,836.6265161290323,214.61832258064516,65.96603225806452,90.8637741935484,6174.403741935484,31,31,31,31,31,31,31,31,31,31,31,31,31
2025-12,11,7111.830967741936,6952.422774193548,811.9677419354839,1616.4682258064515,1844.7593225806454,1315.6055806451614,159.40819354838712,828.7662258064516,398.43987096774197,65.60461290322581,70.8111935483871,5884.624870967742,31,31,31,31,31,31,31,31,31,31,31,31,31
2025-12,12,6958.704419354839,6922.723193548387,802.4803548387097,1609.403935483871,1756.3569032258065,1316.995741935484,35.98122580645162,843.5854516129033,508.57587096774193,65.8933870967742,19.431548387096775,5606.543096774194,31,31,31,31,31,31,31,31,31,31,31,31,31
2025-12,13,6856.102032258064,6936.248387096774,806.2769032258064,1600.8120967741936,1710.565193548387,1315.178870967742,-80.14635483870967,854.9183225806452,558.3138064516129,65.97851612903226,24.20467741935484,5442.869903225806,31,31,31,31,31,31,31,31,31,31,31,31,31
2025-12,14,6896.233774193549,6860.793967741936,809.0109032258066,1601.9268387096774,1678.395516129032,1318.1660967741934,35.439806451612924,844.3029354838711,525.5553870967742,65.98467741935484,17.451612903225808,5526.375451612903,31,31,31,31,31,31,31,31,31,31,31,31,31
2025-12,15,6975.0236774193545,6791.178258064517,819.1826129032258,1608.7335806451613,1731.0882580645164,1316.869258064516,183.84541935483875,835.2609032258065,391.31474193548394,65.94387096774193,22.785032258064515,5748.448032258065,31,31,31,31,31,31,31,31,31,31,31,31,31
2025-12,16,7151.776903225807,6727.131838709677,834.8805483870968,1621.5133548387098,1868.0820322580646,1323.5861612903227,424.645064516129,807.2271290322581,178.76083870967742,67.01435483870968,26.067419354838712,6165.788935483871,31,31,31,31,31,31,31,31,31,31,31,31,31
2025-12,17,7451.033548387097,6744.240516129033,845.6900967741935,1645.6923225806452,2008.8488387096777,1321.531741935484,706.7930322580645,788.0686774193549,21.00232258064516,67.67145161290323,45.735064516129036,6641.962548387097,31,31,31,31,31,31,31,31,31,31,31,31,31
2025-12,18,7812.653838709677,7027.252677419356,851.6037096774194,1666.3848709677418,2188.8854193548386,1324.632258064516,785.4011612903226,823.7715483870968,0.0,67.91248387096775,104.0623870967742,6988.88229032258,31,31,31,31,31,31,31,31,31,31,31,31,31
2025-12,19,7786.27870967742,7152.955580645162,836.6747096774194,1654.8056774193549,2325.6237741935483,1332.645870967742,633.3231290322581,844.4846451612904,0.0,68.34393548387098,90.37696774193549,6941.79406451613,31,31,31,31,31,31,31,31,31,31,31,31,31
2025-12,20,7682.855483870969,7155.504870967742,829.1517419354839,1642.9111935483872,2389.6777741935484,1331.8130322580644,527.3506129032259,836.17,0.0,67.92870967741935,57.852419354838716,6846.685483870968,31,31,31,31,31,31,31,31,31,31,31,31,31
2025-12,21,7500.038580645161,7115.706677419355,822.5036451612904,1638.2095483870967,2384.7356774193554,1332.5848387096773,384.33190322580646,827.0831290322581,0.0,67.69935483870968,42.89048387096774,6672.955451612904,31,31,31,31,31,31,31,31,31,31,31,31,31
2025-12,22,7156.404096774194,7031.286161290323,815.9990967741936,1630.4796451612904,2328.496774193549,1332.8352258064517,125.11793548387098,838.4685161290323,0.0,67.46506451612903,17.54183870967742,6317.935580645161,31,31,31,31,31,31,31,31,31,31,31,31,31
2025-12,23,6644.7771612903225,6847.249612903226,811.7176451612903,1617.2802258064517,2154.706870967742,1334.244612903226,-202.47245161290323,842.6414838709677,0.0,67.3405806451613,19.318193548387097,5802.135677419355,31,31,31,31,31,31,31,31,31,31,31,31,31
2025-12,24,6195.910483870968,6514.60706451613,810.0552903225806,1617.0264193548387,1837.9647096774195,1335.5997096774195,-318.6965806451613,826.7588709677419,0.0,67.28758064516128,19.914483870967743,5369.151612903226,31,31,31,31,31,31,31,31,31,31,31,31,31
2026-01,01,6218.235161290323,6143.3858709677415,745.6727419354838,1840.1404193548387,1183.667322580645,1335.3295806451613,74.84929032258064,959.9081290322581,0.0,56.309161290322585,22.35851612903226,5258.327032258065,31,31,31,31,31,31,31,31,31,31,31,31,31
2026-01,02,6046.5196774193555,5974.498322580645,729.0231290322581,1834.6903225806452,1074.2031612903227,1335.3613870967743,72.0213548387097,928.6712580645161,0.0,56.38958064516129,16.159483870967744,5117.848419354839,31,31,31,31,31,31,31,31,31,31,31,31,31
2026-01,03,5930.524258064516,5946.962709677419,728.9976451612903,1828.7101935483872,1046.1042903225807,1334.478612903226,-16.438451612903215,943.3986451612903,0.0,57.163709677419355,8.109612903225806,4987.125612903225,31,31,31,31,31,31,31,31,31,31,31,31,31
2026-01,04,5901.131064516129,5912.855741935484,717.5396774193548,1811.7522580645161,1019.7534193548387,1335.2881612903225,-11.72467741935484,963.8521935483872,0.0,57.477322580645165,7.192709677419354,4937.278870967742,31,31,31,31,31,31,31,31,31,31,31,31,31
2026-01,05,5933.083645161291,5925.604935483871,716.9045806451613,1796.2783870967744,1024.1830322580645,1335.2632903225806,7.4787096774193556,988.0989032258065,0.0,57.37045161290323,7.506290322580645,4944.984741935484,31,31,31,31,31,31,31,31,31,31,31,31,31
2026-01,06,6095.422677419355,5968.597451612904,718.1958709677419,1793.8297741935482,1049.7805483870968,1334.716322580645,126.82522580645161,1009.7761612903226,0.0,57.27829032258065,5.020483870967743,5085.6465161290325,31,31,31,31,31,31,31,31,31,31,31,31,31
2026-01,07,6522.244483870968,6105.765967741935,733.8698064516129,1798.6789999999999,1159.1137741935484,1334.8024516129033,416.47851612903224,1012.1194516129033,0.0,57.68341935483871,9.498064516129032,5510.125032258065,31,31,31,31,31,31,31,31,31,31,31,31,31
2026-01,08,7105.626580645161,6550.781,754.8385806451613,1812.8919677419353,1574.6240000000003,1335.3774838709676,554.8455806451612,987.8155161290322,0.0,57.89822580645161,27.335225806451614,6117.81106451613,31,31,31,31,31,31,31,31,31,31,31,31,31
2026-01,09,7553.059419354839,6852.635419354839,765.7214838709677,1823.6903548387097,1755.3456451612903,1334.022741935484,700.424,970.2850645161291,37.17941935483871,57.901258064516135,108.48945161290324,6545.594935483871,31,31,31,31,31,31,31,31,31,31,31,31,31
2026-01,10,7780.598741935484,7079.858612903226,772.5962903225807,1833.5036451612903,1814.1960000000001,1317.417258064516,700.7401290322581,922.3873225806451,193.6691612903226,57.441709677419354,168.64722580645162,6664.542258064516,31,31,31,31,31,31,31,31,31,31,31,31,31
2026-01,11,7727.181741935485,7132.146000000001,777.6209032258064,1834.7459999999999,1799.937806451613,1316.9787096774191,595.0357419354839,842.959870967742,371.74451612903226,56.957677419354845,131.20051612903228,6512.47735483871,31,31,31,31,31,31,31,31,31,31,31,31,31
2026-01,12,7599.604354838709,7031.875193548387,763.4614838709678,1826.9232580645162,1736.684935483871,1322.918193548387,567.7291612903225,783.4967741935484,499.985935483871,57.89703225806451,40.5075806451613,6316.121645161291,31,31,31,31,31,31,31,31,31,31,31,31,31
2026-01,13,7527.355032258065,6942.501225806453,762.3452258064516,1819.7722903225806,1643.2433548387098,1314.1818387096775,584.853806451613,767.0896451612904,559.0657096774194,57.79509677419355,19.008064516129032,6201.199677419355,31,31,31,31,31,31,31,31,31,31,31,31,31
2026-01,14,7512.321548387096,6833.7261935483875,754.8541612903225,1806.6830645161292,1602.6320322580646,1317.6305483870967,678.5953548387096,749.0633548387096,537.1927419354838,56.99880645161291,8.671483870967743,6226.065451612903,31,31,31,31,31,31,31,31,31,31,31,31,31
2026-01,15,7481.791580645162,6756.4038064516135,753.6357741935485,1812.7020322580645,1614.2773225806452,1311.9093548387098,725.3877741935484,754.1323225806451,442.3151612903226,56.444516129032266,10.987322580645163,6285.344096774194,31,31,31,31,31,31,31,31,31,31,31,31,31
2026-01,16,7521.962774193549,6669.283096774194,764.3174193548388,1823.7758387096774,1678.0974193548388,1321.8916451612904,852.6796774193548,743.581064516129,256.23206451612907,57.35793548387097,24.029709677419355,6522.14964516129,31,31,31,31,31,31,31,31,31,31,31,31,31
2026-01,17,7722.2481290322585,6707.407548387097,779.9568064516129,1853.4466129032257,1823.598806451613,1324.2666129032257,1014.8405806451614,773.3953225806451,62.562,57.60851612903226,32.572870967741935,6886.290806451613,31,31,31,31,31,31,31,31,31,31,31,31,31
2026-01,18,8089.433903225807,7039.25235483871,789.3990000000001,1859.8614838709677,1980.8854838709678,1326.3865483870968,1050.1815483870969,862.9036774193548,0.10835483870967745,58.05225806451613,161.6555483870968,7226.4218709677425,31,31,31,31,31,31,31,31,31,31,31,31,31
2026-01,19,8201.273967741936,7208.021387096775,792.9141290322581,1865.051322580645,2082.4766451612904,1333.2987096774193,993.2525806451614,913.8262258064517,0.0,58.93670967741936,161.51764516129035,7287.447741935484,31,31,31,31,31,31,31,31,31,31,31,31,31
2026-01,20,8105.082903225807,7194.13335483871,787.6548709677419,1866.4215483870967,2116.366032258065,1333.22,910.9495483870968,926.7777419354838,0.0,59.192838709677424,104.50032258064518,7178.305161290324,31,31,31,31,31,31,31,31,31,31,31,31,31
2026-01,21,7920.623806451614,7131.363709677419,790.6279032258064,1864.9165806451615,2076.9644516129033,1333.3947741935483,789.2600967741936,954.3722258064516,0.0,59.32416129032258,51.763612903225805,6966.251580645161,31,31,31,31,31,31,31,31,31,31,31,31,31
2026-01,22,7559.772064516129,6997.421129032258,779.0022258064516,1851.253677419355,1975.9451290322581,1333.1150322580645,562.350935483871,983.5361612903225,0.0,58.51390322580645,16.055,6576.235903225806,31,31,31,31,31,31,31,31,31,31,31,31,31
2026-01,23,7002.820032258064,6747.488,768.0670322580646,1843.8973225806453,1744.4955806451612,1333.377129032258,255.33203225806454,983.6737741935484,0.0,57.08190322580645,16.89525806451613,6019.146258064516,31,31,31,31,31,31,31,31,31,31,31,31,31
2026-01,24,6532.423161290323,6408.3240000000005,747.2052903225807,1837.336064516129,1446.686612903226,1334.6359677419357,124.09916129032258,959.7135161290323,0.0,56.83041935483872,25.916129032258066,5572.709645161291,31,31,31,31,31,31,31,31,31,31,31,31,31
2026-02,01,6182.286071428572,6380.589821428572,707.4238928571428,1647.7630357142857,1531.9051785714287,1335.29275,-198.30375,1071.8077500000002,0.0,69.22946428571429,17.16775,5110.478321428572,28,28,28,28,28,28,28,28,28,28,28,28,28
2026-02,02,6031.195285714285,6253.308785714286,688.5519285714287,1619.591285714286,1503.52325,1335.6994285714286,-222.1135,1027.8793571428573,0.0,68.09682142857143,9.966714285714286,5003.315928571429,28,28,28,28,28,28,28,28,28,28,28,28,28
2026-02,03,5929.315142857143,6199.621642857143,687.7718571428571,1607.8423571428573,1491.243107142857,1335.7921428571428,-270.30649999999997,999.1043928571429,0.0,68.56207142857143,9.305714285714286,4930.21075,28,28,28,28,28,28,28,28,28,28,28,28,28
2026-02,04,5889.500964285714,6146.2516428571425,688.0789285714287,1604.4413214285717,1460.5146071428571,1335.8932857142859,-256.7506785714286,979.2309642857143,0.0,69.03171428571429,9.060821428571428,4910.2699999999995,28,28,28,28,28,28,28,28,28,28,28,28,28
2026-02,05,5935.818178571429,6132.715892857143,693.1612142857142,1608.4667142857143,1463.9993214285714,1335.8934642857143,-196.8977142857143,953.8271785714286,0.0,69.05528571428572,8.312714285714286,4981.991,28,28,28,28,28,28,28,28,28,28,28,28,28
2026-02,06,6150.09375,6190.538357142858,695.5346071428572,1611.0048571428572,1514.2340714285715,1336.0516785714285,-40.44460714285717,959.3310357142857,0.0,68.87075,5.511357142857143,5190.7627142857145,28,28,28,28,28,28,28,28,28,28,28,28,28
2026-02,07,6616.849214285715,6380.489428571428,700.2258214285714,1623.7923214285715,1694.458642857143,1336.2328571428573,236.35978571428572,946.7648928571429,0.0,68.67578571428571,10.339107142857143,5670.0843214285715,28,28,28,28,28,28,28,28,28,28,28,28,28
2026-02,08,7195.614500000001,7007.085964285715,704.1622500000001,1651.0705714285716,2183.8895714285713,1336.0939642857143,188.5285357142857,945.3655,17.266964285714288,68.74160714285715,100.49553571428571,6232.982035714286,28,28,28,28,28,28,28,28,28,28,28,28,28
2026-02,09,7630.862214285714,7310.562642857143,704.40075,1659.6576071428572,2285.5529285714288,1331.9056785714286,320.2995714285715,925.5574642857143,184.1722142857143,68.62935714285715,150.68664285714286,6521.132535714286,28,28,28,28,28,28,28,28,28,28,28,28,28
2026-02,10,7714.704607142857,7440.492571428572,699.9168214285716,1632.3148214285716,2266.8455,1316.3465357142857,274.2120357142857,909.3273214285715,433.68764285714286,68.28210714285714,113.77182142857144,6371.689642857143,28,28,28,28,28,28,28,28,28,28,28,28,28
2026-02,11,7533.598892857144,7338.361928571429,702.1130714285715,1609.0044642857142,2046.2160714285715,1317.6513928571428,195.2369642857143,875.1196071428573,653.80325,68.16364285714286,66.29042857142858,6004.676035714286,28,28,28,28,28,28,28,28,28,28,28,28,28
2026-02,12,7301.31075,7249.635357142857,696.3990357142858,1604.3940357142858,1879.9587142857142,1319.2190357142858,51.67539285714286,875.3770357142857,787.6993571428573,67.83178571428572,18.756357142857144,5638.234357142857,28,28,28,28,28,28,28,28,28,28,28,28,28
2026-02,13,7152.301892857143,7155.4018214285725,693.0156428571429,1585.7190714285714,1766.5885,1315.3830357142856,-3.0999285714285696,861.0304285714285,853.7296428571428,67.80953571428572,12.125964285714288,5437.541821428572,28,28,28,28,28,28,28,28,28,28,28,28,28
2026-02,14,7164.719642857143,7038.979071428572,696.18325,1579.5129285714286,1683.306607142857,1321.2249642857143,125.74057142857143,833.789,844.3403214285715,68.06789285714287,12.554107142857143,5486.590321428572,28,28,28,28,28,28,28,28,28,28,28,28,28
2026-02,15,7122.708250000001,6975.627,694.1717857142858,1575.6950714285715,1725.2342142857144,1313.8330714285714,147.08125,840.49175,750.6968214285715,68.08896428571428,7.415321428571429,5531.519678571429,28,28,28,28,28,28,28,28,28,28,28,28,28
2026-02,16,7166.0545,6937.468607142858,698.1663571428571,1581.6834642857143,1824.6506785714287,1320.9371785714286,228.58589285714285,871.3001428571428,555.8625714285714,69.22825,15.639964285714285,5738.891785714286,28,28,28,28,28,28,28,28,28,28,28,28,28
2026-02,17,7422.150000000001,7060.788107142857,713.1342142857144,1613.6291071428573,2138.162392857143,1319.9027857142858,361.36189285714283,903.4775714285714,277.7803214285714,68.50653571428572,26.195178571428574,6240.892107142858,28,28,28,28,28,28,28,28,28,28,28,28,28
2026-02,18,7773.863607142857,7243.335571428572,720.0662857142858,1652.4350714285715,2394.4881785714288,1323.795,530.5280357142857,944.3629285714286,51.59392857142858,68.65528571428572,87.93889285714286,6777.90675,28,28,28,28,28,28,28,28,28,28,28,28,28
2026-02,19,8134.969250000001,7534.748214285714,723.5906785714286,1685.5095,2529.6357142857146,1331.7172142857144,600.2210357142857,995.3752857142857,0.7055714285714288,69.13985714285715,199.07439285714287,7138.888392857143,28,28,28,28,28,28,28,28,28,28,28,28,28
2026-02,20,8127.106535714286,7529.874750000001,718.5198928571428,1676.9727500000001,2541.2259285714285,1331.7664642857144,597.2317857142858,1039.2165357142858,0.33671428571428574,68.78128571428572,153.05517857142857,7087.553285714285,28,28,28,28,28,28,28,28,28,28,28,28,28
2026-02,21,7950.397714285716,7427.862107142858,720.3451071428572,1674.1560714285715,2529.7756785714287,1332.1453928571427,522.5356071428571,1037.5496071428572,0.0,68.39346428571429,65.49678571428572,6912.848107142857,28,28,28,28,28,28,28,28,28,28,28,28,28
2026-02,22,7557.523035714286,7315.597678571429,716.6083571428571,1663.092142857143,2454.5516428571427,1333.470535714286,241.92535714285717,1052.8593214285715,0.0,68.41735714285714,26.598321428571428,6504.663714285714,28,28,28,28,28,28,28,28,28,28,28,28,28
2026-02,23,6976.709607142858,7094.238892857144,705.26225,1656.219892857143,2254.2117857142857,1334.3482857142858,-117.52928571428572,1060.3319642857143,0.0,68.39592857142857,15.468785714285715,5916.377642857143,28,28,28,28,28,28,28,28,28,28,28,28,28
2026-02,24,6500.836714285715,6778.366857142857,703.9783214285715,1653.8270714285716,1957.0674642857143,1334.7804285714287,-277.53014285714283,1046.4787857142858,0.0,69.03275000000001,13.202035714285715,5454.357928571429,28,28,28,28,28,28,28,28,28,28,28,28,28
2026-03,01,5663.300774193549,6065.178483870968,664.6992258064516,1538.043129032258,1768.889741935484,1335.1206451612904,-401.8777096774194,686.0687741935484,-0.24590322580645166,58.020774193548384,14.582096774193548,4977.477903225807,31,31,31,31,31,31,31,31,31,31,31,31,31
2026-03,02,5496.247193548387,5908.937258064517,654.5537741935484,1532.4954838709677,1636.3865483870968,1335.1636129032258,-412.69006451612904,683.4536774193549,-0.2369354838709678,57.52783870967742,9.59325806451613,4813.030451612904,31,31,31,31,31,31,31,31,31,31,31,31,31
2026-03,03,5446.019433333334,5890.4788,658.3679,1537.0917333333334,1597.2577666666666,1335.0624,-444.4593666666667,692.9658333333334,-0.24986666666666668,58.062400000000004,11.920633333333335,4753.303466666666,30,30,30,30,30,30,30,30,30,30,30,30,30
2026-03,04,5409.455032258064,5847.363612903226,649.5780967741936,1527.734,1580.995935483871,1335.5285483870969,-437.90858064516135,690.8285806451613,-0.23822580645161295,57.96796774193549,4.968709677419355,4718.864677419356,31,31,31,31,31,31,31,31,31,31,31,31,31
2026-03,05,5467.97635483871,5869.103548387097,656.2694516129034,1530.7490967741935,1589.1846774193548,1335.976677419355,-401.1271935483871,689.5013225806453,-0.23841935483870969,57.98380645161291,9.676935483870968,4778.713451612904,31,31,31,31,31,31,31,31,31,31,31,31,31
2026-03,06,5667.000387096774,5954.4003870967745,662.4090645161291,1532.0532903225808,1649.2839032258064,1335.8641612903227,-287.4,699.307064516129,-0.23445161290322583,57.90487096774194,17.812483870967743,4967.927774193548,31,31,31,31,31,31,31,31,31,31,31,31,31
2026-03,07,6026.345,6200.420258064517,659.6962258064517,1538.6519354838708,1806.6463225806451,1335.7250000000001,-174.07525806451613,719.3041290322581,4.1208709677419355,57.685,78.59077419354838,5302.920000000001,31,31,31,31,31,31,31,31,31,31,31,31,31
2026-03,08,6447.802032258065,6569.184161290323,646.845870967742,1534.235677419355,1923.4417096774193,1335.4932258064516,-121.38212903225808,715.1768709677419,179.30212903225805,58.03164516129032,176.65703225806453,5553.323032258065,31,31,31,31,31,31,31,31,31,31,31,31,31
2026-03,09,6479.973,6739.0054193548385,637.4894838709677,1478.867806451613,1813.625,1335.360129032258,-259.03241935483874,664.6606774193548,629.6645161290322,58.58554838709678,120.75225806451614,5185.647806451613,31,31,31,31,31,31,31,31,31,31,31,31,31
2026-03,10,6152.683645161292,6688.151548387097,628.2904193548387,1375.1593548387098,1544.3971290322581,1319.7417096774195,-535.4679032258065,642.5937419354839,1090.3709032258064,58.4823870967742,29.115903225806456,4419.719000000001,31,31,31,31,31,31,31,31,31,31,31,31,31
2026-03,11,5699.255387096775,6662.7768387096785,615.0309032258066,1268.2103225806452,1310.5133870967743,1312.8246451612902,-963.5214516129032,693.9512258064517,1380.2223225806451,58.34254838709678,23.681483870967746,3625.081838709678,31,31,31,31,31,31,31,31,31,31,31,31,31
2026-03,12,5370.070516129032,6636.881,611.7283225806452,1240.1178387096775,1166.6589354838711,1318.7144193548388,-1266.8104838709678,725.121870967742,1500.0990645161291,58.252483870967744,16.18806451612903,3144.8495806451615,31,31,31,31,31,31,31,31,31,31,31,31,31
2026-03,13,5199.434322580645,6597.441225806452,610.1346451612903,1229.4144838709678,1098.4605483870969,1310.6716451612904,-1398.0069032258064,752.9775483870968,1517.053322580645,57.936064516129036,20.792967741935485,2929.403451612903,31,31,31,31,31,31,31,31,31,31,31,31,31
2026-03,14,5258.7880000000005,6534.680935483871,608.1882580645162,1225.3720322580646,1073.2924516129033,1318.2759677419356,-1275.8929354838708,765.9776451612903,1474.0514838709676,57.933354838709676,11.58974193548387,3018.758870967742,31,31,31,31,31,31,31,31,31,31,31,31,31
2026-03,15,5333.791161290323,6495.385645161291,614.620806451613,1235.4223870967744,1101.922,1313.9213548387097,-1161.594483870968,774.8053870967742,1375.7210967741935,57.99961290322581,20.973,3183.264677419355,31,31,31,31,31,31,31,31,31,31,31,31,31
2026-03,16,5587.756516129033,6449.08506451613,626.2226774193549,1268.985935483871,1232.7212580645162,1322.2921935483873,-861.3285483870968,772.9221935483871,1149.8655806451613,57.95651612903226,18.118709677419357,3664.968741935484,31,31,31,31,31,31,31,31,31,31,31,31,31
2026-03,17,6064.1934193548395,6430.497096774194,647.089129032258,1378.3274193548389,1498.647806451613,1322.996483870968,-366.30367741935487,747.8467741935484,753.512935483871,57.64277419354839,24.433774193548388,4562.833709677419,31,31,31,31,31,31,31,31,31,31,31,31,31
2026-03,18,6610.041064516129,6628.2208709677425,668.2078387096774,1504.7404193548387,2086.538129032258,1325.6213870967742,-18.179806451612905,679.345,272.3617741935484,57.92345161290323,33.48287096774194,5658.334290322581,31,31,31,31,31,31,31,31,31,31,31,31,31
2026-03,19,7126.677129032259,6759.302,684.5335161290323,1551.3691290322581,2309.3319354838713,1332.2842903225808,367.3751290322581,665.3316451612903,22.730161290322584,58.227161290322584,135.49416129032258,6438.615322580646,31,31,31,31,31,31,31,31,31,31,31,31,31
2026-03,20,7466.855967741935,6943.432096774194,693.173,1578.787677419355,2377.9272903225806,1332.7089677419356,523.423870967742,679.6670967741935,0.886483870967742,57.75058064516129,222.531,6786.3023870967745,31,31,31,31,31,31,31,31,31,31,31,31,31
2026-03,21,7408.661935483871,6861.924451612904,691.3450322580645,1577.594741935484,2374.913129032258,1332.9930000000002,546.7374838709678,701.3511612903227,-0.2575806451612903,57.90967741935484,126.07529032258064,6707.56835483871,31,31,31,31,31,31,31,31,31,31,31,31,31
2026-03,22,7032.40870967742,6683.806838709678,690.2863225806452,1570.4759677419354,2295.742483870968,1333.647870967742,348.60187096774195,708.119,-0.2658064516129032,58.10725806451613,27.693741935483875,6324.555516129033,31,31,31,31,31,31,31,31,31,31,31,31,31
2026-03,23,6453.325870967742,6518.4528064516135,682.8204516129033,1551.8975806451615,2174.4781935483875,1333.9553548387098,-65.12693548387097,697.4920322580646,-0.2809032258064516,57.942,20.148096774193547,5756.114741935484,31,31,31,31,31,31,31,31,31,31,31,31,31
2026-03,24,5985.437838709678,6333.690580645161,681.9722258064517,1538.5722258064516,2007.0805483870968,1334.4687741935484,-348.2527419354839,688.4693225806451,-0.2897096774193548,57.71787096774194,25.699322580645163,5297.258225806452,31,31,31,31,31,31,31,31,31,31,31,31,31
2026-04,01,5385.206366666666,5218.222333333334,565.5128000000001,514.3099333333333,2125.555766666667,1334.8714,166.98403333333334,611.1059,-0.3015,50.34746666666667,16.820566666666668,4774.401966666667,30,30,30,30,30,30,30,30,30,30,30,30,30
2026-04,02,5161.378500000001,5119.948433333334,557.0807333333333,506.8570333333334,2013.4419666666665,1335.4082,41.43006666666666,643.7385333333334,-0.3155,49.45656666666667,14.2809,4517.955466666667,30,30,30,30,30,30,30,30,30,30,30,30,30
2026-04,03,5088.554,5068.085566666667,542.4425333333334,503.65343333333334,1952.4745,1336.3593666666668,20.468433333333337,671.4431000000001,-0.3128,49.16716666666667,12.858266666666669,4417.4237,30,30,30,30,30,30,30,30,30,30,30,30,30
2026-04,04,5034.400566666666,4995.5519,535.0781000000001,503.1191,1898.4170666666666,1336.5692333333334,38.84866666666666,664.6755333333333,-0.31026666666666664,49.3529,8.650233333333334,4370.0353000000005,30,30,30,30,30,30,30,30,30,30,30,30,30
2026-04,05,5063.8070333333335,4977.8549,543.3292333333334,504.53470000000004,1898.4594,1336.7149666666667,85.95213333333335,630.3031,-0.3113,49.29736666666667,15.527433333333333,4433.815233333333,30,30,30,30,30,30,30,30,30,30,30,30,30
2026-04,06,5227.6513,5034.238333333334,552.3272333333333,507.7187333333334,1956.6260000000002,1337.1751666666667,193.4129666666667,616.5914,-0.11163333333333333,49.198366666666665,14.713066666666668,4611.171533333333,30,30,30,30,30,30,30,30,30,30,30,30,30
2026-04,07,5482.7131,5219.475766666667,559.1288333333334,515.0871333333333,2107.3283333333334,1337.0355333333332,263.2373333333333,606.0624666666666,4.9956,49.6155,40.222366666666666,4871.655033333333,30,30,30,30,30,30,30,30,30,30,30,30,30
2026-04,08,5828.145366666667,5551.988066666668,551.9883666666667,506.9342,2186.7330333333334,1337.2064666666668,276.15729999999996,610.3778333333333,161.97616666666667,49.590466666666664,147.18153333333333,5055.791366666667,30,30,30,30,30,30,30,30,30,30,30,30,30
2026-04,09,5852.53,5732.649466666667,535.1167666666666,497.1349,2074.3274666666666,1337.2399,119.88053333333333,536.8041333333334,588.0715,50.22396666666667,113.73083333333334,4727.654366666667,30,30,30,30,30,30,30,30,30,30,30,30,30
2026-04,10,5510.515,5768.710766666667,518.1092000000001,465.7667666666667,1796.2913,1317.4666,-258.19576666666666,519.4116666666666,1061.9436666666668,50.3761,39.34546666666667,3929.159666666667,30,30,30,30,30,30,30,30,30,30,30,30,30
2026-04,11,5043.734333333333,5783.156966666666,507.15970000000004,431.6297,1513.8315333333335,1313.6949666666667,-739.4226333333334,569.4596333333334,1364.5091666666667,49.867266666666666,33.005,3109.765533333333,30,30,30,30,30,30,30,30,30,30,30,30,30
2026-04,12,4659.220700000001,5672.599366666666,505.43486666666666,415.51373333333333,1276.2266000000002,1321.2836666666667,-1013.3786666666667,599.6177333333333,1480.5228333333332,49.3164,24.683533333333333,2579.080133333334,30,30,30,30,30,30,30,30,30,30,30,30,30
2026-04,13,4527.492233333334,5578.022033333334,505.3174333333334,411.0921666666667,1203.0696666666665,1316.3649333333335,-1050.5298,602.8479000000001,1465.6433666666667,49.78563333333333,23.900933333333334,2459.000966666667,30,30,30,30,30,30,30,30,30,30,30,30,30
2026-04,14,4498.445466666667,5469.340966666667,504.87693333333334,404.1263,1163.7348666666667,1317.1579,-970.8955000000001,618.9472333333334,1390.7045333333333,49.6437,20.1495,2488.7937,30,30,30,30,30,30,30,30,30,30,30,30,30
2026-04,15,4487.006,5351.223833333334,502.9089666666667,403.78326666666663,1131.2503333333334,1315.6741666666667,-864.2178333333334,642.2850666666667,1289.7212,49.0769,16.523933333333336,2554.9997333333336,30,30,30,30,30,30,30,30,30,30,30,30,30
2026-04,16,4600.8215666666665,5308.3832,499.6528666666667,405.3285333333333,1145.4638333333335,1317.3066000000001,-707.5616333333334,691.3696666666667,1181.7478333333333,49.3625,18.151366666666668,2727.7040666666667,30,30,30,30,30,30,30,30,30,30,30,30,30
2026-04,17,4818.142500000001,5355.081266666667,502.79200000000003,414.36283333333336,1264.2407666666666,1323.3010666666667,-536.9387666666667,729.7154333333333,1042.5681666666667,50.03223333333334,28.068766666666665,3045.8589,30,30,30,30,30,30,30,30,30,30,30,30,30
2026-04,18,5264.198166666667,5515.918633333334,511.9474333333334,428.8616666666667,1561.9872,1325.0787666666668,-251.72046666666668,789.2778666666667,820.8062333333334,50.24666666666667,27.7128,3654.114066666667,30,30,30,30,30,30,30,30,30,30,30,30,30
2026-04,19,5819.3786,5761.186633333334,533.6532333333333,482.3285,2097.340366666667,1330.8042333333333,58.19196666666668,784.5416333333334,455.2234,50.74336666666667,26.5519,4579.613566666667,30,30,30,30,30,30,30,30,30,30,30,30,30
2026-04,20,6343.273,5843.563266666667,555.3629,517.9038333333333,2463.312166666667,1332.9307666666668,499.70973333333336,782.6164333333334,102.43606666666666,50.94950000000001,38.0516,5458.2205,30,30,30,30,30,30,30,30,30,30,30,30,30
2026-04,21,6814.352733333334,6021.5949666666675,568.7940333333333,543.9932333333334,2510.1723666666667,1334.0953333333334,792.7577666666667,772.3927000000001,0.15000000000000002,51.0598,240.9375,6041.810033333333,30,30,30,30,30,30,30,30,30,30,30,30,30
2026-04,22,6784.8113,5973.300433333334,575.5285,547.3404666666667,2505.2618,1334.5998666666667,811.5108666666667,736.7373000000001,-0.2909333333333333,51.167366666666666,222.95606666666666,6048.364933333333,30,30,30,30,30,30,30,30,30,30,30,30,30
2026-04,23,6319.162466666667,5663.424300000001,565.6957,539.9894,2435.7355333333335,1334.6871333333333,655.7381666666666,703.2648666666666,-0.3092666666666667,50.74216666666667,33.618766666666666,5616.206866666666,30,30,30,30,30,30,30,30,30,30,30,30,30
2026-04,24,5794.935566666667,5426.578333333334,562.4039,524.8017000000001,2295.3749333333335,1334.5158999999999,368.35723333333334,641.3663666666667,-0.3276,50.348200000000006,18.094933333333337,5153.8968,30,30,30,30,30,30,30,30,30,30,30,30,30
2026-05,01,5237.098806451612,4445.233741935484,618.1505161290323,718.4555161290323,1838.8381290322582,303.88251612903224,791.865064516129,899.4492258064516,0.0,42.21235483870968,24.245483870967742,4337.649580645162,31,31,31,31,31,31,31,31,31,31,31,31,31
2026-05,02,5015.968193548387,4261.843677419355,615.3960322580646,713.4474193548386,1669.858612903226,303.94709677419354,754.1245161290323,889.2231612903225,0.0,41.58322580645161,28.388129032258067,4126.745032258064,31,31,31,31,31,31,31,31,31,31,31,31,31
2026-05,03,4925.013193548388,4203.975483870968,612.5331612903226,709.6135806451613,1632.4567096774194,303.9956451612903,721.0377096774195,885.1286451612904,0.0,41.28632258064516,18.961419354838714,4039.884548387097,31,31,31,31,31,31,31,31,31,31,31,31,31
2026-05,04,4884.1088064516125,4190.440516129032,610.8281612903227,706.5405806451613,1618.8174516129031,304.1147096774194,693.6682903225807,885.7664516129033,0.0,41.898935483870964,22.474225806451614,3998.3423548387095,31,31,31,31,31,31,31,31,31,31,31,31,31
2026-05,05,4917.141612903226,4198.043096774194,602.6349677419355,708.1091612903226,1633.2234516129033,304.1016774193548,719.0985161290323,893.6704838709677,0.0,41.93174193548387,14.371612903225806,4023.4711290322584,31,31,31,31,31,31,31,31,31,31,31,31,31
2026-05,06,4946.07835483871,4232.027967741936,609.4553225806452,703.8496774193549,1664.6754193548388,304.22970967741935,714.0503870967742,897.7041935483871,0.0,41.75125806451613,10.362387096774194,4048.3741612903227,31,31,31,31,31,31,31,31,31,31,31,31,31
2026-05,07,5068.455516129033,4404.529580645162,606.8896774193549,696.1612903225806,1721.911935483871,304.3044838709678,663.9259354838711,875.4784838709677,59.11625806451613,41.96825806451613,98.6991935483871,4133.860774193548,31,31,31,31,31,31,31,31,31,31,31,31,31
2026-05,08,5344.724129032258,4658.45829032258,598.0315806451614,675.3513225806452,1779.4990967741935,304.34877419354837,686.2658387096774,787.6782903225807,351.7292580645161,41.78148387096775,120.03848387096775,4205.316580645162,31,31,31,31,31,31,31,31,31,31,31,31,31
2026-05,09,5270.875741935484,4826.3098709677415,587.4811935483872,640.7050967741935,1695.997,301.19816129032256,444.56587096774194,650.1638387096775,829.9404516129033,42.31709677419355,78.50703225806451,3790.7714516129035,31,31,31,31,31,31,31,31,31,31,31,31,31
2026-05,10,4940.441870967742,4973.887741935485,565.8382903225806,583.4131612903226,1558.7438387096774,291.04967741935485,-33.44587096774194,605.3972580645162,1271.3599677419354,42.53138709677419,55.55416129032258,3063.6846451612905,31,31,31,31,31,31,31,31,31,31,31,31,31
2026-05,11,4538.351096774194,5040.374483870967,536.837870967742,529.7745161290323,1421.5756129032259,283.5406129032258,-502.02338709677423,643.1336774193549,1548.7958387096776,41.924419354838705,34.791935483870965,2346.4215806451616,31,31,31,31,31,31,31,31,31,31,31,31,31
2026-05,12,4253.1955161290325,4893.0831290322585,525.6500322580645,493.03322580645164,1193.6582903225806,281.40325806451614,-639.8876129032258,668.2845806451613,1673.9721612903227,40.94822580645161,16.13335483870968,1910.9387741935484,31,31,31,31,31,31,31,31,31,31,31,31,31
2026-05,13,4132.315612903226,4884.339935483871,525.1285806451613,482.84190322580645,1125.6637741935485,280.75045161290325,-752.0243225806452,688.9813225806452,1725.4974516129032,41.108225806451614,14.368225806451614,1717.8368387096775,31,31,31,31,31,31,31,31,31,31,31,31,31
2026-05,14,4156.01735483871,4854.300645161291,526.3865806451613,482.0451935483871,1090.1745161290323,282.85641935483875,-698.2832903225807,709.1127741935484,1704.8291290322582,41.31906451612903,17.576967741935484,1742.0754516129034,31,31,31,31,31,31,31,31,31,31,31,31,31
2026-05,15,4146.078258064516,4816.484838709677,531.0870322580645,481.5445161290323,1105.477548387097,283.3469032258065,-670.4065806451613,718.5550322580646,1635.4404838709677,41.00835483870968,20.024967741935484,1792.0827419354841,31,31,31,31,31,31,31,31,31,31,31,31,31
2026-05,16,4278.659096774193,4774.6685806451615,534.4029677419355,478.0178387096774,1122.734870967742,287.22387096774196,-496.0094838709678,781.9390967741936,1519.4969354838709,41.461774193548386,9.391225806451612,1977.2230645161292,31,31,31,31,31,31,31,31,31,31,31,31,31
2026-05,17,4501.330741935484,4729.972290322581,539.8178709677419,486.1687096774194,1187.4939032258064,288.46500000000003,-228.6415483870968,833.5425161290323,1332.7634838709678,41.53012903225807,20.19067741935484,2335.0247419354837,31,31,31,31,31,31,31,31,31,31,31,31,31
2026-05,18,4933.243774193548,4828.705967741936,554.0245161290323,531.2961612903226,1462.8415806451612,292.48251612903226,104.53780645161291,841.4139677419356,1073.7160967741936,41.48006451612903,31.451064516129033,3018.1137096774196,31,31,31,31,31,31,31,31,31,31,31,31,31
2026-05,19,5479.506290322581,5031.081193548388,571.1472903225807,617.5319677419355,1983.6380967741936,294.37496774193545,448.42509677419355,817.7055161290324,680.093935483871,42.483999999999995,24.10541935483871,3981.706838709678,31,31,31,31,31,31,31,31,31,31,31,31,31
2026-05,20,5991.446774193549,5039.355387096774,602.2712580645161,676.1251290322581,2352.0631290322585,292.313935483871,952.0913870967743,804.6005806451614,243.07722580645162,42.56461290322581,26.339516129032262,4943.768967741935,31,31,31,31,31,31,31,31,31,31,31,31,31
2026-05,21,6333.983161290323,5127.271451612904,615.0449677419355,714.7803548387097,2422.2400322580647,273.9682258064516,1206.7117096774193,830.9292258064517,25.303870967741936,43.05122580645161,201.9535483870968,5477.750064516129,31,31,31,31,31,31,31,31,31,31,31,31,31
2026-05,22,6525.544870967742,5265.246967741936,623.7164516129031,750.3525806451613,2429.0822580645163,277.1778064516129,1260.2979032258065,882.7319354838709,0.0,43.29364516129032,258.89229032258066,5642.812935483871,31,31,31,31,31,31,31,31,31,31,31,31,31
2026-05,23,6129.0762903225805,5008.167903225807,620.7701612903226,740.8585483870968,2314.9289032258066,279.93906451612906,1120.9083870967743,913.8993548387097,0.0,42.58287096774193,95.189,5215.176935483872,31,31,31,31,31,31,31,31,31,31,31,31,31
2026-05,24,5622.664129032259,4713.66906451613,620.434129032258,724.3325161290323,2110.0980322580644,281.3014838709678,908.9950645161291,904.1906774193549,0.0,42.52225806451613,30.789967741935484,4718.473451612903,31,31,31,31,31,31,31,31,31,31,31,31,31
2026-06,01,5429.313066666667,4192.267866666667,676.1903333333333,809.7751666666667,1596.8313333333333,689.8757666666667,1237.0452,345.90723333333335,-0.36606666666666665,51.64756666666667,22.406533333333336,5083.771900000001,30,30,30,30,30,30,30,30,30,30,30,30,30
2026-06,02,5151.0654,4028.4682000000003,654.3531333333334,788.8912,1487.4798,689.7217666666668,1122.5972,334.65253333333334,-0.38816666666666677,51.331133333333334,22.4268,4816.801033333334,30,30,30,30,30,30,30,30,30,30,30,30,30
2026-06,03,4998.411266666667,3990.5010333333335,652.8837666666667,784.0502666666667,1463.7531999999999,689.7321666666667,1007.9102333333334,331.41973333333334,-0.38176666666666664,51.025600000000004,18.018066666666666,4667.3733,30,30,30,30,30,30,30,30,30,30,30,30,30
2026-06,04,4966.539466666667,3975.9499,650.0734666666667,781.8791333333334,1446.2584,689.7798,990.5895666666668,349.23629999999997,-0.39443333333333336,52.07636666666667,7.040866666666667,4617.6976,30,30,30,30,30,30,30,30,30,30,30,30,30
2026-06,05,5019.544466666667,3956.7667,656.4473666666668,772.8210333333334,1427.6469,689.7787333333333,1062.7777666666666,351.3077333333333,-0.3762999999999999,51.85693333333334,7.2843,4668.613033333333,30,30,30,30,30,30,30,30,30,30,30,30,30
2026-06,06,4987.699833333333,3985.8494,654.6760666666668,767.3726,1454.1586333333332,689.9180333333334,1001.8504333333333,353.22130000000004,-0.0903666666666667,51.65793333333333,14.935200000000002,4634.5689,30,30,30,30,30,30,30,30,30,30,30,30,30
2026-06,07,5079.647500000001,4164.331533333333,653.4707,751.9192666666667,1494.9470000000001,690.2960333333334,915.3159666666667,340.2392,126.4568,52.0863,54.91623333333334,4612.9515,30,30,30,30,30,30,30,30,30,30,30,30,30
2026-06,08,5346.819533333333,4640.796966666667,657.8171666666666,742.6817,1564.6432666666667,690.6665333333333,706.0225666666666,290.06786666666665,505.6402,50.459666666666664,138.82056666666668,4551.111466666667,30,30,30,30,30,30,30,30,30,30,30,30,30
2026-06,09,5358.466100000001,5061.320233333334,633.1537000000001,736.9474666666667,1550.7194333333332,690.8260000000001,297.1458666666667,246.68806666666669,1050.6974666666667,50.73446666666667,101.55363333333334,4061.0805666666665,30,30,30,30,30,30,30,30,30,30,30,30,30
2026-06,10,5147.340033333333,5302.366666666667,612.2725666666666,706.2636666666666,1467.7272,679.1955666666668,-155.02663333333334,242.60160000000002,1510.7495333333334,50.92016666666667,32.63636666666667,3393.9889000000007,30,30,30,30,30,30,30,30,30,30,30,30,30
2026-06,11,4821.029566666667,5386.098366666667,581.2614333333333,648.9941333333334,1322.3464,678.0051000000001,-565.0687999999999,255.9707666666667,1826.8005333333335,50.3763,22.343700000000002,2738.2582666666667,30,30,30,30,30,30,30,30,30,30,30,30,30
2026-06,12,4565.3849666666665,5365.2616333333335,570.0115000000001,599.8665333333333,1135.5973333333334,682.4106666666667,-799.8766666666667,271.0585666666667,2032.6446666666668,49.981633333333335,23.690733333333334,2261.6817333333333,30,30,30,30,30,30,30,30,30,30,30,30,30
2026-06,13,4514.352266666667,5360.8208,565.9926666666668,587.3325666666666,1099.3841,680.493,-846.4685333333333,282.8181333333333,2071.9786,49.353300000000004,23.468433333333333,2159.5555333333336,30,30,30,30,30,30,30,30,30,30,30,30,30
2026-06,14,4677.938433333334,5385.795933333333,570.1643333333334,586.8016000000001,1087.3480000000002,680.1590666666667,-707.8575,296.8194666666667,2093.2139333333334,49.5652,21.724333333333334,2287.905033333334,30,30,30,30,30,30,30,30,30,30,30,30,30
2026-06,15,4744.061966666666,5288.929066666667,573.0249333333334,589.7632333333333,1079.8212333333333,677.4993333333333,-544.8671,335.78333333333336,1957.9796,49.14203333333333,25.915366666666667,2450.2990333333337,30,30,30,30,30,30,30,30,30,30,30,30,30
2026-06,16,4851.140266666667,5261.1265,583.464,598.8183333333333,1125.6869000000002,680.1586333333333,-409.9862333333333,366.16566666666665,1832.7301000000002,50.158233333333335,23.944633333333336,2652.2445000000002,30,30,30,30,30,30,30,30,30,30,30,30,30
2026-06,17,5064.198033333334,5261.708733333334,596.7438999999999,619.2149666666667,1266.0816666666667,681.2715000000001,-197.51069999999999,390.2527666666667,1641.4511,50.37160000000001,16.321233333333335,3032.4941666666664,30,30,30,30,30,30,30,30,30,30,30,30,30
2026-06,18,5455.241800000001,5223.6438333333335,634.2997333333334,669.2402000000001,1400.1118333333334,681.953,231.59796666666668,419.2896,1334.1456333333333,50.552800000000005,34.05103333333333,3701.8065666666666,30,30,30,30,30,30,30,30,30,30,30,30,30
2026-06,19,5938.650666666667,5194.8951,659.7479666666667,730.6803,1724.2762666666667,686.2077,743.7555666666667,409.17580000000004,902.8791,50.85133333333333,31.076633333333334,4626.595766666666,30,30,30,30,30,30,30,30,30,30,30,30,30
2026-06,20,6337.6793333333335,5072.9178,687.744,806.7435,2008.4595333333334,687.6547666666667,1264.7615333333333,380.5720666666667,392.24240000000003,51.93013333333333,57.5714,5564.864866666667,30,30,30,30,30,30,30,30,30,30,30,30,30
2026-06,21,6585.905766666667,5096.372333333334,695.4389333333334,837.9474333333334,2235.689466666667,688.9568,1489.5334333333335,373.98943333333335,82.99913333333333,53.02843333333333,128.3227,6128.9172,30,30,30,30,30,30,30,30,30,30,30,30,30
2026-06,22,6705.040233333333,5265.2890333333335,705.5374,850.7244,2246.5029999999997,689.4001666666667,1439.7512,378.2302333333334,-0.12916666666666668,53.38246666666667,341.64053333333334,6326.939166666667,30,30,30,30,30,30,30,30,30,30,30,30,30
2026-06,23,6452.970533333334,5048.948266666667,704.7339333333333,848.4656,2148.0283,689.4529,1404.0222666666668,389.58880000000005,-0.2028,52.4576,216.42393333333334,6063.584533333333,30,30,30,30,30,30,30,30,30,30,30,30,30
2026-06,24,5961.775433333333,4559.210866666666,689.148,828.4460333333334,1881.8781333333334,689.2767333333334,1402.564566666667,391.27796666666666,-0.20753333333333332,52.1817,27.209833333333332,5570.705,30,30,30,30,30,30,30,30,30,30,30,30,30
2026-07,01,5618.667566666667,4798.603233333333,728.6277666666667,920.8561333333333,1363.4254666666668,1111.9666666666667,820.0643333333334,584.8320666666666,-0.7501,60.24686666666666,29.398366666666668,5034.5856,30,30,30,30,30,30,30,30,30,30,30,30,30
2026-07,02,5358.8061,4698.207333333334,703.0448666666667,911.2856333333333,1293.6677666666667,1112.0283333333332,660.5987666666666,596.6887333333333,-0.7358333333333332,59.54973333333333,22.678099999999997,4762.8532000000005,30,30,30,30,30,30,30,30,30,30,30,30,30
2026-07,03,5205.6723,4648.0631,694.9203666666667,905.3267,1251.6375333333333,1110.385,557.6092,608.4190000000001,-0.7976666666666666,59.13166666666667,19.0405,4598.050966666667,30,30,30,30,30,30,30,30,30,30,30,30,30
2026-07,04,5134.307400000001,4593.636433333334,691.5655,890.9048,1230.8129999999999,1110.2300666666667,540.6709666666667,595.4572333333333,-0.8411666666666666,59.67353333333334,15.833466666666668,4539.691333333334,30,30,30,30,30,30,30,30,30,30,30,30,30
2026-07,05,5181.488666666667,4545.190166666667,694.5750333333333,863.4135666666666,1224.1490666666666,1110.6470000000002,636.2985000000001,577.7411666666667,-0.8501,59.23716666666667,16.27726666666667,4604.5976,30,30,30,30,30,30,30,30,30,30,30,30,30
2026-07,06,5143.201766666667,4548.066000000001,694.1139666666667,858.4366333333334,1253.3663666666666,1110.8050666666668,595.1357666666667,559.8089,-0.5463666666666666,59.01186666666667,13.069566666666667,4583.9392333333335,30,30,30,30,30,30,30,30,30,30,30,30,30
2026-07,07,5255.5468666666675,4670.6625,701.6342333333334,856.3534333333333,1300.4474666666667,1112.4660000000001,584.8843666666668,517.4757000000001,85.7056,59.40213333333334,37.177933333333335,4652.365566666666,30,30,30,30,30,30,30,30,30,30,30,30,30
2026-07,08,5519.497033333333,5150.249866666667,700.3685666666667,845.7874333333333,1408.8706333333332,1112.9623333333334,369.2471666666667,428.01666666666665,467.2981333333334,59.146433333333334,127.79966666666668,4624.182233333334,30,30,30,30,30,30,30,30,30,30,30,30,30
2026-07,09,5551.553266666667,5516.276566666667,682.3117666666666,810.8426000000001,1358.5314666666668,1114.3878,35.2767,330.95390000000003,1080.6744666666666,59.54933333333334,79.02523333333333,4139.9249,30,30,30,30,30,30,30,30,30,30,30,30,30
2026-07,10,5306.942599999999,5739.7354000000005,643.6420666666668,777.4125666666666,1212.2062666666668,1096.5026666666668,-432.7928,286.9123333333334,1636.1495666666667,59.342866666666666,27.56706666666667,3383.8806999999997,30,30,30,30,30,30,30,30,30,30,30,30,30
2026-07,11,4975.506166666667,5676.312966666667,624.5222333333334,685.8936666666667,902.2017666666667,1096.8541333333335,-700.8068000000001,299.9844333333333,1981.2459666666666,58.095299999999995,27.51546666666667,2694.275766666667,30,30,30,30,30,30,30,30,30,30,30,30,30
2026-07,12,4776.160533333333,5586.0104666666675,614.5732333333333,647.0661666666667,718.4426666666666,1103.0814,-809.8499333333333,322.33446666666663,2096.6239,57.61296666666667,26.275666666666666,2357.202166666667,30,30,30,30,30,30,30,30,30,30,30,30,30
2026-07,13,4787.3722333333335,5613.7092,620.2435333333334,638.1123000000001,682.6425,1093.0846333333334,-826.3369666666666,356.69263333333333,2143.3378666666667,57.0399,22.555833333333336,2287.3417333333337,30,30,30,30,30,30,30,30,30,30,30,30,30
2026-07,14,4938.143133333333,5646.417333333334,625.0735000000001,640.0061666666667,673.9093,1093.5624666666668,-708.2742,398.05173333333335,2117.2902666666664,57.31673333333333,41.20716666666667,2422.8011333333334,30,30,30,30,30,30,30,30,30,30,30,30,30
2026-07,15,5020.7427333333335,5556.091766666666,623.0856333333334,642.9153000000001,668.5456,1091.8547,-535.3490333333333,422.3005333333333,2015.2642000000003,57.749633333333335,34.37616666666667,2583.178,30,30,30,30,30,30,30,30,30,30,30,30,30
2026-07,16,5169.079466666667,5431.312133333334,628.2640666666667,650.4495000000001,682.8574000000001,1094.3925666666667,-262.23266666666666,435.0181,1843.8769333333335,58.4507,38.00286666666667,2890.184433333334,30,30,30,30,30,30,30,30,30,30,30,30,30
2026-07,17,5379.1992666666665,5430.8614333333335,638.4889333333334,659.3073,857.3577666666666,1095.0971,-51.66216666666666,463.6646,1628.6254000000001,57.91046666666667,30.40986666666667,3286.909266666667,30,30,30,30,30,30,30,30,30,30,30,30,30
2026-07,18,5711.041033333333,5439.0441666666675,660.1596000000001,717.4401333333334,1094.8677333333333,1097.6994000000002,271.9968666666667,445.351,1342.8948333333333,57.9653,22.666166666666665,3922.7952,30,30,30,30,30,30,30,30,30,30,30,30,30
2026-07,19,6133.535466666667,5473.7827,679.2016666666666,809.6564666666667,1450.5857333333333,1103.3773333333334,659.7527666666666,443.108,899.6135,58.22966666666667,30.010333333333335,4790.813966666667,30,30,30,30,30,30,30,30,30,30,30,30,30
2026-07,20,6512.8702,5231.303933333334,711.9586333333334,909.5071666666666,1591.6520333333333,1105.5934333333332,1281.5662666666665,386.51386666666673,403.7474666666667,58.139166666666675,64.19216666666667,5722.6088666666665,30,30,30,30,30,30,30,30,30,30,30,30,30
2026-07,21,6725.552166666666,5150.528766666667,732.1677999999999,939.1484666666668,1691.72,1108.7148000000002,1575.0234000000003,399.9033,73.72936666666666,59.46040000000001,145.68463333333332,6251.919500000001,30,30,30,30,30,30,30,30,30,30,30,30,30
2026-07,22,6846.6286,5283.919866666666,733.7379999999999,955.1840333333333,1708.3365666666666,1110.3219333333334,1562.7087333333334,466.78943333333336,-0.49646666666666667,60.64233333333333,249.40403333333333,6380.335633333334,30,30,30,30,30,30,30,30,30,30,30,30,30
2026-07,23,6545.6528333333345,5173.3645,732.7366000000001,961.2440666666666,1628.5792666666669,1111.7831333333334,1372.2883333333334,505.51180000000005,-0.6873,60.0477,174.14923333333334,6040.828333333334,30,30,30,30,30,30,30,30,30,30,30,30,30
2026-07,24,6055.471733333334,4896.686733333334,731.7081333333334,952.0249333333335,1461.9828666666665,1112.2445,1158.785,544.3379333333334,-0.7207666666666668,60.25213333333333,34.857,5511.854566666667,30,30,30,30,30,30,30,30,30,30,30,30,30
2026-08,01,5459.975838709678,4502.50764516129,870.5343225806453,1327.0895483870968,1262.4712903225807,286.00622580645165,957.4681935483871,654.6241290322581,0.0,58.70709677419355,43.07503225806452,4805.35170967742,31,31,31,31,31,31,31,31,31,31,31,31,31
2026-08,02,5210.029935483872,4302.389258064516,826.4874516129032,1306.4837741935485,1146.7374838709677,286.0993870967742,907.6406774193549,664.1953548387097,0.0,57.75474193548387,14.631064516129031,4545.834580645162,31,31,31,31,31,31,31,31,31,31,31,31,31
2026-08,03,5051.311193548387,4233.771387096775,816.0030967741936,1278.695064516129,1115.9010322580646,286.1900322580645,817.5398064516129,661.3829354838709,0.0,57.27864516129033,18.32058064516129,4389.928258064517,31,31,31,31,31,31,31,31,31,31,31,31,31
2026-08,04,5004.773387096774,4191.659967741936,809.1607096774194,1267.237548387097,1084.3284193548388,286.2512258064516,813.1134193548387,673.257064516129,0.0,57.88267741935484,13.54232258064516,4331.5163225806455,31,31,31,31,31,31,31,31,31,31,31,31,31
2026-08,05,5058.740451612904,4179.361580645162,810.0148387096774,1262.830258064516,1073.7278387096774,286.2824838709677,879.3788709677419,679.3036129032258,0.0,57.894064516129035,9.308483870967741,4379.436838709678,31,31,31,31,31,31,31,31,31,31,31,31,31
2026-08,06,5085.679903225807,4211.078,815.690870967742,1266.8718064516129,1087.1335806451614,286.435935483871,874.6019032258065,679.5831290322581,0.0,57.79367741935484,17.569,4406.096774193548,31,31,31,31,31,31,31,31,31,31,31,31,31
2026-08,07,5165.917645161291,4349.610806451613,822.0355806451614,1271.6290000000001,1149.1037741935486,286.65977419354834,816.3068387096774,676.9224838709678,13.898096774193549,57.727709677419355,71.6343870967742,4475.097064516129,31,31,31,31,31,31,31,31,31,31,31,31,31
2026-08,08,5421.221064516129,4787.395645161291,822.2875161290323,1255.871129032258,1271.2840967741936,286.80887096774194,633.8254193548387,639.6894193548387,305.0055161290323,58.19758064516129,148.25151612903227,4476.526129032258,31,31,31,31,31,31,31,31,31,31,31,31,31
2026-08,09,5450.963032258064,5224.492838709677,813.0187096774195,1234.706870967742,1213.4251612903226,282.9526774193548,226.4701935483871,521.6089032258064,991.0154193548389,57.757129032258064,110.00796774193549,3938.3387096774195,31,31,31,31,31,31,31,31,31,31,31,31,31
2026-08,10,5209.1685161290325,5557.046516129032,789.9796129032258,1187.420258064516,1035.9061935483871,277.0725483870968,-347.87800000000004,453.9947096774194,1711.4276129032257,57.08603225806452,44.15954838709677,3043.7461935483875,31,31,31,31,31,31,31,31,31,31,31,31,31
2026-08,11,4877.848774193549,5666.019516129033,765.5084516129033,1110.7491612903227,732.9394193548387,267.9036774193549,-788.1707419354839,485.64380645161293,2226.174935483871,55.89170967741936,21.208354838709678,2166.0300322580647,31,31,31,31,31,31,31,31,31,31,31,31,31
2026-08,12,4624.285451612904,5714.159000000001,748.9032258064516,1027.577,557.676129032258,262.8197096774194,-1089.873548387097,520.2551935483871,2530.220806451613,55.18664516129032,11.520290322580646,1573.8094516129036,31,31,31,31,31,31,31,31,31,31,31,31,31
2026-08,13,4564.270516129032,5781.583935483872,742.0609032258066,1014.0566129032259,480.2795161290323,261.77393548387096,-1217.3134193548387,529.3087419354839,2691.2744516129032,53.824225806451615,9.005548387096775,1343.6873225806453,31,31,31,31,31,31,31,31,31,31,31,31,31
2026-08,14,4731.342516129032,5800.004967741936,738.9313548387097,1011.5428387096774,443.5220645161291,263.2953548387097,-1068.6624516129032,554.035129032258,2725.165290322581,53.78935483870968,9.72358064516129,1452.1420967741938,31,31,31,31,31,31,31,31,31,31,31,31,31
2026-08,15,4833.2639677419365,5774.628677419355,746.4157096774194,1010.0152903225807,438.9781612903226,262.64006451612903,-941.3647096774193,589.7796129032258,2663.6140645161295,53.68632258064516,9.499451612903226,1579.8702903225808,31,31,31,31,31,31,31,31,31,31,31,31,31
2026-08,16,4966.056161290323,5679.102870967742,756.0257741935484,1007.9720322580646,484.94680645161293,262.9743870967742,-713.0467096774194,617.9850967741936,2482.480161290323,54.52,12.198612903225806,1865.5909032258064,31,31,31,31,31,31,31,31,31,31,31,31,31
2026-08,17,5237.3550645161295,5578.688483870968,777.0377741935484,1035.8507741935484,611.5746129032259,262.7815806451613,-341.33341935483867,641.1187096774194,2174.998387096774,54.5141935483871,20.812451612903228,2421.237967741936,31,31,31,31,31,31,31,31,31,31,31,31,31
2026-08,18,5722.644935483871,5545.029161290323,805.8604838709678,1114.072870967742,936.038064516129,262.9084516129032,177.6157741935484,661.7227741935484,1680.3861290322582,55.20803225806452,28.832354838709676,3380.5360322580646,31,31,31,31,31,31,31,31,31,31,31,31,31
2026-08,19,6244.469774193548,5337.544548387096,856.1206774193549,1220.2031612903227,1356.5520967741934,263.48290322580647,906.9252258064516,634.1956129032259,900.3626774193548,56.87822580645162,49.74919354838709,4709.9114838709675,31,31,31,31,31,31,31,31,31,31,31,31,31
2026-08,20,6563.499580645161,4990.699290322581,880.8184838709677,1305.6618387096773,1500.2074516129035,263.6584193548387,1572.8002903225806,611.0861935483872,266.6740322580645,57.34170967741936,105.25116129032259,5685.73935483871,31,31,31,31,31,31,31,31,31,31,31,31,31
2026-08,21,6734.916516129033,5183.3947419354845,885.4090645161291,1348.555870967742,1559.3168387096773,263.7921935483871,1551.5217741935485,615.8116774193549,12.020225806451613,58.883483870967744,439.60538709677417,6107.084612903226,31,31,31,31,31,31,31,31,31,31,31,31,31
2026-08,22,6734.819258064516,5265.303419354839,885.8643225806452,1369.7214516129031,1574.142548387097,263.84967741935486,1469.5158387096774,640.6141612903226,0.0,59.04206451612904,472.0691935483871,6094.205096774193,31,31,31,31,31,31,31,31,31,31,31,31,31
2026-08,23,6280.958806451613,4884.915451612904,877.3166774193548,1364.8653225806454,1506.3122903225806,263.9335161290323,1396.0433548387095,650.9592258064516,0.0,58.71493548387097,162.81348387096773,5629.999580645161,31,31,31,31,31,31,31,31,31,31,31,31,31
2026-08,24,5854.685935483871,4637.453774193548,881.977870967742,1346.5647096774194,1370.8272580645162,263.93658064516126,1217.2321612903227,653.3116129032258,0.0,59.06993548387097,61.7658064516129,5201.374322580646,31,31,31,31,31,31,31,31,31,31,31,31,31
