sequence,start,variables,rows,nnz,continuous,integer,binary,status,message,raw_gap,bound_eur,incumbent_eur,objective_gap,nodes,solve_seconds,presolve_retry,solver_attempts,build_seconds,audit_seconds,audit,plan_cash_eur,salvage_eur,phase_count,qh_count
0,2024-12-31T22:00:00Z,412,502,1770,301,46,65,0,Optimization terminated successfully. (HiGHS Status 7: Optimal),9.190135544408931e-05,149127.79780217024,149113.99857312237,9.254147283231431e-05,1,0.308889799984172,False,"[{""message"":""Optimization terminated successfully. (HiGHS Status 7: Optimal)"",""presolve"":true,""solve_seconds"":0.30887939990498126,""status"":0,""time_limit_seconds"":30.0}]",0.03325010009575635,0.01856920006684959,PASS,148083.27098066447,1030.7275924578041,437,192
1,2025-01-01T22:00:00Z,397,483,1709,296,40,61,0,Optimization terminated successfully. (HiGHS Status 7: Optimal),3.5696539784391716e-05,256128.34719479867,256124.45113687852,1.5211581334223924e-05,1,0.018717800034210086,False,"[{""message"":""Optimization terminated successfully. (HiGHS Status 7: Optimal)"",""presolve"":true,""solve_seconds"":0.018711699987761676,""status"":0,""time_limit_seconds"":30.0}]",0.03188530006445944,0.020381900016218424,PASS,256120.08685039025,4.364286488009226,423,192
2,2025-01-02T22:00:00Z,414,502,1778,305,46,63,0,Optimization terminated successfully. (HiGHS Status 7: Optimal),3.852551588588702e-05,268458.2987589261,268452.07048584596,2.320068930318199e-05,1,0.058130000019446015,False,"[{""message"":""Optimization terminated successfully. (HiGHS Status 7: Optimal)"",""presolve"":true,""solve_seconds"":0.05812299996614456,""status"":0,""time_limit_seconds"":30.0}]",0.02517410006839782,0.020722400047816336,PASS,267948.9357026692,503.13478317697354,429,192
3,2025-01-03T22:00:00Z,410,496,1750,301,48,61,0,Optimization terminated successfully. (HiGHS Status 7: Optimal),5.4016564145780064e-05,502315.6424429118,502297.08731167845,3.694055112416354e-05,1,0.027379199978895485,False,"[{""message"":""Optimization terminated successfully. (HiGHS Status 7: Optimal)"",""presolve"":true,""solve_seconds"":0.027371999924071133,""status"":0,""time_limit_seconds"":30.0}]",0.024191200034692883,0.017423100071027875,PASS,498262.31023254263,4034.777079136,434,192
4,2025-01-04T22:00:00Z,415,503,1777,304,48,63,0,Optimization terminated successfully. (HiGHS Status 7: Optimal),7.1029009762211e-05,510648.3239189554,510636.0124044024,2.4110157242931527e-05,1,0.2937713999999687,False,"[{""message"":""Optimization terminated successfully. (HiGHS Status 7: Optimal)"",""presolve"":true,""solve_seconds"":0.2937612000387162,""status"":0,""time_limit_seconds"":30.0}]",0.022012899979017675,0.02110280003398657,PASS,507010.6706242589,3625.3417801439755,433,192
5,2025-01-05T22:00:00Z,420,510,1810,309,46,65,0,Optimization terminated successfully. (HiGHS Status 7: Optimal),3.803370373637841e-05,302051.28816444386,302046.1738343439,1.6932279045384428e-05,1,0.32550160004757345,False,"[{""message"":""Optimization terminated successfully. (HiGHS Status 7: Optimal)"",""presolve"":true,""solve_seconds"":0.32549570000264794,""status"":0,""time_limit_seconds"":30.0}]",0.027877400047145784,0.01942959998268634,PASS,298839.9027848214,3206.2710495223923,437,192
6,2025-01-06T22:00:00Z,359,439,1531,270,34,55,0,Optimization terminated successfully. (HiGHS Status 7: Optimal),1.1633907039711432e-06,235867.81289182376,235867.68866637873,5.266742797027468e-07,1,0.08374749997165054,False,"[{""message"":""Optimization terminated successfully. (HiGHS Status 7: Optimal)"",""presolve"":true,""solve_seconds"":0.08374069991987199,""status"":0,""time_limit_seconds"":30.0}]",0.10338860005140305,0.015221199952065945,PASS,235628.93848966534,238.75017671386902,411,192
7,2025-01-07T22:00:00Z,423,511,1823,314,46,63,0,Optimization terminated successfully. (HiGHS Status 7: Optimal),2.6926060550214503e-05,297286.89767647395,297281.7006605126,1.7481788989346307e-05,1,0.14721029996871948,False,"[{""message"":""Optimization terminated successfully. (HiGHS Status 7: Optimal)"",""presolve"":true,""solve_seconds"":0.14720290002878755,""status"":0,""time_limit_seconds"":30.0}]",0.018330899998545647,0.02083569997921586,PASS,295335.8668562215,1945.8338042910193,418,192
8,2025-01-08T22:00:00Z,446,540,1944,331,46,69,0,Optimization terminated successfully. (HiGHS Status 7: Optimal),6.786750511217765e-05,349500.2265548406,349489.3205643797,3.1205504200626234e-05,1,0.04525099997408688,False,"[{""message"":""Optimization terminated successfully. (HiGHS Status 7: Optimal)"",""presolve"":true,""solve_seconds"":0.045244700042530894,""status"":0,""time_limit_seconds"":30.0}]",0.026890399982221425,0.01903000008314848,PASS,347732.8927705521,1756.4277938279874,465,192
9,2025-01-09T22:00:00Z,420,510,1816,311,44,65,0,Optimization terminated successfully. (HiGHS Status 7: Optimal),8.012060298863958e-05,270749.7401178072,270740.6112449339,3.3718151227053454e-05,1,0.022576899966225028,False,"[{""message"":""Optimization terminated successfully. (HiGHS Status 7: Optimal)"",""presolve"":true,""solve_seconds"":0.022571500041522086,""status"":0,""time_limit_seconds"":30.0}]",0.01580290007404983,0.01643819990567863,PASS,270251.1058534137,489.50539151999953,460,192
10,2025-01-10T22:00:00Z,426,517,1841,314,46,66,0,Optimization terminated successfully. (HiGHS Status 7: Optimal),9.853795793092148e-05,203945.21519762036,203936.09472229105,4.472222213401191e-05,1,0.06133549998048693,False,"[{""message"":""Optimization terminated successfully. (HiGHS Status 7: Optimal)"",""presolve"":true,""solve_seconds"":0.061328799929469824,""status"":0,""time_limit_seconds"":30.0}]",0.024442599969916046,0.013950700056739151,PASS,203613.1342159913,322.9605062996932,446,192
11,2025-01-11T22:00:00Z,417,507,1801,308,44,65,0,Optimization terminated successfully. (HiGHS Status 7: Optimal),3.1534905389630774e-05,344372.55652136524,344364.5335477813,2.3297909053807325e-05,1,0.06604339997284114,False,"[{""message"":""Optimization terminated successfully. (HiGHS Status 7: Optimal)"",""presolve"":true,""solve_seconds"":0.06603640003595501,""status"":0,""time_limit_seconds"":30.0}]",0.025201100041158497,0.02078089991118759,PASS,338520.7192194596,5843.814328321613,443,192
12,2025-01-12T22:00:00Z,438,531,1903,324,46,68,0,Optimization terminated successfully. (HiGHS Status 7: Optimal),2.294001873673411e-05,525506.5968569221,525500.183544264,1.2204206314347932e-05,1,0.23023620003368706,False,"[{""message"":""Optimization terminated successfully. (HiGHS Status 7: Optimal)"",""presolve"":true,""solve_seconds"":0.2302301999880001,""status"":0,""time_limit_seconds"":30.0}]",0.02943200001027435,0.017968500033020973,PASS,521977.5778359533,3522.605708310622,451,192
13,2025-01-13T22:00:00Z,460,556,2010,341,48,71,0,Optimization terminated successfully. (HiGHS Status 7: Optimal),3.6781219479685564e-05,503275.0422825032,503266.5521975558,1.6869956706567216e-05,1,0.30440100003033876,False,"[{""message"":""Optimization terminated successfully. (HiGHS Status 7: Optimal)"",""presolve"":true,""solve_seconds"":0.3043955999892205,""status"":0,""time_limit_seconds"":30.0}]",0.017221599933691323,0.014098300016485155,PASS,470416.42175318697,32850.130444369446,478,192
14,2025-01-14T22:00:00Z,447,542,1950,331,46,70,0,Optimization terminated successfully. (HiGHS Status 7: Optimal),8.288221188481209e-05,379333.53839524323,379318.2067181674,4.04190381697552e-05,1,0.01420720003079623,False,"[{""message"":""Optimization terminated successfully. (HiGHS Status 7: Optimal)"",""presolve"":true,""solve_seconds"":0.014200399979017675,""status"":0,""time_limit_seconds"":30.0}]",0.016406900016590953,0.02107880008406937,PASS,373868.28162053705,5449.925097630663,483,192
15,2025-01-15T22:00:00Z,452,546,1968,335,48,69,0,Optimization terminated successfully. (HiGHS Status 7: Optimal),5.634606523456016e-05,364032.98702804366,364022.4356396607,2.8985544158642247e-05,1,0.05217830010224134,False,"[{""message"":""Optimization terminated successfully. (HiGHS Status 7: Optimal)"",""presolve"":true,""solve_seconds"":0.05217160005122423,""status"":0,""time_limit_seconds"":30.0}]",0.01913530007004738,0.021380400052294135,PASS,355687.9663624191,8334.469277241384,479,192
16,2025-01-16T22:00:00Z,451,545,1963,334,48,69,0,Optimization terminated successfully. (HiGHS Status 7: Optimal),8.249853494433176e-05,302242.1506687383,302231.7630700543,3.4369645924977265e-05,1,0.27740599995013326,False,"[{""message"":""Optimization terminated successfully. (HiGHS Status 7: Optimal)"",""presolve"":true,""solve_seconds"":0.27739969990216196,""status"":0,""time_limit_seconds"":30.0}]",0.021916600060649216,0.021435400005429983,PASS,299451.02135090466,2780.741719151021,483,192
17,2025-01-17T22:00:00Z,444,535,1931,332,46,66,0,Optimization terminated successfully. (HiGHS Status 7: Optimal),1.602237706207487e-05,306927.24736134824,306924.2628992244,9.723773857558437e-06,1,0.10175120003987104,False,"[{""message"":""Optimization terminated successfully. (HiGHS Status 7: Optimal)"",""presolve"":true,""solve_seconds"":0.10174469999037683,""status"":0,""time_limit_seconds"":30.0}]",0.027137600001879036,0.012183599988929927,PASS,306892.27875481115,31.984144412932174,483,192
18,2025-01-18T22:00:00Z,453,548,1980,337,46,70,0,Optimization terminated successfully. (HiGHS Status 7: Optimal),7.405690010121773e-05,399338.4835469901,399322.45198579127,4.014690663922248e-05,1,0.3191942000994459,False,"[{""message"":""Optimization terminated successfully. (HiGHS Status 7: Optimal)"",""presolve"":true,""solve_seconds"":0.31918600003700703,""status"":0,""time_limit_seconds"":30.0}]",0.02731639996636659,0.022868000087328255,PASS,376436.0582436068,22886.39374218428,485,192
19,2025-01-19T22:00:00Z,446,539,1943,332,46,68,0,Optimization terminated successfully. (HiGHS Status 7: Optimal),9.487739646608526e-05,403717.7930244755,403697.46905301017,5.034456003160532e-05,1,0.03582200000528246,False,"[{""message"":""Optimization terminated successfully. (HiGHS Status 7: Optimal)"",""presolve"":true,""solve_seconds"":0.03581499995198101,""status"":0,""time_limit_seconds"":30.0}]",0.0284512999933213,0.021543500013649464,PASS,376784.9874435822,26912.48160942799,483,192
20,2025-01-20T22:00:00Z,444,537,1939,332,44,68,0,Optimization terminated successfully. (HiGHS Status 7: Optimal),6.8165179549312e-05,370263.89261080755,370251.17271276156,3.435478124970682e-05,1,0.08396960003301501,False,"[{""message"":""Optimization terminated successfully. (HiGHS Status 7: Optimal)"",""presolve"":true,""solve_seconds"":0.08396229997742921,""status"":0,""time_limit_seconds"":30.0}]",0.023710699984803796,0.016255900030955672,PASS,367722.84262345417,2528.3300893075652,480,192
21,2025-01-21T22:00:00Z,422,510,1818,313,46,63,0,Optimization terminated successfully. (HiGHS Status 7: Optimal),1.4760857649494205e-05,610112.4445740414,610106.1086151232,1.0385011441025048e-05,1,0.38338949996978045,False,"[{""message"":""Optimization terminated successfully. (HiGHS Status 7: Optimal)"",""presolve"":true,""solve_seconds"":0.3833830999210477,""status"":0,""time_limit_seconds"":30.0}]",0.027641199994832277,0.01905180001631379,PASS,603040.9660887936,7065.142526328675,466,192
22,2025-01-22T22:00:00Z,459,554,2004,341,48,70,0,Optimization terminated successfully. (HiGHS Status 7: Optimal),4.250672449039938e-05,634521.8242045215,634512.6757305837,1.4418110603116423e-05,1,0.2247895000036806,False,"[{""message"":""Optimization terminated successfully. (HiGHS Status 7: Optimal)"",""presolve"":true,""solve_seconds"":0.22478270006831735,""status"":0,""time_limit_seconds"":30.0}]",0.025920100044459105,0.01822810003068298,PASS,634512.6757305828,-3.359157598007793e-11,473,192
23,2025-01-23T22:00:00Z,425,512,1832,317,46,62,0,Optimization terminated successfully. (HiGHS Status 7: Optimal),7.990770989737998e-06,429797.4319168036,429795.6976267585,4.035149850685743e-06,1,0.1501929999794811,False,"[{""message"":""Optimization terminated successfully. (HiGHS Status 7: Optimal)"",""presolve"":true,""solve_seconds"":0.15018759993836284,""status"":0,""time_limit_seconds"":30.0}]",0.020684200106188655,0.013305600034072995,PASS,429795.6976267585,1.5271342116799737e-10,478,192
24,2025-01-24T22:00:00Z,452,545,1967,336,48,68,0,Optimization terminated successfully. (HiGHS Status 7: Optimal),9.339642493777606e-05,342223.4043380392,342211.5118744464,3.4751792912143855e-05,1,0.20560480002313852,False,"[{""message"":""Optimization terminated successfully. (HiGHS Status 7: Optimal)"",""presolve"":true,""solve_seconds"":0.20559789997059852,""status"":0,""time_limit_seconds"":30.0}]",0.015602199942804873,0.018876500078476965,PASS,337595.0902588014,4616.421615645035,475,192
25,2025-01-25T22:00:00Z,430,520,1854,317,48,65,0,Optimization terminated successfully. (HiGHS Status 7: Optimal),1.7797797184652392e-05,475849.93400261295,475843.6100889144,1.328989937969042e-05,1,0.20381740003358573,False,"[{""message"":""Optimization terminated successfully. (HiGHS Status 7: Optimal)"",""presolve"":true,""solve_seconds"":0.20380620006471872,""status"":0,""time_limit_seconds"":30.0}]",0.02233779989182949,0.020550400018692017,PASS,470835.89436970284,5007.71571921105,472,192
26,2025-01-26T22:00:00Z,433,524,1876,321,46,66,0,Optimization terminated successfully. (HiGHS Status 7: Optimal),4.491793943975472e-05,607393.5506925475,607381.903661172,1.9175795829994195e-05,1,0.21559489995706826,False,"[{""message"":""Optimization terminated successfully. (HiGHS Status 7: Optimal)"",""presolve"":true,""solve_seconds"":0.21558940003160387,""status"":0,""time_limit_seconds"":30.0}]",0.01742829999420792,0.01971539994701743,PASS,603380.182011085,4001.72165008689,459,192
27,2025-01-27T22:00:00Z,449,541,1951,334,48,67,0,Optimization terminated successfully. (HiGHS Status 7: Optimal),2.9520287809820754e-05,493239.69712276023,493232.6068257444,1.4375158733888113e-05,1,0.03825910005252808,False,"[{""message"":""Optimization terminated successfully. (HiGHS Status 7: Optimal)"",""presolve"":true,""solve_seconds"":0.03825360001064837,""status"":0,""time_limit_seconds"":30.0}]",0.025154100032523274,0.011191300000064075,PASS,492701.1606509018,531.4461748425156,474,192
28,2025-01-28T22:00:00Z,427,514,1842,319,46,62,0,Optimization terminated successfully. (HiGHS Status 7: Optimal),3.391172122133442e-05,530344.6796632976,530334.7425601161,1.873741692562959e-05,1,0.35400210006628186,False,"[{""message"":""Optimization terminated successfully. (HiGHS Status 7: Optimal)"",""presolve"":true,""solve_seconds"":0.35399720002897084,""status"":0,""time_limit_seconds"":30.0}]",0.02603889990132302,0.02081479993648827,PASS,529947.1100567159,387.6325033980537,476,192
29,2025-01-29T22:00:00Z,447,541,1949,332,46,69,0,Optimization terminated successfully. (HiGHS Status 7: Optimal),4.245165037348688e-05,457096.91929000814,457089.8308753022,1.55077059849846e-05,1,0.153085199999623,False,"[{""message"":""Optimization terminated successfully. (HiGHS Status 7: Optimal)"",""presolve"":true,""solve_seconds"":0.15307650004979223,""status"":0,""time_limit_seconds"":30.0}]",0.02246839995495975,0.020304600009694695,PASS,456642.0668756709,447.7639996311062,472,192
30,2025-01-30T22:00:00Z,429,520,1856,317,46,66,0,Optimization terminated successfully. (HiGHS Status 7: Optimal),2.2527952173169507e-05,397207.7442654973,397202.49002320523,1.3228120225969655e-05,1,0.05087999999523163,False,"[{""message"":""Optimization terminated successfully. (HiGHS Status 7: Optimal)"",""presolve"":true,""solve_seconds"":0.05087250005453825,""status"":0,""time_limit_seconds"":30.0}]",0.02346010005567223,0.01838229992426932,PASS,397127.2988049942,75.19121821104251,466,192
31,2025-01-31T22:00:00Z,443,536,1928,329,46,68,0,Optimization terminated successfully. (HiGHS Status 7: Optimal),1.4574853954512654e-05,421004.638503429,421001.8640765073,6.59005852105268e-06,1,0.07551560003776103,False,"[{""message"":""Optimization terminated successfully. (HiGHS Status 7: Optimal)"",""presolve"":true,""solve_seconds"":0.0755061999661848,""status"":0,""time_limit_seconds"":30.0}]",0.027188300038687885,0.02167150005698204,PASS,420864.1182277331,137.74584877371967,464,192
32,2025-02-01T22:00:00Z,427,518,1852,317,44,66,0,Optimization terminated successfully. (HiGHS Status 7: Optimal),5.430403971853714e-05,350281.2746878463,350272.43747024506,2.5229554643447214e-05,1,0.022083499934524298,False,"[{""message"":""Optimization terminated successfully. (HiGHS Status 7: Optimal)"",""presolve"":true,""solve_seconds"":0.022076799999922514,""status"":0,""time_limit_seconds"":30.0}]",0.024616600014269352,0.021901499945670366,PASS,346485.15308358485,3787.284386659966,464,192
33,2025-02-02T22:00:00Z,463,559,2025,344,48,71,0,Optimization terminated successfully. (HiGHS Status 7: Optimal),6.964363090476853e-05,333056.63259699766,333044.3156608847,3.6982874451704405e-05,1,0.15806859999429435,False,"[{""message"":""Optimization terminated successfully. (HiGHS Status 7: Optimal)"",""presolve"":true,""solve_seconds"":0.1580615999409929,""status"":0,""time_limit_seconds"":30.0}]",0.026094899978488684,0.022201500018127263,PASS,331261.3601854273,1782.9554754562646,476,192
34,2025-02-03T22:00:00Z,452,545,1973,338,46,68,0,Optimization terminated successfully. (HiGHS Status 7: Optimal),1.7587591616417087e-05,454145.03679206036,454140.08199801727,1.0910276893627329e-05,1,0.13644959998782724,False,"[{""message"":""Optimization terminated successfully. (HiGHS Status 7: Optimal)"",""presolve"":true,""solve_seconds"":0.13644230004865676,""status"":0,""time_limit_seconds"":30.0}]",0.024939099908806384,0.023346000001765788,PASS,451205.28982055193,2934.792177464765,495,192
35,2025-02-04T22:00:00Z,442,536,1918,325,48,69,0,Optimization terminated successfully. (HiGHS Status 7: Optimal),5.877456278473161e-05,558441.8760820583,558425.2803469825,2.9718810483392235e-05,1,0.28354450000915676,False,"[{""message"":""Optimization terminated successfully. (HiGHS Status 7: Optimal)"",""presolve"":true,""solve_seconds"":0.28353839996270835,""status"":0,""time_limit_seconds"":30.0}]",0.02487299998756498,0.014602599898353219,PASS,552858.9375321992,5566.342814783672,478,192
36,2025-02-05T22:00:00Z,421,510,1826,315,42,64,0,Optimization terminated successfully. (HiGHS Status 7: Optimal),2.2854431913982988e-05,445544.0621780946,445540.1438321781,8.794596784904583e-06,1,0.26302969991229475,False,"[{""message"":""Optimization terminated successfully. (HiGHS Status 7: Optimal)"",""presolve"":true,""solve_seconds"":0.2630210999632254,""status"":0,""time_limit_seconds"":30.0}]",0.021624699933454394,0.0212963999947533,PASS,445292.71730299323,247.4265291846835,459,192
37,2025-02-06T22:00:00Z,433,524,1870,319,48,66,0,Optimization terminated successfully. (HiGHS Status 7: Optimal),2.771651790516168e-06,452164.03070319846,452163.24550259125,1.7365423108051071e-06,1,0.22575740003958344,False,"[{""message"":""Optimization terminated successfully. (HiGHS Status 7: Optimal)"",""presolve"":true,""solve_seconds"":0.22575109999161214,""status"":0,""time_limit_seconds"":30.0}]",0.025814400054514408,0.019650900037959218,PASS,451726.8725173987,436.372985192922,456,192
38,2025-02-07T22:00:00Z,444,538,1928,327,48,69,0,Optimization terminated successfully. (HiGHS Status 7: Optimal),3.594621167680834e-05,692944.6934631253,692929.8720308226,2.138951270677311e-05,1,0.3038404999533668,False,"[{""message"":""Optimization terminated successfully. (HiGHS Status 7: Optimal)"",""presolve"":true,""solve_seconds"":0.30383369990158826,""status"":0,""time_limit_seconds"":30.0}]",0.021191900013945997,0.01151209999807179,PASS,692929.8720308221,3.014666501618042e-11,463,192
39,2025-02-08T22:00:00Z,440,532,1912,327,46,67,0,Optimization terminated successfully. (HiGHS Status 7: Optimal),2.9189889600749352e-05,729440.2096843119,729430.876545114,1.2795097517816212e-05,1,0.13165959995239973,False,"[{""message"":""Optimization terminated successfully. (HiGHS Status 7: Optimal)"",""presolve"":true,""solve_seconds"":0.13165390002541244,""status"":0,""time_limit_seconds"":30.0}]",0.025894999969750643,0.021349399932660162,PASS,729430.876545114,-2.7963050541757185e-11,470,192
40,2025-02-09T22:00:00Z,364,443,1555,276,34,54,0,Optimization terminated successfully. (HiGHS Status 7: Optimal),1.7514983543643687e-05,430457.6922567494,430455.70227617555,4.622962509966686e-06,1,0.04877730004955083,False,"[{""message"":""Optimization terminated successfully. (HiGHS Status 7: Optimal)"",""presolve"":true,""solve_seconds"":0.04877160000614822,""status"":0,""time_limit_seconds"":30.0}]",0.021678800112567842,0.01621749997138977,PASS,428860.710093595,1594.9921825798974,434,192
41,2025-02-10T22:00:00Z,395,481,1705,296,38,61,0,Optimization terminated successfully. (HiGHS Status 7: Optimal),5.810709489645866e-05,422562.9324091748,422544.7058797969,4.313515025580528e-05,1,0.024570700014010072,False,"[{""message"":""Optimization terminated successfully. (HiGHS Status 7: Optimal)"",""presolve"":true,""solve_seconds"":0.024563799961470068,""status"":0,""time_limit_seconds"":30.0}]",0.0250299999024719,0.022128799930214882,PASS,422515.2784288793,29.427450917676904,409,192
42,2025-02-11T22:00:00Z,431,521,1871,322,44,65,0,Optimization terminated successfully. (HiGHS Status 7: Optimal),3.4481820600557426e-05,563003.3460314539,562994.625101867,1.5490253721929757e-05,1,0.025869300006888807,False,"[{""message"":""Optimization terminated successfully. (HiGHS Status 7: Optimal)"",""presolve"":true,""solve_seconds"":0.025861899950541556,""status"":0,""time_limit_seconds"":30.0}]",0.026506599970161915,0.021234699990600348,PASS,552376.8691750458,10617.755926821374,444,192
43,2025-02-12T22:00:00Z,437,528,1896,325,46,66,0,Optimization terminated successfully. (HiGHS Status 7: Optimal),9.507056373604174e-05,405382.16701969656,405366.3247572503,3.908134810094805e-05,1,0.15662190003786236,False,"[{""message"":""Optimization terminated successfully. (HiGHS Status 7: Optimal)"",""presolve"":true,""solve_seconds"":0.1566140999784693,""status"":0,""time_limit_seconds"":30.0}]",0.027415200020186603,0.019575199927203357,PASS,402195.6287363645,3170.6960208864425,468,192
44,2025-02-13T22:00:00Z,448,541,1947,332,48,68,0,Optimization terminated successfully. (HiGHS Status 7: Optimal),6.962210703320801e-05,301514.9489174647,301505.1323253152,3.255862370827859e-05,1,0.27895180007908493,False,"[{""message"":""Optimization terminated successfully. (HiGHS Status 7: Optimal)"",""presolve"":true,""solve_seconds"":0.27894470002502203,""status"":0,""time_limit_seconds"":30.0}]",0.026448899996466935,0.018593200016766787,PASS,301281.2923171432,223.84000817161683,475,192
45,2025-02-14T22:00:00Z,450,544,1958,333,48,69,0,Optimization terminated successfully. (HiGHS Status 7: Optimal),2.8072041230210775e-05,256129.21206561546,256125.90092727792,1.2927776244216644e-05,1,0.3941925000399351,False,"[{""message"":""Optimization terminated successfully. (HiGHS Status 7: Optimal)"",""presolve"":true,""solve_seconds"":0.3941841999767348,""status"":0,""time_limit_seconds"":30.0}]",0.024272400070913136,0.021410799934528768,PASS,256125.9009272779,-2.565481782568213e-10,480,192
46,2025-02-15T22:00:00Z,415,503,1795,310,42,63,0,Optimization terminated successfully. (HiGHS Status 7: Optimal),2.7260210528665007e-05,275882.4869965364,275878.10566652764,1.588139804769776e-05,1,0.16219180007465184,False,"[{""message"":""Optimization terminated successfully. (HiGHS Status 7: Optimal)"",""presolve"":true,""solve_seconds"":0.16218610003124923,""status"":0,""time_limit_seconds"":30.0}]",0.02643189998343587,0.01722809998318553,PASS,273789.1298021092,2088.975864418379,463,192
47,2025-02-16T22:00:00Z,444,537,1933,330,46,68,0,Optimization terminated successfully. (HiGHS Status 7: Optimal),7.513568582068777e-05,343538.96670566464,343524.8286447865,4.115586327172436e-05,1,0.21643159992527217,False,"[{""message"":""Optimization terminated successfully. (HiGHS Status 7: Optimal)"",""presolve"":true,""solve_seconds"":0.21642579999752343,""status"":0,""time_limit_seconds"":30.0}]",0.026542300009168684,0.020833099959418178,PASS,339633.73431335646,3891.0943314302126,461,192
48,2025-02-17T22:00:00Z,440,532,1912,327,46,67,0,Optimization terminated successfully. (HiGHS Status 7: Optimal),3.2831307544823665e-05,449339.97518571373,449331.16446228436,1.9608529579547305e-05,1,0.22628189995884895,False,"[{""message"":""Optimization terminated successfully. (HiGHS Status 7: Optimal)"",""presolve"":true,""solve_seconds"":0.22627740004099905,""status"":0,""time_limit_seconds"":30.0}]",0.029210500069893897,0.02207439998164773,PASS,449238.85304580256,92.31141648185788,474,192
49,2025-02-18T22:00:00Z,449,543,1953,332,48,69,0,Optimization terminated successfully. (HiGHS Status 7: Optimal),7.531214056513809e-05,668484.0403183601,668453.6666601956,4.5438688841781787e-05,1,0.44780209998134524,False,"[{""message"":""Optimization terminated successfully. (HiGHS Status 7: Optimal)"",""presolve"":true,""solve_seconds"":0.4477948999265209,""status"":0,""time_limit_seconds"":30.0}]",0.022220500046387315,0.01781919994391501,PASS,665638.9722733693,2814.694386826119,475,192
50,2025-02-19T22:00:00Z,430,522,1868,319,44,67,0,Optimization terminated successfully. (HiGHS Status 7: Optimal),4.61210732498582e-05,726622.8880888565,726607.7103255081,2.0888525035785123e-05,1,0.05580149998422712,False,"[{""message"":""Optimization terminated successfully. (HiGHS Status 7: Optimal)"",""presolve"":true,""solve_seconds"":0.05579540005419403,""status"":0,""time_limit_seconds"":30.0}]",0.024804599932394922,0.011467100004665554,PASS,724175.3320026217,2432.3783228861025,467,192
51,2025-02-20T22:00:00Z,397,482,1708,297,40,60,0,Optimization terminated successfully. (HiGHS Status 7: Optimal),8.306641464745056e-05,695195.7246039102,695164.8948298523,4.4348864977573606e-05,1,0.02431419992353767,False,"[{""message"":""Optimization terminated successfully. (HiGHS Status 7: Optimal)"",""presolve"":true,""solve_seconds"":0.02430719998665154,""status"":0,""time_limit_seconds"":30.0}]",0.023973000003024936,0.018093499937094748,PASS,693740.7296107113,1424.165219140955,441,192
52,2025-02-21T22:00:00Z,413,502,1780,305,44,64,0,Optimization terminated successfully. (HiGHS Status 7: Optimal),4.6869951936819784e-05,666019.6161162944,666005.6072176179,2.103420530498936e-05,1,0.30268169997725636,False,"[{""message"":""Optimization terminated successfully. (HiGHS Status 7: Optimal)"",""presolve"":true,""solve_seconds"":0.30267560004722327,""status"":0,""time_limit_seconds"":30.0}]",0.01962219993583858,0.02197939995676279,PASS,665978.0882193679,27.51899824903675,430,192
53,2025-02-22T22:00:00Z,448,541,1953,334,46,68,0,Optimization terminated successfully. (HiGHS Status 7: Optimal),6.512127771535965e-05,565181.9754922716,565164.4268668869,3.105047761405455e-05,1,0.25256930000614375,False,"[{""message"":""Optimization terminated successfully. (HiGHS Status 7: Optimal)"",""presolve"":true,""solve_seconds"":0.2525617000646889,""status"":0,""time_limit_seconds"":30.0}]",0.024900599964894354,0.022328199935145676,PASS,562314.4965559236,2849.9303109639964,459,192
54,2025-02-23T22:00:00Z,441,533,1917,328,46,67,0,Optimization terminated successfully. (HiGHS Status 7: Optimal),7.581102716512807e-05,525911.2048618897,525891.2648494026,3.791660713898213e-05,1,0.046415099990554154,False,"[{""message"":""Optimization terminated successfully. (HiGHS Status 7: Optimal)"",""presolve"":true,""solve_seconds"":0.046407900052145123,""status"":0,""time_limit_seconds"":30.0}]",0.02578559995163232,0.011769200093112886,PASS,521910.5014813841,3980.7633680189247,479,192
55,2025-02-24T22:00:00Z,436,528,1892,323,46,67,0,Optimization terminated successfully. (HiGHS Status 7: Optimal),2.5760181050406445e-05,554312.0682020484,554304.3762394827,1.3876784841470943e-05,1,0.39003230002708733,False,"[{""message"":""Optimization terminated successfully. (HiGHS Status 7: Optimal)"",""presolve"":true,""solve_seconds"":0.39002519997302443,""status"":0,""time_limit_seconds"":30.0}]",0.025903899921104312,0.0206698999973014,PASS,550776.1895637299,3528.1866757527496,469,192
56,2025-02-25T22:00:00Z,437,529,1897,324,46,67,0,Optimization terminated successfully. (HiGHS Status 7: Optimal),2.9055646092273566e-05,569204.2783705655,569196.2347894281,1.4131472848567488e-05,1,0.17095320008229464,False,"[{""message"":""Optimization terminated successfully. (HiGHS Status 7: Optimal)"",""presolve"":true,""solve_seconds"":0.17094490001909435,""status"":0,""time_limit_seconds"":30.0}]",0.030629600048996508,0.026578699937090278,PASS,567235.5278139084,1960.706975519849,465,192
57,2025-02-26T22:00:00Z,460,555,2009,342,48,70,0,Optimization terminated successfully. (HiGHS Status 7: Optimal),4.2972891059413756e-05,503877.0859678327,503867.1303798894,1.9758359581446358e-05,1,0.15185260004363954,False,"[{""message"":""Optimization terminated successfully. (HiGHS Status 7: Optimal)"",""presolve"":true,""solve_seconds"":0.15184429998043925,""status"":0,""time_limit_seconds"":30.0}]",0.03228899999521673,0.02401549997739494,PASS,503182.3736345615,684.7567453278344,481,192
58,2025-02-27T22:00:00Z,461,556,2014,343,48,70,0,Optimization terminated successfully. (HiGHS Status 7: Optimal),7.063399077620278e-05,366124.6507435721,366114.91586279485,2.658968634017291e-05,1,0.5134636999573559,False,"[{""message"":""Optimization terminated successfully. (HiGHS Status 7: Optimal)"",""presolve"":true,""solve_seconds"":0.5134559000143781,""status"":0,""time_limit_seconds"":30.0}]",0.027549999998882413,0.021998299984261394,PASS,365544.5531872898,570.3626755054613,497,192
59,2025-02-28T22:00:00Z,435,527,1893,324,44,67,0,Optimization terminated successfully. (HiGHS Status 7: Optimal),3.8140444090432977e-05,363955.5144270854,363946.7759795574,2.4010234750572587e-05,1,0.1906765999738127,False,"[{""message"":""Optimization terminated successfully. (HiGHS Status 7: Optimal)"",""presolve"":true,""solve_seconds"":0.19066860002931207,""status"":0,""time_limit_seconds"":30.0}]",0.027409099973738194,0.021221700008027256,PASS,363946.7759795573,6.719454267075284e-11,482,192
60,2025-03-01T22:00:00Z,408,496,1760,303,42,63,0,Optimization terminated successfully. (HiGHS Status 7: Optimal),6.477783192809414e-05,600455.1529366516,600430.9505214684,4.0308407090219066e-05,1,0.01587819994892925,False,"[{""message"":""Optimization terminated successfully. (HiGHS Status 7: Optimal)"",""presolve"":true,""solve_seconds"":0.01587110001128167,""status"":0,""time_limit_seconds"":30.0}]",0.02266700007021427,0.018652400001883507,PASS,600430.9505214688,-9.306733517178146e-12,449,192
61,2025-03-02T22:00:00Z,383,466,1636,285,40,58,0,Optimization terminated successfully. (HiGHS Status 7: Optimal),8.787822191829747e-05,739878.055504927,739845.6528727894,4.3796475672607706e-05,1,0.03972640004940331,False,"[{""message"":""Optimization terminated successfully. (HiGHS Status 7: Optimal)"",""presolve"":true,""solve_seconds"":0.039719599997624755,""status"":0,""time_limit_seconds"":30.0}]",0.016202099970541894,0.020884099998511374,PASS,737627.0720929829,2218.5807798061446,419,192
62,2025-03-03T22:00:00Z,406,491,1747,304,42,60,0,Optimization terminated successfully. (HiGHS Status 7: Optimal),2.7379300324549937e-05,774801.1351320923,774789.8909418322,1.4512567073379134e-05,1,0.0833615999436006,False,"[{""message"":""Optimization terminated successfully. (HiGHS Status 7: Optimal)"",""presolve"":true,""solve_seconds"":0.08335500000976026,""status"":0,""time_limit_seconds"":30.0}]",0.02063310006633401,0.02107719995547086,PASS,773962.8778700248,827.013071808629,423,192
63,2025-03-04T22:00:00Z,433,524,1882,323,44,66,0,Optimization terminated successfully. (HiGHS Status 7: Optimal),5.859786619588931e-05,727517.5208796842,727498.7779898858,2.5763465679305556e-05,1,0.40730389999225736,False,"[{""message"":""Optimization terminated successfully. (HiGHS Status 7: Optimal)"",""presolve"":true,""solve_seconds"":0.4072952999267727,""status"":0,""time_limit_seconds"":30.0}]",0.02654739993158728,0.01820449996739626,PASS,725693.232806446,1805.5451834399894,453,192
64,2025-03-05T22:00:00Z,431,521,1871,322,44,65,0,Optimization terminated successfully. (HiGHS Status 7: Optimal),2.2000396066178453e-05,605249.2892525531,605242.9233277235,1.0517966562279254e-05,1,0.18732959998305887,False,"[{""message"":""Optimization terminated successfully. (HiGHS Status 7: Optimal)"",""presolve"":true,""solve_seconds"":0.18732220004312694,""status"":0,""time_limit_seconds"":30.0}]",0.030282999970950186,0.02643620001617819,PASS,605219.3436593045,23.579668419025747,466,192
65,2025-03-06T22:00:00Z,448,541,1953,334,46,68,0,Optimization terminated successfully. (HiGHS Status 7: Optimal),5.371590007038006e-05,467484.6554563588,467474.97558832564,2.070670846278672e-05,1,0.5244582999730483,False,"[{""message"":""Optimization terminated successfully. (HiGHS Status 7: Optimal)"",""presolve"":true,""solve_seconds"":0.5244499000255018,""status"":0,""time_limit_seconds"":30.0}]",0.028562100022099912,0.02803049993235618,PASS,467474.97558832547,1.4719118723860445e-11,475,192
66,2025-03-07T22:00:00Z,447,540,1942,331,48,68,0,Optimization terminated successfully. (HiGHS Status 7: Optimal),7.90758175999235e-05,397903.3709657127,397886.01421119075,4.362242929389089e-05,1,0.22940650000236928,False,"[{""message"":""Optimization terminated successfully. (HiGHS Status 7: Optimal)"",""presolve"":true,""solve_seconds"":0.22939750005025417,""status"":0,""time_limit_seconds"":30.0}]",0.028940100106410682,0.01901639997959137,PASS,397637.7610679934,248.25314319715764,481,192
67,2025-03-08T22:00:00Z,451,545,1969,336,46,69,0,Optimization terminated successfully. (HiGHS Status 7: Optimal),6.40151511668223e-05,418740.66333642445,418727.7755747447,3.077837781857036e-05,1,0.3480525000486523,False,"[{""message"":""Optimization terminated successfully. (HiGHS Status 7: Optimal)"",""presolve"":true,""solve_seconds"":0.34804389998316765,""status"":0,""time_limit_seconds"":30.0}]",0.02733579999767244,0.02148770005442202,PASS,415738.8798965036,2988.8956782417213,482,192
68,2025-03-09T22:00:00Z,433,523,1881,324,44,65,0,Optimization terminated successfully. (HiGHS Status 7: Optimal),1.5982160754932156e-05,468382.4587944362,468378.10782601545,9.289435923752808e-06,1,0.09898229991085827,False,"[{""message"":""Optimization terminated successfully. (HiGHS Status 7: Optimal)"",""presolve"":true,""solve_seconds"":0.09897610009647906,""status"":0,""time_limit_seconds"":30.0}]",0.02783349994570017,0.019753700005821884,PASS,463019.1580866272,5358.949739387989,478,192
69,2025-03-10T22:00:00Z,455,550,1990,339,46,70,0,Optimization terminated successfully. (HiGHS Status 7: Optimal),5.54100836546949e-05,475223.702937867,475212.0329940284,2.4557340783413525e-05,1,0.15181680000387132,False,"[{""message"":""Optimization terminated successfully. (HiGHS Status 7: Optimal)"",""presolve"":true,""solve_seconds"":0.15181040007155389,""status"":0,""time_limit_seconds"":30.0}]",0.024814700009301305,0.020460099913179874,PASS,473745.9198861854,1466.1131078433718,480,192
70,2025-03-11T22:00:00Z,401,487,1735,302,38,61,0,Optimization terminated successfully. (HiGHS Status 7: Optimal),5.344339043107755e-05,553835.5297888329,553817.0067885534,3.3446066213913744e-05,1,0.12693470006342977,False,"[{""message"":""Optimization terminated successfully. (HiGHS Status 7: Optimal)"",""presolve"":true,""solve_seconds"":0.12692810001317412,""status"":0,""time_limit_seconds"":30.0}]",0.025232399930246174,0.01695290009956807,PASS,553761.2195979358,55.787190617496705,462,192
71,2025-03-12T22:00:00Z,398,483,1719,300,38,60,0,Optimization terminated successfully. (HiGHS Status 7: Optimal),9.631025034388277e-06,551769.3207205306,551767.3281929862,3.6111734830466833e-06,1,0.07181310001760721,False,"[{""message"":""Optimization terminated successfully. (HiGHS Status 7: Optimal)"",""presolve"":true,""solve_seconds"":0.07180669996887445,""status"":0,""time_limit_seconds"":30.0}]",0.02024480002000928,0.01968169992323965,PASS,551767.3281929865,2.2110802640658754e-11,433,192
72,2025-03-13T22:00:00Z,378,460,1628,287,34,57,0,Optimization terminated successfully. (HiGHS Status 7: Optimal),9.50356526561741e-05,345386.342219304,345373.0244046904,3.856066824133582e-05,1,0.2917619999498129,False,"[{""message"":""Optimization terminated successfully. (HiGHS Status 7: Optimal)"",""presolve"":true,""solve_seconds"":0.2917550998972729,""status"":0,""time_limit_seconds"":30.0}]",0.016707500093616545,0.021623500040732324,PASS,345373.02440468996,4.145005227940146e-13,422,192
73,2025-03-14T22:00:00Z,430,521,1867,320,44,66,0,Optimization terminated successfully. (HiGHS Status 7: Optimal),4.8935038135597346e-05,375060.8131886099,375049.24567736965,3.084264632864773e-05,1,0.17361800000071526,False,"[{""message"":""Optimization terminated successfully. (HiGHS Status 7: Optimal)"",""presolve"":true,""solve_seconds"":0.1736109999474138,""status"":0,""time_limit_seconds"":30.0}]",0.023668000008910894,0.020305000012740493,PASS,375049.2456773696,-1.4758190740593593e-10,436,192
74,2025-03-15T22:00:00Z,428,518,1856,319,44,65,0,Optimization terminated successfully. (HiGHS Status 7: Optimal),8.269085032294304e-05,502874.9430715076,502852.772755072,4.408908061530796e-05,1,0.04088480002246797,False,"[{""message"":""Optimization terminated successfully. (HiGHS Status 7: Optimal)"",""presolve"":true,""solve_seconds"":0.04087810008786619,""status"":0,""time_limit_seconds"":30.0}]",0.02679179992992431,0.02117640001233667,PASS,498626.93410435546,4225.838650716665,460,192
75,2025-03-16T22:00:00Z,447,540,1942,331,48,68,0,Optimization terminated successfully. (HiGHS Status 7: Optimal),3.0351703909048818e-05,702083.5399610538,702070.1859973655,1.9020838592195794e-05,1,0.25686269998550415,False,"[{""message"":""Optimization terminated successfully. (HiGHS Status 7: Optimal)"",""presolve"":true,""solve_seconds"":0.2568569000577554,""status"":0,""time_limit_seconds"":30.0}]",0.022519999998621643,0.01255210000090301,PASS,702047.6741161997,22.511881166312257,469,192
76,2025-03-17T22:00:00Z,455,549,1989,340,46,69,0,Optimization terminated successfully. (HiGHS Status 7: Optimal),6.612325773108279e-05,749966.5875288777,749945.9691680736,2.749312837419061e-05,1,0.09912659996189177,False,"[{""message"":""Optimization terminated successfully. (HiGHS Status 7: Optimal)"",""presolve"":true,""solve_seconds"":0.09911960002500564,""status"":0,""time_limit_seconds"":30.0}]",0.021943600033409894,0.021949499961920083,PASS,749945.9691680731,1.153602795511688e-11,486,192
77,2025-03-18T22:00:00Z,420,510,1822,313,42,65,0,Optimization terminated successfully. (HiGHS Status 7: Optimal),6.930893722025812e-05,575117.1316421842,575098.7411728104,3.1977933626287956e-05,1,0.0710564999608323,False,"[{""message"":""Optimization terminated successfully. (HiGHS Status 7: Optimal)"",""presolve"":true,""solve_seconds"":0.07104910002090037,""status"":0,""time_limit_seconds"":30.0}]",0.023566999938338995,0.014951499993912876,PASS,574751.2187722082,347.52240060210744,471,192
78,2025-03-19T22:00:00Z,432,523,1877,322,44,66,0,Optimization terminated successfully. (HiGHS Status 7: Optimal),2.3303045209854212e-05,560370.2313766659,560363.3004002606,1.2368719365317842e-05,1,0.30011630000080913,False,"[{""message"":""Optimization terminated successfully. (HiGHS Status 7: Optimal)"",""presolve"":true,""solve_seconds"":0.30011000006925315,""status"":0,""time_limit_seconds"":30.0}]",0.02802610001526773,0.021586499991826713,PASS,560360.6008087505,2.6995915105816883,456,192
79,2025-03-20T22:00:00Z,460,556,2010,341,48,71,0,Optimization terminated successfully. (HiGHS Status 7: Optimal),6.717367261668754e-05,521888.315370934,521873.1213468987,2.9114402359112712e-05,1,0.49095090001355857,False,"[{""message"":""Optimization terminated successfully. (HiGHS Status 7: Optimal)"",""presolve"":true,""solve_seconds"":0.4909426999511197,""status"":0,""time_limit_seconds"":30.0}]",0.027019100030884147,0.02010399999562651,PASS,520978.5912847829,894.530062115943,478,192
80,2025-03-21T22:00:00Z,428,517,1855,320,44,64,0,Optimization terminated successfully. (HiGHS Status 7: Optimal),2.5384191067304244e-05,418377.65128021577,418372.7174643307,1.1792871951467084e-05,1,0.2137170999776572,False,"[{""message"":""Optimization terminated successfully. (HiGHS Status 7: Optimal)"",""presolve"":true,""solve_seconds"":0.21371020004153252,""status"":0,""time_limit_seconds"":30.0}]",0.02335139992646873,0.0161077999509871,PASS,418372.7174643315,-3.0074744472585737e-12,478,192
81,2025-03-22T22:00:00Z,442,535,1923,328,46,68,0,Optimization terminated successfully. (HiGHS Status 7: Optimal),4.054983155262211e-05,370240.72991688864,370233.5282719389,1.9451628228661567e-05,1,0.20854319992940873,False,"[{""message"":""Optimization terminated successfully. (HiGHS Status 7: Optimal)"",""presolve"":true,""solve_seconds"":0.2085369999986142,""status"":0,""time_limit_seconds"":30.0}]",0.023965599946677685,0.020048000034876168,PASS,363780.9566479037,6452.571624035146,468,192
82,2025-03-23T22:00:00Z,413,502,1786,307,42,64,0,Optimization terminated successfully. (HiGHS Status 7: Optimal),1.8119521799224808e-05,484865.8467775517,484860.1197374525,1.181173675886984e-05,1,0.26459509995765984,False,"[{""message"":""Optimization terminated successfully. (HiGHS Status 7: Optimal)"",""presolve"":true,""solve_seconds"":0.26458900002762675,""status"":0,""time_limit_seconds"":30.0}]",0.02013520000036806,0.018476100056432188,PASS,482972.0546126433,1888.0651248088425,455,192
83,2025-03-24T22:00:00Z,426,515,1839,316,46,64,0,Optimization terminated successfully. (HiGHS Status 7: Optimal),1.5520636646683855e-05,687310.894479941,687305.0684554888,8.476620818927771e-06,1,0.19289859989657998,False,"[{""message"":""Optimization terminated successfully. (HiGHS Status 7: Optimal)"",""presolve"":true,""solve_seconds"":0.19289280008524656,""status"":0,""time_limit_seconds"":30.0}]",0.02458430000115186,0.012028500088490546,PASS,683016.7660040834,4288.3024514047,447,192
84,2025-03-25T22:00:00Z,463,557,2023,346,48,69,0,Optimization terminated successfully. (HiGHS Status 7: Optimal),2.218064542521297e-05,654646.5741013756,654640.2375309631,9.679469805280518e-06,1,0.422790199983865,False,"[{""message"":""Optimization terminated successfully. (HiGHS Status 7: Optimal)"",""presolve"":true,""solve_seconds"":0.4227836000500247,""status"":0,""time_limit_seconds"":30.0}]",0.022372899926267564,0.021843899972736835,PASS,652494.5722111696,2145.6653197934083,481,192
85,2025-03-26T22:00:00Z,438,528,1900,327,46,65,0,Optimization terminated successfully. (HiGHS Status 7: Optimal),2.7257097232119034e-05,523751.0430781767,523744.44251353113,1.2602643789150208e-05,1,0.23393950005993247,False,"[{""message"":""Optimization terminated successfully. (HiGHS Status 7: Optimal)"",""presolve"":true,""solve_seconds"":0.23392909998074174,""status"":0,""time_limit_seconds"":30.0}]",0.02598429995123297,0.027018000022508204,PASS,523495.7917429416,248.6507705898435,491,192
86,2025-03-27T22:00:00Z,470,565,2059,352,48,70,0,Optimization terminated successfully. (HiGHS Status 7: Optimal),2.8155283185953573e-05,384655.07283752796,384651.0027994574,1.0581119094793957e-05,1,0.04360319999977946,False,"[{""message"":""Optimization terminated successfully. (HiGHS Status 7: Optimal)"",""presolve"":true,""solve_seconds"":0.04359450004994869,""status"":0,""time_limit_seconds"":30.0}]",0.02962759998627007,0.023822100018151104,PASS,384488.3888743314,162.61392512608802,496,192
87,2025-03-28T22:00:00Z,421,510,1824,310,46,65,0,Optimization terminated successfully. (HiGHS Status 7: Optimal),5.174803882396508e-05,461605.07273874356,461588.5930132102,3.570219408101367e-05,1,0.27579869993496686,False,"[{""message"":""Optimization terminated successfully. (HiGHS Status 7: Optimal)"",""presolve"":true,""solve_seconds"":0.27579050010535866,""status"":0,""time_limit_seconds"":30.0}]",0.02860089996829629,0.016030299942940474,PASS,461585.5259742022,3.0670390093085675,480,188
88,2025-03-29T22:00:00Z,424,513,1835,316,44,64,0,Optimization terminated successfully. (HiGHS Status 7: Optimal),9.469082362976467e-05,791685.6022617135,791640.6549165528,5.677745942113633e-05,1,0.0416668999241665,False,"[{""message"":""Optimization terminated successfully. (HiGHS Status 7: Optimal)"",""presolve"":true,""solve_seconds"":0.0416587000945583,""status"":0,""time_limit_seconds"":30.0}]",0.027230999898165464,0.025493000051937997,PASS,784568.3311858809,7072.323730671665,450,188
89,2025-03-30T21:00:00Z,416,504,1800,311,42,63,0,Optimization terminated successfully. (HiGHS Status 7: Optimal),1.2753522509985291e-05,804336.6607576659,804332.339623144,5.372324733185986e-06,1,0.2867565000196919,False,"[{""message"":""Optimization terminated successfully. (HiGHS Status 7: Optimal)"",""presolve"":true,""solve_seconds"":0.28674909996334463,""status"":0,""time_limit_seconds"":30.0}]",0.027893600054085255,0.02185489994008094,PASS,802273.1108091123,2059.228814030992,452,192
90,2025-03-31T21:00:00Z,415,503,1795,310,42,63,0,Optimization terminated successfully. (HiGHS Status 7: Optimal),1.4614105589439823e-05,712828.4903359627,712822.9684606718,7.746489009498381e-06,1,0.2976545999990776,False,"[{""message"":""Optimization terminated successfully. (HiGHS Status 7: Optimal)"",""presolve"":true,""solve_seconds"":0.29764859995339066,""status"":0,""time_limit_seconds"":30.0}]",0.023356299963779747,0.032367700012400746,PASS,712529.1541682662,293.8142924058769,447,192
91,2025-04-01T21:00:00Z,398,485,1715,296,40,62,0,Optimization terminated successfully. (HiGHS Status 7: Optimal),2.82126202701089e-05,792355.9043305053,792344.1567335122,1.4826381810577451e-05,1,0.4306343999924138,False,"[{""message"":""Optimization terminated successfully. (HiGHS Status 7: Optimal)"",""presolve"":true,""solve_seconds"":0.430627099936828,""status"":0,""time_limit_seconds"":30.0}]",0.018884300021454692,0.020200000028125942,PASS,792219.8807291067,124.27600440527519,433,192
92,2025-04-02T21:00:00Z,443,536,1928,329,46,68,0,Optimization terminated successfully. (HiGHS Status 7: Optimal),4.095613647646189e-05,702528.6745688778,702516.8820328063,1.678612482219464e-05,1,0.3093374000163749,False,"[{""message"":""Optimization terminated successfully. (HiGHS Status 7: Optimal)"",""presolve"":true,""solve_seconds"":0.30932940007187426,""status"":0,""time_limit_seconds"":30.0}]",0.1262253999011591,0.021009500022046268,PASS,702516.8820328066,-6.245456347642175e-11,447,192
93,2025-04-03T21:00:00Z,427,518,1852,317,44,66,0,Optimization terminated successfully. (HiGHS Status 7: Optimal),4.4482929208476655e-05,779244.7796775652,779222.8554547485,2.813601097970663e-05,1,0.3161227999953553,False,"[{""message"":""Optimization terminated successfully. (HiGHS Status 7: Optimal)"",""presolve"":true,""solve_seconds"":0.31611559994053096,""status"":0,""time_limit_seconds"":30.0}]",0.026469500036910176,0.01890070002991706,PASS,778489.8931470945,732.9623076532969,464,192
94,2025-04-04T21:00:00Z,457,551,1999,342,46,69,0,Optimization terminated successfully. (HiGHS Status 7: Optimal),5.9043098237953325e-05,700094.4779026143,700082.1278304439,1.7640890517585153e-05,1,0.2235607000766322,False,"[{""message"":""Optimization terminated successfully. (HiGHS Status 7: Optimal)"",""presolve"":true,""solve_seconds"":0.2235526000149548,""status"":0,""time_limit_seconds"":30.0}]",0.02632790000643581,0.015590499970130622,PASS,700082.1278304439,-6.148896787294689e-11,476,192
95,2025-04-05T21:00:00Z,414,503,1785,306,44,64,0,Optimization terminated successfully. (HiGHS Status 7: Optimal),3.0704921118449096e-05,567570.7269756629,567559.6744770791,1.9473720704314507e-05,1,0.3491777000017464,False,"[{""message"":""Optimization terminated successfully. (HiGHS Status 7: Optimal)"",""presolve"":true,""solve_seconds"":0.34916960005648434,""status"":0,""time_limit_seconds"":30.0}]",0.018048000056296587,0.02301410003565252,PASS,567543.7260215097,15.948455569787829,467,192
96,2025-04-06T21:00:00Z,434,525,1881,322,46,66,0,Optimization terminated successfully. (HiGHS Status 7: Optimal),4.103483000248742e-05,795360.2542258068,795342.3009814804,2.2572978080316398e-05,1,0.2505974000087008,False,"[{""message"":""Optimization terminated successfully. (HiGHS Status 7: Optimal)"",""presolve"":true,""solve_seconds"":0.2505893000634387,""status"":0,""time_limit_seconds"":30.0}]",0.024311200017109513,0.021179300034418702,PASS,795260.1644843651,82.13649711573744,450,192
97,2025-04-07T21:00:00Z,423,514,1838,315,42,66,0,Optimization terminated successfully. (HiGHS Status 7: Optimal),5.137273254742151e-05,792502.8496241593,792484.4916900913,2.3165038887771888e-05,1,0.20554310001898557,False,"[{""message"":""Optimization terminated successfully. (HiGHS Status 7: Optimal)"",""presolve"":true,""solve_seconds"":0.20553559996187687,""status"":0,""time_limit_seconds"":30.0}]",0.02548640000168234,0.018056000000797212,PASS,790378.0913374801,2106.400352610972,457,192
98,2025-04-08T21:00:00Z,444,537,1933,330,46,68,0,Optimization terminated successfully. (HiGHS Status 7: Optimal),1.7889950758432145e-05,811327.0579958959,811318.8613703373,1.010284112549623e-05,1,0.07314620004035532,False,"[{""message"":""Optimization terminated successfully. (HiGHS Status 7: Optimal)"",""presolve"":true,""solve_seconds"":0.07313939998857677,""status"":0,""time_limit_seconds"":30.0}]",0.017022899934090674,0.01867730007506907,PASS,809693.4094009114,1625.4519694260139,463,192
99,2025-04-09T21:00:00Z,410,498,1770,305,42,63,0,Optimization terminated successfully. (HiGHS Status 7: Optimal),2.076113268258026e-05,919303.9576983233,919294.3166688795,1.0487424178536791e-05,1,0.25316670001484454,False,"[{""message"":""Optimization terminated successfully. (HiGHS Status 7: Optimal)"",""presolve"":true,""solve_seconds"":0.2531599000794813,""status"":0,""time_limit_seconds"":30.0}]",0.02344030002132058,0.014877400011755526,PASS,919266.5838432392,27.73282564002842,456,192
100,2025-04-10T21:00:00Z,443,534,1932,333,44,66,0,Optimization terminated successfully. (HiGHS Status 7: Optimal),5.5936025977318144e-05,824300.9235980792,824280.7055286897,2.4528136172508267e-05,1,0.2990191000280902,False,"[{""message"":""Optimization terminated successfully. (HiGHS Status 7: Optimal)"",""presolve"":true,""solve_seconds"":0.2990117999725044,""status"":0,""time_limit_seconds"":30.0}]",0.016673099948093295,0.02180350001435727,PASS,823745.6013504325,535.1041782568207,461,192
101,2025-04-11T21:00:00Z,425,514,1840,317,44,64,0,Optimization terminated successfully. (HiGHS Status 7: Optimal),4.030473389542598e-05,803273.1399519416,803255.2595964113,2.225986735435243e-05,1,0.06397969997487962,False,"[{""message"":""Optimization terminated successfully. (HiGHS Status 7: Optimal)"",""presolve"":true,""solve_seconds"":0.06397099990863353,""status"":0,""time_limit_seconds"":30.0}]",0.027171900030225515,0.01665170001797378,PASS,803255.2595964109,5.898781759346623e-11,472,192
102,2025-04-12T21:00:00Z,468,563,2049,350,48,70,0,Optimization terminated successfully. (HiGHS Status 7: Optimal),1.7511304112534626e-05,667894.5143289738,667890.5603358916,5.920121225086368e-06,1,0.1848757000407204,False,"[{""message"":""Optimization terminated successfully. (HiGHS Status 7: Optimal)"",""presolve"":true,""solve_seconds"":0.18486569996457547,""status"":0,""time_limit_seconds"":30.0}]",0.029006300028413534,0.026463499991223216,PASS,659148.7261062087,8741.834229683383,485,192
103,2025-04-13T21:00:00Z,460,556,2010,341,48,71,0,Optimization terminated successfully. (HiGHS Status 7: Optimal),8.079614210801041e-05,397645.39021723054,397630.6409361083,3.709291891467367e-05,1,0.08421630004886538,False,"[{""message"":""Optimization terminated successfully. (HiGHS Status 7: Optimal)"",""presolve"":true,""solve_seconds"":0.08421020000241697,""status"":0,""time_limit_seconds"":30.0}]",0.033187300083227456,0.022043899982236326,PASS,396611.9662168433,1018.6747192649991,502,192
104,2025-04-14T21:00:00Z,437,528,1902,327,44,66,0,Optimization terminated successfully. (HiGHS Status 7: Optimal),4.3825940456420796e-05,523497.6021979224,523482.54126508994,2.8770649726123723e-05,1,0.1960388000588864,False,"[{""message"":""Optimization terminated successfully. (HiGHS Status 7: Optimal)"",""presolve"":true,""solve_seconds"":0.19602879998274148,""status"":0,""time_limit_seconds"":30.0}]",0.02668840007390827,0.021433699992485344,PASS,523268.09184870636,214.44941638275196,483,192
105,2025-04-15T21:00:00Z,440,533,1919,328,44,68,0,Optimization terminated successfully. (HiGHS Status 7: Optimal),5.227478995811936e-05,660970.9235355267,660954.2476330907,2.523004049938242e-05,1,0.06893649999983609,False,"[{""message"":""Optimization terminated successfully. (HiGHS Status 7: Optimal)"",""presolve"":true,""solve_seconds"":0.06892959994729608,""status"":0,""time_limit_seconds"":30.0}]",0.0286498999921605,0.021825300063937902,PASS,660910.6037506227,43.64388246764601,473,192
106,2025-04-16T21:00:00Z,469,565,2055,350,48,71,0,Optimization terminated successfully. (HiGHS Status 7: Optimal),3.12012778074918e-05,566117.3376931213,566109.5796975569,1.3704052788717756e-05,1,0.16293140000198036,False,"[{""message"":""Optimization terminated successfully. (HiGHS Status 7: Optimal)"",""presolve"":true,""solve_seconds"":0.16292490006890148,""status"":0,""time_limit_seconds"":30.0}]",0.028475999948568642,0.02546439995057881,PASS,566102.2729675134,7.306730042766138,491,192
107,2025-04-17T21:00:00Z,418,506,1810,313,42,63,0,Optimization terminated successfully. (HiGHS Status 7: Optimal),4.455055463747707e-05,502698.75855727674,502687.3771103325,2.2641202987200893e-05,1,0.39542179997079074,False,"[{""message"":""Optimization terminated successfully. (HiGHS Status 7: Optimal)"",""presolve"":true,""solve_seconds"":0.3954155999235809,""status"":0,""time_limit_seconds"":30.0}]",0.025973599986173213,0.019470600062049925,PASS,501174.8747525692,1512.502357762945,481,192
108,2025-04-18T21:00:00Z,435,525,1885,324,46,65,0,Optimization terminated successfully. (HiGHS Status 7: Optimal),7.976727336735607e-05,760907.0079433528,760866.4807659793,5.3264506188694114e-05,1,0.3324795999797061,False,"[{""message"":""Optimization terminated successfully. (HiGHS Status 7: Optimal)"",""presolve"":true,""solve_seconds"":0.3324720000382513,""status"":0,""time_limit_seconds"":30.0}]",0.031990099931135774,0.023447700077667832,PASS,760865.2537518309,1.227014147885178,461,192
109,2025-04-19T21:00:00Z,419,508,1804,309,46,64,0,Optimization terminated successfully. (HiGHS Status 7: Optimal),2.4695387848290563e-05,920772.907560462,920762.6877920389,1.109924257207698e-05,1,0.2217712999554351,False,"[{""message"":""Optimization terminated successfully. (HiGHS Status 7: Optimal)"",""presolve"":true,""solve_seconds"":0.22176380001474172,""status"":0,""time_limit_seconds"":30.0}]",0.0259562999708578,0.021074599935673177,PASS,920762.6877920392,-4.211225445397796e-11,456,192
110,2025-04-20T21:00:00Z,424,513,1835,316,44,64,0,Optimization terminated successfully. (HiGHS Status 7: Optimal),2.1714830979256135e-05,676959.8712393211,676954.1209685663,8.49432860615438e-06,1,0.1420085000572726,False,"[{""message"":""Optimization terminated successfully. (HiGHS Status 7: Optimal)"",""presolve"":true,""solve_seconds"":0.14199959998950362,""status"":0,""time_limit_seconds"":30.0}]",0.02306709997355938,0.02142369991634041,PASS,676600.036057285,354.0849112812156,449,192
111,2025-04-21T21:00:00Z,425,514,1840,317,44,64,0,Optimization terminated successfully. (HiGHS Status 7: Optimal),8.3341307801277e-06,575330.478836502,575327.870487231,4.533674457302545e-06,1,0.11076219996903092,False,"[{""message"":""Optimization terminated successfully. (HiGHS Status 7: Optimal)"",""presolve"":true,""solve_seconds"":0.11075470002833754,""status"":0,""time_limit_seconds"":30.0}]",0.0280971999745816,0.021640999941155314,PASS,571832.3884801314,3495.4820070999913,457,192
112,2025-04-22T21:00:00Z,438,530,1896,323,48,67,0,Optimization terminated successfully. (HiGHS Status 7: Optimal),8.606388708768282e-05,503070.6154508215,503053.7852275989,3.345611089080232e-05,1,0.06427149998489767,False,"[{""message"":""Optimization terminated successfully. (HiGHS Status 7: Optimal)"",""presolve"":true,""solve_seconds"":0.06426370004191995,""status"":0,""time_limit_seconds"":30.0}]",0.025378099991939962,0.020602499949745834,PASS,502990.49510435766,63.290123240994255,461,192
113,2025-04-23T21:00:00Z,421,511,1821,312,44,65,0,Optimization terminated successfully. (HiGHS Status 7: Optimal),2.2897005739081564e-05,526106.7203145106,526099.1112092303,1.4463254391132219e-05,1,0.2073533000657335,False,"[{""message"":""Optimization terminated successfully. (HiGHS Status 7: Optimal)"",""presolve"":true,""solve_seconds"":0.2073462000116706,""status"":0,""time_limit_seconds"":30.0}]",0.023008099989965558,0.020534500014036894,PASS,526099.1112092297,4.1209597156921525e-11,455,192
114,2025-04-24T21:00:00Z,459,553,2003,342,48,69,0,Optimization terminated successfully. (HiGHS Status 7: Optimal),2.645633682913102e-05,573531.5189985528,573525.1020209246,1.1188660453813037e-05,1,0.5415308999363333,False,"[{""message"":""Optimization terminated successfully. (HiGHS Status 7: Optimal)"",""presolve"":true,""solve_seconds"":0.5415249000070617,""status"":0,""time_limit_seconds"":30.0}]",0.026343700010329485,0.014762199949473143,PASS,573525.1020209241,3.2808433303443965e-12,472,192
115,2025-04-25T21:00:00Z,454,548,1984,339,46,69,0,Optimization terminated successfully. (HiGHS Status 7: Optimal),2.878484310230441e-05,366331.58802761417,366327.9969144463,9.802999492588061e-06,1,0.3617390999570489,False,"[{""message"":""Optimization terminated successfully. (HiGHS Status 7: Optimal)"",""presolve"":true,""solve_seconds"":0.3617327999090776,""status"":0,""time_limit_seconds"":30.0}]",0.023535899934358895,0.019617199897766113,PASS,366327.99691444606,-6.105365043159358e-12,495,192
116,2025-04-26T21:00:00Z,428,519,1857,318,44,66,0,Optimization terminated successfully. (HiGHS Status 7: Optimal),1.9943921255174894e-05,395422.040802598,395416.62038477877,1.370811832329091e-05,1,0.22520079999230802,False,"[{""message"":""Optimization terminated successfully. (HiGHS Status 7: Optimal)"",""presolve"":true,""solve_seconds"":0.22519399994052947,""status"":0,""time_limit_seconds"":30.0}]",0.01648729993030429,0.023169900057837367,PASS,395416.6203847786,-8.0441710981205e-11,474,192
117,2025-04-27T21:00:00Z,433,523,1881,324,44,65,0,Optimization terminated successfully. (HiGHS Status 7: Optimal),9.352090677754499e-05,562690.4146762546,562663.0830938979,4.857539649913172e-05,1,0.034400800010189414,False,"[{""message"":""Optimization terminated successfully. (HiGHS Status 7: Optimal)"",""presolve"":true,""solve_seconds"":0.034392899950034916,""status"":0,""time_limit_seconds"":30.0}]",0.02362549991812557,0.020747699891217053,PASS,562663.0830938977,-1.3855022196196388e-11,463,192
118,2025-04-28T21:00:00Z,467,564,2046,347,48,72,0,Optimization terminated successfully. (HiGHS Status 7: Optimal),2.9956756385700946e-05,711701.8118588232,711689.2044071424,1.7714827768558352e-05,1,0.07150219997856766,False,"[{""message"":""Optimization terminated successfully. (HiGHS Status 7: Optimal)"",""presolve"":true,""solve_seconds"":0.07149580004625022,""status"":0,""time_limit_seconds"":30.0}]",0.023721399949863553,0.020632399944588542,PASS,711103.5179806894,585.6864264533913,486,192
119,2025-04-29T21:00:00Z,437,530,1892,321,48,68,0,Optimization terminated successfully. (HiGHS Status 7: Optimal),2.686384697728489e-05,1099699.5348059963,1099681.2513253693,1.6626163813342092e-05,1,0.31276150001212955,False,"[{""message"":""Optimization terminated successfully. (HiGHS Status 7: Optimal)"",""presolve"":true,""solve_seconds"":0.31275399995502084,""status"":0,""time_limit_seconds"":30.0}]",0.02694290003273636,0.01776739989873022,PASS,1098683.0228881305,998.2284372383544,480,192
120,2025-04-30T21:00:00Z,460,555,2009,342,48,70,0,Optimization terminated successfully. (HiGHS Status 7: Optimal),5.886227402331564e-05,948908.0324970477,948892.1242734334,1.6765049690459175e-05,1,0.30052469996735454,False,"[{""message"":""Optimization terminated successfully. (HiGHS Status 7: Optimal)"",""presolve"":true,""solve_seconds"":0.3005173000274226,""status"":0,""time_limit_seconds"":30.0}]",0.019956800038926303,0.018559299991466105,PASS,948892.1242734338,-2.5117133114112754e-11,477,192
121,2025-05-01T21:00:00Z,456,550,1988,339,48,69,0,Optimization terminated successfully. (HiGHS Status 7: Optimal),3.404753502460458e-05,588870.6066021845,588859.7223912306,1.8483537827378972e-05,1,0.26493860001210123,False,"[{""message"":""Optimization terminated successfully. (HiGHS Status 7: Optimal)"",""presolve"":true,""solve_seconds"":0.2649326999671757,""status"":0,""time_limit_seconds"":30.0}]",0.01574479998089373,0.01553200010675937,PASS,588411.8803617624,447.84202946800895,494,192
122,2025-05-02T21:00:00Z,441,534,1912,325,48,68,0,Optimization terminated successfully. (HiGHS Status 7: Optimal),5.764438439470919e-05,575551.4990447134,575536.6753450952,2.5756307553008115e-05,1,0.11954360001254827,False,"[{""message"":""Optimization terminated successfully. (HiGHS Status 7: Optimal)"",""presolve"":true,""solve_seconds"":0.11953629995696247,""status"":0,""time_limit_seconds"":30.0}]",0.025797100039198995,0.020868799998424947,PASS,575536.6753450959,1.981172239595708e-11,479,192
123,2025-05-03T21:00:00Z,426,516,1834,313,48,65,0,Optimization terminated successfully. (HiGHS Status 7: Optimal),1.9268787279396086e-05,556151.8833325227,556146.0992265409,1.0400335433190617e-05,1,0.24572950007859617,False,"[{""message"":""Optimization terminated successfully. (HiGHS Status 7: Optimal)"",""presolve"":true,""solve_seconds"":0.24572260002605617,""status"":0,""time_limit_seconds"":30.0}]",0.029344999929890037,0.020101799978874624,PASS,556146.0992265412,5.0419392512897816e-12,457,192
124,2025-05-04T21:00:00Z,437,529,1891,322,48,67,0,Optimization terminated successfully. (HiGHS Status 7: Optimal),2.63638697359849e-05,607785.6826774428,607777.5263741363,1.3419883020548843e-05,1,0.08252629998605698,False,"[{""message"":""Optimization terminated successfully. (HiGHS Status 7: Optimal)"",""presolve"":true,""solve_seconds"":0.08251969993580133,""status"":0,""time_limit_seconds"":30.0}]",0.030259099905379117,0.024266100022941828,PASS,607732.9999467816,44.526427354349195,455,192
125,2025-05-05T21:00:00Z,436,527,1897,326,44,66,0,Optimization terminated successfully. (HiGHS Status 7: Optimal),1.1337456247309669e-05,516502.59584294085,516500.22603400284,4.588205035652774e-06,1,0.24496090004686266,False,"[{""message"":""Optimization terminated successfully. (HiGHS Status 7: Optimal)"",""presolve"":true,""solve_seconds"":0.24495259998366237,""status"":0,""time_limit_seconds"":30.0}]",0.11776880000252277,0.02127470006234944,PASS,514068.0042348753,2432.2217991280477,467,192
126,2025-05-06T21:00:00Z,435,527,1893,324,44,67,0,Optimization terminated successfully. (HiGHS Status 7: Optimal),1.0748962434399662e-05,361903.0362405213,361901.3452610934,4.672487267685884e-06,1,0.31977900001220405,False,"[{""message"":""Optimization terminated successfully. (HiGHS Status 7: Optimal)"",""presolve"":true,""solve_seconds"":0.31976929993834347,""status"":0,""time_limit_seconds"":30.0}]",0.029089099960401654,0.024688699981197715,PASS,361901.34526109375,-1.592349570718928e-11,469,192
127,2025-05-07T21:00:00Z,446,539,1943,332,46,68,0,Optimization terminated successfully. (HiGHS Status 7: Optimal),6.517536552726981e-05,386975.52855722705,386960.43820858747,3.8997135493859885e-05,1,0.3952152000274509,False,"[{""message"":""Optimization terminated successfully. (HiGHS Status 7: Optimal)"",""presolve"":true,""solve_seconds"":0.3952061999589205,""status"":0,""time_limit_seconds"":30.0}]",0.03930950001813471,0.023239500005729496,PASS,386927.1426271844,33.2955814029096,473,192
128,2025-05-08T21:00:00Z,403,490,1734,299,42,62,0,Optimization terminated successfully. (HiGHS Status 7: Optimal),4.1118386698693576e-05,520443.4178429751,520431.47285802476,2.2952080289765016e-05,1,0.3346328000770882,False,"[{""message"":""Optimization terminated successfully. (HiGHS Status 7: Optimal)"",""presolve"":true,""solve_seconds"":0.3346259000245482,""status"":0,""time_limit_seconds"":30.0}]",0.024632800021208823,0.01739079994149506,PASS,520431.4728580249,1.0684681287879508e-11,453,192
129,2025-05-09T21:00:00Z,452,545,1967,336,48,68,0,Optimization terminated successfully. (HiGHS Status 7: Optimal),4.816091335935968e-05,560653.609748862,560640.534110399,2.3322677665056924e-05,1,0.1451269999379292,False,"[{""message"":""Optimization terminated successfully. (HiGHS Status 7: Optimal)"",""presolve"":true,""solve_seconds"":0.14512090000789613,""status"":0,""time_limit_seconds"":30.0}]",0.01814189995639026,0.01889169996138662,PASS,559818.5195625526,822.0145478465904,457,192
130,2025-05-10T21:00:00Z,432,523,1871,320,46,66,0,Optimization terminated successfully. (HiGHS Status 7: Optimal),6.066136125628835e-05,553798.2141556706,553780.9370728645,3.1198406534948326e-05,1,0.22126210003625602,False,"[{""message"":""Optimization terminated successfully. (HiGHS Status 7: Optimal)"",""presolve"":true,""solve_seconds"":0.22125589998904616,""status"":0,""time_limit_seconds"":30.0}]",0.015216300031170249,0.014204700011759996,PASS,553411.1025928645,369.8344800001393,474,192
131,2025-05-11T21:00:00Z,441,534,1918,327,46,68,0,Optimization terminated successfully. (HiGHS Status 7: Optimal),6.707395541319344e-05,520056.9699432939,520041.03271873965,3.064609050352908e-05,1,0.16429069999139756,False,"[{""message"":""Optimization terminated successfully. (HiGHS Status 7: Optimal)"",""presolve"":true,""solve_seconds"":0.16428519994951785,""status"":0,""time_limit_seconds"":30.0}]",0.02393669995944947,0.02280619996599853,PASS,519793.545394527,247.48732421195697,465,192
132,2025-05-12T21:00:00Z,413,500,1790,311,40,62,0,Optimization terminated successfully. (HiGHS Status 7: Optimal),7.722061311262296e-05,474716.6205734809,474698.1487936205,3.891268568736779e-05,1,0.1408164999447763,False,"[{""message"":""Optimization terminated successfully. (HiGHS Status 7: Optimal)"",""presolve"":true,""solve_seconds"":0.1408103998983279,""status"":0,""time_limit_seconds"":30.0}]",0.02151750004850328,0.022632200038060546,PASS,473766.8083728839,931.3404207366847,460,192
133,2025-05-13T21:00:00Z,449,542,1952,333,48,68,0,Optimization terminated successfully. (HiGHS Status 7: Optimal),7.60302781725972e-05,531898.3922887957,531875.938810428,4.221563099445424e-05,1,0.3918513000244275,False,"[{""message"":""Optimization terminated successfully. (HiGHS Status 7: Optimal)"",""presolve"":true,""solve_seconds"":0.39184499997645617,""status"":0,""time_limit_seconds"":30.0}]",0.028544100001454353,0.012830300023779273,PASS,531842.9738655376,32.96494489061138,466,192
134,2025-05-14T21:00:00Z,411,498,1780,309,40,62,0,Optimization terminated successfully. (HiGHS Status 7: Optimal),8.016045561777443e-05,512635.85607623914,512618.2978003428,3.425214427908709e-05,1,0.12287179997656494,False,"[{""message"":""Optimization terminated successfully. (HiGHS Status 7: Optimal)"",""presolve"":true,""solve_seconds"":0.1228662000503391,""status"":0,""time_limit_seconds"":30.0}]",0.021101799909956753,0.02244309999514371,PASS,512416.7047153508,201.59308499154292,464,192
135,2025-05-15T21:00:00Z,403,491,1741,300,40,63,0,Optimization terminated successfully. (HiGHS Status 7: Optimal),9.17898278167146e-05,552557.3353211114,552526.5570534986,5.570459414101446e-05,1,0.029991900082677603,False,"[{""message"":""Optimization terminated successfully. (HiGHS Status 7: Optimal)"",""presolve"":true,""solve_seconds"":0.029984300024807453,""status"":0,""time_limit_seconds"":30.0}]",0.017488499986939132,0.022405499941669405,PASS,552526.5570534981,3.996129294137063e-12,436,192
136,2025-05-16T21:00:00Z,439,532,1908,325,46,68,0,Optimization terminated successfully. (HiGHS Status 7: Optimal),3.3819602067489874e-05,711499.5978842408,711486.8308968311,1.7944095175426747e-05,1,0.12513179995585233,False,"[{""message"":""Optimization terminated successfully. (HiGHS Status 7: Optimal)"",""presolve"":true,""solve_seconds"":0.12512639991473407,""status"":0,""time_limit_seconds"":30.0}]",0.02477379993069917,0.020188599941320717,PASS,711486.8308968312,7.440342978763207e-12,446,192
137,2025-05-17T21:00:00Z,418,507,1811,312,42,64,0,Optimization terminated successfully. (HiGHS Status 7: Optimal),3.898785320769934e-05,683629.0395795734,683617.0449777793,1.7545790998466348e-05,1,0.134667000034824,False,"[{""message"":""Optimization terminated successfully. (HiGHS Status 7: Optimal)"",""presolve"":true,""solve_seconds"":0.1346606999868527,""status"":0,""time_limit_seconds"":30.0}]",0.026287100045010448,0.023233599960803986,PASS,682941.2852229327,675.7597548473603,457,192
138,2025-05-18T21:00:00Z,447,541,1949,332,46,69,0,Optimization terminated successfully. (HiGHS Status 7: Optimal),4.536608916203061e-05,642143.6468298046,642128.3547934559,2.3814610014597127e-05,1,0.4012727999361232,False,"[{""message"":""Optimization terminated successfully. (HiGHS Status 7: Optimal)"",""presolve"":true,""solve_seconds"":0.40126620000228286,""status"":0,""time_limit_seconds"":30.0}]",0.027434000046923757,0.01761189999524504,PASS,642126.1038727387,2.25092071705675,463,192
139,2025-05-19T21:00:00Z,445,537,1937,332,46,67,0,Optimization terminated successfully. (HiGHS Status 7: Optimal),4.00946893995612e-05,507568.5573120299,507561.6246223393,1.3658813736584946e-05,1,0.2812687000259757,False,"[{""message"":""Optimization terminated successfully. (HiGHS Status 7: Optimal)"",""presolve"":true,""solve_seconds"":0.28126029996201396,""status"":0,""time_limit_seconds"":30.0}]",0.027247500023804605,0.0199498999863863,PASS,506721.5444984823,840.0801238566053,480,192
140,2025-05-20T21:00:00Z,413,499,1789,312,40,61,0,Optimization terminated successfully. (HiGHS Status 7: Optimal),6.886745201593768e-05,430403.2662639157,430385.31477485964,4.1710273189604e-05,1,0.06043170008342713,False,"[{""message"":""Optimization terminated successfully. (HiGHS Status 7: Optimal)"",""presolve"":true,""solve_seconds"":0.06042570003774017,""status"":0,""time_limit_seconds"":30.0}]",0.019647300010547042,0.020733900018967688,PASS,430324.9113785301,60.40339632917964,468,192
141,2025-05-21T21:00:00Z,462,558,2020,343,48,71,0,Optimization terminated successfully. (HiGHS Status 7: Optimal),9.17978019191453e-05,405763.24855408195,405749.74716465466,3.327516411687686e-05,1,0.48964769998565316,False,"[{""message"":""Optimization terminated successfully. (HiGHS Status 7: Optimal)"",""presolve"":true,""solve_seconds"":0.48964179994072765,""status"":0,""time_limit_seconds"":30.0}]",0.01959879999049008,0.01400399999693036,PASS,405749.74716465524,-3.227366259276702e-10,475,192
142,2025-05-22T21:00:00Z,422,510,1818,313,46,63,0,Optimization terminated successfully. (HiGHS Status 7: Optimal),4.8310382926504324e-05,499009.54949822696,498992.46747899114,3.423302023400097e-05,1,0.3870153999887407,False,"[{""message"":""Optimization terminated successfully. (HiGHS Status 7: Optimal)"",""presolve"":true,""solve_seconds"":0.38700839993543923,""status"":0,""time_limit_seconds"":30.0}]",0.026838200050406158,0.020074600004591048,PASS,498772.22382333345,220.2436556579261,474,192
143,2025-05-23T21:00:00Z,426,517,1847,316,44,66,0,Optimization terminated successfully. (HiGHS Status 7: Optimal),1.9962686345909654e-05,537216.3181708923,537212.6273320395,6.870350146292528e-06,1,0.23824380000587553,False,"[{""message"":""Optimization terminated successfully. (HiGHS Status 7: Optimal)"",""presolve"":true,""solve_seconds"":0.23823719995561987,""status"":0,""time_limit_seconds"":30.0}]",0.01658230007160455,0.012629000004380941,PASS,537210.5236588615,2.1036731771132073,452,192
144,2025-05-24T21:00:00Z,432,523,1877,322,44,66,0,Optimization terminated successfully. (HiGHS Status 7: Optimal),2.465936371425264e-05,435266.45740885474,435260.2517628022,1.4257323124306176e-05,1,0.2023208000464365,False,"[{""message"":""Optimization terminated successfully. (HiGHS Status 7: Optimal)"",""presolve"":true,""solve_seconds"":0.20231139997486025,""status"":0,""time_limit_seconds"":30.0}]",0.025966000044718385,0.01943250000476837,PASS,433783.7087536067,1476.543009195474,458,192
145,2025-05-25T21:00:00Z,426,516,1852,319,42,65,0,Optimization terminated successfully. (HiGHS Status 7: Optimal),4.834157157130289e-05,470212.38956400525,470201.67303036514,2.279135582619774e-05,1,0.3324578999308869,False,"[{""message"":""Optimization terminated successfully. (HiGHS Status 7: Optimal)"",""presolve"":true,""solve_seconds"":0.33245229988824576,""status"":0,""time_limit_seconds"":30.0}]",0.02503050002269447,0.018024099990725517,PASS,469948.4311614599,253.24186890496665,462,192
146,2025-05-26T21:00:00Z,439,530,1912,329,44,66,0,Optimization terminated successfully. (HiGHS Status 7: Optimal),1.7307114909732695e-05,349922.027065026,349919.77550863486,6.4344931287649085e-06,1,0.16270700003951788,False,"[{""message"":""Optimization terminated successfully. (HiGHS Status 7: Optimal)"",""presolve"":true,""solve_seconds"":0.16269779996946454,""status"":0,""time_limit_seconds"":30.0}]",0.025277400040067732,0.021416999981738627,PASS,349905.9977661691,13.777742465883083,469,192
147,2025-05-27T21:00:00Z,459,554,2004,341,48,70,0,Optimization terminated successfully. (HiGHS Status 7: Optimal),9.929181712578256e-05,306847.82981721475,306830.12596786476,5.7699188742112005e-05,1,1.6355285999597982,False,"[{""message"":""Optimization terminated successfully. (HiGHS Status 7: Optimal)"",""presolve"":true,""solve_seconds"":1.635521800024435,""status"":0,""time_limit_seconds"":30.0}]",0.027555699925869703,0.017034700023941696,PASS,306830.1259678638,1.1863192478737498e-10,486,192
148,2025-05-28T21:00:00Z,426,516,1852,319,42,65,0,Optimization terminated successfully. (HiGHS Status 7: Optimal),9.979048429871534e-07,354373.04050823965,354372.8636071556,4.991947809462381e-07,1,0.23162259999662638,False,"[{""message"":""Optimization terminated successfully. (HiGHS Status 7: Optimal)"",""presolve"":true,""solve_seconds"":0.23161700007040054,""status"":0,""time_limit_seconds"":30.0}]",0.015247899922542274,0.020334000000730157,PASS,354372.86360715574,2.668224521329421e-11,477,192
149,2025-05-29T21:00:00Z,430,521,1861,318,46,66,0,Optimization terminated successfully. (HiGHS Status 7: Optimal),1.0368074237197383e-05,481870.96110199,481867.790790881,6.579213571928261e-06,1,0.26263529993593693,False,"[{""message"":""Optimization terminated successfully. (HiGHS Status 7: Optimal)"",""presolve"":true,""solve_seconds"":0.26263000001199543,""status"":0,""time_limit_seconds"":30.0}]",0.02374979993328452,0.01609159994404763,PASS,481751.2753780543,116.51541282703599,458,192
150,2025-05-30T21:00:00Z,430,519,1853,318,48,64,0,Optimization terminated successfully. (HiGHS Status 7: Optimal),8.022711123794343e-05,561296.8089233416,561276.2105086452,3.669924773354795e-05,1,0.7209486999781802,False,"[{""message"":""Optimization terminated successfully. (HiGHS Status 7: Optimal)"",""presolve"":true,""solve_seconds"":0.7209418999264017,""status"":0,""time_limit_seconds"":30.0}]",0.029195299954153597,0.02086679998319596,PASS,560961.3817107929,314.8287978527009,458,192
151,2025-05-31T21:00:00Z,447,540,1942,331,48,68,0,Optimization terminated successfully. (HiGHS Status 7: Optimal),4.46786932525252e-05,529510.9215882184,529498.6557735859,2.316495896407237e-05,1,0.5907740999246016,False,"[{""message"":""Optimization terminated successfully. (HiGHS Status 7: Optimal)"",""presolve"":true,""solve_seconds"":0.5907670999877155,""status"":0,""time_limit_seconds"":30.0}]",0.021942300023511052,0.02282419998664409,PASS,529467.9753588864,30.68041470002172,469,192
152,2025-06-01T21:00:00Z,457,551,1993,340,48,69,0,Optimization terminated successfully. (HiGHS Status 7: Optimal),3.482687473536242e-05,609520.8221675333,609509.0903238254,1.9248020897823886e-05,1,0.35290199995506555,False,"[{""message"":""Optimization terminated successfully. (HiGHS Status 7: Optimal)"",""presolve"":true,""solve_seconds"":0.3528940000105649,""status"":0,""time_limit_seconds"":30.0}]",0.020340400049462914,0.017326199915260077,PASS,609506.7849801423,2.3053436830377585,486,192
153,2025-06-02T21:00:00Z,466,561,2039,348,48,70,0,Optimization terminated successfully. (HiGHS Status 7: Optimal),9.970115384399685e-05,516700.1604690445,516682.0511163272,3.504931645723748e-05,1,0.30076400004327297,False,"[{""message"":""Optimization terminated successfully. (HiGHS Status 7: Optimal)"",""presolve"":true,""solve_seconds"":0.3007565999869257,""status"":0,""time_limit_seconds"":30.0}]",0.023752299952320755,0.023397200042381883,PASS,516682.05111632694,2.7421052095633056e-12,501,192
154,2025-06-03T21:00:00Z,447,539,1947,334,46,67,0,Optimization terminated successfully. (HiGHS Status 7: Optimal),6.454377020912422e-05,352328.5073880634,352317.3699862929,3.161184409086223e-05,1,0.28583339997567236,False,"[{""message"":""Optimization terminated successfully. (HiGHS Status 7: Optimal)"",""presolve"":true,""solve_seconds"":0.2858259999193251,""status"":0,""time_limit_seconds"":30.0}]",0.028978099930100143,0.020155300037004054,PASS,351012.8811538488,1304.48883244411,497,192
155,2025-06-04T21:00:00Z,415,503,1795,310,42,63,0,Optimization terminated successfully. (HiGHS Status 7: Optimal),3.9425289016674264e-05,314451.8909142633,314446.17655830993,1.8172763351528087e-05,1,0.29347409994807094,False,"[{""message"":""Optimization terminated successfully. (HiGHS Status 7: Optimal)"",""presolve"":true,""solve_seconds"":0.2934675000142306,""status"":0,""time_limit_seconds"":30.0}]",0.026933099958114326,0.017486099968664348,PASS,314242.7803515874,203.39620672269322,466,192
156,2025-06-05T21:00:00Z,485,1102,3200,343,72,70,0,Optimization terminated successfully. (HiGHS Status 7: Optimal),6.4880405797246e-05,403705.85478139535,403688.9513197907,4.187249006792788e-05,1,0.40998950006905943,False,"[{""message"":""Optimization terminated successfully. (HiGHS Status 7: Optimal)"",""presolve"":true,""solve_seconds"":0.4099802999990061,""status"":0,""time_limit_seconds"":30.0}]",0.13062089995946735,0.020468999980948865,PASS,403688.9513197907,3.0442286913512365e-12,472,192
157,2025-06-06T21:00:00Z,459,1036,2994,321,72,66,0,Optimization terminated successfully. (HiGHS Status 7: Optimal),4.6049343565874906e-05,545159.0399650519,545145.873672365,2.415187076121884e-05,1,1.1614858000539243,False,"[{""message"":""Optimization terminated successfully. (HiGHS Status 7: Optimal)"",""presolve"":true,""solve_seconds"":1.1614803000120446,""status"":0,""time_limit_seconds"":30.0}]",0.030599300051108003,0.012253799941390753,PASS,543840.2503390318,1305.623333332674,480,192
158,2025-06-07T21:00:00Z,429,976,2798,302,66,61,0,Optimization terminated successfully. (HiGHS Status 7: Optimal),3.303642814667592e-05,565142.5143804235,565133.2048552143,1.647315204477299e-05,1,0.33724020002409816,False,"[{""message"":""Optimization terminated successfully. (HiGHS Status 7: Optimal)"",""presolve"":true,""solve_seconds"":0.33723469998221844,""status"":0,""time_limit_seconds"":30.0}]",0.01908439991530031,0.011848099995404482,PASS,562995.0913135475,2138.113541666595,448,192
159,2025-06-08T21:00:00Z,436,992,2848,307,68,61,0,Optimization terminated successfully. (HiGHS Status 7: Optimal),2.2970417703250798e-05,787669.7103823619,787658.0072332224,1.4858160562146907e-05,1,0.2511094999499619,False,"[{""message"":""Optimization terminated successfully. (HiGHS Status 7: Optimal)"",""presolve"":true,""solve_seconds"":0.2511032000184059,""status"":0,""time_limit_seconds"":30.0}]",0.01753919990733266,0.012539799907244742,PASS,787086.2067422447,571.8004909783449,439,192
160,2025-06-09T21:00:00Z,441,1011,2905,314,64,63,0,Optimization terminated successfully. (HiGHS Status 7: Optimal),5.7237640547510725e-05,682098.565074851,682088.5647899463,1.4661270428731143e-05,1,0.3561085999244824,False,"[{""message"":""Optimization terminated successfully. (HiGHS Status 7: Optimal)"",""presolve"":true,""solve_seconds"":0.3561026999959722,""status"":0,""time_limit_seconds"":30.0}]",0.01757350005209446,0.012411999981850386,PASS,681543.9565767522,544.6082131950217,449,192
161,2025-06-10T21:00:00Z,458,1043,3011,324,68,66,0,Optimization terminated successfully. (HiGHS Status 7: Optimal),6.0452265387701096e-05,498117.89166506776,498098.2155072957,3.95025662800978e-05,1,0.1185956000117585,False,"[{""message"":""Optimization terminated successfully. (HiGHS Status 7: Optimal)"",""presolve"":true,""solve_seconds"":0.11858979996759444,""status"":0,""time_limit_seconds"":30.0}]",0.0206583000253886,0.012545599951408803,PASS,497926.6907231423,171.52478415332726,461,192
162,2025-06-11T21:00:00Z,455,1034,2984,321,68,66,0,Optimization terminated successfully. (HiGHS Status 7: Optimal),5.3375534846652796e-05,558451.0471630656,558438.5198368528,2.2432775977750458e-05,1,0.3210878000827506,False,"[{""message"":""Optimization terminated successfully. (HiGHS Status 7: Optimal)"",""presolve"":true,""solve_seconds"":0.32108140003401786,""status"":0,""time_limit_seconds"":30.0}]",0.022998300031758845,0.013684900011867285,PASS,558438.5198368523,-2.379214492975734e-10,465,192
163,2025-06-12T21:00:00Z,476,1083,3139,337,70,69,0,Optimization terminated successfully. (HiGHS Status 7: Optimal),9.999955374935295e-05,394294.71996517724,394278.62617116084,4.0818327315094815e-05,1,0.2702162000350654,False,"[{""message"":""Optimization terminated successfully. (HiGHS Status 7: Optimal)"",""presolve"":true,""solve_seconds"":0.27020959998480976,""status"":0,""time_limit_seconds"":30.0}]",0.02220459992531687,0.013232600060291588,PASS,394278.6261711609,-4.1757540181208694e-11,475,192
164,2025-06-13T21:00:00Z,438,997,2865,309,66,63,0,Optimization terminated successfully. (HiGHS Status 7: Optimal),8.935625175138039e-05,334639.82907711074,334624.2056192155,4.6689562897375304e-05,1,0.2606479999376461,False,"[{""message"":""Optimization terminated successfully. (HiGHS Status 7: Optimal)"",""presolve"":true,""solve_seconds"":0.26064199989195913,""status"":0,""time_limit_seconds"":30.0}]",0.019070600043050945,0.01497330004349351,PASS,333347.91395254916,1276.2916666666638,466,192
165,2025-06-14T21:00:00Z,475,1075,3117,334,72,69,0,Optimization terminated successfully. (HiGHS Status 7: Optimal),4.70889017738556e-05,338235.2972044167,338227.4752845612,2.3126210692689127e-05,1,0.25283369992394,False,"[{""message"":""Optimization terminated successfully. (HiGHS Status 7: Optimal)"",""presolve"":true,""solve_seconds"":0.2528271999908611,""status"":0,""time_limit_seconds"":30.0}]",0.022082800045609474,0.013415900059044361,PASS,335036.1966890563,3191.2785955050836,463,192
166,2025-06-15T21:00:00Z,449,1019,2937,316,68,65,0,Optimization terminated successfully. (HiGHS Status 7: Optimal),8.822738035128896e-05,350463.8565891888,350447.15882445825,4.764702555032174e-05,1,0.5584467999869958,False,"[{""message"":""Optimization terminated successfully. (HiGHS Status 7: Optimal)"",""presolve"":true,""solve_seconds"":0.55843949993141,""status"":0,""time_limit_seconds"":30.0}]",0.025033799931406975,0.013737799949012697,PASS,349270.52059540845,1176.6382290498684,468,192
167,2025-06-16T21:00:00Z,441,1003,2885,311,66,64,0,Optimization terminated successfully. (HiGHS Status 7: Optimal),9.581842681282815e-05,386222.1972399519,386203.04577253107,4.958911544198242e-05,1,0.4011043000500649,False,"[{""message"":""Optimization terminated successfully. (HiGHS Status 7: Optimal)"",""presolve"":true,""solve_seconds"":0.40109810000285506,""status"":0,""time_limit_seconds"":30.0}]",0.02053609990980476,0.013170500053092837,PASS,382358.53718644765,3844.508586083282,450,192
168,2025-06-17T21:00:00Z,492,1123,3263,350,72,70,0,Optimization terminated successfully. (HiGHS Status 7: Optimal),9.903438179058737e-05,391395.81669107586,391376.2989912691,4.9869396427635415e-05,1,0.5401672000298277,False,"[{""message"":""Optimization terminated successfully. (HiGHS Status 7: Optimal)"",""presolve"":true,""solve_seconds"":0.5401621999917552,""status"":0,""time_limit_seconds"":30.0}]",0.022393399965949357,0.011539800092577934,PASS,391357.3103935545,18.98859771406922,479,192
169,2025-06-18T21:00:00Z,448,1021,2941,317,66,65,0,Optimization terminated successfully. (HiGHS Status 7: Optimal),1.0059415569528885e-05,436856.66159720556,436854.2326233045,5.560147343656478e-06,1,0.4119259000290185,False,"[{""message"":""Optimization terminated successfully. (HiGHS Status 7: Optimal)"",""presolve"":true,""solve_seconds"":0.41191929997876287,""status"":0,""time_limit_seconds"":30.0}]",0.019596600090153515,0.015483399969525635,PASS,436851.90596820216,2.3266551017963497,484,192
170,2025-06-19T21:00:00Z,449,1024,2950,318,66,65,0,Optimization terminated successfully. (HiGHS Status 7: Optimal),3.4925386335195994e-05,461039.6827534083,461031.9599264832,1.675117474792385e-05,1,0.336805299972184,False,"[{""message"":""Optimization terminated successfully. (HiGHS Status 7: Optimal)"",""presolve"":true,""solve_seconds"":0.33679990004748106,""status"":0,""time_limit_seconds"":30.0}]",0.021639800048433244,0.013076400035060942,PASS,460735.9278580855,296.03206839771724,457,192
171,2025-06-20T21:00:00Z,458,1043,3011,324,68,66,0,Optimization terminated successfully. (HiGHS Status 7: Optimal),9.901836539682664e-05,408632.05916286143,408613.34259304195,4.5805087275694714e-05,5,0.7746969000436366,False,"[{""message"":""Optimization terminated successfully. (HiGHS Status 7: Optimal)"",""presolve"":true,""solve_seconds"":0.7746898999903351,""status"":0,""time_limit_seconds"":30.0}]",0.018491100054234266,0.011686300043947995,PASS,407100.29259304196,1513.0499999999797,463,192
172,2025-06-21T21:00:00Z,438,994,2858,308,66,64,0,Optimization terminated successfully. (HiGHS Status 7: Optimal),6.0085586272059056e-05,337828.7285630682,337819.61359730957,2.6981754142614575e-05,1,0.18068650003988296,False,"[{""message"":""Optimization terminated successfully. (HiGHS Status 7: Optimal)"",""presolve"":true,""solve_seconds"":0.18068140000104904,""status"":0,""time_limit_seconds"":30.0}]",0.020073599996976554,0.012181300087831914,PASS,337038.94509635295,780.6685009570423,454,192
173,2025-06-22T21:00:00Z,458,1046,3018,325,68,65,0,Optimization terminated successfully. (HiGHS Status 7: Optimal),6.313843342068335e-05,302289.44258129987,302279.7758345538,3.197946908410133e-05,1,0.32895919994916767,False,"[{""message"":""Optimization terminated successfully. (HiGHS Status 7: Optimal)"",""presolve"":true,""solve_seconds"":0.32895340002141893,""status"":0,""time_limit_seconds"":30.0}]",0.022334400098770857,0.013718500034883618,PASS,302279.77583455393,3.901023193364495e-11,456,192
174,2025-06-23T21:00:00Z,437,994,2856,308,66,63,0,Optimization terminated successfully. (HiGHS Status 7: Optimal),6.395337292023658e-05,314694.74314864137,314684.2922483032,3.321074675674106e-05,1,0.2962700000498444,False,"[{""message"":""Optimization terminated successfully. (HiGHS Status 7: Optimal)"",""presolve"":true,""solve_seconds"":0.29626490001101047,""status"":0,""time_limit_seconds"":30.0}]",0.020465000066906214,0.012281099916435778,PASS,314199.687204453,484.6050438496456,457,192
175,2025-06-24T21:00:00Z,410,946,2694,293,60,57,0,Optimization terminated successfully. (HiGHS Status 7: Optimal),2.2179571784770314e-05,391020.58123013034,391015.47650499886,1.305504625315952e-05,1,0.09013569995295256,False,"[{""message"":""Optimization terminated successfully. (HiGHS Status 7: Optimal)"",""presolve"":true,""solve_seconds"":0.09013030002824962,""status"":0,""time_limit_seconds"":30.0}]",0.020377199980430305,0.0123004000633955,PASS,386094.02531581017,4921.451189188598,433,192
176,2025-06-25T21:00:00Z,456,1042,3006,324,66,66,0,Optimization terminated successfully. (HiGHS Status 7: Optimal),6.221459991683816e-05,370066.04644330504,370056.9038036509,2.470603726127395e-05,1,0.17399709997698665,False,"[{""message"":""Optimization terminated successfully. (HiGHS Status 7: Optimal)"",""presolve"":true,""solve_seconds"":0.17399120004847646,""status"":0,""time_limit_seconds"":30.0}]",0.019869199953973293,0.012108700000680983,PASS,365463.4892309279,4593.414572722839,446,192
177,2025-06-26T21:00:00Z,483,1093,3175,340,72,71,0,Optimization terminated successfully. (HiGHS Status 7: Optimal),3.820918623055495e-05,599566.4977382807,599548.9673454522,2.923930118023719e-05,1,0.29719259997364134,False,"[{""message"":""Optimization terminated successfully. (HiGHS Status 7: Optimal)"",""presolve"":true,""solve_seconds"":0.2971868000458926,""status"":0,""time_limit_seconds"":30.0}]",0.03105450002476573,0.011754499981179833,PASS,599187.3301796059,361.6371658467675,479,192
178,2025-06-27T21:00:00Z,463,1053,3043,327,70,66,0,Optimization terminated successfully. (HiGHS Status 7: Optimal),5.288936526819976e-05,870444.996805303,870423.1496758265,2.5099435239775127e-05,1,0.19514059997163713,False,"[{""message"":""Optimization terminated successfully. (HiGHS Status 7: Optimal)"",""presolve"":true,""solve_seconds"":0.19513190002180636,""status"":0,""time_limit_seconds"":30.0}]",0.019676800002343953,0.012204299913719296,PASS,868898.4580091595,1524.6916666666423,482,192
179,2025-06-28T21:00:00Z,459,1043,3013,324,68,67,0,Optimization terminated successfully. (HiGHS Status 7: Optimal),2.967401588646384e-05,727696.3439138731,727686.9183999582,1.2952704901755777e-05,1,0.0922792999772355,False,"[{""message"":""Optimization terminated successfully. (HiGHS Status 7: Optimal)"",""presolve"":true,""solve_seconds"":0.09227449994068593,""status"":0,""time_limit_seconds"":30.0}]",0.01793470000848174,0.012107199989259243,PASS,723952.0200884794,3734.898311479244,470,192
180,2025-06-29T21:00:00Z,435,996,2858,309,64,62,0,Optimization terminated successfully. (HiGHS Status 7: Optimal),3.605875984163988e-05,654680.2546558641,654667.8929408197,1.88824214195549e-05,1,0.11287309997715056,False,"[{""message"":""Optimization terminated successfully. (HiGHS Status 7: Optimal)"",""presolve"":true,""solve_seconds"":0.11286799993831664,""status"":0,""time_limit_seconds"":30.0}]",0.02021380001679063,0.012143700034357607,PASS,651446.7300230872,3221.1629177326377,456,192
181,2025-06-30T21:00:00Z,404,921,2621,284,64,56,0,Optimization terminated successfully. (HiGHS Status 7: Optimal),3.901759546748218e-05,640564.0438281137,640552.2144781568,1.846742496484531e-05,1,0.3267743999604136,False,"[{""message"":""Optimization terminated successfully. (HiGHS Status 7: Optimal)"",""presolve"":true,""solve_seconds"":0.3267681000288576,""status"":0,""time_limit_seconds"":30.0}]",0.019099700031802058,0.01493750000372529,PASS,637930.2177279092,2621.9967502475783,427,192
182,2025-07-01T21:00:00Z,498,1138,3310,355,72,71,0,Optimization terminated successfully. (HiGHS Status 7: Optimal),7.218311980423427e-05,528057.2853841331,528040.7112917429,3.138790634097785e-05,1,0.22641639993526042,False,"[{""message"":""Optimization terminated successfully. (HiGHS Status 7: Optimal)"",""presolve"":true,""solve_seconds"":0.22641140001360327,""status"":0,""time_limit_seconds"":30.0}]",0.02081949997227639,0.014625999960117042,PASS,522774.0862917431,5266.624999999987,464,192
183,2025-07-02T21:00:00Z,468,1067,3087,332,68,68,0,Optimization terminated successfully. (HiGHS Status 7: Optimal),5.9593485332492535e-05,409925.596884652,409914.4230906456,2.7258845693102236e-05,1,0.15671969996765256,False,"[{""message"":""Optimization terminated successfully. (HiGHS Status 7: Optimal)"",""presolve"":true,""solve_seconds"":0.1567151000490412,""status"":0,""time_limit_seconds"":30.0}]",0.020431000040844083,0.011804300011135638,PASS,407383.7626683323,2530.6604223131285,500,192
184,2025-07-03T21:00:00Z,457,1041,3003,323,70,64,0,Optimization terminated successfully. (HiGHS Status 7: Optimal),7.004318904308065e-05,386387.85287821514,386373.6265606079,3.682010527958232e-05,1,0.3942026000004262,False,"[{""message"":""Optimization terminated successfully. (HiGHS Status 7: Optimal)"",""presolve"":true,""solve_seconds"":0.3941971000749618,""status"":0,""time_limit_seconds"":30.0}]",0.019985700026154518,0.011378000024706125,PASS,385646.38612160966,727.2404389983936,475,192
185,2025-07-04T21:00:00Z,448,1027,2955,319,66,63,0,Optimization terminated successfully. (HiGHS Status 7: Optimal),2.8915280411496655e-05,476352.050215097,476344.0846354865,1.6722322933108928e-05,1,0.23591859999578446,False,"[{""message"":""Optimization terminated successfully. (HiGHS Status 7: Optimal)"",""presolve"":true,""solve_seconds"":0.23591269995085895,""status"":0,""time_limit_seconds"":30.0}]",0.018862899974919856,0.012736200005747378,PASS,474028.88255215326,2315.202083333319,467,192
186,2025-07-05T21:00:00Z,490,1117,3245,348,72,70,0,Optimization terminated successfully. (HiGHS Status 7: Optimal),4.004767920641452e-05,429178.93451195594,429172.611099986,1.4733959731788358e-05,1,0.3659353000111878,False,"[{""message"":""Optimization terminated successfully. (HiGHS Status 7: Optimal)"",""presolve"":true,""solve_seconds"":0.3659274000674486,""status"":0,""time_limit_seconds"":30.0}]",0.08245999994687736,0.012248000013642013,PASS,424233.1755437605,4939.435556224993,486,192
187,2025-07-06T21:00:00Z,458,1040,3004,323,68,67,0,Optimization terminated successfully. (HiGHS Status 7: Optimal),1.6967874444481168e-06,448008.4911269325,448007.9869352794,1.1254077333610932e-06,1,0.1416620999807492,False,"[{""message"":""Optimization terminated successfully. (HiGHS Status 7: Optimal)"",""presolve"":true,""solve_seconds"":0.1416572000598535,""status"":0,""time_limit_seconds"":30.0}]",0.018643499934114516,0.012364599970169365,PASS,436671.2246508538,11336.762284426042,486,192
188,2025-07-07T21:00:00Z,443,1009,2903,313,66,64,0,Optimization terminated successfully. (HiGHS Status 7: Optimal),1.5992366718536294e-05,538365.4458235143,538361.3775987959,7.556680117867475e-06,1,0.16940300003625453,False,"[{""message"":""Optimization terminated successfully. (HiGHS Status 7: Optimal)"",""presolve"":true,""solve_seconds"":0.16939599998295307,""status"":0,""time_limit_seconds"":30.0}]",0.018132400000467896,0.013550399919040501,PASS,538361.3775987951,-2.331468185919524e-11,457,192
189,2025-07-08T21:00:00Z,427,965,2767,298,68,61,0,Optimization terminated successfully. (HiGHS Status 7: Optimal),3.915378565982842e-05,449819.4464331975,449811.7305326677,1.71536222957567e-05,1,0.33438150002621114,False,"[{""message"":""Optimization terminated successfully. (HiGHS Status 7: Optimal)"",""presolve"":true,""solve_seconds"":0.33437479997519404,""status"":0,""time_limit_seconds"":30.0}]",0.020793600007891655,0.01209139998536557,PASS,449811.73053266783,2.2114393220344182e-11,438,192
190,2025-07-09T21:00:00Z,460,1041,3009,323,70,67,0,Optimization terminated successfully. (HiGHS Status 7: Optimal),2.165959849533125e-05,363421.65955430723,363418.0201148188,1.0014471729448175e-05,1,0.15436759998556226,False,"[{""message"":""Optimization terminated successfully. (HiGHS Status 7: Optimal)"",""presolve"":true,""solve_seconds"":0.1543625999474898,""status"":0,""time_limit_seconds"":30.0}]",0.0192607999779284,0.011418999987654388,PASS,355509.7901948195,7908.229919999985,445,192
191,2025-07-10T21:00:00Z,487,1105,3211,344,72,71,0,Optimization terminated successfully. (HiGHS Status 7: Optimal),2.9500094862715453e-05,421940.7791217774,421933.0094110768,1.841455995930369e-05,1,0.26277149992529303,False,"[{""message"":""Optimization terminated successfully. (HiGHS Status 7: Optimal)"",""presolve"":true,""solve_seconds"":0.2627655001124367,""status"":0,""time_limit_seconds"":30.0}]",0.019145000027492642,0.015067800064571202,PASS,419540.1562860773,2392.853124999966,481,192
192,2025-07-11T21:00:00Z,468,1065,3081,331,70,67,0,Optimization terminated successfully. (HiGHS Status 7: Optimal),4.261248861629776e-05,413957.01067411783,413950.4362971851,1.5882038901954145e-05,1,0.28133120003622025,False,"[{""message"":""Optimization terminated successfully. (HiGHS Status 7: Optimal)"",""presolve"":true,""solve_seconds"":0.2813253999920562,""status"":0,""time_limit_seconds"":30.0}]",0.020799199934117496,0.011869400041177869,PASS,411683.32001385145,2267.116283333286,489,192
193,2025-07-12T21:00:00Z,470,1071,3099,333,70,67,0,Optimization terminated successfully. (HiGHS Status 7: Optimal),2.6689421103998644e-05,370432.3993217602,370426.525907248,1.5855815125049855e-05,1,0.21334940008819103,False,"[{""message"":""Optimization terminated successfully. (HiGHS Status 7: Optimal)"",""presolve"":true,""solve_seconds"":0.21334370004478842,""status"":0,""time_limit_seconds"":30.0}]",0.01905180001631379,0.011378400027751923,PASS,364920.5675739149,5505.958333333306,482,192
194,2025-07-13T21:00:00Z,492,1120,3256,349,72,71,0,Optimization terminated successfully. (HiGHS Status 7: Optimal),2.4739193251861103e-05,417413.5764333904,417408.510050534,1.2137708586214306e-05,1,0.019075299962423742,False,"[{""message"":""Optimization terminated successfully. (HiGHS Status 7: Optimal)"",""presolve"":true,""solve_seconds"":0.019069999922066927,""status"":0,""time_limit_seconds"":30.0}]",0.018913200008682907,0.012482000049203634,PASS,412329.91321602475,5078.596834508312,496,192
195,2025-07-14T21:00:00Z,475,1075,3117,334,72,69,0,Optimization terminated successfully. (HiGHS Status 7: Optimal),1.7047398437585386e-05,465364.4241840335,465359.86306144187,9.801280586600705e-06,1,0.10448959993664175,False,"[{""message"":""Optimization terminated successfully. (HiGHS Status 7: Optimal)"",""presolve"":true,""solve_seconds"":0.10448380000889301,""status"":0,""time_limit_seconds"":30.0}]",0.02287009998690337,0.01202919997740537,PASS,461038.1776059192,4321.68545552267,495,192
196,2025-07-15T21:00:00Z,440,1003,2883,311,66,63,0,Optimization terminated successfully. (HiGHS Status 7: Optimal),2.9016939374853438e-05,569362.1924370028,569353.2539219279,1.56994186181046e-05,1,0.024001099984161556,False,"[{""message"":""Optimization terminated successfully. (HiGHS Status 7: Optimal)"",""presolve"":true,""solve_seconds"":0.023993999930098653,""status"":0,""time_limit_seconds"":30.0}]",0.08434349996969104,0.011288300040178001,PASS,567495.115229704,1858.1386922239913,465,192
197,2025-07-16T21:00:00Z,413,944,2694,292,62,59,0,Optimization terminated successfully. (HiGHS Status 7: Optimal),6.289342686608765e-06,668864.7503909965,668862.457326799,3.428304537488191e-06,1,0.03346299997065216,False,"[{""message"":""Optimization terminated successfully. (HiGHS Status 7: Optimal)"",""presolve"":true,""solve_seconds"":0.033457399928011,""status"":0,""time_limit_seconds"":30.0}]",0.018339799949899316,0.011997100082226098,PASS,666893.1558893932,1969.301437405063,433,192
198,2025-07-17T21:00:00Z,494,1126,3274,351,72,71,0,Optimization terminated successfully. (HiGHS Status 7: Optimal),4.87299065260593e-05,593199.827779203,593188.5075880883,1.9083631880703977e-05,1,0.2813484000507742,False,"[{""message"":""Optimization terminated successfully. (HiGHS Status 7: Optimal)"",""presolve"":true,""solve_seconds"":0.28134119999594986,""status"":0,""time_limit_seconds"":30.0}]",0.020965100033208728,0.013252599979750812,PASS,591015.7959214206,2172.7116666666757,465,192
199,2025-07-18T21:00:00Z,481,1090,3164,339,72,70,0,Optimization terminated successfully. (HiGHS Status 7: Optimal),7.952100260556767e-05,550147.5251250798,550121.9608733514,4.647015306891423e-05,1,0.3203519000671804,False,"[{""message"":""Optimization terminated successfully. (HiGHS Status 7: Optimal)"",""presolve"":true,""solve_seconds"":0.3203462000237778,""status"":0,""time_limit_seconds"":30.0}]",0.018910499988123775,0.012866900069639087,PASS,547971.5540990331,2150.4067743196047,501,192
200,2025-07-19T21:00:00Z,471,1072,3102,333,72,66,0,Optimization terminated successfully. (HiGHS Status 7: Optimal),3.465149115640798e-05,500566.58434404456,500560.24379022,1.2666914528702078e-05,1,0.22359420009888709,False,"[{""message"":""Optimization terminated successfully. (HiGHS Status 7: Optimal)"",""presolve"":true,""solve_seconds"":0.22358900005929172,""status"":0,""time_limit_seconds"":30.0}]",0.019518300076015294,0.011828000075183809,PASS,500296.1620613163,264.0817289036816,488,192
201,2025-07-20T21:00:00Z,424,963,2759,298,64,62,0,Optimization terminated successfully. (HiGHS Status 7: Optimal),4.706755050381345e-05,405148.9029589727,405138.3388464951,2.6075321599340176e-05,1,0.11798310000449419,False,"[{""message"":""Optimization terminated successfully. (HiGHS Status 7: Optimal)"",""presolve"":true,""solve_seconds"":0.117977200075984,""status"":0,""time_limit_seconds"":30.0}]",0.019216899992898107,0.022657399997115135,PASS,399729.00551316177,5409.3333333333485,455,192
202,2025-07-21T21:00:00Z,435,986,2832,305,68,62,0,Optimization terminated successfully. (HiGHS Status 7: Optimal),3.0227593988867902e-05,562842.920370359,562832.4594074537,1.8586282170592855e-05,1,0.08430610003415495,False,"[{""message"":""Optimization terminated successfully. (HiGHS Status 7: Optimal)"",""presolve"":true,""solve_seconds"":0.08430059999227524,""status"":0,""time_limit_seconds"":30.0}]",0.01727109996136278,0.011317200027406216,PASS,562421.2164431199,411.242964334277,431,192
203,2025-07-22T21:00:00Z,477,1089,3155,339,70,68,0,Optimization terminated successfully. (HiGHS Status 7: Optimal),2.4112171996411148e-05,628524.4769709074,628517.594836563,1.0949787883374018e-05,1,0.18218349991366267,False,"[{""message"":""Optimization terminated successfully. (HiGHS Status 7: Optimal)"",""presolve"":true,""solve_seconds"":0.1821774001000449,""status"":0,""time_limit_seconds"":30.0}]",0.017744099954143167,0.011305100051686168,PASS,624624.262653183,3893.3321833799355,466,192
204,2025-07-23T21:00:00Z,459,1051,3033,327,66,66,0,Optimization terminated successfully. (HiGHS Status 7: Optimal),9.835261665169326e-05,519725.2880055288,519701.6077766972,4.556504824547425e-05,1,0.1437349000480026,False,"[{""message"":""Optimization terminated successfully. (HiGHS Status 7: Optimal)"",""presolve"":true,""solve_seconds"":0.14373000001069158,""status"":0,""time_limit_seconds"":30.0}]",0.017831999924965203,0.012541000032797456,PASS,512575.37861003005,7126.229166666647,484,192
205,2025-07-24T21:00:00Z,469,1068,3090,332,70,67,0,Optimization terminated successfully. (HiGHS Status 7: Optimal),2.6425031814865306e-05,455794.45651361265,455788.5242865874,1.3015305803408436e-05,1,0.09852760005742311,False,"[{""message"":""Optimization terminated successfully. (HiGHS Status 7: Optimal)"",""presolve"":true,""solve_seconds"":0.09852180001325905,""status"":0,""time_limit_seconds"":30.0}]",0.02043450006749481,0.013173600076697767,PASS,450432.3394202316,5356.184866355961,478,192
206,2025-07-25T21:00:00Z,482,1109,3213,346,68,68,0,Optimization terminated successfully. (HiGHS Status 7: Optimal),3.5278320718860205e-05,386300.41843111056,386294.4539701055,1.5440193209508462e-05,1,0.3174083000048995,False,"[{""message"":""Optimization terminated successfully. (HiGHS Status 7: Optimal)"",""presolve"":true,""solve_seconds"":0.3174021999584511,""status"":0,""time_limit_seconds"":30.0}]",0.01936309994198382,0.011701600044034421,PASS,381861.52165195503,4432.932318150002,495,192
207,2025-07-26T21:00:00Z,462,1047,3027,325,70,67,0,Optimization terminated successfully. (HiGHS Status 7: Optimal),1.7485646299741484e-05,426363.2838316354,426358.67358078726,1.0813080942843932e-05,1,0.06937409995589405,False,"[{""message"":""Optimization terminated successfully. (HiGHS Status 7: Optimal)"",""presolve"":true,""solve_seconds"":0.06936929991934448,""status"":0,""time_limit_seconds"":30.0}]",0.019262699992395937,0.011555199977010489,PASS,426021.4769875798,337.19659320798456,488,192
208,2025-07-27T21:00:00Z,425,966,2768,299,64,62,0,Optimization terminated successfully. (HiGHS Status 7: Optimal),2.606218882851802e-05,537965.8408237664,537958.6311422848,1.3401925472001102e-05,1,0.16145719995256513,False,"[{""message"":""Optimization terminated successfully. (HiGHS Status 7: Optimal)"",""presolve"":true,""solve_seconds"":0.16145170002710074,""status"":0,""time_limit_seconds"":30.0}]",0.016936700092628598,0.01110589993186295,PASS,537958.6311422853,-9.645701126714813e-12,447,192
209,2025-07-28T21:00:00Z,430,984,2820,305,64,61,0,Optimization terminated successfully. (HiGHS Status 7: Optimal),4.53795422899287e-05,492502.2289596845,492492.351575719,2.0055913424589306e-05,1,0.034699999960139394,False,"[{""message"":""Optimization terminated successfully. (HiGHS Status 7: Optimal)"",""presolve"":true,""solve_seconds"":0.03469449991825968,""status"":0,""time_limit_seconds"":30.0}]",0.018045000033453107,0.01443959993775934,PASS,488306.990833279,4185.360742439948,433,192
210,2025-07-29T21:00:00Z,470,1065,3085,331,70,69,0,Optimization terminated successfully. (HiGHS Status 7: Optimal),2.5729451263291646e-06,428140.31627598265,428139.7594063566,1.3006725346353319e-06,1,0.07737640000414103,False,"[{""message"":""Optimization terminated successfully. (HiGHS Status 7: Optimal)"",""presolve"":true,""solve_seconds"":0.0773702000733465,""status"":0,""time_limit_seconds"":30.0}]",0.018610000028274953,0.01129109994508326,PASS,423235.1760730228,4904.583333333311,458,192
211,2025-07-30T21:00:00Z,464,1056,3052,328,70,66,0,Optimization terminated successfully. (HiGHS Status 7: Optimal),5.5879626983250825e-05,468243.5581437331,468229.10987119284,3.08572710147536e-05,1,0.11558199999853969,False,"[{""message"":""Optimization terminated successfully. (HiGHS Status 7: Optimal)"",""presolve"":true,""solve_seconds"":0.11557639995589852,""status"":0,""time_limit_seconds"":30.0}]",0.01853370002936572,0.012910399935208261,PASS,463006.6374363618,5222.472434830653,476,192
212,2025-07-31T21:00:00Z,454,1042,3002,324,66,64,0,Optimization terminated successfully. (HiGHS Status 7: Optimal),5.979721863399768e-05,430592.979067172,430582.2839903571,2.483863645247044e-05,1,0.19501889997627586,False,"[{""message"":""Optimization terminated successfully. (HiGHS Status 7: Optimal)"",""presolve"":true,""solve_seconds"":0.19501379993744195,""status"":0,""time_limit_seconds"":30.0}]",0.019311600015498698,0.01164229994174093,PASS,427986.1302403571,2596.153750000003,474,192
213,2025-08-01T21:00:00Z,481,1090,3164,339,72,70,0,Optimization terminated successfully. (HiGHS Status 7: Optimal),5.3901889665991354e-05,379773.97107218445,379762.93944272783,2.9048725693988612e-05,1,0.3027278999798,False,"[{""message"":""Optimization terminated successfully. (HiGHS Status 7: Optimal)"",""presolve"":true,""solve_seconds"":0.30272230005357414,""status"":0,""time_limit_seconds"":30.0}]",0.023910399992018938,0.014576699933968484,PASS,379761.02336115733,1.9160815702142968,481,192
214,2025-08-02T21:00:00Z,478,1084,3144,337,72,69,0,Optimization terminated successfully. (HiGHS Status 7: Optimal),7.283593143685426e-06,395209.3605802242,395207.9632807161,3.53560565050156e-06,1,0.20556659996509552,False,"[{""message"":""Optimization terminated successfully. (HiGHS Status 7: Optimal)"",""presolve"":true,""solve_seconds"":0.20556090003810823,""status"":0,""time_limit_seconds"":30.0}]",0.019081200007349253,0.012193999951705337,PASS,390915.088280716,4292.875000000046,489,192
215,2025-08-03T21:00:00Z,449,1017,2931,315,70,64,0,Optimization terminated successfully. (HiGHS Status 7: Optimal),1.637702524785073e-05,443133.07590965286,443128.86755113583,9.496917996540622e-06,1,0.08144149999134243,False,"[{""message"":""Optimization terminated successfully. (HiGHS Status 7: Optimal)"",""presolve"":true,""solve_seconds"":0.08143610006663948,""status"":0,""time_limit_seconds"":30.0}]",0.01885800005402416,0.013664299971424043,PASS,439880.8258844687,3248.0416666666874,471,192
216,2025-08-04T21:00:00Z,433,975,2801,301,70,62,0,Optimization terminated successfully. (HiGHS Status 7: Optimal),8.690401640888484e-06,723380.2741201044,723376.1815157135,5.657643278151935e-06,1,0.15429890004452318,False,"[{""message"":""Optimization terminated successfully. (HiGHS Status 7: Optimal)"",""presolve"":true,""solve_seconds"":0.15429420000873506,""status"":0,""time_limit_seconds"":30.0}]",0.07769990002270788,0.011200599954463542,PASS,720386.1846407128,2989.996874999996,442,192
217,2025-08-05T21:00:00Z,408,940,2676,291,60,57,0,Optimization terminated successfully. (HiGHS Status 7: Optimal),1.3302429017263539e-05,769347.377855059,769343.3513321767,5.233713757726641e-06,1,0.2217782000079751,False,"[{""message"":""Optimization terminated successfully. (HiGHS Status 7: Optimal)"",""presolve"":true,""solve_seconds"":0.2217722999630496,""status"":0,""time_limit_seconds"":30.0}]",0.017546300077810884,0.012118199956603348,PASS,769327.1274135141,16.223918663330146,425,192
218,2025-08-06T21:00:00Z,468,1060,3068,329,72,67,0,Optimization terminated successfully. (HiGHS Status 7: Optimal),1.8612239254462146e-05,587241.6286831615,587236.3081319854,9.060323931629179e-06,1,0.2620241000549868,False,"[{""message"":""Optimization terminated successfully. (HiGHS Status 7: Optimal)"",""presolve"":true,""solve_seconds"":0.26201900001615286,""status"":0,""time_limit_seconds"":30.0}]",0.019108499982394278,0.012986899935640395,PASS,587225.3073572445,11.000774741119686,448,192
219,2025-08-07T21:00:00Z,486,1108,3216,345,72,69,0,Optimization terminated successfully. (HiGHS Status 7: Optimal),7.011384572696032e-05,464186.5898026839,464173.9917032374,2.7140899041497015e-05,1,0.29170029994565994,False,"[{""message"":""Optimization terminated successfully. (HiGHS Status 7: Optimal)"",""presolve"":true,""solve_seconds"":0.2916945000179112,""status"":0,""time_limit_seconds"":30.0}]",0.020014700014144182,0.014150999952107668,PASS,461444.17819000257,2729.813513235165,490,192
220,2025-08-08T21:00:00Z,442,1003,2887,311,66,65,0,Optimization terminated successfully. (HiGHS Status 7: Optimal),6.516852607965123e-05,336076.3377055448,336065.89481211064,3.107394589974612e-05,1,0.6224066000431776,False,"[{""message"":""Optimization terminated successfully. (HiGHS Status 7: Optimal)"",""presolve"":true,""solve_seconds"":0.6224005999974906,""status"":0,""time_limit_seconds"":30.0}]",0.021664300002157688,0.012155600008554757,PASS,334191.3791871104,1874.5156250000034,474,192
221,2025-08-09T21:00:00Z,444,1010,2906,313,68,63,0,Optimization terminated successfully. (HiGHS Status 7: Optimal),5.898923989367598e-05,508074.9203589951,508054.2231219271,4.073824431729054e-05,1,0.16619210003409535,False,"[{""message"":""Optimization terminated successfully. (HiGHS Status 7: Optimal)"",""presolve"":true,""solve_seconds"":0.16618639999069273,""status"":0,""time_limit_seconds"":30.0}]",0.020577599992975593,0.01226899994071573,PASS,504138.84812192695,3915.3750000000346,448,192
222,2025-08-10T21:00:00Z,452,1018,2938,315,72,65,0,Optimization terminated successfully. (HiGHS Status 7: Optimal),3.6105494274345907e-05,646318.4350237147,646307.5720207738,1.680779153945423e-05,1,0.027740500052459538,False,"[{""message"":""Optimization terminated successfully. (HiGHS Status 7: Optimal)"",""presolve"":true,""solve_seconds"":0.02773550001438707,""status"":0,""time_limit_seconds"":30.0}]",0.019610699964687228,0.015012899995781481,PASS,642015.947020774,4291.62500000005,452,192
223,2025-08-11T21:00:00Z,422,957,2741,296,64,62,0,Optimization terminated successfully. (HiGHS Status 7: Optimal),7.388633520137072e-05,558500.9426414156,558481.4723219669,3.4862963972263536e-05,1,0.15751299995463341,False,"[{""message"":""Optimization terminated successfully. (HiGHS Status 7: Optimal)"",""presolve"":true,""solve_seconds"":0.15750730002764612,""status"":0,""time_limit_seconds"":30.0}]",0.01899399992544204,0.012606599950231612,PASS,557211.1053638409,1270.3669581249728,436,192
224,2025-08-12T21:00:00Z,443,1007,2897,312,68,63,0,Optimization terminated successfully. (HiGHS Status 7: Optimal),3.7122713574751006e-05,498135.8743226784,498127.05428346794,1.7706404690624605e-05,1,0.22763810004107654,False,"[{""message"":""Optimization terminated successfully. (HiGHS Status 7: Optimal)"",""presolve"":true,""solve_seconds"":0.22763229999691248,""status"":0,""time_limit_seconds"":30.0}]",0.01833350001834333,0.013384700054302812,PASS,493298.9917834677,4828.062499999996,435,192
225,2025-08-13T21:00:00Z,452,1026,2958,318,70,64,0,Optimization terminated successfully. (HiGHS Status 7: Optimal),0.0,437943.9794498553,437943.9794498554,0.0,1,0.01566489995457232,False,"[{""message"":""Optimization terminated successfully. (HiGHS Status 7: Optimal)"",""presolve"":true,""solve_seconds"":0.01565920002758503,""status"":0,""time_limit_seconds"":30.0}]",0.02175160008482635,0.01142589992377907,PASS,432313.15905340936,5630.820396445465,455,192
226,2025-08-14T21:00:00Z,472,1066,3090,331,72,69,0,Optimization terminated successfully. (HiGHS Status 7: Optimal),5.502040965033596e-05,466661.41648249346,466646.73080883693,3.147064510892327e-05,1,0.14682800008449703,False,"[{""message"":""Optimization terminated successfully. (HiGHS Status 7: Optimal)"",""presolve"":true,""solve_seconds"":0.14682220004033297,""status"":0,""time_limit_seconds"":30.0}]",0.019661700003780425,0.012902999995276332,PASS,463774.683933837,2872.046874999981,468,192
227,2025-08-15T21:00:00Z,481,1093,3171,340,72,69,0,Optimization terminated successfully. (HiGHS Status 7: Optimal),7.84889992398383e-05,432699.12190296693,432685.78661753074,3.081979082427089e-05,1,0.5473606999730691,False,"[{""message"":""Optimization terminated successfully. (HiGHS Status 7: Optimal)"",""presolve"":true,""solve_seconds"":0.547354600043036,""status"":0,""time_limit_seconds"":30.0}]",0.018884999910369515,0.013068500091321766,PASS,430440.61474253057,2245.1718749999864,485,192
228,2025-08-16T21:00:00Z,444,1012,2912,314,66,64,0,Optimization terminated successfully. (HiGHS Status 7: Optimal),7.069612743681216e-05,452296.1759363883,452275.9561151045,4.4706823368431834e-05,1,0.2071488999063149,False,"[{""message"":""Optimization terminated successfully. (HiGHS Status 7: Optimal)"",""presolve"":true,""solve_seconds"":0.20714369998313487,""status"":0,""time_limit_seconds"":30.0}]",0.01983259990811348,0.01288840000052005,PASS,447719.31028177106,4556.645833333183,473,192
229,2025-08-17T21:00:00Z,472,1071,3103,333,70,69,0,Optimization terminated successfully. (HiGHS Status 7: Optimal),2.5467563414015212e-05,587053.1053419041,587045.2792777428,1.3331278587039197e-05,1,0.16183569992426783,False,"[{""message"":""Optimization terminated successfully. (HiGHS Status 7: Optimal)"",""presolve"":true,""solve_seconds"":0.16183029999956489,""status"":0,""time_limit_seconds"":30.0}]",0.08024380006827414,0.012086100061424077,PASS,582342.4251110755,4702.854166666511,466,192
230,2025-08-18T21:00:00Z,471,1068,3094,332,70,69,0,Optimization terminated successfully. (HiGHS Status 7: Optimal),1.2032556595648997e-05,566027.0564634188,566023.8667070239,5.6353743763257795e-06,1,0.20922199997585267,False,"[{""message"":""Optimization terminated successfully. (HiGHS Status 7: Optimal)"",""presolve"":true,""solve_seconds"":0.20921700005419552,""status"":0,""time_limit_seconds"":30.0}]",0.021531400037929416,0.013271300005726516,PASS,561691.5958736904,4332.270833333185,479,192
231,2025-08-19T21:00:00Z,472,1069,3097,332,72,68,0,Optimization terminated successfully. (HiGHS Status 7: Optimal),0.0,469039.9200296105,469039.9200296105,0.0,1,0.03431989997625351,False,"[{""message"":""Optimization terminated successfully. (HiGHS Status 7: Optimal)"",""presolve"":true,""solve_seconds"":0.034313999931328,""status"":0,""time_limit_seconds"":30.0}]",0.02182130003347993,0.01429299998562783,PASS,464990.3541619704,4049.5658676398984,479,192
232,2025-08-20T21:00:00Z,435,988,2838,306,66,63,0,Optimization terminated successfully. (HiGHS Status 7: Optimal),3.581508371929666e-05,444917.25258463074,444908.6395616216,1.9359082389674034e-05,1,0.08115490002091974,False,"[{""message"":""Optimization terminated successfully. (HiGHS Status 7: Optimal)"",""presolve"":true,""solve_seconds"":0.0811495000962168,""status"":0,""time_limit_seconds"":30.0}]",0.017833400052040815,0.011902499943971634,PASS,444907.7774281448,0.8621334753886448,459,192
233,2025-08-21T21:00:00Z,454,1037,2989,322,68,64,0,Optimization terminated successfully. (HiGHS Status 7: Optimal),3.773021360332694e-05,563993.6126681257,563981.3599449953,2.1725404420444852e-05,1,0.23330550000537187,False,"[{""message"":""Optimization terminated successfully. (HiGHS Status 7: Optimal)"",""presolve"":true,""solve_seconds"":0.23330039996653795,""status"":0,""time_limit_seconds"":30.0}]",0.01785339997150004,0.012028399971313775,PASS,562205.1735332378,1776.186411757002,453,192
234,2025-08-22T21:00:00Z,402,922,2622,285,60,57,0,Optimization terminated successfully. (HiGHS Status 7: Optimal),8.691991452218754e-05,492993.68834404775,492978.80556760443,3.01894853799789e-05,1,0.27593710005749017,False,"[{""message"":""Optimization terminated successfully. (HiGHS Status 7: Optimal)"",""presolve"":true,""solve_seconds"":0.27593240002170205,""status"":0,""time_limit_seconds"":30.0}]",0.01799539988860488,0.014125399990007281,PASS,491279.3514009383,1699.4541666665953,438,192
235,2025-08-23T21:00:00Z,431,976,2802,302,66,63,0,Optimization terminated successfully. (HiGHS Status 7: Optimal),3.084533855528583e-05,372450.4618603954,372444.1602860876,1.6919514331878477e-05,1,0.07683020003605634,False,"[{""message"":""Optimization terminated successfully. (HiGHS Status 7: Optimal)"",""presolve"":true,""solve_seconds"":0.07682389998808503,""status"":0,""time_limit_seconds"":30.0}]",0.017544500064104795,0.011253000004217029,PASS,368842.7608881245,3601.399397962878,419,192
236,2025-08-24T21:00:00Z,418,949,2713,293,66,59,0,Optimization terminated successfully. (HiGHS Status 7: Optimal),4.58252086098766e-05,459552.4491752609,459540.50997089816,2.5980744033863344e-05,1,0.0728619999717921,False,"[{""message"":""Optimization terminated successfully. (HiGHS Status 7: Optimal)"",""presolve"":true,""solve_seconds"":0.07285630004480481,""status"":0,""time_limit_seconds"":30.0}]",0.01927590009290725,0.012370900018140674,PASS,454735.32247089816,4805.187499999925,425,192
237,2025-08-25T21:00:00Z,443,1007,2897,312,68,63,0,Optimization terminated successfully. (HiGHS Status 7: Optimal),2.3565124179863758e-05,433977.4503924367,433973.2080685926,9.775543202291406e-06,1,0.11647880007512867,False,"[{""message"":""Optimization terminated successfully. (HiGHS Status 7: Optimal)"",""presolve"":true,""solve_seconds"":0.11647290003020316,""status"":0,""time_limit_seconds"":30.0}]",0.019770900020375848,0.014336700085550547,PASS,429077.06223526027,4896.145833333262,435,192
238,2025-08-26T21:00:00Z,450,1025,2953,318,68,64,0,Optimization terminated successfully. (HiGHS Status 7: Optimal),1.9983376800477916e-05,423988.7244190533,423983.7184074925,1.1807084431437542e-05,1,0.20789219997823238,False,"[{""message"":""Optimization terminated successfully. (HiGHS Status 7: Optimal)"",""presolve"":true,""solve_seconds"":0.2078869000542909,""status"":0,""time_limit_seconds"":30.0}]",0.01871089998167008,0.012510899920016527,PASS,419888.28090749227,4095.4374999999545,455,192
239,2025-08-27T21:00:00Z,431,977,2803,302,68,61,0,Optimization terminated successfully. (HiGHS Status 7: Optimal),1.1065384003924717e-05,430470.46185884776,430468.40816265135,4.770840687648999e-06,1,0.06936210009735078,False,"[{""message"":""Optimization terminated successfully. (HiGHS Status 7: Optimal)"",""presolve"":true,""solve_seconds"":0.06935670005623251,""status"":0,""time_limit_seconds"":30.0}]",0.018076300038956106,0.011215299949981272,PASS,426173.784479651,4294.6236829999525,447,192
240,2025-08-28T21:00:00Z,460,1036,2996,321,72,67,0,Optimization terminated successfully. (HiGHS Status 7: Optimal),1.2628575959241007e-05,382246.74046149745,382244.1842848621,6.6872871857052285e-06,1,0.10193340003024787,False,"[{""message"":""Optimization terminated successfully. (HiGHS Status 7: Optimal)"",""presolve"":true,""solve_seconds"":0.10192719998303801,""status"":0,""time_limit_seconds"":30.0}]",0.019868899951688945,0.015496600070036948,PASS,382231.4721604745,12.712124388021254,447,192
241,2025-08-29T21:00:00Z,462,1055,3047,328,68,66,0,Optimization terminated successfully. (HiGHS Status 7: Optimal),9.556801603538109e-05,417918.0237116482,417897.3137931152,4.9557433966275445e-05,1,0.6106390000786632,False,"[{""message"":""Optimization terminated successfully. (HiGHS Status 7: Optimal)"",""presolve"":true,""solve_seconds"":0.6106335000367835,""status"":0,""time_limit_seconds"":30.0}]",0.01961940003093332,0.012392000062391162,PASS,415990.67525144893,1906.638541666641,468,192
242,2025-08-30T21:00:00Z,453,1033,2979,321,66,66,0,Optimization terminated successfully. (HiGHS Status 7: Optimal),4.056112836589003e-05,421902.0417174172,421893.5830390194,2.004931750060148e-05,1,0.05936190008651465,False,"[{""message"":""Optimization terminated successfully. (HiGHS Status 7: Optimal)"",""presolve"":true,""solve_seconds"":0.059355500037781894,""status"":0,""time_limit_seconds"":30.0}]",0.020006699953228235,0.0136589000467211,PASS,421864.9611493464,28.621889673049385,469,192
243,2025-08-31T21:00:00Z,476,1080,3132,336,70,70,0,Optimization terminated successfully. (HiGHS Status 7: Optimal),9.763659096988007e-05,450424.6436902982,450400.8444205297,5.2840197933214275e-05,1,0.2901713000610471,False,"[{""message"":""Optimization terminated successfully. (HiGHS Status 7: Optimal)"",""presolve"":true,""solve_seconds"":0.29016620002221316,""status"":0,""time_limit_seconds"":30.0}]",0.0189453000202775,0.01188829995226115,PASS,450400.84442052984,8.22119157935693e-12,473,192
244,2025-09-01T21:00:00Z,428,975,2795,302,64,62,0,Optimization terminated successfully. (HiGHS Status 7: Optimal),6.321887954961126e-05,537545.8135160649,537527.1278243164,3.47623232043092e-05,1,0.2653123999480158,False,"[{""message"":""Optimization terminated successfully. (HiGHS Status 7: Optimal)"",""presolve"":true,""solve_seconds"":0.2653068999061361,""status"":0,""time_limit_seconds"":30.0}]",0.019356800010427833,0.01146729988977313,PASS,532889.4403243158,4637.687499995728,458,192
245,2025-09-02T21:00:00Z,435,991,2845,307,66,62,0,Optimization terminated successfully. (HiGHS Status 7: Optimal),5.4421377241029416e-05,538736.0622575184,538722.4799802577,2.521201131465402e-05,1,0.15538170002400875,False,"[{""message"":""Optimization terminated successfully. (HiGHS Status 7: Optimal)"",""presolve"":true,""solve_seconds"":0.1553762999828905,""status"":0,""time_limit_seconds"":30.0}]",0.01796159998048097,0.011816099984571338,PASS,533646.2716469255,5076.20833332859,437,192
246,2025-09-03T21:00:00Z,469,1068,3090,332,70,67,0,Optimization terminated successfully. (HiGHS Status 7: Optimal),7.479646156557905e-05,461425.18249696825,461408.8131006096,3.5476991106151404e-05,1,0.12211459991522133,False,"[{""message"":""Optimization terminated successfully. (HiGHS Status 7: Optimal)"",""presolve"":true,""solve_seconds"":0.12210929999127984,""status"":0,""time_limit_seconds"":30.0}]",0.019519900088198483,0.011732199927791953,PASS,455861.8644327102,5546.94866789486,462,192
247,2025-09-04T21:00:00Z,450,1019,2939,316,68,66,0,Optimization terminated successfully. (HiGHS Status 7: Optimal),6.657132709431172e-05,509829.8951498471,509810.03441236634,3.895713332445402e-05,1,0.08531520003452897,False,"[{""message"":""Optimization terminated successfully. (HiGHS Status 7: Optimal)"",""presolve"":true,""solve_seconds"":0.08530929998960346,""status"":0,""time_limit_seconds"":30.0}]",0.018265800084918737,0.012777799973264337,PASS,509800.7054836457,9.328928720585587,467,192
248,2025-09-05T21:00:00Z,453,1026,2960,318,70,65,0,Optimization terminated successfully. (HiGHS Status 7: Optimal),9.057826064396844e-05,484485.1955153942,484468.21706859325,3.504553281883575e-05,1,0.2801320001017302,False,"[{""message"":""Optimization terminated successfully. (HiGHS Status 7: Optimal)"",""presolve"":true,""solve_seconds"":0.28012580005452037,""status"":0,""time_limit_seconds"":30.0}]",0.022274099988862872,0.01485020003747195,PASS,484438.97887550964,29.238193084325626,455,192
249,2025-09-06T21:00:00Z,464,1053,3045,327,70,67,0,Optimization terminated successfully. (HiGHS Status 7: Optimal),1.0569575712999675e-05,453538.60582734935,453535.77575949207,6.240010179011329e-06,1,0.12952379998750985,False,"[{""message"":""Optimization terminated successfully. (HiGHS Status 7: Optimal)"",""presolve"":true,""solve_seconds"":0.12951910006813705,""status"":0,""time_limit_seconds"":30.0}]",0.019441199954599142,0.021664700005203485,PASS,453535.7757594919,5.947352980465818e-12,465,192
250,2025-09-07T21:00:00Z,474,1080,3128,336,70,68,0,Optimization terminated successfully. (HiGHS Status 7: Optimal),7.625587772433833e-05,490481.5684484139,490464.39717335545,3.501023755736746e-05,1,0.09042530006263405,False,"[{""message"":""Optimization terminated successfully. (HiGHS Status 7: Optimal)"",""presolve"":true,""solve_seconds"":0.09042000002227724,""status"":0,""time_limit_seconds"":30.0}]",0.01929039997048676,0.011579700047150254,PASS,483307.64717335475,7156.750000000109,480,192
251,2025-09-08T21:00:00Z,473,1074,3112,334,70,69,0,Optimization terminated successfully. (HiGHS Status 7: Optimal),7.359012077636964e-06,425076.84162224,425075.2997097507,3.6273867015813273e-06,1,0.0488912999862805,False,"[{""message"":""Optimization terminated successfully. (HiGHS Status 7: Optimal)"",""presolve"":true,""solve_seconds"":0.04888659995049238,""status"":0,""time_limit_seconds"":30.0}]",0.0187507999362424,0.014751499984413385,PASS,418782.3413764178,6292.958333333389,485,192
252,2025-09-09T21:00:00Z,445,1007,2901,312,68,65,0,Optimization terminated successfully. (HiGHS Status 7: Optimal),1.947555090820811e-05,402925.69060843816,402921.7572914602,9.761987052837255e-06,1,0.06739959993865341,False,"[{""message"":""Optimization terminated successfully. (HiGHS Status 7: Optimal)"",""presolve"":true,""solve_seconds"":0.06739320000633597,""status"":0,""time_limit_seconds"":30.0}]",0.018072900013066828,0.01287680002860725,PASS,396855.09062479273,6066.666666666645,464,192
253,2025-09-10T21:00:00Z,457,1035,2989,321,70,66,0,Optimization terminated successfully. (HiGHS Status 7: Optimal),9.537083834436205e-05,440584.4014284307,440560.86261307384,5.342920207944659e-05,1,0.2545653999550268,False,"[{""message"":""Optimization terminated successfully. (HiGHS Status 7: Optimal)"",""presolve"":true,""solve_seconds"":0.25455980002880096,""status"":0,""time_limit_seconds"":30.0}]",0.01949650002643466,0.011368799954652786,PASS,434954.6751130735,5606.187499999989,454,192
254,2025-09-11T21:00:00Z,432,990,2838,307,64,61,0,Optimization terminated successfully. (HiGHS Status 7: Optimal),5.980205233324763e-05,483628.4565575521,483613.85981160623,3.0182646029931228e-05,1,0.20207490003667772,False,"[{""message"":""Optimization terminated successfully. (HiGHS Status 7: Optimal)"",""presolve"":true,""solve_seconds"":0.2020691999932751,""status"":0,""time_limit_seconds"":30.0}]",0.017044899985194206,0.01128530001733452,PASS,480101.1931449401,3512.6666666666624,453,192
255,2025-09-12T21:00:00Z,477,1075,3121,334,72,71,0,Optimization terminated successfully. (HiGHS Status 7: Optimal),4.182110732463258e-05,468681.39496168593,468671.804410545,2.046325605828403e-05,1,0.3372881000395864,False,"[{""message"":""Optimization terminated successfully. (HiGHS Status 7: Optimal)"",""presolve"":true,""solve_seconds"":0.3372827999992296,""status"":0,""time_limit_seconds"":30.0}]",0.018439500010572374,0.011325899977236986,PASS,465536.31597068644,3135.488439858486,461,192
256,2025-09-13T21:00:00Z,413,939,2681,290,64,59,0,Optimization terminated successfully. (HiGHS Status 7: Optimal),1.938812821083476e-05,464807.3070224039,464802.6532305901,1.0012403719028199e-05,1,0.08776530006434768,False,"[{""message"":""Optimization terminated successfully. (HiGHS Status 7: Optimal)"",""presolve"":true,""solve_seconds"":0.08775970002170652,""status"":0,""time_limit_seconds"":30.0}]",0.019689699984155595,0.012231100001372397,PASS,460230.0490639231,4572.604166666652,446,192
257,2025-09-14T21:00:00Z,461,1047,3025,325,70,66,0,Optimization terminated successfully. (HiGHS Status 7: Optimal),3.143377725299513e-05,478464.00249190733,478456.3069521466,1.608410140891352e-05,1,0.0958526999456808,False,"[{""message"":""Optimization terminated successfully. (HiGHS Status 7: Optimal)"",""presolve"":true,""solve_seconds"":0.09584770002402365,""status"":0,""time_limit_seconds"":30.0}]",0.021560000022873282,0.01126459997612983,PASS,473128.45278547966,5327.854166666652,442,192
258,2025-09-15T21:00:00Z,424,971,2779,301,62,61,0,Optimization terminated successfully. (HiGHS Status 7: Optimal),3.210151052906041e-05,491557.8915430519,491549.7421416547,1.6578996383367004e-05,1,0.09391010005492717,False,"[{""message"":""Optimization terminated successfully. (HiGHS Status 7: Optimal)"",""presolve"":true,""solve_seconds"":0.09390420001000166,""status"":0,""time_limit_seconds"":30.0}]",0.02025090006645769,0.012415000004693866,PASS,487076.38797498815,4473.354166666653,451,192
259,2025-09-16T21:00:00Z,377,867,2445,267,58,52,0,Optimization terminated successfully. (HiGHS Status 7: Optimal),5.497541265241066e-05,477327.08010488894,477314.4710256815,2.6416712613747453e-05,1,0.13310099998489022,False,"[{""message"":""Optimization terminated successfully. (HiGHS Status 7: Optimal)"",""presolve"":true,""solve_seconds"":0.13309499993920326,""status"":0,""time_limit_seconds"":30.0}]",0.01587250002194196,0.013868699898011982,PASS,477314.4710256814,5.644609165263622e-12,407,192
260,2025-09-17T21:00:00Z,417,954,2724,295,64,58,0,Optimization terminated successfully. (HiGHS Status 7: Optimal),1.7825376599530972e-05,448840.6999421524,448836.7616865982,8.774360503450989e-06,1,0.18452920007985085,False,"[{""message"":""Optimization terminated successfully. (HiGHS Status 7: Optimal)"",""presolve"":true,""solve_seconds"":0.1845236000372097,""status"":0,""time_limit_seconds"":30.0}]",0.01804470003116876,0.013210800010710955,PASS,444238.8866865974,4597.874999999988,404,192
261,2025-09-18T21:00:00Z,459,1046,3020,325,68,66,0,Optimization terminated successfully. (HiGHS Status 7: Optimal),4.62075731007263e-05,411799.20401822164,411790.10523320286,2.2095686377962924e-05,1,0.19622119993437082,False,"[{""message"":""Optimization terminated successfully. (HiGHS Status 7: Optimal)"",""presolve"":true,""solve_seconds"":0.19621570000890642,""status"":0,""time_limit_seconds"":30.0}]",0.020415699924342334,0.01211939996574074,PASS,409516.8184684692,2273.2867647336006,448,192
262,2025-09-19T21:00:00Z,431,976,2802,302,66,63,0,Optimization terminated successfully. (HiGHS Status 7: Optimal),6.240673279999645e-05,374778.66835061996,374767.3699961089,3.0147647355767202e-05,1,0.16809990000911057,False,"[{""message"":""Optimization terminated successfully. (HiGHS Status 7: Optimal)"",""presolve"":true,""solve_seconds"":0.1680942999664694,""status"":0,""time_limit_seconds"":30.0}]",0.01761470001656562,0.013754999963566661,PASS,374765.6106363731,1.7593597358500617,450,192
263,2025-09-20T21:00:00Z,460,1038,3002,322,70,68,0,Optimization terminated successfully. (HiGHS Status 7: Optimal),7.858787962359395e-05,391825.10916130425,391808.46331998083,4.24846395158827e-05,1,0.2992240000749007,False,"[{""message"":""Optimization terminated successfully. (HiGHS Status 7: Optimal)"",""presolve"":true,""solve_seconds"":0.29921870003454387,""status"":0,""time_limit_seconds"":30.0}]",0.020830399938859046,0.01471519994083792,PASS,387936.2034184186,3872.2599015626542,445,192
264,2025-09-21T21:00:00Z,469,1068,3090,332,70,67,0,Optimization terminated successfully. (HiGHS Status 7: Optimal),3.5575785144487414e-05,440007.56374321505,439999.2476503888,1.8900243286004757e-05,1,0.15322450001258403,False,"[{""message"":""Optimization terminated successfully. (HiGHS Status 7: Optimal)"",""presolve"":true,""solve_seconds"":0.1532197999767959,""status"":0,""time_limit_seconds"":30.0}]",0.019682900048792362,0.012660600012168288,PASS,434815.41431705514,5183.83333333334,471,192
265,2025-09-22T21:00:00Z,477,1086,3148,338,70,69,0,Optimization terminated successfully. (HiGHS Status 7: Optimal),6.488794510170258e-05,431084.8043383964,431071.5419126366,3.07661825713725e-05,1,0.15392399998381734,False,"[{""message"":""Optimization terminated successfully. (HiGHS Status 7: Optimal)"",""presolve"":true,""solve_seconds"":0.15391870005987585,""status"":0,""time_limit_seconds"":30.0}]",0.02055610006209463,0.013270299998112023,PASS,425975.97941263753,5095.562500000016,486,192
266,2025-09-23T21:00:00Z,436,988,2840,306,66,64,0,Optimization terminated successfully. (HiGHS Status 7: Optimal),4.344819433860583e-05,427728.1972164073,427718.1980585966,2.3377910633884837e-05,1,0.10484250006265938,False,"[{""message"":""Optimization terminated successfully. (HiGHS Status 7: Optimal)"",""presolve"":true,""solve_seconds"":0.10483690002001822,""status"":0,""time_limit_seconds"":30.0}]",0.018510199966840446,0.011343599995598197,PASS,423489.3647252633,4228.833333333164,463,192
267,2025-09-24T21:00:00Z,445,1005,2895,311,70,64,0,Optimization terminated successfully. (HiGHS Status 7: Optimal),6.43205549423252e-06,435699.91180917365,435698.5515790334,3.1219524034264736e-06,1,0.041567099979147315,False,"[{""message"":""Optimization terminated successfully. (HiGHS Status 7: Optimal)"",""presolve"":true,""solve_seconds"":0.0415619999403134,""status"":0,""time_limit_seconds"":30.0}]",0.01770540000870824,0.011108399950899184,PASS,425268.4506149264,10430.100964106405,441,192
268,2025-09-25T21:00:00Z,474,1077,3121,335,70,69,0,Optimization terminated successfully. (HiGHS Status 7: Optimal),1.4649167704618653e-06,435122.4021110812,435122.0566143303,7.940226096343698e-07,1,0.28029799996875226,False,"[{""message"":""Optimization terminated successfully. (HiGHS Status 7: Optimal)"",""presolve"":true,""solve_seconds"":0.2802925000432879,""status"":0,""time_limit_seconds"":30.0}]",0.021193300024606287,0.0161779000191018,PASS,431010.0260501725,4112.03056415814,465,192
269,2025-09-26T21:00:00Z,449,1012,2918,313,72,64,0,Optimization terminated successfully. (HiGHS Status 7: Optimal),3.543503832668529e-05,501938.41983440064,501928.78256874415,1.9200464271388447e-05,1,0.09904280002228916,False,"[{""message"":""Optimization terminated successfully. (HiGHS Status 7: Optimal)"",""presolve"":true,""solve_seconds"":0.09903779998421669,""status"":0,""time_limit_seconds"":30.0}]",0.017759099951945245,0.012467100052163005,PASS,501928.78256874427,2.1240834939817434e-10,467,192
270,2025-09-27T21:00:00Z,454,1028,2968,319,68,67,0,Optimization terminated successfully. (HiGHS Status 7: Optimal),5.578310218343034e-05,509297.73476720636,509284.3729265587,2.6236502351059057e-05,1,0.09094360005110502,False,"[{""message"":""Optimization terminated successfully. (HiGHS Status 7: Optimal)"",""presolve"":true,""solve_seconds"":0.09093760000541806,""status"":0,""time_limit_seconds"":30.0}]",0.017564200097694993,0.011541399988345802,PASS,502208.0604265588,7076.312499999531,453,192
271,2025-09-28T21:00:00Z,433,982,2820,304,66,63,0,Optimization terminated successfully. (HiGHS Status 7: Optimal),9.986795744562708e-05,482837.40079003153,482812.12902946566,5.2342845273314845e-05,3,0.6058897000038996,False,"[{""message"":""Optimization terminated successfully. (HiGHS Status 7: Optimal)"",""presolve"":true,""solve_seconds"":0.6058849999681115,""status"":0,""time_limit_seconds"":30.0}]",0.016759100020863116,0.0133477000053972,PASS,475239.8165294653,7572.312499999922,445,192
272,2025-09-29T21:00:00Z,899,1759,5273,585,72,242,0,Optimization terminated successfully. (HiGHS Status 7: Optimal),4.882130285162623e-06,438366.10750324634,438365.1534359967,2.176421283005257e-06,1,0.10852549993433058,False,"[{""message"":""Optimization terminated successfully. (HiGHS Status 7: Optimal)"",""presolve"":true,""solve_seconds"":0.10852060001343489,""status"":0,""time_limit_seconds"":30.0}]",0.02288189996033907,0.01349310006480664,PASS,432162.7263526646,6202.4270833332685,467,192
273,2025-09-30T21:00:00Z,836,1631,4846,544,68,224,0,Optimization terminated successfully. (HiGHS Status 7: Optimal),1.988928960848526e-06,513139.82255851786,513139.17382991494,1.2642351938815307e-06,1,0.08732339995913208,False,"[{""message"":""Optimization terminated successfully. (HiGHS Status 7: Optimal)"",""presolve"":true,""solve_seconds"":0.08731789991725236,""status"":0,""time_limit_seconds"":30.0}]",0.024243899970315397,0.014445399981923401,PASS,507091.0301019551,6048.143727959699,474,192
274,2025-10-01T21:00:00Z,895,1746,5223,582,70,243,0,Optimization terminated successfully. (HiGHS Status 7: Optimal),0.0,528354.5428682645,528354.5428682645,0.0,1,0.0910374999511987,False,"[{""message"":""Optimization terminated successfully. (HiGHS Status 7: Optimal)"",""presolve"":true,""solve_seconds"":0.0910318000242114,""status"":0,""time_limit_seconds"":30.0}]",0.022683999966830015,0.012079999898560345,PASS,523400.511618263,4954.031250000001,467,192
275,2025-10-02T21:00:00Z,813,1588,4701,530,66,217,0,Optimization terminated successfully. (HiGHS Status 7: Optimal),4.2075625059565196e-05,431428.00687179173,431418.4162325582,2.2230481761263256e-05,1,0.24785060004796833,False,"[{""message"":""Optimization terminated successfully. (HiGHS Status 7: Optimal)"",""presolve"":true,""solve_seconds"":0.24784490000456572,""status"":0,""time_limit_seconds"":30.0}]",0.023947800043970346,0.013183100032620132,PASS,426495.60894089204,4922.807291666674,460,192
276,2025-10-03T21:00:00Z,918,1789,5371,596,72,250,0,Optimization terminated successfully. (HiGHS Status 7: Optimal),5.1683088655974326e-05,414949.95064342156,414939.9527249539,2.4094856140075914e-05,1,0.1828813999891281,False,"[{""message"":""Optimization terminated successfully. (HiGHS Status 7: Optimal)"",""presolve"":true,""solve_seconds"":0.1828744999365881,""status"":0,""time_limit_seconds"":30.0}]",0.02392950002104044,0.014918499975465238,PASS,411569.65236530383,3370.300359649987,467,192
277,2025-10-04T21:00:00Z,777,1525,4471,510,60,207,0,Optimization terminated successfully. (HiGHS Status 7: Optimal),1.040639866820046e-05,430705.4548020708,430702.93096623296,5.859806507884903e-06,1,0.13067690003663301,False,"[{""message"":""Optimization terminated successfully. (HiGHS Status 7: Optimal)"",""presolve"":true,""solve_seconds"":0.1306711999932304,""status"":0,""time_limit_seconds"":30.0}]",0.024445899995043874,0.013697599992156029,PASS,422696.49572739674,8006.435238837011,457,192
278,2025-10-05T21:00:00Z,840,1633,4868,544,72,224,0,Optimization terminated successfully. (HiGHS Status 7: Optimal),1.7133194626564728e-06,713466.3526656505,713465.527670207,1.1563213800506135e-06,1,0.29925669997464865,False,"[{""message"":""Optimization terminated successfully. (HiGHS Status 7: Optimal)"",""presolve"":true,""solve_seconds"":0.2992505000438541,""status"":0,""time_limit_seconds"":30.0}]",0.024378000060096383,0.012616100022569299,PASS,706456.892253541,7008.635416666652,431,192
279,2025-10-06T21:00:00Z,771,1513,4435,506,60,205,0,Optimization terminated successfully. (HiGHS Status 7: Optimal),1.9683836921953273e-06,801451.9381404177,801451.2898790175,8.088593884106728e-07,1,0.16812809999100864,False,"[{""message"":""Optimization terminated successfully. (HiGHS Status 7: Optimal)"",""presolve"":true,""solve_seconds"":0.168122100061737,""status"":0,""time_limit_seconds"":30.0}]",0.09141220001038164,0.011958900024183095,PASS,795439.6440456858,6011.645833333329,429,192
280,2025-10-07T21:00:00Z,913,1782,5339,594,70,249,0,Optimization terminated successfully. (HiGHS Status 7: Optimal),4.6927067358324915e-06,521384.42361982074,521383.4835343558,1.8030595417814345e-06,1,0.020925099961459637,False,"[{""message"":""Optimization terminated successfully. (HiGHS Status 7: Optimal)"",""presolve"":true,""solve_seconds"":0.020919799921102822,""status"":0,""time_limit_seconds"":30.0}]",0.024900699965655804,0.01537589996587485,PASS,515050.48811273073,6332.995421624917,454,192
281,2025-10-08T21:00:00Z,892,1740,5202,580,70,242,0,Optimization terminated successfully. (HiGHS Status 7: Optimal),8.712244543895186e-05,403502.76785956416,403484.3102436991,4.574556035127382e-05,1,0.0589735999237746,False,"[{""message"":""Optimization terminated successfully. (HiGHS Status 7: Optimal)"",""presolve"":true,""solve_seconds"":0.058966999989934266,""status"":0,""time_limit_seconds"":30.0}]",0.024769000010564923,0.015166500001214445,PASS,396879.68596156006,6604.624282138455,491,192
282,2025-10-09T21:00:00Z,883,1722,5149,574,70,239,0,Optimization terminated successfully. (HiGHS Status 7: Optimal),4.1897560385436555e-06,391890.88720542425,391890.09678279236,2.0169497478559758e-06,1,0.10114020004402846,False,"[{""message"":""Optimization terminated successfully. (HiGHS Status 7: Optimal)"",""presolve"":true,""solve_seconds"":0.10113139997702092,""status"":0,""time_limit_seconds"":30.0}]",0.024564000079408288,0.015451199957169592,PASS,387091.13857098814,4798.958211804279,481,192
283,2025-10-10T21:00:00Z,851,1661,4943,554,68,229,0,Optimization terminated successfully. (HiGHS Status 7: Optimal),1.4961421317335254e-05,362588.5807563123,362585.88163451606,7.444089615589808e-06,1,0.1739847999997437,False,"[{""message"":""Optimization terminated successfully. (HiGHS Status 7: Optimal)"",""presolve"":true,""solve_seconds"":0.17397939995862544,""status"":0,""time_limit_seconds"":30.0}]",0.026305200066417456,0.014543899917043746,PASS,357899.0378845161,4686.843750000004,468,192
284,2025-10-11T21:00:00Z,756,1483,4340,496,60,200,0,Optimization terminated successfully. (HiGHS Status 7: Optimal),3.985641799027171e-05,379103.91112922627,379095.70943554834,2.163488922134559e-05,1,0.5340304999845102,False,"[{""message"":""Optimization terminated successfully. (HiGHS Status 7: Optimal)"",""presolve"":true,""solve_seconds"":0.5340251000598073,""status"":0,""time_limit_seconds"":30.0}]",0.022896400070749223,0.01211220002733171,PASS,372813.58403843513,6282.125397113633,429,192
285,2025-10-12T21:00:00Z,878,1715,5113,572,68,238,0,Optimization terminated successfully. (HiGHS Status 7: Optimal),5.093266455588666e-05,413245.0570490289,413234.00443977606,2.6746611203605886e-05,1,0.11286620004102588,False,"[{""message"":""Optimization terminated successfully. (HiGHS Status 7: Optimal)"",""presolve"":true,""solve_seconds"":0.11285899998620152,""status"":0,""time_limit_seconds"":30.0}]",0.02426160010509193,0.013406199985183775,PASS,403844.3169397763,9389.687500000007,438,192
286,2025-10-13T21:00:00Z,866,1691,5039,564,68,234,0,Optimization terminated successfully. (HiGHS Status 7: Optimal),4.6421053038378954e-05,397351.63845119264,397342.6726833009,2.256432170041404e-05,1,0.3950090000871569,False,"[{""message"":""Optimization terminated successfully. (HiGHS Status 7: Optimal)"",""presolve"":true,""solve_seconds"":0.39500280003994703,""status"":0,""time_limit_seconds"":30.0}]",0.025378899998031557,0.012400099891237915,PASS,388188.3237249668,9154.348958333332,472,192
287,2025-10-14T21:00:00Z,860,1679,5000,560,68,232,0,Optimization terminated successfully. (HiGHS Status 7: Optimal),6.558200208370595e-06,380528.2605593674,380526.95257777127,3.4372902820500544e-06,1,0.12717720004729927,False,"[{""message"":""Optimization terminated successfully. (HiGHS Status 7: Optimal)"",""presolve"":true,""solve_seconds"":0.1271707999985665,""status"":0,""time_limit_seconds"":30.0}]",0.08851060003507882,0.013085999991744757,PASS,373915.1140361041,6611.838541666666,466,192
288,2025-10-15T21:00:00Z,862,1680,5012,560,70,232,0,Optimization terminated successfully. (HiGHS Status 7: Optimal),2.0098775911940228e-06,371715.12898906297,371714.7646689504,9.801066494934448e-07,1,0.14625140000134706,False,"[{""message"":""Optimization terminated successfully. (HiGHS Status 7: Optimal)"",""presolve"":true,""solve_seconds"":0.1462457999587059,""status"":0,""time_limit_seconds"":30.0}]",0.022096799919381738,0.012391099939122796,PASS,365387.3780723699,6327.386596580001,464,192
289,2025-10-16T21:00:00Z,852,1666,4949,556,66,230,0,Optimization terminated successfully. (HiGHS Status 7: Optimal),9.115097263864599e-06,359509.96320844366,359508.2602497216,4.736911248971228e-06,1,0.10757029999513179,False,"[{""message"":""Optimization terminated successfully. (HiGHS Status 7: Optimal)"",""presolve"":true,""solve_seconds"":0.10756479995325208,""status"":0,""time_limit_seconds"":30.0}]",0.02480469993315637,0.012783100013621151,PASS,354980.01741947274,4528.242830249352,462,192
290,2025-10-17T21:00:00Z,880,1716,5129,572,70,238,0,Optimization terminated successfully. (HiGHS Status 7: Optimal),1.0349687226979998e-05,366802.85495601234,366800.92454257887,5.2628368804532615e-06,1,0.09615550003945827,False,"[{""message"":""Optimization terminated successfully. (HiGHS Status 7: Optimal)"",""presolve"":true,""solve_seconds"":0.09614959999453276,""status"":0,""time_limit_seconds"":30.0}]",0.0243680999847129,0.013207299984060228,PASS,361776.64850091276,5024.276041666677,468,192
291,2025-10-18T21:00:00Z,809,1577,4675,526,68,215,0,Optimization terminated successfully. (HiGHS Status 7: Optimal),8.404261152031214e-05,469017.3008694777,468992.93955959205,5.194387341631613e-05,1,0.14703130000270903,False,"[{""message"":""Optimization terminated successfully. (HiGHS Status 7: Optimal)"",""presolve"":true,""solve_seconds"":0.14702709997072816,""status"":0,""time_limit_seconds"":30.0}]",0.023752199951559305,0.013661900069564581,PASS,461134.90310125926,7858.036458333325,453,192
292,2025-10-19T21:00:00Z,915,1783,5349,594,72,249,0,Optimization terminated successfully. (HiGHS Status 7: Optimal),4.290666107880532e-05,503124.34039255686,503114.7319378602,1.9097939469294267e-05,1,0.17632520000915974,False,"[{""message"":""Optimization terminated successfully. (HiGHS Status 7: Optimal)"",""presolve"":true,""solve_seconds"":0.176318799960427,""status"":0,""time_limit_seconds"":30.0}]",0.023600799962878227,0.013104500016197562,PASS,495562.2389414367,7552.492996424268,464,192
293,2025-10-20T21:00:00Z,868,1692,5051,564,70,234,0,Optimization terminated successfully. (HiGHS Status 7: Optimal),6.547320927933705e-05,399264.81550075905,399252.6693236873,3.0422281439730178e-05,1,0.12744120007846504,False,"[{""message"":""Optimization terminated successfully. (HiGHS Status 7: Optimal)"",""presolve"":true,""solve_seconds"":0.12743580003734678,""status"":0,""time_limit_seconds"":30.0}]",0.026540399994701147,0.014284899923950434,PASS,392412.2786986867,6840.390625000005,483,192
294,2025-10-21T21:00:00Z,886,1728,5166,576,70,240,0,Optimization terminated successfully. (HiGHS Status 7: Optimal),9.77961933268517e-06,506941.67268372193,506938.43985349295,6.377165302194864e-06,1,0.028785099973902106,False,"[{""message"":""Optimization terminated successfully. (HiGHS Status 7: Optimal)"",""presolve"":true,""solve_seconds"":0.02877870004158467,""status"":0,""time_limit_seconds"":30.0}]",0.02493860002141446,0.01622049999423325,PASS,501262.68464515876,5675.755208333326,474,192
295,2025-10-22T21:00:00Z,779,1526,4485,510,62,207,0,Optimization terminated successfully. (HiGHS Status 7: Optimal),1.1613795244673297e-06,515052.17897255847,515051.95588031627,4.33145121876008e-07,1,0.062257600016891956,False,"[{""message"":""Optimization terminated successfully. (HiGHS Status 7: Optimal)"",""presolve"":true,""solve_seconds"":0.062250400078482926,""status"":0,""time_limit_seconds"":30.0}]",0.08911979990079999,0.013859699945896864,PASS,515047.194584472,4.761295844805355,447,192
296,2025-10-23T21:00:00Z,886,1728,5164,576,70,240,0,Optimization terminated successfully. (HiGHS Status 7: Optimal),4.982877443159939e-05,376756.33918310667,376747.0488323275,2.4659385675313475e-05,1,0.1079353999812156,False,"[{""message"":""Optimization terminated successfully. (HiGHS Status 7: Optimal)"",""presolve"":true,""solve_seconds"":0.10792999994009733,""status"":0,""time_limit_seconds"":30.0}]",0.023522199946455657,0.013007299974560738,PASS,371868.59570732695,4878.4531249999945,447,192
297,2025-10-24T21:00:00Z,901,1747,5219,586,72,243,0,Optimization terminated successfully. (HiGHS Status 7: Optimal),4.750325471850067e-06,358788.8316500203,358787.98227091535,2.3673566198998385e-06,1,0.11489670001901686,False,"[{""message"":""Optimization terminated successfully. (HiGHS Status 7: Optimal)"",""presolve"":true,""solve_seconds"":0.11489059997256845,""status"":0,""time_limit_seconds"":30.0}]",0.026065499987453222,0.015176899963989854,PASS,357210.5698669151,1577.4124040000038,483,196
298,2025-10-25T21:00:00Z,823,1611,4765,538,64,221,0,Optimization terminated successfully. (HiGHS Status 7: Optimal),8.361858340041863e-06,442642.79725074803,442640.5635760409,5.046249464979927e-06,1,0.1379464000929147,False,"[{""message"":""Optimization terminated successfully. (HiGHS Status 7: Optimal)"",""presolve"":true,""solve_seconds"":0.13794040004722774,""status"":0,""time_limit_seconds"":30.0}]",0.02525399997830391,0.016126699978485703,PASS,437058.037534374,5582.526041666672,464,196
299,2025-10-26T22:00:00Z,765,1501,4398,502,60,203,0,Optimization terminated successfully. (HiGHS Status 7: Optimal),4.879780293252171e-05,445290.13577102777,445281.06719470746,2.0365959813741475e-05,1,0.10996000003069639,False,"[{""message"":""Optimization terminated successfully. (HiGHS Status 7: Optimal)"",""presolve"":true,""solve_seconds"":0.10995479999110103,""status"":0,""time_limit_seconds"":30.0}]",0.024145200033672154,0.012263700016774237,PASS,439403.6819598,5877.3852349080025,424,192
300,2025-10-27T22:00:00Z,878,1715,5116,572,68,238,0,Optimization terminated successfully. (HiGHS Status 7: Optimal),2.5996848296800186e-06,393684.99073002225,393684.42983696656,1.4247275563428496e-06,1,0.07836670009419322,False,"[{""message"":""Optimization terminated successfully. (HiGHS Status 7: Optimal)"",""presolve"":true,""solve_seconds"":0.07836040004622191,""status"":0,""time_limit_seconds"":30.0}]",0.023450399981811643,0.012762899976223707,PASS,388485.38296196633,5199.046875000001,441,192
301,2025-10-28T22:00:00Z,904,1764,5278,588,70,246,0,Optimization terminated successfully. (HiGHS Status 7: Optimal),2.1884410283630493e-07,434250.05596145004,434250.00656263274,1.1375662993681652e-07,1,0.08507979998830706,False,"[{""message"":""Optimization terminated successfully. (HiGHS Status 7: Optimal)"",""presolve"":true,""solve_seconds"":0.08507340005598962,""status"":0,""time_limit_seconds"":30.0}]",0.023484200006350875,0.015808299998752773,PASS,428409.6003126328,5840.406249999999,484,192
302,2025-10-29T22:00:00Z,869,1697,5058,566,68,235,0,Optimization terminated successfully. (HiGHS Status 7: Optimal),8.039635461159563e-05,406106.86061138386,406091.70235080033,3.732718618917736e-05,1,0.16621799999848008,False,"[{""message"":""Optimization terminated successfully. (HiGHS Status 7: Optimal)"",""presolve"":true,""solve_seconds"":0.16621259995736182,""status"":0,""time_limit_seconds"":30.0}]",0.023651800001971424,0.01297719997819513,PASS,399191.93103422126,6899.771316579234,481,192
303,2025-10-30T22:00:00Z,843,1648,4893,550,66,227,0,Optimization terminated successfully. (HiGHS Status 7: Optimal),1.8126982419018554e-05,406452.4383627618,406448.3260615872,1.0117648200097e-05,1,0.18815519998315722,False,"[{""message"":""Optimization terminated successfully. (HiGHS Status 7: Optimal)"",""presolve"":true,""solve_seconds"":0.18814669991843402,""status"":0,""time_limit_seconds"":30.0}]",0.09669639996718615,0.01405620004516095,PASS,402136.617728254,4311.708333333337,462,192
304,2025-10-31T22:00:00Z,863,1685,5020,562,68,233,0,Optimization terminated successfully. (HiGHS Status 7: Optimal),4.231534155347523e-06,393353.92968517455,393353.2003619771,1.8541178685620989e-06,1,0.11104440002236515,False,"[{""message"":""Optimization terminated successfully. (HiGHS Status 7: Optimal)"",""presolve"":true,""solve_seconds"":0.11103879997972399,""status"":0,""time_limit_seconds"":30.0}]",0.02446580003015697,0.01449309999588877,PASS,389240.00765364425,4113.192708333334,460,192
305,2025-11-01T22:00:00Z,874,1704,5092,568,70,236,0,Optimization terminated successfully. (HiGHS Status 7: Optimal),5.2168253610384305e-06,383206.62069828005,383205.48923485505,2.952628437709278e-06,1,0.25065340008586645,False,"[{""message"":""Optimization terminated successfully. (HiGHS Status 7: Optimal)"",""presolve"":true,""solve_seconds"":0.25064650003332645,""status"":0,""time_limit_seconds"":30.0}]",0.02588690002448857,0.01297729997895658,PASS,376867.65590152197,6337.833333333329,469,192
306,2025-11-02T22:00:00Z,849,1660,4931,554,66,229,0,Optimization terminated successfully. (HiGHS Status 7: Optimal),1.9865732765687724e-05,409368.0027990984,409364.0067822641,9.761524628631768e-06,1,0.10447919997386634,False,"[{""message"":""Optimization terminated successfully. (HiGHS Status 7: Optimal)"",""presolve"":true,""solve_seconds"":0.1044738000491634,""status"":0,""time_limit_seconds"":30.0}]",0.023435199982486665,0.014526500017382205,PASS,403002.100532263,6361.906250000014,465,192
307,2025-11-03T22:00:00Z,857,1673,4980,558,68,231,0,Optimization terminated successfully. (HiGHS Status 7: Optimal),1.5955956430850905e-05,377277.5592778728,377274.6106869601,7.81550316177545e-06,1,0.1617353999754414,False,"[{""message"":""Optimization terminated successfully. (HiGHS Status 7: Optimal)"",""presolve"":true,""solve_seconds"":0.16172939992975444,""status"":0,""time_limit_seconds"":30.0}]",0.030154100037179887,0.01229280000552535,PASS,371067.68856472784,6206.922122231771,460,192
308,2025-11-04T22:00:00Z,860,1679,5001,560,68,232,0,Optimization terminated successfully. (HiGHS Status 7: Optimal),1.1614826919854178e-05,368953.2345927479,368950.99593082303,6.067640281590366e-06,1,0.07856029993854463,False,"[{""message"":""Optimization terminated successfully. (HiGHS Status 7: Optimal)"",""presolve"":true,""solve_seconds"":0.07855429989285767,""status"":0,""time_limit_seconds"":30.0}]",0.02297389996238053,0.012193200062029064,PASS,362213.57926415635,6737.41666666667,463,192
309,2025-11-05T22:00:00Z,851,1661,4942,554,68,229,0,Optimization terminated successfully. (HiGHS Status 7: Optimal),6.27916275149729e-05,441597.58746082254,441581.38356886443,3.6695142868456195e-05,1,0.13575969997327775,False,"[{""message"":""Optimization terminated successfully. (HiGHS Status 7: Optimal)"",""presolve"":true,""solve_seconds"":0.13575419993139803,""status"":0,""time_limit_seconds"":30.0}]",0.02386099996510893,0.012109000002965331,PASS,434834.56586053123,6746.817708333356,461,192
310,2025-11-06T22:00:00Z,814,1593,4709,532,64,218,0,Optimization terminated successfully. (HiGHS Status 7: Optimal),2.901599566913844e-06,473347.5824911422,473346.93161894137,1.3750426111726652e-06,1,0.11895009991712868,False,"[{""message"":""Optimization terminated successfully. (HiGHS Status 7: Optimal)"",""presolve"":true,""solve_seconds"":0.11894449999090284,""status"":0,""time_limit_seconds"":30.0}]",0.024542200029827654,0.012501200078986585,PASS,473215.44212045823,131.4894984828514,447,192
311,2025-11-07T22:00:00Z,915,1783,5349,594,72,249,0,Optimization terminated successfully. (HiGHS Status 7: Optimal),2.0829912616945646e-06,396908.61842065107,396908.2544472733,9.170214367171833e-07,1,0.09612260002177209,False,"[{""message"":""Optimization terminated successfully. (HiGHS Status 7: Optimal)"",""presolve"":true,""solve_seconds"":0.09611629997380078,""status"":0,""time_limit_seconds"":30.0}]",0.09609530004672706,0.012748899986036122,PASS,391619.285697273,5288.968750000001,467,192
312,2025-11-08T22:00:00Z,895,1746,5221,582,70,243,0,Optimization terminated successfully. (HiGHS Status 7: Optimal),1.232622160442927e-06,421133.7100582732,421133.3971822788,7.429379776487231e-07,1,0.06582140002865344,False,"[{""message"":""Optimization terminated successfully. (HiGHS Status 7: Optimal)"",""presolve"":true,""solve_seconds"":0.06581599998753518,""status"":0,""time_limit_seconds"":30.0}]",0.023300500004552305,0.012374900048598647,PASS,414774.81384894525,6358.583333333335,492,192
313,2025-11-09T22:00:00Z,853,1671,4958,558,64,231,0,Optimization terminated successfully. (HiGHS Status 7: Optimal),4.739463299668512e-06,462369.80823085457,462368.7790000591,2.225995443890705e-06,1,0.08270310005173087,False,"[{""message"":""Optimization terminated successfully. (HiGHS Status 7: Optimal)"",""presolve"":true,""solve_seconds"":0.08269800001289696,""status"":0,""time_limit_seconds"":30.0}]",0.024946299963630736,0.01374039996881038,PASS,456422.3154583918,5946.46354166667,474,192
314,2025-11-10T22:00:00Z,905,1769,5288,590,68,247,0,Optimization terminated successfully. (HiGHS Status 7: Optimal),5.015950252719861e-05,399699.1927258658,399689.6211906714,2.3947419915222145e-05,1,0.0812503999331966,False,"[{""message"":""Optimization terminated successfully. (HiGHS Status 7: Optimal)"",""presolve"":true,""solve_seconds"":0.08124470000620931,""status"":0,""time_limit_seconds"":30.0}]",0.022724600043147802,0.012320599984377623,PASS,392876.43889900565,6813.182291666664,478,192
315,2025-11-11T22:00:00Z,906,1765,5291,588,72,246,0,Optimization terminated successfully. (HiGHS Status 7: Optimal),2.9171921726958443e-05,449207.53322251985,449199.7185825256,1.739680518699753e-05,1,0.1123830999713391,False,"[{""message"":""Optimization terminated successfully. (HiGHS Status 7: Optimal)"",""presolve"":true,""solve_seconds"":0.11237740004435182,""status"":0,""time_limit_seconds"":30.0}]",0.02371480001602322,0.012209199951030314,PASS,440423.7953540065,8775.923228519041,493,192
316,2025-11-12T22:00:00Z,842,1643,4886,548,68,226,0,Optimization terminated successfully. (HiGHS Status 7: Optimal),3.548102082375861e-08,480976.6211839851,480976.6132174051,1.656334168207031e-08,1,0.38246920006349683,False,"[{""message"":""Optimization terminated successfully. (HiGHS Status 7: Optimal)"",""presolve"":true,""solve_seconds"":0.38246320001780987,""status"":0,""time_limit_seconds"":30.0}]",0.021712099900469184,0.014936999999918044,PASS,471079.3023437128,9897.31087369143,472,192
317,2025-11-13T22:00:00Z,918,1789,5369,596,72,250,0,Optimization terminated successfully. (HiGHS Status 7: Optimal),0.0,387556.3900801829,387556.39008018293,0.0,1,0.01671689993236214,False,"[{""message"":""Optimization terminated successfully. (HiGHS Status 7: Optimal)"",""presolve"":true,""solve_seconds"":0.016711300006136298,""status"":0,""time_limit_seconds"":30.0}]",0.02348640002310276,0.012622399954125285,PASS,381588.9395562749,5967.4505239068585,476,192
318,2025-11-14T22:00:00Z,842,1643,4888,548,68,226,0,Optimization terminated successfully. (HiGHS Status 7: Optimal),1.671007555703421e-06,397806.5906227556,397806.20521888055,9.6882318569329e-07,1,0.21009299997240305,False,"[{""message"":""Optimization terminated successfully. (HiGHS Status 7: Optimal)"",""presolve"":true,""solve_seconds"":0.2100872000446543,""status"":0,""time_limit_seconds"":30.0}]",0.024855699972249568,0.016222900012508035,PASS,389845.93987665826,7960.265342222209,476,192
319,2025-11-15T22:00:00Z,916,1788,5357,596,70,250,0,Optimization terminated successfully. (HiGHS Status 7: Optimal),4.72958664869358e-05,439759.4419417636,439749.080937363,2.356117351868874e-05,1,0.03472630004398525,False,"[{""message"":""Optimization terminated successfully. (HiGHS Status 7: Optimal)"",""presolve"":true,""solve_seconds"":0.03471999999601394,""status"":0,""time_limit_seconds"":30.0}]",0.09147490002214909,0.015605600085109472,PASS,434387.9194790285,5361.16145833333,476,192
320,2025-11-16T22:00:00Z,793,1551,4574,518,64,211,0,Optimization terminated successfully. (HiGHS Status 7: Optimal),0.0,455563.95187210134,455563.9518721015,0.0,1,0.04664049996063113,False,"[{""message"":""Optimization terminated successfully. (HiGHS Status 7: Optimal)"",""presolve"":true,""solve_seconds"":0.0466333000222221,""status"":0,""time_limit_seconds"":30.0}]",0.023534699925221503,0.012218000018037856,PASS,449767.17119710066,5796.780674999994,461,192
321,2025-11-17T22:00:00Z,806,1571,4656,524,68,214,0,Optimization terminated successfully. (HiGHS Status 7: Optimal),1.5792312571773483e-07,468097.8419255117,468097.80525052815,7.83489756953641e-08,1,0.11233899998478591,False,"[{""message"":""Optimization terminated successfully. (HiGHS Status 7: Optimal)"",""presolve"":true,""solve_seconds"":0.1123328999383375,""status"":0,""time_limit_seconds"":30.0}]",0.023662099963985384,0.017947299988009036,PASS,461672.487542195,6425.317708333325,425,192
322,2025-11-18T22:00:00Z,871,1698,5071,566,70,235,0,Optimization terminated successfully. (HiGHS Status 7: Optimal),1.0283754352856141e-06,449838.4614182734,449838.22855585313,5.176581390409494e-07,1,0.06255419994704425,False,"[{""message"":""Optimization terminated successfully. (HiGHS Status 7: Optimal)"",""presolve"":true,""solve_seconds"":0.06254569999873638,""status"":0,""time_limit_seconds"":30.0}]",0.028116999892517924,0.013826599926687777,PASS,433817.3371533738,16020.89140248,449,192
323,2025-11-19T22:00:00Z,936,1825,5484,608,72,256,0,Optimization terminated successfully. (HiGHS Status 7: Optimal),1.6765427226798602e-05,446762.07513522485,446758.0710439902,8.962549294941804e-06,1,0.07736570003908128,False,"[{""message"":""Optimization terminated successfully. (HiGHS Status 7: Optimal)"",""presolve"":true,""solve_seconds"":0.07735649996902794,""status"":0,""time_limit_seconds"":30.0}]",0.02900069998577237,0.01612170005682856,PASS,438729.3177098726,8028.753334118108,491,192
324,2025-11-20T22:00:00Z,851,1661,4943,554,68,229,0,Optimization terminated successfully. (HiGHS Status 7: Optimal),5.588798756874766e-06,539164.6988703012,539162.9628137975,3.219910534401694e-06,1,0.43654100003186613,False,"[{""message"":""Optimization terminated successfully. (HiGHS Status 7: Optimal)"",""presolve"":true,""solve_seconds"":0.4365347999846563,""status"":0,""time_limit_seconds"":30.0}]",0.02473529998678714,0.01589899999089539,PASS,533839.0042280697,5323.95858572782,485,192
325,2025-11-21T22:00:00Z,793,1551,4572,518,64,211,0,Optimization terminated successfully. (HiGHS Status 7: Optimal),3.848300892328986e-06,642542.4429315967,642541.1377430819,2.0312917540849768e-06,1,0.3733041000086814,False,"[{""message"":""Optimization terminated successfully. (HiGHS Status 7: Optimal)"",""presolve"":true,""solve_seconds"":0.37329849996604025,""status"":0,""time_limit_seconds"":30.0}]",0.022664599935524166,0.015113100060261786,PASS,640064.509875682,2476.6278673988536,440,192
326,2025-11-22T22:00:00Z,854,1667,4962,556,68,230,0,Optimization terminated successfully. (HiGHS Status 7: Optimal),9.611461129306045e-05,516527.749871616,516510.2606832907,3.386029215017708e-05,11,0.33871229994110763,False,"[{""message"":""Optimization terminated successfully. (HiGHS Status 7: Optimal)"",""presolve"":true,""solve_seconds"":0.33870580000802875,""status"":0,""time_limit_seconds"":30.0}]",0.023882500012405217,0.0209229999454692,PASS,509909.1929749558,6601.06770833334,441,192
327,2025-11-23T22:00:00Z,874,1704,5089,568,70,236,0,Optimization terminated successfully. (HiGHS Status 7: Optimal),6.994794489711206e-05,414537.08407497226,414520.1749665295,4.0792003535518055e-05,1,0.3303358000703156,False,"[{""message"":""Optimization terminated successfully. (HiGHS Status 7: Optimal)"",""presolve"":true,""solve_seconds"":0.33033040002919734,""status"":0,""time_limit_seconds"":30.0}]",0.023789600003510714,0.013399000046774745,PASS,403784.04639152944,10736.128574999995,466,192
328,2025-11-24T22:00:00Z,790,1545,4555,516,64,210,0,Optimization terminated successfully. (HiGHS Status 7: Optimal),3.89530024862756e-06,479660.70092518715,479659.7213968678,2.0421316938408907e-06,1,0.17229199991561472,False,"[{""message"":""Optimization terminated successfully. (HiGHS Status 7: Optimal)"",""presolve"":true,""solve_seconds"":0.17228410008829087,""status"":0,""time_limit_seconds"":30.0}]",0.09370430000126362,0.012673799996264279,PASS,471821.023480202,7838.697916666658,446,192
329,2025-11-25T22:00:00Z,906,1765,5294,588,72,246,0,Optimization terminated successfully. (HiGHS Status 7: Optimal),0.0,419804.0084012391,419804.00840123906,1.386543714414319e-16,1,0.016417899983935058,False,"[{""message"":""Optimization terminated successfully. (HiGHS Status 7: Optimal)"",""presolve"":true,""solve_seconds"":0.016412299941293895,""status"":0,""time_limit_seconds"":30.0}]",0.025415200041607022,0.014594499953091145,PASS,407925.6312381741,11878.377163063325,456,192
330,2025-11-26T22:00:00Z,867,1696,5047,566,66,235,0,Optimization terminated successfully. (HiGHS Status 7: Optimal),0.0,383018.8065099232,383018.806509923,4.559122940504442e-16,1,0.025395200005732477,False,"[{""message"":""Optimization terminated successfully. (HiGHS Status 7: Optimal)"",""presolve"":true,""solve_seconds"":0.02538869995623827,""status"":0,""time_limit_seconds"":30.0}]",0.023755299975164235,0.012204200029373169,PASS,373470.22497626225,9548.58153366,481,192
331,2025-11-27T22:00:00Z,883,1722,5147,574,70,239,0,Optimization terminated successfully. (HiGHS Status 7: Optimal),2.4996266802627415e-05,433188.0416219706,433182.3806831395,1.3068257351965675e-05,1,0.1273669000947848,False,"[{""message"":""Optimization terminated successfully. (HiGHS Status 7: Optimal)"",""presolve"":true,""solve_seconds"":0.12736120005138218,""status"":0,""time_limit_seconds"":30.0}]",0.023416199954226613,0.014272399945184588,PASS,432575.9688371806,606.4118459587672,474,192
332,2025-11-28T22:00:00Z,845,1649,4904,550,68,227,0,Optimization terminated successfully. (HiGHS Status 7: Optimal),0.0,464682.21410622285,464682.2141062229,0.0,1,0.028036699979566038,False,"[{""message"":""Optimization terminated successfully. (HiGHS Status 7: Optimal)"",""presolve"":true,""solve_seconds"":0.0280305000487715,""status"":0,""time_limit_seconds"":30.0}]",0.02234580006916076,0.01219370006583631,PASS,456259.4261435439,8422.78796267857,466,192
333,2025-11-29T22:00:00Z,854,1667,4961,556,68,230,0,Optimization terminated successfully. (HiGHS Status 7: Optimal),6.438910585605571e-06,435152.8223340646,435151.5013384372,3.0357142818431426e-06,1,0.29364850011188537,False,"[{""message"":""Optimization terminated successfully. (HiGHS Status 7: Optimal)"",""presolve"":true,""solve_seconds"":0.29364320007152855,""status"":0,""time_limit_seconds"":30.0}]",0.026139200082980096,0.014951999997720122,PASS,420864.69719261746,14286.80414581943,457,192
334,2025-11-30T22:00:00Z,885,1723,5158,574,72,239,0,Optimization terminated successfully. (HiGHS Status 7: Optimal),2.9642036392381803e-06,498963.11793535476,498962.196515587,1.8466725018726226e-06,1,0.10843769996427,False,"[{""message"":""Optimization terminated successfully. (HiGHS Status 7: Optimal)"",""presolve"":true,""solve_seconds"":0.10843010002281517,""status"":0,""time_limit_seconds"":30.0}]",0.026090200059115887,0.014087000046856701,PASS,491677.73818225326,7284.458333333339,469,192
335,2025-12-01T22:00:00Z,909,1771,5309,590,72,247,0,Optimization terminated successfully. (HiGHS Status 7: Optimal),2.7986295797566514e-05,517722.0627523835,517715.98968446,1.1730500978429418e-05,1,0.4523443999933079,False,"[{""message"":""Optimization terminated successfully. (HiGHS Status 7: Optimal)"",""presolve"":true,""solve_seconds"":0.45233840006403625,""status"":0,""time_limit_seconds"":30.0}]",0.02641079993918538,0.013058500015176833,PASS,501751.0670637857,15964.922620674088,486,192
336,2025-12-02T22:00:00Z,891,1735,5197,578,72,241,0,Optimization terminated successfully. (HiGHS Status 7: Optimal),7.1442128798772804e-06,454698.4129815579,454696.58133600885,4.028280889335766e-06,1,0.2850423000054434,False,"[{""message"":""Optimization terminated successfully. (HiGHS Status 7: Optimal)"",""presolve"":true,""solve_seconds"":0.28503669996280223,""status"":0,""time_limit_seconds"":30.0}]",0.022959400084801018,0.014288899954408407,PASS,448309.06949236087,6387.511843647905,488,192
337,2025-12-03T22:00:00Z,792,1546,4564,516,66,210,0,Optimization terminated successfully. (HiGHS Status 7: Optimal),1.778880081410846e-06,435970.2534099811,435969.9183675605,7.684989410613542e-07,1,0.32779480004683137,False,"[{""message"":""Optimization terminated successfully. (HiGHS Status 7: Optimal)"",""presolve"":true,""solve_seconds"":0.32778870000038296,""status"":0,""time_limit_seconds"":30.0}]",0.023023799993097782,0.015229800017550588,PASS,419882.4134587266,16087.504908833334,451,192
338,2025-12-04T22:00:00Z,832,1620,4819,540,70,222,0,Optimization terminated successfully. (HiGHS Status 7: Optimal),7.505599373892265e-06,398686.3602384324,398684.64509537816,4.3020042917573636e-06,1,0.2020456000464037,False,"[{""message"":""Optimization terminated successfully. (HiGHS Status 7: Optimal)"",""presolve"":true,""solve_seconds"":0.2020390999969095,""status"":0,""time_limit_seconds"":30.0}]",0.023341399966739118,0.012378399958834052,PASS,393626.5513453784,5058.093749999996,432,192
339,2025-12-05T22:00:00Z,828,1618,4795,540,66,222,0,Optimization terminated successfully. (HiGHS Status 7: Optimal),0.0,406068.7694392096,406068.76943920966,0.0,1,0.21011149999685585,False,"[{""message"":""Optimization terminated successfully. (HiGHS Status 7: Optimal)"",""presolve"":true,""solve_seconds"":0.21010530006606132,""status"":0,""time_limit_seconds"":30.0}]",0.023964500054717064,0.014578100061044097,PASS,401381.32152254327,4687.447916666665,444,192
340,2025-12-06T22:00:00Z,872,1703,5076,568,68,236,0,Optimization terminated successfully. (HiGHS Status 7: Optimal),7.077326135872236e-06,360032.6582075899,360031.369104938,3.5805287052684435e-06,1,0.06425189995206892,False,"[{""message"":""Optimization terminated successfully. (HiGHS Status 7: Optimal)"",""presolve"":true,""solve_seconds"":0.06424600002355874,""status"":0,""time_limit_seconds"":30.0}]",0.02291289996355772,0.015182500006631017,PASS,354741.5130646177,5289.856040320455,458,192
341,2025-12-07T22:00:00Z,886,1728,5168,576,70,240,0,Optimization terminated successfully. (HiGHS Status 7: Optimal),0.0,357509.15742911666,357509.1574291166,1.6281446140301524e-16,1,0.017027299967594445,False,"[{""message"":""Optimization terminated successfully. (HiGHS Status 7: Optimal)"",""presolve"":true,""solve_seconds"":0.017021700041368604,""status"":0,""time_limit_seconds"":30.0}]",0.02453219995368272,0.016024200012907386,PASS,349781.77377378044,7727.383655336564,476,192
342,2025-12-08T22:00:00Z,924,1801,5406,600,72,252,0,Optimization terminated successfully. (HiGHS Status 7: Optimal),5.270299634903337e-07,413286.5628743691,413286.4361302554,3.0667378023494e-07,1,0.060753999976441264,False,"[{""message"":""Optimization terminated successfully. (HiGHS Status 7: Optimal)"",""presolve"":true,""solve_seconds"":0.06074740004260093,""status"":0,""time_limit_seconds"":30.0}]",0.02689390000887215,0.013383699930272996,PASS,407328.36321358784,5958.072916666664,492,192
343,2025-12-09T22:00:00Z,903,1759,5273,586,72,245,0,Optimization terminated successfully. (HiGHS Status 7: Optimal),5.5275719257710794e-06,406158.01075519924,406157.05002836476,2.3654072591311216e-06,1,0.025605399976484478,False,"[{""message"":""Optimization terminated successfully. (HiGHS Status 7: Optimal)"",""presolve"":true,""solve_seconds"":0.02559930004645139,""status"":0,""time_limit_seconds"":30.0}]",0.024074899964034557,0.012326200027018785,PASS,400274.52398669894,5882.526041666665,497,192
344,2025-12-10T22:00:00Z,888,1729,5177,576,72,240,0,Optimization terminated successfully. (HiGHS Status 7: Optimal),3.076925366681637e-06,362395.3647567398,362394.7596819964,1.6696564374219189e-06,1,0.019928100053220987,False,"[{""message"":""Optimization terminated successfully. (HiGHS Status 7: Optimal)"",""presolve"":true,""solve_seconds"":0.019922100007534027,""status"":0,""time_limit_seconds"":30.0}]",0.08661760005634278,0.01276559999678284,PASS,356439.45239033015,5955.307291666665,485,192
345,2025-12-11T22:00:00Z,930,1813,5446,604,72,254,0,Optimization terminated successfully. (HiGHS Status 7: Optimal),6.113018837482794e-07,359772.0448454047,359771.9402215156,2.9080613963525694e-07,1,0.0219853000016883,False,"[{""message"":""Optimization terminated successfully. (HiGHS Status 7: Optimal)"",""presolve"":true,""solve_seconds"":0.021980600082315505,""status"":0,""time_limit_seconds"":30.0}]",0.02513980004005134,0.013671400025486946,PASS,354470.74230484746,5301.197916666664,494,192
346,2025-12-12T22:00:00Z,828,1618,4796,540,66,222,0,Optimization terminated successfully. (HiGHS Status 7: Optimal),4.261824624857147e-06,372567.56888587086,372566.6798674178,2.386199574776569e-06,1,0.01817349996417761,False,"[{""message"":""Optimization terminated successfully. (HiGHS Status 7: Optimal)"",""presolve"":true,""solve_seconds"":0.018167800037190318,""status"":0,""time_limit_seconds"":30.0}]",0.02251439995598048,0.012160599930211902,PASS,367640.41945075,4926.260416666666,476,192
347,2025-12-13T22:00:00Z,831,1624,4816,542,66,223,0,Optimization terminated successfully. (HiGHS Status 7: Optimal),5.114916058613732e-07,539321.0805872845,539320.9078234865,3.2033580662360704e-07,1,0.06528800004161894,False,"[{""message"":""Optimization terminated successfully. (HiGHS Status 7: Optimal)"",""presolve"":true,""solve_seconds"":0.06528300000354648,""status"":0,""time_limit_seconds"":30.0}]",0.0211644999217242,0.012634500046260655,PASS,539241.6077283386,79.30009514740995,445,192
348,2025-12-14T22:00:00Z,826,1617,4784,540,64,222,0,Optimization terminated successfully. (HiGHS Status 7: Optimal),2.8992805790949675e-06,536034.2346017221,536033.6522960473,1.0863229804624313e-06,1,0.08939269999973476,False,"[{""message"":""Optimization terminated successfully. (HiGHS Status 7: Optimal)"",""presolve"":true,""solve_seconds"":0.08938690007198602,""status"":0,""time_limit_seconds"":30.0}]",0.025017599924467504,0.0120438999729231,PASS,529049.4022960472,6984.249999999999,445,192
349,2025-12-15T22:00:00Z,880,1716,5129,572,70,238,0,Optimization terminated successfully. (HiGHS Status 7: Optimal),1.2246115432042466e-05,368734.1257259669,368731.95385733864,5.890101482988047e-06,1,0.1404192999470979,False,"[{""message"":""Optimization terminated successfully. (HiGHS Status 7: Optimal)"",""presolve"":true,""solve_seconds"":0.1404146000277251,""status"":0,""time_limit_seconds"":30.0}]",0.02525079995393753,0.017310099909082055,PASS,362236.20906567184,6495.744791666672,460,192
350,2025-12-16T22:00:00Z,881,1721,5130,574,68,239,0,Optimization terminated successfully. (HiGHS Status 7: Optimal),0.0,377502.7201618201,377502.72016182006,1.5419136818011842e-16,1,0.07431759999599308,False,"[{""message"":""Optimization terminated successfully. (HiGHS Status 7: Optimal)"",""presolve"":true,""solve_seconds"":0.07431199995335191,""status"":0,""time_limit_seconds"":30.0}]",0.024626699974760413,0.012650900054723024,PASS,369573.1212034862,7929.598958333357,477,192
351,2025-12-17T22:00:00Z,771,1504,4430,502,66,203,0,Optimization terminated successfully. (HiGHS Status 7: Optimal),2.8567898647588522e-05,418096.31214307435,418090.0445269558,1.4991067595567121e-05,1,0.08083800005260855,False,"[{""message"":""Optimization terminated successfully. (HiGHS Status 7: Optimal)"",""presolve"":true,""solve_seconds"":0.08083230000920594,""status"":0,""time_limit_seconds"":30.0}]",0.09200219996273518,0.012719399994239211,PASS,400439.3497679451,17650.694759010883,442,192
352,2025-12-18T22:00:00Z,779,1517,4481,506,68,205,0,Optimization terminated successfully. (HiGHS Status 7: Optimal),2.2827971364884405e-05,452791.6204694896,452785.83861035464,1.27695229000741e-05,1,0.02988709998317063,False,"[{""message"":""Optimization terminated successfully. (HiGHS Status 7: Optimal)"",""presolve"":true,""solve_seconds"":0.02988110005389899,""status"":0,""time_limit_seconds"":30.0}]",0.022836499963887036,0.011720600072294474,PASS,445208.2911794022,7577.547430952386,408,192
353,2025-12-19T22:00:00Z,861,1675,5002,558,72,231,0,Optimization terminated successfully. (HiGHS Status 7: Optimal),2.1564361952914525e-06,523302.98438559216,523302.38145163364,1.1521712491533358e-06,1,0.020331499981693923,False,"[{""message"":""Optimization terminated successfully. (HiGHS Status 7: Optimal)"",""presolve"":true,""solve_seconds"":0.02032579993829131,""status"":0,""time_limit_seconds"":30.0}]",0.022491500014439225,0.013310100068338215,PASS,517995.8189516336,5306.562499999999,436,192
354,2025-12-20T22:00:00Z,790,1545,4553,516,64,210,0,Optimization terminated successfully. (HiGHS Status 7: Optimal),5.1763492589130244e-08,472771.63522435434,472771.62483649014,2.1972266631411557e-08,1,0.024918399984017015,False,"[{""message"":""Optimization terminated successfully. (HiGHS Status 7: Optimal)"",""presolve"":true,""solve_seconds"":0.024912900058552623,""status"":0,""time_limit_seconds"":30.0}]",0.02308780001476407,0.013634899980388582,PASS,466129.45816982334,6642.166666666662,441,192
355,2025-12-21T22:00:00Z,794,1556,4581,520,62,212,0,Optimization terminated successfully. (HiGHS Status 7: Optimal),0.0,368639.6338601784,368639.6338601784,0.0,1,0.04236959991976619,False,"[{""message"":""Optimization terminated successfully. (HiGHS Status 7: Optimal)"",""presolve"":true,""solve_seconds"":0.0423638999927789,""status"":0,""time_limit_seconds"":30.0}]",0.02179140003863722,0.01346019993070513,PASS,362688.1078185114,5951.526041666663,422,192
356,2025-12-22T22:00:00Z,778,1521,4476,508,64,206,0,Optimization terminated successfully. (HiGHS Status 7: Optimal),0.0,355473.3222734565,355473.3222734565,0.0,1,0.04693020007107407,False,"[{""message"":""Optimization terminated successfully. (HiGHS Status 7: Optimal)"",""presolve"":true,""solve_seconds"":0.04692420002538711,""status"":0,""time_limit_seconds"":30.0}]",0.023479599971324205,0.011987100006081164,PASS,342070.3206734569,13403.001599999992,418,192
357,2025-12-23T22:00:00Z,819,1600,4739,534,66,219,0,Optimization terminated successfully. (HiGHS Status 7: Optimal),0.0,383201.7117790387,383201.7117790388,0.0,1,0.06142129993531853,False,"[{""message"":""Optimization terminated successfully. (HiGHS Status 7: Optimal)"",""presolve"":true,""solve_seconds"":0.06141550000756979,""status"":0,""time_limit_seconds"":30.0}]",0.02127290004864335,0.012820100062526762,PASS,383201.7117790389,-3.0516287718995733e-12,425,192
358,2025-12-24T22:00:00Z,813,1588,4701,530,66,217,0,Optimization terminated successfully. (HiGHS Status 7: Optimal),0.0,369290.47048122145,369290.47048122145,0.0,1,0.01875110005494207,False,"[{""message"":""Optimization terminated successfully. (HiGHS Status 7: Optimal)"",""presolve"":true,""solve_seconds"":0.018742799991741776,""status"":0,""time_limit_seconds"":30.0}]",0.02446839993353933,0.01300399994943291,PASS,364381.6475645555,4908.822916666671,436,192
359,2025-12-25T22:00:00Z,820,1596,4743,532,70,218,0,Optimization terminated successfully. (HiGHS Status 7: Optimal),6.450433482625746e-07,346977.00169455307,346976.87623055244,3.6159182129294405e-07,1,0.06091429991647601,False,"[{""message"":""Optimization terminated successfully. (HiGHS Status 7: Optimal)"",""presolve"":true,""solve_seconds"":0.06090829998720437,""status"":0,""time_limit_seconds"":30.0}]",0.022943800082430243,0.012439400074072182,PASS,342058.0897722189,4918.786458333332,435,192
360,2025-12-26T22:00:00Z,834,1630,4836,544,66,224,0,Optimization terminated successfully. (HiGHS Status 7: Optimal),0.0,399738.43217338156,399738.4321733815,1.4561437237093221e-16,1,0.0278634000569582,False,"[{""message"":""Optimization terminated successfully. (HiGHS Status 7: Optimal)"",""presolve"":true,""solve_seconds"":0.02785730001050979,""status"":0,""time_limit_seconds"":30.0}]",0.0930425999686122,0.014115500031039119,PASS,395044.9790483818,4693.453124999997,442,192
361,2025-12-27T22:00:00Z,836,1631,4847,544,68,224,0,Optimization terminated successfully. (HiGHS Status 7: Optimal),6.461071420561046e-07,453375.90832714504,453375.74809365434,3.5342316250188495e-07,1,0.018993499921634793,False,"[{""message"":""Optimization terminated successfully. (HiGHS Status 7: Optimal)"",""presolve"":true,""solve_seconds"":0.018987899995408952,""status"":0,""time_limit_seconds"":30.0}]",0.022657399997115135,0.015506200026720762,PASS,448013.55538532155,5362.192708333333,448,192
362,2025-12-28T22:00:00Z,787,1539,4536,514,64,209,0,Optimization terminated successfully. (HiGHS Status 7: Optimal),2.564713203243817e-05,511296.61029472004,511289.67173644295,1.3570699078522744e-05,1,0.01820300007238984,False,"[{""message"":""Optimization terminated successfully. (HiGHS Status 7: Optimal)"",""presolve"":true,""solve_seconds"":0.01819700002670288,""status"":0,""time_limit_seconds"":30.0}]",0.021212699939496815,0.013262700056657195,PASS,510775.3297812238,514.3419552198077,433,192
363,2025-12-29T22:00:00Z,802,1569,4631,524,64,214,0,Optimization terminated successfully. (HiGHS Status 7: Optimal),5.933909192366819e-06,434583.2364928101,434582.2492052512,2.2718082955609786e-06,1,0.03331790002994239,False,"[{""message"":""Optimization terminated successfully. (HiGHS Status 7: Optimal)"",""presolve"":true,""solve_seconds"":0.03331219998653978,""status"":0,""time_limit_seconds"":30.0}]",0.02280640008393675,0.011962100048549473,PASS,429559.311705252,5022.937500000002,423,192
364,2025-12-30T22:00:00Z,838,1632,4858,544,70,224,0,Optimization terminated successfully. (HiGHS Status 7: Optimal),0.0,340618.7434998051,340618.74349980504,1.7088801489722108e-16,1,0.10246800002641976,False,"[{""message"":""Optimization terminated successfully. (HiGHS Status 7: Optimal)"",""presolve"":true,""solve_seconds"":0.10246229998301715,""status"":0,""time_limit_seconds"":30.0}]",0.02420779992826283,0.012633500038646162,PASS,336282.09006744303,4336.653432361904,438,192
365,2025-12-31T22:00:00Z,809,1577,4677,526,68,215,0,Optimization terminated successfully. (HiGHS Status 7: Optimal),3.001054861015068e-06,408280.6031801777,408279.9033340792,1.7141331051944256e-06,1,0.019421300035901368,False,"[{""message"":""Optimization terminated successfully. (HiGHS Status 7: Optimal)"",""presolve"":true,""solve_seconds"":0.019415599992498755,""status"":0,""time_limit_seconds"":30.0}]",0.023410200024954975,0.013335700030438602,PASS,404101.9241674126,4177.979166666665,439,192
366,2026-01-01T22:00:00Z,835,1626,4841,542,70,223,0,Optimization terminated successfully. (HiGHS Status 7: Optimal),5.729245134481315e-06,453077.5798639038,453076.28690275474,2.8537382918619344e-06,1,0.04394420003518462,False,"[{""message"":""Optimization terminated successfully. (HiGHS Status 7: Optimal)"",""presolve"":true,""solve_seconds"":0.043937899987213314,""status"":0,""time_limit_seconds"":30.0}]",0.02326259994879365,0.012398399994708598,PASS,448420.9706248176,4655.3162779372915,438,192
367,2026-01-02T22:00:00Z,880,1716,5127,572,70,238,0,Optimization terminated successfully. (HiGHS Status 7: Optimal),1.0011200745677317e-06,442943.4578111693,442943.23390866397,5.054880359748033e-07,1,0.023116600001230836,False,"[{""message"":""Optimization terminated successfully. (HiGHS Status 7: Optimal)"",""presolve"":true,""solve_seconds"":0.023110799957066774,""status"":0,""time_limit_seconds"":30.0}]",0.024410700076259673,0.012554000015370548,PASS,438180.0412003307,4763.192708333332,461,192
368,2026-01-03T22:00:00Z,785,1538,4524,514,62,209,0,Optimization terminated successfully. (HiGHS Status 7: Optimal),7.230296232092438e-05,453974.9959284571,453957.84467019304,3.778161004475393e-05,1,0.01728590007405728,False,"[{""message"":""Optimization terminated successfully. (HiGHS Status 7: Optimal)"",""presolve"":true,""solve_seconds"":0.017280600033700466,""status"":0,""time_limit_seconds"":30.0}]",0.022264600032940507,0.013369600055739284,PASS,450581.4442230067,3376.4004471862295,447,192
369,2026-01-04T22:00:00Z,802,1569,4629,524,64,214,0,Optimization terminated successfully. (HiGHS Status 7: Optimal),0.0,440215.06537261273,440215.0653726128,0.0,1,0.020903100026771426,False,"[{""message"":""Optimization terminated successfully. (HiGHS Status 7: Optimal)"",""presolve"":true,""solve_seconds"":0.020897199981845915,""status"":0,""time_limit_seconds"":30.0}]",0.0911645001033321,0.018541599973104894,PASS,433755.0184976135,6460.046875000007,423,192
370,2026-01-05T22:00:00Z,844,1644,4898,548,70,226,0,Optimization terminated successfully. (HiGHS Status 7: Optimal),0.0,404240.0559537362,404240.0559537362,0.0,1,0.017273299978114665,False,"[{""message"":""Optimization terminated successfully. (HiGHS Status 7: Optimal)"",""presolve"":true,""solve_seconds"":0.017267200048081577,""status"":0,""time_limit_seconds"":30.0}]",0.023126499960199,0.013877199962735176,PASS,394904.91476077586,9335.141192960966,440,192
371,2026-01-06T22:00:00Z,778,1530,4481,512,58,208,0,Optimization terminated successfully. (HiGHS Status 7: Optimal),4.240401426879946e-07,414887.2136774721,414887.11923512054,2.276338482638763e-07,1,0.06914629996754229,False,"[{""message"":""Optimization terminated successfully. (HiGHS Status 7: Optimal)"",""presolve"":true,""solve_seconds"":0.06914050003979355,""status"":0,""time_limit_seconds"":30.0}]",0.022000800003297627,0.012840399984270334,PASS,406451.50986012095,8435.609375000004,434,192
372,2026-01-07T22:00:00Z,913,1782,5338,594,70,249,0,Optimization terminated successfully. (HiGHS Status 7: Optimal),0.0,396011.3834116119,396011.3834116119,0.0,1,0.06349550001323223,False,"[{""message"":""Optimization terminated successfully. (HiGHS Status 7: Optimal)"",""presolve"":true,""solve_seconds"":0.06348969996906817,""status"":0,""time_limit_seconds"":30.0}]",0.023965899948962033,0.013232699944637716,PASS,389151.6229949443,6859.760416666664,457,192
373,2026-01-08T22:00:00Z,881,1721,5135,574,68,239,0,Optimization terminated successfully. (HiGHS Status 7: Optimal),0.0,367111.8272685774,367111.8272685773,3.1711133551076224e-16,1,0.013415400055237114,False,"[{""message"":""Optimization terminated successfully. (HiGHS Status 7: Optimal)"",""presolve"":true,""solve_seconds"":0.013411200023256242,""status"":0,""time_limit_seconds"":30.0}]",0.022867000079713762,0.012250700034201145,PASS,358784.275829227,8327.551439350284,488,192
374,2026-01-09T22:00:00Z,852,1666,4950,556,66,230,0,Optimization terminated successfully. (HiGHS Status 7: Optimal),2.6458453635682217e-05,365518.5287247055,365513.6584428261,1.3324486696697509e-05,1,0.017976999981328845,False,"[{""message"":""Optimization terminated successfully. (HiGHS Status 7: Optimal)"",""presolve"":true,""solve_seconds"":0.0179722000611946,""status"":0,""time_limit_seconds"":30.0}]",0.022738599916920066,0.013996199937537313,PASS,360490.0126094926,5023.64583333333,469,192
375,2026-01-10T22:00:00Z,860,1679,5001,560,68,232,0,Optimization terminated successfully. (HiGHS Status 7: Optimal),5.7502901203950406e-05,431550.95004711114,431536.27122520807,3.40152679666893e-05,1,0.1255299000767991,False,"[{""message"":""Optimization terminated successfully. (HiGHS Status 7: Optimal)"",""presolve"":true,""solve_seconds"":0.12552450003568083,""status"":0,""time_limit_seconds"":30.0}]",0.02265239995904267,0.011868900037370622,PASS,418214.9641814865,13321.307043721308,462,192
376,2026-01-11T22:00:00Z,866,1691,5038,564,68,234,0,Optimization terminated successfully. (HiGHS Status 7: Optimal),8.983024853372307e-06,482777.4712332166,482775.27043913596,4.55863051688564e-06,1,0.31868090003263205,False,"[{""message"":""Optimization terminated successfully. (HiGHS Status 7: Optimal)"",""presolve"":true,""solve_seconds"":0.3186754999915138,""status"":0,""time_limit_seconds"":30.0}]",0.026456300052814186,0.014662400004453957,PASS,450637.1470162317,32138.123422904,466,192
377,2026-01-12T22:00:00Z,863,1685,5019,562,68,233,0,Optimization terminated successfully. (HiGHS Status 7: Optimal),1.3433742692538733e-05,428455.94176399265,428452.99103089154,6.8869471397833895e-06,1,0.17887659999541938,False,"[{""message"":""Optimization terminated successfully. (HiGHS Status 7: Optimal)"",""presolve"":true,""solve_seconds"":0.17887089995201677,""status"":0,""time_limit_seconds"":30.0}]",0.024565700092352927,0.013507000054232776,PASS,418970.0483225583,9482.942708333067,467,192
378,2026-01-13T22:00:00Z,899,1757,5250,586,68,245,0,Optimization terminated successfully. (HiGHS Status 7: Optimal),7.382908110139612e-05,388757.7816311148,388744.3379322796,3.4582365640766364e-05,1,0.11472760001197457,False,"[{""message"":""Optimization terminated successfully. (HiGHS Status 7: Optimal)"",""presolve"":true,""solve_seconds"":0.11472229997161776,""status"":0,""time_limit_seconds"":30.0}]",0.089368199929595,0.012285199947655201,PASS,379119.8691822788,9624.468749999734,478,192
379,2026-01-14T22:00:00Z,892,1740,5204,580,70,242,0,Optimization terminated successfully. (HiGHS Status 7: Optimal),1.1328786662255379e-06,358800.587507886,358800.3728123747,5.983703684211403e-07,1,0.023463099962100387,False,"[{""message"":""Optimization terminated successfully. (HiGHS Status 7: Optimal)"",""presolve"":true,""solve_seconds"":0.023457799921743572,""status"":0,""time_limit_seconds"":30.0}]",0.026101800031028688,0.013017300050705671,PASS,351139.0290623738,7661.343750000002,487,192
380,2026-01-15T22:00:00Z,794,1556,4584,520,62,212,0,Optimization terminated successfully. (HiGHS Status 7: Optimal),0.0,434682.27274027903,434682.2727402791,0.0,1,0.018781599937938154,False,"[{""message"":""Optimization terminated successfully. (HiGHS Status 7: Optimal)"",""presolve"":true,""solve_seconds"":0.01877500000409782,""status"":0,""time_limit_seconds"":30.0}]",0.02277979999780655,0.012795999995432794,PASS,428721.5175319458,5960.755208333333,454,192
381,2026-01-16T22:00:00Z,891,1735,5198,578,72,241,0,Optimization terminated successfully. (HiGHS Status 7: Optimal),8.588318069602839e-07,489376.0492078953,489375.8412177451,4.2501107059688097e-07,1,0.31216939992737025,False,"[{""message"":""Optimization terminated successfully. (HiGHS Status 7: Optimal)"",""presolve"":true,""solve_seconds"":0.31216289999429137,""status"":0,""time_limit_seconds"":30.0}]",0.02305509999860078,0.013879999984055758,PASS,483498.4453844118,5877.395833333339,453,192
382,2026-01-17T22:00:00Z,847,1650,4917,550,70,227,0,Optimization terminated successfully. (HiGHS Status 7: Optimal),1.7805801226417542e-07,533377.1777081751,533377.1243559767,1.0002715904158927e-07,1,0.052299999981187284,False,"[{""message"":""Optimization terminated successfully. (HiGHS Status 7: Optimal)"",""presolve"":true,""solve_seconds"":0.05229479994159192,""status"":0,""time_limit_seconds"":30.0}]",0.025626500020734966,0.012362799956463277,PASS,525356.3899809772,8020.734375000016,468,192
383,2026-01-18T22:00:00Z,795,1552,4584,518,66,211,0,Optimization terminated successfully. (HiGHS Status 7: Optimal),2.3451541325139143e-05,584923.2263333022,584916.2729151403,1.1887886324820495e-05,1,0.2850534999743104,False,"[{""message"":""Optimization terminated successfully. (HiGHS Status 7: Optimal)"",""presolve"":true,""solve_seconds"":0.2850484000518918,""status"":0,""time_limit_seconds"":30.0}]",0.0248388999607414,0.01984879991505295,PASS,576067.8481613894,8848.424753750014,438,192
384,2026-01-19T22:00:00Z,821,1610,4753,538,62,221,0,Optimization terminated successfully. (HiGHS Status 7: Optimal),2.410536016675169e-05,510240.46337391145,510235.0210736638,1.0666261669410257e-05,1,0.09539810009300709,False,"[{""message"":""Optimization terminated successfully. (HiGHS Status 7: Optimal)"",""presolve"":true,""solve_seconds"":0.09539230004884303,""status"":0,""time_limit_seconds"":30.0}]",0.02172019996214658,0.012105999980121851,PASS,502262.4637819985,7972.55729166666,432,192
385,2026-01-20T22:00:00Z,863,1685,5019,562,68,233,0,Optimization terminated successfully. (HiGHS Status 7: Optimal),6.170547413543376e-05,464175.82468077634,464160.37234738364,3.329093630838238e-05,1,0.21946689998731017,False,"[{""message"":""Optimization terminated successfully. (HiGHS Status 7: Optimal)"",""presolve"":true,""solve_seconds"":0.21946009993553162,""status"":0,""time_limit_seconds"":30.0}]",0.022166899987496436,0.013046200037933886,PASS,454533.3619994375,9627.010347946383,454,192
386,2026-01-21T22:00:00Z,954,1861,5598,620,72,262,0,Optimization terminated successfully. (HiGHS Status 7: Optimal),3.421111450962306e-05,427447.56373408827,427441.0186216341,1.5312317182996998e-05,1,0.021346300025470555,False,"[{""message"":""Optimization terminated successfully. (HiGHS Status 7: Optimal)"",""presolve"":true,""solve_seconds"":0.021341599989682436,""status"":0,""time_limit_seconds"":30.0}]",0.0971879999851808,0.013352499925531447,PASS,416159.1644549689,11281.854166666662,495,192
387,2026-01-22T22:00:00Z,858,1669,4984,556,72,230,0,Optimization terminated successfully. (HiGHS Status 7: Optimal),1.2992118597046483e-08,466422.4105921341,466422.4068274166,8.071476488489752e-09,1,0.10095759993419051,False,"[{""message"":""Optimization terminated successfully. (HiGHS Status 7: Optimal)"",""presolve"":true,""solve_seconds"":0.10095210000872612,""status"":0,""time_limit_seconds"":30.0}]",0.027210699976421893,0.014513200032524765,PASS,459332.27141074964,7090.135416666662,492,192
388,2026-01-23T22:00:00Z,838,1641,4861,548,64,226,0,Optimization terminated successfully. (HiGHS Status 7: Optimal),0.0,484849.6241735952,484849.6241735952,0.0,1,0.048864000011235476,False,"[{""message"":""Optimization terminated successfully. (HiGHS Status 7: Optimal)"",""presolve"":true,""solve_seconds"":0.048856800072826445,""status"":0,""time_limit_seconds"":30.0}]",0.021843499969691038,0.0142780999885872,PASS,470273.5876902613,14576.036483333333,456,192
389,2026-01-24T22:00:00Z,838,1641,4863,548,64,226,0,Optimization terminated successfully. (HiGHS Status 7: Optimal),3.249522946004574e-07,434382.55701397476,434382.4767995643,1.8466309007031006e-07,1,0.01960140001028776,False,"[{""message"":""Optimization terminated successfully. (HiGHS Status 7: Optimal)"",""presolve"":true,""solve_seconds"":0.019595999969169497,""status"":0,""time_limit_seconds"":30.0}]",0.023649999988265336,0.013652199995703995,PASS,425969.199862731,8413.276936832768,452,192
390,2026-01-25T22:00:00Z,814,1593,4709,532,64,218,0,Optimization terminated successfully. (HiGHS Status 7: Optimal),1.3230056600529704e-05,420227.2566705285,420224.81111905735,5.819626558060507e-06,1,0.0593821998918429,False,"[{""message"":""Optimization terminated successfully. (HiGHS Status 7: Optimal)"",""presolve"":true,""solve_seconds"":0.05937720008660108,""status"":0,""time_limit_seconds"":30.0}]",0.025281499954871833,0.01381300005596131,PASS,411020.7121607239,9204.098958333338,444,192
391,2026-01-26T22:00:00Z,897,1747,5236,582,72,243,0,Optimization terminated successfully. (HiGHS Status 7: Optimal),4.8959741238730476e-08,357587.94184478297,357587.9327846323,2.5336846750124905e-08,1,0.06451339996419847,False,"[{""message"":""Optimization terminated successfully. (HiGHS Status 7: Optimal)"",""presolve"":true,""solve_seconds"":0.0645087999291718,""status"":0,""time_limit_seconds"":30.0}]",0.023318600025959313,0.015184399904683232,PASS,349894.2504929655,7693.682291666669,461,192
392,2026-01-27T22:00:00Z,848,1655,4923,552,68,228,0,Optimization terminated successfully. (HiGHS Status 7: Optimal),5.21680724757608e-06,428637.64154612937,428636.3163517107,3.0916522191642575e-06,1,0.10968450002837926,False,"[{""message"":""Optimization terminated successfully. (HiGHS Status 7: Optimal)"",""presolve"":true,""solve_seconds"":0.109679099987261,""status"":0,""time_limit_seconds"":30.0}]",0.024840799975208938,0.013047999935224652,PASS,420699.65579177137,7936.660559939429,471,192
393,2026-01-28T22:00:00Z,903,1759,5274,586,72,245,0,Optimization terminated successfully. (HiGHS Status 7: Optimal),2.296070514588583e-06,431476.7498698849,431476.3184223741,9.99933234847956e-07,1,0.022117999964393675,False,"[{""message"":""Optimization terminated successfully. (HiGHS Status 7: Optimal)"",""presolve"":true,""solve_seconds"":0.022107500000856817,""status"":0,""time_limit_seconds"":30.0}]",0.02458679990377277,0.01473890000488609,PASS,425025.0451471505,6451.273275225754,473,192
394,2026-01-29T22:00:00Z,909,1771,5312,590,72,247,0,Optimization terminated successfully. (HiGHS Status 7: Optimal),8.645105834607128e-05,461665.86225664604,461641.4438397208,5.289476768406919e-05,1,0.0294436999829486,False,"[{""message"":""Optimization terminated successfully. (HiGHS Status 7: Optimal)"",""presolve"":true,""solve_seconds"":0.029438400059007108,""status"":0,""time_limit_seconds"":30.0}]",0.025567199918441474,0.012991300085559487,PASS,461599.9305122618,41.5133274591609,492,192
395,2026-01-30T22:00:00Z,815,1589,4715,530,68,217,0,Optimization terminated successfully. (HiGHS Status 7: Optimal),1.568051759516735e-06,505402.37829200726,505402.0253790691,6.982816064090453e-07,1,0.14767139998730272,False,"[{""message"":""Optimization terminated successfully. (HiGHS Status 7: Optimal)"",""presolve"":true,""solve_seconds"":0.14766559994313866,""status"":0,""time_limit_seconds"":30.0}]",0.0934530000668019,0.017070400062948465,PASS,500003.33787906985,5398.6874999999945,464,192
396,2026-01-31T22:00:00Z,921,1795,5390,598,72,251,0,Optimization terminated successfully. (HiGHS Status 7: Optimal),1.2545532593019521e-05,415566.66954813164,415564.1817481267,5.986560233572088e-06,1,0.13112250005360693,False,"[{""message"":""Optimization terminated successfully. (HiGHS Status 7: Optimal)"",""presolve"":true,""solve_seconds"":0.13111670000944287,""status"":0,""time_limit_seconds"":30.0}]",0.025687300018034875,0.013816999970003963,PASS,407900.94737312716,7663.234375000001,468,192
397,2026-02-01T22:00:00Z,948,1849,5559,616,72,260,0,Optimization terminated successfully. (HiGHS Status 7: Optimal),1.3836237646762835e-05,377194.6497299994,377192.0307869056,6.9432619993231e-06,1,0.022330099949613214,False,"[{""message"":""Optimization terminated successfully. (HiGHS Status 7: Optimal)"",""presolve"":true,""solve_seconds"":0.022324600024148822,""status"":0,""time_limit_seconds"":30.0}]",0.026674200082197785,0.013031900045461953,PASS,369965.31298461475,7226.717802290555,511,192
398,2026-02-02T22:00:00Z,845,1649,4903,550,68,227,0,Optimization terminated successfully. (HiGHS Status 7: Optimal),1.8182810081321536e-06,387679.1086485232,387678.7301919344,9.762118975347333e-07,1,0.21578209998551756,False,"[{""message"":""Optimization terminated successfully. (HiGHS Status 7: Optimal)"",""presolve"":true,""solve_seconds"":0.21577459992840886,""status"":0,""time_limit_seconds"":30.0}]",0.024399599991738796,0.014061499969102442,PASS,368019.27621632663,19659.453975607335,487,192
399,2026-02-03T22:00:00Z,806,1571,4655,524,68,214,0,Optimization terminated successfully. (HiGHS Status 7: Optimal),4.605467800821266e-06,421692.6253325107,421691.5406038754,2.572327236425295e-06,1,0.049696599948219955,False,"[{""message"":""Optimization terminated successfully. (HiGHS Status 7: Optimal)"",""presolve"":true,""solve_seconds"":0.049690599902532995,""status"":0,""time_limit_seconds"":30.0}]",0.023429299937561154,0.0121802999638021,PASS,415596.8270622082,6094.713541666674,441,192
400,2026-02-04T22:00:00Z,880,1716,5127,572,70,238,0,Optimization terminated successfully. (HiGHS Status 7: Optimal),0.0,411419.74541046633,411419.7454104662,2.8295997731170947e-16,1,0.01896170002873987,False,"[{""message"":""Optimization terminated successfully. (HiGHS Status 7: Optimal)"",""presolve"":true,""solve_seconds"":0.018953699967823923,""status"":0,""time_limit_seconds"":30.0}]",0.023280799970962107,0.012725100037641823,PASS,399618.1302688945,11801.61514157105,452,192
401,2026-02-05T22:00:00Z,915,1783,5350,594,72,249,0,Optimization terminated successfully. (HiGHS Status 7: Optimal),0.0,360007.5255923333,360007.5255923332,3.233691341184953e-16,1,0.017891600029543042,False,"[{""message"":""Optimization terminated successfully. (HiGHS Status 7: Optimal)"",""presolve"":true,""solve_seconds"":0.01788609998766333,""status"":0,""time_limit_seconds"":30.0}]",0.024189100018702447,0.015344499959610403,PASS,350817.10865729226,9190.416935040002,487,192
402,2026-02-06T22:00:00Z,918,1789,5368,596,72,250,0,Optimization terminated successfully. (HiGHS Status 7: Optimal),7.409972330374783e-05,362903.8833894138,362890.23199871846,3.761851240848654e-05,1,0.16276729991659522,False,"[{""message"":""Optimization terminated successfully. (HiGHS Status 7: Optimal)"",""presolve"":true,""solve_seconds"":0.16276079998351634,""status"":0,""time_limit_seconds"":30.0}]",0.026812199968844652,0.014345899922773242,PASS,358253.2944987177,4636.937500000006,499,192
403,2026-02-07T22:00:00Z,814,1593,4706,532,64,218,0,Optimization terminated successfully. (HiGHS Status 7: Optimal),5.617371469765928e-06,378391.7265510431,378390.5977428326,2.9831825030035624e-06,1,0.11713949998375028,False,"[{""message"":""Optimization terminated successfully. (HiGHS Status 7: Optimal)"",""presolve"":true,""solve_seconds"":0.11713410005904734,""status"":0,""time_limit_seconds"":30.0}]",0.09452419995795935,0.013385599944740534,PASS,371331.95711783215,7058.640625000006,468,192
404,2026-02-08T22:00:00Z,855,1663,4966,554,72,229,0,Optimization terminated successfully. (HiGHS Status 7: Optimal),2.9692081859233737e-06,396783.08856092696,396782.47860911605,1.5372448225270102e-06,1,0.019575500045903027,False,"[{""message"":""Optimization terminated successfully. (HiGHS Status 7: Optimal)"",""presolve"":true,""solve_seconds"":0.019569900003261864,""status"":0,""time_limit_seconds"":30.0}]",0.022534499992616475,0.013983799959532917,PASS,390068.46819245035,6714.010416666666,447,192
405,2026-02-09T22:00:00Z,913,1782,5339,594,70,249,0,Optimization terminated successfully. (HiGHS Status 7: Optimal),1.2405582721688723e-05,396980.3089933463,396977.82173244446,6.265490830143107e-06,1,0.13586510007735342,False,"[{""message"":""Optimization terminated successfully. (HiGHS Status 7: Optimal)"",""presolve"":true,""solve_seconds"":0.1358594000339508,""status"":0,""time_limit_seconds"":30.0}]",0.025569000048562884,0.013400300056673586,PASS,391576.5873574441,5401.234374999997,478,192
406,2026-02-10T22:00:00Z,850,1656,4934,552,70,228,0,Optimization terminated successfully. (HiGHS Status 7: Optimal),1.0698336246137153e-06,442012.3420590859,442012.0756657905,6.026832978030818e-07,1,0.13193040003534406,False,"[{""message"":""Optimization terminated successfully. (HiGHS Status 7: Optimal)"",""presolve"":true,""solve_seconds"":0.13192239997442812,""status"":0,""time_limit_seconds"":30.0}]",0.02608209999743849,0.013234500074759126,PASS,435782.0833458898,6229.992319899985,477,192
407,2026-02-11T22:00:00Z,889,1734,5186,578,70,241,0,Optimization terminated successfully. (HiGHS Status 7: Optimal),4.436823615678456e-06,411643.38530807826,411642.6263852257,1.8436449578609956e-06,1,0.07791170000564307,False,"[{""message"":""Optimization terminated successfully. (HiGHS Status 7: Optimal)"",""presolve"":true,""solve_seconds"":0.07790679996833205,""status"":0,""time_limit_seconds"":30.0}]",0.025479299947619438,0.014150499948300421,PASS,405661.040867772,5981.585517455219,469,192
408,2026-02-12T22:00:00Z,849,1660,4932,554,66,229,0,Optimization terminated successfully. (HiGHS Status 7: Optimal),6.292297577810334e-05,335871.5840506522,335860.72351836215,3.2336416644072464e-05,1,0.12953170004766434,False,"[{""message"":""Optimization terminated successfully. (HiGHS Status 7: Optimal)"",""presolve"":true,""solve_seconds"":0.1295248999958858,""status"":0,""time_limit_seconds"":30.0}]",0.02678160008508712,0.011946600046940148,PASS,331953.7339350283,3906.989583333336,470,192
409,2026-02-13T22:00:00Z,733,1440,4194,482,58,193,0,Optimization terminated successfully. (HiGHS Status 7: Optimal),2.2903570367685055e-06,336325.6283222141,336325.2421325026,1.1482626432209627e-06,1,0.05631020001601428,False,"[{""message"":""Optimization terminated successfully. (HiGHS Status 7: Optimal)"",""presolve"":true,""solve_seconds"":0.05630379996728152,""status"":0,""time_limit_seconds"":30.0}]",0.024274300085380673,0.012538100010715425,PASS,335303.1530289559,1022.0891035461223,422,192
410,2026-02-14T22:00:00Z,812,1583,4694,528,68,216,0,Optimization terminated successfully. (HiGHS Status 7: Optimal),1.277751236015915e-06,388612.3462150795,388612.06182001333,7.318225399803831e-07,1,0.12223760003689677,False,"[{""message"":""Optimization terminated successfully. (HiGHS Status 7: Optimal)"",""presolve"":true,""solve_seconds"":0.12223169999197125,""status"":0,""time_limit_seconds"":30.0}]",0.022787299938499928,0.016017199959605932,PASS,381594.5722366796,7017.489583333347,409,192
411,2026-02-15T22:00:00Z,836,1631,4849,544,68,224,0,Optimization terminated successfully. (HiGHS Status 7: Optimal),1.4722407554853328e-16,410979.81201419054,410979.8120141906,0.0,1,0.06735569995362312,False,"[{""message"":""Optimization terminated successfully. (HiGHS Status 7: Optimal)"",""presolve"":true,""solve_seconds"":0.06734960002359003,""status"":0,""time_limit_seconds"":30.0}]",0.09229139995295554,0.012138099991716444,PASS,401758.1268333507,9221.685180839158,440,192
412,2026-02-16T22:00:00Z,859,1674,4993,558,70,231,0,Optimization terminated successfully. (HiGHS Status 7: Optimal),2.2188297925848666e-05,417892.0477658969,417886.92149968055,1.2267113308879352e-05,1,0.0555396000854671,False,"[{""message"":""Optimization terminated successfully. (HiGHS Status 7: Optimal)"",""presolve"":true,""solve_seconds"":0.05553410004358739,""status"":0,""time_limit_seconds"":30.0}]",0.022066499921493232,0.012241499964147806,PASS,414409.12983301404,3477.791666666669,455,192
413,2026-02-17T22:00:00Z,858,1678,4989,560,66,232,0,Optimization terminated successfully. (HiGHS Status 7: Optimal),2.286728440701151e-05,414305.3309516482,414301.0293183995,1.0382868842408358e-05,1,0.08546560001559556,False,"[{""message"":""Optimization terminated successfully. (HiGHS Status 7: Optimal)"",""presolve"":true,""solve_seconds"":0.08545929996762425,""status"":0,""time_limit_seconds"":30.0}]",0.025455000111833215,0.012275499990209937,PASS,410311.47720673226,3989.5521116666696,463,192
414,2026-02-18T22:00:00Z,802,1569,4631,524,64,214,0,Optimization terminated successfully. (HiGHS Status 7: Optimal),2.652482308218069e-07,357600.0206236517,357599.97416573676,1.2991587886705362e-07,1,0.10448380000889301,False,"[{""message"":""Optimization terminated successfully. (HiGHS Status 7: Optimal)"",""presolve"":true,""solve_seconds"":0.1044784999685362,""status"":0,""time_limit_seconds"":30.0}]",0.025531699997372925,0.013292399933561683,PASS,352473.05229073745,5126.921875000009,446,192
415,2026-02-19T22:00:00Z,853,1662,4953,554,70,229,0,Optimization terminated successfully. (HiGHS Status 7: Optimal),0.0,353787.7338548814,353787.7338548814,0.0,1,0.020434699952602386,False,"[{""message"":""Optimization terminated successfully. (HiGHS Status 7: Optimal)"",""presolve"":true,""solve_seconds"":0.0204286000225693,""status"":0,""time_limit_seconds"":30.0}]",0.026472499943338335,0.01357129996176809,PASS,349788.5359382157,3999.1979166666742,443,192
416,2026-02-20T22:00:00Z,836,1631,4847,544,68,224,0,Optimization terminated successfully. (HiGHS Status 7: Optimal),1.8141518825529773e-06,357321.37253194506,357321.0512386323,8.991726394273385e-07,1,0.060078399954363704,False,"[{""message"":""Optimization terminated successfully. (HiGHS Status 7: Optimal)"",""presolve"":true,""solve_seconds"":0.06007350003346801,""status"":0,""time_limit_seconds"":30.0}]",0.023691499955020845,0.013246400048956275,PASS,354642.75957196654,2678.2916666666665,453,192
417,2026-02-21T22:00:00Z,871,1698,5069,566,70,235,0,Optimization terminated successfully. (HiGHS Status 7: Optimal),9.825504291586588e-06,392462.70818159264,392460.55347028316,5.490262117857204e-06,1,0.24460740003269166,False,"[{""message"":""Optimization terminated successfully. (HiGHS Status 7: Optimal)"",""presolve"":true,""solve_seconds"":0.2446017999900505,""status"":0,""time_limit_seconds"":30.0}]",0.021881300024688244,0.013013600022532046,PASS,388275.7774286173,4184.776041666671,459,192
418,2026-02-22T22:00:00Z,900,1753,5256,584,72,244,0,Optimization terminated successfully. (HiGHS Status 7: Optimal),0.0,383081.684932844,383081.684932844,0.0,1,0.016841599950566888,False,"[{""message"":""Optimization terminated successfully. (HiGHS Status 7: Optimal)"",""presolve"":true,""solve_seconds"":0.01683529990259558,""status"":0,""time_limit_seconds"":30.0}]",0.026391100022010505,0.011987500009126961,PASS,377975.09118284454,5106.593750000004,479,192
419,2026-02-23T22:00:00Z,889,1734,5185,578,70,241,0,Optimization terminated successfully. (HiGHS Status 7: Optimal),2.1418103689502633e-05,345205.3795937246,345201.4790466033,1.129933490457507e-05,1,0.23481920000631362,False,"[{""message"":""Optimization terminated successfully. (HiGHS Status 7: Optimal)"",""presolve"":true,""solve_seconds"":0.2348128000739962,""status"":0,""time_limit_seconds"":30.0}]",0.023474300047382712,0.012390799936838448,PASS,342232.05565313535,2969.4233934670547,485,192
420,2026-02-24T22:00:00Z,861,1684,5009,562,66,233,0,Optimization terminated successfully. (HiGHS Status 7: Optimal),0.0,357228.35089253384,357228.3508925338,1.6294244498801892e-16,1,0.0136824999935925,False,"[{""message"":""Optimization terminated successfully. (HiGHS Status 7: Optimal)"",""presolve"":true,""solve_seconds"":0.013677000068128109,""status"":0,""time_limit_seconds"":30.0}]",0.09450759994797409,0.012460800004191697,PASS,351217.6668893228,6010.684003210676,474,192
421,2026-02-25T22:00:00Z,813,1588,4703,530,66,217,0,Optimization terminated successfully. (HiGHS Status 7: Optimal),3.3496184080328535e-05,430022.202204818,430013.55972936016,2.0098146354504213e-05,1,0.05067979998420924,False,"[{""message"":""Optimization terminated successfully. (HiGHS Status 7: Optimal)"",""presolve"":true,""solve_seconds"":0.050674500060267746,""status"":0,""time_limit_seconds"":30.0}]",0.022334499983116984,0.01181870000436902,PASS,426615.67841608496,3397.881313275716,450,192
422,2026-02-26T22:00:00Z,877,1710,5109,570,70,237,0,Optimization terminated successfully. (HiGHS Status 7: Optimal),0.0,486744.8865813138,486744.8865813138,0.0,1,0.02242689998820424,False,"[{""message"":""Optimization terminated successfully. (HiGHS Status 7: Optimal)"",""presolve"":true,""solve_seconds"":0.022421899950131774,""status"":0,""time_limit_seconds"":30.0}]",0.022939100046642125,0.013178099994547665,PASS,482552.61116077664,4192.275420535714,454,192
423,2026-02-27T22:00:00Z,819,1600,4738,534,66,219,0,Optimization terminated successfully. (HiGHS Status 7: Optimal),8.274763438323277e-06,437925.80131907697,437924.0648161804,3.965305942517225e-06,1,0.024719999986700714,False,"[{""message"":""Optimization terminated successfully. (HiGHS Status 7: Optimal)"",""presolve"":true,""solve_seconds"":0.024714799947105348,""status"":0,""time_limit_seconds"":30.0}]",0.02140480000525713,0.012919200002215803,PASS,435283.5543995129,2640.5104166666656,456,192
424,2026-02-28T22:00:00Z,840,1642,4873,548,66,226,0,Optimization terminated successfully. (HiGHS Status 7: Optimal),2.423939925149283e-05,424291.16971235827,424285.8732435632,1.248325510947164e-05,1,0.11226339999120682,False,"[{""message"":""Optimization terminated successfully. (HiGHS Status 7: Optimal)"",""presolve"":true,""solve_seconds"":0.1122588999569416,""status"":0,""time_limit_seconds"":30.0}]",0.02276940003503114,0.014159400016069412,PASS,419124.6909518961,5161.182291666671,445,192
425,2026-03-01T22:00:00Z,857,1673,4982,558,68,231,0,Optimization terminated successfully. (HiGHS Status 7: Optimal),7.337190282634972e-06,439153.79180244077,439152.1203092309,3.8061827157329505e-06,1,0.18763020006008446,False,"[{""message"":""Optimization terminated successfully. (HiGHS Status 7: Optimal)"",""presolve"":true,""solve_seconds"":0.18762510002125055,""status"":0,""time_limit_seconds"":30.0}]",0.025480400072410703,0.01201880001462996,PASS,433418.56668201415,5733.553627216213,457,192
426,2026-03-02T22:00:00Z,847,1659,4918,554,64,229,0,Optimization terminated successfully. (HiGHS Status 7: Optimal),5.013276950808368e-05,420690.2455265281,420680.178108303,2.393128735083341e-05,1,0.04820249998010695,False,"[{""message"":""Optimization terminated successfully. (HiGHS Status 7: Optimal)"",""presolve"":true,""solve_seconds"":0.04819759994279593,""status"":0,""time_limit_seconds"":30.0}]",0.021599399973638356,0.012775900075212121,PASS,414388.07394163514,6292.104166666663,460,192
427,2026-03-03T22:00:00Z,793,1551,4573,518,64,211,0,Optimization terminated successfully. (HiGHS Status 7: Optimal),8.888816873702309e-05,431047.97838387894,431026.754735337,4.923974743746046e-05,1,0.17161810002289712,False,"[{""message"":""Optimization terminated successfully. (HiGHS Status 7: Optimal)"",""presolve"":true,""solve_seconds"":0.1716123999794945,""status"":0,""time_limit_seconds"":30.0}]",0.10281079995911568,0.013668600004166365,PASS,425013.1870270035,6013.56770833333,440,192
428,2026-03-04T22:00:00Z,766,1506,4405,504,58,204,0,Optimization terminated successfully. (HiGHS Status 7: Optimal),7.469723121425855e-05,410439.84930923954,410426.4344165034,3.268525516685008e-05,1,0.141078699962236,False,"[{""message"":""Optimization terminated successfully. (HiGHS Status 7: Optimal)"",""presolve"":true,""solve_seconds"":0.14107289991807193,""status"":0,""time_limit_seconds"":30.0}]",0.02385530003812164,0.012018000008538365,PASS,406014.97087483795,4411.463541666656,415,192
429,2026-03-05T22:00:00Z,870,1693,5062,564,72,234,0,Optimization terminated successfully. (HiGHS Status 7: Optimal),9.168104478809235e-05,379029.69168101373,379010.8507877935,4.9710696094987454e-05,1,0.18849800003226846,False,"[{""message"":""Optimization terminated successfully. (HiGHS Status 7: Optimal)"",""presolve"":true,""solve_seconds"":0.1884927999926731,""status"":0,""time_limit_seconds"":30.0}]",0.02294119994621724,0.011990200029686093,PASS,374331.574746127,4679.276041666666,438,192
430,2026-03-06T22:00:00Z,851,1661,4943,554,68,229,0,Optimization terminated successfully. (HiGHS Status 7: Optimal),1.1832377856945222e-05,440172.427798709,440169.5750613577,6.48099621815757e-06,1,0.18832169997040182,False,"[{""message"":""Optimization terminated successfully. (HiGHS Status 7: Optimal)"",""presolve"":true,""solve_seconds"":0.18831620004493743,""status"":0,""time_limit_seconds"":30.0}]",0.024325400008819997,0.01252529991324991,PASS,428232.7450696908,11936.829991666667,463,192
431,2026-03-07T22:00:00Z,813,1588,4701,530,66,217,0,Optimization terminated successfully. (HiGHS Status 7: Optimal),3.595186732354791e-05,535833.4412500425,535822.3447594601,2.0709271815516822e-05,1,0.11413050000555813,False,"[{""message"":""Optimization terminated successfully. (HiGHS Status 7: Optimal)"",""presolve"":true,""solve_seconds"":0.11412490007933229,""status"":0,""time_limit_seconds"":30.0}]",0.02219139994122088,0.01208969997242093,PASS,529874.5270511268,5947.817708333324,446,192
432,2026-03-08T22:00:00Z,859,1674,4993,558,70,231,0,Optimization terminated successfully. (HiGHS Status 7: Optimal),3.09568823736184e-05,534119.9128950373,534112.6834796469,1.3535374863800915e-05,1,0.08714899991173297,False,"[{""message"":""Optimization terminated successfully. (HiGHS Status 7: Optimal)"",""presolve"":true,""solve_seconds"":0.08714360010344535,""status"":0,""time_limit_seconds"":30.0}]",0.03422379994299263,0.01343840011395514,PASS,533635.2748405976,477.40863904761295,448,192
433,2026-03-09T22:00:00Z,865,1686,5031,562,70,233,0,Optimization terminated successfully. (HiGHS Status 7: Optimal),5.728411397158179e-05,422227.4041194384,422216.46014976536,2.592028190736451e-05,1,0.19860500004142523,False,"[{""message"":""Optimization terminated successfully. (HiGHS Status 7: Optimal)"",""presolve"":true,""solve_seconds"":0.19859909999649972,""status"":0,""time_limit_seconds"":30.0}]",0.023119699908420444,0.012730799964629114,PASS,417544.10077476554,4672.359374999999,464,192
434,2026-03-10T22:00:00Z,848,1655,4925,552,68,228,0,Optimization terminated successfully. (HiGHS Status 7: Optimal),9.629702324171826e-06,382567.31786766625,382565.40963498387,4.987990639836591e-06,1,0.18201390001922846,False,"[{""message"":""Optimization terminated successfully. (HiGHS Status 7: Optimal)"",""presolve"":true,""solve_seconds"":0.18200740008614957,""status"":0,""time_limit_seconds"":30.0}]",0.021883499925024807,0.012111700023524463,PASS,382565.4096349843,1.183956710448797e-11,461,192
435,2026-03-11T22:00:00Z,860,1679,5001,560,68,232,0,Optimization terminated successfully. (HiGHS Status 7: Optimal),4.837512347864495e-05,393972.55192323227,393962.9843212005,2.42855354754529e-05,1,0.192619499983266,False,"[{""message"":""Optimization terminated successfully. (HiGHS Status 7: Optimal)"",""presolve"":true,""solve_seconds"":0.19261439994443208,""status"":0,""time_limit_seconds"":30.0}]",0.023384600062854588,0.013965100049972534,PASS,389225.35249193036,4737.6318292702435,460,192
436,2026-03-12T22:00:00Z,808,1581,4671,528,64,216,0,Optimization terminated successfully. (HiGHS Status 7: Optimal),8.757361835556632e-06,394748.38925009314,394746.6084363909,4.511283097072361e-06,1,0.2571327000623569,False,"[{""message"":""Optimization terminated successfully. (HiGHS Status 7: Optimal)"",""presolve"":true,""solve_seconds"":0.25712780002504587,""status"":0,""time_limit_seconds"":30.0}]",0.09552680002525449,0.015231800032779574,PASS,390513.2438530572,4233.364583333335,448,192
437,2026-03-13T22:00:00Z,810,1582,4683,528,66,216,0,Optimization terminated successfully. (HiGHS Status 7: Optimal),2.3307125780155848e-05,384671.3651614955,384667.0038465203,1.1337897276292105e-05,1,0.27501099999062717,False,"[{""message"":""Optimization terminated successfully. (HiGHS Status 7: Optimal)"",""presolve"":true,""solve_seconds"":0.27500500006135553,""status"":0,""time_limit_seconds"":30.0}]",0.021855299943126738,0.01266759994905442,PASS,380347.2121798532,4319.791666666666,432,192
438,2026-03-14T22:00:00Z,796,1557,4593,520,64,212,0,Optimization terminated successfully. (HiGHS Status 7: Optimal),7.791452948950943e-05,362944.02857525623,362929.85776363313,3.90455933012024e-05,1,0.21933979995083064,False,"[{""message"":""Optimization terminated successfully. (HiGHS Status 7: Optimal)"",""presolve"":true,""solve_seconds"":0.2193352000322193,""status"":0,""time_limit_seconds"":30.0}]",0.02233370009344071,0.014019499998539686,PASS,357701.60661453777,5228.251149095241,428,192
439,2026-03-15T22:00:00Z,811,1587,4690,530,64,217,0,Optimization terminated successfully. (HiGHS Status 7: Optimal),4.329202206545661e-06,372308.34220792574,372307.48600652104,2.29971579107772e-06,1,0.06279649992939085,False,"[{""message"":""Optimization terminated successfully. (HiGHS Status 7: Optimal)"",""presolve"":true,""solve_seconds"":0.06279060000088066,""status"":0,""time_limit_seconds"":30.0}]",0.020909800077788532,0.013676199945621192,PASS,368387.4627168709,3920.023289649316,429,192
440,2026-03-16T22:00:00Z,806,1571,4654,524,68,214,0,Optimization terminated successfully. (HiGHS Status 7: Optimal),6.810396119904969e-06,441789.9414058648,441788.23910430004,3.85320706634049e-06,1,0.1908450999762863,False,"[{""message"":""Optimization terminated successfully. (HiGHS Status 7: Optimal)"",""presolve"":true,""solve_seconds"":0.19083869992755353,""status"":0,""time_limit_seconds"":30.0}]",0.022693500039167702,0.013055599993094802,PASS,437098.1401459671,4690.098958333333,431,192
441,2026-03-17T22:00:00Z,712,1398,4059,468,58,186,0,Optimization terminated successfully. (HiGHS Status 7: Optimal),1.2321042533735e-06,471054.89253594127,471054.6121074776,5.953204924514132e-07,1,0.09898270003031939,False,"[{""message"":""Optimization terminated successfully. (HiGHS Status 7: Optimal)"",""presolve"":true,""solve_seconds"":0.09897709998767823,""status"":0,""time_limit_seconds"":30.0}]",0.020551000023260713,0.011524600093252957,PASS,465892.2266908106,5162.385416666643,400,192
442,2026-03-18T22:00:00Z,784,1533,4517,512,64,208,0,Optimization terminated successfully. (HiGHS Status 7: Optimal),1.4803701353138523e-05,478685.2836125222,478681.4602554592,7.987267902450085e-06,1,0.07109280000440776,False,"[{""message"":""Optimization terminated successfully. (HiGHS Status 7: Optimal)"",""presolve"":true,""solve_seconds"":0.07108670007437468,""status"":0,""time_limit_seconds"":30.0}]",0.0198876999784261,0.011798800085671246,PASS,476875.3735355764,1806.0867198829578,394,192
443,2026-03-19T22:00:00Z,846,1654,4914,552,66,228,0,Optimization terminated successfully. (HiGHS Status 7: Optimal),2.2998639614108218e-05,423254.6071895835,423250.7234536087,9.175970080085701e-06,1,0.1624802000587806,False,"[{""message"":""Optimization terminated successfully. (HiGHS Status 7: Optimal)"",""presolve"":true,""solve_seconds"":0.1624753000214696,""status"":0,""time_limit_seconds"":30.0}]",0.021735799964517355,0.016376800020225346,PASS,417795.60366194247,5455.11979166668,436,192
444,2026-03-20T22:00:00Z,906,1765,5289,588,72,246,0,Optimization terminated successfully. (HiGHS Status 7: Optimal),3.0438823302632926e-05,358749.5244015284,358743.523482387,1.6727602726168326e-05,1,0.12434330000542104,False,"[{""message"":""Optimization terminated successfully. (HiGHS Status 7: Optimal)"",""presolve"":true,""solve_seconds"":0.12433799996506423,""status"":0,""time_limit_seconds"":30.0}]",0.022453500074334443,0.01309879997279495,PASS,354319.45011245034,4424.073369936615,474,192
445,2026-03-21T22:00:00Z,881,1721,5134,574,68,239,0,Optimization terminated successfully. (HiGHS Status 7: Optimal),3.0098380058734652e-05,402862.71495898586,402856.3225968861,1.5867597804037984e-05,1,0.05939579999540001,False,"[{""message"":""Optimization terminated successfully. (HiGHS Status 7: Optimal)"",""presolve"":true,""solve_seconds"":0.05939040007069707,""status"":0,""time_limit_seconds"":30.0}]",0.09539390006102622,0.012624600087292492,PASS,395050.99968021933,7805.322916666672,485,192
446,2026-03-22T22:00:00Z,792,1555,4570,520,60,212,0,Optimization terminated successfully. (HiGHS Status 7: Optimal),1.9947164822030133e-05,399104.07427253237,399100.1441858373,9.84736977001754e-06,1,0.15453469997737557,False,"[{""message"":""Optimization terminated successfully. (HiGHS Status 7: Optimal)"",""presolve"":true,""solve_seconds"":0.15452939993701875,""status"":0,""time_limit_seconds"":30.0}]",0.021471899934113026,0.01197549991775304,PASS,393309.6858525029,5790.458333333332,451,192
447,2026-03-23T22:00:00Z,859,1674,4994,558,70,231,0,Optimization terminated successfully. (HiGHS Status 7: Optimal),4.635659992827158e-05,426542.31351131154,426531.3150856656,2.578574012489426e-05,1,0.12067660002503544,False,"[{""message"":""Optimization terminated successfully. (HiGHS Status 7: Optimal)"",""presolve"":true,""solve_seconds"":0.12067129998467863,""status"":0,""time_limit_seconds"":30.0}]",0.021756800008006394,0.01422919996548444,PASS,421662.40461758885,4868.910468077539,443,192
448,2026-03-24T22:00:00Z,838,1641,4862,548,64,226,0,Optimization terminated successfully. (HiGHS Status 7: Optimal),1.1832757725150597e-05,443276.0581316036,443273.542671936,5.674734504653038e-06,1,0.13482559996191412,False,"[{""message"":""Optimization terminated successfully. (HiGHS Status 7: Optimal)"",""presolve"":true,""solve_seconds"":0.13482010003644973,""status"":0,""time_limit_seconds"":30.0}]",0.0217558000003919,0.012838099966757,PASS,438902.15725526796,4371.385416666668,457,192
449,2026-03-25T22:00:00Z,818,1604,4734,536,62,220,0,Optimization terminated successfully. (HiGHS Status 7: Optimal),0.0,390019.7888855674,390019.78888556745,0.0,1,0.013035599957220256,False,"[{""message"":""Optimization terminated successfully. (HiGHS Status 7: Optimal)"",""presolve"":true,""solve_seconds"":0.013030100031755865,""status"":0,""time_limit_seconds"":30.0}]",0.02192630001809448,0.012966300011612475,PASS,382644.85140855506,7374.937477011523,446,192
450,2026-03-26T22:00:00Z,849,1660,4930,554,66,229,0,Optimization terminated successfully. (HiGHS Status 7: Optimal),2.8771488080321e-05,355934.36614045105,355929.1452839093,1.4668246787161149e-05,1,0.14348700002301484,False,"[{""message"":""Optimization terminated successfully. (HiGHS Status 7: Optimal)"",""presolve"":true,""solve_seconds"":0.14348179998341948,""status"":0,""time_limit_seconds"":30.0}]",0.022018699906766415,0.013401100062765181,PASS,351763.848408909,4165.2968750000055,449,192
451,2026-03-27T22:00:00Z,840,1638,4893,546,67,227,0,Optimization terminated successfully. (HiGHS Status 7: Optimal),3.0457159947287585e-06,352530.40033501934,352529.8618930398,1.5273655873229423e-06,1,0.08179369999561459,False,"[{""message"":""Optimization terminated successfully. (HiGHS Status 7: Optimal)"",""presolve"":true,""solve_seconds"":0.08178849995601922,""status"":0,""time_limit_seconds"":30.0}]",0.021296000108122826,0.015492400038056076,PASS,341831.12793576194,10698.733957277518,456,188
452,2026-03-28T22:00:00Z,820,1605,4746,536,64,220,0,Optimization terminated successfully. (HiGHS Status 7: Optimal),5.982712648561636e-06,362819.8660622698,362818.67714482616,3.2768915122506883e-06,1,0.14816869993228465,False,"[{""message"":""Optimization terminated successfully. (HiGHS Status 7: Optimal)"",""presolve"":true,""solve_seconds"":0.14816360000986606,""status"":0,""time_limit_seconds"":30.0}]",0.021901700063608587,0.012314100051298738,PASS,356241.19276982563,6577.48437500001,447,188
453,2026-03-29T21:00:00Z,895,1746,5222,582,70,243,0,Optimization terminated successfully. (HiGHS Status 7: Optimal),1.4624420615106871e-06,363042.40767695545,363042.1541001637,6.984775428004006e-07,1,0.14839079999364913,False,"[{""message"":""Optimization terminated successfully. (HiGHS Status 7: Optimal)"",""presolve"":true,""solve_seconds"":0.1483854999532923,""status"":0,""time_limit_seconds"":30.0}]",0.023417399963364005,0.013199300039559603,PASS,357160.81097516284,5881.3431250000285,463,192
454,2026-03-30T21:00:00Z,811,1587,4690,530,64,217,0,Optimization terminated successfully. (HiGHS Status 7: Optimal),1.6867283607044963e-05,351141.6819099253,351138.5385406782,8.951934641389388e-06,1,0.04362969996873289,False,"[{""message"":""Optimization terminated successfully. (HiGHS Status 7: Optimal)"",""presolve"":true,""solve_seconds"":0.043623700039461255,""status"":0,""time_limit_seconds"":30.0}]",0.09438959998078644,0.012008699937723577,PASS,349210.9302685839,1927.6082720943211,460,192
455,2026-03-31T21:00:00Z,823,1611,4764,538,64,221,0,Optimization terminated successfully. (HiGHS Status 7: Optimal),2.499368385284426e-07,365567.9673098556,365567.9213619978,1.2568897640196536e-07,1,0.10584930004552007,False,"[{""message"":""Optimization terminated successfully. (HiGHS Status 7: Optimal)"",""presolve"":true,""solve_seconds"":0.1058441000059247,""status"":0,""time_limit_seconds"":30.0}]",0.023211500025354326,0.012635600054636598,PASS,359893.48225899634,5674.439103001181,438,192
456,2026-04-01T21:00:00Z,884,1727,5154,576,68,240,0,Optimization terminated successfully. (HiGHS Status 7: Optimal),6.9187987195333485e-06,351926.2301717192,351925.01100901724,3.4642684203741063e-06,1,0.26306449994444847,False,"[{""message"":""Optimization terminated successfully. (HiGHS Status 7: Optimal)"",""presolve"":true,""solve_seconds"":0.26305910001974553,""status"":0,""time_limit_seconds"":30.0}]",0.02201079996302724,0.011808800045400858,PASS,346553.540644434,5371.470364583291,461,192
457,2026-04-02T21:00:00Z,814,1593,4708,532,64,218,0,Optimization terminated successfully. (HiGHS Status 7: Optimal),2.875780804225001e-05,315562.89414722053,315558.678858936,1.335817572746937e-05,1,0.3577616000548005,False,"[{""message"":""Optimization terminated successfully. (HiGHS Status 7: Optimal)"",""presolve"":true,""solve_seconds"":0.35775600001215935,""status"":0,""time_limit_seconds"":30.0}]",0.021437800023704767,0.012824899982661009,PASS,314023.87225510326,1534.8066038321956,458,192
458,2026-04-03T21:00:00Z,783,1537,4512,514,60,209,0,Optimization terminated successfully. (HiGHS Status 7: Optimal),8.972223612270512e-05,336547.81392327044,336530.54853430495,5.1304076377869424e-05,1,2.1758361000102013,False,"[{""message"":""Optimization terminated successfully. (HiGHS Status 7: Optimal)"",""presolve"":true,""solve_seconds"":2.1758302999660373,""status"":0,""time_limit_seconds"":30.0}]",0.023242300027050078,0.01298030000180006,PASS,335281.2299405551,1249.3185937499898,427,192
459,2026-04-04T21:00:00Z,676,1335,3832,448,52,176,0,Optimization terminated successfully. (HiGHS Status 7: Optimal),7.899963299424177e-05,448624.1718593833,448603.7704028229,4.54776751922888e-05,1,0.3250670999987051,False,"[{""message"":""Optimization terminated successfully. (HiGHS Status 7: Optimal)"",""presolve"":true,""solve_seconds"":0.3250613999553025,""status"":0,""time_limit_seconds"":30.0}]",0.019039700040593743,0.013084999984130263,PASS,446127.3530069894,2476.417395833332,385,192
460,2026-04-05T21:00:00Z,750,1471,4301,492,60,198,0,Optimization terminated successfully. (HiGHS Status 7: Optimal),9.085639718339945e-06,455082.0166089493,455080.1934451286,4.006247353595922e-06,1,0.35919680004008114,False,"[{""message"":""Optimization terminated successfully. (HiGHS Status 7: Optimal)"",""presolve"":true,""solve_seconds"":0.3591918000020087,""status"":0,""time_limit_seconds"":30.0}]",0.023132999893277884,0.011437000008299947,PASS,451440.8204727248,3639.372972403429,374,192
461,2026-04-06T21:00:00Z,788,1544,4543,516,62,210,0,Optimization terminated successfully. (HiGHS Status 7: Optimal),3.0378145643889533e-05,490723.7763241441,490714.80764656235,1.8276761658705188e-05,1,0.3359299999428913,False,"[{""message"":""Optimization terminated successfully. (HiGHS Status 7: Optimal)"",""presolve"":true,""solve_seconds"":0.3359246999025345,""status"":0,""time_limit_seconds"":30.0}]",0.02147749997675419,0.013192899990826845,PASS,490714.80764656205,4.984752817923285e-12,408,192
462,2026-04-07T21:00:00Z,886,1728,5164,576,70,240,0,Optimization terminated successfully. (HiGHS Status 7: Optimal),3.9043797448412004e-05,491986.85553110874,491979.1090688956,1.5745510470611727e-05,1,0.3576050999108702,False,"[{""message"":""Optimization terminated successfully. (HiGHS Status 7: Optimal)"",""presolve"":true,""solve_seconds"":0.3575993000995368,""status"":0,""time_limit_seconds"":30.0}]",0.027035299921408296,0.012334799976088107,PASS,487818.7247224619,4160.384346434038,450,192
463,2026-04-08T21:00:00Z,895,1746,5224,582,70,243,0,Optimization terminated successfully. (HiGHS Status 7: Optimal),2.1606467003963413e-05,365645.5265975469,365641.7797865863,1.024721781731367e-05,1,0.6169982999563217,False,"[{""message"":""Optimization terminated successfully. (HiGHS Status 7: Optimal)"",""presolve"":true,""solve_seconds"":0.6169928999152035,""status"":0,""time_limit_seconds"":30.0}]",0.09348030004184693,0.013017800054512918,PASS,360690.7094075727,4951.070379013718,483,192
464,2026-04-09T21:00:00Z,869,1697,5056,566,68,235,0,Optimization terminated successfully. (HiGHS Status 7: Optimal),4.229603037071652e-05,336698.0178105682,336690.82226650143,2.1371369787695645e-05,1,0.6252467000158504,False,"[{""message"":""Optimization terminated successfully. (HiGHS Status 7: Optimal)"",""presolve"":true,""solve_seconds"":0.625241499976255,""status"":0,""time_limit_seconds"":30.0}]",0.023949099937453866,0.013412900036200881,PASS,333066.7751612108,3624.0471052907137,478,192
465,2026-04-10T21:00:00Z,910,1776,5319,592,70,248,0,Optimization terminated successfully. (HiGHS Status 7: Optimal),6.481090005150563e-05,388337.2991905743,388322.8220739216,3.728113783111694e-05,1,0.43444260000251234,False,"[{""message"":""Optimization terminated successfully. (HiGHS Status 7: Optimal)"",""presolve"":true,""solve_seconds"":0.4344368999591097,""status"":0,""time_limit_seconds"":30.0}]",0.023304899921640754,0.013716300018131733,PASS,384936.863011422,3385.959062500015,483,192
466,2026-04-11T21:00:00Z,817,1599,4729,534,64,219,0,Optimization terminated successfully. (HiGHS Status 7: Optimal),1.8645834264410967e-05,375830.64304823795,375827.7071130468,7.81191789642783e-06,1,0.7852671999717131,False,"[{""message"":""Optimization terminated successfully. (HiGHS Status 7: Optimal)"",""presolve"":true,""solve_seconds"":0.7852616000454873,""status"":0,""time_limit_seconds"":30.0}]",0.021721500088460743,0.012813100009225309,PASS,371910.31681346823,3917.3902995782605,467,192
467,2026-04-12T21:00:00Z,880,1716,5126,572,70,238,0,Optimization terminated successfully. (HiGHS Status 7: Optimal),7.502292130754612e-05,390082.9403233435,390065.0340783732,4.590579366485394e-05,1,0.5722869000164792,False,"[{""message"":""Optimization terminated successfully. (HiGHS Status 7: Optimal)"",""presolve"":true,""solve_seconds"":0.5722809999715537,""status"":0,""time_limit_seconds"":30.0}]",0.023528399993665516,0.013897199998609722,PASS,384342.2668908734,5722.767187499998,457,192
468,2026-04-13T21:00:00Z,815,1589,4714,530,68,217,0,Optimization terminated successfully. (HiGHS Status 7: Optimal),5.000755739265957e-05,465336.68847551383,465324.94165139773,2.524434661595481e-05,1,0.3330316999927163,False,"[{""message"":""Optimization terminated successfully. (HiGHS Status 7: Optimal)"",""presolve"":true,""solve_seconds"":0.33302609995007515,""status"":0,""time_limit_seconds"":30.0}]",0.025972099974751472,0.01413739996496588,PASS,459322.9472682321,6001.99438316543,455,192
469,2026-04-14T21:00:00Z,836,1631,4843,544,68,224,0,Optimization terminated successfully. (HiGHS Status 7: Optimal),1.8338183127320093e-06,530132.2701373367,530131.7134043397,1.0501786308421918e-06,1,0.27201000007335097,False,"[{""message"":""Optimization terminated successfully. (HiGHS Status 7: Optimal)"",""presolve"":true,""solve_seconds"":0.27200450003147125,""status"":0,""time_limit_seconds"":30.0}]",0.023824999923817813,0.012634799932129681,PASS,530131.71340434,-3.955514138453964e-13,441,192
470,2026-04-15T21:00:00Z,889,1734,5183,578,70,241,0,Optimization terminated successfully. (HiGHS Status 7: Optimal),3.319367068689071e-05,473128.3602023868,473122.6653973396,1.2036635451402716e-05,1,0.27980720007326454,False,"[{""message"":""Optimization terminated successfully. (HiGHS Status 7: Optimal)"",""presolve"":true,""solve_seconds"":0.2797998000169173,""status"":0,""time_limit_seconds"":30.0}]",0.02543739997781813,0.015277200029231608,PASS,468473.08628985746,4649.579107482131,465,192
471,2026-04-16T21:00:00Z,824,1616,4773,540,62,222,0,Optimization terminated successfully. (HiGHS Status 7: Optimal),7.421603868809283e-05,386738.6559489523,386722.22334407404,4.249201076724091e-05,1,0.3647743999026716,False,"[{""message"":""Optimization terminated successfully. (HiGHS Status 7: Optimal)"",""presolve"":true,""solve_seconds"":0.3647695000981912,""status"":0,""time_limit_seconds"":30.0}]",0.10280889994464815,0.014232699992135167,PASS,383245.52356626024,3476.699777813731,463,192
472,2026-04-17T21:00:00Z,877,1710,5109,570,70,237,0,Optimization terminated successfully. (HiGHS Status 7: Optimal),9.537711400895335e-05,376742.40848067496,376727.13407363667,4.0545014300204134e-05,1,1.0403318000026047,False,"[{""message"":""Optimization terminated successfully. (HiGHS Status 7: Optimal)"",""presolve"":true,""solve_seconds"":1.040326900081709,""status"":0,""time_limit_seconds"":30.0}]",0.024378799949772656,0.013554699951782823,PASS,376727.13407363667,-4.414532946602398e-12,459,192
473,2026-04-18T21:00:00Z,761,1490,4374,498,62,201,0,Optimization terminated successfully. (HiGHS Status 7: Optimal),7.788107378917255e-05,396047.45965008263,396028.9628273414,4.6705732351439225e-05,1,0.15797329996712506,False,"[{""message"":""Optimization terminated successfully. (HiGHS Status 7: Optimal)"",""presolve"":true,""solve_seconds"":0.15796800004318357,""status"":0,""time_limit_seconds"":30.0}]",0.023329999996349216,0.013313600094988942,PASS,394860.2299362696,1168.732891071426,438,192
474,2026-04-19T21:00:00Z,807,1585,4664,530,60,217,0,Optimization terminated successfully. (HiGHS Status 7: Optimal),2.3046733421103227e-05,411946.8886499507,411942.7946729768,9.938217215706505e-06,1,0.3082374999066815,False,"[{""message"":""Optimization terminated successfully. (HiGHS Status 7: Optimal)"",""presolve"":true,""solve_seconds"":0.30823230009991676,""status"":0,""time_limit_seconds"":30.0}]",0.02146860002540052,0.012212199973873794,PASS,407065.5552798065,4877.239393170303,418,192
475,2026-04-20T21:00:00Z,795,1561,4589,522,60,213,0,Optimization terminated successfully. (HiGHS Status 7: Optimal),5.393351869203598e-05,338114.33759736107,338105.3039324873,2.67184950033993e-05,1,0.5267179999500513,False,"[{""message"":""Optimization terminated successfully. (HiGHS Status 7: Optimal)"",""presolve"":true,""solve_seconds"":0.5267122999066487,""status"":0,""time_limit_seconds"":30.0}]",0.02172169997356832,0.014923100010491908,PASS,333228.590954475,4876.712978012317,430,192
476,2026-04-21T21:00:00Z,725,1427,4145,478,56,191,0,Optimization terminated successfully. (HiGHS Status 7: Optimal),3.314699147640037e-05,440181.9614683206,440172.69903158187,2.104273336143192e-05,1,0.5027531000087038,False,"[{""message"":""Optimization terminated successfully. (HiGHS Status 7: Optimal)"",""presolve"":true,""solve_seconds"":0.5027474999660626,""status"":0,""time_limit_seconds"":30.0}]",0.020953399944119155,0.012824999983422458,PASS,436496.98880210845,3675.7102294736515,404,192
477,2026-04-22T21:00:00Z,826,1617,4784,540,64,222,0,Optimization terminated successfully. (HiGHS Status 7: Optimal),1.8534040987658572e-05,528099.1426939318,528094.4356259336,8.913307319103687e-06,1,0.4196214999537915,False,"[{""message"":""Optimization terminated successfully. (HiGHS Status 7: Optimal)"",""presolve"":true,""solve_seconds"":0.4196165999164805,""status"":0,""time_limit_seconds"":30.0}]",0.021796299959532917,0.01328399998601526,PASS,524422.6122926003,3671.8233333333474,413,192
478,2026-04-23T21:00:00Z,881,1721,5135,574,68,239,0,Optimization terminated successfully. (HiGHS Status 7: Optimal),9.888665400897797e-05,430341.60058547684,430323.66420117737,4.16811479163592e-05,53,1.7288088999921456,False,"[{""message"":""Optimization terminated successfully. (HiGHS Status 7: Optimal)"",""presolve"":true,""solve_seconds"":1.7288030999479815,""status"":0,""time_limit_seconds"":30.0}]",0.024074999964796007,0.01425760006532073,PASS,427920.9525345101,2402.7116666666707,461,192
479,2026-04-24T21:00:00Z,796,1557,4592,520,64,212,0,Optimization terminated successfully. (HiGHS Status 7: Optimal),9.847560833434387e-05,485611.5807439919,485581.302986169,6.235363189786488e-05,1,0.6916364000644535,False,"[{""message"":""Optimization terminated successfully. (HiGHS Status 7: Optimal)"",""presolve"":true,""solve_seconds"":0.6916299000149593,""status"":0,""time_limit_seconds"":30.0}]",0.023242500028572977,0.013702700030989945,PASS,485581.3029861689,-1.3646951065500917e-11,451,192
480,2026-04-25T21:00:00Z,811,1587,4688,530,64,217,0,Optimization terminated successfully. (HiGHS Status 7: Optimal),7.34420964560881e-05,590548.8733438127,590527.9970316419,3.5351943135121454e-05,1,0.4431016000453383,False,"[{""message"":""Optimization terminated successfully. (HiGHS Status 7: Optimal)"",""presolve"":true,""solve_seconds"":0.4430953999981284,""status"":0,""time_limit_seconds"":30.0}]",0.09520989994052798,0.020587199949659407,PASS,590527.9970316425,1.0091934665723558e-11,429,192
481,2026-04-26T21:00:00Z,879,1711,5121,570,72,237,0,Optimization terminated successfully. (HiGHS Status 7: Optimal),5.054848542957349e-05,494222.4203537822,494211.72444482194,2.1642361828346707e-05,1,0.618817700073123,False,"[{""message"":""Optimization terminated successfully. (HiGHS Status 7: Optimal)"",""presolve"":true,""solve_seconds"":0.6188112000236288,""status"":0,""time_limit_seconds"":30.0}]",0.02740509994328022,0.013044700026512146,PASS,491580.0154065362,2631.7090382861948,454,192
482,2026-04-27T21:00:00Z,805,1575,4652,526,64,215,0,Optimization terminated successfully. (HiGHS Status 7: Optimal),1.7469851036442308e-05,415011.215376946,415007.5844882446,8.748969505928148e-06,1,0.2593032999429852,False,"[{""message"":""Optimization terminated successfully. (HiGHS Status 7: Optimal)"",""presolve"":true,""solve_seconds"":0.2592976000159979,""status"":0,""time_limit_seconds"":30.0}]",0.02089819998946041,0.01414029998704791,PASS,409489.9334465786,5517.651041666661,452,192
483,2026-04-28T21:00:00Z,808,1581,4671,528,64,216,0,Optimization terminated successfully. (HiGHS Status 7: Optimal),6.40373923743924e-05,457257.2735645517,457240.8300119742,3.596256392301675e-05,1,0.01644010003656149,False,"[{""message"":""Optimization terminated successfully. (HiGHS Status 7: Optimal)"",""presolve"":true,""solve_seconds"":0.01643389998935163,""status"":0,""time_limit_seconds"":30.0}]",0.021001600078307092,0.012535999994724989,PASS,457207.5552558521,33.27475612136459,431,192
484,2026-04-29T21:00:00Z,822,1606,4755,536,66,220,0,Optimization terminated successfully. (HiGHS Status 7: Optimal),2.8114621381691163e-05,526948.1039238811,526940.4622617487,1.4501946006469973e-05,1,0.4828725999686867,False,"[{""message"":""Optimization terminated successfully. (HiGHS Status 7: Optimal)"",""presolve"":true,""solve_seconds"":0.48286780004855245,""status"":0,""time_limit_seconds"":30.0}]",0.02207279996946454,0.012580599985085428,PASS,526940.462261748,-6.807163351515063e-12,436,192
485,2026-04-30T21:00:00Z,933,1819,5465,606,72,255,0,Optimization terminated successfully. (HiGHS Status 7: Optimal),1.9810266132697655e-05,434153.6138877846,434150.36865593697,7.474902895222133e-06,1,0.40584799996577203,False,"[{""message"":""Optimization terminated successfully. (HiGHS Status 7: Optimal)"",""presolve"":true,""solve_seconds"":0.4058412000304088,""status"":0,""time_limit_seconds"":30.0}]",0.02345840004272759,0.014978199964389205,PASS,434150.3686559371,-1.8224833938281413e-11,475,192
486,2026-05-01T21:00:00Z,824,1607,4769,536,68,220,0,Optimization terminated successfully. (HiGHS Status 7: Optimal),3.201313027491086e-05,383181.83231602714,383174.76627711323,1.844077307741667e-05,1,0.46865880000405014,False,"[{""message"":""Optimization terminated successfully. (HiGHS Status 7: Optimal)"",""presolve"":true,""solve_seconds"":0.46865370008163154,""status"":0,""time_limit_seconds"":30.0}]",0.024497400037944317,0.012776700081303716,PASS,380191.6079437802,2983.158333333338,475,192
487,2026-05-02T21:00:00Z,825,1612,4778,538,66,221,0,Optimization terminated successfully. (HiGHS Status 7: Optimal),6.484696479811226e-05,412335.27285021887,412322.5465072488,3.086501836463161e-05,1,0.43480060005094856,False,"[{""message"":""Optimization terminated successfully. (HiGHS Status 7: Optimal)"",""presolve"":true,""solve_seconds"":0.43479490000754595,""status"":0,""time_limit_seconds"":30.0}]",0.0226002000272274,0.014048699988052249,PASS,412322.54650724825,3.581356396627674e-13,441,192
488,2026-05-03T21:00:00Z,793,1551,4574,518,64,211,0,Optimization terminated successfully. (HiGHS Status 7: Optimal),2.208225945713235e-05,461354.83246645215,461348.93196223665,1.2789677848407859e-05,1,0.21449569996912032,False,"[{""message"":""Optimization terminated successfully. (HiGHS Status 7: Optimal)"",""presolve"":true,""solve_seconds"":0.2144889000337571,""status"":0,""time_limit_seconds"":30.0}]",0.02209690003655851,0.013328000088222325,PASS,461211.92066398106,137.0112982552748,432,192
489,2026-05-04T21:00:00Z,915,1783,5348,594,72,249,0,Optimization terminated successfully. (HiGHS Status 7: Optimal),8.233319474419528e-06,428860.92071334465,428859.56962971645,3.1504103531129194e-06,1,0.17125070001929998,False,"[{""message"":""Optimization terminated successfully. (HiGHS Status 7: Optimal)"",""presolve"":true,""solve_seconds"":0.17124549997970462,""status"":0,""time_limit_seconds"":30.0}]",0.10114389995578676,0.012641399982385337,PASS,422294.51233804855,6565.0572916666615,460,192
490,2026-05-05T21:00:00Z,909,1771,5311,590,72,247,0,Optimization terminated successfully. (HiGHS Status 7: Optimal),2.008754359162339e-05,341792.19727821974,341788.44581495004,1.0975980363389869e-05,1,0.02118979999795556,False,"[{""message"":""Optimization terminated successfully. (HiGHS Status 7: Optimal)"",""presolve"":true,""solve_seconds"":0.02118420007172972,""status"":0,""time_limit_seconds"":30.0}]",0.02387020003516227,0.0126976000610739,PASS,334757.3103982827,7031.135416666666,496,192
491,2026-05-06T21:00:00Z,880,1716,5126,572,70,238,0,Optimization terminated successfully. (HiGHS Status 7: Optimal),2.6091203796342685e-16,400255.99685734714,400255.9968573471,1.4542608073455764e-16,1,0.10541389998979867,False,"[{""message"":""Optimization terminated successfully. (HiGHS Status 7: Optimal)"",""presolve"":true,""solve_seconds"":0.10540490003768355,""status"":0,""time_limit_seconds"":30.0}]",0.025430599926039577,0.02307439991272986,PASS,400255.9968573466,-4.5044274976646646e-12,485,192
492,2026-05-07T21:00:00Z,883,1722,5147,574,70,239,0,Optimization terminated successfully. (HiGHS Status 7: Optimal),8.58427444790441e-05,424451.0359725499,424433.54774659954,4.120368440050043e-05,1,0.22321470000315458,False,"[{""message"":""Optimization terminated successfully. (HiGHS Status 7: Optimal)"",""presolve"":true,""solve_seconds"":0.22320919996127486,""status"":0,""time_limit_seconds"":30.0}]",0.03563970001414418,0.012560700066387653,PASS,418349.78578015056,6083.761966450018,477,192
493,2026-05-08T21:00:00Z,918,1789,5367,596,72,250,0,Optimization terminated successfully. (HiGHS Status 7: Optimal),7.676808228601209e-05,367166.02484659024,367152.8537913407,3.5873492779674576e-05,1,0.42606190009973943,False,"[{""message"":""Optimization terminated successfully. (HiGHS Status 7: Optimal)"",""presolve"":true,""solve_seconds"":0.42605670006014407,""status"":0,""time_limit_seconds"":30.0}]",0.022651599952951074,0.012290399987250566,PASS,362037.6923330075,5115.161458333337,489,192
494,2026-05-09T21:00:00Z,837,1636,4855,546,66,225,0,Optimization terminated successfully. (HiGHS Status 7: Optimal),2.5145359612841306e-05,351990.2681693436,351985.54715985386,1.3412509484620658e-05,1,0.16727989993523806,False,"[{""message"":""Optimization terminated successfully. (HiGHS Status 7: Optimal)"",""presolve"":true,""solve_seconds"":0.1672714001033455,""status"":0,""time_limit_seconds"":30.0}]",0.024379099952057004,0.014405900030396879,PASS,345049.3700765205,6936.177083333323,475,192
495,2026-05-10T21:00:00Z,832,1629,4824,544,64,224,0,Optimization terminated successfully. (HiGHS Status 7: Optimal),4.2609337171569395e-06,445326.69533288095,445325.5578134875,2.5543546142974817e-06,1,0.13131849991623312,False,"[{""message"":""Optimization terminated successfully. (HiGHS Status 7: Optimal)"",""presolve"":true,""solve_seconds"":0.13131300010718405,""status"":0,""time_limit_seconds"":30.0}]",0.02339780004695058,0.01268249994609505,PASS,445325.55781348713,-1.0858736902245407e-11,449,192
496,2026-05-11T21:00:00Z,889,1734,5184,578,70,241,0,Optimization terminated successfully. (HiGHS Status 7: Optimal),6.936880769265404e-05,458894.4496067391,458880.96780253586,2.9379741478063455e-05,1,0.35759440006222576,False,"[{""message"":""Optimization terminated successfully. (HiGHS Status 7: Optimal)"",""presolve"":true,""solve_seconds"":0.35758750000968575,""status"":0,""time_limit_seconds"":30.0}]",0.02410279994364828,0.013759000110439956,PASS,457867.1626525976,1013.805149940002,465,192
497,2026-05-12T21:00:00Z,843,1648,4891,550,66,227,0,Optimization terminated successfully. (HiGHS Status 7: Optimal),5.013987166108146e-05,377322.6521155563,377313.3082594288,2.4764183830596462e-05,1,0.3657406000420451,False,"[{""message"":""Optimization terminated successfully. (HiGHS Status 7: Optimal)"",""presolve"":true,""solve_seconds"":0.36573459999635816,""status"":0,""time_limit_seconds"":30.0}]",0.02190679998602718,0.013255600002594292,PASS,371224.1572177632,6089.151041666661,468,192
498,2026-05-13T21:00:00Z,915,1783,5350,594,72,249,0,Optimization terminated successfully. (HiGHS Status 7: Optimal),3.3708495275028496e-07,354691.21268986317,354691.1531495442,1.6786524963125576e-07,1,0.10531979997176677,False,"[{""message"":""Optimization terminated successfully. (HiGHS Status 7: Optimal)"",""presolve"":true,""solve_seconds"":0.10531320003792644,""status"":0,""time_limit_seconds"":30.0}]",0.09336739999707788,0.012424700078554451,PASS,348723.86401272606,5967.289136817689,476,192
499,2026-05-14T21:00:00Z,885,1723,5157,574,72,239,0,Optimization terminated successfully. (HiGHS Status 7: Optimal),1.9215357569478954e-06,359004.1208779701,359003.7554067415,1.0180150572348783e-06,1,0.22711650002747774,False,"[{""message"":""Optimization terminated successfully. (HiGHS Status 7: Optimal)"",""presolve"":true,""solve_seconds"":0.22711109998635948,""status"":0,""time_limit_seconds"":30.0}]",0.025909299962222576,0.012940599932335317,PASS,348600.1331786664,10403.622228074955,488,192
500,2026-05-15T21:00:00Z,788,1544,4546,516,62,210,0,Optimization terminated successfully. (HiGHS Status 7: Optimal),1.0903923070812019e-05,375208.6173539328,375206.4696016476,5.724187771913253e-06,1,0.22568849998060614,False,"[{""message"":""Optimization terminated successfully. (HiGHS Status 7: Optimal)"",""presolve"":true,""solve_seconds"":0.22568269993644208,""status"":0,""time_limit_seconds"":30.0}]",0.022241399972699583,0.01198629999998957,PASS,374864.44751831423,342.0220833333293,449,192
501,2026-05-16T21:00:00Z,871,1698,5070,566,70,235,0,Optimization terminated successfully. (HiGHS Status 7: Optimal),4.1300566563840745e-05,423962.45921577653,423952.98338118254,2.2351144974658387e-05,1,0.234126599971205,False,"[{""message"":""Optimization terminated successfully. (HiGHS Status 7: Optimal)"",""presolve"":true,""solve_seconds"":0.23412180005107075,""status"":0,""time_limit_seconds"":30.0}]",0.02246410003863275,0.013208999997004867,PASS,416752.483381182,7200.500000000013,445,192
502,2026-05-17T21:00:00Z,828,1618,4798,540,66,222,0,Optimization terminated successfully. (HiGHS Status 7: Optimal),3.1331365199322205e-06,413349.6813578474,413349.07432125334,1.4685809931119985e-06,1,0.12388520000968128,False,"[{""message"":""Optimization terminated successfully. (HiGHS Status 7: Optimal)"",""presolve"":true,""solve_seconds"":0.12387969996780157,""status"":0,""time_limit_seconds"":30.0}]",0.02107739995699376,0.01328120008111,PASS,412389.9150358256,959.159285427502,457,192
503,2026-05-18T21:00:00Z,922,1800,5395,600,70,252,0,Optimization terminated successfully. (HiGHS Status 7: Optimal),5.695552305343741e-05,403799.8304927656,403787.6839591017,3.0081486252410728e-05,1,0.3371575999772176,False,"[{""message"":""Optimization terminated successfully. (HiGHS Status 7: Optimal)"",""presolve"":true,""solve_seconds"":0.3371514000464231,""status"":0,""time_limit_seconds"":30.0}]",0.023531700018793344,0.012407899950630963,PASS,398587.5459795597,5200.13797954284,474,192
504,2026-05-19T21:00:00Z,818,1604,4735,536,62,220,0,Optimization terminated successfully. (HiGHS Status 7: Optimal),9.787048998108668e-05,392879.4443527432,392861.1719618386,4.651106347149637e-05,1,0.22881699993740767,False,"[{""message"":""Optimization terminated successfully. (HiGHS Status 7: Optimal)"",""presolve"":true,""solve_seconds"":0.22881160001270473,""status"":0,""time_limit_seconds"":30.0}]",0.023897700011730194,0.01243479992263019,PASS,387716.0000868381,5145.171875000005,472,192
505,2026-05-20T21:00:00Z,860,1679,5003,560,68,232,0,Optimization terminated successfully. (HiGHS Status 7: Optimal),1.1199841823966224e-05,375181.3000106201,375179.10930152395,5.839102023098302e-06,1,0.14210690010804683,False,"[{""message"":""Optimization terminated successfully. (HiGHS Status 7: Optimal)"",""presolve"":true,""solve_seconds"":0.14210140006616712,""status"":0,""time_limit_seconds"":30.0}]",0.022451800061389804,0.011633399990387261,PASS,369578.59888485685,5600.510416666671,452,192
506,2026-05-21T21:00:00Z,717,1414,4093,474,54,189,0,Optimization terminated successfully. (HiGHS Status 7: Optimal),1.665250853953517e-05,381752.53824158164,381749.3152225459,8.44276310983557e-06,1,0.20386040001176298,False,"[{""message"":""Optimization terminated successfully. (HiGHS Status 7: Optimal)"",""presolve"":true,""solve_seconds"":0.20385469996836036,""status"":0,""time_limit_seconds"":30.0}]",0.09259959997143596,0.011849500006064773,PASS,379414.8881392124,2334.427083333332,421,192
507,2026-05-22T21:00:00Z,841,1638,4875,546,70,225,0,Optimization terminated successfully. (HiGHS Status 7: Optimal),9.701323663628923e-05,409809.3664102567,409788.0189313729,5.2093955649254044e-05,1,0.715525500010699,False,"[{""message"":""Optimization terminated successfully. (HiGHS Status 7: Optimal)"",""presolve"":true,""solve_seconds"":0.7155195000814274,""status"":0,""time_limit_seconds"":30.0}]",0.021126999985426664,0.013317400007508695,PASS,406616.160962623,3171.8579687499696,414,192
508,2026-05-23T21:00:00Z,830,1619,4808,540,68,222,0,Optimization terminated successfully. (HiGHS Status 7: Optimal),3.8613143855196294e-05,416822.6797209904,416814.8990987557,1.866685248431862e-05,1,0.46925419999752194,False,"[{""message"":""Optimization terminated successfully. (HiGHS Status 7: Optimal)"",""presolve"":true,""solve_seconds"":0.4692483999533579,""status"":0,""time_limit_seconds"":30.0}]",0.022622099961154163,0.012228199979290366,PASS,416654.8157400039,160.0833587523839,447,192
509,2026-05-24T21:00:00Z,866,1691,5037,564,68,234,0,Optimization terminated successfully. (HiGHS Status 7: Optimal),5.243625260045287e-05,441552.5942909826,441539.9030404119,2.874315658292596e-05,1,0.3548285999568179,False,"[{""message"":""Optimization terminated successfully. (HiGHS Status 7: Optimal)"",""presolve"":true,""solve_seconds"":0.3548228999134153,""status"":0,""time_limit_seconds"":30.0}]",0.023975900025106966,0.01655679999385029,PASS,441539.90304041293,4.848685305110696e-12,456,192
510,2026-05-25T21:00:00Z,889,1734,5186,578,70,241,0,Optimization terminated successfully. (HiGHS Status 7: Optimal),3.77741957332795e-05,406082.576759075,406076.3044962974,1.5446020139957404e-05,1,0.1161841000430286,False,"[{""message"":""Optimization terminated successfully. (HiGHS Status 7: Optimal)"",""presolve"":true,""solve_seconds"":0.11617819999810308,""status"":0,""time_limit_seconds"":30.0}]",0.02537990000564605,0.013232000055722892,PASS,406076.30449629825,-8.027546775461284e-12,475,192
511,2026-05-26T21:00:00Z,806,1580,4659,528,62,216,0,Optimization terminated successfully. (HiGHS Status 7: Optimal),5.231995327970664e-06,423535.5193076929,423534.1612502382,3.2064885880401903e-06,1,0.10206930001731962,False,"[{""message"":""Optimization terminated successfully. (HiGHS Status 7: Optimal)"",""presolve"":true,""solve_seconds"":0.10206370009109378,""status"":0,""time_limit_seconds"":30.0}]",0.021876999991945922,0.012059499975293875,PASS,421790.66513217374,1743.4961180647617,457,192
512,2026-05-27T21:00:00Z,846,1654,4912,552,66,228,0,Optimization terminated successfully. (HiGHS Status 7: Optimal),9.530633525927931e-05,465837.6687836887,465817.6553252381,4.2964147497981985e-05,1,0.23008150001987815,False,"[{""message"":""Optimization terminated successfully. (HiGHS Status 7: Optimal)"",""presolve"":true,""solve_seconds"":0.23007609997875988,""status"":0,""time_limit_seconds"":30.0}]",0.02249210001900792,0.012651899945922196,PASS,465817.65532523935,-5.000815946528311e-11,444,192
513,2026-05-28T21:00:00Z,855,1672,4970,558,66,231,0,Optimization terminated successfully. (HiGHS Status 7: Optimal),5.707131066732034e-05,394222.26655791147,394211.6443117865,2.694554125487738e-05,1,0.14942120003979653,False,"[{""message"":""Optimization terminated successfully. (HiGHS Status 7: Optimal)"",""presolve"":true,""solve_seconds"":0.14941640000324696,""status"":0,""time_limit_seconds"":30.0}]",0.022272700094617903,0.014684199937619269,PASS,389005.5121953108,5206.132116476031,459,192
514,2026-05-29T21:00:00Z,828,1618,4796,540,66,222,0,Optimization terminated successfully. (HiGHS Status 7: Optimal),6.3169952675345935e-06,419378.37574758346,419376.8580296772,3.618983444638474e-06,1,0.2573283000383526,False,"[{""message"":""Optimization terminated successfully. (HiGHS Status 7: Optimal)"",""presolve"":true,""solve_seconds"":0.25732289999723434,""status"":0,""time_limit_seconds"":30.0}]",0.022357599926181138,0.0124486000277102,PASS,419376.858029677,1.7947662023232172e-12,453,192
515,2026-05-30T21:00:00Z,862,1680,5011,560,70,232,0,Optimization terminated successfully. (HiGHS Status 7: Optimal),5.378527553511651e-07,409437.1635731312,409437.07147146016,2.2494707355997233e-07,1,0.18358299997635186,False,"[{""message"":""Optimization terminated successfully. (HiGHS Status 7: Optimal)"",""presolve"":true,""solve_seconds"":0.18357709993142635,""status"":0,""time_limit_seconds"":30.0}]",0.10298089997377247,0.013419899973087013,PASS,402806.70167979365,6630.369791666673,454,192
516,2026-05-31T21:00:00Z,820,1605,4747,536,64,220,0,Optimization terminated successfully. (HiGHS Status 7: Optimal),1.2285164865618023e-05,357645.4127268585,357643.0124839508,6.711281428436464e-06,1,0.32886829995550215,False,"[{""message"":""Optimization terminated successfully. (HiGHS Status 7: Optimal)"",""presolve"":true,""solve_seconds"":0.3288627000292763,""status"":0,""time_limit_seconds"":30.0}]",0.023129999986849725,0.013868900015950203,PASS,351536.8197756174,6106.192708333329,452,192
517,2026-06-01T21:00:00Z,918,1789,5369,596,72,250,0,Optimization terminated successfully. (HiGHS Status 7: Optimal),0.0,430791.8545405356,430791.8545405356,0.0,1,0.09257729991804808,False,"[{""message"":""Optimization terminated successfully. (HiGHS Status 7: Optimal)"",""presolve"":true,""solve_seconds"":0.09257179999258369,""status"":0,""time_limit_seconds"":30.0}]",0.0222154000075534,0.01333890005480498,PASS,424984.8441238682,5807.0104166666615,470,192
518,2026-06-02T21:00:00Z,886,1728,5166,576,70,240,0,Optimization terminated successfully. (HiGHS Status 7: Optimal),3.206367570316452e-08,492648.4895091639,492648.4812805445,1.6702821019440435e-08,1,0.21962480002548546,False,"[{""message"":""Optimization terminated successfully. (HiGHS Status 7: Optimal)"",""presolve"":true,""solve_seconds"":0.2196193999843672,""status"":0,""time_limit_seconds"":30.0}]",0.023653500014916062,0.013786900090053678,PASS,492648.4812805443,-7.304732374535662e-12,490,192
519,2026-06-03T21:00:00Z,903,1759,5272,586,72,245,0,Optimization terminated successfully. (HiGHS Status 7: Optimal),1.387896136898261e-05,452841.4134964192,452838.6641639798,6.071328835100622e-06,1,0.14890180004294962,False,"[{""message"":""Optimization terminated successfully. (HiGHS Status 7: Optimal)"",""presolve"":true,""solve_seconds"":0.1488963000010699,""status"":0,""time_limit_seconds"":30.0}]",0.022781700012274086,0.01311349996831268,PASS,447044.55478898063,5794.109375000003,485,192
520,2026-06-04T21:00:00Z,942,1837,5521,612,72,258,0,Optimization terminated successfully. (HiGHS Status 7: Optimal),2.215673165888647e-05,370146.03237107437,370142.0510283062,1.0756256299762374e-05,1,0.1680605000583455,False,"[{""message"":""Optimization terminated successfully. (HiGHS Status 7: Optimal)"",""presolve"":true,""solve_seconds"":0.16805550002027303,""status"":0,""time_limit_seconds"":30.0}]",0.023574400111101568,0.012930599972605705,PASS,365888.44430886593,4253.6067194401985,503,192
521,2026-06-05T21:00:00Z,848,1655,4920,552,68,228,0,Optimization terminated successfully. (HiGHS Status 7: Optimal),8.296038287805584e-05,347137.6835998786,347123.3334079409,4.134032649668324e-05,1,0.43208339996635914,False,"[{""message"":""Optimization terminated successfully. (HiGHS Status 7: Optimal)"",""presolve"":true,""solve_seconds"":0.4320778000401333,""status"":0,""time_limit_seconds"":30.0}]",0.022972100065089762,0.01225150004029274,PASS,347086.98847009067,36.344937849997834,486,192
522,2026-06-06T21:00:00Z,957,1867,5617,622,72,263,0,Optimization terminated successfully. (HiGHS Status 7: Optimal),4.6809916047002025e-05,343368.8641136512,343360.81350606336,2.3446494973163133e-05,1,0.13908849994186312,False,"[{""message"":""Optimization terminated successfully. (HiGHS Status 7: Optimal)"",""presolve"":true,""solve_seconds"":0.13908350002020597,""status"":0,""time_limit_seconds"":30.0}]",0.023631200077943504,0.011968999984674156,PASS,342451.11489306216,909.6986130010173,491,192
523,2026-06-07T21:00:00Z,823,1611,4765,538,64,221,0,Optimization terminated successfully. (HiGHS Status 7: Optimal),2.7183662253682764e-05,346041.56263999356,346036.7471162764,1.3916220624761687e-05,1,0.12764429999515414,False,"[{""message"":""Optimization terminated successfully. (HiGHS Status 7: Optimal)"",""presolve"":true,""solve_seconds"":0.12763880006968975,""status"":0,""time_limit_seconds"":30.0}]",0.09431079996284097,0.012960199965164065,PASS,346036.7471162755,-3.6138684045283757e-12,484,192
524,2026-06-08T21:00:00Z,883,1722,5148,574,70,239,0,Optimization terminated successfully. (HiGHS Status 7: Optimal),0.0,349775.927330369,349775.927330369,0.0,1,0.20216840005014092,False,"[{""message"":""Optimization terminated successfully. (HiGHS Status 7: Optimal)"",""presolve"":true,""solve_seconds"":0.20216340001206845,""status"":0,""time_limit_seconds"":30.0}]",0.022918100003153086,0.01336539990734309,PASS,343447.2607958162,6328.666534552493,460,192
525,2026-06-09T21:00:00Z,904,1764,5281,588,70,246,0,Optimization terminated successfully. (HiGHS Status 7: Optimal),1.5197604956766148e-05,352087.2717540809,352084.45134254586,8.010610875554244e-06,1,0.2529522000113502,False,"[{""message"":""Optimization terminated successfully. (HiGHS Status 7: Optimal)"",""presolve"":true,""solve_seconds"":0.2529462000820786,""status"":0,""time_limit_seconds"":30.0}]",0.02334860002156347,0.012325899908319116,PASS,347041.18050921266,5043.270833333325,485,192
526,2026-06-10T21:00:00Z,864,1690,5027,564,66,234,0,Optimization terminated successfully. (HiGHS Status 7: Optimal),9.054479670463775e-05,358666.93411983806,358650.62916753115,4.54619369963226e-05,1,0.018806600011885166,False,"[{""message"":""Optimization terminated successfully. (HiGHS Status 7: Optimal)"",""presolve"":true,""solve_seconds"":0.01880019996315241,""status"":0,""time_limit_seconds"":30.0}]",0.021986600011587143,0.011981200077570975,PASS,352963.99847489153,5686.6306926391135,480,192
527,2026-06-11T21:00:00Z,904,1764,5282,588,70,246,0,Optimization terminated successfully. (HiGHS Status 7: Optimal),8.642575305014073e-05,321179.1946055924,321166.38441198925,3.988647076690026e-05,1,0.6843830000143498,False,"[{""message"":""Optimization terminated successfully. (HiGHS Status 7: Optimal)"",""presolve"":true,""solve_seconds"":0.6843768999679014,""status"":0,""time_limit_seconds"":30.0}]",0.023373199976049364,0.013538299943320453,PASS,321166.38441198895,-1.0150622564708556e-12,480,192
528,2026-06-12T21:00:00Z,907,1770,5300,590,70,247,0,Optimization terminated successfully. (HiGHS Status 7: Optimal),5.936841014671154e-05,294422.26546671067,294413.52939904307,2.9672779255204594e-05,1,1.007366199977696,False,"[{""message"":""Optimization terminated successfully. (HiGHS Status 7: Optimal)"",""presolve"":true,""solve_seconds"":1.0073604999342933,""status"":0,""time_limit_seconds"":30.0}]",0.022042900091037154,0.01370459992904216,PASS,294413.5293990429,-6.843441961261002e-13,493,192
529,2026-06-13T21:00:00Z,838,1641,4859,548,64,226,0,Optimization terminated successfully. (HiGHS Status 7: Optimal),5.3000292391271996e-05,316691.0130775757,316681.9548190708,2.8603645919998996e-05,1,0.33215509995352477,False,"[{""message"":""Optimization terminated successfully. (HiGHS Status 7: Optimal)"",""presolve"":true,""solve_seconds"":0.33214830001816154,""status"":0,""time_limit_seconds"":30.0}]",0.02282389998435974,0.013734700041823089,PASS,312500.06935032085,4181.885468749907,473,192
530,2026-06-14T21:00:00Z,844,1644,4896,548,70,226,0,Optimization terminated successfully. (HiGHS Status 7: Optimal),0.0,389997.32865526807,389997.32865526807,0.0,1,0.20888310007285327,False,"[{""message"":""Optimization terminated successfully. (HiGHS Status 7: Optimal)"",""presolve"":true,""solve_seconds"":0.2088663000613451,""status"":0,""time_limit_seconds"":30.0}]",0.027648899937048554,0.012234099907800555,PASS,387943.68219693453,2053.6464583333304,452,192
531,2026-06-15T21:00:00Z,912,1777,5331,592,72,248,0,Optimization terminated successfully. (HiGHS Status 7: Optimal),4.6787952203240105e-06,396001.05689790426,396000.2377349483,2.068592081304712e-06,1,0.0964275998994708,False,"[{""message"":""Optimization terminated successfully. (HiGHS Status 7: Optimal)"",""presolve"":true,""solve_seconds"":0.09642240009270608,""status"":0,""time_limit_seconds"":30.0}]",0.025127800065092742,0.013254199991934001,PASS,389896.92523494747,6103.312499999998,474,192
532,2026-06-16T21:00:00Z,843,1648,4895,550,66,227,0,Optimization terminated successfully. (HiGHS Status 7: Optimal),2.650907395038847e-06,548766.9613591493,548765.9485786908,1.8455599535158482e-06,1,0.06989719998091459,False,"[{""message"":""Optimization terminated successfully. (HiGHS Status 7: Optimal)"",""presolve"":true,""solve_seconds"":0.06989080004859716,""status"":0,""time_limit_seconds"":30.0}]",0.11141789995599538,0.014502999954856932,PASS,548765.9485786912,1.4151778193749463e-11,475,192
533,2026-06-17T21:00:00Z,867,1687,5042,562,72,233,0,Optimization terminated successfully. (HiGHS Status 7: Optimal),8.472976785017604e-05,594979.7847314726,594961.565166215,3.062309622063215e-05,1,0.36968989996239543,False,"[{""message"":""Optimization terminated successfully. (HiGHS Status 7: Optimal)"",""presolve"":true,""solve_seconds"":0.36968400003388524,""status"":0,""time_limit_seconds"":30.0}]",0.024258899968117476,0.014364299946464598,PASS,593755.5784970357,1205.986669180852,460,192
534,2026-06-18T21:00:00Z,845,1649,4903,550,68,227,0,Optimization terminated successfully. (HiGHS Status 7: Optimal),1.478672467117048e-05,396071.0158100751,396068.29352105764,6.873281860707964e-06,1,0.40110290003940463,False,"[{""message"":""Optimization terminated successfully. (HiGHS Status 7: Optimal)"",""presolve"":true,""solve_seconds"":0.4010959999868646,""status"":0,""time_limit_seconds"":30.0}]",0.02895060006994754,0.012509500025771558,PASS,391293.8924793909,4774.401041666661,460,192
535,2026-06-19T21:00:00Z,840,1642,4875,548,66,226,0,Optimization terminated successfully. (HiGHS Status 7: Optimal),4.3028512185014794e-05,347044.82963367016,347037.5419427647,2.0999719121594565e-05,1,0.38253449997864664,False,"[{""message"":""Optimization terminated successfully. (HiGHS Status 7: Optimal)"",""presolve"":true,""solve_seconds"":0.3825282999314368,""status"":0,""time_limit_seconds"":30.0}]",0.025088299997150898,0.014723299886099994,PASS,347011.29334756854,26.248595195417213,453,192
536,2026-06-20T21:00:00Z,807,1576,4664,526,66,215,0,Optimization terminated successfully. (HiGHS Status 7: Optimal),0.0,377629.64506327774,377629.64506327774,0.0,1,0.21415000001434237,False,"[{""message"":""Optimization terminated successfully. (HiGHS Status 7: Optimal)"",""presolve"":true,""solve_seconds"":0.21414490009192377,""status"":0,""time_limit_seconds"":30.0}]",0.02321230003144592,0.014477699995040894,PASS,377629.64506327716,1.2892345087796761e-11,441,192
537,2026-06-21T21:00:00Z,717,1414,4092,474,54,189,0,Optimization terminated successfully. (HiGHS Status 7: Optimal),2.11805649878241e-05,433708.2640756939,433703.47283906396,1.1047263695119949e-05,1,0.10856399999465793,False,"[{""message"":""Optimization terminated successfully. (HiGHS Status 7: Optimal)"",""presolve"":true,""solve_seconds"":0.10855890007223934,""status"":0,""time_limit_seconds"":30.0}]",0.01913380005862564,0.012139300000853837,PASS,433703.4728390639,-2.1818065532031028e-11,404,192
538,2026-06-22T21:00:00Z,800,1568,4620,524,62,214,0,Optimization terminated successfully. (HiGHS Status 7: Optimal),7.655091384100567e-05,464475.59702120937,464457.09845545917,3.9828362644715966e-05,1,0.20235909998882562,False,"[{""message"":""Optimization terminated successfully. (HiGHS Status 7: Optimal)"",""presolve"":true,""solve_seconds"":0.2023527999408543,""status"":0,""time_limit_seconds"":30.0}]",0.020732800010591745,0.012945999973453581,PASS,464457.09845546,1.2987425653439764e-12,403,192
539,2026-06-23T21:00:00Z,863,1685,5020,562,68,233,0,Optimization terminated successfully. (HiGHS Status 7: Optimal),6.56402280863136e-05,439910.9480134877,439897.7096280907,3.0094235789824115e-05,1,0.23257449991069734,False,"[{""message"":""Optimization terminated successfully. (HiGHS Status 7: Optimal)"",""presolve"":true,""solve_seconds"":0.23256880010012537,""status"":0,""time_limit_seconds"":30.0}]",0.021548100048676133,0.012571100029163063,PASS,439897.7096280915,2.28217735080231e-12,447,192
540,2026-06-24T21:00:00Z,880,1716,5129,572,70,238,0,Optimization terminated successfully. (HiGHS Status 7: Optimal),3.340972073632877e-06,425805.6256134478,425804.86663710885,1.7824510671972752e-06,1,0.13618780008982867,False,"[{""message"":""Optimization terminated successfully. (HiGHS Status 7: Optimal)"",""presolve"":true,""solve_seconds"":0.1361830000532791,""status"":0,""time_limit_seconds"":30.0}]",0.02223590004723519,0.013568599941208959,PASS,425804.86663710943,2.3061240250754622e-12,471,192
541,2026-06-25T21:00:00Z,818,1604,4735,536,62,220,0,Optimization terminated successfully. (HiGHS Status 7: Optimal),1.8391844454526746e-06,400491.366345912,400491.04288005223,8.076731440087771e-07,1,0.40512659994419664,False,"[{""message"":""Optimization terminated successfully. (HiGHS Status 7: Optimal)"",""presolve"":true,""solve_seconds"":0.40512050001416355,""status"":0,""time_limit_seconds"":30.0}]",0.09341579989995807,0.011860600090585649,PASS,400190.8737386859,300.16914136599917,458,192
542,2026-06-26T21:00:00Z,790,1545,4555,516,64,210,0,Optimization terminated successfully. (HiGHS Status 7: Optimal),1.4828100829101494e-06,372842.8221449044,372842.5266774239,7.924725838715188e-07,1,0.2568727999459952,False,"[{""message"":""Optimization terminated successfully. (HiGHS Status 7: Optimal)"",""presolve"":true,""solve_seconds"":0.25686780002433807,""status"":0,""time_limit_seconds"":30.0}]",0.022695899941027164,0.012483000056818128,PASS,368057.9120940904,4784.614583333363,430,192
543,2026-06-27T21:00:00Z,776,1520,4465,508,62,206,0,Optimization terminated successfully. (HiGHS Status 7: Optimal),9.047389670264616e-07,478177.1392535852,478176.8799463202,5.422831505775615e-07,1,0.14207100006751716,False,"[{""message"":""Optimization terminated successfully. (HiGHS Status 7: Optimal)"",""presolve"":true,""solve_seconds"":0.1420656000263989,""status"":0,""time_limit_seconds"":30.0}]",0.021584699978120625,0.012116099940612912,PASS,475202.5652808314,2974.314665488642,416,192
544,2026-06-28T21:00:00Z,838,1641,4861,548,64,226,0,Optimization terminated successfully. (HiGHS Status 7: Optimal),6.117758967525773e-06,604219.780435092,604217.7903001284,3.2937377806449243e-06,1,0.28546119993552566,False,"[{""message"":""Optimization terminated successfully. (HiGHS Status 7: Optimal)"",""presolve"":true,""solve_seconds"":0.28545510000549257,""status"":0,""time_limit_seconds"":30.0}]",0.02105360000859946,0.01383229997009039,PASS,604156.6969608403,61.09333928865218,432,192
545,2026-06-29T21:00:00Z,903,1759,5274,586,72,245,0,Optimization terminated successfully. (HiGHS Status 7: Optimal),1.1733905325462376e-05,572726.4649825374,572723.5047965839,5.1686126529479956e-06,1,0.40024330001324415,False,"[{""message"":""Optimization terminated successfully. (HiGHS Status 7: Optimal)"",""presolve"":true,""solve_seconds"":0.4002368999645114,""status"":0,""time_limit_seconds"":30.0}]",0.026322599966078997,0.013600799953565001,PASS,572385.3797018328,338.12509475053076,471,192
546,2026-06-30T21:00:00Z,834,1630,4835,544,66,224,0,Optimization terminated successfully. (HiGHS Status 7: Optimal),2.806486241322261e-05,447178.43124778784,447172.85451680847,1.247108567312209e-05,1,0.12549690005835146,False,"[{""message"":""Optimization terminated successfully. (HiGHS Status 7: Optimal)"",""presolve"":true,""solve_seconds"":0.12549220002256334,""status"":0,""time_limit_seconds"":30.0}]",0.022248600027523935,0.012765999999828637,PASS,439726.2295168068,7446.624999999997,469,192
547,2026-07-01T21:00:00Z,797,1562,4601,522,62,213,0,Optimization terminated successfully. (HiGHS Status 7: Optimal),4.588579363724285e-05,388125.4987572735,388116.35640281707,2.3555705152833488e-05,1,0.12236190005205572,False,"[{""message"":""Optimization terminated successfully. (HiGHS Status 7: Optimal)"",""presolve"":true,""solve_seconds"":0.12235449999570847,""status"":0,""time_limit_seconds"":30.0}]",0.021866000024601817,0.012387900031171739,PASS,382553.21040460304,5563.1459982142815,437,192
548,2026-07-02T21:00:00Z,873,1708,5085,570,66,237,0,Optimization terminated successfully. (HiGHS Status 7: Optimal),1.014767640564782e-05,407215.0138484237,407212.82963289286,5.363818062507134e-06,1,0.2370682000182569,False,"[{""message"":""Optimization terminated successfully. (HiGHS Status 7: Optimal)"",""presolve"":true,""solve_seconds"":0.23706319998018444,""status"":0,""time_limit_seconds"":30.0}]",0.02279040007852018,0.01204260007943958,PASS,407212.8296328931,-9.580522197794037e-12,450,192
549,2026-07-03T21:00:00Z,825,1612,4778,538,66,221,0,Optimization terminated successfully. (HiGHS Status 7: Optimal),2.2608162933100108e-05,453648.3517634683,453642.9310199454,1.1949361826683485e-05,1,0.32757480000145733,False,"[{""message"":""Optimization terminated successfully. (HiGHS Status 7: Optimal)"",""presolve"":true,""solve_seconds"":0.32756919995881617,""status"":0,""time_limit_seconds"":30.0}]",0.02398290007840842,0.012427399982698262,PASS,450216.8836761953,3426.0473437499923,458,192
550,2026-07-04T21:00:00Z,880,1716,5128,572,70,238,0,Optimization terminated successfully. (HiGHS Status 7: Optimal),3.493697557968437e-05,420673.7272653043,420667.22654757893,1.5453349619658778e-05,1,0.27221369999460876,False,"[{""message"":""Optimization terminated successfully. (HiGHS Status 7: Optimal)"",""presolve"":true,""solve_seconds"":0.27217889996245503,""status"":0,""time_limit_seconds"":30.0}]",0.10084690002258867,0.014622899936512113,PASS,414862.6744642447,5804.552083333336,459,192
551,2026-07-05T21:00:00Z,825,1612,4778,538,66,221,0,Optimization terminated successfully. (HiGHS Status 7: Optimal),1.0106871389538108e-05,372591.94563320524,372589.9814540806,5.271690658346397e-06,1,0.19602029991801828,False,"[{""message"":""Optimization terminated successfully. (HiGHS Status 7: Optimal)"",""presolve"":true,""solve_seconds"":0.1960137999849394,""status"":0,""time_limit_seconds"":30.0}]",0.02221349999308586,0.015075600007548928,PASS,370293.5901715052,2296.3912825759085,459,192
552,2026-07-06T21:00:00Z,878,1715,5114,572,68,238,0,Optimization terminated successfully. (HiGHS Status 7: Optimal),6.145957100158631e-05,353966.5697854025,353956.48825165955,2.8482409780787207e-05,1,0.4060219000093639,False,"[{""message"":""Optimization terminated successfully. (HiGHS Status 7: Optimal)"",""presolve"":true,""solve_seconds"":0.4060155999613926,""status"":0,""time_limit_seconds"":30.0}]",0.025061799911782146,0.011983899981714785,PASS,343562.93878648,10393.549465178574,459,192
553,2026-07-07T21:00:00Z,863,1685,5019,562,68,233,0,Optimization terminated successfully. (HiGHS Status 7: Optimal),1.5864958052805623e-05,352351.98966698046,352348.8011327465,9.049368761015506e-06,1,0.2757656000321731,False,"[{""message"":""Optimization terminated successfully. (HiGHS Status 7: Optimal)"",""presolve"":true,""solve_seconds"":0.27575979998800904,""status"":0,""time_limit_seconds"":30.0}]",0.023163900012150407,0.011816899990662932,PASS,346366.89030054165,5981.91083220535,471,192
554,2026-07-08T21:00:00Z,805,1575,4650,526,64,215,0,Optimization terminated successfully. (HiGHS Status 7: Optimal),3.3504485867428313e-07,416107.9224305909,416107.84762186895,1.7978205021129476e-07,1,0.14891630003694445,False,"[{""message"":""Optimization terminated successfully. (HiGHS Status 7: Optimal)"",""presolve"":true,""solve_seconds"":0.14891099999658763,""status"":0,""time_limit_seconds"":30.0}]",0.024278099997900426,0.014967800001613796,PASS,414624.9670593389,1482.8805625301825,448,192
555,2026-07-09T21:00:00Z,907,1770,5301,590,70,247,0,Optimization terminated successfully. (HiGHS Status 7: Optimal),5.43297500051483e-05,381972.15526754607,381963.3482170921,2.3057318182683485e-05,1,0.31334530003368855,False,"[{""message"":""Optimization terminated successfully. (HiGHS Status 7: Optimal)"",""presolve"":true,""solve_seconds"":0.31333919998724014,""status"":0,""time_limit_seconds"":30.0}]",0.027609999990090728,0.012101999949663877,PASS,381963.3482170917,1.5196101036026496e-10,462,192
556,2026-07-10T21:00:00Z,880,1716,5129,572,70,238,0,Optimization terminated successfully. (HiGHS Status 7: Optimal),9.045214386486998e-06,327860.7630435233,327859.2492203993,4.617295768222662e-06,1,0.3348107000347227,False,"[{""message"":""Optimization terminated successfully. (HiGHS Status 7: Optimal)"",""presolve"":true,""solve_seconds"":0.33480389998294413,""status"":0,""time_limit_seconds"":30.0}]",0.022169599891640246,0.013280099956318736,PASS,324193.5843766495,3665.6648437499966,485,192
557,2026-07-11T21:00:00Z,858,1678,4990,560,66,232,0,Optimization terminated successfully. (HiGHS Status 7: Optimal),7.248172870521658e-06,366358.23939838,366356.7575008188,4.04495762895083e-06,1,0.31645140005275607,False,"[{""message"":""Optimization terminated successfully. (HiGHS Status 7: Optimal)"",""presolve"":true,""solve_seconds"":0.31644530000630766,""status"":0,""time_limit_seconds"":30.0}]",0.024120899965055287,0.013391899992711842,PASS,360653.7627091525,5702.994791666648,470,192
558,2026-07-12T21:00:00Z,793,1551,4575,518,64,211,0,Optimization terminated successfully. (HiGHS Status 7: Optimal),1.7899104788445393e-05,385845.4783350207,385842.090714716,8.779810150924935e-06,1,0.11365910002496094,False,"[{""message"":""Optimization terminated successfully. (HiGHS Status 7: Optimal)"",""presolve"":true,""solve_seconds"":0.11365409998688847,""status"":0,""time_limit_seconds"":30.0}]",0.022448200033977628,0.015114599955268204,PASS,379761.9344647157,6080.156249999992,443,192
559,2026-07-13T21:00:00Z,854,1667,4963,556,68,230,0,Optimization terminated successfully. (HiGHS Status 7: Optimal),6.528970980869506e-05,376424.96592469915,376412.18729552685,3.394850008474785e-05,1,0.3865240999730304,False,"[{""message"":""Optimization terminated successfully. (HiGHS Status 7: Optimal)"",""presolve"":true,""solve_seconds"":0.3865182000445202,""status"":0,""time_limit_seconds"":30.0}]",0.09950970008503646,0.013357899966649711,PASS,368951.03625385975,7461.151041666658,441,192
560,2026-07-14T21:00:00Z,857,1673,4981,558,68,231,0,Optimization terminated successfully. (HiGHS Status 7: Optimal),8.553953078847593e-05,367492.0593120934,367476.4899256177,4.2368387917471865e-05,1,0.10369390004780143,False,"[{""message"":""Optimization terminated successfully. (HiGHS Status 7: Optimal)"",""presolve"":true,""solve_seconds"":0.10368860000744462,""status"":0,""time_limit_seconds"":30.0}]",0.0224644000409171,0.012638500076718628,PASS,359729.8128422841,7746.6770833333285,461,192
561,2026-07-15T21:00:00Z,880,1716,5127,572,70,238,0,Optimization terminated successfully. (HiGHS Status 7: Optimal),4.58447085780818e-05,353042.9519381594,353034.62525220145,2.3586031970692455e-05,1,0.21537740004714578,False,"[{""message"":""Optimization terminated successfully. (HiGHS Status 7: Optimal)"",""presolve"":true,""solve_seconds"":0.21537170000374317,""status"":0,""time_limit_seconds"":30.0}]",0.02187129994854331,0.01280120003502816,PASS,345234.0106688679,7800.614583333306,469,192
562,2026-07-16T21:00:00Z,886,1728,5166,576,70,240,0,Optimization terminated successfully. (HiGHS Status 7: Optimal),8.135452964766079e-05,331054.63661754935,331041.64704854717,3.923847382343239e-05,1,1.0173396000172943,False,"[{""message"":""Optimization terminated successfully. (HiGHS Status 7: Optimal)"",""presolve"":true,""solve_seconds"":1.0173315000720322,""status"":0,""time_limit_seconds"":30.0}]",0.027300699963234365,0.015534000005573034,PASS,331041.6470485469,1.336457100542532e-11,478,192
563,2026-07-17T21:00:00Z,876,1705,5101,568,72,236,0,Optimization terminated successfully. (HiGHS Status 7: Optimal),5.469971391467949e-05,297244.6229293753,297236.99851628265,2.5650955738140427e-05,1,0.5033535999245942,False,"[{""message"":""Optimization terminated successfully. (HiGHS Status 7: Optimal)"",""presolve"":true,""solve_seconds"":0.503348600002937,""status"":0,""time_limit_seconds"":30.0}]",0.02385540003888309,0.01316720002796501,PASS,293284.3613808659,3952.63713541667,476,192
564,2026-07-18T21:00:00Z,817,1599,4727,534,64,219,0,Optimization terminated successfully. (HiGHS Status 7: Optimal),1.2790746483999422e-05,305705.2056306695,305703.0027695623,7.20588639048421e-06,1,0.11715999990701675,False,"[{""message"":""Optimization terminated successfully. (HiGHS Status 7: Optimal)"",""presolve"":true,""solve_seconds"":0.11715420009568334,""status"":0,""time_limit_seconds"":30.0}]",0.02176619996316731,0.014523499994538724,PASS,299408.8400170264,6294.162752535228,455,192
565,2026-07-19T21:00:00Z,841,1638,4878,546,70,225,0,Optimization terminated successfully. (HiGHS Status 7: Optimal),3.867694256297982e-05,356922.82571864605,356915.3448489915,2.0959787138687344e-05,1,0.20719919994007796,False,"[{""message"":""Optimization terminated successfully. (HiGHS Status 7: Optimal)"",""presolve"":true,""solve_seconds"":0.20719350001309067,""status"":0,""time_limit_seconds"":30.0}]",0.021877699997276068,0.012352299992926419,PASS,356830.4662939471,84.87855504458187,444,192
566,2026-07-20T21:00:00Z,770,1508,4428,504,62,204,0,Optimization terminated successfully. (HiGHS Status 7: Optimal),9.666476404928733e-05,373027.7890683224,373010.18858561624,4.718499184403742e-05,1,0.21427380002569407,False,"[{""message"":""Optimization terminated successfully. (HiGHS Status 7: Optimal)"",""presolve"":true,""solve_seconds"":0.21426729997619987,""status"":0,""time_limit_seconds"":30.0}]",0.02044009999372065,0.01331670000217855,PASS,373010.188585616,7.1868111461981244e-12,429,192
567,2026-07-21T21:00:00Z,781,1527,4496,510,64,207,0,Optimization terminated successfully. (HiGHS Status 7: Optimal),3.444535995806034e-06,465687.47272882785,465686.4882089725,2.1141258771294313e-06,1,0.3479644999606535,False,"[{""message"":""Optimization terminated successfully. (HiGHS Status 7: Optimal)"",""presolve"":true,""solve_seconds"":0.3479584000306204,""status"":0,""time_limit_seconds"":30.0}]",0.021370199974626303,0.013159199967049062,PASS,465686.48820897256,1.15956861890254e-11,411,192
568,2026-07-22T21:00:00Z,803,1565,4634,522,68,213,0,Optimization terminated successfully. (HiGHS Status 7: Optimal),4.029327232853972e-05,453104.44502231205,453097.6130205866,1.5078432393185344e-05,1,0.301077299984172,False,"[{""message"":""Optimization terminated successfully. (HiGHS Status 7: Optimal)"",""presolve"":true,""solve_seconds"":0.3010708000510931,""status"":0,""time_limit_seconds"":30.0}]",0.021185899968259037,0.013253499986603856,PASS,450052.6910935028,3044.9219270833355,420,192
569,2026-07-23T21:00:00Z,846,1645,4905,548,72,226,0,Optimization terminated successfully. (HiGHS Status 7: Optimal),4.387329236519862e-05,357068.35935216397,357059.9105709826,2.366208283604011e-05,1,0.2703852999256924,False,"[{""message"":""Optimization terminated successfully. (HiGHS Status 7: Optimal)"",""presolve"":true,""solve_seconds"":0.27037909999489784,""status"":0,""time_limit_seconds"":30.0}]",0.10555009997915477,0.012408099952153862,PASS,352536.50952931534,4523.401041666646,439,192
570,2026-07-24T21:00:00Z,846,1645,4907,548,72,226,0,Optimization terminated successfully. (HiGHS Status 7: Optimal),4.916727374465338e-05,366509.3165868047,366500.4605035696,2.4163907524026365e-05,1,0.17848020000383258,False,"[{""message"":""Optimization terminated successfully. (HiGHS Status 7: Optimal)"",""presolve"":true,""solve_seconds"":0.1784741000737995,""status"":0,""time_limit_seconds"":30.0}]",0.022517099976539612,0.012186600011773407,PASS,361924.7936842679,4575.666819300914,452,192
571,2026-07-25T21:00:00Z,834,1630,4835,544,66,224,0,Optimization terminated successfully. (HiGHS Status 7: Optimal),7.227786671146335e-05,346430.415862152,346417.94223775226,3.6007443261082356e-05,1,0.10872920008841902,False,"[{""message"":""Optimization terminated successfully. (HiGHS Status 7: Optimal)"",""presolve"":true,""solve_seconds"":0.10872340004425496,""status"":0,""time_limit_seconds"":30.0}]",0.022660300019197166,0.012354000005871058,PASS,346417.94223775185,-1.234933340773144e-12,450,192
572,2026-07-26T21:00:00Z,806,1571,4655,524,68,214,0,Optimization terminated successfully. (HiGHS Status 7: Optimal),9.460652073990215e-05,341206.4044970793,341190.27456603525,4.727547133218323e-05,1,0.22023239999543875,False,"[{""message"":""Optimization terminated successfully. (HiGHS Status 7: Optimal)"",""presolve"":true,""solve_seconds"":0.2202265999512747,""status"":0,""time_limit_seconds"":30.0}]",0.02145789994392544,0.012603500043042004,PASS,335646.391291035,5543.8832749999965,438,192
573,2026-07-27T21:00:00Z,818,1595,4733,532,68,218,0,Optimization terminated successfully. (HiGHS Status 7: Optimal),1.69357255437842e-05,365963.2398404206,365959.79768779455,9.405821753656962e-06,1,0.12925480003468692,False,"[{""message"":""Optimization terminated successfully. (HiGHS Status 7: Optimal)"",""presolve"":true,""solve_seconds"":0.12924739997833967,""status"":0,""time_limit_seconds"":30.0}]",0.024844200001098216,0.012324699899181724,PASS,365954.335231217,5.462456577094912,432,192
574,2026-07-28T21:00:00Z,850,1656,4936,552,70,228,0,Optimization terminated successfully. (HiGHS Status 7: Optimal),2.2894162491655156e-05,364277.8715320623,364274.12942206534,1.0272785506075201e-05,1,0.21169270004611462,False,"[{""message"":""Optimization terminated successfully. (HiGHS Status 7: Optimal)"",""presolve"":true,""solve_seconds"":0.2116868000011891,""status"":0,""time_limit_seconds"":30.0}]",0.02223729994148016,0.013112999964505434,PASS,357773.32733873266,6500.802083333323,446,192
575,2026-07-29T21:00:00Z,912,1777,5330,592,72,248,0,Optimization terminated successfully. (HiGHS Status 7: Optimal),9.822600302199946e-06,324624.417682883,324622.74493007624,5.152913136454813e-06,1,0.13547619991004467,False,"[{""message"":""Optimization terminated successfully. (HiGHS Status 7: Optimal)"",""presolve"":true,""solve_seconds"":0.13546929997392,""status"":0,""time_limit_seconds"":30.0}]",0.023998399963602424,0.01280539995059371,PASS,316855.23972174333,7767.505208333329,476,192
576,2026-07-30T21:00:00Z,855,1663,4965,554,72,229,0,Optimization terminated successfully. (HiGHS Status 7: Optimal),1.7303879883725423e-05,343809.9813774978,343806.79967145453,9.254342980685074e-06,1,0.29347859998233616,False,"[{""message"":""Optimization terminated successfully. (HiGHS Status 7: Optimal)"",""presolve"":true,""solve_seconds"":0.29347249993588775,""status"":0,""time_limit_seconds"":30.0}]",0.022491800016723573,0.012012599967420101,PASS,337474.11737978744,6332.68229166666,477,192
577,2026-07-31T21:00:00Z,882,1717,5139,572,72,238,0,Optimization terminated successfully. (HiGHS Status 7: Optimal),5.631781321327254e-05,337631.5741833948,337622.43113378645,2.708069359500269e-05,1,0.4206038999836892,False,"[{""message"":""Optimization terminated successfully. (HiGHS Status 7: Optimal)"",""presolve"":true,""solve_seconds"":0.42059870006050915,""status"":0,""time_limit_seconds"":30.0}]",0.02244619990233332,0.014163000043481588,PASS,331642.387690565,5980.043443221417,467,192
578,2026-08-01T21:00:00Z,812,1583,4695,528,68,216,0,Optimization terminated successfully. (HiGHS Status 7: Optimal),2.1116728424416684e-05,344270.0414956282,344266.01595587423,1.1693108141334955e-05,1,0.23045459995046258,False,"[{""message"":""Optimization terminated successfully. (HiGHS Status 7: Optimal)"",""presolve"":true,""solve_seconds"":0.23044819990172982,""status"":0,""time_limit_seconds"":30.0}]",0.10232279996853322,0.0120943000074476,PASS,344177.17908087396,88.83687500000367,454,192
579,2026-08-02T21:00:00Z,894,1741,5214,580,72,242,0,Optimization terminated successfully. (HiGHS Status 7: Optimal),4.3998900997954327e-05,367554.7087955087,367546.7729452207,2.1591402434114716e-05,1,0.46422229998279363,False,"[{""message"":""Optimization terminated successfully. (HiGHS Status 7: Optimal)"",""presolve"":true,""solve_seconds"":0.46421749994624406,""status"":0,""time_limit_seconds"":30.0}]",0.02453229995444417,0.01323819998651743,PASS,367546.7729452213,1.8409469948466042e-12,458,192
580,2026-08-03T21:00:00Z,792,1546,4565,516,66,210,0,Optimization terminated successfully. (HiGHS Status 7: Optimal),3.558711707954319e-06,494429.85253035265,494428.7229283885,2.284660885910092e-06,1,0.29670010006520897,False,"[{""message"":""Optimization terminated successfully. (HiGHS Status 7: Optimal)"",""presolve"":true,""solve_seconds"":0.2966943000210449,""status"":0,""time_limit_seconds"":30.0}]",0.027213199995458126,0.012773200054652989,PASS,485583.41042838804,8845.312499999782,452,192
581,2026-08-04T21:00:00Z,885,1723,5158,574,72,239,0,Optimization terminated successfully. (HiGHS Status 7: Optimal),9.500233219803249e-06,509610.67690955335,509608.7355937251,3.8094241574935443e-06,1,0.15562219999264926,False,"[{""message"":""Optimization terminated successfully. (HiGHS Status 7: Optimal)"",""presolve"":true,""solve_seconds"":0.15561590006109327,""status"":0,""time_limit_seconds"":30.0}]",0.023919299943372607,0.014059199951589108,PASS,509608.73559372633,-2.389160691507186e-12,449,192
582,2026-08-05T21:00:00Z,873,1699,5082,566,72,235,0,Optimization terminated successfully. (HiGHS Status 7: Optimal),2.2716352301522232e-05,363236.5961209148,363232.9150041915,1.0134314846545192e-05,1,0.10472519998438656,False,"[{""message"":""Optimization terminated successfully. (HiGHS Status 7: Optimal)"",""presolve"":true,""solve_seconds"":0.10471909993793815,""status"":0,""time_limit_seconds"":30.0}]",0.02429219998884946,0.013354699942283332,PASS,355206.3941708581,8026.520833333335,474,192
583,2026-08-06T21:00:00Z,882,1717,5141,572,72,238,0,Optimization terminated successfully. (HiGHS Status 7: Optimal),3.952316988664254e-05,322693.06133529,322686.2950686816,2.0968558974579236e-05,1,0.24893390003126115,False,"[{""message"":""Optimization terminated successfully. (HiGHS Status 7: Optimal)"",""presolve"":true,""solve_seconds"":0.24892879999242723,""status"":0,""time_limit_seconds"":30.0}]",0.02768960001412779,0.014410599949769676,PASS,322686.29506868124,-1.2553457318098537e-11,473,192
584,2026-08-07T21:00:00Z,843,1648,4892,550,66,227,0,Optimization terminated successfully. (HiGHS Status 7: Optimal),5.3217588222607717e-05,328973.7791251736,328965.28054033755,2.5834291150919302e-05,1,0.2640756999608129,False,"[{""message"":""Optimization terminated successfully. (HiGHS Status 7: Optimal)"",""presolve"":true,""solve_seconds"":0.2640695999143645,""status"":0,""time_limit_seconds"":30.0}]",0.02460609993431717,0.014038700028322637,PASS,328965.2805403372,0.0,465,192
585,2026-08-08T21:00:00Z,777,1525,4473,510,60,207,0,Optimization terminated successfully. (HiGHS Status 7: Optimal),2.6520762685398103e-05,339070.7467013211,339065.9288442846,1.420920424799174e-05,1,0.047392999986186624,False,"[{""message"":""Optimization terminated successfully. (HiGHS Status 7: Optimal)"",""presolve"":true,""solve_seconds"":0.04738739994354546,""status"":0,""time_limit_seconds"":30.0}]",0.02315139991696924,0.01302780001424253,PASS,331347.1892609508,7718.739583333331,434,192
586,2026-08-09T21:00:00Z,894,1741,5214,580,72,242,0,Optimization terminated successfully. (HiGHS Status 7: Optimal),1.2869066563402293e-05,400486.42268899165,400483.4712970966,7.369572295979563e-06,1,0.19826269999612123,False,"[{""message"":""Optimization terminated successfully. (HiGHS Status 7: Optimal)"",""presolve"":true,""solve_seconds"":0.19825599994510412,""status"":0,""time_limit_seconds"":30.0}]",0.09840340004302561,0.013395500020124018,PASS,400483.4712970964,-1.0304322595189318e-11,449,192
587,2026-08-10T21:00:00Z,798,1558,4604,520,66,212,0,Optimization terminated successfully. (HiGHS Status 7: Optimal),0.0,418591.77245935425,418591.7724593543,0.0,1,0.20923989999573678,False,"[{""message"":""Optimization terminated successfully. (HiGHS Status 7: Optimal)"",""presolve"":true,""solve_seconds"":0.20923430006951094,""status"":0,""time_limit_seconds"":30.0}]",0.026276999968104064,0.012600400019437075,PASS,411678.02766768687,6913.744791666653,454,192
588,2026-08-11T21:00:00Z,874,1704,5088,568,70,236,0,Optimization terminated successfully. (HiGHS Status 7: Optimal),3.164363496561721e-05,390853.3358735226,390846.7340999105,1.6890952478716178e-05,1,0.32854609994683415,False,"[{""message"":""Optimization terminated successfully. (HiGHS Status 7: Optimal)"",""presolve"":true,""solve_seconds"":0.32854060002136976,""status"":0,""time_limit_seconds"":30.0}]",0.022171099903061986,0.012463500024750829,PASS,382687.8851415769,8158.848958333242,448,192
589,2026-08-12T21:00:00Z,899,1757,5248,586,68,245,0,Optimization terminated successfully. (HiGHS Status 7: Optimal),1.2762307096470841e-05,369722.9861515566,369720.79016549065,5.939579608094049e-06,1,0.2394879999337718,False,"[{""message"":""Optimization terminated successfully. (HiGHS Status 7: Optimal)"",""presolve"":true,""solve_seconds"":0.2394815000006929,""status"":0,""time_limit_seconds"":30.0}]",0.027295699925161898,0.012020100024528801,PASS,362568.37870715716,7152.411458333356,481,192
590,2026-08-13T21:00:00Z,874,1704,5089,568,70,236,0,Optimization terminated successfully. (HiGHS Status 7: Optimal),3.2128346709917085e-05,343399.7249094811,343393.91435337847,1.6920964116681988e-05,1,0.23008460004348308,False,"[{""message"":""Optimization terminated successfully. (HiGHS Status 7: Optimal)"",""presolve"":true,""solve_seconds"":0.2300804000115022,""status"":0,""time_limit_seconds"":30.0}]",0.023396400036290288,0.013496199971996248,PASS,337567.16401035874,5826.750343019073,481,192
591,2026-08-14T21:00:00Z,865,1686,5034,562,70,233,0,Optimization terminated successfully. (HiGHS Status 7: Optimal),3.442121151504219e-05,359390.8197772169,359384.39439617353,1.7878853794248718e-05,1,0.08935869997367263,False,"[{""message"":""Optimization terminated successfully. (HiGHS Status 7: Optimal)"",""presolve"":true,""solve_seconds"":0.08935289992950857,""status"":0,""time_limit_seconds"":30.0}]",0.024097600020468235,0.014237000024877489,PASS,359284.09596536815,100.29843080514563,469,192
592,2026-08-15T21:00:00Z,951,1855,5579,618,72,261,0,Optimization terminated successfully. (HiGHS Status 7: Optimal),2.7310169981889394e-06,334576.79252493125,334576.3805444846,1.2313494634332537e-06,1,0.14765310008078814,False,"[{""message"":""Optimization terminated successfully. (HiGHS Status 7: Optimal)"",""presolve"":true,""solve_seconds"":0.14764730003662407,""status"":0,""time_limit_seconds"":30.0}]",0.024906100006774068,0.013863999978639185,PASS,325920.95346115093,8655.427083333334,494,192
593,2026-08-16T21:00:00Z,865,1686,5029,562,70,233,0,Optimization terminated successfully. (HiGHS Status 7: Optimal),0.0,311889.93493739737,311889.93493739737,0.0,1,0.03864680009428412,False,"[{""message"":""Optimization terminated successfully. (HiGHS Status 7: Optimal)"",""presolve"":true,""solve_seconds"":0.03864060004707426,""status"":0,""time_limit_seconds"":30.0}]",0.023889699950814247,0.012960799969732761,PASS,301828.30442890216,10061.630508495427,494,192
594,2026-08-17T21:00:00Z,773,1514,4449,506,62,205,0,Optimization terminated successfully. (HiGHS Status 7: Optimal),0.0,331542.9906488801,331542.99064888,1.7556595239593564e-16,1,0.03114009997807443,False,"[{""message"":""Optimization terminated successfully. (HiGHS Status 7: Optimal)"",""presolve"":true,""solve_seconds"":0.03113470005337149,""status"":0,""time_limit_seconds"":30.0}]",0.11256789998151362,0.012228199979290366,PASS,319057.3351054324,12485.655543448542,438,192
595,2026-08-18T21:00:00Z,807,1576,4662,526,66,215,0,Optimization terminated successfully. (HiGHS Status 7: Optimal),0.0,330283.08061959164,330283.08061959164,0.0,1,0.02334890002384782,False,"[{""message"":""Optimization terminated successfully. (HiGHS Status 7: Optimal)"",""presolve"":true,""solve_seconds"":0.023343799985013902,""status"":0,""time_limit_seconds"":30.0}]",0.022077000001445413,0.012284900061786175,PASS,315784.6661097645,14498.414509826232,420,192
596,2026-08-19T21:00:00Z,889,1734,5184,578,70,241,0,Optimization terminated successfully. (HiGHS Status 7: Optimal),4.227864246032164e-06,335019.33026459557,335018.5750529077,2.254238254581467e-06,1,0.09257909993175417,False,"[{""message"":""Optimization terminated successfully. (HiGHS Status 7: Optimal)"",""presolve"":true,""solve_seconds"":0.09257259999867529,""status"":0,""time_limit_seconds"":30.0}]",0.02320940000936389,0.012917699990794063,PASS,326540.7156779076,8477.859375000002,456,192
597,2026-08-20T21:00:00Z,875,1709,5097,570,68,237,0,Optimization terminated successfully. (HiGHS Status 7: Optimal),5.883433734909571e-05,367137.52727642044,367125.77983626793,3.199840707931135e-05,1,0.5333541999571025,False,"[{""message"":""Optimization terminated successfully. (HiGHS Status 7: Optimal)"",""presolve"":true,""solve_seconds"":0.5333486000308767,""status"":0,""time_limit_seconds"":30.0}]",0.024239500053226948,0.01416539994534105,PASS,367090.8574272775,34.92240899041239,478,192
598,2026-08-21T21:00:00Z,839,1637,4867,546,68,225,0,Optimization terminated successfully. (HiGHS Status 7: Optimal),8.398468484051775e-05,365512.64033447666,365498.5308552281,3.8603381566451784e-05,1,0.17481490003410727,False,"[{""message"":""Optimization terminated successfully. (HiGHS Status 7: Optimal)"",""presolve"":true,""solve_seconds"":0.1748086999868974,""status"":0,""time_limit_seconds"":30.0}]",0.02383139997255057,0.017513499944470823,PASS,360044.71835522813,5453.812499999995,462,192
599,2026-08-22T21:00:00Z,898,1752,5241,584,70,244,0,Optimization terminated successfully. (HiGHS Status 7: Optimal),1.2300055031710225e-05,334933.0229631341,334930.8710411292,6.424973601836774e-06,1,0.1499466000823304,False,"[{""message"":""Optimization terminated successfully. (HiGHS Status 7: Optimal)"",""presolve"":true,""solve_seconds"":0.14994160004425794,""status"":0,""time_limit_seconds"":30.0}]",0.02477980009280145,0.013324299943633378,PASS,326427.2720827963,8503.59895833334,469,192
600,2026-08-23T21:00:00Z,820,1605,4748,536,64,220,0,Optimization terminated successfully. (HiGHS Status 7: Optimal),0.0,341657.3036587436,341657.3036587436,0.0,1,0.15065540000796318,False,"[{""message"":""Optimization terminated successfully. (HiGHS Status 7: Optimal)"",""presolve"":true,""solve_seconds"":0.1506505999714136,""status"":0,""time_limit_seconds"":30.0}]",0.022518599987961352,0.014090399956330657,PASS,332149.56735089165,9507.736307852143,464,192
601,2026-08-24T21:00:00Z,811,1587,4690,530,64,217,0,Optimization terminated successfully. (HiGHS Status 7: Optimal),2.0633050759982132e-05,358191.40774999943,358187.4332807623,1.1096059961519121e-05,1,0.26028239994775504,False,"[{""message"":""Optimization terminated successfully. (HiGHS Status 7: Optimal)"",""presolve"":true,""solve_seconds"":0.2602753998944536,""status"":0,""time_limit_seconds"":30.0}]",0.02359790005721152,0.012339600012637675,PASS,358187.4332807624,5.45009957164666e-12,437,192
602,2026-08-25T21:00:00Z,882,1726,5141,576,66,240,0,Optimization terminated successfully. (HiGHS Status 7: Optimal),8.03635169543081e-05,340276.95561650407,340264.82426297665,3.565268185949219e-05,1,0.10849609994329512,False,"[{""message"":""Optimization terminated successfully. (HiGHS Status 7: Optimal)"",""presolve"":true,""solve_seconds"":0.10849020001478493,""status"":0,""time_limit_seconds"":30.0}]",0.023739099968224764,0.012946399976499379,PASS,331439.63270391896,8825.191559057144,457,192
603,2026-08-26T21:00:00Z,821,1601,4750,534,68,219,0,Optimization terminated successfully. (HiGHS Status 7: Optimal),8.06697309744221e-05,361549.014895258,361531.07129807724,4.963224078180159e-05,1,0.14520759996958077,False,"[{""message"":""Optimization terminated successfully. (HiGHS Status 7: Optimal)"",""presolve"":true,""solve_seconds"":0.1452017999254167,""status"":0,""time_limit_seconds"":30.0}]",0.09938639996107668,0.012545900070108473,PASS,361531.07129807665,1.2608302180083797e-11,459,192
604,2026-08-27T21:00:00Z,860,1679,4998,560,68,232,0,Optimization terminated successfully. (HiGHS Status 7: Optimal),7.475871978675778e-05,388737.4373349424,388724.8195694562,3.245937704764353e-05,1,0.3692847000202164,False,"[{""message"":""Optimization terminated successfully. (HiGHS Status 7: Optimal)"",""presolve"":true,""solve_seconds"":0.36927929997909814,""status"":0,""time_limit_seconds"":30.0}]",0.023966899956576526,0.012433100026100874,PASS,382918.84561112296,5805.973958333345,451,192
605,2026-08-28T21:00:00Z,906,1765,5293,588,72,246,0,Optimization terminated successfully. (HiGHS Status 7: Optimal),3.253549846043022e-05,353723.9465371545,353717.6688737412,1.774766703995102e-05,1,0.6123397999908775,False,"[{""message"":""Optimization terminated successfully. (HiGHS Status 7: Optimal)"",""presolve"":true,""solve_seconds"":0.6123337999451905,""status"":0,""time_limit_seconds"":30.0}]",0.023371199960820377,0.013874899945221841,PASS,347543.5803320745,6174.088541666666,478,192
606,2026-08-29T21:00:00Z,839,1638,4869,546,68,225,0,Optimization terminated successfully. (HiGHS Status 7: Optimal),4.2524942519000093e-07,365305.0794810002,365305.00239249103,2.1102505757530477e-07,1,0.14965889998711646,False,"[{""message"":""Optimization terminated successfully. (HiGHS Status 7: Optimal)"",""presolve"":true,""solve_seconds"":0.1496536999475211,""status"":0,""time_limit_seconds"":30.0}]",0.02272060001268983,0.014126599999144673,PASS,365305.0023924911,-1.345287761189695e-11,471,192
607,2026-08-30T21:00:00Z,860,1679,5002,560,68,232,0,Optimization terminated successfully. (HiGHS Status 7: Optimal),2.423036930880628e-05,371125.3525725638,371120.6741951986,1.2606081230513985e-05,1,0.262269499944523,False,"[{""message"":""Optimization terminated successfully. (HiGHS Status 7: Optimal)"",""presolve"":true,""solve_seconds"":0.26226410001982003,""status"":0,""time_limit_seconds"":30.0}]",0.024157300009392202,0.013110000058077276,PASS,362282.17647759937,8838.497717600023,457,192
