date,product,bsp,tender,bid,hourly_known_sum,daily_bid_value
2025-02-01,aFRRUp,30XROHIDRO-----1,32_2025,1,1832,0
2025-02-01,aFRRUp,30XROHIDRO-----1,32_2025,2,0,1832
2025-02-04,aFRRUp,30XROHIDRO-----1,35_2025,1,1500,0
2025-02-04,aFRRUp,30XROHIDRO-----1,35_2025,2,0,1500
2025-02-05,aFRRUp,30XROHIDRO-----1,36_2025,1,0,1920
2025-02-05,aFRRUp,30XROHIDRO-----1,36_2025,2,1920,0
2025-02-07,aFRRUp,30XROHIDRO-----1,38_2025,1,1459,0
2025-02-07,aFRRUp,30XROHIDRO-----1,38_2025,2,0,1459
2025-02-13,aFRRUp,30XROHIDRO-----1,44_2025,1,31,894
2025-02-13,aFRRUp,30XROHIDRO-----1,44_2025,2,894,31
2025-02-15,aFRRUp,30XROHIDRO-----1,46_2025,1,0,1920
2025-02-15,aFRRUp,30XROHIDRO-----1,46_2025,2,1920,0
2025-02-16,aFRRUp,30XROHIDRO-----1,47_2025,1,0,1920
2025-02-16,aFRRUp,30XROHIDRO-----1,47_2025,2,1920,0
2025-02-19,aFRRDown,30XROTENGAZ----B,50_2025,2,701,
2025-02-19,aFRRDown,30XROTENGAZ----B,50_2025,3,0,701
2025-02-19,aFRRUp,30XROHIDRO-----1,50_2025,1,469,0
2025-02-19,aFRRUp,30XROHIDRO-----1,50_2025,2,0,469
2025-02-20,aFRRUp,30XROHIDRO-----1,51_2025,1,525,0
2025-02-20,aFRRUp,30XROHIDRO-----1,51_2025,2,0,525
2025-02-22,aFRRUp,30XROHIDRO-----1,53_2025,1,924,0
2025-02-22,aFRRUp,30XROHIDRO-----1,53_2025,2,0,924
2025-02-23,aFRRUp,30XROMONSONALM-O,54_2025,1,0,72
2025-02-23,aFRRUp,30XROMONSONALM-O,54_2025,2,72,
2025-02-24,aFRRUp,30XROHIDRO-----1,55_2025,1,70,1202
2025-02-24,aFRRUp,30XROHIDRO-----1,55_2025,2,1202,70
2025-02-27,aFRRUp,30XROHIDRO-----1,58_2025,1,1251,57
2025-02-27,aFRRUp,30XROHIDRO-----1,58_2025,2,57,1251
2025-03-02,aFRRUp,30XROHIDRO-----1,61_2025,1,1920,0
2025-03-02,aFRRUp,30XROHIDRO-----1,61_2025,2,0,1920
2025-03-03,aFRRUp,30XROHIDRO-----1,62_2025,1,1920,48
2025-03-03,aFRRUp,30XROHIDRO-----1,62_2025,2,48,1920
2025-03-03,aFRRUp,30XROTENGAZ----B,62_2025,1,121,566
2025-03-03,aFRRUp,30XROTENGAZ----B,62_2025,2,566,121
2025-03-04,aFRRUp,30XROHIDRO-----1,64_2025,1,1458,90
2025-03-04,aFRRUp,30XROHIDRO-----1,64_2025,2,90,1458
2025-03-05,aFRRUp,30XROHIDRO-----1,65_2025,1,1283,30
2025-03-05,aFRRUp,30XROHIDRO-----1,65_2025,2,30,1283
2025-03-06,aFRRDown,30XROMEGALODON-K,66_2025,1,120,18
2025-03-06,aFRRDown,30XROMEGALODON-K,66_2025,2,18,120
2025-03-07,aFRRUp,30XROMEGALODON-K,67_2025,1,120,2
2025-03-07,aFRRUp,30XROMEGALODON-K,67_2025,2,2,120
2025-03-08,aFRRUp,30XROHIDRO-----1,68_2025,1,1176,
2025-03-08,aFRRUp,30XROHIDRO-----1,68_2025,2,0,1920
2025-03-08,aFRRUp,30XROHIDRO-----1,68_2025,3,1920,1176
2025-03-08,aFRRUp,30XROMEGALODON-K,68_2025,1,120,24
2025-03-08,aFRRUp,30XROMEGALODON-K,68_2025,2,24,120
2025-03-09,aFRRDown,30XROMEGALODON-K,69_2025,1,120,24
2025-03-09,aFRRDown,30XROMEGALODON-K,69_2025,2,24,120
2025-03-09,aFRRUp,30XROMEGALODON-K,69_2025,1,120,24
2025-03-09,aFRRUp,30XROMEGALODON-K,69_2025,2,24,120
2025-03-10,aFRRUp,30XROHIDRO-----1,70_2025,1,1920,1176
2025-03-10,aFRRUp,30XROHIDRO-----1,70_2025,2,1176,1920
2025-03-11,aFRRUp,30XROHIDRO-----1,72_2025,1,21,1239
2025-03-11,aFRRUp,30XROHIDRO-----1,72_2025,2,1239,21
2025-03-12,aFRRUp,30XROMEGALODON-K,73_2025,1,5,120
2025-03-12,aFRRUp,30XROMEGALODON-K,73_2025,2,120,5
2025-03-13,aFRRUp,30XROMEGALODON-K,74_2025,1,120,5
2025-03-13,aFRRUp,30XROMEGALODON-K,74_2025,2,5,120
2025-03-14,aFRRUp,30XROCENCRAIOVAM,75_2025,1,26,1080
2025-03-14,aFRRUp,30XROCENCRAIOVAM,75_2025,2,1080,26
2025-03-14,aFRRUp,30XROHIDRO-----1,75_2025,1,1347,23
2025-03-14,aFRRUp,30XROHIDRO-----1,75_2025,2,23,1347
2025-03-15,aFRRUp,30XROMEGALODON-K,76_2025,1,6,120
2025-03-15,aFRRUp,30XROMEGALODON-K,76_2025,2,120,6
2025-03-15,aFRRUp,30XROHIDRO-----1,76_2025,1,48,1598
2025-03-15,aFRRUp,30XROHIDRO-----1,76_2025,2,1598,48
2025-03-17,aFRRDown,30XROMEGALODON-K,78_2025,1,120,20
2025-03-17,aFRRDown,30XROMEGALODON-K,78_2025,2,20,120
2025-03-17,aFRRUp,30XROHIDRO-----1,78_2025,1,104,1521
2025-03-17,aFRRUp,30XROHIDRO-----1,78_2025,2,1521,104
2025-03-18,aFRRDown,30XROMEGALODON-K,79_2025,1,17,120
2025-03-18,aFRRDown,30XROMEGALODON-K,79_2025,2,120,17
2025-03-19,aFRRUp,30XROHIDRO-----1,80_2025,1,35,1271
2025-03-19,aFRRUp,30XROHIDRO-----1,80_2025,2,1271,35
2025-03-20,aFRRDown,30XROMEGALODON-K,81_2025,1,120,18
2025-03-20,aFRRDown,30XROMEGALODON-K,81_2025,2,18,120
2025-03-20,aFRRUp,30XROMEGALODON-K,81_2025,1,120,5
2025-03-20,aFRRUp,30XROMEGALODON-K,81_2025,2,5,120
2025-03-21,aFRRUp,30XROMEGALODON-K,82_2025,1,120,5
2025-03-21,aFRRUp,30XROMEGALODON-K,82_2025,2,5,120
2025-03-21,aFRRUp,30XROHIDRO-----1,82_2025,1,51,951
2025-03-21,aFRRUp,30XROHIDRO-----1,82_2025,2,951,51
2025-03-22,aFRRUp,30XROMEGALODON-K,83_2025,1,0,95
2025-03-22,aFRRUp,30XROMEGALODON-K,83_2025,2,95,0
2025-03-22,aFRRUp,30XROHIDRO-----1,83_2025,2,212,
2025-03-22,aFRRUp,30XROHIDRO-----1,83_2025,4,0,212
2025-03-23,aFRRUp,30XROHIDRO-----1,84_2025,1,515,0
2025-03-23,aFRRUp,30XROHIDRO-----1,84_2025,2,0,515
2025-03-23,aFRRUp,30XROMEGALODON-K,84_2025,1,0,95
2025-03-23,aFRRUp,30XROMEGALODON-K,84_2025,2,95,0
2025-03-24,aFRRDown,30XROMEGALODON-K,85_2025,1,19,120
2025-03-24,aFRRDown,30XROMEGALODON-K,85_2025,2,120,19
2025-03-24,aFRRUp,30XROMEGALODON-K,85_2025,1,120,5
2025-03-24,aFRRUp,30XROMEGALODON-K,85_2025,2,5,120
2025-03-25,aFRRUp,30XROHIDRO-----1,86_2025,1,30,1250
2025-03-25,aFRRUp,30XROHIDRO-----1,86_2025,2,1250,30
2025-03-26,aFRRDown,30XROMEGALODON-K,87_2025,1,120,17
2025-03-26,aFRRDown,30XROMEGALODON-K,87_2025,2,17,120
2025-03-28,aFRRUp,30XROHIDRO-----1,89_2025,1,1341,73
2025-03-28,aFRRUp,30XROHIDRO-----1,89_2025,2,73,1341
2025-03-29,aFRRDown,30XROMEGALODON-K,90_2025,1,120,18
2025-03-29,aFRRDown,30XROMEGALODON-K,90_2025,2,18,120
2025-03-31,aFRRUp,30XROHIDRO-----1,92_2025,1,58,1284
2025-03-31,aFRRUp,30XROHIDRO-----1,92_2025,2,1284,58
2025-04-01,aFRRUp,30XROHIDRO-----1,93_2025,1,1289,50
2025-04-01,aFRRUp,30XROHIDRO-----1,93_2025,2,50,1289
2025-04-02,aFRRUp,30XROMEGALODON-K,94_2025,1,120,6
2025-04-02,aFRRUp,30XROMEGALODON-K,94_2025,2,6,120
2025-04-02,aFRRUp,30XROHIDRO-----1,94_2025,1,1290,51
2025-04-02,aFRRUp,30XROHIDRO-----1,94_2025,2,51,1290
2025-04-03,aFRRDown,30XROMEGALODON-K,95_2025,1,120,24
2025-04-03,aFRRDown,30XROMEGALODON-K,95_2025,2,24,120
2025-04-05,aFRRUp,30XROMEGALODON-K,97_2025,1,120,6
2025-04-05,aFRRUp,30XROMEGALODON-K,97_2025,2,6,120
2025-04-06,aFRRUp,30XROHIDRO-----1,98_2025,1,32,1519
2025-04-06,aFRRUp,30XROHIDRO-----1,98_2025,2,1519,32
2025-04-08,aFRRUp,30XROHIDRO-----1,100_2025,1,1194,50
2025-04-08,aFRRUp,30XROHIDRO-----1,100_2025,2,50,1194
2025-04-09,aFRRDown,30XROMEGALODON-K,101_2025,1,120,24
2025-04-09,aFRRDown,30XROMEGALODON-K,101_2025,2,24,120
2025-04-09,aFRRUp,30XROHIDRO-----1,101_2025,1,66,1254
2025-04-09,aFRRUp,30XROHIDRO-----1,101_2025,2,1254,66
2025-04-10,aFRRUp,30XROHIDRO-----1,103_2025,1,1346,46
2025-04-10,aFRRUp,30XROHIDRO-----1,103_2025,2,46,1346
2025-04-11,aFRRUp,30XROHIDRO-----1,104_2025,1,1325,66
2025-04-11,aFRRUp,30XROHIDRO-----1,104_2025,2,66,1325
2025-04-11,aFRRUp,30XROMEGALODON-K,104_2025,1,120,6
2025-04-11,aFRRUp,30XROMEGALODON-K,104_2025,2,6,120
2025-04-12,aFRRUp,30XROMEGALODON-K,105_2025,1,7,120
2025-04-12,aFRRUp,30XROMEGALODON-K,105_2025,2,120,7
2025-04-13,aFRRUp,30XROHIDRO-----1,106_2025,1,48,1565
2025-04-13,aFRRUp,30XROHIDRO-----1,106_2025,2,1565,48
2025-04-13,aFRRUp,30XROMEGALODON-K,106_2025,1,6,115
2025-04-13,aFRRUp,30XROMEGALODON-K,106_2025,2,115,6
2025-04-14,aFRRUp,30XROMEGALODON-K,107_2025,1,6,80
2025-04-14,aFRRUp,30XROMEGALODON-K,107_2025,2,80,6
2025-04-14,aFRRUp,30XROHIDRO-----1,107_2025,1,157,1582
2025-04-14,aFRRUp,30XROHIDRO-----1,107_2025,2,1582,157
2025-04-15,aFRRDown,30XROMEGALODON-K,108_2025,1,24,120
2025-04-15,aFRRDown,30XROMEGALODON-K,108_2025,2,120,24
2025-04-15,aFRRUp,30XROHIDRO-----1,108_2025,1,63,1304
2025-04-15,aFRRUp,30XROHIDRO-----1,108_2025,2,1304,63
2025-04-16,aFRRDown,30XROMEGALODON-K,109_2025,1,120,24
2025-04-16,aFRRDown,30XROMEGALODON-K,109_2025,2,24,120
2025-04-17,aFRRUp,30XROMEGALODON-K,110_2025,1,120,7
2025-04-17,aFRRUp,30XROMEGALODON-K,110_2025,2,7,120
2025-04-18,aFRRUp,30XROHIDRO-----1,111_2025,1,187,1667
2025-04-18,aFRRUp,30XROHIDRO-----1,111_2025,2,1667,187
2025-04-19,aFRRDown,30XROMEGALODON-K,112_2025,1,117,23
2025-04-19,aFRRDown,30XROMEGALODON-K,112_2025,2,23,117
2025-04-19,aFRRUp,30XROHIDRO-----1,112_2025,1,1893,424
2025-04-19,aFRRUp,30XROHIDRO-----1,112_2025,2,424,1893
2025-04-19,aFRRUp,30XROMEGALODON-K,112_2025,1,18,120
2025-04-19,aFRRUp,30XROMEGALODON-K,112_2025,2,120,18
2025-04-20,aFRRDown,30XROMEGALODON-K,113_2025,1,23,120
2025-04-20,aFRRDown,30XROMEGALODON-K,113_2025,2,120,23
2025-04-21,aFRRUp,30XROMEGALODON-K,114_2025,1,120,18
2025-04-21,aFRRUp,30XROMEGALODON-K,114_2025,2,18,120
2025-04-21,aFRRUp,30XROHIDRO-----1,114_2025,1,433,1908
2025-04-21,aFRRUp,30XROHIDRO-----1,114_2025,2,1908,433
2025-04-22,aFRRDown,30XROMEGALODON-K,115_2025,1,120,24
2025-04-22,aFRRDown,30XROMEGALODON-K,115_2025,2,24,120
2025-04-22,aFRRUp,30XROMEGALODON-K,115_2025,1,13,120
2025-04-22,aFRRUp,30XROMEGALODON-K,115_2025,2,120,13
2025-04-24,aFRRUp,30XROMEGALODON-K,117_2025,1,120,7
2025-04-24,aFRRUp,30XROMEGALODON-K,117_2025,2,7,120
2025-04-25,aFRRDown,30XROMEGALODON-K,118_2025,1,18,120
2025-04-25,aFRRDown,30XROMEGALODON-K,118_2025,2,120,18
2025-04-25,aFRRUp,30XROMEGALODON-K,118_2025,1,120,7
2025-04-25,aFRRUp,30XROMEGALODON-K,118_2025,2,7,120
2025-04-25,aFRRUp,30XROHIDRO-----1,118_2025,1,181,1576
2025-04-25,aFRRUp,30XROHIDRO-----1,118_2025,2,1576,181
2025-04-26,aFRRDown,30XROMEGALODON-K,119_2025,1,24,120
2025-04-26,aFRRDown,30XROMEGALODON-K,119_2025,2,120,24
2025-04-26,aFRRUp,30XROHIDRO-----1,119_2025,1,1610,
2025-04-26,aFRRUp,30XROHIDRO-----1,119_2025,2,74,
2025-04-26,aFRRUp,30XROHIDRO-----1,119_2025,3,0,1610
2025-04-26,aFRRUp,30XROHIDRO-----1,119_2025,4,0,74
2025-04-27,aFRRDown,30XROMEGALODON-K,120_2025,1,120,24
2025-04-27,aFRRDown,30XROMEGALODON-K,120_2025,2,24,120
2025-04-27,aFRRUp,30XROHIDRO-----1,120_2025,1,1617,73
2025-04-27,aFRRUp,30XROHIDRO-----1,120_2025,2,73,1617
2025-04-28,aFRRUp,30XROMEGALODON-K,121_2025,1,7,120
2025-04-28,aFRRUp,30XROMEGALODON-K,121_2025,2,120,7
2025-04-29,aFRRUp,30XROHIDRO-----1,122_2025,1,1655,205
2025-04-29,aFRRUp,30XROHIDRO-----1,122_2025,2,205,1655
2025-04-29,aFRRUp,30XROMEGALODON-K,122_2025,1,80,6
2025-04-29,aFRRUp,30XROMEGALODON-K,122_2025,2,6,80
2025-04-30,aFRRUp,30XROHIDRO-----1,123_2025,1,1600,185
2025-04-30,aFRRUp,30XROHIDRO-----1,123_2025,2,185,1600
2025-05-01,aFRRDown,30XROTRUEENERGYE,124_2025,1,0,100
2025-05-01,aFRRDown,30XROTRUEENERGYE,124_2025,2,100,
2025-05-01,aFRRUp,30XROHIDRO-----1,124_2025,1,84,1692
2025-05-01,aFRRUp,30XROHIDRO-----1,124_2025,2,1692,84
2025-05-02,aFRRUp,30XROHIDRO-----1,125_2025,1,87,1705
2025-05-02,aFRRUp,30XROHIDRO-----1,125_2025,2,1705,87
2025-05-02,aFRRUp,30XROMEGALODON-K,125_2025,1,120,7
2025-05-02,aFRRUp,30XROMEGALODON-K,125_2025,2,7,120
2025-05-03,aFRRUp,30XROMEGALODON-K,126_2025,1,7,120
2025-05-03,aFRRUp,30XROMEGALODON-K,126_2025,2,120,7
2025-05-04,aFRRDown,30XROMEGALODON-K,127_2025,1,24,120
2025-05-04,aFRRDown,30XROMEGALODON-K,127_2025,2,120,24
2025-05-06,aFRRDown,30XROMEGALODON-K,129_2025,1,19,95
2025-05-06,aFRRDown,30XROMEGALODON-K,129_2025,2,95,19
2025-05-07,aFRRDown,30XROHIDRO-----1,130_2025,1,0,44
2025-05-07,aFRRDown,30XROHIDRO-----1,130_2025,3,44,0
2025-05-07,aFRRUp,30XROHIDRO-----1,130_2025,1,1598,
2025-05-07,aFRRUp,30XROHIDRO-----1,130_2025,2,0,35
2025-05-07,aFRRUp,30XROHIDRO-----1,130_2025,3,35,
2025-05-07,aFRRUp,30XROHIDRO-----1,130_2025,4,0,1598
2025-05-07,aFRRUp,30XROMEGALODON-K,130_2025,1,108,4
2025-05-07,aFRRUp,30XROMEGALODON-K,130_2025,2,4,108
2025-05-08,aFRRDown,30XROMEGALODON-K,131_2025,1,0,120
2025-05-08,aFRRDown,30XROMEGALODON-K,131_2025,2,120,0
2025-05-08,aFRRDown,30XROHIDRO-----1,131_2025,1,960,0
2025-05-08,aFRRDown,30XROHIDRO-----1,131_2025,3,0,960
2025-05-08,aFRRUp,30XROHIDRO-----1,131_2025,1,1216,8
2025-05-08,aFRRUp,30XROHIDRO-----1,131_2025,2,8,1216
2025-05-09,aFRRDown,30XROMEGALODON-K,132_2025,1,0,120
2025-05-09,aFRRDown,30XROMEGALODON-K,132_2025,2,120,0
2025-05-09,aFRRDown,30XROTENGAZ----B,132_2025,1,721,369
2025-05-09,aFRRDown,30XROTENGAZ----B,132_2025,2,369,721
2025-05-09,aFRRUp,30XROTENGAZ----B,132_2025,1,676,671
2025-05-09,aFRRUp,30XROTENGAZ----B,132_2025,2,671,676
2025-05-09,aFRRUp,30XROHIDRO-----1,132_2025,1,130,1543
2025-05-09,aFRRUp,30XROHIDRO-----1,132_2025,2,1543,130
2025-05-10,aFRRDown,30XROMEGALODON-K,133_2025,1,120,11
2025-05-10,aFRRDown,30XROMEGALODON-K,133_2025,2,11,120
2025-05-11,aFRRDown,30XROTENGAZ----B,134_2025,1,697,675
2025-05-11,aFRRDown,30XROTENGAZ----B,134_2025,2,675,697
2025-05-11,aFRRUp,30XROMEGALODON-K,134_2025,1,5,120
2025-05-11,aFRRUp,30XROMEGALODON-K,134_2025,2,120,5
2025-05-12,aFRRDown,30XROMEGALODON-K,135_2025,1,120,11
2025-05-12,aFRRDown,30XROMEGALODON-K,135_2025,2,11,120
2025-05-12,aFRRDown,30XROTENGAZ----B,135_2025,1,643,716
2025-05-12,aFRRDown,30XROTENGAZ----B,135_2025,2,716,643
2025-05-13,aFRRDown,30XROTENGAZ----B,136_2025,1,634,714
2025-05-13,aFRRDown,30XROTENGAZ----B,136_2025,2,714,634
2025-05-13,aFRRDown,30XROMEGALODON-K,136_2025,1,70,1
2025-05-13,aFRRDown,30XROMEGALODON-K,136_2025,2,1,70
2025-05-13,aFRRUp,30XROHIDRO-----1,136_2025,1,1636,163
2025-05-13,aFRRUp,30XROHIDRO-----1,136_2025,2,163,1636
2025-05-14,aFRRDown,30XROMEGALODON-K,137_2025,1,0,115
2025-05-14,aFRRDown,30XROMEGALODON-K,137_2025,2,115,0
2025-05-14,aFRRDown,30XROTENGAZ----B,137_2025,1,276,582
2025-05-14,aFRRDown,30XROTENGAZ----B,137_2025,2,582,276
2025-05-15,aFRRDown,30XROTENGAZ----B,138_2025,1,405,320
2025-05-15,aFRRDown,30XROTENGAZ----B,138_2025,2,320,405
2025-05-15,aFRRDown,30XROHIDRO-----1,138_2025,1,602,50
2025-05-15,aFRRDown,30XROHIDRO-----1,138_2025,2,50,602
2025-05-16,aFRRDown,30XROTENGAZ----B,139_2025,1,755,725
2025-05-16,aFRRDown,30XROTENGAZ----B,139_2025,2,725,755
2025-05-16,aFRRUp,30XROBEPCO-----8,139_2025,1,6,
2025-05-16,aFRRUp,30XROBEPCO-----8,139_2025,2,0,6
2025-05-16,aFRRUp,30XROMEGALODON-K,139_2025,1,0,120
2025-05-16,aFRRUp,30XROMEGALODON-K,139_2025,2,120,0
2025-05-16,aFRRUp,30XROHIDRO-----1,139_2025,1,1130,0
2025-05-16,aFRRUp,30XROHIDRO-----1,139_2025,2,0,1130
2025-05-17,aFRRDown,30XROHIDRO-----1,140_2025,1,325,1520
2025-05-17,aFRRDown,30XROHIDRO-----1,140_2025,2,1520,325
2025-05-18,aFRRUp,30XROMEGALODON-K,141_2025,1,0,120
2025-05-18,aFRRUp,30XROMEGALODON-K,141_2025,2,120,0
2025-05-19,aFRRDown,30XROMEGALODON-K,142_2025,1,0,55
2025-05-19,aFRRDown,30XROMEGALODON-K,142_2025,2,55,0
2025-05-19,aFRRUp,30XROMEGALODON-K,142_2025,1,0,75
2025-05-19,aFRRUp,30XROMEGALODON-K,142_2025,2,75,0
2025-05-20,aFRRDown,30XROCENCRAIOVAM,143_2025,1,1320,
2025-05-20,aFRRDown,30XROCENCRAIOVAM,143_2025,2,0,1320
2025-05-21,aFRRDown,30XROBEPCO-----8,144_2025,1,62,
2025-05-21,aFRRDown,30XROBEPCO-----8,144_2025,2,0,62
2025-05-22,aFRRDown,30XROTENGAZ----B,145_2025,1,633,368
2025-05-22,aFRRDown,30XROTENGAZ----B,145_2025,2,368,633
2025-05-22,aFRRDown,30XROMEGALODON-K,145_2025,1,120,5
2025-05-22,aFRRDown,30XROMEGALODON-K,145_2025,2,5,120
2025-05-22,aFRRUp,30XROMEGALODON-K,145_2025,1,0,120
2025-05-22,aFRRUp,30XROMEGALODON-K,145_2025,2,120,0
2025-05-23,aFRRDown,30XROHIDRO-----1,146_2025,1,175,1448
2025-05-23,aFRRDown,30XROHIDRO-----1,146_2025,2,1448,175
2025-05-23,aFRRDown,30XROMEGALODON-K,146_2025,1,5,25
2025-05-23,aFRRDown,30XROMEGALODON-K,146_2025,2,25,5
2025-05-24,aFRRDown,30XROTENGAZ----B,147_2025,1,616,339
2025-05-24,aFRRDown,30XROTENGAZ----B,147_2025,2,339,616
2025-05-24,aFRRDown,30XROHIDRO-----1,147_2025,1,351,480
2025-05-24,aFRRDown,30XROHIDRO-----1,147_2025,2,480,351
2025-05-25,aFRRDown,30XROMEGALODON-K,148_2025,1,120,5
2025-05-25,aFRRDown,30XROMEGALODON-K,148_2025,2,5,120
2025-05-27,aFRRDown,30XROHIDRO-----1,150_2025,3,104,
2025-05-27,aFRRDown,30XROHIDRO-----1,150_2025,5,0,104
2025-05-27,aFRRDown,30XROMEGALODON-K,150_2025,1,90,5
2025-05-27,aFRRDown,30XROMEGALODON-K,150_2025,2,5,90
2025-05-27,aFRRUp,30XROMEGALODON-K,150_2025,1,0,120
2025-05-27,aFRRUp,30XROMEGALODON-K,150_2025,2,120,0
2025-05-28,aFRRDown,30XROMEGALODON-K,151_2025,1,90,2
2025-05-28,aFRRDown,30XROMEGALODON-K,151_2025,2,2,90
2025-05-29,aFRRDown,30XROHIDRO-----1,152_2025,1,335,244
2025-05-29,aFRRDown,30XROHIDRO-----1,152_2025,2,244,335
2025-05-29,aFRRUp,30XROMEGALODON-K,152_2025,1,0,120
2025-05-29,aFRRUp,30XROMEGALODON-K,152_2025,2,120,0
2025-05-30,aFRRDown,30XROTENGAZ----B,153_2025,1,771,801
2025-05-30,aFRRDown,30XROTENGAZ----B,153_2025,2,801,771
2025-05-30,aFRRUp,30XROHIDRO-----1,153_2025,1,0,935
2025-05-30,aFRRUp,30XROHIDRO-----1,153_2025,2,935,0
2025-05-30,aFRRUp,30XROBEPCO-----8,153_2025,1,0,6
2025-05-30,aFRRUp,30XROBEPCO-----8,153_2025,2,6,
2025-05-31,aFRRDown,30XROMEGALODON-K,154_2025,1,50,5
2025-05-31,aFRRDown,30XROMEGALODON-K,154_2025,2,5,50
2025-05-31,aFRRDown,30XROHIDRO-----1,154_2025,1,325,1277
2025-05-31,aFRRDown,30XROHIDRO-----1,154_2025,2,1277,325
2025-06-01,aFRRDown,30XROMEGALODON-K,155_2025,1,50,5
2025-06-01,aFRRDown,30XROMEGALODON-K,155_2025,2,5,50
2025-06-01,aFRRDown,30XROHIDRO-----1,155_2025,1,1274,325
2025-06-01,aFRRDown,30XROHIDRO-----1,155_2025,2,325,1274
2025-06-01,aFRRUp,30XROMEGALODON-K,155_2025,1,0,120
2025-06-01,aFRRUp,30XROMEGALODON-K,155_2025,2,120,0
2025-06-02,aFRRDown,30XROMEGALODON-K,156_2025,1,5,60
2025-06-02,aFRRDown,30XROMEGALODON-K,156_2025,2,60,5
2025-06-02,aFRRDown,30XROHIDRO-----1,156_2025,1,344,1114
2025-06-02,aFRRDown,30XROHIDRO-----1,156_2025,2,1114,344
2025-06-02,aFRRUp,30XROHIDRO-----1,156_2025,1,1920,0
2025-06-02,aFRRUp,30XROHIDRO-----1,156_2025,2,0,1920
2025-06-03,aFRRDown,30XROHIDRO-----1,157_2025,1,269,610
2025-06-03,aFRRDown,30XROHIDRO-----1,157_2025,2,610,269
2025-06-03,aFRRUp,30XROMEGALODON-K,157_2025,1,120,0
2025-06-03,aFRRUp,30XROMEGALODON-K,157_2025,2,0,120
2025-06-05,aFRRDown,30XROTENGAZ----B,163_2025,2,145,
2025-06-05,aFRRDown,30XROTENGAZ----B,163_2025,3,0,829
2025-06-05,aFRRDown,30XROTENGAZ----B,163_2025,4,829,145
2025-06-05,aFRRDown,30XROHIDRO-----1,163_2025,1,1189,0
2025-06-05,aFRRDown,30XROHIDRO-----1,163_2025,2,0,1189
2025-06-06,aFRRUp,30XROHIDRO-----1,165_2025,1,694,0
2025-06-06,aFRRUp,30XROHIDRO-----1,165_2025,2,0,694
2025-06-08,aFRRUp,30XROMEGALODON-K,168_2025,1,0,120
2025-06-08,aFRRUp,30XROMEGALODON-K,168_2025,2,120,0
2025-06-09,aFRRDown,30XROHIDRO-----1,169_2025,1,315,1310
2025-06-09,aFRRDown,30XROHIDRO-----1,169_2025,2,1310,315
2025-06-09,aFRRUp,30XROHIDRO-----1,169_2025,1,0,1456
2025-06-09,aFRRUp,30XROHIDRO-----1,169_2025,2,1456,0
2025-06-09,aFRRUp,30XROMEGALODON-K,169_2025,1,0,120
2025-06-09,aFRRUp,30XROMEGALODON-K,169_2025,2,120,0
2025-06-10,aFRRUp,30XROHIDRO-----1,170_2025,1,0,1461
2025-06-10,aFRRUp,30XROHIDRO-----1,170_2025,2,1461,0
2025-06-11,aFRRUp,30XROMEGALODON-K,175_2025,1,0,120
2025-06-11,aFRRUp,30XROMEGALODON-K,175_2025,2,120,0
2025-06-12,aFRRUp,30XROMEGALODON-K,177_2025,1,0,120
2025-06-12,aFRRUp,30XROMEGALODON-K,177_2025,2,120,0
2025-06-13,aFRRDown,30XROHIDRO-----1,179_2025,1,1520,115
2025-06-13,aFRRDown,30XROHIDRO-----1,179_2025,2,115,1520
2025-06-13,aFRRDown,30XROMEGALODON-K,179_2025,1,120,5
2025-06-13,aFRRDown,30XROMEGALODON-K,179_2025,2,5,120
2025-06-13,aFRRUp,30XROMEGALODON-K,179_2025,1,0,14
2025-06-13,aFRRUp,30XROMEGALODON-K,179_2025,2,14,0
2025-06-13,aFRRUp,30XROHIDRO-----1,179_2025,1,1920,0
2025-06-13,aFRRUp,30XROHIDRO-----1,179_2025,2,0,1920
2025-06-13,aFRRUp,30XROTENGAZ----B,179_2025,1,834,1006
2025-06-13,aFRRUp,30XROTENGAZ----B,179_2025,2,1006,834
2025-06-14,FCR,30XROHIDRO-----1,184_2025,1,1284,
2025-06-14,FCR,30XROHIDRO-----1,184_2025,2,0,1284.0
2025-06-14,aFRRDown,30XROHIDRO-----1,181_2025,1,209,1196.0
2025-06-14,aFRRDown,30XROHIDRO-----1,181_2025,2,1196,209.0
2025-06-14,aFRRDown,30XROTENGAZ----B,181_2025,1,894,1034.0
2025-06-14,aFRRDown,30XROTENGAZ----B,181_2025,2,1034,894.0
2025-06-14,aFRRUp,30XROTENGAZ----B,181_2025,1,830,991.0
2025-06-14,aFRRUp,30XROTENGAZ----B,181_2025,2,991,830.0
2025-06-15,aFRRUp,30XROTENGAZ----B,182_2025,1,656,1006
2025-06-15,aFRRUp,30XROTENGAZ----B,182_2025,2,1006,656
2025-06-15,aFRRUp,30XROHIDRO-----1,182_2025,1,1920,0
2025-06-15,aFRRUp,30XROHIDRO-----1,182_2025,2,0,1920
2025-06-16,aFRRDown,30XROHIDRO-----1,183_2025,1,0,1197
2025-06-16,aFRRDown,30XROHIDRO-----1,183_2025,2,190,
2025-06-16,aFRRDown,30XROHIDRO-----1,183_2025,4,1197,190
2025-06-16,aFRRUp,30XROHIDRO-----1,183_2025,2,0,1920
2025-06-16,aFRRUp,30XROHIDRO-----1,183_2025,3,1920,0
2025-06-17,aFRRDown,30XROTENGAZ----B,187_2025,1,421,195
2025-06-17,aFRRDown,30XROTENGAZ----B,187_2025,2,195,421
2025-06-17,aFRRUp,30XROTENGAZ----B,187_2025,1,0,438
2025-06-17,aFRRUp,30XROTENGAZ----B,187_2025,2,438,0
2025-06-17,aFRRUp,30XROMEGALODON-K,187_2025,1,0,120
2025-06-17,aFRRUp,30XROMEGALODON-K,187_2025,2,120,0
2025-06-18,FCR,30XROHIDRO-----1,190_2025,1,0,1760
2025-06-18,FCR,30XROHIDRO-----1,190_2025,2,1760,
2025-06-18,aFRRDown,30XROHIDRO-----1,189_2025,1,95,227
2025-06-18,aFRRDown,30XROHIDRO-----1,189_2025,2,227,95
2025-06-18,aFRRDown,30XROMEGALODON-K,189_2025,1,105,5
2025-06-18,aFRRDown,30XROMEGALODON-K,189_2025,2,5,105
2025-06-18,aFRRUp,30XROHIDRO-----1,189_2025,1,0,1920
2025-06-18,aFRRUp,30XROHIDRO-----1,189_2025,2,1920,0
2025-06-18,aFRRUp,30XROTENGAZ----B,189_2025,1,1020,469
2025-06-18,aFRRUp,30XROTENGAZ----B,189_2025,2,469,1020
2025-06-19,aFRRDown,30XROMEGALODON-K,191_2025,1,120,5
2025-06-19,aFRRDown,30XROMEGALODON-K,191_2025,2,5,120
2025-06-19,aFRRDown,30XROTENGAZ----B,191_2025,1,409,289
2025-06-19,aFRRDown,30XROTENGAZ----B,191_2025,2,289,409
2025-06-19,aFRRUp,30XROTENGAZ----B,191_2025,1,662,1002
2025-06-19,aFRRUp,30XROTENGAZ----B,191_2025,2,1002,662
2025-06-19,aFRRUp,30XROMEGALODON-K,191_2025,1,120,0
2025-06-19,aFRRUp,30XROMEGALODON-K,191_2025,2,0,120
2025-06-20,aFRRDown,30XROTENGAZ----B,193_2025,1,137,235
2025-06-20,aFRRDown,30XROTENGAZ----B,193_2025,2,235,137
2025-06-20,aFRRUp,30XROTENGAZ----B,193_2025,1,337,147
2025-06-20,aFRRUp,30XROTENGAZ----B,193_2025,2,147,337
2025-06-21,aFRRDown,30XROHIDRO-----1,195_2025,1,229,238
2025-06-21,aFRRDown,30XROHIDRO-----1,195_2025,2,238,229
2025-06-21,aFRRDown,30XROMEGALODON-K,195_2025,1,5,65
2025-06-21,aFRRDown,30XROMEGALODON-K,195_2025,2,65,5
2025-06-21,aFRRDown,30XROTRUEENERGYE,195_2025,1,94,
2025-06-21,aFRRDown,30XROTRUEENERGYE,195_2025,2,0,94
2025-06-21,aFRRDown,30XROTENGAZ----B,195_2025,1,721,735
2025-06-21,aFRRDown,30XROTENGAZ----B,195_2025,2,735,721
2025-06-21,aFRRUp,30XROHIDRO-----1,195_2025,1,15,1920
2025-06-21,aFRRUp,30XROHIDRO-----1,195_2025,2,1920,15
2025-06-22,aFRRDown,30XROTENGAZ----B,196_2025,1,735,721
2025-06-22,aFRRDown,30XROTENGAZ----B,196_2025,2,721,735
2025-06-22,aFRRDown,30XROHIDRO-----1,196_2025,1,273,140
2025-06-22,aFRRDown,30XROHIDRO-----1,196_2025,2,140,273
2025-06-22,aFRRUp,30XROMEGALODON-K,196_2025,1,20,3
2025-06-22,aFRRUp,30XROMEGALODON-K,196_2025,2,3,20
2025-06-22,aFRRUp,30XROHIDRO-----1,196_2025,1,15,1920
2025-06-22,aFRRUp,30XROHIDRO-----1,196_2025,2,1920,15
2025-06-23,aFRRDown,30XROTENGAZ----B,197_2025,1,725,648
2025-06-23,aFRRDown,30XROTENGAZ----B,197_2025,2,648,725
2025-06-23,aFRRDown,30XROMEGALODON-K,197_2025,1,95,5
2025-06-23,aFRRDown,30XROMEGALODON-K,197_2025,2,5,95
2025-06-24,aFRRDown,30XROMEGALODON-K,198_2025,1,5,
2025-06-24,aFRRDown,30XROMEGALODON-K,198_2025,2,0,5
2025-06-24,aFRRUp,30XROMEGALODON-K,198_2025,1,0,1
2025-06-24,aFRRUp,30XROMEGALODON-K,198_2025,2,2,
2025-06-24,aFRRUp,30XROMEGALODON-K,198_2025,3,0,2
2025-06-24,aFRRUp,30XROMEGALODON-K,198_2025,4,1,
2025-06-25,aFRRDown,30XROMEGALODON-K,203_2025,1,0,21
2025-06-25,aFRRDown,30XROMEGALODON-K,203_2025,2,21,
2025-06-25,aFRRUp,30XROTENGAZ----B,203_2025,1,452,308
2025-06-25,aFRRUp,30XROTENGAZ----B,203_2025,2,308,452
2025-06-26,aFRRDown,30XROHIDRO-----1,205_2025,1,80,0
2025-06-26,aFRRDown,30XROHIDRO-----1,205_2025,2,0,80
2025-06-27,aFRRDown,30XROMEGALODON-K,207_2025,1,120,
2025-06-27,aFRRDown,30XROMEGALODON-K,207_2025,2,0,120
2025-06-27,aFRRUp,30XROHIDRO-----1,207_2025,1,0,1920
2025-06-27,aFRRUp,30XROHIDRO-----1,207_2025,2,1920,0
2025-06-28,aFRRDown,30XROHIDRO-----1,209_2025,1,0,6
2025-06-28,aFRRDown,30XROHIDRO-----1,209_2025,2,6,0
2025-06-28,aFRRDown,30XROMEGALODON-K,209_2025,1,0,38
2025-06-28,aFRRDown,30XROMEGALODON-K,209_2025,2,38,
2025-06-28,aFRRUp,30XROMEGALODON-K,209_2025,1,0,33
2025-06-28,aFRRUp,30XROMEGALODON-K,209_2025,2,33,
2025-06-29,aFRRDown,30XROHIDRO-----1,210_2025,1,0,181
2025-06-29,aFRRDown,30XROHIDRO-----1,210_2025,2,181,0
2025-06-29,aFRRUp,30XROHIDRO-----1,210_2025,1,12,616
2025-06-29,aFRRUp,30XROHIDRO-----1,210_2025,2,616,12
2025-06-30,aFRRUp,30XROTENGAZ----B,211_2025,1,613,675
2025-06-30,aFRRUp,30XROTENGAZ----B,211_2025,2,675,613
2025-07-02,aFRRDown,30XROTENGAZ----B,217_2025,1,203,320
2025-07-02,aFRRDown,30XROTENGAZ----B,217_2025,2,320,203
2025-07-02,aFRRDown,30XROMEGALODON-K,217_2025,1,72,
2025-07-02,aFRRDown,30XROMEGALODON-K,217_2025,2,0,72
2025-07-02,aFRRUp,30XROTENGAZ----B,217_2025,1,89,383
2025-07-02,aFRRUp,30XROTENGAZ----B,217_2025,2,383,89
2025-07-02,aFRRUp,30XROHIDRO-----1,217_2025,1,0,1637
2025-07-02,aFRRUp,30XROHIDRO-----1,217_2025,2,1637,0
2025-07-02,aFRRUp,30XROMEGALODON-K,217_2025,1,72,
2025-07-02,aFRRUp,30XROMEGALODON-K,217_2025,2,0,72
2025-07-03,aFRRDown,30XROHIDRO-----1,219_2025,1,12,30
2025-07-03,aFRRDown,30XROHIDRO-----1,219_2025,2,30,12
2025-07-03,aFRRUp,30XROHIDRO-----1,219_2025,1,389,40
2025-07-03,aFRRUp,30XROHIDRO-----1,219_2025,2,40,389
2025-07-03,aFRRUp,30XROMEGALODON-K,219_2025,1,0,72
2025-07-03,aFRRUp,30XROMEGALODON-K,219_2025,2,72,
2025-07-04,aFRRDown,30XROTENGAZ----B,222_2025,2,758,
2025-07-04,aFRRDown,30XROTENGAZ----B,222_2025,3,0,758
2025-07-04,aFRRUp,30XROMEGALODON-K,222_2025,1,48,
2025-07-04,aFRRUp,30XROMEGALODON-K,222_2025,2,0,48
2025-07-05,aFRRUp,30XROHIDRO-----1,224_2025,1,219,0
2025-07-05,aFRRUp,30XROHIDRO-----1,224_2025,2,0,219
2025-07-06,aFRRUp,30XROHIDRO-----1,225_2025,1,243,0
2025-07-06,aFRRUp,30XROHIDRO-----1,225_2025,2,0,243
2025-07-07,aFRRUp,30XROHIDRO-----1,226_2025,3,310,
2025-07-07,aFRRUp,30XROHIDRO-----1,226_2025,4,0,310
2025-07-07,aFRRUp,30XROMEGALODON-K,226_2025,1,0,25
2025-07-07,aFRRUp,30XROMEGALODON-K,226_2025,2,25,
2025-07-08,aFRRUp,30XROHIDRO-----1,227_2025,1,377,39
2025-07-08,aFRRUp,30XROHIDRO-----1,227_2025,2,39,377
2025-07-09,aFRRDown,30XROMEGALODON-K,232_2025,1,0,120
2025-07-09,aFRRDown,30XROMEGALODON-K,232_2025,2,120,
2025-07-10,aFRRDown,30XROGLYPTODON-B,234_2025,1,201,0
2025-07-10,aFRRDown,30XROGLYPTODON-B,234_2025,2,0,201
2025-07-10,aFRRUp,30XROHIDRO-----1,234_2025,1,209,
2025-07-10,aFRRUp,30XROHIDRO-----1,234_2025,4,0,209
2025-07-10,aFRRUp,30XROMEGALODON-K,234_2025,1,110,
2025-07-10,aFRRUp,30XROMEGALODON-K,234_2025,2,0,110
2025-07-11,aFRRDown,30XROGLYPTODON-B,236_2025,1,324,0
2025-07-11,aFRRDown,30XROGLYPTODON-B,236_2025,2,0,324
2025-07-11,aFRRUp,30XROHIDRO-----1,236_2025,1,0,227
2025-07-11,aFRRUp,30XROHIDRO-----1,236_2025,2,227,0
2025-07-11,aFRRUp,30XROMEGALODON-K,236_2025,1,75,
2025-07-11,aFRRUp,30XROMEGALODON-K,236_2025,2,0,75
2025-07-12,aFRRUp,30XROMEGALODON-K,238_2025,1,0,120
2025-07-12,aFRRUp,30XROMEGALODON-K,238_2025,2,120,
2025-07-12,aFRRUp,30XROTENGAZ----B,238_2025,1,655,
2025-07-12,aFRRUp,30XROTENGAZ----B,238_2025,2,0,655
2025-07-13,aFRRDown,30XROGLYPTODON-B,239_2025,1,0,327
2025-07-13,aFRRDown,30XROGLYPTODON-B,239_2025,2,327,0
2025-07-13,aFRRDown,30XROMEGALODON-K,239_2025,1,120,
2025-07-13,aFRRDown,30XROMEGALODON-K,239_2025,2,0,120
2025-07-14,aFRRDown,30XROGLYPTODON-B,240_2025,1,353,0
2025-07-14,aFRRDown,30XROGLYPTODON-B,240_2025,2,0,353
2025-07-14,aFRRUp,30XROMEGALODON-K,240_2025,1,120,
2025-07-14,aFRRUp,30XROMEGALODON-K,240_2025,2,0,120
2025-07-15,aFRRDown,30XROGLYPTODON-B,241_2025,1,325,0
2025-07-15,aFRRDown,30XROGLYPTODON-B,241_2025,2,0,325
2025-07-15,aFRRDown,30XROTENGAZ----B,241_2025,1,647,751
2025-07-15,aFRRDown,30XROTENGAZ----B,241_2025,2,751,647
2025-07-15,aFRRUp,30XROHIDRO-----1,241_2025,1,0,248
2025-07-15,aFRRUp,30XROHIDRO-----1,241_2025,2,248,0
2025-07-16,aFRRDown,30XROGLYPTODON-B,246_2025,1,272,0
2025-07-16,aFRRDown,30XROGLYPTODON-B,246_2025,2,0,272
2025-07-16,aFRRDown,30XROMEGALODON-K,246_2025,1,0,120
2025-07-16,aFRRDown,30XROMEGALODON-K,246_2025,2,120,
2025-07-16,aFRRUp,30XROMEGALODON-K,246_2025,1,120,
2025-07-16,aFRRUp,30XROMEGALODON-K,246_2025,2,0,120
2025-07-16,aFRRUp,30XROHIDRO-----1,246_2025,1,255,
2025-07-16,aFRRUp,30XROHIDRO-----1,246_2025,2,0,255
2025-07-17,aFRRDown,30XROMEGALODON-K,248_2025,1,120,
2025-07-17,aFRRDown,30XROMEGALODON-K,248_2025,2,0,120
2025-07-17,aFRRUp,30XROMEGALODON-K,248_2025,1,115,
2025-07-17,aFRRUp,30XROMEGALODON-K,248_2025,2,0,115
2025-07-17,aFRRUp,30XROHIDRO-----1,248_2025,1,72,341
2025-07-17,aFRRUp,30XROHIDRO-----1,248_2025,2,341,72
2025-07-19,aFRRDown,30XROGLYPTODON-B,251_2025,1,299,8
2025-07-19,aFRRDown,30XROGLYPTODON-B,251_2025,2,8,299
2025-07-19,aFRRUp,30XROHIDRO-----1,251_2025,1,0,275
2025-07-19,aFRRUp,30XROHIDRO-----1,251_2025,2,275,0
2025-07-19,aFRRUp,30XROMEGALODON-K,251_2025,1,120,
2025-07-19,aFRRUp,30XROMEGALODON-K,251_2025,2,0,120
2025-07-19,aFRRUp,30XROGLYPTODON-B,251_2025,1,8,216
2025-07-19,aFRRUp,30XROGLYPTODON-B,251_2025,2,216,8
2025-07-20,aFRRDown,30XROMEGALODON-K,252_2025,1,0,111
2025-07-20,aFRRDown,30XROMEGALODON-K,252_2025,2,111,
2025-07-20,aFRRUp,30XROGLYPTODON-B,252_2025,1,18,216
2025-07-20,aFRRUp,30XROGLYPTODON-B,252_2025,2,216,18
2025-07-21,aFRRDown,30XROHIDRO-----1,253_2025,1,1,207
2025-07-21,aFRRDown,30XROHIDRO-----1,253_2025,2,207,1
2025-07-21,aFRRDown,30XROGLYPTODON-B,253_2025,1,12,380
2025-07-21,aFRRDown,30XROGLYPTODON-B,253_2025,2,380,12
2025-07-21,aFRRDown,30XROTENGAZ----B,253_2025,1,752,688
2025-07-21,aFRRDown,30XROTENGAZ----B,253_2025,2,688,752
2025-07-21,aFRRUp,30XROHIDRO-----1,253_2025,1,339,9
2025-07-21,aFRRUp,30XROHIDRO-----1,253_2025,2,9,339
2025-07-22,aFRRDown,30XROMEGALODON-K,254_2025,1,0,108
2025-07-22,aFRRDown,30XROMEGALODON-K,254_2025,2,108,
2025-07-22,aFRRUp,30XROMEGALODON-K,254_2025,1,0,120
2025-07-22,aFRRUp,30XROMEGALODON-K,254_2025,2,120,
2025-07-23,aFRRDown,30XROTENGAZ----B,260_2025,1,743,494
2025-07-23,aFRRDown,30XROTENGAZ----B,260_2025,2,494,743
2025-07-23,aFRRDown,30XROMEGALODON-K,260_2025,1,0,108
2025-07-23,aFRRDown,30XROMEGALODON-K,260_2025,2,108,
2025-07-23,aFRRDown,30XROGLYPTODON-B,260_2025,1,393,0
2025-07-23,aFRRDown,30XROGLYPTODON-B,260_2025,2,0,393
2025-07-23,aFRRUp,30XROGLYPTODON-B,260_2025,1,7,209
2025-07-23,aFRRUp,30XROGLYPTODON-B,260_2025,2,209,7
2025-07-24,aFRRUp,30XROHIDRO-----1,262_2025,1,0,714
2025-07-24,aFRRUp,30XROHIDRO-----1,262_2025,2,714,0
2025-07-24,aFRRUp,30XROGLYPTODON-B,262_2025,1,214,20
2025-07-24,aFRRUp,30XROGLYPTODON-B,262_2025,2,20,214
2025-07-24,aFRRUp,30XROMEGALODON-K,262_2025,1,0,120
2025-07-24,aFRRUp,30XROMEGALODON-K,262_2025,2,120,
2025-07-24,aFRRUp,30XROTENGAZ----B,262_2025,1,688,354
2025-07-24,aFRRUp,30XROTENGAZ----B,262_2025,2,354,688
2025-07-26,aFRRDown,30XROGLYPTODON-B,266_2025,1,359,0
2025-07-26,aFRRDown,30XROGLYPTODON-B,266_2025,2,0,359
2025-07-26,aFRRUp,30XROMEGALODON-K,266_2025,1,0,115
2025-07-26,aFRRUp,30XROMEGALODON-K,266_2025,2,115,
2025-07-27,aFRRDown,30XROHIDRO-----1,267_2025,1,6,0
2025-07-27,aFRRDown,30XROHIDRO-----1,267_2025,2,0,6
2025-07-27,aFRRDown,30XROMEGALODON-K,267_2025,1,0,114
2025-07-27,aFRRDown,30XROMEGALODON-K,267_2025,2,114,
2025-07-27,aFRRUp,30XROMEGALODON-K,267_2025,1,115,
2025-07-27,aFRRUp,30XROMEGALODON-K,267_2025,2,0,115
2025-07-27,aFRRUp,30XROGLYPTODON-B,267_2025,1,191,10
2025-07-27,aFRRUp,30XROGLYPTODON-B,267_2025,2,10,191
2025-07-27,aFRRUp,30XROHIDRO-----1,267_2025,1,260,0
2025-07-27,aFRRUp,30XROHIDRO-----1,267_2025,2,0,260
2025-07-28,aFRRDown,30XROMEGALODON-K,268_2025,1,0,103
2025-07-28,aFRRDown,30XROMEGALODON-K,268_2025,2,103,
2025-07-28,aFRRDown,30XROGLYPTODON-B,268_2025,1,282,0
2025-07-28,aFRRDown,30XROGLYPTODON-B,268_2025,2,0,282
2025-07-29,aFRRUp,30XROGLYPTODON-B,269_2025,1,6,211
2025-07-29,aFRRUp,30XROGLYPTODON-B,269_2025,2,211,6
2025-07-30,aFRRDown,30XROGLYPTODON-B,276_2025,1,297,0
2025-07-30,aFRRDown,30XROGLYPTODON-B,276_2025,2,0,297
2025-07-30,aFRRUp,30XROMEGALODON-K,276_2025,1,33,
2025-07-30,aFRRUp,30XROMEGALODON-K,276_2025,2,0,33
2025-07-31,aFRRDown,30XROMEGALODON-K,277_2025,1,0,105
2025-07-31,aFRRDown,30XROMEGALODON-K,277_2025,2,105,
2025-07-31,aFRRUp,30XROMEGALODON-K,277_2025,1,0,120
2025-07-31,aFRRUp,30XROMEGALODON-K,277_2025,2,120,
2025-08-01,aFRRDown,30XROMEGALODON-K,281_2025,1,105,
2025-08-01,aFRRDown,30XROMEGALODON-K,281_2025,2,0,105
2025-08-01,aFRRDown,30XROTENGAZ----B,281_2025,2,0,744
2025-08-01,aFRRDown,30XROTENGAZ----B,281_2025,3,744,
2025-08-01,aFRRUp,30XROHIDRO-----1,281_2025,1,293,0
2025-08-01,aFRRUp,30XROHIDRO-----1,281_2025,2,0,293
2025-08-02,FCR,30XROHIDRO-----1,287_2025,4,0,1290
2025-08-02,FCR,30XROHIDRO-----1,287_2025,5,1290,
2025-08-02,aFRRDown,30XROGLYPTODON-B,283_2025,1,3,416
2025-08-02,aFRRDown,30XROGLYPTODON-B,283_2025,2,416,3
2025-08-02,aFRRDown,30XROMEGALODON-K,283_2025,1,0,101
2025-08-02,aFRRDown,30XROMEGALODON-K,283_2025,2,101,
2025-08-02,aFRRUp,30XROGLYPTODON-B,283_2025,1,5,165
2025-08-02,aFRRUp,30XROGLYPTODON-B,283_2025,2,165,5
2025-08-02,aFRRUp,30XROMEGALODON-K,283_2025,1,0,120
2025-08-02,aFRRUp,30XROMEGALODON-K,283_2025,2,120,
2025-08-03,aFRRDown,30XROGLYPTODON-B,284_2025,1,337,3
2025-08-03,aFRRDown,30XROGLYPTODON-B,284_2025,2,3,337
2025-08-03,aFRRDown,30XROMEGALODON-K,284_2025,1,101,
2025-08-03,aFRRDown,30XROMEGALODON-K,284_2025,2,0,101
2025-08-03,aFRRUp,30XROMEGALODON-K,284_2025,1,120,
2025-08-03,aFRRUp,30XROMEGALODON-K,284_2025,2,0,120
2025-08-03,aFRRUp,30XROGLYPTODON-B,284_2025,1,5,188
2025-08-03,aFRRUp,30XROGLYPTODON-B,284_2025,2,188,5
2025-08-04,aFRRUp,30XROMONSONALM-O,285_2025,1,0,120
2025-08-04,aFRRUp,30XROMONSONALM-O,285_2025,2,120,
2025-08-05,aFRRDown,30XRONPGSP-----8,286_2025,1,24,0
2025-08-05,aFRRDown,30XRONPGSP-----8,286_2025,2,0,24
2025-08-05,aFRRDown,30XROTENGAZ----B,286_2025,3,24,65
2025-08-05,aFRRDown,30XROTENGAZ----B,286_2025,4,65,24
2025-08-05,aFRRDown,30XROMEGALODON-K,286_2025,1,120,
2025-08-05,aFRRDown,30XROMEGALODON-K,286_2025,2,0,120
2025-08-05,aFRRDown,30XROGLYPTODON-B,286_2025,1,312,0
2025-08-05,aFRRDown,30XROGLYPTODON-B,286_2025,2,0,312
2025-08-05,aFRRDown,30XRO-NPS50----C,286_2025,1,0,24
2025-08-05,aFRRDown,30XRO-NPS50----C,286_2025,2,24,0
2025-08-05,aFRRUp,30XROGLYPTODON-B,286_2025,1,6,70
2025-08-05,aFRRUp,30XROGLYPTODON-B,286_2025,2,70,6
2025-08-05,aFRRUp,30XROHIDRO-----1,286_2025,1,0,257
2025-08-05,aFRRUp,30XROHIDRO-----1,286_2025,2,257,0
2025-08-06,aFRRDown,30XROTENGAZ----B,291_2025,1,744,24
2025-08-06,aFRRDown,30XROTENGAZ----B,291_2025,2,24,744
2025-08-06,aFRRDown,30XROGLYPTODON-B,291_2025,1,0,216
2025-08-06,aFRRDown,30XROGLYPTODON-B,291_2025,2,216,0
2025-08-06,aFRRDown,30XRONPGSP-----8,291_2025,1,24,735
2025-08-06,aFRRDown,30XRONPGSP-----8,291_2025,2,735,24
2025-08-06,aFRRUp,30XROHIDRO-----1,291_2025,1,261,0
2025-08-06,aFRRUp,30XROHIDRO-----1,291_2025,2,0,261
2025-08-06,aFRRUp,30XROGLYPTODON-B,291_2025,1,6,216
2025-08-06,aFRRUp,30XROGLYPTODON-B,291_2025,2,216,6
2025-08-07,aFRRDown,30XROMEGALODON-K,293_2025,1,0,120
2025-08-07,aFRRDown,30XROMEGALODON-K,293_2025,2,120,
2025-08-07,aFRRDown,30XROGLYPTODON-B,293_2025,1,216,9
2025-08-07,aFRRDown,30XROGLYPTODON-B,293_2025,2,9,216
2025-08-07,aFRRUp,30XROMEGALODON-K,293_2025,1,0,120
2025-08-07,aFRRUp,30XROMEGALODON-K,293_2025,2,120,
2025-08-08,aFRRDown,30XROGLYPTODON-B,295_2025,1,216,0
2025-08-08,aFRRDown,30XROGLYPTODON-B,295_2025,2,0,216
2025-08-08,aFRRUp,30XROHIDRO-----1,295_2025,1,0,295
2025-08-08,aFRRUp,30XROHIDRO-----1,295_2025,2,295,0
2025-08-08,aFRRUp,30XROMEGALODON-K,295_2025,1,120,
2025-08-08,aFRRUp,30XROMEGALODON-K,295_2025,2,0,120
2025-08-09,aFRRDown,30XROGLYPTODON-B,298_2025,1,0,216
2025-08-09,aFRRDown,30XROGLYPTODON-B,298_2025,2,216,0
2025-08-09,aFRRDown,30XROTENGAZ----B,298_2025,1,729,744
2025-08-09,aFRRDown,30XROTENGAZ----B,298_2025,2,744,729
2025-08-09,aFRRUp,30XROGLYPTODON-B,298_2025,1,158,7
2025-08-09,aFRRUp,30XROGLYPTODON-B,298_2025,2,7,158
2025-08-09,aFRRUp,30XROHIDRO-----1,298_2025,1,211,0
2025-08-09,aFRRUp,30XROHIDRO-----1,298_2025,2,0,211
2025-08-10,aFRRDown,30XROMEGALODON-K,299_2025,1,0,120
2025-08-10,aFRRDown,30XROMEGALODON-K,299_2025,2,120,
2025-08-10,aFRRDown,30XROTENGAZ----B,299_2025,1,729,744
2025-08-10,aFRRDown,30XROTENGAZ----B,299_2025,2,744,729
2025-08-10,aFRRUp,30XROGLYPTODON-B,299_2025,1,7,152
2025-08-10,aFRRUp,30XROGLYPTODON-B,299_2025,2,152,7
2025-08-12,aFRRDown,30XROGLYPTODON-B,301_2025,1,0,81
2025-08-12,aFRRDown,30XROGLYPTODON-B,301_2025,2,81,0
2025-08-12,aFRRDown,30XROTENGAZ----B,301_2025,1,452,203
2025-08-12,aFRRDown,30XROTENGAZ----B,301_2025,2,203,452
2025-08-12,aFRRUp,30XROMEGALODON-K,301_2025,1,0,85
2025-08-12,aFRRUp,30XROMEGALODON-K,301_2025,2,85,
2025-08-12,aFRRUp,30XROGLYPTODON-B,301_2025,1,186,7
2025-08-12,aFRRUp,30XROGLYPTODON-B,301_2025,2,7,186
2025-08-13,aFRRDown,30XROMEGALODON-K,306_2025,1,0,120
2025-08-13,aFRRDown,30XROMEGALODON-K,306_2025,2,120,
2025-08-13,aFRRUp,30XROMEGALODON-K,306_2025,1,120,
2025-08-13,aFRRUp,30XROMEGALODON-K,306_2025,2,0,120
2025-08-13,aFRRUp,30XROGLYPTODON-B,306_2025,1,7,193
2025-08-13,aFRRUp,30XROGLYPTODON-B,306_2025,2,193,7
2025-08-14,aFRRDown,30XROTENGAZ----B,308_2025,1,755,416
2025-08-14,aFRRDown,30XROTENGAZ----B,308_2025,2,416,755
2025-08-14,aFRRDown,30XROHIDRO-----1,308_2025,1,45,18
2025-08-14,aFRRDown,30XROHIDRO-----1,308_2025,2,18,45
2025-08-14,aFRRUp,30XROGLYPTODON-B,308_2025,1,7,153
2025-08-14,aFRRUp,30XROGLYPTODON-B,308_2025,2,153,7
2025-08-14,aFRRUp,30XROHIDRO-----1,308_2025,1,326,0
2025-08-14,aFRRUp,30XROHIDRO-----1,308_2025,2,0,326
2025-08-15,aFRRDown,30XROMEGALODON-K,310_2025,1,0,120
2025-08-15,aFRRDown,30XROMEGALODON-K,310_2025,2,120,
2025-08-15,aFRRDown,30XROHIDRO-----1,310_2025,1,1520,25
2025-08-15,aFRRDown,30XROHIDRO-----1,310_2025,2,25,1520
2025-08-15,aFRRUp,30XROGLYPTODON-B,310_2025,1,8,179
2025-08-15,aFRRUp,30XROGLYPTODON-B,310_2025,2,179,8
2025-08-15,aFRRUp,30XROMEGALODON-K,310_2025,1,82,
2025-08-15,aFRRUp,30XROMEGALODON-K,310_2025,2,0,82
2025-08-16,aFRRDown,30XROHIDRO-----1,311_2025,1,0,25
2025-08-16,aFRRDown,30XROHIDRO-----1,311_2025,3,25,
2025-08-16,aFRRDown,30XROTENGAZ----B,311_2025,1,385,319
2025-08-16,aFRRDown,30XROTENGAZ----B,311_2025,2,319,385
2025-08-16,aFRRDown,30XROMEGALODON-K,311_2025,1,0,120
2025-08-16,aFRRDown,30XROMEGALODON-K,311_2025,2,120,
2025-08-16,aFRRUp,30XROHIDRO-----1,311_2025,2,0,279
2025-08-16,aFRRUp,30XROHIDRO-----1,311_2025,3,279,0
2025-08-17,FCR,30XROHIDRO-----1,317_2025,2,1276,
2025-08-17,FCR,30XROHIDRO-----1,317_2025,3,0,1276
2025-08-17,aFRRDown,30XROMEGALODON-K,312_2025,1,0,120
2025-08-17,aFRRDown,30XROMEGALODON-K,312_2025,2,120,
2025-08-17,aFRRUp,30XROHIDRO-----1,312_2025,1,229,0
2025-08-17,aFRRUp,30XROHIDRO-----1,312_2025,2,0,229
2025-08-17,aFRRUp,30XROGLYPTODON-B,312_2025,1,144,8
2025-08-17,aFRRUp,30XROGLYPTODON-B,312_2025,2,8,144
2025-08-18,FCR,30XROHIDRO-----1,318_2025,1,1406,
2025-08-18,FCR,30XROHIDRO-----1,318_2025,2,0,1406
2025-08-18,aFRRDown,30XROMEGALODON-K,313_2025,1,120,
2025-08-18,aFRRDown,30XROMEGALODON-K,313_2025,2,0,120
2025-08-18,aFRRDown,30XROHIDRO-----1,313_2025,2,0,1520
2025-08-18,aFRRDown,30XROHIDRO-----1,313_2025,4,1520,
2025-08-18,aFRRUp,30XROHIDRO-----1,313_2025,2,314,
2025-08-18,aFRRUp,30XROHIDRO-----1,313_2025,3,0,314
2025-08-18,aFRRUp,30XROGLYPTODON-B,313_2025,1,7,153
2025-08-18,aFRRUp,30XROGLYPTODON-B,313_2025,2,153,7
2025-08-19,aFRRDown,30XROMEGALODON-K,314_2025,1,0,120
2025-08-19,aFRRDown,30XROMEGALODON-K,314_2025,2,120,
2025-08-19,aFRRDown,30XROHIDRO-----1,314_2025,1,160,45
2025-08-19,aFRRDown,30XROHIDRO-----1,314_2025,2,45,160
2025-08-19,aFRRUp,30XROHIDRO-----1,314_2025,1,328,0
2025-08-19,aFRRUp,30XROHIDRO-----1,314_2025,2,0,328
2025-08-19,aFRRUp,30XROTENGAZ----B,314_2025,1,666,519
2025-08-19,aFRRUp,30XROTENGAZ----B,314_2025,2,519,666
2025-08-19,aFRRUp,30XROMEGALODON-K,314_2025,1,0,55
2025-08-19,aFRRUp,30XROMEGALODON-K,314_2025,2,55,
2025-08-20,aFRRUp,30XROGLYPTODON-B,320_2025,1,102,8
2025-08-20,aFRRUp,30XROGLYPTODON-B,320_2025,2,8,102
2025-08-21,aFRRDown,30XROHIDRO-----1,322_2025,1,181,40
2025-08-21,aFRRDown,30XROHIDRO-----1,322_2025,2,40,181
2025-08-21,aFRRUp,30XROGLYPTODON-B,322_2025,1,9,153
2025-08-21,aFRRUp,30XROGLYPTODON-B,322_2025,2,153,9
2025-08-21,aFRRUp,30XROHIDRO-----1,322_2025,1,326,0
2025-08-21,aFRRUp,30XROHIDRO-----1,322_2025,2,0,326
2025-08-21,aFRRUp,30XROMEGALODON-K,322_2025,1,0,85
2025-08-21,aFRRUp,30XROMEGALODON-K,322_2025,2,85,
2025-08-22,aFRRDown,30XRONPGSP-----8,324_2025,1,5,145
2025-08-22,aFRRDown,30XRONPGSP-----8,324_2025,2,145,0
2025-08-22,aFRRDown,30XRONPGSP-----8,324_2025,3,0,5
2025-08-22,aFRRDown,30XRO-NPS50----C,324_2025,2,0,5
2025-08-22,aFRRDown,30XRO-NPS50----C,324_2025,3,5,0
2025-08-22,aFRRDown,30XROTENGAZ----B,324_2025,1,623,5
2025-08-22,aFRRDown,30XROTENGAZ----B,324_2025,2,355,623
2025-08-22,aFRRDown,30XROTENGAZ----B,324_2025,4,5,0
2025-08-22,aFRRDown,30XROTENGAZ----B,324_2025,5,5,355
2025-08-22,aFRRDown,30XROTENGAZ----B,324_2025,6,0,5
2025-08-22,aFRRUp,30XROGLYPTODON-B,324_2025,1,11,216
2025-08-22,aFRRUp,30XROGLYPTODON-B,324_2025,2,216,11
2025-08-23,aFRRDown,30XRONPGSP-----8,326_2025,1,10,754
2025-08-23,aFRRDown,30XRONPGSP-----8,326_2025,2,754,10
2025-08-23,aFRRDown,30XROHIDRO-----1,326_2025,1,125,690
2025-08-23,aFRRDown,30XROHIDRO-----1,326_2025,2,690,125
2025-08-23,aFRRDown,30XROTENGAZ----B,326_2025,2,754,10
2025-08-23,aFRRDown,30XROTENGAZ----B,326_2025,4,10,754
2025-08-23,aFRRUp,30XROGLYPTODON-B,326_2025,1,209,14
2025-08-23,aFRRUp,30XROGLYPTODON-B,326_2025,2,14,209
2025-08-23,aFRRUp,30XROHIDRO-----1,326_2025,1,36,392
2025-08-23,aFRRUp,30XROHIDRO-----1,326_2025,2,392,36
2025-08-24,aFRRDown,30XRO-NPS50----C,327_2025,1,542,10
2025-08-24,aFRRDown,30XRO-NPS50----C,327_2025,2,10,542
2025-08-24,aFRRDown,30XROTENGAZ----B,327_2025,1,474,10
2025-08-24,aFRRDown,30XROTENGAZ----B,327_2025,2,474,10
2025-08-24,aFRRDown,30XROTENGAZ----B,327_2025,3,10,474
2025-08-24,aFRRDown,30XROTENGAZ----B,327_2025,4,10,474
2025-08-25,aFRRDown,30XROHIDRO-----1,328_2025,1,170,692
2025-08-25,aFRRDown,30XROHIDRO-----1,328_2025,2,692,170
2025-08-25,aFRRDown,30XRO-NPS50----C,328_2025,1,802,10
2025-08-25,aFRRDown,30XRO-NPS50----C,328_2025,2,10,802
2025-08-25,aFRRDown,30XROTENGAZ----B,328_2025,1,750,10
2025-08-25,aFRRDown,30XROTENGAZ----B,328_2025,2,734,750
2025-08-25,aFRRDown,30XROTENGAZ----B,328_2025,4,10,734
2025-08-25,aFRRUp,30XROGLYPTODON-B,328_2025,1,20,197
2025-08-25,aFRRUp,30XROGLYPTODON-B,328_2025,2,197,20
2025-08-25,aFRRUp,30XROHIDRO-----1,328_2025,1,21,439
2025-08-25,aFRRUp,30XROHIDRO-----1,328_2025,2,439,21
2025-08-26,aFRRDown,30XROTENGAZ----B,329_2025,1,249,7
2025-08-26,aFRRDown,30XROTENGAZ----B,329_2025,3,7,249
2025-08-26,aFRRUp,30XROGLYPTODON-B,329_2025,1,9,181
2025-08-26,aFRRUp,30XROGLYPTODON-B,329_2025,2,181,9
2025-08-26,aFRRUp,30XROMEGALODON-K,329_2025,1,112,
2025-08-26,aFRRUp,30XROMEGALODON-K,329_2025,2,0,112
2025-08-27,aFRRDown,30XROTENGAZ----B,334_2025,1,460,277
2025-08-27,aFRRDown,30XROTENGAZ----B,334_2025,2,277,460
2025-08-27,aFRRUp,30XROHIDRO-----1,334_2025,1,0,299
2025-08-27,aFRRUp,30XROHIDRO-----1,334_2025,2,299,0
2025-08-27,aFRRUp,30XROMEGALODON-K,334_2025,1,0,120
2025-08-27,aFRRUp,30XROMEGALODON-K,334_2025,2,120,
2025-08-28,aFRRDown,30XROTENGAZ----B,336_2025,1,29,187
2025-08-28,aFRRDown,30XROTENGAZ----B,336_2025,2,187,29
2025-08-28,aFRRUp,30XROGLYPTODON-B,336_2025,1,9,142
2025-08-28,aFRRUp,30XROGLYPTODON-B,336_2025,2,142,9
2025-08-29,aFRRDown,30XROHIDRO-----1,338_2025,1,285,792
2025-08-29,aFRRDown,30XROHIDRO-----1,338_2025,2,792,285
2025-08-29,aFRRDown,30XROTENGAZ----B,338_2025,1,167,
2025-08-29,aFRRDown,30XROTENGAZ----B,338_2025,2,551,167
2025-08-29,aFRRDown,30XROTENGAZ----B,338_2025,3,0,551
2025-08-29,aFRRUp,30XROTENGAZ----B,338_2025,1,544,664
2025-08-29,aFRRUp,30XROTENGAZ----B,338_2025,2,664,544
2025-08-29,aFRRUp,30XROGLYPTODON-B,338_2025,1,9,203
2025-08-29,aFRRUp,30XROGLYPTODON-B,338_2025,2,203,9
2025-08-30,aFRRDown,30XROBEPCO-----8,340_2025,1,14,
2025-08-30,aFRRDown,30XROBEPCO-----8,340_2025,2,0,14
2025-08-30,aFRRDown,30XROHIDRO-----1,340_2025,1,0,1520
2025-08-30,aFRRDown,30XROHIDRO-----1,340_2025,2,0,1135
2025-08-30,aFRRDown,30XROHIDRO-----1,340_2025,3,1520,
2025-08-30,aFRRDown,30XROHIDRO-----1,340_2025,4,1135,
2025-08-30,aFRRUp,30XROMEGALODON-K,340_2025,1,120,
2025-08-30,aFRRUp,30XROMEGALODON-K,340_2025,2,0,120
2025-08-30,aFRRUp,30XROHIDRO-----1,340_2025,2,0,428
2025-08-30,aFRRUp,30XROHIDRO-----1,340_2025,3,428,20
2025-08-30,aFRRUp,30XROHIDRO-----1,340_2025,4,20,
2025-08-31,aFRRDown,30XROHIDRO-----1,341_2025,1,1576,1520
2025-08-31,aFRRDown,30XROHIDRO-----1,341_2025,2,1520,1576
2025-08-31,aFRRDown,30XROTENGAZ----B,341_2025,1,19,609
2025-08-31,aFRRDown,30XROTENGAZ----B,341_2025,2,609,19
2025-09-01,aFRRDown,30XROTENGAZ----B,342_2025,1,0,174
2025-09-01,aFRRDown,30XROTENGAZ----B,342_2025,2,174,
2025-09-01,aFRRDown,30XROTENGAZ----B,342_2025,3,30,
2025-09-01,aFRRDown,30XROTENGAZ----B,342_2025,4,0,30
2025-09-01,aFRRUp,30XROGLYPTODON-B,342_2025,1,15,162
2025-09-01,aFRRUp,30XROGLYPTODON-B,342_2025,2,162,15
2025-09-01,aFRRUp,30XROMEGALODON-K,342_2025,1,0,90
2025-09-01,aFRRUp,30XROMEGALODON-K,342_2025,2,90,
2025-09-01,aFRRUp,30XROHIDRO-----1,342_2025,1,37,422
2025-09-01,aFRRUp,30XROHIDRO-----1,342_2025,2,422,37
2025-09-02,aFRRDown,30XROTENGAZ----B,343_2025,1,496,429
2025-09-02,aFRRDown,30XROTENGAZ----B,343_2025,2,429,496
2025-09-02,aFRRDown,30XROHIDRO-----1,343_2025,1,480,682
2025-09-02,aFRRDown,30XROHIDRO-----1,343_2025,2,0,480
2025-09-02,aFRRDown,30XROHIDRO-----1,343_2025,4,682,
2025-09-02,aFRRUp,30XROTENGAZ----B,343_2025,1,525,542
2025-09-02,aFRRUp,30XROTENGAZ----B,343_2025,2,542,525
2025-09-02,aFRRUp,30XROHIDRO-----1,343_2025,3,0,259
2025-09-02,aFRRUp,30XROHIDRO-----1,343_2025,4,259,
2025-09-03,aFRRDown,30XROHIDRO-----1,348_2025,1,302,743
2025-09-03,aFRRDown,30XROHIDRO-----1,348_2025,2,743,302
2025-09-03,aFRRUp,30XROGLYPTODON-B,348_2025,1,198,9
2025-09-03,aFRRUp,30XROGLYPTODON-B,348_2025,2,9,198
2025-09-05,aFRRUp,30XROTENGAZ----B,352_2025,1,561,662
2025-09-05,aFRRUp,30XROTENGAZ----B,352_2025,2,662,561
2025-09-06,aFRRDown,30XROHIDRO-----1,354_2025,1,1051,825
2025-09-06,aFRRDown,30XROHIDRO-----1,354_2025,2,825,1051
2025-09-06,aFRRUp,30XROHIDRO-----1,354_2025,1,0,656
2025-09-06,aFRRUp,30XROHIDRO-----1,354_2025,2,656,0
2025-09-07,aFRRUp,30XROHIDRO-----1,355_2025,1,0,564
2025-09-07,aFRRUp,30XROHIDRO-----1,355_2025,2,564,0
2025-09-07,aFRRUp,30XROGLYPTODON-B,355_2025,1,144,16
2025-09-07,aFRRUp,30XROGLYPTODON-B,355_2025,2,16,144
2025-09-07,aFRRUp,30XROBEPCO-----8,355_2025,1,0,8
2025-09-07,aFRRUp,30XROBEPCO-----8,355_2025,2,8,
2025-09-08,aFRRDown,30XROBEPCO-----8,356_2025,1,0,23
2025-09-08,aFRRDown,30XROBEPCO-----8,356_2025,2,23,
2025-09-08,aFRRUp,30XROBEPCO-----8,356_2025,1,12,
2025-09-08,aFRRUp,30XROBEPCO-----8,356_2025,3,0,12
2025-09-09,aFRRDown,30XROTENGAZ----B,357_2025,1,252,596
2025-09-09,aFRRDown,30XROTENGAZ----B,357_2025,2,596,252
2025-09-09,aFRRUp,30XROTENGAZ----B,357_2025,1,685,587
2025-09-09,aFRRUp,30XROTENGAZ----B,357_2025,2,587,685
2025-09-09,aFRRUp,30XROBEPCO-----8,357_2025,1,0,14
2025-09-09,aFRRUp,30XROBEPCO-----8,357_2025,2,14,
2025-09-09,aFRRUp,30XROGLYPTODON-B,357_2025,1,153,17
2025-09-09,aFRRUp,30XROGLYPTODON-B,357_2025,2,17,153
2025-09-10,aFRRDown,30XROHIDRO-----1,362_2025,1,204,615
2025-09-10,aFRRDown,30XROHIDRO-----1,362_2025,2,615,204
2025-09-10,aFRRUp,30XROHIDRO-----1,362_2025,1,0,1280
2025-09-10,aFRRUp,30XROHIDRO-----1,362_2025,2,1280,0
2025-09-10,aFRRUp,30XROMEGALODON-K,362_2025,1,0,95
2025-09-10,aFRRUp,30XROMEGALODON-K,362_2025,2,95,
2025-09-10,aFRRUp,30XROTENGAZ----B,362_2025,1,700,554
2025-09-10,aFRRUp,30XROTENGAZ----B,362_2025,2,554,700
2025-09-11,aFRRDown,30XROTENGAZ----B,364_2025,1,572,243
2025-09-11,aFRRDown,30XROTENGAZ----B,364_2025,2,243,572
2025-09-11,aFRRDown,30XRO-NPS50----C,364_2025,1,131,
2025-09-11,aFRRDown,30XRO-NPS50----C,364_2025,2,0,131
2025-09-11,aFRRDown,30XROHIDRO-----1,364_2025,1,168,451
2025-09-11,aFRRDown,30XROHIDRO-----1,364_2025,2,451,168
2025-09-11,aFRRUp,30XROTENGAZ----B,364_2025,1,704,401
2025-09-11,aFRRUp,30XROTENGAZ----B,364_2025,2,401,704
2025-09-12,aFRRUp,30XROMEGALODON-K,366_2025,1,0,95
2025-09-12,aFRRUp,30XROMEGALODON-K,366_2025,2,95,
2025-09-12,aFRRUp,30XROTENGAZ----B,366_2025,1,157,389
2025-09-12,aFRRUp,30XROTENGAZ----B,366_2025,2,389,157
2025-09-13,aFRRDown,30XRO-NPS50----C,368_2025,1,0,465
2025-09-13,aFRRDown,30XRO-NPS50----C,368_2025,2,465,
2025-09-13,aFRRDown,30XROHIDRO-----1,368_2025,1,89,0
2025-09-13,aFRRDown,30XROHIDRO-----1,368_2025,2,0,89
2025-09-13,aFRRUp,30XROMEGALODON-K,368_2025,1,0,120
2025-09-13,aFRRUp,30XROMEGALODON-K,368_2025,2,120,
2025-09-13,aFRRUp,30XROGLYPTODON-B,368_2025,1,215,19
2025-09-13,aFRRUp,30XROGLYPTODON-B,368_2025,2,19,215
2025-09-13,aFRRUp,30XROHIDRO-----1,368_2025,1,0,1518
2025-09-13,aFRRUp,30XROHIDRO-----1,368_2025,2,1518,0
2025-09-13,aFRRUp,30XROTENGAZ----B,368_2025,1,389,630
2025-09-13,aFRRUp,30XROTENGAZ----B,368_2025,2,630,389
2025-09-14,aFRRDown,30XRO-NPS50----C,369_2025,1,613,
2025-09-14,aFRRDown,30XRO-NPS50----C,369_2025,2,0,613
2025-09-14,aFRRUp,30XROTENGAZ----B,369_2025,1,557,347
2025-09-14,aFRRUp,30XROTENGAZ----B,369_2025,2,347,557
2025-09-14,aFRRUp,30XROHIDRO-----1,369_2025,1,0,1514
2025-09-14,aFRRUp,30XROHIDRO-----1,369_2025,2,1514,0
2025-09-14,aFRRUp,30XROGLYPTODON-B,369_2025,1,19,216
2025-09-14,aFRRUp,30XROGLYPTODON-B,369_2025,2,216,19
2025-09-14,aFRRUp,30XROMEGALODON-K,369_2025,1,0,120
2025-09-14,aFRRUp,30XROMEGALODON-K,369_2025,2,120,
2025-09-15,aFRRUp,30XROHIDRO-----1,376_2025,1,0,1516
2025-09-15,aFRRUp,30XROHIDRO-----1,376_2025,2,1516,0
2025-09-15,aFRRUp,30XROTENGAZ----B,376_2025,1,634,395
2025-09-15,aFRRUp,30XROTENGAZ----B,376_2025,2,395,634
2025-09-15,aFRRUp,30XROMEGALODON-K,376_2025,1,0,120
2025-09-15,aFRRUp,30XROMEGALODON-K,376_2025,2,120,
2025-09-16,aFRRDown,30XROGLYPTODON-B,377_2025,2,100,
2025-09-16,aFRRDown,30XROGLYPTODON-B,377_2025,3,0,100
2025-09-16,aFRRDown,30XROTENGAZ----B,377_2025,1,476,683
2025-09-16,aFRRDown,30XROTENGAZ----B,377_2025,2,683,476
2025-09-17,aFRRDown,30XROTENGAZ----B,378_2025,1,457,189
2025-09-17,aFRRDown,30XROTENGAZ----B,378_2025,2,189,457
2025-09-17,aFRRUp,30XROMEGALODON-K,378_2025,1,0,120
2025-09-17,aFRRUp,30XROMEGALODON-K,378_2025,2,120,
2025-09-17,aFRRUp,30XROTENGAZ----B,378_2025,1,646,2
2025-09-17,aFRRUp,30XROTENGAZ----B,378_2025,2,2,646
2025-09-17,aFRRUp,30XROGLYPTODON-B,378_2025,1,19,211
2025-09-17,aFRRUp,30XROGLYPTODON-B,378_2025,2,211,19
2025-09-18,aFRRDown,30XROHIDRO-----1,381_2025,1,0,9
2025-09-18,aFRRDown,30XROHIDRO-----1,381_2025,2,9,0
2025-09-18,aFRRDown,30XROMEGALODON-K,381_2025,1,44,
2025-09-18,aFRRDown,30XROMEGALODON-K,381_2025,3,0,44
2025-09-18,aFRRUp,30XROGLYPTODON-B,381_2025,1,202,19
2025-09-18,aFRRUp,30XROGLYPTODON-B,381_2025,2,19,202
2025-09-19,aFRRDown,30XROGLYPTODON-B,383_2025,1,0,164
2025-09-19,aFRRDown,30XROGLYPTODON-B,383_2025,3,164,
2025-09-19,aFRRUp,30XROHIDRO-----1,383_2025,1,0,800
2025-09-19,aFRRUp,30XROHIDRO-----1,383_2025,2,800,0
2025-09-19,aFRRUp,30XROTENGAZ----B,383_2025,1,390,665
2025-09-19,aFRRUp,30XROTENGAZ----B,383_2025,2,665,390
2025-09-19,aFRRUp,30XROGLYPTODON-B,383_2025,1,138,12
2025-09-19,aFRRUp,30XROGLYPTODON-B,383_2025,2,12,138
2025-09-20,FCR,30XROHIDRO-----1,389_2025,1.0,1708.0,
2025-09-20,FCR,30XROHIDRO-----1,389_2025,2.0,0,1708.0
2025-09-20,aFRRDown,30XROGLYPTODON-B,385_2025,1.0,61.0,
2025-09-20,aFRRDown,30XROGLYPTODON-B,385_2025,3.0,0,61.0
2025-09-20,aFRRDown,30XROBEPCO-----8,385_2025,1.0,12.0,
2025-09-20,aFRRDown,30XROBEPCO-----8,385_2025,2.0,0,12.0
2025-09-20,aFRRUp,30XROMEGALODON-K,385_2025,1.0,0,55.0
2025-09-20,aFRRUp,30XROMEGALODON-K,385_2025,2.0,55.0,
2025-09-20,aFRRUp,30XROHIDRO-----1,385_2025,2.0,538.0,11.0
2025-09-20,aFRRUp,30XROHIDRO-----1,385_2025,3.0,11.0,538.0
2025-09-21,aFRRDown,30XROHIDRO-----1,386_2025,1.0,0,87.0
2025-09-21,aFRRDown,30XROHIDRO-----1,386_2025,4.0,87.0,
2025-09-21,aFRRDown,30XROMEGALODON-K,386_2025,1.0,44.0,
2025-09-21,aFRRDown,30XROMEGALODON-K,386_2025,3.0,0,44.0
2025-09-21,aFRRUp,30XROHIDRO-----1,386_2025,2.0,0,570.0
2025-09-21,aFRRUp,30XROHIDRO-----1,386_2025,4.0,570.0,
2025-09-22,FCR,30XROHIDRO-----1,391_2025,1.0,0,1636.0
2025-09-22,FCR,30XROHIDRO-----1,391_2025,2.0,1636.0,
2025-09-22,aFRRDown,30XROMEGALODON-K,387_2025,1.0,0,4.0
2025-09-22,aFRRDown,30XROMEGALODON-K,387_2025,3.0,4.0,
2025-09-22,aFRRDown,30XROTENGAZ----B,387_2025,1.0,539.0,732.0
2025-09-22,aFRRDown,30XROTENGAZ----B,387_2025,2.0,732.0,539.0
2025-09-22,aFRRDown,30XROHIDRO-----1,387_2025,1.0,49.0,
2025-09-22,aFRRDown,30XROHIDRO-----1,387_2025,3.0,90.0,49.0
2025-09-22,aFRRDown,30XROHIDRO-----1,387_2025,4.0,0,90.0
2025-09-22,aFRRUp,30XROHIDRO-----1,387_2025,2.0,558.0,
2025-09-22,aFRRUp,30XROHIDRO-----1,387_2025,3.0,25.0,558.0
2025-09-22,aFRRUp,30XROHIDRO-----1,387_2025,4.0,0,25.0
2025-09-23,aFRRDown,30XROMEGALODON-K,388_2025,1,64,
2025-09-23,aFRRDown,30XROMEGALODON-K,388_2025,3,0,64
2025-09-23,aFRRDown,30XROGLYPTODON-B,388_2025,2,376,
2025-09-23,aFRRDown,30XROGLYPTODON-B,388_2025,3,0,376
2025-09-23,aFRRDown,30XROTENGAZ----B,388_2025,1,747,559
2025-09-23,aFRRDown,30XROTENGAZ----B,388_2025,2,559,747
2025-09-23,aFRRUp,30XROMEGALODON-K,388_2025,1,0,90
2025-09-23,aFRRUp,30XROMEGALODON-K,388_2025,2,90,
2025-09-23,aFRRUp,30XROGLYPTODON-B,388_2025,1,142,17
2025-09-23,aFRRUp,30XROGLYPTODON-B,388_2025,2,17,142
2025-09-24,aFRRDown,30XROMEGALODON-K,393_2025,1,0,64
2025-09-24,aFRRDown,30XROMEGALODON-K,393_2025,2,64,
2025-09-24,aFRRUp,30XROGLYPTODON-B,393_2025,1,171,19
2025-09-24,aFRRUp,30XROGLYPTODON-B,393_2025,2,19,171
2025-09-24,aFRRUp,30XROTENGAZ----B,393_2025,1,489,574
2025-09-24,aFRRUp,30XROTENGAZ----B,393_2025,2,574,489
2025-09-25,aFRRDown,30XROGLYPTODON-B,395_2025,1,0,302
2025-09-25,aFRRDown,30XROGLYPTODON-B,395_2025,3,302,
2025-09-25,aFRRDown,30XROMEGALODON-K,395_2025,1,0,60
2025-09-25,aFRRDown,30XROMEGALODON-K,395_2025,3,60,
2025-09-25,aFRRDown,30XROHIDRO-----1,395_2025,1,16,0
2025-09-25,aFRRDown,30XROHIDRO-----1,395_2025,2,0,16
2025-09-25,aFRRUp,30XROMEGALODON-K,395_2025,1,115,
2025-09-25,aFRRUp,30XROMEGALODON-K,395_2025,2,0,115
2025-09-26,aFRRDown,30XROTENGAZ----B,397_2025,1,705,751
2025-09-26,aFRRDown,30XROTENGAZ----B,397_2025,2,751,705
2025-09-26,aFRRDown,30XROGLYPTODON-B,397_2025,1,0,80
2025-09-26,aFRRDown,30XROGLYPTODON-B,397_2025,2,80,
2025-09-26,aFRRDown,30XROMEGALODON-K,397_2025,1,16,
2025-09-26,aFRRDown,30XROMEGALODON-K,397_2025,3,0,16
2025-09-26,aFRRUp,30XROGLYPTODON-B,397_2025,1,22,207
2025-09-26,aFRRUp,30XROGLYPTODON-B,397_2025,2,207,22
2025-09-26,aFRRUp,30XROHIDRO-----1,397_2025,1,770,0
2025-09-26,aFRRUp,30XROHIDRO-----1,397_2025,2,0,770
2025-09-27,aFRRDown,30XROHIDRO-----1,399_2025,1,4,2
2025-09-27,aFRRDown,30XROHIDRO-----1,399_2025,2,2,4
2025-09-27,aFRRDown,30XROMEGALODON-K,399_2025,2,0,56
2025-09-27,aFRRDown,30XROMEGALODON-K,399_2025,3,56,
2025-09-27,aFRRDown,30XROTENGAZ----B,399_2025,1,479,622
2025-09-27,aFRRDown,30XROTENGAZ----B,399_2025,2,622,479
2025-09-27,aFRRDown,30XROGLYPTODON-B,399_2025,2,304,
2025-09-27,aFRRDown,30XROGLYPTODON-B,399_2025,3,0,304
2025-09-27,aFRRUp,30XROMEGALODON-K,399_2025,1,75,
2025-09-27,aFRRUp,30XROMEGALODON-K,399_2025,2,0,75
2025-09-28,aFRRDown,30XROGLYPTODON-B,400_2025,2,0,302
2025-09-28,aFRRDown,30XROGLYPTODON-B,400_2025,3,302,
2025-09-28,aFRRUp,30XROMEGALODON-K,400_2025,1,0,75
2025-09-28,aFRRUp,30XROMEGALODON-K,400_2025,2,75,
2025-09-28,aFRRUp,30XROTENGAZ----B,400_2025,1,511,651
2025-09-28,aFRRUp,30XROTENGAZ----B,400_2025,2,651,511
2025-09-29,aFRRDown,30XROMEGALODON-K,401_2025,1,56,
2025-09-29,aFRRDown,30XROMEGALODON-K,401_2025,2,0,56
2025-09-29,aFRRDown,30XROGLYPTODON-B,401_2025,1,0,299
2025-09-29,aFRRDown,30XROGLYPTODON-B,401_2025,2,299,
2025-09-29,aFRRUp,30XROMEGALODON-K,401_2025,1,115,
2025-09-29,aFRRUp,30XROMEGALODON-K,401_2025,2,0,115
2025-09-29,aFRRUp,30XROGLYPTODON-B,401_2025,1,23,207
2025-09-29,aFRRUp,30XROGLYPTODON-B,401_2025,2,207,23
2025-09-30,aFRRDown,30XROGLYPTODON-B,402_2025,1,371,
2025-09-30,aFRRDown,30XROGLYPTODON-B,402_2025,3,0,371
2025-09-30,aFRRDown,30XROTENGAZ----B,402_2025,1,249,81
2025-09-30,aFRRDown,30XROTENGAZ----B,402_2025,2,81,249
2025-09-30,aFRRDown,30XROMEGALODON-K,402_2025,1,68,
2025-09-30,aFRRDown,30XROMEGALODON-K,402_2025,2,0,68
2025-09-30,aFRRUp,30XROGLYPTODON-B,402_2025,1,24,216
2025-09-30,aFRRUp,30XROGLYPTODON-B,402_2025,2,216,24
2025-09-30,aFRRUp,30XROMEGALODON-K,402_2025,1,0,120
2025-09-30,aFRRUp,30XROMEGALODON-K,402_2025,2,120,
2025-10-01,aFRRDown,30XROMEGALODON-K,407_2025,1,44,
2025-10-01,aFRRDown,30XROMEGALODON-K,407_2025,3,0,44
2025-10-01,aFRRDown,30XROHIDRO-----1,407_2025,1,0,381
2025-10-01,aFRRDown,30XROHIDRO-----1,407_2025,2,381,0
2025-10-01,aFRRDown,30XROGLYPTODON-B,407_2025,2,0,221
2025-10-01,aFRRDown,30XROGLYPTODON-B,407_2025,3,221,
2025-10-01,aFRRDown,30XROTENGAZ----B,407_2025,1,261,425
2025-10-01,aFRRDown,30XROTENGAZ----B,407_2025,2,425,261
2025-10-01,aFRRUp,30XROHIDRO-----1,407_2025,1,360,751
2025-10-01,aFRRUp,30XROHIDRO-----1,407_2025,2,751,360
2025-10-02,aFRRDown,30XROMEGALODON-K,409_2025,1,28,
2025-10-02,aFRRDown,30XROMEGALODON-K,409_2025,3,0,28
2025-10-02,aFRRUp,30XROMEGALODON-K,409_2025,1,120,
2025-10-02,aFRRUp,30XROMEGALODON-K,409_2025,2,0,120
2025-10-02,aFRRUp,30XROTENGAZ----B,409_2025,1,639,553
2025-10-02,aFRRUp,30XROTENGAZ----B,409_2025,2,553,639
2025-10-02,aFRRUp,30XROHIDRO-----1,409_2025,1,755,0
2025-10-02,aFRRUp,30XROHIDRO-----1,409_2025,2,0,755
2025-10-03,aFRRDown,30XROMEGALODON-K,411_2025,1,68,
2025-10-03,aFRRDown,30XROMEGALODON-K,411_2025,3,0,68
2025-10-03,aFRRDown,30XROGLYPTODON-B,411_2025,2,0,363
2025-10-03,aFRRDown,30XROGLYPTODON-B,411_2025,3,363,
2025-10-03,aFRRUp,30XROGLYPTODON-B,411_2025,1,24,216
2025-10-03,aFRRUp,30XROGLYPTODON-B,411_2025,2,216,24
2025-10-03,aFRRUp,30XROMEGALODON-K,411_2025,1,120,
2025-10-03,aFRRUp,30XROMEGALODON-K,411_2025,2,0,120
2025-10-04,aFRRDown,30XROMEGALODON-K,413_2025,1,56,
2025-10-04,aFRRDown,30XROMEGALODON-K,413_2025,3,0,56
2025-10-04,aFRRUp,30XROGLYPTODON-B,413_2025,1,23,207
2025-10-04,aFRRUp,30XROGLYPTODON-B,413_2025,2,207,23
2025-10-05,aFRRDown,30XROGLYPTODON-B,414_2025,2,0,315
2025-10-05,aFRRDown,30XROGLYPTODON-B,414_2025,3,315,
2025-10-05,aFRRDown,30XROMEGALODON-K,414_2025,1,0,60
2025-10-05,aFRRDown,30XROMEGALODON-K,414_2025,3,60,
2025-10-05,aFRRUp,30XROGLYPTODON-B,414_2025,1,17,171
2025-10-05,aFRRUp,30XROGLYPTODON-B,414_2025,2,171,17
2025-10-06,aFRRDown,30XROHIDRO-----1,415_2025,1,64,0
2025-10-06,aFRRDown,30XROHIDRO-----1,415_2025,2,0,64
2025-10-06,aFRRDown,30XROMEGALODON-K,415_2025,2,56,
2025-10-06,aFRRDown,30XROMEGALODON-K,415_2025,3,0,56
2025-10-06,aFRRUp,30XROMEGALODON-K,415_2025,1,110,
2025-10-06,aFRRUp,30XROMEGALODON-K,415_2025,2,0,110
2025-10-06,aFRRUp,30XROHIDRO-----1,415_2025,1,800,31
2025-10-06,aFRRUp,30XROHIDRO-----1,415_2025,2,31,800
2025-10-08,aFRRDown,30XROTENGAZ----B,421_2025,2,746,
2025-10-08,aFRRDown,30XROTENGAZ----B,421_2025,3,0,746
2025-10-08,aFRRUp,30XROTENGAZ----B,421_2025,1,0,629
2025-10-08,aFRRUp,30XROTENGAZ----B,421_2025,2,629,
2025-10-09,aFRRDown,30XROTENGAZ----B,424_2025,1,600,518
2025-10-09,aFRRDown,30XROTENGAZ----B,424_2025,2,518,600
2025-10-09,aFRRDown,30XROMEGALODON-K,424_2025,2,0,92
2025-10-09,aFRRDown,30XROMEGALODON-K,424_2025,3,92,
2025-10-09,aFRRDown,30XROGLYPTODON-B,424_2025,2,609,
2025-10-09,aFRRDown,30XROGLYPTODON-B,424_2025,3,0,609
2025-10-09,aFRRUp,30XROMEGALODON-K,424_2025,1,110,
2025-10-09,aFRRUp,30XROMEGALODON-K,424_2025,2,0,110
2025-10-09,aFRRUp,30XROTENGAZ----B,424_2025,1,569,520
2025-10-09,aFRRUp,30XROTENGAZ----B,424_2025,2,520,569
2025-10-10,aFRRDown,30XROGLYPTODON-B,426_2025,2,0,626
2025-10-10,aFRRDown,30XROGLYPTODON-B,426_2025,3,626,
2025-10-10,aFRRDown,30XROMEGALODON-K,426_2025,1,92,
2025-10-10,aFRRDown,30XROMEGALODON-K,426_2025,2,0,92
2025-10-10,aFRRUp,30XROMEGALODON-K,426_2025,1,110,
2025-10-10,aFRRUp,30XROMEGALODON-K,426_2025,2,0,110
2025-10-10,aFRRUp,30XROTENGAZ----B,426_2025,1,265,153
2025-10-10,aFRRUp,30XROTENGAZ----B,426_2025,2,153,265
2025-10-11,aFRRDown,30XROMEGALODON-K,436_2025,2,120,
2025-10-11,aFRRDown,30XROMEGALODON-K,436_2025,3,0,120
2025-10-11,aFRRUp,30XROMEGALODON-K,436_2025,1,105,
2025-10-11,aFRRUp,30XROMEGALODON-K,436_2025,2,0,105
2025-10-11,aFRRUp,30XROGLYPTODON-B,436_2025,1,20,180
2025-10-11,aFRRUp,30XROGLYPTODON-B,436_2025,2,180,20
2025-10-11,aFRRUp,30XROHIDRO-----1,436_2025,1,0,720
2025-10-11,aFRRUp,30XROHIDRO-----1,436_2025,2,720,0
2025-10-12,aFRRDown,30XROTENGAZ----B,437_2025,1,99,6
2025-10-12,aFRRDown,30XROTENGAZ----B,437_2025,2,6,99
2025-10-12,aFRRDown,30XROMEGALODON-K,437_2025,1,0,120
2025-10-12,aFRRDown,30XROMEGALODON-K,437_2025,3,120,
2025-10-12,aFRRUp,30XROGLYPTODON-B,437_2025,1,180,20
2025-10-12,aFRRUp,30XROGLYPTODON-B,437_2025,2,20,180
2025-10-12,aFRRUp,30XROHIDRO-----1,437_2025,1,720,0
2025-10-12,aFRRUp,30XROHIDRO-----1,437_2025,2,0,720
2025-10-13,aFRRDown,30XROMEGALODON-K,438_2025,1,0,120
2025-10-13,aFRRDown,30XROMEGALODON-K,438_2025,3,120,
2025-10-14,FCR,30XROHIDRO-----1,435_2025,1,2092,
2025-10-14,FCR,30XROHIDRO-----1,435_2025,2,0,2092
2025-10-14,aFRRDown,30XROGLYPTODON-B,431_2025,1,0,155
2025-10-14,aFRRDown,30XROGLYPTODON-B,431_2025,2,155,
2025-10-14,aFRRDown,30XROMEGALODON-K,431_2025,2,0,35
2025-10-14,aFRRDown,30XROMEGALODON-K,431_2025,3,35,
2025-10-14,aFRRUp,30XROHIDRO-----1,431_2025,1,800,0
2025-10-14,aFRRUp,30XROHIDRO-----1,431_2025,2,0,800
2025-10-14,aFRRUp,30XROMEGALODON-K,431_2025,1,110,
2025-10-14,aFRRUp,30XROMEGALODON-K,431_2025,2,0,110
2025-10-15,aFRRDown,30XROGLYPTODON-B,439_2025,2,0,176
2025-10-15,aFRRDown,30XROGLYPTODON-B,439_2025,3,176,
2025-10-15,aFRRUp,30XROBEPCO-----8,439_2025,1,18,
2025-10-15,aFRRUp,30XROBEPCO-----8,439_2025,3,0,18
2025-10-15,aFRRUp,30XROMEGALODON-K,439_2025,1,0,120
2025-10-15,aFRRUp,30XROMEGALODON-K,439_2025,2,120,
2025-10-15,aFRRUp,30XROGLYPTODON-B,439_2025,1,216,24
2025-10-15,aFRRUp,30XROGLYPTODON-B,439_2025,2,24,216
2025-10-15,aFRRUp,30XROHIDRO-----1,439_2025,1,0,1440
2025-10-15,aFRRUp,30XROHIDRO-----1,439_2025,2,1440,0
2025-10-16,aFRRDown,30XROMEGALODON-K,441_2025,1,0,87
2025-10-16,aFRRDown,30XROMEGALODON-K,441_2025,3,87,
2025-10-16,aFRRDown,30XROGLYPTODON-B,441_2025,1,547,
2025-10-16,aFRRDown,30XROGLYPTODON-B,441_2025,3,0,547
2025-10-16,aFRRUp,30XROMEGALODON-K,441_2025,1,85,
2025-10-16,aFRRUp,30XROMEGALODON-K,441_2025,2,0,85
2025-10-16,aFRRUp,30XROHIDRO-----1,441_2025,1,0,1200
2025-10-16,aFRRUp,30XROHIDRO-----1,441_2025,2,1200,0
2025-10-17,aFRRDown,30XROMEGALODON-K,443_2025,2,93,
2025-10-17,aFRRDown,30XROMEGALODON-K,443_2025,3,0,93
2025-10-17,aFRRUp,30XROHIDRO-----1,443_2025,1,424,174
2025-10-17,aFRRUp,30XROHIDRO-----1,443_2025,2,174,424
2025-10-18,aFRRDown,30XROMEGALODON-K,445_2025,1,0,76
2025-10-18,aFRRDown,30XROMEGALODON-K,445_2025,4,76,
2025-10-18,aFRRUp,30XROHIDRO-----1,445_2025,1,0,331
2025-10-18,aFRRUp,30XROHIDRO-----1,445_2025,2,331,0
2025-10-18,aFRRUp,30XROMEGALODON-K,445_2025,1,110,
2025-10-18,aFRRUp,30XROMEGALODON-K,445_2025,2,0,110
2025-10-18,aFRRUp,30XROTENGAZ----B,445_2025,1,667,681
2025-10-18,aFRRUp,30XROTENGAZ----B,445_2025,2,681,667
2025-10-19,aFRRDown,30XROMEGALODON-K,446_2025,1,60,
2025-10-19,aFRRDown,30XROMEGALODON-K,446_2025,2,0,60
2025-10-19,aFRRDown,30XROGLYPTODON-B,446_2025,2,519,
2025-10-19,aFRRDown,30XROGLYPTODON-B,446_2025,3,0,519
2025-10-19,aFRRUp,30XROGLYPTODON-B,446_2025,1,188,22
2025-10-19,aFRRUp,30XROGLYPTODON-B,446_2025,2,22,188
2025-10-19,aFRRUp,30XROHIDRO-----1,446_2025,1,0,329
2025-10-19,aFRRUp,30XROHIDRO-----1,446_2025,2,329,0
2025-10-20,aFRRDown,30XROGLYPTODON-B,447_2025,1,0,543
2025-10-20,aFRRDown,30XROGLYPTODON-B,447_2025,3,543,
2025-10-20,aFRRUp,30XROHIDRO-----1,447_2025,1,307,0
2025-10-20,aFRRUp,30XROHIDRO-----1,447_2025,2,0,307
2025-10-20,aFRRUp,30XROTENGAZ----B,447_2025,1,648,662
2025-10-20,aFRRUp,30XROTENGAZ----B,447_2025,2,662,648
2025-10-20,aFRRUp,30XROGLYPTODON-B,447_2025,1,22,196
2025-10-20,aFRRUp,30XROGLYPTODON-B,447_2025,2,196,22
2025-10-21,aFRRDown,30XROGLYPTODON-B,448_2025,2,384,
2025-10-21,aFRRDown,30XROGLYPTODON-B,448_2025,3,0,384
2025-10-21,aFRRDown,30XROMEGALODON-K,448_2025,1,84,
2025-10-21,aFRRDown,30XROMEGALODON-K,448_2025,3,0,84
2025-10-21,aFRRUp,30XROMEGALODON-K,448_2025,1,0,35
2025-10-21,aFRRUp,30XROMEGALODON-K,448_2025,2,35,
2025-10-21,aFRRUp,30XROTENGAZ----B,448_2025,1,691,685
2025-10-21,aFRRUp,30XROTENGAZ----B,448_2025,2,685,691
2025-10-22,aFRRDown,30XROTENGAZ----B,453_2025,1,335,107
2025-10-22,aFRRDown,30XROTENGAZ----B,453_2025,2,107,335
2025-10-22,aFRRUp,30XROMEGALODON-K,453_2025,1,0,120
2025-10-22,aFRRUp,30XROMEGALODON-K,453_2025,2,120,
2025-10-22,aFRRUp,30XROGLYPTODON-B,453_2025,1,214,23
2025-10-22,aFRRUp,30XROGLYPTODON-B,453_2025,2,23,214
2025-10-22,aFRRUp,30XROTENGAZ----B,453_2025,1,669,663
2025-10-22,aFRRUp,30XROTENGAZ----B,453_2025,2,663,669
2025-10-24,aFRRUp,30XROTENGAZ----B,459_2025,1,276,344
2025-10-24,aFRRUp,30XROTENGAZ----B,459_2025,2,344,276
2025-10-24,aFRRUp,30XROGLYPTODON-B,459_2025,1,22,198
2025-10-24,aFRRUp,30XROGLYPTODON-B,459_2025,2,198,22
2025-10-25,aFRRUp,30XROTENGAZ----B,461_2025,1,267,127
2025-10-25,aFRRUp,30XROTENGAZ----B,461_2025,2,127,267
2025-10-26,FCR,30XROHIDRO-----1,470_2025,1,1698,
2025-10-26,FCR,30XROHIDRO-----1,470_2025,2,0,1698
2025-10-26,aFRRDown,30XROMEGALODON-K,469_2025,2,0,89
2025-10-26,aFRRDown,30XROMEGALODON-K,469_2025,3,89,
2025-10-26,aFRRDown,30XROHIDRO-----1,469_2025,1,165,
2025-10-26,aFRRDown,30XROHIDRO-----1,469_2025,4,0,165
2025-10-26,aFRRDown,30XROTENGAZ----B,469_2025,1,249,775
2025-10-26,aFRRDown,30XROTENGAZ----B,469_2025,3,775,249
2025-10-26,aFRRUp,30XRO-NPS50----C,469_2025,1,332,
2025-10-26,aFRRUp,30XRO-NPS50----C,469_2025,2,0,332
2025-10-26,aFRRUp,30XROTENGAZ----B,469_2025,1,699,
2025-10-26,aFRRUp,30XROTENGAZ----B,469_2025,2,0,320
2025-10-26,aFRRUp,30XROTENGAZ----B,469_2025,3,320,699
2025-10-26,aFRRUp,30XROMEGALODON-K,469_2025,1,125,
2025-10-26,aFRRUp,30XROMEGALODON-K,469_2025,2,0,125
2025-10-26,aFRRUp,30XROHIDRO-----1,469_2025,3,0,154
2025-10-26,aFRRUp,30XROHIDRO-----1,469_2025,4,154,0
2025-10-27,aFRRDown,30XROTENGAZ----B,463_2025,2,737,388
2025-10-27,aFRRDown,30XROTENGAZ----B,463_2025,3,388,
2025-10-27,aFRRDown,30XROTENGAZ----B,463_2025,4,0,737
2025-10-27,aFRRDown,30XROHIDRO-----1,463_2025,1,40,0
2025-10-27,aFRRDown,30XROHIDRO-----1,463_2025,2,0,40
2025-10-27,aFRRDown,30XROGLYPTODON-B,463_2025,1,0,430
2025-10-27,aFRRDown,30XROGLYPTODON-B,463_2025,2,430,
2025-10-27,aFRRUp,30XROTENGAZ----B,463_2025,1,569,
2025-10-27,aFRRUp,30XROTENGAZ----B,463_2025,2,0,661
2025-10-27,aFRRUp,30XROTENGAZ----B,463_2025,3,661,569
2025-10-27,aFRRUp,30XROHIDRO-----1,463_2025,1,235,0
2025-10-27,aFRRUp,30XROHIDRO-----1,463_2025,2,0,235
2025-10-27,aFRRUp,30XROGLYPTODON-B,463_2025,1,24,216
2025-10-27,aFRRUp,30XROGLYPTODON-B,463_2025,2,216,24
2025-10-28,aFRRDown,30XROGLYPTODON-B,464_2025,2,426,
2025-10-28,aFRRDown,30XROGLYPTODON-B,464_2025,3,0,426
2025-10-28,aFRRDown,30XROMEGALODON-K,464_2025,2,84,
2025-10-28,aFRRDown,30XROMEGALODON-K,464_2025,3,0,84
2025-10-28,aFRRUp,30XROHIDRO-----1,464_2025,1,0,105
2025-10-28,aFRRUp,30XROHIDRO-----1,464_2025,2,105,0
2025-10-29,aFRRDown,30XROGLYPTODON-B,471_2025,2,0,461
2025-10-29,aFRRDown,30XROGLYPTODON-B,471_2025,3,461,
2025-10-29,aFRRUp,30XROMEGALODON-K,471_2025,1,120,
2025-10-29,aFRRUp,30XROMEGALODON-K,471_2025,2,0,120
2025-10-29,aFRRUp,30XROTENGAZ----B,471_2025,1,518,553
2025-10-29,aFRRUp,30XROTENGAZ----B,471_2025,2,553,518
2025-10-29,aFRRUp,30XROGLYPTODON-B,471_2025,1,24,216
2025-10-29,aFRRUp,30XROGLYPTODON-B,471_2025,2,216,24
2025-10-29,aFRRUp,30XROHIDRO-----1,471_2025,1,0,125
2025-10-29,aFRRUp,30XROHIDRO-----1,471_2025,2,125,0
2025-10-30,aFRRDown,30XROGLYPTODON-B,474_2025,2,429,
2025-10-30,aFRRDown,30XROGLYPTODON-B,474_2025,3,0,429
2025-10-30,aFRRDown,30XROTENGAZ----B,474_2025,1,134,54
2025-10-30,aFRRDown,30XROTENGAZ----B,474_2025,2,54,134
2025-10-30,aFRRUp,30XROHIDRO-----1,474_2025,1,0,50
2025-10-30,aFRRUp,30XROHIDRO-----1,474_2025,2,50,0
2025-10-30,aFRRUp,30XROMEGALODON-K,474_2025,1,120,
2025-10-30,aFRRUp,30XROMEGALODON-K,474_2025,2,0,120
2025-10-31,aFRRDown,30XROMEGALODON-K,476_2025,1,105,
2025-10-31,aFRRDown,30XROMEGALODON-K,476_2025,2,0,105
2025-10-31,aFRRDown,30XROTENGAZ----B,476_2025,1,101,0
2025-10-31,aFRRDown,30XROTENGAZ----B,476_2025,2,0,101
2025-10-31,aFRRUp,30XROTENGAZ----B,476_2025,1,693,558
2025-10-31,aFRRUp,30XROTENGAZ----B,476_2025,2,558,693
2025-10-31,aFRRUp,30XROHIDRO-----1,476_2025,1,50,0
2025-10-31,aFRRUp,30XROHIDRO-----1,476_2025,2,0,50
2025-10-31,aFRRUp,30XROGLYPTODON-B,476_2025,1,24,216
2025-10-31,aFRRUp,30XROGLYPTODON-B,476_2025,2,216,24
2025-11-01,aFRRDown,30XROMEGALODON-K,478_2025,2,10,
2025-11-01,aFRRDown,30XROMEGALODON-K,478_2025,3,0,10
2025-11-01,aFRRDown,30XROGLYPTODON-B,478_2025,2,0,416
2025-11-01,aFRRDown,30XROGLYPTODON-B,478_2025,3,416,
2025-11-01,aFRRUp,30XROHIDRO-----1,478_2025,1,0,53
2025-11-01,aFRRUp,30XROHIDRO-----1,478_2025,2,53,0
2025-11-01,aFRRUp,30XROGLYPTODON-B,478_2025,1,214,22
2025-11-01,aFRRUp,30XROGLYPTODON-B,478_2025,2,22,214
2025-11-02,aFRRDown,30XROGLYPTODON-B,480_2025,2,416,
2025-11-02,aFRRDown,30XROGLYPTODON-B,480_2025,3,0,416
2025-11-02,aFRRUp,30XROHIDRO-----1,480_2025,1,0,109
2025-11-02,aFRRUp,30XROHIDRO-----1,480_2025,2,109,0
2025-11-03,aFRRDown,30XROTENGAZ----B,482_2025,1,265,430
2025-11-03,aFRRDown,30XROTENGAZ----B,482_2025,2,430,265
2025-11-03,aFRRUp,30XROGLYPTODON-B,482_2025,1,216,24
2025-11-03,aFRRUp,30XROGLYPTODON-B,482_2025,2,24,216
2025-11-03,aFRRUp,30XROHIDRO-----1,482_2025,1,0,109
2025-11-03,aFRRUp,30XROHIDRO-----1,482_2025,2,109,0
2025-11-04,aFRRDown,30XROMEGALODON-K,484_2025,1,105,
2025-11-04,aFRRDown,30XROMEGALODON-K,484_2025,3,0,105
2025-11-04,aFRRUp,30XROHIDRO-----1,484_2025,1,0,50
2025-11-04,aFRRUp,30XROHIDRO-----1,484_2025,2,50,0
2025-11-05,aFRRDown,30XROGLYPTODON-B,486_2025,1,576,
2025-11-05,aFRRDown,30XROGLYPTODON-B,486_2025,3,0,576
2025-11-05,aFRRUp,30XROHIDRO-----1,486_2025,1,0,47
2025-11-05,aFRRUp,30XROHIDRO-----1,486_2025,2,47,0
2025-11-06,aFRRDown,30XROTENGAZ----B,488_2025,1,162,266
2025-11-06,aFRRDown,30XROTENGAZ----B,488_2025,2,266,162
2025-11-06,aFRRUp,30XROMEGALODON-K,488_2025,1,120,
2025-11-06,aFRRUp,30XROMEGALODON-K,488_2025,2,0,120
2025-11-07,FCR,30XROHIDRO-----1,491_2025,4,2164,
2025-11-07,FCR,30XROHIDRO-----1,491_2025,5,0,2164
2025-11-07,aFRRDown,30XROMEGALODON-K,490_2025,1,0,110
2025-11-07,aFRRDown,30XROMEGALODON-K,490_2025,2,110,
2025-11-07,aFRRUp,30XROMEGALODON-K,490_2025,1,0,120
2025-11-07,aFRRUp,30XROMEGALODON-K,490_2025,2,120,
2025-11-08,aFRRDown,30XROMEGALODON-K,492_2025,1,110,
2025-11-08,aFRRDown,30XROMEGALODON-K,492_2025,3,0,110
2025-11-08,aFRRUp,30XROHIDRO-----1,492_2025,1,229,0
2025-11-08,aFRRUp,30XROHIDRO-----1,492_2025,2,0,229
2025-11-08,aFRRUp,30XROGLYPTODON-B,492_2025,1,216,24
2025-11-08,aFRRUp,30XROGLYPTODON-B,492_2025,2,24,216
2025-11-09,aFRRDown,30XROGLYPTODON-B,494_2025,2,467,
2025-11-09,aFRRDown,30XROGLYPTODON-B,494_2025,3,0,467
2025-11-09,aFRRUp,30XROHIDRO-----1,494_2025,1,0,125
2025-11-09,aFRRUp,30XROHIDRO-----1,494_2025,2,125,0
2025-11-10,aFRRDown,30XROGLYPTODON-B,496_2025,1,456,
2025-11-10,aFRRDown,30XROGLYPTODON-B,496_2025,3,0,456
2025-11-10,aFRRDown,30XROMEGALODON-K,496_2025,1,0,110
2025-11-10,aFRRDown,30XROMEGALODON-K,496_2025,2,110,
2025-11-10,aFRRUp,30XROHIDRO-----1,496_2025,1,125,0
2025-11-10,aFRRUp,30XROHIDRO-----1,496_2025,2,0,125
2025-11-11,aFRRDown,30XROMEGALODON-K,498_2025,1,95,
2025-11-11,aFRRDown,30XROMEGALODON-K,498_2025,2,0,95
2025-11-11,aFRRUp,30XROGLYPTODON-B,498_2025,1,216,24
2025-11-11,aFRRUp,30XROGLYPTODON-B,498_2025,2,24,216
2025-11-11,aFRRUp,30XROHIDRO-----1,498_2025,1,0,560
2025-11-11,aFRRUp,30XROHIDRO-----1,498_2025,2,560,0
2025-11-12,aFRRDown,30XROTENGAZ----B,500_2025,1,727,634
2025-11-12,aFRRDown,30XROTENGAZ----B,500_2025,2,634,727
2025-11-12,aFRRUp,30XROGLYPTODON-B,500_2025,1,153,0
2025-11-12,aFRRUp,30XROGLYPTODON-B,500_2025,2,0,153
2025-11-12,aFRRUp,30XROMEGALODON-K,500_2025,1,0,85
2025-11-12,aFRRUp,30XROMEGALODON-K,500_2025,2,85,
2025-11-13,aFRRDown,30XROMEGALODON-K,502_2025,2,105,
2025-11-13,aFRRDown,30XROMEGALODON-K,502_2025,3,0,105
2025-11-13,aFRRDown,30XROGLYPTODON-B,502_2025,2,0,497
2025-11-13,aFRRDown,30XROGLYPTODON-B,502_2025,3,497,
2025-11-13,aFRRUp,30XROMEGALODON-K,502_2025,1,120,
2025-11-13,aFRRUp,30XROMEGALODON-K,502_2025,2,0,120
2025-11-13,aFRRUp,30XROGLYPTODON-B,502_2025,1,24,216
2025-11-13,aFRRUp,30XROGLYPTODON-B,502_2025,2,216,24
2025-11-15,aFRRDown,30XROMEGALODON-K,506_2025,1,0,17
2025-11-15,aFRRDown,30XROMEGALODON-K,506_2025,3,17,
2025-11-15,aFRRUp,30XROGLYPTODON-B,506_2025,1,180,13
2025-11-15,aFRRUp,30XROGLYPTODON-B,506_2025,2,13,180
2025-11-16,aFRRDown,30XROHIDRO-----1,507_2025,1,0,46
2025-11-16,aFRRDown,30XROHIDRO-----1,507_2025,2,46,0
2025-11-16,aFRRDown,30XROMEGALODON-K,507_2025,1,63,
2025-11-16,aFRRDown,30XROMEGALODON-K,507_2025,3,0,63
2025-11-16,aFRRDown,30XROGLYPTODON-B,507_2025,2,0,322
2025-11-16,aFRRDown,30XROGLYPTODON-B,507_2025,3,322,
2025-11-16,aFRRUp,30XROTENGAZ----B,507_2025,1,175,698
2025-11-16,aFRRUp,30XROTENGAZ----B,507_2025,2,698,175
2025-11-17,aFRRUp,30XROGLYPTODON-B,508_2025,1,13,180
2025-11-17,aFRRUp,30XROGLYPTODON-B,508_2025,2,180,13
2025-11-18,aFRRUp,30XROGLYPTODON-B,512_2025,1,12,126
2025-11-18,aFRRUp,30XROGLYPTODON-B,512_2025,2,126,12
2025-11-18,aFRRUp,30XROMEGALODON-K,512_2025,1,0,70
2025-11-18,aFRRUp,30XROMEGALODON-K,512_2025,2,70,
2025-11-19,aFRRUp,30XROTENGAZ----B,514_2025,1,701,706
2025-11-19,aFRRUp,30XROTENGAZ----B,514_2025,2,706,701
2025-11-20,FCR,30XROHIDRO-----1,517_2025,1,0,2318
2025-11-20,FCR,30XROHIDRO-----1,517_2025,2,2318,
2025-11-23,aFRRDown,30XROGLYPTODON-B,522_2025,1,206,
2025-11-23,aFRRDown,30XROGLYPTODON-B,522_2025,2,0,206
2025-11-23,aFRRDown,30XROMEGALODON-K,522_2025,2,0,110
2025-11-23,aFRRDown,30XROMEGALODON-K,522_2025,3,110,
2025-11-23,aFRRUp,30XROGLYPTODON-B,522_2025,1,171,19
2025-11-23,aFRRUp,30XROGLYPTODON-B,522_2025,2,19,171
2025-11-23,aFRRUp,30XROTENGAZ----B,522_2025,1,704,264
2025-11-23,aFRRUp,30XROTENGAZ----B,522_2025,3,264,704
2025-11-24,aFRRDown,30XROGLYPTODON-B,524_2025,2,0,211
2025-11-24,aFRRDown,30XROGLYPTODON-B,524_2025,3,211,
2025-11-24,aFRRUp,30XROMEGALODON-K,524_2025,1,0,95
2025-11-24,aFRRUp,30XROMEGALODON-K,524_2025,2,95,
2025-11-25,aFRRDown,30XROGLYPTODON-B,526_2025,1,177,
2025-11-25,aFRRDown,30XROGLYPTODON-B,526_2025,4,0,177
2025-11-25,aFRRUp,30XROGLYPTODON-B,526_2025,2,0,24
2025-11-25,aFRRUp,30XROGLYPTODON-B,526_2025,3,24,
2025-11-25,aFRRUp,30XROMEGALODON-K,526_2025,1,120,
2025-11-25,aFRRUp,30XROMEGALODON-K,526_2025,2,0,120
2025-11-25,aFRRUp,30XROTENGAZ----B,526_2025,1,192,704
2025-11-25,aFRRUp,30XROTENGAZ----B,526_2025,3,704,192
2025-11-26,aFRRDown,30XROTENGAZ----B,528_2025,1,0,43
2025-11-26,aFRRDown,30XROTENGAZ----B,528_2025,2,43,0
2025-11-26,aFRRDown,30XROMEGALODON-K,528_2025,1,110,
2025-11-26,aFRRDown,30XROMEGALODON-K,528_2025,3,0,110
2025-11-26,aFRRUp,30XROTENGAZ----B,528_2025,1,704,264
2025-11-26,aFRRUp,30XROTENGAZ----B,528_2025,3,264,704
2025-11-26,aFRRUp,30XROHIDRO-----1,528_2025,1,0,66
2025-11-26,aFRRUp,30XROHIDRO-----1,528_2025,2,66,0
2025-11-27,aFRRDown,30XROTENGAZ----B,530_2025,1,762,766
2025-11-27,aFRRDown,30XROTENGAZ----B,530_2025,2,766,762
2025-11-27,aFRRDown,30XROGLYPTODON-B,530_2025,1,0,78
2025-11-27,aFRRDown,30XROGLYPTODON-B,530_2025,4,78,
2025-11-27,aFRRDown,30XROMEGALODON-K,530_2025,1,45,
2025-11-27,aFRRDown,30XROMEGALODON-K,530_2025,2,0,45
2025-11-27,aFRRUp,30XROTENGAZ----B,530_2025,1,698,103
2025-11-27,aFRRUp,30XROTENGAZ----B,530_2025,3,103,698
2025-11-27,aFRRUp,30XROMEGALODON-K,530_2025,1,0,120
2025-11-27,aFRRUp,30XROMEGALODON-K,530_2025,2,120,
2025-11-27,aFRRUp,30XROGLYPTODON-B,530_2025,1,8,216
2025-11-27,aFRRUp,30XROGLYPTODON-B,530_2025,2,216,8
2025-11-28,aFRRDown,30XROGLYPTODON-B,533_2025,2,0,413
2025-11-28,aFRRDown,30XROGLYPTODON-B,533_2025,3,413,
2025-11-28,aFRRDown,30XROTENGAZ----B,533_2025,2,448,2
2025-11-28,aFRRDown,30XROTENGAZ----B,533_2025,3,2,448
2025-11-28,aFRRUp,30XROGLYPTODON-B,533_2025,1,216,20
2025-11-28,aFRRUp,30XROGLYPTODON-B,533_2025,2,20,216
2025-11-29,aFRRDown,30XROMEGALODON-K,535_2025,1,65,
2025-11-29,aFRRDown,30XROMEGALODON-K,535_2025,3,0,65
2025-11-29,aFRRDown,30XROTENGAZ----B,535_2025,2,355,
2025-11-29,aFRRDown,30XROTENGAZ----B,535_2025,3,11,355
2025-11-29,aFRRDown,30XROTENGAZ----B,535_2025,4,0,11
2025-11-29,aFRRUp,30XROTENGAZ----B,535_2025,1,264,700
2025-11-29,aFRRUp,30XROTENGAZ----B,535_2025,2,700,264
2025-11-29,aFRRUp,30XROGLYPTODON-B,535_2025,1,24,216
2025-11-29,aFRRUp,30XROGLYPTODON-B,535_2025,2,216,24
2025-11-29,aFRRUp,30XROHIDRO-----1,535_2025,3,48,
2025-11-29,aFRRUp,30XROHIDRO-----1,535_2025,4,0,48
2025-11-29,aFRRUp,30XROMEGALODON-K,535_2025,1,120,
2025-11-29,aFRRUp,30XROMEGALODON-K,535_2025,2,0,120
2025-11-30,aFRRDown,30XROMEGALODON-K,536_2025,1,0,65
2025-11-30,aFRRDown,30XROMEGALODON-K,536_2025,3,65,
2025-11-30,aFRRDown,30XROTENGAZ----B,536_2025,1,355,325
2025-11-30,aFRRDown,30XROTENGAZ----B,536_2025,2,325,11
2025-11-30,aFRRDown,30XROTENGAZ----B,536_2025,3,11,355
2025-11-30,aFRRDown,30XROGLYPTODON-B,536_2025,1,230,
2025-11-30,aFRRDown,30XROGLYPTODON-B,536_2025,3,0,230
2025-11-30,aFRRUp,30XROTENGAZ----B,536_2025,1,264,700
2025-11-30,aFRRUp,30XROTENGAZ----B,536_2025,3,700,264
2025-11-30,aFRRUp,30XROHIDRO-----1,536_2025,5,33,
2025-11-30,aFRRUp,30XROHIDRO-----1,536_2025,6,0,33
2025-12-01,aFRRDown,30XROMEGALODON-K,537_2025,2,65,
2025-12-01,aFRRDown,30XROMEGALODON-K,537_2025,3,0,65
2025-12-01,aFRRDown,30XROGLYPTODON-B,537_2025,2,0,242
2025-12-01,aFRRDown,30XROGLYPTODON-B,537_2025,3,242,
2025-12-01,aFRRDown,30XROTENGAZ----B,537_2025,2,350,11
2025-12-01,aFRRDown,30XROTENGAZ----B,537_2025,3,11,350
2025-12-01,aFRRUp,30XROTENGAZ----B,537_2025,1,264,700
2025-12-01,aFRRUp,30XROTENGAZ----B,537_2025,2,700,264
2025-12-01,aFRRUp,30XROTENGAZ----B,537_2025,3,700,
2025-12-01,aFRRUp,30XROTENGAZ----B,537_2025,4,0,700
2025-12-01,aFRRUp,30XROHIDRO-----1,537_2025,1,33,0
2025-12-01,aFRRUp,30XROHIDRO-----1,537_2025,2,0,33
2025-12-02,aFRRDown,30XROGLYPTODON-B,538_2025,1,237,
2025-12-02,aFRRDown,30XROGLYPTODON-B,538_2025,3,0,237
2025-12-02,aFRRDown,30XROMEGALODON-K,538_2025,2,0,65
2025-12-02,aFRRDown,30XROMEGALODON-K,538_2025,3,65,
2025-12-02,aFRRUp,30XROGLYPTODON-B,538_2025,1,216,24
2025-12-02,aFRRUp,30XROGLYPTODON-B,538_2025,2,24,216
2025-12-02,aFRRUp,30XROMEGALODON-K,538_2025,1,0,120
2025-12-02,aFRRUp,30XROMEGALODON-K,538_2025,2,120,
2025-12-03,aFRRDown,30XROMEGALODON-K,539_2025,2,0,120
2025-12-03,aFRRDown,30XROMEGALODON-K,539_2025,3,120,
2025-12-03,aFRRDown,30XROTENGAZ----B,539_2025,1,24,712
2025-12-03,aFRRDown,30XROTENGAZ----B,539_2025,2,712,24
2025-12-03,aFRRUp,30XROTENGAZ----B,539_2025,2,680,264
2025-12-03,aFRRUp,30XROTENGAZ----B,539_2025,3,264,680
2025-12-03,aFRRUp,30XROGLYPTODON-B,539_2025,1,11,158
2025-12-03,aFRRUp,30XROGLYPTODON-B,539_2025,2,158,11
2025-12-03,aFRRUp,30XROMEGALODON-K,539_2025,1,0,120
2025-12-03,aFRRUp,30XROMEGALODON-K,539_2025,2,120,
2025-12-04,aFRRDown,30XROTENGAZ----B,545_2025,1,0,205
2025-12-04,aFRRDown,30XROTENGAZ----B,545_2025,2,205,
2025-12-05,aFRRDown,30XROMEGALODON-K,548_2025,1,120,
2025-12-05,aFRRDown,30XROMEGALODON-K,548_2025,2,0,120
2025-12-05,aFRRDown,30XROTENGAZ----B,548_2025,1,493,702
2025-12-05,aFRRDown,30XROTENGAZ----B,548_2025,2,24,493
2025-12-05,aFRRDown,30XROTENGAZ----B,548_2025,3,702,24
2025-12-05,aFRRUp,30XROTENGAZ----B,548_2025,1,264,690
2025-12-05,aFRRUp,30XROTENGAZ----B,548_2025,2,690,264
2025-12-05,aFRRUp,30XROMEGALODON-K,548_2025,1,0,120
2025-12-05,aFRRUp,30XROMEGALODON-K,548_2025,2,120,
2025-12-06,aFRRDown,30XROMEGALODON-K,550_2025,2,72,
2025-12-06,aFRRDown,30XROMEGALODON-K,550_2025,3,0,72
2025-12-06,aFRRDown,30XROTENGAZ----B,550_2025,2,144,526
2025-12-06,aFRRDown,30XROTENGAZ----B,550_2025,3,526,144
2025-12-06,aFRRUp,30XROMEGALODON-K,550_2025,1,0,120
2025-12-06,aFRRUp,30XROMEGALODON-K,550_2025,2,120,
2025-12-07,aFRRDown,30XROTENGAZ----B,551_2025,1,534,726
2025-12-07,aFRRDown,30XROTENGAZ----B,551_2025,2,144,534
2025-12-07,aFRRDown,30XROTENGAZ----B,551_2025,3,726,144
2025-12-07,aFRRDown,30XROMEGALODON-K,551_2025,2,0,72
2025-12-07,aFRRDown,30XROMEGALODON-K,551_2025,3,72,
2025-12-07,aFRRUp,30XROTENGAZ----B,551_2025,1,144,666
2025-12-07,aFRRUp,30XROTENGAZ----B,551_2025,2,666,144
2025-12-07,aFRRUp,30XROGLYPTODON-B,551_2025,1,216,21
2025-12-07,aFRRUp,30XROGLYPTODON-B,551_2025,2,21,216
2025-12-08,aFRRDown,30XROTENGAZ----B,552_2025,1,717,114
2025-12-08,aFRRDown,30XROTENGAZ----B,552_2025,2,114,246
2025-12-08,aFRRDown,30XROTENGAZ----B,552_2025,3,246,717
2025-12-08,aFRRDown,30XROGLYPTODON-B,552_2025,2,312,
2025-12-08,aFRRDown,30XROGLYPTODON-B,552_2025,3,0,312
2025-12-08,aFRRDown,30XROHIDRO-----1,552_2025,1,0,129
2025-12-08,aFRRDown,30XROHIDRO-----1,552_2025,2,129,0
2025-12-08,aFRRUp,30XROTENGAZ----B,552_2025,1,114,523
2025-12-08,aFRRUp,30XROTENGAZ----B,552_2025,2,523,114
2025-12-08,aFRRUp,30XROMEGALODON-K,552_2025,1,120,
2025-12-08,aFRRUp,30XROMEGALODON-K,552_2025,2,0,120
2025-12-08,aFRRUp,30XROHIDRO-----1,552_2025,1,0,279
2025-12-08,aFRRUp,30XROHIDRO-----1,552_2025,2,279,0
2025-12-08,aFRRUp,30XROGLYPTODON-B,552_2025,1,162,15
2025-12-08,aFRRUp,30XROGLYPTODON-B,552_2025,2,15,162
2025-12-09,aFRRDown,30XROGLYPTODON-B,553_2025,2,0,115
2025-12-09,aFRRDown,30XROGLYPTODON-B,553_2025,3,49,216
2025-12-09,aFRRDown,30XROGLYPTODON-B,553_2025,4,216,49
2025-12-09,aFRRDown,30XROGLYPTODON-B,553_2025,5,115,
2025-12-09,aFRRDown,30XROMEGALODON-K,553_2025,2,0,48
2025-12-09,aFRRDown,30XROMEGALODON-K,553_2025,3,48,
2025-12-09,aFRRDown,30XROTENGAZ----B,553_2025,1,722,0
2025-12-09,aFRRDown,30XROTENGAZ----B,553_2025,2,529,722
2025-12-09,aFRRDown,30XROTENGAZ----B,553_2025,3,0,529
2025-12-09,aFRRUp,30XROTENGAZ----B,553_2025,2,616,77
2025-12-09,aFRRUp,30XROTENGAZ----B,553_2025,3,77,616
2025-12-09,aFRRUp,30XROMEGALODON-K,553_2025,1,0,120
2025-12-09,aFRRUp,30XROMEGALODON-K,553_2025,2,120,
2025-12-10,aFRRDown,30XROMEGALODON-K,558_2025,2,24,48
2025-12-10,aFRRDown,30XROMEGALODON-K,558_2025,3,0,24
2025-12-10,aFRRDown,30XROMEGALODON-K,558_2025,4,48,
2025-12-10,aFRRDown,30XROGLYPTODON-B,558_2025,2,216,
2025-12-10,aFRRDown,30XROGLYPTODON-B,558_2025,3,0,216
2025-12-10,aFRRUp,30XROMEGALODON-K,558_2025,1,0,120
2025-12-10,aFRRUp,30XROMEGALODON-K,558_2025,2,120,
2025-12-11,aFRRDown,30XROGLYPTODON-B,560_2025,1,155,120
2025-12-11,aFRRDown,30XROGLYPTODON-B,560_2025,2,0,120
2025-12-11,aFRRDown,30XROGLYPTODON-B,560_2025,3,120,155
2025-12-11,aFRRDown,30XROGLYPTODON-B,560_2025,4,120,
2025-12-11,aFRRUp,30XROTENGAZ----B,560_2025,1,686,664
2025-12-11,aFRRUp,30XROTENGAZ----B,560_2025,2,242,686
2025-12-11,aFRRUp,30XROTENGAZ----B,560_2025,3,664,242
2025-12-11,aFRRUp,30XROMEGALODON-K,560_2025,1,0,120
2025-12-11,aFRRUp,30XROMEGALODON-K,560_2025,2,120,
2025-12-11,aFRRUp,30XROGLYPTODON-B,560_2025,1,216,24
2025-12-11,aFRRUp,30XROGLYPTODON-B,560_2025,2,24,216
2025-12-11,aFRRUp,30XROHIDRO-----1,560_2025,1,188,0
2025-12-11,aFRRUp,30XROHIDRO-----1,560_2025,2,0,188
2025-12-12,aFRRDown,30XROMEGALODON-K,562_2025,1,51,48
2025-12-12,aFRRDown,30XROMEGALODON-K,562_2025,2,0,51
2025-12-12,aFRRDown,30XROMEGALODON-K,562_2025,4,48,
2025-12-12,aFRRDown,30XROGLYPTODON-B,562_2025,3,0,96
2025-12-12,aFRRDown,30XROGLYPTODON-B,562_2025,4,96,
2025-12-12,aFRRDown,30XROTENGAZ----B,562_2025,2,17,
2025-12-12,aFRRDown,30XROTENGAZ----B,562_2025,3,0,17
2025-12-12,aFRRUp,30XROMEGALODON-K,562_2025,1,0,120
2025-12-12,aFRRUp,30XROMEGALODON-K,562_2025,2,120,
2025-12-12,aFRRUp,30XROTENGAZ----B,562_2025,1,11,611
2025-12-12,aFRRUp,30XROTENGAZ----B,562_2025,3,611,11
2025-12-12,aFRRUp,30XROGLYPTODON-B,562_2025,1,216,24
2025-12-12,aFRRUp,30XROGLYPTODON-B,562_2025,2,24,216
2025-12-13,aFRRDown,30XROGLYPTODON-B,564_2025,2,0,213
2025-12-13,aFRRDown,30XROGLYPTODON-B,564_2025,3,0,96
2025-12-13,aFRRDown,30XROGLYPTODON-B,564_2025,4,96,
2025-12-13,aFRRDown,30XROGLYPTODON-B,564_2025,5,213,0
2025-12-13,aFRRUp,30XROTENGAZ----B,564_2025,1,684,610
2025-12-13,aFRRUp,30XROTENGAZ----B,564_2025,3,610,684
2025-12-13,aFRRUp,30XROHIDRO-----1,564_2025,1,65,0
2025-12-13,aFRRUp,30XROHIDRO-----1,564_2025,2,0,65
2025-12-13,aFRRUp,30XROMEGALODON-K,564_2025,1,0,120
2025-12-13,aFRRUp,30XROMEGALODON-K,564_2025,2,120,
2025-12-14,aFRRUp,30XROGLYPTODON-B,565_2025,1,24,216
2025-12-14,aFRRUp,30XROGLYPTODON-B,565_2025,2,216,24
2025-12-14,aFRRUp,30XROTENGAZ----B,565_2025,2,154,610
2025-12-14,aFRRUp,30XROTENGAZ----B,565_2025,3,610,154
2025-12-15,aFRRDown,30XROGLYPTODON-B,566_2025,2,96,15
2025-12-15,aFRRDown,30XROGLYPTODON-B,566_2025,4,15,225
2025-12-15,aFRRDown,30XROGLYPTODON-B,566_2025,5,225,96
2025-12-15,aFRRDown,30XROMEGALODON-K,566_2025,2,48,23
2025-12-15,aFRRDown,30XROMEGALODON-K,566_2025,4,23,48
2025-12-15,aFRRUp,30XROGLYPTODON-B,566_2025,1,216,24
2025-12-15,aFRRUp,30XROGLYPTODON-B,566_2025,2,24,216
2025-12-15,aFRRUp,30XROTENGAZ----B,566_2025,1,618,166
2025-12-15,aFRRUp,30XROTENGAZ----B,566_2025,2,166,684
2025-12-15,aFRRUp,30XROTENGAZ----B,566_2025,3,684,618
2025-12-16,aFRRDown,30XROMEGALODON-K,567_2025,1,72,
2025-12-16,aFRRDown,30XROMEGALODON-K,567_2025,2,0,48
2025-12-16,aFRRDown,30XROMEGALODON-K,567_2025,3,48,
2025-12-16,aFRRDown,30XROMEGALODON-K,567_2025,4,0,72
2025-12-16,aFRRDown,30XROGLYPTODON-B,567_2025,1,96,
2025-12-16,aFRRDown,30XROGLYPTODON-B,567_2025,3,192,96
2025-12-16,aFRRDown,30XROGLYPTODON-B,567_2025,4,0,272
2025-12-16,aFRRDown,30XROGLYPTODON-B,567_2025,5,272,192
2025-12-16,aFRRDown,30XROTENGAZ----B,567_2025,1,689,281
2025-12-16,aFRRDown,30XROTENGAZ----B,567_2025,2,0,689
2025-12-16,aFRRDown,30XROTENGAZ----B,567_2025,3,281,0
2025-12-16,aFRRUp,30XROHIDRO-----1,567_2025,1,0,77
2025-12-16,aFRRUp,30XROHIDRO-----1,567_2025,2,77,0
2025-12-16,aFRRUp,30XROTENGAZ----B,567_2025,1,264,684
2025-12-16,aFRRUp,30XROTENGAZ----B,567_2025,3,684,264
2025-12-16,aFRRUp,30XROGLYPTODON-B,567_2025,1,216,24
2025-12-16,aFRRUp,30XROGLYPTODON-B,567_2025,2,24,216
2025-12-17,FCR,30XROPETROM----4,573_2025,1,960,
2025-12-17,FCR,30XROPETROM----4,573_2025,2,0,960
2025-12-17,aFRRDown,30XROTENGAZ----B,572_2025,1,24,696
2025-12-17,aFRRDown,30XROTENGAZ----B,572_2025,2,696,24
2025-12-17,aFRRDown,30XROMEGALODON-K,572_2025,1,48,
2025-12-17,aFRRDown,30XROMEGALODON-K,572_2025,3,0,48
2025-12-17,aFRRDown,30XROGLYPTODON-B,572_2025,1,415,
2025-12-17,aFRRDown,30XROGLYPTODON-B,572_2025,4,0,415
2025-12-17,aFRRUp,30XROMEGALODON-K,572_2025,1,0,120
2025-12-17,aFRRUp,30XROMEGALODON-K,572_2025,2,120,
2025-12-17,aFRRUp,30XROTENGAZ----B,572_2025,2,439,696
2025-12-17,aFRRUp,30XROTENGAZ----B,572_2025,3,696,439
2025-12-19,aFRRDown,30XROGLYPTODON-B,576_2025,1,216,293
2025-12-19,aFRRDown,30XROGLYPTODON-B,576_2025,2,293,216
2025-12-19,aFRRDown,30XROTENGAZ----B,576_2025,1,695,320
2025-12-19,aFRRDown,30XROTENGAZ----B,576_2025,3,320,695
2025-12-19,aFRRUp,30XROTENGAZ----B,576_2025,2,264,696
2025-12-19,aFRRUp,30XROTENGAZ----B,576_2025,3,696,264
2025-12-21,aFRRDown,30XROCENCRAIOVAM,579_2025,1,1200,
2025-12-21,aFRRDown,30XROCENCRAIOVAM,579_2025,2,0,1200
2025-12-21,aFRRDown,30XROTENGAZ----B,579_2025,2,708,24
2025-12-21,aFRRDown,30XROTENGAZ----B,579_2025,3,24,708
2025-12-22,aFRRDown,30XROGLYPTODON-B,580_2025,2,225,0
2025-12-22,aFRRDown,30XROGLYPTODON-B,580_2025,3,0,225
2025-12-22,aFRRUp,30XROTENGAZ----B,580_2025,1,264,684
2025-12-22,aFRRUp,30XROTENGAZ----B,580_2025,2,684,264
2025-12-23,aFRRDown,30XROGLYPTODON-B,584_2025,1,160,249
2025-12-23,aFRRDown,30XROGLYPTODON-B,584_2025,2,249,96
2025-12-23,aFRRDown,30XROGLYPTODON-B,584_2025,3,96,160
2025-12-24,aFRRDown,30XROMEGALODON-K,586_2025,1,72,0
2025-12-24,aFRRDown,30XROMEGALODON-K,586_2025,2,0,72
2025-12-24,aFRRDown,30XROGLYPTODON-B,586_2025,1,96,249
2025-12-24,aFRRDown,30XROGLYPTODON-B,586_2025,2,0,96
2025-12-24,aFRRDown,30XROGLYPTODON-B,586_2025,3,249,0
2025-12-25,aFRRDown,30XROGLYPTODON-B,588_2025,1,249,42
2025-12-25,aFRRDown,30XROGLYPTODON-B,588_2025,3,42,249
2025-12-25,aFRRDown,30XROTENGAZ----B,588_2025,1,949,
2025-12-25,aFRRDown,30XROTENGAZ----B,588_2025,2,0,949
2025-12-25,aFRRDown,30XRO-NPS50----C,588_2025,1,1191,
2025-12-25,aFRRDown,30XRO-NPS50----C,588_2025,2,0,1191
2025-12-25,aFRRUp,30XROHIDRO-----1,588_2025,1,0,145
2025-12-25,aFRRUp,30XROHIDRO-----1,588_2025,2,145,0
2025-12-25,aFRRUp,30XROTENGAZ----B,588_2025,1,0,811
2025-12-25,aFRRUp,30XROTENGAZ----B,588_2025,2,811,
2025-12-26,aFRRDown,30XROMEGALODON-K,589_2025,1,0,72
2025-12-26,aFRRDown,30XROMEGALODON-K,589_2025,2,72,0
2025-12-28,aFRRDown,30XROGLYPTODON-B,591_2025,1,249,0
2025-12-28,aFRRDown,30XROGLYPTODON-B,591_2025,3,0,249
2025-12-28,aFRRDown,30XROMEGALODON-K,591_2025,1,0,72
2025-12-28,aFRRDown,30XROMEGALODON-K,591_2025,2,72,0
2025-12-28,aFRRUp,30XROHIDRO-----1,591_2025,1,0,130
2025-12-28,aFRRUp,30XROHIDRO-----1,591_2025,2,130,0
2025-12-29,aFRRDown,30XROGLYPTODON-B,592_2025,2,96,0
2025-12-29,aFRRDown,30XROGLYPTODON-B,592_2025,3,0,96
2025-12-29,aFRRDown,30XROMEGALODON-K,592_2025,1,72,0
2025-12-29,aFRRDown,30XROMEGALODON-K,592_2025,2,0,72
2025-12-29,aFRRUp,30XROHIDRO-----1,592_2025,1,130,0
2025-12-29,aFRRUp,30XROHIDRO-----1,592_2025,2,0,130
2025-12-30,aFRRDown,30XROGLYPTODON-B,598_2025,2,273,
2025-12-30,aFRRDown,30XROGLYPTODON-B,598_2025,3,0,273
2025-12-30,aFRRUp,30XROHIDRO-----1,598_2025,1,0,35
2025-12-30,aFRRUp,30XROHIDRO-----1,598_2025,2,35,0
2025-12-31,aFRRDown,30XROGLYPTODON-B,599_2025,3,273,0
2025-12-31,aFRRDown,30XROGLYPTODON-B,599_2025,5,0,273
2025-12-31,aFRRUp,30XROHIDRO-----1,599_2025,1,0,35
2025-12-31,aFRRUp,30XROHIDRO-----1,599_2025,2,35,0
2025-12-31,aFRRUp,30XROGLYPTODON-B,599_2025,1,24,216
2025-12-31,aFRRUp,30XROGLYPTODON-B,599_2025,2,216,24
2026-01-01,aFRRDown,30XROGLYPTODON-B,1_2026,2,0,291
2026-01-01,aFRRDown,30XROGLYPTODON-B,1_2026,4,291,0
2026-01-01,aFRRUp,30XROGLYPTODON-B,1_2026,1,216,24
2026-01-01,aFRRUp,30XROGLYPTODON-B,1_2026,2,24,216
2026-01-01,aFRRUp,30XROHIDRO-----1,1_2026,2,145,0
2026-01-01,aFRRUp,30XROHIDRO-----1,1_2026,4,0,145
2026-01-02,aFRRDown,30XROMEGALODON-K,2_2026,1,72,
2026-01-02,aFRRDown,30XROMEGALODON-K,2_2026,4,0,72
2026-01-02,aFRRUp,30XROGLYPTODON-B,2_2026,1,216,24
2026-01-02,aFRRUp,30XROGLYPTODON-B,2_2026,2,24,216
2026-01-02,aFRRUp,30XROMEGALODON-K,2_2026,1,0,120
2026-01-02,aFRRUp,30XROMEGALODON-K,2_2026,2,120,
2026-01-02,aFRRUp,30XROHIDRO-----1,2_2026,3,145,0
2026-01-02,aFRRUp,30XROHIDRO-----1,2_2026,4,0,145
2026-01-03,aFRRDown,30XROMEGALODON-K,5_2026,1,0,48
2026-01-03,aFRRDown,30XROMEGALODON-K,5_2026,3,48,72
2026-01-03,aFRRDown,30XROMEGALODON-K,5_2026,4,72,
2026-01-03,aFRRDown,30XROGLYPTODON-B,5_2026,2,0,285
2026-01-03,aFRRDown,30XROGLYPTODON-B,5_2026,4,285,
2026-01-03,aFRRUp,30XROHIDRO-----1,5_2026,1,175,0
2026-01-03,aFRRUp,30XROHIDRO-----1,5_2026,2,0,175
2026-01-04,aFRRDown,30XROGLYPTODON-B,6_2026,2,280,216
2026-01-04,aFRRDown,30XROGLYPTODON-B,6_2026,3,0,280
2026-01-04,aFRRDown,30XROGLYPTODON-B,6_2026,4,216,
2026-01-04,aFRRDown,30XROMEGALODON-K,6_2026,2,48,
2026-01-04,aFRRDown,30XROMEGALODON-K,6_2026,4,0,48
2026-01-04,aFRRUp,30XROGLYPTODON-B,6_2026,1,24,216
2026-01-04,aFRRUp,30XROGLYPTODON-B,6_2026,2,216,24
2026-01-04,aFRRUp,30XROMEGALODON-K,6_2026,1,120,
2026-01-04,aFRRUp,30XROMEGALODON-K,6_2026,2,0,120
2026-01-05,aFRRDown,30XROGLYPTODON-B,7_2026,1,216,282
2026-01-05,aFRRDown,30XROGLYPTODON-B,7_2026,2,282,
2026-01-05,aFRRDown,30XROGLYPTODON-B,7_2026,3,0,216
2026-01-05,aFRRDown,30XROMEGALODON-K,7_2026,2,72,
2026-01-05,aFRRDown,30XROMEGALODON-K,7_2026,4,0,72
2026-01-06,aFRRDown,30XROGLYPTODON-B,11_2026,2,282,
2026-01-06,aFRRDown,30XROGLYPTODON-B,11_2026,3,206,282
2026-01-06,aFRRDown,30XROGLYPTODON-B,11_2026,4,0,206
2026-01-06,aFRRDown,30XROMEGALODON-K,11_2026,1,0,48
2026-01-06,aFRRDown,30XROMEGALODON-K,11_2026,2,48,
2026-01-06,aFRRDown,30XROMEGALODON-K,11_2026,3,24,
2026-01-06,aFRRDown,30XROMEGALODON-K,11_2026,4,0,24
2026-01-06,aFRRUp,30XROGLYPTODON-B,11_2026,1,24,216
2026-01-06,aFRRUp,30XROGLYPTODON-B,11_2026,2,216,24
2026-01-06,aFRRUp,30XROHIDRO-----1,11_2026,1,0,15
2026-01-06,aFRRUp,30XROHIDRO-----1,11_2026,2,15,0
2026-01-07,aFRRDown,30XROMEGALODON-K,12_2026,2,0,48
2026-01-07,aFRRDown,30XROMEGALODON-K,12_2026,3,48,
2026-01-07,aFRRUp,30XROGLYPTODON-B,12_2026,1,24,216
2026-01-07,aFRRUp,30XROGLYPTODON-B,12_2026,2,216,24
2026-01-08,aFRRDown,30XROGLYPTODON-B,13_2026,1,275,
2026-01-08,aFRRDown,30XROGLYPTODON-B,13_2026,3,0,275
2026-01-08,aFRRDown,30XROMEGALODON-K,13_2026,1,0,48
2026-01-08,aFRRDown,30XROMEGALODON-K,13_2026,3,24,
2026-01-08,aFRRDown,30XROMEGALODON-K,13_2026,4,48,24
2026-01-08,aFRRUp,30XROGLYPTODON-B,13_2026,1,24,216
2026-01-08,aFRRUp,30XROGLYPTODON-B,13_2026,2,216,24
2026-01-09,aFRRDown,30XROGLYPTODON-B,17_2026,2,0,480
2026-01-09,aFRRDown,30XROGLYPTODON-B,17_2026,3,480,
2026-01-09,aFRRDown,30XROMEGALODON-K,17_2026,1,0,72
2026-01-09,aFRRDown,30XROMEGALODON-K,17_2026,3,72,
2026-01-09,aFRRUp,30XROHIDRO-----1,17_2026,1,0,64
2026-01-09,aFRRUp,30XROHIDRO-----1,17_2026,2,64,0
2026-01-10,aFRRDown,30XROGLYPTODON-B,19_2026,2,0,480
2026-01-10,aFRRDown,30XROGLYPTODON-B,19_2026,3,480,
2026-01-10,aFRRDown,30XROMEGALODON-K,19_2026,1,0,72
2026-01-10,aFRRDown,30XROMEGALODON-K,19_2026,2,72,
2026-01-10,aFRRUp,30XROMEGALODON-K,19_2026,1,0,72
2026-01-10,aFRRUp,30XROMEGALODON-K,19_2026,2,72,
2026-01-10,aFRRUp,30XROGLYPTODON-B,19_2026,1,216,24
2026-01-10,aFRRUp,30XROGLYPTODON-B,19_2026,2,24,216
2026-01-11,aFRRDown,30XROGLYPTODON-B,20_2026,2,480,
2026-01-11,aFRRDown,30XROGLYPTODON-B,20_2026,3,0,480
2026-01-11,aFRRUp,30XROMEGALODON-K,20_2026,1,0,72
2026-01-11,aFRRUp,30XROMEGALODON-K,20_2026,2,72,
2026-01-12,aFRRDown,30XROGLYPTODON-B,21_2026,2,480,
2026-01-12,aFRRDown,30XROGLYPTODON-B,21_2026,3,0,480
2026-01-12,aFRRUp,30XROHIDRO-----1,21_2026,1,0,14
2026-01-12,aFRRUp,30XROHIDRO-----1,21_2026,2,14,0
2026-01-13,aFRRUp,30XROHIDRO-----1,22_2026,1,10,0
2026-01-13,aFRRUp,30XROHIDRO-----1,22_2026,2,0,10
2026-01-13,aFRRUp,30XROMEGALODON-K,22_2026,1,0,24
2026-01-13,aFRRUp,30XROMEGALODON-K,22_2026,2,24,
2026-01-14,aFRRDown,30XROMEGALODON-K,27_2026,1,0,60
2026-01-14,aFRRDown,30XROMEGALODON-K,27_2026,2,60,
2026-01-14,aFRRUp,30XROHIDRO-----1,27_2026,1,16,0
2026-01-14,aFRRUp,30XROHIDRO-----1,27_2026,2,0,16
2026-01-15,aFRRUp,30XROMEGALODON-K,29_2026,1,115,
2026-01-15,aFRRUp,30XROMEGALODON-K,29_2026,2,0,115
2026-01-16,aFRRDown,30XROMEGALODON-K,31_2026,2,0,66
2026-01-16,aFRRDown,30XROMEGALODON-K,31_2026,3,66,
2026-01-16,aFRRUp,30XROHIDRO-----1,31_2026,1,36,0
2026-01-16,aFRRUp,30XROHIDRO-----1,31_2026,2,0,36
2026-01-17,aFRRDown,30XROMEGALODON-K,33_2026,2,72,
2026-01-17,aFRRDown,30XROMEGALODON-K,33_2026,3,0,72
2026-01-17,aFRRDown,30XROGLYPTODON-B,33_2026,2,0,467
2026-01-17,aFRRDown,30XROGLYPTODON-B,33_2026,3,467,
2026-01-17,aFRRUp,30XROHIDRO-----1,33_2026,1,28,0
2026-01-17,aFRRUp,30XROHIDRO-----1,33_2026,2,0,28
2026-01-18,aFRRDown,30XROMEGALODON-K,34_2026,1,72,
2026-01-18,aFRRDown,30XROMEGALODON-K,34_2026,3,0,72
2026-01-18,aFRRDown,30XROGLYPTODON-B,34_2026,2,458,
2026-01-18,aFRRDown,30XROGLYPTODON-B,34_2026,3,0,458
2026-01-18,aFRRUp,30XROMEGALODON-K,34_2026,1,0,45
2026-01-18,aFRRUp,30XROMEGALODON-K,34_2026,2,45,
2026-01-18,aFRRUp,30XROGLYPTODON-B,34_2026,1,150,
2026-01-18,aFRRUp,30XROGLYPTODON-B,34_2026,2,0,150
2026-01-18,aFRRUp,30XROHIDRO-----1,34_2026,1,28,0
2026-01-18,aFRRUp,30XROHIDRO-----1,34_2026,2,0,28
2026-01-19,aFRRDown,30XROGLYPTODON-B,35_2026,2,0,542
2026-01-19,aFRRDown,30XROGLYPTODON-B,35_2026,3,542,
2026-01-19,aFRRDown,30XROMEGALODON-K,35_2026,2,72,
2026-01-19,aFRRDown,30XROMEGALODON-K,35_2026,3,0,72
2026-01-19,aFRRUp,30XROHIDRO-----1,35_2026,1,0,120
2026-01-19,aFRRUp,30XROHIDRO-----1,35_2026,2,120,0
2026-01-19,aFRRUp,30XROGLYPTODON-B,35_2026,1,14,140
2026-01-19,aFRRUp,30XROGLYPTODON-B,35_2026,2,140,14
2026-01-20,aFRRDown,30XROGLYPTODON-B,36_2026,2,587,
2026-01-20,aFRRDown,30XROGLYPTODON-B,36_2026,3,0,587
2026-01-20,aFRRUp,30XROGLYPTODON-B,36_2026,1,0,240
2026-01-20,aFRRUp,30XROGLYPTODON-B,36_2026,2,240,
2026-01-20,aFRRUp,30XROMEGALODON-K,36_2026,1,0,72
2026-01-20,aFRRUp,30XROMEGALODON-K,36_2026,2,72,
2026-01-21,aFRRDown,30XROMEGALODON-K,41_2026,2,120,
2026-01-21,aFRRDown,30XROMEGALODON-K,41_2026,3,0,120
2026-01-22,aFRRDown,30XROMEGALODON-K,43_2026,1,15,
2026-01-22,aFRRDown,30XROMEGALODON-K,43_2026,3,0,15
2026-01-22,aFRRUp,30XROMEGALODON-K,43_2026,1,120,
2026-01-22,aFRRUp,30XROMEGALODON-K,43_2026,2,0,120
2026-01-22,aFRRUp,30XROHIDRO-----1,43_2026,1,4,0
2026-01-22,aFRRUp,30XROHIDRO-----1,43_2026,2,0,4
2026-01-23,aFRRDown,30XROHIDRO-----1,45_2026,1,0,11
2026-01-23,aFRRDown,30XROHIDRO-----1,45_2026,2,11,0
2026-01-23,aFRRDown,30XROMEGALODON-K,45_2026,1,100,
2026-01-23,aFRRDown,30XROMEGALODON-K,45_2026,3,0,100
2026-01-23,aFRRUp,30XROMEGALODON-K,45_2026,1,120,
2026-01-23,aFRRUp,30XROMEGALODON-K,45_2026,2,0,120
2026-01-24,aFRRDown,30XROMEGALODON-K,47_2026,1,54,
2026-01-24,aFRRDown,30XROMEGALODON-K,47_2026,2,0,54
2026-01-26,aFRRUp,30XROHIDRO-----1,49_2026,1,62,0
2026-01-26,aFRRUp,30XROHIDRO-----1,49_2026,2,0,62
2026-01-27,aFRRDown,30XROGLYPTODON-B,50_2026,1,372,20
2026-01-27,aFRRDown,30XROGLYPTODON-B,50_2026,2,20,372
2026-01-27,aFRRDown,30XROMEGALODON-K,50_2026,2,2,
2026-01-27,aFRRDown,30XROMEGALODON-K,50_2026,4,0,2
2026-01-28,aFRRDown,30XROMEGALODON-K,55_2026,1,117,
2026-01-28,aFRRDown,30XROMEGALODON-K,55_2026,2,3,117
2026-01-28,aFRRDown,30XROMEGALODON-K,55_2026,3,0,3
2026-01-28,aFRRDown,30XROGLYPTODON-B,55_2026,1,15,500
2026-01-28,aFRRDown,30XROGLYPTODON-B,55_2026,2,500,15
2026-01-29,aFRRDown,30XROGLYPTODON-B,57_2026,1,534,25
2026-01-29,aFRRDown,30XROGLYPTODON-B,57_2026,2,25,534
2026-01-29,aFRRDown,30XROMEGALODON-K,57_2026,1,3,
2026-01-29,aFRRDown,30XROMEGALODON-K,57_2026,2,0,117
2026-01-29,aFRRDown,30XROMEGALODON-K,57_2026,4,117,3
2026-01-30,aFRRDown,30XROMEGALODON-K,59_2026,3,0,3
2026-01-30,aFRRDown,30XROMEGALODON-K,59_2026,4,3,
2026-01-30,aFRRUp,30XROHIDRO-----1,59_2026,1,572,0
2026-01-30,aFRRUp,30XROHIDRO-----1,59_2026,2,0,572
2026-01-30,aFRRUp,30XROMEGALODON-K,59_2026,1,0,120
2026-01-30,aFRRUp,30XROMEGALODON-K,59_2026,2,120,
2026-01-31,aFRRDown,30XROGLYPTODON-B,61_2026,1,0,413
2026-01-31,aFRRDown,30XROGLYPTODON-B,61_2026,2,413,0
2026-01-31,aFRRUp,30XROHIDRO-----1,61_2026,1,0,393
2026-01-31,aFRRUp,30XROHIDRO-----1,61_2026,2,393,0
2026-02-01,aFRRDown,30XROMEGALODON-K,62_2026,1,0,116
2026-02-01,aFRRDown,30XROMEGALODON-K,62_2026,2,116,
2026-02-02,aFRRDown,30XROGLYPTODON-B,63_2026,1,428,0
2026-02-02,aFRRDown,30XROGLYPTODON-B,63_2026,2,0,428
2026-02-02,aFRRDown,30XROMEGALODON-K,63_2026,2,0,116
2026-02-02,aFRRDown,30XROMEGALODON-K,63_2026,4,116,
2026-02-02,aFRRUp,30XROMEGALODON-K,63_2026,1,120,
2026-02-02,aFRRUp,30XROMEGALODON-K,63_2026,2,0,120
2026-02-04,aFRRUp,30XROMEGALODON-K,69_2026,1,120,
2026-02-04,aFRRUp,30XROMEGALODON-K,69_2026,2,0,120
2026-02-05,aFRRDown,30XROTENGAZ----B,71_2026,2,250,24
2026-02-05,aFRRDown,30XROTENGAZ----B,71_2026,3,24,250
2026-02-05,aFRRUp,30XROTENGAZ----B,71_2026,1,244,394
2026-02-05,aFRRUp,30XROTENGAZ----B,71_2026,2,394,
2026-02-05,aFRRUp,30XROTENGAZ----B,71_2026,3,0,244
2026-02-05,aFRRUp,30XROMEGALODON-K,71_2026,1,0,120
2026-02-05,aFRRUp,30XROMEGALODON-K,71_2026,2,120,
2026-02-06,aFRRUp,30XROHIDRO-----1,73_2026,1,0,276
2026-02-06,aFRRUp,30XROHIDRO-----1,73_2026,2,276,0
2026-02-06,aFRRUp,30XROMEGALODON-K,73_2026,1,0,120
2026-02-06,aFRRUp,30XROMEGALODON-K,73_2026,2,120,
2026-02-07,aFRRUp,30XROMEGALODON-K,75_2026,1,120,
2026-02-07,aFRRUp,30XROMEGALODON-K,75_2026,2,0,120
2026-02-08,aFRRUp,30XROHIDRO-----1,76_2026,1,28,0
2026-02-08,aFRRUp,30XROHIDRO-----1,76_2026,2,0,28
2026-02-09,aFRRUp,30XROMEGALODON-K,77_2026,1,0,120
2026-02-09,aFRRUp,30XROMEGALODON-K,77_2026,2,120,
2026-02-11,aFRRUp,30XROHIDRO-----1,83_2026,1,526,0
2026-02-11,aFRRUp,30XROHIDRO-----1,83_2026,2,0,526
2026-02-12,aFRRUp,30XROHIDRO-----1,85_2026,1,0,12
2026-02-12,aFRRUp,30XROHIDRO-----1,85_2026,2,12,0
2026-02-13,aFRRDown,30XROMEGALODON-K,87_2026,1,0,48
2026-02-13,aFRRDown,30XROMEGALODON-K,87_2026,2,48,
2026-02-13,aFRRUp,30XROHIDRO-----1,87_2026,1,0,178
2026-02-13,aFRRUp,30XROHIDRO-----1,87_2026,2,178,0
2026-02-14,aFRRDown,30XROMEGALODON-K,89_2026,1,48,
2026-02-14,aFRRDown,30XROMEGALODON-K,89_2026,2,0,48
2026-02-14,aFRRUp,30XROHIDRO-----1,89_2026,1,60,0
2026-02-14,aFRRUp,30XROHIDRO-----1,89_2026,2,0,60
2026-02-17,aFRRUp,30XROMEGALODON-K,92_2026,1,48,
2026-02-17,aFRRUp,30XROMEGALODON-K,92_2026,2,0,48
2026-02-19,aFRRDown,30XROMEGALODON-K,99_2026,1,0,48
2026-02-19,aFRRDown,30XROMEGALODON-K,99_2026,2,48,
2026-02-19,aFRRUp,30XROHIDRO-----1,99_2026,1,0,188
2026-02-19,aFRRUp,30XROHIDRO-----1,99_2026,2,188,0
2026-02-20,aFRRDown,30XROMEGALODON-K,101_2026,1,0,48
2026-02-20,aFRRDown,30XROMEGALODON-K,101_2026,2,48,
2026-02-20,aFRRDown,30XROMONSONALM-O,101_2026,1,240,
2026-02-20,aFRRDown,30XROMONSONALM-O,101_2026,2,0,240
2026-02-20,aFRRUp,30XROMEGALODON-K,101_2026,1,0,48
2026-02-20,aFRRUp,30XROMEGALODON-K,101_2026,2,48,
2026-02-21,aFRRUp,30XRO-NPS50----C,103_2026,1,0,158
2026-02-21,aFRRUp,30XRO-NPS50----C,103_2026,2,158,
2026-02-22,aFRRDown,30XROMEGALODON-K,104_2026,1,48,
2026-02-22,aFRRDown,30XROMEGALODON-K,104_2026,2,0,48
2026-02-22,aFRRUp,30XROHIDRO-----1,104_2026,1,0,136
2026-02-22,aFRRUp,30XROHIDRO-----1,104_2026,2,136,0
2026-02-23,aFRRDown,30XROMEGALODON-K,105_2026,1,48,
2026-02-23,aFRRDown,30XROMEGALODON-K,105_2026,2,0,48
2026-02-23,aFRRUp,30XROHIDRO-----1,105_2026,1,231,0
2026-02-23,aFRRUp,30XROHIDRO-----1,105_2026,2,0,231
2026-02-23,aFRRUp,30XROMEGALODON-K,105_2026,1,48,
2026-02-23,aFRRUp,30XROMEGALODON-K,105_2026,2,0,48
2026-02-25,aFRRDown,30XROMEGALODON-K,111_2026,1,0,48
2026-02-25,aFRRDown,30XROMEGALODON-K,111_2026,2,48,
2026-02-26,aFRRUp,30XRO-EIS------S,113_2026,2,366,
2026-02-26,aFRRUp,30XRO-EIS------S,113_2026,3,0,366
2026-02-27,FCR,30XROHIDRO-----1,116_2026,1,2112,
2026-02-27,FCR,30XROHIDRO-----1,116_2026,2,0,2112
2026-02-27,aFRRUp,30XROMEGALODON-K,115_2026,1,48,
2026-02-27,aFRRUp,30XROMEGALODON-K,115_2026,2,0,48
2026-02-27,aFRRUp,30XROHIDRO-----1,115_2026,1,0,354
2026-02-27,aFRRUp,30XROHIDRO-----1,115_2026,2,354,0
2026-02-27,aFRRUp,30XRO-EIS------S,115_2026,1,290,
2026-02-27,aFRRUp,30XRO-EIS------S,115_2026,3,0,290
2026-02-28,FCR,30XROHIDRO-----1,120_2026,1,0,1644
2026-02-28,FCR,30XROHIDRO-----1,120_2026,2,1644,
2026-02-28,aFRRDown,30XROMEGALODON-K,117_2026,1,48,
2026-02-28,aFRRDown,30XROMEGALODON-K,117_2026,2,0,48
2026-02-28,aFRRUp,30XROHIDRO-----1,117_2026,1,261,
2026-02-28,aFRRUp,30XROHIDRO-----1,117_2026,4,0,261
2026-03-01,aFRRDown,30XROMEGALODON-K,118_2026,1,0,48
2026-03-01,aFRRDown,30XROMEGALODON-K,118_2026,2,48,
2026-03-01,aFRRDown,30XROHIDRO-----1,118_2026,3,0,179
2026-03-01,aFRRDown,30XROHIDRO-----1,118_2026,4,179,0
2026-03-01,aFRRUp,30XROHIDRO-----1,118_2026,1,0,234
2026-03-01,aFRRUp,30XROHIDRO-----1,118_2026,4,234,
2026-03-01,aFRRUp,30XROMEGALODON-K,118_2026,1,48,
2026-03-01,aFRRUp,30XROMEGALODON-K,118_2026,2,0,48
2026-03-02,aFRRDown,30XROMEGALODON-K,119_2026,1,0,48
2026-03-02,aFRRDown,30XROMEGALODON-K,119_2026,2,48,
2026-03-02,aFRRDown,30XROHIDRO-----1,119_2026,1,0,160
2026-03-02,aFRRDown,30XROHIDRO-----1,119_2026,4,160,0
2026-03-02,aFRRUp,30XROHIDRO-----1,119_2026,2,191,0
2026-03-02,aFRRUp,30XROHIDRO-----1,119_2026,3,0,191
2026-03-03,aFRRDown,30XROMEGALODON-K,123_2026,1,0,48
2026-03-03,aFRRDown,30XROMEGALODON-K,123_2026,2,48,
2026-03-03,aFRRUp,30XROMEGALODON-K,123_2026,1,48,
2026-03-03,aFRRUp,30XROMEGALODON-K,123_2026,2,0,48
2026-03-04,aFRRDown,30XROMEGALODON-K,125_2026,1,48,
2026-03-04,aFRRDown,30XROMEGALODON-K,125_2026,2,0,48
2026-03-05,aFRRDown,30XROMEGALODON-K,127_2026,1,0,30
2026-03-05,aFRRDown,30XROMEGALODON-K,127_2026,2,30,
2026-03-05,aFRRUp,30XROMEGALODON-K,127_2026,1,30,
2026-03-05,aFRRUp,30XROMEGALODON-K,127_2026,2,0,30
2026-03-05,aFRRUp,30XRO-EIS------S,127_2026,1,0,280
2026-03-05,aFRRUp,30XRO-EIS------S,127_2026,3,280,
2026-03-06,aFRRDown,30XROHIDRO-----1,129_2026,1,398,0
2026-03-06,aFRRDown,30XROHIDRO-----1,129_2026,2,0,398
2026-03-06,aFRRUp,30XROHIDRO-----1,129_2026,1,0,204
2026-03-06,aFRRUp,30XROHIDRO-----1,129_2026,2,204,0
2026-03-07,aFRRDown,30XROMEGALODON-K,131_2026,1,0,48
2026-03-07,aFRRDown,30XROMEGALODON-K,131_2026,2,48,
2026-03-07,aFRRUp,30XROMEGALODON-K,131_2026,1,0,48
2026-03-07,aFRRUp,30XROMEGALODON-K,131_2026,2,48,
2026-03-07,aFRRUp,30XRO-EIS------S,131_2026,1,456,
2026-03-07,aFRRUp,30XRO-EIS------S,131_2026,2,0,456
2026-03-08,aFRRDown,30XROMEGALODON-K,132_2026,1,0,48
2026-03-08,aFRRDown,30XROMEGALODON-K,132_2026,2,48,
2026-03-08,aFRRUp,30XROHIDRO-----1,132_2026,1,10,0
2026-03-08,aFRRUp,30XROHIDRO-----1,132_2026,2,0,10
2026-03-09,aFRRUp,30XROMEGALODON-K,133_2026,1,0,48
2026-03-09,aFRRUp,30XROMEGALODON-K,133_2026,2,48,
2026-03-10,aFRRDown,30XROMEGALODON-K,134_2026,1,0,48
2026-03-10,aFRRDown,30XROMEGALODON-K,134_2026,2,48,
2026-03-10,aFRRDown,30XROGLYPTODON-B,134_2026,4,539,
2026-03-10,aFRRDown,30XROGLYPTODON-B,134_2026,5,0,539
2026-03-10,aFRRUp,30XROHIDRO-----1,134_2026,1,40,0
2026-03-10,aFRRUp,30XROHIDRO-----1,134_2026,2,0,40
2026-03-11,aFRRDown,30XROMEGALODON-K,139_2026,1,0,72
2026-03-11,aFRRDown,30XROMEGALODON-K,139_2026,2,72,
2026-03-11,aFRRUp,30XROHIDRO-----1,139_2026,1,369,0
2026-03-11,aFRRUp,30XROHIDRO-----1,139_2026,2,0,369
2026-03-12,aFRRDown,30XROMEGALODON-K,141_2026,1,0,72
2026-03-12,aFRRDown,30XROMEGALODON-K,141_2026,2,72,
2026-03-13,aFRRUp,30XROHIDRO-----1,143_2026,1,0,451
2026-03-13,aFRRUp,30XROHIDRO-----1,143_2026,2,451,0
2026-03-13,aFRRUp,30XROMONSONALM-O,143_2026,1,240,
2026-03-13,aFRRUp,30XROMONSONALM-O,143_2026,2,0,240
2026-03-13,aFRRUp,30XROMEGALODON-K,143_2026,1,45,
2026-03-13,aFRRUp,30XROMEGALODON-K,143_2026,2,0,45
2026-03-15,aFRRUp,30XROHIDRO-----1,146_2026,1,0,78
2026-03-15,aFRRUp,30XROHIDRO-----1,146_2026,2,78,0
2026-03-16,aFRRDown,30XROMEGALODON-K,147_2026,1,69,
2026-03-16,aFRRDown,30XROMEGALODON-K,147_2026,2,0,69
2026-03-17,aFRRDown,30XROMEGALODON-K,148_2026,1,0,72
2026-03-17,aFRRDown,30XROMEGALODON-K,148_2026,2,72,
2026-03-17,aFRRUp,30XROHIDRO-----1,148_2026,1,554,0
2026-03-17,aFRRUp,30XROHIDRO-----1,148_2026,2,0,554
2026-03-18,aFRRUp,30XRO-EIS------S,153_2026,1,456,
2026-03-18,aFRRUp,30XRO-EIS------S,153_2026,2,0,456
2026-03-18,aFRRUp,30XROMEGALODON-K,153_2026,1,72,
2026-03-18,aFRRUp,30XROMEGALODON-K,153_2026,2,0,72
2026-03-19,aFRRDown,30XROMEGALODON-K,155_2026,1,0,57
2026-03-19,aFRRDown,30XROMEGALODON-K,155_2026,2,57,
2026-03-19,aFRRUp,30XROMEGALODON-K,155_2026,1,0,57
2026-03-19,aFRRUp,30XROMEGALODON-K,155_2026,2,57,
2026-03-20,aFRRUp,30XROHIDRO-----1,157_2026,1,0,2
2026-03-20,aFRRUp,30XROHIDRO-----1,157_2026,2,2,0
2026-03-21,aFRRDown,30XROTENGAZ----B,159_2026,1,722,
2026-03-21,aFRRDown,30XROTENGAZ----B,159_2026,2,0,722
2026-03-21,aFRRDown,30XROMEGALODON-K,159_2026,1,0,72
2026-03-21,aFRRDown,30XROMEGALODON-K,159_2026,2,72,
2026-03-21,aFRRUp,30XRO-EIS------S,159_2026,3,0,456
2026-03-21,aFRRUp,30XRO-EIS------S,159_2026,4,456,
2026-03-21,aFRRUp,30XROTENGAZ----B,159_2026,1,505,
2026-03-21,aFRRUp,30XROTENGAZ----B,159_2026,2,0,505
2026-03-21,aFRRUp,30XROHIDRO-----1,159_2026,1,245,0
2026-03-21,aFRRUp,30XROHIDRO-----1,159_2026,2,0,245
2026-03-22,aFRRDown,30XROTENGAZ----B,160_2026,1,740,
2026-03-22,aFRRDown,30XROTENGAZ----B,160_2026,2,0,740
2026-03-22,aFRRDown,30XROMEGALODON-K,160_2026,1,72,
2026-03-22,aFRRDown,30XROMEGALODON-K,160_2026,2,0,72
2026-03-22,aFRRUp,30XROHIDRO-----1,160_2026,1,109,0
2026-03-22,aFRRUp,30XROHIDRO-----1,160_2026,2,0,109
2026-03-23,aFRRDown,30XROMEGALODON-K,161_2026,1,72,
2026-03-23,aFRRDown,30XROMEGALODON-K,161_2026,2,0,72
2026-03-23,aFRRUp,30XROHIDRO-----1,161_2026,1,277,0
2026-03-23,aFRRUp,30XROHIDRO-----1,161_2026,2,0,277
2026-03-23,aFRRUp,30XROTENGAZ----B,161_2026,1,518,
2026-03-23,aFRRUp,30XROTENGAZ----B,161_2026,2,0,518
2026-03-24,aFRRDown,30XROMONSONALM-O,162_2026,1,0,240
2026-03-24,aFRRDown,30XROMONSONALM-O,162_2026,2,240,
2026-03-24,aFRRUp,30XROHIDRO-----1,162_2026,1,0,16
2026-03-24,aFRRUp,30XROHIDRO-----1,162_2026,2,16,0
2026-03-24,aFRRUp,30XROMONSONALM-O,162_2026,1,205,
2026-03-24,aFRRUp,30XROMONSONALM-O,162_2026,2,0,205
2026-03-25,aFRRDown,30XROMEGALODON-K,167_2026,1,0,72
2026-03-25,aFRRDown,30XROMEGALODON-K,167_2026,2,72,
2026-03-25,aFRRUp,30XROMEGALODON-K,167_2026,1,0,72
2026-03-25,aFRRUp,30XROMEGALODON-K,167_2026,2,72,
2026-03-27,aFRRUp,30XROHIDRO-----1,171_2026,1,0,290
2026-03-27,aFRRUp,30XROHIDRO-----1,171_2026,2,290,0
2026-03-27,aFRRUp,30XROMEGALODON-K,171_2026,1,72,
2026-03-27,aFRRUp,30XROMEGALODON-K,171_2026,2,0,72
2026-03-28,aFRRUp,30XROHIDRO-----1,173_2026,1,0,304
2026-03-28,aFRRUp,30XROHIDRO-----1,173_2026,2,304,0
2026-03-28,aFRRUp,30XRO-EIS------S,173_2026,2,0,384
2026-03-28,aFRRUp,30XRO-EIS------S,173_2026,3,384,
2026-03-29,aFRRDown,30XROMEGALODON-K,174_2026,1,60,
2026-03-29,aFRRDown,30XROMEGALODON-K,174_2026,2,0,60
2026-03-29,aFRRUp,30XROMEGALODON-K,174_2026,1,0,69
2026-03-29,aFRRUp,30XROMEGALODON-K,174_2026,2,69,
2026-03-30,aFRRUp,30XROHIDRO-----1,175_2026,1,422,0
2026-03-30,aFRRUp,30XROHIDRO-----1,175_2026,2,0,422
2026-03-30,aFRRUp,30XROMEGALODON-K,175_2026,1,72,
2026-03-30,aFRRUp,30XROMEGALODON-K,175_2026,2,0,72
2026-03-30,aFRRUp,30XRO-EIS------S,175_2026,2,0,352
2026-03-30,aFRRUp,30XRO-EIS------S,175_2026,3,352,
2026-03-31,aFRRDown,30XROHIDRO-----1,176_2026,1,80,34
2026-03-31,aFRRDown,30XROHIDRO-----1,176_2026,2,34,80
2026-03-31,aFRRUp,30XROMEGALODON-K,176_2026,1,72,
2026-03-31,aFRRUp,30XROMEGALODON-K,176_2026,2,0,72
2026-04-01,aFRRDown,30XROMEGALODON-K,181_2026,1,72,
2026-04-01,aFRRDown,30XROMEGALODON-K,181_2026,2,0,72
2026-04-01,aFRRDown,30XROHIDRO-----1,181_2026,1,0,240
2026-04-01,aFRRDown,30XROHIDRO-----1,181_2026,2,240,0
2026-04-01,aFRRUp,30XROHIDRO-----1,181_2026,1,534,0
2026-04-01,aFRRUp,30XROHIDRO-----1,181_2026,2,0,534
2026-04-02,aFRRUp,30XROHIDRO-----1,183_2026,1,587,0
2026-04-02,aFRRUp,30XROHIDRO-----1,183_2026,2,0,587
2026-04-03,aFRRDown,30XROMEGALODON-K,185_2026,1,48,
2026-04-03,aFRRDown,30XROMEGALODON-K,185_2026,2,0,48
2026-04-03,aFRRUp,30XROHIDRO-----1,185_2026,1,474,0
2026-04-03,aFRRUp,30XROHIDRO-----1,185_2026,2,0,474
2026-04-04,aFRRUp,30XROHIDRO-----1,187_2026,1,0,601
2026-04-04,aFRRUp,30XROHIDRO-----1,187_2026,2,601,0
2026-04-05,aFRRDown,30XROHIDRO-----1,189_2026,1,0,640
2026-04-05,aFRRDown,30XROHIDRO-----1,189_2026,2,640,0
2026-04-05,aFRRUp,30XROHIDRO-----1,189_2026,1,836,0
2026-04-05,aFRRUp,30XROHIDRO-----1,189_2026,2,0,836
2026-04-06,aFRRDown,30XROHIDRO-----1,191_2026,1,640,44
2026-04-06,aFRRDown,30XROHIDRO-----1,191_2026,2,44,640
2026-04-07,aFRRUp,30XROHIDRO-----1,193_2026,1,0,504
2026-04-07,aFRRUp,30XROHIDRO-----1,193_2026,2,504,0
2026-04-08,aFRRDown,30XROHIDRO-----1,195_2026,1,478,0
2026-04-08,aFRRDown,30XROHIDRO-----1,195_2026,2,0,478
2026-04-08,aFRRUp,30XROHIDRO-----1,195_2026,1,533,0
2026-04-08,aFRRUp,30XROHIDRO-----1,195_2026,2,0,533
2026-04-09,aFRRDown,30XROHIDRO-----1,197_2026,1,444,0
2026-04-09,aFRRDown,30XROHIDRO-----1,197_2026,2,0,444
2026-04-09,aFRRUp,30XROHIDRO-----1,197_2026,1,978,0
2026-04-09,aFRRUp,30XROHIDRO-----1,197_2026,2,0,978
2026-04-10,aFRRDown,30XRONOVAH-----9,199_2026,1,0,1546
2026-04-10,aFRRDown,30XRONOVAH-----9,199_2026,2,1546,
2026-04-10,aFRRUp,30XROHIDRO-----1,199_2026,1,0,918
2026-04-10,aFRRUp,30XROHIDRO-----1,199_2026,2,918,0
2026-04-11,aFRRDown,30XROHIDRO-----1,201_2026,1,519,0
2026-04-11,aFRRDown,30XROHIDRO-----1,201_2026,2,0,519
2026-04-12,aFRRDown,30XROHIDRO-----1,203_2026,1,506,0
2026-04-12,aFRRDown,30XROHIDRO-----1,203_2026,2,0,506
2026-04-13,aFRRUp,30XROHIDRO-----1,205_2026,1,1222,0
2026-04-13,aFRRUp,30XROHIDRO-----1,205_2026,2,0,1222
2026-04-14,aFRRUp,30XROHIDRO-----1,207_2026,1,0,1342
2026-04-14,aFRRUp,30XROHIDRO-----1,207_2026,2,1342,0
2026-04-15,aFRRUp,30XROHIDRO-----1,209_2026,1,875,0
2026-04-15,aFRRUp,30XROHIDRO-----1,209_2026,2,0,875
2026-04-16,aFRRDown,30XROHIDRO-----1,211_2026,1,640,0
2026-04-16,aFRRDown,30XROHIDRO-----1,211_2026,2,0,640
2026-04-16,aFRRUp,30XROHIDRO-----1,211_2026,1,857,0
2026-04-16,aFRRUp,30XROHIDRO-----1,211_2026,2,0,857
2026-04-17,aFRRDown,30XROHIDRO-----1,213_2026,1,0,432
2026-04-17,aFRRDown,30XROHIDRO-----1,213_2026,2,432,0
2026-04-17,aFRRDown,30XROTENGAZ----B,213_2026,1,408,
2026-04-17,aFRRDown,30XROTENGAZ----B,213_2026,2,0,408
2026-04-17,aFRRUp,30XROTENGAZ----B,213_2026,1,0,320
2026-04-17,aFRRUp,30XROTENGAZ----B,213_2026,2,320,
2026-04-18,aFRRUp,30XROHIDRO-----1,215_2026,1,0,1054
2026-04-18,aFRRUp,30XROHIDRO-----1,215_2026,2,1054,0
2026-04-19,aFRRDown,30XROHIDRO-----1,216_2026,1,428,0
2026-04-19,aFRRDown,30XROHIDRO-----1,216_2026,2,0,428
2026-04-20,aFRRUp,30XROHIDRO-----1,217_2026,1,0,919
2026-04-20,aFRRUp,30XROHIDRO-----1,217_2026,2,919,0
2026-04-21,aFRRDown,30XROHIDRO-----1,218_2026,1,332,0
2026-04-21,aFRRDown,30XROHIDRO-----1,218_2026,2,0,332
2026-04-21,aFRRUp,30XROGLYPTODON-B,218_2026,1,388,
2026-04-21,aFRRUp,30XROGLYPTODON-B,218_2026,3,0,388
2026-04-21,aFRRUp,30XROHIDRO-----1,218_2026,1,861,0
2026-04-21,aFRRUp,30XROHIDRO-----1,218_2026,2,0,861
2026-04-22,aFRRDown,30XROHIDRO-----1,223_2026,1,320,0
2026-04-22,aFRRDown,30XROHIDRO-----1,223_2026,2,0,320
2026-04-23,aFRRDown,30XROHIDRO-----1,226_2026,1,288,0
2026-04-23,aFRRDown,30XROHIDRO-----1,226_2026,2,0,288
2026-08-02,aFRRUp,30XROHIDRO-----1,427_2026,1,0,242
2026-08-02,aFRRUp,30XROHIDRO-----1,427_2026,2,242,0
2026-08-05,aFRRUp,30XROHIDRO-----1,434_2026,1,0,14
2026-08-05,aFRRUp,30XROHIDRO-----1,434_2026,2,14,0
2026-08-06,aFRRUp,30XROHIDRO-----1,436_2026,1,0,33
2026-08-06,aFRRUp,30XROHIDRO-----1,436_2026,2,33,0
2026-08-08,aFRRUp,30XROHIDRO-----1,440_2026,2,75,
2026-08-08,aFRRUp,30XROHIDRO-----1,440_2026,4,0,75
2026-08-11,aFRRUp,30XROHIDRO-----1,443_2026,1,0,27
2026-08-11,aFRRUp,30XROHIDRO-----1,443_2026,2,27,0
2026-08-14,aFRRUp,30XROMONSONALM-O,452_2026,1,220,
2026-08-14,aFRRUp,30XROMONSONALM-O,452_2026,2,0,220
2026-08-15,aFRRDown,30XROHIDRO-----1,454_2026,1,0,10
2026-08-15,aFRRDown,30XROHIDRO-----1,454_2026,2,10,0
2026-08-15,aFRRUp,30XROHIDRO-----1,454_2026,1,6,0
2026-08-15,aFRRUp,30XROHIDRO-----1,454_2026,2,0,6
2026-08-16,aFRRDown,30XROGLYPTODON-B,455_2026,1,0,445
2026-08-16,aFRRDown,30XROGLYPTODON-B,455_2026,2,445,
2026-08-16,aFRRUp,30XROHIDRO-----1,455_2026,1,6,0
2026-08-16,aFRRUp,30XROHIDRO-----1,455_2026,2,0,6
2026-08-20,aFRRUp,30XROHIDRO-----1,464_2026,1,0,349
2026-08-20,aFRRUp,30XROHIDRO-----1,464_2026,2,349,0
2026-08-21,aFRRUp,30XROHIDRO-----1,466_2026,1,357,0
2026-08-21,aFRRUp,30XROHIDRO-----1,466_2026,2,0,357
2026-08-24,aFRRUp,30XROHIDRO-----1,470_2026,1,0,621
2026-08-24,aFRRUp,30XROHIDRO-----1,470_2026,2,621,0
2026-08-25,FCR,30XROHIDRO-----1,475_2026,1,1714,
2026-08-25,FCR,30XROHIDRO-----1,475_2026,2,0,1714
2026-08-27,aFRRUp,30XROHIDRO-----1,478_2026,1,0,75
2026-08-27,aFRRUp,30XROHIDRO-----1,478_2026,2,75,0
2026-08-29,aFRRUp,30XROHIDRO-----1,482_2026,1,0,384
2026-08-29,aFRRUp,30XROHIDRO-----1,482_2026,2,384,0
