date,product,bsp,kind,cells,reason
2025-01-09,aFRRDown,30XROHIDRO-----1,daily_blank_zero,1,Other nonnegative daily quantities exhaust product Grand Total
2025-01-09,aFRRUp,30XROHIDRO-----1,daily_blank_zero,1,Other nonnegative daily quantities exhaust product Grand Total
2025-01-09,aFRRUp,30XROHIDRO-----1,hourly_blank_zero,24,Known nonnegative hourly quantities exhaust daily supplier total; BID ids not joined
2025-01-09,aFRRDown,30XROHIDRO-----1,hourly_blank_zero,24,Known nonnegative hourly quantities exhaust daily supplier total; BID ids not joined
2025-02-11,aFRRDown,30XROTENGAZ----B,daily_blank_zero,1,Other nonnegative daily quantities exhaust product Grand Total
2025-02-11,aFRRDown,30XROTENGAZ----B,hourly_blank_zero,24,Known nonnegative hourly quantities exhaust daily supplier total; BID ids not joined
2025-02-16,aFRRDown,30XROTRUEENERGYE,daily_blank_zero,1,Other nonnegative daily quantities exhaust product Grand Total
2025-02-16,aFRRDown,30XROTRUEENERGYE,hourly_blank_zero,24,Known nonnegative hourly quantities exhaust daily supplier total; BID ids not joined
2025-02-17,aFRRDown,30XROTRUEENERGYE,daily_blank_zero,1,Other nonnegative daily quantities exhaust product Grand Total
2025-02-17,aFRRDown,30XROTRUEENERGYE,hourly_blank_zero,24,Known nonnegative hourly quantities exhaust daily supplier total; BID ids not joined
2025-02-19,aFRRDown,30XROTENGAZ----B,daily_blank_zero,1,Other nonnegative daily quantities exhaust product Grand Total
2025-02-19,aFRRDown,30XROTENGAZ----B,hourly_blank_zero,24,Known nonnegative hourly quantities exhaust daily supplier total; BID ids not joined
2025-02-23,aFRRUp,30XROMONSONALM-O,daily_blank_zero,1,Other nonnegative daily quantities exhaust product Grand Total
2025-02-23,aFRRUp,30XROMONSONALM-O,hourly_blank_zero,24,Known nonnegative hourly quantities exhaust daily supplier total; BID ids not joined
2025-03-08,aFRRDown,30XROHIDRO-----1,daily_blank_zero,1,Other nonnegative daily quantities exhaust product Grand Total
2025-03-08,aFRRUp,30XROHIDRO-----1,daily_blank_zero,1,Other nonnegative daily quantities exhaust product Grand Total
2025-03-08,aFRRUp,30XROHIDRO-----1,daily_blank_zero,1,Other nonnegative daily quantities exhaust product Grand Total
2025-03-08,aFRRUp,30XROHIDRO-----1,hourly_blank_zero,48,Known nonnegative hourly quantities exhaust daily supplier total; BID ids not joined
2025-03-08,aFRRDown,30XROHIDRO-----1,hourly_blank_zero,24,Known nonnegative hourly quantities exhaust daily supplier total; BID ids not joined
2025-03-11,aFRRDown,30XROMONSONALM-O,daily_blank_zero,1,Other nonnegative daily quantities exhaust product Grand Total
2025-03-11,aFRRDown,30XROMONSONALM-O,hourly_blank_zero,24,Known nonnegative hourly quantities exhaust daily supplier total; BID ids not joined
2025-03-22,aFRRDown,30XROHIDRO-----1,daily_blank_zero,1,Other nonnegative daily quantities exhaust product Grand Total
2025-03-22,aFRRUp,30XROHIDRO-----1,daily_blank_zero,1,Other nonnegative daily quantities exhaust product Grand Total
2025-03-22,aFRRUp,30XROHIDRO-----1,daily_blank_zero,1,Other nonnegative daily quantities exhaust product Grand Total
2025-03-22,aFRRUp,30XROHIDRO-----1,hourly_blank_zero,48,Known nonnegative hourly quantities exhaust daily supplier total; BID ids not joined
2025-03-22,aFRRDown,30XROHIDRO-----1,hourly_blank_zero,24,Known nonnegative hourly quantities exhaust daily supplier total; BID ids not joined
2025-03-24,aFRRDown,30XROHIDRO-----1,daily_blank_zero,1,Other nonnegative daily quantities exhaust product Grand Total
2025-03-24,aFRRUp,30XROHIDRO-----1,daily_blank_zero,1,Other nonnegative daily quantities exhaust product Grand Total
2025-03-24,aFRRUp,30XROHIDRO-----1,daily_blank_zero,1,Other nonnegative daily quantities exhaust product Grand Total
2025-03-24,aFRRUp,30XROHIDRO-----1,hourly_blank_zero,48,Known nonnegative hourly quantities exhaust daily supplier total; BID ids not joined
2025-03-24,aFRRDown,30XROHIDRO-----1,hourly_blank_zero,24,Known nonnegative hourly quantities exhaust daily supplier total; BID ids not joined
2025-04-08,aFRRUp,30XROTRUEENERGYE,daily_blank_zero,1,Other nonnegative daily quantities exhaust product Grand Total
2025-04-08,aFRRUp,30XROTRUEENERGYE,hourly_blank_zero,24,Known nonnegative hourly quantities exhaust daily supplier total; BID ids not joined
2025-04-23,aFRRDown,30XROTRUEENERGYE,daily_blank_zero,1,Other nonnegative daily quantities exhaust product Grand Total
2025-04-23,aFRRDown,30XROTRUEENERGYE,hourly_blank_zero,24,Known nonnegative hourly quantities exhaust daily supplier total; BID ids not joined
2025-04-26,aFRRDown,30XROHIDRO-----1,daily_blank_zero,1,Other nonnegative daily quantities exhaust product Grand Total
2025-04-26,aFRRUp,30XROHIDRO-----1,daily_blank_zero,1,Other nonnegative daily quantities exhaust product Grand Total
2025-04-26,aFRRUp,30XROHIDRO-----1,daily_blank_zero,1,Other nonnegative daily quantities exhaust product Grand Total
2025-04-26,aFRRUp,30XROHIDRO-----1,hourly_blank_zero,48,Known nonnegative hourly quantities exhaust daily supplier total; BID ids not joined
2025-04-26,aFRRDown,30XROHIDRO-----1,hourly_blank_zero,24,Known nonnegative hourly quantities exhaust daily supplier total; BID ids not joined
2025-05-01,aFRRDown,30XROTRUEENERGYE,daily_blank_zero,1,Other nonnegative daily quantities exhaust product Grand Total
2025-05-01,aFRRDown,30XROTRUEENERGYE,hourly_blank_zero,24,Known nonnegative hourly quantities exhaust daily supplier total; BID ids not joined
2025-05-07,aFRRDown,30XROHIDRO-----1,daily_blank_zero,1,Other nonnegative daily quantities exhaust product Grand Total
2025-05-07,aFRRUp,30XROHIDRO-----1,daily_blank_zero,1,Other nonnegative daily quantities exhaust product Grand Total
2025-05-07,aFRRUp,30XROHIDRO-----1,daily_blank_zero,1,Other nonnegative daily quantities exhaust product Grand Total
2025-05-07,aFRRUp,30XROHIDRO-----1,hourly_blank_zero,48,Known nonnegative hourly quantities exhaust daily supplier total; BID ids not joined
2025-05-07,aFRRDown,30XROHIDRO-----1,hourly_blank_zero,24,Known nonnegative hourly quantities exhaust daily supplier total; BID ids not joined
2025-05-16,aFRRUp,30XROBEPCO-----8,daily_blank_zero,1,Other nonnegative daily quantities exhaust product Grand Total
2025-05-16,aFRRUp,30XROBEPCO-----8,hourly_blank_zero,24,Known nonnegative hourly quantities exhaust daily supplier total; BID ids not joined
2025-05-20,aFRRDown,30XROCENCRAIOVAM,daily_blank_zero,1,Other nonnegative daily quantities exhaust product Grand Total
2025-05-20,aFRRDown,30XROCENCRAIOVAM,hourly_blank_zero,24,Known nonnegative hourly quantities exhaust daily supplier total; BID ids not joined
2025-05-21,aFRRDown,30XROBEPCO-----8,daily_blank_zero,1,Other nonnegative daily quantities exhaust product Grand Total
2025-05-21,aFRRUp,30XROBEPCO-----8,daily_blank_zero,1,Other nonnegative daily quantities exhaust product Grand Total
2025-05-21,aFRRUp,30XROBEPCO-----8,hourly_blank_zero,24,Known nonnegative hourly quantities exhaust daily supplier total; BID ids not joined
2025-05-21,aFRRDown,30XROBEPCO-----8,hourly_blank_zero,24,Known nonnegative hourly quantities exhaust daily supplier total; BID ids not joined
2025-05-27,aFRRDown,30XROHIDRO-----1,daily_blank_zero,1,Other nonnegative daily quantities exhaust product Grand Total
2025-05-27,aFRRDown,30XROHIDRO-----1,daily_blank_zero,1,Other nonnegative daily quantities exhaust product Grand Total
2025-05-27,aFRRDown,30XROHIDRO-----1,daily_blank_zero,1,Other nonnegative daily quantities exhaust product Grand Total
2025-05-27,aFRRUp,30XROHIDRO-----1,daily_blank_zero,1,Other nonnegative daily quantities exhaust product Grand Total
2025-05-27,aFRRUp,30XROHIDRO-----1,daily_blank_zero,1,Other nonnegative daily quantities exhaust product Grand Total
2025-05-27,aFRRUp,30XROHIDRO-----1,hourly_blank_zero,48,Known nonnegative hourly quantities exhaust daily supplier total; BID ids not joined
2025-05-27,aFRRDown,30XROHIDRO-----1,hourly_blank_zero,72,Known nonnegative hourly quantities exhaust daily supplier total; BID ids not joined
2025-05-30,aFRRDown,30XROBEPCO-----8,daily_blank_zero,1,Other nonnegative daily quantities exhaust product Grand Total
2025-05-30,aFRRUp,30XROBEPCO-----8,daily_blank_zero,1,Other nonnegative daily quantities exhaust product Grand Total
2025-05-30,aFRRUp,30XROBEPCO-----8,hourly_blank_zero,24,Known nonnegative hourly quantities exhaust daily supplier total; BID ids not joined
2025-05-30,aFRRDown,30XROBEPCO-----8,hourly_blank_zero,24,Known nonnegative hourly quantities exhaust daily supplier total; BID ids not joined
2025-06-05,aFRRDown,30XROTENGAZ----B,daily_blank_zero,1,Other nonnegative daily quantities exhaust product Grand Total
2025-06-05,aFRRDown,30XROTENGAZ----B,daily_blank_zero,1,Other nonnegative daily quantities exhaust product Grand Total
2025-06-05,aFRRUp,30XROTENGAZ----B,daily_blank_zero,1,Other nonnegative daily quantities exhaust product Grand Total
2025-06-05,aFRRUp,30XROTENGAZ----B,daily_blank_zero,1,Other nonnegative daily quantities exhaust product Grand Total
2025-06-05,aFRRUp,30XROTENGAZ----B,hourly_blank_zero,48,Known nonnegative hourly quantities exhaust daily supplier total; BID ids not joined
2025-06-05,aFRRDown,30XROTENGAZ----B,hourly_blank_zero,48,Known nonnegative hourly quantities exhaust daily supplier total; BID ids not joined
2025-06-14,FCR,30XROHIDRO-----1,daily_blank_zero,1,Other nonnegative daily quantities exhaust product Grand Total
2025-06-14,aFRRDown,30XROBEPCO-----8,daily_blank_zero,1,Other nonnegative daily quantities exhaust product Grand Total
2025-06-14,aFRRUp,30XROBEPCO-----8,daily_blank_zero,1,Other nonnegative daily quantities exhaust product Grand Total
2025-06-14,FCR,30XROHIDRO-----1,hourly_blank_zero,24,Known nonnegative hourly quantities exhaust daily supplier total; BID ids not joined
2025-06-14,aFRRUp,30XROBEPCO-----8,hourly_blank_zero,24,Known nonnegative hourly quantities exhaust daily supplier total; BID ids not joined
2025-06-14,aFRRDown,30XROBEPCO-----8,hourly_blank_zero,24,Known nonnegative hourly quantities exhaust daily supplier total; BID ids not joined
2025-06-16,aFRRDown,30XROHIDRO-----1,daily_blank_zero,1,Other nonnegative daily quantities exhaust product Grand Total
2025-06-16,aFRRDown,30XROHIDRO-----1,daily_blank_zero,1,Other nonnegative daily quantities exhaust product Grand Total
2025-06-16,aFRRUp,30XROHIDRO-----1,daily_blank_zero,1,Other nonnegative daily quantities exhaust product Grand Total
2025-06-16,aFRRUp,30XROHIDRO-----1,daily_blank_zero,1,Other nonnegative daily quantities exhaust product Grand Total
2025-06-16,aFRRUp,30XROHIDRO-----1,hourly_blank_zero,48,Known nonnegative hourly quantities exhaust daily supplier total; BID ids not joined
2025-06-16,aFRRDown,30XROHIDRO-----1,hourly_blank_zero,48,Known nonnegative hourly quantities exhaust daily supplier total; BID ids not joined
2025-06-18,FCR,30XROHIDRO-----1,daily_blank_zero,1,Other nonnegative daily quantities exhaust product Grand Total
2025-06-18,FCR,30XROHIDRO-----1,hourly_blank_zero,24,Known nonnegative hourly quantities exhaust daily supplier total; BID ids not joined
2025-06-21,aFRRDown,30XROTRUEENERGYE,daily_blank_zero,1,Other nonnegative daily quantities exhaust product Grand Total
2025-06-21,aFRRDown,30XROTRUEENERGYE,hourly_blank_zero,24,Known nonnegative hourly quantities exhaust daily supplier total; BID ids not joined
2025-06-24,aFRRDown,30XROMEGALODON-K,daily_blank_zero,1,Other nonnegative daily quantities exhaust product Grand Total
2025-06-24,aFRRDown,30XROMEGALODON-K,daily_blank_zero,1,Other nonnegative daily quantities exhaust product Grand Total
2025-06-24,aFRRUp,30XROMEGALODON-K,daily_blank_zero,1,Other nonnegative daily quantities exhaust product Grand Total
2025-06-24,aFRRUp,30XROMEGALODON-K,daily_blank_zero,1,Other nonnegative daily quantities exhaust product Grand Total
2025-06-24,aFRRUp,30XROTRUEENERGYE,daily_blank_zero,1,Other nonnegative daily quantities exhaust product Grand Total
2025-06-24,aFRRUp,30XROTRUEENERGYE,daily_blank_zero,1,Other nonnegative daily quantities exhaust product Grand Total
2025-06-24,aFRRUp,30XROTRUEENERGYE,hourly_blank_zero,48,Known nonnegative hourly quantities exhaust daily supplier total; BID ids not joined
2025-06-24,aFRRUp,30XROMEGALODON-K,hourly_blank_zero,48,Known nonnegative hourly quantities exhaust daily supplier total; BID ids not joined
2025-06-24,aFRRDown,30XROMEGALODON-K,hourly_blank_zero,48,Known nonnegative hourly quantities exhaust daily supplier total; BID ids not joined
2025-06-25,aFRRDown,30XROMEGALODON-K,daily_blank_zero,1,Other nonnegative daily quantities exhaust product Grand Total
2025-06-25,aFRRUp,30XROMEGALODON-K,daily_blank_zero,1,Other nonnegative daily quantities exhaust product Grand Total
2025-06-25,aFRRUp,30XROMEGALODON-K,hourly_blank_zero,24,Known nonnegative hourly quantities exhaust daily supplier total; BID ids not joined
2025-06-25,aFRRDown,30XROMEGALODON-K,hourly_blank_zero,24,Known nonnegative hourly quantities exhaust daily supplier total; BID ids not joined
2025-06-26,aFRRDown,30XROMEGALODON-K,daily_blank_zero,1,Other nonnegative daily quantities exhaust product Grand Total
2025-06-26,aFRRUp,30XROMEGALODON-K,daily_blank_zero,1,Other nonnegative daily quantities exhaust product Grand Total
2025-06-26,aFRRUp,30XROMEGALODON-K,hourly_blank_zero,24,Known nonnegative hourly quantities exhaust daily supplier total; BID ids not joined
2025-06-26,aFRRDown,30XROMEGALODON-K,hourly_blank_zero,24,Known nonnegative hourly quantities exhaust daily supplier total; BID ids not joined
2025-06-27,aFRRDown,30XROMEGALODON-K,daily_blank_zero,1,Other nonnegative daily quantities exhaust product Grand Total
2025-06-27,aFRRUp,30XROMEGALODON-K,daily_blank_zero,1,Other nonnegative daily quantities exhaust product Grand Total
2025-06-27,aFRRUp,30XROMEGALODON-K,hourly_blank_zero,24,Known nonnegative hourly quantities exhaust daily supplier total; BID ids not joined
2025-06-27,aFRRDown,30XROMEGALODON-K,hourly_blank_zero,24,Known nonnegative hourly quantities exhaust daily supplier total; BID ids not joined
2025-06-28,FCR,30XROPETROM----4,daily_blank_zero,1,Other nonnegative daily quantities exhaust product Grand Total
2025-06-28,aFRRDown,30XROMEGALODON-K,daily_blank_zero,1,Other nonnegative daily quantities exhaust product Grand Total
2025-06-28,aFRRUp,30XROMEGALODON-K,daily_blank_zero,1,Other nonnegative daily quantities exhaust product Grand Total
2025-06-28,FCR,30XROPETROM----4,hourly_blank_zero,24,Known nonnegative hourly quantities exhaust daily supplier total; BID ids not joined
2025-06-28,aFRRUp,30XROMEGALODON-K,hourly_blank_zero,24,Known nonnegative hourly quantities exhaust daily supplier total; BID ids not joined
2025-06-28,aFRRDown,30XROMEGALODON-K,hourly_blank_zero,24,Known nonnegative hourly quantities exhaust daily supplier total; BID ids not joined
2025-06-29,aFRRDown,30XROMEGALODON-K,daily_blank_zero,1,Other nonnegative daily quantities exhaust product Grand Total
2025-06-29,aFRRUp,30XROMEGALODON-K,daily_blank_zero,1,Other nonnegative daily quantities exhaust product Grand Total
2025-06-29,aFRRUp,30XROMEGALODON-K,hourly_blank_zero,24,Known nonnegative hourly quantities exhaust daily supplier total; BID ids not joined
2025-06-29,aFRRDown,30XROMEGALODON-K,hourly_blank_zero,24,Known nonnegative hourly quantities exhaust daily supplier total; BID ids not joined
2025-06-30,aFRRDown,30XROMEGALODON-K,daily_blank_zero,1,Other nonnegative daily quantities exhaust product Grand Total
2025-06-30,aFRRUp,30XROMEGALODON-K,daily_blank_zero,1,Other nonnegative daily quantities exhaust product Grand Total
2025-06-30,aFRRUp,30XROMEGALODON-K,hourly_blank_zero,24,Known nonnegative hourly quantities exhaust daily supplier total; BID ids not joined
2025-06-30,aFRRDown,30XROMEGALODON-K,hourly_blank_zero,24,Known nonnegative hourly quantities exhaust daily supplier total; BID ids not joined
2025-07-01,aFRRDown,30XROMEGALODON-K,daily_blank_zero,1,Other nonnegative daily quantities exhaust product Grand Total
2025-07-01,aFRRUp,30XROMEGALODON-K,daily_blank_zero,1,Other nonnegative daily quantities exhaust product Grand Total
2025-07-01,aFRRUp,30XROMEGALODON-K,hourly_blank_zero,24,Known nonnegative hourly quantities exhaust daily supplier total; BID ids not joined
2025-07-01,aFRRDown,30XROMEGALODON-K,hourly_blank_zero,24,Known nonnegative hourly quantities exhaust daily supplier total; BID ids not joined
2025-07-02,aFRRDown,30XROCENCRAIOVAM,daily_blank_zero,1,Other nonnegative daily quantities exhaust product Grand Total
2025-07-02,aFRRDown,30XROMEGALODON-K,daily_blank_zero,1,Other nonnegative daily quantities exhaust product Grand Total
2025-07-02,aFRRUp,30XROMEGALODON-K,daily_blank_zero,1,Other nonnegative daily quantities exhaust product Grand Total
2025-07-02,aFRRUp,30XROMEGALODON-K,hourly_blank_zero,24,Known nonnegative hourly quantities exhaust daily supplier total; BID ids not joined
2025-07-02,aFRRDown,30XROCENCRAIOVAM,hourly_blank_zero,24,Known nonnegative hourly quantities exhaust daily supplier total; BID ids not joined
2025-07-02,aFRRDown,30XROMEGALODON-K,hourly_blank_zero,24,Known nonnegative hourly quantities exhaust daily supplier total; BID ids not joined
2025-07-03,aFRRDown,30XROMEGALODON-K,daily_blank_zero,1,Other nonnegative daily quantities exhaust product Grand Total
2025-07-03,aFRRUp,30XROMEGALODON-K,daily_blank_zero,1,Other nonnegative daily quantities exhaust product Grand Total
2025-07-03,aFRRUp,30XROMEGALODON-K,hourly_blank_zero,24,Known nonnegative hourly quantities exhaust daily supplier total; BID ids not joined
2025-07-03,aFRRDown,30XROMEGALODON-K,hourly_blank_zero,24,Known nonnegative hourly quantities exhaust daily supplier total; BID ids not joined
2025-07-04,aFRRDown,30XROMEGALODON-K,daily_blank_zero,1,Other nonnegative daily quantities exhaust product Grand Total
2025-07-04,aFRRDown,30XROTENGAZ----B,daily_blank_zero,1,Other nonnegative daily quantities exhaust product Grand Total
2025-07-04,aFRRUp,30XROTENGAZ----B,daily_blank_zero,1,Other nonnegative daily quantities exhaust product Grand Total
2025-07-04,aFRRUp,30XROMEGALODON-K,daily_blank_zero,1,Other nonnegative daily quantities exhaust product Grand Total
2025-07-04,aFRRUp,30XRO-NPS50----C,daily_blank_zero,1,Other nonnegative daily quantities exhaust product Grand Total
2025-07-04,aFRRUp,30XROTENGAZ----B,hourly_blank_zero,24,Known nonnegative hourly quantities exhaust daily supplier total; BID ids not joined
2025-07-04,aFRRUp,30XRO-NPS50----C,hourly_blank_zero,24,Known nonnegative hourly quantities exhaust daily supplier total; BID ids not joined
2025-07-04,aFRRUp,30XROMEGALODON-K,hourly_blank_zero,24,Known nonnegative hourly quantities exhaust daily supplier total; BID ids not joined
2025-07-04,aFRRDown,30XROTENGAZ----B,hourly_blank_zero,24,Known nonnegative hourly quantities exhaust daily supplier total; BID ids not joined
2025-07-04,aFRRDown,30XROMEGALODON-K,hourly_blank_zero,24,Known nonnegative hourly quantities exhaust daily supplier total; BID ids not joined
2025-07-05,aFRRDown,30XROMEGALODON-K,daily_blank_zero,1,Other nonnegative daily quantities exhaust product Grand Total
2025-07-05,aFRRUp,30XROMEGALODON-K,daily_blank_zero,1,Other nonnegative daily quantities exhaust product Grand Total
2025-07-05,aFRRUp,30XROMEGALODON-K,hourly_blank_zero,24,Known nonnegative hourly quantities exhaust daily supplier total; BID ids not joined
2025-07-05,aFRRDown,30XROMEGALODON-K,hourly_blank_zero,24,Known nonnegative hourly quantities exhaust daily supplier total; BID ids not joined
2025-07-06,aFRRDown,30XROMEGALODON-K,daily_blank_zero,1,Other nonnegative daily quantities exhaust product Grand Total
2025-07-06,aFRRUp,30XROTENGAZ----B,daily_blank_zero,1,Other nonnegative daily quantities exhaust product Grand Total
2025-07-06,aFRRUp,30XROMEGALODON-K,daily_blank_zero,1,Other nonnegative daily quantities exhaust product Grand Total
2025-07-06,aFRRUp,30XROTENGAZ----B,hourly_blank_zero,24,Known nonnegative hourly quantities exhaust daily supplier total; BID ids not joined
2025-07-06,aFRRUp,30XROMEGALODON-K,hourly_blank_zero,24,Known nonnegative hourly quantities exhaust daily supplier total; BID ids not joined
2025-07-06,aFRRDown,30XROMEGALODON-K,hourly_blank_zero,24,Known nonnegative hourly quantities exhaust daily supplier total; BID ids not joined
2025-07-07,aFRRDown,30XROMEGALODON-K,daily_blank_zero,1,Other nonnegative daily quantities exhaust product Grand Total
2025-07-07,aFRRDown,30XROHIDRO-----1,daily_blank_zero,1,Other nonnegative daily quantities exhaust product Grand Total
2025-07-07,aFRRDown,30XROHIDRO-----1,daily_blank_zero,1,Other nonnegative daily quantities exhaust product Grand Total
2025-07-07,aFRRUp,30XROMEGALODON-K,daily_blank_zero,1,Other nonnegative daily quantities exhaust product Grand Total
2025-07-07,aFRRUp,30XROHIDRO-----1,daily_blank_zero,1,Other nonnegative daily quantities exhaust product Grand Total
2025-07-07,aFRRUp,30XROHIDRO-----1,daily_blank_zero,1,Other nonnegative daily quantities exhaust product Grand Total
2025-07-07,aFRRUp,30XROHIDRO-----1,hourly_blank_zero,48,Known nonnegative hourly quantities exhaust daily supplier total; BID ids not joined
2025-07-07,aFRRUp,30XROMEGALODON-K,hourly_blank_zero,24,Known nonnegative hourly quantities exhaust daily supplier total; BID ids not joined
2025-07-07,aFRRDown,30XROHIDRO-----1,hourly_blank_zero,48,Known nonnegative hourly quantities exhaust daily supplier total; BID ids not joined
2025-07-07,aFRRDown,30XROMEGALODON-K,hourly_blank_zero,24,Known nonnegative hourly quantities exhaust daily supplier total; BID ids not joined
2025-07-08,aFRRDown,30XROMEGALODON-K,daily_blank_zero,1,Other nonnegative daily quantities exhaust product Grand Total
2025-07-08,aFRRDown,30XROTENGAZ----B,daily_blank_zero,1,Other nonnegative daily quantities exhaust product Grand Total
2025-07-08,aFRRUp,30XROMEGALODON-K,daily_blank_zero,1,Other nonnegative daily quantities exhaust product Grand Total
2025-07-08,aFRRUp,30XROMEGALODON-K,hourly_blank_zero,24,Known nonnegative hourly quantities exhaust daily supplier total; BID ids not joined
2025-07-08,aFRRDown,30XROTENGAZ----B,hourly_blank_zero,24,Known nonnegative hourly quantities exhaust daily supplier total; BID ids not joined
2025-07-08,aFRRDown,30XROMEGALODON-K,hourly_blank_zero,24,Known nonnegative hourly quantities exhaust daily supplier total; BID ids not joined
2025-07-09,aFRRDown,30XROMEGALODON-K,daily_blank_zero,1,Other nonnegative daily quantities exhaust product Grand Total
2025-07-09,aFRRUp,30XROMEGALODON-K,daily_blank_zero,1,Other nonnegative daily quantities exhaust product Grand Total
2025-07-09,aFRRUp,30XROMEGALODON-K,hourly_blank_zero,24,Known nonnegative hourly quantities exhaust daily supplier total; BID ids not joined
2025-07-09,aFRRDown,30XROMEGALODON-K,hourly_blank_zero,24,Known nonnegative hourly quantities exhaust daily supplier total; BID ids not joined
2025-07-10,aFRRDown,30XROMEGALODON-K,daily_blank_zero,1,Other nonnegative daily quantities exhaust product Grand Total
2025-07-10,aFRRDown,30XROHIDRO-----1,daily_blank_zero,1,Other nonnegative daily quantities exhaust product Grand Total
2025-07-10,aFRRDown,30XROHIDRO-----1,daily_blank_zero,1,Other nonnegative daily quantities exhaust product Grand Total
2025-07-10,aFRRUp,30XROHIDRO-----1,daily_blank_zero,1,Other nonnegative daily quantities exhaust product Grand Total
2025-07-10,aFRRUp,30XROHIDRO-----1,daily_blank_zero,1,Other nonnegative daily quantities exhaust product Grand Total
2025-07-10,aFRRUp,30XROMEGALODON-K,daily_blank_zero,1,Other nonnegative daily quantities exhaust product Grand Total
2025-07-10,aFRRUp,30XROHIDRO-----1,hourly_blank_zero,48,Known nonnegative hourly quantities exhaust daily supplier total; BID ids not joined
2025-07-10,aFRRUp,30XROMEGALODON-K,hourly_blank_zero,24,Known nonnegative hourly quantities exhaust daily supplier total; BID ids not joined
2025-07-10,aFRRDown,30XROHIDRO-----1,hourly_blank_zero,48,Known nonnegative hourly quantities exhaust daily supplier total; BID ids not joined
2025-07-10,aFRRDown,30XROMEGALODON-K,hourly_blank_zero,24,Known nonnegative hourly quantities exhaust daily supplier total; BID ids not joined
2025-07-11,aFRRDown,30XROMEGALODON-K,daily_blank_zero,1,Other nonnegative daily quantities exhaust product Grand Total
2025-07-11,aFRRUp,30XROMEGALODON-K,daily_blank_zero,1,Other nonnegative daily quantities exhaust product Grand Total
2025-07-11,aFRRUp,30XROMEGALODON-K,hourly_blank_zero,24,Known nonnegative hourly quantities exhaust daily supplier total; BID ids not joined
2025-07-11,aFRRDown,30XROMEGALODON-K,hourly_blank_zero,24,Known nonnegative hourly quantities exhaust daily supplier total; BID ids not joined
2025-07-12,aFRRDown,30XROMEGALODON-K,daily_blank_zero,1,Other nonnegative daily quantities exhaust product Grand Total
2025-07-12,aFRRUp,30XROMEGALODON-K,daily_blank_zero,1,Other nonnegative daily quantities exhaust product Grand Total
2025-07-12,aFRRUp,30XROTENGAZ----B,daily_blank_zero,1,Other nonnegative daily quantities exhaust product Grand Total
2025-07-12,aFRRUp,30XROTENGAZ----B,hourly_blank_zero,24,Known nonnegative hourly quantities exhaust daily supplier total; BID ids not joined
2025-07-12,aFRRUp,30XROMEGALODON-K,hourly_blank_zero,24,Known nonnegative hourly quantities exhaust daily supplier total; BID ids not joined
2025-07-12,aFRRDown,30XROMEGALODON-K,hourly_blank_zero,24,Known nonnegative hourly quantities exhaust daily supplier total; BID ids not joined
2025-07-13,aFRRDown,30XROMEGALODON-K,daily_blank_zero,1,Other nonnegative daily quantities exhaust product Grand Total
2025-07-13,aFRRUp,30XROMEGALODON-K,daily_blank_zero,1,Other nonnegative daily quantities exhaust product Grand Total
2025-07-13,aFRRUp,30XROMEGALODON-K,hourly_blank_zero,24,Known nonnegative hourly quantities exhaust daily supplier total; BID ids not joined
2025-07-13,aFRRDown,30XROMEGALODON-K,hourly_blank_zero,24,Known nonnegative hourly quantities exhaust daily supplier total; BID ids not joined
2025-07-14,aFRRDown,30XROMEGALODON-K,daily_blank_zero,1,Other nonnegative daily quantities exhaust product Grand Total
2025-07-14,aFRRUp,30XROMEGALODON-K,daily_blank_zero,1,Other nonnegative daily quantities exhaust product Grand Total
2025-07-14,aFRRUp,30XROMEGALODON-K,hourly_blank_zero,24,Known nonnegative hourly quantities exhaust daily supplier total; BID ids not joined
2025-07-14,aFRRDown,30XROMEGALODON-K,hourly_blank_zero,24,Known nonnegative hourly quantities exhaust daily supplier total; BID ids not joined
2025-07-15,aFRRDown,30XROMEGALODON-K,daily_blank_zero,1,Other nonnegative daily quantities exhaust product Grand Total
2025-07-15,aFRRUp,30XROMEGALODON-K,daily_blank_zero,1,Other nonnegative daily quantities exhaust product Grand Total
2025-07-15,aFRRUp,30XROMEGALODON-K,hourly_blank_zero,24,Known nonnegative hourly quantities exhaust daily supplier total; BID ids not joined
2025-07-15,aFRRDown,30XROMEGALODON-K,hourly_blank_zero,24,Known nonnegative hourly quantities exhaust daily supplier total; BID ids not joined
2025-07-16,aFRRDown,30XROHIDRO-----1,daily_blank_zero,1,Other nonnegative daily quantities exhaust product Grand Total
2025-07-16,aFRRDown,30XROHIDRO-----1,daily_blank_zero,1,Other nonnegative daily quantities exhaust product Grand Total
2025-07-16,aFRRDown,30XROMEGALODON-K,daily_blank_zero,1,Other nonnegative daily quantities exhaust product Grand Total
2025-07-16,aFRRUp,30XROMEGALODON-K,daily_blank_zero,1,Other nonnegative daily quantities exhaust product Grand Total
2025-07-16,aFRRUp,30XROHIDRO-----1,daily_blank_zero,1,Other nonnegative daily quantities exhaust product Grand Total
2025-07-16,aFRRUp,30XROHIDRO-----1,daily_blank_zero,1,Other nonnegative daily quantities exhaust product Grand Total
2025-07-16,aFRRUp,30XROHIDRO-----1,hourly_blank_zero,48,Known nonnegative hourly quantities exhaust daily supplier total; BID ids not joined
2025-07-16,aFRRUp,30XROMEGALODON-K,hourly_blank_zero,24,Known nonnegative hourly quantities exhaust daily supplier total; BID ids not joined
2025-07-16,aFRRDown,30XROHIDRO-----1,hourly_blank_zero,48,Known nonnegative hourly quantities exhaust daily supplier total; BID ids not joined
2025-07-16,aFRRDown,30XROMEGALODON-K,hourly_blank_zero,24,Known nonnegative hourly quantities exhaust daily supplier total; BID ids not joined
2025-07-17,aFRRDown,30XROMEGALODON-K,daily_blank_zero,1,Other nonnegative daily quantities exhaust product Grand Total
2025-07-17,aFRRUp,30XROMEGALODON-K,daily_blank_zero,1,Other nonnegative daily quantities exhaust product Grand Total
2025-07-17,aFRRUp,30XROMEGALODON-K,hourly_blank_zero,24,Known nonnegative hourly quantities exhaust daily supplier total; BID ids not joined
2025-07-17,aFRRDown,30XROMEGALODON-K,hourly_blank_zero,24,Known nonnegative hourly quantities exhaust daily supplier total; BID ids not joined
2025-07-18,aFRRDown,30XROMEGALODON-K,daily_blank_zero,1,Other nonnegative daily quantities exhaust product Grand Total
2025-07-18,aFRRUp,30XROMEGALODON-K,daily_blank_zero,1,Other nonnegative daily quantities exhaust product Grand Total
2025-07-18,aFRRUp,30XROMEGALODON-K,hourly_blank_zero,24,Known nonnegative hourly quantities exhaust daily supplier total; BID ids not joined
2025-07-18,aFRRDown,30XROMEGALODON-K,hourly_blank_zero,24,Known nonnegative hourly quantities exhaust daily supplier total; BID ids not joined
2025-07-19,aFRRDown,30XROMEGALODON-K,daily_blank_zero,1,Other nonnegative daily quantities exhaust product Grand Total
2025-07-19,aFRRUp,30XROMEGALODON-K,daily_blank_zero,1,Other nonnegative daily quantities exhaust product Grand Total
2025-07-19,aFRRUp,30XROMEGALODON-K,hourly_blank_zero,24,Known nonnegative hourly quantities exhaust daily supplier total; BID ids not joined
2025-07-19,aFRRDown,30XROMEGALODON-K,hourly_blank_zero,24,Known nonnegative hourly quantities exhaust daily supplier total; BID ids not joined
2025-07-20,aFRRDown,30XROMEGALODON-K,daily_blank_zero,1,Other nonnegative daily quantities exhaust product Grand Total
2025-07-20,aFRRUp,30XROMEGALODON-K,daily_blank_zero,1,Other nonnegative daily quantities exhaust product Grand Total
2025-07-20,aFRRUp,30XROMEGALODON-K,hourly_blank_zero,24,Known nonnegative hourly quantities exhaust daily supplier total; BID ids not joined
2025-07-20,aFRRDown,30XROMEGALODON-K,hourly_blank_zero,24,Known nonnegative hourly quantities exhaust daily supplier total; BID ids not joined
2025-07-21,aFRRDown,30XROMEGALODON-K,daily_blank_zero,1,Other nonnegative daily quantities exhaust product Grand Total
2025-07-21,aFRRUp,30XROMEGALODON-K,daily_blank_zero,1,Other nonnegative daily quantities exhaust product Grand Total
2025-07-21,aFRRUp,30XROMEGALODON-K,hourly_blank_zero,24,Known nonnegative hourly quantities exhaust daily supplier total; BID ids not joined
2025-07-21,aFRRDown,30XROMEGALODON-K,hourly_blank_zero,24,Known nonnegative hourly quantities exhaust daily supplier total; BID ids not joined
2025-07-22,aFRRDown,30XROMEGALODON-K,daily_blank_zero,1,Other nonnegative daily quantities exhaust product Grand Total
2025-07-22,aFRRUp,30XROMEGALODON-K,daily_blank_zero,1,Other nonnegative daily quantities exhaust product Grand Total
2025-07-22,aFRRUp,30XROMEGALODON-K,hourly_blank_zero,24,Known nonnegative hourly quantities exhaust daily supplier total; BID ids not joined
2025-07-22,aFRRDown,30XROMEGALODON-K,hourly_blank_zero,24,Known nonnegative hourly quantities exhaust daily supplier total; BID ids not joined
2025-07-23,aFRRDown,30XROMEGALODON-K,daily_blank_zero,1,Other nonnegative daily quantities exhaust product Grand Total
2025-07-23,aFRRUp,30XROMEGALODON-K,daily_blank_zero,1,Other nonnegative daily quantities exhaust product Grand Total
2025-07-23,aFRRUp,30XROMEGALODON-K,hourly_blank_zero,24,Known nonnegative hourly quantities exhaust daily supplier total; BID ids not joined
2025-07-23,aFRRDown,30XROMEGALODON-K,hourly_blank_zero,24,Known nonnegative hourly quantities exhaust daily supplier total; BID ids not joined
2025-07-24,aFRRDown,30XROMEGALODON-K,daily_blank_zero,1,Other nonnegative daily quantities exhaust product Grand Total
2025-07-24,aFRRUp,30XROMEGALODON-K,daily_blank_zero,1,Other nonnegative daily quantities exhaust product Grand Total
2025-07-24,aFRRUp,30XROMEGALODON-K,hourly_blank_zero,24,Known nonnegative hourly quantities exhaust daily supplier total; BID ids not joined
2025-07-24,aFRRDown,30XROMEGALODON-K,hourly_blank_zero,24,Known nonnegative hourly quantities exhaust daily supplier total; BID ids not joined
2025-07-25,aFRRDown,30XROMEGALODON-K,daily_blank_zero,1,Other nonnegative daily quantities exhaust product Grand Total
2025-07-25,aFRRUp,30XROMEGALODON-K,daily_blank_zero,1,Other nonnegative daily quantities exhaust product Grand Total
2025-07-25,aFRRUp,30XROMEGALODON-K,hourly_blank_zero,24,Known nonnegative hourly quantities exhaust daily supplier total; BID ids not joined
2025-07-25,aFRRDown,30XROMEGALODON-K,hourly_blank_zero,24,Known nonnegative hourly quantities exhaust daily supplier total; BID ids not joined
2025-07-26,aFRRDown,30XROMEGALODON-K,daily_blank_zero,1,Other nonnegative daily quantities exhaust product Grand Total
2025-07-26,aFRRUp,30XROMEGALODON-K,daily_blank_zero,1,Other nonnegative daily quantities exhaust product Grand Total
2025-07-26,aFRRUp,30XROMEGALODON-K,hourly_blank_zero,24,Known nonnegative hourly quantities exhaust daily supplier total; BID ids not joined
2025-07-26,aFRRDown,30XROMEGALODON-K,hourly_blank_zero,24,Known nonnegative hourly quantities exhaust daily supplier total; BID ids not joined
2025-07-27,aFRRDown,30XROMEGALODON-K,daily_blank_zero,1,Other nonnegative daily quantities exhaust product Grand Total
2025-07-27,aFRRUp,30XROMEGALODON-K,daily_blank_zero,1,Other nonnegative daily quantities exhaust product Grand Total
2025-07-27,aFRRUp,30XROMEGALODON-K,hourly_blank_zero,24,Known nonnegative hourly quantities exhaust daily supplier total; BID ids not joined
2025-07-27,aFRRDown,30XROMEGALODON-K,hourly_blank_zero,24,Known nonnegative hourly quantities exhaust daily supplier total; BID ids not joined
2025-07-28,aFRRDown,30XROMEGALODON-K,daily_blank_zero,1,Other nonnegative daily quantities exhaust product Grand Total
2025-07-28,aFRRUp,30XROMEGALODON-K,daily_blank_zero,1,Other nonnegative daily quantities exhaust product Grand Total
2025-07-28,aFRRUp,30XROMEGALODON-K,hourly_blank_zero,24,Known nonnegative hourly quantities exhaust daily supplier total; BID ids not joined
2025-07-28,aFRRDown,30XROMEGALODON-K,hourly_blank_zero,24,Known nonnegative hourly quantities exhaust daily supplier total; BID ids not joined
2025-07-29,aFRRDown,30XROMEGALODON-K,daily_blank_zero,1,Other nonnegative daily quantities exhaust product Grand Total
2025-07-29,aFRRUp,30XROMEGALODON-K,daily_blank_zero,1,Other nonnegative daily quantities exhaust product Grand Total
2025-07-29,aFRRUp,30XROMEGALODON-K,hourly_blank_zero,24,Known nonnegative hourly quantities exhaust daily supplier total; BID ids not joined
2025-07-29,aFRRDown,30XROMEGALODON-K,hourly_blank_zero,24,Known nonnegative hourly quantities exhaust daily supplier total; BID ids not joined
2025-07-30,aFRRDown,30XROMEGALODON-K,daily_blank_zero,1,Other nonnegative daily quantities exhaust product Grand Total
2025-07-30,aFRRUp,30XROMEGALODON-K,daily_blank_zero,1,Other nonnegative daily quantities exhaust product Grand Total
2025-07-30,aFRRUp,30XROMEGALODON-K,hourly_blank_zero,24,Known nonnegative hourly quantities exhaust daily supplier total; BID ids not joined
2025-07-30,aFRRDown,30XROMEGALODON-K,hourly_blank_zero,24,Known nonnegative hourly quantities exhaust daily supplier total; BID ids not joined
2025-07-31,aFRRDown,30XROMEGALODON-K,daily_blank_zero,1,Other nonnegative daily quantities exhaust product Grand Total
2025-07-31,aFRRUp,30XROMEGALODON-K,daily_blank_zero,1,Other nonnegative daily quantities exhaust product Grand Total
2025-07-31,aFRRUp,30XROMEGALODON-K,hourly_blank_zero,24,Known nonnegative hourly quantities exhaust daily supplier total; BID ids not joined
2025-07-31,aFRRDown,30XROMEGALODON-K,hourly_blank_zero,24,Known nonnegative hourly quantities exhaust daily supplier total; BID ids not joined
2025-08-01,aFRRDown,30XROMEGALODON-K,daily_blank_zero,1,Other nonnegative daily quantities exhaust product Grand Total
2025-08-01,aFRRDown,30XROTENGAZ----B,daily_blank_zero,1,Other nonnegative daily quantities exhaust product Grand Total
2025-08-01,aFRRUp,30XROMEGALODON-K,daily_blank_zero,1,Other nonnegative daily quantities exhaust product Grand Total
2025-08-01,aFRRUp,30XROMEGALODON-K,hourly_blank_zero,24,Known nonnegative hourly quantities exhaust daily supplier total; BID ids not joined
2025-08-01,aFRRDown,30XROTENGAZ----B,hourly_blank_zero,24,Known nonnegative hourly quantities exhaust daily supplier total; BID ids not joined
2025-08-01,aFRRDown,30XROMEGALODON-K,hourly_blank_zero,24,Known nonnegative hourly quantities exhaust daily supplier total; BID ids not joined
2025-08-02,FCR,30XROHIDRO-----1,daily_blank_zero,1,Other nonnegative daily quantities exhaust product Grand Total
2025-08-02,FCR,30XROHIDRO-----1,daily_blank_zero,1,Other nonnegative daily quantities exhaust product Grand Total
2025-08-02,FCR,30XROHIDRO-----1,daily_blank_zero,1,Other nonnegative daily quantities exhaust product Grand Total
2025-08-02,FCR,30XROHIDRO-----1,daily_blank_zero,1,Other nonnegative daily quantities exhaust product Grand Total
2025-08-02,aFRRDown,30XROMEGALODON-K,daily_blank_zero,1,Other nonnegative daily quantities exhaust product Grand Total
2025-08-02,aFRRUp,30XROMEGALODON-K,daily_blank_zero,1,Other nonnegative daily quantities exhaust product Grand Total
2025-08-02,FCR,30XROHIDRO-----1,hourly_blank_zero,96,Known nonnegative hourly quantities exhaust daily supplier total; BID ids not joined
2025-08-02,aFRRUp,30XROMEGALODON-K,hourly_blank_zero,24,Known nonnegative hourly quantities exhaust daily supplier total; BID ids not joined
2025-08-02,aFRRDown,30XROMEGALODON-K,hourly_blank_zero,24,Known nonnegative hourly quantities exhaust daily supplier total; BID ids not joined
2025-08-03,aFRRDown,30XROMEGALODON-K,daily_blank_zero,1,Other nonnegative daily quantities exhaust product Grand Total
2025-08-03,aFRRUp,30XROMEGALODON-K,daily_blank_zero,1,Other nonnegative daily quantities exhaust product Grand Total
2025-08-03,aFRRUp,30XROMEGALODON-K,hourly_blank_zero,24,Known nonnegative hourly quantities exhaust daily supplier total; BID ids not joined
2025-08-03,aFRRDown,30XROMEGALODON-K,hourly_blank_zero,24,Known nonnegative hourly quantities exhaust daily supplier total; BID ids not joined
2025-08-04,aFRRDown,30XROMEGALODON-K,daily_blank_zero,1,Other nonnegative daily quantities exhaust product Grand Total
2025-08-04,aFRRUp,30XROMEGALODON-K,daily_blank_zero,1,Other nonnegative daily quantities exhaust product Grand Total
2025-08-04,aFRRUp,30XROMONSONALM-O,daily_blank_zero,1,Other nonnegative daily quantities exhaust product Grand Total
2025-08-04,aFRRUp,30XROMONSONALM-O,hourly_blank_zero,24,Known nonnegative hourly quantities exhaust daily supplier total; BID ids not joined
2025-08-04,aFRRUp,30XROMEGALODON-K,hourly_blank_zero,24,Known nonnegative hourly quantities exhaust daily supplier total; BID ids not joined
2025-08-04,aFRRDown,30XROMEGALODON-K,hourly_blank_zero,24,Known nonnegative hourly quantities exhaust daily supplier total; BID ids not joined
2025-08-05,aFRRDown,30XROMEGALODON-K,daily_blank_zero,1,Other nonnegative daily quantities exhaust product Grand Total
2025-08-05,aFRRUp,30XROMEGALODON-K,daily_blank_zero,1,Other nonnegative daily quantities exhaust product Grand Total
2025-08-05,aFRRUp,30XROMEGALODON-K,hourly_blank_zero,24,Known nonnegative hourly quantities exhaust daily supplier total; BID ids not joined
2025-08-05,aFRRDown,30XROMEGALODON-K,hourly_blank_zero,24,Known nonnegative hourly quantities exhaust daily supplier total; BID ids not joined
2025-08-06,aFRRDown,30XROMEGALODON-K,daily_blank_zero,1,Other nonnegative daily quantities exhaust product Grand Total
2025-08-06,aFRRUp,30XROMEGALODON-K,daily_blank_zero,1,Other nonnegative daily quantities exhaust product Grand Total
2025-08-06,aFRRUp,30XROMEGALODON-K,hourly_blank_zero,24,Known nonnegative hourly quantities exhaust daily supplier total; BID ids not joined
2025-08-06,aFRRDown,30XROMEGALODON-K,hourly_blank_zero,24,Known nonnegative hourly quantities exhaust daily supplier total; BID ids not joined
2025-08-07,aFRRDown,30XROMEGALODON-K,daily_blank_zero,1,Other nonnegative daily quantities exhaust product Grand Total
2025-08-07,aFRRUp,30XROMEGALODON-K,daily_blank_zero,1,Other nonnegative daily quantities exhaust product Grand Total
2025-08-07,aFRRUp,30XROMEGALODON-K,hourly_blank_zero,24,Known nonnegative hourly quantities exhaust daily supplier total; BID ids not joined
2025-08-07,aFRRDown,30XROMEGALODON-K,hourly_blank_zero,24,Known nonnegative hourly quantities exhaust daily supplier total; BID ids not joined
2025-08-08,aFRRDown,30XROMEGALODON-K,daily_blank_zero,1,Other nonnegative daily quantities exhaust product Grand Total
2025-08-08,aFRRUp,30XROMEGALODON-K,daily_blank_zero,1,Other nonnegative daily quantities exhaust product Grand Total
2025-08-08,aFRRUp,30XROMEGALODON-K,hourly_blank_zero,24,Known nonnegative hourly quantities exhaust daily supplier total; BID ids not joined
2025-08-08,aFRRDown,30XROMEGALODON-K,hourly_blank_zero,24,Known nonnegative hourly quantities exhaust daily supplier total; BID ids not joined
2025-08-09,aFRRDown,30XROMEGALODON-K,daily_blank_zero,1,Other nonnegative daily quantities exhaust product Grand Total
2025-08-09,aFRRUp,30XROMEGALODON-K,daily_blank_zero,1,Other nonnegative daily quantities exhaust product Grand Total
2025-08-09,aFRRUp,30XROMEGALODON-K,hourly_blank_zero,24,Known nonnegative hourly quantities exhaust daily supplier total; BID ids not joined
2025-08-09,aFRRDown,30XROMEGALODON-K,hourly_blank_zero,24,Known nonnegative hourly quantities exhaust daily supplier total; BID ids not joined
2025-08-10,aFRRDown,30XROMEGALODON-K,daily_blank_zero,1,Other nonnegative daily quantities exhaust product Grand Total
2025-08-10,aFRRUp,30XROMEGALODON-K,daily_blank_zero,1,Other nonnegative daily quantities exhaust product Grand Total
2025-08-10,aFRRUp,30XROMEGALODON-K,hourly_blank_zero,24,Known nonnegative hourly quantities exhaust daily supplier total; BID ids not joined
2025-08-10,aFRRDown,30XROMEGALODON-K,hourly_blank_zero,24,Known nonnegative hourly quantities exhaust daily supplier total; BID ids not joined
2025-08-11,aFRRDown,30XROTRUEENERGYE,daily_blank_zero,1,Other nonnegative daily quantities exhaust product Grand Total
2025-08-11,aFRRDown,30XROMEGALODON-K,daily_blank_zero,1,Other nonnegative daily quantities exhaust product Grand Total
2025-08-11,aFRRUp,30XROMEGALODON-K,daily_blank_zero,1,Other nonnegative daily quantities exhaust product Grand Total
2025-08-11,aFRRUp,30XROTRUEENERGYE,daily_blank_zero,1,Other nonnegative daily quantities exhaust product Grand Total
2025-08-11,aFRRUp,30XROTRUEENERGYE,hourly_blank_zero,24,Known nonnegative hourly quantities exhaust daily supplier total; BID ids not joined
2025-08-11,aFRRUp,30XROMEGALODON-K,hourly_blank_zero,24,Known nonnegative hourly quantities exhaust daily supplier total; BID ids not joined
2025-08-11,aFRRDown,30XROTRUEENERGYE,hourly_blank_zero,24,Known nonnegative hourly quantities exhaust daily supplier total; BID ids not joined
2025-08-11,aFRRDown,30XROMEGALODON-K,hourly_blank_zero,24,Known nonnegative hourly quantities exhaust daily supplier total; BID ids not joined
2025-08-12,aFRRDown,30XROMEGALODON-K,daily_blank_zero,1,Other nonnegative daily quantities exhaust product Grand Total
2025-08-12,aFRRUp,30XROMEGALODON-K,daily_blank_zero,1,Other nonnegative daily quantities exhaust product Grand Total
2025-08-12,aFRRUp,30XROMEGALODON-K,hourly_blank_zero,24,Known nonnegative hourly quantities exhaust daily supplier total; BID ids not joined
2025-08-12,aFRRDown,30XROMEGALODON-K,hourly_blank_zero,24,Known nonnegative hourly quantities exhaust daily supplier total; BID ids not joined
2025-08-13,aFRRDown,30XROMEGALODON-K,daily_blank_zero,1,Other nonnegative daily quantities exhaust product Grand Total
2025-08-13,aFRRDown,30XROGLYPTODON-B,daily_blank_zero,1,Other nonnegative daily quantities exhaust product Grand Total
2025-08-13,aFRRDown,30XROGLYPTODON-B,daily_blank_zero,1,Other nonnegative daily quantities exhaust product Grand Total
2025-08-13,aFRRUp,30XROTENGAZ----B,daily_blank_zero,1,Other nonnegative daily quantities exhaust product Grand Total
2025-08-13,aFRRUp,30XROMEGALODON-K,daily_blank_zero,1,Other nonnegative daily quantities exhaust product Grand Total
2025-08-13,aFRRUp,30XROTENGAZ----B,hourly_blank_zero,24,Known nonnegative hourly quantities exhaust daily supplier total; BID ids not joined
2025-08-13,aFRRUp,30XROMEGALODON-K,hourly_blank_zero,24,Known nonnegative hourly quantities exhaust daily supplier total; BID ids not joined
2025-08-13,aFRRDown,30XROGLYPTODON-B,hourly_blank_zero,48,Known nonnegative hourly quantities exhaust daily supplier total; BID ids not joined
2025-08-13,aFRRDown,30XROMEGALODON-K,hourly_blank_zero,24,Known nonnegative hourly quantities exhaust daily supplier total; BID ids not joined
2025-08-14,aFRRDown,30XROMEGALODON-K,daily_blank_zero,1,Other nonnegative daily quantities exhaust product Grand Total
2025-08-14,aFRRDown,30XROGLYPTODON-B,daily_blank_zero,1,Other nonnegative daily quantities exhaust product Grand Total
2025-08-14,aFRRDown,30XROGLYPTODON-B,daily_blank_zero,1,Other nonnegative daily quantities exhaust product Grand Total
2025-08-14,aFRRUp,30XROMEGALODON-K,daily_blank_zero,1,Other nonnegative daily quantities exhaust product Grand Total
2025-08-14,aFRRUp,30XROMEGALODON-K,hourly_blank_zero,24,Known nonnegative hourly quantities exhaust daily supplier total; BID ids not joined
2025-08-14,aFRRDown,30XROGLYPTODON-B,hourly_blank_zero,48,Known nonnegative hourly quantities exhaust daily supplier total; BID ids not joined
2025-08-14,aFRRDown,30XROMEGALODON-K,hourly_blank_zero,24,Known nonnegative hourly quantities exhaust daily supplier total; BID ids not joined
2025-08-15,aFRRDown,30XROMEGALODON-K,daily_blank_zero,1,Other nonnegative daily quantities exhaust product Grand Total
2025-08-15,aFRRDown,30XROGLYPTODON-B,daily_blank_zero,1,Other nonnegative daily quantities exhaust product Grand Total
2025-08-15,aFRRDown,30XROGLYPTODON-B,daily_blank_zero,1,Other nonnegative daily quantities exhaust product Grand Total
2025-08-15,aFRRUp,30XROMEGALODON-K,daily_blank_zero,1,Other nonnegative daily quantities exhaust product Grand Total
2025-08-15,aFRRUp,30XROMEGALODON-K,hourly_blank_zero,24,Known nonnegative hourly quantities exhaust daily supplier total; BID ids not joined
2025-08-15,aFRRDown,30XROGLYPTODON-B,hourly_blank_zero,48,Known nonnegative hourly quantities exhaust daily supplier total; BID ids not joined
2025-08-15,aFRRDown,30XROMEGALODON-K,hourly_blank_zero,24,Known nonnegative hourly quantities exhaust daily supplier total; BID ids not joined
2025-08-16,aFRRDown,30XROGLYPTODON-B,daily_blank_zero,1,Other nonnegative daily quantities exhaust product Grand Total
2025-08-16,aFRRDown,30XROGLYPTODON-B,daily_blank_zero,1,Other nonnegative daily quantities exhaust product Grand Total
2025-08-16,aFRRDown,30XROMEGALODON-K,daily_blank_zero,1,Other nonnegative daily quantities exhaust product Grand Total
2025-08-16,aFRRDown,30XROHIDRO-----1,daily_blank_zero,1,Other nonnegative daily quantities exhaust product Grand Total
2025-08-16,aFRRDown,30XROHIDRO-----1,daily_blank_zero,1,Other nonnegative daily quantities exhaust product Grand Total
2025-08-16,aFRRUp,30XROMEGALODON-K,daily_blank_zero,1,Other nonnegative daily quantities exhaust product Grand Total
2025-08-16,aFRRUp,30XROHIDRO-----1,daily_blank_zero,1,Other nonnegative daily quantities exhaust product Grand Total
2025-08-16,aFRRUp,30XROHIDRO-----1,daily_blank_zero,1,Other nonnegative daily quantities exhaust product Grand Total
2025-08-16,aFRRUp,30XROHIDRO-----1,hourly_blank_zero,48,Known nonnegative hourly quantities exhaust daily supplier total; BID ids not joined
2025-08-16,aFRRUp,30XROMEGALODON-K,hourly_blank_zero,24,Known nonnegative hourly quantities exhaust daily supplier total; BID ids not joined
2025-08-16,aFRRDown,30XROHIDRO-----1,hourly_blank_zero,48,Known nonnegative hourly quantities exhaust daily supplier total; BID ids not joined
2025-08-16,aFRRDown,30XROGLYPTODON-B,hourly_blank_zero,48,Known nonnegative hourly quantities exhaust daily supplier total; BID ids not joined
2025-08-16,aFRRDown,30XROMEGALODON-K,hourly_blank_zero,24,Known nonnegative hourly quantities exhaust daily supplier total; BID ids not joined
2025-08-17,FCR,30XROHIDRO-----1,daily_blank_zero,1,Other nonnegative daily quantities exhaust product Grand Total
2025-08-17,FCR,30XROHIDRO-----1,daily_blank_zero,1,Other nonnegative daily quantities exhaust product Grand Total
2025-08-17,aFRRDown,30XROGLYPTODON-B,daily_blank_zero,1,Other nonnegative daily quantities exhaust product Grand Total
2025-08-17,aFRRDown,30XROGLYPTODON-B,daily_blank_zero,1,Other nonnegative daily quantities exhaust product Grand Total
2025-08-17,aFRRDown,30XROMEGALODON-K,daily_blank_zero,1,Other nonnegative daily quantities exhaust product Grand Total
2025-08-17,aFRRUp,30XROMEGALODON-K,daily_blank_zero,1,Other nonnegative daily quantities exhaust product Grand Total
2025-08-17,FCR,30XROHIDRO-----1,hourly_blank_zero,48,Known nonnegative hourly quantities exhaust daily supplier total; BID ids not joined
2025-08-17,aFRRUp,30XROMEGALODON-K,hourly_blank_zero,24,Known nonnegative hourly quantities exhaust daily supplier total; BID ids not joined
2025-08-17,aFRRDown,30XROGLYPTODON-B,hourly_blank_zero,48,Known nonnegative hourly quantities exhaust daily supplier total; BID ids not joined
2025-08-17,aFRRDown,30XROMEGALODON-K,hourly_blank_zero,24,Known nonnegative hourly quantities exhaust daily supplier total; BID ids not joined
2025-08-18,FCR,30XROHIDRO-----1,daily_blank_zero,1,Other nonnegative daily quantities exhaust product Grand Total
2025-08-18,FCR,30XROHIDRO-----1,daily_blank_zero,1,Other nonnegative daily quantities exhaust product Grand Total
2025-08-18,aFRRDown,30XROHIDRO-----1,daily_blank_zero,1,Other nonnegative daily quantities exhaust product Grand Total
2025-08-18,aFRRDown,30XROHIDRO-----1,daily_blank_zero,1,Other nonnegative daily quantities exhaust product Grand Total
2025-08-18,aFRRDown,30XROMEGALODON-K,daily_blank_zero,1,Other nonnegative daily quantities exhaust product Grand Total
2025-08-18,aFRRDown,30XROGLYPTODON-B,daily_blank_zero,1,Other nonnegative daily quantities exhaust product Grand Total
2025-08-18,aFRRDown,30XROGLYPTODON-B,daily_blank_zero,1,Other nonnegative daily quantities exhaust product Grand Total
2025-08-18,aFRRUp,30XROMEGALODON-K,daily_blank_zero,1,Other nonnegative daily quantities exhaust product Grand Total
2025-08-18,aFRRUp,30XROHIDRO-----1,daily_blank_zero,1,Other nonnegative daily quantities exhaust product Grand Total
2025-08-18,aFRRUp,30XROHIDRO-----1,daily_blank_zero,1,Other nonnegative daily quantities exhaust product Grand Total
2025-08-18,FCR,30XROHIDRO-----1,hourly_blank_zero,48,Known nonnegative hourly quantities exhaust daily supplier total; BID ids not joined
2025-08-18,aFRRUp,30XROHIDRO-----1,hourly_blank_zero,48,Known nonnegative hourly quantities exhaust daily supplier total; BID ids not joined
2025-08-18,aFRRUp,30XROMEGALODON-K,hourly_blank_zero,24,Known nonnegative hourly quantities exhaust daily supplier total; BID ids not joined
2025-08-18,aFRRDown,30XROHIDRO-----1,hourly_blank_zero,48,Known nonnegative hourly quantities exhaust daily supplier total; BID ids not joined
2025-08-18,aFRRDown,30XROGLYPTODON-B,hourly_blank_zero,48,Known nonnegative hourly quantities exhaust daily supplier total; BID ids not joined
2025-08-18,aFRRDown,30XROMEGALODON-K,hourly_blank_zero,24,Known nonnegative hourly quantities exhaust daily supplier total; BID ids not joined
2025-08-19,aFRRDown,30XROGLYPTODON-B,daily_blank_zero,1,Other nonnegative daily quantities exhaust product Grand Total
2025-08-19,aFRRDown,30XROGLYPTODON-B,daily_blank_zero,1,Other nonnegative daily quantities exhaust product Grand Total
2025-08-19,aFRRDown,30XROMEGALODON-K,daily_blank_zero,1,Other nonnegative daily quantities exhaust product Grand Total
2025-08-19,aFRRUp,30XROMEGALODON-K,daily_blank_zero,1,Other nonnegative daily quantities exhaust product Grand Total
2025-08-19,aFRRUp,30XROMEGALODON-K,hourly_blank_zero,24,Known nonnegative hourly quantities exhaust daily supplier total; BID ids not joined
2025-08-19,aFRRDown,30XROGLYPTODON-B,hourly_blank_zero,48,Known nonnegative hourly quantities exhaust daily supplier total; BID ids not joined
2025-08-19,aFRRDown,30XROMEGALODON-K,hourly_blank_zero,24,Known nonnegative hourly quantities exhaust daily supplier total; BID ids not joined
2025-08-20,aFRRDown,30XROMEGALODON-K,daily_blank_zero,1,Other nonnegative daily quantities exhaust product Grand Total
2025-08-20,aFRRDown,30XROMEGALODON-K,daily_blank_zero,1,Other nonnegative daily quantities exhaust product Grand Total
2025-08-20,aFRRDown,30XROGLYPTODON-B,daily_blank_zero,1,Other nonnegative daily quantities exhaust product Grand Total
2025-08-20,aFRRDown,30XROGLYPTODON-B,daily_blank_zero,1,Other nonnegative daily quantities exhaust product Grand Total
2025-08-20,aFRRUp,30XROMEGALODON-K,daily_blank_zero,1,Other nonnegative daily quantities exhaust product Grand Total
2025-08-20,aFRRUp,30XROMEGALODON-K,hourly_blank_zero,24,Known nonnegative hourly quantities exhaust daily supplier total; BID ids not joined
2025-08-20,aFRRDown,30XROGLYPTODON-B,hourly_blank_zero,48,Known nonnegative hourly quantities exhaust daily supplier total; BID ids not joined
2025-08-20,aFRRDown,30XROMEGALODON-K,hourly_blank_zero,48,Known nonnegative hourly quantities exhaust daily supplier total; BID ids not joined
2025-08-21,aFRRDown,30XROGLYPTODON-B,daily_blank_zero,1,Other nonnegative daily quantities exhaust product Grand Total
2025-08-21,aFRRDown,30XROGLYPTODON-B,daily_blank_zero,1,Other nonnegative daily quantities exhaust product Grand Total
2025-08-21,aFRRDown,30XROMEGALODON-K,daily_blank_zero,1,Other nonnegative daily quantities exhaust product Grand Total
2025-08-21,aFRRDown,30XROMEGALODON-K,daily_blank_zero,1,Other nonnegative daily quantities exhaust product Grand Total
2025-08-21,aFRRUp,30XROMEGALODON-K,daily_blank_zero,1,Other nonnegative daily quantities exhaust product Grand Total
2025-08-21,aFRRUp,30XROMEGALODON-K,hourly_blank_zero,24,Known nonnegative hourly quantities exhaust daily supplier total; BID ids not joined
2025-08-21,aFRRDown,30XROGLYPTODON-B,hourly_blank_zero,48,Known nonnegative hourly quantities exhaust daily supplier total; BID ids not joined
2025-08-21,aFRRDown,30XROMEGALODON-K,hourly_blank_zero,48,Known nonnegative hourly quantities exhaust daily supplier total; BID ids not joined
2025-08-22,aFRRDown,30XROGLYPTODON-B,daily_blank_zero,1,Other nonnegative daily quantities exhaust product Grand Total
2025-08-22,aFRRDown,30XROGLYPTODON-B,daily_blank_zero,1,Other nonnegative daily quantities exhaust product Grand Total
2025-08-22,aFRRDown,30XROMEGALODON-K,daily_blank_zero,1,Other nonnegative daily quantities exhaust product Grand Total
2025-08-22,aFRRDown,30XROMEGALODON-K,daily_blank_zero,1,Other nonnegative daily quantities exhaust product Grand Total
2025-08-22,aFRRUp,30XROMEGALODON-K,daily_blank_zero,1,Other nonnegative daily quantities exhaust product Grand Total
2025-08-22,aFRRUp,30XROMEGALODON-K,hourly_blank_zero,24,Known nonnegative hourly quantities exhaust daily supplier total; BID ids not joined
2025-08-22,aFRRDown,30XROGLYPTODON-B,hourly_blank_zero,48,Known nonnegative hourly quantities exhaust daily supplier total; BID ids not joined
2025-08-22,aFRRDown,30XROMEGALODON-K,hourly_blank_zero,48,Known nonnegative hourly quantities exhaust daily supplier total; BID ids not joined
2025-08-23,aFRRDown,30XROGLYPTODON-B,daily_blank_zero,1,Other nonnegative daily quantities exhaust product Grand Total
2025-08-23,aFRRDown,30XROGLYPTODON-B,daily_blank_zero,1,Other nonnegative daily quantities exhaust product Grand Total
2025-08-23,aFRRDown,30XROMEGALODON-K,daily_blank_zero,1,Other nonnegative daily quantities exhaust product Grand Total
2025-08-23,aFRRDown,30XROMEGALODON-K,daily_blank_zero,1,Other nonnegative daily quantities exhaust product Grand Total
2025-08-23,aFRRUp,30XROMEGALODON-K,daily_blank_zero,1,Other nonnegative daily quantities exhaust product Grand Total
2025-08-23,aFRRUp,30XROMEGALODON-K,hourly_blank_zero,24,Known nonnegative hourly quantities exhaust daily supplier total; BID ids not joined
2025-08-23,aFRRDown,30XROGLYPTODON-B,hourly_blank_zero,48,Known nonnegative hourly quantities exhaust daily supplier total; BID ids not joined
2025-08-23,aFRRDown,30XROMEGALODON-K,hourly_blank_zero,48,Known nonnegative hourly quantities exhaust daily supplier total; BID ids not joined
2025-08-24,aFRRDown,30XROMEGALODON-K,daily_blank_zero,1,Other nonnegative daily quantities exhaust product Grand Total
2025-08-24,aFRRDown,30XROMEGALODON-K,daily_blank_zero,1,Other nonnegative daily quantities exhaust product Grand Total
2025-08-24,aFRRDown,30XROGLYPTODON-B,daily_blank_zero,1,Other nonnegative daily quantities exhaust product Grand Total
2025-08-24,aFRRDown,30XROGLYPTODON-B,daily_blank_zero,1,Other nonnegative daily quantities exhaust product Grand Total
2025-08-24,aFRRUp,30XROMEGALODON-K,daily_blank_zero,1,Other nonnegative daily quantities exhaust product Grand Total
2025-08-24,aFRRUp,30XROMEGALODON-K,hourly_blank_zero,24,Known nonnegative hourly quantities exhaust daily supplier total; BID ids not joined
2025-08-24,aFRRDown,30XROGLYPTODON-B,hourly_blank_zero,48,Known nonnegative hourly quantities exhaust daily supplier total; BID ids not joined
2025-08-24,aFRRDown,30XROMEGALODON-K,hourly_blank_zero,48,Known nonnegative hourly quantities exhaust daily supplier total; BID ids not joined
2025-08-25,aFRRDown,30XROMEGALODON-K,daily_blank_zero,1,Other nonnegative daily quantities exhaust product Grand Total
2025-08-25,aFRRDown,30XROMEGALODON-K,daily_blank_zero,1,Other nonnegative daily quantities exhaust product Grand Total
2025-08-25,aFRRDown,30XROGLYPTODON-B,daily_blank_zero,1,Other nonnegative daily quantities exhaust product Grand Total
2025-08-25,aFRRDown,30XROGLYPTODON-B,daily_blank_zero,1,Other nonnegative daily quantities exhaust product Grand Total
2025-08-25,aFRRUp,30XROMEGALODON-K,daily_blank_zero,1,Other nonnegative daily quantities exhaust product Grand Total
2025-08-25,aFRRUp,30XROMEGALODON-K,hourly_blank_zero,24,Known nonnegative hourly quantities exhaust daily supplier total; BID ids not joined
2025-08-25,aFRRDown,30XROGLYPTODON-B,hourly_blank_zero,48,Known nonnegative hourly quantities exhaust daily supplier total; BID ids not joined
2025-08-25,aFRRDown,30XROMEGALODON-K,hourly_blank_zero,48,Known nonnegative hourly quantities exhaust daily supplier total; BID ids not joined
2025-08-26,aFRRDown,30XROGLYPTODON-B,daily_blank_zero,1,Other nonnegative daily quantities exhaust product Grand Total
2025-08-26,aFRRDown,30XROGLYPTODON-B,daily_blank_zero,1,Other nonnegative daily quantities exhaust product Grand Total
2025-08-26,aFRRDown,30XROMEGALODON-K,daily_blank_zero,1,Other nonnegative daily quantities exhaust product Grand Total
2025-08-26,aFRRDown,30XROMEGALODON-K,daily_blank_zero,1,Other nonnegative daily quantities exhaust product Grand Total
2025-08-26,aFRRUp,30XROMEGALODON-K,daily_blank_zero,1,Other nonnegative daily quantities exhaust product Grand Total
2025-08-26,aFRRUp,30XROMEGALODON-K,hourly_blank_zero,24,Known nonnegative hourly quantities exhaust daily supplier total; BID ids not joined
2025-08-26,aFRRDown,30XROGLYPTODON-B,hourly_blank_zero,48,Known nonnegative hourly quantities exhaust daily supplier total; BID ids not joined
2025-08-26,aFRRDown,30XROMEGALODON-K,hourly_blank_zero,48,Known nonnegative hourly quantities exhaust daily supplier total; BID ids not joined
2025-08-27,aFRRDown,30XROMEGALODON-K,daily_blank_zero,1,Other nonnegative daily quantities exhaust product Grand Total
2025-08-27,aFRRDown,30XROMEGALODON-K,daily_blank_zero,1,Other nonnegative daily quantities exhaust product Grand Total
2025-08-27,aFRRDown,30XROGLYPTODON-B,daily_blank_zero,1,Other nonnegative daily quantities exhaust product Grand Total
2025-08-27,aFRRDown,30XROGLYPTODON-B,daily_blank_zero,1,Other nonnegative daily quantities exhaust product Grand Total
2025-08-27,aFRRUp,30XROMEGALODON-K,daily_blank_zero,1,Other nonnegative daily quantities exhaust product Grand Total
2025-08-27,aFRRUp,30XROMEGALODON-K,hourly_blank_zero,24,Known nonnegative hourly quantities exhaust daily supplier total; BID ids not joined
2025-08-27,aFRRDown,30XROGLYPTODON-B,hourly_blank_zero,48,Known nonnegative hourly quantities exhaust daily supplier total; BID ids not joined
2025-08-27,aFRRDown,30XROMEGALODON-K,hourly_blank_zero,48,Known nonnegative hourly quantities exhaust daily supplier total; BID ids not joined
2025-08-28,aFRRDown,30XROMEGALODON-K,daily_blank_zero,1,Other nonnegative daily quantities exhaust product Grand Total
2025-08-28,aFRRDown,30XROMEGALODON-K,daily_blank_zero,1,Other nonnegative daily quantities exhaust product Grand Total
2025-08-28,aFRRDown,30XROGLYPTODON-B,daily_blank_zero,1,Other nonnegative daily quantities exhaust product Grand Total
2025-08-28,aFRRDown,30XROGLYPTODON-B,daily_blank_zero,1,Other nonnegative daily quantities exhaust product Grand Total
2025-08-28,aFRRUp,30XROMEGALODON-K,daily_blank_zero,1,Other nonnegative daily quantities exhaust product Grand Total
2025-08-28,aFRRUp,30XROMEGALODON-K,hourly_blank_zero,24,Known nonnegative hourly quantities exhaust daily supplier total; BID ids not joined
2025-08-28,aFRRDown,30XROGLYPTODON-B,hourly_blank_zero,48,Known nonnegative hourly quantities exhaust daily supplier total; BID ids not joined
2025-08-28,aFRRDown,30XROMEGALODON-K,hourly_blank_zero,48,Known nonnegative hourly quantities exhaust daily supplier total; BID ids not joined
2025-08-29,aFRRDown,30XROMEGALODON-K,daily_blank_zero,1,Other nonnegative daily quantities exhaust product Grand Total
2025-08-29,aFRRDown,30XROMEGALODON-K,daily_blank_zero,1,Other nonnegative daily quantities exhaust product Grand Total
2025-08-29,aFRRDown,30XROGLYPTODON-B,daily_blank_zero,1,Other nonnegative daily quantities exhaust product Grand Total
2025-08-29,aFRRDown,30XROGLYPTODON-B,daily_blank_zero,1,Other nonnegative daily quantities exhaust product Grand Total
2025-08-29,aFRRDown,30XROTENGAZ----B,daily_blank_zero,1,Other nonnegative daily quantities exhaust product Grand Total
2025-08-29,aFRRUp,30XROTENGAZ----B,daily_blank_zero,1,Other nonnegative daily quantities exhaust product Grand Total
2025-08-29,aFRRUp,30XROMEGALODON-K,daily_blank_zero,1,Other nonnegative daily quantities exhaust product Grand Total
2025-08-29,aFRRUp,30XROTENGAZ----B,hourly_blank_zero,24,Known nonnegative hourly quantities exhaust daily supplier total; BID ids not joined
2025-08-29,aFRRUp,30XROMEGALODON-K,hourly_blank_zero,24,Known nonnegative hourly quantities exhaust daily supplier total; BID ids not joined
2025-08-29,aFRRDown,30XROTENGAZ----B,hourly_blank_zero,24,Known nonnegative hourly quantities exhaust daily supplier total; BID ids not joined
2025-08-29,aFRRDown,30XROGLYPTODON-B,hourly_blank_zero,48,Known nonnegative hourly quantities exhaust daily supplier total; BID ids not joined
2025-08-29,aFRRDown,30XROMEGALODON-K,hourly_blank_zero,48,Known nonnegative hourly quantities exhaust daily supplier total; BID ids not joined
2025-08-30,FCR,30XROHIDRO-----1,daily_blank_zero,1,Other nonnegative daily quantities exhaust product Grand Total
2025-08-30,aFRRDown,30XROBEPCO-----8,daily_blank_zero,1,Other nonnegative daily quantities exhaust product Grand Total
2025-08-30,aFRRDown,30XROGLYPTODON-B,daily_blank_zero,1,Other nonnegative daily quantities exhaust product Grand Total
2025-08-30,aFRRDown,30XROGLYPTODON-B,daily_blank_zero,1,Other nonnegative daily quantities exhaust product Grand Total
2025-08-30,aFRRDown,30XROHIDRO-----1,daily_blank_zero,1,Other nonnegative daily quantities exhaust product Grand Total
2025-08-30,aFRRDown,30XROHIDRO-----1,daily_blank_zero,1,Other nonnegative daily quantities exhaust product Grand Total
2025-08-30,aFRRDown,30XROMEGALODON-K,daily_blank_zero,1,Other nonnegative daily quantities exhaust product Grand Total
2025-08-30,aFRRDown,30XROMEGALODON-K,daily_blank_zero,1,Other nonnegative daily quantities exhaust product Grand Total
2025-08-30,aFRRUp,30XROMEGALODON-K,daily_blank_zero,1,Other nonnegative daily quantities exhaust product Grand Total
2025-08-30,aFRRUp,30XROHIDRO-----1,daily_blank_zero,1,Other nonnegative daily quantities exhaust product Grand Total
2025-08-30,aFRRUp,30XROHIDRO-----1,daily_blank_zero,1,Other nonnegative daily quantities exhaust product Grand Total
2025-08-30,FCR,30XROHIDRO-----1,hourly_blank_zero,24,Known nonnegative hourly quantities exhaust daily supplier total; BID ids not joined
2025-08-30,aFRRUp,30XROHIDRO-----1,hourly_blank_zero,48,Known nonnegative hourly quantities exhaust daily supplier total; BID ids not joined
2025-08-30,aFRRUp,30XROMEGALODON-K,hourly_blank_zero,24,Known nonnegative hourly quantities exhaust daily supplier total; BID ids not joined
2025-08-30,aFRRDown,30XROHIDRO-----1,hourly_blank_zero,48,Known nonnegative hourly quantities exhaust daily supplier total; BID ids not joined
2025-08-30,aFRRDown,30XROGLYPTODON-B,hourly_blank_zero,48,Known nonnegative hourly quantities exhaust daily supplier total; BID ids not joined
2025-08-30,aFRRDown,30XROBEPCO-----8,hourly_blank_zero,24,Known nonnegative hourly quantities exhaust daily supplier total; BID ids not joined
2025-08-30,aFRRDown,30XROMEGALODON-K,hourly_blank_zero,48,Known nonnegative hourly quantities exhaust daily supplier total; BID ids not joined
2025-08-31,aFRRDown,30XROMEGALODON-K,daily_blank_zero,1,Other nonnegative daily quantities exhaust product Grand Total
2025-08-31,aFRRDown,30XROMEGALODON-K,daily_blank_zero,1,Other nonnegative daily quantities exhaust product Grand Total
2025-08-31,aFRRDown,30XROGLYPTODON-B,daily_blank_zero,1,Other nonnegative daily quantities exhaust product Grand Total
2025-08-31,aFRRDown,30XROGLYPTODON-B,daily_blank_zero,1,Other nonnegative daily quantities exhaust product Grand Total
2025-08-31,aFRRUp,30XROMEGALODON-K,daily_blank_zero,1,Other nonnegative daily quantities exhaust product Grand Total
2025-08-31,aFRRUp,30XROMEGALODON-K,hourly_blank_zero,24,Known nonnegative hourly quantities exhaust daily supplier total; BID ids not joined
2025-08-31,aFRRDown,30XROGLYPTODON-B,hourly_blank_zero,48,Known nonnegative hourly quantities exhaust daily supplier total; BID ids not joined
2025-08-31,aFRRDown,30XROMEGALODON-K,hourly_blank_zero,48,Known nonnegative hourly quantities exhaust daily supplier total; BID ids not joined
2025-09-01,aFRRDown,30XROGLYPTODON-B,daily_blank_zero,1,Other nonnegative daily quantities exhaust product Grand Total
2025-09-01,aFRRDown,30XROGLYPTODON-B,daily_blank_zero,1,Other nonnegative daily quantities exhaust product Grand Total
2025-09-01,aFRRDown,30XROMEGALODON-K,daily_blank_zero,1,Other nonnegative daily quantities exhaust product Grand Total
2025-09-01,aFRRDown,30XROMEGALODON-K,daily_blank_zero,1,Other nonnegative daily quantities exhaust product Grand Total
2025-09-01,aFRRDown,30XRONPGSP-----8,daily_blank_zero,1,Other nonnegative daily quantities exhaust product Grand Total
2025-09-01,aFRRDown,30XROTENGAZ----B,daily_blank_zero,1,Other nonnegative daily quantities exhaust product Grand Total
2025-09-01,aFRRDown,30XROTENGAZ----B,daily_blank_zero,1,Other nonnegative daily quantities exhaust product Grand Total
2025-09-01,aFRRUp,30XROMEGALODON-K,daily_blank_zero,1,Other nonnegative daily quantities exhaust product Grand Total
2025-09-01,aFRRUp,30XROMEGALODON-K,hourly_blank_zero,24,Known nonnegative hourly quantities exhaust daily supplier total; BID ids not joined
2025-09-01,aFRRDown,30XRONPGSP-----8,hourly_blank_zero,24,Known nonnegative hourly quantities exhaust daily supplier total; BID ids not joined
2025-09-01,aFRRDown,30XROTENGAZ----B,hourly_blank_zero,48,Known nonnegative hourly quantities exhaust daily supplier total; BID ids not joined
2025-09-01,aFRRDown,30XROGLYPTODON-B,hourly_blank_zero,48,Known nonnegative hourly quantities exhaust daily supplier total; BID ids not joined
2025-09-01,aFRRDown,30XROMEGALODON-K,hourly_blank_zero,48,Known nonnegative hourly quantities exhaust daily supplier total; BID ids not joined
2025-09-02,FCR,30XROHIDRO-----1,daily_blank_zero,1,Other nonnegative daily quantities exhaust product Grand Total
2025-09-02,aFRRDown,30XROHIDRO-----1,daily_blank_zero,1,Other nonnegative daily quantities exhaust product Grand Total
2025-09-02,aFRRDown,30XROHIDRO-----1,daily_blank_zero,1,Other nonnegative daily quantities exhaust product Grand Total
2025-09-02,aFRRDown,30XROGLYPTODON-B,daily_blank_zero,1,Other nonnegative daily quantities exhaust product Grand Total
2025-09-02,aFRRDown,30XROGLYPTODON-B,daily_blank_zero,1,Other nonnegative daily quantities exhaust product Grand Total
2025-09-02,aFRRDown,30XROMEGALODON-K,daily_blank_zero,1,Other nonnegative daily quantities exhaust product Grand Total
2025-09-02,aFRRDown,30XROMEGALODON-K,daily_blank_zero,1,Other nonnegative daily quantities exhaust product Grand Total
2025-09-02,aFRRUp,30XROMEGALODON-K,daily_blank_zero,1,Other nonnegative daily quantities exhaust product Grand Total
2025-09-02,aFRRUp,30XROHIDRO-----1,daily_blank_zero,1,Other nonnegative daily quantities exhaust product Grand Total
2025-09-02,aFRRUp,30XROHIDRO-----1,daily_blank_zero,1,Other nonnegative daily quantities exhaust product Grand Total
2025-09-02,FCR,30XROHIDRO-----1,hourly_blank_zero,24,Known nonnegative hourly quantities exhaust daily supplier total; BID ids not joined
2025-09-02,aFRRUp,30XROHIDRO-----1,hourly_blank_zero,48,Known nonnegative hourly quantities exhaust daily supplier total; BID ids not joined
2025-09-02,aFRRUp,30XROMEGALODON-K,hourly_blank_zero,24,Known nonnegative hourly quantities exhaust daily supplier total; BID ids not joined
2025-09-02,aFRRDown,30XROHIDRO-----1,hourly_blank_zero,48,Known nonnegative hourly quantities exhaust daily supplier total; BID ids not joined
2025-09-02,aFRRDown,30XROGLYPTODON-B,hourly_blank_zero,48,Known nonnegative hourly quantities exhaust daily supplier total; BID ids not joined
2025-09-02,aFRRDown,30XROMEGALODON-K,hourly_blank_zero,48,Known nonnegative hourly quantities exhaust daily supplier total; BID ids not joined
2025-09-03,aFRRDown,30XROGLYPTODON-B,daily_blank_zero,1,Other nonnegative daily quantities exhaust product Grand Total
2025-09-03,aFRRDown,30XROGLYPTODON-B,daily_blank_zero,1,Other nonnegative daily quantities exhaust product Grand Total
2025-09-03,aFRRDown,30XROMEGALODON-K,daily_blank_zero,1,Other nonnegative daily quantities exhaust product Grand Total
2025-09-03,aFRRDown,30XROMEGALODON-K,daily_blank_zero,1,Other nonnegative daily quantities exhaust product Grand Total
2025-09-03,aFRRUp,30XROMEGALODON-K,daily_blank_zero,1,Other nonnegative daily quantities exhaust product Grand Total
2025-09-03,aFRRUp,30XROMEGALODON-K,hourly_blank_zero,24,Known nonnegative hourly quantities exhaust daily supplier total; BID ids not joined
2025-09-03,aFRRDown,30XROGLYPTODON-B,hourly_blank_zero,48,Known nonnegative hourly quantities exhaust daily supplier total; BID ids not joined
2025-09-03,aFRRDown,30XROMEGALODON-K,hourly_blank_zero,48,Known nonnegative hourly quantities exhaust daily supplier total; BID ids not joined
2025-09-04,aFRRDown,30XROGLYPTODON-B,daily_blank_zero,1,Other nonnegative daily quantities exhaust product Grand Total
2025-09-04,aFRRDown,30XROGLYPTODON-B,daily_blank_zero,1,Other nonnegative daily quantities exhaust product Grand Total
2025-09-04,aFRRDown,30XROMEGALODON-K,daily_blank_zero,1,Other nonnegative daily quantities exhaust product Grand Total
2025-09-04,aFRRDown,30XROMEGALODON-K,daily_blank_zero,1,Other nonnegative daily quantities exhaust product Grand Total
2025-09-04,aFRRUp,30XROMEGALODON-K,daily_blank_zero,1,Other nonnegative daily quantities exhaust product Grand Total
2025-09-04,aFRRUp,30XROMEGALODON-K,hourly_blank_zero,24,Known nonnegative hourly quantities exhaust daily supplier total; BID ids not joined
2025-09-04,aFRRDown,30XROGLYPTODON-B,hourly_blank_zero,48,Known nonnegative hourly quantities exhaust daily supplier total; BID ids not joined
2025-09-04,aFRRDown,30XROMEGALODON-K,hourly_blank_zero,48,Known nonnegative hourly quantities exhaust daily supplier total; BID ids not joined
2025-09-05,aFRRDown,30XROGLYPTODON-B,daily_blank_zero,1,Other nonnegative daily quantities exhaust product Grand Total
2025-09-05,aFRRDown,30XROGLYPTODON-B,daily_blank_zero,1,Other nonnegative daily quantities exhaust product Grand Total
2025-09-05,aFRRDown,30XROMEGALODON-K,daily_blank_zero,1,Other nonnegative daily quantities exhaust product Grand Total
2025-09-05,aFRRDown,30XROMEGALODON-K,daily_blank_zero,1,Other nonnegative daily quantities exhaust product Grand Total
2025-09-05,aFRRDown,30XROTENGAZ----B,daily_blank_zero,1,Other nonnegative daily quantities exhaust product Grand Total
2025-09-05,aFRRUp,30XROMEGALODON-K,daily_blank_zero,1,Other nonnegative daily quantities exhaust product Grand Total
2025-09-05,aFRRUp,30XROMEGALODON-K,hourly_blank_zero,24,Known nonnegative hourly quantities exhaust daily supplier total; BID ids not joined
2025-09-05,aFRRDown,30XROTENGAZ----B,hourly_blank_zero,24,Known nonnegative hourly quantities exhaust daily supplier total; BID ids not joined
2025-09-05,aFRRDown,30XROGLYPTODON-B,hourly_blank_zero,48,Known nonnegative hourly quantities exhaust daily supplier total; BID ids not joined
2025-09-05,aFRRDown,30XROMEGALODON-K,hourly_blank_zero,48,Known nonnegative hourly quantities exhaust daily supplier total; BID ids not joined
2025-09-06,aFRRDown,30XROBEPCO-----8,daily_blank_zero,1,Other nonnegative daily quantities exhaust product Grand Total
2025-09-06,aFRRUp,30XROBEPCO-----8,daily_blank_zero,1,Other nonnegative daily quantities exhaust product Grand Total
2025-09-06,aFRRUp,30XROBEPCO-----8,daily_blank_zero,1,Other nonnegative daily quantities exhaust product Grand Total
2025-09-06,aFRRUp,30XROBEPCO-----8,hourly_blank_zero,48,Known nonnegative hourly quantities exhaust daily supplier total; BID ids not joined
2025-09-06,aFRRDown,30XROBEPCO-----8,hourly_blank_zero,24,Known nonnegative hourly quantities exhaust daily supplier total; BID ids not joined
2025-09-07,aFRRDown,30XROBEPCO-----8,daily_blank_zero,1,Other nonnegative daily quantities exhaust product Grand Total
2025-09-07,aFRRUp,30XROBEPCO-----8,daily_blank_zero,1,Other nonnegative daily quantities exhaust product Grand Total
2025-09-07,aFRRUp,30XROBEPCO-----8,hourly_blank_zero,24,Known nonnegative hourly quantities exhaust daily supplier total; BID ids not joined
2025-09-07,aFRRDown,30XROBEPCO-----8,hourly_blank_zero,24,Known nonnegative hourly quantities exhaust daily supplier total; BID ids not joined
2025-09-08,aFRRDown,30XROBEPCO-----8,daily_blank_zero,1,Other nonnegative daily quantities exhaust product Grand Total
2025-09-08,aFRRUp,30XROBEPCO-----8,daily_blank_zero,1,Other nonnegative daily quantities exhaust product Grand Total
2025-09-08,aFRRUp,30XROBEPCO-----8,daily_blank_zero,1,Other nonnegative daily quantities exhaust product Grand Total
2025-09-08,aFRRUp,30XROBEPCO-----8,hourly_blank_zero,48,Known nonnegative hourly quantities exhaust daily supplier total; BID ids not joined
2025-09-08,aFRRDown,30XROBEPCO-----8,hourly_blank_zero,24,Known nonnegative hourly quantities exhaust daily supplier total; BID ids not joined
2025-09-09,aFRRDown,30XROBEPCO-----8,daily_blank_zero,1,Other nonnegative daily quantities exhaust product Grand Total
2025-09-09,aFRRUp,30XROBEPCO-----8,daily_blank_zero,1,Other nonnegative daily quantities exhaust product Grand Total
2025-09-09,aFRRUp,30XROBEPCO-----8,hourly_blank_zero,24,Known nonnegative hourly quantities exhaust daily supplier total; BID ids not joined
2025-09-09,aFRRDown,30XROBEPCO-----8,hourly_blank_zero,24,Known nonnegative hourly quantities exhaust daily supplier total; BID ids not joined
2025-09-10,aFRRDown,30XROMEGALODON-K,daily_blank_zero,1,Other nonnegative daily quantities exhaust product Grand Total
2025-09-10,aFRRDown,30XROMEGALODON-K,daily_blank_zero,1,Other nonnegative daily quantities exhaust product Grand Total
2025-09-10,aFRRDown,30XROGLYPTODON-B,daily_blank_zero,1,Other nonnegative daily quantities exhaust product Grand Total
2025-09-10,aFRRDown,30XROGLYPTODON-B,daily_blank_zero,1,Other nonnegative daily quantities exhaust product Grand Total
2025-09-10,aFRRUp,30XROMEGALODON-K,daily_blank_zero,1,Other nonnegative daily quantities exhaust product Grand Total
2025-09-10,aFRRUp,30XROMEGALODON-K,hourly_blank_zero,24,Known nonnegative hourly quantities exhaust daily supplier total; BID ids not joined
2025-09-10,aFRRDown,30XROGLYPTODON-B,hourly_blank_zero,48,Known nonnegative hourly quantities exhaust daily supplier total; BID ids not joined
2025-09-10,aFRRDown,30XROMEGALODON-K,hourly_blank_zero,48,Known nonnegative hourly quantities exhaust daily supplier total; BID ids not joined
2025-09-11,aFRRDown,30XRO-NPS50----C,daily_blank_zero,1,Other nonnegative daily quantities exhaust product Grand Total
2025-09-11,aFRRDown,30XROMEGALODON-K,daily_blank_zero,1,Other nonnegative daily quantities exhaust product Grand Total
2025-09-11,aFRRDown,30XROMEGALODON-K,daily_blank_zero,1,Other nonnegative daily quantities exhaust product Grand Total
2025-09-11,aFRRDown,30XROGLYPTODON-B,daily_blank_zero,1,Other nonnegative daily quantities exhaust product Grand Total
2025-09-11,aFRRDown,30XROGLYPTODON-B,daily_blank_zero,1,Other nonnegative daily quantities exhaust product Grand Total
2025-09-11,aFRRUp,30XROMEGALODON-K,daily_blank_zero,1,Other nonnegative daily quantities exhaust product Grand Total
2025-09-11,aFRRUp,30XROMEGALODON-K,hourly_blank_zero,24,Known nonnegative hourly quantities exhaust daily supplier total; BID ids not joined
2025-09-11,aFRRDown,30XROGLYPTODON-B,hourly_blank_zero,48,Known nonnegative hourly quantities exhaust daily supplier total; BID ids not joined
2025-09-11,aFRRDown,30XRO-NPS50----C,hourly_blank_zero,24,Known nonnegative hourly quantities exhaust daily supplier total; BID ids not joined
2025-09-11,aFRRDown,30XROMEGALODON-K,hourly_blank_zero,48,Known nonnegative hourly quantities exhaust daily supplier total; BID ids not joined
2025-09-12,aFRRDown,30XROGLYPTODON-B,daily_blank_zero,1,Other nonnegative daily quantities exhaust product Grand Total
2025-09-12,aFRRDown,30XROGLYPTODON-B,daily_blank_zero,1,Other nonnegative daily quantities exhaust product Grand Total
2025-09-12,aFRRDown,30XROMEGALODON-K,daily_blank_zero,1,Other nonnegative daily quantities exhaust product Grand Total
2025-09-12,aFRRDown,30XROMEGALODON-K,daily_blank_zero,1,Other nonnegative daily quantities exhaust product Grand Total
2025-09-12,aFRRUp,30XROMEGALODON-K,daily_blank_zero,1,Other nonnegative daily quantities exhaust product Grand Total
2025-09-12,aFRRUp,30XROMEGALODON-K,hourly_blank_zero,24,Known nonnegative hourly quantities exhaust daily supplier total; BID ids not joined
2025-09-12,aFRRDown,30XROGLYPTODON-B,hourly_blank_zero,48,Known nonnegative hourly quantities exhaust daily supplier total; BID ids not joined
2025-09-12,aFRRDown,30XROMEGALODON-K,hourly_blank_zero,48,Known nonnegative hourly quantities exhaust daily supplier total; BID ids not joined
2025-09-13,aFRRDown,30XROMEGALODON-K,daily_blank_zero,1,Other nonnegative daily quantities exhaust product Grand Total
2025-09-13,aFRRDown,30XROMEGALODON-K,daily_blank_zero,1,Other nonnegative daily quantities exhaust product Grand Total
2025-09-13,aFRRDown,30XRO-NPS50----C,daily_blank_zero,1,Other nonnegative daily quantities exhaust product Grand Total
2025-09-13,aFRRDown,30XROGLYPTODON-B,daily_blank_zero,1,Other nonnegative daily quantities exhaust product Grand Total
2025-09-13,aFRRDown,30XROGLYPTODON-B,daily_blank_zero,1,Other nonnegative daily quantities exhaust product Grand Total
2025-09-13,aFRRUp,30XROMEGALODON-K,daily_blank_zero,1,Other nonnegative daily quantities exhaust product Grand Total
2025-09-13,aFRRUp,30XROMEGALODON-K,hourly_blank_zero,24,Known nonnegative hourly quantities exhaust daily supplier total; BID ids not joined
2025-09-13,aFRRDown,30XROGLYPTODON-B,hourly_blank_zero,48,Known nonnegative hourly quantities exhaust daily supplier total; BID ids not joined
2025-09-13,aFRRDown,30XRO-NPS50----C,hourly_blank_zero,24,Known nonnegative hourly quantities exhaust daily supplier total; BID ids not joined
2025-09-13,aFRRDown,30XROMEGALODON-K,hourly_blank_zero,48,Known nonnegative hourly quantities exhaust daily supplier total; BID ids not joined
2025-09-14,aFRRDown,30XRO-NPS50----C,daily_blank_zero,1,Other nonnegative daily quantities exhaust product Grand Total
2025-09-14,aFRRDown,30XROMEGALODON-K,daily_blank_zero,1,Other nonnegative daily quantities exhaust product Grand Total
2025-09-14,aFRRDown,30XROMEGALODON-K,daily_blank_zero,1,Other nonnegative daily quantities exhaust product Grand Total
2025-09-14,aFRRDown,30XROTENGAZ----B,daily_blank_zero,1,Other nonnegative daily quantities exhaust product Grand Total
2025-09-14,aFRRDown,30XROGLYPTODON-B,daily_blank_zero,1,Other nonnegative daily quantities exhaust product Grand Total
2025-09-14,aFRRDown,30XROGLYPTODON-B,daily_blank_zero,1,Other nonnegative daily quantities exhaust product Grand Total
2025-09-14,aFRRUp,30XROMEGALODON-K,daily_blank_zero,1,Other nonnegative daily quantities exhaust product Grand Total
2025-09-14,aFRRUp,30XROMEGALODON-K,hourly_blank_zero,24,Known nonnegative hourly quantities exhaust daily supplier total; BID ids not joined
2025-09-14,aFRRDown,30XROTENGAZ----B,hourly_blank_zero,24,Known nonnegative hourly quantities exhaust daily supplier total; BID ids not joined
2025-09-14,aFRRDown,30XROGLYPTODON-B,hourly_blank_zero,48,Known nonnegative hourly quantities exhaust daily supplier total; BID ids not joined
2025-09-14,aFRRDown,30XRO-NPS50----C,hourly_blank_zero,24,Known nonnegative hourly quantities exhaust daily supplier total; BID ids not joined
2025-09-14,aFRRDown,30XROMEGALODON-K,hourly_blank_zero,48,Known nonnegative hourly quantities exhaust daily supplier total; BID ids not joined
2025-09-15,aFRRDown,30XROMEGALODON-K,daily_blank_zero,1,Other nonnegative daily quantities exhaust product Grand Total
2025-09-15,aFRRDown,30XROMEGALODON-K,daily_blank_zero,1,Other nonnegative daily quantities exhaust product Grand Total
2025-09-15,aFRRDown,30XROGLYPTODON-B,daily_blank_zero,1,Other nonnegative daily quantities exhaust product Grand Total
2025-09-15,aFRRDown,30XROGLYPTODON-B,daily_blank_zero,1,Other nonnegative daily quantities exhaust product Grand Total
2025-09-15,aFRRUp,30XROMEGALODON-K,daily_blank_zero,1,Other nonnegative daily quantities exhaust product Grand Total
2025-09-15,aFRRUp,30XROMEGALODON-K,hourly_blank_zero,24,Known nonnegative hourly quantities exhaust daily supplier total; BID ids not joined
2025-09-15,aFRRDown,30XROGLYPTODON-B,hourly_blank_zero,48,Known nonnegative hourly quantities exhaust daily supplier total; BID ids not joined
2025-09-15,aFRRDown,30XROMEGALODON-K,hourly_blank_zero,48,Known nonnegative hourly quantities exhaust daily supplier total; BID ids not joined
2025-09-16,aFRRDown,30XROMEGALODON-K,daily_blank_zero,1,Other nonnegative daily quantities exhaust product Grand Total
2025-09-16,aFRRDown,30XROMEGALODON-K,daily_blank_zero,1,Other nonnegative daily quantities exhaust product Grand Total
2025-09-16,aFRRDown,30XROGLYPTODON-B,daily_blank_zero,1,Other nonnegative daily quantities exhaust product Grand Total
2025-09-16,aFRRDown,30XROGLYPTODON-B,daily_blank_zero,1,Other nonnegative daily quantities exhaust product Grand Total
2025-09-16,aFRRUp,30XROMEGALODON-K,daily_blank_zero,1,Other nonnegative daily quantities exhaust product Grand Total
2025-09-16,aFRRUp,30XROMEGALODON-K,hourly_blank_zero,24,Known nonnegative hourly quantities exhaust daily supplier total; BID ids not joined
2025-09-16,aFRRDown,30XROGLYPTODON-B,hourly_blank_zero,48,Known nonnegative hourly quantities exhaust daily supplier total; BID ids not joined
2025-09-16,aFRRDown,30XROMEGALODON-K,hourly_blank_zero,48,Known nonnegative hourly quantities exhaust daily supplier total; BID ids not joined
2025-09-17,aFRRDown,30XROMEGALODON-K,daily_blank_zero,1,Other nonnegative daily quantities exhaust product Grand Total
2025-09-17,aFRRDown,30XROMEGALODON-K,daily_blank_zero,1,Other nonnegative daily quantities exhaust product Grand Total
2025-09-17,aFRRDown,30XROGLYPTODON-B,daily_blank_zero,1,Other nonnegative daily quantities exhaust product Grand Total
2025-09-17,aFRRDown,30XROGLYPTODON-B,daily_blank_zero,1,Other nonnegative daily quantities exhaust product Grand Total
2025-09-17,aFRRUp,30XROMEGALODON-K,daily_blank_zero,1,Other nonnegative daily quantities exhaust product Grand Total
2025-09-17,aFRRUp,30XROMEGALODON-K,hourly_blank_zero,24,Known nonnegative hourly quantities exhaust daily supplier total; BID ids not joined
2025-09-17,aFRRDown,30XROGLYPTODON-B,hourly_blank_zero,48,Known nonnegative hourly quantities exhaust daily supplier total; BID ids not joined
2025-09-17,aFRRDown,30XROMEGALODON-K,hourly_blank_zero,48,Known nonnegative hourly quantities exhaust daily supplier total; BID ids not joined
2025-09-18,aFRRDown,30XROMEGALODON-K,daily_blank_zero,1,Other nonnegative daily quantities exhaust product Grand Total
2025-09-18,aFRRDown,30XROMEGALODON-K,daily_blank_zero,1,Other nonnegative daily quantities exhaust product Grand Total
2025-09-18,aFRRDown,30XROGLYPTODON-B,daily_blank_zero,1,Other nonnegative daily quantities exhaust product Grand Total
2025-09-18,aFRRDown,30XROGLYPTODON-B,daily_blank_zero,1,Other nonnegative daily quantities exhaust product Grand Total
2025-09-18,aFRRUp,30XROMEGALODON-K,daily_blank_zero,1,Other nonnegative daily quantities exhaust product Grand Total
2025-09-18,aFRRUp,30XROMEGALODON-K,hourly_blank_zero,24,Known nonnegative hourly quantities exhaust daily supplier total; BID ids not joined
2025-09-18,aFRRDown,30XROGLYPTODON-B,hourly_blank_zero,48,Known nonnegative hourly quantities exhaust daily supplier total; BID ids not joined
2025-09-18,aFRRDown,30XROMEGALODON-K,hourly_blank_zero,48,Known nonnegative hourly quantities exhaust daily supplier total; BID ids not joined
2025-09-19,aFRRDown,30XROMEGALODON-K,daily_blank_zero,1,Other nonnegative daily quantities exhaust product Grand Total
2025-09-19,aFRRDown,30XROMEGALODON-K,daily_blank_zero,1,Other nonnegative daily quantities exhaust product Grand Total
2025-09-19,aFRRDown,30XROGLYPTODON-B,daily_blank_zero,1,Other nonnegative daily quantities exhaust product Grand Total
2025-09-19,aFRRDown,30XROGLYPTODON-B,daily_blank_zero,1,Other nonnegative daily quantities exhaust product Grand Total
2025-09-19,aFRRUp,30XROMEGALODON-K,daily_blank_zero,1,Other nonnegative daily quantities exhaust product Grand Total
2025-09-19,aFRRUp,30XROMEGALODON-K,daily_blank_zero,1,Other nonnegative daily quantities exhaust product Grand Total
2025-09-19,aFRRUp,30XROMEGALODON-K,hourly_blank_zero,48,Known nonnegative hourly quantities exhaust daily supplier total; BID ids not joined
2025-09-19,aFRRDown,30XROGLYPTODON-B,hourly_blank_zero,48,Known nonnegative hourly quantities exhaust daily supplier total; BID ids not joined
2025-09-19,aFRRDown,30XROMEGALODON-K,hourly_blank_zero,48,Known nonnegative hourly quantities exhaust daily supplier total; BID ids not joined
2025-09-20,FCR,30XROHIDRO-----1,daily_blank_zero,1,Other nonnegative daily quantities exhaust product Grand Total
2025-09-20,aFRRDown,30XROMEGALODON-K,daily_blank_zero,1,Other nonnegative daily quantities exhaust product Grand Total
2025-09-20,aFRRDown,30XROMEGALODON-K,daily_blank_zero,1,Other nonnegative daily quantities exhaust product Grand Total
2025-09-20,aFRRDown,30XROGLYPTODON-B,daily_blank_zero,1,Other nonnegative daily quantities exhaust product Grand Total
2025-09-20,aFRRDown,30XROGLYPTODON-B,daily_blank_zero,1,Other nonnegative daily quantities exhaust product Grand Total
2025-09-20,aFRRDown,30XROBEPCO-----8,daily_blank_zero,1,Other nonnegative daily quantities exhaust product Grand Total
2025-09-20,aFRRDown,30XROHIDRO-----1,daily_blank_zero,1,Other nonnegative daily quantities exhaust product Grand Total
2025-09-20,aFRRDown,30XROHIDRO-----1,daily_blank_zero,1,Other nonnegative daily quantities exhaust product Grand Total
2025-09-20,aFRRUp,30XROMEGALODON-K,daily_blank_zero,1,Other nonnegative daily quantities exhaust product Grand Total
2025-09-20,aFRRUp,30XROHIDRO-----1,daily_blank_zero,1,Other nonnegative daily quantities exhaust product Grand Total
2025-09-20,aFRRUp,30XROHIDRO-----1,daily_blank_zero,1,Other nonnegative daily quantities exhaust product Grand Total
2025-09-20,aFRRUp,30XROBEPCO-----8,daily_blank_zero,1,Other nonnegative daily quantities exhaust product Grand Total
2025-09-20,FCR,30XROHIDRO-----1,hourly_blank_zero,24,Known nonnegative hourly quantities exhaust daily supplier total; BID ids not joined
2025-09-20,aFRRUp,30XROHIDRO-----1,hourly_blank_zero,48,Known nonnegative hourly quantities exhaust daily supplier total; BID ids not joined
2025-09-20,aFRRUp,30XROBEPCO-----8,hourly_blank_zero,24,Known nonnegative hourly quantities exhaust daily supplier total; BID ids not joined
2025-09-20,aFRRUp,30XROMEGALODON-K,hourly_blank_zero,24,Known nonnegative hourly quantities exhaust daily supplier total; BID ids not joined
2025-09-20,aFRRDown,30XROHIDRO-----1,hourly_blank_zero,48,Known nonnegative hourly quantities exhaust daily supplier total; BID ids not joined
2025-09-20,aFRRDown,30XROGLYPTODON-B,hourly_blank_zero,48,Known nonnegative hourly quantities exhaust daily supplier total; BID ids not joined
2025-09-20,aFRRDown,30XROBEPCO-----8,hourly_blank_zero,24,Known nonnegative hourly quantities exhaust daily supplier total; BID ids not joined
2025-09-20,aFRRDown,30XROMEGALODON-K,hourly_blank_zero,48,Known nonnegative hourly quantities exhaust daily supplier total; BID ids not joined
2025-09-21,FCR,30XROHIDRO-----1,daily_blank_zero,1,Other nonnegative daily quantities exhaust product Grand Total
2025-09-21,aFRRDown,30XROHIDRO-----1,daily_blank_zero,1,Other nonnegative daily quantities exhaust product Grand Total
2025-09-21,aFRRDown,30XROHIDRO-----1,daily_blank_zero,1,Other nonnegative daily quantities exhaust product Grand Total
2025-09-21,aFRRDown,30XROGLYPTODON-B,daily_blank_zero,1,Other nonnegative daily quantities exhaust product Grand Total
2025-09-21,aFRRDown,30XROGLYPTODON-B,daily_blank_zero,1,Other nonnegative daily quantities exhaust product Grand Total
2025-09-21,aFRRDown,30XROMEGALODON-K,daily_blank_zero,1,Other nonnegative daily quantities exhaust product Grand Total
2025-09-21,aFRRDown,30XROMEGALODON-K,daily_blank_zero,1,Other nonnegative daily quantities exhaust product Grand Total
2025-09-21,aFRRUp,30XROHIDRO-----1,daily_blank_zero,1,Other nonnegative daily quantities exhaust product Grand Total
2025-09-21,aFRRUp,30XROHIDRO-----1,daily_blank_zero,1,Other nonnegative daily quantities exhaust product Grand Total
2025-09-21,aFRRUp,30XROMEGALODON-K,daily_blank_zero,1,Other nonnegative daily quantities exhaust product Grand Total
2025-09-21,FCR,30XROHIDRO-----1,hourly_blank_zero,24,Known nonnegative hourly quantities exhaust daily supplier total; BID ids not joined
2025-09-21,aFRRUp,30XROHIDRO-----1,hourly_blank_zero,48,Known nonnegative hourly quantities exhaust daily supplier total; BID ids not joined
2025-09-21,aFRRUp,30XROMEGALODON-K,hourly_blank_zero,24,Known nonnegative hourly quantities exhaust daily supplier total; BID ids not joined
2025-09-21,aFRRDown,30XROHIDRO-----1,hourly_blank_zero,48,Known nonnegative hourly quantities exhaust daily supplier total; BID ids not joined
2025-09-21,aFRRDown,30XROGLYPTODON-B,hourly_blank_zero,48,Known nonnegative hourly quantities exhaust daily supplier total; BID ids not joined
2025-09-21,aFRRDown,30XROMEGALODON-K,hourly_blank_zero,48,Known nonnegative hourly quantities exhaust daily supplier total; BID ids not joined
2025-09-22,FCR,30XROHIDRO-----1,daily_blank_zero,1,Other nonnegative daily quantities exhaust product Grand Total
2025-09-22,aFRRDown,30XROHIDRO-----1,daily_blank_zero,1,Other nonnegative daily quantities exhaust product Grand Total
2025-09-22,aFRRDown,30XROHIDRO-----1,daily_blank_zero,1,Other nonnegative daily quantities exhaust product Grand Total
2025-09-22,aFRRDown,30XROGLYPTODON-B,daily_blank_zero,1,Other nonnegative daily quantities exhaust product Grand Total
2025-09-22,aFRRDown,30XROGLYPTODON-B,daily_blank_zero,1,Other nonnegative daily quantities exhaust product Grand Total
2025-09-22,aFRRDown,30XROMEGALODON-K,daily_blank_zero,1,Other nonnegative daily quantities exhaust product Grand Total
2025-09-22,aFRRDown,30XROMEGALODON-K,daily_blank_zero,1,Other nonnegative daily quantities exhaust product Grand Total
2025-09-22,aFRRUp,30XROMEGALODON-K,daily_blank_zero,1,Other nonnegative daily quantities exhaust product Grand Total
2025-09-22,aFRRUp,30XROHIDRO-----1,daily_blank_zero,1,Other nonnegative daily quantities exhaust product Grand Total
2025-09-22,aFRRUp,30XROHIDRO-----1,daily_blank_zero,1,Other nonnegative daily quantities exhaust product Grand Total
2025-09-22,FCR,30XROHIDRO-----1,hourly_blank_zero,24,Known nonnegative hourly quantities exhaust daily supplier total; BID ids not joined
2025-09-22,aFRRUp,30XROHIDRO-----1,hourly_blank_zero,48,Known nonnegative hourly quantities exhaust daily supplier total; BID ids not joined
2025-09-22,aFRRUp,30XROMEGALODON-K,hourly_blank_zero,24,Known nonnegative hourly quantities exhaust daily supplier total; BID ids not joined
2025-09-22,aFRRDown,30XROHIDRO-----1,hourly_blank_zero,48,Known nonnegative hourly quantities exhaust daily supplier total; BID ids not joined
2025-09-22,aFRRDown,30XROGLYPTODON-B,hourly_blank_zero,48,Known nonnegative hourly quantities exhaust daily supplier total; BID ids not joined
2025-09-22,aFRRDown,30XROMEGALODON-K,hourly_blank_zero,48,Known nonnegative hourly quantities exhaust daily supplier total; BID ids not joined
2025-09-23,aFRRDown,30XROMEGALODON-K,daily_blank_zero,1,Other nonnegative daily quantities exhaust product Grand Total
2025-09-23,aFRRDown,30XROMEGALODON-K,daily_blank_zero,1,Other nonnegative daily quantities exhaust product Grand Total
2025-09-23,aFRRDown,30XROGLYPTODON-B,daily_blank_zero,1,Other nonnegative daily quantities exhaust product Grand Total
2025-09-23,aFRRDown,30XROGLYPTODON-B,daily_blank_zero,1,Other nonnegative daily quantities exhaust product Grand Total
2025-09-23,aFRRUp,30XROMEGALODON-K,daily_blank_zero,1,Other nonnegative daily quantities exhaust product Grand Total
2025-09-23,aFRRUp,30XROMEGALODON-K,hourly_blank_zero,24,Known nonnegative hourly quantities exhaust daily supplier total; BID ids not joined
2025-09-23,aFRRDown,30XROGLYPTODON-B,hourly_blank_zero,48,Known nonnegative hourly quantities exhaust daily supplier total; BID ids not joined
2025-09-23,aFRRDown,30XROMEGALODON-K,hourly_blank_zero,48,Known nonnegative hourly quantities exhaust daily supplier total; BID ids not joined
2025-09-24,aFRRDown,30XROMEGALODON-K,daily_blank_zero,1,Other nonnegative daily quantities exhaust product Grand Total
2025-09-24,aFRRDown,30XROMEGALODON-K,daily_blank_zero,1,Other nonnegative daily quantities exhaust product Grand Total
2025-09-24,aFRRDown,30XROGLYPTODON-B,daily_blank_zero,1,Other nonnegative daily quantities exhaust product Grand Total
2025-09-24,aFRRDown,30XROGLYPTODON-B,daily_blank_zero,1,Other nonnegative daily quantities exhaust product Grand Total
2025-09-24,aFRRUp,30XROMEGALODON-K,daily_blank_zero,1,Other nonnegative daily quantities exhaust product Grand Total
2025-09-24,aFRRUp,30XROMEGALODON-K,hourly_blank_zero,24,Known nonnegative hourly quantities exhaust daily supplier total; BID ids not joined
2025-09-24,aFRRDown,30XROGLYPTODON-B,hourly_blank_zero,48,Known nonnegative hourly quantities exhaust daily supplier total; BID ids not joined
2025-09-24,aFRRDown,30XROMEGALODON-K,hourly_blank_zero,48,Known nonnegative hourly quantities exhaust daily supplier total; BID ids not joined
2025-09-25,aFRRDown,30XROGLYPTODON-B,daily_blank_zero,1,Other nonnegative daily quantities exhaust product Grand Total
2025-09-25,aFRRDown,30XROGLYPTODON-B,daily_blank_zero,1,Other nonnegative daily quantities exhaust product Grand Total
2025-09-25,aFRRDown,30XROMEGALODON-K,daily_blank_zero,1,Other nonnegative daily quantities exhaust product Grand Total
2025-09-25,aFRRDown,30XROMEGALODON-K,daily_blank_zero,1,Other nonnegative daily quantities exhaust product Grand Total
2025-09-25,aFRRUp,30XROMEGALODON-K,daily_blank_zero,1,Other nonnegative daily quantities exhaust product Grand Total
2025-09-25,aFRRUp,30XROMEGALODON-K,hourly_blank_zero,24,Known nonnegative hourly quantities exhaust daily supplier total; BID ids not joined
2025-09-25,aFRRDown,30XROGLYPTODON-B,hourly_blank_zero,48,Known nonnegative hourly quantities exhaust daily supplier total; BID ids not joined
2025-09-25,aFRRDown,30XROMEGALODON-K,hourly_blank_zero,48,Known nonnegative hourly quantities exhaust daily supplier total; BID ids not joined
2025-09-26,aFRRDown,30XROGLYPTODON-B,daily_blank_zero,1,Other nonnegative daily quantities exhaust product Grand Total
2025-09-26,aFRRDown,30XROGLYPTODON-B,daily_blank_zero,1,Other nonnegative daily quantities exhaust product Grand Total
2025-09-26,aFRRDown,30XROMEGALODON-K,daily_blank_zero,1,Other nonnegative daily quantities exhaust product Grand Total
2025-09-26,aFRRDown,30XROMEGALODON-K,daily_blank_zero,1,Other nonnegative daily quantities exhaust product Grand Total
2025-09-26,aFRRUp,30XROMEGALODON-K,daily_blank_zero,1,Other nonnegative daily quantities exhaust product Grand Total
2025-09-26,aFRRUp,30XROMEGALODON-K,hourly_blank_zero,24,Known nonnegative hourly quantities exhaust daily supplier total; BID ids not joined
2025-09-26,aFRRDown,30XROGLYPTODON-B,hourly_blank_zero,48,Known nonnegative hourly quantities exhaust daily supplier total; BID ids not joined
2025-09-26,aFRRDown,30XROMEGALODON-K,hourly_blank_zero,48,Known nonnegative hourly quantities exhaust daily supplier total; BID ids not joined
2025-09-27,aFRRDown,30XROMEGALODON-K,daily_blank_zero,1,Other nonnegative daily quantities exhaust product Grand Total
2025-09-27,aFRRDown,30XROMEGALODON-K,daily_blank_zero,1,Other nonnegative daily quantities exhaust product Grand Total
2025-09-27,aFRRDown,30XROGLYPTODON-B,daily_blank_zero,1,Other nonnegative daily quantities exhaust product Grand Total
2025-09-27,aFRRDown,30XROGLYPTODON-B,daily_blank_zero,1,Other nonnegative daily quantities exhaust product Grand Total
2025-09-27,aFRRUp,30XROMEGALODON-K,daily_blank_zero,1,Other nonnegative daily quantities exhaust product Grand Total
2025-09-27,aFRRUp,30XROMEGALODON-K,hourly_blank_zero,24,Known nonnegative hourly quantities exhaust daily supplier total; BID ids not joined
2025-09-27,aFRRDown,30XROGLYPTODON-B,hourly_blank_zero,48,Known nonnegative hourly quantities exhaust daily supplier total; BID ids not joined
2025-09-27,aFRRDown,30XROMEGALODON-K,hourly_blank_zero,48,Known nonnegative hourly quantities exhaust daily supplier total; BID ids not joined
2025-09-28,aFRRDown,30XROGLYPTODON-B,daily_blank_zero,1,Other nonnegative daily quantities exhaust product Grand Total
2025-09-28,aFRRDown,30XROGLYPTODON-B,daily_blank_zero,1,Other nonnegative daily quantities exhaust product Grand Total
2025-09-28,aFRRDown,30XROMEGALODON-K,daily_blank_zero,1,Other nonnegative daily quantities exhaust product Grand Total
2025-09-28,aFRRDown,30XROMEGALODON-K,daily_blank_zero,1,Other nonnegative daily quantities exhaust product Grand Total
2025-09-28,aFRRUp,30XROMEGALODON-K,daily_blank_zero,1,Other nonnegative daily quantities exhaust product Grand Total
2025-09-28,aFRRUp,30XROMEGALODON-K,hourly_blank_zero,24,Known nonnegative hourly quantities exhaust daily supplier total; BID ids not joined
2025-09-28,aFRRDown,30XROGLYPTODON-B,hourly_blank_zero,48,Known nonnegative hourly quantities exhaust daily supplier total; BID ids not joined
2025-09-28,aFRRDown,30XROMEGALODON-K,hourly_blank_zero,48,Known nonnegative hourly quantities exhaust daily supplier total; BID ids not joined
2025-09-29,aFRRDown,30XROGLYPTODON-B,daily_blank_zero,1,Other nonnegative daily quantities exhaust product Grand Total
2025-09-29,aFRRDown,30XROGLYPTODON-B,daily_blank_zero,1,Other nonnegative daily quantities exhaust product Grand Total
2025-09-29,aFRRDown,30XROMEGALODON-K,daily_blank_zero,1,Other nonnegative daily quantities exhaust product Grand Total
2025-09-29,aFRRDown,30XROMEGALODON-K,daily_blank_zero,1,Other nonnegative daily quantities exhaust product Grand Total
2025-09-29,aFRRUp,30XROMEGALODON-K,daily_blank_zero,1,Other nonnegative daily quantities exhaust product Grand Total
2025-09-29,aFRRUp,30XROMEGALODON-K,hourly_blank_zero,24,Known nonnegative hourly quantities exhaust daily supplier total; BID ids not joined
2025-09-29,aFRRDown,30XROGLYPTODON-B,hourly_blank_zero,48,Known nonnegative hourly quantities exhaust daily supplier total; BID ids not joined
2025-09-29,aFRRDown,30XROMEGALODON-K,hourly_blank_zero,48,Known nonnegative hourly quantities exhaust daily supplier total; BID ids not joined
2025-09-30,aFRRDown,30XROGLYPTODON-B,daily_blank_zero,1,Other nonnegative daily quantities exhaust product Grand Total
2025-09-30,aFRRDown,30XROGLYPTODON-B,daily_blank_zero,1,Other nonnegative daily quantities exhaust product Grand Total
2025-09-30,aFRRDown,30XROMEGALODON-K,daily_blank_zero,1,Other nonnegative daily quantities exhaust product Grand Total
2025-09-30,aFRRDown,30XROMEGALODON-K,daily_blank_zero,1,Other nonnegative daily quantities exhaust product Grand Total
2025-09-30,aFRRUp,30XROMEGALODON-K,daily_blank_zero,1,Other nonnegative daily quantities exhaust product Grand Total
2025-09-30,aFRRUp,30XROMEGALODON-K,hourly_blank_zero,24,Known nonnegative hourly quantities exhaust daily supplier total; BID ids not joined
2025-09-30,aFRRDown,30XROGLYPTODON-B,hourly_blank_zero,48,Known nonnegative hourly quantities exhaust daily supplier total; BID ids not joined
2025-09-30,aFRRDown,30XROMEGALODON-K,hourly_blank_zero,48,Known nonnegative hourly quantities exhaust daily supplier total; BID ids not joined
2025-10-01,aFRRDown,30XROMEGALODON-K,daily_blank_zero,1,Other nonnegative daily quantities exhaust product Grand Total
2025-10-01,aFRRDown,30XROMEGALODON-K,daily_blank_zero,1,Other nonnegative daily quantities exhaust product Grand Total
2025-10-01,aFRRDown,30XROGLYPTODON-B,daily_blank_zero,1,Other nonnegative daily quantities exhaust product Grand Total
2025-10-01,aFRRDown,30XROGLYPTODON-B,daily_blank_zero,1,Other nonnegative daily quantities exhaust product Grand Total
2025-10-01,aFRRUp,30XROMEGALODON-K,daily_blank_zero,1,Other nonnegative daily quantities exhaust product Grand Total
2025-10-01,aFRRUp,30XROMEGALODON-K,hourly_blank_zero,24,Known nonnegative hourly quantities exhaust daily supplier total; BID ids not joined
2025-10-01,aFRRDown,30XROGLYPTODON-B,hourly_blank_zero,48,Known nonnegative hourly quantities exhaust daily supplier total; BID ids not joined
2025-10-01,aFRRDown,30XROMEGALODON-K,hourly_blank_zero,48,Known nonnegative hourly quantities exhaust daily supplier total; BID ids not joined
2025-10-02,aFRRDown,30XROMEGALODON-K,daily_blank_zero,1,Other nonnegative daily quantities exhaust product Grand Total
2025-10-02,aFRRDown,30XROMEGALODON-K,daily_blank_zero,1,Other nonnegative daily quantities exhaust product Grand Total
2025-10-02,aFRRDown,30XROGLYPTODON-B,daily_blank_zero,1,Other nonnegative daily quantities exhaust product Grand Total
2025-10-02,aFRRDown,30XROGLYPTODON-B,daily_blank_zero,1,Other nonnegative daily quantities exhaust product Grand Total
2025-10-02,aFRRUp,30XROMEGALODON-K,daily_blank_zero,1,Other nonnegative daily quantities exhaust product Grand Total
2025-10-02,aFRRUp,30XROMEGALODON-K,hourly_blank_zero,24,Known nonnegative hourly quantities exhaust daily supplier total; BID ids not joined
2025-10-02,aFRRDown,30XROGLYPTODON-B,hourly_blank_zero,48,Known nonnegative hourly quantities exhaust daily supplier total; BID ids not joined
2025-10-02,aFRRDown,30XROMEGALODON-K,hourly_blank_zero,48,Known nonnegative hourly quantities exhaust daily supplier total; BID ids not joined
2025-10-03,aFRRDown,30XROMEGALODON-K,daily_blank_zero,1,Other nonnegative daily quantities exhaust product Grand Total
2025-10-03,aFRRDown,30XROMEGALODON-K,daily_blank_zero,1,Other nonnegative daily quantities exhaust product Grand Total
2025-10-03,aFRRDown,30XROGLYPTODON-B,daily_blank_zero,1,Other nonnegative daily quantities exhaust product Grand Total
2025-10-03,aFRRDown,30XROGLYPTODON-B,daily_blank_zero,1,Other nonnegative daily quantities exhaust product Grand Total
2025-10-03,aFRRUp,30XROMEGALODON-K,daily_blank_zero,1,Other nonnegative daily quantities exhaust product Grand Total
2025-10-03,aFRRUp,30XROMEGALODON-K,hourly_blank_zero,24,Known nonnegative hourly quantities exhaust daily supplier total; BID ids not joined
2025-10-03,aFRRDown,30XROGLYPTODON-B,hourly_blank_zero,48,Known nonnegative hourly quantities exhaust daily supplier total; BID ids not joined
2025-10-03,aFRRDown,30XROMEGALODON-K,hourly_blank_zero,48,Known nonnegative hourly quantities exhaust daily supplier total; BID ids not joined
2025-10-04,aFRRDown,30XROGLYPTODON-B,daily_blank_zero,1,Other nonnegative daily quantities exhaust product Grand Total
2025-10-04,aFRRDown,30XROGLYPTODON-B,daily_blank_zero,1,Other nonnegative daily quantities exhaust product Grand Total
2025-10-04,aFRRDown,30XROMEGALODON-K,daily_blank_zero,1,Other nonnegative daily quantities exhaust product Grand Total
2025-10-04,aFRRDown,30XROMEGALODON-K,daily_blank_zero,1,Other nonnegative daily quantities exhaust product Grand Total
2025-10-04,aFRRUp,30XROMEGALODON-K,daily_blank_zero,1,Other nonnegative daily quantities exhaust product Grand Total
2025-10-04,aFRRUp,30XROMEGALODON-K,hourly_blank_zero,24,Known nonnegative hourly quantities exhaust daily supplier total; BID ids not joined
2025-10-04,aFRRDown,30XROGLYPTODON-B,hourly_blank_zero,48,Known nonnegative hourly quantities exhaust daily supplier total; BID ids not joined
2025-10-04,aFRRDown,30XROMEGALODON-K,hourly_blank_zero,48,Known nonnegative hourly quantities exhaust daily supplier total; BID ids not joined
2025-10-05,aFRRDown,30XROMEGALODON-K,daily_blank_zero,1,Other nonnegative daily quantities exhaust product Grand Total
2025-10-05,aFRRDown,30XROMEGALODON-K,daily_blank_zero,1,Other nonnegative daily quantities exhaust product Grand Total
2025-10-05,aFRRDown,30XROBEPCO-----8,daily_blank_zero,1,Other nonnegative daily quantities exhaust product Grand Total
2025-10-05,aFRRDown,30XROGLYPTODON-B,daily_blank_zero,1,Other nonnegative daily quantities exhaust product Grand Total
2025-10-05,aFRRDown,30XROGLYPTODON-B,daily_blank_zero,1,Other nonnegative daily quantities exhaust product Grand Total
2025-10-05,aFRRUp,30XROMEGALODON-K,daily_blank_zero,1,Other nonnegative daily quantities exhaust product Grand Total
2025-10-05,aFRRUp,30XROMEGALODON-K,hourly_blank_zero,24,Known nonnegative hourly quantities exhaust daily supplier total; BID ids not joined
2025-10-05,aFRRDown,30XROGLYPTODON-B,hourly_blank_zero,48,Known nonnegative hourly quantities exhaust daily supplier total; BID ids not joined
2025-10-05,aFRRDown,30XROBEPCO-----8,hourly_blank_zero,24,Known nonnegative hourly quantities exhaust daily supplier total; BID ids not joined
2025-10-05,aFRRDown,30XROMEGALODON-K,hourly_blank_zero,48,Known nonnegative hourly quantities exhaust daily supplier total; BID ids not joined
2025-10-06,aFRRDown,30XROMEGALODON-K,daily_blank_zero,1,Other nonnegative daily quantities exhaust product Grand Total
2025-10-06,aFRRDown,30XROMEGALODON-K,daily_blank_zero,1,Other nonnegative daily quantities exhaust product Grand Total
2025-10-06,aFRRDown,30XROBEPCO-----8,daily_blank_zero,1,Other nonnegative daily quantities exhaust product Grand Total
2025-10-06,aFRRDown,30XROGLYPTODON-B,daily_blank_zero,1,Other nonnegative daily quantities exhaust product Grand Total
2025-10-06,aFRRDown,30XROGLYPTODON-B,daily_blank_zero,1,Other nonnegative daily quantities exhaust product Grand Total
2025-10-06,aFRRUp,30XROMEGALODON-K,daily_blank_zero,1,Other nonnegative daily quantities exhaust product Grand Total
2025-10-06,aFRRUp,30XROMEGALODON-K,hourly_blank_zero,24,Known nonnegative hourly quantities exhaust daily supplier total; BID ids not joined
2025-10-06,aFRRDown,30XROGLYPTODON-B,hourly_blank_zero,48,Known nonnegative hourly quantities exhaust daily supplier total; BID ids not joined
2025-10-06,aFRRDown,30XROBEPCO-----8,hourly_blank_zero,24,Known nonnegative hourly quantities exhaust daily supplier total; BID ids not joined
2025-10-06,aFRRDown,30XROMEGALODON-K,hourly_blank_zero,48,Known nonnegative hourly quantities exhaust daily supplier total; BID ids not joined
2025-10-07,aFRRDown,30XROMEGALODON-K,daily_blank_zero,1,Other nonnegative daily quantities exhaust product Grand Total
2025-10-07,aFRRDown,30XROMEGALODON-K,daily_blank_zero,1,Other nonnegative daily quantities exhaust product Grand Total
2025-10-07,aFRRUp,30XROMEGALODON-K,daily_blank_zero,1,Other nonnegative daily quantities exhaust product Grand Total
2025-10-07,aFRRUp,30XROMEGALODON-K,hourly_blank_zero,24,Known nonnegative hourly quantities exhaust daily supplier total; BID ids not joined
2025-10-07,aFRRDown,30XROMEGALODON-K,hourly_blank_zero,48,Known nonnegative hourly quantities exhaust daily supplier total; BID ids not joined
2025-10-08,aFRRDown,30XROGLYPTODON-B,daily_blank_zero,1,Other nonnegative daily quantities exhaust product Grand Total
2025-10-08,aFRRDown,30XROGLYPTODON-B,daily_blank_zero,1,Other nonnegative daily quantities exhaust product Grand Total
2025-10-08,aFRRDown,30XROTENGAZ----B,daily_blank_zero,1,Other nonnegative daily quantities exhaust product Grand Total
2025-10-08,aFRRDown,30XROMEGALODON-K,daily_blank_zero,1,Other nonnegative daily quantities exhaust product Grand Total
2025-10-08,aFRRDown,30XROMEGALODON-K,daily_blank_zero,1,Other nonnegative daily quantities exhaust product Grand Total
2025-10-08,aFRRUp,30XROMEGALODON-K,daily_blank_zero,1,Other nonnegative daily quantities exhaust product Grand Total
2025-10-08,aFRRUp,30XROTENGAZ----B,daily_blank_zero,1,Other nonnegative daily quantities exhaust product Grand Total
2025-10-08,aFRRUp,30XROTENGAZ----B,hourly_blank_zero,24,Known nonnegative hourly quantities exhaust daily supplier total; BID ids not joined
2025-10-08,aFRRUp,30XROMEGALODON-K,hourly_blank_zero,24,Known nonnegative hourly quantities exhaust daily supplier total; BID ids not joined
2025-10-08,aFRRDown,30XROTENGAZ----B,hourly_blank_zero,24,Known nonnegative hourly quantities exhaust daily supplier total; BID ids not joined
2025-10-08,aFRRDown,30XROGLYPTODON-B,hourly_blank_zero,48,Known nonnegative hourly quantities exhaust daily supplier total; BID ids not joined
2025-10-08,aFRRDown,30XROMEGALODON-K,hourly_blank_zero,48,Known nonnegative hourly quantities exhaust daily supplier total; BID ids not joined
2025-10-09,aFRRDown,30XROGLYPTODON-B,daily_blank_zero,1,Other nonnegative daily quantities exhaust product Grand Total
2025-10-09,aFRRDown,30XROGLYPTODON-B,daily_blank_zero,1,Other nonnegative daily quantities exhaust product Grand Total
2025-10-09,aFRRDown,30XROMEGALODON-K,daily_blank_zero,1,Other nonnegative daily quantities exhaust product Grand Total
2025-10-09,aFRRDown,30XROMEGALODON-K,daily_blank_zero,1,Other nonnegative daily quantities exhaust product Grand Total
2025-10-09,aFRRUp,30XROMEGALODON-K,daily_blank_zero,1,Other nonnegative daily quantities exhaust product Grand Total
2025-10-09,aFRRUp,30XROMEGALODON-K,hourly_blank_zero,24,Known nonnegative hourly quantities exhaust daily supplier total; BID ids not joined
2025-10-09,aFRRDown,30XROGLYPTODON-B,hourly_blank_zero,48,Known nonnegative hourly quantities exhaust daily supplier total; BID ids not joined
2025-10-09,aFRRDown,30XROMEGALODON-K,hourly_blank_zero,48,Known nonnegative hourly quantities exhaust daily supplier total; BID ids not joined
2025-10-10,aFRRDown,30XROGLYPTODON-B,daily_blank_zero,1,Other nonnegative daily quantities exhaust product Grand Total
2025-10-10,aFRRDown,30XROGLYPTODON-B,daily_blank_zero,1,Other nonnegative daily quantities exhaust product Grand Total
2025-10-10,aFRRDown,30XROMEGALODON-K,daily_blank_zero,1,Other nonnegative daily quantities exhaust product Grand Total
2025-10-10,aFRRDown,30XROMEGALODON-K,daily_blank_zero,1,Other nonnegative daily quantities exhaust product Grand Total
2025-10-10,aFRRUp,30XROMEGALODON-K,daily_blank_zero,1,Other nonnegative daily quantities exhaust product Grand Total
2025-10-10,aFRRUp,30XROMEGALODON-K,hourly_blank_zero,24,Known nonnegative hourly quantities exhaust daily supplier total; BID ids not joined
2025-10-10,aFRRDown,30XROGLYPTODON-B,hourly_blank_zero,48,Known nonnegative hourly quantities exhaust daily supplier total; BID ids not joined
2025-10-10,aFRRDown,30XROMEGALODON-K,hourly_blank_zero,48,Known nonnegative hourly quantities exhaust daily supplier total; BID ids not joined
2025-10-11,aFRRDown,30XROMEGALODON-K,daily_blank_zero,1,Other nonnegative daily quantities exhaust product Grand Total
2025-10-11,aFRRDown,30XROMEGALODON-K,daily_blank_zero,1,Other nonnegative daily quantities exhaust product Grand Total
2025-10-11,aFRRDown,30XROGLYPTODON-B,daily_blank_zero,1,Other nonnegative daily quantities exhaust product Grand Total
2025-10-11,aFRRDown,30XROGLYPTODON-B,daily_blank_zero,1,Other nonnegative daily quantities exhaust product Grand Total
2025-10-11,aFRRUp,30XROMEGALODON-K,daily_blank_zero,1,Other nonnegative daily quantities exhaust product Grand Total
2025-10-11,aFRRUp,30XROMEGALODON-K,hourly_blank_zero,24,Known nonnegative hourly quantities exhaust daily supplier total; BID ids not joined
2025-10-11,aFRRDown,30XROGLYPTODON-B,hourly_blank_zero,48,Known nonnegative hourly quantities exhaust daily supplier total; BID ids not joined
2025-10-11,aFRRDown,30XROMEGALODON-K,hourly_blank_zero,48,Known nonnegative hourly quantities exhaust daily supplier total; BID ids not joined
2025-10-12,aFRRDown,30XROBEPCO-----8,daily_blank_zero,1,Other nonnegative daily quantities exhaust product Grand Total
2025-10-12,aFRRDown,30XROMEGALODON-K,daily_blank_zero,1,Other nonnegative daily quantities exhaust product Grand Total
2025-10-12,aFRRDown,30XROMEGALODON-K,daily_blank_zero,1,Other nonnegative daily quantities exhaust product Grand Total
2025-10-12,aFRRDown,30XROGLYPTODON-B,daily_blank_zero,1,Other nonnegative daily quantities exhaust product Grand Total
2025-10-12,aFRRDown,30XROGLYPTODON-B,daily_blank_zero,1,Other nonnegative daily quantities exhaust product Grand Total
2025-10-12,aFRRUp,30XROMEGALODON-K,daily_blank_zero,1,Other nonnegative daily quantities exhaust product Grand Total
2025-10-12,aFRRUp,30XROMEGALODON-K,hourly_blank_zero,24,Known nonnegative hourly quantities exhaust daily supplier total; BID ids not joined
2025-10-12,aFRRDown,30XROGLYPTODON-B,hourly_blank_zero,48,Known nonnegative hourly quantities exhaust daily supplier total; BID ids not joined
2025-10-12,aFRRDown,30XROBEPCO-----8,hourly_blank_zero,24,Known nonnegative hourly quantities exhaust daily supplier total; BID ids not joined
2025-10-12,aFRRDown,30XROMEGALODON-K,hourly_blank_zero,48,Known nonnegative hourly quantities exhaust daily supplier total; BID ids not joined
2025-10-13,aFRRDown,30XROMEGALODON-K,daily_blank_zero,1,Other nonnegative daily quantities exhaust product Grand Total
2025-10-13,aFRRDown,30XROMEGALODON-K,daily_blank_zero,1,Other nonnegative daily quantities exhaust product Grand Total
2025-10-13,aFRRDown,30XROGLYPTODON-B,daily_blank_zero,1,Other nonnegative daily quantities exhaust product Grand Total
2025-10-13,aFRRDown,30XROGLYPTODON-B,daily_blank_zero,1,Other nonnegative daily quantities exhaust product Grand Total
2025-10-13,aFRRDown,30XROBEPCO-----8,daily_blank_zero,1,Other nonnegative daily quantities exhaust product Grand Total
2025-10-13,aFRRUp,30XROMEGALODON-K,daily_blank_zero,1,Other nonnegative daily quantities exhaust product Grand Total
2025-10-13,aFRRUp,30XROMEGALODON-K,hourly_blank_zero,24,Known nonnegative hourly quantities exhaust daily supplier total; BID ids not joined
2025-10-13,aFRRDown,30XROGLYPTODON-B,hourly_blank_zero,48,Known nonnegative hourly quantities exhaust daily supplier total; BID ids not joined
2025-10-13,aFRRDown,30XROBEPCO-----8,hourly_blank_zero,24,Known nonnegative hourly quantities exhaust daily supplier total; BID ids not joined
2025-10-13,aFRRDown,30XROMEGALODON-K,hourly_blank_zero,48,Known nonnegative hourly quantities exhaust daily supplier total; BID ids not joined
2025-10-14,FCR,30XROHIDRO-----1,daily_blank_zero,1,Other nonnegative daily quantities exhaust product Grand Total
2025-10-14,aFRRDown,30XROMEGALODON-K,daily_blank_zero,1,Other nonnegative daily quantities exhaust product Grand Total
2025-10-14,aFRRDown,30XROMEGALODON-K,daily_blank_zero,1,Other nonnegative daily quantities exhaust product Grand Total
2025-10-14,aFRRDown,30XROGLYPTODON-B,daily_blank_zero,1,Other nonnegative daily quantities exhaust product Grand Total
2025-10-14,aFRRDown,30XROGLYPTODON-B,daily_blank_zero,1,Other nonnegative daily quantities exhaust product Grand Total
2025-10-14,aFRRUp,30XROMEGALODON-K,daily_blank_zero,1,Other nonnegative daily quantities exhaust product Grand Total
2025-10-14,FCR,30XROHIDRO-----1,hourly_blank_zero,24,Known nonnegative hourly quantities exhaust daily supplier total; BID ids not joined
2025-10-14,aFRRUp,30XROMEGALODON-K,hourly_blank_zero,24,Known nonnegative hourly quantities exhaust daily supplier total; BID ids not joined
2025-10-14,aFRRDown,30XROGLYPTODON-B,hourly_blank_zero,48,Known nonnegative hourly quantities exhaust daily supplier total; BID ids not joined
2025-10-14,aFRRDown,30XROMEGALODON-K,hourly_blank_zero,48,Known nonnegative hourly quantities exhaust daily supplier total; BID ids not joined
2025-10-15,aFRRDown,30XROMEGALODON-K,daily_blank_zero,1,Other nonnegative daily quantities exhaust product Grand Total
2025-10-15,aFRRDown,30XROMEGALODON-K,daily_blank_zero,1,Other nonnegative daily quantities exhaust product Grand Total
2025-10-15,aFRRDown,30XROGLYPTODON-B,daily_blank_zero,1,Other nonnegative daily quantities exhaust product Grand Total
2025-10-15,aFRRDown,30XROGLYPTODON-B,daily_blank_zero,1,Other nonnegative daily quantities exhaust product Grand Total
2025-10-15,aFRRUp,30XROMEGALODON-K,daily_blank_zero,1,Other nonnegative daily quantities exhaust product Grand Total
2025-10-15,aFRRUp,30XROBEPCO-----8,daily_blank_zero,1,Other nonnegative daily quantities exhaust product Grand Total
2025-10-15,aFRRUp,30XROBEPCO-----8,daily_blank_zero,1,Other nonnegative daily quantities exhaust product Grand Total
2025-10-15,aFRRUp,30XROBEPCO-----8,hourly_blank_zero,48,Known nonnegative hourly quantities exhaust daily supplier total; BID ids not joined
2025-10-15,aFRRUp,30XROMEGALODON-K,hourly_blank_zero,24,Known nonnegative hourly quantities exhaust daily supplier total; BID ids not joined
2025-10-15,aFRRDown,30XROGLYPTODON-B,hourly_blank_zero,48,Known nonnegative hourly quantities exhaust daily supplier total; BID ids not joined
2025-10-15,aFRRDown,30XROMEGALODON-K,hourly_blank_zero,48,Known nonnegative hourly quantities exhaust daily supplier total; BID ids not joined
2025-10-16,aFRRDown,30XROMEGALODON-K,daily_blank_zero,1,Other nonnegative daily quantities exhaust product Grand Total
2025-10-16,aFRRDown,30XROMEGALODON-K,daily_blank_zero,1,Other nonnegative daily quantities exhaust product Grand Total
2025-10-16,aFRRDown,30XROGLYPTODON-B,daily_blank_zero,1,Other nonnegative daily quantities exhaust product Grand Total
2025-10-16,aFRRDown,30XROGLYPTODON-B,daily_blank_zero,1,Other nonnegative daily quantities exhaust product Grand Total
2025-10-16,aFRRUp,30XROMEGALODON-K,daily_blank_zero,1,Other nonnegative daily quantities exhaust product Grand Total
2025-10-16,aFRRUp,30XROBEPCO-----8,daily_blank_zero,1,Other nonnegative daily quantities exhaust product Grand Total
2025-10-16,aFRRUp,30XROBEPCO-----8,hourly_blank_zero,24,Known nonnegative hourly quantities exhaust daily supplier total; BID ids not joined
2025-10-16,aFRRUp,30XROMEGALODON-K,hourly_blank_zero,24,Known nonnegative hourly quantities exhaust daily supplier total; BID ids not joined
2025-10-16,aFRRDown,30XROGLYPTODON-B,hourly_blank_zero,48,Known nonnegative hourly quantities exhaust daily supplier total; BID ids not joined
2025-10-16,aFRRDown,30XROMEGALODON-K,hourly_blank_zero,48,Known nonnegative hourly quantities exhaust daily supplier total; BID ids not joined
2025-10-17,aFRRDown,30XROMEGALODON-K,daily_blank_zero,1,Other nonnegative daily quantities exhaust product Grand Total
2025-10-17,aFRRDown,30XROMEGALODON-K,daily_blank_zero,1,Other nonnegative daily quantities exhaust product Grand Total
2025-10-17,aFRRDown,30XROGLYPTODON-B,daily_blank_zero,1,Other nonnegative daily quantities exhaust product Grand Total
2025-10-17,aFRRDown,30XROGLYPTODON-B,daily_blank_zero,1,Other nonnegative daily quantities exhaust product Grand Total
2025-10-17,aFRRUp,30XROMEGALODON-K,daily_blank_zero,1,Other nonnegative daily quantities exhaust product Grand Total
2025-10-17,aFRRUp,30XROMEGALODON-K,hourly_blank_zero,24,Known nonnegative hourly quantities exhaust daily supplier total; BID ids not joined
2025-10-17,aFRRDown,30XROGLYPTODON-B,hourly_blank_zero,48,Known nonnegative hourly quantities exhaust daily supplier total; BID ids not joined
2025-10-17,aFRRDown,30XROMEGALODON-K,hourly_blank_zero,48,Known nonnegative hourly quantities exhaust daily supplier total; BID ids not joined
2025-10-18,aFRRDown,30XROMEGALODON-K,daily_blank_zero,1,Other nonnegative daily quantities exhaust product Grand Total
2025-10-18,aFRRDown,30XROMEGALODON-K,daily_blank_zero,1,Other nonnegative daily quantities exhaust product Grand Total
2025-10-18,aFRRDown,30XROMEGALODON-K,daily_blank_zero,1,Other nonnegative daily quantities exhaust product Grand Total
2025-10-18,aFRRDown,30XROGLYPTODON-B,daily_blank_zero,1,Other nonnegative daily quantities exhaust product Grand Total
2025-10-18,aFRRDown,30XROGLYPTODON-B,daily_blank_zero,1,Other nonnegative daily quantities exhaust product Grand Total
2025-10-18,aFRRUp,30XROMEGALODON-K,daily_blank_zero,1,Other nonnegative daily quantities exhaust product Grand Total
2025-10-18,aFRRUp,30XROMEGALODON-K,hourly_blank_zero,24,Known nonnegative hourly quantities exhaust daily supplier total; BID ids not joined
2025-10-18,aFRRDown,30XROGLYPTODON-B,hourly_blank_zero,48,Known nonnegative hourly quantities exhaust daily supplier total; BID ids not joined
2025-10-18,aFRRDown,30XROMEGALODON-K,hourly_blank_zero,72,Known nonnegative hourly quantities exhaust daily supplier total; BID ids not joined
2025-10-19,aFRRDown,30XROMEGALODON-K,daily_blank_zero,1,Other nonnegative daily quantities exhaust product Grand Total
2025-10-19,aFRRDown,30XROMEGALODON-K,daily_blank_zero,1,Other nonnegative daily quantities exhaust product Grand Total
2025-10-19,aFRRDown,30XROGLYPTODON-B,daily_blank_zero,1,Other nonnegative daily quantities exhaust product Grand Total
2025-10-19,aFRRDown,30XROGLYPTODON-B,daily_blank_zero,1,Other nonnegative daily quantities exhaust product Grand Total
2025-10-19,aFRRUp,30XROMEGALODON-K,daily_blank_zero,1,Other nonnegative daily quantities exhaust product Grand Total
2025-10-19,aFRRUp,30XROMEGALODON-K,hourly_blank_zero,24,Known nonnegative hourly quantities exhaust daily supplier total; BID ids not joined
2025-10-19,aFRRDown,30XROGLYPTODON-B,hourly_blank_zero,48,Known nonnegative hourly quantities exhaust daily supplier total; BID ids not joined
2025-10-19,aFRRDown,30XROMEGALODON-K,hourly_blank_zero,48,Known nonnegative hourly quantities exhaust daily supplier total; BID ids not joined
2025-10-20,aFRRDown,30XROGLYPTODON-B,daily_blank_zero,1,Other nonnegative daily quantities exhaust product Grand Total
2025-10-20,aFRRDown,30XROGLYPTODON-B,daily_blank_zero,1,Other nonnegative daily quantities exhaust product Grand Total
2025-10-20,aFRRDown,30XROMEGALODON-K,daily_blank_zero,1,Other nonnegative daily quantities exhaust product Grand Total
2025-10-20,aFRRDown,30XROMEGALODON-K,daily_blank_zero,1,Other nonnegative daily quantities exhaust product Grand Total
2025-10-20,aFRRUp,30XROMEGALODON-K,daily_blank_zero,1,Other nonnegative daily quantities exhaust product Grand Total
2025-10-20,aFRRUp,30XROMEGALODON-K,hourly_blank_zero,24,Known nonnegative hourly quantities exhaust daily supplier total; BID ids not joined
2025-10-20,aFRRDown,30XROGLYPTODON-B,hourly_blank_zero,48,Known nonnegative hourly quantities exhaust daily supplier total; BID ids not joined
2025-10-20,aFRRDown,30XROMEGALODON-K,hourly_blank_zero,48,Known nonnegative hourly quantities exhaust daily supplier total; BID ids not joined
2025-10-21,aFRRDown,30XROGLYPTODON-B,daily_blank_zero,1,Other nonnegative daily quantities exhaust product Grand Total
2025-10-21,aFRRDown,30XROGLYPTODON-B,daily_blank_zero,1,Other nonnegative daily quantities exhaust product Grand Total
2025-10-21,aFRRDown,30XROMEGALODON-K,daily_blank_zero,1,Other nonnegative daily quantities exhaust product Grand Total
2025-10-21,aFRRDown,30XROMEGALODON-K,daily_blank_zero,1,Other nonnegative daily quantities exhaust product Grand Total
2025-10-21,aFRRUp,30XROMEGALODON-K,daily_blank_zero,1,Other nonnegative daily quantities exhaust product Grand Total
2025-10-21,aFRRUp,30XROMEGALODON-K,hourly_blank_zero,24,Known nonnegative hourly quantities exhaust daily supplier total; BID ids not joined
2025-10-21,aFRRDown,30XROGLYPTODON-B,hourly_blank_zero,48,Known nonnegative hourly quantities exhaust daily supplier total; BID ids not joined
2025-10-21,aFRRDown,30XROMEGALODON-K,hourly_blank_zero,48,Known nonnegative hourly quantities exhaust daily supplier total; BID ids not joined
2025-10-22,aFRRDown,30XROMEGALODON-K,daily_blank_zero,1,Other nonnegative daily quantities exhaust product Grand Total
2025-10-22,aFRRDown,30XROMEGALODON-K,daily_blank_zero,1,Other nonnegative daily quantities exhaust product Grand Total
2025-10-22,aFRRDown,30XROGLYPTODON-B,daily_blank_zero,1,Other nonnegative daily quantities exhaust product Grand Total
2025-10-22,aFRRDown,30XROGLYPTODON-B,daily_blank_zero,1,Other nonnegative daily quantities exhaust product Grand Total
2025-10-22,aFRRUp,30XROMEGALODON-K,daily_blank_zero,1,Other nonnegative daily quantities exhaust product Grand Total
2025-10-22,aFRRUp,30XROMEGALODON-K,hourly_blank_zero,24,Known nonnegative hourly quantities exhaust daily supplier total; BID ids not joined
2025-10-22,aFRRDown,30XROGLYPTODON-B,hourly_blank_zero,48,Known nonnegative hourly quantities exhaust daily supplier total; BID ids not joined
2025-10-22,aFRRDown,30XROMEGALODON-K,hourly_blank_zero,48,Known nonnegative hourly quantities exhaust daily supplier total; BID ids not joined
2025-10-24,aFRRDown,30XROMEGALODON-K,daily_blank_zero,1,Other nonnegative daily quantities exhaust product Grand Total
2025-10-24,aFRRDown,30XROMEGALODON-K,daily_blank_zero,1,Other nonnegative daily quantities exhaust product Grand Total
2025-10-24,aFRRDown,30XROGLYPTODON-B,daily_blank_zero,1,Other nonnegative daily quantities exhaust product Grand Total
2025-10-24,aFRRDown,30XROGLYPTODON-B,daily_blank_zero,1,Other nonnegative daily quantities exhaust product Grand Total
2025-10-24,aFRRUp,30XROMEGALODON-K,daily_blank_zero,1,Other nonnegative daily quantities exhaust product Grand Total
2025-10-24,aFRRUp,30XROMEGALODON-K,hourly_blank_zero,24,Known nonnegative hourly quantities exhaust daily supplier total; BID ids not joined
2025-10-24,aFRRDown,30XROGLYPTODON-B,hourly_blank_zero,48,Known nonnegative hourly quantities exhaust daily supplier total; BID ids not joined
2025-10-24,aFRRDown,30XROMEGALODON-K,hourly_blank_zero,48,Known nonnegative hourly quantities exhaust daily supplier total; BID ids not joined
2025-10-25,aFRRDown,30XROGLYPTODON-B,daily_blank_zero,1,Other nonnegative daily quantities exhaust product Grand Total
2025-10-25,aFRRDown,30XROGLYPTODON-B,daily_blank_zero,1,Other nonnegative daily quantities exhaust product Grand Total
2025-10-25,aFRRDown,30XROMEGALODON-K,daily_blank_zero,1,Other nonnegative daily quantities exhaust product Grand Total
2025-10-25,aFRRDown,30XROMEGALODON-K,daily_blank_zero,1,Other nonnegative daily quantities exhaust product Grand Total
2025-10-25,aFRRUp,30XROMEGALODON-K,daily_blank_zero,1,Other nonnegative daily quantities exhaust product Grand Total
2025-10-25,aFRRUp,30XROMEGALODON-K,hourly_blank_zero,24,Known nonnegative hourly quantities exhaust daily supplier total; BID ids not joined
2025-10-25,aFRRDown,30XROGLYPTODON-B,hourly_blank_zero,48,Known nonnegative hourly quantities exhaust daily supplier total; BID ids not joined
2025-10-25,aFRRDown,30XROMEGALODON-K,hourly_blank_zero,48,Known nonnegative hourly quantities exhaust daily supplier total; BID ids not joined
2025-10-26,FCR,30XROHIDRO-----1,daily_blank_zero,1,Other nonnegative daily quantities exhaust product Grand Total
2025-10-26,aFRRDown,30XROMEGALODON-K,daily_blank_zero,1,Other nonnegative daily quantities exhaust product Grand Total
2025-10-26,aFRRDown,30XROMEGALODON-K,daily_blank_zero,1,Other nonnegative daily quantities exhaust product Grand Total
2025-10-26,aFRRDown,30XROHIDRO-----1,daily_blank_zero,1,Other nonnegative daily quantities exhaust product Grand Total
2025-10-26,aFRRDown,30XROHIDRO-----1,daily_blank_zero,1,Other nonnegative daily quantities exhaust product Grand Total
2025-10-26,aFRRDown,30XRO-NPS50----C,daily_blank_zero,1,Other nonnegative daily quantities exhaust product Grand Total
2025-10-26,aFRRDown,30XROTENGAZ----B,daily_blank_zero,1,Other nonnegative daily quantities exhaust product Grand Total
2025-10-26,aFRRDown,30XROTENGAZ----B,daily_blank_zero,1,Other nonnegative daily quantities exhaust product Grand Total
2025-10-26,aFRRUp,30XRO-NPS50----C,daily_blank_zero,1,Other nonnegative daily quantities exhaust product Grand Total
2025-10-26,aFRRUp,30XROTENGAZ----B,daily_blank_zero,1,Other nonnegative daily quantities exhaust product Grand Total
2025-10-26,aFRRUp,30XROTENGAZ----B,daily_blank_zero,1,Other nonnegative daily quantities exhaust product Grand Total
2025-10-26,aFRRUp,30XROMEGALODON-K,daily_blank_zero,1,Other nonnegative daily quantities exhaust product Grand Total
2025-10-26,aFRRUp,30XROHIDRO-----1,daily_blank_zero,1,Other nonnegative daily quantities exhaust product Grand Total
2025-10-26,aFRRUp,30XROHIDRO-----1,daily_blank_zero,1,Other nonnegative daily quantities exhaust product Grand Total
2025-10-26,FCR,30XROHIDRO-----1,hourly_blank_zero,25,Known nonnegative hourly quantities exhaust daily supplier total; BID ids not joined
2025-10-26,aFRRUp,30XROTENGAZ----B,hourly_blank_zero,50,Known nonnegative hourly quantities exhaust daily supplier total; BID ids not joined
2025-10-26,aFRRUp,30XROHIDRO-----1,hourly_blank_zero,50,Known nonnegative hourly quantities exhaust daily supplier total; BID ids not joined
2025-10-26,aFRRUp,30XRO-NPS50----C,hourly_blank_zero,25,Known nonnegative hourly quantities exhaust daily supplier total; BID ids not joined
2025-10-26,aFRRUp,30XROMEGALODON-K,hourly_blank_zero,25,Known nonnegative hourly quantities exhaust daily supplier total; BID ids not joined
2025-10-26,aFRRDown,30XROHIDRO-----1,hourly_blank_zero,50,Known nonnegative hourly quantities exhaust daily supplier total; BID ids not joined
2025-10-26,aFRRDown,30XROTENGAZ----B,hourly_blank_zero,50,Known nonnegative hourly quantities exhaust daily supplier total; BID ids not joined
2025-10-26,aFRRDown,30XRO-NPS50----C,hourly_blank_zero,25,Known nonnegative hourly quantities exhaust daily supplier total; BID ids not joined
2025-10-26,aFRRDown,30XROMEGALODON-K,hourly_blank_zero,50,Known nonnegative hourly quantities exhaust daily supplier total; BID ids not joined
2025-10-27,aFRRDown,30XROTENGAZ----B,daily_blank_zero,1,Other nonnegative daily quantities exhaust product Grand Total
2025-10-27,aFRRDown,30XROTENGAZ----B,daily_blank_zero,1,Other nonnegative daily quantities exhaust product Grand Total
2025-10-27,aFRRDown,30XROGLYPTODON-B,daily_blank_zero,1,Other nonnegative daily quantities exhaust product Grand Total
2025-10-27,aFRRDown,30XROGLYPTODON-B,daily_blank_zero,1,Other nonnegative daily quantities exhaust product Grand Total
2025-10-27,aFRRDown,30XROMEGALODON-K,daily_blank_zero,1,Other nonnegative daily quantities exhaust product Grand Total
2025-10-27,aFRRDown,30XROMEGALODON-K,daily_blank_zero,1,Other nonnegative daily quantities exhaust product Grand Total
2025-10-27,aFRRUp,30XROTENGAZ----B,daily_blank_zero,1,Other nonnegative daily quantities exhaust product Grand Total
2025-10-27,aFRRUp,30XROTENGAZ----B,daily_blank_zero,1,Other nonnegative daily quantities exhaust product Grand Total
2025-10-27,aFRRUp,30XROMEGALODON-K,daily_blank_zero,1,Other nonnegative daily quantities exhaust product Grand Total
2025-10-27,aFRRUp,30XROTENGAZ----B,hourly_blank_zero,48,Known nonnegative hourly quantities exhaust daily supplier total; BID ids not joined
2025-10-27,aFRRUp,30XROMEGALODON-K,hourly_blank_zero,24,Known nonnegative hourly quantities exhaust daily supplier total; BID ids not joined
2025-10-27,aFRRDown,30XROTENGAZ----B,hourly_blank_zero,48,Known nonnegative hourly quantities exhaust daily supplier total; BID ids not joined
2025-10-27,aFRRDown,30XROGLYPTODON-B,hourly_blank_zero,48,Known nonnegative hourly quantities exhaust daily supplier total; BID ids not joined
2025-10-27,aFRRDown,30XROMEGALODON-K,hourly_blank_zero,48,Known nonnegative hourly quantities exhaust daily supplier total; BID ids not joined
2025-10-28,aFRRDown,30XROMEGALODON-K,daily_blank_zero,1,Other nonnegative daily quantities exhaust product Grand Total
2025-10-28,aFRRDown,30XROMEGALODON-K,daily_blank_zero,1,Other nonnegative daily quantities exhaust product Grand Total
2025-10-28,aFRRDown,30XROGLYPTODON-B,daily_blank_zero,1,Other nonnegative daily quantities exhaust product Grand Total
2025-10-28,aFRRDown,30XROGLYPTODON-B,daily_blank_zero,1,Other nonnegative daily quantities exhaust product Grand Total
2025-10-28,aFRRUp,30XROMEGALODON-K,daily_blank_zero,1,Other nonnegative daily quantities exhaust product Grand Total
2025-10-28,aFRRUp,30XROMEGALODON-K,hourly_blank_zero,24,Known nonnegative hourly quantities exhaust daily supplier total; BID ids not joined
2025-10-28,aFRRDown,30XROGLYPTODON-B,hourly_blank_zero,48,Known nonnegative hourly quantities exhaust daily supplier total; BID ids not joined
2025-10-28,aFRRDown,30XROMEGALODON-K,hourly_blank_zero,48,Known nonnegative hourly quantities exhaust daily supplier total; BID ids not joined
2025-10-29,aFRRDown,30XROMEGALODON-K,daily_blank_zero,1,Other nonnegative daily quantities exhaust product Grand Total
2025-10-29,aFRRDown,30XROMEGALODON-K,daily_blank_zero,1,Other nonnegative daily quantities exhaust product Grand Total
2025-10-29,aFRRDown,30XROGLYPTODON-B,daily_blank_zero,1,Other nonnegative daily quantities exhaust product Grand Total
2025-10-29,aFRRDown,30XROGLYPTODON-B,daily_blank_zero,1,Other nonnegative daily quantities exhaust product Grand Total
2025-10-29,aFRRUp,30XROMEGALODON-K,daily_blank_zero,1,Other nonnegative daily quantities exhaust product Grand Total
2025-10-29,aFRRUp,30XROMEGALODON-K,hourly_blank_zero,24,Known nonnegative hourly quantities exhaust daily supplier total; BID ids not joined
2025-10-29,aFRRDown,30XROGLYPTODON-B,hourly_blank_zero,48,Known nonnegative hourly quantities exhaust daily supplier total; BID ids not joined
2025-10-29,aFRRDown,30XROMEGALODON-K,hourly_blank_zero,48,Known nonnegative hourly quantities exhaust daily supplier total; BID ids not joined
2025-10-30,aFRRDown,30XROGLYPTODON-B,daily_blank_zero,1,Other nonnegative daily quantities exhaust product Grand Total
2025-10-30,aFRRDown,30XROGLYPTODON-B,daily_blank_zero,1,Other nonnegative daily quantities exhaust product Grand Total
2025-10-30,aFRRDown,30XROMEGALODON-K,daily_blank_zero,1,Other nonnegative daily quantities exhaust product Grand Total
2025-10-30,aFRRDown,30XROMEGALODON-K,daily_blank_zero,1,Other nonnegative daily quantities exhaust product Grand Total
2025-10-30,aFRRUp,30XROMEGALODON-K,daily_blank_zero,1,Other nonnegative daily quantities exhaust product Grand Total
2025-10-30,aFRRUp,30XROMEGALODON-K,hourly_blank_zero,24,Known nonnegative hourly quantities exhaust daily supplier total; BID ids not joined
2025-10-30,aFRRDown,30XROGLYPTODON-B,hourly_blank_zero,48,Known nonnegative hourly quantities exhaust daily supplier total; BID ids not joined
2025-10-30,aFRRDown,30XROMEGALODON-K,hourly_blank_zero,48,Known nonnegative hourly quantities exhaust daily supplier total; BID ids not joined
2025-10-31,aFRRDown,30XROMEGALODON-K,daily_blank_zero,1,Other nonnegative daily quantities exhaust product Grand Total
2025-10-31,aFRRDown,30XROMEGALODON-K,daily_blank_zero,1,Other nonnegative daily quantities exhaust product Grand Total
2025-10-31,aFRRDown,30XROGLYPTODON-B,daily_blank_zero,1,Other nonnegative daily quantities exhaust product Grand Total
2025-10-31,aFRRDown,30XROGLYPTODON-B,daily_blank_zero,1,Other nonnegative daily quantities exhaust product Grand Total
2025-10-31,aFRRUp,30XROMEGALODON-K,daily_blank_zero,1,Other nonnegative daily quantities exhaust product Grand Total
2025-10-31,aFRRUp,30XROMEGALODON-K,hourly_blank_zero,24,Known nonnegative hourly quantities exhaust daily supplier total; BID ids not joined
2025-10-31,aFRRDown,30XROGLYPTODON-B,hourly_blank_zero,48,Known nonnegative hourly quantities exhaust daily supplier total; BID ids not joined
2025-10-31,aFRRDown,30XROMEGALODON-K,hourly_blank_zero,48,Known nonnegative hourly quantities exhaust daily supplier total; BID ids not joined
2025-11-01,aFRRDown,30XROGLYPTODON-B,daily_blank_zero,1,Other nonnegative daily quantities exhaust product Grand Total
2025-11-01,aFRRDown,30XROGLYPTODON-B,daily_blank_zero,1,Other nonnegative daily quantities exhaust product Grand Total
2025-11-01,aFRRDown,30XROMEGALODON-K,daily_blank_zero,1,Other nonnegative daily quantities exhaust product Grand Total
2025-11-01,aFRRDown,30XROMEGALODON-K,daily_blank_zero,1,Other nonnegative daily quantities exhaust product Grand Total
2025-11-01,aFRRUp,30XROGLYPTODON-B,daily_blank_zero,1,Other nonnegative daily quantities exhaust product Grand Total
2025-11-01,aFRRUp,30XROMEGALODON-K,daily_blank_zero,1,Other nonnegative daily quantities exhaust product Grand Total
2025-11-01,aFRRUp,30XROGLYPTODON-B,hourly_blank_zero,24,Known nonnegative hourly quantities exhaust daily supplier total; BID ids not joined
2025-11-01,aFRRUp,30XROMEGALODON-K,hourly_blank_zero,24,Known nonnegative hourly quantities exhaust daily supplier total; BID ids not joined
2025-11-01,aFRRDown,30XROGLYPTODON-B,hourly_blank_zero,48,Known nonnegative hourly quantities exhaust daily supplier total; BID ids not joined
2025-11-01,aFRRDown,30XROMEGALODON-K,hourly_blank_zero,48,Known nonnegative hourly quantities exhaust daily supplier total; BID ids not joined
2025-11-02,aFRRDown,30XROGLYPTODON-B,daily_blank_zero,1,Other nonnegative daily quantities exhaust product Grand Total
2025-11-02,aFRRDown,30XROGLYPTODON-B,daily_blank_zero,1,Other nonnegative daily quantities exhaust product Grand Total
2025-11-02,aFRRDown,30XROMEGALODON-K,daily_blank_zero,1,Other nonnegative daily quantities exhaust product Grand Total
2025-11-02,aFRRDown,30XROMEGALODON-K,daily_blank_zero,1,Other nonnegative daily quantities exhaust product Grand Total
2025-11-02,aFRRUp,30XROMEGALODON-K,daily_blank_zero,1,Other nonnegative daily quantities exhaust product Grand Total
2025-11-02,aFRRUp,30XROMEGALODON-K,hourly_blank_zero,24,Known nonnegative hourly quantities exhaust daily supplier total; BID ids not joined
2025-11-02,aFRRDown,30XROGLYPTODON-B,hourly_blank_zero,48,Known nonnegative hourly quantities exhaust daily supplier total; BID ids not joined
2025-11-02,aFRRDown,30XROMEGALODON-K,hourly_blank_zero,48,Known nonnegative hourly quantities exhaust daily supplier total; BID ids not joined
2025-11-03,aFRRDown,30XROMEGALODON-K,daily_blank_zero,1,Other nonnegative daily quantities exhaust product Grand Total
2025-11-03,aFRRDown,30XROMEGALODON-K,daily_blank_zero,1,Other nonnegative daily quantities exhaust product Grand Total
2025-11-03,aFRRDown,30XROGLYPTODON-B,daily_blank_zero,1,Other nonnegative daily quantities exhaust product Grand Total
2025-11-03,aFRRDown,30XROGLYPTODON-B,daily_blank_zero,1,Other nonnegative daily quantities exhaust product Grand Total
2025-11-03,aFRRUp,30XROMEGALODON-K,daily_blank_zero,1,Other nonnegative daily quantities exhaust product Grand Total
2025-11-03,aFRRUp,30XROMEGALODON-K,hourly_blank_zero,24,Known nonnegative hourly quantities exhaust daily supplier total; BID ids not joined
2025-11-03,aFRRDown,30XROGLYPTODON-B,hourly_blank_zero,48,Known nonnegative hourly quantities exhaust daily supplier total; BID ids not joined
2025-11-03,aFRRDown,30XROMEGALODON-K,hourly_blank_zero,48,Known nonnegative hourly quantities exhaust daily supplier total; BID ids not joined
2025-11-04,FCR,30XROHIDRO-----1,daily_blank_zero,1,Other nonnegative daily quantities exhaust product Grand Total
2025-11-04,FCR,30XROHIDRO-----1,daily_blank_zero,1,Other nonnegative daily quantities exhaust product Grand Total
2025-11-04,FCR,30XROHIDRO-----1,daily_blank_zero,1,Other nonnegative daily quantities exhaust product Grand Total
2025-11-04,aFRRDown,30XROMEGALODON-K,daily_blank_zero,1,Other nonnegative daily quantities exhaust product Grand Total
2025-11-04,aFRRDown,30XROMEGALODON-K,daily_blank_zero,1,Other nonnegative daily quantities exhaust product Grand Total
2025-11-04,aFRRDown,30XROGLYPTODON-B,daily_blank_zero,1,Other nonnegative daily quantities exhaust product Grand Total
2025-11-04,aFRRDown,30XROGLYPTODON-B,daily_blank_zero,1,Other nonnegative daily quantities exhaust product Grand Total
2025-11-04,aFRRUp,30XROMEGALODON-K,daily_blank_zero,1,Other nonnegative daily quantities exhaust product Grand Total
2025-11-04,FCR,30XROHIDRO-----1,hourly_blank_zero,72,Known nonnegative hourly quantities exhaust daily supplier total; BID ids not joined
2025-11-04,aFRRUp,30XROMEGALODON-K,hourly_blank_zero,24,Known nonnegative hourly quantities exhaust daily supplier total; BID ids not joined
2025-11-04,aFRRDown,30XROGLYPTODON-B,hourly_blank_zero,48,Known nonnegative hourly quantities exhaust daily supplier total; BID ids not joined
2025-11-04,aFRRDown,30XROMEGALODON-K,hourly_blank_zero,48,Known nonnegative hourly quantities exhaust daily supplier total; BID ids not joined
2025-11-05,aFRRDown,30XROMEGALODON-K,daily_blank_zero,1,Other nonnegative daily quantities exhaust product Grand Total
2025-11-05,aFRRDown,30XROMEGALODON-K,daily_blank_zero,1,Other nonnegative daily quantities exhaust product Grand Total
2025-11-05,aFRRDown,30XROGLYPTODON-B,daily_blank_zero,1,Other nonnegative daily quantities exhaust product Grand Total
2025-11-05,aFRRDown,30XROGLYPTODON-B,daily_blank_zero,1,Other nonnegative daily quantities exhaust product Grand Total
2025-11-05,aFRRUp,30XROMEGALODON-K,daily_blank_zero,1,Other nonnegative daily quantities exhaust product Grand Total
2025-11-05,aFRRUp,30XROMEGALODON-K,hourly_blank_zero,24,Known nonnegative hourly quantities exhaust daily supplier total; BID ids not joined
2025-11-05,aFRRDown,30XROGLYPTODON-B,hourly_blank_zero,48,Known nonnegative hourly quantities exhaust daily supplier total; BID ids not joined
2025-11-05,aFRRDown,30XROMEGALODON-K,hourly_blank_zero,48,Known nonnegative hourly quantities exhaust daily supplier total; BID ids not joined
2025-11-06,aFRRDown,30XROMEGALODON-K,daily_blank_zero,1,Other nonnegative daily quantities exhaust product Grand Total
2025-11-06,aFRRDown,30XROMEGALODON-K,daily_blank_zero,1,Other nonnegative daily quantities exhaust product Grand Total
2025-11-06,aFRRDown,30XROGLYPTODON-B,daily_blank_zero,1,Other nonnegative daily quantities exhaust product Grand Total
2025-11-06,aFRRDown,30XROGLYPTODON-B,daily_blank_zero,1,Other nonnegative daily quantities exhaust product Grand Total
2025-11-06,aFRRUp,30XROMEGALODON-K,daily_blank_zero,1,Other nonnegative daily quantities exhaust product Grand Total
2025-11-06,aFRRUp,30XROMEGALODON-K,hourly_blank_zero,24,Known nonnegative hourly quantities exhaust daily supplier total; BID ids not joined
2025-11-06,aFRRDown,30XROGLYPTODON-B,hourly_blank_zero,48,Known nonnegative hourly quantities exhaust daily supplier total; BID ids not joined
2025-11-06,aFRRDown,30XROMEGALODON-K,hourly_blank_zero,48,Known nonnegative hourly quantities exhaust daily supplier total; BID ids not joined
2025-11-07,FCR,30XROHIDRO-----1,daily_blank_zero,1,Other nonnegative daily quantities exhaust product Grand Total
2025-11-07,FCR,30XROHIDRO-----1,daily_blank_zero,1,Other nonnegative daily quantities exhaust product Grand Total
2025-11-07,FCR,30XROHIDRO-----1,daily_blank_zero,1,Other nonnegative daily quantities exhaust product Grand Total
2025-11-07,FCR,30XROHIDRO-----1,daily_blank_zero,1,Other nonnegative daily quantities exhaust product Grand Total
2025-11-07,aFRRDown,30XROGLYPTODON-B,daily_blank_zero,1,Other nonnegative daily quantities exhaust product Grand Total
2025-11-07,aFRRDown,30XROGLYPTODON-B,daily_blank_zero,1,Other nonnegative daily quantities exhaust product Grand Total
2025-11-07,aFRRDown,30XROMEGALODON-K,daily_blank_zero,1,Other nonnegative daily quantities exhaust product Grand Total
2025-11-07,aFRRDown,30XROMEGALODON-K,daily_blank_zero,1,Other nonnegative daily quantities exhaust product Grand Total
2025-11-07,aFRRUp,30XROMEGALODON-K,daily_blank_zero,1,Other nonnegative daily quantities exhaust product Grand Total
2025-11-07,FCR,30XROHIDRO-----1,hourly_blank_zero,96,Known nonnegative hourly quantities exhaust daily supplier total; BID ids not joined
2025-11-07,aFRRUp,30XROMEGALODON-K,hourly_blank_zero,24,Known nonnegative hourly quantities exhaust daily supplier total; BID ids not joined
2025-11-07,aFRRDown,30XROGLYPTODON-B,hourly_blank_zero,48,Known nonnegative hourly quantities exhaust daily supplier total; BID ids not joined
2025-11-07,aFRRDown,30XROMEGALODON-K,hourly_blank_zero,48,Known nonnegative hourly quantities exhaust daily supplier total; BID ids not joined
2025-11-08,aFRRDown,30XROGLYPTODON-B,daily_blank_zero,1,Other nonnegative daily quantities exhaust product Grand Total
2025-11-08,aFRRDown,30XROGLYPTODON-B,daily_blank_zero,1,Other nonnegative daily quantities exhaust product Grand Total
2025-11-08,aFRRDown,30XROMEGALODON-K,daily_blank_zero,1,Other nonnegative daily quantities exhaust product Grand Total
2025-11-08,aFRRDown,30XROMEGALODON-K,daily_blank_zero,1,Other nonnegative daily quantities exhaust product Grand Total
2025-11-08,aFRRUp,30XROMEGALODON-K,daily_blank_zero,1,Other nonnegative daily quantities exhaust product Grand Total
2025-11-08,aFRRUp,30XROMEGALODON-K,hourly_blank_zero,24,Known nonnegative hourly quantities exhaust daily supplier total; BID ids not joined
2025-11-08,aFRRDown,30XROGLYPTODON-B,hourly_blank_zero,48,Known nonnegative hourly quantities exhaust daily supplier total; BID ids not joined
2025-11-08,aFRRDown,30XROMEGALODON-K,hourly_blank_zero,48,Known nonnegative hourly quantities exhaust daily supplier total; BID ids not joined
2025-11-09,aFRRDown,30XROTRUEENERGYE,daily_blank_zero,1,Other nonnegative daily quantities exhaust product Grand Total
2025-11-09,aFRRDown,30XROMEGALODON-K,daily_blank_zero,1,Other nonnegative daily quantities exhaust product Grand Total
2025-11-09,aFRRDown,30XROMEGALODON-K,daily_blank_zero,1,Other nonnegative daily quantities exhaust product Grand Total
2025-11-09,aFRRDown,30XROGLYPTODON-B,daily_blank_zero,1,Other nonnegative daily quantities exhaust product Grand Total
2025-11-09,aFRRDown,30XROGLYPTODON-B,daily_blank_zero,1,Other nonnegative daily quantities exhaust product Grand Total
2025-11-09,aFRRUp,30XROMEGALODON-K,daily_blank_zero,1,Other nonnegative daily quantities exhaust product Grand Total
2025-11-09,aFRRUp,30XROMEGALODON-K,hourly_blank_zero,24,Known nonnegative hourly quantities exhaust daily supplier total; BID ids not joined
2025-11-09,aFRRDown,30XROGLYPTODON-B,hourly_blank_zero,48,Known nonnegative hourly quantities exhaust daily supplier total; BID ids not joined
2025-11-09,aFRRDown,30XROTRUEENERGYE,hourly_blank_zero,24,Known nonnegative hourly quantities exhaust daily supplier total; BID ids not joined
2025-11-09,aFRRDown,30XROMEGALODON-K,hourly_blank_zero,48,Known nonnegative hourly quantities exhaust daily supplier total; BID ids not joined
2025-11-10,aFRRDown,30XROGLYPTODON-B,daily_blank_zero,1,Other nonnegative daily quantities exhaust product Grand Total
2025-11-10,aFRRDown,30XROGLYPTODON-B,daily_blank_zero,1,Other nonnegative daily quantities exhaust product Grand Total
2025-11-10,aFRRDown,30XROMEGALODON-K,daily_blank_zero,1,Other nonnegative daily quantities exhaust product Grand Total
2025-11-10,aFRRDown,30XROMEGALODON-K,daily_blank_zero,1,Other nonnegative daily quantities exhaust product Grand Total
2025-11-10,aFRRUp,30XROMEGALODON-K,daily_blank_zero,1,Other nonnegative daily quantities exhaust product Grand Total
2025-11-10,aFRRUp,30XROMEGALODON-K,hourly_blank_zero,24,Known nonnegative hourly quantities exhaust daily supplier total; BID ids not joined
2025-11-10,aFRRDown,30XROGLYPTODON-B,hourly_blank_zero,48,Known nonnegative hourly quantities exhaust daily supplier total; BID ids not joined
2025-11-10,aFRRDown,30XROMEGALODON-K,hourly_blank_zero,48,Known nonnegative hourly quantities exhaust daily supplier total; BID ids not joined
2025-11-11,aFRRDown,30XROMEGALODON-K,daily_blank_zero,1,Other nonnegative daily quantities exhaust product Grand Total
2025-11-11,aFRRDown,30XROMEGALODON-K,daily_blank_zero,1,Other nonnegative daily quantities exhaust product Grand Total
2025-11-11,aFRRUp,30XROMEGALODON-K,daily_blank_zero,1,Other nonnegative daily quantities exhaust product Grand Total
2025-11-11,aFRRUp,30XROMEGALODON-K,hourly_blank_zero,24,Known nonnegative hourly quantities exhaust daily supplier total; BID ids not joined
2025-11-11,aFRRDown,30XROMEGALODON-K,hourly_blank_zero,48,Known nonnegative hourly quantities exhaust daily supplier total; BID ids not joined
2025-11-12,aFRRDown,30XROMEGALODON-K,daily_blank_zero,1,Other nonnegative daily quantities exhaust product Grand Total
2025-11-12,aFRRDown,30XROMEGALODON-K,daily_blank_zero,1,Other nonnegative daily quantities exhaust product Grand Total
2025-11-12,aFRRDown,30XROGLYPTODON-B,daily_blank_zero,1,Other nonnegative daily quantities exhaust product Grand Total
2025-11-12,aFRRDown,30XROGLYPTODON-B,daily_blank_zero,1,Other nonnegative daily quantities exhaust product Grand Total
2025-11-12,aFRRUp,30XROMEGALODON-K,daily_blank_zero,1,Other nonnegative daily quantities exhaust product Grand Total
2025-11-12,aFRRUp,30XROMEGALODON-K,hourly_blank_zero,24,Known nonnegative hourly quantities exhaust daily supplier total; BID ids not joined
2025-11-12,aFRRDown,30XROGLYPTODON-B,hourly_blank_zero,48,Known nonnegative hourly quantities exhaust daily supplier total; BID ids not joined
2025-11-12,aFRRDown,30XROMEGALODON-K,hourly_blank_zero,48,Known nonnegative hourly quantities exhaust daily supplier total; BID ids not joined
2025-11-13,aFRRDown,30XROMEGALODON-K,daily_blank_zero,1,Other nonnegative daily quantities exhaust product Grand Total
2025-11-13,aFRRDown,30XROMEGALODON-K,daily_blank_zero,1,Other nonnegative daily quantities exhaust product Grand Total
2025-11-13,aFRRDown,30XROGLYPTODON-B,daily_blank_zero,1,Other nonnegative daily quantities exhaust product Grand Total
2025-11-13,aFRRDown,30XROGLYPTODON-B,daily_blank_zero,1,Other nonnegative daily quantities exhaust product Grand Total
2025-11-13,aFRRUp,30XROMEGALODON-K,daily_blank_zero,1,Other nonnegative daily quantities exhaust product Grand Total
2025-11-13,aFRRUp,30XROMEGALODON-K,hourly_blank_zero,24,Known nonnegative hourly quantities exhaust daily supplier total; BID ids not joined
2025-11-13,aFRRDown,30XROGLYPTODON-B,hourly_blank_zero,48,Known nonnegative hourly quantities exhaust daily supplier total; BID ids not joined
2025-11-13,aFRRDown,30XROMEGALODON-K,hourly_blank_zero,48,Known nonnegative hourly quantities exhaust daily supplier total; BID ids not joined
2025-11-14,aFRRDown,30XROMEGALODON-K,daily_blank_zero,1,Other nonnegative daily quantities exhaust product Grand Total
2025-11-14,aFRRDown,30XROMEGALODON-K,daily_blank_zero,1,Other nonnegative daily quantities exhaust product Grand Total
2025-11-14,aFRRDown,30XROGLYPTODON-B,daily_blank_zero,1,Other nonnegative daily quantities exhaust product Grand Total
2025-11-14,aFRRDown,30XROGLYPTODON-B,daily_blank_zero,1,Other nonnegative daily quantities exhaust product Grand Total
2025-11-14,aFRRUp,30XROMEGALODON-K,daily_blank_zero,1,Other nonnegative daily quantities exhaust product Grand Total
2025-11-14,aFRRUp,30XROMEGALODON-K,hourly_blank_zero,24,Known nonnegative hourly quantities exhaust daily supplier total; BID ids not joined
2025-11-14,aFRRDown,30XROGLYPTODON-B,hourly_blank_zero,48,Known nonnegative hourly quantities exhaust daily supplier total; BID ids not joined
2025-11-14,aFRRDown,30XROMEGALODON-K,hourly_blank_zero,48,Known nonnegative hourly quantities exhaust daily supplier total; BID ids not joined
2025-11-15,aFRRDown,30XROMEGALODON-K,daily_blank_zero,1,Other nonnegative daily quantities exhaust product Grand Total
2025-11-15,aFRRDown,30XROMEGALODON-K,daily_blank_zero,1,Other nonnegative daily quantities exhaust product Grand Total
2025-11-15,aFRRDown,30XROGLYPTODON-B,daily_blank_zero,1,Other nonnegative daily quantities exhaust product Grand Total
2025-11-15,aFRRDown,30XROGLYPTODON-B,daily_blank_zero,1,Other nonnegative daily quantities exhaust product Grand Total
2025-11-15,aFRRUp,30XROMEGALODON-K,daily_blank_zero,1,Other nonnegative daily quantities exhaust product Grand Total
2025-11-15,aFRRUp,30XROMEGALODON-K,hourly_blank_zero,24,Known nonnegative hourly quantities exhaust daily supplier total; BID ids not joined
2025-11-15,aFRRDown,30XROGLYPTODON-B,hourly_blank_zero,48,Known nonnegative hourly quantities exhaust daily supplier total; BID ids not joined
2025-11-15,aFRRDown,30XROMEGALODON-K,hourly_blank_zero,48,Known nonnegative hourly quantities exhaust daily supplier total; BID ids not joined
2025-11-16,aFRRDown,30XROGLYPTODON-B,daily_blank_zero,1,Other nonnegative daily quantities exhaust product Grand Total
2025-11-16,aFRRDown,30XROGLYPTODON-B,daily_blank_zero,1,Other nonnegative daily quantities exhaust product Grand Total
2025-11-16,aFRRDown,30XROMEGALODON-K,daily_blank_zero,1,Other nonnegative daily quantities exhaust product Grand Total
2025-11-16,aFRRDown,30XROMEGALODON-K,daily_blank_zero,1,Other nonnegative daily quantities exhaust product Grand Total
2025-11-16,aFRRUp,30XROMEGALODON-K,daily_blank_zero,1,Other nonnegative daily quantities exhaust product Grand Total
2025-11-16,aFRRUp,30XROMEGALODON-K,hourly_blank_zero,24,Known nonnegative hourly quantities exhaust daily supplier total; BID ids not joined
2025-11-16,aFRRDown,30XROGLYPTODON-B,hourly_blank_zero,48,Known nonnegative hourly quantities exhaust daily supplier total; BID ids not joined
2025-11-16,aFRRDown,30XROMEGALODON-K,hourly_blank_zero,48,Known nonnegative hourly quantities exhaust daily supplier total; BID ids not joined
2025-11-17,aFRRDown,30XROGLYPTODON-B,daily_blank_zero,1,Other nonnegative daily quantities exhaust product Grand Total
2025-11-17,aFRRDown,30XROGLYPTODON-B,daily_blank_zero,1,Other nonnegative daily quantities exhaust product Grand Total
2025-11-17,aFRRDown,30XROMEGALODON-K,daily_blank_zero,1,Other nonnegative daily quantities exhaust product Grand Total
2025-11-17,aFRRDown,30XROMEGALODON-K,daily_blank_zero,1,Other nonnegative daily quantities exhaust product Grand Total
2025-11-17,aFRRUp,30XROMEGALODON-K,daily_blank_zero,1,Other nonnegative daily quantities exhaust product Grand Total
2025-11-17,aFRRUp,30XROMEGALODON-K,hourly_blank_zero,24,Known nonnegative hourly quantities exhaust daily supplier total; BID ids not joined
2025-11-17,aFRRDown,30XROGLYPTODON-B,hourly_blank_zero,48,Known nonnegative hourly quantities exhaust daily supplier total; BID ids not joined
2025-11-17,aFRRDown,30XROMEGALODON-K,hourly_blank_zero,48,Known nonnegative hourly quantities exhaust daily supplier total; BID ids not joined
2025-11-18,aFRRDown,30XROMEGALODON-K,daily_blank_zero,1,Other nonnegative daily quantities exhaust product Grand Total
2025-11-18,aFRRDown,30XROMEGALODON-K,daily_blank_zero,1,Other nonnegative daily quantities exhaust product Grand Total
2025-11-18,aFRRDown,30XROGLYPTODON-B,daily_blank_zero,1,Other nonnegative daily quantities exhaust product Grand Total
2025-11-18,aFRRDown,30XROGLYPTODON-B,daily_blank_zero,1,Other nonnegative daily quantities exhaust product Grand Total
2025-11-18,aFRRUp,30XROMEGALODON-K,daily_blank_zero,1,Other nonnegative daily quantities exhaust product Grand Total
2025-11-18,aFRRUp,30XROMEGALODON-K,hourly_blank_zero,24,Known nonnegative hourly quantities exhaust daily supplier total; BID ids not joined
2025-11-18,aFRRDown,30XROGLYPTODON-B,hourly_blank_zero,48,Known nonnegative hourly quantities exhaust daily supplier total; BID ids not joined
2025-11-18,aFRRDown,30XROMEGALODON-K,hourly_blank_zero,48,Known nonnegative hourly quantities exhaust daily supplier total; BID ids not joined
2025-11-19,aFRRDown,30XROGLYPTODON-B,daily_blank_zero,1,Other nonnegative daily quantities exhaust product Grand Total
2025-11-19,aFRRDown,30XROGLYPTODON-B,daily_blank_zero,1,Other nonnegative daily quantities exhaust product Grand Total
2025-11-19,aFRRDown,30XROMEGALODON-K,daily_blank_zero,1,Other nonnegative daily quantities exhaust product Grand Total
2025-11-19,aFRRDown,30XROMEGALODON-K,daily_blank_zero,1,Other nonnegative daily quantities exhaust product Grand Total
2025-11-19,aFRRUp,30XROMEGALODON-K,daily_blank_zero,1,Other nonnegative daily quantities exhaust product Grand Total
2025-11-19,aFRRUp,30XROMEGALODON-K,hourly_blank_zero,24,Known nonnegative hourly quantities exhaust daily supplier total; BID ids not joined
2025-11-19,aFRRDown,30XROGLYPTODON-B,hourly_blank_zero,48,Known nonnegative hourly quantities exhaust daily supplier total; BID ids not joined
2025-11-19,aFRRDown,30XROMEGALODON-K,hourly_blank_zero,48,Known nonnegative hourly quantities exhaust daily supplier total; BID ids not joined
2025-11-20,FCR,30XROHIDRO-----1,daily_blank_zero,1,Other nonnegative daily quantities exhaust product Grand Total
2025-11-20,FCR,30XROHIDRO-----1,hourly_blank_zero,24,Known nonnegative hourly quantities exhaust daily supplier total; BID ids not joined
2025-11-22,aFRRDown,30XROMEGALODON-K,daily_blank_zero,1,Other nonnegative daily quantities exhaust product Grand Total
2025-11-22,aFRRDown,30XROMEGALODON-K,daily_blank_zero,1,Other nonnegative daily quantities exhaust product Grand Total
2025-11-22,aFRRDown,30XROGLYPTODON-B,daily_blank_zero,1,Other nonnegative daily quantities exhaust product Grand Total
2025-11-22,aFRRDown,30XROGLYPTODON-B,daily_blank_zero,1,Other nonnegative daily quantities exhaust product Grand Total
2025-11-22,aFRRUp,30XROMEGALODON-K,daily_blank_zero,1,Other nonnegative daily quantities exhaust product Grand Total
2025-11-23,aFRRDown,30XROGLYPTODON-B,daily_blank_zero,1,Other nonnegative daily quantities exhaust product Grand Total
2025-11-23,aFRRDown,30XROGLYPTODON-B,daily_blank_zero,1,Other nonnegative daily quantities exhaust product Grand Total
2025-11-23,aFRRDown,30XROMEGALODON-K,daily_blank_zero,1,Other nonnegative daily quantities exhaust product Grand Total
2025-11-23,aFRRDown,30XROMEGALODON-K,daily_blank_zero,1,Other nonnegative daily quantities exhaust product Grand Total
2025-11-23,aFRRUp,30XROMEGALODON-K,daily_blank_zero,1,Other nonnegative daily quantities exhaust product Grand Total
2025-11-23,aFRRUp,30XROMEGALODON-K,hourly_blank_zero,24,Known nonnegative hourly quantities exhaust daily supplier total; BID ids not joined
2025-11-23,aFRRDown,30XROGLYPTODON-B,hourly_blank_zero,48,Known nonnegative hourly quantities exhaust daily supplier total; BID ids not joined
2025-11-23,aFRRDown,30XROMEGALODON-K,hourly_blank_zero,48,Known nonnegative hourly quantities exhaust daily supplier total; BID ids not joined
2025-11-24,aFRRDown,30XROGLYPTODON-B,daily_blank_zero,1,Other nonnegative daily quantities exhaust product Grand Total
2025-11-24,aFRRDown,30XROGLYPTODON-B,daily_blank_zero,1,Other nonnegative daily quantities exhaust product Grand Total
2025-11-24,aFRRDown,30XROMEGALODON-K,daily_blank_zero,1,Other nonnegative daily quantities exhaust product Grand Total
2025-11-24,aFRRDown,30XROMEGALODON-K,daily_blank_zero,1,Other nonnegative daily quantities exhaust product Grand Total
2025-11-24,aFRRUp,30XROMEGALODON-K,daily_blank_zero,1,Other nonnegative daily quantities exhaust product Grand Total
2025-11-24,aFRRUp,30XROMEGALODON-K,hourly_blank_zero,24,Known nonnegative hourly quantities exhaust daily supplier total; BID ids not joined
2025-11-24,aFRRDown,30XROGLYPTODON-B,hourly_blank_zero,48,Known nonnegative hourly quantities exhaust daily supplier total; BID ids not joined
2025-11-24,aFRRDown,30XROMEGALODON-K,hourly_blank_zero,48,Known nonnegative hourly quantities exhaust daily supplier total; BID ids not joined
2025-11-25,aFRRDown,30XROMEGALODON-K,daily_blank_zero,1,Other nonnegative daily quantities exhaust product Grand Total
2025-11-25,aFRRDown,30XROMEGALODON-K,daily_blank_zero,1,Other nonnegative daily quantities exhaust product Grand Total
2025-11-25,aFRRDown,30XROGLYPTODON-B,daily_blank_zero,1,Other nonnegative daily quantities exhaust product Grand Total
2025-11-25,aFRRDown,30XROGLYPTODON-B,daily_blank_zero,1,Other nonnegative daily quantities exhaust product Grand Total
2025-11-25,aFRRUp,30XROGLYPTODON-B,daily_blank_zero,1,Other nonnegative daily quantities exhaust product Grand Total
2025-11-25,aFRRUp,30XROMEGALODON-K,daily_blank_zero,1,Other nonnegative daily quantities exhaust product Grand Total
2025-11-25,aFRRUp,30XROGLYPTODON-B,hourly_blank_zero,24,Known nonnegative hourly quantities exhaust daily supplier total; BID ids not joined
2025-11-25,aFRRUp,30XROMEGALODON-K,hourly_blank_zero,24,Known nonnegative hourly quantities exhaust daily supplier total; BID ids not joined
2025-11-25,aFRRDown,30XROGLYPTODON-B,hourly_blank_zero,48,Known nonnegative hourly quantities exhaust daily supplier total; BID ids not joined
2025-11-25,aFRRDown,30XROMEGALODON-K,hourly_blank_zero,48,Known nonnegative hourly quantities exhaust daily supplier total; BID ids not joined
2025-11-26,aFRRDown,30XROGLYPTODON-B,daily_blank_zero,1,Other nonnegative daily quantities exhaust product Grand Total
2025-11-26,aFRRDown,30XROGLYPTODON-B,daily_blank_zero,1,Other nonnegative daily quantities exhaust product Grand Total
2025-11-26,aFRRDown,30XROMEGALODON-K,daily_blank_zero,1,Other nonnegative daily quantities exhaust product Grand Total
2025-11-26,aFRRDown,30XROMEGALODON-K,daily_blank_zero,1,Other nonnegative daily quantities exhaust product Grand Total
2025-11-26,aFRRUp,30XROMEGALODON-K,daily_blank_zero,1,Other nonnegative daily quantities exhaust product Grand Total
2025-11-26,aFRRUp,30XROMEGALODON-K,hourly_blank_zero,24,Known nonnegative hourly quantities exhaust daily supplier total; BID ids not joined
2025-11-26,aFRRDown,30XROGLYPTODON-B,hourly_blank_zero,48,Known nonnegative hourly quantities exhaust daily supplier total; BID ids not joined
2025-11-26,aFRRDown,30XROMEGALODON-K,hourly_blank_zero,48,Known nonnegative hourly quantities exhaust daily supplier total; BID ids not joined
2025-11-27,aFRRDown,30XROGLYPTODON-B,daily_blank_zero,1,Other nonnegative daily quantities exhaust product Grand Total
2025-11-27,aFRRDown,30XROGLYPTODON-B,daily_blank_zero,1,Other nonnegative daily quantities exhaust product Grand Total
2025-11-27,aFRRDown,30XROMEGALODON-K,daily_blank_zero,1,Other nonnegative daily quantities exhaust product Grand Total
2025-11-27,aFRRDown,30XROMEGALODON-K,daily_blank_zero,1,Other nonnegative daily quantities exhaust product Grand Total
2025-11-27,aFRRUp,30XROMEGALODON-K,daily_blank_zero,1,Other nonnegative daily quantities exhaust product Grand Total
2025-11-27,aFRRUp,30XROMEGALODON-K,hourly_blank_zero,24,Known nonnegative hourly quantities exhaust daily supplier total; BID ids not joined
2025-11-27,aFRRDown,30XROGLYPTODON-B,hourly_blank_zero,48,Known nonnegative hourly quantities exhaust daily supplier total; BID ids not joined
2025-11-27,aFRRDown,30XROMEGALODON-K,hourly_blank_zero,48,Known nonnegative hourly quantities exhaust daily supplier total; BID ids not joined
2025-11-28,aFRRDown,30XROMEGALODON-K,daily_blank_zero,1,Other nonnegative daily quantities exhaust product Grand Total
2025-11-28,aFRRDown,30XROMEGALODON-K,daily_blank_zero,1,Other nonnegative daily quantities exhaust product Grand Total
2025-11-28,aFRRDown,30XROGLYPTODON-B,daily_blank_zero,1,Other nonnegative daily quantities exhaust product Grand Total
2025-11-28,aFRRDown,30XROGLYPTODON-B,daily_blank_zero,1,Other nonnegative daily quantities exhaust product Grand Total
2025-11-28,aFRRUp,30XROMEGALODON-K,daily_blank_zero,1,Other nonnegative daily quantities exhaust product Grand Total
2025-11-28,aFRRUp,30XROMEGALODON-K,hourly_blank_zero,24,Known nonnegative hourly quantities exhaust daily supplier total; BID ids not joined
2025-11-28,aFRRDown,30XROGLYPTODON-B,hourly_blank_zero,48,Known nonnegative hourly quantities exhaust daily supplier total; BID ids not joined
2025-11-28,aFRRDown,30XROMEGALODON-K,hourly_blank_zero,48,Known nonnegative hourly quantities exhaust daily supplier total; BID ids not joined
2025-11-29,aFRRDown,30XROMEGALODON-K,daily_blank_zero,1,Other nonnegative daily quantities exhaust product Grand Total
2025-11-29,aFRRDown,30XROMEGALODON-K,daily_blank_zero,1,Other nonnegative daily quantities exhaust product Grand Total
2025-11-29,aFRRDown,30XROHIDRO-----1,daily_blank_zero,1,Other nonnegative daily quantities exhaust product Grand Total
2025-11-29,aFRRDown,30XROHIDRO-----1,daily_blank_zero,1,Other nonnegative daily quantities exhaust product Grand Total
2025-11-29,aFRRDown,30XROTENGAZ----B,daily_blank_zero,1,Other nonnegative daily quantities exhaust product Grand Total
2025-11-29,aFRRDown,30XROGLYPTODON-B,daily_blank_zero,1,Other nonnegative daily quantities exhaust product Grand Total
2025-11-29,aFRRDown,30XROGLYPTODON-B,daily_blank_zero,1,Other nonnegative daily quantities exhaust product Grand Total
2025-11-29,aFRRUp,30XROHIDRO-----1,daily_blank_zero,1,Other nonnegative daily quantities exhaust product Grand Total
2025-11-29,aFRRUp,30XROHIDRO-----1,daily_blank_zero,1,Other nonnegative daily quantities exhaust product Grand Total
2025-11-29,aFRRUp,30XROMEGALODON-K,daily_blank_zero,1,Other nonnegative daily quantities exhaust product Grand Total
2025-11-29,aFRRUp,30XROHIDRO-----1,hourly_blank_zero,48,Known nonnegative hourly quantities exhaust daily supplier total; BID ids not joined
2025-11-29,aFRRUp,30XROMEGALODON-K,hourly_blank_zero,24,Known nonnegative hourly quantities exhaust daily supplier total; BID ids not joined
2025-11-29,aFRRDown,30XROHIDRO-----1,hourly_blank_zero,48,Known nonnegative hourly quantities exhaust daily supplier total; BID ids not joined
2025-11-29,aFRRDown,30XROTENGAZ----B,hourly_blank_zero,24,Known nonnegative hourly quantities exhaust daily supplier total; BID ids not joined
2025-11-29,aFRRDown,30XROGLYPTODON-B,hourly_blank_zero,48,Known nonnegative hourly quantities exhaust daily supplier total; BID ids not joined
2025-11-29,aFRRDown,30XROMEGALODON-K,hourly_blank_zero,48,Known nonnegative hourly quantities exhaust daily supplier total; BID ids not joined
2025-11-30,FCR,30XROHIDRO-----1,daily_blank_zero,1,Other nonnegative daily quantities exhaust product Grand Total
2025-11-30,aFRRDown,30XROGLYPTODON-B,daily_blank_zero,1,Other nonnegative daily quantities exhaust product Grand Total
2025-11-30,aFRRDown,30XROGLYPTODON-B,daily_blank_zero,1,Other nonnegative daily quantities exhaust product Grand Total
2025-11-30,aFRRDown,30XROHIDRO-----1,daily_blank_zero,1,Other nonnegative daily quantities exhaust product Grand Total
2025-11-30,aFRRDown,30XROHIDRO-----1,daily_blank_zero,1,Other nonnegative daily quantities exhaust product Grand Total
2025-11-30,aFRRDown,30XROHIDRO-----1,daily_blank_zero,1,Other nonnegative daily quantities exhaust product Grand Total
2025-11-30,aFRRDown,30XROHIDRO-----1,daily_blank_zero,1,Other nonnegative daily quantities exhaust product Grand Total
2025-11-30,aFRRDown,30XROMEGALODON-K,daily_blank_zero,1,Other nonnegative daily quantities exhaust product Grand Total
2025-11-30,aFRRDown,30XROMEGALODON-K,daily_blank_zero,1,Other nonnegative daily quantities exhaust product Grand Total
2025-11-30,aFRRUp,30XROMEGALODON-K,daily_blank_zero,1,Other nonnegative daily quantities exhaust product Grand Total
2025-11-30,aFRRUp,30XROHIDRO-----1,daily_blank_zero,1,Other nonnegative daily quantities exhaust product Grand Total
2025-11-30,aFRRUp,30XROHIDRO-----1,daily_blank_zero,1,Other nonnegative daily quantities exhaust product Grand Total
2025-11-30,aFRRUp,30XROHIDRO-----1,daily_blank_zero,1,Other nonnegative daily quantities exhaust product Grand Total
2025-11-30,aFRRUp,30XROHIDRO-----1,daily_blank_zero,1,Other nonnegative daily quantities exhaust product Grand Total
2025-11-30,FCR,30XROHIDRO-----1,hourly_blank_zero,24,Known nonnegative hourly quantities exhaust daily supplier total; BID ids not joined
2025-11-30,aFRRUp,30XROHIDRO-----1,hourly_blank_zero,96,Known nonnegative hourly quantities exhaust daily supplier total; BID ids not joined
2025-11-30,aFRRUp,30XROMEGALODON-K,hourly_blank_zero,24,Known nonnegative hourly quantities exhaust daily supplier total; BID ids not joined
2025-11-30,aFRRDown,30XROHIDRO-----1,hourly_blank_zero,96,Known nonnegative hourly quantities exhaust daily supplier total; BID ids not joined
2025-11-30,aFRRDown,30XROGLYPTODON-B,hourly_blank_zero,48,Known nonnegative hourly quantities exhaust daily supplier total; BID ids not joined
2025-11-30,aFRRDown,30XROMEGALODON-K,hourly_blank_zero,48,Known nonnegative hourly quantities exhaust daily supplier total; BID ids not joined
2025-12-01,aFRRDown,30XROGLYPTODON-B,daily_blank_zero,1,Other nonnegative daily quantities exhaust product Grand Total
2025-12-01,aFRRDown,30XROGLYPTODON-B,daily_blank_zero,1,Other nonnegative daily quantities exhaust product Grand Total
2025-12-01,aFRRDown,30XROMEGALODON-K,daily_blank_zero,1,Other nonnegative daily quantities exhaust product Grand Total
2025-12-01,aFRRDown,30XROMEGALODON-K,daily_blank_zero,1,Other nonnegative daily quantities exhaust product Grand Total
2025-12-01,aFRRUp,30XROTENGAZ----B,daily_blank_zero,1,Other nonnegative daily quantities exhaust product Grand Total
2025-12-01,aFRRUp,30XROMEGALODON-K,daily_blank_zero,1,Other nonnegative daily quantities exhaust product Grand Total
2025-12-01,aFRRUp,30XROTENGAZ----B,hourly_blank_zero,24,Known nonnegative hourly quantities exhaust daily supplier total; BID ids not joined
2025-12-01,aFRRUp,30XROMEGALODON-K,hourly_blank_zero,24,Known nonnegative hourly quantities exhaust daily supplier total; BID ids not joined
2025-12-01,aFRRDown,30XROGLYPTODON-B,hourly_blank_zero,48,Known nonnegative hourly quantities exhaust daily supplier total; BID ids not joined
2025-12-01,aFRRDown,30XROMEGALODON-K,hourly_blank_zero,48,Known nonnegative hourly quantities exhaust daily supplier total; BID ids not joined
2025-12-02,aFRRDown,30XROMEGALODON-K,daily_blank_zero,1,Other nonnegative daily quantities exhaust product Grand Total
2025-12-02,aFRRDown,30XROMEGALODON-K,daily_blank_zero,1,Other nonnegative daily quantities exhaust product Grand Total
2025-12-02,aFRRDown,30XROGLYPTODON-B,daily_blank_zero,1,Other nonnegative daily quantities exhaust product Grand Total
2025-12-02,aFRRDown,30XROGLYPTODON-B,daily_blank_zero,1,Other nonnegative daily quantities exhaust product Grand Total
2025-12-02,aFRRUp,30XROMEGALODON-K,daily_blank_zero,1,Other nonnegative daily quantities exhaust product Grand Total
2025-12-02,aFRRUp,30XROMEGALODON-K,hourly_blank_zero,24,Known nonnegative hourly quantities exhaust daily supplier total; BID ids not joined
2025-12-02,aFRRDown,30XROGLYPTODON-B,hourly_blank_zero,48,Known nonnegative hourly quantities exhaust daily supplier total; BID ids not joined
2025-12-02,aFRRDown,30XROMEGALODON-K,hourly_blank_zero,48,Known nonnegative hourly quantities exhaust daily supplier total; BID ids not joined
2025-12-03,aFRRDown,30XROGLYPTODON-B,daily_blank_zero,1,Other nonnegative daily quantities exhaust product Grand Total
2025-12-03,aFRRDown,30XROGLYPTODON-B,daily_blank_zero,1,Other nonnegative daily quantities exhaust product Grand Total
2025-12-03,aFRRDown,30XROMEGALODON-K,daily_blank_zero,1,Other nonnegative daily quantities exhaust product Grand Total
2025-12-03,aFRRDown,30XROMEGALODON-K,daily_blank_zero,1,Other nonnegative daily quantities exhaust product Grand Total
2025-12-03,aFRRUp,30XROMEGALODON-K,daily_blank_zero,1,Other nonnegative daily quantities exhaust product Grand Total
2025-12-03,aFRRUp,30XROMEGALODON-K,hourly_blank_zero,24,Known nonnegative hourly quantities exhaust daily supplier total; BID ids not joined
2025-12-03,aFRRDown,30XROGLYPTODON-B,hourly_blank_zero,48,Known nonnegative hourly quantities exhaust daily supplier total; BID ids not joined
2025-12-03,aFRRDown,30XROMEGALODON-K,hourly_blank_zero,48,Known nonnegative hourly quantities exhaust daily supplier total; BID ids not joined
2025-12-04,FCR,30XROHIDRO-----1,daily_blank_zero,1,Other nonnegative daily quantities exhaust product Grand Total
2025-12-04,aFRRDown,30XROGLYPTODON-B,daily_blank_zero,1,Other nonnegative daily quantities exhaust product Grand Total
2025-12-04,aFRRDown,30XROGLYPTODON-B,daily_blank_zero,1,Other nonnegative daily quantities exhaust product Grand Total
2025-12-04,aFRRDown,30XROTENGAZ----B,daily_blank_zero,1,Other nonnegative daily quantities exhaust product Grand Total
2025-12-04,aFRRDown,30XROMEGALODON-K,daily_blank_zero,1,Other nonnegative daily quantities exhaust product Grand Total
2025-12-04,aFRRDown,30XROMEGALODON-K,daily_blank_zero,1,Other nonnegative daily quantities exhaust product Grand Total
2025-12-04,aFRRUp,30XROMEGALODON-K,daily_blank_zero,1,Other nonnegative daily quantities exhaust product Grand Total
2025-12-04,FCR,30XROHIDRO-----1,hourly_blank_zero,24,Known nonnegative hourly quantities exhaust daily supplier total; BID ids not joined
2025-12-04,aFRRUp,30XROMEGALODON-K,hourly_blank_zero,24,Known nonnegative hourly quantities exhaust daily supplier total; BID ids not joined
2025-12-04,aFRRDown,30XROTENGAZ----B,hourly_blank_zero,24,Known nonnegative hourly quantities exhaust daily supplier total; BID ids not joined
2025-12-04,aFRRDown,30XROGLYPTODON-B,hourly_blank_zero,48,Known nonnegative hourly quantities exhaust daily supplier total; BID ids not joined
2025-12-04,aFRRDown,30XROMEGALODON-K,hourly_blank_zero,48,Known nonnegative hourly quantities exhaust daily supplier total; BID ids not joined
2025-12-05,aFRRDown,30XROMEGALODON-K,daily_blank_zero,1,Other nonnegative daily quantities exhaust product Grand Total
2025-12-05,aFRRDown,30XROMEGALODON-K,daily_blank_zero,1,Other nonnegative daily quantities exhaust product Grand Total
2025-12-05,aFRRDown,30XROGLYPTODON-B,daily_blank_zero,1,Other nonnegative daily quantities exhaust product Grand Total
2025-12-05,aFRRDown,30XROGLYPTODON-B,daily_blank_zero,1,Other nonnegative daily quantities exhaust product Grand Total
2025-12-05,aFRRUp,30XROMEGALODON-K,daily_blank_zero,1,Other nonnegative daily quantities exhaust product Grand Total
2025-12-05,aFRRUp,30XROMEGALODON-K,hourly_blank_zero,24,Known nonnegative hourly quantities exhaust daily supplier total; BID ids not joined
2025-12-05,aFRRDown,30XROGLYPTODON-B,hourly_blank_zero,48,Known nonnegative hourly quantities exhaust daily supplier total; BID ids not joined
2025-12-05,aFRRDown,30XROMEGALODON-K,hourly_blank_zero,48,Known nonnegative hourly quantities exhaust daily supplier total; BID ids not joined
2025-12-06,aFRRDown,30XROMEGALODON-K,daily_blank_zero,1,Other nonnegative daily quantities exhaust product Grand Total
2025-12-06,aFRRDown,30XROMEGALODON-K,daily_blank_zero,1,Other nonnegative daily quantities exhaust product Grand Total
2025-12-06,aFRRDown,30XROGLYPTODON-B,daily_blank_zero,1,Other nonnegative daily quantities exhaust product Grand Total
2025-12-06,aFRRDown,30XROGLYPTODON-B,daily_blank_zero,1,Other nonnegative daily quantities exhaust product Grand Total
2025-12-06,aFRRUp,30XROMEGALODON-K,daily_blank_zero,1,Other nonnegative daily quantities exhaust product Grand Total
2025-12-06,aFRRUp,30XROMEGALODON-K,hourly_blank_zero,24,Known nonnegative hourly quantities exhaust daily supplier total; BID ids not joined
2025-12-06,aFRRDown,30XROGLYPTODON-B,hourly_blank_zero,48,Known nonnegative hourly quantities exhaust daily supplier total; BID ids not joined
2025-12-06,aFRRDown,30XROMEGALODON-K,hourly_blank_zero,48,Known nonnegative hourly quantities exhaust daily supplier total; BID ids not joined
2025-12-07,aFRRDown,30XROMEGALODON-K,daily_blank_zero,1,Other nonnegative daily quantities exhaust product Grand Total
2025-12-07,aFRRDown,30XROMEGALODON-K,daily_blank_zero,1,Other nonnegative daily quantities exhaust product Grand Total
2025-12-07,aFRRDown,30XROGLYPTODON-B,daily_blank_zero,1,Other nonnegative daily quantities exhaust product Grand Total
2025-12-07,aFRRDown,30XROGLYPTODON-B,daily_blank_zero,1,Other nonnegative daily quantities exhaust product Grand Total
2025-12-07,aFRRUp,30XROMEGALODON-K,daily_blank_zero,1,Other nonnegative daily quantities exhaust product Grand Total
2025-12-07,aFRRUp,30XROMEGALODON-K,hourly_blank_zero,24,Known nonnegative hourly quantities exhaust daily supplier total; BID ids not joined
2025-12-07,aFRRDown,30XROGLYPTODON-B,hourly_blank_zero,48,Known nonnegative hourly quantities exhaust daily supplier total; BID ids not joined
2025-12-07,aFRRDown,30XROMEGALODON-K,hourly_blank_zero,48,Known nonnegative hourly quantities exhaust daily supplier total; BID ids not joined
2025-12-08,aFRRDown,30XROGLYPTODON-B,daily_blank_zero,1,Other nonnegative daily quantities exhaust product Grand Total
2025-12-08,aFRRDown,30XROGLYPTODON-B,daily_blank_zero,1,Other nonnegative daily quantities exhaust product Grand Total
2025-12-08,aFRRDown,30XROMEGALODON-K,daily_blank_zero,1,Other nonnegative daily quantities exhaust product Grand Total
2025-12-08,aFRRDown,30XROMEGALODON-K,daily_blank_zero,1,Other nonnegative daily quantities exhaust product Grand Total
2025-12-08,aFRRUp,30XROMEGALODON-K,daily_blank_zero,1,Other nonnegative daily quantities exhaust product Grand Total
2025-12-08,aFRRUp,30XROMEGALODON-K,hourly_blank_zero,24,Known nonnegative hourly quantities exhaust daily supplier total; BID ids not joined
2025-12-08,aFRRDown,30XROGLYPTODON-B,hourly_blank_zero,48,Known nonnegative hourly quantities exhaust daily supplier total; BID ids not joined
2025-12-08,aFRRDown,30XROMEGALODON-K,hourly_blank_zero,48,Known nonnegative hourly quantities exhaust daily supplier total; BID ids not joined
2025-12-09,aFRRDown,30XROMEGALODON-K,daily_blank_zero,1,Other nonnegative daily quantities exhaust product Grand Total
2025-12-09,aFRRDown,30XROMEGALODON-K,daily_blank_zero,1,Other nonnegative daily quantities exhaust product Grand Total
2025-12-09,aFRRDown,30XROGLYPTODON-B,daily_blank_zero,1,Other nonnegative daily quantities exhaust product Grand Total
2025-12-09,aFRRDown,30XROGLYPTODON-B,daily_blank_zero,1,Other nonnegative daily quantities exhaust product Grand Total
2025-12-09,aFRRUp,30XROMEGALODON-K,daily_blank_zero,1,Other nonnegative daily quantities exhaust product Grand Total
2025-12-09,aFRRUp,30XROMEGALODON-K,hourly_blank_zero,24,Known nonnegative hourly quantities exhaust daily supplier total; BID ids not joined
2025-12-09,aFRRDown,30XROGLYPTODON-B,hourly_blank_zero,48,Known nonnegative hourly quantities exhaust daily supplier total; BID ids not joined
2025-12-09,aFRRDown,30XROMEGALODON-K,hourly_blank_zero,48,Known nonnegative hourly quantities exhaust daily supplier total; BID ids not joined
2025-12-10,aFRRDown,30XROGLYPTODON-B,daily_blank_zero,1,Other nonnegative daily quantities exhaust product Grand Total
2025-12-10,aFRRDown,30XROGLYPTODON-B,daily_blank_zero,1,Other nonnegative daily quantities exhaust product Grand Total
2025-12-10,aFRRDown,30XROMEGALODON-K,daily_blank_zero,1,Other nonnegative daily quantities exhaust product Grand Total
2025-12-10,aFRRDown,30XROMEGALODON-K,daily_blank_zero,1,Other nonnegative daily quantities exhaust product Grand Total
2025-12-10,aFRRUp,30XROMEGALODON-K,daily_blank_zero,1,Other nonnegative daily quantities exhaust product Grand Total
2025-12-10,aFRRUp,30XROMEGALODON-K,hourly_blank_zero,24,Known nonnegative hourly quantities exhaust daily supplier total; BID ids not joined
2025-12-10,aFRRDown,30XROGLYPTODON-B,hourly_blank_zero,48,Known nonnegative hourly quantities exhaust daily supplier total; BID ids not joined
2025-12-10,aFRRDown,30XROMEGALODON-K,hourly_blank_zero,48,Known nonnegative hourly quantities exhaust daily supplier total; BID ids not joined
2025-12-11,aFRRDown,30XROGLYPTODON-B,daily_blank_zero,1,Other nonnegative daily quantities exhaust product Grand Total
2025-12-11,aFRRDown,30XROGLYPTODON-B,daily_blank_zero,1,Other nonnegative daily quantities exhaust product Grand Total
2025-12-11,aFRRDown,30XROMEGALODON-K,daily_blank_zero,1,Other nonnegative daily quantities exhaust product Grand Total
2025-12-11,aFRRDown,30XROMEGALODON-K,daily_blank_zero,1,Other nonnegative daily quantities exhaust product Grand Total
2025-12-11,aFRRUp,30XROMEGALODON-K,daily_blank_zero,1,Other nonnegative daily quantities exhaust product Grand Total
2025-12-11,aFRRUp,30XROMEGALODON-K,hourly_blank_zero,24,Known nonnegative hourly quantities exhaust daily supplier total; BID ids not joined
2025-12-11,aFRRDown,30XROGLYPTODON-B,hourly_blank_zero,48,Known nonnegative hourly quantities exhaust daily supplier total; BID ids not joined
2025-12-11,aFRRDown,30XROMEGALODON-K,hourly_blank_zero,48,Known nonnegative hourly quantities exhaust daily supplier total; BID ids not joined
2025-12-12,aFRRDown,30XROTENGAZ----B,daily_blank_zero,1,Other nonnegative daily quantities exhaust product Grand Total
2025-12-12,aFRRDown,30XROGLYPTODON-B,daily_blank_zero,1,Other nonnegative daily quantities exhaust product Grand Total
2025-12-12,aFRRDown,30XROGLYPTODON-B,daily_blank_zero,1,Other nonnegative daily quantities exhaust product Grand Total
2025-12-12,aFRRDown,30XROMEGALODON-K,daily_blank_zero,1,Other nonnegative daily quantities exhaust product Grand Total
2025-12-12,aFRRDown,30XROMEGALODON-K,daily_blank_zero,1,Other nonnegative daily quantities exhaust product Grand Total
2025-12-12,aFRRUp,30XROMEGALODON-K,daily_blank_zero,1,Other nonnegative daily quantities exhaust product Grand Total
2025-12-12,aFRRUp,30XROMEGALODON-K,hourly_blank_zero,24,Known nonnegative hourly quantities exhaust daily supplier total; BID ids not joined
2025-12-12,aFRRDown,30XROTENGAZ----B,hourly_blank_zero,24,Known nonnegative hourly quantities exhaust daily supplier total; BID ids not joined
2025-12-12,aFRRDown,30XROGLYPTODON-B,hourly_blank_zero,48,Known nonnegative hourly quantities exhaust daily supplier total; BID ids not joined
2025-12-12,aFRRDown,30XROMEGALODON-K,hourly_blank_zero,48,Known nonnegative hourly quantities exhaust daily supplier total; BID ids not joined
2025-12-13,aFRRDown,30XROMEGALODON-K,daily_blank_zero,1,Other nonnegative daily quantities exhaust product Grand Total
2025-12-13,aFRRDown,30XROMEGALODON-K,daily_blank_zero,1,Other nonnegative daily quantities exhaust product Grand Total
2025-12-13,aFRRDown,30XROGLYPTODON-B,daily_blank_zero,1,Other nonnegative daily quantities exhaust product Grand Total
2025-12-13,aFRRDown,30XROGLYPTODON-B,daily_blank_zero,1,Other nonnegative daily quantities exhaust product Grand Total
2025-12-13,aFRRUp,30XROMEGALODON-K,daily_blank_zero,1,Other nonnegative daily quantities exhaust product Grand Total
2025-12-13,aFRRUp,30XROMEGALODON-K,hourly_blank_zero,24,Known nonnegative hourly quantities exhaust daily supplier total; BID ids not joined
2025-12-13,aFRRDown,30XROGLYPTODON-B,hourly_blank_zero,48,Known nonnegative hourly quantities exhaust daily supplier total; BID ids not joined
2025-12-13,aFRRDown,30XROMEGALODON-K,hourly_blank_zero,48,Known nonnegative hourly quantities exhaust daily supplier total; BID ids not joined
2025-12-14,aFRRDown,30XROMEGALODON-K,daily_blank_zero,1,Other nonnegative daily quantities exhaust product Grand Total
2025-12-14,aFRRDown,30XROMEGALODON-K,daily_blank_zero,1,Other nonnegative daily quantities exhaust product Grand Total
2025-12-14,aFRRDown,30XROGLYPTODON-B,daily_blank_zero,1,Other nonnegative daily quantities exhaust product Grand Total
2025-12-14,aFRRDown,30XROGLYPTODON-B,daily_blank_zero,1,Other nonnegative daily quantities exhaust product Grand Total
2025-12-14,aFRRUp,30XROMEGALODON-K,daily_blank_zero,1,Other nonnegative daily quantities exhaust product Grand Total
2025-12-14,aFRRUp,30XROMEGALODON-K,hourly_blank_zero,24,Known nonnegative hourly quantities exhaust daily supplier total; BID ids not joined
2025-12-14,aFRRDown,30XROGLYPTODON-B,hourly_blank_zero,48,Known nonnegative hourly quantities exhaust daily supplier total; BID ids not joined
2025-12-14,aFRRDown,30XROMEGALODON-K,hourly_blank_zero,48,Known nonnegative hourly quantities exhaust daily supplier total; BID ids not joined
2025-12-15,aFRRDown,30XROGLYPTODON-B,daily_blank_zero,1,Other nonnegative daily quantities exhaust product Grand Total
2025-12-15,aFRRDown,30XROGLYPTODON-B,daily_blank_zero,1,Other nonnegative daily quantities exhaust product Grand Total
2025-12-15,aFRRDown,30XROMEGALODON-K,daily_blank_zero,1,Other nonnegative daily quantities exhaust product Grand Total
2025-12-15,aFRRDown,30XROMEGALODON-K,daily_blank_zero,1,Other nonnegative daily quantities exhaust product Grand Total
2025-12-15,aFRRUp,30XROMEGALODON-K,daily_blank_zero,1,Other nonnegative daily quantities exhaust product Grand Total
2025-12-15,aFRRUp,30XROMEGALODON-K,hourly_blank_zero,24,Known nonnegative hourly quantities exhaust daily supplier total; BID ids not joined
2025-12-15,aFRRDown,30XROGLYPTODON-B,hourly_blank_zero,48,Known nonnegative hourly quantities exhaust daily supplier total; BID ids not joined
2025-12-15,aFRRDown,30XROMEGALODON-K,hourly_blank_zero,48,Known nonnegative hourly quantities exhaust daily supplier total; BID ids not joined
2025-12-16,aFRRDown,30XROMEGALODON-K,daily_blank_zero,1,Other nonnegative daily quantities exhaust product Grand Total
2025-12-16,aFRRDown,30XROMEGALODON-K,daily_blank_zero,1,Other nonnegative daily quantities exhaust product Grand Total
2025-12-16,aFRRDown,30XROGLYPTODON-B,daily_blank_zero,1,Other nonnegative daily quantities exhaust product Grand Total
2025-12-16,aFRRDown,30XROGLYPTODON-B,daily_blank_zero,1,Other nonnegative daily quantities exhaust product Grand Total
2025-12-16,aFRRUp,30XROMEGALODON-K,daily_blank_zero,1,Other nonnegative daily quantities exhaust product Grand Total
2025-12-16,aFRRUp,30XROMEGALODON-K,hourly_blank_zero,24,Known nonnegative hourly quantities exhaust daily supplier total; BID ids not joined
2025-12-16,aFRRDown,30XROGLYPTODON-B,hourly_blank_zero,48,Known nonnegative hourly quantities exhaust daily supplier total; BID ids not joined
2025-12-16,aFRRDown,30XROMEGALODON-K,hourly_blank_zero,48,Known nonnegative hourly quantities exhaust daily supplier total; BID ids not joined
2025-12-17,FCR,30XROPETROM----4,daily_blank_zero,1,Other nonnegative daily quantities exhaust product Grand Total
2025-12-17,aFRRDown,30XROGLYPTODON-B,daily_blank_zero,1,Other nonnegative daily quantities exhaust product Grand Total
2025-12-17,aFRRDown,30XROGLYPTODON-B,daily_blank_zero,1,Other nonnegative daily quantities exhaust product Grand Total
2025-12-17,aFRRDown,30XROMEGALODON-K,daily_blank_zero,1,Other nonnegative daily quantities exhaust product Grand Total
2025-12-17,aFRRDown,30XROMEGALODON-K,daily_blank_zero,1,Other nonnegative daily quantities exhaust product Grand Total
2025-12-17,aFRRUp,30XROMEGALODON-K,daily_blank_zero,1,Other nonnegative daily quantities exhaust product Grand Total
2025-12-17,FCR,30XROPETROM----4,hourly_blank_zero,24,Known nonnegative hourly quantities exhaust daily supplier total; BID ids not joined
2025-12-17,aFRRUp,30XROMEGALODON-K,hourly_blank_zero,24,Known nonnegative hourly quantities exhaust daily supplier total; BID ids not joined
2025-12-17,aFRRDown,30XROGLYPTODON-B,hourly_blank_zero,48,Known nonnegative hourly quantities exhaust daily supplier total; BID ids not joined
2025-12-17,aFRRDown,30XROMEGALODON-K,hourly_blank_zero,48,Known nonnegative hourly quantities exhaust daily supplier total; BID ids not joined
2025-12-21,aFRRDown,30XROCENCRAIOVAM,daily_blank_zero,1,Other nonnegative daily quantities exhaust product Grand Total
2025-12-21,aFRRDown,30XROCENCRAIOVAM,hourly_blank_zero,24,Known nonnegative hourly quantities exhaust daily supplier total; BID ids not joined
2025-12-25,aFRRDown,30XROTENGAZ----B,daily_blank_zero,1,Other nonnegative daily quantities exhaust product Grand Total
2025-12-25,aFRRDown,30XROTENGAZ----B,daily_blank_zero,1,Other nonnegative daily quantities exhaust product Grand Total
2025-12-25,aFRRDown,30XRO-NPS50----C,daily_blank_zero,1,Other nonnegative daily quantities exhaust product Grand Total
2025-12-25,aFRRUp,30XROTENGAZ----B,daily_blank_zero,1,Other nonnegative daily quantities exhaust product Grand Total
2025-12-25,aFRRUp,30XROTENGAZ----B,hourly_blank_zero,24,Known nonnegative hourly quantities exhaust daily supplier total; BID ids not joined
2025-12-25,aFRRDown,30XROTENGAZ----B,hourly_blank_zero,48,Known nonnegative hourly quantities exhaust daily supplier total; BID ids not joined
2025-12-25,aFRRDown,30XRO-NPS50----C,hourly_blank_zero,24,Known nonnegative hourly quantities exhaust daily supplier total; BID ids not joined
2025-12-30,aFRRDown,30XROGLYPTODON-B,daily_blank_zero,1,Other nonnegative daily quantities exhaust product Grand Total
2025-12-30,aFRRDown,30XROGLYPTODON-B,daily_blank_zero,1,Other nonnegative daily quantities exhaust product Grand Total
2025-12-30,aFRRDown,30XROGLYPTODON-B,daily_blank_zero,1,Other nonnegative daily quantities exhaust product Grand Total
2025-12-30,aFRRDown,30XROGLYPTODON-B,hourly_blank_zero,72,Known nonnegative hourly quantities exhaust daily supplier total; BID ids not joined
2025-12-31,aFRRDown,30XROGLYPTODON-B,daily_blank_zero,1,Other nonnegative daily quantities exhaust product Grand Total
2025-12-31,aFRRDown,30XROGLYPTODON-B,daily_blank_zero,1,Other nonnegative daily quantities exhaust product Grand Total
2025-12-31,aFRRDown,30XROGLYPTODON-B,hourly_blank_zero,48,Known nonnegative hourly quantities exhaust daily supplier total; BID ids not joined
2026-01-01,aFRRDown,30XROHIDRO-----1,daily_blank_zero,1,Other nonnegative daily quantities exhaust product Grand Total
2026-01-01,aFRRDown,30XROHIDRO-----1,daily_blank_zero,1,Other nonnegative daily quantities exhaust product Grand Total
2026-01-01,aFRRDown,30XROGLYPTODON-B,daily_blank_zero,1,Other nonnegative daily quantities exhaust product Grand Total
2026-01-01,aFRRDown,30XROGLYPTODON-B,daily_blank_zero,1,Other nonnegative daily quantities exhaust product Grand Total
2026-01-01,aFRRUp,30XROHIDRO-----1,daily_blank_zero,1,Other nonnegative daily quantities exhaust product Grand Total
2026-01-01,aFRRUp,30XROHIDRO-----1,daily_blank_zero,1,Other nonnegative daily quantities exhaust product Grand Total
2026-01-01,aFRRUp,30XROHIDRO-----1,hourly_blank_zero,48,Known nonnegative hourly quantities exhaust daily supplier total; BID ids not joined
2026-01-01,aFRRDown,30XROHIDRO-----1,hourly_blank_zero,48,Known nonnegative hourly quantities exhaust daily supplier total; BID ids not joined
2026-01-01,aFRRDown,30XROGLYPTODON-B,hourly_blank_zero,48,Known nonnegative hourly quantities exhaust daily supplier total; BID ids not joined
2026-01-02,aFRRDown,30XROHIDRO-----1,daily_blank_zero,1,Other nonnegative daily quantities exhaust product Grand Total
2026-01-02,aFRRDown,30XROHIDRO-----1,daily_blank_zero,1,Other nonnegative daily quantities exhaust product Grand Total
2026-01-02,aFRRDown,30XROGLYPTODON-B,daily_blank_zero,1,Other nonnegative daily quantities exhaust product Grand Total
2026-01-02,aFRRDown,30XROGLYPTODON-B,daily_blank_zero,1,Other nonnegative daily quantities exhaust product Grand Total
2026-01-02,aFRRDown,30XROMEGALODON-K,daily_blank_zero,1,Other nonnegative daily quantities exhaust product Grand Total
2026-01-02,aFRRDown,30XROMEGALODON-K,daily_blank_zero,1,Other nonnegative daily quantities exhaust product Grand Total
2026-01-02,aFRRUp,30XROMEGALODON-K,daily_blank_zero,1,Other nonnegative daily quantities exhaust product Grand Total
2026-01-02,aFRRUp,30XROHIDRO-----1,daily_blank_zero,1,Other nonnegative daily quantities exhaust product Grand Total
2026-01-02,aFRRUp,30XROHIDRO-----1,daily_blank_zero,1,Other nonnegative daily quantities exhaust product Grand Total
2026-01-02,aFRRUp,30XROHIDRO-----1,hourly_blank_zero,48,Known nonnegative hourly quantities exhaust daily supplier total; BID ids not joined
2026-01-02,aFRRUp,30XROMEGALODON-K,hourly_blank_zero,24,Known nonnegative hourly quantities exhaust daily supplier total; BID ids not joined
2026-01-02,aFRRDown,30XROHIDRO-----1,hourly_blank_zero,48,Known nonnegative hourly quantities exhaust daily supplier total; BID ids not joined
2026-01-02,aFRRDown,30XROGLYPTODON-B,hourly_blank_zero,48,Known nonnegative hourly quantities exhaust daily supplier total; BID ids not joined
2026-01-02,aFRRDown,30XROMEGALODON-K,hourly_blank_zero,48,Known nonnegative hourly quantities exhaust daily supplier total; BID ids not joined
2026-01-03,aFRRDown,30XROMEGALODON-K,daily_blank_zero,1,Other nonnegative daily quantities exhaust product Grand Total
2026-01-03,aFRRDown,30XROMEGALODON-K,daily_blank_zero,1,Other nonnegative daily quantities exhaust product Grand Total
2026-01-03,aFRRDown,30XROGLYPTODON-B,daily_blank_zero,1,Other nonnegative daily quantities exhaust product Grand Total
2026-01-03,aFRRDown,30XROGLYPTODON-B,daily_blank_zero,1,Other nonnegative daily quantities exhaust product Grand Total
2026-01-03,aFRRUp,30XROMEGALODON-K,daily_blank_zero,1,Other nonnegative daily quantities exhaust product Grand Total
2026-01-03,aFRRUp,30XROMEGALODON-K,hourly_blank_zero,24,Known nonnegative hourly quantities exhaust daily supplier total; BID ids not joined
2026-01-03,aFRRDown,30XROGLYPTODON-B,hourly_blank_zero,48,Known nonnegative hourly quantities exhaust daily supplier total; BID ids not joined
2026-01-03,aFRRDown,30XROMEGALODON-K,hourly_blank_zero,48,Known nonnegative hourly quantities exhaust daily supplier total; BID ids not joined
2026-01-04,aFRRDown,30XROGLYPTODON-B,daily_blank_zero,1,Other nonnegative daily quantities exhaust product Grand Total
2026-01-04,aFRRDown,30XROGLYPTODON-B,daily_blank_zero,1,Other nonnegative daily quantities exhaust product Grand Total
2026-01-04,aFRRDown,30XROMEGALODON-K,daily_blank_zero,1,Other nonnegative daily quantities exhaust product Grand Total
2026-01-04,aFRRDown,30XROMEGALODON-K,daily_blank_zero,1,Other nonnegative daily quantities exhaust product Grand Total
2026-01-04,aFRRUp,30XROMEGALODON-K,daily_blank_zero,1,Other nonnegative daily quantities exhaust product Grand Total
2026-01-04,aFRRUp,30XROMEGALODON-K,hourly_blank_zero,24,Known nonnegative hourly quantities exhaust daily supplier total; BID ids not joined
2026-01-04,aFRRDown,30XROGLYPTODON-B,hourly_blank_zero,48,Known nonnegative hourly quantities exhaust daily supplier total; BID ids not joined
2026-01-04,aFRRDown,30XROMEGALODON-K,hourly_blank_zero,48,Known nonnegative hourly quantities exhaust daily supplier total; BID ids not joined
2026-01-05,aFRRDown,30XROMEGALODON-K,daily_blank_zero,1,Other nonnegative daily quantities exhaust product Grand Total
2026-01-05,aFRRDown,30XROMEGALODON-K,daily_blank_zero,1,Other nonnegative daily quantities exhaust product Grand Total
2026-01-05,aFRRDown,30XROGLYPTODON-B,daily_blank_zero,1,Other nonnegative daily quantities exhaust product Grand Total
2026-01-05,aFRRDown,30XROGLYPTODON-B,daily_blank_zero,1,Other nonnegative daily quantities exhaust product Grand Total
2026-01-05,aFRRUp,30XROMEGALODON-K,daily_blank_zero,1,Other nonnegative daily quantities exhaust product Grand Total
2026-01-05,aFRRUp,30XROMEGALODON-K,hourly_blank_zero,24,Known nonnegative hourly quantities exhaust daily supplier total; BID ids not joined
2026-01-05,aFRRDown,30XROGLYPTODON-B,hourly_blank_zero,48,Known nonnegative hourly quantities exhaust daily supplier total; BID ids not joined
2026-01-05,aFRRDown,30XROMEGALODON-K,hourly_blank_zero,48,Known nonnegative hourly quantities exhaust daily supplier total; BID ids not joined
2026-01-06,aFRRDown,30XROMEGALODON-K,daily_blank_zero,1,Other nonnegative daily quantities exhaust product Grand Total
2026-01-06,aFRRDown,30XROMEGALODON-K,daily_blank_zero,1,Other nonnegative daily quantities exhaust product Grand Total
2026-01-06,aFRRDown,30XROGLYPTODON-B,daily_blank_zero,1,Other nonnegative daily quantities exhaust product Grand Total
2026-01-06,aFRRDown,30XROGLYPTODON-B,daily_blank_zero,1,Other nonnegative daily quantities exhaust product Grand Total
2026-01-06,aFRRUp,30XROMEGALODON-K,daily_blank_zero,1,Other nonnegative daily quantities exhaust product Grand Total
2026-01-06,aFRRUp,30XROMEGALODON-K,hourly_blank_zero,24,Known nonnegative hourly quantities exhaust daily supplier total; BID ids not joined
2026-01-06,aFRRDown,30XROGLYPTODON-B,hourly_blank_zero,48,Known nonnegative hourly quantities exhaust daily supplier total; BID ids not joined
2026-01-06,aFRRDown,30XROMEGALODON-K,hourly_blank_zero,48,Known nonnegative hourly quantities exhaust daily supplier total; BID ids not joined
2026-01-07,aFRRDown,30XROGLYPTODON-B,daily_blank_zero,1,Other nonnegative daily quantities exhaust product Grand Total
2026-01-07,aFRRDown,30XROGLYPTODON-B,daily_blank_zero,1,Other nonnegative daily quantities exhaust product Grand Total
2026-01-07,aFRRDown,30XROMEGALODON-K,daily_blank_zero,1,Other nonnegative daily quantities exhaust product Grand Total
2026-01-07,aFRRDown,30XROMEGALODON-K,daily_blank_zero,1,Other nonnegative daily quantities exhaust product Grand Total
2026-01-07,aFRRUp,30XROMEGALODON-K,daily_blank_zero,1,Other nonnegative daily quantities exhaust product Grand Total
2026-01-07,aFRRUp,30XROMEGALODON-K,hourly_blank_zero,24,Known nonnegative hourly quantities exhaust daily supplier total; BID ids not joined
2026-01-07,aFRRDown,30XROGLYPTODON-B,hourly_blank_zero,48,Known nonnegative hourly quantities exhaust daily supplier total; BID ids not joined
2026-01-07,aFRRDown,30XROMEGALODON-K,hourly_blank_zero,48,Known nonnegative hourly quantities exhaust daily supplier total; BID ids not joined
2026-01-08,aFRRDown,30XROMEGALODON-K,daily_blank_zero,1,Other nonnegative daily quantities exhaust product Grand Total
2026-01-08,aFRRDown,30XROMEGALODON-K,daily_blank_zero,1,Other nonnegative daily quantities exhaust product Grand Total
2026-01-08,aFRRDown,30XROGLYPTODON-B,daily_blank_zero,1,Other nonnegative daily quantities exhaust product Grand Total
2026-01-08,aFRRDown,30XROGLYPTODON-B,daily_blank_zero,1,Other nonnegative daily quantities exhaust product Grand Total
2026-01-08,aFRRUp,30XROMEGALODON-K,daily_blank_zero,1,Other nonnegative daily quantities exhaust product Grand Total
2026-01-08,aFRRUp,30XROMEGALODON-K,hourly_blank_zero,24,Known nonnegative hourly quantities exhaust daily supplier total; BID ids not joined
2026-01-08,aFRRDown,30XROGLYPTODON-B,hourly_blank_zero,48,Known nonnegative hourly quantities exhaust daily supplier total; BID ids not joined
2026-01-08,aFRRDown,30XROMEGALODON-K,hourly_blank_zero,48,Known nonnegative hourly quantities exhaust daily supplier total; BID ids not joined
2026-01-09,aFRRDown,30XROMEGALODON-K,daily_blank_zero,1,Other nonnegative daily quantities exhaust product Grand Total
2026-01-09,aFRRDown,30XROMEGALODON-K,daily_blank_zero,1,Other nonnegative daily quantities exhaust product Grand Total
2026-01-09,aFRRDown,30XROGLYPTODON-B,daily_blank_zero,1,Other nonnegative daily quantities exhaust product Grand Total
2026-01-09,aFRRDown,30XROGLYPTODON-B,daily_blank_zero,1,Other nonnegative daily quantities exhaust product Grand Total
2026-01-09,aFRRUp,30XROMEGALODON-K,daily_blank_zero,1,Other nonnegative daily quantities exhaust product Grand Total
2026-01-09,aFRRUp,30XROMEGALODON-K,hourly_blank_zero,24,Known nonnegative hourly quantities exhaust daily supplier total; BID ids not joined
2026-01-09,aFRRDown,30XROGLYPTODON-B,hourly_blank_zero,48,Known nonnegative hourly quantities exhaust daily supplier total; BID ids not joined
2026-01-09,aFRRDown,30XROMEGALODON-K,hourly_blank_zero,48,Known nonnegative hourly quantities exhaust daily supplier total; BID ids not joined
2026-01-10,aFRRDown,30XROGLYPTODON-B,daily_blank_zero,1,Other nonnegative daily quantities exhaust product Grand Total
2026-01-10,aFRRDown,30XROGLYPTODON-B,daily_blank_zero,1,Other nonnegative daily quantities exhaust product Grand Total
2026-01-10,aFRRDown,30XROMEGALODON-K,daily_blank_zero,1,Other nonnegative daily quantities exhaust product Grand Total
2026-01-10,aFRRDown,30XROMEGALODON-K,daily_blank_zero,1,Other nonnegative daily quantities exhaust product Grand Total
2026-01-10,aFRRUp,30XROMEGALODON-K,daily_blank_zero,1,Other nonnegative daily quantities exhaust product Grand Total
2026-01-10,aFRRUp,30XROMEGALODON-K,hourly_blank_zero,24,Known nonnegative hourly quantities exhaust daily supplier total; BID ids not joined
2026-01-10,aFRRDown,30XROGLYPTODON-B,hourly_blank_zero,48,Known nonnegative hourly quantities exhaust daily supplier total; BID ids not joined
2026-01-10,aFRRDown,30XROMEGALODON-K,hourly_blank_zero,48,Known nonnegative hourly quantities exhaust daily supplier total; BID ids not joined
2026-01-11,aFRRDown,30XROGLYPTODON-B,daily_blank_zero,1,Other nonnegative daily quantities exhaust product Grand Total
2026-01-11,aFRRDown,30XROGLYPTODON-B,daily_blank_zero,1,Other nonnegative daily quantities exhaust product Grand Total
2026-01-11,aFRRDown,30XROMEGALODON-K,daily_blank_zero,1,Other nonnegative daily quantities exhaust product Grand Total
2026-01-11,aFRRDown,30XROMEGALODON-K,daily_blank_zero,1,Other nonnegative daily quantities exhaust product Grand Total
2026-01-11,aFRRUp,30XROMEGALODON-K,daily_blank_zero,1,Other nonnegative daily quantities exhaust product Grand Total
2026-01-11,aFRRUp,30XROMEGALODON-K,hourly_blank_zero,24,Known nonnegative hourly quantities exhaust daily supplier total; BID ids not joined
2026-01-11,aFRRDown,30XROGLYPTODON-B,hourly_blank_zero,48,Known nonnegative hourly quantities exhaust daily supplier total; BID ids not joined
2026-01-11,aFRRDown,30XROMEGALODON-K,hourly_blank_zero,48,Known nonnegative hourly quantities exhaust daily supplier total; BID ids not joined
2026-01-12,aFRRDown,30XROMEGALODON-K,daily_blank_zero,1,Other nonnegative daily quantities exhaust product Grand Total
2026-01-12,aFRRDown,30XROMEGALODON-K,daily_blank_zero,1,Other nonnegative daily quantities exhaust product Grand Total
2026-01-12,aFRRDown,30XROGLYPTODON-B,daily_blank_zero,1,Other nonnegative daily quantities exhaust product Grand Total
2026-01-12,aFRRDown,30XROGLYPTODON-B,daily_blank_zero,1,Other nonnegative daily quantities exhaust product Grand Total
2026-01-12,aFRRUp,30XROMEGALODON-K,daily_blank_zero,1,Other nonnegative daily quantities exhaust product Grand Total
2026-01-12,aFRRUp,30XROMEGALODON-K,hourly_blank_zero,24,Known nonnegative hourly quantities exhaust daily supplier total; BID ids not joined
2026-01-12,aFRRDown,30XROGLYPTODON-B,hourly_blank_zero,48,Known nonnegative hourly quantities exhaust daily supplier total; BID ids not joined
2026-01-12,aFRRDown,30XROMEGALODON-K,hourly_blank_zero,48,Known nonnegative hourly quantities exhaust daily supplier total; BID ids not joined
2026-01-13,aFRRDown,30XROGLYPTODON-B,daily_blank_zero,1,Other nonnegative daily quantities exhaust product Grand Total
2026-01-13,aFRRDown,30XROGLYPTODON-B,daily_blank_zero,1,Other nonnegative daily quantities exhaust product Grand Total
2026-01-13,aFRRDown,30XROMEGALODON-K,daily_blank_zero,1,Other nonnegative daily quantities exhaust product Grand Total
2026-01-13,aFRRDown,30XROMEGALODON-K,daily_blank_zero,1,Other nonnegative daily quantities exhaust product Grand Total
2026-01-13,aFRRUp,30XROMEGALODON-K,daily_blank_zero,1,Other nonnegative daily quantities exhaust product Grand Total
2026-01-13,aFRRUp,30XROMEGALODON-K,hourly_blank_zero,24,Known nonnegative hourly quantities exhaust daily supplier total; BID ids not joined
2026-01-13,aFRRDown,30XROGLYPTODON-B,hourly_blank_zero,48,Known nonnegative hourly quantities exhaust daily supplier total; BID ids not joined
2026-01-13,aFRRDown,30XROMEGALODON-K,hourly_blank_zero,48,Known nonnegative hourly quantities exhaust daily supplier total; BID ids not joined
2026-01-14,aFRRDown,30XROMEGALODON-K,daily_blank_zero,1,Other nonnegative daily quantities exhaust product Grand Total
2026-01-14,aFRRDown,30XROMEGALODON-K,daily_blank_zero,1,Other nonnegative daily quantities exhaust product Grand Total
2026-01-14,aFRRDown,30XROGLYPTODON-B,daily_blank_zero,1,Other nonnegative daily quantities exhaust product Grand Total
2026-01-14,aFRRDown,30XROGLYPTODON-B,daily_blank_zero,1,Other nonnegative daily quantities exhaust product Grand Total
2026-01-14,aFRRUp,30XROMEGALODON-K,daily_blank_zero,1,Other nonnegative daily quantities exhaust product Grand Total
2026-01-14,aFRRUp,30XROMEGALODON-K,hourly_blank_zero,24,Known nonnegative hourly quantities exhaust daily supplier total; BID ids not joined
2026-01-14,aFRRDown,30XROGLYPTODON-B,hourly_blank_zero,48,Known nonnegative hourly quantities exhaust daily supplier total; BID ids not joined
2026-01-14,aFRRDown,30XROMEGALODON-K,hourly_blank_zero,48,Known nonnegative hourly quantities exhaust daily supplier total; BID ids not joined
2026-01-15,aFRRDown,30XROMEGALODON-K,daily_blank_zero,1,Other nonnegative daily quantities exhaust product Grand Total
2026-01-15,aFRRDown,30XROMEGALODON-K,daily_blank_zero,1,Other nonnegative daily quantities exhaust product Grand Total
2026-01-15,aFRRDown,30XROGLYPTODON-B,daily_blank_zero,1,Other nonnegative daily quantities exhaust product Grand Total
2026-01-15,aFRRDown,30XROGLYPTODON-B,daily_blank_zero,1,Other nonnegative daily quantities exhaust product Grand Total
2026-01-15,aFRRUp,30XROMEGALODON-K,daily_blank_zero,1,Other nonnegative daily quantities exhaust product Grand Total
2026-01-15,aFRRUp,30XROMEGALODON-K,hourly_blank_zero,24,Known nonnegative hourly quantities exhaust daily supplier total; BID ids not joined
2026-01-15,aFRRDown,30XROGLYPTODON-B,hourly_blank_zero,48,Known nonnegative hourly quantities exhaust daily supplier total; BID ids not joined
2026-01-15,aFRRDown,30XROMEGALODON-K,hourly_blank_zero,48,Known nonnegative hourly quantities exhaust daily supplier total; BID ids not joined
2026-01-16,aFRRDown,30XROGLYPTODON-B,daily_blank_zero,1,Other nonnegative daily quantities exhaust product Grand Total
2026-01-16,aFRRDown,30XROGLYPTODON-B,daily_blank_zero,1,Other nonnegative daily quantities exhaust product Grand Total
2026-01-16,aFRRDown,30XROMEGALODON-K,daily_blank_zero,1,Other nonnegative daily quantities exhaust product Grand Total
2026-01-16,aFRRDown,30XROMEGALODON-K,daily_blank_zero,1,Other nonnegative daily quantities exhaust product Grand Total
2026-01-16,aFRRUp,30XROMEGALODON-K,daily_blank_zero,1,Other nonnegative daily quantities exhaust product Grand Total
2026-01-16,aFRRUp,30XROMEGALODON-K,hourly_blank_zero,24,Known nonnegative hourly quantities exhaust daily supplier total; BID ids not joined
2026-01-16,aFRRDown,30XROGLYPTODON-B,hourly_blank_zero,48,Known nonnegative hourly quantities exhaust daily supplier total; BID ids not joined
2026-01-16,aFRRDown,30XROMEGALODON-K,hourly_blank_zero,48,Known nonnegative hourly quantities exhaust daily supplier total; BID ids not joined
2026-01-17,aFRRDown,30XROMEGALODON-K,daily_blank_zero,1,Other nonnegative daily quantities exhaust product Grand Total
2026-01-17,aFRRDown,30XROMEGALODON-K,daily_blank_zero,1,Other nonnegative daily quantities exhaust product Grand Total
2026-01-17,aFRRDown,30XROGLYPTODON-B,daily_blank_zero,1,Other nonnegative daily quantities exhaust product Grand Total
2026-01-17,aFRRDown,30XROGLYPTODON-B,daily_blank_zero,1,Other nonnegative daily quantities exhaust product Grand Total
2026-01-17,aFRRUp,30XROGLYPTODON-B,daily_blank_zero,1,Other nonnegative daily quantities exhaust product Grand Total
2026-01-17,aFRRUp,30XROMEGALODON-K,daily_blank_zero,1,Other nonnegative daily quantities exhaust product Grand Total
2026-01-17,aFRRUp,30XROGLYPTODON-B,hourly_blank_zero,24,Known nonnegative hourly quantities exhaust daily supplier total; BID ids not joined
2026-01-17,aFRRUp,30XROMEGALODON-K,hourly_blank_zero,24,Known nonnegative hourly quantities exhaust daily supplier total; BID ids not joined
2026-01-17,aFRRDown,30XROGLYPTODON-B,hourly_blank_zero,48,Known nonnegative hourly quantities exhaust daily supplier total; BID ids not joined
2026-01-17,aFRRDown,30XROMEGALODON-K,hourly_blank_zero,48,Known nonnegative hourly quantities exhaust daily supplier total; BID ids not joined
2026-01-18,aFRRDown,30XROMEGALODON-K,daily_blank_zero,1,Other nonnegative daily quantities exhaust product Grand Total
2026-01-18,aFRRDown,30XROMEGALODON-K,daily_blank_zero,1,Other nonnegative daily quantities exhaust product Grand Total
2026-01-18,aFRRDown,30XROGLYPTODON-B,daily_blank_zero,1,Other nonnegative daily quantities exhaust product Grand Total
2026-01-18,aFRRDown,30XROGLYPTODON-B,daily_blank_zero,1,Other nonnegative daily quantities exhaust product Grand Total
2026-01-18,aFRRUp,30XROMEGALODON-K,daily_blank_zero,1,Other nonnegative daily quantities exhaust product Grand Total
2026-01-18,aFRRUp,30XROGLYPTODON-B,daily_blank_zero,1,Other nonnegative daily quantities exhaust product Grand Total
2026-01-18,aFRRUp,30XROGLYPTODON-B,hourly_blank_zero,24,Known nonnegative hourly quantities exhaust daily supplier total; BID ids not joined
2026-01-18,aFRRUp,30XROMEGALODON-K,hourly_blank_zero,24,Known nonnegative hourly quantities exhaust daily supplier total; BID ids not joined
2026-01-18,aFRRDown,30XROGLYPTODON-B,hourly_blank_zero,48,Known nonnegative hourly quantities exhaust daily supplier total; BID ids not joined
2026-01-18,aFRRDown,30XROMEGALODON-K,hourly_blank_zero,48,Known nonnegative hourly quantities exhaust daily supplier total; BID ids not joined
2026-01-19,aFRRDown,30XROGLYPTODON-B,daily_blank_zero,1,Other nonnegative daily quantities exhaust product Grand Total
2026-01-19,aFRRDown,30XROGLYPTODON-B,daily_blank_zero,1,Other nonnegative daily quantities exhaust product Grand Total
2026-01-19,aFRRDown,30XROMEGALODON-K,daily_blank_zero,1,Other nonnegative daily quantities exhaust product Grand Total
2026-01-19,aFRRDown,30XROMEGALODON-K,daily_blank_zero,1,Other nonnegative daily quantities exhaust product Grand Total
2026-01-19,aFRRUp,30XROMEGALODON-K,daily_blank_zero,1,Other nonnegative daily quantities exhaust product Grand Total
2026-01-19,aFRRUp,30XROMEGALODON-K,hourly_blank_zero,24,Known nonnegative hourly quantities exhaust daily supplier total; BID ids not joined
2026-01-19,aFRRDown,30XROGLYPTODON-B,hourly_blank_zero,48,Known nonnegative hourly quantities exhaust daily supplier total; BID ids not joined
2026-01-19,aFRRDown,30XROMEGALODON-K,hourly_blank_zero,48,Known nonnegative hourly quantities exhaust daily supplier total; BID ids not joined
2026-01-20,aFRRDown,30XROMEGALODON-K,daily_blank_zero,1,Other nonnegative daily quantities exhaust product Grand Total
2026-01-20,aFRRDown,30XROMEGALODON-K,daily_blank_zero,1,Other nonnegative daily quantities exhaust product Grand Total
2026-01-20,aFRRDown,30XROGLYPTODON-B,daily_blank_zero,1,Other nonnegative daily quantities exhaust product Grand Total
2026-01-20,aFRRDown,30XROGLYPTODON-B,daily_blank_zero,1,Other nonnegative daily quantities exhaust product Grand Total
2026-01-20,aFRRUp,30XROGLYPTODON-B,daily_blank_zero,1,Other nonnegative daily quantities exhaust product Grand Total
2026-01-20,aFRRUp,30XROMEGALODON-K,daily_blank_zero,1,Other nonnegative daily quantities exhaust product Grand Total
2026-01-20,aFRRUp,30XROGLYPTODON-B,hourly_blank_zero,24,Known nonnegative hourly quantities exhaust daily supplier total; BID ids not joined
2026-01-20,aFRRUp,30XROMEGALODON-K,hourly_blank_zero,24,Known nonnegative hourly quantities exhaust daily supplier total; BID ids not joined
2026-01-20,aFRRDown,30XROGLYPTODON-B,hourly_blank_zero,48,Known nonnegative hourly quantities exhaust daily supplier total; BID ids not joined
2026-01-20,aFRRDown,30XROMEGALODON-K,hourly_blank_zero,48,Known nonnegative hourly quantities exhaust daily supplier total; BID ids not joined
2026-01-21,aFRRDown,30XROMEGALODON-K,daily_blank_zero,1,Other nonnegative daily quantities exhaust product Grand Total
2026-01-21,aFRRDown,30XROMEGALODON-K,daily_blank_zero,1,Other nonnegative daily quantities exhaust product Grand Total
2026-01-21,aFRRUp,30XROMEGALODON-K,daily_blank_zero,1,Other nonnegative daily quantities exhaust product Grand Total
2026-01-21,aFRRUp,30XROMEGALODON-K,hourly_blank_zero,24,Known nonnegative hourly quantities exhaust daily supplier total; BID ids not joined
2026-01-21,aFRRDown,30XROMEGALODON-K,hourly_blank_zero,48,Known nonnegative hourly quantities exhaust daily supplier total; BID ids not joined
2026-01-22,aFRRDown,30XROMEGALODON-K,daily_blank_zero,1,Other nonnegative daily quantities exhaust product Grand Total
2026-01-22,aFRRDown,30XROMEGALODON-K,daily_blank_zero,1,Other nonnegative daily quantities exhaust product Grand Total
2026-01-22,aFRRUp,30XROMEGALODON-K,daily_blank_zero,1,Other nonnegative daily quantities exhaust product Grand Total
2026-01-22,aFRRUp,30XROMEGALODON-K,hourly_blank_zero,24,Known nonnegative hourly quantities exhaust daily supplier total; BID ids not joined
2026-01-22,aFRRDown,30XROMEGALODON-K,hourly_blank_zero,48,Known nonnegative hourly quantities exhaust daily supplier total; BID ids not joined
2026-01-23,aFRRDown,30XROMEGALODON-K,daily_blank_zero,1,Other nonnegative daily quantities exhaust product Grand Total
2026-01-23,aFRRDown,30XROMEGALODON-K,daily_blank_zero,1,Other nonnegative daily quantities exhaust product Grand Total
2026-01-23,aFRRUp,30XROMEGALODON-K,daily_blank_zero,1,Other nonnegative daily quantities exhaust product Grand Total
2026-01-23,aFRRUp,30XROMEGALODON-K,hourly_blank_zero,24,Known nonnegative hourly quantities exhaust daily supplier total; BID ids not joined
2026-01-23,aFRRDown,30XROMEGALODON-K,hourly_blank_zero,48,Known nonnegative hourly quantities exhaust daily supplier total; BID ids not joined
2026-01-24,aFRRDown,30XROMEGALODON-K,daily_blank_zero,1,Other nonnegative daily quantities exhaust product Grand Total
2026-01-24,aFRRDown,30XROMEGALODON-K,daily_blank_zero,1,Other nonnegative daily quantities exhaust product Grand Total
2026-01-24,aFRRUp,30XROMEGALODON-K,daily_blank_zero,1,Other nonnegative daily quantities exhaust product Grand Total
2026-01-24,aFRRUp,30XROMEGALODON-K,hourly_blank_zero,24,Known nonnegative hourly quantities exhaust daily supplier total; BID ids not joined
2026-01-24,aFRRDown,30XROMEGALODON-K,hourly_blank_zero,48,Known nonnegative hourly quantities exhaust daily supplier total; BID ids not joined
2026-01-25,aFRRDown,30XROMEGALODON-K,daily_blank_zero,1,Other nonnegative daily quantities exhaust product Grand Total
2026-01-25,aFRRDown,30XROMEGALODON-K,daily_blank_zero,1,Other nonnegative daily quantities exhaust product Grand Total
2026-01-25,aFRRUp,30XROMEGALODON-K,daily_blank_zero,1,Other nonnegative daily quantities exhaust product Grand Total
2026-01-25,aFRRUp,30XROMEGALODON-K,hourly_blank_zero,24,Known nonnegative hourly quantities exhaust daily supplier total; BID ids not joined
2026-01-25,aFRRDown,30XROMEGALODON-K,hourly_blank_zero,48,Known nonnegative hourly quantities exhaust daily supplier total; BID ids not joined
2026-01-26,aFRRDown,30XROMEGALODON-K,daily_blank_zero,1,Other nonnegative daily quantities exhaust product Grand Total
2026-01-26,aFRRDown,30XROMEGALODON-K,daily_blank_zero,1,Other nonnegative daily quantities exhaust product Grand Total
2026-01-26,aFRRUp,30XROMEGALODON-K,daily_blank_zero,1,Other nonnegative daily quantities exhaust product Grand Total
2026-01-26,aFRRUp,30XROMEGALODON-K,hourly_blank_zero,24,Known nonnegative hourly quantities exhaust daily supplier total; BID ids not joined
2026-01-26,aFRRDown,30XROMEGALODON-K,hourly_blank_zero,48,Known nonnegative hourly quantities exhaust daily supplier total; BID ids not joined
2026-01-27,aFRRDown,30XROMEGALODON-K,daily_blank_zero,1,Other nonnegative daily quantities exhaust product Grand Total
2026-01-27,aFRRDown,30XROMEGALODON-K,daily_blank_zero,1,Other nonnegative daily quantities exhaust product Grand Total
2026-01-27,aFRRUp,30XROMEGALODON-K,daily_blank_zero,1,Other nonnegative daily quantities exhaust product Grand Total
2026-01-27,aFRRUp,30XROMEGALODON-K,hourly_blank_zero,24,Known nonnegative hourly quantities exhaust daily supplier total; BID ids not joined
2026-01-27,aFRRDown,30XROMEGALODON-K,hourly_blank_zero,48,Known nonnegative hourly quantities exhaust daily supplier total; BID ids not joined
2026-01-28,aFRRDown,30XROMEGALODON-K,daily_blank_zero,1,Other nonnegative daily quantities exhaust product Grand Total
2026-01-28,aFRRDown,30XROMEGALODON-K,daily_blank_zero,1,Other nonnegative daily quantities exhaust product Grand Total
2026-01-28,aFRRUp,30XROMEGALODON-K,daily_blank_zero,1,Other nonnegative daily quantities exhaust product Grand Total
2026-01-28,aFRRUp,30XROMEGALODON-K,hourly_blank_zero,24,Known nonnegative hourly quantities exhaust daily supplier total; BID ids not joined
2026-01-28,aFRRDown,30XROMEGALODON-K,hourly_blank_zero,48,Known nonnegative hourly quantities exhaust daily supplier total; BID ids not joined
2026-01-29,aFRRDown,30XROCENCRAIOVAM,daily_blank_zero,1,Other nonnegative daily quantities exhaust product Grand Total
2026-01-29,aFRRDown,30XROMEGALODON-K,daily_blank_zero,1,Other nonnegative daily quantities exhaust product Grand Total
2026-01-29,aFRRDown,30XROMEGALODON-K,daily_blank_zero,1,Other nonnegative daily quantities exhaust product Grand Total
2026-01-29,aFRRUp,30XROMEGALODON-K,daily_blank_zero,1,Other nonnegative daily quantities exhaust product Grand Total
2026-01-29,aFRRUp,30XROMEGALODON-K,hourly_blank_zero,24,Known nonnegative hourly quantities exhaust daily supplier total; BID ids not joined
2026-01-29,aFRRDown,30XROCENCRAIOVAM,hourly_blank_zero,24,Known nonnegative hourly quantities exhaust daily supplier total; BID ids not joined
2026-01-29,aFRRDown,30XROMEGALODON-K,hourly_blank_zero,48,Known nonnegative hourly quantities exhaust daily supplier total; BID ids not joined
2026-01-30,FCR,30XROHIDRO-----1,daily_blank_zero,1,Other nonnegative daily quantities exhaust product Grand Total
2026-01-30,aFRRDown,30XROMEGALODON-K,daily_blank_zero,1,Other nonnegative daily quantities exhaust product Grand Total
2026-01-30,aFRRDown,30XROMEGALODON-K,daily_blank_zero,1,Other nonnegative daily quantities exhaust product Grand Total
2026-01-30,aFRRUp,30XROMEGALODON-K,daily_blank_zero,1,Other nonnegative daily quantities exhaust product Grand Total
2026-01-30,FCR,30XROHIDRO-----1,hourly_blank_zero,24,Known nonnegative hourly quantities exhaust daily supplier total; BID ids not joined
2026-01-30,aFRRUp,30XROMEGALODON-K,hourly_blank_zero,24,Known nonnegative hourly quantities exhaust daily supplier total; BID ids not joined
2026-01-30,aFRRDown,30XROMEGALODON-K,hourly_blank_zero,48,Known nonnegative hourly quantities exhaust daily supplier total; BID ids not joined
2026-01-31,aFRRDown,30XROMEGALODON-K,daily_blank_zero,1,Other nonnegative daily quantities exhaust product Grand Total
2026-01-31,aFRRDown,30XROMEGALODON-K,daily_blank_zero,1,Other nonnegative daily quantities exhaust product Grand Total
2026-01-31,aFRRUp,30XROMEGALODON-K,daily_blank_zero,1,Other nonnegative daily quantities exhaust product Grand Total
2026-01-31,aFRRUp,30XROMEGALODON-K,hourly_blank_zero,24,Known nonnegative hourly quantities exhaust daily supplier total; BID ids not joined
2026-01-31,aFRRDown,30XROMEGALODON-K,hourly_blank_zero,48,Known nonnegative hourly quantities exhaust daily supplier total; BID ids not joined
2026-02-01,aFRRDown,30XROMEGALODON-K,daily_blank_zero,1,Other nonnegative daily quantities exhaust product Grand Total
2026-02-01,aFRRDown,30XROMEGALODON-K,daily_blank_zero,1,Other nonnegative daily quantities exhaust product Grand Total
2026-02-01,aFRRUp,30XROMEGALODON-K,daily_blank_zero,1,Other nonnegative daily quantities exhaust product Grand Total
2026-02-01,aFRRUp,30XROMEGALODON-K,hourly_blank_zero,24,Known nonnegative hourly quantities exhaust daily supplier total; BID ids not joined
2026-02-01,aFRRDown,30XROMEGALODON-K,hourly_blank_zero,48,Known nonnegative hourly quantities exhaust daily supplier total; BID ids not joined
2026-02-02,aFRRDown,30XROMEGALODON-K,daily_blank_zero,1,Other nonnegative daily quantities exhaust product Grand Total
2026-02-02,aFRRDown,30XROMEGALODON-K,daily_blank_zero,1,Other nonnegative daily quantities exhaust product Grand Total
2026-02-02,aFRRUp,30XROMEGALODON-K,daily_blank_zero,1,Other nonnegative daily quantities exhaust product Grand Total
2026-02-02,aFRRUp,30XROMEGALODON-K,hourly_blank_zero,24,Known nonnegative hourly quantities exhaust daily supplier total; BID ids not joined
2026-02-02,aFRRDown,30XROMEGALODON-K,hourly_blank_zero,48,Known nonnegative hourly quantities exhaust daily supplier total; BID ids not joined
2026-02-03,aFRRDown,30XROMEGALODON-K,daily_blank_zero,1,Other nonnegative daily quantities exhaust product Grand Total
2026-02-03,aFRRDown,30XROMEGALODON-K,daily_blank_zero,1,Other nonnegative daily quantities exhaust product Grand Total
2026-02-03,aFRRUp,30XROMEGALODON-K,daily_blank_zero,1,Other nonnegative daily quantities exhaust product Grand Total
2026-02-03,aFRRUp,30XROMEGALODON-K,hourly_blank_zero,24,Known nonnegative hourly quantities exhaust daily supplier total; BID ids not joined
2026-02-03,aFRRDown,30XROMEGALODON-K,hourly_blank_zero,48,Known nonnegative hourly quantities exhaust daily supplier total; BID ids not joined
2026-02-04,aFRRDown,30XROMEGALODON-K,daily_blank_zero,1,Other nonnegative daily quantities exhaust product Grand Total
2026-02-04,aFRRDown,30XROMEGALODON-K,daily_blank_zero,1,Other nonnegative daily quantities exhaust product Grand Total
2026-02-04,aFRRDown,30XROCENCRAIOVAM,daily_blank_zero,1,Other nonnegative daily quantities exhaust product Grand Total
2026-02-04,aFRRUp,30XROMEGALODON-K,daily_blank_zero,1,Other nonnegative daily quantities exhaust product Grand Total
2026-02-04,aFRRUp,30XROMEGALODON-K,hourly_blank_zero,24,Known nonnegative hourly quantities exhaust daily supplier total; BID ids not joined
2026-02-04,aFRRDown,30XROCENCRAIOVAM,hourly_blank_zero,24,Known nonnegative hourly quantities exhaust daily supplier total; BID ids not joined
2026-02-04,aFRRDown,30XROMEGALODON-K,hourly_blank_zero,48,Known nonnegative hourly quantities exhaust daily supplier total; BID ids not joined
2026-02-05,aFRRDown,30XROTENGAZ----B,daily_blank_zero,1,Other nonnegative daily quantities exhaust product Grand Total
2026-02-05,aFRRDown,30XROMEGALODON-K,daily_blank_zero,1,Other nonnegative daily quantities exhaust product Grand Total
2026-02-05,aFRRDown,30XROMEGALODON-K,daily_blank_zero,1,Other nonnegative daily quantities exhaust product Grand Total
2026-02-05,aFRRUp,30XROTENGAZ----B,daily_blank_zero,1,Other nonnegative daily quantities exhaust product Grand Total
2026-02-05,aFRRUp,30XROMEGALODON-K,daily_blank_zero,1,Other nonnegative daily quantities exhaust product Grand Total
2026-02-05,aFRRUp,30XROTENGAZ----B,hourly_blank_zero,24,Known nonnegative hourly quantities exhaust daily supplier total; BID ids not joined
2026-02-05,aFRRUp,30XROMEGALODON-K,hourly_blank_zero,24,Known nonnegative hourly quantities exhaust daily supplier total; BID ids not joined
2026-02-05,aFRRDown,30XROTENGAZ----B,hourly_blank_zero,24,Known nonnegative hourly quantities exhaust daily supplier total; BID ids not joined
2026-02-05,aFRRDown,30XROMEGALODON-K,hourly_blank_zero,48,Known nonnegative hourly quantities exhaust daily supplier total; BID ids not joined
2026-02-06,aFRRDown,30XROMEGALODON-K,daily_blank_zero,1,Other nonnegative daily quantities exhaust product Grand Total
2026-02-06,aFRRDown,30XROMEGALODON-K,daily_blank_zero,1,Other nonnegative daily quantities exhaust product Grand Total
2026-02-06,aFRRUp,30XROMEGALODON-K,daily_blank_zero,1,Other nonnegative daily quantities exhaust product Grand Total
2026-02-06,aFRRUp,30XROMEGALODON-K,hourly_blank_zero,24,Known nonnegative hourly quantities exhaust daily supplier total; BID ids not joined
2026-02-06,aFRRDown,30XROMEGALODON-K,hourly_blank_zero,48,Known nonnegative hourly quantities exhaust daily supplier total; BID ids not joined
2026-02-07,aFRRDown,30XROMEGALODON-K,daily_blank_zero,1,Other nonnegative daily quantities exhaust product Grand Total
2026-02-07,aFRRDown,30XROMEGALODON-K,daily_blank_zero,1,Other nonnegative daily quantities exhaust product Grand Total
2026-02-07,aFRRUp,30XROMEGALODON-K,daily_blank_zero,1,Other nonnegative daily quantities exhaust product Grand Total
2026-02-07,aFRRUp,30XROMEGALODON-K,hourly_blank_zero,24,Known nonnegative hourly quantities exhaust daily supplier total; BID ids not joined
2026-02-07,aFRRDown,30XROMEGALODON-K,hourly_blank_zero,48,Known nonnegative hourly quantities exhaust daily supplier total; BID ids not joined
2026-02-08,aFRRDown,30XROMEGALODON-K,daily_blank_zero,1,Other nonnegative daily quantities exhaust product Grand Total
2026-02-08,aFRRDown,30XROMEGALODON-K,daily_blank_zero,1,Other nonnegative daily quantities exhaust product Grand Total
2026-02-08,aFRRUp,30XROMEGALODON-K,daily_blank_zero,1,Other nonnegative daily quantities exhaust product Grand Total
2026-02-08,aFRRUp,30XROMEGALODON-K,hourly_blank_zero,24,Known nonnegative hourly quantities exhaust daily supplier total; BID ids not joined
2026-02-08,aFRRDown,30XROMEGALODON-K,hourly_blank_zero,48,Known nonnegative hourly quantities exhaust daily supplier total; BID ids not joined
2026-02-09,aFRRDown,30XROMEGALODON-K,daily_blank_zero,1,Other nonnegative daily quantities exhaust product Grand Total
2026-02-09,aFRRDown,30XROMEGALODON-K,daily_blank_zero,1,Other nonnegative daily quantities exhaust product Grand Total
2026-02-09,aFRRUp,30XROMEGALODON-K,daily_blank_zero,1,Other nonnegative daily quantities exhaust product Grand Total
2026-02-09,aFRRUp,30XROMEGALODON-K,hourly_blank_zero,24,Known nonnegative hourly quantities exhaust daily supplier total; BID ids not joined
2026-02-09,aFRRDown,30XROMEGALODON-K,hourly_blank_zero,48,Known nonnegative hourly quantities exhaust daily supplier total; BID ids not joined
2026-02-12,aFRRDown,30XRONPGSP-----8,daily_blank_zero,1,Other nonnegative daily quantities exhaust product Grand Total
2026-02-12,aFRRDown,30XROCENCRAIOVAM,daily_blank_zero,1,Other nonnegative daily quantities exhaust product Grand Total
2026-02-12,aFRRUp,30XRONPGSP-----8,daily_blank_zero,1,Other nonnegative daily quantities exhaust product Grand Total
2026-02-12,aFRRUp,30XRONPGSP-----8,hourly_blank_zero,24,Known nonnegative hourly quantities exhaust daily supplier total; BID ids not joined
2026-02-12,aFRRDown,30XROCENCRAIOVAM,hourly_blank_zero,24,Known nonnegative hourly quantities exhaust daily supplier total; BID ids not joined
2026-02-12,aFRRDown,30XRONPGSP-----8,hourly_blank_zero,24,Known nonnegative hourly quantities exhaust daily supplier total; BID ids not joined
2026-02-13,aFRRDown,30XROTENGAZ----B,daily_blank_zero,1,Other nonnegative daily quantities exhaust product Grand Total
2026-02-13,aFRRDown,30XROMEGALODON-K,daily_blank_zero,1,Other nonnegative daily quantities exhaust product Grand Total
2026-02-13,aFRRUp,30XROMEGALODON-K,daily_blank_zero,1,Other nonnegative daily quantities exhaust product Grand Total
2026-02-13,aFRRUp,30XROTENGAZ----B,daily_blank_zero,1,Other nonnegative daily quantities exhaust product Grand Total
2026-02-13,aFRRUp,30XROTENGAZ----B,hourly_blank_zero,24,Known nonnegative hourly quantities exhaust daily supplier total; BID ids not joined
2026-02-13,aFRRUp,30XROMEGALODON-K,hourly_blank_zero,24,Known nonnegative hourly quantities exhaust daily supplier total; BID ids not joined
2026-02-13,aFRRDown,30XROTENGAZ----B,hourly_blank_zero,24,Known nonnegative hourly quantities exhaust daily supplier total; BID ids not joined
2026-02-13,aFRRDown,30XROMEGALODON-K,hourly_blank_zero,24,Known nonnegative hourly quantities exhaust daily supplier total; BID ids not joined
2026-02-14,aFRRDown,30XROMEGALODON-K,daily_blank_zero,1,Other nonnegative daily quantities exhaust product Grand Total
2026-02-14,aFRRUp,30XROMEGALODON-K,daily_blank_zero,1,Other nonnegative daily quantities exhaust product Grand Total
2026-02-14,aFRRUp,30XROMEGALODON-K,hourly_blank_zero,24,Known nonnegative hourly quantities exhaust daily supplier total; BID ids not joined
2026-02-14,aFRRDown,30XROMEGALODON-K,hourly_blank_zero,24,Known nonnegative hourly quantities exhaust daily supplier total; BID ids not joined
2026-02-15,aFRRDown,30XROHIDRO-----1,daily_blank_zero,1,Other nonnegative daily quantities exhaust product Grand Total
2026-02-15,aFRRDown,30XROHIDRO-----1,daily_blank_zero,1,Other nonnegative daily quantities exhaust product Grand Total
2026-02-15,aFRRDown,30XROMEGALODON-K,daily_blank_zero,1,Other nonnegative daily quantities exhaust product Grand Total
2026-02-15,aFRRUp,30XROMEGALODON-K,daily_blank_zero,1,Other nonnegative daily quantities exhaust product Grand Total
2026-02-15,aFRRUp,30XROHIDRO-----1,daily_blank_zero,1,Other nonnegative daily quantities exhaust product Grand Total
2026-02-15,aFRRUp,30XROHIDRO-----1,daily_blank_zero,1,Other nonnegative daily quantities exhaust product Grand Total
2026-02-15,aFRRUp,30XROHIDRO-----1,hourly_blank_zero,48,Known nonnegative hourly quantities exhaust daily supplier total; BID ids not joined
2026-02-15,aFRRUp,30XROMEGALODON-K,hourly_blank_zero,24,Known nonnegative hourly quantities exhaust daily supplier total; BID ids not joined
2026-02-15,aFRRDown,30XROHIDRO-----1,hourly_blank_zero,48,Known nonnegative hourly quantities exhaust daily supplier total; BID ids not joined
2026-02-15,aFRRDown,30XROMEGALODON-K,hourly_blank_zero,24,Known nonnegative hourly quantities exhaust daily supplier total; BID ids not joined
2026-02-16,aFRRDown,30XROMEGALODON-K,daily_blank_zero,1,Other nonnegative daily quantities exhaust product Grand Total
2026-02-16,aFRRUp,30XROMEGALODON-K,daily_blank_zero,1,Other nonnegative daily quantities exhaust product Grand Total
2026-02-16,aFRRUp,30XROMEGALODON-K,hourly_blank_zero,24,Known nonnegative hourly quantities exhaust daily supplier total; BID ids not joined
2026-02-16,aFRRDown,30XROMEGALODON-K,hourly_blank_zero,24,Known nonnegative hourly quantities exhaust daily supplier total; BID ids not joined
2026-02-17,aFRRDown,30XROMEGALODON-K,daily_blank_zero,1,Other nonnegative daily quantities exhaust product Grand Total
2026-02-17,aFRRUp,30XROMEGALODON-K,daily_blank_zero,1,Other nonnegative daily quantities exhaust product Grand Total
2026-02-17,aFRRUp,30XROMEGALODON-K,hourly_blank_zero,24,Known nonnegative hourly quantities exhaust daily supplier total; BID ids not joined
2026-02-17,aFRRDown,30XROMEGALODON-K,hourly_blank_zero,24,Known nonnegative hourly quantities exhaust daily supplier total; BID ids not joined
2026-02-18,aFRRDown,30XROMEGALODON-K,daily_blank_zero,1,Other nonnegative daily quantities exhaust product Grand Total
2026-02-18,aFRRUp,30XROMEGALODON-K,daily_blank_zero,1,Other nonnegative daily quantities exhaust product Grand Total
2026-02-18,aFRRUp,30XROMEGALODON-K,hourly_blank_zero,24,Known nonnegative hourly quantities exhaust daily supplier total; BID ids not joined
2026-02-18,aFRRDown,30XROMEGALODON-K,hourly_blank_zero,24,Known nonnegative hourly quantities exhaust daily supplier total; BID ids not joined
2026-02-19,aFRRDown,30XROMEGALODON-K,daily_blank_zero,1,Other nonnegative daily quantities exhaust product Grand Total
2026-02-19,aFRRUp,30XROMEGALODON-K,daily_blank_zero,1,Other nonnegative daily quantities exhaust product Grand Total
2026-02-19,aFRRUp,30XROMEGALODON-K,hourly_blank_zero,24,Known nonnegative hourly quantities exhaust daily supplier total; BID ids not joined
2026-02-19,aFRRDown,30XROMEGALODON-K,hourly_blank_zero,24,Known nonnegative hourly quantities exhaust daily supplier total; BID ids not joined
2026-02-20,aFRRDown,30XROMONSONALM-O,daily_blank_zero,1,Other nonnegative daily quantities exhaust product Grand Total
2026-02-20,aFRRDown,30XROMEGALODON-K,daily_blank_zero,1,Other nonnegative daily quantities exhaust product Grand Total
2026-02-20,aFRRUp,30XROMEGALODON-K,daily_blank_zero,1,Other nonnegative daily quantities exhaust product Grand Total
2026-02-20,aFRRUp,30XROMONSONALM-O,daily_blank_zero,1,Other nonnegative daily quantities exhaust product Grand Total
2026-02-20,aFRRUp,30XROMONSONALM-O,daily_blank_zero,1,Other nonnegative daily quantities exhaust product Grand Total
2026-02-20,aFRRUp,30XROMONSONALM-O,hourly_blank_zero,48,Known nonnegative hourly quantities exhaust daily supplier total; BID ids not joined
2026-02-20,aFRRUp,30XROMEGALODON-K,hourly_blank_zero,24,Known nonnegative hourly quantities exhaust daily supplier total; BID ids not joined
2026-02-20,aFRRDown,30XROMONSONALM-O,hourly_blank_zero,24,Known nonnegative hourly quantities exhaust daily supplier total; BID ids not joined
2026-02-20,aFRRDown,30XROMEGALODON-K,hourly_blank_zero,24,Known nonnegative hourly quantities exhaust daily supplier total; BID ids not joined
2026-02-21,aFRRDown,30XRO-NPS50----C,daily_blank_zero,1,Other nonnegative daily quantities exhaust product Grand Total
2026-02-21,aFRRDown,30XROMEGALODON-K,daily_blank_zero,1,Other nonnegative daily quantities exhaust product Grand Total
2026-02-21,aFRRDown,30XROMONSONALM-O,daily_blank_zero,1,Other nonnegative daily quantities exhaust product Grand Total
2026-02-21,aFRRUp,30XROMEGALODON-K,daily_blank_zero,1,Other nonnegative daily quantities exhaust product Grand Total
2026-02-21,aFRRUp,30XRO-NPS50----C,daily_blank_zero,1,Other nonnegative daily quantities exhaust product Grand Total
2026-02-21,aFRRUp,30XRO-NPS50----C,hourly_blank_zero,24,Known nonnegative hourly quantities exhaust daily supplier total; BID ids not joined
2026-02-21,aFRRUp,30XROMEGALODON-K,hourly_blank_zero,24,Known nonnegative hourly quantities exhaust daily supplier total; BID ids not joined
2026-02-21,aFRRDown,30XROMONSONALM-O,hourly_blank_zero,24,Known nonnegative hourly quantities exhaust daily supplier total; BID ids not joined
2026-02-21,aFRRDown,30XRO-NPS50----C,hourly_blank_zero,24,Known nonnegative hourly quantities exhaust daily supplier total; BID ids not joined
2026-02-21,aFRRDown,30XROMEGALODON-K,hourly_blank_zero,24,Known nonnegative hourly quantities exhaust daily supplier total; BID ids not joined
2026-02-22,aFRRDown,30XROMEGALODON-K,daily_blank_zero,1,Other nonnegative daily quantities exhaust product Grand Total
2026-02-22,aFRRUp,30XROMEGALODON-K,daily_blank_zero,1,Other nonnegative daily quantities exhaust product Grand Total
2026-02-22,aFRRUp,30XROMEGALODON-K,hourly_blank_zero,24,Known nonnegative hourly quantities exhaust daily supplier total; BID ids not joined
2026-02-22,aFRRDown,30XROMEGALODON-K,hourly_blank_zero,24,Known nonnegative hourly quantities exhaust daily supplier total; BID ids not joined
2026-02-23,aFRRDown,30XROMEGALODON-K,daily_blank_zero,1,Other nonnegative daily quantities exhaust product Grand Total
2026-02-23,aFRRUp,30XROMEGALODON-K,daily_blank_zero,1,Other nonnegative daily quantities exhaust product Grand Total
2026-02-23,aFRRUp,30XROMEGALODON-K,hourly_blank_zero,24,Known nonnegative hourly quantities exhaust daily supplier total; BID ids not joined
2026-02-23,aFRRDown,30XROMEGALODON-K,hourly_blank_zero,24,Known nonnegative hourly quantities exhaust daily supplier total; BID ids not joined
2026-02-24,aFRRDown,30XROMEGALODON-K,daily_blank_zero,1,Other nonnegative daily quantities exhaust product Grand Total
2026-02-24,aFRRUp,30XROMEGALODON-K,daily_blank_zero,1,Other nonnegative daily quantities exhaust product Grand Total
2026-02-24,aFRRUp,30XROMEGALODON-K,hourly_blank_zero,24,Known nonnegative hourly quantities exhaust daily supplier total; BID ids not joined
2026-02-24,aFRRDown,30XROMEGALODON-K,hourly_blank_zero,24,Known nonnegative hourly quantities exhaust daily supplier total; BID ids not joined
2026-02-25,aFRRDown,30XROMEGALODON-K,daily_blank_zero,1,Other nonnegative daily quantities exhaust product Grand Total
2026-02-25,aFRRUp,30XROMEGALODON-K,daily_blank_zero,1,Other nonnegative daily quantities exhaust product Grand Total
2026-02-25,aFRRUp,30XROMEGALODON-K,hourly_blank_zero,24,Known nonnegative hourly quantities exhaust daily supplier total; BID ids not joined
2026-02-25,aFRRDown,30XROMEGALODON-K,hourly_blank_zero,24,Known nonnegative hourly quantities exhaust daily supplier total; BID ids not joined
2026-02-26,aFRRDown,30XRO-EIS------S,daily_blank_zero,1,Other nonnegative daily quantities exhaust product Grand Total
2026-02-26,aFRRDown,30XRO-EIS------S,daily_blank_zero,1,Other nonnegative daily quantities exhaust product Grand Total
2026-02-26,aFRRDown,30XROMEGALODON-K,daily_blank_zero,1,Other nonnegative daily quantities exhaust product Grand Total
2026-02-26,aFRRUp,30XROMEGALODON-K,daily_blank_zero,1,Other nonnegative daily quantities exhaust product Grand Total
2026-02-26,aFRRUp,30XRO-EIS------S,daily_blank_zero,1,Other nonnegative daily quantities exhaust product Grand Total
2026-02-26,aFRRUp,30XRO-EIS------S,daily_blank_zero,1,Other nonnegative daily quantities exhaust product Grand Total
2026-02-26,aFRRUp,30XRO-EIS------S,daily_blank_zero,1,Other nonnegative daily quantities exhaust product Grand Total
2026-02-26,aFRRUp,30XRO-EIS------S,hourly_blank_zero,72,Known nonnegative hourly quantities exhaust daily supplier total; BID ids not joined
2026-02-26,aFRRUp,30XROMEGALODON-K,hourly_blank_zero,24,Known nonnegative hourly quantities exhaust daily supplier total; BID ids not joined
2026-02-26,aFRRDown,30XRO-EIS------S,hourly_blank_zero,48,Known nonnegative hourly quantities exhaust daily supplier total; BID ids not joined
2026-02-26,aFRRDown,30XROMEGALODON-K,hourly_blank_zero,24,Known nonnegative hourly quantities exhaust daily supplier total; BID ids not joined
2026-02-27,FCR,30XROHIDRO-----1,daily_blank_zero,1,Other nonnegative daily quantities exhaust product Grand Total
2026-02-27,aFRRDown,30XRO-EIS------S,daily_blank_zero,1,Other nonnegative daily quantities exhaust product Grand Total
2026-02-27,aFRRDown,30XRO-EIS------S,daily_blank_zero,1,Other nonnegative daily quantities exhaust product Grand Total
2026-02-27,aFRRDown,30XROMEGALODON-K,daily_blank_zero,1,Other nonnegative daily quantities exhaust product Grand Total
2026-02-27,aFRRUp,30XROMEGALODON-K,daily_blank_zero,1,Other nonnegative daily quantities exhaust product Grand Total
2026-02-27,aFRRUp,30XRO-EIS------S,daily_blank_zero,1,Other nonnegative daily quantities exhaust product Grand Total
2026-02-27,aFRRUp,30XRO-EIS------S,daily_blank_zero,1,Other nonnegative daily quantities exhaust product Grand Total
2026-02-27,FCR,30XROHIDRO-----1,hourly_blank_zero,24,Known nonnegative hourly quantities exhaust daily supplier total; BID ids not joined
2026-02-27,aFRRUp,30XRO-EIS------S,hourly_blank_zero,48,Known nonnegative hourly quantities exhaust daily supplier total; BID ids not joined
2026-02-27,aFRRUp,30XROMEGALODON-K,hourly_blank_zero,24,Known nonnegative hourly quantities exhaust daily supplier total; BID ids not joined
2026-02-27,aFRRDown,30XRO-EIS------S,hourly_blank_zero,48,Known nonnegative hourly quantities exhaust daily supplier total; BID ids not joined
2026-02-27,aFRRDown,30XROMEGALODON-K,hourly_blank_zero,24,Known nonnegative hourly quantities exhaust daily supplier total; BID ids not joined
2026-02-28,FCR,30XROHIDRO-----1,daily_blank_zero,1,Other nonnegative daily quantities exhaust product Grand Total
2026-02-28,aFRRDown,30XROMEGALODON-K,daily_blank_zero,1,Other nonnegative daily quantities exhaust product Grand Total
2026-02-28,aFRRDown,30XRO-EIS------S,daily_blank_zero,1,Other nonnegative daily quantities exhaust product Grand Total
2026-02-28,aFRRDown,30XROHIDRO-----1,daily_blank_zero,1,Other nonnegative daily quantities exhaust product Grand Total
2026-02-28,aFRRDown,30XROHIDRO-----1,daily_blank_zero,1,Other nonnegative daily quantities exhaust product Grand Total
2026-02-28,aFRRUp,30XRO-EIS------S,daily_blank_zero,1,Other nonnegative daily quantities exhaust product Grand Total
2026-02-28,aFRRUp,30XROMEGALODON-K,daily_blank_zero,1,Other nonnegative daily quantities exhaust product Grand Total
2026-02-28,aFRRUp,30XROHIDRO-----1,daily_blank_zero,1,Other nonnegative daily quantities exhaust product Grand Total
2026-02-28,aFRRUp,30XROHIDRO-----1,daily_blank_zero,1,Other nonnegative daily quantities exhaust product Grand Total
2026-02-28,FCR,30XROHIDRO-----1,hourly_blank_zero,24,Known nonnegative hourly quantities exhaust daily supplier total; BID ids not joined
2026-02-28,aFRRUp,30XROHIDRO-----1,hourly_blank_zero,48,Known nonnegative hourly quantities exhaust daily supplier total; BID ids not joined
2026-02-28,aFRRUp,30XRO-EIS------S,hourly_blank_zero,24,Known nonnegative hourly quantities exhaust daily supplier total; BID ids not joined
2026-02-28,aFRRUp,30XROMEGALODON-K,hourly_blank_zero,24,Known nonnegative hourly quantities exhaust daily supplier total; BID ids not joined
2026-02-28,aFRRDown,30XROHIDRO-----1,hourly_blank_zero,48,Known nonnegative hourly quantities exhaust daily supplier total; BID ids not joined
2026-02-28,aFRRDown,30XRO-EIS------S,hourly_blank_zero,24,Known nonnegative hourly quantities exhaust daily supplier total; BID ids not joined
2026-02-28,aFRRDown,30XROMEGALODON-K,hourly_blank_zero,24,Known nonnegative hourly quantities exhaust daily supplier total; BID ids not joined
2026-03-01,FCR,30XROHIDRO-----1,daily_blank_zero,1,Other nonnegative daily quantities exhaust product Grand Total
2026-03-01,aFRRDown,30XROHIDRO-----1,daily_blank_zero,1,Other nonnegative daily quantities exhaust product Grand Total
2026-03-01,aFRRDown,30XROHIDRO-----1,daily_blank_zero,1,Other nonnegative daily quantities exhaust product Grand Total
2026-03-01,aFRRDown,30XROMEGALODON-K,daily_blank_zero,1,Other nonnegative daily quantities exhaust product Grand Total
2026-03-01,aFRRUp,30XROMEGALODON-K,daily_blank_zero,1,Other nonnegative daily quantities exhaust product Grand Total
2026-03-01,aFRRUp,30XROHIDRO-----1,daily_blank_zero,1,Other nonnegative daily quantities exhaust product Grand Total
2026-03-01,aFRRUp,30XROHIDRO-----1,daily_blank_zero,1,Other nonnegative daily quantities exhaust product Grand Total
2026-03-01,FCR,30XROHIDRO-----1,hourly_blank_zero,24,Known nonnegative hourly quantities exhaust daily supplier total; BID ids not joined
2026-03-01,aFRRUp,30XROHIDRO-----1,hourly_blank_zero,48,Known nonnegative hourly quantities exhaust daily supplier total; BID ids not joined
2026-03-01,aFRRUp,30XROMEGALODON-K,hourly_blank_zero,24,Known nonnegative hourly quantities exhaust daily supplier total; BID ids not joined
2026-03-01,aFRRDown,30XROHIDRO-----1,hourly_blank_zero,48,Known nonnegative hourly quantities exhaust daily supplier total; BID ids not joined
2026-03-01,aFRRDown,30XROMEGALODON-K,hourly_blank_zero,24,Known nonnegative hourly quantities exhaust daily supplier total; BID ids not joined
2026-03-02,FCR,30XROHIDRO-----1,daily_blank_zero,1,Other nonnegative daily quantities exhaust product Grand Total
2026-03-02,aFRRDown,30XROMEGALODON-K,daily_blank_zero,1,Other nonnegative daily quantities exhaust product Grand Total
2026-03-02,aFRRDown,30XROHIDRO-----1,daily_blank_zero,1,Other nonnegative daily quantities exhaust product Grand Total
2026-03-02,aFRRDown,30XROHIDRO-----1,daily_blank_zero,1,Other nonnegative daily quantities exhaust product Grand Total
2026-03-02,aFRRUp,30XROHIDRO-----1,daily_blank_zero,1,Other nonnegative daily quantities exhaust product Grand Total
2026-03-02,aFRRUp,30XROHIDRO-----1,daily_blank_zero,1,Other nonnegative daily quantities exhaust product Grand Total
2026-03-02,aFRRUp,30XROMEGALODON-K,daily_blank_zero,1,Other nonnegative daily quantities exhaust product Grand Total
2026-03-02,FCR,30XROHIDRO-----1,hourly_blank_zero,24,Known nonnegative hourly quantities exhaust daily supplier total; BID ids not joined
2026-03-02,aFRRUp,30XROHIDRO-----1,hourly_blank_zero,48,Known nonnegative hourly quantities exhaust daily supplier total; BID ids not joined
2026-03-02,aFRRUp,30XROMEGALODON-K,hourly_blank_zero,24,Known nonnegative hourly quantities exhaust daily supplier total; BID ids not joined
2026-03-02,aFRRDown,30XROHIDRO-----1,hourly_blank_zero,48,Known nonnegative hourly quantities exhaust daily supplier total; BID ids not joined
2026-03-02,aFRRDown,30XROMEGALODON-K,hourly_blank_zero,24,Known nonnegative hourly quantities exhaust daily supplier total; BID ids not joined
2026-03-03,aFRRDown,30XRO-EIS------S,daily_blank_zero,1,Other nonnegative daily quantities exhaust product Grand Total
2026-03-03,aFRRDown,30XROMEGALODON-K,daily_blank_zero,1,Other nonnegative daily quantities exhaust product Grand Total
2026-03-03,aFRRUp,30XRO-EIS------S,daily_blank_zero,1,Other nonnegative daily quantities exhaust product Grand Total
2026-03-03,aFRRUp,30XROMEGALODON-K,daily_blank_zero,1,Other nonnegative daily quantities exhaust product Grand Total
2026-03-03,aFRRUp,30XRO-EIS------S,hourly_blank_zero,24,Known nonnegative hourly quantities exhaust daily supplier total; BID ids not joined
2026-03-03,aFRRUp,30XROMEGALODON-K,hourly_blank_zero,24,Known nonnegative hourly quantities exhaust daily supplier total; BID ids not joined
2026-03-03,aFRRDown,30XRO-EIS------S,hourly_blank_zero,24,Known nonnegative hourly quantities exhaust daily supplier total; BID ids not joined
2026-03-03,aFRRDown,30XROMEGALODON-K,hourly_blank_zero,24,Known nonnegative hourly quantities exhaust daily supplier total; BID ids not joined
2026-03-04,aFRRDown,30XROMEGALODON-K,daily_blank_zero,1,Other nonnegative daily quantities exhaust product Grand Total
2026-03-04,aFRRUp,30XROMEGALODON-K,daily_blank_zero,1,Other nonnegative daily quantities exhaust product Grand Total
2026-03-04,aFRRUp,30XROMEGALODON-K,hourly_blank_zero,24,Known nonnegative hourly quantities exhaust daily supplier total; BID ids not joined
2026-03-04,aFRRDown,30XROMEGALODON-K,hourly_blank_zero,24,Known nonnegative hourly quantities exhaust daily supplier total; BID ids not joined
2026-03-05,aFRRDown,30XRO-EIS------S,daily_blank_zero,1,Other nonnegative daily quantities exhaust product Grand Total
2026-03-05,aFRRDown,30XRO-EIS------S,daily_blank_zero,1,Other nonnegative daily quantities exhaust product Grand Total
2026-03-05,aFRRDown,30XROMEGALODON-K,daily_blank_zero,1,Other nonnegative daily quantities exhaust product Grand Total
2026-03-05,aFRRUp,30XROMEGALODON-K,daily_blank_zero,1,Other nonnegative daily quantities exhaust product Grand Total
2026-03-05,aFRRUp,30XRO-EIS------S,daily_blank_zero,1,Other nonnegative daily quantities exhaust product Grand Total
2026-03-05,aFRRUp,30XRO-EIS------S,daily_blank_zero,1,Other nonnegative daily quantities exhaust product Grand Total
2026-03-05,aFRRUp,30XRO-EIS------S,hourly_blank_zero,48,Known nonnegative hourly quantities exhaust daily supplier total; BID ids not joined
2026-03-05,aFRRUp,30XROMEGALODON-K,hourly_blank_zero,24,Known nonnegative hourly quantities exhaust daily supplier total; BID ids not joined
2026-03-05,aFRRDown,30XRO-EIS------S,hourly_blank_zero,48,Known nonnegative hourly quantities exhaust daily supplier total; BID ids not joined
2026-03-05,aFRRDown,30XROMEGALODON-K,hourly_blank_zero,24,Known nonnegative hourly quantities exhaust daily supplier total; BID ids not joined
2026-03-06,aFRRDown,30XRO-EIS------S,daily_blank_zero,1,Other nonnegative daily quantities exhaust product Grand Total
2026-03-06,aFRRDown,30XROMEGALODON-K,daily_blank_zero,1,Other nonnegative daily quantities exhaust product Grand Total
2026-03-06,aFRRUp,30XROMEGALODON-K,daily_blank_zero,1,Other nonnegative daily quantities exhaust product Grand Total
2026-03-06,aFRRUp,30XROMEGALODON-K,hourly_blank_zero,24,Known nonnegative hourly quantities exhaust daily supplier total; BID ids not joined
2026-03-06,aFRRDown,30XRO-EIS------S,hourly_blank_zero,24,Known nonnegative hourly quantities exhaust daily supplier total; BID ids not joined
2026-03-06,aFRRDown,30XROMEGALODON-K,hourly_blank_zero,24,Known nonnegative hourly quantities exhaust daily supplier total; BID ids not joined
2026-03-07,aFRRDown,30XROMEGALODON-K,daily_blank_zero,1,Other nonnegative daily quantities exhaust product Grand Total
2026-03-07,aFRRDown,30XRO-EIS------S,daily_blank_zero,1,Other nonnegative daily quantities exhaust product Grand Total
2026-03-07,aFRRUp,30XRO-EIS------S,daily_blank_zero,1,Other nonnegative daily quantities exhaust product Grand Total
2026-03-07,aFRRUp,30XROMEGALODON-K,daily_blank_zero,1,Other nonnegative daily quantities exhaust product Grand Total
2026-03-07,aFRRUp,30XRO-EIS------S,hourly_blank_zero,24,Known nonnegative hourly quantities exhaust daily supplier total; BID ids not joined
2026-03-07,aFRRUp,30XROMEGALODON-K,hourly_blank_zero,24,Known nonnegative hourly quantities exhaust daily supplier total; BID ids not joined
2026-03-07,aFRRDown,30XRO-EIS------S,hourly_blank_zero,24,Known nonnegative hourly quantities exhaust daily supplier total; BID ids not joined
2026-03-07,aFRRDown,30XROMEGALODON-K,hourly_blank_zero,24,Known nonnegative hourly quantities exhaust daily supplier total; BID ids not joined
2026-03-08,aFRRDown,30XROMEGALODON-K,daily_blank_zero,1,Other nonnegative daily quantities exhaust product Grand Total
2026-03-08,aFRRDown,30XRO-EIS------S,daily_blank_zero,1,Other nonnegative daily quantities exhaust product Grand Total
2026-03-08,aFRRUp,30XROMEGALODON-K,daily_blank_zero,1,Other nonnegative daily quantities exhaust product Grand Total
2026-03-08,aFRRUp,30XROMEGALODON-K,hourly_blank_zero,24,Known nonnegative hourly quantities exhaust daily supplier total; BID ids not joined
2026-03-08,aFRRDown,30XRO-EIS------S,hourly_blank_zero,24,Known nonnegative hourly quantities exhaust daily supplier total; BID ids not joined
2026-03-08,aFRRDown,30XROMEGALODON-K,hourly_blank_zero,24,Known nonnegative hourly quantities exhaust daily supplier total; BID ids not joined
2026-03-09,aFRRDown,30XROMEGALODON-K,daily_blank_zero,1,Other nonnegative daily quantities exhaust product Grand Total
2026-03-09,aFRRUp,30XROMEGALODON-K,daily_blank_zero,1,Other nonnegative daily quantities exhaust product Grand Total
2026-03-09,aFRRUp,30XROMEGALODON-K,hourly_blank_zero,24,Known nonnegative hourly quantities exhaust daily supplier total; BID ids not joined
2026-03-09,aFRRDown,30XROMEGALODON-K,hourly_blank_zero,24,Known nonnegative hourly quantities exhaust daily supplier total; BID ids not joined
2026-03-10,aFRRDown,30XROGLYPTODON-B,daily_blank_zero,1,Other nonnegative daily quantities exhaust product Grand Total
2026-03-10,aFRRDown,30XROGLYPTODON-B,daily_blank_zero,1,Other nonnegative daily quantities exhaust product Grand Total
2026-03-10,aFRRDown,30XROGLYPTODON-B,daily_blank_zero,1,Other nonnegative daily quantities exhaust product Grand Total
2026-03-10,aFRRDown,30XROGLYPTODON-B,daily_blank_zero,1,Other nonnegative daily quantities exhaust product Grand Total
2026-03-10,aFRRDown,30XROGLYPTODON-B,daily_blank_zero,1,Other nonnegative daily quantities exhaust product Grand Total
2026-03-10,aFRRDown,30XROGLYPTODON-B,daily_blank_zero,1,Other nonnegative daily quantities exhaust product Grand Total
2026-03-10,aFRRDown,30XROGLYPTODON-B,daily_blank_zero,1,Other nonnegative daily quantities exhaust product Grand Total
2026-03-10,aFRRDown,30XROGLYPTODON-B,daily_blank_zero,1,Other nonnegative daily quantities exhaust product Grand Total
2026-03-10,aFRRDown,30XROMEGALODON-K,daily_blank_zero,1,Other nonnegative daily quantities exhaust product Grand Total
2026-03-10,aFRRUp,30XROGLYPTODON-B,daily_blank_zero,1,Other nonnegative daily quantities exhaust product Grand Total
2026-03-10,aFRRUp,30XROGLYPTODON-B,daily_blank_zero,1,Other nonnegative daily quantities exhaust product Grand Total
2026-03-10,aFRRUp,30XROMEGALODON-K,daily_blank_zero,1,Other nonnegative daily quantities exhaust product Grand Total
2026-03-10,aFRRUp,30XROGLYPTODON-B,hourly_blank_zero,48,Known nonnegative hourly quantities exhaust daily supplier total; BID ids not joined
2026-03-10,aFRRUp,30XROMEGALODON-K,hourly_blank_zero,24,Known nonnegative hourly quantities exhaust daily supplier total; BID ids not joined
2026-03-10,aFRRDown,30XROGLYPTODON-B,hourly_blank_zero,192,Known nonnegative hourly quantities exhaust daily supplier total; BID ids not joined
2026-03-10,aFRRDown,30XROMEGALODON-K,hourly_blank_zero,24,Known nonnegative hourly quantities exhaust daily supplier total; BID ids not joined
2026-03-11,aFRRDown,30XROMEGALODON-K,daily_blank_zero,1,Other nonnegative daily quantities exhaust product Grand Total
2026-03-11,aFRRUp,30XROMEGALODON-K,daily_blank_zero,1,Other nonnegative daily quantities exhaust product Grand Total
2026-03-11,aFRRUp,30XROMEGALODON-K,hourly_blank_zero,24,Known nonnegative hourly quantities exhaust daily supplier total; BID ids not joined
2026-03-11,aFRRDown,30XROMEGALODON-K,hourly_blank_zero,24,Known nonnegative hourly quantities exhaust daily supplier total; BID ids not joined
2026-03-12,aFRRDown,30XROMEGALODON-K,daily_blank_zero,1,Other nonnegative daily quantities exhaust product Grand Total
2026-03-12,aFRRUp,30XROMEGALODON-K,daily_blank_zero,1,Other nonnegative daily quantities exhaust product Grand Total
2026-03-12,aFRRUp,30XROMEGALODON-K,hourly_blank_zero,24,Known nonnegative hourly quantities exhaust daily supplier total; BID ids not joined
2026-03-12,aFRRDown,30XROMEGALODON-K,hourly_blank_zero,24,Known nonnegative hourly quantities exhaust daily supplier total; BID ids not joined
2026-03-13,aFRRDown,30XROMEGALODON-K,daily_blank_zero,1,Other nonnegative daily quantities exhaust product Grand Total
2026-03-13,aFRRDown,30XRO-EIS------S,daily_blank_zero,1,Other nonnegative daily quantities exhaust product Grand Total
2026-03-13,aFRRUp,30XROMEGALODON-K,daily_blank_zero,1,Other nonnegative daily quantities exhaust product Grand Total
2026-03-13,aFRRUp,30XROMONSONALM-O,daily_blank_zero,1,Other nonnegative daily quantities exhaust product Grand Total
2026-03-13,aFRRUp,30XROMONSONALM-O,hourly_blank_zero,24,Known nonnegative hourly quantities exhaust daily supplier total; BID ids not joined
2026-03-13,aFRRUp,30XROMEGALODON-K,hourly_blank_zero,24,Known nonnegative hourly quantities exhaust daily supplier total; BID ids not joined
2026-03-13,aFRRDown,30XRO-EIS------S,hourly_blank_zero,24,Known nonnegative hourly quantities exhaust daily supplier total; BID ids not joined
2026-03-13,aFRRDown,30XROMEGALODON-K,hourly_blank_zero,24,Known nonnegative hourly quantities exhaust daily supplier total; BID ids not joined
2026-03-14,aFRRDown,30XROMEGALODON-K,daily_blank_zero,1,Other nonnegative daily quantities exhaust product Grand Total
2026-03-14,aFRRUp,30XROMEGALODON-K,daily_blank_zero,1,Other nonnegative daily quantities exhaust product Grand Total
2026-03-14,aFRRUp,30XROMEGALODON-K,hourly_blank_zero,24,Known nonnegative hourly quantities exhaust daily supplier total; BID ids not joined
2026-03-14,aFRRDown,30XROMEGALODON-K,hourly_blank_zero,24,Known nonnegative hourly quantities exhaust daily supplier total; BID ids not joined
2026-03-15,aFRRDown,30XROMEGALODON-K,daily_blank_zero,1,Other nonnegative daily quantities exhaust product Grand Total
2026-03-15,aFRRUp,30XROMEGALODON-K,daily_blank_zero,1,Other nonnegative daily quantities exhaust product Grand Total
2026-03-15,aFRRUp,30XROMEGALODON-K,hourly_blank_zero,24,Known nonnegative hourly quantities exhaust daily supplier total; BID ids not joined
2026-03-15,aFRRDown,30XROMEGALODON-K,hourly_blank_zero,24,Known nonnegative hourly quantities exhaust daily supplier total; BID ids not joined
2026-03-16,FCR,30XROHIDRO-----1,daily_blank_zero,1,Other nonnegative daily quantities exhaust product Grand Total
2026-03-16,aFRRDown,30XROMEGALODON-K,daily_blank_zero,1,Other nonnegative daily quantities exhaust product Grand Total
2026-03-16,aFRRUp,30XROMEGALODON-K,daily_blank_zero,1,Other nonnegative daily quantities exhaust product Grand Total
2026-03-16,FCR,30XROHIDRO-----1,hourly_blank_zero,24,Known nonnegative hourly quantities exhaust daily supplier total; BID ids not joined
2026-03-16,aFRRUp,30XROMEGALODON-K,hourly_blank_zero,24,Known nonnegative hourly quantities exhaust daily supplier total; BID ids not joined
2026-03-16,aFRRDown,30XROMEGALODON-K,hourly_blank_zero,24,Known nonnegative hourly quantities exhaust daily supplier total; BID ids not joined
2026-03-17,aFRRDown,30XROMEGALODON-K,daily_blank_zero,1,Other nonnegative daily quantities exhaust product Grand Total
2026-03-17,aFRRUp,30XROMEGALODON-K,daily_blank_zero,1,Other nonnegative daily quantities exhaust product Grand Total
2026-03-17,aFRRUp,30XROMEGALODON-K,hourly_blank_zero,24,Known nonnegative hourly quantities exhaust daily supplier total; BID ids not joined
2026-03-17,aFRRDown,30XROMEGALODON-K,hourly_blank_zero,24,Known nonnegative hourly quantities exhaust daily supplier total; BID ids not joined
2026-03-18,aFRRDown,30XROMEGALODON-K,daily_blank_zero,1,Other nonnegative daily quantities exhaust product Grand Total
2026-03-18,aFRRUp,30XROMEGALODON-K,daily_blank_zero,1,Other nonnegative daily quantities exhaust product Grand Total
2026-03-18,aFRRUp,30XRO-EIS------S,daily_blank_zero,1,Other nonnegative daily quantities exhaust product Grand Total
2026-03-18,aFRRUp,30XRO-EIS------S,hourly_blank_zero,24,Known nonnegative hourly quantities exhaust daily supplier total; BID ids not joined
2026-03-18,aFRRUp,30XROMEGALODON-K,hourly_blank_zero,24,Known nonnegative hourly quantities exhaust daily supplier total; BID ids not joined
2026-03-18,aFRRDown,30XROMEGALODON-K,hourly_blank_zero,24,Known nonnegative hourly quantities exhaust daily supplier total; BID ids not joined
2026-03-19,aFRRDown,30XROMEGALODON-K,daily_blank_zero,1,Other nonnegative daily quantities exhaust product Grand Total
2026-03-19,aFRRUp,30XROMEGALODON-K,daily_blank_zero,1,Other nonnegative daily quantities exhaust product Grand Total
2026-03-19,aFRRUp,30XROMEGALODON-K,hourly_blank_zero,24,Known nonnegative hourly quantities exhaust daily supplier total; BID ids not joined
2026-03-19,aFRRDown,30XROMEGALODON-K,hourly_blank_zero,24,Known nonnegative hourly quantities exhaust daily supplier total; BID ids not joined
2026-03-20,aFRRDown,30XROMEGALODON-K,daily_blank_zero,1,Other nonnegative daily quantities exhaust product Grand Total
2026-03-20,aFRRUp,30XROMEGALODON-K,daily_blank_zero,1,Other nonnegative daily quantities exhaust product Grand Total
2026-03-20,aFRRUp,30XROMEGALODON-K,hourly_blank_zero,24,Known nonnegative hourly quantities exhaust daily supplier total; BID ids not joined
2026-03-20,aFRRDown,30XROMEGALODON-K,hourly_blank_zero,24,Known nonnegative hourly quantities exhaust daily supplier total; BID ids not joined
2026-03-21,aFRRDown,30XROMEGALODON-K,daily_blank_zero,1,Other nonnegative daily quantities exhaust product Grand Total
2026-03-21,aFRRDown,30XRO-EIS------S,daily_blank_zero,1,Other nonnegative daily quantities exhaust product Grand Total
2026-03-21,aFRRDown,30XRO-EIS------S,daily_blank_zero,1,Other nonnegative daily quantities exhaust product Grand Total
2026-03-21,aFRRDown,30XRO-EIS------S,daily_blank_zero,1,Other nonnegative daily quantities exhaust product Grand Total
2026-03-21,aFRRDown,30XROTENGAZ----B,daily_blank_zero,1,Other nonnegative daily quantities exhaust product Grand Total
2026-03-21,aFRRUp,30XROMEGALODON-K,daily_blank_zero,1,Other nonnegative daily quantities exhaust product Grand Total
2026-03-21,aFRRUp,30XROTENGAZ----B,daily_blank_zero,1,Other nonnegative daily quantities exhaust product Grand Total
2026-03-21,aFRRUp,30XRO-EIS------S,daily_blank_zero,1,Other nonnegative daily quantities exhaust product Grand Total
2026-03-21,aFRRUp,30XRO-EIS------S,daily_blank_zero,1,Other nonnegative daily quantities exhaust product Grand Total
2026-03-21,aFRRUp,30XRO-EIS------S,daily_blank_zero,1,Other nonnegative daily quantities exhaust product Grand Total
2026-03-21,aFRRUp,30XROTENGAZ----B,hourly_blank_zero,24,Known nonnegative hourly quantities exhaust daily supplier total; BID ids not joined
2026-03-21,aFRRUp,30XRO-EIS------S,hourly_blank_zero,72,Known nonnegative hourly quantities exhaust daily supplier total; BID ids not joined
2026-03-21,aFRRUp,30XROMEGALODON-K,hourly_blank_zero,24,Known nonnegative hourly quantities exhaust daily supplier total; BID ids not joined
2026-03-21,aFRRDown,30XROTENGAZ----B,hourly_blank_zero,24,Known nonnegative hourly quantities exhaust daily supplier total; BID ids not joined
2026-03-21,aFRRDown,30XRO-EIS------S,hourly_blank_zero,72,Known nonnegative hourly quantities exhaust daily supplier total; BID ids not joined
2026-03-21,aFRRDown,30XROMEGALODON-K,hourly_blank_zero,24,Known nonnegative hourly quantities exhaust daily supplier total; BID ids not joined
2026-03-22,aFRRDown,30XROMEGALODON-K,daily_blank_zero,1,Other nonnegative daily quantities exhaust product Grand Total
2026-03-22,aFRRDown,30XROTENGAZ----B,daily_blank_zero,1,Other nonnegative daily quantities exhaust product Grand Total
2026-03-22,aFRRUp,30XROTENGAZ----B,daily_blank_zero,1,Other nonnegative daily quantities exhaust product Grand Total
2026-03-22,aFRRUp,30XROMEGALODON-K,daily_blank_zero,1,Other nonnegative daily quantities exhaust product Grand Total
2026-03-22,aFRRUp,30XROTENGAZ----B,hourly_blank_zero,24,Known nonnegative hourly quantities exhaust daily supplier total; BID ids not joined
2026-03-22,aFRRUp,30XROMEGALODON-K,hourly_blank_zero,24,Known nonnegative hourly quantities exhaust daily supplier total; BID ids not joined
2026-03-22,aFRRDown,30XROTENGAZ----B,hourly_blank_zero,24,Known nonnegative hourly quantities exhaust daily supplier total; BID ids not joined
2026-03-22,aFRRDown,30XROMEGALODON-K,hourly_blank_zero,24,Known nonnegative hourly quantities exhaust daily supplier total; BID ids not joined
2026-03-23,aFRRDown,30XROTENGAZ----B,daily_blank_zero,1,Other nonnegative daily quantities exhaust product Grand Total
2026-03-23,aFRRDown,30XROMEGALODON-K,daily_blank_zero,1,Other nonnegative daily quantities exhaust product Grand Total
2026-03-23,aFRRUp,30XROMEGALODON-K,daily_blank_zero,1,Other nonnegative daily quantities exhaust product Grand Total
2026-03-23,aFRRUp,30XROTENGAZ----B,daily_blank_zero,1,Other nonnegative daily quantities exhaust product Grand Total
2026-03-23,aFRRUp,30XROTENGAZ----B,hourly_blank_zero,24,Known nonnegative hourly quantities exhaust daily supplier total; BID ids not joined
2026-03-23,aFRRUp,30XROMEGALODON-K,hourly_blank_zero,24,Known nonnegative hourly quantities exhaust daily supplier total; BID ids not joined
2026-03-23,aFRRDown,30XROTENGAZ----B,hourly_blank_zero,24,Known nonnegative hourly quantities exhaust daily supplier total; BID ids not joined
2026-03-23,aFRRDown,30XROMEGALODON-K,hourly_blank_zero,24,Known nonnegative hourly quantities exhaust daily supplier total; BID ids not joined
2026-03-24,aFRRDown,30XROMONSONALM-O,daily_blank_zero,1,Other nonnegative daily quantities exhaust product Grand Total
2026-03-24,aFRRDown,30XROMEGALODON-K,daily_blank_zero,1,Other nonnegative daily quantities exhaust product Grand Total
2026-03-24,aFRRUp,30XROMEGALODON-K,daily_blank_zero,1,Other nonnegative daily quantities exhaust product Grand Total
2026-03-24,aFRRUp,30XROMONSONALM-O,daily_blank_zero,1,Other nonnegative daily quantities exhaust product Grand Total
2026-03-24,aFRRUp,30XROMONSONALM-O,hourly_blank_zero,24,Known nonnegative hourly quantities exhaust daily supplier total; BID ids not joined
2026-03-24,aFRRUp,30XROMEGALODON-K,hourly_blank_zero,24,Known nonnegative hourly quantities exhaust daily supplier total; BID ids not joined
2026-03-24,aFRRDown,30XROMONSONALM-O,hourly_blank_zero,24,Known nonnegative hourly quantities exhaust daily supplier total; BID ids not joined
2026-03-24,aFRRDown,30XROMEGALODON-K,hourly_blank_zero,24,Known nonnegative hourly quantities exhaust daily supplier total; BID ids not joined
2026-03-25,aFRRDown,30XROMEGALODON-K,daily_blank_zero,1,Other nonnegative daily quantities exhaust product Grand Total
2026-03-25,aFRRUp,30XROMEGALODON-K,daily_blank_zero,1,Other nonnegative daily quantities exhaust product Grand Total
2026-03-25,aFRRUp,30XROMEGALODON-K,hourly_blank_zero,24,Known nonnegative hourly quantities exhaust daily supplier total; BID ids not joined
2026-03-25,aFRRDown,30XROMEGALODON-K,hourly_blank_zero,24,Known nonnegative hourly quantities exhaust daily supplier total; BID ids not joined
2026-03-26,aFRRDown,30XROMEGALODON-K,daily_blank_zero,1,Other nonnegative daily quantities exhaust product Grand Total
2026-03-26,aFRRUp,30XROMEGALODON-K,daily_blank_zero,1,Other nonnegative daily quantities exhaust product Grand Total
2026-03-26,aFRRUp,30XROMEGALODON-K,hourly_blank_zero,24,Known nonnegative hourly quantities exhaust daily supplier total; BID ids not joined
2026-03-26,aFRRDown,30XROMEGALODON-K,hourly_blank_zero,24,Known nonnegative hourly quantities exhaust daily supplier total; BID ids not joined
2026-03-27,aFRRDown,30XROMEGALODON-K,daily_blank_zero,1,Other nonnegative daily quantities exhaust product Grand Total
2026-03-27,aFRRUp,30XROMEGALODON-K,daily_blank_zero,1,Other nonnegative daily quantities exhaust product Grand Total
2026-03-27,aFRRUp,30XROMEGALODON-K,hourly_blank_zero,24,Known nonnegative hourly quantities exhaust daily supplier total; BID ids not joined
2026-03-27,aFRRDown,30XROMEGALODON-K,hourly_blank_zero,24,Known nonnegative hourly quantities exhaust daily supplier total; BID ids not joined
2026-03-28,aFRRDown,30XRO-EIS------S,daily_blank_zero,1,Other nonnegative daily quantities exhaust product Grand Total
2026-03-28,aFRRDown,30XROMEGALODON-K,daily_blank_zero,1,Other nonnegative daily quantities exhaust product Grand Total
2026-03-28,aFRRUp,30XROMEGALODON-K,daily_blank_zero,1,Other nonnegative daily quantities exhaust product Grand Total
2026-03-28,aFRRUp,30XRO-EIS------S,daily_blank_zero,1,Other nonnegative daily quantities exhaust product Grand Total
2026-03-28,aFRRUp,30XRO-EIS------S,daily_blank_zero,1,Other nonnegative daily quantities exhaust product Grand Total
2026-03-28,aFRRUp,30XRO-EIS------S,hourly_blank_zero,48,Known nonnegative hourly quantities exhaust daily supplier total; BID ids not joined
2026-03-28,aFRRUp,30XROMEGALODON-K,hourly_blank_zero,24,Known nonnegative hourly quantities exhaust daily supplier total; BID ids not joined
2026-03-28,aFRRDown,30XRO-EIS------S,hourly_blank_zero,24,Known nonnegative hourly quantities exhaust daily supplier total; BID ids not joined
2026-03-28,aFRRDown,30XROMEGALODON-K,hourly_blank_zero,24,Known nonnegative hourly quantities exhaust daily supplier total; BID ids not joined
2026-03-29,aFRRDown,30XROMEGALODON-K,daily_blank_zero,1,Other nonnegative daily quantities exhaust product Grand Total
2026-03-29,aFRRUp,30XROMEGALODON-K,daily_blank_zero,1,Other nonnegative daily quantities exhaust product Grand Total
2026-03-29,aFRRUp,30XRO-EIS------S,daily_blank_zero,1,Other nonnegative daily quantities exhaust product Grand Total
2026-03-29,aFRRUp,30XRO-EIS------S,hourly_blank_zero,23,Known nonnegative hourly quantities exhaust daily supplier total; BID ids not joined
2026-03-29,aFRRUp,30XROMEGALODON-K,hourly_blank_zero,23,Known nonnegative hourly quantities exhaust daily supplier total; BID ids not joined
2026-03-29,aFRRDown,30XROMEGALODON-K,hourly_blank_zero,23,Known nonnegative hourly quantities exhaust daily supplier total; BID ids not joined
2026-03-30,aFRRDown,30XRO-EIS------S,daily_blank_zero,1,Other nonnegative daily quantities exhaust product Grand Total
2026-03-30,aFRRDown,30XROMEGALODON-K,daily_blank_zero,1,Other nonnegative daily quantities exhaust product Grand Total
2026-03-30,aFRRUp,30XRO-EIS------S,daily_blank_zero,1,Other nonnegative daily quantities exhaust product Grand Total
2026-03-30,aFRRUp,30XRO-EIS------S,daily_blank_zero,1,Other nonnegative daily quantities exhaust product Grand Total
2026-03-30,aFRRUp,30XROMEGALODON-K,daily_blank_zero,1,Other nonnegative daily quantities exhaust product Grand Total
2026-03-30,aFRRUp,30XRO-EIS------S,hourly_blank_zero,48,Known nonnegative hourly quantities exhaust daily supplier total; BID ids not joined
2026-03-30,aFRRUp,30XROMEGALODON-K,hourly_blank_zero,24,Known nonnegative hourly quantities exhaust daily supplier total; BID ids not joined
2026-03-30,aFRRDown,30XRO-EIS------S,hourly_blank_zero,24,Known nonnegative hourly quantities exhaust daily supplier total; BID ids not joined
2026-03-30,aFRRDown,30XROMEGALODON-K,hourly_blank_zero,24,Known nonnegative hourly quantities exhaust daily supplier total; BID ids not joined
2026-03-31,aFRRDown,30XROMEGALODON-K,daily_blank_zero,1,Other nonnegative daily quantities exhaust product Grand Total
2026-03-31,aFRRUp,30XROMEGALODON-K,daily_blank_zero,1,Other nonnegative daily quantities exhaust product Grand Total
2026-03-31,aFRRUp,30XROMEGALODON-K,hourly_blank_zero,24,Known nonnegative hourly quantities exhaust daily supplier total; BID ids not joined
2026-03-31,aFRRDown,30XROMEGALODON-K,hourly_blank_zero,24,Known nonnegative hourly quantities exhaust daily supplier total; BID ids not joined
2026-04-01,aFRRDown,30XROMEGALODON-K,daily_blank_zero,1,Other nonnegative daily quantities exhaust product Grand Total
2026-04-01,aFRRUp,30XROMEGALODON-K,daily_blank_zero,1,Other nonnegative daily quantities exhaust product Grand Total
2026-04-01,aFRRUp,30XROMEGALODON-K,hourly_blank_zero,24,Known nonnegative hourly quantities exhaust daily supplier total; BID ids not joined
2026-04-01,aFRRDown,30XROMEGALODON-K,hourly_blank_zero,24,Known nonnegative hourly quantities exhaust daily supplier total; BID ids not joined
2026-04-02,aFRRDown,30XROMEGALODON-K,daily_blank_zero,1,Other nonnegative daily quantities exhaust product Grand Total
2026-04-02,aFRRUp,30XROMEGALODON-K,daily_blank_zero,1,Other nonnegative daily quantities exhaust product Grand Total
2026-04-02,aFRRUp,30XROMEGALODON-K,hourly_blank_zero,24,Known nonnegative hourly quantities exhaust daily supplier total; BID ids not joined
2026-04-02,aFRRDown,30XROMEGALODON-K,hourly_blank_zero,24,Known nonnegative hourly quantities exhaust daily supplier total; BID ids not joined
2026-04-03,aFRRDown,30XROMEGALODON-K,daily_blank_zero,1,Other nonnegative daily quantities exhaust product Grand Total
2026-04-03,aFRRUp,30XROMEGALODON-K,daily_blank_zero,1,Other nonnegative daily quantities exhaust product Grand Total
2026-04-03,aFRRUp,30XRO-NPS50----C,daily_blank_zero,1,Other nonnegative daily quantities exhaust product Grand Total
2026-04-03,aFRRUp,30XRO-NPS50----C,hourly_blank_zero,24,Known nonnegative hourly quantities exhaust daily supplier total; BID ids not joined
2026-04-03,aFRRUp,30XROMEGALODON-K,hourly_blank_zero,24,Known nonnegative hourly quantities exhaust daily supplier total; BID ids not joined
2026-04-03,aFRRDown,30XROMEGALODON-K,hourly_blank_zero,24,Known nonnegative hourly quantities exhaust daily supplier total; BID ids not joined
2026-04-10,aFRRDown,30XRONOVAH-----9,daily_blank_zero,1,Other nonnegative daily quantities exhaust product Grand Total
2026-04-10,aFRRUp,30XRONOVAH-----9,daily_blank_zero,1,Other nonnegative daily quantities exhaust product Grand Total
2026-04-10,aFRRUp,30XRONOVAH-----9,hourly_blank_zero,24,Known nonnegative hourly quantities exhaust daily supplier total; BID ids not joined
2026-04-10,aFRRDown,30XRONOVAH-----9,hourly_blank_zero,24,Known nonnegative hourly quantities exhaust daily supplier total; BID ids not joined
2026-04-17,aFRRDown,30XROTENGAZ----B,daily_blank_zero,1,Other nonnegative daily quantities exhaust product Grand Total
2026-04-17,aFRRUp,30XROTENGAZ----B,daily_blank_zero,1,Other nonnegative daily quantities exhaust product Grand Total
2026-04-17,aFRRUp,30XROTENGAZ----B,hourly_blank_zero,24,Known nonnegative hourly quantities exhaust daily supplier total; BID ids not joined
2026-04-17,aFRRDown,30XROTENGAZ----B,hourly_blank_zero,24,Known nonnegative hourly quantities exhaust daily supplier total; BID ids not joined
2026-04-21,aFRRUp,30XROGLYPTODON-B,daily_blank_zero,1,Other nonnegative daily quantities exhaust product Grand Total
2026-04-21,aFRRUp,30XROGLYPTODON-B,daily_blank_zero,1,Other nonnegative daily quantities exhaust product Grand Total
2026-04-21,aFRRUp,30XROGLYPTODON-B,daily_blank_zero,1,Other nonnegative daily quantities exhaust product Grand Total
2026-04-21,aFRRUp,30XROGLYPTODON-B,hourly_blank_zero,72,Known nonnegative hourly quantities exhaust daily supplier total; BID ids not joined
2026-08-08,aFRRDown,30XROHIDRO-----1,daily_blank_zero,1,Other nonnegative daily quantities exhaust product Grand Total
2026-08-08,aFRRDown,30XROHIDRO-----1,daily_blank_zero,1,Other nonnegative daily quantities exhaust product Grand Total
2026-08-08,aFRRUp,30XROHIDRO-----1,daily_blank_zero,1,Other nonnegative daily quantities exhaust product Grand Total
2026-08-08,aFRRUp,30XROHIDRO-----1,daily_blank_zero,1,Other nonnegative daily quantities exhaust product Grand Total
2026-08-08,aFRRUp,30XROHIDRO-----1,hourly_blank_zero,48,Known nonnegative hourly quantities exhaust daily supplier total; BID ids not joined
2026-08-08,aFRRDown,30XROHIDRO-----1,hourly_blank_zero,48,Known nonnegative hourly quantities exhaust daily supplier total; BID ids not joined
2026-08-13,aFRRUp,30XROMONSONALM-O,daily_blank_zero,1,Other nonnegative daily quantities exhaust product Grand Total
2026-08-13,aFRRUp,30XROMONSONALM-O,daily_blank_zero,1,Other nonnegative daily quantities exhaust product Grand Total
2026-08-13,aFRRUp,30XROMONSONALM-O,hourly_blank_zero,48,Known nonnegative hourly quantities exhaust daily supplier total; BID ids not joined
2026-08-14,aFRRUp,30XROMONSONALM-O,daily_blank_zero,1,Other nonnegative daily quantities exhaust product Grand Total
2026-08-14,aFRRUp,30XROMONSONALM-O,hourly_blank_zero,24,Known nonnegative hourly quantities exhaust daily supplier total; BID ids not joined
2026-08-16,aFRRDown,30XROGLYPTODON-B,daily_blank_zero,1,Other nonnegative daily quantities exhaust product Grand Total
2026-08-16,aFRRDown,30XROGLYPTODON-B,hourly_blank_zero,24,Known nonnegative hourly quantities exhaust daily supplier total; BID ids not joined
2026-08-25,FCR,30XROHIDRO-----1,daily_blank_zero,1,Other nonnegative daily quantities exhaust product Grand Total
2026-08-25,FCR,30XROHIDRO-----1,hourly_blank_zero,24,Known nonnegative hourly quantities exhaust daily supplier total; BID ids not joined
2026-08-27,FCR,30XROHIDRO-----1,daily_blank_zero,1,Other nonnegative daily quantities exhaust product Grand Total
2026-08-27,FCR,30XROHIDRO-----1,hourly_blank_zero,24,Known nonnegative hourly quantities exhaust daily supplier total; BID ids not joined
