day,DA_kEUR,DA_kEUR_per_MW,FCR_cap_kEUR,FCR_cap_kEUR_per_MW,cap_up_kEUR,cap_up_kEUR_per_MW,cap_down_kEUR,cap_down_kEUR_per_MW,act_up_kEUR,act_up_kEUR_per_MW,act_down_kEUR,act_down_kEUR_per_MW,total_kEUR,total_kEUR_per_MW,efc,total_qh,executed_qh,execution_coverage,da_valid_qh,afrr_valid_qh,fcr_valid_qh,fcr_in_scope_qh,initial_no_prior_qh,charge_ac_mwh,discharge_ac_mwh,da_data_coverage,afrr_data_coverage,fcr_data_coverage,fcr_in_scope_coverage,afrr_up_activation_mwh,afrr_down_activation_mwh,average_da_mw,average_afrr_up_mw,average_afrr_down_mw,average_fcr_mw,first_local_date,last_local_date,complete_days,calendar_complete
2025-01-01,0,0,0,0,0,0,0,0,0,0,0,0,0,0,0,96,96,1,96,92,0,0,96,0,0,1,0.958333333333,0,,0,0,0,0,0,0,2025-01-01,2025-01-01,1,True
2025-01-02,14.8831511788,0.148831511788,0,0,16.4757443558,0.164757443558,16.8505096399,0.168505096399,35.0893184093,0.350893184093,6.65801056132,0.0665801056132,89.9567341451,0.899567341451,1.61073381414,96,96,1,96,92,0,0,0,315.143572331,266.737519621,1,0.958333333333,0,,130.02805171,108.1738,-2.92751268416,49.8333333333,47.8333333333,0,2025-01-02,2025-01-02,1,True
2025-01-03,-0.176830413981,-0.00176830413981,0,0,14.3242797692,0.143242797692,15.202967371,0.15202967371,24.5859819774,0.245859819774,8.69061368419,0.0869061368419,62.6270123878,0.626270123878,2.0721889858,96,96,1,96,80,0,0,0,405.439465237,343.145028721,1,0.833333333333,0,,120.70214,72.32584,-4.61128068818,43.3333333333,43.1666666667,0,2025-01-03,2025-01-03,1,True
2025-01-04,-10.6069133025,-0.106069133025,0,0,16.4730949366,0.164730949366,17.5555528754,0.175555528754,58.1795995749,0.581795995749,10.2828328297,0.102828328297,91.8841669141,0.918841669141,1.57972564375,96,96,1,96,92,0,0,0,310.226703745,260.62925116,1,0.958333333333,0,,193.133905907,94.31864,-6.18386327047,49.8333333333,49.8333333333,0,2025-01-04,2025-01-04,1,True
2025-01-05,10.6290018495,0.106290018495,0,0,17.1369072745,0.171369072745,18.3185832881,0.183185832881,65.8220829068,0.658220829068,76.2828364339,0.762828364339,188.189411753,1.88189411753,1.64941397556,96,96,1,96,96,0,0,0,332.258204165,265.0625647,1,1,0,,193.94550601,267.60058,0.269143105196,51.8333333333,52,0,2025-01-05,2025-01-05,1,True
2025-01-06,25.848894056,0.25848894056,0,0,17.2534764518,0.172534764518,16.937295222,0.16937295222,20.2767396355,0.202767396355,22.7311588878,0.227311588878,103.047564253,1.03047564253,2.50478924974,96,96,1,96,96,0,0,0,483.839224975,420.064679494,1,1,0,,110.220553061,159.51466,-0.603351605958,52,48.375,0,2025-01-06,2025-01-06,1,True
2025-01-07,42.9042640874,0.429042640874,0,0,15.7555568956,0.157555568956,16.6888339464,0.166888339464,3.42464526552,0.0342464526552,3.52671683105,0.0352671683105,82.300017026,0.82300017026,2.13012032822,96,96,1,96,92,0,0,0,416.74495765,352.762920553,1,0.958333333333,0,,19.6752028571,214.72126,5.46100083522,47.5,47.6666666667,0,2025-01-07,2025-01-07,1,True
2025-01-08,24.7095344667,0.247095344667,0,0,11.8219461698,0.118219461698,12.8888379666,0.128888379666,8.55003266568,0.0855003266568,6.03021706859,0.0603021706859,64.0005683373,0.640005683373,2.1591282614,96,96,1,96,68,0,0,0,420.988715828,358.778431098,1,0.708333333333,0,,43.6114853807,147.00582,1.7160020787,35.625,36.8333333333,0,2025-01-08,2025-01-08,1,True
2025-01-09,14.7479293446,0.147479293446,0,0,15.5915718364,0.155915718364,17.299312397,0.17299312397,46.8328759791,0.468328759791,8.60985290883,0.0860985290883,103.081542466,1.03081542466,1.88897997156,96,96,1,96,92,0,0,0,390.457941951,295.146564513,1,0.958333333333,0,,70.55016,156.14404,-0.404895726581,49.5,49.6666666667,0,2025-01-09,2025-01-09,1,True
2025-01-10,21.9967633847,0.219967633847,0,0,14.946863439,0.14946863439,17.3581470162,0.173581470162,43.6649942022,0.436649942022,-0.496394557134,-0.00496394557134,97.4703734849,0.974703734849,2.10424891705,96,96,1,96,92,0,0,0,387.813438573,368.68194692,1,0.958333333333,0,,86.83454,121.05262,0.628607847801,47.6666666667,49.8333333333,0,2025-01-10,2025-01-10,1,True
2025-01-11,14.3209370697,0.143209370697,0,0,14.7546653797,0.147546653797,16.3112773488,0.163112773488,11.6561767616,0.116561767616,7.05679912531,0.0705679912531,64.0998556851,0.640998556851,1.97949892869,96,96,1,96,88,0,0,0,388.616988128,326.684626431,1,0.916666666667,0,,72.13648,150.32082,0.67716576265,47.6666666667,47.6666666667,0,2025-01-11,2025-01-11,1,True
2025-01-12,14.2853841132,0.142853841132,0,0,15.4239060489,0.154239060489,17.0537162162,0.170537162162,6.70257441737,0.0670257441737,0.442391148323,0.00442391148323,53.907971944,0.53907971944,1.57426202754,96,96,1,96,92,0,0,0,306.696625772,261.807559467,1,0.958333333333,0,,45.1061,119.63562,1.23501890393,49.8333333333,49.8333333333,0,2025-01-12,2025-01-12,1,True
2025-01-13,0.0992141891631,0.000992141891631,0,0,14.4604086229,0.144604086229,16.3423342986,0.163423342986,106.194754571,1.06194754571,3.81690227979,0.0381690227979,140.913613961,1.40913613961,2.21170336181,96,96,1,96,88,0,0,0,444.690252827,356.13032344,1,0.916666666667,0,,185.40002,126.4614,-6.14577289115,45.5,47.6666666667,0,2025-01-13,2025-01-13,1,True
2025-01-14,5.48789841115,0.0548789841115,0,0,14.0890712031,0.140890712031,16.9414168225,0.169414168225,108.826284341,1.08826284341,16.0251127428,0.160251127428,161.369783521,1.61369783521,2.35300168706,96,96,1,96,92,0,0,0,449.250538624,399.068502864,1,0.958333333333,0,,217.81838,93.23314,-7.28196982334,45.5,49.6666666667,0,2025-01-14,2025-01-14,1,True
2025-01-15,24.0917926662,0.240917926662,0,0,13.4582445418,0.134582445418,17.5481966949,0.175481966949,41.5119611374,0.415119611374,14.0124628502,0.140124628502,110.622657891,1.10622657891,1.91766850102,96,96,1,96,96,0,0,0,472.062987742,235.577694713,1,1,0,,101.15197,106.016105,-9.65088158456,43.5833333333,51.4583333333,0,2025-01-15,2025-01-15,1,True
2025-01-16,32.2430908365,0.322430908365,0,0,14.8165306533,0.148165306533,15.7866773869,0.157866773869,39.9991241576,0.399991241576,12.5010470854,0.125010470854,115.34647012,1.1534647012,2.03802836715,96,96,1,96,92,0,0,0,311.908982434,410.995232468,1,0.958333333333,0,,92.607695,95.20108,4.23665145975,46.9583333333,49.8333333333,0,2025-01-16,2025-01-16,1,True
2025-01-17,15.1790530863,0.151790530863,0,0,16.4208325795,0.164208325795,15.0787613821,0.150787613821,38.4330017048,0.384330017048,17.2241343301,0.172241343301,102.335783083,1.02335783083,2.07665853829,96,96,1,96,96,0,0,0,408.030154276,342.432585303,1,1,0,,90.24782,156.69587,0.0354367094208,52,50.125,0,2025-01-17,2025-01-17,1,True
2025-01-18,12.6398714588,0.126398714588,0,0,16.5206776664,0.165206776664,15.6128539561,0.156128539561,19.3324143817,0.193324143817,5.11153724855,0.0511153724855,69.2173547114,0.692173547114,1.96781347478,96,96,1,96,96,0,0,0,372.389426221,336.549412494,1,1,0,,86.70636,131.54466,0.374928594731,52,52,0,2025-01-18,2025-01-18,1,True
2025-01-19,-2.37506804795,-0.0237506804795,0,0,15.8935509154,0.158935509154,14.8976064632,0.148976064632,64.016228332,0.64016228332,7.16446521335,0.0716446521335,99.596782876,0.99596782876,1.18327092047,96,96,1,96,92,0,0,0,231.583348503,195.887182685,1,0.958333333333,0,,126.27602,79.2957,-3.44485357575,49.8333333333,49.6666666667,0,2025-01-19,2025-01-19,1,True
2025-01-20,48.2722919054,0.482722919054,0,0,13.982668462,0.13982668462,13.9406901264,0.139406901264,51.3022310546,0.513022310546,4.97222516204,0.0497222516204,132.47010671,1.3247010671,2.58712303507,96,96,1,96,92,0,0,0,590.131229003,357.368076987,1,0.958333333333,0,,116.24751,38.26212,-12.9478559173,43.9583333333,45.5,0,2025-01-20,2025-01-20,1,True
2025-01-21,46.4144356339,0.464144356339,0,0,13.0864000804,0.130864000804,13.7980508389,0.137980508389,42.3622464814,0.423622464814,3.61980028209,0.0361980028209,119.280933317,1.19280933317,2.59740616054,96,96,1,96,92,0,0,0,521.985445204,418.45243955,1,0.958333333333,0,,91.168005,106.37328,-3.68032211058,41.2083333333,45.5,0,2025-01-21,2025-01-21,1,True
2025-01-22,45.7853049373,0.457853049373,0,0,13.3538843341,0.133538843341,14.0276505104,0.140276505104,38.7907765335,0.387907765335,9.62814934446,0.0962814934446,121.58576566,1.2158576566,2.05706243733,96,96,1,96,88,0,0,0,332.813815602,399.605465718,1,0.916666666667,0,,82.72281,58.31746,1.76609583815,42.0416666667,46.25,0,2025-01-22,2025-01-22,1,True
2025-01-23,66.2865902296,0.662865902296,0,0,15.1095483041,0.151095483041,15.1080855168,0.151080855168,18.908424545,0.18908424545,126.628009831,1.26628009831,242.040658426,2.42040658426,2.36633790847,96,96,1,96,92,0,0,0,435.289504673,415.302078531,1,0.958333333333,0,,38.95164,299.81536,10.0365122441,47.6666666667,49.8333333333,0,2025-01-23,2025-01-23,1,True
2025-01-24,2.93273876535,0.0293273876535,0,0,15.6740871732,0.156740871732,14.7999276571,0.147999276571,63.3829396048,0.633829396048,22.4841251832,0.224841251832,119.273818384,1.19273818384,2.24846360655,96,96,1,96,96,0,0,0,444.126913376,368.782127006,1,1,0,,148.66202,63.06848,-6.70576359875,49.8333333333,49.1666666667,0,2025-01-24,2025-01-24,1,True
2025-01-25,29.3225777928,0.293225777928,0,0,15.0873460201,0.150873460201,14.995285654,0.14995285654,12.6396600816,0.126396600816,50.5329350693,0.505329350693,122.577804618,1.22577804618,2.20219529493,96,96,1,96,92,0,0,0,426.172662555,368.654540095,1,0.958333333333,0,,50.92646,224.33658,4.82883323082,47.6666666667,49.8333333333,0,2025-01-25,2025-01-25,1,True
2025-01-26,3.28900760534,0.0328900760534,0,0,16.3637562044,0.163637562044,15.7034503547,0.157034503547,8.97869069731,0.0897869069731,20.152033598,0.20152033598,64.4869384598,0.644869384598,1.93732716221,96,96,1,96,96,0,0,0,406.263458958,297.781364462,1,1,0,,49.49372,110.8601,-1.96315477066,51.8333333333,52,0,2025-01-26,2025-01-26,1,True
2025-01-27,44.7641617676,0.447641617676,0,0,16.4409782368,0.164409782368,15.7981231035,0.157981231035,69.2705673316,0.692705673316,59.9080260118,0.599080260118,206.181856451,2.06181856451,2.43756129144,96,96,1,96,96,0,0,0,449.692977625,426.700163462,1,1,0,,99.77682,262.31036,5.81419690987,52,52,0,2025-01-27,2025-01-27,1,True
2025-01-28,22.1409054222,0.221409054222,0,0,15.7882225259,0.157882225259,15.1317951604,0.151317951604,36.9315388933,0.369315388933,47.8263620393,0.478263620393,137.818824041,1.37818824041,1.82792898893,96,96,1,96,92,0,0,0,359.604527141,301.040809361,1,0.958333333333,0,,65.546,210.63536,3.60523509251,49.8333333333,49.8333333333,0,2025-01-28,2025-01-28,1,True
2025-01-29,32.0521840737,0.320521840737,0,0,15.5416418751,0.155416418751,15.7039800595,0.157039800595,43.544736263,0.43544736263,29.5676474626,0.295676474626,136.410189734,1.36410189734,2.14539625736,96,96,1,96,96,0,0,0,419.093904959,355.83415928,1,1,0,,94.66828,197.95724,1.66788393005,49,51.6666666667,0,2025-01-29,2025-01-29,1,True
2025-01-30,42.4392260876,0.424392260876,0,0,15.5938081553,0.155938081553,15.2307884001,0.152307884001,4.69260918612,0.0469260918612,82.5100622757,0.825100622757,160.466494105,1.60466494105,2.13893014379,96,96,1,96,92,0,0,0,418.077314636,354.553024516,1,0.958333333333,0,,23.08988,304.96414,9.09791541166,49.0416666667,49.8333333333,0,2025-01-30,2025-01-30,1,True
2025-01-31,15.6210485732,0.156210485732,0,0,15.1860774502,0.151860774502,15.2414621893,0.152414621893,22.862534075,0.22862534075,25.3337598347,0.253337598347,94.2448821224,0.942448821224,2.12902977104,96,96,1,96,92,0,0,0,415.649610874,353.328829524,1,0.958333333333,0,,66.90372,106.80254,-0.934248389593,47.6666666667,49.8333333333,0,2025-01-31,2025-01-31,1,True
2025-02-01,-11.6825820417,-0.116825820417,0,0,11.6952197239,0.116952197239,11.6462716258,0.116462716258,69.7983685928,0.697983685928,18.0075030322,0.180075030322,99.464780933,0.99464780933,1.94709090564,96,96,1,96,92,0,0,0,380.952568494,322.438253973,1,0.958333333333,0,,181.6786,69.0478,-7.13104643836,38.3333333333,38.3333333333,0,2025-02-01,2025-02-01,1,True
2025-02-02,-5.80035909588,-0.0580035909588,0,0,11.7993047602,0.117993047602,12.0348825527,0.120348825527,55.7668718526,0.557668718526,6.53694213712,0.0653694213712,80.3376422067,0.803376422067,1.38774460481,96,96,1,96,92,0,0,0,271.515248767,229.810506557,1,0.958333333333,0,,123.9822,73.3524,-3.84727259211,38.3333333333,38.3333333333,0,2025-02-02,2025-02-02,1,True
2025-02-03,15.7945765095,0.157945765095,0,0,11.4274921132,0.114274921132,11.1834749935,0.111834749935,31.0636778725,0.310636778725,12.5694480682,0.125694480682,82.0386695569,0.820386695569,2.23328406432,96,96,1,96,88,0,0,0,437.979800875,368.957578642,1,0.916666666667,0,,107.0464,84.6742,-3.80810092639,36.6666666667,36.6666666667,0,2025-02-03,2025-02-03,1,True
2025-02-04,3.24750111431,0.0324750111431,0,0,11.8376321183,0.118376321183,12.1278382832,0.121278382832,47.9108785689,0.479108785689,5.08066396455,0.0508066396455,80.2045140492,0.802045140492,2.15728747781,96,96,1,96,96,0,0,0,423.933557179,355.676249856,1,1,0,,129.85703,76.189295,-5.08021009682,38.9166666667,39.9583333333,0,2025-02-04,2025-02-04,1,True
2025-02-05,-0.0711936732566,-0.000711936732566,0,0,11.59391991,0.1159391991,11.6195503225,0.116195503225,92.4083276788,0.924083276788,9.36902002295,0.0936902002295,124.919624261,1.24919624261,2.11868861964,96,96,1,96,92,0,0,0,411.637543163,353.299654293,1,0.958333333333,0,,150.756335,40.84486,-7.01039016124,38.2083333333,38.0833333333,0,2025-02-05,2025-02-05,1,True
2025-02-06,17.6008693171,0.176008693171,0,0,11.6086484749,0.116086484749,12.1622794679,0.121622794679,48.9541864003,0.489541864003,27.9379077165,0.279379077165,118.263891377,1.18263891377,2.05981450547,96,96,1,96,96,0,0,0,411.584542941,333.845407065,1,1,0,,73.175,148.222,-0.112172328156,38.3333333333,40,0,2025-02-06,2025-02-06,1,True
2025-02-07,13.3209997483,0.133209997483,0,0,10.601720119,0.10601720119,10.6218149666,0.106218149666,23.7276329742,0.237276329742,17.017346134,0.17017346134,75.2895139421,0.752895139421,2.15243624359,96,96,1,96,84,0,0,0,430.880111542,348.189957469,1,0.875,0,,72.0246,99.8294,-2.28688975306,35,35,0,2025-02-07,2025-02-07,1,True
2025-02-08,-0.397634241111,-0.00397634241111,0,0,12.0731408363,0.120731408363,12.1256254144,0.121256254144,93.4702070481,0.934702070481,9.87271476649,0.0987271476649,127.144053824,1.27144053824,2.20938398288,96,96,1,96,96,0,0,0,413.942140896,381.387347075,1,1,0,,174.9872,55.9604,-6.31589974255,40,40,0,2025-02-08,2025-02-08,1,True
2025-02-09,-0.524189089858,-0.00524189089858,0,0,12.0708099745,0.120708099745,12.3599975888,0.123599975888,109.407350139,1.09407350139,39.158707605,0.39158707605,172.472676217,1.72472676217,1.70045628734,96,96,1,96,96,0,0,0,332.898353699,281.425955795,1,1,0,,155.6566,123.9416,-3.46614157932,40,40,0,2025-02-09,2025-02-09,1,True
2025-02-10,17.3432421958,0.173432421958,0,0,10.5985894267,0.105985894267,11.6556754476,0.116556754476,68.3999209914,0.683999209914,34.7667226111,0.347667226111,142.764150673,1.42764150673,2.04403282563,96,96,1,96,92,0,0,0,399.719081447,338.661441313,1,0.958333333333,0,,110.687515,105.7054,-2.75165646394,35.0416666667,38.3333333333,0,2025-02-10,2025-02-10,1,True
2025-02-11,25.0194521013,0.250194521013,0,0,7.60020094444,0.0760020094444,8.85891690947,0.0885891690947,25.2071512862,0.252071512862,-2.7264633792,-0.027264633792,63.9592578622,0.639592578622,2.10370827655,96,96,1,96,68,0,0,0,411.825708347,348.17890165,1,0.708333333333,0,,68.098,71.4596,-2.51188361237,25,28.3333333333,0,2025-02-11,2025-02-11,1,True
2025-02-12,8.00434168132,0.0800434168132,0,0,9.59193104418,0.0959193104418,9.60832613369,0.0960832613369,122.649078686,1.22649078686,-1.83153770991,-0.0183153770991,148.022139835,1.48022139835,1.98861206922,96,96,1,96,76,0,0,0,388.855958549,329.500634011,1,0.791666666667,0,,161.652,29.3694,-7.98491352243,31.6666666667,31.6666666667,0,2025-02-12,2025-02-12,1,True
2025-02-13,16.0056868489,0.160056868489,0,0,9.86562587904,0.0986562587904,10.8027325698,0.108027325698,41.6566119755,0.416566119755,26.2326286673,0.262326286673,104.563285941,1.04563285941,2.49876221604,96,96,1,96,88,0,0,0,561.418959983,352.405038224,1,0.916666666667,0,,81.37749,71.2012,-9.13292548997,32.5833333333,35,0,2025-02-13,2025-02-13,1,True
2025-02-14,28.8157199676,0.288157199676,0,0,11.2744017841,0.112744017841,11.4719546742,0.114719546742,32.8578327472,0.328578327472,11.0363253749,0.110363253749,95.4562345481,0.954562345481,2.01135445954,96,96,1,96,92,0,0,0,361.189167392,360.45008572,1,0.958333333333,0,,116.468165,36.89474,-3.34635444464,37.375,37.1666666667,0,2025-02-14,2025-02-14,1,True
2025-02-15,-7.33120167649,-0.0733120167649,0,0,11.8534086114,0.118534086114,12.2718852344,0.122718852344,56.6943919776,0.566943919776,-0.767661592976,-0.00767661592976,72.720822554,0.72720822554,1.82973059331,96,96,1,96,96,0,0,0,318.164578166,336.712273546,1,1,0,,174.7956,11.3464,-6.03756269252,40,40,0,2025-02-15,2025-02-15,1,True
2025-02-16,-20.4528169953,-0.204528169953,0,0,11.8599987945,0.118599987945,12.2691527195,0.122691527195,49.244183445,0.49244183445,-0.323240251552,-0.00323240251552,52.5972777121,0.525972777121,1.50205942446,96,96,1,96,96,0,0,0,295.970964275,246.97225722,1,1,0,,170.777,5.378,-8.93323779395,40,40,0,2025-02-16,2025-02-16,1,True
2025-02-17,5.58011377505,0.0558011377505,0,0,10.144767033,0.10144767033,10.8504952683,0.108504952683,59.0929982913,0.590929982913,-1.78108159101,-0.0178108159101,83.8872927767,0.838872927767,2.16536429204,96,96,1,96,84,0,0,0,421.19035852,360.673134073,1,0.875,0,,127.28211,30.6286,-6.54878060194,34.0833333333,35,0,2025-02-17,2025-02-17,1,True
2025-02-18,28.2899717414,0.282899717414,0,0,9.97296363271,0.0997296363271,11.8000401849,0.118000401849,57.409545683,0.57409545683,-0.661136049106,-0.00661136049106,106.811385193,1.06811385193,2.25062841215,96,96,1,96,92,0,0,0,456.410424305,359.102346972,1,0.958333333333,0,,134.2804,35.4604,-8.17200322222,33.5,38.3333333333,0,2025-02-18,2025-02-18,1,True
2025-02-19,24.7700397017,0.247700397017,0,0,10.4115328203,0.104115328203,11.553394547,0.11553394547,61.408576046,0.61408576046,23.4005260973,0.234005260973,131.544069212,1.31544069212,2.10877130278,96,96,1,96,92,0,0,0,397.156337749,362.271931208,1,0.958333333333,0,,128.188,99.3948,-2.65323360585,35.5,38.3333333333,0,2025-02-19,2025-02-19,1,True
2025-02-20,40.9191353345,0.409191353345,0,0,11.0065217391,0.110065217391,12.0885156313,0.120885156313,96.4314230519,0.964314230519,38.4952723515,0.384952723515,198.940868108,1.98940868108,2.30800602761,96,96,1,96,96,0,0,0,454.740309515,379.519398371,1,1,0,,142.10273,117.5723,-4.15630588098,37.5833333333,39.8333333333,0,2025-02-20,2025-02-20,1,True
2025-02-21,10.9613889149,0.109613889149,0,0,10.4272115404,0.104272115404,11.1158258494,0.111158258494,108.829927633,1.08829927633,9.65760759251,0.0965760759251,150.99196153,1.5099196153,2.19460921565,96,96,1,96,88,0,0,0,431.098142179,361.973104683,1,0.916666666667,0,,153.946835,78.501,-6.023786354,35.7916666667,36.6666666667,0,2025-02-21,2025-02-21,1,True
2025-02-22,7.15098567371,0.0715098567371,0,0,9.72487091395,0.0972487091395,10.0910131999,0.100910131999,139.534304318,1.39534304318,5.7767102294,0.057767102294,172.277884335,1.72277884335,1.89889999027,96,96,1,96,80,0,0,0,367.780962278,317.625870304,1,0.833333333333,0,,180.9756,48.9222,-7.5920204989,33.3333333333,33.3333333333,0,2025-02-22,2025-02-22,1,True
2025-02-23,-8.93093693649,-0.0893093693649,0,0,10.4792397485,0.104792397485,11.3895485504,0.113895485504,125.366985815,1.25366985815,-0.739231228819,-0.00739231228819,137.565605948,1.37565605948,1.48226900649,96,96,1,96,88,0,0,0,288.419720387,246.809043613,1,0.916666666667,0,,211.10058,17.1436,-9.81531903225,35.9166666667,36.6666666667,0,2025-02-23,2025-02-23,1,True
2025-02-24,37.0470570618,0.370470570618,0,0,10.2823619231,0.102823619231,11.9276716292,0.119276716292,65.2943575586,0.652943575586,19.3637977258,0.193637977258,143.915245898,1.43915245898,2.2234305615,96,96,1,96,92,0,0,0,438.183825802,365.52141181,1,0.958333333333,0,,111.6672,72.0364,-4.67888391631,35,38.3333333333,0,2025-02-24,2025-02-24,1,True
2025-02-25,63.9131906574,0.639131906574,0,0,9.73293148483,0.0973293148483,12.0927466345,0.120927466345,48.2550783991,0.482550783991,4.79951277541,0.0479951277541,138.793459951,1.38793459951,2.37537993283,96,96,1,96,92,0,0,0,513.727956698,351.906491206,1,0.958333333333,0,,78.2238,101.2362,-5.78371106218,33.3333333333,38.3333333333,0,2025-02-25,2025-02-25,1,True
2025-02-26,31.5851725862,0.315851725862,0,0,10.7059650815,0.107059650815,11.9528258293,0.119528258293,45.8489263267,0.458489263267,47.3001192818,0.473001192818,147.393009105,1.47393009105,1.99419499696,96,96,1,96,92,0,0,0,340.652033779,372.149501601,1,0.958333333333,0,,103.6928,104.8438,1.36035282593,36.6666666667,38.3333333333,0,2025-02-26,2025-02-26,1,True
2025-02-27,14.2419509,0.142419509,0,0,11.2656326596,0.112656326596,11.9771768393,0.119771768393,54.1633220719,0.541633220719,28.5987560867,0.285987560867,120.246838558,1.20246838558,2.05760443789,96,96,1,96,92,0,0,0,400.730224224,342.300528046,1,0.958333333333,0,,93.8866,123.4288,-1.20364567409,38.1666666667,38.3333333333,0,2025-02-27,2025-02-27,1,True
2025-02-28,32.3244764115,0.323244764115,0,0,11.3058887349,0.113058887349,12.5282382014,0.125282382014,26.1575419541,0.261575419541,28.161327746,0.28161327746,110.477473048,1.10477473048,2.2042215986,96,96,1,96,96,0,0,0,431.348700441,364.944653403,1,1,0,,59.7572,119.5798,-0.274226959909,38.3333333333,40,0,2025-02-28,2025-02-28,1,True
2025-03-01,-4.8281192017,-0.048281192017,0,0,14.5076861248,0.145076861248,15.5123199035,0.155123199035,47.1901306095,0.471901306095,5.32861778721,0.0532861778721,77.7106352234,0.777106352234,2.17798190333,96,96,1,96,96,0,0,0,441.397699045,347.748593912,1,1,0,,146.49325,38.3727,-8.40706896389,50,49.8333333333,0,2025-03-01,2025-03-01,1,True
2025-03-02,21.4058778569,0.214058778569,0,0,12.4495127097,0.124495127097,13.133298503,0.13133298503,78.0694341645,0.780694341645,10.3913901836,0.103913901836,135.449513418,1.35449513418,2.26272787034,96,96,1,96,88,0,0,0,426.365126805,388.540027328,1,0.916666666667,0,,131.5616,85.20302,-3.50765331155,42.9166666667,42.2083333333,0,2025-03-02,2025-03-02,1,True
2025-03-03,23.8001629228,0.238001629228,0,0,12.1835627449,0.121835627449,12.9880438059,0.129880438059,99.7169796403,0.997169796403,60.9207442268,0.609207442268,209.609493341,2.09609493341,2.23683282794,96,96,1,96,84,0,0,0,438.425933857,369.755322197,1,0.875,0,,189.91375,118.49075,-5.83723381917,41.6666666667,41.6666666667,0,2025-03-03,2025-03-03,1,True
2025-03-04,9.2366936671,0.092366936671,0,0,12.0259573271,0.120259573271,11.8493149034,0.118493149034,136.207614896,1.36207614896,43.9659073504,0.439659073504,213.285488144,2.13285488144,2.48054923273,96,96,1,96,80,0,0,0,489.160596345,407.532377135,1,0.833333333333,0,,241.55025,93.77958,-9.55828705043,41.6666666667,37.7916666667,0,2025-03-04,2025-03-04,1,True
2025-03-05,33.927236908,0.33927236908,0,0,11.0570596154,0.110570596154,13.3436476522,0.133436476522,121.745278088,1.21745278088,49.895683117,0.49895683117,229.968905381,2.29968905381,2.04316720314,96,96,1,96,84,0,0,0,395.129630108,342.259258755,1,0.875,0,,168.193,143.6055,-3.22741130638,38.9166666667,41.9583333333,0,2025-03-05,2025-03-05,1,True
2025-03-06,50.3159662226,0.503159662226,0,0,11.7337673297,0.117337673297,14.7152903355,0.147152903355,35.8005650288,0.358005650288,72.9601411519,0.729601411519,185.525730069,1.85525730069,2.35522138696,96,96,1,96,88,0,0,0,463.981459099,387.33541638,1,0.916666666667,0,,73.78799,194.83975,1.85023822005,41.3333333333,45.8333333333,0,2025-03-06,2025-03-06,1,True
2025-03-07,25.8189652782,0.258189652782,0,0,12.4121784566,0.124121784566,14.0219051447,0.140219051447,82.4494205457,0.824494205457,31.1509142915,0.311509142915,165.853383717,1.65853383717,2.38785826164,96,96,1,96,88,0,0,0,464.108253531,398.037430467,1,0.916666666667,0,,139.0905,90.0585,-4.795950961,43.75,43.75,0,2025-03-07,2025-03-07,1,True
2025-03-08,32.2014379949,0.322014379949,0,0,14.1271082884,0.141271082884,15.8063349144,0.158063349144,19.1039548554,0.191039548554,28.3127326926,0.283127326926,109.551568746,1.09551568746,1.62995941579,96,96,1,96,92,0,0,0,319.125096751,269.735076619,1,0.958333333333,0,,79.8591887572,136.907166667,0.319081574053,45.0416666667,47.9166666667,0,2025-03-08,2025-03-08,1,True
2025-03-09,17.2720827184,0.172720827184,0,0,15.6708738645,0.156708738645,16.4932872417,0.164932872417,30.3400439584,0.303400439584,45.7773537398,0.457773537398,125.553641523,1.25553641523,1.5120655569,96,96,1,96,96,0,0,0,296.142292664,250.141275936,1,1,0,,121.263244696,102.659336278,-2.69187188105,50,50,0,2025-03-09,2025-03-09,1,True
2025-03-10,16.0947103275,0.160947103275,0,0,14.0024318675,0.140024318675,16.0027936329,0.160027936329,48.2280855459,0.482280855459,17.6885879692,0.176885879692,112.016609343,1.12016609343,2.24600698994,96,96,1,96,92,0,0,0,446.492023548,365.966666337,1,0.958333333333,0,,102.526780071,102.164263228,-3.37032808561,43.9583333333,47.9166666667,0,2025-03-10,2025-03-10,1,True
2025-03-11,8.71945739411,0.0871945739411,0,0,13.1971285617,0.131971285617,14.4586665595,0.144586665595,99.6827743009,0.996827743009,11.5636501036,0.115636501036,147.62167692,1.4762167692,2.15813029643,96,96,1,96,88,0,0,0,414.567769385,363.88259417,1,0.916666666667,0,,129.273635,84.6525,-3.97109625894,45.7083333333,45.8333333333,0,2025-03-11,2025-03-11,1,True
2025-03-12,14.6438127542,0.146438127542,0,0,13.0785381339,0.130785381339,15.5186651129,0.155186651129,48.4081987263,0.484081987263,20.8105320864,0.208105320864,112.459746814,1.12459746814,2.20248418874,96,96,1,96,92,0,0,0,434.43230583,361.759259655,1,0.958333333333,0,,89.040225,104.326,-2.39113629898,45.625,47.9166666667,0,2025-03-12,2025-03-12,1,True
2025-03-13,29.5335683432,0.295335683432,0,0,11.2448112355,0.112448112355,12.8095678206,0.128095678206,89.2985884779,0.892985884779,48.1538653471,0.481538653471,191.040401224,1.91040401224,2.36861581595,96,96,1,96,76,0,0,0,459.91334726,395.214901121,1,0.791666666667,0,,123.53255,164.91325,-0.971572755796,38.9583333333,39.5833333333,0,2025-03-13,2025-03-13,1,True
2025-03-14,26.4019783683,0.264019783683,0,0,10.5901105083,0.105901105083,12.0962427165,0.120962427165,48.7654169046,0.487654169046,21.6492479693,0.216492479693,119.502996467,1.19502996467,2.06727974971,96,96,1,96,76,0,0,0,404.467777117,342.341526552,1,0.791666666667,0,,73.17507,114.78275,-0.854940440215,36.5,39.5833333333,0,2025-03-14,2025-03-14,1,True
2025-03-15,17.8526664803,0.178526664803,0,0,10.2430276483,0.102430276483,10.5536690243,0.105536690243,40.4330097308,0.404330097308,3.63188637031,0.0363188637031,82.7142592539,0.827142592539,1.99767764538,96,96,1,96,68,0,0,0,390.849974097,330.815418076,1,0.708333333333,0,,90.689,53.904,-4.03414816755,35.4166666667,33.3333333333,0,2025-03-15,2025-03-15,1,True
2025-03-16,19.7333284414,0.197333284414,0,0,13.171214435,0.13171214435,14.6440483845,0.146440483845,33.3895304563,0.333895304563,49.9572176265,0.499572176265,130.895339344,1.30895339344,1.4689720364,96,96,1,96,88,0,0,0,289.204331824,241.740992002,1,0.916666666667,0,,92.639,131.70925,-0.349712075915,45.8333333333,45.8333333333,0,2025-03-16,2025-03-16,1,True
2025-03-17,29.9177877777,0.299177877777,0,0,12.1848276001,0.121848276001,13.9456076194,0.139456076194,48.4644509991,0.484644509991,45.8165140406,0.458165140406,150.329188037,1.50329188037,2.31231099204,96,96,1,96,88,0,0,0,450.611912872,384.439477508,1,0.916666666667,0,,89.152205,147.60225,-0.321766265134,42.625,43.75,0,2025-03-17,2025-03-17,1,True
2025-03-18,24.6329286816,0.246329286816,0,0,13.7647921564,0.137647921564,15.9247985856,0.159247985856,106.942628056,1.06942628056,76.7231386044,0.767231386044,237.988286084,2.37988286084,2.48568166693,96,96,1,96,96,0,0,0,486.32902179,411.628884043,1,1,0,,155.329,191.37625,-1.61053698946,47.9166666667,50,0,2025-03-18,2025-03-18,1,True
2025-03-19,42.8786030967,0.428786030967,0,0,12.4935709407,0.124935709407,15.2332543095,0.152332543095,43.8966011526,0.438966011526,67.9184976407,0.679184976407,182.42052714,1.8242052714,2.4084199939,96,96,1,96,92,0,0,0,471.212607501,398.834350989,1,0.958333333333,0,,85.7635,135.2335,-0.954510688008,43.75,47.9166666667,0,2025-03-19,2025-03-19,1,True
2025-03-20,50.9246467236,0.509246467236,0,0,12.0186843216,0.120186843216,14.2461170608,0.142461170608,47.9481447555,0.479481447555,38.4963106708,0.384963106708,163.633903532,1.63633903532,2.22251825569,96,96,1,96,84,0,0,0,435.626955213,367.383391393,1,0.875,0,,74.657895,132.79875,-0.420946200862,42.2083333333,43.75,0,2025-03-20,2025-03-20,1,True
2025-03-21,45.8568536511,0.458568536511,0,0,12.0769570809,0.120769570809,14.954388362,0.14954388362,9.39655227038,0.0939655227038,87.5913113334,0.875913113334,169.876062698,1.69876062698,2.41072017679,96,96,1,96,88,0,0,0,470.876216359,399.880893026,1,0.916666666667,0,,36.447,175.5715,2.83871569447,42.875,45.8333333333,0,2025-03-21,2025-03-21,1,True
2025-03-22,19.0784304897,0.190784304897,0,0,13.7734579064,0.137734579064,15.5683946152,0.155683946152,23.5726800805,0.235726800805,52.8407242041,0.528407242041,124.833687296,1.24833687296,1.67688488516,96,96,1,96,96,0,0,0,331.286562125,274.983327782,1,1,0,,76.18925,134.64312,0.0896098190691,50,48.1666666667,0,2025-03-22,2025-03-22,1,True
2025-03-23,11.7218053557,0.117218053557,0,0,12.663753265,0.12663753265,14.9678521198,0.149678521198,70.3234900853,0.703234900853,0.560686703386,0.00560686703386,110.237587529,1.10237587529,1.79972888747,96,96,1,96,88,0,0,0,348.920480347,300.743912965,1,0.916666666667,0,,149.497,34.79775,-6.78649239089,45.8333333333,45.8333333333,0,2025-03-23,2025-03-23,1,True
2025-03-24,14.1225872026,0.141225872026,0,0,12.523960217,0.12523960217,15.6420534459,0.156420534459,47.3172462913,0.473172462913,12.5683098705,0.125683098705,102.174157027,1.02174157027,2.26033611947,96,96,1,96,92,0,0,0,442.239675548,374.311661383,1,0.958333333333,0,,108.793865,73.73025,-4.29131788184,43.5833333333,47.9166666667,0,2025-03-24,2025-03-24,1,True
2025-03-25,39.7547075323,0.397547075323,0,0,12.0135936181,0.120135936181,14.142285898,0.14142285898,2.93953978894,0.0293953978894,95.1291270207,0.951291270207,163.979253858,1.63979253858,2.28827483042,96,96,1,96,84,0,0,0,452.150413182,375.176514118,1,0.875,0,,14.99482,234.3245,5.9314908723,41.9166666667,43.75,0,2025-03-25,2025-03-25,1,True
2025-03-26,36.5449484662,0.365449484662,0,0,12.4376934518,0.124376934518,15.5734212325,0.155734212325,14.9307840985,0.149307840985,116.087189197,1.16087189197,195.574036446,1.95574036446,2.21039766482,96,96,1,96,92,0,0,0,431.402796106,366.944379965,1,0.958333333333,0,,34.38575,237.715,5.78628474413,43.75,47.9166666667,0,2025-03-26,2025-03-26,1,True
2025-03-27,37.3633172509,0.373633172509,0,0,12.9647876851,0.129647876851,15.2987882076,0.152987882076,25.9484807733,0.259484807733,65.7844839527,0.657844839527,157.35985787,1.5735985787,2.40097578922,96,96,1,96,96,0,0,0,466.377976802,400.460861824,1,1,0,,57.569215,155.4824,1.33316958426,45.375,47.2916666667,0,2025-03-27,2025-03-27,1,True
2025-03-28,14.4532867447,0.144532867447,0,0,13.679856144,0.13679856144,14.2883830266,0.142883830266,74.6563652079,0.746563652079,17.3048723865,0.173048723865,134.38276351,1.3438276351,2.2726749679,96,96,1,96,92,0,0,0,445.387787906,375.733725684,1,0.958333333333,0,,132.82664,62.8257,-5.81895842593,47.3333333333,44.2916666667,0,2025-03-28,2025-03-28,1,True
2025-03-29,9.05513843589,0.0905513843589,0,0,13.7710144054,0.137710144054,15.4775681594,0.154775681594,38.1570412715,0.381570412715,5.35081643903,0.0535081643903,81.8115787113,0.818115787113,1.43218921457,96,96,1,96,96,0,0,0,279.994145347,237.354023244,1,1,0,,94.468315,37.7725,-4.13899737926,48.7916666667,47.9166666667,0,2025-03-29,2025-03-29,1,True
2025-03-30,24.5474092061,0.245474092061,0,0,13.4502802724,0.134502802724,15.1539991562,0.151539991562,65.5610257764,0.655610257764,62.3621613715,0.623621613715,181.074875783,1.81074875783,2.19527610062,92,92,1,92,92,0,0,0,429.015840942,363.95643675,1,1,0,,144.61283,96.886,-4.90374931269,49.7391304348,47.8260869565,0,2025-03-30,2025-03-30,1,True
2025-03-31,60.1824117347,0.601824117347,0,0,11.6374600687,0.116374600687,15.1994053001,0.151994053001,26.3343241135,0.263343241135,149.276495046,1.49276495046,262.630096263,2.62630096263,2.38205860143,96,96,1,96,88,0,0,0,466.032442341,394.487949597,1,0.916666666667,0,,35.13364,217.26975,4.60798405235,40.9166666667,45.8333333333,0,2025-03-31,2025-03-31,1,True
2025-04-01,13.7248849077,0.137248849077,0,0,11.9224046131,0.119224046131,14.6770207551,0.146770207551,99.6059109116,0.996059109116,43.4418094125,0.434418094125,183.3720306,1.833720306,2.33070358898,96,96,1,96,84,0,0,0,461.791023317,381.069106536,1,0.875,0,,153.375,89.4085,-6.02868403256,41.6666666667,43.75,0,2025-04-01,2025-04-01,1,True
2025-04-02,11.0473972871,0.110473972871,0,0,12.5975487241,0.125975487241,14.7944544907,0.147944544907,102.224329117,1.02224329117,63.8153048536,0.638153048536,204.479034473,2.04479034473,2.33650365323,96,96,1,96,84,0,0,0,454.754407198,388.945879699,1,0.875,0,,173.56325,100.739,-5.77636572912,43.75,43.75,0,2025-04-02,2025-04-02,1,True
2025-04-03,15.8075531619,0.158075531619,0,0,11.3276007554,0.113276007554,13.7125808655,0.137125808655,189.186451846,1.89186451846,3.48600751542,0.0348600751542,233.520194145,2.33520194145,2.29807868714,96,96,1,96,80,0,0,0,446.667856639,383.063987323,1,0.833333333333,0,,273.7405,19.67375,-13.2362758048,39.5833333333,41.6666666667,0,2025-04-03,2025-04-03,1,True
2025-04-04,34.7102170922,0.347102170922,0,0,12.2437695893,0.122437695893,16.2069034799,0.162069034799,49.7675335913,0.497675335913,52.7551171932,0.527551171932,165.683540946,1.65683540946,2.3060440865,96,96,1,96,92,0,0,0,450.742585514,382.253277069,1,0.958333333333,0,,97.07925,123.3815,-1.7577941019,42.75,47.9166666667,0,2025-04-04,2025-04-04,1,True
2025-04-05,34.7300565797,0.347300565797,0,0,12.6338637734,0.126338637734,15.5264215391,0.155264215391,53.4250146183,0.534250146183,147.497643072,1.47497643072,263.812999582,2.63812999582,2.18771562204,96,96,1,96,88,0,0,0,430.963185975,359.804173409,1,0.916666666667,0,,80.792,282.89075,5.45582239309,43.6666666667,45.8333333333,0,2025-04-05,2025-04-05,1,True
2025-04-06,31.9072779487,0.319072779487,0,0,13.5772151899,0.135772151899,16.2440225035,0.162440225035,13.1623446441,0.131623446441,45.6482270211,0.456482270211,120.539087307,1.20539087307,2.09101361086,96,96,1,96,92,0,0,0,406.179490026,348.753387558,1,0.958333333333,0,,52.174095,149.84375,1.67681468883,47.375,47.9166666667,0,2025-04-06,2025-04-06,1,True
2025-04-07,29.0925595026,0.290925595026,0,0,12.4240104481,0.124240104481,15.531946956,0.15531946956,100.41586479,1.0041586479,45.369076549,0.45369076549,202.833458246,2.02833458246,2.39157658202,96,96,1,96,88,0,0,0,467.917157352,396.045081982,1,0.916666666667,0,,150.64446,154.19025,-2.84692855705,43.1666666667,45.8333333333,0,2025-04-07,2025-04-07,1,True
2025-04-08,49.1232248269,0.491232248269,0,0,13.1852975449,0.131852975449,15.9351147185,0.159351147185,28.2598577098,0.282598577098,139.153365136,1.39153365136,245.656859936,2.45656859936,2.4645560608,96,96,1,96,92,0,0,0,482.195751026,408.130483668,1,0.958333333333,0,,77.43447,210.02522,2.43856177677,45.75,46.9166666667,0,2025-04-08,2025-04-08,1,True
2025-04-09,43.3754639092,0.433754639092,0,0,11.8448525275,0.118448525275,13.7537169493,0.137537169493,77.9290634229,0.779290634229,61.3130707867,0.613130707867,208.216167596,2.08216167596,2.34101763414,96,96,1,96,84,0,0,0,459.555718401,386.377080373,1,0.875,0,,122.45115,147.16476,-2.01937616784,40.8333333333,40.3333333333,0,2025-04-09,2025-04-09,1,True
2025-04-10,17.3711326617,0.173711326617,0,0,13.8694123556,0.138694123556,16.0128578604,0.160128578604,128.472425551,1.28472425551,74.8006824243,0.748006824243,250.526510853,2.50526510853,2.45353443078,96,96,1,96,92,0,0,0,479.09525795,407.104377145,1,0.958333333333,0,,199.7585,141.13689,-5.44218711686,47.9166666667,46.9166666667,0,2025-04-10,2025-04-10,1,True
2025-04-11,26.3164168384,0.263164168384,0,0,11.8866631841,0.118866631841,14.9355059069,0.149355059069,150.580194232,1.50580194232,51.7340231852,0.517340231852,255.452803347,2.55452803347,2.40262646664,96,96,1,96,84,0,0,0,469.594156951,398.285391309,1,0.875,0,,220.98033,103.245,-7.87683731843,41.3333333333,43.75,0,2025-04-11,2025-04-11,1,True
2025-04-12,26.0197682478,0.260197682478,0,0,13.2649576084,0.132649576084,15.0568007393,0.150568007393,91.4372762541,0.914372762541,54.5266514592,0.545266514592,200.305454309,2.00305454309,1.6911064294,96,96,1,96,88,0,0,0,332.636641669,278.550795909,1,0.916666666667,0,,162.75425,98.24877,-4.94130524002,45.8333333333,44.2916666667,0,2025-04-12,2025-04-12,1,True
2025-04-13,26.0931864607,0.260931864607,0,0,12.6418411219,0.126418411219,15.5936834492,0.155936834492,66.709535279,0.66709535279,119.00395259,1.1900395259,240.0421989,2.400421989,1.70054640234,96,96,1,96,88,0,0,0,330.846100458,283.192829028,1,0.916666666667,0,,145.1035,160.76125,-1.33314672626,43.75,45.8333333333,0,2025-04-13,2025-04-13,1,True
2025-04-14,5.05367081946,0.0505367081946,0,0,13.8096998433,0.138096998433,16.801141158,0.16801141158,52.02153161,0.5202153161,34.4592046495,0.344592046495,122.14524808,1.2214524808,2.23342260102,96,96,1,96,96,0,0,0,460.164612156,350.226237729,1,1,0,,135.13747,77.066,-7.00041018446,47.6666666667,50,0,2025-04-14,2025-04-14,1,True
2025-04-15,18.0906551318,0.180906551318,0,0,13.605331994,0.13605331994,16.8416875942,0.168416875942,31.3446645636,0.313446645636,18.2294062044,0.182294062044,98.1117454879,0.981117454879,2.24614487632,96,96,1,96,96,0,0,0,416.291195085,391.574315519,1,1,0,,88.10465,145.3235,1.35424876807,47.0833333333,50,0,2025-04-15,2025-04-15,1,True
2025-04-16,43.5790937766,0.435790937766,0,0,11.4681580745,0.114681580745,15.462691365,0.15462691365,27.6145007486,0.276145007486,91.6994217967,0.916994217967,189.823865761,1.89823865761,2.35778852463,96,96,1,96,88,0,0,0,462.062625437,389.809753188,1,0.916666666667,0,,56.21465,201.744,3.05318657296,39.875,45.8333333333,0,2025-04-16,2025-04-16,1,True
2025-04-17,18.6218260181,0.186218260181,0,0,12.2396584631,0.122396584631,15.6101456554,0.156101456554,94.2556626079,0.942556626079,31.8168496916,0.318168496916,172.544142436,1.72544142436,2.25248058368,96,96,1,96,88,0,0,0,440.088776661,373.530428749,1,0.916666666667,0,,130.772,93.106,-4.34268116301,42.0833333333,45.8333333333,0,2025-04-17,2025-04-17,1,True
2025-04-18,10.3761029422,0.103761029422,0,0,14.1803507926,0.141803507926,16.8865529504,0.168865529504,51.9689468563,0.519689468563,40.5609551728,0.405609551728,133.972908714,1.33972908714,1.65311572943,96,96,1,96,96,0,0,0,323.280655002,273.887183194,1,1,0,,92.35321,90.55566,-2.13295924201,48.4583333333,49.5,0,2025-04-18,2025-04-18,1,True
2025-04-19,14.3411275716,0.143411275716,0,0,13.3153516967,0.133153516967,14.8808591003,0.148808591003,99.2074693508,0.992074693508,3.29981707798,0.0329981707798,145.044624797,1.45044624797,1.89162274323,96,96,1,96,84,0,0,0,370.094212285,313.257711278,1,0.875,0,,184.11954085,25.955,-8.95837674403,43.75,43.75,0,2025-04-19,2025-04-19,1,True
2025-04-20,29.4354151464,0.294354151464,0,0,14.0819319711,0.140819319711,16.3608783879,0.163608783879,37.5871683416,0.375871683416,178.542575149,1.78542575149,276.007968996,2.76007968996,1.71383297049,96,96,1,96,92,0,0,0,335.315146399,283.810739912,1,0.958333333333,0,,82.0070283572,196.546006281,2.62644047655,45.8333333333,47.9166666667,0,2025-04-20,2025-04-20,1,True
2025-04-21,36.8853814681,0.368853814681,0,0,14.2170453861,0.142170453861,16.3719285556,0.163719285556,26.9711631482,0.269711631482,128.873937043,1.28873937043,223.319455601,2.23319455601,1.59192367887,96,96,1,96,92,0,0,0,311.463328475,263.622561222,1,0.958333333333,0,,38.1080155367,240.881973618,6.45554961781,46.25,47.9166666667,0,2025-04-21,2025-04-21,1,True
2025-04-22,47.7194168062,0.477194168062,0,0,11.6317159906,0.116317159906,15.6390010648,0.156390010648,7.84730670527,0.0784730670527,67.6060752811,0.676060752811,150.443515848,1.50443515848,2.27208595453,96,96,1,96,88,0,0,0,445.599793329,375.359203066,1,0.916666666667,0,,30.8331807384,204.72875,4.31895745828,39.4583333333,45.8333333333,0,2025-04-22,2025-04-22,1,True
2025-04-23,37.4783129545,0.374783129545,0,0,11.3144171656,0.113144171656,15.6378832322,0.156378832322,6.75541993408,0.0675541993408,95.0038636914,0.950038636914,166.189896978,1.66189896978,2.14296202126,96,96,1,96,88,0,0,0,427.259758645,348.116361725,1,0.916666666667,0,,30.82054,204.2995,3.93064846165,39.375,45.8333333333,0,2025-04-23,2025-04-23,1,True
2025-04-24,18.5850335299,0.185850335299,0,0,13.9597187343,0.139597187343,17.0370668006,0.170370668006,26.5483746371,0.265483746371,28.2998538063,0.282998538063,104.430047508,1.04430047508,1.97852590875,96,96,1,96,96,0,0,0,378.242477185,335.143348289,1,1,0,,64.53275,162.033,2.26671337935,47.9166666667,50,0,2025-04-24,2025-04-24,1,True
2025-04-25,19.6518695129,0.196518695129,0,0,12.5795628064,0.125795628064,15.3351281845,0.153351281845,58.9246472004,0.589246472004,70.9631803443,0.709631803443,177.454388049,1.77454388049,2.43848487182,96,96,1,96,88,0,0,0,476.909466651,403.970016973,1,0.916666666667,0,,94.26665,159.3565,-0.327066653234,43.3333333333,45.8333333333,0,2025-04-25,2025-04-25,1,True
2025-04-26,12.7608697699,0.127608697699,0,0,13.949752883,0.13949752883,17.1200827741,0.171200827741,76.6614089285,0.766614089285,13.8143701299,0.138143701299,134.306484485,1.34306484485,1.66884222892,96,96,1,96,96,0,0,0,326.512610006,276.360273109,1,1,0,,159.553,65.1145,-6.02461820404,47.9166666667,50,0,2025-04-26,2025-04-26,1,True
2025-04-27,24.8657846168,0.248657846168,0,0,13.7678185398,0.137678185398,16.401735846,0.16401735846,17.2136988016,0.172136988016,4.2933991265,0.042933991265,76.5424369307,0.765424369307,1.69747530339,96,96,1,96,92,0,0,0,332.114733272,281.101910241,1,0.958333333333,0,,66.6704,95.6675,-0.917321792943,47.0416666667,47.9166666667,0,2025-04-27,2025-04-27,1,True
2025-04-28,33.3943221,0.333943221,0,0,12.1021014988,0.121021014988,15.6908225178,0.156908225178,27.7850689505,0.277850689505,68.9169040038,0.689169040038,157.889219071,1.57889219071,2.42711086296,96,96,1,96,88,0,0,0,474.869516667,401.929558907,1,0.916666666667,0,,92.30475,157.07425,-0.34043574,41.6666666667,45.8333333333,0,2025-04-28,2025-04-28,1,True
2025-04-29,36.6422775161,0.366422775161,0,0,12.0661978905,0.120661978905,15.7501757911,0.157501757911,13.9181201621,0.139181201621,84.5617718302,0.845617718302,162.93854319,1.6293854319,2.13089421337,96,96,1,96,88,0,0,0,416.914085225,352.876081735,1,0.916666666667,0,,35.6255,198.6085,4.12270818789,41.6666666667,45.8333333333,0,2025-04-29,2025-04-29,1,True
2025-04-30,47.7972739872,0.477972739872,0,0,13.2836420621,0.132836420621,17.208080524,0.17208080524,32.1610506231,0.321610506231,124.139206093,1.24139206093,234.58925329,2.3458925329,2.06286321795,96,96,1,96,96,0,0,0,403.603673078,341.610148893,1,1,0,,62.398,182.85875,2.43613440897,45.8333333333,50,0,2025-04-30,2025-04-30,1,True
2025-05-01,20.2298938996,0.202298938996,0,0,11.4119758915,0.114119758915,12.3204259166,0.123204259166,235.40823414,2.3540823414,16.5668634908,0.165668634908,295.937393338,2.95937393338,1.81191516287,96,96,1,96,96,0,0,0,357.45633942,297.555256257,1,1,0,,281.83584,52.33656,-12.0583484651,39,35.875,0,2025-05-01,2025-05-01,1,True
2025-05-02,22.8958507051,0.228958507051,0,0,11.4437870417,0.114437870417,13.3719658463,0.133719658463,33.5043998689,0.335043998689,41.8809455106,0.418809455106,123.096948973,1.23096948973,2.34526653297,96,96,1,96,96,0,0,0,455.905296724,390.874032574,1,1,0,,59.46993,114.453885,-0.418637881218,39,39,0,2025-05-02,2025-05-02,1,True
2025-05-03,27.8967072612,0.278967072612,0,0,10.895051534,0.10895051534,13.3707009825,0.133707009825,7.40476892768,0.0740476892768,79.4739692748,0.794739692748,139.04119798,1.3904119798,1.64881647548,96,96,1,96,96,0,0,0,322.594527811,273.044008339,1,1,0,,24.885315,184.297815,4.57758252201,37.375,39,0,2025-05-03,2025-05-03,1,True
2025-05-04,19.7271603483,0.197271603483,0,0,11.4139232114,0.114139232114,13.3689771563,0.133689771563,25.1618285226,0.251618285226,44.1485592587,0.441485592587,113.820448497,1.13820448497,1.79303403051,96,96,1,96,96,0,0,0,350.81100597,296.926435453,1,1,0,,65.40066,158.007915,1.61344518679,39,39,0,2025-05-04,2025-05-04,1,True
2025-05-05,34.1187376716,0.341187376716,0,0,10.4049364113,0.104049364113,12.9716472786,0.129716472786,45.1238256991,0.451238256991,36.4664302284,0.364664302284,139.085577289,1.39085577289,2.1515575591,96,96,1,96,96,0,0,0,421.149260503,356.135129485,1,1,0,,98.56431,122.60274,-1.70732087578,35.75,37.7083333333,0,2025-05-05,2025-05-05,1,True
2025-05-06,9.90037947272,0.0990037947272,0,0,11.3996745354,0.113996745354,12.6148448016,0.126148448016,61.3936881702,0.613936881702,40.4652471116,0.404652471116,135.773834092,1.35773834092,2.27249581051,96,96,1,96,96,0,0,0,445.463492488,375.610312398,1,1,0,,143.179725,97.499805,-4.81387917041,39,37.375,0,2025-05-06,2025-05-06,1,True
2025-05-07,17.517425585,0.17517425585,0,0,9.2474234785,0.092474234785,10.7752034618,0.107752034618,42.1342689477,0.421342689477,13.6181237889,0.136181237889,93.2924452619,0.932924452619,2.10350676648,96,96,1,96,88,0,0,0,413.674704503,346.547171166,1,0.916666666667,0,,67.46571,98.421375,-1.50716118074,32.5,34.125,0,2025-05-07,2025-05-07,1,True
2025-05-08,19.2459156885,0.192459156885,0,0,9.41643819498,0.0941643819498,9.98142809515,0.0998142809515,37.661401029,0.37661401029,0.479830572913,0.00479830572913,76.7850135806,0.767850135806,2.21390935706,96,96,1,96,88,0,0,0,430.262873215,369.072283169,1,0.916666666667,0,,80.062335,50.15716,-3.79565687693,33.7916666667,33.4583333333,0,2025-05-08,2025-05-08,1,True
2025-05-09,28.3237979157,0.283237979157,0,0,9.66490570458,0.0966490570458,11.0222853461,0.110222853461,55.7323825781,0.557323825781,8.24989086013,0.0824989086013,112.993262405,1.12993262405,2.33501346364,96,96,1,96,92,0,0,0,456.624380558,386.869583453,1,0.958333333333,0,,103.351845,102.25254,-2.95225425437,34.625,37.375,0,2025-05-09,2025-05-09,1,True
2025-05-10,15.5752919053,0.155752919053,0,0,9.51374377016,0.0951374377016,10.2921430665,0.102921430665,64.3498044945,0.643498044945,33.5750388125,0.335750388125,133.306022049,1.33306022049,1.54447543113,96,96,1,96,84,0,0,0,302.143234194,255.796229368,1,0.875,0,,125.908575,92.038245,-3.34238895106,34.125,34.125,0,2025-05-10,2025-05-10,1,True
2025-05-11,22.4704251963,0.224704251963,0,0,10.8827264732,0.108827264732,11.7227909704,0.117227909704,34.2896414881,0.342896414881,45.963186998,0.45963186998,125.328771126,1.25328771126,1.82460273035,96,96,1,96,96,0,0,0,358.311848545,301.033275685,1,1,0,,66.446055,126.13341,0.100365922514,39,39,0,2025-05-11,2025-05-11,1,True
2025-05-12,40.0095659794,0.400095659794,0,0,9.32756767321,0.0932756767321,11.220474934,0.11220474934,79.896298886,0.79896298886,7.0132126745,0.070132126745,147.467120147,1.47467120147,2.37238564422,96,96,1,96,92,0,0,0,463.569300828,393.369069144,1,0.958333333333,0,,145.87154,49.314525,-6.94821861183,33.4166666667,37.375,0,2025-05-12,2025-05-12,1,True
2025-05-13,46.963030042,0.46963030042,0,0,10.2607122546,0.102607122546,10.5915596258,0.105915596258,17.1758985395,0.171758985395,35.8075272663,0.358075272663,120.798727728,1.20798727728,2.34460055656,96,96,1,96,92,0,0,0,458.535796779,388.427005938,1,0.958333333333,0,,60.171945,140.993775,0.446376631611,36.4583333333,35.75,0,2025-05-13,2025-05-13,1,True
2025-05-14,53.4113310678,0.534113310678,0,0,8.52415132082,0.0852415132082,9.53029946461,0.0953029946461,15.321006096,0.15321006096,37.9445436997,0.379445436997,124.731331649,1.24731331649,2.18229401143,96,96,1,96,80,0,0,0,427.859117197,360.635819791,1,0.833333333333,0,,45.008535,122.281575,0.418739274735,30.875,32.5,0,2025-05-14,2025-05-14,1,True
2025-05-15,25.0179858523,0.250179858523,0,0,10.2558782036,0.102558782036,11.5243181284,0.115243181284,45.3424913017,0.453424913017,42.0695080674,0.420695080674,134.210181553,1.34210181553,2.15041775603,96,96,1,96,96,0,0,0,419.304508115,357.31902513,1,1,0,,92.91711,148.60365,-0.262455957734,37.375,39,0,2025-05-15,2025-05-15,1,True
2025-05-16,18.480340893,0.18480340893,0,0,8.11724212259,0.0811724212259,9.3531078539,0.093531078539,53.0964518537,0.530964518537,12.385890808,0.12385890808,101.433033531,1.01433033531,2.26889596703,96,96,1,96,80,0,0,0,444.378687943,375.336222803,1,0.833333333333,0,,107.920455,48.595805,-5.34862979751,29.625,32.3333333333,0,2025-05-16,2025-05-16,1,True
2025-05-17,15.8349146669,0.158349146669,0,0,8.89985303627,0.0889985303627,9.41126330022,0.0941126330022,113.059055851,1.13059055851,5.72125050031,0.0572125050031,152.926337355,1.52926337355,1.41664565652,96,96,1,96,80,0,0,0,276.705542749,234.989470055,1,0.833333333333,0,,138.84078,49.589865,-5.4569578206,32.5,32.5,0,2025-05-17,2025-05-17,1,True
2025-05-18,10.3455049751,0.103455049751,0,0,9.79122920463,0.0979122920463,10.8643348422,0.108643348422,124.740590967,1.24740590967,10.2982144514,0.102982144514,166.03987444,1.6603987444,1.51635290359,96,96,1,96,92,0,0,0,296.677742006,251.108040834,1,0.958333333333,0,,161.56686,52.02366,-6.46303754884,35.75,37.375,0,2025-05-18,2025-05-18,1,True
2025-05-19,32.8155929508,0.328155929508,0,0,8.45683969196,0.0845683969196,9.72469578508,0.0972469578508,64.9298599533,0.649298599533,27.0381295411,0.270381295411,142.965117922,1.42965117922,2.21332011276,96,96,1,96,84,0,0,0,433.040891626,366.525810672,1,0.875,0,,96.414435,101.333025,-2.56652045641,30.875,34,0,2025-05-19,2025-05-19,1,True
2025-05-20,25.6797976782,0.256797976782,0,0,10.3052926563,0.103052926563,10.8339620392,0.108339620392,91.4531822028,0.914531822028,23.1365307437,0.231365307437,161.40876532,1.6140876532,2.64677032646,96,96,1,96,92,0,0,0,517.84636822,438.305166061,1,0.958333333333,0,,132.5675,97.92276,-4.75774758994,37.0833333333,37.375,0,2025-05-20,2025-05-20,1,True
2025-05-21,67.2119580576,0.672119580576,0,0,9.19784258968,0.0919784258968,10.1614144116,0.101614144116,7.5773422805,0.075773422805,7.83671702833,0.0783671702833,101.985274368,1.01985274368,2.08135409909,96,96,1,96,92,0,0,0,408.529481584,343.565124405,1,0.958333333333,0,,22.984455,134.69781,1.94787490921,33.4583333333,35.75,0,2025-05-21,2025-05-21,1,True
2025-05-22,12.4035735162,0.124035735162,0,0,8.51634535778,0.0851634535778,8.77719101124,0.0877719101124,82.8487743781,0.828487743781,3.32994995384,0.0332994995384,115.875834217,1.15875834217,2.06948996081,96,96,1,96,80,0,0,0,403.643933115,343.770850031,1,0.833333333333,0,,112.206705,40.92114,-5.46494367016,30.875,30.875,0,2025-05-22,2025-05-22,1,True
2025-05-23,28.8109797374,0.288109797374,0,0,10.332022783,0.10332022783,10.9310912902,0.109310912902,11.583558163,0.11583558163,14.4177912579,0.144177912579,76.0754432316,0.760754432316,2.23710694132,96,96,1,96,96,0,0,0,437.643085539,370.508711365,1,1,0,,49.04991,102.07197,-0.588013090573,37.375,39,0,2025-05-23,2025-05-23,1,True
2025-05-24,29.5828516753,0.295828516753,0,0,9.88972106825,0.0988972106825,10.3487715134,0.103487715134,81.428364391,0.81428364391,25.8446904308,0.258446904308,157.094399079,1.57094399079,1.51900510459,96,96,1,96,92,0,0,0,297.196650899,251.547245321,1,0.958333333333,0,,108.340635,109.743855,-1.84359106575,35.75,37.375,0,2025-05-24,2025-05-24,1,True
2025-05-25,17.282694228,0.17282694228,0,0,9.89149554896,0.0989149554896,9.91471810089,0.0991471810089,35.5539401095,0.355539401095,13.999464552,0.13999464552,86.6423125394,0.866423125394,2.20813922319,96,96,1,96,88,0,0,0,432.027239321,365.667855361,1,0.916666666667,0,,78.539955,75.81912,-2.87834245665,35.75,35.75,0,2025-05-25,2025-05-25,1,True
2025-05-26,25.2484759306,0.252484759306,0,0,9.88540059347,0.0988540059347,9.45883086053,0.0945883086053,74.0755628448,0.740755628448,5.39594005669,0.0539594005669,124.064210286,1.24064210286,2.26582455953,96,96,1,96,88,0,0,0,445.544012024,373.332642339,1,0.916666666667,0,,136.081725,43.386135,-6.87112332019,35.75,34.125,0,2025-05-26,2025-05-26,1,True
2025-05-27,30.2437046255,0.302437046255,0,0,9.42258555283,0.0942258555283,9.42204615506,0.0942204615506,25.9414776678,0.259414776678,31.9917626119,0.319917626119,107.021576613,1.07021576613,1.77756917945,96,96,1,96,84,0,0,0,346.276984568,295.642072496,1,0.875,0,,72.485985,105.091155,-0.751239253003,34.125,34.125,0,2025-05-27,2025-05-27,1,True
2025-05-28,24.8033191571,0.248033191571,0,0,9.44759111111,0.0944759111111,9.72615703704,0.0972615703704,15.9072615866,0.159072615866,3.74828610924,0.0374828610924,63.6326150011,0.636326150011,2.19761654546,96,96,1,96,88,0,0,0,429.246232974,364.536588269,1,0.916666666667,0,,36.348975,125.075145,1.00068855397,34.125,35.75,0,2025-05-28,2025-05-28,1,True
2025-05-29,19.4500461484,0.194500461484,0,0,10.4077918224,0.104077918224,10.5864637114,0.105864637114,33.5648958441,0.335648958441,10.9735339856,0.109735339856,84.9827315119,0.849827315119,1.43637842591,96,96,1,96,96,0,0,0,281.376621548,237.571362184,1,1,0,,73.73106,61.99206,-2.31434414017,37.375,39,0,2025-05-29,2025-05-29,1,True
2025-05-30,28.4073148774,0.284073148774,0,0,8.59089940198,0.0859089940198,9.16804428918,0.0916804428918,25.8792146659,0.258792146659,19.4134818317,0.194134818317,91.4589550663,0.914589550663,2.57998896906,96,96,1,96,84,0,0,0,504.434390513,427.539078424,1,0.875,0,,64.41669,89.875695,-2.14317946201,30.875,34.125,0,2025-05-30,2025-05-30,1,True
2025-05-31,27.0480633112,0.270480633112,0,0,9.9568257667,0.099568257667,9.8694129031,0.098694129031,56.742445031,0.56742445031,41.3283752473,0.413283752473,144.945122259,1.44945122259,1.5865296413,96,96,1,96,92,0,0,0,310.776534541,262.417358363,1,0.958333333333,0,,120.037515,110.583525,-2.40888192406,35.75,37.375,0,2025-05-31,2025-05-31,1,True
2025-06-01,33.0111770154,0.330111770154,0,0,7.47295167756,0.0747295167756,7.032374257,0.07032374257,8.021600226,0.08021600226,38.4106179046,0.384106179046,93.9487210806,0.939487210806,1.509497655,96,96,1,96,96,0,96,0,296.00780006,249.404621367,1,1,0,0,20.93322,141.89196,3.0981483878,26.8333333333,26.8333333333,0,2025-06-01,2025-06-01,1,True
2025-06-02,67.3934259454,0.673934259454,0,0,7.48185390707,0.0748185390707,7.39167045163,0.0739167045163,9.07183260237,0.0907183260237,30.4021267328,0.304021267328,121.740909639,1.21740909639,2.27891898965,96,96,1,96,96,0,96,0,444.881335963,378.230406612,1,1,0,0,21.9247,138.19568,2.0675021104,26.8333333333,28,0,2025-06-02,2025-06-02,1,True
2025-06-03,33.799796167,0.33799796167,0,0,7.47986237444,0.0747986237444,7.26138574705,0.0726138574705,23.6318490149,0.236318490149,49.4325641512,0.494325641512,121.605457455,1.21605457455,2.13670875715,96,96,1,96,96,0,96,0,418.010100422,353.874191371,1,1,0,0,42.44884,120.582,0.583218789556,26.8333333333,28,0,2025-06-03,2025-06-03,1,True
2025-06-04,49.9294160247,0.499294160247,0,0,7.46413900805,0.0746413900805,6.9388103663,0.069388103663,23.412003935,0.23412003935,1.08185757188,0.0108185757188,88.8262269059,0.888262269059,1.68079746887,96,96,1,96,96,0,96,0,329.515774362,277.77797027,1,1,0,0,48.17134,66.61466,-1.3872701705,26.8333333333,28,0,2025-06-04,2025-06-04,1,True
2025-06-05,38.5114476614,0.385114476614,0,0,7.12394082044,0.0712394082044,6.52222002453,0.0652222002453,15.6106438529,0.156106438529,8.02716220634,0.0802716220634,75.7954145656,0.757954145656,1.73700647169,96,96,1,96,92,0,96,0,340.964856714,286.703888702,1,0.958333333333,0,0,37.89492,78.09102,-0.586036167159,25.5833333333,26.8333333333,0,2025-06-05,2025-06-05,1,True
2025-06-06,39.0841810024,0.390841810024,0,0,6.48481706472,0.0648481706472,6.03443021944,0.0603443021944,6.59600978517,0.0659600978517,7.59554199799,0.0759554199799,65.7949800697,0.657949800697,1.67801701991,96,96,1,96,84,0,96,0,326.893680718,279.076425635,1,0.875,0,0,23.4689,86.57992,0.637240204844,23.3333333333,24.5,0,2025-06-06,2025-06-06,1,True
2025-06-07,29.9644613799,0.299644613799,57.537384475,0.57537384475,7.10128911983,0.0710128911983,6.71418031812,0.0671418031812,20.9393605337,0.209393605337,15.2924110167,0.152924110167,137.549086843,1.37549086843,1.00440827386,96,96,1,96,96,96,96,0,208.64911483,156.059409509,1,1,1,1,30.6096,77.22834,-0.248790221742,25.6666666667,28,38.375,2025-06-07,2025-06-07,1,True
2025-06-08,30.225338793,0.30225338793,59.9738209512,0.599738209512,7.42281543771,0.0742281543771,6.27127047717,0.0627127047717,9.97840278966,0.0997840278966,37.8512821046,0.378512821046,151.722930553,1.51722930553,1.18876978061,96,96,1,96,96,96,96,0,231.895688983,197.444040183,1,1,1,1,26.32462,124.28252,2.6460938,26.8333333333,26.3333333333,40,2025-06-08,2025-06-08,1,True
2025-06-09,31.6885165162,0.316885165162,57.2874935544,0.572874935544,6.45440482329,0.0645440482329,5.90192376344,0.0590192376344,18.5419408572,0.185419408572,27.4472699378,0.274472699378,147.321549452,1.47321549452,1.16583846082,96,96,1,96,84,96,96,0,228.09882929,193.062849111,1,0.875,1,1,36.7507,98.34258,1.10649582588,23.3333333333,24.5,38.2083333333,2025-06-09,2025-06-09,1,True
2025-06-10,21.9880144595,0.219880144595,59.2241481893,0.592241481893,7.09984530562,0.0709984530562,6.17763674586,0.0617763674586,59.8638469559,0.598638469559,61.1169571232,0.611169571232,215.470448779,2.15470448779,1.45648211186,96,96,1,96,88,96,96,0,286.111360083,240.222220273,1,0.916666666667,1,1,81.57408,117.94538,-0.396576658774,25.6666666667,25.6666666667,39.5,2025-06-10,2025-06-10,1,True
2025-06-11,26.6357816557,0.266357816557,59.8528769408,0.598528769408,5.80419330501,0.0580419330501,5.4398284557,0.054398284557,15.5974696659,0.155974696659,4.46934260073,0.0446934260073,117.799492624,1.17799492624,1.66581347455,96,96,1,96,80,96,96,0,325.837958997,275.928174276,1,0.833333333333,1,1,33.34114,64.467105,-0.782659155004,21,22.625,39.875,2025-06-11,2025-06-11,1,True
2025-06-12,16.673079536,0.16673079536,58.8615151937,0.588615151937,7.05764263398,0.0705764263398,5.98146106545,0.0598146106545,67.0108841203,0.670108841203,4.68580368534,0.0468580368534,160.270386235,1.60270386235,1.23590045625,96,96,1,96,88,96,96,0,241.073955278,205.285235364,1,0.916666666667,1,1,82.26414,74.65878,-1.80808666311,25.6666666667,25.6666666667,39.125,2025-06-12,2025-06-12,1,True
2025-06-13,19.8774179149,0.198774179149,60.1300431489,0.601300431489,6.29995824303,0.0629995824303,5.89163070927,0.0589163070927,20.0969972784,0.200969972784,17.8107061378,0.178107061378,130.106753432,1.30106753432,1.29700978309,96,96,1,96,88,96,96,0,253.430039375,215.066454831,1,0.916666666667,1,1,51.1749,77.83748,-0.487541856003,23.3333333333,25.6666666667,40,2025-06-13,2025-06-13,1,True
2025-06-14,22.1937910998,0.221937910998,60.0953895072,0.600953895072,6.69896661367,0.0669896661367,5.64785373609,0.0564785373609,10.5123677037,0.105123677037,6.30672845512,0.0630672845512,111.455097116,1.11455097116,1.07795608785,96,96,1,96,92,96,96,0,210.90445197,178.509528148,1,0.958333333333,1,1,41.14978,60.1286,-0.559004325944,25.6666666667,25.6666666667,40,2025-06-14,2025-06-14,1,True
2025-06-15,20.0903111856,0.200903111856,59.970190779,0.59970190779,6.08721780604,0.0608721780604,5.37976152623,0.0537976152623,11.3262215529,0.113262215529,10.9848933569,0.109848933569,113.838596207,1.13838596207,1.02531603425,96,96,1,96,84,96,96,0,200.605311048,169.792335271,1,0.875,1,1,32.22646,66.6309,0.149644342626,23.3333333333,24.5,39.9166666667,2025-06-15,2025-06-15,1,True
2025-06-16,26.8984203581,0.268984203581,60.0953895072,0.600953895072,6.39131160572,0.0639131160572,5.88300476948,0.0588300476948,8.35586339192,0.0835586339192,3.23597279873,0.0323597279873,110.859962431,1.10859962431,1.66820877797,96,96,1,96,96,96,96,0,326.38867395,276.255373631,1,1,1,1,27.41018,103.8961,1.09802582005,24.5,26.8333333333,40,2025-06-16,2025-06-16,1,True
2025-06-17,26.3924729998,0.263924729998,59.567508451,0.59567508451,6.33493736329,0.0633493736329,5.58936567906,0.0558936567906,12.9260525712,0.129260525712,10.8931468049,0.108931468049,121.703483869,1.21703483869,1.29648398502,96,96,1,96,88,96,96,0,255.729408837,212.9461242,1,0.916666666667,1,1,58.69612,75.8485,-1.06795435991,24.5,25.6666666667,39.625,2025-06-17,2025-06-17,1,True
2025-06-18,25.6875696407,0.256875696407,57.6567256232,0.576567256232,5.85636352784,0.0585636352784,5.15582436385,0.0515582436385,15.7733842555,0.157733842555,14.5966866415,0.145966866415,124.726554053,1.24726554053,1.32310788337,96,96,1,96,84,96,96,0,257.52614325,220.243203326,1,0.875,1,1,56.47656,60.94364,-1.36732749684,23.3333333333,24.1666666667,38.3333333333,2025-06-18,2025-06-18,1,True
2025-06-19,16.8576671555,0.168576671555,60.0894187779,0.600894187779,6.5040119225,0.065040119225,5.57607550919,0.0557607550919,20.9475276634,0.209475276634,5.95854629793,0.0595854629793,115.933247326,1.15933247326,0.996147068628,96,96,1,96,96,96,96,0,194.171631243,165.577040445,1,1,1,1,57.32538,50.38684,-1.48054711657,26.8333333333,26.8333333333,40,2025-06-19,2025-06-19,1,True
2025-06-20,27.4905781746,0.274905781746,60.0989725143,0.600989725143,5.59293280601,0.0559293280601,4.80938450226,0.0480938450226,10.9188881726,0.109188881726,27.7114412479,0.277114412479,136.622197418,1.36622197418,1.18185637862,96,96,1,96,84,96,96,0,231.23276973,195.7154163,1,0.875,1,1,40.99396,102.00155,1.06209319039,23.3333333333,23.9166666667,40,2025-06-20,2025-06-20,1,True
2025-06-21,20.650068854,0.20650068854,59.4151212553,0.594151212553,5.18139958789,0.0518139958789,4.81390077667,0.0481390077667,14.1839116772,0.141839116772,25.0259465685,0.250259465685,129.27034872,1.2927034872,1.10529191155,96,96,1,96,84,96,96,0,216.315718697,182.9830568,1,0.875,1,1,50.29848,72.52434,-0.462783412373,22.3333333333,24.5,39.6666666667,2025-06-21,2025-06-21,1,True
2025-06-22,18.7673838759,0.187673838759,59.8519971469,0.598519971469,5.67550324933,0.0567550324933,4.64225709304,0.0464225709304,21.5801985458,0.215801985458,9.74277858105,0.0974277858105,120.260118492,1.20260118492,1.08013489706,96,96,1,96,88,96,96,0,211.267787335,178.923622706,1,0.916666666667,1,1,63.2562,46.4688,-2.04714852623,24.5,24.5,39.9583333333,2025-06-22,2025-06-22,1,True
2025-06-23,19.7278145754,0.197278145754,59.7895863053,0.597895863053,5.47806308448,0.0547806308448,4.45652242828,0.0445652242828,15.7960167943,0.157960167943,-0.274513558634,-0.00274513558634,104.973489629,1.04973489629,1.51980859512,96,96,1,96,84,96,96,0,297.381165869,251.657187913,1,0.875,1,1,63.7357,46.28302,-2.63236074815,23.3333333333,23.3333333333,39.9166666667,2025-06-23,2025-06-23,1,True
2025-06-24,28.3408842497,0.283408842497,59.6247993182,0.596247993182,5.54498642301,0.0554498642301,4.69617267556,0.0469617267556,5.14926580766,0.0514926580766,3.61304675794,0.0361304675794,106.969155232,1.06969155232,1.41503352568,96,96,1,96,88,96,96,0,276.827075157,234.352667291,1,0.916666666667,1,1,24.31106,133.2163,2.76795133892,24.4166666667,25.6666666667,39.7916666667,2025-06-24,2025-06-24,1,True
2025-06-25,25.2652580297,0.252652580297,58.7951783381,0.587951783381,5.25322829658,0.0525322829658,4.01515379439,0.0401515379439,13.9273528188,0.139273528188,3.08878679392,0.0308878679392,110.344958072,1.10344958072,1.07400246783,96,96,1,96,84,96,96,0,210.183630481,177.810192506,1,0.875,1,1,53.05272,58.44984,-1.12401324894,23.3333333333,23.375,39.2916666667,2025-06-25,2025-06-25,1,True
2025-06-26,9.18366592592,0.0918366592592,59.6491748783,0.596491748783,4.57347738336,0.0457347738336,3.44194863271,0.0344194863271,46.6938063376,0.466938063376,-1.22062636688,-0.0122062636688,122.321446791,1.22321446791,1.26177134835,96,96,1,96,72,96,96,0,247.529314424,208.389858846,1,0.75,1,1,92.58536,26.46044,-4.38601564912,21,20.1666666667,39.875,2025-06-26,2025-06-26,1,True
2025-06-27,6.69209145051,0.0669209145051,59.6249778181,0.596249778181,5.01407417631,0.0501407417631,3.74011475442,0.0374011475442,16.3476255198,0.163476255198,-0.640440154595,-0.00640440154595,90.7784435645,0.907784435645,0.987497914449,96,96,1,96,84,96,96,0,192.492393697,164.133747241,1,0.875,1,1,64.38768,32.61792,-2.50535026899,23.3333333333,22.4166666667,40,2025-06-27,2025-06-27,1,True
2025-06-28,15.3980794775,0.153980794775,59.5510043324,0.595510043324,5.64135289484,0.0564135289484,4.49996061442,0.0449996061442,62.9714330286,0.629714330286,45.3078825381,0.453078825381,193.369712886,1.93369712886,1.09058728624,96,96,1,96,96,96,96,0,213.375773394,180.601254601,1,1,1,1,84.808165,76.5366,-1.71025349139,27.2083333333,28,40,2025-06-28,2025-06-28,1,True
2025-06-29,18.2985617948,0.182985617948,59.4889720362,0.594889720362,5.34743599842,0.0534743599842,4.1446396219,0.041446396219,23.0832523295,0.230832523295,71.804502707,0.71804502707,182.167364488,1.82167364488,1.13023514219,96,96,1,96,92,96,96,0,221.132962603,187.166939547,1,0.958333333333,1,1,38.1767,116.44346,1.84586403934,25.5,25.6666666667,39.9583333333,2025-06-29,2025-06-29,1,True
2025-06-30,25.0293539484,0.250293539484,58.8066167783,0.588066167783,5.06905868452,0.0506905868452,3.7603702245,0.037603702245,50.908701299,0.50908701299,13.0656324227,0.130656324227,156.639733357,1.56639733357,1.46001100095,96,96,1,96,88,96,96,0,286.196387615,241.319021038,1,0.916666666667,1,1,80.39262,56.80626,-2.85265527407,24.5,23.3333333333,39.5,2025-06-30,2025-06-30,1,True
2025-07-01,26.7044440048,0.267044440048,69.6004096343,0.696004096343,6.48133603797,0.0648133603797,5.58956811155,0.0558956811155,21.8932838784,0.218932838784,66.3066995227,0.663066995227,196.57574119,1.9657574119,1.46164826755,96,96,1,96,80,96,96,0,285.4325997,242.507753826,1,0.833333333333,1,1,60.96764,133.76655,1.24475267192,32.0833333333,35.8333333333,39.75,2025-07-01,2025-07-01,1,True
2025-07-02,64.5795092064,0.645795092064,67.351099031,0.67351099031,6.20183368786,0.0620183368786,5.20646222327,0.0520646222327,5.2234323754,0.052234323754,44.4864394384,0.444864394384,193.048775962,1.93048775962,1.66431961596,96,96,1,96,80,96,96,0,326.554146932,274.827226843,1,0.833333333333,1,1,27.89937,185.85847,4.42634082963,31.25,34.0416666667,38.25,2025-07-02,2025-07-02,1,True
2025-07-03,21.0087212368,0.210087212368,68.3756044607,0.683756044607,7.75300700681,0.0775300700681,5.6059330899,0.056059330899,33.7883139761,0.337883139761,9.59408437964,0.0959408437964,146.12566415,1.4612566415,1.49823276319,96,96,1,96,96,96,96,0,292.788245136,248.398720484,1,1,1,1,79.58455,65.630365,-2.43098790216,40.125,37.9583333333,38.75,2025-07-03,2025-07-03,1,True
2025-07-04,6.80127640136,0.0680127640136,70.6677469715,0.706677469715,7.05770013636,0.0705770013636,4.89659308737,0.0489659308737,21.8213883691,0.218213883691,-1.06536614514,-0.0106536614514,110.179338821,1.10179338821,1.13378593479,96,96,1,96,88,96,96,0,221.245538919,188.247677461,1,0.916666666667,1,1,81.06704,21.14431,-3.87169131079,37.625,35.3333333333,40,2025-07-04,2025-07-04,1,True
2025-07-05,31.0109547249,0.310109547249,61.1393280632,0.611393280632,6.67609288538,0.0667609288538,5.46864822134,0.0546864822134,23.873123336,0.23873123336,15.9870959595,0.159870959595,144.15524319,1.4415524319,1.15344785248,96,96,1,96,92,96,96,0,227.714718973,189.284190602,1,0.958333333333,1,1,35.655525,159.310485,3.55101798455,36.9166666667,41.2083333333,39.75,2025-07-05,2025-07-05,1,True
2025-07-06,17.5781079447,0.175781079447,59.7628458498,0.597628458498,6.30138339921,0.0630138339921,4.65724901186,0.0465724901186,62.124306242,0.62124306242,23.6155345257,0.236155345257,174.039426973,1.74039426973,1.26333350794,96,96,1,96,84,96,96,0,245.14206874,210.92781085,1,0.875,1,1,77.62587,72.078535,-1.65673303709,34.625,35.0833333333,40,2025-07-06,2025-07-06,1,True
2025-07-07,11.4204096983,0.114204096983,59.7005928854,0.597005928854,6.92448023715,0.0692448023715,4.79032213439,0.0479032213439,29.6370789254,0.296370789254,-1.04110760278,-0.0104110760278,111.431776278,1.11431776278,1.64502608241,96,96,1,96,96,96,96,0,322.481530148,271.884271375,1,1,1,1,80.854205,68.251255,-2.63334203221,38.25,36.0833333333,39.9583333333,2025-07-07,2025-07-07,1,True
2025-07-08,1.29831273819,0.0129831273819,70.6091420673,0.706091420673,7.07884687531,0.0707884687531,4.53316220752,0.0453316220752,81.1840221898,0.811840221898,5.35083632201,0.0535083632201,170.0543224,1.700543224,1.37979175698,96,96,1,96,88,96,96,0,269.72558054,228.691298544,1,0.916666666667,1,1,119.15386,57.93923,-4.26037133317,39.4166666667,35.5833333333,40,2025-07-08,2025-07-08,1,True
2025-07-09,12.1475154047,0.121475154047,70.5645559129,0.705645559129,5.57337648243,0.0557337648243,3.78679479843,0.0378679479843,54.175836628,0.54175836628,9.70082857391,0.0970082857391,155.9489078,1.559489078,1.36853199387,96,96,1,96,84,96,96,0,267.353074276,226.970154303,1,0.875,1,1,99.7926,94.67701,-1.89577124888,32.625,31.1666666667,40,2025-07-09,2025-07-09,1,True
2025-07-10,26.2522403963,0.262522403963,70.4505604917,0.704505604917,6.25215035757,0.0625215035757,4.38102996513,0.0438102996513,1.9168328982,0.019168328982,26.4666270047,0.264666270047,135.719441114,1.35719441114,1.44140500674,96,96,1,96,88,96,96,0,282.014023058,238.696669117,1,0.916666666667,1,1,13.840625,203.612605,6.10227608576,37.625,37.4583333333,40,2025-07-10,2025-07-10,1,True
2025-07-11,24.4811157738,0.244811157738,70.4297475086,0.704297475086,6.07483948478,0.0607483948478,4.19329184228,0.0419329184228,2.77582392921,0.0277582392921,1.36033678561,0.0136033678561,109.315155324,1.09315155324,1.16907831939,96,96,1,96,92,96,96,0,228.732714664,193.599369692,1,0.958333333333,1,1,18.172685,155.43382,4.25532458448,37.5,37.625,40,2025-07-11,2025-07-11,1,True
2025-07-12,19.7660154054,0.197660154054,69.4745128912,0.694745128912,6.18486124779,0.0618486124779,4.25515646526,0.0425515646526,29.9182436149,0.299182436149,31.6877086116,0.316877086116,161.286498236,1.61286498236,1.2948856012,96,96,1,96,96,96,96,0,253.347182843,214.433055559,1,1,1,1,45.368975,112.823395,1.18917886314,39.5,40.5,40,2025-07-12,2025-07-12,1,True
2025-07-13,27.0824684981,0.270824684981,68.9485337532,0.689485337532,5.6838142098,0.056838142098,4.00695729187,0.0400695729187,7.89667682109,0.0789667682109,3.77432548503,0.0377432548503,117.392776059,1.17392776059,1.196381897,96,96,1,96,92,96,96,0,234.074718979,198.120842143,1,0.958333333333,1,1,26.55692,137.523735,3.1255390902,36.2916666667,38.125,39.9583333333,2025-07-13,2025-07-13,1,True
2025-07-14,22.3554756463,0.223554756463,70.1599094666,0.701599094666,5.88916355048,0.0588916355048,4.31959653611,0.0431959653611,29.4929509212,0.294929509212,5.48207374655,0.0548207374655,137.699169867,1.37699169867,1.27930346695,96,96,1,96,92,96,96,0,250.497909749,211.683877442,1,0.958333333333,1,1,44.40352,120.72499,1.56280990386,37.625,41.0416666667,39.875,2025-07-14,2025-07-14,1,True
2025-07-15,18.9253026402,0.189253026402,70.4006299833,0.704006299833,5.7233507235,0.057233507235,3.96900285461,0.0396900285461,9.99194267073,0.0999194267073,8.98391447555,0.0898391447555,117.994143348,1.17994143348,1.32951820104,96,96,1,96,96,96,96,0,260.346836066,219.978866137,1,1,1,1,30.89301,104.959345,1.40409854459,37.6666666667,39.4166666667,40,2025-07-15,2025-07-15,1,True
2025-07-16,10.7265379538,0.107265379538,69.7970392535,0.697970392535,5.77820780346,0.0577820780346,3.67607386118,0.0367607386118,43.0571512697,0.430571512697,23.6586414143,0.236586414143,156.693651556,1.56693651556,1.45431248406,96,96,1,96,96,96,96,0,284.116283932,241.192272,1,1,1,1,91.066935,121.50473,-0.52025903883,39.0416666667,37.7916666667,39.9166666667,2025-07-16,2025-07-16,1,True
2025-07-17,7.47215951827,0.0747215951827,69.8000867474,0.698000867474,5.05900003943,0.0505900003943,3.02828555656,0.0302828555656,77.6121180823,0.776121180823,17.3191904184,0.173191904184,180.290840362,1.80290840362,1.59544520693,96,96,1,96,84,96,96,0,312.152323094,264.205726267,1,0.875,1,1,110.456975,114.13064,-1.8447054928,33.875,32.6666666667,39.8333333333,2025-07-17,2025-07-17,1,True
2025-07-18,19.0529048884,0.190529048884,70.4991719896,0.704991719896,4.49687524643,0.0449687524643,2.92420353284,0.0292420353284,33.5898720411,0.335898720411,78.9872654974,0.789872654974,209.550293196,2.09550293196,1.38630036066,96,96,1,96,76,96,96,0,271.434987553,229.400105985,1,0.791666666667,1,1,49.11753,167.290115,3.17240430966,31.375,33.4583333333,40,2025-07-18,2025-07-18,1,True
2025-07-19,14.1582402186,0.141582402186,63.6825922422,0.636825922422,5.67375236518,0.0567375236518,3.53119481236,0.0353119481236,54.7384289011,0.547384289011,16.1847551409,0.161847551409,157.96896368,1.5796896368,1.26263646908,96,96,1,96,96,96,96,0,246.835261744,209.26383302,1,1,1,1,98.599215,37.19974,-4.12378765516,39.4166666667,38.1666666667,40,2025-07-19,2025-07-19,1,True
2025-07-20,17.3403132181,0.173403132181,59.4163907285,0.594163907285,5.85649046042,0.0585649046042,4.1725914538,0.041725914538,10.1682012773,0.101682012773,94.6469446306,0.946469446306,191.600931769,1.91600931769,1.18314438098,96,96,1,96,96,96,96,0,231.484770192,195.928709491,1,1,1,1,41.4277,138.6801,2.5706808041,40.0833333333,42.2083333333,39.875,2025-07-20,2025-07-20,1,True
2025-07-21,21.0983021227,0.210983021227,59.6026490066,0.596026490066,5.1729718543,0.051729718543,3.86947926522,0.0386947926522,31.2517175115,0.312517175115,1.3097612,0.013097612,122.30488096,1.2230488096,1.67792757451,96,96,1,96,96,96,96,0,331.660991141,275.011749776,1,1,1,1,41.185705,131.94927,1.42143015147,36.4166666667,40.9166666667,40,2025-07-21,2025-07-21,1,True
2025-07-22,22.8872752316,0.228872752316,70.5283711023,0.705283711023,4.35855077609,0.0435855077609,2.64804646668,0.0264804646668,26.4558850841,0.264558850841,9.39602657872,0.0939602657872,136.274155239,1.36274155239,1.58126475026,96,96,1,96,80,96,96,0,309.857286266,261.45167819,1,0.833333333333,1,1,53.41632,104.254045,0.101338205152,31.875,31.375,40,2025-07-22,2025-07-22,1,True
2025-07-23,25.6794891715,0.256794891715,70.5255891924,0.705255891924,4.95657627453,0.0495657627453,3.04518489301,0.0304518489301,52.4316788472,0.524316788472,43.7630108061,0.437630108061,200.401529185,2.00401529185,1.16070422781,96,96,1,96,88,96,96,0,225.403987057,193.643305607,1,0.916666666667,1,1,74.849365,149.086165,1.76983827291,36.9583333333,38.9583333333,40,2025-07-23,2025-07-23,1,True
2025-07-24,11.9826771704,0.119826771704,68.1908744797,0.681908744797,5.41823920462,0.0541823920462,2.63021916241,0.0263021916241,82.1582508089,0.821582508089,-1.44732772088,-0.0144732772088,168.932933105,1.68932933105,1.19946839278,96,96,1,96,92,96,96,0,233.971386575,199.230550091,1,0.958333333333,1,1,126.768945,32.338665,-5.3821298535,39.4166666667,38.0416666667,38.6666666667,2025-07-24,2025-07-24,1,True
2025-07-25,29.372160634,0.29372160634,69.8823285726,0.698823285726,4.6530458455,0.046530458455,1.99275822615,0.0199275822615,47.4139373456,0.474139373456,-1.4382693978,-0.014382693978,151.875961226,1.51875961226,1.25604660203,96,96,1,96,84,96,96,0,244.672643143,208.911709437,1,0.875,1,1,107.992995,33.456425,-4.59572932109,35.8333333333,33.3333333333,39.625,2025-07-25,2025-07-25,1,True
2025-07-26,12.5673278549,0.125673278549,70.521416739,0.70521416739,4.67909600063,0.0467909600063,1.82945491836,0.0182945491836,38.4701804175,0.384701804175,1.83034535877,0.0183034535877,129.897821289,1.29897821289,1.16467928697,96,96,1,96,92,96,96,0,231.973823007,189.39913605,1,0.958333333333,1,1,81.906865,68.847045,-2.31810445652,37.4583333333,36.5,40,2025-07-26,2025-07-26,1,True
2025-07-27,19.0790873324,0.190790873324,68.7071073598,0.687071073598,4.52057071862,0.0452057071862,1.80142186637,0.0180142186637,16.25905281,0.1625905281,-0.739452529546,-0.00739452529546,109.627787558,1.09627787558,0.926764398663,96,96,1,96,88,96,96,0,176.844602315,157.263097438,1,0.916666666667,1,1,53.70179,32.32598,-1.70655478656,35.9166666667,34.375,40,2025-07-27,2025-07-27,1,True
2025-07-28,2.11836513008,0.0211836513008,70.2275775026,0.702275775026,4.80686282243,0.0480686282243,1.62740987615,0.0162740987615,77.2149923989,0.772149923989,-1.88116295672,-0.0188116295672,154.114044773,1.54114044773,1.97965790001,96,96,1,96,92,96,96,0,388.067159757,327.202652466,1,0.958333333333,1,1,138.20337,65.38611,-5.57007363711,38.125,32.5,39.8333333333,2025-07-28,2025-07-28,1,True
2025-07-29,3.03637419072,0.0303637419072,70.5269801199,0.705269801199,3.99265343957,0.0399265343957,1.12495266646,0.0112495266646,68.4014628631,0.684014628631,10.5769766736,0.105769766736,157.659399953,1.57659399953,1.30764144606,96,96,1,96,80,96,96,0,257.793455429,214.894466261,1,0.833333333333,1,1,148.69263,56.95529,-5.60984704864,33.125,28.2083333333,40,2025-07-29,2025-07-29,1,True
2025-07-30,16.7797900804,0.167797900804,70.46166578,0.7046166578,4.03793816871,0.0403793816871,1.05206005793,0.0105206005793,37.6512116692,0.376512116692,4.43397588619,0.0443397588619,134.416641642,1.34416641642,1.19890860672,96,96,1,96,80,96,96,0,233.84338213,199.15349191,1,0.833333333333,1,1,72.1239,85.425735,-0.891168967473,35.8333333333,34.0416666667,40,2025-07-30,2025-07-30,1,True
2025-07-31,13.2175247128,0.132175247128,70.4352964349,0.704352964349,3.88646838684,0.0388646838684,0.767384282056,0.00767384282056,18.8019457978,0.188019457978,12.7710172157,0.127710172157,119.87963683,1.1987963683,1.6322884432,96,96,1,96,92,96,96,0,317.393123639,271.972392538,1,0.958333333333,1,1,62.9147,70.32208,-1.58388962922,36.6666666667,35.5416666667,40,2025-07-31,2025-07-31,1,True
2025-08-01,22.3323944654,0.223323944654,70.223485147,0.70223485147,4.28190252935,0.0428190252935,0.571306437633,0.00571306437633,23.1469201248,0.231469201248,31.9551965742,0.319551965742,152.511205278,1.52511205278,1.41764659228,96,96,1,96,92,96,96,0,278.559803513,233.751533669,1,0.958333333333,1,1,51.08152,154.58566,2.44566125652,41.2916666667,44.1666666667,39.875,2025-08-01,2025-08-01,1,True
2025-08-02,16.4818163815,0.164818163815,69.9822729959,0.699822729959,4.03996060666,0.0403996060666,0.470736655505,0.00470736655505,20.7687592736,0.207687592736,4.94673133024,0.0494673133024,116.690277243,1.16690277243,1.14637361844,96,96,1,96,84,96,96,0,223.09632467,190.850213225,1,0.875,1,1,66.991365,20.06468,-3.29886651856,39.5,37,40,2025-08-02,2025-08-02,1,True
2025-08-03,12.7023349092,0.127023349092,67.7171558007,0.677171558007,4.74108134725,0.0474108134725,0.50054165846,0.0050054165846,44.7432070346,0.447432070346,20.2226538386,0.202226538386,150.626974589,1.50626974589,1.25474662827,96,96,1,96,96,96,96,0,245.551950946,207.736912001,1,1,1,1,93.415565,70.44838,-2.53259266439,46.5416666667,40.625,40,2025-08-03,2025-08-03,1,True
2025-08-04,29.1969383244,0.291969383244,70.4352964349,0.704352964349,3.99623990546,0.0399623990546,0.428765018712,0.00428765018712,33.9431365981,0.339431365981,-0.0488522052639,-0.000488522052639,137.951524076,1.37951524076,1.88854016049,96,96,1,96,96,96,96,0,371.198588476,311.302015867,1,1,1,1,73.57667,121.858925,-0.48392990037,40.7916666667,38.875,40,2025-08-04,2025-08-04,1,True
2025-08-05,30.4426252564,0.304426252564,70.4741634149,0.704741634149,3.74111189941,0.0374111189941,0.867575184265,0.00867575184266,40.65870072,0.4065870072,19.8520394092,0.198520394092,166.036215884,1.66036215884,2.08200730838,96,96,1,96,92,96,96,0,405.639427723,346.22760891,1,0.958333333333,1,1,89.359545,197.43742,2.02775234112,36.9166666667,42.5,40,2025-08-05,2025-08-05,1,True
2025-08-06,9.657251574,0.09657251574,58.8612583499,0.588612583499,4.54175451733,0.0454175451733,0.872025064533,0.00872025064533,100.195670311,1.00195670311,108.26296775,1.0826296775,282.390927567,2.82390927567,1.61396858796,96,96,1,96,92,96,96,0,315.726645155,267.315363873,1,0.958333333333,1,1,160.25939,166.86147,-1.74205005341,42.5,40.9166666667,39.2083333333,2025-08-06,2025-08-06,1,True
2025-08-07,21.2725903699,0.212725903699,68.2010759257,0.682010759257,4.225522691,0.04225522691,1.6743058703,0.016743058703,40.5336055017,0.405336055017,54.7399169957,0.547399169957,190.647017354,1.90647017354,1.29788998438,96,96,1,96,72,96,96,0,253.934996945,214.930581414,1,0.75,1,1,62.238085,118.61773,0.723967894555,36.4166666667,36.75,40,2025-08-07,2025-08-07,1,True
2025-08-08,22.2771689967,0.222771689967,70.2622398297,0.702622398297,4.98105684327,0.0498105684327,1.60720198675,0.0160720198675,44.8610697972,0.448610697972,45.5962737581,0.455962737581,189.585011212,1.89585011212,1.24345991466,96,96,1,96,96,96,96,0,247.689797792,202.189278883,1,1,1,1,64.51555,147.76845,1.5730158788,45.125,46.25,39.875,2025-08-08,2025-08-08,1,True
2025-08-09,23.4964036609,0.234964036609,70.5172447792,0.705172447792,5.02507937134,0.0502507937134,1.64431582891,0.0164431582891,13.1213240605,0.131213240605,11.5050377129,0.115050377129,125.309405414,1.25309405414,1.13928848033,96,96,1,96,96,96,96,0,218.500105576,192.393855327,1,1,1,1,58.663415,54.70385,-1.25274230202,45.0416666667,42.5416666667,40,2025-08-09,2025-08-09,1,True
2025-08-10,25.888524188,0.25888524188,70.3703338526,0.703703338526,4.2822227919,0.042822227919,1.49029796297,0.0149029796297,11.3468349127,0.113468349127,3.7943913788,0.037943913788,117.172605087,1.17172605087,1.19483399665,96,96,1,96,84,96,96,0,233.771868911,197.864509846,1,0.875,1,1,49.596045,57.605865,-1.16239746103,38.5,36.625,39.9166666667,2025-08-10,2025-08-10,1,True
2025-08-11,30.3435708692,0.303435708692,68.8277691231,0.688277691231,4.12467314784,0.0412467314784,1.84492122025,0.0184492122025,35.9958486146,0.359958486146,83.6702173646,0.836702173646,224.80700034,2.2480700034,1.50939213013,96,96,1,96,88,96,96,0,295.315851548,249.95533675,1,0.916666666667,1,1,80.039785,174.909085,2.06286605009,38.7916666667,43.125,39.0416666667,2025-08-11,2025-08-11,1,True
2025-08-12,33.7503227345,0.337503227345,69.0223182572,0.690223182572,5.27386139395,0.0527386139395,2.03393124951,0.0203393124951,44.3589431808,0.443589431808,45.9418413602,0.459418413602,200.381218176,2.00381218176,1.47640592233,96,96,1,96,96,96,96,0,289.395617548,244.041190782,1,1,1,1,65.28032,248.176915,5.73092367639,44.3333333333,46.9583333333,39.125,2025-08-12,2025-08-12,1,True
2025-08-13,33.6911862609,0.336911862609,70.3357141448,0.703357141448,4.16295602076,0.0416295602076,2.20300495235,0.0220300495235,32.0322330483,0.320322330483,17.9025895062,0.179025895062,160.327683933,1.60327683933,1.51939267757,96,96,1,96,80,96,96,0,296.880037984,251.943590661,1,0.833333333333,1,1,53.737205,112.48055,0.575287403205,35.4166666667,35.2083333333,39.875,2025-08-13,2025-08-13,1,True
2025-08-14,22.1258750386,0.221258750386,70.6258764047,0.706258764047,4.78349297889,0.0478349297889,4.81852546758,0.0481852546758,56.1451071597,0.561451071597,2.47578152305,0.0247578152305,160.974658573,1.60974658573,1.28415550736,96,96,1,96,88,96,96,0,252.3460023,211.726647691,1,0.916666666667,1,1,121.945215,47.16819,-4.80818248372,40.75,39.1666666667,40,2025-08-14,2025-08-14,1,True
2025-08-15,23.7422363232,0.237422363232,70.6328513866,0.706328513866,4.93690447973,0.0493690447973,7.38556727503,0.0738556727503,4.30008169984,0.0430008169984,13.7404079029,0.137404079029,124.738049067,1.24738049067,1.05737931084,96,96,1,96,92,96,96,0,205.639228316,176.150984903,1,0.958333333333,1,1,15.14443,146.68465,4.25216569111,43.6666666667,45.1666666667,40,2025-08-15,2025-08-15,1,True
2025-08-16,24.5817206031,0.245817206031,69.7242632535,0.697242632535,5.05331832188,0.0505331832188,8.14260685787,0.0814260685787,59.4533022154,0.594533022154,2.11930581688,0.0211930581688,169.074517069,1.69074517069,1.283956613,96,96,1,96,96,96,96,0,251.208902543,212.623215112,1,1,1,1,90.131055,131.675265,0.123271773724,43.625,45.375,40,2025-08-16,2025-08-16,1,True
2025-08-17,21.2915146475,0.212915146475,69.1228174133,0.691228174133,4.90323733902,0.0490323733902,9.35158015327,0.0935158015327,15.5864915676,0.155864915676,-2.63652871666,-0.0263652871666,117.619112404,1.17619112404,1.12476780002,96,96,1,96,96,96,96,0,220.063265221,186.261547683,1,1,1,1,30.592565,110.412805,1.91743843592,43.4583333333,45.5,39.9166666667,2025-08-17,2025-08-17,1,True
2025-08-18,36.5724727731,0.365724727731,68.4991506676,0.684991506676,3.96461641779,0.0396461641779,5.33393774196,0.0533393774196,11.7339331872,0.117339331872,48.8478147031,0.488478147031,174.951925491,1.74951925491,1.81313999099,96,96,1,96,84,96,96,0,355.778012609,299.381455144,1,0.875,1,1,30.36168,165.26514,3.27112093897,36,38.0833333333,38.7916666667,2025-08-18,2025-08-18,1,True
2025-08-19,17.2598891291,0.172598891291,70.6887008777,0.706887008777,4.80685933423,0.0480685933423,7.50630782004,0.0750630782004,45.4895881325,0.454895881325,37.9219914985,0.379219914985,183.673336792,1.83673336792,1.4729442081,96,96,1,96,92,96,96,0,287.151504604,244.794088225,1,0.958333333333,1,1,84.257345,101.86091,-1.03141047413,42.2916666667,40.875,40,2025-08-19,2025-08-19,1,True
2025-08-20,20.6510761812,0.206510761812,70.4150436003,0.704150436003,4.62548988591,0.0462548988591,7.72040219089,0.0772040219089,3.57866164769,0.0357866164769,57.5629111853,0.575629111853,164.553584691,1.64553584691,1.28332193743,96,96,1,96,92,96,96,0,251.257051264,212.372257486,1,0.958333333333,1,1,26.239855,164.061765,4.12237984258,40.9166666667,45.3333333333,39.8333333333,2025-08-20,2025-08-20,1,True
2025-08-21,-2.56807705239,-0.0256807705239,68.3843433246,0.683843433246,5.57911323625,0.0557911323625,7.98328821798,0.0798328821798,42.5613000961,0.425613000961,6.36065284072,0.0636065284072,128.300620663,1.28300620663,1.16619745508,96,96,1,96,96,96,96,0,227.996742923,193.268153914,1,1,1,1,133.40595,59.511215,-4.5259718337,46.5416666667,43.4166666667,40,2025-08-21,2025-08-21,1,True
2025-08-22,18.8167562411,0.188167562411,69.7931907153,0.697931907153,4.55134841235,0.0455134841235,5.94514611096,0.0594514611096,36.0836506103,0.360836506103,17.5447843824,0.175447843824,152.734876473,1.52734876473,1.75490580824,96,96,1,96,84,96,96,0,343.351136395,290.612401845,1,0.875,1,1,74.29563,152.46833,1.0597485604,38.5,38.0833333333,40,2025-08-22,2025-08-22,1,True
2025-08-23,24.8694154968,0.248694154968,59.82787615,0.5982787615,4.79814422792,0.0479814422792,9.93901671778,0.0993901671778,3.64115868495,0.0364115868495,101.779374773,1.01779374773,204.854986051,2.04854986051,1.01471847857,96,96,1,96,88,96,96,0,198.531876242,168.037380051,1,0.916666666667,1,1,12.317805,173.77752,5.45688411705,39.5416666667,44.9166666667,40,2025-08-23,2025-08-23,1,True
2025-08-24,21.686985357,0.21686985357,59.7655554456,0.597655554456,4.36146799881,0.0436146799881,9.09706400237,0.0909706400237,1.19513491885,0.0119513491885,33.9217815741,0.339217815741,130.027989297,1.30027989297,1.16909017294,96,96,1,96,72,96,96,0,228.735033837,193.601332639,1,0.75,1,1,8.87232,149.543345,4.39738849178,32.0416666667,36.75,39.9583333333,2025-08-24,2025-08-24,1,True
2025-08-25,36.2997582612,0.362997582612,57.3350479771,0.573350479771,4.40267880107,0.0440267880107,8.42079335246,0.0842079335246,2.76105433275,0.0276105433275,41.9438955605,0.419438955605,151.163228285,1.51163228285,1.75069677516,96,96,1,96,84,96,96,0,342.527629922,289.915385966,1,0.875,1,1,19.17251,167.78983,4.00021150183,35.0833333333,39.9166666667,38.3333333333,2025-08-25,2025-08-25,1,True
2025-08-26,31.2832193777,0.312832193777,70.3021428995,0.703021428995,4.41932566929,0.0441932566929,9.5457844437,0.095457844437,8.82337224091,0.0882337224091,39.9417519357,0.399417519357,164.315596567,1.64315596567,1.471869769,96,96,1,96,84,96,96,0,287.974520023,243.741633747,1,0.875,1,1,24.058755,220.76705,6.35314203019,37.8333333333,42.875,40,2025-08-26,2025-08-26,1,True
2025-08-27,28.2782839716,0.282782839716,66.9775676531,0.669775676531,4.76194611489,0.0476194611489,12.9308355752,0.129308355752,9.21509989916,0.0921509989916,-0.634240285823,-0.00634240285823,121.529492928,1.21529492928,1.37033015221,96,96,1,96,88,96,96,0,269.654455375,225.617815383,1,0.916666666667,1,1,34.779065,141.544095,2.61368291699,39.4583333333,44.9166666667,39.4166666667,2025-08-27,2025-08-27,1,True
2025-08-28,15.0701565689,0.150701565689,67.9057457189,0.679057457189,4.95764680322,0.0495764680322,19.0762132375,0.190762132375,34.6161802633,0.346161802633,17.5122233409,0.175122233409,159.138165933,1.59138165933,1.26099705038,96,96,1,96,88,96,96,0,245.170432089,210.129969367,1,0.916666666667,1,1,63.81819,152.024215,2.21523176157,43.625,44.9166666667,40,2025-08-28,2025-08-28,1,True
2025-08-29,29.8577365877,0.298577365877,69.5902076097,0.695902076097,4.37372908115,0.0437372908115,15.4660384433,0.154660384433,2.30148383692,0.0230148383692,3.8229200648,0.038229200648,125.412115624,1.25412115624,1.58393607062,96,96,1,96,88,96,96,0,309.900535556,262.299813294,1,0.916666666667,1,1,16.92143,192.73888,5.34236365578,39.0833333333,42.2083333333,39.9583333333,2025-08-29,2025-08-29,1,True
2025-08-30,6.15085781258,0.0615085781258,62.7686211112,0.627686211112,5.86407476046,0.0586407476046,29.6126611727,0.296126611727,41.9348632087,0.419348632087,-0.376563257825,-0.00376563257825,145.954514808,1.45954514808,1.30443688312,96,96,1,96,96,96,96,0,256.830230754,214.648388381,1,1,1,1,124.570835,66.073315,-4.19497343221,46.0833333333,46,39.375,2025-08-30,2025-08-30,1,True
2025-08-31,16.4248469213,0.164248469213,59.6191001932,0.596191001932,5.39463152084,0.0539463152084,40.9090394701,0.409090394701,28.3522831108,0.283522831108,17.098205817,0.17098205817,167.798107033,1.67798107033,1.22203535494,96,96,1,96,88,96,96,0,237.479554954,203.735414242,1,0.916666666667,1,1,65.840585,89.20401,-0.432529821318,41.7916666667,44.9166666667,40,2025-08-31,2025-08-31,1,True
2025-09-01,19.9158190467,0.199158190467,70.5019518158,0.705019518158,4.02393635898,0.0402393635898,19.4657446473,0.194657446473,25.4388670538,0.254388670538,-0.218052231499,-0.00218052231499,139.128266691,1.39128266691,1.41218834792,96,96,1,96,84,96,96,0,280.720083766,230.115301933,1,0.875,1,1,53.65875,87.071495,-0.716334868038,34.1666666667,35.875,40,2025-09-01,2025-09-01,1,True
2025-09-02,23.0172032317,0.230172032317,68.2947264662,0.682947264662,4.16393494332,0.0416393494332,15.625579103,0.15625579103,50.9941161176,0.509941161176,0.978080437447,0.00978080437447,163.073640299,1.63073640299,1.59235714532,96,96,1,96,92,96,96,0,307.125773607,267.437431747,1,0.958333333333,1,1,88.695505,65.22783,-2.63150070248,35.875,37.5,38.75,2025-09-02,2025-09-02,1,True
2025-09-03,14.4580307121,0.144580307121,70.420038991,0.70420038991,3.88597113093,0.0388597113093,12.2155294303,0.122155294303,83.2304483995,0.832304483995,-1.25807964421,-0.0125807964421,182.95193902,1.8295193902,1.78921518727,96,96,1,96,80,96,96,0,350.063840987,296.294035012,1,0.833333333333,1,1,136.38699,63.73247,-5.26768024899,31.4583333333,28.9583333333,40,2025-09-03,2025-09-03,1,True
2025-09-04,43.4924326538,0.434924326538,67.4885287225,0.674885287225,3.72029579157,0.0372029579157,16.2452175112,0.162452175112,14.7391207548,0.147391207548,17.7179064318,0.177179064318,163.403501866,1.63403501866,1.77622660671,96,96,1,96,84,96,96,0,347.522596964,294.143126071,1,0.875,1,1,34.443255,176.30697,3.68684350443,30.7916666667,35.875,38.3333333333,2025-09-04,2025-09-04,1,True
2025-09-05,20.9111716857,0.209111716857,70.4325218624,0.704325218624,4.50456156937,0.0450456156937,13.8943295517,0.138943295517,10.6667389963,0.106667389963,8.59610113065,0.0859610113065,129.005424796,1.29005424796,1.66887094468,96,96,1,96,92,96,96,0,326.518228307,276.365028439,1,0.958333333333,1,1,35.26959,123.33799,1.5798000055,33.875,36.75,40,2025-09-05,2025-09-05,1,True
2025-09-06,20.3389002064,0.203389002064,69.5059759387,0.695059759387,5.54246362258,0.0554246362258,20.6705810542,0.206705810542,55.1229291778,0.551229291778,5.97652788908,0.0597652788908,177.157377889,1.77157377889,1.17829982783,96,96,1,96,88,96,96,0,231.931760337,193.945861029,1,0.916666666667,1,1,85.20142,125.78841,0.108378778844,35.75,37.5833333333,40,2025-09-06,2025-09-06,1,True
2025-09-07,26.2611410739,0.262611410739,67.4744521236,0.674744521236,5.44932364581,0.0544932364581,31.3514738024,0.313514738024,14.6523643065,0.146523643065,-1.63182112614,-0.0163182112614,143.556933826,1.43556933826,1.26686254162,96,96,1,96,92,96,96,0,246.469572816,210.973027352,1,0.958333333333,1,1,48.2873,163.714845,3.33045831397,36.8333333333,39.2916666667,39.875,2025-09-07,2025-09-07,1,True
2025-09-08,55.0257754567,0.550257754567,66.878335007,0.66878335007,5.16970484573,0.0516970484573,16.7313741706,0.167313741706,8.74089061553,0.0874089061553,28.5329289675,0.285329289675,181.079009063,1.81079009063,1.84085153111,96,96,1,96,92,96,96,0,360.166603913,304.845013552,1,0.958333333333,1,1,33.60927,145.341575,2.35044644329,35.3333333333,37.125,38.25,2025-09-08,2025-09-08,1,True
2025-09-09,35.9993263515,0.359993263515,67.5723637511,0.675723637511,6.16236887767,0.0616236887767,17.3297184321,0.173297184321,34.3749719162,0.343749719162,0.670526759337,0.00670526759337,162.109276088,1.62109276088,1.63269418064,96,96,1,96,92,96,96,0,325.626671296,265.137898042,1,0.958333333333,1,1,66.694085,74.897385,-2.1785613856,37.5833333333,38.2916666667,38.3333333333,2025-09-09,2025-09-09,1,True
2025-09-10,19.5827088204,0.195827088204,64.6076827562,0.646076827562,6.77380412717,0.0677380412717,13.1855312691,0.131855312691,30.7888756598,0.307888756598,-0.643212906291,-0.00643212906291,134.295389726,1.34295389726,1.68551619356,96,96,1,96,92,96,96,0,327.559724695,280.996412325,1,0.958333333333,1,1,83.267515,67.848275,-2.58260634875,37.5833333333,37.625,36.6666666667,2025-09-10,2025-09-10,1,True
2025-09-11,23.3678335544,0.233678335544,70.486665484,0.70486665484,6.07609445529,0.0607609445529,8.27225277433,0.0827225277433,22.1374015068,0.221374015068,0.209151993888,0.00209151993888,130.549399769,1.30549399769,1.75529993092,96,96,1,96,88,96,96,0,339.456924574,294.03899616,1,0.916666666667,1,1,80.775945,79.794285,-1.93331618394,32.4583333333,34.875,40,2025-09-11,2025-09-11,1,True
2025-09-12,17.7827954025,0.177827954025,70.3758849863,0.703758849863,6.64646695722,0.0664646695722,7.96033092078,0.0796033092078,32.1753587529,0.321753587529,20.5088800863,0.205088800863,155.449717106,1.55449717106,1.74253624659,96,96,1,96,92,96,96,0,340.931004767,288.564002435,1,0.958333333333,1,1,92.535965,85.746515,-2.46485218051,35,35.75,39.9166666667,2025-09-12,2025-09-12,1,True
2025-09-13,16.8773193081,0.168773193081,69.6334871977,0.696334871977,6.24548270012,0.0624548270012,6.76867479386,0.0676867479386,9.70463753964,0.0970463753964,36.4205952771,0.364205952771,145.650196817,1.45650196817,1.09710864951,96,96,1,96,80,96,96,0,214.651692295,181.681192358,1,0.833333333333,1,1,60.268615,104.90506,0.486081044313,31.5416666667,32.75,40,2025-09-13,2025-09-13,1,True
2025-09-14,22.0319398728,0.220319398728,69.6334871977,0.696334871977,7.11519706474,0.0711519706474,8.26426401547,0.0826426401547,16.2816121121,0.162816121121,23.0313564409,0.230313564409,146.357856704,1.46357856704,1.39701725427,96,96,1,96,96,96,96,0,274.5314424,230.328701767,1,1,1,1,82.761655,127.366905,0.0167712236412,38.125,40.2916666667,40,2025-09-14,2025-09-14,1,True
2025-09-15,50.0938551672,0.500938551672,69.8795715469,0.698795715469,5.52601294039,0.0552601294039,6.49005799503,0.0649005799503,4.10130105772,0.0410130105772,20.4616737379,0.204616737379,156.552472445,1.56552472445,1.84399068814,96,96,1,96,80,96,96,0,359.578807202,306.382213495,1,0.833333333333,1,1,26.237125,150.782635,2.97287151225,28.375,32.2083333333,39.625,2025-09-15,2025-09-15,1,True
2025-09-16,26.1013138834,0.261013138834,67.6844683204,0.676844683204,7.15455048191,0.0715455048191,6.49425067151,0.0649425067151,39.8010905968,0.398010905968,13.8987326269,0.138987326269,161.134406581,1.61134406581,1.97270528628,96,96,1,96,92,96,96,0,385.964077751,326.679995408,1,0.958333333333,1,1,128.30745,81.901815,-4.4037382226,35.7083333333,31.7083333333,38.3333333333,2025-09-16,2025-09-16,1,True
2025-09-17,25.1515439107,0.251515439107,69.6681083857,0.696681083857,6.24425287356,0.0624425287356,5.96230398546,0.0596230398546,30.064230072,0.30064230072,24.9007262887,0.249007262887,161.991165516,1.61991165516,1.74819106201,96,96,1,96,76,96,96,0,342.393851652,289.198723698,1,0.791666666667,1,1,72.432035,102.179995,-0.97696533141,30.75,29.0416666667,39.4583333333,2025-09-17,2025-09-17,1,True
2025-09-18,46.5730028664,0.465730028664,67.6337083087,0.676337083087,4.39626208802,0.0439626208802,5.12814288534,0.0512814288534,0.335487954691,0.00335487954691,28.350019371,0.28350019371,152.416623474,1.52416623474,1.75861567968,96,96,1,96,68,96,96,0,344.268650432,291.064527386,1,0.708333333333,1,1,3.38332,187.251005,5.4443150814,25.3333333333,28.5,38.3333333333,2025-09-18,2025-09-18,1,True
2025-09-19,57.7135066999,0.577135066999,67.5268764178,0.675268764178,4.75764276556,0.0475764276556,5.68598283854,0.0568598283854,20.8122456279,0.208122456279,1.16394261007,0.0116394261007,157.66019696,1.5766019696,1.97120718902,96,96,1,96,80,96,96,0,385.122832185,326.895855841,1,0.833333333333,1,1,63.07553,114.013535,-0.303707139315,28.3333333333,31.2083333333,38.2916666667,2025-09-19,2025-09-19,1,True
2025-09-20,21.3796752286,0.213796752286,63.2504584081,0.632504584081,5.7146513141,0.057146513141,6.55530471815,0.0655530471815,20.2042795033,0.202042795033,8.96957769079,0.0896957769079,126.073946863,1.26073946863,1.18279287899,96,96,1,96,88,96,96,0,231.415998063,195.87050076,1,0.916666666667,1,1,46.667625,106.71915,1.0210844874,35.2916666667,36.8333333333,40,2025-09-20,2025-09-20,1,True
2025-09-21,19.3598743973,0.193598743973,59.5605197263,0.595605197263,5.47072300321,0.0547072300321,5.98399416392,0.0598399416392,10.4504166783,0.104504166783,22.7847808205,0.227847808205,123.61030879,1.2361030879,1.32209515754,96,96,1,96,84,96,96,0,258.670791692,218.938958088,1,0.875,1,1,40.83996,113.970355,1.39160672484,32.375,35.8333333333,39.9583333333,2025-09-21,2025-09-21,1,True
2025-09-22,33.1413782409,0.331413782409,60.7661822985,0.607661822985,5.3713795619,0.053713795619,6.79638399811,0.0679638399811,37.2908916706,0.372908916706,2.69409055611,0.0269409055611,146.060306326,1.46060306326,1.83799652838,96,96,1,96,92,96,96,0,362.100010814,302.263001048,1,0.958333333333,1,1,58.612775,135.75713,0.721139384762,34.2916666667,38.5833333333,38.3333333333,2025-09-22,2025-09-22,1,True
2025-09-23,26.7283702979,0.267283702979,67.5231020826,0.675231020826,6.59604555396,0.0659604555396,6.11395976593,0.0611395976593,48.031184246,0.48031184246,-1.26623438528,-0.0126623438528,153.726427561,1.53726427561,1.70122911908,96,96,1,96,92,96,96,0,330.357181082,283.832766172,1,0.958333333333,1,1,113.20797,65.38651,-3.93107812123,37.5833333333,35.3333333333,38.3333333333,2025-09-23,2025-09-23,1,True
2025-09-24,30.4537190462,0.304537190462,67.9353606176,0.679353606176,5.90347028006,0.0590347028006,4.38080907551,0.0438080907551,27.8325213497,0.278325213497,-1.52990003568,-0.0152990003568,134.975980333,1.34975980333,1.82472509211,96,96,1,96,92,96,96,0,362.89217784,297.197011183,1,0.958333333333,1,1,99.59515,60.39894,-4.37047402738,35.875,30.7083333333,38.5833333333,2025-09-24,2025-09-24,1,True
2025-09-25,10.7791361905,0.107791361905,70.415879017,0.70415879017,5.95179781033,0.0595179781033,5.351427615,0.05351427615,36.0776251025,0.360776251025,8.03395936926,0.0803395936926,136.609825105,1.36609825105,1.68648970995,96,96,1,96,84,96,96,0,325.537978759,283.030046714,1,0.875,1,1,113.840805,72.963795,-3.47437258519,34.1666666667,33.3333333333,40,2025-09-25,2025-09-25,1,True
2025-09-26,7.30551201532,0.0730551201532,70.4575008866,0.704575008866,6.18103203688,0.0618103203688,6.00130236041,0.0600130236041,39.7608328778,0.397608328778,-3.39695365438,-0.0339695365438,126.309226523,1.26309226523,1.53863272872,96,96,1,96,92,96,96,0,300.191234594,255.513298791,1,0.958333333333,1,1,134.81725,136.47282,-1.79259857514,36.3333333333,35.3333333333,40,2025-09-26,2025-09-26,1,True
2025-09-27,10.3365656556,0.103365656556,69.5265106752,0.695265106752,5.72593161585,0.0572593161585,5.16159497361,0.0516159497361,32.8104158092,0.328104158092,9.49376474445,0.0949376474445,133.054783474,1.33054783474,1.29281799666,96,96,1,96,92,96,96,0,252.334907654,214.605054656,1,0.958333333333,1,1,63.39848,73.515755,-1.15052408324,36.375,35.4166666667,40,2025-09-27,2025-09-27,1,True
2025-09-28,29.8062094413,0.298062094413,69.0735050815,0.690735050815,5.77882691247,0.0577882691247,6.47244741196,0.0647244741196,16.2709142098,0.162709142098,36.9073652052,0.369073652052,164.309268262,1.64309268262,1.20254005721,96,96,1,96,96,96,96,0,235.903114875,198.612870518,1,1,1,1,44.665385,195.43429,4.7282775268,36.875,41,40,2025-09-28,2025-09-28,1,True
2025-09-29,49.4498603161,0.494498603161,64.1229417789,0.641229417789,6.17979792011,0.0617979792011,4.88661269991,0.0488661269991,42.0333062681,0.420333062681,-1.84865384817,-0.0184865384817,164.823865135,1.64823865135,1.76422170223,96,96,1,96,88,96,96,0,354.924686239,283.901973345,1,0.916666666667,1,1,84.19104,93.365625,-2.57700532889,35.875,35.9583333333,36.4166666667,2025-09-29,2025-09-29,1,True
2025-09-30,25.2363210568,0.252363210568,65.7227812457,0.657227812457,6.3627788827,0.063627788827,4.72372447473,0.0472372447473,63.9528465653,0.639528465653,-0.623660653959,-0.00623660653959,165.374791571,1.65374791571,1.77369785871,96,96,1,96,84,96,96,0,350.229792826,291.014234156,1,0.875,1,1,134.53412,84.15655,-4.56638036127,34.1666666667,34.0416666667,37.3333333333,2025-09-30,2025-09-30,1,True
2025-10-01,43.9570142334,0.439570142334,67.4460254669,0.674460254669,4.45767255122,0.0445767255122,4.22815138454,0.0422815138454,2.50507414576,0.0250507414576,-2.32301092765,-0.0232301092765,120.270926854,1.20270926854,1.83838963699,96,96,1,96,96,96,96,0,361.884911493,302.575258684,1,1,1,1,15.11654,100.90674,1.10335613292,25.4166666667,33,38.3333333333,2025-10-01,2025-10-01,1,True
2025-10-02,6.79387565354,0.0679387565354,70.3659976387,0.703659976387,5.21659582841,0.0521659582841,3.00506690279,0.0300506690279,77.5295435336,0.775295435336,-1.61188378328,-0.0161188378328,161.299195774,1.61299195774,1.6985365289,96,96,1,96,88,96,96,0,331.342653896,282.106876113,1,0.916666666667,1,1,128.59137,36.25155,-5.89898324093,27.2083333333,26.875,40,2025-10-02,2025-10-02,1,True
2025-10-03,13.4692246863,0.134692246863,70.3424671007,0.703424671007,5.8399944922,0.058399944922,2.57455790074,0.0257455790074,28.4988446033,0.284988446033,-0.641827186008,-0.00641827186008,120.083261597,1.20083261597,1.78902239612,96,96,1,96,92,96,96,0,335.229484615,308.785981818,1,0.958333333333,1,1,84.1218,24.174315,-3.59962449154,29.5,24.5,40,2025-10-03,2025-10-03,1,True
2025-10-04,27.3035313461,0.273035313461,70.2705889288,0.702705889288,5.09758493977,0.0509758493977,2.45462870168,0.0245462870168,34.8713364768,0.348713364768,-0.895945941092,-0.00895945941092,139.101724452,1.39101724452,1.99760630072,96,96,1,96,84,96,96,0,390.836015359,330.8036034,1,0.875,1,1,115.052725,32.74188,-5.93096903996,25.9166666667,19.9166666667,40,2025-10-04,2025-10-04,1,True
2025-10-05,23.2169208409,0.232169208409,70.2705889288,0.702705889288,5.82775059443,0.0582775059443,4.25571538053,0.0425571538053,8.78997878416,0.0878997878416,3.26953985188,0.0326953985188,115.630494381,1.15630494381,1.93182078233,96,96,1,96,96,96,96,0,377.964935673,319.909521554,1,1,1,1,42.0351,69.41649,-1.27808433831,30.9166666667,28.875,40,2025-10-05,2025-10-05,1,True
2025-10-06,27.7567337267,0.277567337267,69.6118021576,0.696118021576,4.30830631374,0.0430830631374,1.9836212148,0.019836212148,40.2698094763,0.402698094763,-0.345527285255,-0.00345527285255,143.584745604,1.43584745604,2.0645811611,96,96,1,96,72,96,96,0,408.30701239,338.198225271,1,0.75,1,1,88.192005,13.203635,-6.04571487996,22,18.7916666667,39.625,2025-10-06,2025-10-06,1,True
2025-10-07,11.8335319964,0.118335319964,69.2498919153,0.692498919153,5.42406948866,0.0542406948866,2.32184883858,0.0232184883858,130.422960688,1.30422960688,1.21202693439,0.0121202693439,220.464329862,2.20464329862,1.96825037553,96,96,1,96,96,96,96,0,405.51198301,308.659181956,1,1,1,1,179.675265,56.87871,-9.15205650226,27.2916666667,25.2916666667,39.4166666667,2025-10-07,2025-10-07,1,True
2025-10-08,8.02925496049,0.0802925496049,70.2333254773,0.702333254773,4.57492929531,0.0457492929531,1.89107942494,0.0189107942494,74.6872074861,0.746872074861,3.52479278025,0.0352479278025,162.940589424,1.62940589424,1.74105876877,96,96,1,96,72,96,96,0,318.967012288,306.664985017,1,0.75,1,1,134.866215,18.950805,-5.34239321964,22,21.5,40,2025-10-08,2025-10-08,1,True
2025-10-09,19.1338403602,0.191338403602,70.1685536566,0.701685536566,5.273343406,0.05273343406,2.45886623629,0.0245886623629,16.6999258055,0.166999258055,1.78843172365,0.0178843172365,115.522961188,1.15522961188,1.78030882864,96,96,1,96,92,96,96,0,345.20947506,297.452984355,1,0.958333333333,1,1,51.804555,66.33742,-1.38431773772,26.125,29.0833333333,40,2025-10-09,2025-10-09,1,True
2025-10-10,28.6137315798,0.286137315798,70.1823248876,0.701823248876,5.23407257669,0.0523407257669,2.22429297588,0.0222429297588,21.9661760715,0.219661760715,2.14068605399,0.0214068605399,130.361284146,1.30361284146,1.88958811355,96,96,1,96,92,96,96,0,370.151311686,312.535512995,1,0.958333333333,1,1,69.25402,59.611615,-2.80242515379,26.5833333333,25.75,40,2025-10-10,2025-10-10,1,True
2025-10-11,10.1647228963,0.101647228963,70.2181553989,0.702181553989,5.19746892611,0.0519746892611,1.97533921103,0.0197533921103,19.7239600532,0.197239600532,-0.831162281766,-0.00831162281766,106.448484204,1.06448484204,1.46940900996,96,96,1,96,92,96,96,0,287.043777695,243.714410657,1,0.958333333333,1,1,80.76828,14.9833885714,-4.54642743611,26.9583333333,24.1666666667,40,2025-10-11,2025-10-11,1,True
2025-10-12,25.1380019866,0.251380019866,70.2181553989,0.702181553989,4.51382763564,0.0451382763564,2.22055294834,0.0222055294834,4.98668084034,0.0498668084034,-1.69737722686,-0.0169737722686,105.379841583,1.05379841583,1.32895978758,96,96,1,96,88,96,96,0,260.013871484,220.075740824,1,0.916666666667,1,1,26.1302685714,64.5999485714,-0.0611854441624,23.7083333333,26.1666666667,40,2025-10-12,2025-10-12,1,True
2025-10-13,59.010587187,0.59010587187,65.1712254796,0.651712254796,2.74729711155,0.0274729711155,1.5619376755,0.015619376755,7.89775660878,0.0789775660878,1.56473385939,0.0156473385939,137.953537922,1.37953537922,2.20164434969,96,96,1,96,72,96,96,0,442.813188914,354.38752552,1,0.75,1,1,40.6672685714,28.3129485714,-4.19916597477,14.9166666667,19.5833333333,37.125,2025-10-13,2025-10-13,1,True
2025-10-14,83.7617145115,0.837617145115,58.4695401057,0.584695401057,3.47282478439,0.0347282478439,1.71377325501,0.0171377325501,8.23030594953,0.0823030594953,0.382399834824,0.00382399834824,156.030558441,1.56030558441,2.41592977112,96,96,1,96,88,96,96,0,482.956363169,391.381674408,1,0.916666666667,1,1,33.7639085714,59.8146342857,-2.73016512695,18.2916666667,22.0416666667,33.2916666667,2025-10-14,2025-10-14,1,True
2025-10-15,63.6589301844,0.636589301844,55.1858330549,0.551858330549,4.20257473614,0.0420257473614,1.36122565302,0.0136122565302,13.8025140074,0.138025140074,-1.99710206026,-0.0199710206026,136.213975576,1.36213975576,2.42411545072,96,96,1,96,88,96,96,0,486.284774893,391.27560381,1,0.916666666667,1,1,51.1823485714,39.2457828571,-4.45607236655,21.75,18.125,33.6666666667,2025-10-15,2025-10-15,1,True
2025-10-16,30.8621814091,0.308621814091,62.827945367,0.62827945367,4.49108185123,0.0449108185123,1.75042939963,0.0175042939963,28.8279888831,0.288279888831,-0.667689972898,-0.00667689972898,128.091936937,1.28091936937,1.71967245542,96,96,1,96,88,96,96,0,302.125200036,313.836747925,1,0.916666666667,1,1,100.895308571,36.6341257143,-2.18956812366,24.1666666667,24.1666666667,38.3333333333,2025-10-16,2025-10-16,1,True
2025-10-17,14.412697762,0.14412697762,65.5608835783,0.655608835783,4.64083208867,0.0464083208867,1.72063517019,0.0172063517019,18.5836964367,0.185836964367,-1.4957753343,-0.014957753343,103.422969702,1.03422969702,1.75507862527,96,96,1,96,92,96,96,0,343.384948422,290.641020345,1,0.958333333333,1,1,64.7328057143,57.6317257143,-2.49354200324,25.375,23.4583333333,40,2025-10-17,2025-10-17,1,True
2025-10-18,8.01371796316,0.0801371796316,65.5544420209,0.655544420209,4.63074534772,0.0463074534772,1.70429365875,0.0170429365875,26.5950606472,0.265950606472,-0.722378387464,-0.00722378387464,105.77588125,1.0577588125,1.89134547223,96,96,1,96,84,96,96,0,374.388808321,309.530933041,1,0.875,1,1,82.2295828571,17.9419428571,-5.38106313668,25.375,23.25,40,2025-10-18,2025-10-18,1,True
2025-10-19,31.3929354813,0.313929354813,65.5544420209,0.655544420209,4.63401717463,0.0463401717463,1.97311010238,0.0197311010238,0.953980724112,0.00953980724112,7.35506889009,0.0735506889009,111.863554393,1.11863554393,1.59564039772,96,96,1,96,92,96,96,0,307.84755754,267.913927024,1,0.958333333333,1,1,4.43479428571,115.807108571,2.97661182375,25.7083333333,26.5833333333,40,2025-10-19,2025-10-19,1,True
2025-10-20,47.7758012645,0.477758012645,62.8230069367,0.628230069367,4.30318536422,0.0430318536422,1.94182436283,0.0194182436283,48.8538980304,0.488538980304,0.735318852792,0.00735318852792,166.433034811,1.66433034811,1.90951652962,96,96,1,96,88,96,96,0,378.087545858,312.418575797,1,0.916666666667,1,1,79.0975828571,82.2928857143,-2.60306946682,24.1666666667,26.5833333333,38.3333333333,2025-10-20,2025-10-20,1,True
2025-10-21,35.8506699648,0.358506699648,65.5531538613,0.655531538613,4.10292395363,0.0410292395363,1.75973275693,0.0175973275693,20.4480724757,0.204480724757,2.99695321763,0.0299695321763,130.71150623,1.3071150623,1.84454839849,96,96,1,96,96,96,96,0,368.39695203,299.103249383,1,1,1,1,37.6165142857,67.0649257143,-1.66022046747,24.2916666667,24.9583333333,40,2025-10-21,2025-10-21,1,True
2025-10-22,31.3798043554,0.313798043554,65.6279508971,0.656279508971,3.50287023922,0.0350287023922,1.76180752282,0.0176180752282,13.4741357195,0.134741357195,-1.61390875147,-0.0161390875147,114.132659983,1.14132659983,2.03384650578,96,96,1,96,92,96,96,0,390.264333713,343.29023066,1,0.958333333333,1,1,40.39576,63.9301714286,-0.976653817667,21.0416666667,25.5416666667,40,2025-10-22,2025-10-22,1,True
2025-10-23,1.9181263687,0.019181263687,65.629241998,0.65629241998,3.62656449804,0.0362656449804,1.44567488344,0.0144567488344,75.3096911035,0.753096911035,-0.398306768275,-0.00398306768275,147.530992083,1.47530992083,1.94389959069,96,96,1,96,92,96,96,0,383.327629358,319.371038947,1,0.958333333333,1,1,120.839451429,20.7190114286,-6.83654293379,22.375,21.4166666667,40,2025-10-23,2025-10-23,1,True
2025-10-24,27.7934297649,0.277934297649,65.6395726344,0.656395726344,3.14563681798,0.0314563681798,1.1099069319,0.011099069319,8.38201949895,0.0838201949895,5.93907961228,0.0593907961228,112.00964526,1.1200964526,1.97727854052,96,96,1,96,76,96,96,0,379.528019169,333.642137194,1,0.791666666667,1,1,34.4911714286,81.7105657143,0.0555630129367,19.8333333333,17,40,2025-10-24,2025-10-24,1,True
2025-10-25,32.686964733,0.32686964733,65.6240778991,0.656240778991,3.6363666765,0.036363666765,1.36895642766,0.0136895642766,13.7463687188,0.137463687188,0.228977874721,0.00228977874721,117.29171233,1.1729171233,1.95987560229,96,96,1,96,92,96,96,0,383.453922186,324.555399738,1,0.958333333333,1,1,35.83008,66.088,-1.19335843533,24.1666666667,21.5,40,2025-10-25,2025-10-25,1,True
2025-10-26,19.6589644852,0.196589644852,65.6240778991,0.656240778991,4.00380839972,0.0400380839972,1.52925936855,0.0152925936855,14.3792947405,0.143792947405,3.72306332667,0.0372306332667,108.91846822,1.0891846822,1.76710744272,100,100,1,100,96,96,100,0,346.423667905,292.052992515,1,0.96,0.96,0.96,80.73368,49.3077428571,-3.43186450132,24.36,21.6,38.4,2025-10-26,2025-10-26,1,True
2025-10-27,26.7811750263,0.267811750263,65.6240778991,0.656240778991,2.94566932232,0.0294566932232,1.53795023114,0.0153795023114,29.621396078,0.29621396078,11.6988840565,0.116988840565,138.209152613,1.38209152613,1.67968582978,96,96,1,96,80,96,96,0,329.222111745,277.658351441,1,0.833333333333,1,1,50.4372971429,57.0623314286,-1.87244691746,18.625,23.3333333333,40,2025-10-27,2025-10-27,1,True
2025-10-28,15.4778059837,0.154778059837,65.6073001888,0.656073001888,3.10218101007,0.0310218101007,1.30790001573,0.0130790001573,17.8671060693,0.178671060693,1.78059415547,0.0178059415547,105.142887423,1.05142887423,1.86608636613,96,96,1,96,72,96,96,0,367.778999957,306.759658899,1,0.75,1,1,73.7476628571,55.6348514286,-3.2971730203,19.3333333333,20.5,40,2025-10-28,2025-10-28,1,True
2025-10-29,27.5720691974,0.275720691974,65.6124616474,0.656124616474,4.17218747541,0.0417218747541,1.39763787271,0.0139763787271,15.1857476024,0.151857476024,7.61430580294,0.0761430580294,121.554409598,1.21554409598,1.91344735597,96,96,1,96,88,96,96,0,370.779417721,319.906065139,1,0.916666666667,1,1,38.11956,60.0870457143,-1.20441111951,24.6666666667,22.0833333333,40,2025-10-29,2025-10-29,1,True
2025-10-30,23.0186301961,0.230186301961,65.6318243522,0.656318243522,3.65533848787,0.0365533848787,1.34606425466,0.0134606425466,22.5893125719,0.225893125719,-1.56934668236,-0.0156934668236,114.67182318,1.1467182318,1.89159343905,96,96,1,96,92,96,96,0,373.832523703,310.083898951,1,0.958333333333,1,1,35.3402285714,52.3234285714,-1.94855936465,21.75,21.4166666667,40,2025-10-30,2025-10-30,1,True
2025-10-31,20.7922030447,0.207922030447,65.5969797074,0.655969797074,4.0464704263,0.040464704263,1.4107892874,0.014107892874,22.1347729228,0.221347729228,-1.10328567374,-0.0110328567374,112.877929715,1.12877929715,1.86925146359,96,96,1,96,88,96,96,0,367.101571535,308.381314595,1,0.916666666667,1,1,70.3530571429,54.1450114286,-3.12201261058,23.8333333333,22.7916666667,40,2025-10-31,2025-10-31,1,True
2025-11-01,26.2008722614,0.262008722614,65.6034296277,0.656034296277,4.07349314664,0.0407349314664,1.75124383001,0.0175124383001,7.31642093986,0.0731642093986,23.2276765181,0.232276765181,128.173136324,1.28173136324,1.59478468588,96,96,1,96,84,96,96,0,306.548865002,268.729728627,1,0.875,1,1,31.2252457143,127.564982857,2.43835836532,24.875,29.4583333333,40,2025-11-01,2025-11-01,1,True
2025-11-02,21.5331492109,0.215331492109,65.6034296277,0.656034296277,4.7770899294,0.047770899294,1.55836660046,0.0155836660046,5.6894067355,0.056894067355,-0.577547457034,-0.00577547457034,98.583894647,0.98583894647,1.0905724099,96,96,1,96,88,96,96,0,213.372862806,180.598791079,1,0.916666666667,1,1,37.4864571429,90.9522742857,0.862156058994,28.3333333333,26.4583333333,40,2025-11-02,2025-11-02,1,True
2025-11-03,31.2856872215,0.312856872215,65.6034296277,0.656034296277,4.14976303318,0.0414976303318,1.70060765767,0.0170060765767,23.3364782139,0.233364782139,1.65488906939,0.0165488906939,127.730854823,1.27730854823,2.02705833804,96,96,1,96,92,96,96,0,399.2107762,333.469720583,1,0.958333333333,1,1,45.8107885714,124.348194286,0.533181254031,23.75,28.7083333333,40,2025-11-03,2025-11-03,1,True
2025-11-04,41.7640752146,0.417640752146,65.5905310552,0.655905310552,3.42259491555,0.0342259491555,1.48056074399,0.0148056074399,8.17500398063,0.0817500398063,-0.855144413106,-0.00855144413106,119.577621497,1.19577621497,1.95149427761,96,96,1,96,84,96,96,0,399.256006884,308.404620519,1,0.875,1,1,34.26384,127.776388571,0.110881758612,19.8333333333,26.4166666667,40,2025-11-04,2025-11-04,1,True
2025-11-05,19.6972772564,0.196972772564,65.5853730463,0.655853730463,4.5864916937,0.045864916937,1.29196107343,0.0129196107343,27.8912765044,0.278912765044,-1.86888074421,-0.0186888074421,117.18349883,1.1718349883,1.93553465314,96,96,1,96,88,96,96,0,361.594885974,334.995165632,1,0.916666666667,1,1,105.772794286,96.8310342857,-1.48089501423,26.375,23.875,40,2025-11-05,2025-11-05,1,True
2025-11-06,32.8346607785,0.328346607785,65.6034296277,0.656034296277,4.20455054965,0.0420455054965,1.54940512478,0.0154940512478,7.18582343085,0.0718582343085,3.26208682209,0.0326208682209,114.639956334,1.14639956334,1.99050714262,96,96,1,96,88,96,96,0,401.489411436,319.435327796,1,0.916666666667,1,1,25.3047428571,114.406182857,0.293639848332,24.0833333333,28.5,40,2025-11-06,2025-11-06,1,True
2025-11-07,30.6742106154,0.306742106154,63.1507522864,0.631507522864,4.27023502803,0.0427023502803,1.2199075622,0.012199075622,41.5242003927,0.415242003927,2.51339503781,0.0251339503781,143.352700922,1.43352700922,1.95689318584,96,96,1,96,88,96,96,0,396.462227218,312.557394032,1,0.916666666667,1,1,81.9948514286,66.0919542857,-4.15865543037,24.3333333333,22.25,38.5,2025-11-07,2025-11-07,1,True
2025-11-08,7.91112769404,0.0791112769404,65.5918206842,0.655918206842,4.56430397169,0.0456430397169,1.51285882816,0.0151285882816,37.6286892595,0.376286892595,-2.3868086725,-0.023868086725,114.821991765,1.14821991765,1.10036109766,96,96,1,96,80,96,96,0,186.930303173,206.221786941,1,0.833333333333,1,1,68.9178514286,58.7787085714,0.381347537967,25.875,28,40,2025-11-08,2025-11-08,1,True
2025-11-09,9.64189531113,0.0964189531113,65.5918206842,0.655918206842,5.76839559575,0.0576839559575,1.83523790798,0.0183523790798,7.72689808846,0.0772689808846,-1.58706585816,-0.0158706585816,88.9771817294,0.889771817294,0.952158270324,96,96,1,96,96,96,96,0,186.554443308,157.455138315,1,1,1,1,21.1887657143,92.8606057143,1.77385562531,32.5833333333,34,40,2025-11-09,2025-11-09,1,True
2025-11-10,-4.08229254994,-0.0408229254994,65.5918206842,0.655918206842,5.77023987416,0.0577023987416,1.68845851357,0.0168845851357,56.5951722102,0.565951722102,-0.429316625803,-0.00429316625803,125.134082106,1.25134082106,1.34789580293,96,96,1,96,92,96,96,0,284.503492191,205.61933414,1,0.958333333333,1,1,101.150194286,57.9730742857,-5.08588658545,32.5833333333,31.25,40,2025-11-10,2025-11-10,1,True
2025-11-11,17.5258486974,0.175258486974,65.5995595233,0.655995595233,4.4177134542,0.044177134542,1.26163133677,0.0126163133677,27.3781603124,0.273781603124,2.61888161311,0.0261888161311,118.801794937,1.18801794937,1.72331493948,96,96,1,96,80,96,96,0,316.745632685,302.668404453,1,0.833333333333,1,1,54.6372228571,58.7191771429,-0.416469747745,24.0833333333,25.5833333333,40,2025-11-11,2025-11-11,1,True
2025-11-12,28.2542629472,0.282542629472,65.6111712066,0.656111712066,4.52241124988,0.0452241124988,1.20301307897,0.0120301307897,13.9958786836,0.139958786836,-1.87944442322,-0.0187944442322,111.707292743,1.11707292743,1.77687287927,96,96,1,96,88,96,96,0,347.577137276,294.311008622,1,0.916666666667,1,1,49.13,41.1205028571,-2.55315107486,25.5,26.0833333333,40,2025-11-12,2025-11-12,1,True
2025-11-13,1.92657100008,0.0192657100008,65.6098808166,0.656098808166,4.93944853086,0.0493944853086,0.83511780671,0.0083511780671,64.6500394334,0.646500394334,-1.29367634105,-0.0129367634105,136.667381247,1.36667381247,1.95635330357,96,96,1,96,96,96,96,0,419.359655503,292.998201727,1,1,1,1,138.933714286,24.9558,-10.0141403359,28.3333333333,19.5833333333,40,2025-11-13,2025-11-13,1,True
2025-11-14,-0.809149460775,-0.00809149460775,64.7303251441,0.647303251441,5.31665060288,0.0531665060288,0.871378272586,0.00871378272586,56.0405176543,0.560405176543,-0.180841037811,-0.00180841037811,125.968881175,1.25968881175,1.82076285052,96,96,1,96,88,96,96,0,346.079953393,310.11458354,1,0.916666666667,1,1,146.606445714,2.78908571429,-7.49094707721,31.1666666667,20.8333333333,39.4583333333,2025-11-14,2025-11-14,1,True
2025-11-15,15.5626757303,0.155626757303,65.6085904773,0.656085904773,5.02420595119,0.0502420595119,1.18147776663,0.0118147776663,9.88419306411,0.0988419306411,-2.53529476097,-0.0253529476097,94.7258482286,0.947258482286,0.965739963172,96,96,1,96,96,96,96,0,161.725647318,182.968487913,1,1,1,1,42.5507085714,75.3923771429,2.25352121526,30.8333333333,32.5833333333,40,2025-11-15,2025-11-15,1,True
2025-11-16,-6.1056763527,-0.061056763527,59.9155309064,0.599155309064,5.09127382146,0.0509127382146,1.52933309733,0.0152933309733,51.9230129174,0.519230129174,2.28725431832,0.0228725431832,114.640728708,1.14640728708,0.996834868715,96,96,1,96,88,96,96,0,202.128015896,159.070555864,1,0.916666666667,1,1,110.757234286,56.4616685714,-4.05637607278,31.1666666667,30.1666666667,39.9583333333,2025-11-16,2025-11-16,1,True
2025-11-17,-2.85903760335,-0.0285903760335,65.6085904773,0.656085904773,5.35453025744,0.0535453025744,1.02290400614,0.0102290400614,38.5214787001,0.385214787001,-1.29619469244,-0.0129619469244,106.352271145,1.06352271145,1.06924167265,96,96,1,96,92,96,96,0,214.79048257,172.334177535,1,0.958333333333,1,1,91.1953828571,37.4000571429,-4.01048461454,32.5833333333,28.75,40,2025-11-17,2025-11-17,1,True
2025-11-18,14.2239292825,0.142239292825,65.6124616474,0.656124616474,4.3826724884,0.043826724884,0.714294705373,0.00714294705373,26.1725349501,0.261725349501,15.6023655648,0.156023655648,126.708258639,1.26708258639,1.45716226544,96,96,1,96,80,96,96,0,276.830885831,248.302480547,1,0.833333333333,1,1,56.1174857143,98.0694971429,0.559316922681,26.9166666667,23.75,40,2025-11-18,2025-11-18,1,True
2025-11-19,5.19988457325,0.0519988457325,65.5931103639,0.655931103639,4.70820503746,0.0470820503746,0.760471106392,0.00760471106392,47.9119984303,0.479119984303,0.900779149892,0.00900779149892,125.074448661,1.25074448661,1.21730948778,96,96,1,96,88,96,96,0,250.37653773,191.254200817,1,0.916666666667,1,1,111.702994286,94.4217257143,-3.18348356185,29.4166666667,27.3333333333,40,2025-11-19,2025-11-19,1,True
2025-11-20,6.74630278955,0.0674630278955,65.5544420209,0.655544420209,4.82551828489,0.0482551828489,0.759739825896,0.00759739825896,32.1772487582,0.321772487582,6.55983830777,0.0655983830777,116.623089987,1.16623089987,1.1633293145,96,96,1,96,92,96,96,0,228.086648154,192.242129964,1,0.958333333333,1,1,76.9240914286,77.0993142857,-1.48622063885,30.2083333333,31.5833333333,40,2025-11-20,2025-11-20,1,True
2025-11-21,27.1485301512,0.271485301512,65.5544420209,0.655544420209,4.14021104757,0.0414021104757,0.591133643813,0.00591133643813,24.5855970215,0.245855970215,11.7598694687,0.117598694687,133.779783354,1.33779783354,1.76946870156,96,96,1,96,96,96,96,0,354.300774432,286.167858478,1,1,1,1,64.3526742857,61.06952,-2.97566959332,26.9166666667,26.5833333333,40,2025-11-21,2025-11-21,1,True
2025-11-22,5.53326562255,0.0553326562255,59.4211157179,0.594211157179,4.77312687902,0.0477312687902,0.619127154114,0.00619127154114,59.9755086061,0.599755086061,17.8206820369,0.178206820369,148.142826017,1.48142826017,1.25201584791,96,96,1,96,88,96,96,0,225.088068521,224.153107632,1,0.916666666667,1,1,85.8746571429,73.3212914286,-0.562013608436,31.0416666667,29.4166666667,40,2025-11-22,2025-11-22,1,True
2025-11-23,1.4048639528,0.014048639528,59.4211157179,0.594211157179,4.17265135289,0.0417265135289,0.365255153171,0.00365255153171,73.6356178923,0.736356178923,16.2437047849,0.162437047849,155.243208854,1.55243208854,1.20373772489,96,96,1,96,80,96,96,0,238.281867417,196.996161903,1,0.833333333333,1,1,130.113337143,41.4557828571,-5.41430249166,26.9166666667,22.1666666667,40,2025-11-23,2025-11-23,1,True
2025-11-24,45.9344934125,0.459344934125,65.5518657523,0.655518657523,3.26025033896,0.0326025033896,0.409726670728,0.00409726670728,9.90558892598,0.0990558892598,0.138650775867,0.00138650775867,125.200575876,1.25200575876,2.00279545975,96,96,1,96,88,96,96,0,389.502371318,333.651049186,1,0.916666666667,1,1,30.2836,83.2506285714,-0.120178898339,21.6666666667,24.5833333333,40,2025-11-24,2025-11-24,1,True
2025-11-25,63.304390159,0.63304390159,59.907904307,0.59907904307,3.2954020955,0.032954020955,0.354319749956,0.00354319749956,14.6183676232,0.146183676232,8.85671219691,0.0885671219691,150.337096131,1.50337096131,2.47743700833,96,96,1,96,92,96,96,0,537.023980723,365.990039876,1,0.958333333333,1,1,34.1970057143,94.6831314286,-4.60615896387,22.6666666667,21.0416666667,36.5416666667,2025-11-25,2025-11-25,1,True
2025-11-26,30.5653632948,0.305653632948,65.5531538613,0.655531538613,3.31691491452,0.0331691491452,0.508186284142,0.00508186284142,38.066487251,0.38066487251,-0.762854576897,-0.00762854576897,137.247251029,1.37247251029,1.67785026347,96,96,1,96,80,96,96,0,333.187847239,273.693813359,1,0.833333333333,1,1,73.51072,89.7424285714,-1.80259688785,22.3333333333,21.375,40,2025-11-26,2025-11-26,1,True
2025-11-27,14.540951771,0.14540951771,65.5364123922,0.655364123922,4.36777400153,0.0436777400153,0.530200577569,0.00530200577569,25.024372027,0.25024372027,-0.990042494843,-0.00990042494843,109.009668274,1.09009668274,1.28133362688,96,96,1,96,96,96,96,0,200.201077211,254.927505471,1,1,1,1,86.2166742857,45.3416914286,0.577143558419,30.125,28.75,40,2025-11-27,2025-11-27,1,True
2025-11-28,7.91052668497,0.0791052668497,65.5389874462,0.655389874462,3.58007111845,0.0358007111845,0.282949254435,0.00282949254435,33.9198445426,0.339198445426,-1.0706307195,-0.010706307195,110.161748327,1.10161748327,1.56135854436,96,96,1,96,84,96,96,0,300.463785856,262.809401542,1,0.875,1,1,76.6138685714,22.3084685714,-3.83165767977,25.375,18.4166666667,40,2025-11-28,2025-11-28,1,True
2025-11-29,14.6193418406,0.146193418406,65.5325501905,0.655325501905,3.97709307351,0.0397709307351,0.398196676227,0.00398196676227,32.8331627593,0.328331627593,2.01128914877,0.0201128914877,119.371633689,1.19371633689,1.21549238911,96,96,1,96,92,96,96,0,232.151089967,206.078396724,1,0.958333333333,1,1,74.4114971429,152.39152,2.16280540059,28.9583333333,31.4166666667,40,2025-11-29,2025-11-29,1,True
2025-11-30,6.69528190138,0.0669528190138,65.5325501905,0.655325501905,4.31966369387,0.0431966369387,0.357926374101,0.00357926374101,32.542359064,0.32542359064,6.06532305307,0.0606532305307,115.513104277,1.15513104277,0.991847792585,96,96,1,96,88,96,96,0,192.259060861,165.771919791,1,0.916666666667,1,1,61.1716,85.0215771429,-0.109881830271,30.5833333333,28.75,40,2025-11-30,2025-11-30,1,True
2025-12-01,15.1102064587,0.151102064587,65.5325501905,0.655325501905,2.85973362668,0.0285973362668,0.290637645857,0.00290637645857,10.4810528984,0.104810528984,8.33888262935,0.0833888262935,102.61306345,1.0261306345,1.30088256614,96,96,1,96,88,96,96,0,269.257279083,202.952944888,1,0.916666666667,1,1,34.77376,53.53024,-1.98116059147,21,23.3333333333,40,2025-12-01,2025-12-01,1,True
2025-12-02,11.5888128776,0.115888128776,65.5325501905,0.655325501905,3.4613974777,0.034613974777,0.322814599458,0.00322814599458,23.1759881784,0.231759881784,29.3312623658,0.293312623658,133.412825689,1.33412825689,1.36597266404,96,96,1,96,96,96,96,0,273.59325718,220.840813453,1,1,1,1,58.1625142857,90.1904,-0.863523250524,24.9583333333,25.6666666667,40,2025-12-02,2025-12-02,1,True
2025-12-03,25.7049915242,0.257049915242,58.1189947537,0.581189947537,2.58185605093,0.0258185605093,0.272593480439,0.00272593480439,14.9514718405,0.149514718405,13.1843700852,0.131843700852,114.814277735,1.14814277735,1.75610772351,96,96,1,96,96,96,96,0,372.70324511,266.166851365,1,1,1,1,32.75408,84.72072,-2.27373973937,21,24.875,39.125,2025-12-03,2025-12-03,1,True
2025-12-04,28.4957321626,0.284957321626,59.3989393047,0.593989393047,3.43237477902,0.0343237477902,0.327574150462,0.00327574150462,2.81733985204,0.0281733985204,26.4740612477,0.264740612477,120.946021496,1.20946021496,1.018758143,96,96,1,96,96,96,96,0,161.070071456,201.08298848,1,1,1,1,16.0520914286,122.92448,6.12022106649,25.5833333333,28,40,2025-12-04,2025-12-04,1,True
2025-12-05,8.30282215087,0.0830282215087,59.3872741555,0.593872741555,3.0909505106,0.030909505106,0.264768263943,0.00264768263943,5.50416299578,0.0550416299578,10.5525670921,0.105525670921,87.1025451689,0.871025451689,1.25166736232,96,96,1,96,84,96,96,0,291.858230019,167.523424512,1,0.875,1,1,18.1511314286,122.08288,-0.850127372311,23.75,24.5,40,2025-12-05,2025-12-05,1,True
2025-12-06,27.5194155402,0.275194155402,65.5158192423,0.655158192423,3.30151613347,0.0330151613347,2.61661069542,0.0261661069542,10.5652353128,0.105652353128,12.7734459915,0.127734459915,122.292042916,1.22292042916,0.911675794498,96,96,1,96,92,96,96,0,119.465271098,200.831617681,1,0.958333333333,1,1,20.6792685714,158.76368,9.14378158383,25.875,26.8333333333,40,2025-12-06,2025-12-06,1,True
2025-12-07,5.8092968128,0.058092968128,65.5158192423,0.655158192423,2.99576189635,0.0299576189635,2.4053418174,0.024053418174,9.26055476838,0.0926055476838,-0.978343357442,-0.00978343357442,85.0084311798,0.850084311798,0.990289210212,96,96,1,96,84,96,96,0,196.02520464,162.068053215,1,0.875,1,1,30.89968,66.7384,0.0783986905902,24.5,24.5,40,2025-12-07,2025-12-07,1,True
2025-12-08,8.29407180272,0.0829407180272,63.9839745478,0.639839745478,3.35528191834,0.0335528191834,2.2205777804,0.022205777804,12.2766391593,0.122766391593,3.81158783451,0.0381158783451,93.942133043,0.93942133043,1.2080327019,96,96,1,96,88,96,96,0,234.952456426,201.236671752,1,0.916666666667,1,1,40.43168,66.73264,-0.308951028081,25.6666666667,24.5,40,2025-12-08,2025-12-08,1,True
2025-12-09,-6.83560686315e-12,-6.83560686315e-14,65.5415627026,0.655415627026,0,0,0,0,0,0,0,0,65.5415627026,0.655415627026,2.13606909938e-13,96,96,1,96,92,96,96,0,8.35853125844e-11,0,1,0.958333333333,1,1,0,0,-3.48272135768e-12,0,0,40,2025-12-09,2025-12-09,1,True
2025-12-10,-1.5679563827e-05,-1.5679563827e-07,65.5441381614,0.655441381614,0,0,0.365451794801,0.00365451794801,0,0,0,0,65.9095742766,0.659095742766,4.99999955661e-07,96,96,1,96,96,96,96,0,0.000195652156563,0,1,1,1,1,0,0,-8.15217319012e-06,0,3.5,40,2025-12-10,2025-12-10,1,True
2025-12-11,-3.36995648778e-12,-3.36995648778e-14,65.5480017291,0.655480017291,0.506755216725,0.00506755216725,0,0,0,0,0,0,66.0547569458,0.660547569458,9.99200722163e-14,96,96,1,96,96,96,96,0,3.90991586933e-11,0,1,1,1,1,0,0,-1.62913161222e-12,3.5,0,40,2025-12-11,2025-12-11,1,True
2025-12-12,5.82077080149e-06,5.82077080149e-08,65.5428504067,0.655428504067,0.148752406774,0.00148752406774,0.256434437502,0.00256434437502,0,0,-4.49077426562e-06,-4.49077426562e-08,65.948038581,0.65948038581,2.49999984717e-07,96,96,1,96,96,96,96,0,5.71428571429e-05,3.44342806524e-05,1,1,1,1,0,5.71428571429e-05,1.43476169385e-06,1.16666666667,3.54166666667,40,2025-12-12,2025-12-12,1,True
2025-12-13,-1.46260221326e-12,-1.46260221326e-14,65.5351249411,0.655351249411,0,0,0.0727172717272,0.000727172717272,0,0,0,0,65.6078422128,0.656078422128,4.30766533555e-14,96,96,1,96,96,96,96,0,1.68560817478e-11,0,1,1,1,1,0,0,-7.02336739491e-13,0,1.16666666667,40,2025-12-13,2025-12-13,1,True
2025-12-14,-1.19396738405e-06,-1.19396738405e-08,65.5351249411,0.655351249411,0.543124312431,0.00543124312431,0.075302530253,0.00075302530253,0,0,0,0,66.1535505898,0.661535505898,1.2499999924e-07,96,96,1,96,84,96,96,0,4.8913043181e-05,0,1,0.875,1,1,0,0,-2.03804346587e-06,3.5,1.16666666667,40,2025-12-14,2025-12-14,1,True
2025-12-15,-1.38624416294e-12,-1.38624416294e-14,65.5351249411,0.655351249411,0,0,0.22101210121,0.0022101210121,0,0,0,0,65.7561370423,0.657561370423,4.30766533555e-14,96,96,1,96,84,96,96,0,1.68560817478e-11,0,1,0.875,1,1,0,0,-7.02336739491e-13,0,3.5,40,2025-12-15,2025-12-15,1,True
2025-12-16,-2.28692854582e-06,-2.28692854582e-08,65.5222532113,0.655222532113,0,0,0.226633146089,0.00226633146089,0,0,0,0,65.7488840705,0.657488840705,6.24999780818e-08,96,96,1,96,80,96,96,0,2.44565131625e-05,0,1,0.833333333333,1,1,0,0,-1.01902138177e-06,0,3.5,40,2025-12-16,2025-12-16,1,True
2025-12-17,-1.57031257562e-12,-1.57031257562e-14,65.5145326002,0.655145326002,0.188059701493,0.00188059701493,0,0,0,0,0,0,65.7025923016,0.657025923016,4.30766533555e-14,96,96,1,96,92,96,96,0,1.68560817478e-11,0,1,0.958333333333,1,1,0,0,-7.02336739491e-13,1.16666666667,0,40,2025-12-17,2025-12-17,1,True
2025-12-18,-1.15948248989e-06,-1.15948248989e-08,65.5106729768,0.655106729768,1.0002317224,0.010002317224,0.0603735050959,0.000603735050959,0,0,0,0,66.5712770449,0.665712770449,3.12499675026e-08,96,96,1,96,88,96,96,0,1.22282481532e-05,0,1,0.916666666667,1,1,0,0,-5.09510339716e-07,5.83333333333,1.16666666667,40,2025-12-18,2025-12-18,1,True
2025-12-19,-1.61514975307e-12,-1.61514975307e-14,65.5261141993,0.655261141993,1.76686374261,0.0176686374261,0,0,0,0,0,0,67.2929779419,0.672929779419,4.30766533555e-14,96,96,1,96,84,96,96,0,1.68560817478e-11,0,1,0.875,1,1,0,0,-7.02336739491e-13,10.5,0,40,2025-12-19,2025-12-19,1,True
2025-12-20,6.87445337499e-07,6.87445337499e-09,65.5454259667,0.655454259667,0,0,0.463109085193,0.00463109085193,0,0,0,0,66.0085357393,0.660085357393,1.5624962213e-08,96,96,1,96,88,96,96,0,0,5.17498748493e-06,1,0.916666666667,1,1,0,0,2.15624478539e-07,0,10.5,40,2025-12-20,2025-12-20,1,True
2025-12-21,-1.42214761706e-12,-1.42214761706e-14,65.5454259667,0.655454259667,0.578528764539,0.00578528764539,0.257356177303,0.00257356177303,0,0,0,0,66.3813109085,0.663813109085,4.30766533555e-14,96,96,1,96,96,96,96,0,1.68560817478e-11,0,1,1,1,1,0,0,-7.02336739491e-13,3.5,5.83333333333,40,2025-12-21,2025-12-21,1,True
2025-12-22,-2.61591716836e-07,-2.61591716836e-09,65.5454259667,0.655454259667,1.16360421251,0.0116360421251,0,0,0,0,0,0,66.7090299176,0.667090299176,7.81245956816e-09,96,96,1,96,80,96,96,0,3.05704939624e-06,0,1,0.833333333333,1,1,0,0,-1.27377058176e-07,7,0,40,2025-12-22,2025-12-22,1,True
2025-12-23,-1.35337480353e-12,-1.35337480353e-14,65.5647491205,0.655647491205,0.189249425129,0.00189249425129,0.0950924706669,0.000950924706669,0,0,0,0,65.8490910163,0.658490910163,4.30766533555e-14,96,96,1,96,76,96,96,0,1.68560817478e-11,0,1,0.791666666667,1,1,0,0,-7.02336739491e-13,1.16666666667,2.33333333333,40,2025-12-23,2025-12-23,1,True
2025-12-24,-1.05926948239e-07,-1.05926948239e-09,65.5299756423,0.655299756423,0.93909012336,0.0093909012336,0.0892119116838,0.000892119116838,0,0,0,0,66.5582775715,0.665582775715,3.90623666746e-09,96,96,1,96,80,96,96,0,1.52852739162e-06,0,1,0.833333333333,1,1,0,0,-6.36886413173e-08,5.83333333333,2.33333333333,40,2025-12-24,2025-12-24,1,True
2025-12-25,-7.9796690994e-13,-7.9796690994e-15,65.5531538613,0.655531538613,0,0,0.159064649243,0.00159064649243,0,0,0,0,65.7122185105,0.657122185105,4.30766533555e-14,96,96,1,96,84,96,96,0,1.68560817478e-11,0,1,0.875,1,1,0,0,-7.02336739491e-13,0,4.66666666667,40,2025-12-25,2025-12-25,1,True
2025-12-26,-5.74108557146e-08,-5.74108557146e-10,65.5531538613,0.655531538613,0.549931224209,0.00549931224209,0.0393397524072,0.000393397524072,0,0,0,0,66.1424247805,0.661424247805,1.9530967954e-09,96,96,1,96,84,96,96,0,7.64255267767e-07,0,1,0.875,1,1,0,0,-3.18439694903e-08,3.5,1.16666666667,40,2025-12-26,2025-12-26,1,True
2025-12-27,-1.16711510022e-12,-1.16711510022e-14,65.5531538613,0.655531538613,1.34784044017,0.0134784044017,0,0,0,0,0,0,66.9009943014,0.669009943014,4.30766533555e-14,96,96,1,96,92,96,96,0,1.68560817478e-11,0,1,0.958333333333,1,1,0,0,-7.02336739491e-13,8.16666666667,0,40,2025-12-27,2025-12-27,1,True
2025-12-28,-2.86933311667e-08,-2.86933311667e-10,65.5531538613,0.655531538613,0.182228335626,0.00182228335626,0.0398899587345,0.000398899587345,0,0,0,0,65.7752721269,0.657752721269,9.76526859375e-10,96,96,1,96,84,96,96,0,3.82119205843e-07,0,1,0.875,1,1,0,0,-1.59216335768e-08,1.16666666667,1.16666666667,40,2025-12-28,2025-12-28,1,True
2025-12-29,-1.24195610318e-12,-1.24195610318e-14,65.5531538613,0.655531538613,0.554222833563,0.00554222833563,0.0393397524072,0.000393397524072,0,0,0,0,66.1467164472,0.661467164472,4.30766533555e-14,96,96,1,96,88,96,96,0,1.68560817478e-11,0,1,0.916666666667,1,1,0,0,-7.02336739491e-13,3.5,1.16666666667,40,2025-12-29,2025-12-29,1,True
2025-12-30,-1.35569913695e-08,-1.35569913695e-10,65.5145326002,0.655145326002,0.362482325216,0.00362482325216,0.0715946582875,0.000715946582875,0,0,0,0,65.9486095701,0.659486095701,4.88241891361e-10,96,96,1,96,80,96,96,0,1.9105117488e-07,0,1,0.833333333333,1,1,0,0,-7.96046562002e-09,2.33333333333,2.33333333333,40,2025-12-30,2025-12-30,1,True
2025-12-31,-1.25426104285e-12,-1.25426104285e-14,65.4592547534,0.654592547534,0.562933893217,0.00562933893217,0.034613346938,0.00034613346938,0,0,0,0,66.0568019936,0.660568019936,4.30766533555e-14,96,96,1,96,80,96,96,0,1.68560817478e-11,0,1,0.833333333333,1,1,0,0,-7.02336739491e-13,3.5,1.16666666667,40,2025-12-31,2025-12-31,1,True
2026-01-01,8.43468666246,0.0843468666246,65.4310091203,0.654310091203,5.09283122487,0.0509283122487,0.834178680004,0.00834178680004,20.8378257795,0.208378257795,1.19623271594,0.0119623271594,101.826764183,1.01826764183,1.42902595567,96,96,1,96,92,96,96,0,283.378586046,233.441761289,1,0.958333333333,1,1,72.3612285714,75.0517142857,-1.96859746011,31.6666666667,27.125,40,2026-01-01,2026-01-01,1,True
2026-01-02,9.15037940386,0.0915037940386,65.4310091203,0.654310091203,5.17397273708,0.0517397273708,0.706713739335,0.00706713739335,45.9052054387,0.459052054387,-0.865169879948,-0.00865169879948,125.502110559,1.25502110559,1.63682135396,96,96,1,96,88,96,96,0,315.58975621,275.000062776,1,0.916666666667,1,1,88.5064,33.4613028571,-3.9847829407,32.0833333333,23.0416666667,40,2026-01-02,2026-01-02,1,True
2026-01-03,11.6309506886,0.116309506886,65.4310091203,0.654310091203,5.2705305482,0.052705305482,0.882122192802,0.00882122192802,36.4985157178,0.364985157178,5.59299724287,0.0559299724287,125.306125511,1.25306125511,0.985427624065,96,96,1,96,92,96,96,0,193.925622235,162.234982431,1,0.958333333333,1,1,57.4336857143,165.496714286,3.18218286532,32.7083333333,32.2916666667,40,2026-01-03,2026-01-03,1,True
2026-01-04,-3.72771026761,-0.0372771026761,65.4310091203,0.654310091203,5.36791213102,0.0536791213102,0.881680886535,0.00881680886535,38.1675961813,0.381675961813,0.416454842803,0.00416454842803,106.536942894,1.06536942894,1.05645823159,96,96,1,96,92,96,96,0,205.573784306,175.901315265,1,0.958333333333,1,1,92.4746571429,35.3904285714,-3.61486240051,33.3333333333,32.2916666667,40,2026-01-04,2026-01-04,1,True
2026-01-05,2.36106206443,0.0236106206443,65.4310091203,0.654310091203,4.40710993429,0.0440710993429,0.68036481318,0.0068036481318,48.4448604486,0.484448604486,1.45283953832,0.0145283953832,122.777245919,1.22777245919,1.27781720399,96,96,1,96,76,96,96,0,252.290206294,209.674627354,1,0.791666666667,1,1,110.8388,42.9998685714,-4.60227126536,27.7083333333,24.875,40,2026-01-05,2026-01-05,1,True
2026-01-06,-7.59078359797,-0.0759078359797,65.5338375405,0.655338375405,4.21285728317,0.0421285728317,0.502858265396,0.00502858265396,37.3296078422,0.373296078422,-0.838267706237,-0.00838267706237,99.1501096271,0.991501096271,1.31760601483,96,96,1,96,80,96,96,0,273.215500007,205.141512905,1,0.833333333333,1,1,95.649,25.6078857143,-5.75479589116,26.25,23.75,40,2026-01-06,2026-01-06,1,True
2026-01-07,1.2193442336,0.012193442336,65.5338375405,0.655338375405,4.32669875258,0.0432669875258,0.605820646302,0.00605820646302,33.5994428265,0.335994428265,-1.87032878808,-0.0187032878808,103.414815211,1.03414815211,1.52309734712,96,96,1,96,92,96,96,0,310.673367158,241.495903403,1,0.958333333333,1,1,97.1607828571,56.8373142857,-4.56253884695,27.3333333333,28.7083333333,40,2026-01-07,2026-01-07,1,True
2026-01-08,5.62019505266,0.0562019505266,65.5338375405,0.655338375405,3.7831784697,0.037831784697,0.399255475886,0.00399255475886,37.60975125,0.3760975125,-0.841145487007,-0.00841145487007,112.105072302,1.12105072302,1.44541096127,96,96,1,96,68,96,96,0,299.855967686,224.922019324,1,0.708333333333,1,1,79.8650285714,31.9463828571,-5.11885808652,24.0416666667,19.0416666667,40,2026-01-08,2026-01-08,1,True
2026-01-09,22.0999509952,0.220999509952,65.5776375538,0.655776375538,4.16427827249,0.0416427827249,0.625218690413,0.00625218690413,14.265606727,0.14265606727,-0.0580335076903,-0.000580335076903,106.674658731,1.06674658731,1.32136678422,96,96,1,96,92,96,96,0,217.090842389,253.890989936,1,0.958333333333,1,1,58.784,39.8609714286,0.744879957279,26.25,28.75,40,2026-01-09,2026-01-09,1,True
2026-01-10,0.917281342225,0.00917281342225,65.557018492,0.65557018492,5.03771100674,0.0503771100674,0.572374083754,0.00572374083754,21.6702693426,0.216702693426,-3.31708728262,-0.0331708728262,90.4375669847,0.904375669847,0.985824672797,96,96,1,96,88,96,96,0,195.332604008,161.175615598,1,0.916666666667,1,1,77.8606,66.5024628571,-1.8964635647,32.0833333333,29.125,40,2026-01-10,2026-01-10,1,True
2026-01-11,5.1515714461,0.051515714461,65.557018492,0.65557018492,4.7035372492,0.047035372492,0.531681961994,0.00531681961994,14.2505749476,0.142505749476,-2.03864586421,-0.0203864586421,88.1557382326,0.881557382326,1.01188811641,96,96,1,96,84,96,96,0,189.521945191,174.725969747,1,0.875,1,1,51.77796,57.3734857143,-0.383352072079,29.75,27.0416666667,40,2026-01-11,2026-01-11,1,True
2026-01-12,8.72964283343,0.0872964283343,65.557018492,0.65557018492,4.23153064633,0.0423153064633,0.389008980683,0.00389008980683,49.623043371,0.49623043371,2.5216582998,0.025216582998,131.051902623,1.31051902623,1.83983630337,96,96,1,96,88,96,96,0,407.123495909,264.764456738,1,0.916666666667,1,1,93.8044171429,28.7146285714,-8.64370115591,27,19.7916666667,40,2026-01-12,2026-01-12,1,True
2026-01-13,7.18216353762,0.0718216353762,57.3522477208,0.573522477208,3.37276996228,0.0337276996228,0.394531986797,0.00394531986797,56.2714937199,0.562714937199,-0.488583726108,-0.00488583726108,124.084623201,1.24084623201,1.68408501184,96,96,1,96,88,96,96,0,349.804128072,261.694741922,1,0.916666666667,1,1,118.632657143,13.8483542857,-8.03723704196,22.5,22.3333333333,35,2026-01-13,2026-01-13,1,True
2026-01-14,38.6842282507,0.386842282507,60.0833071361,0.600833071361,4.20528135806,0.0420528135806,0.401947107828,0.00401947107828,29.5531726102,0.295531726102,-0.057671295033,-0.00057671295033,132.870265168,1.32870265168,1.75574149397,96,96,1,96,88,96,96,0,318.595182164,311.842620621,1,0.916666666667,1,1,69.2704,67.6542,-0.348698397648,27.7083333333,26.25,36.6666666667,2026-01-14,2026-01-14,1,True
2026-01-15,39.1706040368,0.391706040368,62.8131324047,0.628131324047,3.22761655893,0.0322761655893,0.355128985991,0.00355128985991,8.75749012162,0.0875749012162,-1.51739018451,-0.0151739018451,112.806581924,1.12806581924,1.82605307268,96,96,1,96,88,96,96,0,348.488753351,309.827896836,1,0.916666666667,1,1,33.5752,51.7912857143,-0.851865450015,21.875,25.2083333333,38.3333333333,2026-01-15,2026-01-15,1,True
2026-01-16,4.05450563031,0.0405450563031,65.5518657523,0.655518657523,4.50871470398,0.0450871470398,0.48257059205,0.0048257059205,21.0741373725,0.210741373725,3.57834610334,0.0357834610334,99.2501401545,0.992501401545,1.18244360962,96,96,1,96,92,96,96,0,235.555036772,192.251540381,1,0.958333333333,1,1,64.9598,58.7367428571,-2.06360639725,30.625,28.5416666667,40,2026-01-16,2026-01-16,1,True
2026-01-17,0.427956227726,0.00427956227726,65.5480017291,0.655480017291,3.87699925335,0.0387699925335,0.532577514049,0.00532577514049,56.6272983647,0.566272983647,0.746718693885,0.00746718693885,127.759551783,1.27759551783,1.19022677677,96,96,1,96,76,96,96,0,194.900282304,229.239509525,1,0.791666666667,1,1,110.8794,28.2043714286,-2.01399172293,27.7083333333,24.5833333333,40,2026-01-17,2026-01-17,1,True
2026-01-18,-0.664752696251,-0.00664752696251,60.9502102409,0.609502102409,4.73105867096,0.0473105867096,0.93269344127,0.0093269344127,32.6103673176,0.326103673176,27.2619137775,0.272619137775,125.821490752,1.25821490752,1.2729820423,96,96,1,96,96,96,96,0,249.228673304,210.664503324,1,1,1,1,110.576,58.7206285714,-3.767480892,33.5416666667,32.5,40,2026-01-18,2026-01-18,1,True
2026-01-19,15.06852777,0.1506852777,65.5480017291,0.655480017291,3.96348489016,0.0396348489016,0.54045663536,0.0054045663536,68.7330677492,0.687330677492,8.65753929503,0.0865753929503,162.511078069,1.62511078069,2.06993384012,96,96,1,96,92,96,96,0,422.633186299,327.845358964,1,0.958333333333,1,1,124.717314286,61.3928285714,-6.58801304374,28,25.2083333333,40,2026-01-19,2026-01-19,1,True
2026-01-20,39.4288013825,0.394288013825,59.5078651244,0.595078651244,2.59382376623,0.0259382376623,0.354788790479,0.00354788790479,73.480099628,0.73480099628,3.77108747405,0.0377108747405,179.136466166,1.79136466166,2.39747203682,96,96,1,96,84,96,96,0,480.93993591,386.97517684,1,0.875,1,1,150.625462857,51.4006342857,-8.04956615173,20.0416666667,17.5833333333,36.3333333333,2026-01-20,2026-01-20,1,True
2026-01-21,12.4465248897,0.124465248897,65.5029550943,0.655029550943,3.23575958688,0.0323575958688,0.561153763082,0.00561153763082,44.5784998469,0.445784998469,-0.477026517684,-0.00477026517684,125.847866663,1.25847866663,1.56222967346,96,96,1,96,76,96,96,0,276.542062981,283.345265742,1,0.791666666667,1,1,83.962,27.4079428571,-2.07295226594,24.7916666667,22.9166666667,40,2026-01-21,2026-01-21,1,True
2026-01-22,57.7929070227,0.577929070227,59.4611565707,0.594611565707,2.33283295069,0.0233283295069,0.437422735033,0.00437422735033,35.7217214356,0.357217214356,3.3349982265,0.033349982265,159.081038941,1.59081038941,2.23139241827,96,96,1,96,88,96,96,0,460.463981808,349.300454728,1,0.916666666667,1,1,70.2729714286,72.1488571429,-4.55365172357,20.5833333333,21.0416666667,36.3333333333,2026-01-22,2026-01-22,1,True
2026-01-23,36.7913637093,0.367913637093,60.0361237632,0.600361237632,2.62948798492,0.0262948798492,0.38266648343,0.0038266648343,9.75247964521,0.0975247964521,0.970018357743,0.00970018357743,110.562139944,1.10562139944,2.14615604731,96,96,1,96,96,96,96,0,461.691540663,320.031162851,1,1,1,1,29.8451142857,45.2196,-5.26191217072,23.8333333333,23.3333333333,36.6666666667,2026-01-23,2026-01-23,1,True
2026-01-24,-12.9962935606,-0.129962935606,65.4849537719,0.654849537719,4.04599257994,0.0404599257994,0.529277820309,0.00529277820309,99.4911587267,0.994911587267,-0.558449649306,-0.00558449649306,155.996639689,1.55996639689,1.01647083257,96,96,1,96,96,96,96,0,134.47726238,222.833584867,1,1,1,1,222.6622,10.8365142857,-5.14455680114,35,30,40,2026-01-24,2026-01-24,1,True
2026-01-25,-4.62089343852,-0.0462089343852,65.4849537719,0.654849537719,3.34871326777,0.0334871326777,0.476730856055,0.00476730856055,38.1135679391,0.381135679391,-0.651766455641,-0.00651766455641,102.151305941,1.02151305941,0.985472448185,96,96,1,96,80,96,96,0,190.957792549,164.761799225,1,0.833333333333,1,1,90.2604,26.1538571429,-3.76260567422,29.1666666667,25.9166666667,40,2026-01-25,2026-01-25,1,True
2026-01-26,13.9450283511,0.139450283511,65.4167402784,0.654167402784,2.53942838074,0.0253942838074,0.590238109259,0.00590238109259,27.1247658966,0.271247658966,6.45157468484,0.0645157468484,116.067775701,1.16067775701,1.6685170763,96,96,1,96,80,96,96,0,353.658787923,253.276057572,1,0.833333333333,1,1,46.8050628571,97.025,-2.09011638366,23.9166666667,26.25,39.9583333333,2026-01-26,2026-01-26,1,True
2026-01-27,24.8212091632,0.248212091632,65.4631083203,0.654631083203,2.59282967033,0.0259282967033,0.807672684458,0.00807672684458,10.0153535202,0.100153535202,0.557318546322,0.00557318546322,104.257491905,1.04257491905,1.86293638199,96,96,1,96,80,96,96,0,389.589761478,287.255755601,1,0.833333333333,1,1,29.4645714286,56.2279142857,-3.14877762584,21.4166666667,21.4583333333,40,2026-01-27,2026-01-27,1,True
2026-01-28,21.9862486028,0.219862486028,65.4643929433,0.654643929433,3.69808081006,0.0369808081006,2.47947761926,0.0247947761926,22.4634532336,0.224634532336,-1.04331467229,-0.0104331467229,115.048338537,1.15048338537,1.34079496053,96,96,1,96,96,96,96,0,240.005795761,240.930385395,1,1,1,1,64.0375142857,82.7459714286,0.818043615701,28.75,33,40,2026-01-28,2026-01-28,1,True
2026-01-29,4.26253104369,0.0426253104369,65.4631083203,0.654631083203,4.82261577708,0.0482261577708,2.98125981162,0.0298125981162,55.3748842929,0.553748842929,0.43873924898,0.0043873924898,133.343138494,1.33343138494,0.900546433634,96,96,1,96,88,96,96,0,153.866934207,168.028005707,1,0.916666666667,1,1,110.9492,52.9854,-1.8251136875,31.6666666667,29.7916666667,40,2026-01-29,2026-01-29,1,True
2026-01-30,6.19191072824,0.0619191072824,65.4669623408,0.654669623408,5.16139882646,0.0516139882646,3.4680416822,0.034680416822,19.3901476389,0.193901476389,-2.51497681078,-0.0251497681078,97.1634844058,0.971634844058,1.51888837033,96,96,1,96,96,96,96,0,306.479181206,243.651849281,1,1,1,1,55.1165028571,67.0017428571,-2.12258716353,33.0416666667,31.6666666667,40,2026-01-30,2026-01-30,1,True
2026-01-31,-2.6803129296,-0.026803129296,65.4618237476,0.654618237476,5.45174741469,0.0545174741469,3.24511881635,0.0324511881635,66.5302403874,0.665302403874,-0.382764225601,-0.00382764225601,137.625853211,1.37625853211,1.0237322307,96,96,1,96,96,96,96,0,184.256245688,183.105628457,1,1,1,1,117.936,38.7874,-3.34580071793,33.5416666667,33.75,40,2026-01-31,2026-01-31,1,True
2026-02-01,-1.83444647612,-0.0183444647612,65.4618237476,0.654618237476,4.61152449913,0.0461152449913,2.73886305214,0.0273886305214,42.2325590687,0.422325590687,0.227622098106,0.00227622098106,113.43794599,1.1343794599,1.03121470697,96,96,1,96,88,96,96,0,203.039340432,169.685813207,1,0.916666666667,1,1,92.8384457143,65.53456,-2.52739220581,28.4166666667,28.25,40,2026-02-01,2026-02-01,1,True
2026-02-02,6.79173270404,0.0679173270404,65.4618237476,0.654618237476,4.42112399678,0.0442112399678,2.71932065697,0.0271932065697,28.0853222523,0.280853222523,-0.302531684256,-0.00302531684256,107.176791673,1.07176791673,1.52513855528,96,96,1,96,96,96,96,0,309.343653664,243.297421046,1,1,1,1,79.1320171429,22.1313428571,-5.12695445431,27.125,28.4166666667,40,2026-02-02,2026-02-02,1,True
2026-02-03,6.92734783159,0.0692734783159,65.4643929433,0.654643929433,4.18043917659,0.0418043917659,2.63772052042,0.0263772052042,26.6023099808,0.266023099808,-0.874650668,-0.00874650668,104.937559785,1.04937559785,1.7985701633,96,96,1,96,96,96,96,0,360.172857993,290.836131078,1,1,1,1,75.9202114286,26.1092457143,-4.96448719287,26.0416666667,28.75,40,2026-02-03,2026-02-03,1,True
2026-02-04,12.355005585,0.12355005585,65.4759568204,0.654759568204,4.41477723258,0.0441477723258,2.54857114818,0.0254857114818,15.4673313192,0.154673313192,7.41595427943,0.0741595427943,107.677596385,1.07677596385,1.21781914533,96,96,1,96,88,96,96,0,244.143799334,196.698389178,1,0.916666666667,1,1,40.4684628571,122.450354286,1.43902005302,28.4166666667,28.4166666667,40,2026-02-04,2026-02-04,1,True
2026-02-05,3.80041287894,0.0380041287894,65.4849537719,0.654849537719,4.56416779538,0.0456416779538,2.39106648607,0.0239106648607,45.3132911607,0.453132911607,2.17800185581,0.0217800185581,123.731893949,1.23731893949,1.17813701079,96,96,1,96,88,96,96,0,211.2409359,211.404649828,1,0.916666666667,1,1,115.018325714,64.6737942857,-2.09086739585,28.4166666667,26.9583333333,40,2026-02-05,2026-02-05,1,True
2026-02-06,1.61611893469,0.0161611893469,65.482382962,0.65482382962,4.43644911179,0.0443644911179,2.49752478163,0.0249752478163,19.6522054874,0.196522054874,2.60580148907,0.0260580148907,96.2904827666,0.962904827666,0.974934836303,96,96,1,96,92,96,96,0,194.015514102,158.683686647,1,0.958333333333,1,1,72.7499485714,56.1882971429,-2.16222828683,28.4583333333,29.7083333333,40,2026-02-06,2026-02-06,1,True
2026-02-07,3.01591223211,0.0301591223211,65.5106729768,0.655106729768,4.58608880074,0.0458608880074,2.28540737977,0.0228540737977,19.0456744028,0.190456744028,-1.83183934002,-0.0183183934002,92.6119164523,0.926119164523,1.09982117988,96,96,1,96,96,96,96,0,205.283671154,190.508675512,1,1,1,1,66.7894114286,46.8669714286,-1.4457264851,29.625,28.3333333333,40,2026-02-07,2026-02-07,1,True
2026-02-08,23.8624807714,0.238624807714,65.5106729768,0.655106729768,4.61825304872,0.0461825304872,2.18923079944,0.0218923079944,3.67995467704,0.0367995467704,5.36718254187,0.0536718254187,105.227774815,1.05227774815,1.12463654274,96,96,1,96,96,96,96,0,218.625006955,187.435417069,1,1,1,1,19.5714514286,110.138571429,2.47406375472,29.7083333333,27.125,40,2026-02-08,2026-02-08,1,True
2026-02-09,5.22503944458,0.0522503944458,65.5106729768,0.655106729768,3.87391944701,0.0387391944701,1.95743966381,0.0195743966381,23.9542850566,0.239542850566,4.27246643276,0.0427246643276,104.793823022,1.04793823022,1.66225435001,96,96,1,96,80,96,96,0,329.326162637,271.796976668,1,0.833333333333,1,1,78.1366514286,72.7073314286,-2.62327108202,24.5416666667,24.2916666667,40,2026-02-09,2026-02-09,1,True
2026-02-10,-7.6786087471,-0.076786087471,65.4965249146,0.654965249146,4.4860230887,0.044860230887,2.23496092983,0.0223496092983,45.4264793141,0.454264793141,-0.393274341703,-0.00393274341703,109.572105158,1.09572105158,1.53644411348,96,96,1,96,96,96,96,0,301.670541417,253.536344129,1,1,1,1,161.78784,43.14944,-6.94885822034,27.0416666667,27.8333333333,40,2026-02-10,2026-02-10,1,True
2026-02-11,5.04159441844,0.0504159441844,65.5274012964,0.655274012964,4.66360832842,0.0466360832842,2.20274012964,0.0220274012964,21.8141713581,0.218141713581,7.93989187816,0.0793989187816,107.189407409,1.07189407409,1.53318419121,96,96,1,96,92,96,96,0,295.013946898,258.090799476,1,0.958333333333,1,1,78.8433142857,52.6267714286,-2.6308204283,27.7083333333,28.0833333333,40,2026-02-11,2026-02-11,1,True
2026-02-12,14.0364601691,0.140364601691,65.5222532113,0.655222532113,4.7199591468,0.047199591468,2.26623914837,0.0226623914837,20.6553459059,0.206553459059,14.5579783089,0.145579783089,121.75823589,1.2175823589,1.3429127977,96,96,1,96,92,96,96,0,271.836471739,214.690328917,1,0.958333333333,1,1,48.4501314286,139.377834286,1.40756500144,28.3333333333,29.0833333333,40,2026-02-12,2026-02-12,1,True
2026-02-13,17.7900084405,0.177900084405,65.4965249146,0.654965249146,4.07673067106,0.0407673067106,2.24348765069,0.0224348765069,4.51801251459,0.0451801251459,-1.21680084405,-0.0121680084405,92.9079633474,0.929079633474,1.54314249785,96,96,1,96,92,96,96,0,295.126543725,261.29368868,1,0.958333333333,1,1,24.2405714286,70.5593314286,0.520246039776,24.1666666667,29.625,40,2026-02-13,2026-02-13,1,True
2026-02-14,22.7909139778,0.227909139778,65.4849537719,0.654849537719,4.05611173272,0.0405611173272,1.49695738374,0.0149695738374,5.62280200963,0.0562280200963,0.0477046146634,0.000477046146634,99.4994434904,0.994994434904,1.39564026229,96,96,1,96,84,96,96,0,307.968169864,201.571795896,1,0.875,1,1,31.2338285714,62.3058971429,-3.13851272484,24.5416666667,21.875,40,2026-02-14,2026-02-14,1,True
2026-02-15,21.3622279164,0.213622279164,65.4849537719,0.654849537719,2.79883791689,0.0279883791689,1.27926506095,0.0127926506095,10.5074426385,0.105074426385,2.34875139672,0.0234875139672,103.781478701,1.03781478701,2.66271004931,96,96,1,96,68,96,96,0,483.549345386,472.613402396,1,0.708333333333,1,1,66.2067142857,39.2902971429,-1.57718167218,17,17.6666666667,40,2026-02-15,2026-02-15,1,True
2026-02-16,30.7296644732,0.307296644732,65.0756728108,0.650756728108,3.63959719687,0.0363959719687,1.9162672006,0.019162672006,18.5299567201,0.185299567201,12.3280773041,0.123280773041,132.219235706,1.32219235706,2.09819793856,96,96,1,96,88,96,96,0,435.186459408,326.581338009,1,0.916666666667,1,1,59.7126685714,134.607491429,-1.40459577259,21.8333333333,26.5416666667,39.75,2026-02-16,2026-02-16,1,True
2026-02-17,-4.777659395,-0.04777659395,65.4721017408,0.654721017408,4.30536965439,0.0430536965439,1.61077071026,0.0161077071026,31.8331799529,0.318331799529,3.28215618899,0.0328215618899,101.725918852,1.01725918852,1.53622520757,96,96,1,96,88,96,96,0,309.149303848,247.133817971,1,0.916666666667,1,1,116.51784,24.1496742857,-6.43265214963,25.8333333333,24.2083333333,40,2026-02-17,2026-02-17,1,True
2026-02-18,31.671419335,0.31671419335,65.456685961,0.65456685961,3.85491219464,0.0385491219464,1.27611105661,0.0127611105661,31.5208539308,0.315208539308,7.60392424571,0.0760392424571,141.383906724,1.41383906724,2.35947040378,96,96,1,96,92,96,96,0,428.382539988,418.873615886,1,0.958333333333,1,1,112.690314286,75.82848,-1.93211493283,23.25,20.5833333333,40,2026-02-18,2026-02-18,1,True
2026-02-19,21.1758759983,0.211758759983,65.4875247836,0.654875247836,3.9119844526,0.039119844526,1.52842700379,0.0152842700379,13.5032593296,0.135032593296,1.11553995724,0.0111553995724,106.722611525,1.06722611525,1.57919345756,96,96,1,96,84,96,96,0,308.972633002,261.514436573,1,0.875,1,1,38.9290914286,77.8528685714,-0.355600803592,23.25,25.8333333333,40,2026-02-19,2026-02-19,1,True
2026-02-20,17.4595718089,0.174595718089,65.4682471152,0.654682471152,3.65568137216,0.0365568137216,1.14188123087,0.0114188123087,6.10959339524,0.0610959339524,4.64788055484,0.0464788055484,98.4828554771,0.984828554771,1.81570749181,96,96,1,96,80,96,96,0,386.263476277,274.428914965,1,0.833333333333,1,1,29.1872228571,114.871062857,-1.08961338798,21.7916666667,20.5833333333,40,2026-02-20,2026-02-20,1,True
2026-02-21,5.61667613659,0.0561667613659,65.4451288892,0.654451288892,4.96994938596,0.0496994938596,1.11409934476,0.0111409934476,26.0003167742,0.260003167742,0.0550150099132,0.000550150099132,103.201185541,1.03201185541,1.71934384118,96,96,1,96,92,96,96,0,305.377001916,310.975585777,1,0.958333333333,1,1,111.331097143,50.7529028571,-2.29081710102,29.7083333333,21.5,40,2026-02-21,2026-02-21,1,True
2026-02-22,16.1610986769,0.161610986769,65.4451288892,0.654451288892,4.47356691647,0.0447356691647,1.38617922863,0.0138617922863,8.24386290522,0.0824386290522,7.34637550616,0.0734637550616,103.056212123,1.03056212123,1.66002312131,96,96,1,96,88,96,96,0,324.787132429,274.899828888,1,0.916666666667,1,1,41.4180514286,109.56124,0.760661876261,26.9583333333,26.75,40,2026-02-22,2026-02-22,1,True
2026-02-23,36.8891113867,0.368891113867,65.4451288892,0.654451288892,3.88374857771,0.0388374857771,1.26173539451,0.0126173539451,1.38468137755,0.0138468137755,18.2461351224,0.182461351224,127.110540748,1.27110540748,1.94248792847,96,96,1,96,92,96,96,0,380.051986005,321.676000955,1,0.958333333333,1,1,9.45204571429,151.342885714,3.4797856229,23.1666666667,24.5416666667,40,2026-02-23,2026-02-23,1,True
2026-02-24,-3.99706317399,-0.0399706317399,65.4528331502,0.654528331502,4.81521935332,0.0481521935332,1.25414770052,0.0125414770052,13.0661545425,0.130661545425,-2.16319602091,-0.0216319602091,78.4280955516,0.784280955516,1.45947167014,96,96,1,96,96,96,96,0,341.334826285,194.471220182,1,1,1,1,71.7516285714,58.1971657143,-6.6840862067,29.5,26.875,40,2026-02-24,2026-02-24,1,True
2026-02-25,38.1838190965,0.381838190965,65.4708168152,0.654708168152,3.25837029478,0.0325837029478,0.945562664364,0.00945562664364,9.56415619605,0.0956415619605,8.88457511486,0.0888457511486,126.307300182,1.26307300182,2.3979526987,96,96,1,96,92,96,96,0,413.378637183,444.318255298,1,0.958333333333,1,1,47.2880171429,95.73544,3.30779337384,19.7916666667,23.25,40,2026-02-25,2026-02-25,1,True
2026-02-26,16.6462573797,0.166462573797,65.4721017408,0.654721017408,4.20905932919,0.0420905932919,0.97508095696,0.0097508095696,9.99374674027,0.0999374674027,5.02006252612,0.0502006252612,102.316308673,1.02316308673,1.67785224518,96,96,1,96,84,96,96,0,328.275439275,277.852331802,1,0.875,1,1,45.64812,74.21656,-0.910611144693,25.8333333333,27.0416666667,40,2026-02-26,2026-02-26,1,True
2026-02-27,22.7420108102,0.227420108102,65.4695319399,0.654695319399,3.37183004612,0.0337183004612,0.859633009518,0.00859633009518,10.3197062767,0.103197062767,31.6312864888,0.316312864888,134.393998571,1.34393998571,1.93228226824,96,96,1,96,84,96,96,0,378.055226394,319.98594362,1,0.875,1,1,50.80176,107.261525714,-0.0670632108278,21.6666666667,27.0416666667,40,2026-02-27,2026-02-27,1,True
2026-02-28,7.76608361691,0.0776608361691,65.4721017408,0.654721017408,4.59539575687,0.0459539575687,1.01096500697,0.0101096500697,21.9096810466,0.219096810466,19.4845099562,0.194845099562,120.238737124,1.20238737124,1.37306503478,96,96,1,96,92,96,96,0,268.643158978,227.379569759,1,0.958333333333,1,1,100.584371429,43.35316,-4.10395002699,29.7083333333,27.5,40,2026-02-28,2026-02-28,1,True
2026-03-01,8.16020829021,0.0816020829021,65.4039016348,0.654039016348,3.40092830648,0.0340092830648,0.758581437796,0.00758581437796,23.9703984446,0.239703984446,6.53716772392,0.0653716772392,108.231185838,1.08231185838,1.52254532169,96,96,1,96,84,96,96,0,297.889302069,252.133505271,1,0.875,1,1,101.684142857,20.1139657143,-5.30524891419,21.875,21.0416666667,39.9583333333,2026-03-01,2026-03-01,1,True
2026-03-02,28.8541147982,0.288541147982,65.4721017408,0.654721017408,2.88545326085,0.0288545326085,0.627030793084,0.00627030793084,16.6730542772,0.166730542772,10.0727931412,0.100727931412,124.584548011,1.24584548011,2.03211663262,96,96,1,96,84,96,96,0,397.902465388,336.252382019,1,0.875,1,1,51.5911428571,48.67664,-2.69019109277,18.75,18.2916666667,40,2026-03-02,2026-03-02,1,True
2026-03-03,40.151564235,0.40151564235,65.4476967747,0.654476967747,2.48275523817,0.0248275523817,0.766204975281,0.00766204975281,5.21408511861,0.0521408511861,15.442377149,0.15442377149,129.504683491,1.29504683491,2.02679814331,96,96,1,96,88,96,96,0,396.23303425,335.903904875,1,0.916666666667,1,1,21.986,115.94,1.40103627603,16.25,21.875,40,2026-03-03,2026-03-03,1,True
2026-03-04,55.0250764249,0.550250764249,62.6414742747,0.626414742747,2.48833683137,0.0248833683137,1.15408289363,0.0115408289363,3.24433295555,0.0324433295555,4.7361359853,0.047361359853,129.289439365,1.29289439365,1.94861910199,96,96,1,96,80,96,96,0,381.251563433,322.69132329,1,0.833333333333,1,1,16.753,60.3644742857,-0.622865244066,15.75,19.625,38.2916666667,2026-03-04,2026-03-04,1,True
2026-03-05,43.6028463778,0.436028463778,65.4643929433,0.654643929433,2.65473223572,0.0265473223572,1.80925842344,0.0180925842344,3.86707123522,0.0386707123522,19.1548491532,0.191548491532,136.553150369,1.36553150369,2.09389526372,96,96,1,96,80,96,96,0,409.675160292,346.749055672,1,0.833333333333,1,1,15.3678571429,120.313622857,1.75081921222,16.6666666667,20.5833333333,40,2026-03-05,2026-03-05,1,True
2026-03-06,28.364539416,0.28364539416,65.4926674127,0.654926674127,2.14961619255,0.0214961619255,2.02244930012,0.0202244930012,4.34880335984,0.0434880335984,1.92860486427,0.0192860486427,104.306680545,1.04306680545,1.60575767198,96,96,1,96,68,96,96,0,314.1699793,265.913470479,1,0.708333333333,1,1,20.4201428571,46.0452857143,-0.942973581805,13.5416666667,17.7083333333,40,2026-03-06,2026-03-06,1,True
2026-03-07,24.0352341409,0.240352341409,65.4875247836,0.654875247836,3.26966883257,0.0326966883257,3.16164778862,0.0316164778862,10.9132411268,0.109132411268,9.09820577351,0.0909820577351,115.965522446,1.15965522446,1.40538282032,96,96,1,96,96,96,96,0,274.966203976,232.731395045,1,1,1,1,48.3360914286,79.6514285714,-0.45497799116,20.875,25,40,2026-03-07,2026-03-07,1,True
2026-03-08,19.4472693179,0.194472693179,65.4193086119,0.654193086119,3.47779784457,0.0347779784457,2.8650301329,0.028650301329,16.1597451311,0.161597451311,17.0224219581,0.170224219581,124.391572997,1.24391572997,1.2856674367,96,96,1,96,88,96,96,0,251.543628919,212.906527517,1,0.916666666667,1,1,46.4027142857,72.314,-0.530242320322,21.875,22.9166666667,39.9583333333,2026-03-08,2026-03-08,1,True
2026-03-09,48.2297220338,0.482297220338,62.7588779176,0.627588779176,2.49548497281,0.0249548497281,2.60207887556,0.0260207887556,3.41653465109,0.0341653465109,33.5314715384,0.335314715384,153.034169989,1.53034169989,2.16131544423,96,96,1,96,84,96,96,0,422.866065176,357.913837565,1,0.875,1,1,15.063,114.027142857,1.41716313525,15.625,20.8333333333,38.3333333333,2026-03-09,2026-03-09,1,True
2026-03-10,21.6884755275,0.216884755275,64.2117342435,0.642117342435,3.436022676,0.03436022676,3.03561270327,0.0303561270327,29.648896998,0.29648896998,5.80665066487,0.0580665066487,127.827392813,1.27827392813,1.63526782786,96,96,1,96,92,96,96,0,319.943705451,270.800352293,1,0.958333333333,1,1,78.4118571429,51.0454285714,-3.18790757203,21.875,23.9583333333,39.25,2026-03-10,2026-03-10,1,True
2026-03-11,35.5228959848,0.355228959848,65.4695319399,0.654695319399,2.88985379256,0.0288985379256,3.10494554018,0.0310494554018,8.10391082504,0.0810391082504,6.89627158044,0.0689627158044,121.987409663,1.21987409663,1.64549551609,96,96,1,96,92,96,96,0,321.944774887,272.494057465,1,0.958333333333,1,1,35.5398571429,84.5492857143,-0.0183870354692,18.75,23.9583333333,40,2026-03-11,2026-03-11,1,True
2026-03-12,32.95562561,0.3295562561,65.4926674127,0.654926674127,2.63266387891,0.0263266387891,2.39845888058,0.0239845888058,16.7490959923,0.167490959923,3.17839806787,0.0317839806787,123.406909842,1.23406909842,1.9326109192,96,96,1,96,88,96,96,0,378.119527669,320.040368219,1,0.916666666667,1,1,53.2037142857,59.18136,-2.17089640566,16.6666666667,19.8333333333,40,2026-03-12,2026-03-12,1,True
2026-03-13,33.7494001752,0.337494001752,65.4231614904,0.654231614904,2.82995995131,0.0282995995131,2.62721347521,0.0262721347521,4.36510048706,0.0436510048706,8.45835914919,0.0845835914919,117.453194728,1.17453194728,1.95433868653,96,96,1,96,88,96,96,0,382.370612583,323.63848649,1,0.916666666667,1,1,23.5255714286,78.6482857143,-0.150392158623,18.75,22.9166666667,39.9583333333,2026-03-13,2026-03-13,1,True
2026-03-14,20.0800037038,0.200800037038,65.479812354,0.65479812354,2.9355506703,0.029355506703,2.09291027931,0.0209291027931,18.938952943,0.18938952943,0.0250112650962,0.000250112650962,109.552241216,1.09552241216,1.24801788357,96,96,1,96,80,96,96,0,244.177412003,206.671761519,1,0.833333333333,1,1,51.6692857143,35.6971428571,-2.2282413892,18.75,18.75,40,2026-03-14,2026-03-14,1,True
2026-03-15,21.9762700015,0.219762700015,65.479812354,0.65479812354,3.20476573694,0.0320476573694,2.33031385558,0.0233031385558,16.2374249795,0.162374249795,2.4002998508,0.024002998508,111.628886778,1.11628886778,1.50640540751,96,96,1,96,84,96,96,0,294.731492774,249.460735484,1,0.875,1,1,67.0322457143,82.0691428571,-1.2597441728,20.7083333333,20.8333333333,40,2026-03-15,2026-03-15,1,True
2026-03-16,35.2669030928,0.352669030928,65.479812354,0.65479812354,2.58883545645,0.0258883545645,2.20876597248,0.0220876597248,4.60454988915,0.0460454988915,5.48538558721,0.0548538558721,115.634252352,1.15634252352,1.99347558556,96,96,1,96,80,96,96,0,390.027831957,330.119556968,1,0.833333333333,1,1,19.4912628571,80.9527142857,0.0647156850011,17,19.7916666667,40,2026-03-16,2026-03-16,1,True
2026-03-17,20.3692659821,0.203692659821,65.4772419478,0.654772419478,2.92890930146,0.0292890930146,2.42212801036,0.0242212801036,8.83299309564,0.0883299309564,4.25234817364,0.0425234817364,104.282886511,1.04282886511,2.10763432124,96,96,1,96,80,96,96,0,419.838522478,342.697161768,1,0.833333333333,1,1,28.1638571429,90.6062857143,-0.612455505766,18.75,20.8333333333,40,2026-03-17,2026-03-17,1,True
2026-03-18,25.4221759678,0.254221759678,65.4926674127,0.654926674127,3.02368612207,0.0302368612207,2.30274653003,0.0230274653003,29.6029399263,0.296029399263,6.48844837623,0.0648844837623,132.332664335,1.32332664335,1.89964085786,96,96,1,96,88,96,96,0,364.19357778,320.90760789,1,0.916666666667,1,1,66.8727142857,78.1584285714,-1.33334398351,18.75,20.8333333333,40,2026-03-18,2026-03-18,1,True
2026-03-19,12.4740123967,0.124740123967,65.4888103651,0.654888103651,2.56625441696,0.0256625441696,1.463535532,0.01463535532,38.1614443113,0.381614443113,0.0824344185316,0.000824344185316,120.236491441,1.20236491441,1.60591522774,96,96,1,96,68,96,96,0,314.200805427,265.939561713,1,0.708333333333,1,1,111.657142857,16.9531428571,-5.95688515473,16.6666666667,14.5833333333,40,2026-03-19,2026-03-19,1,True
2026-03-20,10.4063418112,0.104063418112,65.4643929433,0.654643929433,2.78905590769,0.0278905590769,1.96592751035,0.0196592751035,42.7116982139,0.427116982139,0.298561616445,0.00298561616445,123.635978003,1.23635978003,1.6473060375,96,96,1,96,80,96,96,0,322.611163833,272.529670554,1,0.833333333333,1,1,95.8385714286,33.9852285714,-4.66395150567,18.75,18.9166666667,40,2026-03-20,2026-03-20,1,True
2026-03-21,27.8360063261,0.278360063261,65.4746717434,0.654746717434,2.54028380208,0.0254028380208,1.60507153932,0.0160507153932,4.08748113936,0.0408748113936,0.680315829579,0.00680315829579,102.22383038,1.0222383038,1.54884945725,96,96,1,96,84,96,96,0,302.72360688,256.753679377,1,0.875,1,1,15.9148571429,55.4557142857,-0.267877931648,16.6666666667,16.6666666667,40,2026-03-21,2026-03-21,1,True
2026-03-22,31.4398993405,0.314398993405,65.4746717434,0.654746717434,3.23929854174,0.0323929854174,2.63316716061,0.0263316716061,1.8180276065,0.018180276065,5.97165539381,0.0597165539381,110.576719787,1.10576719787,1.29117179964,96,96,1,96,96,96,96,0,252.620569496,213.818050021,1,1,1,1,11.9712857143,88.7091428571,1.58063906951,22.3333333333,23.9583333333,40,2026-03-22,2026-03-22,1,True
2026-03-23,22.8652333403,0.228652333403,65.4746717434,0.654746717434,2.86548841043,0.0286548841043,2.15097642833,0.0215097642833,21.1512944711,0.211512944711,1.22219820286,0.0122219820286,115.729862596,1.15729862596,1.98329591658,96,96,1,96,88,96,96,0,388.184722269,328.308058643,1,0.916666666667,1,1,49.5775714286,53.4801714286,-2.33225265109,18.25,20.1666666667,40,2026-03-23,2026-03-23,1,True
2026-03-24,28.7520239185,0.287520239185,65.4258761694,0.654258761694,2.38379846634,0.0238379846634,1.65021867462,0.0165021867462,11.0895713622,0.110895713622,1.27259014905,0.0127259014905,110.57407874,1.1057407874,1.76138420847,96,96,1,96,72,96,96,0,344.470084805,291.810970065,1,0.75,1,1,27.223,53.2792571429,-1.1084523999,15.625,16.875,40,2026-03-24,2026-03-24,1,True
2026-03-25,34.4222006085,0.344222006085,62.869392881,0.62869392881,2.6023311487,0.026023311487,2.09077351752,0.0209077351752,23.7658266984,0.237658266984,3.74423703981,0.0374423703981,129.494761894,1.29494761894,2.06858163605,96,96,1,96,92,96,96,0,404.722494009,342.557118929,1,0.958333333333,1,1,48.2324285714,98.1602857143,-0.509896580705,17.7083333333,21.875,38.4166666667,2026-03-25,2026-03-25,1,True
2026-03-26,30.5822112372,0.305822112372,62.745328937,0.62745328937,2.84458902496,0.0284458902496,1.68258753336,0.0168258753336,16.5212796071,0.165212796071,-0.423222436468,-0.00423222436468,113.952773903,1.13952773903,2.15801153391,96,96,1,96,80,96,96,0,422.219647939,357.366710015,1,0.833333333333,1,1,31.628,47.5264685714,-2.03976955633,18.75,18.4166666667,38.3333333333,2026-03-26,2026-03-26,1,True
2026-03-27,0.401885345668,0.00401885345668,65.4721017408,0.654721017408,2.87681785175,0.0287681785175,1.62277000373,0.0162277000373,16.1771067147,0.161771067147,-0.0574158482467,-0.000574158482467,86.4932658084,0.864932658084,1.16013693419,96,96,1,96,76,96,96,0,227.447027497,191.72618853,1,0.791666666667,1,1,60.6267142857,20.4085714286,-3.16412424265,19.7916666667,17.7083333333,40,2026-03-27,2026-03-27,1,True
2026-03-28,22.2236742537,0.222236742537,65.4233099959,0.654233099959,2.85035594517,0.0285035594517,1.83858131827,0.0183858131827,8.25098969017,0.0825098969017,1.83304571198,0.0183304571198,102.419956915,1.02419956915,1.13983335994,96,96,1,96,84,96,96,0,222.547160485,189.148892178,1,0.875,1,1,37.2155714286,51.9595714286,-0.777261179488,19.7916666667,21.125,40,2026-03-28,2026-03-28,1,True
2026-03-29,19.6424889916,0.196424889916,62.6973387461,0.626973387461,2.93634955188,0.0293634955188,1.42645761017,0.0142645761017,8.65369652396,0.0865369652396,3.78750305424,0.0378750305424,99.1438344779,0.991438344779,1.50895842261,92,92,1,92,88,92,92,0,301.783924299,244.337116041,1,0.95652173913,1,1,47.9128114286,73.9952685714,-1.36366743979,22.7391304348,17.3913043478,40,2026-03-29,2026-03-29,1,True
2026-03-30,30.2354122189,0.302354122189,65.4233099959,0.654233099959,2.45681198643,0.0245681198643,1.69858406385,0.0169858406385,8.00353381723,0.0800353381723,2.51630864878,0.0251630864878,110.333960731,1.10333960731,1.96863055888,96,96,1,96,80,96,96,0,378.613919905,331.551619293,1,0.833333333333,1,1,33.8880457143,68.5111428571,-0.518300144532,17,17.7083333333,40,2026-03-30,2026-03-30,1,True
2026-03-31,24.9121719106,0.249121719106,64.5928533605,0.645928533605,3.32468767773,0.0332468767773,2.07723038302,0.0207723038302,4.73138895538,0.0473138895538,1.08350473297,0.0108350473297,100.72183702,1.0072183702,1.9384289907,96,96,1,96,92,96,96,0,379.257846007,321.00384086,1,0.958333333333,1,1,18.953,83.00752,0.24168811889,20.8333333333,21.5416666667,39.9583333333,2026-03-31,2026-03-31,1,True
2026-04-01,23.5317838412,0.235317838412,59.3080724876,0.593080724876,2.56661959677,0.0256661959677,2.50911979289,0.0250911979289,4.33620518689,0.0433620518689,10.9243387322,0.109243387322,103.176139638,1.03176139638,1.77422759845,96,96,1,96,80,96,96,0,350.583200939,290.890559332,1,0.833333333333,1,1,13.0828114286,71.8672857143,-0.0378403050589,15.75,20.8333333333,40,2026-04-01,2026-04-01,1,True
2026-04-02,9.67468612192,0.0967468612192,59.3115622242,0.593115622242,2.74811218986,0.0274811218986,2.85422182995,0.0285422182995,20.45340837,0.2045340837,3.36194017829,0.0336194017829,98.4039309142,0.984039309142,1.73384476011,96,96,1,96,80,96,96,0,335.78260956,290.042983817,1,0.833333333333,1,1,52.2944285714,45.3415714286,-2.19552012023,16.6666666667,20.8333333333,40,2026-04-02,2026-04-02,1,True
2026-04-03,19.6638315236,0.196638315236,59.310398933,0.59310398933,3.09398658455,0.0309398658455,3.71729494371,0.0371729494371,3.06680287774,0.0306680287774,9.58068620089,0.0958068620089,98.4330010636,0.984330010636,1.65136135022,96,96,1,96,88,96,96,0,323.088610785,273.468679025,1,0.916666666667,1,1,15.7708571429,67.2701428571,0.0783064147877,18.75,22.9166666667,40,2026-04-03,2026-04-03,1,True
2026-04-04,21.2869813605,0.212869813605,59.3197065401,0.593197065401,3.19073914238,0.0319073914238,3.55491976931,0.0355491976931,7.41136354447,0.0741136354447,2.6944325468,0.026944325468,97.4581429036,0.974581429036,1.57669766758,96,96,1,96,80,96,96,0,308.484326265,261.101133751,1,0.833333333333,1,1,24.6522857143,56.2271885714,-0.658678735718,18.75,20.5416666667,40,2026-04-04,2026-04-04,1,True
2026-04-05,34.404584287,0.34404584287,59.3197065401,0.593197065401,2.7780670093,0.027780670093,2.45115540037,0.0245115540037,1.10129377624,0.0110129377624,19.5778921936,0.195778921936,119.632699207,1.19632699207,2.28231301348,96,96,1,96,72,96,96,0,446.539502638,377.951035033,1,0.75,1,1,7.90112571429,71.5727142857,-0.204869959739,16.3333333333,15.625,40,2026-04-05,2026-04-05,1,True
2026-04-06,38.5077992112,0.385077992112,59.3197065401,0.593197065401,2.00715602809,0.0200715602809,2.67664482718,0.0267664482718,6.76165810754,0.0676165810754,27.3588166543,0.273588166543,136.631781368,1.36631781368,2.16632597575,96,96,1,96,56,96,96,0,423.846386559,358.743581584,1,0.583333333333,1,1,13.3303028571,90.0761428571,0.485126459355,11.9166666667,14.5833333333,40,2026-04-06,2026-04-06,1,True
2026-04-07,30.5035541245,0.305035541245,59.3394949079,0.593394949079,2.90378917211,0.0290378917211,3.95542669885,0.0395542669885,17.4306249715,0.174306249715,5.41714740995,0.0541714740995,119.550037285,1.19550037285,1.72689188552,96,96,1,96,72,96,96,0,337.870151514,285.973296242,1,0.75,1,1,48.275,98.7421428571,-0.0595713506425,16.6666666667,18.75,40,2026-04-07,2026-04-07,1,True
2026-04-08,27.2424234718,0.272424234718,59.2753566313,0.592753566313,2.97451091969,0.0297451091969,3.94026058121,0.0394026058121,21.1538230287,0.211538230287,26.5912940814,0.265912940814,141.177668714,1.41177668714,1.75500839287,96,96,1,96,76,96,96,0,343.371207301,290.62938986,1,0.791666666667,1,1,43.2311428571,107.961571429,0.499525463749,16.6666666667,19.7916666667,39.9583333333,2026-04-08,2026-04-08,1,True
2026-04-09,34.2770891838,0.342770891838,59.3534711182,0.593534711182,3.69516575399,0.0369516575399,4.26207383854,0.0426207383854,6.03354922906,0.0603354922906,14.7091496145,0.147091496145,122.330498738,1.22330498738,1.7353568726,96,96,1,96,92,96,96,0,339.526344638,287.375098102,1,0.958333333333,1,1,25.5622857143,84.5119714286,0.283268299076,20.8333333333,23.7916666667,40,2026-04-09,2026-04-09,1,True
2026-04-10,30.7094968447,0.307094968447,59.3674539137,0.593674539137,3.85711761588,0.0385711761588,3.80749749691,0.0380749749691,4.42607857471,0.0442607857471,6.85834198632,0.0685834198632,109.025986432,1.09025986432,1.30120049768,96,96,1,96,92,96,96,0,254.582706067,215.478802415,1,0.958333333333,1,1,22.6588571429,63.4177142857,0.0689563954566,21.875,21.875,40,2026-04-10,2026-04-10,1,True
2026-04-11,15.0323459205,0.150323459205,59.3674539137,0.593674539137,3.85112982704,0.0385112982704,4.03547519485,0.0403547519485,21.8453467256,0.218453467256,0.173188236898,0.00173188236898,104.304939819,1.04304939819,1.21021437818,96,96,1,96,88,96,96,0,236.781073992,200.411501027,1,0.916666666667,1,1,76.5787142857,18.5862857143,-3.93175006403,21.875,22.9166666667,40,2026-04-11,2026-04-11,1,True
2026-04-12,19.579848529,0.19579848529,59.3674539137,0.593674539137,3.98511887233,0.0398511887233,4.01147495926,0.0401147495926,10.9806111796,0.109806111796,20.8813990352,0.208813990352,118.805906489,1.18805906489,1.30396747342,96,96,1,96,92,96,96,0,255.124070886,215.937013598,1,0.958333333333,1,1,44.1827428571,58.3067142857,-1.04429524415,22.2916666667,22.9166666667,40,2026-04-12,2026-04-12,1,True
2026-04-13,23.4331249902,0.234331249902,59.3056128158,0.593056128158,3.24224041463,0.0324224041463,3.54305122013,0.0354305122013,6.6094501004,0.066094501004,5.00129073832,0.0500129073832,101.134770279,1.01134770279,1.70954323224,96,96,1,96,80,96,96,0,334.475849786,283.100359259,1,0.833333333333,1,1,40.4380171429,28.50848,-2.63770948625,18.4583333333,19.9166666667,39.9583333333,2026-04-13,2026-04-13,1,True
2026-04-14,27.2676845392,0.272676845392,59.3056128158,0.593056128158,3.29721027936,0.0329721027936,4.3417358698,0.043417358698,1.30267431337,0.0130267431337,20.2432173843,0.202432173843,115.758135202,1.15758135202,1.7696157834,96,96,1,96,92,96,96,0,346.229175013,293.048373731,1,0.958333333333,1,1,6.89442857143,118.992857143,2.45490113706,18.6666666667,23.9583333333,39.9583333333,2026-04-14,2026-04-14,1,True
2026-04-15,27.2503345527,0.272503345527,59.3872741555,0.593872741555,3.31186174391,0.0331186174391,3.72054202671,0.0372054202671,16.8854864928,0.168854864928,11.6631895379,0.116631895379,122.21868851,1.2221868851,1.84909876601,96,96,1,96,88,96,96,0,363.29919335,304.925074051,1,0.916666666667,1,1,47.7112857143,100.153857143,-0.247147827916,18.75,20.8333333333,40,2026-04-15,2026-04-15,1,True
2026-04-16,36.0133100181,0.360133100181,59.3942726951,0.593942726951,3.30827473779,0.0330827473779,3.693434026,0.03693434026,2.92662624122,0.0292662624122,36.1602309863,0.361602309863,141.496148705,1.41496148705,1.78561462278,96,96,1,96,88,96,96,0,347.840382718,296.983463132,1,0.916666666667,1,1,16.0691428571,138.024857143,2.96244977918,18.75,20.8333333333,40,2026-04-16,2026-04-16,1,True
2026-04-17,26.6049557773,0.266049557773,59.3896068188,0.593896068188,3.63010133941,0.0363010133941,4.23705762206,0.0423705762206,4.36814428195,0.0436814428195,8.28040908284,0.0828040908284,106.510274922,1.06510274922,1.70458911484,96,96,1,96,92,96,96,0,333.506565947,282.279957418,1,0.958333333333,1,1,22.1815714286,101.588714286,1.17418893032,20.8333333333,23.9583333333,40,2026-04-17,2026-04-17,1,True
2026-04-18,18.4867280544,0.184867280544,59.3092356875,0.593092356875,3.47971051444,0.0347971051444,3.43911193049,0.0343911193049,16.0699928139,0.160699928139,12.8712181735,0.128712181735,113.655997174,1.13655997174,1.35462786521,96,96,1,96,76,96,96,0,265.035886671,224.326374479,1,0.791666666667,1,1,40.9754285714,63.2514285714,-0.76806300803,19.7916666667,19.7916666667,40,2026-04-18,2026-04-18,1,True
2026-04-19,23.386207164,0.23386207164,59.3092356875,0.593092356875,4.01697883774,0.0401697883774,4.17954576657,0.0417954576657,2.8402495884,0.028402495884,7.06150610542,0.0706150610542,100.79372315,1.0079372315,1.19402684254,96,96,1,96,92,96,96,0,233.613947454,197.730845125,1,0.958333333333,1,1,16.33128,106.528285714,2.26307930772,22.875,23.9583333333,40,2026-04-19,2026-04-19,1,True
2026-04-20,22.2912752698,0.222912752698,59.3092356875,0.593092356875,3.28382725008,0.0328382725008,3.56277090239,0.0356277090239,16.5716247575,0.165716247575,17.7542422662,0.177542422662,122.772976134,1.22772976134,1.88396763227,96,96,1,96,76,96,96,0,368.602362836,311.985039904,1,0.791666666667,1,1,38.1274285714,106.586142857,0.493391306422,18.75,19.7916666667,40,2026-04-20,2026-04-20,1,True
2026-04-21,18.2063098147,0.182063098147,59.3069093334,0.593069093334,2.78948008394,0.0278948008394,2.99603836122,0.0299603836122,24.9699959364,0.249699959364,-0.340182186623,-0.00340182186623,107.928551343,1.07928551343,1.87844892922,96,96,1,96,72,96,96,0,367.522616587,311.071142679,1,0.75,1,1,68.29228,20.2238685714,-4.35499522235,16.0416666667,17.5416666667,40,2026-04-21,2026-04-21,1,True
2026-04-22,28.9234951213,0.289234951213,58.2578253707,0.582578253707,2.57734957245,0.0257734957245,2.89180787636,0.0289180787636,15.9681703329,0.159681703329,1.03444396951,0.0103444396951,109.653092243,1.09653092243,2.16732451184,96,96,1,96,72,96,96,0,424.041752316,358.908939161,1,0.75,1,1,55.1795542857,16.4992857143,-4.32554507197,14.875,16.6666666667,39.2916666667,2026-04-22,2026-04-22,1,True
2026-04-23,28.7771880029,0.287771880029,59.3511412926,0.593511412926,2.76741378972,0.0276741378972,2.86971796432,0.0286971796432,9.37734131468,0.0937734131468,31.585204196,0.31585204196,134.72800656,1.3472800656,1.68544833782,96,96,1,96,64,96,96,0,329.761631313,279.110244743,1,0.666666666667,1,1,28.8877142857,73.7797142857,-0.239974440401,15.625,16.6666666667,40,2026-04-23,2026-04-23,1,True
2026-04-24,34.0439848371,0.340439848371,58.9496111853,0.589496111853,2.96885554945,0.0296885554945,3.34302097243,0.0334302097243,32.7856983639,0.327856983639,6.01026715411,0.0601026715411,138.101438062,1.38101438062,1.91056153368,96,96,1,96,80,96,96,0,373.805517459,316.388989977,1,0.833333333333,1,1,76.3852,47.8588571429,-3.58095293078,16.875,20.8333333333,39.7083333333,2026-04-24,2026-04-24,1,True
2026-04-25,30.6548763446,0.306548763446,59.3779453346,0.593779453346,3.62678683632,0.0362678683632,3.35267436381,0.0335267436381,12.1510672342,0.121510672342,5.2881901903,0.052881901903,114.451540304,1.14451540304,1.51970475553,96,96,1,96,88,96,96,0,297.333539125,251.663107516,1,0.916666666667,1,1,34.1908571429,52.3435714286,-1.14657155516,20.8333333333,21.875,40,2026-04-25,2026-04-25,1,True
2026-04-26,25.3147328009,0.253147328009,59.3779453346,0.593779453346,3.62364514609,0.0362364514609,3.19396991832,0.0319396991832,34.4943093563,0.344943093563,23.7533226524,0.237533226524,149.757925209,1.49757925209,1.4595981965,96,96,1,96,80,96,96,0,285.573560184,241.70946134,1,0.833333333333,1,1,67.8311428571,62.8994285714,-2.03315888042,20.8333333333,20.8333333333,40,2026-04-26,2026-04-26,1,True
2026-04-27,34.9513660455,0.349513660455,59.3779453346,0.593779453346,2.90645617342,0.0290645617342,3.22357053095,0.0322357053095,8.32480853482,0.0832480853482,32.9479890211,0.329479890211,141.73213564,1.4173213564,1.78496748567,96,96,1,96,80,96,96,0,349.232768935,295.590615627,1,0.833333333333,1,1,29.1147142857,124.683142857,1.74692813596,16.6666666667,20.8333333333,40,2026-04-27,2026-04-27,1,True
2026-04-28,33.3362267561,0.333362267561,57.5853672904,0.575853672904,3.97038898816,0.0397038898816,3.77810395272,0.0377810395272,7.35274613475,0.0735274613475,16.8388066532,0.168388066532,122.861639775,1.22861639775,1.51067989179,96,96,1,96,96,96,96,0,295.567804916,250.168590081,1,1,1,1,27.0911428571,127.371142857,2.28669938187,22.9166666667,25,38.7916666667,2026-04-28,2026-04-28,1,True
2026-04-29,32.334722776,0.32334722776,65.4926674127,0.654926674127,3.13901682471,0.0313901682471,3.38216816852,0.0338216816852,10.7296794993,0.107296794993,7.04030245039,0.0704030245039,122.118557132,1.22118557132,1.69690127217,96,96,1,96,80,96,96,0,332.002422815,281.006850671,1,0.833333333333,1,1,30.4209885714,95.8897142857,0.603048065413,18.1666666667,20.8333333333,40,2026-04-29,2026-04-29,1,True
2026-04-30,28.7018774883,0.287018774883,65.4066347737,0.654066347737,3.24577484119,0.0324577484119,3.17470198416,0.0317470198416,19.5710045635,0.195710045635,13.7513805911,0.137513805911,133.851374242,1.33851374242,1.75467009661,96,96,1,96,80,96,96,0,343.305018901,290.573367998,1,0.833333333333,1,1,76.0111428571,66.2787142857,-2.60266997811,18.75,20.8333333333,40,2026-04-30,2026-04-30,1,True
2026-05-01,35.8237932565,0.358237932565,53.4842561799,0.534842561799,3.28050839217,0.0328050839217,3.03207110489,0.0303207110489,49.6840820921,0.496840820921,5.18192780026,0.0518192780026,150.486638826,1.50486638826,1.59962536694,96,96,1,96,84,96,96,0,312.970180488,264.897960765,1,0.875,1,1,115.041165714,47.0985714286,-4.83395058369,19.2083333333,20.8333333333,35,2026-05-01,2026-05-01,1,True
2026-05-02,23.4595022317,0.234595022317,58.8132329774,0.588132329774,3.73310383725,0.0373310383725,3.53612618395,0.0353612618395,18.5870977656,0.185870977656,1.80517396974,0.0180517396974,109.934236966,1.09934236966,1.35485207344,96,96,1,96,96,96,96,0,265.079753499,224.363503362,1,1,1,1,65.5285714286,33.1078,-3.04737589859,21.875,24.375,40,2026-05-02,2026-05-02,1,True
2026-05-03,12.2664519676,0.122664519676,58.7519691931,0.587519691931,3.91655483595,0.0391655483595,3.32497034055,0.0332497034055,31.1651403839,0.311651403839,11.9554537942,0.119554537942,121.380540515,1.21380540515,1.39522489656,96,96,1,96,88,96,96,0,272.97878411,231.049242871,1,0.916666666667,1,1,84.2478571429,58.9712857143,-2.8002546945,22.9166666667,22.9166666667,39.9583333333,2026-05-03,2026-05-03,1,True
2026-05-04,36.4872179959,0.364872179959,58.8132329774,0.588132329774,3.42109613552,0.0342109613552,3.21094190637,0.0321094190637,15.0325851815,0.150325851815,4.82851424379,0.0482851424379,121.79358844,1.2179358844,1.92392558822,96,96,1,96,84,96,96,0,376.420223783,318.60207741,1,0.875,1,1,30.8085714286,93.4014285714,0.198946282076,19.7916666667,21.6666666667,40,2026-05-04,2026-05-04,1,True
2026-05-05,14.6602443679,0.146602443679,64.1563137044,0.641563137044,3.26584676334,0.0326584676334,2.99501326974,0.0299501326974,53.563953261,0.53563953261,1.12570941477,0.0112570941477,139.767080781,1.39767080781,1.60299261234,96,96,1,96,80,96,96,0,314.003547518,265.138550588,1,0.833333333333,1,1,126.155714286,27.7662971429,-6.13560058635,18.75,19.5416666667,40,2026-05-05,2026-05-05,1,True
2026-05-06,27.9107548377,0.279107548377,63.9325412035,0.639325412035,3.9478248371,0.039478248371,3.64368532005,0.0364368532005,2.84763724823,0.0284763724823,0.723137677298,0.00723137677298,103.005581124,1.03005581124,1.27900138561,96,96,1,96,96,96,96,0,249.864843386,212.119655473,1,1,1,1,15.7085714286,103.971428571,2.10490288456,22.9166666667,25,40,2026-05-06,2026-05-06,1,True
2026-05-07,18.081855938,0.18081855938,63.3161251139,0.633161251139,3.74723656241,0.0374723656241,3.49281620103,0.0349281620103,10.6034695706,0.106034695706,1.73672071948,0.0173672071948,100.978224105,1.00978224105,1.68978895936,96,96,1,96,96,96,96,0,330.610883352,279.829051669,1,1,1,1,35.1298171429,78.9434514286,-0.290341558216,21.9583333333,24.7083333333,40,2026-05-07,2026-05-07,1,True
2026-05-08,39.0274470348,0.390274470348,59.5872657185,0.595872657185,4.00491065494,0.0400491065494,3.38556996639,0.0338556996639,17.3945110492,0.173945110492,6.80123466442,0.0680123466442,130.200939088,1.30200939088,1.93570008884,96,96,1,96,92,96,96,0,366.909185623,330.551934712,1,0.958333333333,1,1,37.3557885714,93.3795714286,0.819438831058,23.25,22.9166666667,37.625,2026-05-08,2026-05-08,1,True
2026-05-09,18.8073542824,0.188073542824,60.5224963716,0.605224963716,3.52541822626,0.0352541822626,3.66778702926,0.0366778702926,23.0559066694,0.230559066694,1.8506692497,0.018506692497,111.429631829,1.11429631829,1.35430950504,96,96,1,96,92,96,96,0,276.788343614,214.273654035,1,0.958333333333,1,1,63.0747142857,37.6708571429,-3.66327278008,20.8333333333,23.9583333333,38,2026-05-09,2026-05-09,1,True
2026-05-10,33.7207704016,0.337207704016,63.7078909174,0.637078909174,3.38502406233,0.0338502406233,3.76461118326,0.0376461118326,4.87236537013,0.0487236537013,0.352892781446,0.00352892781446,109.803554716,1.09803554716,1.39013611341,96,96,1,96,96,96,96,0,271.983152624,230.206540381,1,1,1,1,27.1346285714,61.6864457143,-0.301033129177,19.875,24.75,40,2026-05-10,2026-05-10,1,True
2026-05-11,18.4803417622,0.184803417622,63.7078909174,0.637078909174,3.10017378352,0.0310017378352,3.28119127645,0.0328119127645,5.21058623433,0.0521058623433,4.6587636448,0.046587636448,98.4389476187,0.984389476187,1.84736107779,96,96,1,96,84,96,96,0,361.440210872,305.922994482,1,0.875,1,1,25.6551428571,72.6869085714,-0.353560444821,17.7083333333,21.75,40,2026-05-11,2026-05-11,1,True
2026-05-12,37.3114174747,0.373114174747,63.2156945349,0.632156945349,2.66525027766,0.0266525027766,3.04871510092,0.0304871510092,22.5594553856,0.225594553856,11.3190103199,0.113190103199,140.119543094,1.40119543094,2.04527476712,96,96,1,96,80,96,96,0,400.162454437,338.697501435,1,0.833333333333,1,1,44.8396857143,77.2265714286,-1.21158613697,15.25,20.8333333333,39.5833333333,2026-05-12,2026-05-12,1,True
2026-05-13,37.5115435095,0.375115435095,62.6264322592,0.626264322592,3.67600330115,0.0367600330115,3.31218931731,0.0331218931731,7.12052016683,0.0712052016683,5.829788348,0.05829788348,120.076476902,1.20076476902,1.87897236801,96,96,1,96,92,96,96,0,367.625028524,311.157824142,1,0.958333333333,1,1,24.9827542857,89.6424285714,0.341352912686,21.3333333333,21.875,39.125,2026-05-13,2026-05-13,1,True
2026-05-14,33.0693167258,0.330693167258,64.0848317197,0.640848317197,3.59504956201,0.0359504956201,3.01026778854,0.0301026778854,10.7272336389,0.107272336389,3.61092570644,0.0361092570644,118.097625141,1.18097625141,1.61420912888,96,96,1,96,84,96,96,0,315.823525216,267.313031743,1,0.875,1,1,38.4415714286,66.9225714286,-0.83456222805,20.5416666667,20.8333333333,40,2026-05-14,2026-05-14,1,True
2026-05-15,19.294615099,0.19294615099,64.0229962345,0.640229962345,4.20358487666,0.0420358487666,3.44492046415,0.0344492046415,7.60181256285,0.0760181256285,1.99836994245,0.0199836994245,100.56629918,1.0056629918,1.2138858078,96,96,1,96,96,96,96,0,237.499397178,201.019489771,1,1,1,1,27.7011428571,87.8298571429,0.985366953301,23.9583333333,23.9583333333,39.9583333333,2026-05-15,2026-05-15,1,True
2026-05-16,12.8624321129,0.128624321129,64.0454615266,0.640454615266,4.38733489479,0.0438733489479,3.31083934879,0.0331083934879,24.8583198348,0.248583198348,-0.0564785463885,-0.000564785463885,109.407909172,1.09407909172,1.35753112836,96,96,1,96,96,96,96,0,265.603916419,224.807154857,1,1,1,1,97.8985714286,38.4887142857,-4.17527577937,25,23.9583333333,40,2026-05-16,2026-05-16,1,True
2026-05-17,17.6270223595,0.176270223595,64.0454615266,0.640454615266,3.21228497927,0.0321228497927,2.70403931808,0.0270403931808,22.4226315159,0.224226315159,-0.000962468295412,-9.62468295412e-06,110.010477231,1.10010477231,1.19616222452,96,96,1,96,76,96,96,0,234.031739581,198.084464381,1,0.791666666667,1,1,87.3712971429,20.8170571429,-4.27089646665,18.4166666667,19.1666666667,40,2026-05-17,2026-05-17,1,True
2026-05-18,30.4408733433,0.304408733433,64.0454615266,0.640454615266,3.63538626939,0.0363538626939,3.263995546,0.03263995546,6.52697640035,0.0652697640035,14.5287296409,0.145287296409,122.441422727,1.22441422727,1.37083151507,96,96,1,96,92,96,96,0,268.206165992,227.009698895,1,0.958333333333,1,1,23.7154285714,117.403142857,2.18713529956,20.8333333333,23.9583333333,40,2026-05-18,2026-05-18,1,True
2026-05-19,18.8419295153,0.188419295153,64.0245657806,0.640245657806,3.29138278476,0.0329138278476,2.83562038192,0.0283562038192,14.4821487907,0.144821487907,1.27371337072,0.0127371337072,104.749360624,1.04749360624,1.24412799706,96,96,1,96,84,96,96,0,244.334561537,205.250419742,1,0.875,1,1,53.5425714286,72.6128571429,-0.833910670026,18.75,20.8333333333,40,2026-05-19,2026-05-19,1,True
2026-05-20,23.0507051069,0.230507051069,63.8224603023,0.638224603023,3.57675722212,0.0357675722212,2.69606849053,0.0269606849053,23.9865971353,0.239865971353,2.29415718948,0.0229415718948,119.426745447,1.19426745447,1.82566772626,96,96,1,96,92,96,96,0,356.2776452,303.10775204,1,0.958333333333,1,1,60.8383542857,49.5024285714,-2.68774245309,20.4583333333,20.4166666667,40,2026-05-20,2026-05-20,1,True
2026-05-21,29.24159335,0.2924159335,63.7151915658,0.637151915658,3.08443790825,0.0308443790825,2.2818862447,0.022818862447,10.2911850618,0.102911850618,-0.219391364507,-0.00219391364507,108.394902766,1.08394902766,1.71898556052,96,96,1,96,76,96,96,0,336.323261841,284.664008822,1,0.791666666667,1,1,33.6122857143,35.6965714286,-2.06562363769,17.7083333333,17.7083333333,40,2026-05-21,2026-05-21,1,True
2026-05-22,17.2043944465,0.172043944465,63.6252670125,0.636252670125,3.83649298139,0.0383649298139,2.8147371834,0.028147371834,26.1232184362,0.261232184362,0.761097407867,0.00761097407867,114.365207468,1.14365207468,1.54310982018,96,96,1,96,88,96,96,0,301.912790905,255.538986222,1,0.916666666667,1,1,80.42,39.0483828571,-3.65605924274,21.875,21.4166666667,40,2026-05-22,2026-05-22,1,True
2026-05-23,19.5531359802,0.195531359802,59.5945739979,0.595945739979,2.72752819692,0.0272752819692,2.08014784332,0.0208014784332,10.072823681,0.10072823681,13.0409281414,0.130409281414,107.069137841,1.07069137841,1.4339006965,96,96,1,96,60,96,96,0,280.545788446,237.453955341,1,0.625,1,1,36.7514285714,41.4683085714,-1.59895637939,15.625,15.5,40,2026-05-23,2026-05-23,1,True
2026-05-24,20.5586414684,0.205586414684,57.6131687243,0.576131687243,4.20262726718,0.0420262726718,3.13504991617,0.0313504991617,10.2506776274,0.102506776274,22.9532180505,0.229532180505,118.713383054,1.18713383054,1.27077334375,96,96,1,96,92,96,96,0,248.629567255,210.440065724,1,0.958333333333,1,1,28.5407142857,109.024142857,1.76224696005,22.9166666667,23.9583333333,40,2026-05-24,2026-05-24,1,True
2026-05-25,18.0440549737,0.180440549737,57.6131687243,0.576131687243,3.93368960524,0.0393368960524,2.84169714982,0.0284169714982,27.3637236573,0.273637236573,4.90505702376,0.0490505702376,114.701391134,1.14701391134,1.45523897029,96,96,1,96,88,96,96,0,284.720668101,240.98757348,1,0.916666666667,1,1,84.2008285714,61.9391428571,-2.74978251394,22.5,21.875,40,2026-05-25,2026-05-25,1,True
2026-05-26,42.9522137879,0.429522137879,63.5828234891,0.635828234891,3.35974993806,0.0335974993806,2.81376865458,0.0281376865458,9.38833067391,0.0938833067391,17.7142761248,0.177142761248,139.811162668,1.39811162668,1.75841223716,96,96,1,96,88,96,96,0,344.037176835,291.193066473,1,0.916666666667,1,1,22.4664,120.153285714,1.86844897302,19.1666666667,21.875,40,2026-05-26,2026-05-26,1,True
2026-05-27,31.3708791904,0.313708791904,63.1166561623,0.631166561623,3.49335930786,0.0349335930786,3.06631906645,0.0306631906645,8.95455602397,0.0895455602397,1.70175674189,0.0170175674189,111.703526493,1.11703526493,1.5405766268,96,96,1,96,92,96,96,0,301.417166113,255.119489398,1,0.958333333333,1,1,47.8601828571,43.4373885714,-2.11335295836,19.8333333333,23.7083333333,39.625,2026-05-27,2026-05-27,1,True
2026-05-28,51.6107954514,0.516107954514,55.71354952,0.5571354952,3.30163380604,0.0330163380604,2.4432653217,0.024432653217,25.6264566904,0.256264566904,13.7472438203,0.137472438203,152.44294461,1.5244294461,1.6317387427,96,96,1,96,76,96,96,0,307.438487466,280.215935791,1,0.791666666667,1,1,66.0068571429,66.4361428571,-1.11638608169,18.75,19.7916666667,35,2026-05-28,2026-05-28,1,True
2026-05-29,28.9059859378,0.289059859378,60.9138023017,0.609138023017,3.46610395549,0.0346610395549,2.73268996266,0.0273268996266,11.1621237637,0.111621237637,8.17361967421,0.0817361967421,115.354325596,1.15354325596,1.36366003632,96,96,1,96,84,96,96,0,278.617795386,215.822102014,1,0.875,1,1,36.772,96.3837142857,-0.13266579523,19.7916666667,21.875,38.3333333333,2026-05-29,2026-05-29,1,True
2026-05-30,26.023047134,0.26023047134,63.5561736745,0.635561736745,3.30031054126,0.0330031054126,2.71856960506,0.0271856960506,18.490428354,0.18490428354,2.1549390957,0.021549390957,116.243468405,1.16243468405,1.35385891813,96,96,1,96,84,96,96,0,264.885440505,224.199036843,1,0.875,1,1,58.1554285714,43.4124285714,-2.3095584859,18.75,21.875,40,2026-05-30,2026-05-30,1,True
2026-05-31,14.0980575265,0.140980575265,63.5561736745,0.635561736745,3.83218388615,0.0383218388615,2.69270704338,0.0269270704338,30.3625662269,0.303625662269,8.26602477814,0.0826602477814,122.807713136,1.22807713136,1.14935865011,96,96,1,96,84,96,96,0,224.8745185,190.333792459,1,0.875,1,1,95.344,33.4381428571,-4.01860763268,21.875,21.875,40,2026-05-31,2026-05-31,1,True
2026-06-01,4.21690248358,0.0421690248358,63.5561736745,0.635561736745,4.20211853912,0.0420211853912,2.64021985559,0.0264021985559,23.2962545172,0.232962545172,0.89597101243,0.0089597101243,98.8076400825,0.988076400825,1.52351628486,96,96,1,96,92,96,96,0,298.079273125,252.294296773,1,0.958333333333,1,1,78.5178571429,49.471,-3.11799306228,23.9583333333,21.875,40,2026-06-01,2026-06-01,1,True
2026-06-02,5.03810509938,0.0503810509938,63.4899693269,0.634899693269,3.61780563547,0.0361780563547,2.38573796414,0.0238573796414,22.7509426019,0.227509426019,3.63037520958,0.0363037520958,100.912935837,1.00912935837,1.26057909678,96,96,1,96,80,96,96,0,246.635040675,208.751898427,1,0.833333333333,1,1,69.595,41.5812857143,-2.74570235556,20.8333333333,19.7916666667,39.9583333333,2026-06-02,2026-06-02,1,True
2026-06-03,6.29579348023,0.0629579348023,63.4751503159,0.634751503159,4.12215731791,0.0412215731791,2.73041137073,0.0273041137073,28.9363689459,0.289363689459,8.89916596664,0.0889916596664,114.459047397,1.14459047397,1.52158701487,96,96,1,96,96,96,96,0,297.701807258,251.974809663,1,1,1,1,83.3525028571,56.5086857143,-3.0237839474,24,23.75,40,2026-06-03,2026-06-03,1,True
2026-06-04,24.0025184014,0.240025184014,63.2995512625,0.632995512625,3.7377357773,0.037377357773,2.71362564649,0.0271362564649,15.0200952802,0.150200952802,18.7617141598,0.187617141598,127.535240528,1.27535240528,1.58399353793,96,96,1,96,92,96,96,0,309.91177916,262.309329881,1,0.958333333333,1,1,38.8645714286,91.626,0.214957470518,21.875,23.9583333333,39.9166666667,2026-06-04,2026-06-04,1,True
2026-06-05,13.4546194822,0.134546194822,63.4449706168,0.634449706168,3.92071280501,0.0392071280501,2.36521557216,0.0236521557216,28.3991219846,0.283991219846,2.51144867306,0.0251144867306,114.096089134,1.14096089134,1.60115204424,96,96,1,96,96,96,96,0,313.268878221,265.150778526,1,1,1,1,91.8338571429,55.4710171429,-3.52003915395,22.9166666667,22.2916666667,40,2026-06-05,2026-06-05,1,True
2026-06-06,14.3516580966,0.143516580966,63.557384545,0.63557384545,4.26264098461,0.0426264098461,2.66825560128,0.0266825560128,15.9478471049,0.159478471049,0.225670760582,0.00225670760582,101.013457093,1.01013457093,1.32493665811,96,96,1,96,96,96,96,0,259.226737457,219.409510584,1,1,1,1,52.1165714286,40.5631428571,-2.14044397687,25,24.125,40,2026-06-06,2026-06-06,1,True
2026-06-07,15.9359445642,0.159359445642,63.557384545,0.63557384545,3.43104709648,0.0343104709648,2.22265851242,0.0222265851242,15.356863128,0.15356863128,3.56974791413,0.0356974791413,104.07364576,1.0407364576,1.6507049313,96,96,1,96,88,96,96,0,322.964008298,273.356736623,1,0.916666666667,1,1,62.6640171429,50.8635485714,-2.55865584358,20.0833333333,20.7916666667,40,2026-06-07,2026-06-07,1,True
2026-06-08,23.6879629976,0.236879629976,63.557384545,0.63557384545,3.92375400091,0.0392375400091,2.51339353757,0.0251339353757,8.21281663499,0.0821281663499,5.49146349369,0.0549146349369,107.38677521,1.0738677521,1.31230581463,96,96,1,96,96,96,96,0,256.755485472,217.317842904,1,1,1,1,34.7402857143,51.0921428571,-0.961907726069,22.9166666667,23.125,40,2026-06-08,2026-06-08,1,True
2026-06-09,31.1986491794,0.311986491794,63.6204134564,0.636204134564,3.07473872912,0.0307473872912,1.66937790831,0.0166937790831,6.07665141337,0.0607665141337,1.4932538613,0.014932538613,107.133084548,1.07133084548,1.61257197791,96,96,1,96,80,96,96,0,315.503213069,267.041919542,1,0.833333333333,1,1,17.1832857143,81.2787371429,0.651423245883,18.0833333333,16.5833333333,40,2026-06-09,2026-06-09,1,True
2026-06-10,9.62187669065,0.0962187669065,63.6811361814,0.636811361814,4.068978353,0.04068978353,2.28071431298,0.0228071431298,22.4200506489,0.224200506489,0.200637957988,0.00200637957988,102.273394145,1.02273394145,1.44366007883,96,96,1,96,92,96,96,0,282.455232814,239.070109054,1,0.958333333333,1,1,71.9688571429,44.5134285714,-2.95168968049,23.9583333333,22.9166666667,40,2026-06-10,2026-06-10,1,True
2026-06-11,18.0707454948,0.180707454948,63.7322329207,0.637322329207,3.69106296806,0.0369106296806,2.13840172704,0.0213840172704,10.8530569093,0.108530569093,0.566026383267,0.00566026383267,99.0515264032,0.990515264032,1.12716657012,96,96,1,96,92,96,96,0,220.532589806,186.658784012,1,0.958333333333,1,1,36.3324285714,53.6264285714,-0.690825241427,21.875,22.9166666667,40,2026-06-11,2026-06-11,1,True
2026-06-12,14.575962396,0.14575962396,63.6762740981,0.636762740981,3.39444550487,0.0339444550487,1.76942164535,0.0176942164535,2.91058424757,0.0291058424757,4.03019250457,0.0403019250457,90.3568803965,0.903568803965,1.41506060928,96,96,1,96,84,96,96,0,276.859684424,234.334036897,1,0.875,1,1,16.689,74.2884285714,0.628074210161,20.8333333333,19.7916666667,40,2026-06-12,2026-06-12,1,True
2026-06-13,20.579986251,0.20579986251,57.761732852,0.57761732852,3.92050121292,0.0392050121292,1.71764177793,0.0171764177793,16.1824419672,0.161824419672,0.418870643275,0.00418870643275,100.581174704,1.00581174704,1.53302625875,96,96,1,96,92,96,96,0,299.939920191,253.869148449,1,0.958333333333,1,1,73.5284285714,18.0463885714,-4.23136715589,23.9583333333,19.4583333333,40,2026-06-13,2026-06-13,1,True
2026-06-14,25.2981894004,0.252981894004,57.7015643803,0.577015643803,3.43140412202,0.0343140412202,2.03310985044,0.0203310985044,7.33248510301,0.0733248510301,6.69793981105,0.0669793981105,102.494692667,1.02494692667,1.29148008961,96,96,1,96,92,96,96,0,252.680887098,213.86910284,1,0.958333333333,1,1,31.9733485714,50.8186,-0.831938867906,20.9166666667,22.8333333333,39.9583333333,2026-06-14,2026-06-14,1,True
2026-06-15,24.7989487141,0.247989487141,57.7015643803,0.577015643803,3.05773881153,0.0305773881153,1.65445724218,0.0165445724218,10.8826577194,0.108826577194,6.23618736772,0.0623618736772,104.331554235,1.04331554235,1.98068516439,96,96,1,96,80,96,96,0,387.525358249,328.001463222,1,0.833333333333,1,1,37.4526114286,66.8453428571,-1.25546514994,18.6666666667,19.4583333333,39.9583333333,2026-06-15,2026-06-15,1,True
2026-06-16,21.949182014,0.21949182014,61.0347460863,0.610347460863,3.78508018328,0.0378508018328,2.17325315006,0.0217325315006,18.7225956981,0.187225956981,15.7346435698,0.157346435698,123.399500702,1.23399500702,1.42581547283,96,96,1,96,92,96,96,0,278.963896858,236.1150423,1,0.958333333333,1,1,69.8547142857,104.922285714,-0.324220130365,22.9166666667,23.9583333333,38.3333333333,2026-06-16,2026-06-16,1,True
2026-06-17,10.0767688314,0.100767688314,63.7736570445,0.637736570445,4.12529344294,0.0412529344294,2.10772318868,0.0210772318868,18.8686980892,0.188686980892,0.076399551629,0.00076399551629,99.0285401483,0.990285401483,1.12011627674,96,96,1,96,96,96,96,0,219.15318458,185.491255428,1,1,1,1,62.1327942857,47.2051428571,-2.0245658575,24.8333333333,23.9583333333,40,2026-06-17,2026-06-17,1,True
2026-06-18,60.7126455295,0.607126455295,55.6499388473,0.556499388473,3.10899518422,0.0310899518422,1.80405327932,0.0180405327932,54.171663384,0.54171663384,7.14699146346,0.0714699146346,182.594287688,1.82594287688,1.72070095709,96,96,1,96,84,96,96,0,324.844138108,294.948078494,1,0.875,1,1,61.554,73.7002857143,-0.73957391246,18.75,19.7916666667,34.9166666667,2026-06-18,2026-06-18,1,True
2026-06-19,28.5582974401,0.285582974401,61.0825579396,0.610825579396,3.87081717266,0.0387081717266,2.12556602151,0.0212556602151,24.7249347136,0.247249347136,2.54758944243,0.0254758944243,122.90976273,1.2290976273,1.4034946362,96,96,1,96,96,96,96,0,286.41152145,222.418711755,1,1,1,1,54.0960914286,102.413285714,-0.653150642043,23.8333333333,23.9583333333,38.3333333333,2026-06-19,2026-06-19,1,True
2026-06-20,22.3665211197,0.223665211197,63.6750586933,0.636750586933,3.5416388311,0.035416388311,1.82295623294,0.0182295623294,24.1839246374,0.241839246374,-0.294023992954,-0.00294023992954,115.296075521,1.15296075521,1.32442596621,96,96,1,96,88,96,96,0,259.126819477,219.324940005,1,0.916666666667,1,1,75.496,7.28091428571,-4.50070688275,21.875,20.625,40,2026-06-20,2026-06-20,1,True
2026-06-21,13.3580371432,0.133580371432,63.6750586933,0.636750586933,3.35529957435,0.0335529957435,1.76715275524,0.0176715275524,18.6151945756,0.186151945756,0.6290958923,0.006290958923,101.399838634,1.01399838634,1.25905556807,96,96,1,96,84,96,96,0,246.33695897,208.499602072,1,0.875,1,1,76.9277142857,28.3861485714,-3.5991217755,20.8333333333,21.2916666667,40,2026-06-21,2026-06-21,1,True
2026-06-22,14.1906247567,0.141906247567,63.6750586933,0.636750586933,3.40335172072,0.0340335172072,1.39161878949,0.0139161878949,37.52830214,0.3752830214,2.2605733737,0.022605733737,122.449529474,1.22449529474,1.79814629476,96,96,1,96,84,96,96,0,351.811231583,297.773026412,1,0.875,1,1,123.049142857,15.8531428571,-6.71809188213,20.8333333333,17.875,40,2026-06-22,2026-06-22,1,True
2026-06-23,57.3650058783,0.573650058783,57.8436986981,0.578436986981,2.55293399,0.0255293399,1.1428148742,0.011428148742,29.4351035109,0.294351035109,2.32224050038,0.0232224050038,150.661797452,1.50661797452,1.46761752802,96,96,1,96,60,96,96,0,275.327815029,253.037462641,1,0.625,1,1,95.4376285714,22.1481428571,-3.98249325428,15.4166666667,14.5833333333,36.3333333333,2026-06-23,2026-06-23,1,True
2026-06-24,95.1748254827,0.951748254827,53.7214067861,0.537214067861,2.68702058711,0.0268702058711,1.56433473122,0.0156433473122,4.94771677605,0.0494771677605,3.77630798794,0.0377630798794,161.871612351,1.61871612351,1.85088485395,96,96,1,96,76,96,96,0,362.129645339,306.506531815,1,0.791666666667,1,1,12.8672285714,89.5607142857,0.877932174593,16.2916666667,19.7916666667,33.7916666667,2026-06-24,2026-06-24,1,True
2026-06-25,79.7373481681,0.797373481681,50.3421589371,0.503421589371,3.01347667791,0.0301347667791,1.39797373287,0.0139797373287,11.3728592888,0.113728592888,-0.177457848303,-0.00177457848303,145.686358957,1.45686358957,1.72457320569,96,96,1,96,88,96,96,0,337.416496766,285.589322863,1,0.916666666667,1,1,28.9804285714,47.3523942857,-1.39396700787,18.75,17.7916666667,31.6666666667,2026-06-25,2026-06-25,1,True
2026-06-26,70.0352432139,0.700352432139,47.8238431103,0.478238431103,3.21821396487,0.0321821396487,1.29113290135,0.0129113290135,24.3793748896,0.243793748896,0.595188540267,0.00595188540267,147.34299662,1.4734299662,1.86581259095,96,96,1,96,92,96,96,0,365.050289535,308.978565062,1,0.958333333333,1,1,55.4501371429,54.7512971429,-2.36544018635,19.7083333333,18.25,30,2026-06-26,2026-06-26,1,True
2026-06-27,53.3767892648,0.533767892648,56.3137049055,0.563137049055,3.10030540179,0.0310030540179,1.35895972514,0.0135895972514,8.80800187078,0.0880800187078,0.0245428424454,0.000245428424454,122.982304011,1.22982304011,1.43149120019,96,96,1,96,76,96,96,0,280.074365254,237.054942751,1,0.791666666667,1,1,35.8618571429,35.1841657143,-1.82071308048,18.75,16.2916666667,35.375,2026-06-27,2026-06-27,1,True
2026-06-28,19.1901296604,0.191901296604,61.0230960107,0.610230960107,3.44412101546,0.0344412101546,1.62793472037,0.0162793472037,30.7739163623,0.307739163623,-0.297680713549,-0.00297680713549,115.761517056,1.15761517056,1.51792017634,96,96,1,96,80,96,96,0,308.79912713,241.367581202,1,0.833333333333,1,1,91.8985714286,44.6594285714,-4.77794536601,20.8333333333,19.7916666667,38.3333333333,2026-06-28,2026-06-28,1,True
2026-06-29,101.471176975,1.01471176975,55.053445314,0.55053445314,3.11471654896,0.0311471654896,1.51932429853,0.0151932429853,31.1172296569,0.311172296569,0.587795417445,0.00587795417445,192.86368821,1.9286368821,2.07059520062,96,96,1,96,76,96,96,0,404.66742178,343.270624652,1,0.791666666667,1,1,68.4348571429,44.3033771429,-3.56367821368,18.75,18.4166666667,34.5833333333,2026-06-29,2026-06-29,1,True
2026-06-30,139.147245522,1.39147245522,52.8905206943,0.528905206943,3.05966240702,0.0305966240702,1.553946214,0.01553946214,24.742811792,0.24742811792,-0.507271411923,-0.00507271411923,220.886915217,2.20886915217,1.73364288194,96,96,1,96,80,96,96,0,337.176355783,288.796454964,1,0.833333333333,1,1,74.78384,23.6674285714,-4.14567967701,18.8333333333,19.4166666667,33.25,2026-06-30,2026-06-30,1,True
2026-07-01,93.4943158786,0.934943158786,55.0693199588,0.550693199588,2.97735802281,0.0297735802281,1.53157061673,0.0153157061673,17.5758696602,0.175758696602,2.20378083481,0.0220378083481,172.852214972,1.72852214972,1.92746853234,96,96,1,96,96,96,96,0,368.091694216,326.824767927,1,1,1,1,43.6938742857,102.276857143,0.721502357019,18.4166666667,21.875,34.625,2026-07-01,2026-07-01,1,True
2026-07-02,10.4068270902,0.104068270902,61.0672785209,0.610672785209,3.29456772692,0.0329456772692,1.31677383655,0.0131677383655,29.6577077311,0.296577077311,0.742170341026,0.00742170341026,106.485325247,1.06485325247,1.35384812265,96,96,1,96,84,96,96,0,276.368716003,214.476016997,1,0.875,1,1,68.7938571429,53.0912857143,-3.23313626814,20.8333333333,19.125,38.375,2026-07-02,2026-07-02,1,True
2026-07-03,22.842887412,0.22842887412,63.7139746748,0.637139746748,2.82597070227,0.0282597070227,1.33916805134,0.0133916805134,19.0961367631,0.190961367631,7.02715785743,0.0702715785743,116.845295461,1.16845295461,1.59238667098,96,96,1,96,76,96,96,0,311.553913887,263.699232714,1,0.791666666667,1,1,69.3012857143,41.083,-3.16970695364,17.7083333333,18.75,40,2026-07-03,2026-07-03,1,True
2026-07-04,25.8537263642,0.258537263642,57.3185168213,0.573185168213,3.34626914118,0.0334626914118,1.50208118532,0.0150208118532,9.43805258978,0.0943805258978,16.4749004259,0.164749004259,113.933546528,1.13933546528,1.29015729006,96,96,1,96,84,96,96,0,240.607333688,223.650047234,1,0.875,1,1,29.3041428571,68.951,0.94539877868,20.8333333333,21.875,38.3333333333,2026-07-04,2026-07-04,1,True
2026-07-05,14.7934229501,0.147934229501,55.3327987169,0.553327987169,3.51381410624,0.0351381410624,1.41324894031,0.0141324894031,16.3448433192,0.163448433192,27.6470343378,0.276470343378,119.045162371,1.19045162371,1.5533319789,96,96,1,96,84,96,96,0,315.727523283,247.231775707,1,0.875,1,1,64.9394285714,65.9447142857,-2.81210257758,21.875,19.7916666667,38.3333333333,2026-07-05,2026-07-05,1,True
2026-07-06,15.3487156651,0.153487156651,63.6957268874,0.636957268874,3.81529957613,0.0381529957613,1.57888456104,0.0157888456104,17.4513741625,0.174513741625,6.83331167343,0.0683331167343,108.723312526,1.08723312526,1.39247616176,96,96,1,96,92,96,96,0,272.440988171,230.594052388,1,0.958333333333,1,1,66.505,69.2332857143,-1.62994375287,23.9583333333,21.875,40,2026-07-06,2026-07-06,1,True
2026-07-07,16.3880082255,0.163880082255,63.765124147,0.63765124147,3.21616300629,0.0321616300629,1.48458053787,0.0148458053787,20.4705782375,0.204705782375,6.43907616559,0.0643907616559,111.76353032,1.1176353032,1.89839960696,96,96,1,96,84,96,96,0,371.426010057,314.374974912,1,0.875,1,1,82.4415714286,39.8917428571,-4.15003598817,19.7916666667,19.0416666667,40,2026-07-07,2026-07-07,1,True
2026-07-08,12.8642788223,0.128642788223,63.6634126772,0.636634126772,3.36571466779,0.0336571466779,1.32809383716,0.0132809383716,11.1208858073,0.111208858073,2.72136911804,0.0272136911804,95.0637549297,0.950637549297,1.68369133445,96,96,1,96,88,96,96,0,329.417869784,278.819284986,1,0.916666666667,1,1,49.6209314286,47.8808571429,-2.18077746186,21.8333333333,20.9166666667,39.9583333333,2026-07-08,2026-07-08,1,True
2026-07-09,27.3121053219,0.273121053219,63.7310153787,0.637310153787,3.34817078995,0.0334817078995,1.64270703983,0.0164270703983,9.41609391622,0.0941609391622,7.05550408872,0.0705550408872,112.505596535,1.12505596535,1.46336367668,96,96,1,96,88,96,96,0,286.310284568,242.333024858,1,0.916666666667,1,1,37.6638571429,101.765857143,0.838530845432,21.875,21.875,40,2026-07-09,2026-07-09,1,True
2026-07-10,16.6177872136,0.166177872136,63.709107576,0.63709107576,2.99543570842,0.0299543570842,1.27227240609,0.0127227240609,23.4088779188,0.234088779188,9.10433542709,0.0910433542709,117.10781625,1.1710781625,1.43428374463,96,96,1,96,80,96,96,0,280.620732644,237.51738811,1,0.833333333333,1,1,68.664,67.4421428571,-1.84688340321,19.7916666667,18.75,40,2026-07-10,2026-07-10,1,True
2026-07-11,16.4696627635,0.164696627635,63.740757017,0.63740757017,3.45546171924,0.0345546171924,1.87013393966,0.0187013393966,16.436694894,0.16436694894,1.12936610978,0.0112936610978,103.102076443,1.03102076443,1.40756814722,96,96,1,96,92,96,96,0,275.393767935,233.09328518,1,0.958333333333,1,1,65.9244857143,43.0648285714,-2.71500582907,22.7083333333,22.8333333333,40,2026-07-11,2026-07-11,1,True
2026-07-12,21.5551994421,0.215551994421,59.7665131742,0.597665131742,3.6456044481,0.036456044481,2.06359745496,0.0206359745496,9.08418327165,0.0908418327165,7.80014100715,0.0780014100715,103.915238798,1.03915238798,1.37361062359,96,96,1,96,92,96,96,0,268.749904615,227.469919266,1,0.958333333333,1,1,30.8491428571,87.1948571429,0.6277387057,23.9583333333,23.9583333333,40,2026-07-12,2026-07-12,1,True
2026-07-13,23.1630086823,0.231630086823,63.6743603951,0.636743603951,3.15773926668,0.0315773926668,1.7809102547,0.017809102547,11.7166620077,0.117166620077,9.58453602829,0.0958453602829,113.077216635,1.13077216635,1.54464488491,96,96,1,96,84,96,96,0,302.213129657,255.793192942,1,0.875,1,1,39.4176685714,76.8171428571,-0.375852601233,20.4583333333,19.7916666667,39.9583333333,2026-07-13,2026-07-13,1,True
2026-07-14,23.4426100264,0.234426100264,63.7383213283,0.637383213283,2.90195456543,0.0290195456543,1.90828063203,0.0190828063203,10.8139986592,0.108139986592,3.64291935678,0.0364291935678,106.448084568,1.06448084568,1.49816634835,96,96,1,96,80,96,96,0,293.119502938,248.096347286,1,0.833333333333,1,1,39.1213828571,71.4802857143,-0.527677199753,18.625,19.7916666667,40,2026-07-14,2026-07-14,1,True
2026-07-15,20.4574214823,0.204574214823,60.9463169132,0.609463169132,3.23351952112,0.0323351952112,2.45423402471,0.0245423402471,22.9131278335,0.229131278335,-1.20004716023,-0.0120004716023,108.804572615,1.08804572615,1.41815019995,96,96,1,96,88,96,96,0,277.464169555,234.845673111,1,0.916666666667,1,1,57.769,48.9510171429,-2.14318663753,20.8333333333,22.875,38.3333333333,2026-07-15,2026-07-15,1,True
2026-07-16,20.296290047,0.20296290047,63.1203373338,0.631203373338,3.13755700139,0.0313755700139,2.72061208525,0.0272061208525,18.7323836551,0.187323836551,2.65764540584,0.0265764540584,110.664825528,1.10664825528,1.32406939627,96,96,1,96,88,96,96,0,259.057055792,219.265892022,1,0.916666666667,1,1,80.2775714286,32.333,-3.65565563326,19.7916666667,21.875,39.6666666667,2026-07-16,2026-07-16,1,True
2026-07-17,23.2385663877,0.232385663877,63.6471171824,0.636471171824,3.30741786546,0.0330741786546,3.18098027245,0.0318098027245,10.2822966876,0.102822966876,1.4395328876,0.014395328876,105.095911283,1.05095911283,1.43302048737,96,96,1,96,92,96,96,0,280.373573615,237.308192708,1,0.958333333333,1,1,37.5022857143,73.3782742857,-0.299558013993,20.8333333333,22.7916666667,40,2026-07-17,2026-07-17,1,True
2026-07-18,16.7540264394,0.167540264394,58.3555856492,0.583555856492,3.65913902611,0.0365913902611,3.50817295771,0.0350817295771,18.7994821579,0.187994821579,0.291166289322,0.00291166289322,101.36757252,1.0136757252,1.19670703958,96,96,1,96,92,96,96,0,234.138333831,198.174685754,1,0.958333333333,1,1,80.9785714286,26.6735714286,-3.76119366985,22.9166666667,23.9583333333,39.9583333333,2026-07-18,2026-07-18,1,True
2026-07-19,23.7653785303,0.237653785303,57.6780026321,0.576780026321,3.77152911557,0.0377152911557,3.66605313853,0.0366605313853,6.46010937047,0.0646010937047,2.25175906028,0.0225175906028,97.5928318473,0.975928318473,1.14517893987,96,96,1,96,96,96,96,0,224.056749105,189.641632442,1,1,1,1,29.3775714286,91.929,1.17234632954,23.9583333333,25,40,2026-07-19,2026-07-19,1,True
2026-07-20,22.9754721293,0.229754721293,63.6289076656,0.636289076656,3.14223807435,0.0314223807435,2.70019454882,0.0270019454882,8.13331360072,0.0813331360072,-1.39244093248,-0.0139244093248,99.1876850863,0.991876850863,1.62997141893,96,96,1,96,80,96,96,0,318.907451529,269.923266974,1,0.833333333333,1,1,25.99564,55.1926571429,-0.824465308832,19.625,19.2916666667,40,2026-07-20,2026-07-20,1,True
2026-07-21,18.9705494094,0.189705494094,63.6386181111,0.636386181111,3.65707445489,0.0365707445489,2.78514335858,0.0278514335858,18.083592601,0.18083592601,2.05916272056,0.0205916272056,109.194140656,1.09194140656,1.24061193211,96,96,1,96,92,96,96,0,242.728421499,205.445335957,1,0.958333333333,1,1,68.0902857143,88.0782857143,-0.720628564261,22.9166666667,20.8333333333,40,2026-07-21,2026-07-21,1,True
2026-07-22,20.7343017857,0.207343017857,63.6835675015,0.636835675015,2.89539554062,0.0289539554062,2.46568608735,0.0246568608735,13.0090704968,0.130090704968,4.67365801507,0.0467365801507,107.461679427,1.07461679427,1.56419959947,96,96,1,96,76,96,96,0,306.03905207,259.031453672,1,0.791666666667,1,1,43.84904,78.7381428571,-0.504937314201,18.1666666667,19.7916666667,40,2026-07-22,2026-07-22,1,True
2026-07-23,32.5094360513,0.325094360513,60.460211113,0.60460211113,2.89322185955,0.0289322185955,2.57449082823,0.0257449082823,10.7822538625,0.107822538625,33.1030274007,0.331030274007,142.322641115,1.42322641115,1.88940945137,96,96,1,96,80,96,96,0,369.667066573,312.886205147,1,0.833333333333,1,1,37.9917142857,108.558857143,0.574428392983,18.5416666667,20.8333333333,38.4583333333,2026-07-23,2026-07-23,1,True
2026-07-24,38.6500495467,0.386500495467,63.7176254871,0.637176254871,3.30081557033,0.0330081557033,2.44927992971,0.0244927992971,1.50514178438,0.0150514178438,0.966568541938,0.00966568541938,110.58948086,1.1058948086,1.45808786922,96,96,1,96,88,96,96,0,285.278061369,241.459351143,1,0.916666666667,1,1,8.64285714286,113.383714286,2.53842278819,20.8333333333,21.6666666667,40,2026-07-24,2026-07-24,1,True
2026-07-25,38.9163322942,0.389163322942,63.727363032,0.63727363032,3.32158630702,0.0332158630702,2.57956368916,0.0257956368916,0.238696838165,0.00238696838165,8.0810903215,0.080810903215,116.864632482,1.16864632482,1.35753573418,96,96,1,96,96,96,96,0,265.604817557,224.80791758,1,1,1,1,1.68678285714,181.463571429,5.79082869145,21.3333333333,23.9583333333,40,2026-07-25,2026-07-25,1,True
2026-07-26,28.5080990121,0.285080990121,63.727363032,0.63727363032,3.51828150073,0.0351828150073,2.67708412929,0.0267708412929,0.478490111343,0.00478490111343,6.44993258321,0.0644993258321,105.359250369,1.05359250369,1.46634941024,96,96,1,96,96,96,96,0,286.89444983,242.827462336,1,1,1,1,2.93914285714,144.005571429,4.04164337823,22.9166666667,25,40,2026-07-26,2026-07-26,1,True
2026-07-27,27.7660965575,0.277660965575,63.6609803622,0.636609803622,2.85233628792,0.0285233628792,1.63138992894,0.0163138992894,12.032270222,0.12032270222,-0.00940954401314,-9.40954401314e-05,107.933663815,1.07933663815,2.20639772614,96,96,1,96,84,96,96,0,431.686511636,365.379463449,1,0.875,1,1,53.7724742857,38.8881428571,-3.38297415066,18.2916666667,16.6666666667,39.9583333333,2026-07-27,2026-07-27,1,True
2026-07-28,30.1882204855,0.301882204855,62.0927054867,0.620927054867,3.29106388671,0.0329106388671,2.22303973092,0.0222303973092,12.4621960974,0.124621960974,4.98542874531,0.0498542874531,115.242654433,1.15242654433,1.73156184899,96,96,1,96,88,96,96,0,338.78384002,286.746642193,1,0.916666666667,1,1,60.10064,87.219,-1.03828490946,21.625,21.875,38.9583333333,2026-07-28,2026-07-28,1,True
2026-07-29,38.5880332384,0.385880332384,63.7072261518,0.637072261518,2.94658573886,0.0294658573886,2.17478302428,0.0217478302428,9.19538444744,0.0919538444744,3.42820225574,0.0342820225574,120.040214857,1.20040214857,1.70185419596,96,96,1,96,88,96,96,0,332.971473123,281.827054851,1,0.916666666667,1,1,29.369,101.8026,0.887049238682,19.125,21.9583333333,39.9583333333,2026-07-29,2026-07-29,1,True
2026-07-30,43.0064887629,0.430064887629,63.0103941762,0.630103941762,3.04387909127,0.0304387909127,1.88326040851,0.0188326040851,1.81096717627,0.0181096717627,-2.13910205915,-0.0213910205915,110.615887556,1.10615887556,1.45361082536,96,96,1,96,92,96,96,0,284.402118005,240.717952679,1,0.958333333333,1,1,11.0841428571,75.8691371429,0.879201206673,19.7916666667,21.1666666667,39.5416666667,2026-07-30,2026-07-30,1,True
2026-07-31,18.399414144,0.18399414144,63.6167737752,0.636167737752,3.26258128492,0.0326258128492,1.67003566048,0.0167003566048,10.5375661529,0.105375661529,-1.11124226895,-0.0111124226895,96.3751287486,0.963751287486,1.38605494194,96,96,1,96,96,96,96,0,271.184662553,229.530698385,1,1,1,1,49.8444342857,23.013,-2.85355826891,21.625,19.7916666667,40,2026-07-31,2026-07-31,1,True
2026-08-01,18.8467454825,0.188467454825,63.5755531416,0.635755531416,2.99018733444,0.0299018733444,1.8941284089,0.018941284089,17.7126246099,0.177126246099,2.51918350263,0.0251918350263,107.53842248,1.0753842248,1.46426283284,96,96,1,96,96,96,96,0,286.486206426,242.481925119,1,1,1,1,72.0375542857,40.5951771429,-3.14361076875,19.2916666667,20.8333333333,40,2026-08-01,2026-08-01,1,True
2026-08-02,22.3874700693,0.223874700693,61.841327921,0.61841327921,3.52761991882,0.0352761991882,2.07489566063,0.0207489566063,9.59371925574,0.0959371925574,1.65509703986,0.0165509703986,101.080129865,1.01080129865,1.1814307347,96,96,1,96,96,96,96,0,231.149491571,195.644929666,1,1,1,1,48.0817371429,53.2566857143,-1.26373388891,23,23,40,2026-08-02,2026-08-02,1,True
2026-08-03,53.4728880909,0.534728880909,58.1451413108,0.581451413108,2.74790463667,0.0274790463667,1.78629009205,0.0178629009205,8.79076173144,0.0879076173144,-0.208751743502,-0.00208751743502,124.734234118,1.24734234118,1.3982546801,96,96,1,96,88,96,96,0,273.571567846,231.550975025,1,0.916666666667,1,1,29.5170114286,59.1050057143,-0.518024938977,17.7916666667,21,36.5833333333,2026-08-03,2026-08-03,1,True
2026-08-04,37.8730235677,0.378730235677,60.9416698437,0.609416698437,3.37619519634,0.0337619519634,1.39974075486,0.0139974075486,16.4254184062,0.164254184062,1.16160820413,0.0116160820413,121.177655973,1.21177655973,1.2928861731,96,96,1,96,96,96,96,0,252.95599039,214.101950266,1,1,1,1,53.2620342857,30.3243428571,-2.57465548135,22,19,38.3333333333,2026-08-04,2026-08-04,1,True
2026-08-05,10.9469879837,0.109469879837,63.3479055946,0.633479055946,3.23172752729,0.0323172752729,1.01093776787,0.0101093776787,71.8041953789,0.718041953789,-0.503481836065,-0.00503481836065,149.838272416,1.49838272416,1.5892280216,96,96,1,96,84,96,96,0,310.93591727,263.176160377,1,0.875,1,1,126.741257143,12.4564571429,-6.75185653719,21,15.1666666667,39.875,2026-08-05,2026-08-05,1,True
2026-08-06,18.954779838,0.18954779838,63.5561736745,0.635561736745,2.84506468022,0.0284506468022,1.12776772276,0.0112776772276,27.475070478,0.27475070478,-1.38552099851,-0.0138552099851,112.573335395,1.12573335395,1.69311007261,96,96,1,96,96,96,96,0,331.260666381,280.379028025,1,1,1,1,84.0399085714,25.59172,-4.55540945531,18.25,18.5416666667,40,2026-08-06,2026-08-06,1,True
2026-08-07,8.63523261042,0.0863523261042,63.5271266163,0.635271266163,3.35637651629,0.0335637651629,0.930150629368,0.00930150629368,18.3227866404,0.183227866404,-1.28706130107,-0.0128706130107,93.4846117117,0.934846117117,1.50189507933,96,96,1,96,96,96,96,0,293.84903726,248.713825137,1,1,1,1,67.24548,24.2479371429,-3.67219812418,21.7083333333,20.0833333333,40,2026-08-07,2026-08-07,1,True
2026-08-08,24.5533495152,0.245533495152,63.4775659322,0.634775659322,3.4237546143,0.034237546143,1.05674163717,0.0105674163717,9.98268895857,0.0998268895857,-0.186149455235,-0.00186149455235,102.307951202,1.02307951202,1.32506375536,96,96,1,96,96,96,96,0,259.25160431,219.430557888,1,1,1,1,39.9484342857,82.8794057143,0.129580208605,22.3333333333,23,40,2026-08-08,2026-08-08,1,True
2026-08-09,28.0102195985,0.280102195985,63.4775659322,0.634775659322,2.71169844351,0.0271169844351,0.955999543327,0.00955999543327,4.26273783398,0.0426273783398,1.67266981684,0.0167266981684,101.090891168,1.01090891168,1.3634702057,96,96,1,96,84,96,96,0,266.765909812,225.790666065,1,0.875,1,1,21.9450285714,82.1245714286,0.800179129586,17.4583333333,20,40,2026-08-09,2026-08-09,1,True
2026-08-10,16.1448115498,0.161448115498,63.4775659322,0.634775659322,2.69400616509,0.0269400616509,0.815465996879,0.00815465996879,22.7295936735,0.227295936735,-0.252307423544,-0.00252307423544,105.609135894,1.05609135894,1.79227865624,96,96,1,96,72,96,96,0,350.663215351,296.801345473,1,0.75,1,1,63.8480914286,42.8757257143,-3.11809314967,18,15.9166666667,40,2026-08-10,2026-08-10,1,True
2026-08-11,9.3167494241,0.093167494241,63.6026605084,0.636026605084,3.50495457669,0.0350495457669,0.822171539812,0.00822171539812,36.7074981936,0.367074981936,2.70489150077,0.0270489150077,116.658925743,1.16658925743,1.53989143316,96,96,1,96,96,96,96,0,301.283106489,255.006021332,1,1,1,1,85.9040914286,23.0243085714,-4.54820283391,23,19.9583333333,39.9583333333,2026-08-11,2026-08-11,1,True
2026-08-12,50.7623717839,0.507623717839,58.3320616512,0.583320616512,2.56197161605,0.0256197161605,0.702908972989,0.00702908972989,6.54216544239,0.0654216544239,1.92766500228,0.0192766500228,120.829144469,1.20829144469,1.83693374372,96,96,1,96,84,96,96,0,359.400080292,304.19622796,1,0.875,1,1,23.4573257143,86.9500971429,0.345371628985,16.75,17.125,36.6666666667,2026-08-12,2026-08-12,1,True
2026-08-13,41.2119334321,0.412119334321,58.286900105,0.58286900105,3.19952676271,0.0319952676271,0.93201793722,0.0093201793722,10.3416359835,0.103416359835,5.75617379921,0.0575617379921,119.72818802,1.1972818802,1.62944871111,96,96,1,96,92,96,96,0,318.805182608,269.83670656,1,0.958333333333,1,1,36.9914057143,92.0888228571,0.255372545592,21,23,36.625,2026-08-13,2026-08-13,1,True
2026-08-14,21.1662273925,0.211662273925,63.5274339659,0.635274339659,3.01420043864,0.0301420043864,0.659235243635,0.00659235243635,14.7082532965,0.147082532965,-0.585760213835,-0.00585760213835,102.489590123,1.02489590123,1.46189357394,96,96,1,96,88,96,96,0,286.022655771,242.089575844,1,0.916666666667,1,1,63.9280457143,17.16752,-3.77890023503,20,18.5833333333,39.9583333333,2026-08-14,2026-08-14,1,True
2026-08-15,18.3799485103,0.183799485103,63.4023438096,0.634023438096,2.99337859486,0.0299337859486,0.883719200549,0.00883719200549,15.1110357059,0.151110357059,2.12210000349,0.0212210000349,102.892525825,1.02892525825,1.40477498493,96,96,1,96,92,96,96,0,274.84727966,232.630737504,1,0.958333333333,1,1,57.6549942857,50.9238285714,-2.03948782792,20.3333333333,19.9583333333,39.9583333333,2026-08-15,2026-08-15,1,True
2026-08-16,9.89962308899,0.0989962308899,63.4684567854,0.634684567854,3.40474483179,0.0340474483179,0.837100465329,0.00837100465329,22.8861538823,0.228861538823,-0.195183943034,-0.00195183943034,100.300895111,1.00300895111,1.22271008176,96,96,1,96,92,96,96,0,239.225885563,202.48078954,1,0.958333333333,1,1,81.0519771429,19.1477828571,-4.11038709617,23,19.75,40,2026-08-16,2026-08-16,1,True
2026-08-17,11.4119011252,0.114119011252,63.4023438096,0.634023438096,3.07176748799,0.0307176748799,0.838778701655,0.00838778701655,9.20158416468,0.0920158416468,-1.56564838908,-0.0156564838908,86.3607269,0.863607269,1.65724054501,96,96,1,96,96,96,96,0,324.242715329,274.439034254,1,1,1,1,38.66688,24.3445885714,-2.67191552096,20.25,18.4583333333,39.9583333333,2026-08-17,2026-08-17,1,True
2026-08-18,-3.75684593163,-0.0375684593163,63.4229058166,0.634229058166,3.25091283695,0.0325091283695,0.780907686144,0.00780907686144,23.6102330221,0.236102330221,-1.09498376193,-0.0109498376193,86.2131296682,0.862131296682,1.5594159192,96,96,1,96,92,96,96,0,305.103114625,258.239276219,1,0.958333333333,1,1,90.4245942857,20.8173257143,-4.85296279075,21,20,39.9583333333,2026-08-18,2026-08-18,1,True
2026-08-19,-0.249984573198,-0.00249984573198,63.4611952252,0.634611952252,2.72748751001,0.0272748751001,0.478929102628,0.00478929102628,22.7071609948,0.227071609948,-1.28094696032,-0.0128094696032,87.8438412992,0.878438412992,1.65763252076,96,96,1,96,76,96,96,0,324.319406236,274.503945438,1,0.791666666667,1,1,85.0041257143,27.7734857143,-4.46025419991,17.625,16,40,2026-08-19,2026-08-19,1,True
2026-08-20,6.39489389111,0.0639489389111,63.4083218943,0.634083218943,3.02191908793,0.0302191908793,0.386456188515,0.00386456188515,14.2835287348,0.142835287348,-1.16151343036,-0.0116151343036,86.3336063663,0.863336063663,1.69743332045,96,96,1,96,84,96,96,0,332.106519219,281.094957867,1,0.875,1,1,67.6756,39.8070857143,-3.28666981824,19.2916666667,17,39.9583333333,2026-08-20,2026-08-20,1,True
2026-08-21,6.83234342548,0.0683234342548,63.3614923384,0.633614923384,3.69929380413,0.0369929380413,0.247743409156,0.00247743409156,16.8337536968,0.168337536968,-1.14003346294,-0.0114003346294,89.8345932111,0.898345932111,1.5784709922,96,96,1,96,92,96,96,0,308.831281083,261.394796309,1,0.958333333333,1,1,57.5362285714,21.5184,-3.47726305608,23,17,40,2026-08-21,2026-08-21,1,True
2026-08-22,17.8970859994,0.178970859994,63.2934329891,0.632934329891,3.42855784409,0.0342855784409,0.272995949107,0.00272995949107,25.6210865902,0.256210865902,-0.615831521509,-0.00615831521509,109.89732785,1.0989732785,1.10643888997,96,96,1,96,88,96,96,0,216.477174124,183.226280179,1,0.916666666667,1,1,85.3168914286,17.4079542857,-4.21499296201,21.5833333333,18,40,2026-08-22,2026-08-22,1,True
2026-08-23,16.8397844583,0.168397844583,63.2934329891,0.632934329891,3.4684772066,0.034684772066,0.471978471311,0.00471978471311,16.061428422,0.16061428422,2.65142497667,0.0265142497667,102.786526524,1.02786526524,1.30549930628,96,96,1,96,88,96,96,0,255.423777316,216.19068512,1,0.916666666667,1,1,56.4006857143,44.0729028571,-2.14836979387,22,19.7083333333,40,2026-08-23,2026-08-23,1,True
2026-08-24,28.3193239159,0.283193239159,63.2934329891,0.632934329891,3.14885605066,0.0314885605066,0.266934824366,0.00266934824366,7.54679893602,0.0754679893602,-2.88296093545,-0.0288296093545,99.6923857806,0.996923857806,1.93287817639,96,96,1,96,92,96,96,0,378.171817121,320.084626011,1,0.958333333333,1,1,33.01912,64.3168685714,-1.11622677243,19.0833333333,17.7916666667,40,2026-08-24,2026-08-24,1,True
2026-08-25,5.98551761189,0.0598551761189,63.3476473275,0.633476473275,3.02366377341,0.0302366377341,0.345637277296,0.00345637277296,15.891615976,0.15891615976,-1.31245661789,-0.0131245661789,87.2816253482,0.872816253482,1.11636475167,96,96,1,96,80,96,96,0,218.419190544,184.870002876,1,0.833333333333,1,1,57.0901028571,37.9630628571,-2.19484281948,18.3333333333,18,40,2026-08-25,2026-08-25,1,True
2026-08-26,2.56109052091,0.0256109052091,63.3500590094,0.633500590094,3.20663950965,0.0320663950965,0.193124452735,0.00193124452735,28.0808269621,0.280808269621,-1.84721073999,-0.0184721073999,95.5445297148,0.955445297148,1.19848924926,96,96,1,96,80,96,96,0,234.487027029,198.469819677,1,0.833333333333,1,1,89.4759542857,48.9843657143,-3.18786649679,19.4166666667,16.6666666667,40,2026-08-26,2026-08-26,1,True
2026-08-27,17.1280748101,0.171280748101,63.2838045979,0.632838045979,3.33815816996,0.0333815816996,0.201190363004,0.00201190363004,8.59963658442,0.0859963658442,-1.02008277483,-0.0102008277483,91.5307817506,0.915307817506,1.26931508061,96,96,1,96,84,96,96,0,248.344254902,210.198577349,1,0.875,1,1,37.1541942857,25.4704628571,-2.07622537423,20,17.625,40,2026-08-27,2026-08-27,1,True
2026-08-28,15.7272079591,0.157272079591,63.3733931695,0.633733931695,3.09205141857,0.0309205141857,0.239096371796,0.00239096371796,30.2142924411,0.302142924411,0.0190117270947,0.000190117270947,112.665053087,1.12665053087,1.22759966418,96,96,1,96,88,96,96,0,240.182542991,203.290504388,1,0.916666666667,1,1,65.2058057143,73.1418514286,-1.20649970372,19,22,40,2026-08-28,2026-08-28,1,True
2026-08-29,21.824231364,0.21824231364,62.6964799178,0.626964799178,3.55893808002,0.0355893808002,0.358491176023,0.00358491176023,14.3364450097,0.143364450097,5.62285260095,0.0562285260095,108.397438149,1.08397438149,1.62721897761,96,96,1,96,88,96,96,0,318.368930402,269.467462692,1,0.916666666667,1,1,55.25088,60.6219257143,-1.81376758314,21.6666666667,18.7083333333,39.625,2026-08-29,2026-08-29,1,True
2026-08-30,16.6953358275,0.166953358275,62.5289821999,0.625289821999,3.80126654496,0.0380126654496,0.378989806785,0.00378989806785,21.5875808687,0.215875808687,5.71673437059,0.0571673437059,110.708889618,1.10708889618,1.48928770962,96,96,1,96,96,96,96,0,291.382377969,246.626044713,1,1,1,1,70.4965371429,80.61216,-1.44336293329,23.25,21.3333333333,40,2026-08-30,2026-08-30,1,True
2026-08-31,13.2757159917,0.132757159917,60.6527460825,0.606527460825,3.33797923323,0.0333797923323,0.173128708352,0.00173128708352,28.8671666906,0.288671666906,-0.447658643411,-0.00447658643411,105.859078063,1.05859078063,1.6977638684,96,96,1,96,88,96,96,0,320.356446842,291.149696607,1,0.916666666667,1,1,84.6619714286,38.5761257143,-3.13719149788,20.2916666667,19.4166666667,38.3333333333,2026-08-31,2026-08-31,1,True
