date,hour,product,demand_mw,system_awarded_mw,quantity_complete,active_suppliers,hhi_awards,top1_share_of_demand,unfilled_demand_mw
2026-08-01,0,FCR,128.0,132.0,True,2,5775.9412304866855,0.71875,0
2026-08-01,0,aFRRDown,175.0,175.0,True,6,3735.836734693877,0.5714285714285714,0
2026-08-01,0,aFRRUp,175.0,175.0,True,9,1437.061224489796,0.2057142857142857,0
2026-08-01,1,FCR,128.0,128.0,True,2,5703.125,0.6875,0
2026-08-01,1,aFRRDown,175.0,175.0,True,6,3735.836734693877,0.5714285714285714,0
2026-08-01,1,aFRRUp,175.0,175.0,True,9,1437.061224489796,0.2057142857142857,0
2026-08-01,2,FCR,128.0,128.0,True,2,5703.125,0.6875,0
2026-08-01,2,aFRRDown,175.0,175.0,True,6,3735.836734693877,0.5714285714285714,0
2026-08-01,2,aFRRUp,175.0,175.0,True,9,1437.061224489796,0.2057142857142857,0
2026-08-01,3,FCR,128.0,128.0,True,2,5703.125,0.6875,0
2026-08-01,3,aFRRDown,175.0,175.0,True,7,2747.1020408163267,0.46285714285714286,0
2026-08-01,3,aFRRUp,175.0,175.0,True,9,1437.061224489796,0.2057142857142857,0
2026-08-01,4,FCR,128.0,128.0,True,2,5703.125,0.6875,0
2026-08-01,4,aFRRDown,175.0,175.0,True,6,3807.673469387755,0.5714285714285714,0
2026-08-01,4,aFRRUp,175.0,175.0,True,9,1437.061224489796,0.2057142857142857,0
2026-08-01,5,FCR,128.0,128.0,True,2,5703.125,0.6875,0
2026-08-01,5,aFRRDown,175.0,175.0,True,6,3807.673469387755,0.5714285714285714,0
2026-08-01,5,aFRRUp,175.0,175.0,True,9,1437.061224489796,0.2057142857142857,0
2026-08-01,6,FCR,128.0,128.0,True,2,5703.125,0.6875,0
2026-08-01,6,aFRRDown,175.0,175.0,True,6,3735.836734693877,0.5714285714285714,0
2026-08-01,6,aFRRUp,175.0,175.0,True,9,1437.061224489796,0.2057142857142857,0
2026-08-01,7,FCR,128.0,128.0,True,2,5703.125,0.6875,0
2026-08-01,7,aFRRDown,175.0,175.0,True,6,3724.0816326530608,0.5714285714285714,0
2026-08-01,7,aFRRUp,175.0,175.0,True,9,1437.061224489796,0.2057142857142857,0
2026-08-01,8,FCR,128.0,92.0,True,2,5085.066162570888,0.40625,36.0
2026-08-01,8,aFRRDown,175.0,175.0,True,6,3759.3469387755104,0.5714285714285714,0
2026-08-01,8,aFRRUp,175.0,175.0,True,9,1437.061224489796,0.2057142857142857,0
2026-08-01,9,FCR,128.0,92.0,True,2,5085.066162570888,0.40625,36.0
2026-08-01,9,aFRRDown,175.0,175.0,True,5,3883.428571428571,0.5714285714285714,0
2026-08-01,9,aFRRUp,175.0,175.0,True,9,1431.8367346938776,0.2057142857142857,0
2026-08-01,10,FCR,128.0,92.0,True,2,5085.066162570888,0.40625,36.0
2026-08-01,10,aFRRDown,175.0,175.0,True,6,2351.34693877551,0.3657142857142857,0
2026-08-01,10,aFRRUp,175.0,175.0,True,7,3820.0816326530608,0.5714285714285714,0
2026-08-01,11,FCR,128.0,92.0,True,2,5085.066162570888,0.40625,36.0
2026-08-01,11,aFRRDown,175.0,175.0,True,6,2351.34693877551,0.3657142857142857,0
2026-08-01,11,aFRRUp,175.0,175.0,True,6,3842.938775510204,0.5714285714285714,0
2026-08-01,12,FCR,128.0,92.0,True,2,5085.066162570888,0.40625,36.0
2026-08-01,12,aFRRDown,175.0,175.0,True,7,1685.2244897959185,0.2,0
2026-08-01,12,aFRRUp,175.0,175.0,True,6,3842.938775510204,0.5714285714285714,0
2026-08-01,13,FCR,128.0,92.0,True,2,5085.066162570888,0.40625,36.0
2026-08-01,13,aFRRDown,175.0,175.0,True,7,1685.2244897959185,0.2,0
2026-08-01,13,aFRRUp,175.0,175.0,True,6,3842.938775510204,0.5714285714285714,0
2026-08-01,14,FCR,128.0,92.0,True,2,5085.066162570888,0.40625,36.0
2026-08-01,14,aFRRDown,175.0,175.0,True,7,1685.2244897959185,0.2,0
2026-08-01,14,aFRRUp,175.0,175.0,True,6,3842.938775510204,0.5714285714285714,0
2026-08-01,15,FCR,128.0,92.0,True,2,5085.066162570888,0.40625,36.0
2026-08-01,15,aFRRDown,175.0,175.0,True,7,1685.2244897959185,0.2,0
2026-08-01,15,aFRRUp,175.0,175.0,True,7,3829.877551020408,0.5714285714285714,0
2026-08-01,16,FCR,128.0,92.0,True,2,5085.066162570888,0.40625,36.0
2026-08-01,16,aFRRDown,175.0,175.0,True,6,2351.34693877551,0.3657142857142857,0
2026-08-01,16,aFRRUp,175.0,175.0,True,7,3825.3061224489793,0.5714285714285714,0
2026-08-01,17,FCR,128.0,92.0,True,2,5085.066162570888,0.40625,36.0
2026-08-01,17,aFRRDown,175.0,175.0,True,6,2437.5510204081634,0.38857142857142857,0
2026-08-01,17,aFRRUp,175.0,175.0,True,8,1764.2448979591834,0.26857142857142857,0
2026-08-01,18,FCR,128.0,128.0,True,2,5703.125,0.6875,0
2026-08-01,18,aFRRDown,175.0,175.0,True,6,3849.4693877551017,0.5714285714285714,0
2026-08-01,18,aFRRUp,175.0,175.0,True,9,1437.061224489796,0.2057142857142857,0
2026-08-01,19,FCR,128.0,132.0,True,2,5775.9412304866855,0.71875,0
2026-08-01,19,aFRRDown,175.0,175.0,True,6,3724.0816326530608,0.5714285714285714,0
2026-08-01,19,aFRRUp,175.0,175.0,True,9,1437.061224489796,0.2057142857142857,0
2026-08-01,20,FCR,128.0,132.0,True,2,5775.9412304866855,0.71875,0
2026-08-01,20,aFRRDown,175.0,175.0,True,6,3735.836734693877,0.5714285714285714,0
2026-08-01,20,aFRRUp,175.0,175.0,True,9,1437.061224489796,0.2057142857142857,0
2026-08-01,21,FCR,128.0,132.0,True,2,5775.9412304866855,0.71875,0
2026-08-01,21,aFRRDown,175.0,175.0,True,6,3735.836734693877,0.5714285714285714,0
2026-08-01,21,aFRRUp,175.0,175.0,True,9,1437.061224489796,0.2057142857142857,0
2026-08-01,22,FCR,128.0,132.0,True,2,5775.9412304866855,0.71875,0
2026-08-01,22,aFRRDown,175.0,175.0,True,6,3735.836734693877,0.5714285714285714,0
2026-08-01,22,aFRRUp,175.0,175.0,True,9,1437.061224489796,0.2057142857142857,0
2026-08-01,23,FCR,128.0,132.0,True,2,5775.9412304866855,0.71875,0
2026-08-01,23,aFRRDown,175.0,175.0,True,6,3735.836734693877,0.5714285714285714,0
2026-08-01,23,aFRRUp,175.0,175.0,True,9,1437.061224489796,0.2057142857142857,0
2026-08-02,0,FCR,128.0,132.0,True,2,5775.9412304866855,0.71875,0
2026-08-02,0,aFRRDown,175.0,175.0,True,6,3735.836734693877,0.5714285714285714,0
2026-08-02,0,aFRRUp,175.0,175.0,True,9,1437.061224489796,0.2057142857142857,0
2026-08-02,1,FCR,128.0,128.0,True,2,5703.125,0.6875,0
2026-08-02,1,aFRRDown,175.0,175.0,True,6,3735.836734693877,0.5714285714285714,0
2026-08-02,1,aFRRUp,175.0,175.0,True,9,1437.061224489796,0.2057142857142857,0
2026-08-02,2,FCR,128.0,128.0,True,2,5703.125,0.6875,0
2026-08-02,2,aFRRDown,175.0,175.0,True,6,3735.836734693877,0.5714285714285714,0
2026-08-02,2,aFRRUp,175.0,175.0,True,9,1437.061224489796,0.2057142857142857,0
2026-08-02,3,FCR,128.0,128.0,True,2,5703.125,0.6875,0
2026-08-02,3,aFRRDown,175.0,175.0,True,7,2747.1020408163267,0.46285714285714286,0
2026-08-02,3,aFRRUp,175.0,175.0,True,9,1437.061224489796,0.2057142857142857,0
2026-08-02,4,FCR,128.0,128.0,True,2,5703.125,0.6875,0
2026-08-02,4,aFRRDown,175.0,175.0,True,6,3807.673469387755,0.5714285714285714,0
2026-08-02,4,aFRRUp,175.0,175.0,True,9,1437.061224489796,0.2057142857142857,0
2026-08-02,5,FCR,128.0,128.0,True,2,5703.125,0.6875,0
2026-08-02,5,aFRRDown,175.0,175.0,True,6,3807.673469387755,0.5714285714285714,0
2026-08-02,5,aFRRUp,175.0,175.0,True,9,1437.061224489796,0.2057142857142857,0
2026-08-02,6,FCR,128.0,128.0,True,2,5703.125,0.6875,0
2026-08-02,6,aFRRDown,175.0,175.0,True,6,3735.836734693877,0.5714285714285714,0
2026-08-02,6,aFRRUp,175.0,175.0,True,9,1437.061224489796,0.2057142857142857,0
2026-08-02,7,FCR,128.0,128.0,True,2,5703.125,0.6875,0
2026-08-02,7,aFRRDown,175.0,175.0,True,6,3724.0816326530608,0.5714285714285714,0
2026-08-02,7,aFRRUp,175.0,175.0,True,9,1437.061224489796,0.2057142857142857,0
2026-08-02,8,FCR,128.0,52.0,True,1,10000.0,0.40625,76.0
2026-08-02,8,aFRRDown,175.0,175.0,True,7,2797.387755102041,0.46285714285714286,0
2026-08-02,8,aFRRUp,175.0,175.0,True,9,1437.061224489796,0.2057142857142857,0
2026-08-02,9,FCR,128.0,52.0,True,1,10000.0,0.40625,76.0
2026-08-02,9,aFRRDown,175.0,175.0,True,6,2609.9591836734694,0.4228571428571429,0
2026-08-02,9,aFRRUp,175.0,175.0,True,9,1431.1836734693877,0.2057142857142857,0
2026-08-02,10,FCR,128.0,72.0,True,2,5987.6543209876545,0.40625,56.0
2026-08-02,10,aFRRDown,175.0,175.0,True,6,2351.34693877551,0.3657142857142857,0
2026-08-02,10,aFRRUp,175.0,175.0,True,9,1797.5510204081631,0.2857142857142857,0
2026-08-02,11,FCR,128.0,72.0,True,2,5987.6543209876545,0.40625,56.0
2026-08-02,11,aFRRDown,175.0,175.0,True,6,2351.34693877551,0.3657142857142857,0
2026-08-02,11,aFRRUp,175.0,175.0,True,8,1828.8979591836733,0.2857142857142857,0
2026-08-02,12,FCR,128.0,72.0,True,2,5987.6543209876545,0.40625,56.0
2026-08-02,12,aFRRDown,175.0,175.0,True,7,1685.2244897959185,0.2,0
2026-08-02,12,aFRRUp,175.0,175.0,True,8,1828.8979591836733,0.2857142857142857,0
2026-08-02,13,FCR,128.0,72.0,True,2,5987.6543209876545,0.40625,56.0
2026-08-02,13,aFRRDown,175.0,175.0,True,7,1685.2244897959185,0.2,0
2026-08-02,13,aFRRUp,175.0,175.0,True,8,1828.8979591836733,0.2857142857142857,0
2026-08-02,14,FCR,128.0,72.0,True,2,5987.6543209876545,0.40625,56.0
2026-08-02,14,aFRRDown,175.0,175.0,True,7,1685.2244897959185,0.2,0
2026-08-02,14,aFRRUp,175.0,175.0,True,8,1828.8979591836733,0.2857142857142857,0
2026-08-02,15,FCR,128.0,72.0,True,2,5987.6543209876545,0.40625,56.0
2026-08-02,15,aFRRDown,175.0,175.0,True,7,1685.2244897959185,0.2,0
2026-08-02,15,aFRRUp,175.0,175.0,True,9,1802.7755102040815,0.2857142857142857,0
2026-08-02,16,FCR,128.0,72.0,True,2,5987.6543209876545,0.40625,56.0
2026-08-02,16,aFRRDown,175.0,175.0,True,6,2351.34693877551,0.3657142857142857,0
2026-08-02,16,aFRRUp,175.0,175.0,True,9,1802.7755102040815,0.2857142857142857,0
2026-08-02,17,FCR,128.0,52.0,True,1,10000.0,0.40625,76.0
2026-08-02,17,aFRRDown,175.0,175.0,True,6,2488.4897959183677,0.4,0
2026-08-02,17,aFRRUp,175.0,175.0,True,9,1433.7959183673468,0.2057142857142857,0
2026-08-02,18,FCR,128.0,52.0,True,1,10000.0,0.40625,76.0
2026-08-02,18,aFRRDown,175.0,175.0,True,6,2744.4897959183672,0.44571428571428573,0
2026-08-02,18,aFRRUp,175.0,175.0,True,9,1437.061224489796,0.2057142857142857,0
2026-08-02,19,FCR,128.0,92.0,True,1,10000.0,0.71875,36.0
2026-08-02,19,aFRRDown,175.0,175.0,True,7,2745.142857142857,0.46285714285714286,0
2026-08-02,19,aFRRUp,175.0,175.0,True,9,1437.061224489796,0.2057142857142857,0
2026-08-02,20,FCR,128.0,92.0,True,1,10000.0,0.71875,36.0
2026-08-02,20,aFRRDown,175.0,175.0,True,7,2747.1020408163267,0.46285714285714286,0
2026-08-02,20,aFRRUp,175.0,175.0,True,9,1437.061224489796,0.2057142857142857,0
2026-08-02,21,FCR,128.0,92.0,True,1,10000.0,0.71875,36.0
2026-08-02,21,aFRRDown,175.0,175.0,True,7,2747.1020408163267,0.46285714285714286,0
2026-08-02,21,aFRRUp,175.0,175.0,True,9,1437.061224489796,0.2057142857142857,0
2026-08-02,22,FCR,128.0,132.0,True,2,5775.9412304866855,0.71875,0
2026-08-02,22,aFRRDown,175.0,175.0,True,6,3735.836734693877,0.5714285714285714,0
2026-08-02,22,aFRRUp,175.0,175.0,True,9,1437.061224489796,0.2057142857142857,0
2026-08-02,23,FCR,128.0,132.0,True,2,5775.9412304866855,0.71875,0
2026-08-02,23,aFRRDown,175.0,175.0,True,6,3735.836734693877,0.5714285714285714,0
2026-08-02,23,aFRRUp,175.0,175.0,True,9,1437.061224489796,0.2057142857142857,0
2026-08-03,0,FCR,128.0,132.0,True,2,5775.9412304866855,0.71875,0
2026-08-03,0,aFRRDown,175.0,175.0,True,6,3735.836734693877,0.5714285714285714,0
2026-08-03,0,aFRRUp,175.0,175.0,True,8,1781.877551020408,0.2857142857142857,0
2026-08-03,1,FCR,128.0,120.0,True,2,5555.555555555556,0.625,8.0
2026-08-03,1,aFRRDown,175.0,175.0,True,6,3735.836734693877,0.5714285714285714,0
2026-08-03,1,aFRRUp,175.0,175.0,True,8,1781.877551020408,0.2857142857142857,0
2026-08-03,2,FCR,128.0,120.0,True,2,5555.555555555556,0.625,8.0
2026-08-03,2,aFRRDown,175.0,175.0,True,6,3735.836734693877,0.5714285714285714,0
2026-08-03,2,aFRRUp,175.0,175.0,True,8,1781.877551020408,0.2857142857142857,0
2026-08-03,3,FCR,128.0,120.0,True,2,5555.555555555556,0.625,8.0
2026-08-03,3,aFRRDown,175.0,175.0,True,7,2436.8979591836733,0.4057142857142857,0
2026-08-03,3,aFRRUp,175.0,175.0,True,8,1781.877551020408,0.2857142857142857,0
2026-08-03,4,FCR,128.0,120.0,True,2,5555.555555555556,0.625,8.0
2026-08-03,4,aFRRDown,175.0,175.0,True,5,3983.9999999999995,0.5714285714285714,0
2026-08-03,4,aFRRUp,175.0,175.0,True,8,1781.877551020408,0.2857142857142857,0
2026-08-03,5,FCR,128.0,120.0,True,2,5555.555555555556,0.625,8.0
2026-08-03,5,aFRRDown,175.0,175.0,True,5,3983.9999999999995,0.5714285714285714,0
2026-08-03,5,aFRRUp,175.0,175.0,True,8,1781.877551020408,0.2857142857142857,0
2026-08-03,6,FCR,128.0,128.0,True,2,5703.125,0.6875,0
2026-08-03,6,aFRRDown,175.0,175.0,True,6,3735.836734693877,0.5714285714285714,0
2026-08-03,6,aFRRUp,175.0,175.0,True,8,1781.877551020408,0.2857142857142857,0
2026-08-03,7,FCR,128.0,128.0,True,2,5703.125,0.6875,0
2026-08-03,7,aFRRDown,175.0,175.0,True,6,3724.0816326530608,0.5714285714285714,0
2026-08-03,7,aFRRUp,175.0,175.0,True,8,1781.877551020408,0.2857142857142857,0
2026-08-03,8,FCR,128.0,128.0,True,2,5703.125,0.6875,0
2026-08-03,8,aFRRDown,175.0,175.0,True,6,3750.2040816326526,0.5714285714285714,0
2026-08-03,8,aFRRUp,175.0,175.0,True,8,1781.877551020408,0.2857142857142857,0
2026-08-03,9,FCR,128.0,92.0,True,2,5085.066162570888,0.40625,36.0
2026-08-03,9,aFRRDown,175.0,175.0,True,5,3866.4489795918366,0.5714285714285714,0
2026-08-03,9,aFRRUp,175.0,175.0,True,8,1792.3265306122448,0.2857142857142857,0
2026-08-03,10,FCR,128.0,92.0,True,2,5085.066162570888,0.40625,36.0
2026-08-03,10,aFRRDown,175.0,175.0,True,5,3981.3877551020405,0.5714285714285714,0
2026-08-03,10,aFRRUp,175.0,175.0,True,9,1797.5510204081631,0.2857142857142857,0
2026-08-03,11,FCR,128.0,92.0,True,2,5085.066162570888,0.40625,36.0
2026-08-03,11,aFRRDown,175.0,175.0,True,6,2351.34693877551,0.3657142857142857,0
2026-08-03,11,aFRRUp,175.0,175.0,True,6,3842.938775510204,0.5714285714285714,0
2026-08-03,12,FCR,128.0,92.0,True,2,5085.066162570888,0.40625,36.0
2026-08-03,12,aFRRDown,175.0,175.0,True,7,1894.204081632653,0.2857142857142857,0
2026-08-03,12,aFRRUp,175.0,175.0,True,6,3842.938775510204,0.5714285714285714,0
2026-08-03,13,FCR,128.0,92.0,True,2,5085.066162570888,0.40625,36.0
2026-08-03,13,aFRRDown,175.0,175.0,True,7,1894.204081632653,0.2857142857142857,0
2026-08-03,13,aFRRUp,175.0,175.0,True,6,3842.938775510204,0.5714285714285714,0
2026-08-03,14,FCR,128.0,92.0,True,2,5085.066162570888,0.40625,36.0
2026-08-03,14,aFRRDown,175.0,175.0,True,7,1894.204081632653,0.2857142857142857,0
2026-08-03,14,aFRRUp,175.0,175.0,True,6,3842.938775510204,0.5714285714285714,0
2026-08-03,15,FCR,128.0,92.0,True,2,5085.066162570888,0.40625,36.0
2026-08-03,15,aFRRDown,175.0,175.0,True,7,1894.204081632653,0.2857142857142857,0
2026-08-03,15,aFRRUp,175.0,175.0,True,7,3822.04081632653,0.5714285714285714,0
2026-08-03,16,FCR,128.0,92.0,True,2,5085.066162570888,0.40625,36.0
2026-08-03,16,aFRRDown,175.0,175.0,True,5,3981.3877551020405,0.5714285714285714,0
2026-08-03,16,aFRRUp,175.0,175.0,True,9,1807.3469387755101,0.2857142857142857,0
2026-08-03,17,FCR,128.0,128.0,True,2,5703.125,0.6875,0
2026-08-03,17,aFRRDown,175.0,175.0,True,5,3899.1020408163263,0.5714285714285714,0
2026-08-03,17,aFRRUp,175.0,175.0,True,8,1727.673469387755,0.2571428571428571,0
2026-08-03,18,FCR,128.0,132.0,True,2,5775.9412304866855,0.71875,0
2026-08-03,18,aFRRDown,175.0,175.0,True,6,3836.4081632653056,0.5714285714285714,0
2026-08-03,18,aFRRUp,175.0,175.0,True,8,1781.877551020408,0.2857142857142857,0
2026-08-03,19,FCR,128.0,132.0,True,2,5775.9412304866855,0.71875,0
2026-08-03,19,aFRRDown,175.0,175.0,True,6,3724.0816326530608,0.5714285714285714,0
2026-08-03,19,aFRRUp,175.0,175.0,True,8,1781.877551020408,0.2857142857142857,0
2026-08-03,20,FCR,128.0,132.0,True,2,5775.9412304866855,0.71875,0
2026-08-03,20,aFRRDown,175.0,175.0,True,6,3735.836734693877,0.5714285714285714,0
2026-08-03,20,aFRRUp,175.0,175.0,True,8,1766.204081632653,0.2857142857142857,0
2026-08-03,21,FCR,128.0,132.0,True,2,5775.9412304866855,0.71875,0
2026-08-03,21,aFRRDown,175.0,175.0,True,6,3735.836734693877,0.5714285714285714,0
2026-08-03,21,aFRRUp,175.0,175.0,True,8,1766.204081632653,0.2857142857142857,0
2026-08-03,22,FCR,128.0,132.0,True,2,5775.9412304866855,0.71875,0
2026-08-03,22,aFRRDown,175.0,175.0,True,6,3735.836734693877,0.5714285714285714,0
2026-08-03,22,aFRRUp,175.0,175.0,True,8,1711.3469387755101,0.25142857142857145,0
2026-08-03,23,FCR,128.0,132.0,True,2,5775.9412304866855,0.71875,0
2026-08-03,23,aFRRDown,175.0,175.0,True,6,3735.836734693877,0.5714285714285714,0
2026-08-03,23,aFRRUp,175.0,175.0,True,8,1781.877551020408,0.2857142857142857,0
2026-08-04,0,FCR,128.0,128.0,True,2,5703.125,0.6875,0
2026-08-04,0,aFRRDown,175.0,175.0,True,7,2747.1020408163267,0.46285714285714286,0
2026-08-04,0,aFRRUp,175.0,175.0,True,9,1757.7142857142856,0.2857142857142857,0
2026-08-04,1,FCR,128.0,126.0,True,2,5666.414714033762,0.671875,2.0
2026-08-04,1,aFRRDown,175.0,175.0,True,7,2747.1020408163267,0.46285714285714286,0
2026-08-04,1,aFRRUp,175.0,175.0,True,9,1757.7142857142856,0.2857142857142857,0
2026-08-04,2,FCR,128.0,126.0,True,2,5666.414714033762,0.671875,2.0
2026-08-04,2,aFRRDown,175.0,175.0,True,7,2747.1020408163267,0.46285714285714286,0
2026-08-04,2,aFRRUp,175.0,175.0,True,9,1757.7142857142856,0.2857142857142857,0
2026-08-04,3,FCR,128.0,126.0,True,2,5666.414714033762,0.671875,2.0
2026-08-04,3,aFRRDown,175.0,175.0,True,8,3682.938775510204,0.5714285714285714,0
2026-08-04,3,aFRRUp,175.0,175.0,True,9,1757.7142857142856,0.2857142857142857,0
2026-08-04,4,FCR,128.0,126.0,True,2,5666.414714033762,0.671875,2.0
2026-08-04,4,aFRRDown,175.0,175.0,True,8,2927.9999999999995,0.4514285714285714,0
2026-08-04,4,aFRRUp,175.0,175.0,True,9,1757.7142857142856,0.2857142857142857,0
2026-08-04,5,FCR,128.0,126.0,True,2,5666.414714033762,0.671875,2.0
2026-08-04,5,aFRRDown,175.0,175.0,True,8,2829.387755102041,0.4685714285714286,0
2026-08-04,5,aFRRUp,175.0,175.0,True,9,1757.7142857142856,0.2857142857142857,0
2026-08-04,6,FCR,128.0,126.0,True,2,5666.414714033762,0.671875,2.0
2026-08-04,6,aFRRDown,175.0,175.0,True,7,2747.1020408163267,0.46285714285714286,0
2026-08-04,6,aFRRUp,175.0,175.0,True,9,1757.7142857142856,0.2857142857142857,0
2026-08-04,7,FCR,128.0,126.0,True,2,5666.414714033762,0.671875,2.0
2026-08-04,7,aFRRDown,175.0,175.0,True,7,2745.142857142857,0.46285714285714286,0
2026-08-04,7,aFRRUp,175.0,175.0,True,9,1757.7142857142856,0.2857142857142857,0
2026-08-04,8,FCR,128.0,126.0,True,2,5666.414714033762,0.671875,2.0
2026-08-04,8,aFRRDown,175.0,175.0,True,7,2797.387755102041,0.46285714285714286,0
2026-08-04,8,aFRRUp,175.0,175.0,True,9,1757.7142857142856,0.2857142857142857,0
2026-08-04,9,FCR,128.0,126.0,True,2,5666.414714033762,0.671875,2.0
2026-08-04,9,aFRRDown,175.0,175.0,True,5,3874.285714285714,0.5714285714285714,0
2026-08-04,9,aFRRUp,175.0,175.0,True,9,1761.6326530612246,0.2857142857142857,0
2026-08-04,10,FCR,128.0,90.0,True,2,5061.728395061728,0.390625,38.0
2026-08-04,10,aFRRDown,175.0,175.0,True,6,2917.5510204081634,0.46285714285714286,0
2026-08-04,10,aFRRUp,175.0,175.0,True,10,1856.9795918367347,0.2857142857142857,0
2026-08-04,11,FCR,128.0,90.0,True,2,5061.728395061728,0.390625,38.0
2026-08-04,11,aFRRDown,175.0,175.0,True,6,3970.938775510204,0.5714285714285714,0
2026-08-04,11,aFRRUp,175.0,175.0,True,9,1866.1224489795916,0.2857142857142857,0
2026-08-04,12,FCR,128.0,90.0,True,2,5061.728395061728,0.390625,38.0
2026-08-04,12,aFRRDown,175.0,175.0,True,6,3970.938775510204,0.5714285714285714,0
2026-08-04,12,aFRRUp,175.0,175.0,True,9,1866.1224489795916,0.2857142857142857,0
2026-08-04,13,FCR,128.0,90.0,True,2,5061.728395061728,0.390625,38.0
2026-08-04,13,aFRRDown,175.0,175.0,True,6,3970.938775510204,0.5714285714285714,0
2026-08-04,13,aFRRUp,175.0,175.0,True,9,1866.1224489795916,0.2857142857142857,0
2026-08-04,14,FCR,128.0,90.0,True,2,5061.728395061728,0.390625,38.0
2026-08-04,14,aFRRDown,175.0,175.0,True,6,3970.938775510204,0.5714285714285714,0
2026-08-04,14,aFRRUp,175.0,175.0,True,9,1866.1224489795916,0.2857142857142857,0
2026-08-04,15,FCR,128.0,90.0,True,2,5061.728395061728,0.390625,38.0
2026-08-04,15,aFRRDown,175.0,175.0,True,6,3970.938775510204,0.5714285714285714,0
2026-08-04,15,aFRRUp,175.0,175.0,True,10,1856.9795918367347,0.2857142857142857,0
2026-08-04,16,FCR,128.0,90.0,True,2,5061.728395061728,0.390625,38.0
2026-08-04,16,aFRRDown,175.0,175.0,True,6,3970.938775510204,0.5714285714285714,0
2026-08-04,16,aFRRUp,175.0,175.0,True,10,1860.8979591836733,0.2857142857142857,0
2026-08-04,17,FCR,128.0,126.0,True,2,5666.414714033762,0.671875,2.0
2026-08-04,17,aFRRDown,175.0,175.0,True,6,3900.408163265306,0.5714285714285714,0
2026-08-04,17,aFRRUp,175.0,175.0,True,9,1693.7142857142856,0.24,0
2026-08-04,18,FCR,128.0,126.0,True,2,5666.414714033762,0.671875,2.0
2026-08-04,18,aFRRDown,175.0,175.0,True,6,3818.122448979592,0.5714285714285714,0
2026-08-04,18,aFRRUp,175.0,175.0,True,9,1779.9183673469388,0.2857142857142857,0
2026-08-04,19,FCR,128.0,128.0,True,2,5703.125,0.6875,0
2026-08-04,19,aFRRDown,175.0,175.0,True,5,3933.0612244897957,0.5714285714285714,0
2026-08-04,19,aFRRUp,175.0,175.0,True,10,1643.4285714285713,0.2857142857142857,0
2026-08-04,20,FCR,128.0,128.0,True,2,5703.125,0.6875,0
2026-08-04,20,aFRRDown,175.0,175.0,True,5,3983.9999999999995,0.5714285714285714,0
2026-08-04,20,aFRRUp,175.0,175.0,True,10,1643.4285714285713,0.2857142857142857,0
2026-08-04,21,FCR,128.0,128.0,True,2,5703.125,0.6875,0
2026-08-04,21,aFRRDown,175.0,175.0,True,5,3983.9999999999995,0.5714285714285714,0
2026-08-04,21,aFRRUp,175.0,175.0,True,10,1643.4285714285713,0.2857142857142857,0
2026-08-04,22,FCR,128.0,128.0,True,2,5703.125,0.6875,0
2026-08-04,22,aFRRDown,175.0,175.0,True,5,3983.9999999999995,0.5714285714285714,0
2026-08-04,22,aFRRUp,175.0,175.0,True,10,1643.4285714285713,0.2857142857142857,0
2026-08-04,23,FCR,128.0,128.0,True,2,5703.125,0.6875,0
2026-08-04,23,aFRRDown,175.0,175.0,True,5,3983.9999999999995,0.5714285714285714,0
2026-08-04,23,aFRRUp,175.0,175.0,True,10,1643.4285714285713,0.2857142857142857,0
2026-08-05,0,FCR,128.0,128.0,True,2,5703.125,0.6875,0
2026-08-05,0,aFRRDown,175.0,175.0,True,7,2747.1020408163267,0.46285714285714286,0
2026-08-05,0,aFRRUp,175.0,175.0,True,9,1757.7142857142856,0.2857142857142857,0
2026-08-05,1,FCR,128.0,126.0,True,2,5666.414714033762,0.671875,2.0
2026-08-05,1,aFRRDown,175.0,175.0,True,7,2747.1020408163267,0.46285714285714286,0
2026-08-05,1,aFRRUp,175.0,175.0,True,9,1757.7142857142856,0.2857142857142857,0
2026-08-05,2,FCR,128.0,126.0,True,2,5666.414714033762,0.671875,2.0
2026-08-05,2,aFRRDown,175.0,175.0,True,7,2747.1020408163267,0.46285714285714286,0
2026-08-05,2,aFRRUp,175.0,175.0,True,9,1757.7142857142856,0.2857142857142857,0
2026-08-05,3,FCR,128.0,126.0,True,2,5666.414714033762,0.671875,2.0
2026-08-05,3,aFRRDown,175.0,175.0,True,8,2346.775510204082,0.3942857142857143,0
2026-08-05,3,aFRRUp,175.0,175.0,True,9,1757.7142857142856,0.2857142857142857,0
2026-08-05,4,FCR,128.0,126.0,True,2,5666.414714033762,0.671875,2.0
2026-08-05,4,aFRRDown,175.0,175.0,True,8,2927.9999999999995,0.4514285714285714,0
2026-08-05,4,aFRRUp,175.0,175.0,True,9,1757.7142857142856,0.2857142857142857,0
2026-08-05,5,FCR,128.0,126.0,True,2,5666.414714033762,0.671875,2.0
2026-08-05,5,aFRRDown,175.0,175.0,True,8,2829.387755102041,0.4685714285714286,0
2026-08-05,5,aFRRUp,175.0,175.0,True,9,1757.7142857142856,0.2857142857142857,0
2026-08-05,6,FCR,128.0,126.0,True,2,5666.414714033762,0.671875,2.0
2026-08-05,6,aFRRDown,175.0,175.0,True,7,2747.1020408163267,0.46285714285714286,0
2026-08-05,6,aFRRUp,175.0,175.0,True,9,1757.7142857142856,0.2857142857142857,0
2026-08-05,7,FCR,128.0,126.0,True,2,5666.414714033762,0.671875,2.0
2026-08-05,7,aFRRDown,175.0,175.0,True,6,3746.285714285714,0.5714285714285714,0
2026-08-05,7,aFRRUp,175.0,175.0,True,9,1807.9999999999998,0.2857142857142857,0
2026-08-05,8,FCR,128.0,126.0,True,2,5666.414714033762,0.671875,2.0
2026-08-05,8,aFRRDown,175.0,175.0,True,6,3816.816326530612,0.5714285714285714,0
2026-08-05,8,aFRRUp,175.0,175.0,True,9,1757.7142857142856,0.2857142857142857,0
2026-08-05,9,FCR,128.0,126.0,True,2,5666.414714033762,0.671875,2.0
2026-08-05,9,aFRRDown,175.0,175.0,True,5,3964.408163265306,0.5714285714285714,0
2026-08-05,9,aFRRUp,175.0,175.0,True,10,1734.2040816326532,0.2857142857142857,0
2026-08-05,10,FCR,128.0,90.0,True,2,5061.728395061728,0.390625,38.0
2026-08-05,10,aFRRDown,175.0,175.0,True,6,3028.571428571429,0.46285714285714286,0
2026-08-05,10,aFRRUp,175.0,175.0,True,9,1894.857142857143,0.2857142857142857,0
2026-08-05,11,FCR,128.0,90.0,True,2,5061.728395061728,0.390625,38.0
2026-08-05,11,aFRRDown,175.0,175.0,True,6,3028.571428571429,0.46285714285714286,0
2026-08-05,11,aFRRUp,175.0,175.0,True,5,3983.9999999999995,0.5714285714285714,0
2026-08-05,12,FCR,128.0,90.0,True,2,5061.728395061728,0.390625,38.0
2026-08-05,12,aFRRDown,175.0,175.0,True,8,1668.8979591836737,0.2342857142857143,0
2026-08-05,12,aFRRUp,175.0,175.0,True,5,3983.9999999999995,0.5714285714285714,0
2026-08-05,13,FCR,128.0,90.0,True,2,5061.728395061728,0.390625,38.0
2026-08-05,13,aFRRDown,175.0,175.0,True,8,1668.8979591836737,0.2342857142857143,0
2026-08-05,13,aFRRUp,175.0,175.0,True,5,3983.9999999999995,0.5714285714285714,0
2026-08-05,14,FCR,128.0,90.0,True,2,5061.728395061728,0.390625,38.0
2026-08-05,14,aFRRDown,175.0,175.0,True,8,1668.8979591836737,0.2342857142857143,0
2026-08-05,14,aFRRUp,175.0,175.0,True,5,3983.9999999999995,0.5714285714285714,0
2026-08-05,15,FCR,128.0,90.0,True,2,5061.728395061728,0.390625,38.0
2026-08-05,15,aFRRDown,175.0,175.0,True,8,1668.8979591836737,0.2342857142857143,0
2026-08-05,15,aFRRUp,175.0,175.0,True,5,3983.9999999999995,0.5714285714285714,0
2026-08-05,16,FCR,128.0,90.0,True,2,5061.728395061728,0.390625,38.0
2026-08-05,16,aFRRDown,175.0,175.0,True,6,2862.0408163265306,0.46285714285714286,0
2026-08-05,16,aFRRUp,175.0,175.0,True,9,1856.9795918367347,0.2857142857142857,0
2026-08-05,17,FCR,128.0,126.0,True,2,5666.414714033762,0.671875,2.0
2026-08-05,17,aFRRDown,175.0,175.0,True,6,2862.0408163265306,0.46285714285714286,0
2026-08-05,17,aFRRUp,175.0,175.0,True,8,1819.7551020408162,0.2742857142857143,0
2026-08-05,18,FCR,128.0,128.0,True,2,5703.125,0.6875,0
2026-08-05,18,aFRRDown,175.0,175.0,True,6,2884.8979591836737,0.46285714285714286,0
2026-08-05,18,aFRRUp,175.0,175.0,True,9,1858.2857142857142,0.2857142857142857,0
2026-08-05,19,FCR,128.0,128.0,True,2,5703.125,0.6875,0
2026-08-05,19,aFRRDown,175.0,175.0,True,7,2747.1020408163267,0.46285714285714286,0
2026-08-05,19,aFRRUp,175.0,175.0,True,8,1868.7346938775509,0.2857142857142857,0
2026-08-05,20,FCR,128.0,128.0,True,2,5703.125,0.6875,0
2026-08-05,20,aFRRDown,175.0,175.0,True,7,2747.1020408163267,0.46285714285714286,0
2026-08-05,20,aFRRUp,175.0,175.0,True,8,2207.673469387755,0.30857142857142855,0
2026-08-05,21,FCR,128.0,128.0,True,2,5703.125,0.6875,0
2026-08-05,21,aFRRDown,175.0,175.0,True,7,2747.1020408163267,0.46285714285714286,0
2026-08-05,21,aFRRUp,175.0,175.0,True,8,2207.673469387755,0.30857142857142855,0
2026-08-05,22,FCR,128.0,128.0,True,2,5703.125,0.6875,0
2026-08-05,22,aFRRDown,175.0,175.0,True,7,2747.1020408163267,0.46285714285714286,0
2026-08-05,22,aFRRUp,175.0,175.0,True,8,2207.673469387755,0.30857142857142855,0
2026-08-05,23,FCR,128.0,128.0,True,2,5703.125,0.6875,0
2026-08-05,23,aFRRDown,175.0,175.0,True,7,2747.1020408163267,0.46285714285714286,0
2026-08-05,23,aFRRUp,175.0,175.0,True,9,1745.9591836734692,0.2857142857142857,0
2026-08-06,0,FCR,128.0,128.0,True,2,5703.125,0.6875,0
2026-08-06,0,aFRRDown,175.0,175.0,True,6,3735.836734693877,0.5714285714285714,0
2026-08-06,0,aFRRUp,175.0,175.0,True,9,1711.3469387755101,0.2857142857142857,0
2026-08-06,1,FCR,128.0,126.0,True,2,5666.414714033762,0.671875,2.0
2026-08-06,1,aFRRDown,175.0,175.0,True,6,3735.836734693877,0.5714285714285714,0
2026-08-06,1,aFRRUp,175.0,175.0,True,9,1711.3469387755101,0.2857142857142857,0
2026-08-06,2,FCR,128.0,126.0,True,2,5666.414714033762,0.671875,2.0
2026-08-06,2,aFRRDown,175.0,175.0,True,6,3735.836734693877,0.5714285714285714,0
2026-08-06,2,aFRRUp,175.0,175.0,True,9,1711.3469387755101,0.2857142857142857,0
2026-08-06,3,FCR,128.0,126.0,True,2,5666.414714033762,0.671875,2.0
2026-08-06,3,aFRRDown,175.0,175.0,True,8,3682.938775510204,0.5714285714285714,0
2026-08-06,3,aFRRUp,175.0,175.0,True,9,1711.3469387755101,0.2857142857142857,0
2026-08-06,4,FCR,128.0,126.0,True,2,5666.414714033762,0.671875,2.0
2026-08-06,4,aFRRDown,175.0,175.0,True,7,3031.1836734693875,0.46285714285714286,0
2026-08-06,4,aFRRUp,175.0,175.0,True,9,1711.3469387755101,0.2857142857142857,0
2026-08-06,5,FCR,128.0,126.0,True,2,5666.414714033762,0.671875,2.0
2026-08-06,5,aFRRDown,175.0,175.0,True,7,2936.4897959183672,0.48,0
2026-08-06,5,aFRRUp,175.0,175.0,True,9,1711.3469387755101,0.2857142857142857,0
2026-08-06,6,FCR,128.0,126.0,True,2,5666.414714033762,0.671875,2.0
2026-08-06,6,aFRRDown,175.0,175.0,True,6,3735.836734693877,0.5714285714285714,0
2026-08-06,6,aFRRUp,175.0,175.0,True,9,1711.3469387755101,0.2857142857142857,0
2026-08-06,7,FCR,128.0,126.0,True,2,5666.414714033762,0.671875,2.0
2026-08-06,7,aFRRDown,175.0,175.0,True,7,2745.142857142857,0.46285714285714286,0
2026-08-06,7,aFRRUp,175.0,175.0,True,9,1729.6326530612243,0.2857142857142857,0
2026-08-06,8,FCR,128.0,126.0,True,2,5666.414714033762,0.671875,2.0
2026-08-06,8,aFRRDown,175.0,175.0,True,7,2786.2857142857147,0.46285714285714286,0
2026-08-06,8,aFRRUp,175.0,175.0,True,9,1701.5510204081631,0.2857142857142857,0
2026-08-06,9,FCR,128.0,126.0,True,2,5666.414714033762,0.671875,2.0
2026-08-06,9,aFRRDown,175.0,175.0,True,5,3899.1020408163263,0.5714285714285714,0
2026-08-06,9,aFRRUp,175.0,175.0,True,9,1700.2448979591836,0.2857142857142857,0
2026-08-06,10,FCR,128.0,90.0,True,2,5061.728395061728,0.390625,38.0
2026-08-06,10,aFRRDown,175.0,175.0,True,5,3981.3877551020405,0.5714285714285714,0
2026-08-06,10,aFRRUp,175.0,175.0,True,8,1817.7959183673468,0.2857142857142857,0
2026-08-06,11,FCR,128.0,90.0,True,2,5061.728395061728,0.390625,38.0
2026-08-06,11,aFRRDown,175.0,175.0,True,5,3981.3877551020405,0.5714285714285714,0
2026-08-06,11,aFRRUp,175.0,175.0,True,8,1928.1632653061226,0.26857142857142857,0
2026-08-06,12,FCR,128.0,90.0,True,2,5061.728395061728,0.390625,38.0
2026-08-06,12,aFRRDown,175.0,175.0,True,8,1668.8979591836737,0.2342857142857143,0
2026-08-06,12,aFRRUp,175.0,175.0,True,7,2020.2448979591836,0.2857142857142857,0
2026-08-06,13,FCR,128.0,90.0,True,2,5061.728395061728,0.390625,38.0
2026-08-06,13,aFRRDown,175.0,175.0,True,8,1668.8979591836737,0.2342857142857143,0
2026-08-06,13,aFRRUp,175.0,175.0,True,7,2020.2448979591836,0.2857142857142857,0
2026-08-06,14,FCR,128.0,90.0,True,2,5061.728395061728,0.390625,38.0
2026-08-06,14,aFRRDown,175.0,175.0,True,8,1668.8979591836737,0.2342857142857143,0
2026-08-06,14,aFRRUp,175.0,175.0,True,8,1957.5510204081634,0.2742857142857143,0
2026-08-06,15,FCR,128.0,90.0,True,2,5061.728395061728,0.390625,38.0
2026-08-06,15,aFRRDown,175.0,175.0,True,8,1668.8979591836737,0.2342857142857143,0
2026-08-06,15,aFRRUp,175.0,175.0,True,8,1881.142857142857,0.26857142857142857,0
2026-08-06,16,FCR,128.0,90.0,True,2,5061.728395061728,0.390625,38.0
2026-08-06,16,aFRRDown,175.0,175.0,True,6,2351.34693877551,0.3657142857142857,0
2026-08-06,16,aFRRUp,175.0,175.0,True,8,1812.5714285714284,0.2857142857142857,0
2026-08-06,17,FCR,128.0,126.0,True,2,5666.414714033762,0.671875,2.0
2026-08-06,17,aFRRDown,175.0,175.0,True,6,2515.918367346939,0.4057142857142857,0
2026-08-06,17,aFRRUp,175.0,175.0,True,8,1606.8571428571427,0.22285714285714286,0
2026-08-06,18,FCR,128.0,128.0,True,2,5703.125,0.6875,0
2026-08-06,18,aFRRDown,175.0,175.0,True,6,3824.6530612244896,0.5714285714285714,0
2026-08-06,18,aFRRUp,175.0,175.0,True,9,1773.3877551020407,0.2857142857142857,0
2026-08-06,19,FCR,128.0,128.0,True,2,5703.125,0.6875,0
2026-08-06,19,aFRRDown,175.0,175.0,True,6,3726.69387755102,0.5714285714285714,0
2026-08-06,19,aFRRUp,175.0,175.0,True,8,1869.3877551020407,0.2857142857142857,0
2026-08-06,20,FCR,128.0,128.0,True,2,5703.125,0.6875,0
2026-08-06,20,aFRRDown,175.0,175.0,True,6,3735.836734693877,0.5714285714285714,0
2026-08-06,20,aFRRUp,175.0,175.0,True,8,1892.8979591836733,0.2857142857142857,0
2026-08-06,21,FCR,128.0,128.0,True,2,5703.125,0.6875,0
2026-08-06,21,aFRRDown,175.0,175.0,True,6,3735.836734693877,0.5714285714285714,0
2026-08-06,21,aFRRUp,175.0,175.0,True,8,1892.8979591836733,0.2857142857142857,0
2026-08-06,22,FCR,128.0,128.0,True,2,5703.125,0.6875,0
2026-08-06,22,aFRRDown,175.0,175.0,True,6,3735.836734693877,0.5714285714285714,0
2026-08-06,22,aFRRUp,175.0,175.0,True,8,1892.8979591836733,0.2857142857142857,0
2026-08-06,23,FCR,128.0,128.0,True,2,5703.125,0.6875,0
2026-08-06,23,aFRRDown,175.0,175.0,True,6,3735.836734693877,0.5714285714285714,0
2026-08-06,23,aFRRUp,175.0,175.0,True,9,1668.2448979591836,0.2857142857142857,0
2026-08-07,0,FCR,128.0,128.0,True,2,5703.125,0.6875,0
2026-08-07,0,aFRRDown,175.0,175.0,True,6,3735.836734693877,0.5714285714285714,0
2026-08-07,0,aFRRUp,175.0,175.0,True,9,1757.7142857142856,0.2857142857142857,0
2026-08-07,1,FCR,128.0,126.0,True,2,5666.414714033762,0.671875,2.0
2026-08-07,1,aFRRDown,175.0,175.0,True,6,3735.836734693877,0.5714285714285714,0
2026-08-07,1,aFRRUp,175.0,175.0,True,9,1757.7142857142856,0.2857142857142857,0
2026-08-07,2,FCR,128.0,126.0,True,2,5666.414714033762,0.671875,2.0
2026-08-07,2,aFRRDown,175.0,175.0,True,6,3735.836734693877,0.5714285714285714,0
2026-08-07,2,aFRRUp,175.0,175.0,True,9,1757.7142857142856,0.2857142857142857,0
2026-08-07,3,FCR,128.0,126.0,True,2,5666.414714033762,0.671875,2.0
2026-08-07,3,aFRRDown,175.0,175.0,True,8,3682.938775510204,0.5714285714285714,0
2026-08-07,3,aFRRUp,175.0,175.0,True,9,1757.7142857142856,0.2857142857142857,0
2026-08-07,4,FCR,128.0,126.0,True,2,5666.414714033762,0.671875,2.0
2026-08-07,4,aFRRDown,175.0,175.0,True,7,3031.1836734693875,0.46285714285714286,0
2026-08-07,4,aFRRUp,175.0,175.0,True,9,1757.7142857142856,0.2857142857142857,0
2026-08-07,5,FCR,128.0,126.0,True,2,5666.414714033762,0.671875,2.0
2026-08-07,5,aFRRDown,175.0,175.0,True,7,2936.4897959183672,0.48,0
2026-08-07,5,aFRRUp,175.0,175.0,True,9,1757.7142857142856,0.2857142857142857,0
2026-08-07,6,FCR,128.0,126.0,True,2,5666.414714033762,0.671875,2.0
2026-08-07,6,aFRRDown,175.0,175.0,True,7,2747.1020408163267,0.46285714285714286,0
2026-08-07,6,aFRRUp,175.0,175.0,True,9,1757.7142857142856,0.2857142857142857,0
2026-08-07,7,FCR,128.0,126.0,True,2,5666.414714033762,0.671875,2.0
2026-08-07,7,aFRRDown,175.0,175.0,True,6,3726.69387755102,0.5714285714285714,0
2026-08-07,7,aFRRUp,175.0,175.0,True,9,1807.9999999999998,0.2857142857142857,0
2026-08-07,8,FCR,128.0,126.0,True,2,5666.414714033762,0.671875,2.0
2026-08-07,8,aFRRDown,175.0,175.0,True,6,3726.69387755102,0.5714285714285714,0
2026-08-07,8,aFRRUp,175.0,175.0,True,9,1757.7142857142856,0.2857142857142857,0
2026-08-07,9,FCR,128.0,126.0,True,2,5666.414714033762,0.671875,2.0
2026-08-07,9,aFRRDown,175.0,175.0,True,5,3866.4489795918366,0.5714285714285714,0
2026-08-07,9,aFRRUp,175.0,175.0,True,9,1757.7142857142856,0.2857142857142857,0
2026-08-07,10,FCR,128.0,90.0,True,2,5061.728395061728,0.390625,38.0
2026-08-07,10,aFRRDown,175.0,175.0,True,5,3921.3061224489793,0.5714285714285714,0
2026-08-07,10,aFRRUp,175.0,175.0,True,9,1787.7551020408164,0.2857142857142857,0
2026-08-07,11,FCR,128.0,90.0,True,2,5061.728395061728,0.390625,38.0
2026-08-07,11,aFRRDown,175.0,175.0,True,6,2351.34693877551,0.3657142857142857,0
2026-08-07,11,aFRRUp,175.0,175.0,True,9,1857.6326530612243,0.24571428571428572,0
2026-08-07,12,FCR,128.0,90.0,True,2,5061.728395061728,0.390625,38.0
2026-08-07,12,aFRRDown,175.0,175.0,True,8,1685.8775510204082,0.2342857142857143,0
2026-08-07,12,aFRRUp,175.0,175.0,True,9,1934.0408163265308,0.26285714285714284,0
2026-08-07,13,FCR,128.0,90.0,True,2,5061.728395061728,0.390625,38.0
2026-08-07,13,aFRRDown,175.0,175.0,True,8,1685.8775510204082,0.2342857142857143,0
2026-08-07,13,aFRRUp,175.0,175.0,True,9,1934.0408163265308,0.26285714285714284,0
2026-08-07,14,FCR,128.0,90.0,True,2,5061.728395061728,0.390625,38.0
2026-08-07,14,aFRRDown,175.0,175.0,True,8,1685.8775510204082,0.2342857142857143,0
2026-08-07,14,aFRRUp,175.0,175.0,True,9,1881.7959183673472,0.25142857142857145,0
2026-08-07,15,FCR,128.0,90.0,True,2,5061.728395061728,0.390625,38.0
2026-08-07,15,aFRRDown,175.0,175.0,True,8,1685.8775510204082,0.2342857142857143,0
2026-08-07,15,aFRRUp,175.0,175.0,True,9,1737.469387755102,0.22285714285714286,0
2026-08-07,16,FCR,128.0,90.0,True,2,5061.728395061728,0.390625,38.0
2026-08-07,16,aFRRDown,175.0,175.0,True,5,3899.1020408163263,0.5714285714285714,0
2026-08-07,16,aFRRUp,175.0,175.0,True,9,1869.3877551020407,0.2857142857142857,0
2026-08-07,17,FCR,128.0,126.0,True,2,5666.414714033762,0.671875,2.0
2026-08-07,17,aFRRDown,175.0,175.0,True,6,3849.4693877551017,0.5714285714285714,0
2026-08-07,17,aFRRUp,175.0,175.0,True,9,1640.8163265306123,0.22285714285714286,0
2026-08-07,18,FCR,128.0,128.0,True,2,5703.125,0.6875,0
2026-08-07,18,aFRRDown,175.0,175.0,True,7,2841.142857142857,0.46285714285714286,0
2026-08-07,18,aFRRUp,175.0,175.0,True,9,1812.5714285714284,0.2857142857142857,0
2026-08-07,19,FCR,128.0,128.0,True,2,5703.125,0.6875,0
2026-08-07,19,aFRRDown,175.0,175.0,True,7,2738.6122448979595,0.46285714285714286,0
2026-08-07,19,aFRRUp,175.0,175.0,True,8,1869.3877551020407,0.2857142857142857,0
2026-08-07,20,FCR,128.0,128.0,True,2,5703.125,0.6875,0
2026-08-07,20,aFRRDown,175.0,175.0,True,7,2747.1020408163267,0.46285714285714286,0
2026-08-07,20,aFRRUp,175.0,175.0,True,8,1892.8979591836733,0.2857142857142857,0
2026-08-07,21,FCR,128.0,128.0,True,2,5703.125,0.6875,0
2026-08-07,21,aFRRDown,175.0,175.0,True,7,2747.1020408163267,0.46285714285714286,0
2026-08-07,21,aFRRUp,175.0,175.0,True,8,1892.8979591836733,0.2857142857142857,0
2026-08-07,22,FCR,128.0,128.0,True,2,5703.125,0.6875,0
2026-08-07,22,aFRRDown,175.0,175.0,True,7,2747.1020408163267,0.46285714285714286,0
2026-08-07,22,aFRRUp,175.0,175.0,True,8,1892.8979591836733,0.2857142857142857,0
2026-08-07,23,FCR,128.0,128.0,True,2,5703.125,0.6875,0
2026-08-07,23,aFRRDown,175.0,175.0,True,7,2747.1020408163267,0.46285714285714286,0
2026-08-07,23,aFRRUp,175.0,175.0,True,9,1750.530612244898,0.2857142857142857,0
2026-08-08,0,FCR,128.0,128.0,True,2,5703.125,0.6875,0
2026-08-08,0,aFRRDown,175.0,175.0,True,6,3735.836734693877,0.5714285714285714,0
2026-08-08,0,aFRRUp,175.0,175.0,True,10,1755.1020408163265,0.2857142857142857,0
2026-08-08,1,FCR,128.0,118.0,True,2,5518.529158287848,0.609375,10.0
2026-08-08,1,aFRRDown,175.0,175.0,True,6,3735.836734693877,0.5714285714285714,0
2026-08-08,1,aFRRUp,175.0,175.0,True,10,1755.1020408163265,0.2857142857142857,0
2026-08-08,2,FCR,128.0,118.0,True,2,5518.529158287848,0.609375,10.0
2026-08-08,2,aFRRDown,175.0,175.0,True,6,3735.836734693877,0.5714285714285714,0
2026-08-08,2,aFRRUp,175.0,175.0,True,10,1755.1020408163265,0.2857142857142857,0
2026-08-08,3,FCR,128.0,118.0,True,2,5518.529158287848,0.609375,10.0
2026-08-08,3,aFRRDown,175.0,175.0,True,7,3713.632653061224,0.5714285714285714,0
2026-08-08,3,aFRRUp,175.0,175.0,True,10,1755.1020408163265,0.2857142857142857,0
2026-08-08,4,FCR,128.0,118.0,True,2,5518.529158287848,0.609375,10.0
2026-08-08,4,aFRRDown,175.0,175.0,True,7,2747.1020408163267,0.46285714285714286,0
2026-08-08,4,aFRRUp,175.0,175.0,True,10,1755.1020408163265,0.2857142857142857,0
2026-08-08,5,FCR,128.0,118.0,True,2,5518.529158287848,0.609375,10.0
2026-08-08,5,aFRRDown,175.0,175.0,True,7,2747.1020408163267,0.46285714285714286,0
2026-08-08,5,aFRRUp,175.0,175.0,True,10,1755.1020408163265,0.2857142857142857,0
2026-08-08,6,FCR,128.0,118.0,True,2,5518.529158287848,0.609375,10.0
2026-08-08,6,aFRRDown,175.0,175.0,True,6,3735.836734693877,0.5714285714285714,0
2026-08-08,6,aFRRUp,175.0,175.0,True,10,1755.1020408163265,0.2857142857142857,0
2026-08-08,7,FCR,128.0,118.0,True,2,5518.529158287848,0.609375,10.0
2026-08-08,7,aFRRDown,175.0,175.0,True,7,2744.4897959183672,0.46285714285714286,0
2026-08-08,7,aFRRUp,175.0,175.0,True,10,1755.1020408163265,0.2857142857142857,0
2026-08-08,8,FCR,128.0,90.0,True,2,5061.728395061728,0.390625,38.0
2026-08-08,8,aFRRDown,175.0,175.0,True,7,2776.4897959183672,0.46285714285714286,0
2026-08-08,8,aFRRUp,175.0,175.0,True,10,1755.1020408163265,0.2857142857142857,0
2026-08-08,9,FCR,128.0,90.0,True,2,5061.728395061728,0.390625,38.0
2026-08-08,9,aFRRDown,175.0,175.0,True,6,2700.081632653061,0.44,0
2026-08-08,9,aFRRUp,175.0,175.0,True,10,1755.1020408163265,0.2857142857142857,0
2026-08-08,10,FCR,128.0,90.0,True,2,5061.728395061728,0.390625,38.0
2026-08-08,10,aFRRDown,175.0,175.0,True,6,2351.34693877551,0.3657142857142857,0
2026-08-08,10,aFRRUp,175.0,175.0,True,7,3908.8979591836733,0.5714285714285714,0
2026-08-08,11,FCR,128.0,90.0,True,2,5061.728395061728,0.390625,38.0
2026-08-08,11,aFRRDown,175.0,175.0,True,6,2351.34693877551,0.3657142857142857,0
2026-08-08,11,aFRRUp,175.0,175.0,True,8,3886.6938775510203,0.5714285714285714,0
2026-08-08,12,FCR,128.0,90.0,True,2,5061.728395061728,0.390625,38.0
2026-08-08,12,aFRRDown,175.0,175.0,True,8,1696.3265306122448,0.2342857142857143,0
2026-08-08,12,aFRRUp,175.0,175.0,True,7,3161.1428571428573,0.49142857142857144,0
2026-08-08,13,FCR,128.0,90.0,True,2,5061.728395061728,0.390625,38.0
2026-08-08,13,aFRRDown,175.0,175.0,True,8,1696.3265306122448,0.2342857142857143,0
2026-08-08,13,aFRRUp,175.0,175.0,True,7,3161.1428571428573,0.49142857142857144,0
2026-08-08,14,FCR,128.0,90.0,True,2,5061.728395061728,0.390625,38.0
2026-08-08,14,aFRRDown,175.0,175.0,True,8,1696.3265306122448,0.2342857142857143,0
2026-08-08,14,aFRRUp,175.0,175.0,True,8,3889.3061224489793,0.5714285714285714,0
2026-08-08,15,FCR,128.0,90.0,True,2,5061.728395061728,0.390625,38.0
2026-08-08,15,aFRRDown,175.0,175.0,True,8,1696.3265306122448,0.2342857142857143,0
2026-08-08,15,aFRRUp,175.0,175.0,True,7,3892.5714285714284,0.5714285714285714,0
2026-08-08,16,FCR,128.0,90.0,True,2,5061.728395061728,0.390625,38.0
2026-08-08,16,aFRRDown,175.0,175.0,True,6,2351.34693877551,0.3657142857142857,0
2026-08-08,16,aFRRUp,175.0,175.0,True,7,3906.2857142857138,0.5714285714285714,0
2026-08-08,17,FCR,128.0,90.0,True,2,5061.728395061728,0.390625,38.0
2026-08-08,17,aFRRDown,175.0,175.0,True,6,2544.6530612244896,0.4114285714285714,0
2026-08-08,17,aFRRUp,175.0,175.0,True,7,3929.1428571428564,0.5714285714285714,0
2026-08-08,18,FCR,128.0,90.0,True,2,5061.728395061728,0.390625,38.0
2026-08-08,18,aFRRDown,175.0,175.0,True,6,3814.2040816326526,0.5714285714285714,0
2026-08-08,18,aFRRUp,175.0,175.0,True,9,1819.1020408163263,0.2857142857142857,0
2026-08-08,19,FCR,128.0,128.0,True,2,5703.125,0.6875,0
2026-08-08,19,aFRRDown,175.0,175.0,True,6,3726.69387755102,0.5714285714285714,0
2026-08-08,19,aFRRUp,175.0,175.0,True,9,1819.1020408163263,0.2857142857142857,0
2026-08-08,20,FCR,128.0,128.0,True,2,5703.125,0.6875,0
2026-08-08,20,aFRRDown,175.0,175.0,True,6,3735.836734693877,0.5714285714285714,0
2026-08-08,20,aFRRUp,175.0,175.0,True,9,1851.7551020408164,0.2857142857142857,0
2026-08-08,21,FCR,128.0,128.0,True,2,5703.125,0.6875,0
2026-08-08,21,aFRRDown,175.0,175.0,True,6,3735.836734693877,0.5714285714285714,0
2026-08-08,21,aFRRUp,175.0,175.0,True,9,1841.9591836734694,0.2857142857142857,0
2026-08-08,22,FCR,128.0,128.0,True,2,5703.125,0.6875,0
2026-08-08,22,aFRRDown,175.0,175.0,True,6,3735.836734693877,0.5714285714285714,0
2026-08-08,22,aFRRUp,175.0,175.0,True,9,1877.877551020408,0.2857142857142857,0
2026-08-08,23,FCR,128.0,128.0,True,2,5703.125,0.6875,0
2026-08-08,23,aFRRDown,175.0,175.0,True,6,3735.836734693877,0.5714285714285714,0
2026-08-08,23,aFRRUp,175.0,175.0,True,10,1753.7959183673468,0.2857142857142857,0
2026-08-09,0,FCR,128.0,128.0,True,2,5703.125,0.6875,0
2026-08-09,0,aFRRDown,175.0,175.0,True,6,3735.836734693877,0.5714285714285714,0
2026-08-09,0,aFRRUp,175.0,175.0,True,10,1755.1020408163265,0.2857142857142857,0
2026-08-09,1,FCR,128.0,118.0,True,2,5518.529158287848,0.609375,10.0
2026-08-09,1,aFRRDown,175.0,175.0,True,6,3735.836734693877,0.5714285714285714,0
2026-08-09,1,aFRRUp,175.0,175.0,True,10,1755.1020408163265,0.2857142857142857,0
2026-08-09,2,FCR,128.0,118.0,True,2,5518.529158287848,0.609375,10.0
2026-08-09,2,aFRRDown,175.0,175.0,True,6,3735.836734693877,0.5714285714285714,0
2026-08-09,2,aFRRUp,175.0,175.0,True,10,1755.1020408163265,0.2857142857142857,0
2026-08-09,3,FCR,128.0,118.0,True,2,5518.529158287848,0.609375,10.0
2026-08-09,3,aFRRDown,175.0,175.0,True,7,3713.632653061224,0.5714285714285714,0
2026-08-09,3,aFRRUp,175.0,175.0,True,10,1755.1020408163265,0.2857142857142857,0
2026-08-09,4,FCR,128.0,118.0,True,2,5518.529158287848,0.609375,10.0
2026-08-09,4,aFRRDown,175.0,175.0,True,7,2747.1020408163267,0.46285714285714286,0
2026-08-09,4,aFRRUp,175.0,175.0,True,10,1755.1020408163265,0.2857142857142857,0
2026-08-09,5,FCR,128.0,118.0,True,2,5518.529158287848,0.609375,10.0
2026-08-09,5,aFRRDown,175.0,175.0,True,7,2747.1020408163267,0.46285714285714286,0
2026-08-09,5,aFRRUp,175.0,175.0,True,10,1755.1020408163265,0.2857142857142857,0
2026-08-09,6,FCR,128.0,118.0,True,2,5518.529158287848,0.609375,10.0
2026-08-09,6,aFRRDown,175.0,175.0,True,6,3735.836734693877,0.5714285714285714,0
2026-08-09,6,aFRRUp,175.0,175.0,True,10,1755.1020408163265,0.2857142857142857,0
2026-08-09,7,FCR,128.0,118.0,True,2,5518.529158287848,0.609375,10.0
2026-08-09,7,aFRRDown,175.0,175.0,True,7,2744.4897959183672,0.46285714285714286,0
2026-08-09,7,aFRRUp,175.0,175.0,True,10,1755.1020408163265,0.2857142857142857,0
2026-08-09,8,FCR,128.0,90.0,True,2,5061.728395061728,0.390625,38.0
2026-08-09,8,aFRRDown,175.0,175.0,True,7,2776.4897959183672,0.46285714285714286,0
2026-08-09,8,aFRRUp,175.0,175.0,True,10,1755.1020408163265,0.2857142857142857,0
2026-08-09,9,FCR,128.0,90.0,True,2,5061.728395061728,0.390625,38.0
2026-08-09,9,aFRRDown,175.0,175.0,True,6,2668.734693877551,0.4342857142857143,0
2026-08-09,9,aFRRUp,175.0,175.0,True,7,3914.122448979592,0.5714285714285714,0
2026-08-09,10,FCR,128.0,90.0,True,2,5061.728395061728,0.390625,38.0
2026-08-09,10,aFRRDown,175.0,175.0,True,6,2351.34693877551,0.3657142857142857,0
2026-08-09,10,aFRRUp,175.0,175.0,True,7,3924.5714285714284,0.5714285714285714,0
2026-08-09,11,FCR,128.0,90.0,True,2,5061.728395061728,0.390625,38.0
2026-08-09,11,aFRRDown,175.0,175.0,True,6,2351.34693877551,0.3657142857142857,0
2026-08-09,11,aFRRUp,175.0,175.0,True,8,3887.34693877551,0.5714285714285714,0
2026-08-09,12,FCR,128.0,90.0,True,2,5061.728395061728,0.390625,38.0
2026-08-09,12,aFRRDown,175.0,175.0,True,8,1696.3265306122448,0.2342857142857143,0
2026-08-09,12,aFRRUp,175.0,175.0,True,7,3161.1428571428573,0.49142857142857144,0
2026-08-09,13,FCR,128.0,90.0,True,2,5061.728395061728,0.390625,38.0
2026-08-09,13,aFRRDown,175.0,175.0,True,8,1696.3265306122448,0.2342857142857143,0
2026-08-09,13,aFRRUp,175.0,175.0,True,7,3161.1428571428573,0.49142857142857144,0
2026-08-09,14,FCR,128.0,90.0,True,2,5061.728395061728,0.390625,38.0
2026-08-09,14,aFRRDown,175.0,175.0,True,8,1696.3265306122448,0.2342857142857143,0
2026-08-09,14,aFRRUp,175.0,175.0,True,7,3892.5714285714284,0.5714285714285714,0
2026-08-09,15,FCR,128.0,90.0,True,2,5061.728395061728,0.390625,38.0
2026-08-09,15,aFRRDown,175.0,175.0,True,8,1696.3265306122448,0.2342857142857143,0
2026-08-09,15,aFRRUp,175.0,175.0,True,8,3887.34693877551,0.5714285714285714,0
2026-08-09,16,FCR,128.0,90.0,True,2,5061.728395061728,0.390625,38.0
2026-08-09,16,aFRRDown,175.0,175.0,True,6,2351.34693877551,0.3657142857142857,0
2026-08-09,16,aFRRUp,175.0,175.0,True,7,3918.04081632653,0.5714285714285714,0
2026-08-09,17,FCR,128.0,90.0,True,2,5061.728395061728,0.390625,38.0
2026-08-09,17,aFRRDown,175.0,175.0,True,6,2462.367346938776,0.3942857142857143,0
2026-08-09,17,aFRRUp,175.0,175.0,True,7,3908.244897959183,0.5714285714285714,0
2026-08-09,18,FCR,128.0,90.0,True,2,5061.728395061728,0.390625,38.0
2026-08-09,18,aFRRDown,175.0,175.0,True,6,3824.6530612244896,0.5714285714285714,0
2026-08-09,18,aFRRUp,175.0,175.0,True,9,1734.2040816326528,0.2857142857142857,0
2026-08-09,19,FCR,128.0,128.0,True,2,5703.125,0.6875,0
2026-08-09,19,aFRRDown,175.0,175.0,True,6,3726.69387755102,0.5714285714285714,0
2026-08-09,19,aFRRUp,175.0,175.0,True,9,1734.2040816326528,0.2857142857142857,0
2026-08-09,20,FCR,128.0,128.0,True,2,5703.125,0.6875,0
2026-08-09,20,aFRRDown,175.0,175.0,True,6,3735.836734693877,0.5714285714285714,0
2026-08-09,20,aFRRUp,175.0,175.0,True,9,1860.2448979591834,0.2857142857142857,0
2026-08-09,21,FCR,128.0,128.0,True,2,5703.125,0.6875,0
2026-08-09,21,aFRRDown,175.0,175.0,True,6,3735.836734693877,0.5714285714285714,0
2026-08-09,21,aFRRUp,175.0,175.0,True,9,1799.5102040816328,0.2857142857142857,0
2026-08-09,22,FCR,128.0,128.0,True,2,5703.125,0.6875,0
2026-08-09,22,aFRRDown,175.0,175.0,True,6,3735.836734693877,0.5714285714285714,0
2026-08-09,22,aFRRUp,175.0,175.0,True,8,1859.591836734694,0.2857142857142857,0
2026-08-09,23,FCR,128.0,128.0,True,2,5703.125,0.6875,0
2026-08-09,23,aFRRDown,175.0,175.0,True,6,3735.836734693877,0.5714285714285714,0
2026-08-09,23,aFRRUp,175.0,175.0,True,9,1734.2040816326528,0.2857142857142857,0
2026-08-10,0,FCR,128.0,128.0,True,2,5703.125,0.6875,0
2026-08-10,0,aFRRDown,175.0,175.0,True,6,3735.836734693877,0.5714285714285714,0
2026-08-10,0,aFRRUp,175.0,175.0,True,9,1757.7142857142856,0.2857142857142857,0
2026-08-10,1,FCR,128.0,118.0,True,2,5518.529158287848,0.609375,10.0
2026-08-10,1,aFRRDown,175.0,175.0,True,6,3735.836734693877,0.5714285714285714,0
2026-08-10,1,aFRRUp,175.0,175.0,True,9,1757.7142857142856,0.2857142857142857,0
2026-08-10,2,FCR,128.0,118.0,True,2,5518.529158287848,0.609375,10.0
2026-08-10,2,aFRRDown,175.0,175.0,True,6,3735.836734693877,0.5714285714285714,0
2026-08-10,2,aFRRUp,175.0,175.0,True,9,1757.7142857142856,0.2857142857142857,0
2026-08-10,3,FCR,128.0,118.0,True,2,5518.529158287848,0.609375,10.0
2026-08-10,3,aFRRDown,175.0,175.0,True,8,3682.938775510204,0.5714285714285714,0
2026-08-10,3,aFRRUp,175.0,175.0,True,9,1757.7142857142856,0.2857142857142857,0
2026-08-10,4,FCR,128.0,118.0,True,2,5518.529158287848,0.609375,10.0
2026-08-10,4,aFRRDown,175.0,175.0,True,9,3668.5714285714284,0.5714285714285714,0
2026-08-10,4,aFRRUp,175.0,175.0,True,9,1757.7142857142856,0.2857142857142857,0
2026-08-10,5,FCR,128.0,118.0,True,2,5518.529158287848,0.609375,10.0
2026-08-10,5,aFRRDown,175.0,175.0,True,7,3347.918367346939,0.5371428571428571,0
2026-08-10,5,aFRRUp,175.0,175.0,True,9,1757.7142857142856,0.2857142857142857,0
2026-08-10,6,FCR,128.0,118.0,True,2,5518.529158287848,0.609375,10.0
2026-08-10,6,aFRRDown,175.0,175.0,True,6,3735.836734693877,0.5714285714285714,0
2026-08-10,6,aFRRUp,175.0,175.0,True,9,1757.7142857142856,0.2857142857142857,0
2026-08-10,7,FCR,128.0,118.0,True,2,5518.529158287848,0.609375,10.0
2026-08-10,7,aFRRDown,175.0,175.0,True,7,2744.4897959183672,0.46285714285714286,0
2026-08-10,7,aFRRUp,175.0,175.0,True,9,1757.7142857142856,0.2857142857142857,0
2026-08-10,8,FCR,128.0,118.0,True,2,5518.529158287848,0.609375,10.0
2026-08-10,8,aFRRDown,175.0,175.0,True,7,2776.4897959183672,0.46285714285714286,0
2026-08-10,8,aFRRUp,175.0,175.0,True,9,1757.7142857142856,0.2857142857142857,0
2026-08-10,9,FCR,128.0,90.0,True,2,5061.728395061728,0.390625,38.0
2026-08-10,9,aFRRDown,175.0,175.0,True,6,2700.081632653061,0.44,0
2026-08-10,9,aFRRUp,175.0,175.0,True,9,1757.7142857142856,0.2857142857142857,0
2026-08-10,10,FCR,128.0,90.0,True,2,5061.728395061728,0.390625,38.0
2026-08-10,10,aFRRDown,175.0,175.0,True,6,2351.34693877551,0.3657142857142857,0
2026-08-10,10,aFRRUp,175.0,175.0,True,10,1702.204081632653,0.2857142857142857,0
2026-08-10,11,FCR,128.0,90.0,True,2,5061.728395061728,0.390625,38.0
2026-08-10,11,aFRRDown,175.0,175.0,True,6,2351.34693877551,0.3657142857142857,0
2026-08-10,11,aFRRUp,175.0,175.0,True,7,3884.0816326530608,0.5714285714285714,0
2026-08-10,12,FCR,128.0,90.0,True,2,5061.728395061728,0.390625,38.0
2026-08-10,12,aFRRDown,175.0,175.0,True,8,1708.0816326530614,0.2342857142857143,0
2026-08-10,12,aFRRUp,175.0,175.0,True,7,2593.6326530612246,0.4228571428571429,0
2026-08-10,13,FCR,128.0,90.0,True,2,5061.728395061728,0.390625,38.0
2026-08-10,13,aFRRDown,175.0,175.0,True,8,1708.0816326530614,0.2342857142857143,0
2026-08-10,13,aFRRUp,175.0,175.0,True,7,2593.6326530612246,0.4228571428571429,0
2026-08-10,14,FCR,128.0,90.0,True,2,5061.728395061728,0.390625,38.0
2026-08-10,14,aFRRDown,175.0,175.0,True,8,1708.0816326530614,0.2342857142857143,0
2026-08-10,14,aFRRUp,175.0,175.0,True,6,3895.836734693877,0.5714285714285714,0
2026-08-10,15,FCR,128.0,90.0,True,2,5061.728395061728,0.390625,38.0
2026-08-10,15,aFRRDown,175.0,175.0,True,8,1708.0816326530614,0.2342857142857143,0
2026-08-10,15,aFRRUp,175.0,175.0,True,7,3882.775510204081,0.5714285714285714,0
2026-08-10,16,FCR,128.0,90.0,True,2,5061.728395061728,0.390625,38.0
2026-08-10,16,aFRRDown,175.0,175.0,True,6,2351.34693877551,0.3657142857142857,0
2026-08-10,16,aFRRUp,175.0,175.0,True,7,3876.2448979591836,0.5714285714285714,0
2026-08-10,17,FCR,128.0,90.0,True,2,5061.728395061728,0.390625,38.0
2026-08-10,17,aFRRDown,175.0,175.0,True,6,2488.4897959183677,0.4,0
2026-08-10,17,aFRRUp,175.0,175.0,True,7,2593.6326530612246,0.4228571428571429,0
2026-08-10,18,FCR,128.0,126.0,True,2,5666.414714033762,0.671875,2.0
2026-08-10,18,aFRRDown,175.0,175.0,True,6,3824.6530612244896,0.5714285714285714,0
2026-08-10,18,aFRRUp,175.0,175.0,True,9,1734.2040816326528,0.2857142857142857,0
2026-08-10,19,FCR,128.0,128.0,True,2,5703.125,0.6875,0
2026-08-10,19,aFRRDown,175.0,175.0,True,6,3726.69387755102,0.5714285714285714,0
2026-08-10,19,aFRRUp,175.0,175.0,True,8,2039.8367346938774,0.2914285714285714,0
2026-08-10,20,FCR,128.0,128.0,True,2,5703.125,0.6875,0
2026-08-10,20,aFRRDown,175.0,175.0,True,6,3735.836734693877,0.5714285714285714,0
2026-08-10,20,aFRRUp,175.0,175.0,True,8,1885.7142857142856,0.2857142857142857,0
2026-08-10,21,FCR,128.0,128.0,True,2,5703.125,0.6875,0
2026-08-10,21,aFRRDown,175.0,175.0,True,6,3735.836734693877,0.5714285714285714,0
2026-08-10,21,aFRRUp,175.0,175.0,True,9,1893.5510204081631,0.2857142857142857,0
2026-08-10,22,FCR,128.0,128.0,True,2,5703.125,0.6875,0
2026-08-10,22,aFRRDown,175.0,175.0,True,6,3735.836734693877,0.5714285714285714,0
2026-08-10,22,aFRRUp,175.0,175.0,True,8,1843.9183673469386,0.2857142857142857,0
2026-08-10,23,FCR,128.0,128.0,True,2,5703.125,0.6875,0
2026-08-10,23,aFRRDown,175.0,175.0,True,6,3735.836734693877,0.5714285714285714,0
2026-08-10,23,aFRRUp,175.0,175.0,True,9,1642.7755102040815,0.2857142857142857,0
2026-08-11,0,FCR,128.0,128.0,True,2,5703.125,0.6875,0
2026-08-11,0,aFRRDown,175.0,175.0,True,7,2747.1020408163267,0.46285714285714286,0
2026-08-11,0,aFRRUp,175.0,175.0,True,9,1757.7142857142856,0.2857142857142857,0
2026-08-11,1,FCR,128.0,118.0,True,2,5518.529158287848,0.609375,10.0
2026-08-11,1,aFRRDown,175.0,175.0,True,7,2747.1020408163267,0.46285714285714286,0
2026-08-11,1,aFRRUp,175.0,175.0,True,9,1757.7142857142856,0.2857142857142857,0
2026-08-11,2,FCR,128.0,118.0,True,2,5518.529158287848,0.609375,10.0
2026-08-11,2,aFRRDown,175.0,175.0,True,7,2747.1020408163267,0.46285714285714286,0
2026-08-11,2,aFRRUp,175.0,175.0,True,9,1757.7142857142856,0.2857142857142857,0
2026-08-11,3,FCR,128.0,118.0,True,2,5518.529158287848,0.609375,10.0
2026-08-11,3,aFRRDown,175.0,175.0,True,6,3511.183673469388,0.49714285714285716,0
2026-08-11,3,aFRRUp,175.0,175.0,True,9,1757.7142857142856,0.2857142857142857,0
2026-08-11,4,FCR,128.0,118.0,True,2,5518.529158287848,0.609375,10.0
2026-08-11,4,aFRRDown,175.0,175.0,True,5,3983.9999999999995,0.5714285714285714,0
2026-08-11,4,aFRRUp,175.0,175.0,True,9,1757.7142857142856,0.2857142857142857,0
2026-08-11,5,FCR,128.0,118.0,True,2,5518.529158287848,0.609375,10.0
2026-08-11,5,aFRRDown,175.0,175.0,True,7,3657.4693877551017,0.5714285714285714,0
2026-08-11,5,aFRRUp,175.0,175.0,True,9,1757.7142857142856,0.2857142857142857,0
2026-08-11,6,FCR,128.0,118.0,True,2,5518.529158287848,0.609375,10.0
2026-08-11,6,aFRRDown,175.0,175.0,True,7,2747.1020408163267,0.46285714285714286,0
2026-08-11,6,aFRRUp,175.0,175.0,True,9,1757.7142857142856,0.2857142857142857,0
2026-08-11,7,FCR,128.0,118.0,True,2,5518.529158287848,0.609375,10.0
2026-08-11,7,aFRRDown,175.0,175.0,True,6,3726.69387755102,0.5714285714285714,0
2026-08-11,7,aFRRUp,175.0,175.0,True,10,1713.3061224489795,0.2857142857142857,0
2026-08-11,8,FCR,128.0,118.0,True,2,5518.529158287848,0.609375,10.0
2026-08-11,8,aFRRDown,175.0,175.0,True,6,3742.3673469387754,0.5714285714285714,0
2026-08-11,8,aFRRUp,175.0,175.0,True,9,1757.7142857142856,0.2857142857142857,0
2026-08-11,9,FCR,128.0,90.0,True,2,5061.728395061728,0.390625,38.0
2026-08-11,9,aFRRDown,175.0,175.0,True,5,3899.1020408163263,0.5714285714285714,0
2026-08-11,9,aFRRUp,175.0,175.0,True,10,1745.3061224489797,0.2857142857142857,0
2026-08-11,10,FCR,128.0,90.0,True,2,5061.728395061728,0.390625,38.0
2026-08-11,10,aFRRDown,175.0,175.0,True,5,3981.3877551020405,0.5714285714285714,0
2026-08-11,10,aFRRUp,175.0,175.0,True,10,1702.857142857143,0.2857142857142857,0
2026-08-11,11,FCR,128.0,90.0,True,2,5061.728395061728,0.390625,38.0
2026-08-11,11,aFRRDown,175.0,175.0,True,6,2351.34693877551,0.3657142857142857,0
2026-08-11,11,aFRRUp,175.0,175.0,True,7,3886.6938775510203,0.5714285714285714,0
2026-08-11,12,FCR,128.0,90.0,True,2,5061.728395061728,0.390625,38.0
2026-08-11,12,aFRRDown,175.0,175.0,True,8,1685.8775510204082,0.2342857142857143,0
2026-08-11,12,aFRRUp,175.0,175.0,True,6,3895.836734693877,0.5714285714285714,0
2026-08-11,13,FCR,128.0,90.0,True,2,5061.728395061728,0.390625,38.0
2026-08-11,13,aFRRDown,175.0,175.0,True,8,1685.8775510204082,0.2342857142857143,0
2026-08-11,13,aFRRUp,175.0,175.0,True,6,3895.836734693877,0.5714285714285714,0
2026-08-11,14,FCR,128.0,90.0,True,2,5061.728395061728,0.390625,38.0
2026-08-11,14,aFRRDown,175.0,175.0,True,8,1685.8775510204082,0.2342857142857143,0
2026-08-11,14,aFRRUp,175.0,175.0,True,6,3895.836734693877,0.5714285714285714,0
2026-08-11,15,FCR,128.0,90.0,True,2,5061.728395061728,0.390625,38.0
2026-08-11,15,aFRRDown,175.0,175.0,True,8,1685.8775510204082,0.2342857142857143,0
2026-08-11,15,aFRRUp,175.0,175.0,True,7,3884.0816326530608,0.5714285714285714,0
2026-08-11,16,FCR,128.0,90.0,True,2,5061.728395061728,0.390625,38.0
2026-08-11,16,aFRRDown,175.0,175.0,True,6,2351.34693877551,0.3657142857142857,0
2026-08-11,16,aFRRUp,175.0,175.0,True,7,3876.8979591836733,0.5714285714285714,0
2026-08-11,17,FCR,128.0,90.0,True,2,5061.728395061728,0.390625,38.0
2026-08-11,17,aFRRDown,175.0,175.0,True,5,3882.1224489795914,0.5714285714285714,0
2026-08-11,17,aFRRUp,175.0,175.0,True,7,2558.367346938776,0.41714285714285715,0
2026-08-11,18,FCR,128.0,126.0,True,2,5666.414714033762,0.671875,2.0
2026-08-11,18,aFRRDown,175.0,175.0,True,6,2862.0408163265306,0.46285714285714286,0
2026-08-11,18,aFRRUp,175.0,175.0,True,9,1740.7346938775509,0.2857142857142857,0
2026-08-11,19,FCR,128.0,128.0,True,2,5703.125,0.6875,0
2026-08-11,19,aFRRDown,175.0,175.0,True,7,2744.4897959183672,0.46285714285714286,0
2026-08-11,19,aFRRUp,175.0,175.0,True,8,2039.8367346938774,0.2914285714285714,0
2026-08-11,20,FCR,128.0,128.0,True,2,5703.125,0.6875,0
2026-08-11,20,aFRRDown,175.0,175.0,True,7,2747.1020408163267,0.46285714285714286,0
2026-08-11,20,aFRRUp,175.0,175.0,True,8,1885.7142857142856,0.2857142857142857,0
2026-08-11,21,FCR,128.0,128.0,True,2,5703.125,0.6875,0
2026-08-11,21,aFRRDown,175.0,175.0,True,7,2747.1020408163267,0.46285714285714286,0
2026-08-11,21,aFRRUp,175.0,175.0,True,9,1893.5510204081631,0.2857142857142857,0
2026-08-11,22,FCR,128.0,128.0,True,2,5703.125,0.6875,0
2026-08-11,22,aFRRDown,175.0,175.0,True,7,2747.1020408163267,0.46285714285714286,0
2026-08-11,22,aFRRUp,175.0,175.0,True,8,1843.9183673469386,0.2857142857142857,0
2026-08-11,23,FCR,128.0,128.0,True,2,5703.125,0.6875,0
2026-08-11,23,aFRRDown,175.0,175.0,True,7,2747.1020408163267,0.46285714285714286,0
2026-08-11,23,aFRRUp,175.0,175.0,True,9,1734.2040816326528,0.2857142857142857,0
2026-08-12,0,FCR,128.0,128.0,True,2,5703.125,0.6875,0
2026-08-12,0,aFRRDown,175.0,175.0,True,6,3735.836734693877,0.5714285714285714,0
2026-08-12,0,aFRRUp,175.0,175.0,True,9,1757.7142857142856,0.2857142857142857,0
2026-08-12,1,FCR,128.0,126.0,True,2,5666.414714033762,0.671875,2.0
2026-08-12,1,aFRRDown,175.0,175.0,True,6,3735.836734693877,0.5714285714285714,0
2026-08-12,1,aFRRUp,175.0,175.0,True,9,1757.7142857142856,0.2857142857142857,0
2026-08-12,2,FCR,128.0,118.0,True,2,5518.529158287848,0.609375,10.0
2026-08-12,2,aFRRDown,175.0,175.0,True,6,3735.836734693877,0.5714285714285714,0
2026-08-12,2,aFRRUp,175.0,175.0,True,9,1757.7142857142856,0.2857142857142857,0
2026-08-12,3,FCR,128.0,118.0,True,2,5518.529158287848,0.609375,10.0
2026-08-12,3,aFRRDown,175.0,175.0,True,5,3983.9999999999995,0.5714285714285714,0
2026-08-12,3,aFRRUp,175.0,175.0,True,9,1757.7142857142856,0.2857142857142857,0
2026-08-12,4,FCR,128.0,118.0,True,2,5518.529158287848,0.609375,10.0
2026-08-12,4,aFRRDown,175.0,175.0,True,5,3983.9999999999995,0.5714285714285714,0
2026-08-12,4,aFRRUp,175.0,175.0,True,9,1757.7142857142856,0.2857142857142857,0
2026-08-12,5,FCR,128.0,118.0,True,2,5518.529158287848,0.609375,10.0
2026-08-12,5,aFRRDown,175.0,175.0,True,7,3657.4693877551017,0.5714285714285714,0
2026-08-12,5,aFRRUp,175.0,175.0,True,9,1757.7142857142856,0.2857142857142857,0
2026-08-12,6,FCR,128.0,118.0,True,2,5518.529158287848,0.609375,10.0
2026-08-12,6,aFRRDown,175.0,175.0,True,6,3735.836734693877,0.5714285714285714,0
2026-08-12,6,aFRRUp,175.0,175.0,True,9,1757.7142857142856,0.2857142857142857,0
2026-08-12,7,FCR,128.0,118.0,True,2,5518.529158287848,0.609375,10.0
2026-08-12,7,aFRRDown,175.0,175.0,True,6,3726.69387755102,0.5714285714285714,0
2026-08-12,7,aFRRUp,175.0,175.0,True,10,1713.3061224489795,0.2857142857142857,0
2026-08-12,8,FCR,128.0,118.0,True,2,5518.529158287848,0.609375,10.0
2026-08-12,8,aFRRDown,175.0,175.0,True,6,3742.3673469387754,0.5714285714285714,0
2026-08-12,8,aFRRUp,175.0,175.0,True,9,1757.7142857142856,0.2857142857142857,0
2026-08-12,9,FCR,128.0,90.0,True,2,5061.728395061728,0.390625,38.0
2026-08-12,9,aFRRDown,175.0,175.0,True,5,3899.1020408163263,0.5714285714285714,0
2026-08-12,9,aFRRUp,175.0,175.0,True,10,1745.3061224489797,0.2857142857142857,0
2026-08-12,10,FCR,128.0,90.0,True,2,5061.728395061728,0.390625,38.0
2026-08-12,10,aFRRDown,175.0,175.0,True,5,3981.3877551020405,0.5714285714285714,0
2026-08-12,10,aFRRUp,175.0,175.0,True,10,1730.938775510204,0.2857142857142857,0
2026-08-12,11,FCR,128.0,90.0,True,2,5061.728395061728,0.390625,38.0
2026-08-12,11,aFRRDown,175.0,175.0,True,6,2351.34693877551,0.3657142857142857,0
2026-08-12,11,aFRRUp,175.0,175.0,True,7,3900.408163265306,0.5714285714285714,0
2026-08-12,12,FCR,128.0,90.0,True,2,5061.728395061728,0.390625,38.0
2026-08-12,12,aFRRDown,175.0,175.0,True,8,1685.8775510204082,0.2342857142857143,0
2026-08-12,12,aFRRUp,175.0,175.0,True,6,3908.8979591836733,0.5714285714285714,0
2026-08-12,13,FCR,128.0,90.0,True,2,5061.728395061728,0.390625,38.0
2026-08-12,13,aFRRDown,175.0,175.0,True,8,1685.8775510204082,0.2342857142857143,0
2026-08-12,13,aFRRUp,175.0,175.0,True,6,3908.8979591836733,0.5714285714285714,0
2026-08-12,14,FCR,128.0,90.0,True,2,5061.728395061728,0.390625,38.0
2026-08-12,14,aFRRDown,175.0,175.0,True,8,1685.8775510204082,0.2342857142857143,0
2026-08-12,14,aFRRUp,175.0,175.0,True,6,3908.8979591836733,0.5714285714285714,0
2026-08-12,15,FCR,128.0,90.0,True,2,5061.728395061728,0.390625,38.0
2026-08-12,15,aFRRDown,175.0,175.0,True,8,1685.8775510204082,0.2342857142857143,0
2026-08-12,15,aFRRUp,175.0,175.0,True,7,3887.34693877551,0.5714285714285714,0
2026-08-12,16,FCR,128.0,90.0,True,2,5061.728395061728,0.390625,38.0
2026-08-12,16,aFRRDown,175.0,175.0,True,6,2351.34693877551,0.3657142857142857,0
2026-08-12,16,aFRRUp,175.0,175.0,True,7,3904.979591836735,0.5714285714285714,0
2026-08-12,17,FCR,128.0,90.0,True,2,5061.728395061728,0.390625,38.0
2026-08-12,17,aFRRDown,175.0,175.0,True,5,3899.1020408163263,0.5714285714285714,0
2026-08-12,17,aFRRUp,175.0,175.0,True,7,2818.9387755102034,0.4514285714285714,0
2026-08-12,18,FCR,128.0,126.0,True,2,5666.414714033762,0.671875,2.0
2026-08-12,18,aFRRDown,175.0,175.0,True,6,3824.6530612244896,0.5714285714285714,0
2026-08-12,18,aFRRUp,175.0,175.0,True,9,1806.0408163265306,0.2857142857142857,0
2026-08-12,19,FCR,128.0,128.0,True,2,5703.125,0.6875,0
2026-08-12,19,aFRRDown,175.0,175.0,True,6,3726.69387755102,0.5714285714285714,0
2026-08-12,19,aFRRUp,175.0,175.0,True,8,1931.4285714285713,0.2857142857142857,0
2026-08-12,20,FCR,128.0,128.0,True,2,5703.125,0.6875,0
2026-08-12,20,aFRRDown,175.0,175.0,True,6,3735.836734693877,0.5714285714285714,0
2026-08-12,20,aFRRUp,175.0,175.0,True,8,1983.6734693877547,0.2857142857142857,0
2026-08-12,21,FCR,128.0,128.0,True,2,5703.125,0.6875,0
2026-08-12,21,aFRRDown,175.0,175.0,True,6,3735.836734693877,0.5714285714285714,0
2026-08-12,21,aFRRUp,175.0,175.0,True,9,1789.7142857142856,0.2857142857142857,0
2026-08-12,22,FCR,128.0,128.0,True,2,5703.125,0.6875,0
2026-08-12,22,aFRRDown,175.0,175.0,True,6,3735.836734693877,0.5714285714285714,0
2026-08-12,22,aFRRUp,175.0,175.0,True,9,1877.877551020408,0.2857142857142857,0
2026-08-12,23,FCR,128.0,128.0,True,2,5703.125,0.6875,0
2026-08-12,23,aFRRDown,175.0,175.0,True,6,3735.836734693877,0.5714285714285714,0
2026-08-12,23,aFRRUp,175.0,175.0,True,8,1888.9795918367347,0.2857142857142857,0
2026-08-13,0,FCR,128.0,128.0,True,2,5703.125,0.6875,0
2026-08-13,0,aFRRDown,175.0,175.0,True,6,3768.4897959183672,0.5714285714285714,0
2026-08-13,0,aFRRUp,175.0,175.0,True,10,1752.4897959183672,0.2857142857142857,0
2026-08-13,1,FCR,128.0,126.0,True,2,5666.414714033762,0.671875,2.0
2026-08-13,1,aFRRDown,175.0,175.0,True,6,3768.4897959183672,0.5714285714285714,0
2026-08-13,1,aFRRUp,175.0,175.0,True,10,1752.4897959183672,0.2857142857142857,0
2026-08-13,2,FCR,128.0,118.0,True,2,5518.529158287848,0.609375,10.0
2026-08-13,2,aFRRDown,175.0,175.0,True,6,3768.4897959183672,0.5714285714285714,0
2026-08-13,2,aFRRUp,175.0,175.0,True,10,1752.4897959183672,0.2857142857142857,0
2026-08-13,3,FCR,128.0,118.0,True,2,5518.529158287848,0.609375,10.0
2026-08-13,3,aFRRDown,175.0,175.0,True,7,3318.5306122448983,0.5371428571428571,0
2026-08-13,3,aFRRUp,175.0,175.0,True,10,1752.4897959183672,0.2857142857142857,0
2026-08-13,4,FCR,128.0,118.0,True,2,5518.529158287848,0.609375,10.0
2026-08-13,4,aFRRDown,175.0,175.0,True,8,3605.8775510204077,0.5714285714285714,0
2026-08-13,4,aFRRUp,175.0,175.0,True,10,1752.4897959183672,0.2857142857142857,0
2026-08-13,5,FCR,128.0,118.0,True,2,5518.529158287848,0.609375,10.0
2026-08-13,5,aFRRDown,175.0,175.0,True,8,3609.142857142857,0.5714285714285714,0
2026-08-13,5,aFRRUp,175.0,175.0,True,10,1752.4897959183672,0.2857142857142857,0
2026-08-13,6,FCR,128.0,118.0,True,2,5518.529158287848,0.609375,10.0
2026-08-13,6,aFRRDown,175.0,175.0,True,6,3768.4897959183672,0.5714285714285714,0
2026-08-13,6,aFRRUp,175.0,175.0,True,10,1752.4897959183672,0.2857142857142857,0
2026-08-13,7,FCR,128.0,118.0,True,2,5518.529158287848,0.609375,10.0
2026-08-13,7,aFRRDown,175.0,175.0,True,6,3737.142857142857,0.5714285714285714,0
2026-08-13,7,aFRRUp,175.0,175.0,True,10,1719.8367346938776,0.2857142857142857,0
2026-08-13,8,FCR,128.0,118.0,True,2,5518.529158287848,0.609375,10.0
2026-08-13,8,aFRRDown,175.0,175.0,True,6,3709.714285714286,0.5714285714285714,0
2026-08-13,8,aFRRUp,175.0,175.0,True,10,1742.6938775510203,0.2857142857142857,0
2026-08-13,9,FCR,128.0,90.0,True,2,5061.728395061728,0.390625,38.0
2026-08-13,9,aFRRDown,175.0,175.0,True,5,3866.4489795918366,0.5714285714285714,0
2026-08-13,9,aFRRUp,175.0,175.0,True,10,1723.1020408163265,0.2857142857142857,0
2026-08-13,10,FCR,128.0,90.0,True,2,5061.728395061728,0.390625,38.0
2026-08-13,10,aFRRDown,175.0,175.0,True,5,3918.6938775510207,0.5714285714285714,0
2026-08-13,10,aFRRUp,175.0,175.0,True,10,1721.142857142857,0.2857142857142857,0
2026-08-13,11,FCR,128.0,90.0,True,2,5061.728395061728,0.390625,38.0
2026-08-13,11,aFRRDown,175.0,175.0,True,5,3379.9183673469383,0.5085714285714286,0
2026-08-13,11,aFRRUp,175.0,175.0,True,6,3908.8979591836733,0.5714285714285714,0
2026-08-13,12,FCR,128.0,90.0,True,2,5061.728395061728,0.390625,38.0
2026-08-13,12,aFRRDown,175.0,175.0,True,7,2321.9591836734694,0.37714285714285717,0
2026-08-13,12,aFRRUp,175.0,175.0,True,6,3908.8979591836733,0.5714285714285714,0
2026-08-13,13,FCR,128.0,90.0,True,2,5061.728395061728,0.390625,38.0
2026-08-13,13,aFRRDown,175.0,175.0,True,7,2321.9591836734694,0.37714285714285717,0
2026-08-13,13,aFRRUp,175.0,175.0,True,6,3908.8979591836733,0.5714285714285714,0
2026-08-13,14,FCR,128.0,90.0,True,2,5061.728395061728,0.390625,38.0
2026-08-13,14,aFRRDown,175.0,175.0,True,7,2321.9591836734694,0.37714285714285717,0
2026-08-13,14,aFRRUp,175.0,175.0,True,6,3908.8979591836733,0.5714285714285714,0
2026-08-13,15,FCR,128.0,90.0,True,2,5061.728395061728,0.390625,38.0
2026-08-13,15,aFRRDown,175.0,175.0,True,7,2321.9591836734694,0.37714285714285717,0
2026-08-13,15,aFRRUp,175.0,175.0,True,7,3887.34693877551,0.5714285714285714,0
2026-08-13,16,FCR,128.0,90.0,True,2,5061.728395061728,0.390625,38.0
2026-08-13,16,aFRRDown,175.0,175.0,True,7,1977.1428571428573,0.2857142857142857,0
2026-08-13,16,aFRRUp,175.0,175.0,True,7,3895.1836734693875,0.5714285714285714,0
2026-08-13,17,FCR,128.0,90.0,True,2,5061.728395061728,0.390625,38.0
2026-08-13,17,aFRRDown,175.0,175.0,True,5,3859.9183673469383,0.5714285714285714,0
2026-08-13,17,aFRRUp,175.0,175.0,True,10,1732.2448979591836,0.2857142857142857,0
2026-08-13,18,FCR,128.0,126.0,True,2,5666.414714033762,0.671875,2.0
2026-08-13,18,aFRRDown,175.0,175.0,True,6,3742.3673469387754,0.5714285714285714,0
2026-08-13,18,aFRRUp,175.0,175.0,True,9,1556.5714285714284,0.22285714285714286,0
2026-08-13,19,FCR,128.0,128.0,True,2,5703.125,0.6875,0
2026-08-13,19,aFRRDown,175.0,175.0,True,6,3746.285714285714,0.5714285714285714,0
2026-08-13,19,aFRRUp,175.0,175.0,True,9,1478.204081632653,0.22285714285714286,0
2026-08-13,20,FCR,128.0,128.0,True,2,5703.125,0.6875,0
2026-08-13,20,aFRRDown,175.0,175.0,True,6,3768.4897959183672,0.5714285714285714,0
2026-08-13,20,aFRRUp,175.0,175.0,True,9,1830.8571428571427,0.2857142857142857,0
2026-08-13,21,FCR,128.0,128.0,True,2,5703.125,0.6875,0
2026-08-13,21,aFRRDown,175.0,175.0,True,6,3768.4897959183672,0.5714285714285714,0
2026-08-13,21,aFRRUp,175.0,175.0,True,9,1870.6938775510205,0.2857142857142857,0
2026-08-13,22,FCR,128.0,128.0,True,2,5703.125,0.6875,0
2026-08-13,22,aFRRDown,175.0,175.0,True,6,3768.4897959183672,0.5714285714285714,0
2026-08-13,22,aFRRUp,175.0,175.0,True,9,1877.877551020408,0.2857142857142857,0
2026-08-13,23,FCR,128.0,128.0,True,2,5703.125,0.6875,0
2026-08-13,23,aFRRDown,175.0,175.0,True,6,3768.4897959183672,0.5714285714285714,0
2026-08-13,23,aFRRUp,175.0,175.0,True,9,1478.204081632653,0.22285714285714286,0
2026-08-14,0,FCR,128.0,128.0,True,2,5703.125,0.6875,0
2026-08-14,0,aFRRDown,175.0,175.0,True,6,3735.836734693877,0.5714285714285714,0
2026-08-14,0,aFRRUp,175.0,175.0,True,9,1745.9591836734692,0.2857142857142857,0
2026-08-14,1,FCR,128.0,126.0,True,2,5666.414714033762,0.671875,2.0
2026-08-14,1,aFRRDown,175.0,175.0,True,6,3735.836734693877,0.5714285714285714,0
2026-08-14,1,aFRRUp,175.0,175.0,True,9,1745.9591836734692,0.2857142857142857,0
2026-08-14,2,FCR,128.0,118.0,True,2,5518.529158287848,0.609375,10.0
2026-08-14,2,aFRRDown,175.0,175.0,True,6,3735.836734693877,0.5714285714285714,0
2026-08-14,2,aFRRUp,175.0,175.0,True,9,1745.9591836734692,0.2857142857142857,0
2026-08-14,3,FCR,128.0,118.0,True,2,5518.529158287848,0.609375,10.0
2026-08-14,3,aFRRDown,175.0,175.0,True,7,3694.6938775510203,0.5714285714285714,0
2026-08-14,3,aFRRUp,175.0,175.0,True,9,1745.9591836734692,0.2857142857142857,0
2026-08-14,4,FCR,128.0,118.0,True,2,5518.529158287848,0.609375,10.0
2026-08-14,4,aFRRDown,175.0,175.0,True,8,3629.3877551020405,0.5714285714285714,0
2026-08-14,4,aFRRUp,175.0,175.0,True,9,1745.9591836734692,0.2857142857142857,0
2026-08-14,5,FCR,128.0,118.0,True,2,5518.529158287848,0.609375,10.0
2026-08-14,5,aFRRDown,175.0,175.0,True,7,3658.7755102040815,0.5714285714285714,0
2026-08-14,5,aFRRUp,175.0,175.0,True,9,1745.9591836734692,0.2857142857142857,0
2026-08-14,6,FCR,128.0,118.0,True,2,5518.529158287848,0.609375,10.0
2026-08-14,6,aFRRDown,175.0,175.0,True,6,3735.836734693877,0.5714285714285714,0
2026-08-14,6,aFRRUp,175.0,175.0,True,9,1745.9591836734692,0.2857142857142857,0
2026-08-14,7,FCR,128.0,118.0,True,2,5518.529158287848,0.609375,10.0
2026-08-14,7,aFRRDown,175.0,175.0,True,6,3726.69387755102,0.5714285714285714,0
2026-08-14,7,aFRRUp,175.0,175.0,True,10,1706.7755102040817,0.2857142857142857,0
2026-08-14,8,FCR,128.0,118.0,True,2,5518.529158287848,0.609375,10.0
2026-08-14,8,aFRRDown,175.0,175.0,True,6,3735.836734693877,0.5714285714285714,0
2026-08-14,8,aFRRUp,175.0,175.0,True,9,1745.9591836734692,0.2857142857142857,0
2026-08-14,9,FCR,128.0,90.0,True,2,5061.728395061728,0.390625,38.0
2026-08-14,9,aFRRDown,175.0,175.0,True,6,3794.612244897959,0.5714285714285714,0
2026-08-14,9,aFRRUp,175.0,175.0,True,10,1490.6122448979593,0.2857142857142857,0
2026-08-14,10,FCR,128.0,94.0,True,3,4658.2163875056585,0.390625,34.0
2026-08-14,10,aFRRDown,175.0,175.0,True,5,3918.6938775510207,0.5714285714285714,0
2026-08-14,10,aFRRUp,175.0,175.0,True,8,1875.265306122449,0.2857142857142857,0
2026-08-14,11,FCR,128.0,94.0,True,3,4658.2163875056585,0.390625,34.0
2026-08-14,11,aFRRDown,175.0,175.0,True,5,4279.183673469388,0.6057142857142858,0
2026-08-14,11,aFRRUp,175.0,175.0,True,8,3662.6938775510203,0.5714285714285714,0
2026-08-14,12,FCR,128.0,90.0,True,2,5061.728395061728,0.390625,38.0
2026-08-14,12,aFRRDown,175.0,175.0,True,7,2382.0408163265306,0.37714285714285717,0
2026-08-14,12,aFRRUp,175.0,175.0,True,6,3900.408163265306,0.5714285714285714,0
2026-08-14,13,FCR,128.0,90.0,True,2,5061.728395061728,0.390625,38.0
2026-08-14,13,aFRRDown,175.0,175.0,True,7,2382.0408163265306,0.37714285714285717,0
2026-08-14,13,aFRRUp,175.0,175.0,True,6,3900.408163265306,0.5714285714285714,0
2026-08-14,14,FCR,128.0,90.0,True,2,5061.728395061728,0.390625,38.0
2026-08-14,14,aFRRDown,175.0,175.0,True,7,2382.0408163265306,0.37714285714285717,0
2026-08-14,14,aFRRUp,175.0,175.0,True,7,3895.836734693877,0.5714285714285714,0
2026-08-14,15,FCR,128.0,90.0,True,2,5061.728395061728,0.390625,38.0
2026-08-14,15,aFRRDown,175.0,175.0,True,7,2382.0408163265306,0.37714285714285717,0
2026-08-14,15,aFRRUp,175.0,175.0,True,7,3892.5714285714284,0.5714285714285714,0
2026-08-14,16,FCR,128.0,90.0,True,2,5061.728395061728,0.390625,38.0
2026-08-14,16,aFRRDown,175.0,175.0,True,7,2016.3265306122448,0.2857142857142857,0
2026-08-14,16,aFRRUp,175.0,175.0,True,8,2141.0612244897957,0.36,0
2026-08-14,17,FCR,128.0,90.0,True,2,5061.728395061728,0.390625,38.0
2026-08-14,17,aFRRDown,175.0,175.0,True,6,3782.8571428571427,0.5714285714285714,0
2026-08-14,17,aFRRUp,175.0,175.0,True,9,1700.2448979591836,0.2742857142857143,0
2026-08-14,18,FCR,128.0,126.0,True,2,5666.414714033762,0.671875,2.0
2026-08-14,18,aFRRDown,175.0,175.0,True,6,3735.836734693877,0.5714285714285714,0
2026-08-14,18,aFRRUp,175.0,175.0,True,9,1556.5714285714284,0.22285714285714286,0
2026-08-14,19,FCR,128.0,128.0,True,2,5703.125,0.6875,0
2026-08-14,19,aFRRDown,175.0,175.0,True,6,3772.4081632653056,0.5714285714285714,0
2026-08-14,19,aFRRUp,175.0,175.0,True,9,1642.7755102040817,0.2857142857142857,0
2026-08-14,20,FCR,128.0,128.0,True,2,5703.125,0.6875,0
2026-08-14,20,aFRRDown,175.0,175.0,True,6,3794.612244897959,0.5714285714285714,0
2026-08-14,20,aFRRUp,175.0,175.0,True,7,2365.7142857142853,0.3314285714285714,0
2026-08-14,21,FCR,128.0,128.0,True,2,5703.125,0.6875,0
2026-08-14,21,aFRRDown,175.0,175.0,True,6,3794.612244897959,0.5714285714285714,0
2026-08-14,21,aFRRUp,175.0,175.0,True,9,1870.6938775510205,0.2857142857142857,0
2026-08-14,22,FCR,128.0,128.0,True,2,5703.125,0.6875,0
2026-08-14,22,aFRRDown,175.0,175.0,True,6,3794.612244897959,0.5714285714285714,0
2026-08-14,22,aFRRUp,175.0,175.0,True,10,1726.3673469387754,0.2857142857142857,0
2026-08-14,23,FCR,128.0,128.0,True,2,5703.125,0.6875,0
2026-08-14,23,aFRRDown,175.0,175.0,True,6,3794.612244897959,0.5714285714285714,0
2026-08-14,23,aFRRUp,175.0,175.0,True,10,1726.3673469387754,0.2857142857142857,0
2026-08-15,0,FCR,128.0,133.0,True,3,5296.5119565831865,0.6875,0
2026-08-15,0,aFRRDown,175.0,175.0,True,7,3657.4693877551017,0.5714285714285714,0
2026-08-15,0,aFRRUp,175.0,175.0,True,9,1740.7346938775509,0.2857142857142857,0
2026-08-15,1,FCR,128.0,123.0,True,3,5095.511930729063,0.609375,5.0
2026-08-15,1,aFRRDown,175.0,175.0,True,7,3657.4693877551017,0.5714285714285714,0
2026-08-15,1,aFRRUp,175.0,175.0,True,9,1740.7346938775509,0.2857142857142857,0
2026-08-15,2,FCR,128.0,123.0,True,3,5095.511930729063,0.609375,5.0
2026-08-15,2,aFRRDown,175.0,175.0,True,7,3657.4693877551017,0.5714285714285714,0
2026-08-15,2,aFRRUp,175.0,175.0,True,9,1740.7346938775509,0.2857142857142857,0
2026-08-15,3,FCR,128.0,123.0,True,3,5095.511930729063,0.609375,5.0
2026-08-15,3,aFRRDown,175.0,175.0,True,6,4151.183673469387,0.5714285714285714,0
2026-08-15,3,aFRRUp,175.0,175.0,True,9,1740.7346938775509,0.2857142857142857,0
2026-08-15,4,FCR,128.0,123.0,True,3,5095.511930729063,0.609375,5.0
2026-08-15,4,aFRRDown,175.0,175.0,True,7,3657.4693877551017,0.5714285714285714,0
2026-08-15,4,aFRRUp,175.0,175.0,True,9,1740.7346938775509,0.2857142857142857,0
2026-08-15,5,FCR,128.0,123.0,True,3,5095.511930729063,0.609375,5.0
2026-08-15,5,aFRRDown,175.0,175.0,True,7,3657.4693877551017,0.5714285714285714,0
2026-08-15,5,aFRRUp,175.0,175.0,True,9,1740.7346938775509,0.2857142857142857,0
2026-08-15,6,FCR,128.0,123.0,True,3,5095.511930729063,0.609375,5.0
2026-08-15,6,aFRRDown,175.0,175.0,True,7,3657.4693877551017,0.5714285714285714,0
2026-08-15,6,aFRRUp,175.0,175.0,True,9,1740.7346938775509,0.2857142857142857,0
2026-08-15,7,FCR,128.0,123.0,True,3,5095.511930729063,0.609375,5.0
2026-08-15,7,aFRRDown,175.0,175.0,True,7,3654.8571428571427,0.5714285714285714,0
2026-08-15,7,aFRRUp,175.0,175.0,True,9,1740.7346938775509,0.2857142857142857,0
2026-08-15,8,FCR,128.0,95.0,True,3,4570.637119113572,0.390625,33.0
2026-08-15,8,aFRRDown,175.0,175.0,True,7,3696.6530612244896,0.5714285714285714,0
2026-08-15,8,aFRRUp,175.0,175.0,True,9,1740.7346938775509,0.2857142857142857,0
2026-08-15,9,FCR,128.0,95.0,True,3,4570.637119113572,0.390625,33.0
2026-08-15,9,aFRRDown,175.0,175.0,True,6,3765.224489795918,0.5714285714285714,0
2026-08-15,9,aFRRUp,175.0,175.0,True,9,1739.4285714285716,0.2857142857142857,0
2026-08-15,10,FCR,128.0,95.0,True,3,4570.637119113572,0.390625,33.0
2026-08-15,10,aFRRDown,175.0,175.0,True,7,2075.1020408163267,0.32,0
2026-08-15,10,aFRRUp,175.0,175.0,True,7,3871.020408163265,0.5714285714285714,0
2026-08-15,11,FCR,128.0,95.0,True,3,4570.637119113572,0.390625,33.0
2026-08-15,11,aFRRDown,175.0,175.0,True,7,2075.1020408163267,0.32,0
2026-08-15,11,aFRRUp,175.0,175.0,True,7,3890.612244897959,0.5714285714285714,0
2026-08-15,12,FCR,128.0,95.0,True,3,4570.637119113572,0.390625,33.0
2026-08-15,12,aFRRDown,175.0,175.0,True,9,1761.6326530612246,0.2857142857142857,0
2026-08-15,12,aFRRUp,175.0,175.0,True,6,3895.836734693877,0.5714285714285714,0
2026-08-15,13,FCR,128.0,95.0,True,3,4570.637119113572,0.390625,33.0
2026-08-15,13,aFRRDown,175.0,175.0,True,8,1866.1224489795918,0.2857142857142857,0
2026-08-15,13,aFRRUp,175.0,175.0,True,6,3895.836734693877,0.5714285714285714,0
2026-08-15,14,FCR,128.0,95.0,True,3,4570.637119113572,0.390625,33.0
2026-08-15,14,aFRRDown,175.0,175.0,True,8,1866.1224489795918,0.2857142857142857,0
2026-08-15,14,aFRRUp,175.0,175.0,True,6,3895.836734693877,0.5714285714285714,0
2026-08-15,15,FCR,128.0,95.0,True,3,4570.637119113572,0.390625,33.0
2026-08-15,15,aFRRDown,175.0,175.0,True,8,1866.1224489795918,0.2857142857142857,0
2026-08-15,15,aFRRUp,175.0,175.0,True,7,3882.775510204081,0.5714285714285714,0
2026-08-15,16,FCR,128.0,95.0,True,3,4570.637119113572,0.390625,33.0
2026-08-15,16,aFRRDown,175.0,175.0,True,6,3224.4897959183672,0.46285714285714286,0
2026-08-15,16,aFRRUp,175.0,175.0,True,6,3892.5714285714284,0.5714285714285714,0
2026-08-15,17,FCR,128.0,95.0,True,3,4570.637119113572,0.390625,33.0
2026-08-15,17,aFRRDown,175.0,175.0,True,7,2759.5102040816328,0.46285714285714286,0
2026-08-15,17,aFRRUp,175.0,175.0,True,6,3921.959183673469,0.5714285714285714,0
2026-08-15,18,FCR,128.0,95.0,True,3,4570.637119113572,0.390625,33.0
2026-08-15,18,aFRRDown,175.0,175.0,True,7,3678.367346938775,0.5714285714285714,0
2026-08-15,18,aFRRUp,175.0,175.0,True,9,1556.5714285714284,0.22285714285714286,0
2026-08-15,19,FCR,128.0,133.0,True,3,5296.5119565831865,0.6875,0
2026-08-15,19,aFRRDown,175.0,175.0,True,7,3654.8571428571427,0.5714285714285714,0
2026-08-15,19,aFRRUp,175.0,175.0,True,9,1556.5714285714284,0.22285714285714286,0
2026-08-15,20,FCR,128.0,133.0,True,3,5296.5119565831865,0.6875,0
2026-08-15,20,aFRRDown,175.0,175.0,True,7,3657.4693877551017,0.5714285714285714,0
2026-08-15,20,aFRRUp,175.0,175.0,True,9,1830.8571428571427,0.2857142857142857,0
2026-08-15,21,FCR,128.0,133.0,True,3,5296.5119565831865,0.6875,0
2026-08-15,21,aFRRDown,175.0,175.0,True,7,3657.4693877551017,0.5714285714285714,0
2026-08-15,21,aFRRUp,175.0,175.0,True,9,1789.7142857142856,0.2857142857142857,0
2026-08-15,22,FCR,128.0,133.0,True,3,5296.5119565831865,0.6875,0
2026-08-15,22,aFRRDown,175.0,175.0,True,7,3657.4693877551017,0.5714285714285714,0
2026-08-15,22,aFRRUp,175.0,175.0,True,10,1726.3673469387754,0.2857142857142857,0
2026-08-15,23,FCR,128.0,133.0,True,3,5296.5119565831865,0.6875,0
2026-08-15,23,aFRRDown,175.0,175.0,True,7,3657.4693877551017,0.5714285714285714,0
2026-08-15,23,aFRRUp,175.0,175.0,True,10,1726.3673469387754,0.2857142857142857,0
2026-08-16,0,FCR,128.0,133.0,True,3,5296.5119565831865,0.6875,0
2026-08-16,0,aFRRDown,175.0,175.0,True,7,3657.4693877551017,0.5714285714285714,0
2026-08-16,0,aFRRUp,175.0,175.0,True,9,1740.7346938775509,0.2857142857142857,0
2026-08-16,1,FCR,128.0,123.0,True,3,5095.511930729063,0.609375,5.0
2026-08-16,1,aFRRDown,175.0,175.0,True,7,3657.4693877551017,0.5714285714285714,0
2026-08-16,1,aFRRUp,175.0,175.0,True,9,1740.7346938775509,0.2857142857142857,0
2026-08-16,2,FCR,128.0,123.0,True,3,5095.511930729063,0.609375,5.0
2026-08-16,2,aFRRDown,175.0,175.0,True,7,3657.4693877551017,0.5714285714285714,0
2026-08-16,2,aFRRUp,175.0,175.0,True,9,1740.7346938775509,0.2857142857142857,0
2026-08-16,3,FCR,128.0,123.0,True,3,5095.511930729063,0.609375,5.0
2026-08-16,3,aFRRDown,175.0,175.0,True,6,4151.183673469387,0.5714285714285714,0
2026-08-16,3,aFRRUp,175.0,175.0,True,9,1740.7346938775509,0.2857142857142857,0
2026-08-16,4,FCR,128.0,123.0,True,3,5095.511930729063,0.609375,5.0
2026-08-16,4,aFRRDown,175.0,175.0,True,7,3657.4693877551017,0.5714285714285714,0
2026-08-16,4,aFRRUp,175.0,175.0,True,9,1740.7346938775509,0.2857142857142857,0
2026-08-16,5,FCR,128.0,123.0,True,3,5095.511930729063,0.609375,5.0
2026-08-16,5,aFRRDown,175.0,175.0,True,7,3657.4693877551017,0.5714285714285714,0
2026-08-16,5,aFRRUp,175.0,175.0,True,9,1740.7346938775509,0.2857142857142857,0
2026-08-16,6,FCR,128.0,123.0,True,3,5095.511930729063,0.609375,5.0
2026-08-16,6,aFRRDown,175.0,175.0,True,7,3657.4693877551017,0.5714285714285714,0
2026-08-16,6,aFRRUp,175.0,175.0,True,9,1740.7346938775509,0.2857142857142857,0
2026-08-16,7,FCR,128.0,123.0,True,3,5095.511930729063,0.609375,5.0
2026-08-16,7,aFRRDown,175.0,175.0,True,7,3654.8571428571427,0.5714285714285714,0
2026-08-16,7,aFRRUp,175.0,175.0,True,9,1740.7346938775509,0.2857142857142857,0
2026-08-16,8,FCR,128.0,95.0,True,3,4570.637119113572,0.390625,33.0
2026-08-16,8,aFRRDown,175.0,175.0,True,7,3696.6530612244896,0.5714285714285714,0
2026-08-16,8,aFRRUp,175.0,175.0,True,9,1740.7346938775509,0.2857142857142857,0
2026-08-16,9,FCR,128.0,95.0,True,3,4570.637119113572,0.390625,33.0
2026-08-16,9,aFRRDown,175.0,175.0,True,6,3772.408163265306,0.5714285714285714,0
2026-08-16,9,aFRRUp,175.0,175.0,True,9,1739.4285714285716,0.2857142857142857,0
2026-08-16,10,FCR,128.0,95.0,True,3,4570.637119113572,0.390625,33.0
2026-08-16,10,aFRRDown,175.0,175.0,True,7,2075.1020408163267,0.32,0
2026-08-16,10,aFRRUp,175.0,175.0,True,7,3872.3265306122444,0.5714285714285714,0
2026-08-16,11,FCR,128.0,95.0,True,3,4570.637119113572,0.390625,33.0
2026-08-16,11,aFRRDown,175.0,175.0,True,7,2075.1020408163267,0.32,0
2026-08-16,11,aFRRUp,175.0,175.0,True,6,3895.836734693877,0.5714285714285714,0
2026-08-16,12,FCR,128.0,95.0,True,3,4570.637119113572,0.390625,33.0
2026-08-16,12,aFRRDown,175.0,175.0,True,9,1761.6326530612246,0.2857142857142857,0
2026-08-16,12,aFRRUp,175.0,175.0,True,6,3895.836734693877,0.5714285714285714,0
2026-08-16,13,FCR,128.0,95.0,True,3,4570.637119113572,0.390625,33.0
2026-08-16,13,aFRRDown,175.0,175.0,True,8,1866.1224489795918,0.2857142857142857,0
2026-08-16,13,aFRRUp,175.0,175.0,True,6,3895.836734693877,0.5714285714285714,0
2026-08-16,14,FCR,128.0,95.0,True,3,4570.637119113572,0.390625,33.0
2026-08-16,14,aFRRDown,175.0,175.0,True,8,1866.1224489795918,0.2857142857142857,0
2026-08-16,14,aFRRUp,175.0,175.0,True,6,3895.836734693877,0.5714285714285714,0
2026-08-16,15,FCR,128.0,95.0,True,3,4570.637119113572,0.390625,33.0
2026-08-16,15,aFRRDown,175.0,175.0,True,8,1866.1224489795918,0.2857142857142857,0
2026-08-16,15,aFRRUp,175.0,175.0,True,7,3884.0816326530608,0.5714285714285714,0
2026-08-16,16,FCR,128.0,95.0,True,3,4570.637119113572,0.390625,33.0
2026-08-16,16,aFRRDown,175.0,175.0,True,6,3224.4897959183672,0.46285714285714286,0
2026-08-16,16,aFRRUp,175.0,175.0,True,6,3895.836734693877,0.5714285714285714,0
2026-08-16,17,FCR,128.0,95.0,True,3,4570.637119113572,0.390625,33.0
2026-08-16,17,aFRRDown,175.0,175.0,True,6,3772.408163265306,0.5714285714285714,0
2026-08-16,17,aFRRUp,175.0,175.0,True,9,1739.4285714285716,0.2857142857142857,0
2026-08-16,18,FCR,128.0,95.0,True,3,4570.637119113572,0.390625,33.0
2026-08-16,18,aFRRDown,175.0,175.0,True,7,3707.755102040816,0.5714285714285714,0
2026-08-16,18,aFRRUp,175.0,175.0,True,9,1556.5714285714284,0.22285714285714286,0
2026-08-16,19,FCR,128.0,133.0,True,3,5296.5119565831865,0.6875,0
2026-08-16,19,aFRRDown,175.0,175.0,True,7,3654.8571428571427,0.5714285714285714,0
2026-08-16,19,aFRRUp,175.0,175.0,True,9,1556.5714285714284,0.22285714285714286,0
2026-08-16,20,FCR,128.0,133.0,True,3,5296.5119565831865,0.6875,0
2026-08-16,20,aFRRDown,175.0,175.0,True,7,3657.4693877551017,0.5714285714285714,0
2026-08-16,20,aFRRUp,175.0,175.0,True,9,1830.8571428571427,0.2857142857142857,0
2026-08-16,21,FCR,128.0,133.0,True,3,5296.5119565831865,0.6875,0
2026-08-16,21,aFRRDown,175.0,175.0,True,7,3657.4693877551017,0.5714285714285714,0
2026-08-16,21,aFRRUp,175.0,175.0,True,9,1789.7142857142856,0.2857142857142857,0
2026-08-16,22,FCR,128.0,133.0,True,3,5296.5119565831865,0.6875,0
2026-08-16,22,aFRRDown,175.0,175.0,True,7,3657.4693877551017,0.5714285714285714,0
2026-08-16,22,aFRRUp,175.0,175.0,True,10,1726.3673469387754,0.2857142857142857,0
2026-08-16,23,FCR,128.0,133.0,True,3,5296.5119565831865,0.6875,0
2026-08-16,23,aFRRDown,175.0,175.0,True,7,3657.4693877551017,0.5714285714285714,0
2026-08-16,23,aFRRUp,175.0,175.0,True,10,1726.3673469387754,0.2857142857142857,0
2026-08-17,0,FCR,128.0,133.0,True,3,5296.5119565831865,0.6875,0
2026-08-17,0,aFRRDown,175.0,175.0,True,7,3657.4693877551017,0.5714285714285714,0
2026-08-17,0,aFRRUp,175.0,175.0,True,9,1740.7346938775509,0.2857142857142857,0
2026-08-17,1,FCR,128.0,123.0,True,3,5095.511930729063,0.609375,5.0
2026-08-17,1,aFRRDown,175.0,175.0,True,7,3657.4693877551017,0.5714285714285714,0
2026-08-17,1,aFRRUp,175.0,175.0,True,9,1740.7346938775509,0.2857142857142857,0
2026-08-17,2,FCR,128.0,123.0,True,3,5095.511930729063,0.609375,5.0
2026-08-17,2,aFRRDown,175.0,175.0,True,7,3657.4693877551017,0.5714285714285714,0
2026-08-17,2,aFRRUp,175.0,175.0,True,9,1740.7346938775509,0.2857142857142857,0
2026-08-17,3,FCR,128.0,123.0,True,3,5095.511930729063,0.609375,5.0
2026-08-17,3,aFRRDown,175.0,175.0,True,6,4151.183673469387,0.5714285714285714,0
2026-08-17,3,aFRRUp,175.0,175.0,True,9,1740.7346938775509,0.2857142857142857,0
2026-08-17,4,FCR,128.0,123.0,True,3,5095.511930729063,0.609375,5.0
2026-08-17,4,aFRRDown,175.0,175.0,True,7,3675.1020408163267,0.5714285714285714,0
2026-08-17,4,aFRRUp,175.0,175.0,True,9,1740.7346938775509,0.2857142857142857,0
2026-08-17,5,FCR,128.0,123.0,True,3,5095.511930729063,0.609375,5.0
2026-08-17,5,aFRRDown,175.0,175.0,True,8,3603.2653061224482,0.5714285714285714,0
2026-08-17,5,aFRRUp,175.0,175.0,True,9,1740.7346938775509,0.2857142857142857,0
2026-08-17,6,FCR,128.0,123.0,True,3,5095.511930729063,0.609375,5.0
2026-08-17,6,aFRRDown,175.0,175.0,True,7,3657.4693877551017,0.5714285714285714,0
2026-08-17,6,aFRRUp,175.0,175.0,True,9,1740.7346938775509,0.2857142857142857,0
2026-08-17,7,FCR,128.0,123.0,True,3,5095.511930729063,0.609375,5.0
2026-08-17,7,aFRRDown,175.0,175.0,True,7,3654.8571428571427,0.5714285714285714,0
2026-08-17,7,aFRRUp,175.0,175.0,True,10,1729.6326530612243,0.2857142857142857,0
2026-08-17,8,FCR,128.0,123.0,True,3,5095.511930729063,0.609375,5.0
2026-08-17,8,aFRRDown,175.0,175.0,True,7,3686.8571428571427,0.5714285714285714,0
2026-08-17,8,aFRRUp,175.0,175.0,True,9,1740.7346938775509,0.2857142857142857,0
2026-08-17,9,FCR,128.0,95.0,True,3,4570.637119113572,0.390625,33.0
2026-08-17,9,aFRRDown,175.0,175.0,True,6,3754.7755102040815,0.5714285714285714,0
2026-08-17,9,aFRRUp,175.0,175.0,True,9,1740.7346938775509,0.2857142857142857,0
2026-08-17,10,FCR,128.0,95.0,True,3,4570.637119113572,0.390625,33.0
2026-08-17,10,aFRRDown,175.0,175.0,True,6,3827.918367346939,0.5714285714285714,0
2026-08-17,10,aFRRUp,175.0,175.0,True,10,1702.857142857143,0.2857142857142857,0
2026-08-17,11,FCR,128.0,95.0,True,3,4570.637119113572,0.390625,33.0
2026-08-17,11,aFRRDown,175.0,175.0,True,6,3827.918367346939,0.5714285714285714,0
2026-08-17,11,aFRRUp,175.0,175.0,True,10,1734.2040816326528,0.2857142857142857,0
2026-08-17,12,FCR,128.0,95.0,True,3,4570.637119113572,0.390625,33.0
2026-08-17,12,aFRRDown,175.0,175.0,True,6,3892.5714285714284,0.5714285714285714,0
2026-08-17,12,aFRRUp,175.0,175.0,True,10,1755.1020408163265,0.2857142857142857,0
2026-08-17,13,FCR,128.0,95.0,True,3,4570.637119113572,0.390625,33.0
2026-08-17,13,aFRRDown,175.0,175.0,True,6,3892.5714285714284,0.5714285714285714,0
2026-08-17,13,aFRRUp,175.0,175.0,True,10,1767.5102040816325,0.2857142857142857,0
2026-08-17,14,FCR,128.0,95.0,True,3,4570.637119113572,0.390625,33.0
2026-08-17,14,aFRRDown,175.0,175.0,True,6,3892.5714285714284,0.5714285714285714,0
2026-08-17,14,aFRRUp,175.0,175.0,True,10,1755.1020408163265,0.2857142857142857,0
2026-08-17,15,FCR,128.0,95.0,True,3,4570.637119113572,0.390625,33.0
2026-08-17,15,aFRRDown,175.0,175.0,True,6,3892.5714285714284,0.5714285714285714,0
2026-08-17,15,aFRRUp,175.0,175.0,True,10,1708.0816326530612,0.2857142857142857,0
2026-08-17,16,FCR,128.0,95.0,True,3,4570.637119113572,0.390625,33.0
2026-08-17,16,aFRRDown,175.0,175.0,True,6,3225.795918367347,0.46285714285714286,0
2026-08-17,16,aFRRUp,175.0,175.0,True,10,1708.0816326530612,0.2857142857142857,0
2026-08-17,17,FCR,128.0,95.0,True,3,4570.637119113572,0.390625,33.0
2026-08-17,17,aFRRDown,175.0,175.0,True,6,3749.551020408163,0.5714285714285714,0
2026-08-17,17,aFRRUp,175.0,175.0,True,9,1700.2448979591836,0.2742857142857143,0
2026-08-17,18,FCR,128.0,133.0,True,3,5296.5119565831865,0.6875,0
2026-08-17,18,aFRRDown,175.0,175.0,True,7,3671.1836734693875,0.5714285714285714,0
2026-08-17,18,aFRRUp,175.0,175.0,True,9,1556.5714285714284,0.22285714285714286,0
2026-08-17,19,FCR,128.0,133.0,True,3,5296.5119565831865,0.6875,0
2026-08-17,19,aFRRDown,175.0,175.0,True,7,3654.8571428571427,0.5714285714285714,0
2026-08-17,19,aFRRUp,175.0,175.0,True,9,1556.5714285714284,0.22285714285714286,0
2026-08-17,20,FCR,128.0,133.0,True,3,5296.5119565831865,0.6875,0
2026-08-17,20,aFRRDown,175.0,175.0,True,7,3657.4693877551017,0.5714285714285714,0
2026-08-17,20,aFRRUp,175.0,175.0,True,8,1983.6734693877547,0.2857142857142857,0
2026-08-17,21,FCR,128.0,133.0,True,3,5296.5119565831865,0.6875,0
2026-08-17,21,aFRRDown,175.0,175.0,True,7,3657.4693877551017,0.5714285714285714,0
2026-08-17,21,aFRRUp,175.0,175.0,True,9,1870.6938775510205,0.2857142857142857,0
2026-08-17,22,FCR,128.0,133.0,True,3,5296.5119565831865,0.6875,0
2026-08-17,22,aFRRDown,175.0,175.0,True,7,3657.4693877551017,0.5714285714285714,0
2026-08-17,22,aFRRUp,175.0,175.0,True,10,1726.3673469387754,0.2857142857142857,0
2026-08-17,23,FCR,128.0,133.0,True,3,5296.5119565831865,0.6875,0
2026-08-17,23,aFRRDown,175.0,175.0,True,7,3657.4693877551017,0.5714285714285714,0
2026-08-17,23,aFRRUp,175.0,175.0,True,10,1726.3673469387754,0.2857142857142857,0
2026-08-18,0,FCR,128.0,133.0,True,3,5296.5119565831865,0.6875,0
2026-08-18,0,aFRRDown,175.0,175.0,True,6,3794.612244897959,0.5714285714285714,0
2026-08-18,0,aFRRUp,175.0,175.0,True,8,2403.5918367346944,0.4,0
2026-08-18,1,FCR,128.0,123.0,True,3,5095.511930729063,0.609375,5.0
2026-08-18,1,aFRRDown,175.0,175.0,True,6,3794.612244897959,0.5714285714285714,0
2026-08-18,1,aFRRUp,175.0,175.0,True,8,2403.5918367346944,0.4,0
2026-08-18,2,FCR,128.0,123.0,True,3,5095.511930729063,0.609375,5.0
2026-08-18,2,aFRRDown,175.0,175.0,True,6,3794.612244897959,0.5714285714285714,0
2026-08-18,2,aFRRUp,175.0,175.0,True,8,2403.5918367346944,0.4,0
2026-08-18,3,FCR,128.0,123.0,True,3,5095.511930729063,0.609375,5.0
2026-08-18,3,aFRRDown,175.0,175.0,True,5,4249.142857142857,0.5714285714285714,0
2026-08-18,3,aFRRUp,175.0,175.0,True,8,2403.5918367346944,0.4,0
2026-08-18,4,FCR,128.0,123.0,True,3,5095.511930729063,0.609375,5.0
2026-08-18,4,aFRRDown,175.0,175.0,True,5,4249.142857142857,0.5714285714285714,0
2026-08-18,4,aFRRUp,175.0,175.0,True,8,2403.5918367346944,0.4,0
2026-08-18,5,FCR,128.0,123.0,True,3,5095.511930729063,0.609375,5.0
2026-08-18,5,aFRRDown,175.0,175.0,True,5,4249.142857142857,0.5714285714285714,0
2026-08-18,5,aFRRUp,175.0,175.0,True,8,2403.5918367346944,0.4,0
2026-08-18,6,FCR,128.0,123.0,True,3,5095.511930729063,0.609375,5.0
2026-08-18,6,aFRRDown,175.0,175.0,True,6,3794.612244897959,0.5714285714285714,0
2026-08-18,6,aFRRUp,175.0,175.0,True,8,2403.5918367346944,0.4,0
2026-08-18,7,FCR,128.0,123.0,True,3,5095.511930729063,0.609375,5.0
2026-08-18,7,aFRRDown,175.0,175.0,True,6,3782.8571428571427,0.5714285714285714,0
2026-08-18,7,aFRRUp,175.0,175.0,True,8,2403.5918367346944,0.4,0
2026-08-18,8,FCR,128.0,123.0,True,3,5095.511930729063,0.609375,5.0
2026-08-18,8,aFRRDown,175.0,175.0,True,6,3755.428571428571,0.5714285714285714,0
2026-08-18,8,aFRRUp,175.0,175.0,True,9,2145.632653061225,0.4,0
2026-08-18,9,FCR,128.0,95.0,True,3,4570.637119113572,0.390625,33.0
2026-08-18,9,aFRRDown,175.0,175.0,True,6,3743.6734693877547,0.5714285714285714,0
2026-08-18,9,aFRRUp,175.0,175.0,True,8,2403.5918367346944,0.4,0
2026-08-18,10,FCR,128.0,95.0,True,3,4570.637119113572,0.390625,33.0
2026-08-18,10,aFRRDown,175.0,175.0,True,6,3837.7142857142853,0.5714285714285714,0
2026-08-18,10,aFRRUp,175.0,175.0,True,7,2617.1428571428573,0.4,0
2026-08-18,11,FCR,128.0,95.0,True,3,4570.637119113572,0.390625,33.0
2026-08-18,11,aFRRDown,175.0,175.0,True,7,2075.1020408163267,0.32,0
2026-08-18,11,aFRRUp,175.0,175.0,True,8,2594.9387755102043,0.4,0
2026-08-18,12,FCR,128.0,95.0,True,3,4570.637119113572,0.390625,33.0
2026-08-18,12,aFRRDown,175.0,175.0,True,8,1826.938775510204,0.2857142857142857,0
2026-08-18,12,aFRRUp,175.0,175.0,True,8,2613.224489795919,0.4,0
2026-08-18,13,FCR,128.0,95.0,True,3,4570.637119113572,0.390625,33.0
2026-08-18,13,aFRRDown,175.0,175.0,True,7,2349.387755102041,0.37714285714285717,0
2026-08-18,13,aFRRUp,175.0,175.0,True,8,2613.224489795919,0.4,0
2026-08-18,14,FCR,128.0,95.0,True,3,4570.637119113572,0.390625,33.0
2026-08-18,14,aFRRDown,175.0,175.0,True,7,2349.387755102041,0.37714285714285717,0
2026-08-18,14,aFRRUp,175.0,175.0,True,8,2606.6938775510207,0.4,0
2026-08-18,15,FCR,128.0,95.0,True,3,4570.637119113572,0.390625,33.0
2026-08-18,15,aFRRDown,175.0,175.0,True,7,2349.387755102041,0.37714285714285717,0
2026-08-18,15,aFRRUp,175.0,175.0,True,8,2594.9387755102043,0.4,0
2026-08-18,16,FCR,128.0,95.0,True,3,4570.637119113572,0.390625,33.0
2026-08-18,16,aFRRDown,175.0,175.0,True,6,2821.5510204081634,0.4,0
2026-08-18,16,aFRRUp,175.0,175.0,True,7,2617.1428571428573,0.4,0
2026-08-18,17,FCR,128.0,95.0,True,3,4570.637119113572,0.390625,33.0
2026-08-18,17,aFRRDown,175.0,175.0,True,6,3755.428571428571,0.5714285714285714,0
2026-08-18,17,aFRRUp,175.0,175.0,True,8,2403.5918367346944,0.4,0
2026-08-18,18,FCR,128.0,133.0,True,3,5296.5119565831865,0.6875,0
2026-08-18,18,aFRRDown,175.0,175.0,True,6,3739.755102040816,0.5714285714285714,0
2026-08-18,18,aFRRUp,175.0,175.0,True,9,2204.4081632653065,0.4,0
2026-08-18,19,FCR,128.0,133.0,True,3,5296.5119565831865,0.6875,0
2026-08-18,19,aFRRDown,175.0,175.0,True,6,3782.8571428571427,0.5714285714285714,0
2026-08-18,19,aFRRUp,175.0,175.0,True,8,2495.0204081632655,0.4,0
2026-08-18,20,FCR,128.0,133.0,True,3,5296.5119565831865,0.6875,0
2026-08-18,20,aFRRDown,175.0,175.0,True,6,3794.612244897959,0.5714285714285714,0
2026-08-18,20,aFRRUp,175.0,175.0,True,7,2630.2040816326535,0.4,0
2026-08-18,21,FCR,128.0,133.0,True,3,5296.5119565831865,0.6875,0
2026-08-18,21,aFRRDown,175.0,175.0,True,6,3794.612244897959,0.5714285714285714,0
2026-08-18,21,aFRRUp,175.0,175.0,True,8,2579.265306122449,0.4,0
2026-08-18,22,FCR,128.0,133.0,True,3,5296.5119565831865,0.6875,0
2026-08-18,22,aFRRDown,175.0,175.0,True,6,3794.612244897959,0.5714285714285714,0
2026-08-18,22,aFRRUp,175.0,175.0,True,8,2426.448979591837,0.4,0
2026-08-18,23,FCR,128.0,133.0,True,3,5296.5119565831865,0.6875,0
2026-08-18,23,aFRRDown,175.0,175.0,True,6,3794.612244897959,0.5714285714285714,0
2026-08-18,23,aFRRUp,175.0,175.0,True,8,2426.448979591837,0.4,0
2026-08-19,0,FCR,128.0,133.0,True,3,5296.5119565831865,0.6875,0
2026-08-19,0,aFRRDown,175.0,175.0,True,6,3794.612244897959,0.5714285714285714,0
2026-08-19,0,aFRRUp,175.0,175.0,True,9,2134.530612244898,0.36,0
2026-08-19,1,FCR,128.0,131.0,True,3,5256.686673270789,0.671875,0
2026-08-19,1,aFRRDown,175.0,175.0,True,6,3794.612244897959,0.5714285714285714,0
2026-08-19,1,aFRRUp,175.0,175.0,True,9,2134.530612244898,0.36,0
2026-08-19,2,FCR,128.0,123.0,True,3,5095.511930729063,0.609375,5.0
2026-08-19,2,aFRRDown,175.0,175.0,True,6,3794.612244897959,0.5714285714285714,0
2026-08-19,2,aFRRUp,175.0,175.0,True,9,2134.530612244898,0.36,0
2026-08-19,3,FCR,128.0,123.0,True,3,5095.511930729063,0.609375,5.0
2026-08-19,3,aFRRDown,175.0,175.0,True,5,4249.142857142857,0.5714285714285714,0
2026-08-19,3,aFRRUp,175.0,175.0,True,9,2134.530612244898,0.36,0
2026-08-19,4,FCR,128.0,123.0,True,3,5095.511930729063,0.609375,5.0
2026-08-19,4,aFRRDown,175.0,175.0,True,5,4249.142857142857,0.5714285714285714,0
2026-08-19,4,aFRRUp,175.0,175.0,True,9,2134.530612244898,0.36,0
2026-08-19,5,FCR,128.0,123.0,True,3,5095.511930729063,0.609375,5.0
2026-08-19,5,aFRRDown,175.0,175.0,True,5,4249.142857142857,0.5714285714285714,0
2026-08-19,5,aFRRUp,175.0,175.0,True,9,2134.530612244898,0.36,0
2026-08-19,6,FCR,128.0,123.0,True,3,5095.511930729063,0.609375,5.0
2026-08-19,6,aFRRDown,175.0,175.0,True,6,3794.612244897959,0.5714285714285714,0
2026-08-19,6,aFRRUp,175.0,175.0,True,9,2134.530612244898,0.36,0
2026-08-19,7,FCR,128.0,123.0,True,3,5095.511930729063,0.609375,5.0
2026-08-19,7,aFRRDown,175.0,175.0,True,6,3794.612244897959,0.5714285714285714,0
2026-08-19,7,aFRRUp,175.0,175.0,True,9,2419.9183673469392,0.4,0
2026-08-19,8,FCR,128.0,123.0,True,3,5095.511930729063,0.609375,5.0
2026-08-19,8,aFRRDown,175.0,175.0,True,6,3755.428571428571,0.5714285714285714,0
2026-08-19,8,aFRRUp,175.0,175.0,True,8,2406.857142857143,0.4,0
2026-08-19,9,FCR,128.0,123.0,True,3,5095.511930729063,0.609375,5.0
2026-08-19,9,aFRRDown,175.0,175.0,True,6,3735.836734693877,0.5714285714285714,0
2026-08-19,9,aFRRUp,175.0,175.0,True,9,2134.530612244898,0.36,0
2026-08-19,10,FCR,128.0,95.0,True,3,4570.637119113572,0.390625,33.0
2026-08-19,10,aFRRDown,175.0,175.0,True,6,3748.897959183673,0.5714285714285714,0
2026-08-19,10,aFRRUp,175.0,175.0,True,9,2252.081632653061,0.37714285714285717,0
2026-08-19,11,FCR,128.0,95.0,True,3,4570.637119113572,0.390625,33.0
2026-08-19,11,aFRRDown,175.0,175.0,True,6,3872.9795918367345,0.5714285714285714,0
2026-08-19,11,aFRRUp,175.0,175.0,True,10,2364.4081632653065,0.4,0
2026-08-19,12,FCR,128.0,95.0,True,3,4570.637119113572,0.390625,33.0
2026-08-19,12,aFRRDown,175.0,175.0,True,6,3873.632653061224,0.5714285714285714,0
2026-08-19,12,aFRRUp,175.0,175.0,True,10,2343.510204081633,0.4,0
2026-08-19,13,FCR,128.0,95.0,True,3,4570.637119113572,0.390625,33.0
2026-08-19,13,aFRRDown,175.0,175.0,True,6,3873.632653061224,0.5714285714285714,0
2026-08-19,13,aFRRUp,175.0,175.0,True,10,2341.5510204081634,0.4,0
2026-08-19,14,FCR,128.0,95.0,True,3,4570.637119113572,0.390625,33.0
2026-08-19,14,aFRRDown,175.0,175.0,True,6,3873.632653061224,0.5714285714285714,0
2026-08-19,14,aFRRUp,175.0,175.0,True,10,2341.5510204081634,0.4,0
2026-08-19,15,FCR,128.0,95.0,True,3,4570.637119113572,0.390625,33.0
2026-08-19,15,aFRRDown,175.0,175.0,True,6,3873.632653061224,0.5714285714285714,0
2026-08-19,15,aFRRUp,175.0,175.0,True,10,2357.224489795919,0.4,0
2026-08-19,16,FCR,128.0,95.0,True,3,4570.637119113572,0.390625,33.0
2026-08-19,16,aFRRDown,175.0,175.0,True,6,2877.0612244897957,0.46285714285714286,0
2026-08-19,16,aFRRUp,175.0,175.0,True,9,2390.5306122448983,0.4,0
2026-08-19,17,FCR,128.0,95.0,True,3,4570.637119113572,0.390625,33.0
2026-08-19,17,aFRRDown,175.0,175.0,True,6,3755.428571428571,0.5714285714285714,0
2026-08-19,17,aFRRUp,175.0,175.0,True,9,2134.530612244898,0.36,0
2026-08-19,18,FCR,128.0,133.0,True,3,5296.5119565831865,0.6875,0
2026-08-19,18,aFRRDown,175.0,175.0,True,6,3737.142857142857,0.5714285714285714,0
2026-08-19,18,aFRRUp,175.0,175.0,True,8,2406.857142857143,0.4,0
2026-08-19,19,FCR,128.0,133.0,True,3,5296.5119565831865,0.6875,0
2026-08-19,19,aFRRDown,175.0,175.0,True,6,3772.4081632653056,0.5714285714285714,0
2026-08-19,19,aFRRUp,175.0,175.0,True,9,2134.530612244898,0.36,0
2026-08-19,20,FCR,128.0,133.0,True,3,5296.5119565831865,0.6875,0
2026-08-19,20,aFRRDown,175.0,175.0,True,6,3794.612244897959,0.5714285714285714,0
2026-08-19,20,aFRRUp,175.0,175.0,True,7,2522.448979591837,0.4,0
2026-08-19,21,FCR,128.0,133.0,True,3,5296.5119565831865,0.6875,0
2026-08-19,21,aFRRDown,175.0,175.0,True,6,3794.612244897959,0.5714285714285714,0
2026-08-19,21,aFRRUp,175.0,175.0,True,7,2545.95918367347,0.4,0
2026-08-19,22,FCR,128.0,133.0,True,3,5296.5119565831865,0.6875,0
2026-08-19,22,aFRRDown,175.0,175.0,True,6,3794.612244897959,0.5714285714285714,0
2026-08-19,22,aFRRUp,175.0,175.0,True,8,2406.857142857143,0.4,0
2026-08-19,23,FCR,128.0,133.0,True,3,5296.5119565831865,0.6875,0
2026-08-19,23,aFRRDown,175.0,175.0,True,6,3794.612244897959,0.5714285714285714,0
2026-08-19,23,aFRRUp,175.0,175.0,True,8,2406.857142857143,0.4,0
2026-08-20,0,FCR,128.0,133.0,True,3,5296.5119565831865,0.6875,0
2026-08-20,0,aFRRDown,175.0,175.0,True,7,2826.122448979592,0.46285714285714286,0
2026-08-20,0,aFRRUp,175.0,175.0,True,10,1847.1836734693877,0.3142857142857143,0
2026-08-20,1,FCR,128.0,131.0,True,3,5256.686673270789,0.671875,0
2026-08-20,1,aFRRDown,175.0,175.0,True,7,2826.122448979592,0.46285714285714286,0
2026-08-20,1,aFRRUp,175.0,175.0,True,10,1847.1836734693877,0.3142857142857143,0
2026-08-20,2,FCR,128.0,123.0,True,3,5095.511930729063,0.609375,5.0
2026-08-20,2,aFRRDown,175.0,175.0,True,7,2826.122448979592,0.46285714285714286,0
2026-08-20,2,aFRRUp,175.0,175.0,True,10,1847.1836734693877,0.3142857142857143,0
2026-08-20,3,FCR,128.0,123.0,True,3,5095.511930729063,0.609375,5.0
2026-08-20,3,aFRRDown,175.0,175.0,True,8,3629.3877551020405,0.5714285714285714,0
2026-08-20,3,aFRRUp,175.0,175.0,True,10,1847.1836734693877,0.3142857142857143,0
2026-08-20,4,FCR,128.0,123.0,True,3,5095.511930729063,0.609375,5.0
2026-08-20,4,aFRRDown,175.0,175.0,True,7,3675.1020408163267,0.5714285714285714,0
2026-08-20,4,aFRRUp,175.0,175.0,True,10,1847.1836734693877,0.3142857142857143,0
2026-08-20,5,FCR,128.0,123.0,True,3,5095.511930729063,0.609375,5.0
2026-08-20,5,aFRRDown,175.0,175.0,True,8,3603.2653061224482,0.5714285714285714,0
2026-08-20,5,aFRRUp,175.0,175.0,True,10,1847.1836734693877,0.3142857142857143,0
2026-08-20,6,FCR,128.0,123.0,True,3,5095.511930729063,0.609375,5.0
2026-08-20,6,aFRRDown,175.0,175.0,True,7,2826.122448979592,0.46285714285714286,0
2026-08-20,6,aFRRUp,175.0,175.0,True,10,1847.1836734693877,0.3142857142857143,0
2026-08-20,7,FCR,128.0,123.0,True,3,5095.511930729063,0.609375,5.0
2026-08-20,7,aFRRDown,175.0,175.0,True,7,2798.6938775510207,0.46285714285714286,0
2026-08-20,7,aFRRUp,175.0,175.0,True,9,1949.7142857142858,0.3142857142857143,0
2026-08-20,8,FCR,128.0,123.0,True,3,5095.511930729063,0.609375,5.0
2026-08-20,8,aFRRDown,175.0,175.0,True,7,2752.9795918367345,0.46285714285714286,0
2026-08-20,8,aFRRUp,175.0,175.0,True,10,1847.1836734693877,0.3142857142857143,0
2026-08-20,9,FCR,128.0,123.0,True,3,5095.511930729063,0.609375,5.0
2026-08-20,9,aFRRDown,175.0,175.0,True,6,3748.897959183673,0.5714285714285714,0
2026-08-20,9,aFRRUp,175.0,175.0,True,10,1847.1836734693877,0.3142857142857143,0
2026-08-20,10,FCR,128.0,95.0,True,3,4570.637119113572,0.390625,33.0
2026-08-20,10,aFRRDown,175.0,175.0,True,7,2077.061224489796,0.32,0
2026-08-20,10,aFRRUp,175.0,175.0,True,10,1843.9183673469386,0.3142857142857143,0
2026-08-20,11,FCR,128.0,95.0,True,3,4570.637119113572,0.390625,33.0
2026-08-20,11,aFRRDown,175.0,175.0,True,7,2075.1020408163267,0.32,0
2026-08-20,11,aFRRUp,175.0,175.0,True,10,1890.9387755102039,0.3142857142857143,0
2026-08-20,12,FCR,128.0,95.0,True,3,4570.637119113572,0.390625,33.0
2026-08-20,12,aFRRDown,175.0,175.0,True,8,1826.938775510204,0.2857142857142857,0
2026-08-20,12,aFRRUp,175.0,175.0,True,10,2001.9591836734694,0.3142857142857143,0
2026-08-20,13,FCR,128.0,95.0,True,3,4570.637119113572,0.390625,33.0
2026-08-20,13,aFRRDown,175.0,175.0,True,7,2349.387755102041,0.37714285714285717,0
2026-08-20,13,aFRRUp,175.0,175.0,True,10,2001.9591836734694,0.3142857142857143,0
2026-08-20,14,FCR,128.0,95.0,True,3,4570.637119113572,0.390625,33.0
2026-08-20,14,aFRRDown,175.0,175.0,True,7,2349.387755102041,0.37714285714285717,0
2026-08-20,14,aFRRUp,175.0,175.0,True,10,1984.3265306122448,0.3142857142857143,0
2026-08-20,15,FCR,128.0,95.0,True,3,4570.637119113572,0.390625,33.0
2026-08-20,15,aFRRDown,175.0,175.0,True,7,2349.387755102041,0.37714285714285717,0
2026-08-20,15,aFRRUp,175.0,175.0,True,10,1915.7551020408162,0.3142857142857143,0
2026-08-20,16,FCR,128.0,95.0,True,3,4570.637119113572,0.390625,33.0
2026-08-20,16,aFRRDown,175.0,175.0,True,6,3816.816326530612,0.5714285714285714,0
2026-08-20,16,aFRRUp,175.0,175.0,True,10,1876.5714285714287,0.3142857142857143,0
2026-08-20,17,FCR,128.0,95.0,True,3,4570.637119113572,0.390625,33.0
2026-08-20,17,aFRRDown,175.0,175.0,True,6,3749.551020408163,0.5714285714285714,0
2026-08-20,17,aFRRUp,175.0,175.0,True,10,1870.0408163265306,0.3142857142857143,0
2026-08-20,18,FCR,128.0,133.0,True,3,5296.5119565831865,0.6875,0
2026-08-20,18,aFRRDown,175.0,175.0,True,7,3671.1836734693875,0.5714285714285714,0
2026-08-20,18,aFRRUp,175.0,175.0,True,10,1870.0408163265306,0.3142857142857143,0
2026-08-20,19,FCR,128.0,133.0,True,3,5296.5119565831865,0.6875,0
2026-08-20,19,aFRRDown,175.0,175.0,True,7,2798.6938775510207,0.46285714285714286,0
2026-08-20,19,aFRRUp,175.0,175.0,True,10,1870.0408163265306,0.3142857142857143,0
2026-08-20,20,FCR,128.0,128.0,True,2,5703.125,0.6875,0
2026-08-20,20,aFRRDown,175.0,175.0,True,7,2826.122448979592,0.46285714285714286,0
2026-08-20,20,aFRRUp,175.0,175.0,True,9,1981.7142857142856,0.3142857142857143,0
2026-08-20,21,FCR,128.0,128.0,True,2,5703.125,0.6875,0
2026-08-20,21,aFRRDown,175.0,175.0,True,7,2826.122448979592,0.46285714285714286,0
2026-08-20,21,aFRRUp,175.0,175.0,True,9,1948.408163265306,0.3142857142857143,0
2026-08-20,22,FCR,128.0,128.0,True,2,5703.125,0.6875,0
2026-08-20,22,aFRRDown,175.0,175.0,True,7,2826.122448979592,0.46285714285714286,0
2026-08-20,22,aFRRUp,175.0,175.0,True,10,1870.0408163265306,0.3142857142857143,0
2026-08-20,23,FCR,128.0,128.0,True,2,5703.125,0.6875,0
2026-08-20,23,aFRRDown,175.0,175.0,True,7,2826.122448979592,0.46285714285714286,0
2026-08-20,23,aFRRUp,175.0,175.0,True,10,1870.0408163265306,0.3142857142857143,0
2026-08-21,0,FCR,128.0,128.0,True,2,5703.125,0.6875,0
2026-08-21,0,aFRRDown,175.0,175.0,True,6,3794.612244897959,0.5714285714285714,0
2026-08-21,0,aFRRUp,175.0,175.0,True,10,1870.0408163265306,0.3142857142857143,0
2026-08-21,1,FCR,128.0,126.0,True,2,5666.414714033762,0.671875,2.0
2026-08-21,1,aFRRDown,175.0,175.0,True,6,3794.612244897959,0.5714285714285714,0
2026-08-21,1,aFRRUp,175.0,175.0,True,10,1870.0408163265306,0.3142857142857143,0
2026-08-21,2,FCR,128.0,123.0,True,3,5095.511930729063,0.609375,5.0
2026-08-21,2,aFRRDown,175.0,175.0,True,6,3794.612244897959,0.5714285714285714,0
2026-08-21,2,aFRRUp,175.0,175.0,True,10,1870.0408163265306,0.3142857142857143,0
2026-08-21,3,FCR,128.0,123.0,True,3,5095.511930729063,0.609375,5.0
2026-08-21,3,aFRRDown,175.0,175.0,True,5,4190.367346938776,0.56,0
2026-08-21,3,aFRRUp,175.0,175.0,True,10,1870.0408163265306,0.3142857142857143,0
2026-08-21,4,FCR,128.0,123.0,True,3,5095.511930729063,0.609375,5.0
2026-08-21,4,aFRRDown,175.0,175.0,True,5,4249.142857142857,0.5714285714285714,0
2026-08-21,4,aFRRUp,175.0,175.0,True,10,1870.0408163265306,0.3142857142857143,0
2026-08-21,5,FCR,128.0,123.0,True,3,5095.511930729063,0.609375,5.0
2026-08-21,5,aFRRDown,175.0,175.0,True,5,4249.142857142857,0.5714285714285714,0
2026-08-21,5,aFRRUp,175.0,175.0,True,10,1847.1836734693877,0.3142857142857143,0
2026-08-21,6,FCR,128.0,123.0,True,3,5095.511930729063,0.609375,5.0
2026-08-21,6,aFRRDown,175.0,175.0,True,6,3794.612244897959,0.5714285714285714,0
2026-08-21,6,aFRRUp,175.0,175.0,True,10,1847.1836734693877,0.3142857142857143,0
2026-08-21,7,FCR,128.0,123.0,True,3,5095.511930729063,0.609375,5.0
2026-08-21,7,aFRRDown,175.0,175.0,True,6,3772.4081632653056,0.5714285714285714,0
2026-08-21,7,aFRRUp,175.0,175.0,True,9,1949.7142857142858,0.3142857142857143,0
2026-08-21,8,FCR,128.0,123.0,True,3,5095.511930729063,0.609375,5.0
2026-08-21,8,aFRRDown,175.0,175.0,True,6,3737.142857142857,0.5714285714285714,0
2026-08-21,8,aFRRUp,175.0,175.0,True,10,1847.1836734693877,0.3142857142857143,0
2026-08-21,9,FCR,128.0,123.0,True,3,5095.511930729063,0.609375,5.0
2026-08-21,9,aFRRDown,175.0,175.0,True,5,3967.0204081632646,0.5714285714285714,0
2026-08-21,9,aFRRUp,175.0,175.0,True,10,1847.1836734693877,0.3142857142857143,0
2026-08-21,10,FCR,128.0,95.0,True,3,4570.637119113572,0.390625,33.0
2026-08-21,10,aFRRDown,175.0,175.0,True,6,3872.9795918367345,0.5714285714285714,0
2026-08-21,10,aFRRUp,175.0,175.0,True,10,1845.2244897959183,0.3142857142857143,0
2026-08-21,11,FCR,128.0,95.0,True,3,4570.637119113572,0.390625,33.0
2026-08-21,11,aFRRDown,175.0,175.0,True,7,2075.1020408163267,0.32,0
2026-08-21,11,aFRRUp,175.0,175.0,True,10,1915.7551020408162,0.3142857142857143,0
2026-08-21,12,FCR,128.0,95.0,True,3,4570.637119113572,0.390625,33.0
2026-08-21,12,aFRRDown,175.0,175.0,True,6,2698.122448979592,0.34285714285714286,0
2026-08-21,12,aFRRUp,175.0,175.0,True,10,1962.7755102040815,0.3142857142857143,0
2026-08-21,13,FCR,128.0,95.0,True,3,4570.637119113572,0.390625,33.0
2026-08-21,13,aFRRDown,175.0,175.0,True,6,2698.122448979592,0.34285714285714286,0
2026-08-21,13,aFRRUp,175.0,175.0,True,10,1962.7755102040815,0.3142857142857143,0
2026-08-21,14,FCR,128.0,95.0,True,3,4570.637119113572,0.390625,33.0
2026-08-21,14,aFRRDown,175.0,175.0,True,6,2698.122448979592,0.34285714285714286,0
2026-08-21,14,aFRRUp,175.0,175.0,True,10,1962.7755102040815,0.3142857142857143,0
2026-08-21,15,FCR,128.0,95.0,True,3,4570.637119113572,0.390625,33.0
2026-08-21,15,aFRRDown,175.0,175.0,True,6,2698.122448979592,0.34285714285714286,0
2026-08-21,15,aFRRUp,175.0,175.0,True,10,1902.6938775510203,0.3142857142857143,0
2026-08-21,16,FCR,128.0,95.0,True,3,4570.637119113572,0.390625,33.0
2026-08-21,16,aFRRDown,175.0,175.0,True,6,2204.408163265306,0.3142857142857143,0
2026-08-21,16,aFRRUp,175.0,175.0,True,10,1851.7551020408164,0.3142857142857143,0
2026-08-21,17,FCR,128.0,95.0,True,3,4570.637119113572,0.390625,33.0
2026-08-21,17,aFRRDown,175.0,175.0,True,5,3955.2653061224487,0.5714285714285714,0
2026-08-21,17,aFRRUp,175.0,175.0,True,10,1847.1836734693877,0.3142857142857143,0
2026-08-21,18,FCR,128.0,133.0,True,3,5296.5119565831865,0.6875,0
2026-08-21,18,aFRRDown,175.0,175.0,True,5,4049.3061224489797,0.5714285714285714,0
2026-08-21,18,aFRRUp,175.0,175.0,True,10,1847.1836734693877,0.3142857142857143,0
2026-08-21,19,FCR,128.0,133.0,True,3,5296.5119565831865,0.6875,0
2026-08-21,19,aFRRDown,175.0,175.0,True,7,2798.6938775510207,0.46285714285714286,0
2026-08-21,19,aFRRUp,175.0,175.0,True,10,1847.1836734693877,0.3142857142857143,0
2026-08-21,20,FCR,128.0,133.0,True,3,5296.5119565831865,0.6875,0
2026-08-21,20,aFRRDown,175.0,175.0,True,7,2826.122448979592,0.46285714285714286,0
2026-08-21,20,aFRRUp,175.0,175.0,True,7,2803.918367346939,0.4342857142857143,0
2026-08-21,21,FCR,128.0,133.0,True,3,5296.5119565831865,0.6875,0
2026-08-21,21,aFRRDown,175.0,175.0,True,7,2826.122448979592,0.46285714285714286,0
2026-08-21,21,aFRRUp,175.0,175.0,True,9,1721.142857142857,0.24571428571428572,0
2026-08-21,22,FCR,128.0,133.0,True,3,5296.5119565831865,0.6875,0
2026-08-21,22,aFRRDown,175.0,175.0,True,7,2826.122448979592,0.46285714285714286,0
2026-08-21,22,aFRRUp,175.0,175.0,True,10,1870.0408163265306,0.3142857142857143,0
2026-08-21,23,FCR,128.0,133.0,True,3,5296.5119565831865,0.6875,0
2026-08-21,23,aFRRDown,175.0,175.0,True,7,2826.122448979592,0.46285714285714286,0
2026-08-21,23,aFRRUp,175.0,175.0,True,10,1870.0408163265306,0.3142857142857143,0
2026-08-22,0,FCR,128.0,133.0,True,3,5296.5119565831865,0.6875,0
2026-08-22,0,aFRRDown,175.0,175.0,True,6,3812.8979591836733,0.5714285714285714,0
2026-08-22,0,aFRRUp,175.0,175.0,True,10,1452.0816326530614,0.22285714285714286,0
2026-08-22,1,FCR,128.0,131.0,True,3,5256.686673270789,0.671875,0
2026-08-22,1,aFRRDown,175.0,175.0,True,6,3812.8979591836733,0.5714285714285714,0
2026-08-22,1,aFRRUp,175.0,175.0,True,10,1452.0816326530614,0.22285714285714286,0
2026-08-22,2,FCR,128.0,123.0,True,3,5095.511930729063,0.609375,5.0
2026-08-22,2,aFRRDown,175.0,175.0,True,6,3812.8979591836733,0.5714285714285714,0
2026-08-22,2,aFRRUp,175.0,175.0,True,10,1452.0816326530614,0.22285714285714286,0
2026-08-22,3,FCR,128.0,123.0,True,3,5095.511930729063,0.609375,5.0
2026-08-22,3,aFRRDown,175.0,175.0,True,6,3812.8979591836733,0.5714285714285714,0
2026-08-22,3,aFRRUp,175.0,175.0,True,10,1452.0816326530614,0.22285714285714286,0
2026-08-22,4,FCR,128.0,123.0,True,3,5095.511930729063,0.609375,5.0
2026-08-22,4,aFRRDown,175.0,175.0,True,6,3812.8979591836733,0.5714285714285714,0
2026-08-22,4,aFRRUp,175.0,175.0,True,10,1452.0816326530614,0.22285714285714286,0
2026-08-22,5,FCR,128.0,123.0,True,3,5095.511930729063,0.609375,5.0
2026-08-22,5,aFRRDown,175.0,175.0,True,6,3812.8979591836733,0.5714285714285714,0
2026-08-22,5,aFRRUp,175.0,175.0,True,10,1452.0816326530614,0.22285714285714286,0
2026-08-22,6,FCR,128.0,123.0,True,3,5095.511930729063,0.609375,5.0
2026-08-22,6,aFRRDown,175.0,175.0,True,6,3812.8979591836733,0.5714285714285714,0
2026-08-22,6,aFRRUp,175.0,175.0,True,10,1469.7142857142858,0.22285714285714286,0
2026-08-22,7,FCR,128.0,123.0,True,3,5095.511930729063,0.609375,5.0
2026-08-22,7,aFRRDown,175.0,175.0,True,6,3789.3877551020405,0.5714285714285714,0
2026-08-22,7,aFRRUp,175.0,175.0,True,10,1469.7142857142858,0.22285714285714286,0
2026-08-22,8,FCR,128.0,95.0,True,3,4570.637119113572,0.390625,33.0
2026-08-22,8,aFRRDown,175.0,175.0,True,6,3753.4693877551017,0.5714285714285714,0
2026-08-22,8,aFRRUp,175.0,175.0,True,10,1469.7142857142858,0.22285714285714286,0
2026-08-22,9,FCR,128.0,95.0,True,3,4570.637119113572,0.390625,33.0
2026-08-22,9,aFRRDown,175.0,175.0,True,6,3763.9183673469383,0.5714285714285714,0
2026-08-22,9,aFRRUp,175.0,175.0,True,10,1469.7142857142858,0.22285714285714286,0
2026-08-22,10,FCR,128.0,95.0,True,3,4570.637119113572,0.390625,33.0
2026-08-22,10,aFRRDown,175.0,175.0,True,5,3969.632653061224,0.5714285714285714,0
2026-08-22,10,aFRRUp,175.0,175.0,True,10,1561.7959183673472,0.22285714285714286,0
2026-08-22,11,FCR,128.0,95.0,True,3,4570.637119113572,0.390625,33.0
2026-08-22,11,aFRRDown,175.0,175.0,True,6,3251.918367346939,0.49142857142857144,0
2026-08-22,11,aFRRUp,175.0,175.0,True,7,3136.3265306122453,0.4685714285714286,0
2026-08-22,12,FCR,128.0,95.0,True,3,4570.637119113572,0.390625,33.0
2026-08-22,12,aFRRDown,175.0,175.0,True,8,1845.8775510204082,0.26285714285714284,0
2026-08-22,12,aFRRUp,175.0,175.0,True,7,3347.918367346939,0.49142857142857144,0
2026-08-22,13,FCR,128.0,95.0,True,3,4570.637119113572,0.390625,33.0
2026-08-22,13,aFRRDown,175.0,175.0,True,8,1845.8775510204082,0.26285714285714284,0
2026-08-22,13,aFRRUp,175.0,175.0,True,6,3404.0816326530617,0.49714285714285716,0
2026-08-22,14,FCR,128.0,95.0,True,3,4570.637119113572,0.390625,33.0
2026-08-22,14,aFRRDown,175.0,175.0,True,8,1845.8775510204082,0.26285714285714284,0
2026-08-22,14,aFRRUp,175.0,175.0,True,7,3347.918367346939,0.49142857142857144,0
2026-08-22,15,FCR,128.0,95.0,True,3,4570.637119113572,0.390625,33.0
2026-08-22,15,aFRRDown,175.0,175.0,True,8,1845.8775510204082,0.26285714285714284,0
2026-08-22,15,aFRRUp,175.0,175.0,True,7,3136.3265306122453,0.4685714285714286,0
2026-08-22,16,FCR,128.0,95.0,True,3,4570.637119113572,0.390625,33.0
2026-08-22,16,aFRRDown,175.0,175.0,True,5,3310.6938775510203,0.49142857142857144,0
2026-08-22,16,aFRRUp,175.0,175.0,True,7,3876.8979591836733,0.5714285714285714,0
2026-08-22,17,FCR,128.0,95.0,True,3,4570.637119113572,0.390625,33.0
2026-08-22,17,aFRRDown,175.0,175.0,True,7,2784.979591836735,0.46285714285714286,0
2026-08-22,17,aFRRUp,175.0,175.0,True,6,3924.5714285714284,0.5714285714285714,0
2026-08-22,18,FCR,128.0,95.0,True,3,4570.637119113572,0.390625,33.0
2026-08-22,18,aFRRDown,175.0,175.0,True,6,3748.244897959183,0.5714285714285714,0
2026-08-22,18,aFRRUp,175.0,175.0,True,10,1469.7142857142858,0.22285714285714286,0
2026-08-22,19,FCR,128.0,133.0,True,3,5296.5119565831865,0.6875,0
2026-08-22,19,aFRRDown,175.0,175.0,True,6,3789.3877551020405,0.5714285714285714,0
2026-08-22,19,aFRRUp,175.0,175.0,True,10,1565.7142857142858,0.22285714285714286,0
2026-08-22,20,FCR,128.0,133.0,True,3,5296.5119565831865,0.6875,0
2026-08-22,20,aFRRDown,175.0,175.0,True,6,3812.8979591836733,0.5714285714285714,0
2026-08-22,20,aFRRUp,175.0,175.0,True,7,2852.8979591836733,0.44,0
2026-08-22,21,FCR,128.0,133.0,True,3,5296.5119565831865,0.6875,0
2026-08-22,21,aFRRDown,175.0,175.0,True,6,3812.8979591836733,0.5714285714285714,0
2026-08-22,21,aFRRUp,175.0,175.0,True,9,1737.469387755102,0.24571428571428572,0
2026-08-22,22,FCR,128.0,133.0,True,3,5296.5119565831865,0.6875,0
2026-08-22,22,aFRRDown,175.0,175.0,True,6,3812.8979591836733,0.5714285714285714,0
2026-08-22,22,aFRRUp,175.0,175.0,True,10,1565.7142857142858,0.22285714285714286,0
2026-08-22,23,FCR,128.0,133.0,True,3,5296.5119565831865,0.6875,0
2026-08-22,23,aFRRDown,175.0,175.0,True,6,3812.8979591836733,0.5714285714285714,0
2026-08-22,23,aFRRUp,175.0,175.0,True,10,1565.7142857142858,0.22285714285714286,0
2026-08-23,0,FCR,128.0,133.0,True,3,5296.5119565831865,0.6875,0
2026-08-23,0,aFRRDown,175.0,175.0,True,6,3812.8979591836733,0.5714285714285714,0
2026-08-23,0,aFRRUp,175.0,175.0,True,10,1452.0816326530614,0.22285714285714286,0
2026-08-23,1,FCR,128.0,131.0,True,3,5256.686673270789,0.671875,0
2026-08-23,1,aFRRDown,175.0,175.0,True,6,3812.8979591836733,0.5714285714285714,0
2026-08-23,1,aFRRUp,175.0,175.0,True,10,1452.0816326530614,0.22285714285714286,0
2026-08-23,2,FCR,128.0,123.0,True,3,5095.511930729063,0.609375,5.0
2026-08-23,2,aFRRDown,175.0,175.0,True,6,3812.8979591836733,0.5714285714285714,0
2026-08-23,2,aFRRUp,175.0,175.0,True,10,1452.0816326530614,0.22285714285714286,0
2026-08-23,3,FCR,128.0,123.0,True,3,5095.511930729063,0.609375,5.0
2026-08-23,3,aFRRDown,175.0,175.0,True,6,3812.8979591836733,0.5714285714285714,0
2026-08-23,3,aFRRUp,175.0,175.0,True,10,1470.3673469387757,0.22285714285714286,0
2026-08-23,4,FCR,128.0,123.0,True,3,5095.511930729063,0.609375,5.0
2026-08-23,4,aFRRDown,175.0,175.0,True,6,3812.8979591836733,0.5714285714285714,0
2026-08-23,4,aFRRUp,175.0,175.0,True,10,1470.3673469387757,0.22285714285714286,0
2026-08-23,5,FCR,128.0,123.0,True,3,5095.511930729063,0.609375,5.0
2026-08-23,5,aFRRDown,175.0,175.0,True,6,3812.8979591836733,0.5714285714285714,0
2026-08-23,5,aFRRUp,175.0,175.0,True,10,1470.3673469387757,0.22285714285714286,0
2026-08-23,6,FCR,128.0,123.0,True,3,5095.511930729063,0.609375,5.0
2026-08-23,6,aFRRDown,175.0,175.0,True,6,3812.8979591836733,0.5714285714285714,0
2026-08-23,6,aFRRUp,175.0,175.0,True,10,1565.7142857142858,0.22285714285714286,0
2026-08-23,7,FCR,128.0,123.0,True,3,5095.511930729063,0.609375,5.0
2026-08-23,7,aFRRDown,175.0,175.0,True,6,3800.489795918367,0.5714285714285714,0
2026-08-23,7,aFRRUp,175.0,175.0,True,10,1565.7142857142858,0.22285714285714286,0
2026-08-23,8,FCR,128.0,95.0,True,3,4570.637119113572,0.390625,33.0
2026-08-23,8,aFRRDown,175.0,175.0,True,6,3758.0408163265306,0.5714285714285714,0
2026-08-23,8,aFRRUp,175.0,175.0,True,10,1565.7142857142858,0.22285714285714286,0
2026-08-23,9,FCR,128.0,95.0,True,3,4570.637119113572,0.390625,33.0
2026-08-23,9,aFRRDown,175.0,175.0,True,8,1939.2653061224491,0.32,0
2026-08-23,9,aFRRUp,175.0,175.0,True,7,3919.34693877551,0.5714285714285714,0
2026-08-23,10,FCR,128.0,95.0,True,3,4570.637119113572,0.390625,33.0
2026-08-23,10,aFRRDown,175.0,175.0,True,6,3194.4489795918366,0.49142857142857144,0
2026-08-23,10,aFRRUp,175.0,175.0,True,7,3900.408163265306,0.5714285714285714,0
2026-08-23,11,FCR,128.0,95.0,True,3,4570.637119113572,0.390625,33.0
2026-08-23,11,aFRRDown,175.0,175.0,True,6,3251.918367346939,0.49142857142857144,0
2026-08-23,11,aFRRUp,175.0,175.0,True,7,2991.34693877551,0.4514285714285714,0
2026-08-23,12,FCR,128.0,95.0,True,3,4570.637119113572,0.390625,33.0
2026-08-23,12,aFRRDown,175.0,175.0,True,8,1845.8775510204082,0.26285714285714284,0
2026-08-23,12,aFRRUp,175.0,175.0,True,7,3187.265306122449,0.4742857142857143,0
2026-08-23,13,FCR,128.0,95.0,True,3,4570.637119113572,0.390625,33.0
2026-08-23,13,aFRRDown,175.0,175.0,True,8,1845.8775510204082,0.26285714285714284,0
2026-08-23,13,aFRRUp,175.0,175.0,True,7,3239.5102040816328,0.48,0
2026-08-23,14,FCR,128.0,95.0,True,3,4570.637119113572,0.390625,33.0
2026-08-23,14,aFRRDown,175.0,175.0,True,8,1845.8775510204082,0.26285714285714284,0
2026-08-23,14,aFRRUp,175.0,175.0,True,7,3187.265306122449,0.4742857142857143,0
2026-08-23,15,FCR,128.0,95.0,True,3,4570.637119113572,0.390625,33.0
2026-08-23,15,aFRRDown,175.0,175.0,True,8,1845.8775510204082,0.26285714285714284,0
2026-08-23,15,aFRRUp,175.0,175.0,True,7,2991.34693877551,0.4514285714285714,0
2026-08-23,16,FCR,128.0,95.0,True,3,4570.637119113572,0.390625,33.0
2026-08-23,16,aFRRDown,175.0,175.0,True,5,3300.8979591836733,0.49142857142857144,0
2026-08-23,16,aFRRUp,175.0,175.0,True,7,3882.775510204081,0.5714285714285714,0
2026-08-23,17,FCR,128.0,95.0,True,3,4570.637119113572,0.390625,33.0
2026-08-23,17,aFRRDown,175.0,175.0,True,7,2763.4285714285716,0.46285714285714286,0
2026-08-23,17,aFRRUp,175.0,175.0,True,6,3872.3265306122453,0.5657142857142857,0
2026-08-23,18,FCR,128.0,95.0,True,3,4570.637119113572,0.390625,33.0
2026-08-23,18,aFRRDown,175.0,175.0,True,6,3750.2040816326526,0.5714285714285714,0
2026-08-23,18,aFRRUp,175.0,175.0,True,10,1469.7142857142858,0.22285714285714286,0
2026-08-23,19,FCR,128.0,133.0,True,3,5296.5119565831865,0.6875,0
2026-08-23,19,aFRRDown,175.0,175.0,True,6,3789.3877551020405,0.5714285714285714,0
2026-08-23,19,aFRRUp,175.0,175.0,True,10,1565.7142857142858,0.22285714285714286,0
2026-08-23,20,FCR,128.0,133.0,True,3,5296.5119565831865,0.6875,0
2026-08-23,20,aFRRDown,175.0,175.0,True,6,3812.8979591836733,0.5714285714285714,0
2026-08-23,20,aFRRUp,175.0,175.0,True,7,2852.8979591836733,0.44,0
2026-08-23,21,FCR,128.0,133.0,True,3,5296.5119565831865,0.6875,0
2026-08-23,21,aFRRDown,175.0,175.0,True,6,3812.8979591836733,0.5714285714285714,0
2026-08-23,21,aFRRUp,175.0,175.0,True,9,1737.469387755102,0.24571428571428572,0
2026-08-23,22,FCR,128.0,133.0,True,3,5296.5119565831865,0.6875,0
2026-08-23,22,aFRRDown,175.0,175.0,True,6,3812.8979591836733,0.5714285714285714,0
2026-08-23,22,aFRRUp,175.0,175.0,True,10,1565.7142857142858,0.22285714285714286,0
2026-08-23,23,FCR,128.0,133.0,True,3,5296.5119565831865,0.6875,0
2026-08-23,23,aFRRDown,175.0,175.0,True,6,3812.8979591836733,0.5714285714285714,0
2026-08-23,23,aFRRUp,175.0,175.0,True,10,1565.7142857142858,0.22285714285714286,0
2026-08-24,0,FCR,128.0,133.0,True,3,5296.5119565831865,0.6875,0
2026-08-24,0,aFRRDown,175.0,175.0,True,6,3812.8979591836733,0.5714285714285714,0
2026-08-24,0,aFRRUp,175.0,175.0,True,10,1452.0816326530614,0.22285714285714286,0
2026-08-24,1,FCR,128.0,131.0,True,3,5256.686673270789,0.671875,0
2026-08-24,1,aFRRDown,175.0,175.0,True,6,3812.8979591836733,0.5714285714285714,0
2026-08-24,1,aFRRUp,175.0,175.0,True,10,1452.0816326530614,0.22285714285714286,0
2026-08-24,2,FCR,128.0,123.0,True,3,5095.511930729063,0.609375,5.0
2026-08-24,2,aFRRDown,175.0,175.0,True,6,3812.8979591836733,0.5714285714285714,0
2026-08-24,2,aFRRUp,175.0,175.0,True,10,1452.0816326530614,0.22285714285714286,0
2026-08-24,3,FCR,128.0,123.0,True,3,5095.511930729063,0.609375,5.0
2026-08-24,3,aFRRDown,175.0,175.0,True,8,3630.69387755102,0.5714285714285714,0
2026-08-24,3,aFRRUp,175.0,175.0,True,10,1452.0816326530614,0.22285714285714286,0
2026-08-24,4,FCR,128.0,123.0,True,3,5095.511930729063,0.609375,5.0
2026-08-24,4,aFRRDown,175.0,175.0,True,7,3689.4693877551017,0.5714285714285714,0
2026-08-24,4,aFRRUp,175.0,175.0,True,10,1452.0816326530614,0.22285714285714286,0
2026-08-24,5,FCR,128.0,123.0,True,3,5095.511930729063,0.609375,5.0
2026-08-24,5,aFRRDown,175.0,175.0,True,8,3611.1020408163263,0.5714285714285714,0
2026-08-24,5,aFRRUp,175.0,175.0,True,10,1452.0816326530614,0.22285714285714286,0
2026-08-24,6,FCR,128.0,123.0,True,3,5095.511930729063,0.609375,5.0
2026-08-24,6,aFRRDown,175.0,175.0,True,6,3812.8979591836733,0.5714285714285714,0
2026-08-24,6,aFRRUp,175.0,175.0,True,10,1469.7142857142858,0.22285714285714286,0
2026-08-24,7,FCR,128.0,123.0,True,3,5095.511930729063,0.609375,5.0
2026-08-24,7,aFRRDown,175.0,175.0,True,6,3789.3877551020405,0.5714285714285714,0
2026-08-24,7,aFRRUp,175.0,175.0,True,10,1695.0204081632653,0.22285714285714286,0
2026-08-24,8,FCR,128.0,123.0,True,3,5095.511930729063,0.609375,5.0
2026-08-24,8,aFRRDown,175.0,175.0,True,6,3750.2040816326526,0.5714285714285714,0
2026-08-24,8,aFRRUp,175.0,175.0,True,10,1469.7142857142858,0.22285714285714286,0
2026-08-24,9,FCR,128.0,95.0,True,3,4570.637119113572,0.390625,33.0
2026-08-24,9,aFRRDown,175.0,175.0,True,6,3779.5918367346935,0.5714285714285714,0
2026-08-24,9,aFRRUp,175.0,175.0,True,10,1469.7142857142858,0.22285714285714286,0
2026-08-24,10,FCR,128.0,95.0,True,3,4570.637119113572,0.390625,33.0
2026-08-24,10,aFRRDown,175.0,175.0,True,6,3894.530612244898,0.5714285714285714,0
2026-08-24,10,aFRRUp,175.0,175.0,True,10,1574.857142857143,0.22285714285714286,0
2026-08-24,11,FCR,128.0,95.0,True,3,4570.637119113572,0.390625,33.0
2026-08-24,11,aFRRDown,175.0,175.0,True,6,3894.530612244898,0.5714285714285714,0
2026-08-24,11,aFRRUp,175.0,175.0,True,10,1777.3061224489797,0.25142857142857145,0
2026-08-24,12,FCR,128.0,95.0,True,3,4570.637119113572,0.390625,33.0
2026-08-24,12,aFRRDown,175.0,175.0,True,8,1839.3469387755104,0.26285714285714284,0
2026-08-24,12,aFRRUp,175.0,175.0,True,9,1863.5102040816325,0.26857142857142857,0
2026-08-24,13,FCR,128.0,95.0,True,3,4570.637119113572,0.390625,33.0
2026-08-24,13,aFRRDown,175.0,175.0,True,8,1839.3469387755104,0.26285714285714284,0
2026-08-24,13,aFRRUp,175.0,175.0,True,9,1863.5102040816325,0.26857142857142857,0
2026-08-24,14,FCR,128.0,95.0,True,3,4570.637119113572,0.390625,33.0
2026-08-24,14,aFRRDown,175.0,175.0,True,8,1839.3469387755104,0.26285714285714284,0
2026-08-24,14,aFRRUp,175.0,175.0,True,9,1863.5102040816325,0.26857142857142857,0
2026-08-24,15,FCR,128.0,95.0,True,3,4570.637119113572,0.390625,33.0
2026-08-24,15,aFRRDown,175.0,175.0,True,8,1839.3469387755104,0.26285714285714284,0
2026-08-24,15,aFRRUp,175.0,175.0,True,10,1726.3673469387754,0.24,0
2026-08-24,16,FCR,128.0,95.0,True,3,4570.637119113572,0.390625,33.0
2026-08-24,16,aFRRDown,175.0,175.0,True,7,2112.3265306122453,0.32,0
2026-08-24,16,aFRRUp,175.0,175.0,True,10,1589.2244897959185,0.22285714285714286,0
2026-08-24,17,FCR,128.0,95.0,True,3,4570.637119113572,0.390625,33.0
2026-08-24,17,aFRRDown,175.0,175.0,True,6,3789.3877551020405,0.5714285714285714,0
2026-08-24,17,aFRRUp,175.0,175.0,True,10,1469.7142857142858,0.22285714285714286,0
2026-08-24,18,FCR,128.0,133.0,True,3,5296.5119565831865,0.6875,0
2026-08-24,18,aFRRDown,175.0,175.0,True,6,3748.244897959183,0.5714285714285714,0
2026-08-24,18,aFRRUp,175.0,175.0,True,10,1469.7142857142858,0.22285714285714286,0
2026-08-24,19,FCR,128.0,133.0,True,3,5296.5119565831865,0.6875,0
2026-08-24,19,aFRRDown,175.0,175.0,True,6,3789.3877551020405,0.5714285714285714,0
2026-08-24,19,aFRRUp,175.0,175.0,True,10,1565.7142857142858,0.22285714285714286,0
2026-08-24,20,FCR,128.0,133.0,True,3,5296.5119565831865,0.6875,0
2026-08-24,20,aFRRDown,175.0,175.0,True,6,3812.8979591836733,0.5714285714285714,0
2026-08-24,20,aFRRUp,175.0,175.0,True,6,4814.04081632653,0.6628571428571428,0
2026-08-24,21,FCR,128.0,133.0,True,3,5296.5119565831865,0.6875,0
2026-08-24,21,aFRRDown,175.0,175.0,True,6,3812.8979591836733,0.5714285714285714,0
2026-08-24,21,aFRRUp,175.0,175.0,True,9,1716.5714285714287,0.24571428571428572,0
2026-08-24,22,FCR,128.0,133.0,True,3,5296.5119565831865,0.6875,0
2026-08-24,22,aFRRDown,175.0,175.0,True,6,3812.8979591836733,0.5714285714285714,0
2026-08-24,22,aFRRUp,175.0,175.0,True,10,1565.7142857142858,0.22285714285714286,0
2026-08-24,23,FCR,128.0,133.0,True,3,5296.5119565831865,0.6875,0
2026-08-24,23,aFRRDown,175.0,175.0,True,6,3812.8979591836733,0.5714285714285714,0
2026-08-24,23,aFRRUp,175.0,175.0,True,10,1565.7142857142858,0.22285714285714286,0
2026-08-25,0,FCR,128.0,133.0,True,3,5296.5119565831865,0.6875,0
2026-08-25,0,aFRRDown,175.0,175.0,True,5,4283.102040816326,0.5714285714285714,0
2026-08-25,0,aFRRUp,175.0,175.0,True,7,2480.0000000000005,0.4,0
2026-08-25,1,FCR,128.0,133.0,True,3,5296.5119565831865,0.6875,0
2026-08-25,1,aFRRDown,175.0,175.0,True,5,4283.102040816326,0.5714285714285714,0
2026-08-25,1,aFRRUp,175.0,175.0,True,7,2480.0000000000005,0.4,0
2026-08-25,2,FCR,128.0,125.0,True,3,5136.000000000001,0.625,3.0
2026-08-25,2,aFRRDown,175.0,175.0,True,5,4283.102040816326,0.5714285714285714,0
2026-08-25,2,aFRRUp,175.0,175.0,True,7,2480.0000000000005,0.4,0
2026-08-25,3,FCR,128.0,125.0,True,3,5136.000000000001,0.625,3.0
2026-08-25,3,aFRRDown,175.0,175.0,True,5,4283.102040816326,0.5714285714285714,0
2026-08-25,3,aFRRUp,175.0,175.0,True,7,2480.0000000000005,0.4,0
2026-08-25,4,FCR,128.0,125.0,True,3,5136.000000000001,0.625,3.0
2026-08-25,4,aFRRDown,175.0,175.0,True,7,3689.4693877551017,0.5714285714285714,0
2026-08-25,4,aFRRUp,175.0,175.0,True,7,2480.0000000000005,0.4,0
2026-08-25,5,FCR,128.0,125.0,True,3,5136.000000000001,0.625,3.0
2026-08-25,5,aFRRDown,175.0,175.0,True,8,3611.1020408163263,0.5714285714285714,0
2026-08-25,5,aFRRUp,175.0,175.0,True,7,2480.0000000000005,0.4,0
2026-08-25,6,FCR,128.0,125.0,True,3,5136.000000000001,0.625,3.0
2026-08-25,6,aFRRDown,175.0,175.0,True,5,4283.102040816326,0.5714285714285714,0
2026-08-25,6,aFRRUp,175.0,175.0,True,7,2461.714285714286,0.4,0
2026-08-25,7,FCR,128.0,125.0,True,3,5136.000000000001,0.625,3.0
2026-08-25,7,aFRRDown,175.0,175.0,True,5,4228.244897959184,0.5714285714285714,0
2026-08-25,7,aFRRUp,175.0,175.0,True,9,2419.265306122449,0.4,0
2026-08-25,8,FCR,128.0,125.0,True,3,5136.000000000001,0.625,3.0
2026-08-25,8,aFRRDown,175.0,175.0,True,5,4113.959183673469,0.5714285714285714,0
2026-08-25,8,aFRRUp,175.0,175.0,True,7,2461.714285714286,0.4,0
2026-08-25,9,FCR,128.0,95.0,True,3,4570.637119113572,0.390625,33.0
2026-08-25,9,aFRRDown,175.0,175.0,True,5,4008.816326530612,0.5714285714285714,0
2026-08-25,9,aFRRUp,175.0,175.0,True,7,2461.714285714286,0.4,0
2026-08-25,10,FCR,128.0,95.0,True,3,4570.637119113572,0.390625,33.0
2026-08-25,10,aFRRDown,175.0,175.0,True,5,3967.6734693877547,0.5714285714285714,0
2026-08-25,10,aFRRUp,175.0,175.0,True,8,2428.4081632653065,0.4,0
2026-08-25,11,FCR,128.0,95.0,True,3,4570.637119113572,0.390625,33.0
2026-08-25,11,aFRRDown,175.0,175.0,True,5,3972.8979591836733,0.5714285714285714,0
2026-08-25,11,aFRRUp,175.0,175.0,True,9,2377.469387755102,0.4,0
2026-08-25,12,FCR,128.0,95.0,True,3,4570.637119113572,0.390625,33.0
2026-08-25,12,aFRRDown,175.0,175.0,True,7,2409.469387755102,0.4,0
2026-08-25,12,aFRRUp,175.0,175.0,True,9,2376.163265306123,0.4,0
2026-08-25,13,FCR,128.0,95.0,True,3,4570.637119113572,0.390625,33.0
2026-08-25,13,aFRRDown,175.0,175.0,True,7,2409.469387755102,0.4,0
2026-08-25,13,aFRRUp,175.0,175.0,True,9,2376.163265306123,0.4,0
2026-08-25,14,FCR,128.0,95.0,True,3,4570.637119113572,0.390625,33.0
2026-08-25,14,aFRRDown,175.0,175.0,True,7,2409.469387755102,0.4,0
2026-08-25,14,aFRRUp,175.0,175.0,True,9,2389.2244897959185,0.4,0
2026-08-25,15,FCR,128.0,95.0,True,3,4570.637119113572,0.390625,33.0
2026-08-25,15,aFRRDown,175.0,175.0,True,7,2365.061224489796,0.4,0
2026-08-25,15,aFRRUp,175.0,175.0,True,8,2428.4081632653065,0.4,0
2026-08-25,16,FCR,128.0,95.0,True,3,4570.637119113572,0.390625,33.0
2026-08-25,16,aFRRDown,175.0,175.0,True,7,2154.7755102040815,0.32,0
2026-08-25,16,aFRRUp,175.0,175.0,True,7,2461.714285714286,0.4,0
2026-08-25,17,FCR,128.0,95.0,True,3,4570.637119113572,0.390625,33.0
2026-08-25,17,aFRRDown,175.0,175.0,True,5,4095.020408163265,0.5714285714285714,0
2026-08-25,17,aFRRUp,175.0,175.0,True,7,2461.714285714286,0.4,0
2026-08-25,18,FCR,128.0,133.0,True,3,5296.5119565831865,0.6875,0
2026-08-25,18,aFRRDown,175.0,175.0,True,5,4178.612244897959,0.5714285714285714,0
2026-08-25,18,aFRRUp,175.0,175.0,True,9,2441.4693877551026,0.4,0
2026-08-25,19,FCR,128.0,133.0,True,3,5296.5119565831865,0.6875,0
2026-08-25,19,aFRRDown,175.0,175.0,True,5,4283.102040816326,0.5714285714285714,0
2026-08-25,19,aFRRUp,175.0,175.0,True,9,2441.4693877551026,0.4,0
2026-08-25,20,FCR,128.0,133.0,True,3,5296.5119565831865,0.6875,0
2026-08-25,20,aFRRDown,175.0,175.0,True,5,4283.102040816326,0.5714285714285714,0
2026-08-25,20,aFRRUp,175.0,175.0,True,6,3154.612244897959,0.4742857142857143,0
2026-08-25,21,FCR,128.0,133.0,True,3,5296.5119565831865,0.6875,0
2026-08-25,21,aFRRDown,175.0,175.0,True,5,4283.102040816326,0.5714285714285714,0
2026-08-25,21,aFRRUp,175.0,175.0,True,7,2534.857142857143,0.4,0
2026-08-25,22,FCR,128.0,133.0,True,3,5296.5119565831865,0.6875,0
2026-08-25,22,aFRRDown,175.0,175.0,True,5,4283.102040816326,0.5714285714285714,0
2026-08-25,22,aFRRUp,175.0,175.0,True,9,2441.4693877551026,0.4,0
2026-08-25,23,FCR,128.0,133.0,True,3,5296.5119565831865,0.6875,0
2026-08-25,23,aFRRDown,175.0,175.0,True,5,4283.102040816326,0.5714285714285714,0
2026-08-25,23,aFRRUp,175.0,175.0,True,9,2441.4693877551026,0.4,0
2026-08-26,0,FCR,128.0,133.0,True,3,5296.5119565831865,0.6875,0
2026-08-26,0,aFRRDown,175.0,175.0,True,7,2847.0204081632655,0.46285714285714286,0
2026-08-26,0,aFRRUp,175.0,175.0,True,7,2521.1428571428573,0.4,0
2026-08-26,1,FCR,128.0,133.0,True,3,5296.5119565831865,0.6875,0
2026-08-26,1,aFRRDown,175.0,175.0,True,7,2847.0204081632655,0.46285714285714286,0
2026-08-26,1,aFRRUp,175.0,175.0,True,7,2521.1428571428573,0.4,0
2026-08-26,2,FCR,128.0,125.0,True,3,5136.000000000001,0.625,3.0
2026-08-26,2,aFRRDown,175.0,175.0,True,7,2847.0204081632655,0.46285714285714286,0
2026-08-26,2,aFRRUp,175.0,175.0,True,7,2521.1428571428573,0.4,0
2026-08-26,3,FCR,128.0,125.0,True,3,5136.000000000001,0.625,3.0
2026-08-26,3,aFRRDown,175.0,175.0,True,5,4283.102040816326,0.5714285714285714,0
2026-08-26,3,aFRRUp,175.0,175.0,True,7,2521.1428571428573,0.4,0
2026-08-26,4,FCR,128.0,125.0,True,3,5136.000000000001,0.625,3.0
2026-08-26,4,aFRRDown,175.0,175.0,True,7,3689.4693877551017,0.5714285714285714,0
2026-08-26,4,aFRRUp,175.0,175.0,True,7,2480.0000000000005,0.4,0
2026-08-26,5,FCR,128.0,125.0,True,3,5136.000000000001,0.625,3.0
2026-08-26,5,aFRRDown,175.0,175.0,True,8,3611.1020408163263,0.5714285714285714,0
2026-08-26,5,aFRRUp,175.0,175.0,True,7,2480.0000000000005,0.4,0
2026-08-26,6,FCR,128.0,125.0,True,3,5136.000000000001,0.625,3.0
2026-08-26,6,aFRRDown,175.0,175.0,True,7,2847.0204081632655,0.46285714285714286,0
2026-08-26,6,aFRRUp,175.0,175.0,True,7,2461.714285714286,0.4,0
2026-08-26,7,FCR,128.0,125.0,True,3,5136.000000000001,0.625,3.0
2026-08-26,7,aFRRDown,175.0,175.0,True,7,2832.0,0.46285714285714286,0
2026-08-26,7,aFRRUp,175.0,175.0,True,9,2419.265306122449,0.4,0
2026-08-26,8,FCR,128.0,125.0,True,3,5136.000000000001,0.625,3.0
2026-08-26,8,aFRRDown,175.0,175.0,True,7,2776.4897959183672,0.46285714285714286,0
2026-08-26,8,aFRRUp,175.0,175.0,True,7,2461.714285714286,0.4,0
2026-08-26,9,FCR,128.0,95.0,True,3,4570.637119113572,0.390625,33.0
2026-08-26,9,aFRRDown,175.0,175.0,True,7,2182.204081632653,0.32,0
2026-08-26,9,aFRRUp,175.0,175.0,True,7,2461.714285714286,0.4,0
2026-08-26,10,FCR,128.0,95.0,True,3,4570.637119113572,0.390625,33.0
2026-08-26,10,aFRRDown,175.0,175.0,True,6,3800.489795918367,0.5714285714285714,0
2026-08-26,10,aFRRUp,175.0,175.0,True,8,2449.3061224489797,0.4,0
2026-08-26,11,FCR,128.0,95.0,True,3,4570.637119113572,0.390625,33.0
2026-08-26,11,aFRRDown,175.0,175.0,True,6,3894.530612244898,0.5714285714285714,0
2026-08-26,11,aFRRUp,175.0,175.0,True,9,2384.0000000000005,0.4,0
2026-08-26,12,FCR,128.0,95.0,True,3,4570.637119113572,0.390625,33.0
2026-08-26,12,aFRRDown,175.0,175.0,True,7,2213.5510204081634,0.3657142857142857,0
2026-08-26,12,aFRRUp,175.0,175.0,True,9,2376.163265306123,0.4,0
2026-08-26,13,FCR,128.0,95.0,True,3,4570.637119113572,0.390625,33.0
2026-08-26,13,aFRRDown,175.0,175.0,True,6,2255.3469387755104,0.37142857142857144,0
2026-08-26,13,aFRRUp,175.0,175.0,True,8,2381.387755102041,0.4,0
2026-08-26,14,FCR,128.0,95.0,True,3,4570.637119113572,0.390625,33.0
2026-08-26,14,aFRRDown,175.0,175.0,True,6,2255.3469387755104,0.37142857142857144,0
2026-08-26,14,aFRRUp,175.0,175.0,True,8,2380.7346938775513,0.4,0
2026-08-26,15,FCR,128.0,95.0,True,3,4570.637119113572,0.390625,33.0
2026-08-26,15,aFRRDown,175.0,175.0,True,7,2213.5510204081634,0.3657142857142857,0
2026-08-26,15,aFRRUp,175.0,175.0,True,9,2389.2244897959185,0.4,0
2026-08-26,16,FCR,128.0,95.0,True,3,4570.637119113572,0.390625,33.0
2026-08-26,16,aFRRDown,175.0,175.0,True,7,1984.9795918367347,0.32,0
2026-08-26,16,aFRRUp,175.0,175.0,True,8,2438.2040816326535,0.4,0
2026-08-26,17,FCR,128.0,95.0,True,3,4570.637119113572,0.390625,33.0
2026-08-26,17,aFRRDown,175.0,175.0,True,7,2753.632653061224,0.46285714285714286,0
2026-08-26,17,aFRRUp,175.0,175.0,True,7,2461.714285714286,0.4,0
2026-08-26,18,FCR,128.0,133.0,True,3,5296.5119565831865,0.6875,0
2026-08-26,18,aFRRDown,175.0,175.0,True,7,2776.4897959183672,0.46285714285714286,0
2026-08-26,18,aFRRUp,175.0,175.0,True,7,2461.714285714286,0.4,0
2026-08-26,19,FCR,128.0,133.0,True,3,5296.5119565831865,0.6875,0
2026-08-26,19,aFRRDown,175.0,175.0,True,6,3800.489795918367,0.5714285714285714,0
2026-08-26,19,aFRRUp,175.0,175.0,True,9,2441.4693877551026,0.4,0
2026-08-26,20,FCR,128.0,133.0,True,3,5296.5119565831865,0.6875,0
2026-08-26,20,aFRRDown,175.0,175.0,True,6,3812.8979591836733,0.5714285714285714,0
2026-08-26,20,aFRRUp,175.0,175.0,True,6,4960.326530612245,0.6742857142857143,0
2026-08-26,21,FCR,128.0,133.0,True,3,5296.5119565831865,0.6875,0
2026-08-26,21,aFRRDown,175.0,175.0,True,6,3812.8979591836733,0.5714285714285714,0
2026-08-26,21,aFRRUp,175.0,175.0,True,7,2534.857142857143,0.4,0
2026-08-26,22,FCR,128.0,133.0,True,3,5296.5119565831865,0.6875,0
2026-08-26,22,aFRRDown,175.0,175.0,True,6,3812.8979591836733,0.5714285714285714,0
2026-08-26,22,aFRRUp,175.0,175.0,True,9,2441.4693877551026,0.4,0
2026-08-26,23,FCR,128.0,133.0,True,3,5296.5119565831865,0.6875,0
2026-08-26,23,aFRRDown,175.0,175.0,True,6,3812.8979591836733,0.5714285714285714,0
2026-08-26,23,aFRRUp,175.0,175.0,True,9,2441.4693877551026,0.4,0
2026-08-27,0,FCR,128.0,133.0,True,3,5296.5119565831865,0.6875,0
2026-08-27,0,aFRRDown,175.0,175.0,True,6,3901.0612244897957,0.5714285714285714,0
2026-08-27,0,aFRRUp,175.0,175.0,True,8,2451.9183673469392,0.4,0
2026-08-27,1,FCR,128.0,131.0,True,3,5256.686673270789,0.671875,0
2026-08-27,1,aFRRDown,175.0,175.0,True,6,3901.0612244897957,0.5714285714285714,0
2026-08-27,1,aFRRUp,175.0,175.0,True,8,2451.9183673469392,0.4,0
2026-08-27,2,FCR,128.0,123.0,True,3,5095.511930729063,0.609375,5.0
2026-08-27,2,aFRRDown,175.0,175.0,True,6,3901.0612244897957,0.5714285714285714,0
2026-08-27,2,aFRRUp,175.0,175.0,True,8,2451.9183673469392,0.4,0
2026-08-27,3,FCR,128.0,123.0,True,3,5095.511930729063,0.609375,5.0
2026-08-27,3,aFRRDown,175.0,175.0,True,5,4283.102040816326,0.5714285714285714,0
2026-08-27,3,aFRRUp,175.0,175.0,True,8,2451.9183673469392,0.4,0
2026-08-27,4,FCR,128.0,123.0,True,3,5095.511930729063,0.609375,5.0
2026-08-27,4,aFRRDown,175.0,175.0,True,5,4283.102040816326,0.5714285714285714,0
2026-08-27,4,aFRRUp,175.0,175.0,True,8,2451.9183673469392,0.4,0
2026-08-27,5,FCR,128.0,123.0,True,3,5095.511930729063,0.609375,5.0
2026-08-27,5,aFRRDown,175.0,175.0,True,5,4283.102040816326,0.5714285714285714,0
2026-08-27,5,aFRRUp,175.0,175.0,True,8,2451.9183673469392,0.4,0
2026-08-27,6,FCR,128.0,123.0,True,3,5095.511930729063,0.609375,5.0
2026-08-27,6,aFRRDown,175.0,175.0,True,6,3901.0612244897957,0.5714285714285714,0
2026-08-27,6,aFRRUp,175.0,175.0,True,8,2425.795918367347,0.4,0
2026-08-27,7,FCR,128.0,123.0,True,3,5095.511930729063,0.609375,5.0
2026-08-27,7,aFRRDown,175.0,175.0,True,6,3865.795918367347,0.5714285714285714,0
2026-08-27,7,aFRRUp,175.0,175.0,True,9,2419.265306122449,0.4,0
2026-08-27,8,FCR,128.0,123.0,True,3,5095.511930729063,0.609375,5.0
2026-08-27,8,aFRRDown,175.0,175.0,True,6,3791.34693877551,0.5714285714285714,0
2026-08-27,8,aFRRUp,175.0,175.0,True,8,2425.795918367347,0.4,0
2026-08-27,9,FCR,128.0,95.0,True,3,4570.637119113572,0.390625,33.0
2026-08-27,9,aFRRDown,175.0,175.0,True,6,3767.8367346938776,0.5714285714285714,0
2026-08-27,9,aFRRUp,175.0,175.0,True,8,2425.795918367347,0.4,0
2026-08-27,10,FCR,128.0,95.0,True,3,4570.637119113572,0.390625,33.0
2026-08-27,10,aFRRDown,175.0,175.0,True,6,3835.755102040816,0.5714285714285714,0
2026-08-27,10,aFRRUp,175.0,175.0,True,9,2389.2244897959185,0.4,0
2026-08-27,11,FCR,128.0,95.0,True,3,4570.637119113572,0.390625,33.0
2026-08-27,11,aFRRDown,175.0,175.0,True,6,3835.755102040816,0.5714285714285714,0
2026-08-27,11,aFRRUp,175.0,175.0,True,9,2384.0000000000005,0.4,0
2026-08-27,12,FCR,128.0,95.0,True,3,4570.637119113572,0.390625,33.0
2026-08-27,12,aFRRDown,175.0,175.0,True,6,3874.938775510204,0.5714285714285714,0
2026-08-27,12,aFRRUp,175.0,175.0,True,9,2403.5918367346944,0.4,0
2026-08-27,13,FCR,128.0,95.0,True,3,4570.637119113572,0.390625,33.0
2026-08-27,13,aFRRDown,175.0,175.0,True,6,3874.938775510204,0.5714285714285714,0
2026-08-27,13,aFRRUp,175.0,175.0,True,9,2403.5918367346944,0.4,0
2026-08-27,14,FCR,128.0,95.0,True,3,4570.637119113572,0.390625,33.0
2026-08-27,14,aFRRDown,175.0,175.0,True,6,3874.938775510204,0.5714285714285714,0
2026-08-27,14,aFRRUp,175.0,175.0,True,9,2395.7551020408164,0.4,0
2026-08-27,15,FCR,128.0,95.0,True,3,4570.637119113572,0.390625,33.0
2026-08-27,15,aFRRDown,175.0,175.0,True,6,3874.938775510204,0.5714285714285714,0
2026-08-27,15,aFRRUp,175.0,175.0,True,9,2376.163265306123,0.4,0
2026-08-27,16,FCR,128.0,95.0,True,3,4570.637119113572,0.390625,33.0
2026-08-27,16,aFRRDown,175.0,175.0,True,5,3914.122448979592,0.5714285714285714,0
2026-08-27,16,aFRRUp,175.0,175.0,True,9,2395.7551020408164,0.4,0
2026-08-27,17,FCR,128.0,95.0,True,3,4570.637119113572,0.390625,33.0
2026-08-27,17,aFRRDown,175.0,175.0,True,6,3767.8367346938776,0.5714285714285714,0
2026-08-27,17,aFRRUp,175.0,175.0,True,8,2425.795918367347,0.4,0
2026-08-27,18,FCR,128.0,133.0,True,3,5296.5119565831865,0.6875,0
2026-08-27,18,aFRRDown,175.0,175.0,True,6,3783.5102040816328,0.5714285714285714,0
2026-08-27,18,aFRRUp,175.0,175.0,True,8,2425.795918367347,0.4,0
2026-08-27,19,FCR,128.0,133.0,True,3,5296.5119565831865,0.6875,0
2026-08-27,19,aFRRDown,175.0,175.0,True,5,4228.244897959184,0.5714285714285714,0
2026-08-27,19,aFRRUp,175.0,175.0,True,8,2445.387755102041,0.4,0
2026-08-27,20,FCR,128.0,133.0,True,3,5296.5119565831865,0.6875,0
2026-08-27,20,aFRRDown,175.0,175.0,True,5,4283.102040816326,0.5714285714285714,0
2026-08-27,20,aFRRUp,175.0,175.0,True,6,3763.265306122449,0.5542857142857143,0
2026-08-27,21,FCR,128.0,133.0,True,3,5296.5119565831865,0.6875,0
2026-08-27,21,aFRRDown,175.0,175.0,True,5,4283.102040816326,0.5714285714285714,0
2026-08-27,21,aFRRUp,175.0,175.0,True,7,2562.2857142857147,0.4,0
2026-08-27,22,FCR,128.0,133.0,True,3,5296.5119565831865,0.6875,0
2026-08-27,22,aFRRDown,175.0,175.0,True,5,4283.102040816326,0.5714285714285714,0
2026-08-27,22,aFRRUp,175.0,175.0,True,8,2445.387755102041,0.4,0
2026-08-27,23,FCR,128.0,133.0,True,3,5296.5119565831865,0.6875,0
2026-08-27,23,aFRRDown,175.0,175.0,True,5,4283.102040816326,0.5714285714285714,0
2026-08-27,23,aFRRUp,175.0,175.0,True,8,2445.387755102041,0.4,0
2026-08-28,0,FCR,128.0,133.0,True,3,5296.5119565831865,0.6875,0
2026-08-28,0,aFRRDown,175.0,175.0,True,7,3665.959183673469,0.5714285714285714,0
2026-08-28,0,aFRRUp,175.0,175.0,True,8,2438.857142857143,0.4,0
2026-08-28,1,FCR,128.0,131.0,True,3,5256.686673270789,0.671875,0
2026-08-28,1,aFRRDown,175.0,175.0,True,7,3665.959183673469,0.5714285714285714,0
2026-08-28,1,aFRRUp,175.0,175.0,True,8,2438.857142857143,0.4,0
2026-08-28,2,FCR,128.0,123.0,True,3,5095.511930729063,0.609375,5.0
2026-08-28,2,aFRRDown,175.0,175.0,True,7,3665.959183673469,0.5714285714285714,0
2026-08-28,2,aFRRUp,175.0,175.0,True,8,2438.857142857143,0.4,0
2026-08-28,3,FCR,128.0,123.0,True,3,5095.511930729063,0.609375,5.0
2026-08-28,3,aFRRDown,175.0,175.0,True,8,3630.69387755102,0.5714285714285714,0
2026-08-28,3,aFRRUp,175.0,175.0,True,8,2438.857142857143,0.4,0
2026-08-28,4,FCR,128.0,123.0,True,3,5095.511930729063,0.609375,5.0
2026-08-28,4,aFRRDown,175.0,175.0,True,7,3689.4693877551017,0.5714285714285714,0
2026-08-28,4,aFRRUp,175.0,175.0,True,8,2438.857142857143,0.4,0
2026-08-28,5,FCR,128.0,123.0,True,3,5095.511930729063,0.609375,5.0
2026-08-28,5,aFRRDown,175.0,175.0,True,8,3611.1020408163263,0.5714285714285714,0
2026-08-28,5,aFRRUp,175.0,175.0,True,8,2438.857142857143,0.4,0
2026-08-28,6,FCR,128.0,123.0,True,3,5095.511930729063,0.609375,5.0
2026-08-28,6,aFRRDown,175.0,175.0,True,7,2847.0204081632655,0.46285714285714286,0
2026-08-28,6,aFRRUp,175.0,175.0,True,9,2394.448979591837,0.4,0
2026-08-28,7,FCR,128.0,123.0,True,3,5095.511930729063,0.609375,5.0
2026-08-28,7,aFRRDown,175.0,175.0,True,7,2818.285714285714,0.46285714285714286,0
2026-08-28,7,aFRRUp,175.0,175.0,True,10,2400.3265306122453,0.4,0
2026-08-28,8,FCR,128.0,118.0,True,2,5518.529158287848,0.609375,10.0
2026-08-28,8,aFRRDown,175.0,175.0,True,7,2763.4285714285716,0.46285714285714286,0
2026-08-28,8,aFRRUp,175.0,175.0,True,9,2394.448979591837,0.4,0
2026-08-28,9,FCR,128.0,90.0,True,2,5061.728395061728,0.390625,38.0
2026-08-28,9,aFRRDown,175.0,175.0,True,7,2132.571428571429,0.32,0
2026-08-28,9,aFRRUp,175.0,175.0,True,9,2416.0000000000005,0.4,0
2026-08-28,10,FCR,128.0,90.0,True,2,5061.728395061728,0.390625,38.0
2026-08-28,10,aFRRDown,175.0,175.0,True,7,2096.0,0.32,0
2026-08-28,10,aFRRUp,175.0,175.0,True,10,2376.8163265306125,0.4,0
2026-08-28,11,FCR,128.0,90.0,True,2,5061.728395061728,0.390625,38.0
2026-08-28,11,aFRRDown,175.0,175.0,True,7,2096.0,0.32,0
2026-08-28,11,aFRRUp,175.0,175.0,True,9,2441.4693877551026,0.4,0
2026-08-28,12,FCR,128.0,90.0,True,2,5061.728395061728,0.390625,38.0
2026-08-28,12,aFRRDown,175.0,175.0,True,5,3169.632653061225,0.4,0
2026-08-28,12,aFRRUp,175.0,175.0,True,9,2441.4693877551026,0.4,0
2026-08-28,13,FCR,128.0,90.0,True,2,5061.728395061728,0.390625,38.0
2026-08-28,13,aFRRDown,175.0,175.0,True,5,3169.632653061225,0.4,0
2026-08-28,13,aFRRUp,175.0,175.0,True,9,2441.4693877551026,0.4,0
2026-08-28,14,FCR,128.0,90.0,True,2,5061.728395061728,0.390625,38.0
2026-08-28,14,aFRRDown,175.0,175.0,True,5,3169.632653061225,0.4,0
2026-08-28,14,aFRRUp,175.0,175.0,True,9,2441.4693877551026,0.4,0
2026-08-28,15,FCR,128.0,90.0,True,2,5061.728395061728,0.390625,38.0
2026-08-28,15,aFRRDown,175.0,175.0,True,5,3169.632653061225,0.4,0
2026-08-28,15,aFRRUp,175.0,175.0,True,10,2392.4897959183677,0.4,0
2026-08-28,16,FCR,128.0,90.0,True,2,5061.728395061728,0.390625,38.0
2026-08-28,16,aFRRDown,175.0,175.0,True,6,3835.755102040816,0.5714285714285714,0
2026-08-28,16,aFRRUp,175.0,175.0,True,10,2376.8163265306125,0.4,0
2026-08-28,17,FCR,128.0,90.0,True,2,5061.728395061728,0.390625,38.0
2026-08-28,17,aFRRDown,175.0,175.0,True,7,2784.979591836735,0.46285714285714286,0
2026-08-28,17,aFRRUp,175.0,175.0,True,9,2414.040816326531,0.4,0
2026-08-28,18,FCR,128.0,128.0,True,2,5703.125,0.6875,0
2026-08-28,18,aFRRDown,175.0,175.0,True,7,2755.591836734694,0.46285714285714286,0
2026-08-28,18,aFRRUp,175.0,175.0,True,9,2416.0000000000005,0.4,0
2026-08-28,19,FCR,128.0,128.0,True,2,5703.125,0.6875,0
2026-08-28,19,aFRRDown,175.0,175.0,True,7,2818.285714285714,0.46285714285714286,0
2026-08-28,19,aFRRUp,175.0,175.0,True,9,2416.0000000000005,0.4,0
2026-08-28,20,FCR,128.0,128.0,True,2,5703.125,0.6875,0
2026-08-28,20,aFRRDown,175.0,175.0,True,7,2847.0204081632655,0.46285714285714286,0
2026-08-28,20,aFRRUp,175.0,175.0,True,8,2350.0408163265306,0.37142857142857144,0
2026-08-28,21,FCR,128.0,128.0,True,2,5703.125,0.6875,0
2026-08-28,21,aFRRDown,175.0,175.0,True,7,2847.0204081632655,0.46285714285714286,0
2026-08-28,21,aFRRUp,175.0,175.0,True,9,2494.367346938776,0.4,0
2026-08-28,22,FCR,128.0,133.0,True,3,5296.5119565831865,0.6875,0
2026-08-28,22,aFRRDown,175.0,175.0,True,7,2847.0204081632655,0.46285714285714286,0
2026-08-28,22,aFRRUp,175.0,175.0,True,9,2416.0000000000005,0.4,0
2026-08-28,23,FCR,128.0,133.0,True,3,5296.5119565831865,0.6875,0
2026-08-28,23,aFRRDown,175.0,175.0,True,7,2847.0204081632655,0.46285714285714286,0
2026-08-28,23,aFRRUp,175.0,175.0,True,9,2416.0000000000005,0.4,0
2026-08-29,0,FCR,128.0,133.0,True,3,5296.5119565831865,0.6875,0
2026-08-29,0,aFRRDown,175.0,175.0,True,6,3848.816326530612,0.5714285714285714,0
2026-08-29,0,aFRRUp,175.0,175.0,True,9,1479.5102040816328,0.22285714285714286,0
2026-08-29,1,FCR,128.0,131.0,True,3,5256.686673270789,0.671875,0
2026-08-29,1,aFRRDown,175.0,175.0,True,6,3848.816326530612,0.5714285714285714,0
2026-08-29,1,aFRRUp,175.0,175.0,True,9,1479.5102040816328,0.22285714285714286,0
2026-08-29,2,FCR,128.0,95.0,True,3,4570.637119113572,0.390625,33.0
2026-08-29,2,aFRRDown,175.0,175.0,True,6,3848.816326530612,0.5714285714285714,0
2026-08-29,2,aFRRUp,175.0,175.0,True,9,1479.5102040816328,0.22285714285714286,0
2026-08-29,3,FCR,128.0,95.0,True,3,4570.637119113572,0.390625,33.0
2026-08-29,3,aFRRDown,175.0,175.0,True,8,3630.69387755102,0.5714285714285714,0
2026-08-29,3,aFRRUp,175.0,175.0,True,9,1479.5102040816328,0.22285714285714286,0
2026-08-29,4,FCR,128.0,95.0,True,3,4570.637119113572,0.390625,33.0
2026-08-29,4,aFRRDown,175.0,175.0,True,7,3689.4693877551017,0.5714285714285714,0
2026-08-29,4,aFRRUp,175.0,175.0,True,9,1479.5102040816328,0.22285714285714286,0
2026-08-29,5,FCR,128.0,95.0,True,3,4570.637119113572,0.390625,33.0
2026-08-29,5,aFRRDown,175.0,175.0,True,8,3611.1020408163263,0.5714285714285714,0
2026-08-29,5,aFRRUp,175.0,175.0,True,9,1479.5102040816328,0.22285714285714286,0
2026-08-29,6,FCR,128.0,95.0,True,3,4570.637119113572,0.390625,33.0
2026-08-29,6,aFRRDown,175.0,175.0,True,6,3812.8979591836733,0.5714285714285714,0
2026-08-29,6,aFRRUp,175.0,175.0,True,9,1563.7551020408164,0.22285714285714286,0
2026-08-29,7,FCR,128.0,95.0,True,3,4570.637119113572,0.390625,33.0
2026-08-29,7,aFRRDown,175.0,175.0,True,6,3800.489795918367,0.5714285714285714,0
2026-08-29,7,aFRRUp,175.0,175.0,True,9,1847.8367346938776,0.2571428571428571,0
2026-08-29,8,FCR,128.0,95.0,True,3,4570.637119113572,0.390625,33.0
2026-08-29,8,aFRRDown,175.0,175.0,True,6,3763.9183673469383,0.5714285714285714,0
2026-08-29,8,aFRRUp,175.0,175.0,True,9,1563.7551020408164,0.22285714285714286,0
2026-08-29,9,FCR,128.0,95.0,True,3,4570.637119113572,0.390625,33.0
2026-08-29,9,aFRRDown,175.0,175.0,True,6,3748.244897959183,0.5714285714285714,0
2026-08-29,9,aFRRUp,175.0,175.0,True,9,1563.7551020408164,0.22285714285714286,0
2026-08-29,10,FCR,128.0,95.0,True,3,4570.637119113572,0.390625,33.0
2026-08-29,10,aFRRDown,175.0,175.0,True,9,1950.3673469387757,0.32,0
2026-08-29,10,aFRRUp,175.0,175.0,True,6,3933.7142857142853,0.5714285714285714,0
2026-08-29,11,FCR,128.0,95.0,True,3,4570.637119113572,0.390625,33.0
2026-08-29,11,aFRRDown,175.0,175.0,True,8,2054.204081632653,0.32,0
2026-08-29,11,aFRRUp,175.0,175.0,True,6,2801.3061224489797,0.4228571428571429,0
2026-08-29,12,FCR,128.0,95.0,True,3,4570.637119113572,0.390625,33.0
2026-08-29,12,aFRRDown,175.0,175.0,True,9,1617.3061224489795,0.22857142857142856,0
2026-08-29,12,aFRRUp,175.0,175.0,True,6,2764.0816326530617,0.41714285714285715,0
2026-08-29,13,FCR,128.0,95.0,True,3,4570.637119113572,0.390625,33.0
2026-08-29,13,aFRRDown,175.0,175.0,True,9,1631.6734693877552,0.24,0
2026-08-29,13,aFRRUp,175.0,175.0,True,6,2693.551020408163,0.4057142857142857,0
2026-08-29,14,FCR,128.0,95.0,True,3,4570.637119113572,0.390625,33.0
2026-08-29,14,aFRRDown,175.0,175.0,True,9,1651.2653061224491,0.25142857142857145,0
2026-08-29,14,aFRRUp,175.0,175.0,True,6,2660.244897959184,0.4,0
2026-08-29,15,FCR,128.0,95.0,True,3,4570.637119113572,0.390625,33.0
2026-08-29,15,aFRRDown,175.0,175.0,True,9,1723.1020408163267,0.28,0
2026-08-29,15,aFRRUp,175.0,175.0,True,6,2660.244897959184,0.4,0
2026-08-29,16,FCR,128.0,95.0,True,3,4570.637119113572,0.390625,33.0
2026-08-29,16,aFRRDown,175.0,175.0,True,9,1891.591836734694,0.32,0
2026-08-29,16,aFRRUp,175.0,175.0,True,6,2660.244897959184,0.4,0
2026-08-29,17,FCR,128.0,95.0,True,3,4570.637119113572,0.390625,33.0
2026-08-29,17,aFRRDown,175.0,175.0,True,6,3758.0408163265306,0.5714285714285714,0
2026-08-29,17,aFRRUp,175.0,175.0,True,9,1563.7551020408164,0.22285714285714286,0
2026-08-29,18,FCR,128.0,95.0,True,3,4570.637119113572,0.390625,33.0
2026-08-29,18,aFRRDown,175.0,175.0,True,6,3779.5918367346935,0.5714285714285714,0
2026-08-29,18,aFRRUp,175.0,175.0,True,9,1563.7551020408164,0.22285714285714286,0
2026-08-29,19,FCR,128.0,133.0,True,3,5296.5119565831865,0.6875,0
2026-08-29,19,aFRRDown,175.0,175.0,True,6,3812.8979591836733,0.5714285714285714,0
2026-08-29,19,aFRRUp,175.0,175.0,True,9,1687.183673469388,0.22285714285714286,0
2026-08-29,20,FCR,128.0,133.0,True,3,5296.5119565831865,0.6875,0
2026-08-29,20,aFRRDown,175.0,175.0,True,6,3812.8979591836733,0.5714285714285714,0
2026-08-29,20,aFRRUp,175.0,175.0,True,6,3154.612244897959,0.4742857142857143,0
2026-08-29,21,FCR,128.0,133.0,True,3,5296.5119565831865,0.6875,0
2026-08-29,21,aFRRDown,175.0,175.0,True,6,3812.8979591836733,0.5714285714285714,0
2026-08-29,21,aFRRUp,175.0,175.0,True,8,1875.918367346939,0.24571428571428572,0
2026-08-29,22,FCR,128.0,133.0,True,3,5296.5119565831865,0.6875,0
2026-08-29,22,aFRRDown,175.0,175.0,True,6,3812.8979591836733,0.5714285714285714,0
2026-08-29,22,aFRRUp,175.0,175.0,True,9,1687.183673469388,0.22285714285714286,0
2026-08-29,23,FCR,128.0,133.0,True,3,5296.5119565831865,0.6875,0
2026-08-29,23,aFRRDown,175.0,175.0,True,6,3812.8979591836733,0.5714285714285714,0
2026-08-29,23,aFRRUp,175.0,175.0,True,9,1687.183673469388,0.22285714285714286,0
2026-08-30,0,FCR,128.0,133.0,True,3,5296.5119565831865,0.6875,0
2026-08-30,0,aFRRDown,175.0,175.0,True,6,3848.816326530612,0.5714285714285714,0
2026-08-30,0,aFRRUp,175.0,175.0,True,10,1452.0816326530614,0.22285714285714286,0
2026-08-30,1,FCR,128.0,131.0,True,3,5256.686673270789,0.671875,0
2026-08-30,1,aFRRDown,175.0,175.0,True,6,3848.816326530612,0.5714285714285714,0
2026-08-30,1,aFRRUp,175.0,175.0,True,10,1452.0816326530614,0.22285714285714286,0
2026-08-30,2,FCR,128.0,95.0,True,3,4570.637119113572,0.390625,33.0
2026-08-30,2,aFRRDown,175.0,175.0,True,6,3848.816326530612,0.5714285714285714,0
2026-08-30,2,aFRRUp,175.0,175.0,True,10,1452.0816326530614,0.22285714285714286,0
2026-08-30,3,FCR,128.0,95.0,True,3,4570.637119113572,0.390625,33.0
2026-08-30,3,aFRRDown,175.0,175.0,True,8,3630.69387755102,0.5714285714285714,0
2026-08-30,3,aFRRUp,175.0,175.0,True,10,1452.0816326530614,0.22285714285714286,0
2026-08-30,4,FCR,128.0,95.0,True,3,4570.637119113572,0.390625,33.0
2026-08-30,4,aFRRDown,175.0,175.0,True,7,3689.4693877551017,0.5714285714285714,0
2026-08-30,4,aFRRUp,175.0,175.0,True,10,1452.0816326530614,0.22285714285714286,0
2026-08-30,5,FCR,128.0,95.0,True,3,4570.637119113572,0.390625,33.0
2026-08-30,5,aFRRDown,175.0,175.0,True,8,3611.1020408163263,0.5714285714285714,0
2026-08-30,5,aFRRUp,175.0,175.0,True,10,1452.0816326530614,0.22285714285714286,0
2026-08-30,6,FCR,128.0,95.0,True,3,4570.637119113572,0.390625,33.0
2026-08-30,6,aFRRDown,175.0,175.0,True,6,3812.8979591836733,0.5714285714285714,0
2026-08-30,6,aFRRUp,175.0,175.0,True,10,1469.7142857142858,0.22285714285714286,0
2026-08-30,7,FCR,128.0,75.0,True,3,5200.0,0.390625,53.0
2026-08-30,7,aFRRDown,175.0,175.0,True,7,2832.0,0.46285714285714286,0
2026-08-30,7,aFRRUp,175.0,175.0,True,10,1695.0204081632653,0.22285714285714286,0
2026-08-30,8,FCR,128.0,55.0,True,2,8347.107438016528,0.390625,73.0
2026-08-30,8,aFRRDown,175.0,175.0,True,7,2784.979591836735,0.46285714285714286,0
2026-08-30,8,aFRRUp,175.0,175.0,True,10,1469.7142857142858,0.22285714285714286,0
2026-08-30,9,FCR,128.0,55.0,True,2,8347.107438016528,0.390625,73.0
2026-08-30,9,aFRRDown,175.0,175.0,True,8,1917.714285714286,0.32,0
2026-08-30,9,aFRRUp,175.0,175.0,True,10,1469.7142857142858,0.22285714285714286,0
2026-08-30,10,FCR,128.0,75.0,True,3,5200.0,0.390625,53.0
2026-08-30,10,aFRRDown,175.0,175.0,True,8,1986.2857142857142,0.32,0
2026-08-30,10,aFRRUp,175.0,175.0,True,9,1963.4285714285716,0.2857142857142857,0
2026-08-30,11,FCR,128.0,75.0,True,3,5200.0,0.390625,53.0
2026-08-30,11,aFRRDown,175.0,175.0,True,7,2096.0,0.32,0
2026-08-30,11,aFRRUp,175.0,175.0,True,9,1904.6530612244896,0.2857142857142857,0
2026-08-30,12,FCR,128.0,75.0,True,3,5200.0,0.390625,53.0
2026-08-30,12,aFRRDown,175.0,175.0,True,8,1674.7755102040817,0.22285714285714286,0
2026-08-30,12,aFRRUp,175.0,175.0,True,9,1912.4897959183672,0.2857142857142857,0
2026-08-30,13,FCR,128.0,75.0,True,3,5200.0,0.390625,53.0
2026-08-30,13,aFRRDown,175.0,175.0,True,8,1674.7755102040817,0.22285714285714286,0
2026-08-30,13,aFRRUp,175.0,175.0,True,9,1912.4897959183672,0.2857142857142857,0
2026-08-30,14,FCR,128.0,75.0,True,3,5200.0,0.390625,53.0
2026-08-30,14,aFRRDown,175.0,175.0,True,8,1674.7755102040817,0.22285714285714286,0
2026-08-30,14,aFRRUp,175.0,175.0,True,9,1908.5714285714287,0.2857142857142857,0
2026-08-30,15,FCR,128.0,75.0,True,3,5200.0,0.390625,53.0
2026-08-30,15,aFRRDown,175.0,175.0,True,8,1688.4897959183672,0.24,0
2026-08-30,15,aFRRUp,175.0,175.0,True,9,1924.2448979591836,0.2857142857142857,0
2026-08-30,16,FCR,128.0,75.0,True,3,5200.0,0.390625,53.0
2026-08-30,16,aFRRDown,175.0,175.0,True,8,2001.3061224489797,0.32,0
2026-08-30,16,aFRRUp,175.0,175.0,True,9,1951.6734693877552,0.2857142857142857,0
2026-08-30,17,FCR,128.0,55.0,True,2,8347.107438016528,0.390625,73.0
2026-08-30,17,aFRRDown,175.0,175.0,True,7,2752.9795918367345,0.46285714285714286,0
2026-08-30,17,aFRRUp,175.0,175.0,True,10,1469.7142857142858,0.22285714285714286,0
2026-08-30,18,FCR,128.0,55.0,True,2,8347.107438016528,0.390625,73.0
2026-08-30,18,aFRRDown,175.0,175.0,True,7,2776.4897959183672,0.46285714285714286,0
2026-08-30,18,aFRRUp,175.0,175.0,True,10,1469.7142857142858,0.22285714285714286,0
2026-08-30,19,FCR,128.0,93.0,True,2,8982.541334258296,0.6875,35.0
2026-08-30,19,aFRRDown,175.0,175.0,True,7,2832.0,0.46285714285714286,0
2026-08-30,19,aFRRUp,175.0,175.0,True,10,1565.7142857142858,0.22285714285714286,0
2026-08-30,20,FCR,128.0,93.0,True,2,8982.541334258296,0.6875,35.0
2026-08-30,20,aFRRDown,175.0,175.0,True,7,2847.0204081632655,0.46285714285714286,0
2026-08-30,20,aFRRUp,175.0,175.0,True,7,2852.8979591836733,0.44,0
2026-08-30,21,FCR,128.0,113.0,True,3,6397.525256480539,0.6875,15.0
2026-08-30,21,aFRRDown,175.0,175.0,True,6,3159.836734693877,0.45714285714285713,0
2026-08-30,21,aFRRUp,175.0,175.0,True,9,1868.0816326530614,0.24571428571428572,0
2026-08-30,22,FCR,128.0,113.0,True,3,6397.525256480539,0.6875,15.0
2026-08-30,22,aFRRDown,175.0,175.0,True,6,3159.836734693877,0.45714285714285713,0
2026-08-30,22,aFRRUp,175.0,175.0,True,10,1565.7142857142858,0.22285714285714286,0
2026-08-30,23,FCR,128.0,113.0,True,3,6397.525256480539,0.6875,15.0
2026-08-30,23,aFRRDown,175.0,175.0,True,6,3159.836734693877,0.45714285714285713,0
2026-08-30,23,aFRRUp,175.0,175.0,True,10,1565.7142857142858,0.22285714285714286,0
2026-08-31,0,FCR,128.0,133.0,True,3,5296.5119565831865,0.6875,0
2026-08-31,0,aFRRDown,175.0,175.0,True,6,3848.816326530612,0.5714285714285714,0
2026-08-31,0,aFRRUp,175.0,175.0,True,10,1452.0816326530614,0.22285714285714286,0
2026-08-31,1,FCR,128.0,131.0,True,3,5256.686673270789,0.671875,0
2026-08-31,1,aFRRDown,175.0,175.0,True,6,3848.816326530612,0.5714285714285714,0
2026-08-31,1,aFRRUp,175.0,175.0,True,10,1452.0816326530614,0.22285714285714286,0
2026-08-31,2,FCR,128.0,123.0,True,3,5095.511930729063,0.609375,5.0
2026-08-31,2,aFRRDown,175.0,175.0,True,6,3848.816326530612,0.5714285714285714,0
2026-08-31,2,aFRRUp,175.0,175.0,True,10,1452.0816326530614,0.22285714285714286,0
2026-08-31,3,FCR,128.0,123.0,True,3,5095.511930729063,0.609375,5.0
2026-08-31,3,aFRRDown,175.0,175.0,True,8,3630.69387755102,0.5714285714285714,0
2026-08-31,3,aFRRUp,175.0,175.0,True,10,1452.0816326530614,0.22285714285714286,0
2026-08-31,4,FCR,128.0,123.0,True,3,5095.511930729063,0.609375,5.0
2026-08-31,4,aFRRDown,175.0,175.0,True,7,3689.4693877551017,0.5714285714285714,0
2026-08-31,4,aFRRUp,175.0,175.0,True,10,1452.0816326530614,0.22285714285714286,0
2026-08-31,5,FCR,128.0,123.0,True,3,5095.511930729063,0.609375,5.0
2026-08-31,5,aFRRDown,175.0,175.0,True,8,3611.1020408163263,0.5714285714285714,0
2026-08-31,5,aFRRUp,175.0,175.0,True,10,1452.0816326530614,0.22285714285714286,0
2026-08-31,6,FCR,128.0,123.0,True,3,5095.511930729063,0.609375,5.0
2026-08-31,6,aFRRDown,175.0,175.0,True,6,3812.8979591836733,0.5714285714285714,0
2026-08-31,6,aFRRUp,175.0,175.0,True,10,1469.7142857142858,0.22285714285714286,0
2026-08-31,7,FCR,128.0,123.0,True,3,5095.511930729063,0.609375,5.0
2026-08-31,7,aFRRDown,175.0,175.0,True,6,3789.3877551020405,0.5714285714285714,0
2026-08-31,7,aFRRUp,175.0,175.0,True,10,1695.0204081632653,0.22285714285714286,0
2026-08-31,8,FCR,128.0,123.0,True,3,5095.511930729063,0.609375,5.0
2026-08-31,8,aFRRDown,175.0,175.0,True,6,3748.244897959183,0.5714285714285714,0
2026-08-31,8,aFRRUp,175.0,175.0,True,10,1469.7142857142858,0.22285714285714286,0
2026-08-31,9,FCR,128.0,95.0,True,3,4570.637119113572,0.390625,33.0
2026-08-31,9,aFRRDown,175.0,175.0,True,6,3789.3877551020405,0.5714285714285714,0
2026-08-31,9,aFRRUp,175.0,175.0,True,10,1469.7142857142858,0.22285714285714286,0
2026-08-31,10,FCR,128.0,95.0,True,3,4570.637119113572,0.390625,33.0
2026-08-31,10,aFRRDown,175.0,175.0,True,6,3894.530612244898,0.5714285714285714,0
2026-08-31,10,aFRRUp,175.0,175.0,True,10,1621.8775510204084,0.22285714285714286,0
2026-08-31,11,FCR,128.0,95.0,True,3,4570.637119113572,0.390625,33.0
2026-08-31,11,aFRRDown,175.0,175.0,True,6,3894.530612244898,0.5714285714285714,0
2026-08-31,11,aFRRUp,175.0,175.0,True,10,1804.734693877551,0.2571428571428571,0
2026-08-31,12,FCR,128.0,95.0,True,3,4570.637119113572,0.390625,33.0
2026-08-31,12,aFRRDown,175.0,175.0,True,7,2566.204081632653,0.4228571428571429,0
2026-08-31,12,aFRRUp,175.0,175.0,True,9,1863.5102040816325,0.26857142857142857,0
2026-08-31,13,FCR,128.0,95.0,True,3,4570.637119113572,0.390625,33.0
2026-08-31,13,aFRRDown,175.0,175.0,True,8,1674.7755102040817,0.22285714285714286,0
2026-08-31,13,aFRRUp,175.0,175.0,True,9,1863.5102040816325,0.26857142857142857,0
2026-08-31,14,FCR,128.0,95.0,True,3,4570.637119113572,0.390625,33.0
2026-08-31,14,aFRRDown,175.0,175.0,True,8,1674.7755102040817,0.22285714285714286,0
2026-08-31,14,aFRRUp,175.0,175.0,True,9,1863.5102040816325,0.26857142857142857,0
2026-08-31,15,FCR,128.0,95.0,True,3,4570.637119113572,0.390625,33.0
2026-08-31,15,aFRRDown,175.0,175.0,True,7,2566.204081632653,0.4228571428571429,0
2026-08-31,15,aFRRUp,175.0,175.0,True,10,1702.857142857143,0.2342857142857143,0
2026-08-31,16,FCR,128.0,95.0,True,3,4570.637119113572,0.390625,33.0
2026-08-31,16,aFRRDown,175.0,175.0,True,7,2096.0,0.32,0
2026-08-31,16,aFRRUp,175.0,175.0,True,10,1589.2244897959185,0.22285714285714286,0
2026-08-31,17,FCR,128.0,95.0,True,3,4570.637119113572,0.390625,33.0
2026-08-31,17,aFRRDown,175.0,175.0,True,6,3771.1020408163263,0.5714285714285714,0
2026-08-31,17,aFRRUp,175.0,175.0,True,10,1469.7142857142858,0.22285714285714286,0
2026-08-31,18,FCR,128.0,133.0,True,3,5296.5119565831865,0.6875,0
2026-08-31,18,aFRRDown,175.0,175.0,True,6,3750.2040816326526,0.5714285714285714,0
2026-08-31,18,aFRRUp,175.0,175.0,True,10,1469.7142857142858,0.22285714285714286,0
2026-08-31,19,FCR,128.0,133.0,True,3,5296.5119565831865,0.6875,0
2026-08-31,19,aFRRDown,175.0,175.0,True,6,3800.489795918367,0.5714285714285714,0
2026-08-31,19,aFRRUp,175.0,175.0,True,10,1565.7142857142858,0.22285714285714286,0
2026-08-31,20,FCR,128.0,133.0,True,3,5296.5119565831865,0.6875,0
2026-08-31,20,aFRRDown,175.0,175.0,True,6,3812.8979591836733,0.5714285714285714,0
2026-08-31,20,aFRRUp,175.0,175.0,True,6,4814.04081632653,0.6628571428571428,0
2026-08-31,21,FCR,128.0,133.0,True,3,5296.5119565831865,0.6875,0
2026-08-31,21,aFRRDown,175.0,175.0,True,6,3812.8979591836733,0.5714285714285714,0
2026-08-31,21,aFRRUp,175.0,175.0,True,9,1716.5714285714287,0.24571428571428572,0
2026-08-31,22,FCR,128.0,133.0,True,3,5296.5119565831865,0.6875,0
2026-08-31,22,aFRRDown,175.0,175.0,True,6,3812.8979591836733,0.5714285714285714,0
2026-08-31,22,aFRRUp,175.0,175.0,True,10,1565.7142857142858,0.22285714285714286,0
2026-08-31,23,FCR,128.0,133.0,True,3,5296.5119565831865,0.6875,0
2026-08-31,23,aFRRDown,175.0,175.0,True,6,3812.8979591836733,0.5714285714285714,0
2026-08-31,23,aFRRUp,175.0,175.0,True,10,1565.7142857142858,0.22285714285714286,0
