source_id,raw_file_hash,date,tender,product_direction,price_scheme,demand_mw,satisfied_ratio,source_tender_price,source_average_offered_price,source_average_accepted_price,source_price_unit,delivery_start_utc,delivery_end_utc,local_time,utc_offset,duration_hours,publication_time,revision_time,quality_flag
CAP_FCR_488_2026,f3ca272934cdb15628bcc2672fbb607d417857148046dc326442468c1f69c55c,2026-08-31,488_2026,FCR,payAsBid,128,1.039,,,346.67,LEI (UI); denominator not inferred,2026-08-30T21:00:00Z,2026-08-30T22:00:00Z,2026-08-31T00:00:00+03:00,+0300,1.0,,,EX_POST_SNAPSHOT;NOT_ASOF_APPROVED
CAP_FCR_488_2026,f3ca272934cdb15628bcc2672fbb607d417857148046dc326442468c1f69c55c,2026-08-31,488_2026,FCR,payAsBid,128,1.023,,,346.67,LEI (UI); denominator not inferred,2026-08-30T22:00:00Z,2026-08-30T23:00:00Z,2026-08-31T01:00:00+03:00,+0300,1.0,,,EX_POST_SNAPSHOT;NOT_ASOF_APPROVED
CAP_FCR_488_2026,f3ca272934cdb15628bcc2672fbb607d417857148046dc326442468c1f69c55c,2026-08-31,488_2026,FCR,payAsBid,128,0.96,,,346.67,LEI (UI); denominator not inferred,2026-08-30T23:00:00Z,2026-08-31T00:00:00Z,2026-08-31T02:00:00+03:00,+0300,1.0,,,EX_POST_SNAPSHOT;NOT_ASOF_APPROVED
CAP_FCR_488_2026,f3ca272934cdb15628bcc2672fbb607d417857148046dc326442468c1f69c55c,2026-08-31,488_2026,FCR,payAsBid,128,0.96,,,346.67,LEI (UI); denominator not inferred,2026-08-31T00:00:00Z,2026-08-31T01:00:00Z,2026-08-31T03:00:00+03:00,+0300,1.0,,,EX_POST_SNAPSHOT;NOT_ASOF_APPROVED
CAP_FCR_488_2026,f3ca272934cdb15628bcc2672fbb607d417857148046dc326442468c1f69c55c,2026-08-31,488_2026,FCR,payAsBid,128,0.96,,,346.67,LEI (UI); denominator not inferred,2026-08-31T01:00:00Z,2026-08-31T02:00:00Z,2026-08-31T04:00:00+03:00,+0300,1.0,,,EX_POST_SNAPSHOT;NOT_ASOF_APPROVED
CAP_FCR_488_2026,f3ca272934cdb15628bcc2672fbb607d417857148046dc326442468c1f69c55c,2026-08-31,488_2026,FCR,payAsBid,128,0.96,,,346.67,LEI (UI); denominator not inferred,2026-08-31T02:00:00Z,2026-08-31T03:00:00Z,2026-08-31T05:00:00+03:00,+0300,1.0,,,EX_POST_SNAPSHOT;NOT_ASOF_APPROVED
CAP_FCR_488_2026,f3ca272934cdb15628bcc2672fbb607d417857148046dc326442468c1f69c55c,2026-08-31,488_2026,FCR,payAsBid,128,0.96,,,346.67,LEI (UI); denominator not inferred,2026-08-31T03:00:00Z,2026-08-31T04:00:00Z,2026-08-31T06:00:00+03:00,+0300,1.0,,,EX_POST_SNAPSHOT;NOT_ASOF_APPROVED
CAP_FCR_488_2026,f3ca272934cdb15628bcc2672fbb607d417857148046dc326442468c1f69c55c,2026-08-31,488_2026,FCR,payAsBid,128,0.96,,,346.67,LEI (UI); denominator not inferred,2026-08-31T04:00:00Z,2026-08-31T05:00:00Z,2026-08-31T07:00:00+03:00,+0300,1.0,,,EX_POST_SNAPSHOT;NOT_ASOF_APPROVED
CAP_FCR_488_2026,f3ca272934cdb15628bcc2672fbb607d417857148046dc326442468c1f69c55c,2026-08-31,488_2026,FCR,payAsBid,128,0.96,,,346.67,LEI (UI); denominator not inferred,2026-08-31T05:00:00Z,2026-08-31T06:00:00Z,2026-08-31T08:00:00+03:00,+0300,1.0,,,EX_POST_SNAPSHOT;NOT_ASOF_APPROVED
CAP_FCR_488_2026,f3ca272934cdb15628bcc2672fbb607d417857148046dc326442468c1f69c55c,2026-08-31,488_2026,FCR,payAsBid,128,0.742,,,346.67,LEI (UI); denominator not inferred,2026-08-31T06:00:00Z,2026-08-31T07:00:00Z,2026-08-31T09:00:00+03:00,+0300,1.0,,,EX_POST_SNAPSHOT;NOT_ASOF_APPROVED
CAP_FCR_488_2026,f3ca272934cdb15628bcc2672fbb607d417857148046dc326442468c1f69c55c,2026-08-31,488_2026,FCR,payAsBid,128,0.742,,,346.67,LEI (UI); denominator not inferred,2026-08-31T07:00:00Z,2026-08-31T08:00:00Z,2026-08-31T10:00:00+03:00,+0300,1.0,,,EX_POST_SNAPSHOT;NOT_ASOF_APPROVED
CAP_FCR_488_2026,f3ca272934cdb15628bcc2672fbb607d417857148046dc326442468c1f69c55c,2026-08-31,488_2026,FCR,payAsBid,128,0.742,,,346.67,LEI (UI); denominator not inferred,2026-08-31T08:00:00Z,2026-08-31T09:00:00Z,2026-08-31T11:00:00+03:00,+0300,1.0,,,EX_POST_SNAPSHOT;NOT_ASOF_APPROVED
CAP_FCR_488_2026,f3ca272934cdb15628bcc2672fbb607d417857148046dc326442468c1f69c55c,2026-08-31,488_2026,FCR,payAsBid,128,0.742,,,346.67,LEI (UI); denominator not inferred,2026-08-31T09:00:00Z,2026-08-31T10:00:00Z,2026-08-31T12:00:00+03:00,+0300,1.0,,,EX_POST_SNAPSHOT;NOT_ASOF_APPROVED
CAP_FCR_488_2026,f3ca272934cdb15628bcc2672fbb607d417857148046dc326442468c1f69c55c,2026-08-31,488_2026,FCR,payAsBid,128,0.742,,,346.67,LEI (UI); denominator not inferred,2026-08-31T10:00:00Z,2026-08-31T11:00:00Z,2026-08-31T13:00:00+03:00,+0300,1.0,,,EX_POST_SNAPSHOT;NOT_ASOF_APPROVED
CAP_FCR_488_2026,f3ca272934cdb15628bcc2672fbb607d417857148046dc326442468c1f69c55c,2026-08-31,488_2026,FCR,payAsBid,128,0.742,,,346.67,LEI (UI); denominator not inferred,2026-08-31T11:00:00Z,2026-08-31T12:00:00Z,2026-08-31T14:00:00+03:00,+0300,1.0,,,EX_POST_SNAPSHOT;NOT_ASOF_APPROVED
CAP_FCR_488_2026,f3ca272934cdb15628bcc2672fbb607d417857148046dc326442468c1f69c55c,2026-08-31,488_2026,FCR,payAsBid,128,0.742,,,346.67,LEI (UI); denominator not inferred,2026-08-31T12:00:00Z,2026-08-31T13:00:00Z,2026-08-31T15:00:00+03:00,+0300,1.0,,,EX_POST_SNAPSHOT;NOT_ASOF_APPROVED
CAP_FCR_488_2026,f3ca272934cdb15628bcc2672fbb607d417857148046dc326442468c1f69c55c,2026-08-31,488_2026,FCR,payAsBid,128,0.742,,,346.67,LEI (UI); denominator not inferred,2026-08-31T13:00:00Z,2026-08-31T14:00:00Z,2026-08-31T16:00:00+03:00,+0300,1.0,,,EX_POST_SNAPSHOT;NOT_ASOF_APPROVED
CAP_FCR_488_2026,f3ca272934cdb15628bcc2672fbb607d417857148046dc326442468c1f69c55c,2026-08-31,488_2026,FCR,payAsBid,128,0.742,,,346.67,LEI (UI); denominator not inferred,2026-08-31T14:00:00Z,2026-08-31T15:00:00Z,2026-08-31T17:00:00+03:00,+0300,1.0,,,EX_POST_SNAPSHOT;NOT_ASOF_APPROVED
CAP_FCR_488_2026,f3ca272934cdb15628bcc2672fbb607d417857148046dc326442468c1f69c55c,2026-08-31,488_2026,FCR,payAsBid,128,1.039,,,346.67,LEI (UI); denominator not inferred,2026-08-31T15:00:00Z,2026-08-31T16:00:00Z,2026-08-31T18:00:00+03:00,+0300,1.0,,,EX_POST_SNAPSHOT;NOT_ASOF_APPROVED
CAP_FCR_488_2026,f3ca272934cdb15628bcc2672fbb607d417857148046dc326442468c1f69c55c,2026-08-31,488_2026,FCR,payAsBid,128,1.039,,,346.67,LEI (UI); denominator not inferred,2026-08-31T16:00:00Z,2026-08-31T17:00:00Z,2026-08-31T19:00:00+03:00,+0300,1.0,,,EX_POST_SNAPSHOT;NOT_ASOF_APPROVED
CAP_FCR_488_2026,f3ca272934cdb15628bcc2672fbb607d417857148046dc326442468c1f69c55c,2026-08-31,488_2026,FCR,payAsBid,128,1.039,,,346.67,LEI (UI); denominator not inferred,2026-08-31T17:00:00Z,2026-08-31T18:00:00Z,2026-08-31T20:00:00+03:00,+0300,1.0,,,EX_POST_SNAPSHOT;NOT_ASOF_APPROVED
CAP_FCR_488_2026,f3ca272934cdb15628bcc2672fbb607d417857148046dc326442468c1f69c55c,2026-08-31,488_2026,FCR,payAsBid,128,1.039,,,346.67,LEI (UI); denominator not inferred,2026-08-31T18:00:00Z,2026-08-31T19:00:00Z,2026-08-31T21:00:00+03:00,+0300,1.0,,,EX_POST_SNAPSHOT;NOT_ASOF_APPROVED
CAP_FCR_488_2026,f3ca272934cdb15628bcc2672fbb607d417857148046dc326442468c1f69c55c,2026-08-31,488_2026,FCR,payAsBid,128,1.039,,,346.67,LEI (UI); denominator not inferred,2026-08-31T19:00:00Z,2026-08-31T20:00:00Z,2026-08-31T22:00:00+03:00,+0300,1.0,,,EX_POST_SNAPSHOT;NOT_ASOF_APPROVED
CAP_FCR_488_2026,f3ca272934cdb15628bcc2672fbb607d417857148046dc326442468c1f69c55c,2026-08-31,488_2026,FCR,payAsBid,128,1.039,,,346.67,LEI (UI); denominator not inferred,2026-08-31T20:00:00Z,2026-08-31T21:00:00Z,2026-08-31T23:00:00+03:00,+0300,1.0,,,EX_POST_SNAPSHOT;NOT_ASOF_APPROVED
CAP_FRR_484_2026,565aee99dad3766ecf740e3d988441447b2ed6598702c643c9f961a63bde797f,2026-08-31,484_2026,aFRRDown,payAsBid,175,1,,,2.43,LEI (UI); denominator not inferred,2026-08-30T21:00:00Z,2026-08-30T22:00:00Z,2026-08-31T00:00:00+03:00,+0300,1.0,,,EX_POST_SNAPSHOT;NOT_ASOF_APPROVED
CAP_FRR_484_2026,565aee99dad3766ecf740e3d988441447b2ed6598702c643c9f961a63bde797f,2026-08-31,484_2026,aFRRDown,payAsBid,175,1,,,2.43,LEI (UI); denominator not inferred,2026-08-30T22:00:00Z,2026-08-30T23:00:00Z,2026-08-31T01:00:00+03:00,+0300,1.0,,,EX_POST_SNAPSHOT;NOT_ASOF_APPROVED
CAP_FRR_484_2026,565aee99dad3766ecf740e3d988441447b2ed6598702c643c9f961a63bde797f,2026-08-31,484_2026,aFRRDown,payAsBid,175,1,,,2.43,LEI (UI); denominator not inferred,2026-08-30T23:00:00Z,2026-08-31T00:00:00Z,2026-08-31T02:00:00+03:00,+0300,1.0,,,EX_POST_SNAPSHOT;NOT_ASOF_APPROVED
CAP_FRR_484_2026,565aee99dad3766ecf740e3d988441447b2ed6598702c643c9f961a63bde797f,2026-08-31,484_2026,aFRRDown,payAsBid,175,1,,,3.37,LEI (UI); denominator not inferred,2026-08-31T00:00:00Z,2026-08-31T01:00:00Z,2026-08-31T03:00:00+03:00,+0300,1.0,,,EX_POST_SNAPSHOT;NOT_ASOF_APPROVED
CAP_FRR_484_2026,565aee99dad3766ecf740e3d988441447b2ed6598702c643c9f961a63bde797f,2026-08-31,484_2026,aFRRDown,payAsBid,175,1,,,3.63,LEI (UI); denominator not inferred,2026-08-31T01:00:00Z,2026-08-31T02:00:00Z,2026-08-31T04:00:00+03:00,+0300,1.0,,,EX_POST_SNAPSHOT;NOT_ASOF_APPROVED
CAP_FRR_484_2026,565aee99dad3766ecf740e3d988441447b2ed6598702c643c9f961a63bde797f,2026-08-31,484_2026,aFRRDown,payAsBid,175,1,,,3.84,LEI (UI); denominator not inferred,2026-08-31T02:00:00Z,2026-08-31T03:00:00Z,2026-08-31T05:00:00+03:00,+0300,1.0,,,EX_POST_SNAPSHOT;NOT_ASOF_APPROVED
CAP_FRR_484_2026,565aee99dad3766ecf740e3d988441447b2ed6598702c643c9f961a63bde797f,2026-08-31,484_2026,aFRRDown,payAsBid,175,1,,,0.97,LEI (UI); denominator not inferred,2026-08-31T03:00:00Z,2026-08-31T04:00:00Z,2026-08-31T06:00:00+03:00,+0300,1.0,,,EX_POST_SNAPSHOT;NOT_ASOF_APPROVED
CAP_FRR_484_2026,565aee99dad3766ecf740e3d988441447b2ed6598702c643c9f961a63bde797f,2026-08-31,484_2026,aFRRDown,payAsBid,175,1,,,0.97,LEI (UI); denominator not inferred,2026-08-31T04:00:00Z,2026-08-31T05:00:00Z,2026-08-31T07:00:00+03:00,+0300,1.0,,,EX_POST_SNAPSHOT;NOT_ASOF_APPROVED
CAP_FRR_484_2026,565aee99dad3766ecf740e3d988441447b2ed6598702c643c9f961a63bde797f,2026-08-31,484_2026,aFRRDown,payAsBid,175,1,,,0.97,LEI (UI); denominator not inferred,2026-08-31T05:00:00Z,2026-08-31T06:00:00Z,2026-08-31T08:00:00+03:00,+0300,1.0,,,EX_POST_SNAPSHOT;NOT_ASOF_APPROVED
CAP_FRR_484_2026,565aee99dad3766ecf740e3d988441447b2ed6598702c643c9f961a63bde797f,2026-08-31,484_2026,aFRRDown,payAsBid,175,1,,,0.98,LEI (UI); denominator not inferred,2026-08-31T06:00:00Z,2026-08-31T07:00:00Z,2026-08-31T09:00:00+03:00,+0300,1.0,,,EX_POST_SNAPSHOT;NOT_ASOF_APPROVED
CAP_FRR_484_2026,565aee99dad3766ecf740e3d988441447b2ed6598702c643c9f961a63bde797f,2026-08-31,484_2026,aFRRDown,payAsBid,175,1,,,0.98,LEI (UI); denominator not inferred,2026-08-31T07:00:00Z,2026-08-31T08:00:00Z,2026-08-31T10:00:00+03:00,+0300,1.0,,,EX_POST_SNAPSHOT;NOT_ASOF_APPROVED
CAP_FRR_484_2026,565aee99dad3766ecf740e3d988441447b2ed6598702c643c9f961a63bde797f,2026-08-31,484_2026,aFRRDown,payAsBid,175,1,,,0.98,LEI (UI); denominator not inferred,2026-08-31T08:00:00Z,2026-08-31T09:00:00Z,2026-08-31T11:00:00+03:00,+0300,1.0,,,EX_POST_SNAPSHOT;NOT_ASOF_APPROVED
CAP_FRR_484_2026,565aee99dad3766ecf740e3d988441447b2ed6598702c643c9f961a63bde797f,2026-08-31,484_2026,aFRRDown,payAsBid,175,1,,,3.71,LEI (UI); denominator not inferred,2026-08-31T09:00:00Z,2026-08-31T10:00:00Z,2026-08-31T12:00:00+03:00,+0300,1.0,,,EX_POST_SNAPSHOT;NOT_ASOF_APPROVED
CAP_FRR_484_2026,565aee99dad3766ecf740e3d988441447b2ed6598702c643c9f961a63bde797f,2026-08-31,484_2026,aFRRDown,payAsBid,175,1,,,4.26,LEI (UI); denominator not inferred,2026-08-31T10:00:00Z,2026-08-31T11:00:00Z,2026-08-31T13:00:00+03:00,+0300,1.0,,,EX_POST_SNAPSHOT;NOT_ASOF_APPROVED
CAP_FRR_484_2026,565aee99dad3766ecf740e3d988441447b2ed6598702c643c9f961a63bde797f,2026-08-31,484_2026,aFRRDown,payAsBid,175,1,,,4.26,LEI (UI); denominator not inferred,2026-08-31T11:00:00Z,2026-08-31T12:00:00Z,2026-08-31T14:00:00+03:00,+0300,1.0,,,EX_POST_SNAPSHOT;NOT_ASOF_APPROVED
CAP_FRR_484_2026,565aee99dad3766ecf740e3d988441447b2ed6598702c643c9f961a63bde797f,2026-08-31,484_2026,aFRRDown,payAsBid,175,1,,,3.71,LEI (UI); denominator not inferred,2026-08-31T12:00:00Z,2026-08-31T13:00:00Z,2026-08-31T15:00:00+03:00,+0300,1.0,,,EX_POST_SNAPSHOT;NOT_ASOF_APPROVED
CAP_FRR_484_2026,565aee99dad3766ecf740e3d988441447b2ed6598702c643c9f961a63bde797f,2026-08-31,484_2026,aFRRDown,payAsBid,175,1,,,2.63,LEI (UI); denominator not inferred,2026-08-31T13:00:00Z,2026-08-31T14:00:00Z,2026-08-31T16:00:00+03:00,+0300,1.0,,,EX_POST_SNAPSHOT;NOT_ASOF_APPROVED
CAP_FRR_484_2026,565aee99dad3766ecf740e3d988441447b2ed6598702c643c9f961a63bde797f,2026-08-31,484_2026,aFRRDown,payAsBid,175,1,,,1.01,LEI (UI); denominator not inferred,2026-08-31T14:00:00Z,2026-08-31T15:00:00Z,2026-08-31T17:00:00+03:00,+0300,1.0,,,EX_POST_SNAPSHOT;NOT_ASOF_APPROVED
CAP_FRR_484_2026,565aee99dad3766ecf740e3d988441447b2ed6598702c643c9f961a63bde797f,2026-08-31,484_2026,aFRRDown,payAsBid,175,1,,,1.01,LEI (UI); denominator not inferred,2026-08-31T15:00:00Z,2026-08-31T16:00:00Z,2026-08-31T18:00:00+03:00,+0300,1.0,,,EX_POST_SNAPSHOT;NOT_ASOF_APPROVED
CAP_FRR_484_2026,565aee99dad3766ecf740e3d988441447b2ed6598702c643c9f961a63bde797f,2026-08-31,484_2026,aFRRDown,payAsBid,175,1,,,1.03,LEI (UI); denominator not inferred,2026-08-31T16:00:00Z,2026-08-31T17:00:00Z,2026-08-31T19:00:00+03:00,+0300,1.0,,,EX_POST_SNAPSHOT;NOT_ASOF_APPROVED
CAP_FRR_484_2026,565aee99dad3766ecf740e3d988441447b2ed6598702c643c9f961a63bde797f,2026-08-31,484_2026,aFRRDown,payAsBid,175,1,,,1.03,LEI (UI); denominator not inferred,2026-08-31T17:00:00Z,2026-08-31T18:00:00Z,2026-08-31T20:00:00+03:00,+0300,1.0,,,EX_POST_SNAPSHOT;NOT_ASOF_APPROVED
CAP_FRR_484_2026,565aee99dad3766ecf740e3d988441447b2ed6598702c643c9f961a63bde797f,2026-08-31,484_2026,aFRRDown,payAsBid,175,1,,,1.03,LEI (UI); denominator not inferred,2026-08-31T18:00:00Z,2026-08-31T19:00:00Z,2026-08-31T21:00:00+03:00,+0300,1.0,,,EX_POST_SNAPSHOT;NOT_ASOF_APPROVED
CAP_FRR_484_2026,565aee99dad3766ecf740e3d988441447b2ed6598702c643c9f961a63bde797f,2026-08-31,484_2026,aFRRDown,payAsBid,175,1,,,1.03,LEI (UI); denominator not inferred,2026-08-31T19:00:00Z,2026-08-31T20:00:00Z,2026-08-31T22:00:00+03:00,+0300,1.0,,,EX_POST_SNAPSHOT;NOT_ASOF_APPROVED
CAP_FRR_484_2026,565aee99dad3766ecf740e3d988441447b2ed6598702c643c9f961a63bde797f,2026-08-31,484_2026,aFRRDown,payAsBid,175,1,,,1.03,LEI (UI); denominator not inferred,2026-08-31T20:00:00Z,2026-08-31T21:00:00Z,2026-08-31T23:00:00+03:00,+0300,1.0,,,EX_POST_SNAPSHOT;NOT_ASOF_APPROVED
CAP_FRR_484_2026,565aee99dad3766ecf740e3d988441447b2ed6598702c643c9f961a63bde797f,2026-08-31,484_2026,aFRRUp,payAsBid,175,1,,,36.69,LEI (UI); denominator not inferred,2026-08-30T21:00:00Z,2026-08-30T22:00:00Z,2026-08-31T00:00:00+03:00,+0300,1.0,,,EX_POST_SNAPSHOT;NOT_ASOF_APPROVED
CAP_FRR_484_2026,565aee99dad3766ecf740e3d988441447b2ed6598702c643c9f961a63bde797f,2026-08-31,484_2026,aFRRUp,payAsBid,175,1,,,36.69,LEI (UI); denominator not inferred,2026-08-30T22:00:00Z,2026-08-30T23:00:00Z,2026-08-31T01:00:00+03:00,+0300,1.0,,,EX_POST_SNAPSHOT;NOT_ASOF_APPROVED
CAP_FRR_484_2026,565aee99dad3766ecf740e3d988441447b2ed6598702c643c9f961a63bde797f,2026-08-31,484_2026,aFRRUp,payAsBid,175,1,,,36.69,LEI (UI); denominator not inferred,2026-08-30T23:00:00Z,2026-08-31T00:00:00Z,2026-08-31T02:00:00+03:00,+0300,1.0,,,EX_POST_SNAPSHOT;NOT_ASOF_APPROVED
CAP_FRR_484_2026,565aee99dad3766ecf740e3d988441447b2ed6598702c643c9f961a63bde797f,2026-08-31,484_2026,aFRRUp,payAsBid,175,1,,,36.69,LEI (UI); denominator not inferred,2026-08-31T00:00:00Z,2026-08-31T01:00:00Z,2026-08-31T03:00:00+03:00,+0300,1.0,,,EX_POST_SNAPSHOT;NOT_ASOF_APPROVED
CAP_FRR_484_2026,565aee99dad3766ecf740e3d988441447b2ed6598702c643c9f961a63bde797f,2026-08-31,484_2026,aFRRUp,payAsBid,175,1,,,36.69,LEI (UI); denominator not inferred,2026-08-31T01:00:00Z,2026-08-31T02:00:00Z,2026-08-31T04:00:00+03:00,+0300,1.0,,,EX_POST_SNAPSHOT;NOT_ASOF_APPROVED
CAP_FRR_484_2026,565aee99dad3766ecf740e3d988441447b2ed6598702c643c9f961a63bde797f,2026-08-31,484_2026,aFRRUp,payAsBid,175,1,,,36.69,LEI (UI); denominator not inferred,2026-08-31T02:00:00Z,2026-08-31T03:00:00Z,2026-08-31T05:00:00+03:00,+0300,1.0,,,EX_POST_SNAPSHOT;NOT_ASOF_APPROVED
CAP_FRR_484_2026,565aee99dad3766ecf740e3d988441447b2ed6598702c643c9f961a63bde797f,2026-08-31,484_2026,aFRRUp,payAsBid,175,1,,,36.78,LEI (UI); denominator not inferred,2026-08-31T03:00:00Z,2026-08-31T04:00:00Z,2026-08-31T06:00:00+03:00,+0300,1.0,,,EX_POST_SNAPSHOT;NOT_ASOF_APPROVED
CAP_FRR_484_2026,565aee99dad3766ecf740e3d988441447b2ed6598702c643c9f961a63bde797f,2026-08-31,484_2026,aFRRUp,payAsBid,175,1,,,36.26,LEI (UI); denominator not inferred,2026-08-31T04:00:00Z,2026-08-31T05:00:00Z,2026-08-31T07:00:00+03:00,+0300,1.0,,,EX_POST_SNAPSHOT;NOT_ASOF_APPROVED
CAP_FRR_484_2026,565aee99dad3766ecf740e3d988441447b2ed6598702c643c9f961a63bde797f,2026-08-31,484_2026,aFRRUp,payAsBid,175,1,,,35.89,LEI (UI); denominator not inferred,2026-08-31T05:00:00Z,2026-08-31T06:00:00Z,2026-08-31T08:00:00+03:00,+0300,1.0,,,EX_POST_SNAPSHOT;NOT_ASOF_APPROVED
CAP_FRR_484_2026,565aee99dad3766ecf740e3d988441447b2ed6598702c643c9f961a63bde797f,2026-08-31,484_2026,aFRRUp,payAsBid,175,1,,,36.78,LEI (UI); denominator not inferred,2026-08-31T06:00:00Z,2026-08-31T07:00:00Z,2026-08-31T09:00:00+03:00,+0300,1.0,,,EX_POST_SNAPSHOT;NOT_ASOF_APPROVED
CAP_FRR_484_2026,565aee99dad3766ecf740e3d988441447b2ed6598702c643c9f961a63bde797f,2026-08-31,484_2026,aFRRUp,payAsBid,175,1,,,36.62,LEI (UI); denominator not inferred,2026-08-31T07:00:00Z,2026-08-31T08:00:00Z,2026-08-31T10:00:00+03:00,+0300,1.0,,,EX_POST_SNAPSHOT;NOT_ASOF_APPROVED
CAP_FRR_484_2026,565aee99dad3766ecf740e3d988441447b2ed6598702c643c9f961a63bde797f,2026-08-31,484_2026,aFRRUp,payAsBid,175,1,,,36,LEI (UI); denominator not inferred,2026-08-31T08:00:00Z,2026-08-31T09:00:00Z,2026-08-31T11:00:00+03:00,+0300,1.0,,,EX_POST_SNAPSHOT;NOT_ASOF_APPROVED
CAP_FRR_484_2026,565aee99dad3766ecf740e3d988441447b2ed6598702c643c9f961a63bde797f,2026-08-31,484_2026,aFRRUp,payAsBid,175,1,,,36.56,LEI (UI); denominator not inferred,2026-08-31T09:00:00Z,2026-08-31T10:00:00Z,2026-08-31T12:00:00+03:00,+0300,1.0,,,EX_POST_SNAPSHOT;NOT_ASOF_APPROVED
CAP_FRR_484_2026,565aee99dad3766ecf740e3d988441447b2ed6598702c643c9f961a63bde797f,2026-08-31,484_2026,aFRRUp,payAsBid,175,1,,,36.6,LEI (UI); denominator not inferred,2026-08-31T10:00:00Z,2026-08-31T11:00:00Z,2026-08-31T13:00:00+03:00,+0300,1.0,,,EX_POST_SNAPSHOT;NOT_ASOF_APPROVED
CAP_FRR_484_2026,565aee99dad3766ecf740e3d988441447b2ed6598702c643c9f961a63bde797f,2026-08-31,484_2026,aFRRUp,payAsBid,175,1,,,36.6,LEI (UI); denominator not inferred,2026-08-31T11:00:00Z,2026-08-31T12:00:00Z,2026-08-31T14:00:00+03:00,+0300,1.0,,,EX_POST_SNAPSHOT;NOT_ASOF_APPROVED
CAP_FRR_484_2026,565aee99dad3766ecf740e3d988441447b2ed6598702c643c9f961a63bde797f,2026-08-31,484_2026,aFRRUp,payAsBid,175,1,,,36.25,LEI (UI); denominator not inferred,2026-08-31T12:00:00Z,2026-08-31T13:00:00Z,2026-08-31T15:00:00+03:00,+0300,1.0,,,EX_POST_SNAPSHOT;NOT_ASOF_APPROVED
CAP_FRR_484_2026,565aee99dad3766ecf740e3d988441447b2ed6598702c643c9f961a63bde797f,2026-08-31,484_2026,aFRRUp,payAsBid,175,1,,,36.2,LEI (UI); denominator not inferred,2026-08-31T13:00:00Z,2026-08-31T14:00:00Z,2026-08-31T16:00:00+03:00,+0300,1.0,,,EX_POST_SNAPSHOT;NOT_ASOF_APPROVED
CAP_FRR_484_2026,565aee99dad3766ecf740e3d988441447b2ed6598702c643c9f961a63bde797f,2026-08-31,484_2026,aFRRUp,payAsBid,175,1,,,36.13,LEI (UI); denominator not inferred,2026-08-31T14:00:00Z,2026-08-31T15:00:00Z,2026-08-31T17:00:00+03:00,+0300,1.0,,,EX_POST_SNAPSHOT;NOT_ASOF_APPROVED
CAP_FRR_484_2026,565aee99dad3766ecf740e3d988441447b2ed6598702c643c9f961a63bde797f,2026-08-31,484_2026,aFRRUp,payAsBid,175,1,,,36.72,LEI (UI); denominator not inferred,2026-08-31T15:00:00Z,2026-08-31T16:00:00Z,2026-08-31T18:00:00+03:00,+0300,1.0,,,EX_POST_SNAPSHOT;NOT_ASOF_APPROVED
CAP_FRR_484_2026,565aee99dad3766ecf740e3d988441447b2ed6598702c643c9f961a63bde797f,2026-08-31,484_2026,aFRRUp,payAsBid,175,1,,,36.73,LEI (UI); denominator not inferred,2026-08-31T16:00:00Z,2026-08-31T17:00:00Z,2026-08-31T19:00:00+03:00,+0300,1.0,,,EX_POST_SNAPSHOT;NOT_ASOF_APPROVED
CAP_FRR_484_2026,565aee99dad3766ecf740e3d988441447b2ed6598702c643c9f961a63bde797f,2026-08-31,484_2026,aFRRUp,payAsBid,175,1,,,27.88,LEI (UI); denominator not inferred,2026-08-31T17:00:00Z,2026-08-31T18:00:00Z,2026-08-31T20:00:00+03:00,+0300,1.0,,,EX_POST_SNAPSHOT;NOT_ASOF_APPROVED
CAP_FRR_484_2026,565aee99dad3766ecf740e3d988441447b2ed6598702c643c9f961a63bde797f,2026-08-31,484_2026,aFRRUp,payAsBid,175,1,,,35.85,LEI (UI); denominator not inferred,2026-08-31T18:00:00Z,2026-08-31T19:00:00Z,2026-08-31T21:00:00+03:00,+0300,1.0,,,EX_POST_SNAPSHOT;NOT_ASOF_APPROVED
CAP_FRR_484_2026,565aee99dad3766ecf740e3d988441447b2ed6598702c643c9f961a63bde797f,2026-08-31,484_2026,aFRRUp,payAsBid,175,1,,,35.96,LEI (UI); denominator not inferred,2026-08-31T19:00:00Z,2026-08-31T20:00:00Z,2026-08-31T22:00:00+03:00,+0300,1.0,,,EX_POST_SNAPSHOT;NOT_ASOF_APPROVED
CAP_FRR_484_2026,565aee99dad3766ecf740e3d988441447b2ed6598702c643c9f961a63bde797f,2026-08-31,484_2026,aFRRUp,payAsBid,175,1,,,36.85,LEI (UI); denominator not inferred,2026-08-31T20:00:00Z,2026-08-31T21:00:00Z,2026-08-31T23:00:00+03:00,+0300,1.0,,,EX_POST_SNAPSHOT;NOT_ASOF_APPROVED
CAP_FRR_484_2026,565aee99dad3766ecf740e3d988441447b2ed6598702c643c9f961a63bde797f,2026-08-31,484_2026,mFRRDown,payAsBid,250,1,,,8.17,LEI (UI); denominator not inferred,2026-08-30T21:00:00Z,2026-08-30T22:00:00Z,2026-08-31T00:00:00+03:00,+0300,1.0,,,EX_POST_SNAPSHOT;NOT_ASOF_APPROVED
CAP_FRR_484_2026,565aee99dad3766ecf740e3d988441447b2ed6598702c643c9f961a63bde797f,2026-08-31,484_2026,mFRRDown,payAsBid,250,1,,,8.16,LEI (UI); denominator not inferred,2026-08-30T22:00:00Z,2026-08-30T23:00:00Z,2026-08-31T01:00:00+03:00,+0300,1.0,,,EX_POST_SNAPSHOT;NOT_ASOF_APPROVED
CAP_FRR_484_2026,565aee99dad3766ecf740e3d988441447b2ed6598702c643c9f961a63bde797f,2026-08-31,484_2026,mFRRDown,payAsBid,250,1,,,8.16,LEI (UI); denominator not inferred,2026-08-30T23:00:00Z,2026-08-31T00:00:00Z,2026-08-31T02:00:00+03:00,+0300,1.0,,,EX_POST_SNAPSHOT;NOT_ASOF_APPROVED
CAP_FRR_484_2026,565aee99dad3766ecf740e3d988441447b2ed6598702c643c9f961a63bde797f,2026-08-31,484_2026,mFRRDown,payAsBid,250,1,,,8.17,LEI (UI); denominator not inferred,2026-08-31T00:00:00Z,2026-08-31T01:00:00Z,2026-08-31T03:00:00+03:00,+0300,1.0,,,EX_POST_SNAPSHOT;NOT_ASOF_APPROVED
CAP_FRR_484_2026,565aee99dad3766ecf740e3d988441447b2ed6598702c643c9f961a63bde797f,2026-08-31,484_2026,mFRRDown,payAsBid,250,1,,,8.52,LEI (UI); denominator not inferred,2026-08-31T01:00:00Z,2026-08-31T02:00:00Z,2026-08-31T04:00:00+03:00,+0300,1.0,,,EX_POST_SNAPSHOT;NOT_ASOF_APPROVED
CAP_FRR_484_2026,565aee99dad3766ecf740e3d988441447b2ed6598702c643c9f961a63bde797f,2026-08-31,484_2026,mFRRDown,payAsBid,250,1,,,8.51,LEI (UI); denominator not inferred,2026-08-31T02:00:00Z,2026-08-31T03:00:00Z,2026-08-31T05:00:00+03:00,+0300,1.0,,,EX_POST_SNAPSHOT;NOT_ASOF_APPROVED
CAP_FRR_484_2026,565aee99dad3766ecf740e3d988441447b2ed6598702c643c9f961a63bde797f,2026-08-31,484_2026,mFRRDown,payAsBid,250,1,,,8.49,LEI (UI); denominator not inferred,2026-08-31T03:00:00Z,2026-08-31T04:00:00Z,2026-08-31T06:00:00+03:00,+0300,1.0,,,EX_POST_SNAPSHOT;NOT_ASOF_APPROVED
CAP_FRR_484_2026,565aee99dad3766ecf740e3d988441447b2ed6598702c643c9f961a63bde797f,2026-08-31,484_2026,mFRRDown,payAsBid,250,1,,,8.49,LEI (UI); denominator not inferred,2026-08-31T04:00:00Z,2026-08-31T05:00:00Z,2026-08-31T07:00:00+03:00,+0300,1.0,,,EX_POST_SNAPSHOT;NOT_ASOF_APPROVED
CAP_FRR_484_2026,565aee99dad3766ecf740e3d988441447b2ed6598702c643c9f961a63bde797f,2026-08-31,484_2026,mFRRDown,payAsBid,250,1,,,8.42,LEI (UI); denominator not inferred,2026-08-31T05:00:00Z,2026-08-31T06:00:00Z,2026-08-31T08:00:00+03:00,+0300,1.0,,,EX_POST_SNAPSHOT;NOT_ASOF_APPROVED
CAP_FRR_484_2026,565aee99dad3766ecf740e3d988441447b2ed6598702c643c9f961a63bde797f,2026-08-31,484_2026,mFRRDown,payAsBid,250,1,,,8.16,LEI (UI); denominator not inferred,2026-08-31T06:00:00Z,2026-08-31T07:00:00Z,2026-08-31T09:00:00+03:00,+0300,1.0,,,EX_POST_SNAPSHOT;NOT_ASOF_APPROVED
CAP_FRR_484_2026,565aee99dad3766ecf740e3d988441447b2ed6598702c643c9f961a63bde797f,2026-08-31,484_2026,mFRRDown,payAsBid,250,1,,,8.16,LEI (UI); denominator not inferred,2026-08-31T07:00:00Z,2026-08-31T08:00:00Z,2026-08-31T10:00:00+03:00,+0300,1.0,,,EX_POST_SNAPSHOT;NOT_ASOF_APPROVED
CAP_FRR_484_2026,565aee99dad3766ecf740e3d988441447b2ed6598702c643c9f961a63bde797f,2026-08-31,484_2026,mFRRDown,payAsBid,250,1,,,8.62,LEI (UI); denominator not inferred,2026-08-31T08:00:00Z,2026-08-31T09:00:00Z,2026-08-31T11:00:00+03:00,+0300,1.0,,,EX_POST_SNAPSHOT;NOT_ASOF_APPROVED
CAP_FRR_484_2026,565aee99dad3766ecf740e3d988441447b2ed6598702c643c9f961a63bde797f,2026-08-31,484_2026,mFRRDown,payAsBid,250,1,,,8.62,LEI (UI); denominator not inferred,2026-08-31T09:00:00Z,2026-08-31T10:00:00Z,2026-08-31T12:00:00+03:00,+0300,1.0,,,EX_POST_SNAPSHOT;NOT_ASOF_APPROVED
CAP_FRR_484_2026,565aee99dad3766ecf740e3d988441447b2ed6598702c643c9f961a63bde797f,2026-08-31,484_2026,mFRRDown,payAsBid,250,1,,,8.63,LEI (UI); denominator not inferred,2026-08-31T10:00:00Z,2026-08-31T11:00:00Z,2026-08-31T13:00:00+03:00,+0300,1.0,,,EX_POST_SNAPSHOT;NOT_ASOF_APPROVED
CAP_FRR_484_2026,565aee99dad3766ecf740e3d988441447b2ed6598702c643c9f961a63bde797f,2026-08-31,484_2026,mFRRDown,payAsBid,250,1,,,8.63,LEI (UI); denominator not inferred,2026-08-31T11:00:00Z,2026-08-31T12:00:00Z,2026-08-31T14:00:00+03:00,+0300,1.0,,,EX_POST_SNAPSHOT;NOT_ASOF_APPROVED
CAP_FRR_484_2026,565aee99dad3766ecf740e3d988441447b2ed6598702c643c9f961a63bde797f,2026-08-31,484_2026,mFRRDown,payAsBid,250,1,,,8.64,LEI (UI); denominator not inferred,2026-08-31T12:00:00Z,2026-08-31T13:00:00Z,2026-08-31T15:00:00+03:00,+0300,1.0,,,EX_POST_SNAPSHOT;NOT_ASOF_APPROVED
CAP_FRR_484_2026,565aee99dad3766ecf740e3d988441447b2ed6598702c643c9f961a63bde797f,2026-08-31,484_2026,mFRRDown,payAsBid,250,1,,,8.13,LEI (UI); denominator not inferred,2026-08-31T13:00:00Z,2026-08-31T14:00:00Z,2026-08-31T16:00:00+03:00,+0300,1.0,,,EX_POST_SNAPSHOT;NOT_ASOF_APPROVED
CAP_FRR_484_2026,565aee99dad3766ecf740e3d988441447b2ed6598702c643c9f961a63bde797f,2026-08-31,484_2026,mFRRDown,payAsBid,250,1,,,8.12,LEI (UI); denominator not inferred,2026-08-31T14:00:00Z,2026-08-31T15:00:00Z,2026-08-31T17:00:00+03:00,+0300,1.0,,,EX_POST_SNAPSHOT;NOT_ASOF_APPROVED
CAP_FRR_484_2026,565aee99dad3766ecf740e3d988441447b2ed6598702c643c9f961a63bde797f,2026-08-31,484_2026,mFRRDown,payAsBid,250,1,,,8.12,LEI (UI); denominator not inferred,2026-08-31T15:00:00Z,2026-08-31T16:00:00Z,2026-08-31T18:00:00+03:00,+0300,1.0,,,EX_POST_SNAPSHOT;NOT_ASOF_APPROVED
CAP_FRR_484_2026,565aee99dad3766ecf740e3d988441447b2ed6598702c643c9f961a63bde797f,2026-08-31,484_2026,mFRRDown,payAsBid,250,1,,,8.16,LEI (UI); denominator not inferred,2026-08-31T16:00:00Z,2026-08-31T17:00:00Z,2026-08-31T19:00:00+03:00,+0300,1.0,,,EX_POST_SNAPSHOT;NOT_ASOF_APPROVED
CAP_FRR_484_2026,565aee99dad3766ecf740e3d988441447b2ed6598702c643c9f961a63bde797f,2026-08-31,484_2026,mFRRDown,payAsBid,250,1,,,8.18,LEI (UI); denominator not inferred,2026-08-31T17:00:00Z,2026-08-31T18:00:00Z,2026-08-31T20:00:00+03:00,+0300,1.0,,,EX_POST_SNAPSHOT;NOT_ASOF_APPROVED
CAP_FRR_484_2026,565aee99dad3766ecf740e3d988441447b2ed6598702c643c9f961a63bde797f,2026-08-31,484_2026,mFRRDown,payAsBid,250,1,,,8.19,LEI (UI); denominator not inferred,2026-08-31T18:00:00Z,2026-08-31T19:00:00Z,2026-08-31T21:00:00+03:00,+0300,1.0,,,EX_POST_SNAPSHOT;NOT_ASOF_APPROVED
CAP_FRR_484_2026,565aee99dad3766ecf740e3d988441447b2ed6598702c643c9f961a63bde797f,2026-08-31,484_2026,mFRRDown,payAsBid,250,1,,,8.19,LEI (UI); denominator not inferred,2026-08-31T19:00:00Z,2026-08-31T20:00:00Z,2026-08-31T22:00:00+03:00,+0300,1.0,,,EX_POST_SNAPSHOT;NOT_ASOF_APPROVED
CAP_FRR_484_2026,565aee99dad3766ecf740e3d988441447b2ed6598702c643c9f961a63bde797f,2026-08-31,484_2026,mFRRDown,payAsBid,250,1,,,8.19,LEI (UI); denominator not inferred,2026-08-31T20:00:00Z,2026-08-31T21:00:00Z,2026-08-31T23:00:00+03:00,+0300,1.0,,,EX_POST_SNAPSHOT;NOT_ASOF_APPROVED
CAP_FRR_484_2026,565aee99dad3766ecf740e3d988441447b2ed6598702c643c9f961a63bde797f,2026-08-31,484_2026,mFRRUp,payAsBid,350,1,,,36.89,LEI (UI); denominator not inferred,2026-08-30T21:00:00Z,2026-08-30T22:00:00Z,2026-08-31T00:00:00+03:00,+0300,1.0,,,EX_POST_SNAPSHOT;NOT_ASOF_APPROVED
CAP_FRR_484_2026,565aee99dad3766ecf740e3d988441447b2ed6598702c643c9f961a63bde797f,2026-08-31,484_2026,mFRRUp,payAsBid,350,1,,,36.7,LEI (UI); denominator not inferred,2026-08-30T22:00:00Z,2026-08-30T23:00:00Z,2026-08-31T01:00:00+03:00,+0300,1.0,,,EX_POST_SNAPSHOT;NOT_ASOF_APPROVED
CAP_FRR_484_2026,565aee99dad3766ecf740e3d988441447b2ed6598702c643c9f961a63bde797f,2026-08-31,484_2026,mFRRUp,payAsBid,350,1,,,36.7,LEI (UI); denominator not inferred,2026-08-30T23:00:00Z,2026-08-31T00:00:00Z,2026-08-31T02:00:00+03:00,+0300,1.0,,,EX_POST_SNAPSHOT;NOT_ASOF_APPROVED
CAP_FRR_484_2026,565aee99dad3766ecf740e3d988441447b2ed6598702c643c9f961a63bde797f,2026-08-31,484_2026,mFRRUp,payAsBid,350,1,,,36.7,LEI (UI); denominator not inferred,2026-08-31T00:00:00Z,2026-08-31T01:00:00Z,2026-08-31T03:00:00+03:00,+0300,1.0,,,EX_POST_SNAPSHOT;NOT_ASOF_APPROVED
CAP_FRR_484_2026,565aee99dad3766ecf740e3d988441447b2ed6598702c643c9f961a63bde797f,2026-08-31,484_2026,mFRRUp,payAsBid,350,1,,,36.7,LEI (UI); denominator not inferred,2026-08-31T01:00:00Z,2026-08-31T02:00:00Z,2026-08-31T04:00:00+03:00,+0300,1.0,,,EX_POST_SNAPSHOT;NOT_ASOF_APPROVED
CAP_FRR_484_2026,565aee99dad3766ecf740e3d988441447b2ed6598702c643c9f961a63bde797f,2026-08-31,484_2026,mFRRUp,payAsBid,350,1,,,36.7,LEI (UI); denominator not inferred,2026-08-31T02:00:00Z,2026-08-31T03:00:00Z,2026-08-31T05:00:00+03:00,+0300,1.0,,,EX_POST_SNAPSHOT;NOT_ASOF_APPROVED
CAP_FRR_484_2026,565aee99dad3766ecf740e3d988441447b2ed6598702c643c9f961a63bde797f,2026-08-31,484_2026,mFRRUp,payAsBid,500,1,,,37.28,LEI (UI); denominator not inferred,2026-08-31T03:00:00Z,2026-08-31T04:00:00Z,2026-08-31T06:00:00+03:00,+0300,1.0,,,EX_POST_SNAPSHOT;NOT_ASOF_APPROVED
CAP_FRR_484_2026,565aee99dad3766ecf740e3d988441447b2ed6598702c643c9f961a63bde797f,2026-08-31,484_2026,mFRRUp,payAsBid,500,1,,,37.25,LEI (UI); denominator not inferred,2026-08-31T04:00:00Z,2026-08-31T05:00:00Z,2026-08-31T07:00:00+03:00,+0300,1.0,,,EX_POST_SNAPSHOT;NOT_ASOF_APPROVED
CAP_FRR_484_2026,565aee99dad3766ecf740e3d988441447b2ed6598702c643c9f961a63bde797f,2026-08-31,484_2026,mFRRUp,payAsBid,500,1,,,37.25,LEI (UI); denominator not inferred,2026-08-31T05:00:00Z,2026-08-31T06:00:00Z,2026-08-31T08:00:00+03:00,+0300,1.0,,,EX_POST_SNAPSHOT;NOT_ASOF_APPROVED
CAP_FRR_484_2026,565aee99dad3766ecf740e3d988441447b2ed6598702c643c9f961a63bde797f,2026-08-31,484_2026,mFRRUp,payAsBid,500,1,,,37.11,LEI (UI); denominator not inferred,2026-08-31T06:00:00Z,2026-08-31T07:00:00Z,2026-08-31T09:00:00+03:00,+0300,1.0,,,EX_POST_SNAPSHOT;NOT_ASOF_APPROVED
CAP_FRR_484_2026,565aee99dad3766ecf740e3d988441447b2ed6598702c643c9f961a63bde797f,2026-08-31,484_2026,mFRRUp,payAsBid,450,1,,,36.82,LEI (UI); denominator not inferred,2026-08-31T07:00:00Z,2026-08-31T08:00:00Z,2026-08-31T10:00:00+03:00,+0300,1.0,,,EX_POST_SNAPSHOT;NOT_ASOF_APPROVED
CAP_FRR_484_2026,565aee99dad3766ecf740e3d988441447b2ed6598702c643c9f961a63bde797f,2026-08-31,484_2026,mFRRUp,payAsBid,450,1,,,36.82,LEI (UI); denominator not inferred,2026-08-31T08:00:00Z,2026-08-31T09:00:00Z,2026-08-31T11:00:00+03:00,+0300,1.0,,,EX_POST_SNAPSHOT;NOT_ASOF_APPROVED
CAP_FRR_484_2026,565aee99dad3766ecf740e3d988441447b2ed6598702c643c9f961a63bde797f,2026-08-31,484_2026,mFRRUp,payAsBid,450,1,,,36.82,LEI (UI); denominator not inferred,2026-08-31T09:00:00Z,2026-08-31T10:00:00Z,2026-08-31T12:00:00+03:00,+0300,1.0,,,EX_POST_SNAPSHOT;NOT_ASOF_APPROVED
CAP_FRR_484_2026,565aee99dad3766ecf740e3d988441447b2ed6598702c643c9f961a63bde797f,2026-08-31,484_2026,mFRRUp,payAsBid,450,1,,,36.82,LEI (UI); denominator not inferred,2026-08-31T10:00:00Z,2026-08-31T11:00:00Z,2026-08-31T13:00:00+03:00,+0300,1.0,,,EX_POST_SNAPSHOT;NOT_ASOF_APPROVED
CAP_FRR_484_2026,565aee99dad3766ecf740e3d988441447b2ed6598702c643c9f961a63bde797f,2026-08-31,484_2026,mFRRUp,payAsBid,450,1,,,36.82,LEI (UI); denominator not inferred,2026-08-31T11:00:00Z,2026-08-31T12:00:00Z,2026-08-31T14:00:00+03:00,+0300,1.0,,,EX_POST_SNAPSHOT;NOT_ASOF_APPROVED
CAP_FRR_484_2026,565aee99dad3766ecf740e3d988441447b2ed6598702c643c9f961a63bde797f,2026-08-31,484_2026,mFRRUp,payAsBid,450,1,,,36.82,LEI (UI); denominator not inferred,2026-08-31T12:00:00Z,2026-08-31T13:00:00Z,2026-08-31T15:00:00+03:00,+0300,1.0,,,EX_POST_SNAPSHOT;NOT_ASOF_APPROVED
CAP_FRR_484_2026,565aee99dad3766ecf740e3d988441447b2ed6598702c643c9f961a63bde797f,2026-08-31,484_2026,mFRRUp,payAsBid,500,1,,,37.11,LEI (UI); denominator not inferred,2026-08-31T13:00:00Z,2026-08-31T14:00:00Z,2026-08-31T16:00:00+03:00,+0300,1.0,,,EX_POST_SNAPSHOT;NOT_ASOF_APPROVED
CAP_FRR_484_2026,565aee99dad3766ecf740e3d988441447b2ed6598702c643c9f961a63bde797f,2026-08-31,484_2026,mFRRUp,payAsBid,550,1,,,37.42,LEI (UI); denominator not inferred,2026-08-31T14:00:00Z,2026-08-31T15:00:00Z,2026-08-31T17:00:00+03:00,+0300,1.0,,,EX_POST_SNAPSHOT;NOT_ASOF_APPROVED
CAP_FRR_484_2026,565aee99dad3766ecf740e3d988441447b2ed6598702c643c9f961a63bde797f,2026-08-31,484_2026,mFRRUp,payAsBid,550,1,,,37.48,LEI (UI); denominator not inferred,2026-08-31T15:00:00Z,2026-08-31T16:00:00Z,2026-08-31T18:00:00+03:00,+0300,1.0,,,EX_POST_SNAPSHOT;NOT_ASOF_APPROVED
CAP_FRR_484_2026,565aee99dad3766ecf740e3d988441447b2ed6598702c643c9f961a63bde797f,2026-08-31,484_2026,mFRRUp,payAsBid,550,1,,,37.52,LEI (UI); denominator not inferred,2026-08-31T16:00:00Z,2026-08-31T17:00:00Z,2026-08-31T19:00:00+03:00,+0300,1.0,,,EX_POST_SNAPSHOT;NOT_ASOF_APPROVED
CAP_FRR_484_2026,565aee99dad3766ecf740e3d988441447b2ed6598702c643c9f961a63bde797f,2026-08-31,484_2026,mFRRUp,payAsBid,550,1,,,37.18,LEI (UI); denominator not inferred,2026-08-31T17:00:00Z,2026-08-31T18:00:00Z,2026-08-31T20:00:00+03:00,+0300,1.0,,,EX_POST_SNAPSHOT;NOT_ASOF_APPROVED
CAP_FRR_484_2026,565aee99dad3766ecf740e3d988441447b2ed6598702c643c9f961a63bde797f,2026-08-31,484_2026,mFRRUp,payAsBid,550,1,,,37.18,LEI (UI); denominator not inferred,2026-08-31T18:00:00Z,2026-08-31T19:00:00Z,2026-08-31T21:00:00+03:00,+0300,1.0,,,EX_POST_SNAPSHOT;NOT_ASOF_APPROVED
CAP_FRR_484_2026,565aee99dad3766ecf740e3d988441447b2ed6598702c643c9f961a63bde797f,2026-08-31,484_2026,mFRRUp,payAsBid,500,1,,,37.48,LEI (UI); denominator not inferred,2026-08-31T19:00:00Z,2026-08-31T20:00:00Z,2026-08-31T22:00:00+03:00,+0300,1.0,,,EX_POST_SNAPSHOT;NOT_ASOF_APPROVED
CAP_FRR_484_2026,565aee99dad3766ecf740e3d988441447b2ed6598702c643c9f961a63bde797f,2026-08-31,484_2026,mFRRUp,payAsBid,350,1,,,37.48,LEI (UI); denominator not inferred,2026-08-31T20:00:00Z,2026-08-31T21:00:00Z,2026-08-31T23:00:00+03:00,+0300,1.0,,,EX_POST_SNAPSHOT;NOT_ASOF_APPROVED
tenderStatistics_2025-01-15,5c9e988e495f9966f4e45e45499fe34797c933503f4b585d93356e114d84d77a,2025-01-15,15_2025,aFRRDown,payAsBid,200,1,,,71,LEI (UI); denominator not inferred,2025-01-14T22:00:00Z,2025-01-14T23:00:00Z,2025-01-15T00:00:00+02:00,+0200,1.0,,,EX_POST_SNAPSHOT;NOT_ASOF_APPROVED
tenderStatistics_2025-01-15,5c9e988e495f9966f4e45e45499fe34797c933503f4b585d93356e114d84d77a,2025-01-15,15_2025,aFRRDown,payAsBid,200,1,,,71,LEI (UI); denominator not inferred,2025-01-14T23:00:00Z,2025-01-15T00:00:00Z,2025-01-15T01:00:00+02:00,+0200,1.0,,,EX_POST_SNAPSHOT;NOT_ASOF_APPROVED
tenderStatistics_2025-01-15,5c9e988e495f9966f4e45e45499fe34797c933503f4b585d93356e114d84d77a,2025-01-15,15_2025,aFRRDown,payAsBid,200,1,,,71,LEI (UI); denominator not inferred,2025-01-15T00:00:00Z,2025-01-15T01:00:00Z,2025-01-15T02:00:00+02:00,+0200,1.0,,,EX_POST_SNAPSHOT;NOT_ASOF_APPROVED
tenderStatistics_2025-01-15,5c9e988e495f9966f4e45e45499fe34797c933503f4b585d93356e114d84d77a,2025-01-15,15_2025,aFRRDown,payAsBid,200,1,,,71,LEI (UI); denominator not inferred,2025-01-15T01:00:00Z,2025-01-15T02:00:00Z,2025-01-15T03:00:00+02:00,+0200,1.0,,,EX_POST_SNAPSHOT;NOT_ASOF_APPROVED
tenderStatistics_2025-01-15,5c9e988e495f9966f4e45e45499fe34797c933503f4b585d93356e114d84d77a,2025-01-15,15_2025,aFRRDown,payAsBid,200,1,,,71,LEI (UI); denominator not inferred,2025-01-15T02:00:00Z,2025-01-15T03:00:00Z,2025-01-15T04:00:00+02:00,+0200,1.0,,,EX_POST_SNAPSHOT;NOT_ASOF_APPROVED
tenderStatistics_2025-01-15,5c9e988e495f9966f4e45e45499fe34797c933503f4b585d93356e114d84d77a,2025-01-15,15_2025,aFRRDown,payAsBid,200,1,,,68.86,LEI (UI); denominator not inferred,2025-01-15T03:00:00Z,2025-01-15T04:00:00Z,2025-01-15T05:00:00+02:00,+0200,1.0,,,EX_POST_SNAPSHOT;NOT_ASOF_APPROVED
tenderStatistics_2025-01-15,5c9e988e495f9966f4e45e45499fe34797c933503f4b585d93356e114d84d77a,2025-01-15,15_2025,aFRRDown,payAsBid,200,1,,,71,LEI (UI); denominator not inferred,2025-01-15T04:00:00Z,2025-01-15T05:00:00Z,2025-01-15T06:00:00+02:00,+0200,1.0,,,EX_POST_SNAPSHOT;NOT_ASOF_APPROVED
tenderStatistics_2025-01-15,5c9e988e495f9966f4e45e45499fe34797c933503f4b585d93356e114d84d77a,2025-01-15,15_2025,aFRRDown,payAsBid,200,1,,,71,LEI (UI); denominator not inferred,2025-01-15T05:00:00Z,2025-01-15T06:00:00Z,2025-01-15T07:00:00+02:00,+0200,1.0,,,EX_POST_SNAPSHOT;NOT_ASOF_APPROVED
tenderStatistics_2025-01-15,5c9e988e495f9966f4e45e45499fe34797c933503f4b585d93356e114d84d77a,2025-01-15,15_2025,aFRRDown,payAsBid,200,1,,,71,LEI (UI); denominator not inferred,2025-01-15T06:00:00Z,2025-01-15T07:00:00Z,2025-01-15T08:00:00+02:00,+0200,1.0,,,EX_POST_SNAPSHOT;NOT_ASOF_APPROVED
tenderStatistics_2025-01-15,5c9e988e495f9966f4e45e45499fe34797c933503f4b585d93356e114d84d77a,2025-01-15,15_2025,aFRRDown,payAsBid,200,1,,,69.17,LEI (UI); denominator not inferred,2025-01-15T07:00:00Z,2025-01-15T08:00:00Z,2025-01-15T09:00:00+02:00,+0200,1.0,,,EX_POST_SNAPSHOT;NOT_ASOF_APPROVED
tenderStatistics_2025-01-15,5c9e988e495f9966f4e45e45499fe34797c933503f4b585d93356e114d84d77a,2025-01-15,15_2025,aFRRDown,payAsBid,200,1,,,71,LEI (UI); denominator not inferred,2025-01-15T08:00:00Z,2025-01-15T09:00:00Z,2025-01-15T10:00:00+02:00,+0200,1.0,,,EX_POST_SNAPSHOT;NOT_ASOF_APPROVED
tenderStatistics_2025-01-15,5c9e988e495f9966f4e45e45499fe34797c933503f4b585d93356e114d84d77a,2025-01-15,15_2025,aFRRDown,payAsBid,200,1,,,71,LEI (UI); denominator not inferred,2025-01-15T09:00:00Z,2025-01-15T10:00:00Z,2025-01-15T11:00:00+02:00,+0200,1.0,,,EX_POST_SNAPSHOT;NOT_ASOF_APPROVED
tenderStatistics_2025-01-15,5c9e988e495f9966f4e45e45499fe34797c933503f4b585d93356e114d84d77a,2025-01-15,15_2025,aFRRDown,payAsBid,200,1,,,71,LEI (UI); denominator not inferred,2025-01-15T10:00:00Z,2025-01-15T11:00:00Z,2025-01-15T12:00:00+02:00,+0200,1.0,,,EX_POST_SNAPSHOT;NOT_ASOF_APPROVED
tenderStatistics_2025-01-15,5c9e988e495f9966f4e45e45499fe34797c933503f4b585d93356e114d84d77a,2025-01-15,15_2025,aFRRDown,payAsBid,200,1,,,71,LEI (UI); denominator not inferred,2025-01-15T11:00:00Z,2025-01-15T12:00:00Z,2025-01-15T13:00:00+02:00,+0200,1.0,,,EX_POST_SNAPSHOT;NOT_ASOF_APPROVED
tenderStatistics_2025-01-15,5c9e988e495f9966f4e45e45499fe34797c933503f4b585d93356e114d84d77a,2025-01-15,15_2025,aFRRDown,payAsBid,200,1,,,71,LEI (UI); denominator not inferred,2025-01-15T12:00:00Z,2025-01-15T13:00:00Z,2025-01-15T14:00:00+02:00,+0200,1.0,,,EX_POST_SNAPSHOT;NOT_ASOF_APPROVED
tenderStatistics_2025-01-15,5c9e988e495f9966f4e45e45499fe34797c933503f4b585d93356e114d84d77a,2025-01-15,15_2025,aFRRDown,payAsBid,200,1,,,71,LEI (UI); denominator not inferred,2025-01-15T13:00:00Z,2025-01-15T14:00:00Z,2025-01-15T15:00:00+02:00,+0200,1.0,,,EX_POST_SNAPSHOT;NOT_ASOF_APPROVED
tenderStatistics_2025-01-15,5c9e988e495f9966f4e45e45499fe34797c933503f4b585d93356e114d84d77a,2025-01-15,15_2025,aFRRDown,payAsBid,200,1,,,71,LEI (UI); denominator not inferred,2025-01-15T14:00:00Z,2025-01-15T15:00:00Z,2025-01-15T16:00:00+02:00,+0200,1.0,,,EX_POST_SNAPSHOT;NOT_ASOF_APPROVED
tenderStatistics_2025-01-15,5c9e988e495f9966f4e45e45499fe34797c933503f4b585d93356e114d84d77a,2025-01-15,15_2025,aFRRDown,payAsBid,200,1,,,71,LEI (UI); denominator not inferred,2025-01-15T15:00:00Z,2025-01-15T16:00:00Z,2025-01-15T17:00:00+02:00,+0200,1.0,,,EX_POST_SNAPSHOT;NOT_ASOF_APPROVED
tenderStatistics_2025-01-15,5c9e988e495f9966f4e45e45499fe34797c933503f4b585d93356e114d84d77a,2025-01-15,15_2025,aFRRDown,payAsBid,200,1,,,69.17,LEI (UI); denominator not inferred,2025-01-15T16:00:00Z,2025-01-15T17:00:00Z,2025-01-15T18:00:00+02:00,+0200,1.0,,,EX_POST_SNAPSHOT;NOT_ASOF_APPROVED
tenderStatistics_2025-01-15,5c9e988e495f9966f4e45e45499fe34797c933503f4b585d93356e114d84d77a,2025-01-15,15_2025,aFRRDown,payAsBid,200,1,,,69.17,LEI (UI); denominator not inferred,2025-01-15T17:00:00Z,2025-01-15T18:00:00Z,2025-01-15T19:00:00+02:00,+0200,1.0,,,EX_POST_SNAPSHOT;NOT_ASOF_APPROVED
tenderStatistics_2025-01-15,5c9e988e495f9966f4e45e45499fe34797c933503f4b585d93356e114d84d77a,2025-01-15,15_2025,aFRRDown,payAsBid,200,1,,,71,LEI (UI); denominator not inferred,2025-01-15T18:00:00Z,2025-01-15T19:00:00Z,2025-01-15T20:00:00+02:00,+0200,1.0,,,EX_POST_SNAPSHOT;NOT_ASOF_APPROVED
tenderStatistics_2025-01-15,5c9e988e495f9966f4e45e45499fe34797c933503f4b585d93356e114d84d77a,2025-01-15,15_2025,aFRRDown,payAsBid,200,1,,,71,LEI (UI); denominator not inferred,2025-01-15T19:00:00Z,2025-01-15T20:00:00Z,2025-01-15T21:00:00+02:00,+0200,1.0,,,EX_POST_SNAPSHOT;NOT_ASOF_APPROVED
tenderStatistics_2025-01-15,5c9e988e495f9966f4e45e45499fe34797c933503f4b585d93356e114d84d77a,2025-01-15,15_2025,aFRRDown,payAsBid,200,1,,,71,LEI (UI); denominator not inferred,2025-01-15T20:00:00Z,2025-01-15T21:00:00Z,2025-01-15T22:00:00+02:00,+0200,1.0,,,EX_POST_SNAPSHOT;NOT_ASOF_APPROVED
tenderStatistics_2025-01-15,5c9e988e495f9966f4e45e45499fe34797c933503f4b585d93356e114d84d77a,2025-01-15,15_2025,aFRRDown,payAsBid,200,1,,,71,LEI (UI); denominator not inferred,2025-01-15T21:00:00Z,2025-01-15T22:00:00Z,2025-01-15T23:00:00+02:00,+0200,1.0,,,EX_POST_SNAPSHOT;NOT_ASOF_APPROVED
tenderStatistics_2025-01-15,5c9e988e495f9966f4e45e45499fe34797c933503f4b585d93356e114d84d77a,2025-01-15,15_2025,aFRRUp,payAsBid,200,1,,,64,LEI (UI); denominator not inferred,2025-01-14T22:00:00Z,2025-01-14T23:00:00Z,2025-01-15T00:00:00+02:00,+0200,1.0,,,EX_POST_SNAPSHOT;NOT_ASOF_APPROVED
tenderStatistics_2025-01-15,5c9e988e495f9966f4e45e45499fe34797c933503f4b585d93356e114d84d77a,2025-01-15,15_2025,aFRRUp,payAsBid,200,1,,,64,LEI (UI); denominator not inferred,2025-01-14T23:00:00Z,2025-01-15T00:00:00Z,2025-01-15T01:00:00+02:00,+0200,1.0,,,EX_POST_SNAPSHOT;NOT_ASOF_APPROVED
tenderStatistics_2025-01-15,5c9e988e495f9966f4e45e45499fe34797c933503f4b585d93356e114d84d77a,2025-01-15,15_2025,aFRRUp,payAsBid,200,1,,,64,LEI (UI); denominator not inferred,2025-01-15T00:00:00Z,2025-01-15T01:00:00Z,2025-01-15T02:00:00+02:00,+0200,1.0,,,EX_POST_SNAPSHOT;NOT_ASOF_APPROVED
tenderStatistics_2025-01-15,5c9e988e495f9966f4e45e45499fe34797c933503f4b585d93356e114d84d77a,2025-01-15,15_2025,aFRRUp,payAsBid,200,1,,,64,LEI (UI); denominator not inferred,2025-01-15T01:00:00Z,2025-01-15T02:00:00Z,2025-01-15T03:00:00+02:00,+0200,1.0,,,EX_POST_SNAPSHOT;NOT_ASOF_APPROVED
tenderStatistics_2025-01-15,5c9e988e495f9966f4e45e45499fe34797c933503f4b585d93356e114d84d77a,2025-01-15,15_2025,aFRRUp,payAsBid,200,1,,,64,LEI (UI); denominator not inferred,2025-01-15T02:00:00Z,2025-01-15T03:00:00Z,2025-01-15T04:00:00+02:00,+0200,1.0,,,EX_POST_SNAPSHOT;NOT_ASOF_APPROVED
tenderStatistics_2025-01-15,5c9e988e495f9966f4e45e45499fe34797c933503f4b585d93356e114d84d77a,2025-01-15,15_2025,aFRRUp,payAsBid,200,1,,,64,LEI (UI); denominator not inferred,2025-01-15T03:00:00Z,2025-01-15T04:00:00Z,2025-01-15T05:00:00+02:00,+0200,1.0,,,EX_POST_SNAPSHOT;NOT_ASOF_APPROVED
tenderStatistics_2025-01-15,5c9e988e495f9966f4e45e45499fe34797c933503f4b585d93356e114d84d77a,2025-01-15,15_2025,aFRRUp,payAsBid,200,1,,,64,LEI (UI); denominator not inferred,2025-01-15T04:00:00Z,2025-01-15T05:00:00Z,2025-01-15T06:00:00+02:00,+0200,1.0,,,EX_POST_SNAPSHOT;NOT_ASOF_APPROVED
tenderStatistics_2025-01-15,5c9e988e495f9966f4e45e45499fe34797c933503f4b585d93356e114d84d77a,2025-01-15,15_2025,aFRRUp,payAsBid,200,1,,,64,LEI (UI); denominator not inferred,2025-01-15T05:00:00Z,2025-01-15T06:00:00Z,2025-01-15T07:00:00+02:00,+0200,1.0,,,EX_POST_SNAPSHOT;NOT_ASOF_APPROVED
tenderStatistics_2025-01-15,5c9e988e495f9966f4e45e45499fe34797c933503f4b585d93356e114d84d77a,2025-01-15,15_2025,aFRRUp,payAsBid,200,1,,,64,LEI (UI); denominator not inferred,2025-01-15T06:00:00Z,2025-01-15T07:00:00Z,2025-01-15T08:00:00+02:00,+0200,1.0,,,EX_POST_SNAPSHOT;NOT_ASOF_APPROVED
tenderStatistics_2025-01-15,5c9e988e495f9966f4e45e45499fe34797c933503f4b585d93356e114d84d77a,2025-01-15,15_2025,aFRRUp,payAsBid,200,1,,,64,LEI (UI); denominator not inferred,2025-01-15T07:00:00Z,2025-01-15T08:00:00Z,2025-01-15T09:00:00+02:00,+0200,1.0,,,EX_POST_SNAPSHOT;NOT_ASOF_APPROVED
tenderStatistics_2025-01-15,5c9e988e495f9966f4e45e45499fe34797c933503f4b585d93356e114d84d77a,2025-01-15,15_2025,aFRRUp,payAsBid,200,1,,,64,LEI (UI); denominator not inferred,2025-01-15T08:00:00Z,2025-01-15T09:00:00Z,2025-01-15T10:00:00+02:00,+0200,1.0,,,EX_POST_SNAPSHOT;NOT_ASOF_APPROVED
tenderStatistics_2025-01-15,5c9e988e495f9966f4e45e45499fe34797c933503f4b585d93356e114d84d77a,2025-01-15,15_2025,aFRRUp,payAsBid,200,1,,,64,LEI (UI); denominator not inferred,2025-01-15T09:00:00Z,2025-01-15T10:00:00Z,2025-01-15T11:00:00+02:00,+0200,1.0,,,EX_POST_SNAPSHOT;NOT_ASOF_APPROVED
tenderStatistics_2025-01-15,5c9e988e495f9966f4e45e45499fe34797c933503f4b585d93356e114d84d77a,2025-01-15,15_2025,aFRRUp,payAsBid,200,1,,,64,LEI (UI); denominator not inferred,2025-01-15T10:00:00Z,2025-01-15T11:00:00Z,2025-01-15T12:00:00+02:00,+0200,1.0,,,EX_POST_SNAPSHOT;NOT_ASOF_APPROVED
tenderStatistics_2025-01-15,5c9e988e495f9966f4e45e45499fe34797c933503f4b585d93356e114d84d77a,2025-01-15,15_2025,aFRRUp,payAsBid,200,1,,,64,LEI (UI); denominator not inferred,2025-01-15T11:00:00Z,2025-01-15T12:00:00Z,2025-01-15T13:00:00+02:00,+0200,1.0,,,EX_POST_SNAPSHOT;NOT_ASOF_APPROVED
tenderStatistics_2025-01-15,5c9e988e495f9966f4e45e45499fe34797c933503f4b585d93356e114d84d77a,2025-01-15,15_2025,aFRRUp,payAsBid,200,1,,,64,LEI (UI); denominator not inferred,2025-01-15T12:00:00Z,2025-01-15T13:00:00Z,2025-01-15T14:00:00+02:00,+0200,1.0,,,EX_POST_SNAPSHOT;NOT_ASOF_APPROVED
tenderStatistics_2025-01-15,5c9e988e495f9966f4e45e45499fe34797c933503f4b585d93356e114d84d77a,2025-01-15,15_2025,aFRRUp,payAsBid,200,1,,,64,LEI (UI); denominator not inferred,2025-01-15T13:00:00Z,2025-01-15T14:00:00Z,2025-01-15T15:00:00+02:00,+0200,1.0,,,EX_POST_SNAPSHOT;NOT_ASOF_APPROVED
tenderStatistics_2025-01-15,5c9e988e495f9966f4e45e45499fe34797c933503f4b585d93356e114d84d77a,2025-01-15,15_2025,aFRRUp,payAsBid,200,1,,,64,LEI (UI); denominator not inferred,2025-01-15T14:00:00Z,2025-01-15T15:00:00Z,2025-01-15T16:00:00+02:00,+0200,1.0,,,EX_POST_SNAPSHOT;NOT_ASOF_APPROVED
tenderStatistics_2025-01-15,5c9e988e495f9966f4e45e45499fe34797c933503f4b585d93356e114d84d77a,2025-01-15,15_2025,aFRRUp,payAsBid,200,1,,,64,LEI (UI); denominator not inferred,2025-01-15T15:00:00Z,2025-01-15T16:00:00Z,2025-01-15T17:00:00+02:00,+0200,1.0,,,EX_POST_SNAPSHOT;NOT_ASOF_APPROVED
tenderStatistics_2025-01-15,5c9e988e495f9966f4e45e45499fe34797c933503f4b585d93356e114d84d77a,2025-01-15,15_2025,aFRRUp,payAsBid,200,1,,,64,LEI (UI); denominator not inferred,2025-01-15T16:00:00Z,2025-01-15T17:00:00Z,2025-01-15T18:00:00+02:00,+0200,1.0,,,EX_POST_SNAPSHOT;NOT_ASOF_APPROVED
tenderStatistics_2025-01-15,5c9e988e495f9966f4e45e45499fe34797c933503f4b585d93356e114d84d77a,2025-01-15,15_2025,aFRRUp,payAsBid,200,1,,,64,LEI (UI); denominator not inferred,2025-01-15T17:00:00Z,2025-01-15T18:00:00Z,2025-01-15T19:00:00+02:00,+0200,1.0,,,EX_POST_SNAPSHOT;NOT_ASOF_APPROVED
tenderStatistics_2025-01-15,5c9e988e495f9966f4e45e45499fe34797c933503f4b585d93356e114d84d77a,2025-01-15,15_2025,aFRRUp,payAsBid,200,1,,,64,LEI (UI); denominator not inferred,2025-01-15T18:00:00Z,2025-01-15T19:00:00Z,2025-01-15T20:00:00+02:00,+0200,1.0,,,EX_POST_SNAPSHOT;NOT_ASOF_APPROVED
tenderStatistics_2025-01-15,5c9e988e495f9966f4e45e45499fe34797c933503f4b585d93356e114d84d77a,2025-01-15,15_2025,aFRRUp,payAsBid,200,1,,,64,LEI (UI); denominator not inferred,2025-01-15T19:00:00Z,2025-01-15T20:00:00Z,2025-01-15T21:00:00+02:00,+0200,1.0,,,EX_POST_SNAPSHOT;NOT_ASOF_APPROVED
tenderStatistics_2025-01-15,5c9e988e495f9966f4e45e45499fe34797c933503f4b585d93356e114d84d77a,2025-01-15,15_2025,aFRRUp,payAsBid,200,1,,,64,LEI (UI); denominator not inferred,2025-01-15T20:00:00Z,2025-01-15T21:00:00Z,2025-01-15T22:00:00+02:00,+0200,1.0,,,EX_POST_SNAPSHOT;NOT_ASOF_APPROVED
tenderStatistics_2025-01-15,5c9e988e495f9966f4e45e45499fe34797c933503f4b585d93356e114d84d77a,2025-01-15,15_2025,aFRRUp,payAsBid,200,1,,,64,LEI (UI); denominator not inferred,2025-01-15T21:00:00Z,2025-01-15T22:00:00Z,2025-01-15T23:00:00+02:00,+0200,1.0,,,EX_POST_SNAPSHOT;NOT_ASOF_APPROVED
tenderStatistics_2025-01-15,5c9e988e495f9966f4e45e45499fe34797c933503f4b585d93356e114d84d77a,2025-01-15,15_2025,mFRRDown,payAsBid,150,1,,,15.01,LEI (UI); denominator not inferred,2025-01-14T22:00:00Z,2025-01-14T23:00:00Z,2025-01-15T00:00:00+02:00,+0200,1.0,,,EX_POST_SNAPSHOT;NOT_ASOF_APPROVED
tenderStatistics_2025-01-15,5c9e988e495f9966f4e45e45499fe34797c933503f4b585d93356e114d84d77a,2025-01-15,15_2025,mFRRDown,payAsBid,150,1,,,15.01,LEI (UI); denominator not inferred,2025-01-14T23:00:00Z,2025-01-15T00:00:00Z,2025-01-15T01:00:00+02:00,+0200,1.0,,,EX_POST_SNAPSHOT;NOT_ASOF_APPROVED
tenderStatistics_2025-01-15,5c9e988e495f9966f4e45e45499fe34797c933503f4b585d93356e114d84d77a,2025-01-15,15_2025,mFRRDown,payAsBid,150,1,,,14.93,LEI (UI); denominator not inferred,2025-01-15T00:00:00Z,2025-01-15T01:00:00Z,2025-01-15T02:00:00+02:00,+0200,1.0,,,EX_POST_SNAPSHOT;NOT_ASOF_APPROVED
tenderStatistics_2025-01-15,5c9e988e495f9966f4e45e45499fe34797c933503f4b585d93356e114d84d77a,2025-01-15,15_2025,mFRRDown,payAsBid,150,1,,,14.93,LEI (UI); denominator not inferred,2025-01-15T01:00:00Z,2025-01-15T02:00:00Z,2025-01-15T03:00:00+02:00,+0200,1.0,,,EX_POST_SNAPSHOT;NOT_ASOF_APPROVED
tenderStatistics_2025-01-15,5c9e988e495f9966f4e45e45499fe34797c933503f4b585d93356e114d84d77a,2025-01-15,15_2025,mFRRDown,payAsBid,150,1,,,14.93,LEI (UI); denominator not inferred,2025-01-15T02:00:00Z,2025-01-15T03:00:00Z,2025-01-15T04:00:00+02:00,+0200,1.0,,,EX_POST_SNAPSHOT;NOT_ASOF_APPROVED
tenderStatistics_2025-01-15,5c9e988e495f9966f4e45e45499fe34797c933503f4b585d93356e114d84d77a,2025-01-15,15_2025,mFRRDown,payAsBid,150,1,,,14.93,LEI (UI); denominator not inferred,2025-01-15T03:00:00Z,2025-01-15T04:00:00Z,2025-01-15T05:00:00+02:00,+0200,1.0,,,EX_POST_SNAPSHOT;NOT_ASOF_APPROVED
tenderStatistics_2025-01-15,5c9e988e495f9966f4e45e45499fe34797c933503f4b585d93356e114d84d77a,2025-01-15,15_2025,mFRRDown,payAsBid,150,1,,,14.93,LEI (UI); denominator not inferred,2025-01-15T04:00:00Z,2025-01-15T05:00:00Z,2025-01-15T06:00:00+02:00,+0200,1.0,,,EX_POST_SNAPSHOT;NOT_ASOF_APPROVED
tenderStatistics_2025-01-15,5c9e988e495f9966f4e45e45499fe34797c933503f4b585d93356e114d84d77a,2025-01-15,15_2025,mFRRDown,payAsBid,150,1,,,14.79,LEI (UI); denominator not inferred,2025-01-15T05:00:00Z,2025-01-15T06:00:00Z,2025-01-15T07:00:00+02:00,+0200,1.0,,,EX_POST_SNAPSHOT;NOT_ASOF_APPROVED
tenderStatistics_2025-01-15,5c9e988e495f9966f4e45e45499fe34797c933503f4b585d93356e114d84d77a,2025-01-15,15_2025,mFRRDown,payAsBid,150,1,,,14.79,LEI (UI); denominator not inferred,2025-01-15T06:00:00Z,2025-01-15T07:00:00Z,2025-01-15T08:00:00+02:00,+0200,1.0,,,EX_POST_SNAPSHOT;NOT_ASOF_APPROVED
tenderStatistics_2025-01-15,5c9e988e495f9966f4e45e45499fe34797c933503f4b585d93356e114d84d77a,2025-01-15,15_2025,mFRRDown,payAsBid,150,1,,,14.93,LEI (UI); denominator not inferred,2025-01-15T07:00:00Z,2025-01-15T08:00:00Z,2025-01-15T09:00:00+02:00,+0200,1.0,,,EX_POST_SNAPSHOT;NOT_ASOF_APPROVED
tenderStatistics_2025-01-15,5c9e988e495f9966f4e45e45499fe34797c933503f4b585d93356e114d84d77a,2025-01-15,15_2025,mFRRDown,payAsBid,150,1,,,14.93,LEI (UI); denominator not inferred,2025-01-15T08:00:00Z,2025-01-15T09:00:00Z,2025-01-15T10:00:00+02:00,+0200,1.0,,,EX_POST_SNAPSHOT;NOT_ASOF_APPROVED
tenderStatistics_2025-01-15,5c9e988e495f9966f4e45e45499fe34797c933503f4b585d93356e114d84d77a,2025-01-15,15_2025,mFRRDown,payAsBid,150,1,,,15.11,LEI (UI); denominator not inferred,2025-01-15T09:00:00Z,2025-01-15T10:00:00Z,2025-01-15T11:00:00+02:00,+0200,1.0,,,EX_POST_SNAPSHOT;NOT_ASOF_APPROVED
tenderStatistics_2025-01-15,5c9e988e495f9966f4e45e45499fe34797c933503f4b585d93356e114d84d77a,2025-01-15,15_2025,mFRRDown,payAsBid,150,1,,,15.26,LEI (UI); denominator not inferred,2025-01-15T10:00:00Z,2025-01-15T11:00:00Z,2025-01-15T12:00:00+02:00,+0200,1.0,,,EX_POST_SNAPSHOT;NOT_ASOF_APPROVED
tenderStatistics_2025-01-15,5c9e988e495f9966f4e45e45499fe34797c933503f4b585d93356e114d84d77a,2025-01-15,15_2025,mFRRDown,payAsBid,150,1,,,15.26,LEI (UI); denominator not inferred,2025-01-15T11:00:00Z,2025-01-15T12:00:00Z,2025-01-15T13:00:00+02:00,+0200,1.0,,,EX_POST_SNAPSHOT;NOT_ASOF_APPROVED
tenderStatistics_2025-01-15,5c9e988e495f9966f4e45e45499fe34797c933503f4b585d93356e114d84d77a,2025-01-15,15_2025,mFRRDown,payAsBid,150,1,,,15.26,LEI (UI); denominator not inferred,2025-01-15T12:00:00Z,2025-01-15T13:00:00Z,2025-01-15T14:00:00+02:00,+0200,1.0,,,EX_POST_SNAPSHOT;NOT_ASOF_APPROVED
tenderStatistics_2025-01-15,5c9e988e495f9966f4e45e45499fe34797c933503f4b585d93356e114d84d77a,2025-01-15,15_2025,mFRRDown,payAsBid,150,1,,,15.26,LEI (UI); denominator not inferred,2025-01-15T13:00:00Z,2025-01-15T14:00:00Z,2025-01-15T15:00:00+02:00,+0200,1.0,,,EX_POST_SNAPSHOT;NOT_ASOF_APPROVED
tenderStatistics_2025-01-15,5c9e988e495f9966f4e45e45499fe34797c933503f4b585d93356e114d84d77a,2025-01-15,15_2025,mFRRDown,payAsBid,150,1,,,15.01,LEI (UI); denominator not inferred,2025-01-15T14:00:00Z,2025-01-15T15:00:00Z,2025-01-15T16:00:00+02:00,+0200,1.0,,,EX_POST_SNAPSHOT;NOT_ASOF_APPROVED
tenderStatistics_2025-01-15,5c9e988e495f9966f4e45e45499fe34797c933503f4b585d93356e114d84d77a,2025-01-15,15_2025,mFRRDown,payAsBid,150,1,,,14.84,LEI (UI); denominator not inferred,2025-01-15T15:00:00Z,2025-01-15T16:00:00Z,2025-01-15T17:00:00+02:00,+0200,1.0,,,EX_POST_SNAPSHOT;NOT_ASOF_APPROVED
tenderStatistics_2025-01-15,5c9e988e495f9966f4e45e45499fe34797c933503f4b585d93356e114d84d77a,2025-01-15,15_2025,mFRRDown,payAsBid,150,1,,,14.84,LEI (UI); denominator not inferred,2025-01-15T16:00:00Z,2025-01-15T17:00:00Z,2025-01-15T18:00:00+02:00,+0200,1.0,,,EX_POST_SNAPSHOT;NOT_ASOF_APPROVED
tenderStatistics_2025-01-15,5c9e988e495f9966f4e45e45499fe34797c933503f4b585d93356e114d84d77a,2025-01-15,15_2025,mFRRDown,payAsBid,150,1,,,14.84,LEI (UI); denominator not inferred,2025-01-15T17:00:00Z,2025-01-15T18:00:00Z,2025-01-15T19:00:00+02:00,+0200,1.0,,,EX_POST_SNAPSHOT;NOT_ASOF_APPROVED
tenderStatistics_2025-01-15,5c9e988e495f9966f4e45e45499fe34797c933503f4b585d93356e114d84d77a,2025-01-15,15_2025,mFRRDown,payAsBid,150,1,,,14.84,LEI (UI); denominator not inferred,2025-01-15T18:00:00Z,2025-01-15T19:00:00Z,2025-01-15T20:00:00+02:00,+0200,1.0,,,EX_POST_SNAPSHOT;NOT_ASOF_APPROVED
tenderStatistics_2025-01-15,5c9e988e495f9966f4e45e45499fe34797c933503f4b585d93356e114d84d77a,2025-01-15,15_2025,mFRRDown,payAsBid,150,1,,,14.84,LEI (UI); denominator not inferred,2025-01-15T19:00:00Z,2025-01-15T20:00:00Z,2025-01-15T21:00:00+02:00,+0200,1.0,,,EX_POST_SNAPSHOT;NOT_ASOF_APPROVED
tenderStatistics_2025-01-15,5c9e988e495f9966f4e45e45499fe34797c933503f4b585d93356e114d84d77a,2025-01-15,15_2025,mFRRDown,payAsBid,150,1,,,14.84,LEI (UI); denominator not inferred,2025-01-15T20:00:00Z,2025-01-15T21:00:00Z,2025-01-15T22:00:00+02:00,+0200,1.0,,,EX_POST_SNAPSHOT;NOT_ASOF_APPROVED
tenderStatistics_2025-01-15,5c9e988e495f9966f4e45e45499fe34797c933503f4b585d93356e114d84d77a,2025-01-15,15_2025,mFRRDown,payAsBid,150,1,,,14.84,LEI (UI); denominator not inferred,2025-01-15T21:00:00Z,2025-01-15T22:00:00Z,2025-01-15T23:00:00+02:00,+0200,1.0,,,EX_POST_SNAPSHOT;NOT_ASOF_APPROVED
tenderStatistics_2025-01-15,5c9e988e495f9966f4e45e45499fe34797c933503f4b585d93356e114d84d77a,2025-01-15,15_2025,mFRRUp,payAsBid,400,1,,,33,LEI (UI); denominator not inferred,2025-01-14T22:00:00Z,2025-01-14T23:00:00Z,2025-01-15T00:00:00+02:00,+0200,1.0,,,EX_POST_SNAPSHOT;NOT_ASOF_APPROVED
tenderStatistics_2025-01-15,5c9e988e495f9966f4e45e45499fe34797c933503f4b585d93356e114d84d77a,2025-01-15,15_2025,mFRRUp,payAsBid,400,1,,,33,LEI (UI); denominator not inferred,2025-01-14T23:00:00Z,2025-01-15T00:00:00Z,2025-01-15T01:00:00+02:00,+0200,1.0,,,EX_POST_SNAPSHOT;NOT_ASOF_APPROVED
tenderStatistics_2025-01-15,5c9e988e495f9966f4e45e45499fe34797c933503f4b585d93356e114d84d77a,2025-01-15,15_2025,mFRRUp,payAsBid,400,1,,,33,LEI (UI); denominator not inferred,2025-01-15T00:00:00Z,2025-01-15T01:00:00Z,2025-01-15T02:00:00+02:00,+0200,1.0,,,EX_POST_SNAPSHOT;NOT_ASOF_APPROVED
tenderStatistics_2025-01-15,5c9e988e495f9966f4e45e45499fe34797c933503f4b585d93356e114d84d77a,2025-01-15,15_2025,mFRRUp,payAsBid,400,1,,,33,LEI (UI); denominator not inferred,2025-01-15T01:00:00Z,2025-01-15T02:00:00Z,2025-01-15T03:00:00+02:00,+0200,1.0,,,EX_POST_SNAPSHOT;NOT_ASOF_APPROVED
tenderStatistics_2025-01-15,5c9e988e495f9966f4e45e45499fe34797c933503f4b585d93356e114d84d77a,2025-01-15,15_2025,mFRRUp,payAsBid,400,1,,,33,LEI (UI); denominator not inferred,2025-01-15T02:00:00Z,2025-01-15T03:00:00Z,2025-01-15T04:00:00+02:00,+0200,1.0,,,EX_POST_SNAPSHOT;NOT_ASOF_APPROVED
tenderStatistics_2025-01-15,5c9e988e495f9966f4e45e45499fe34797c933503f4b585d93356e114d84d77a,2025-01-15,15_2025,mFRRUp,payAsBid,400,1,,,33,LEI (UI); denominator not inferred,2025-01-15T03:00:00Z,2025-01-15T04:00:00Z,2025-01-15T05:00:00+02:00,+0200,1.0,,,EX_POST_SNAPSHOT;NOT_ASOF_APPROVED
tenderStatistics_2025-01-15,5c9e988e495f9966f4e45e45499fe34797c933503f4b585d93356e114d84d77a,2025-01-15,15_2025,mFRRUp,payAsBid,550,1,,,33.13,LEI (UI); denominator not inferred,2025-01-15T04:00:00Z,2025-01-15T05:00:00Z,2025-01-15T06:00:00+02:00,+0200,1.0,,,EX_POST_SNAPSHOT;NOT_ASOF_APPROVED
tenderStatistics_2025-01-15,5c9e988e495f9966f4e45e45499fe34797c933503f4b585d93356e114d84d77a,2025-01-15,15_2025,mFRRUp,payAsBid,550,1,,,33.13,LEI (UI); denominator not inferred,2025-01-15T05:00:00Z,2025-01-15T06:00:00Z,2025-01-15T07:00:00+02:00,+0200,1.0,,,EX_POST_SNAPSHOT;NOT_ASOF_APPROVED
tenderStatistics_2025-01-15,5c9e988e495f9966f4e45e45499fe34797c933503f4b585d93356e114d84d77a,2025-01-15,15_2025,mFRRUp,payAsBid,550,1,,,33.13,LEI (UI); denominator not inferred,2025-01-15T06:00:00Z,2025-01-15T07:00:00Z,2025-01-15T08:00:00+02:00,+0200,1.0,,,EX_POST_SNAPSHOT;NOT_ASOF_APPROVED
tenderStatistics_2025-01-15,5c9e988e495f9966f4e45e45499fe34797c933503f4b585d93356e114d84d77a,2025-01-15,15_2025,mFRRUp,payAsBid,550,1,,,33.14,LEI (UI); denominator not inferred,2025-01-15T07:00:00Z,2025-01-15T08:00:00Z,2025-01-15T09:00:00+02:00,+0200,1.0,,,EX_POST_SNAPSHOT;NOT_ASOF_APPROVED
tenderStatistics_2025-01-15,5c9e988e495f9966f4e45e45499fe34797c933503f4b585d93356e114d84d77a,2025-01-15,15_2025,mFRRUp,payAsBid,500,1,,,33,LEI (UI); denominator not inferred,2025-01-15T08:00:00Z,2025-01-15T09:00:00Z,2025-01-15T10:00:00+02:00,+0200,1.0,,,EX_POST_SNAPSHOT;NOT_ASOF_APPROVED
tenderStatistics_2025-01-15,5c9e988e495f9966f4e45e45499fe34797c933503f4b585d93356e114d84d77a,2025-01-15,15_2025,mFRRUp,payAsBid,500,1,,,33,LEI (UI); denominator not inferred,2025-01-15T09:00:00Z,2025-01-15T10:00:00Z,2025-01-15T11:00:00+02:00,+0200,1.0,,,EX_POST_SNAPSHOT;NOT_ASOF_APPROVED
tenderStatistics_2025-01-15,5c9e988e495f9966f4e45e45499fe34797c933503f4b585d93356e114d84d77a,2025-01-15,15_2025,mFRRUp,payAsBid,500,1,,,33,LEI (UI); denominator not inferred,2025-01-15T10:00:00Z,2025-01-15T11:00:00Z,2025-01-15T12:00:00+02:00,+0200,1.0,,,EX_POST_SNAPSHOT;NOT_ASOF_APPROVED
tenderStatistics_2025-01-15,5c9e988e495f9966f4e45e45499fe34797c933503f4b585d93356e114d84d77a,2025-01-15,15_2025,mFRRUp,payAsBid,500,1,,,33,LEI (UI); denominator not inferred,2025-01-15T11:00:00Z,2025-01-15T12:00:00Z,2025-01-15T13:00:00+02:00,+0200,1.0,,,EX_POST_SNAPSHOT;NOT_ASOF_APPROVED
tenderStatistics_2025-01-15,5c9e988e495f9966f4e45e45499fe34797c933503f4b585d93356e114d84d77a,2025-01-15,15_2025,mFRRUp,payAsBid,500,1,,,33,LEI (UI); denominator not inferred,2025-01-15T12:00:00Z,2025-01-15T13:00:00Z,2025-01-15T14:00:00+02:00,+0200,1.0,,,EX_POST_SNAPSHOT;NOT_ASOF_APPROVED
tenderStatistics_2025-01-15,5c9e988e495f9966f4e45e45499fe34797c933503f4b585d93356e114d84d77a,2025-01-15,15_2025,mFRRUp,payAsBid,500,1,,,33,LEI (UI); denominator not inferred,2025-01-15T13:00:00Z,2025-01-15T14:00:00Z,2025-01-15T15:00:00+02:00,+0200,1.0,,,EX_POST_SNAPSHOT;NOT_ASOF_APPROVED
tenderStatistics_2025-01-15,5c9e988e495f9966f4e45e45499fe34797c933503f4b585d93356e114d84d77a,2025-01-15,15_2025,mFRRUp,payAsBid,550,1,,,33.14,LEI (UI); denominator not inferred,2025-01-15T14:00:00Z,2025-01-15T15:00:00Z,2025-01-15T16:00:00+02:00,+0200,1.0,,,EX_POST_SNAPSHOT;NOT_ASOF_APPROVED
tenderStatistics_2025-01-15,5c9e988e495f9966f4e45e45499fe34797c933503f4b585d93356e114d84d77a,2025-01-15,15_2025,mFRRUp,payAsBid,600,1,,,32.86,LEI (UI); denominator not inferred,2025-01-15T15:00:00Z,2025-01-15T16:00:00Z,2025-01-15T17:00:00+02:00,+0200,1.0,,,EX_POST_SNAPSHOT;NOT_ASOF_APPROVED
tenderStatistics_2025-01-15,5c9e988e495f9966f4e45e45499fe34797c933503f4b585d93356e114d84d77a,2025-01-15,15_2025,mFRRUp,payAsBid,600,1,,,32.86,LEI (UI); denominator not inferred,2025-01-15T16:00:00Z,2025-01-15T17:00:00Z,2025-01-15T18:00:00+02:00,+0200,1.0,,,EX_POST_SNAPSHOT;NOT_ASOF_APPROVED
tenderStatistics_2025-01-15,5c9e988e495f9966f4e45e45499fe34797c933503f4b585d93356e114d84d77a,2025-01-15,15_2025,mFRRUp,payAsBid,600,1,,,32.86,LEI (UI); denominator not inferred,2025-01-15T17:00:00Z,2025-01-15T18:00:00Z,2025-01-15T19:00:00+02:00,+0200,1.0,,,EX_POST_SNAPSHOT;NOT_ASOF_APPROVED
tenderStatistics_2025-01-15,5c9e988e495f9966f4e45e45499fe34797c933503f4b585d93356e114d84d77a,2025-01-15,15_2025,mFRRUp,payAsBid,600,1,,,32.86,LEI (UI); denominator not inferred,2025-01-15T18:00:00Z,2025-01-15T19:00:00Z,2025-01-15T20:00:00+02:00,+0200,1.0,,,EX_POST_SNAPSHOT;NOT_ASOF_APPROVED
tenderStatistics_2025-01-15,5c9e988e495f9966f4e45e45499fe34797c933503f4b585d93356e114d84d77a,2025-01-15,15_2025,mFRRUp,payAsBid,600,1,,,33.13,LEI (UI); denominator not inferred,2025-01-15T19:00:00Z,2025-01-15T20:00:00Z,2025-01-15T21:00:00+02:00,+0200,1.0,,,EX_POST_SNAPSHOT;NOT_ASOF_APPROVED
tenderStatistics_2025-01-15,5c9e988e495f9966f4e45e45499fe34797c933503f4b585d93356e114d84d77a,2025-01-15,15_2025,mFRRUp,payAsBid,550,1,,,33.13,LEI (UI); denominator not inferred,2025-01-15T20:00:00Z,2025-01-15T21:00:00Z,2025-01-15T22:00:00+02:00,+0200,1.0,,,EX_POST_SNAPSHOT;NOT_ASOF_APPROVED
tenderStatistics_2025-01-15,5c9e988e495f9966f4e45e45499fe34797c933503f4b585d93356e114d84d77a,2025-01-15,15_2025,mFRRUp,payAsBid,400,1,,,33,LEI (UI); denominator not inferred,2025-01-15T21:00:00Z,2025-01-15T22:00:00Z,2025-01-15T23:00:00+02:00,+0200,1.0,,,EX_POST_SNAPSHOT;NOT_ASOF_APPROVED
tenderStatistics_2025-03-30,505985f32cca3c2d1468b993b5ba82b9ea9f921764fbce824a716a76333c3488,2025-03-30,91_2025,aFRRDown,payAsBid,200,1,,,69.56,LEI (UI); denominator not inferred,2025-03-29T22:00:00Z,2025-03-29T23:00:00Z,2025-03-30T00:00:00+02:00,+0200,1.0,,,EX_POST_SNAPSHOT;NOT_ASOF_APPROVED
tenderStatistics_2025-03-30,505985f32cca3c2d1468b993b5ba82b9ea9f921764fbce824a716a76333c3488,2025-03-30,91_2025,aFRRDown,payAsBid,200,1,,,69.56,LEI (UI); denominator not inferred,2025-03-29T23:00:00Z,2025-03-30T00:00:00Z,2025-03-30T01:00:00+02:00,+0200,1.0,,,EX_POST_SNAPSHOT;NOT_ASOF_APPROVED
tenderStatistics_2025-03-30,505985f32cca3c2d1468b993b5ba82b9ea9f921764fbce824a716a76333c3488,2025-03-30,91_2025,aFRRDown,payAsBid,200,1,,,69.44,LEI (UI); denominator not inferred,2025-03-30T00:00:00Z,2025-03-30T01:00:00Z,2025-03-30T02:00:00+02:00,+0200,1.0,,,EX_POST_SNAPSHOT;NOT_ASOF_APPROVED
tenderStatistics_2025-03-30,505985f32cca3c2d1468b993b5ba82b9ea9f921764fbce824a716a76333c3488,2025-03-30,91_2025,aFRRDown,payAsBid,200,1,,,69.44,LEI (UI); denominator not inferred,2025-03-30T01:00:00Z,2025-03-30T02:00:00Z,2025-03-30T04:00:00+03:00,+0300,1.0,,,EX_POST_SNAPSHOT;NOT_ASOF_APPROVED
tenderStatistics_2025-03-30,505985f32cca3c2d1468b993b5ba82b9ea9f921764fbce824a716a76333c3488,2025-03-30,91_2025,aFRRDown,payAsBid,200,1,,,69.22,LEI (UI); denominator not inferred,2025-03-30T02:00:00Z,2025-03-30T03:00:00Z,2025-03-30T05:00:00+03:00,+0300,1.0,,,EX_POST_SNAPSHOT;NOT_ASOF_APPROVED
tenderStatistics_2025-03-30,505985f32cca3c2d1468b993b5ba82b9ea9f921764fbce824a716a76333c3488,2025-03-30,91_2025,aFRRDown,payAsBid,200,1,,,69.22,LEI (UI); denominator not inferred,2025-03-30T03:00:00Z,2025-03-30T04:00:00Z,2025-03-30T06:00:00+03:00,+0300,1.0,,,EX_POST_SNAPSHOT;NOT_ASOF_APPROVED
tenderStatistics_2025-03-30,505985f32cca3c2d1468b993b5ba82b9ea9f921764fbce824a716a76333c3488,2025-03-30,91_2025,aFRRDown,payAsBid,200,1,,,67.22,LEI (UI); denominator not inferred,2025-03-30T04:00:00Z,2025-03-30T05:00:00Z,2025-03-30T07:00:00+03:00,+0300,1.0,,,EX_POST_SNAPSHOT;NOT_ASOF_APPROVED
tenderStatistics_2025-03-30,505985f32cca3c2d1468b993b5ba82b9ea9f921764fbce824a716a76333c3488,2025-03-30,91_2025,aFRRDown,payAsBid,200,1,,,67.22,LEI (UI); denominator not inferred,2025-03-30T05:00:00Z,2025-03-30T06:00:00Z,2025-03-30T08:00:00+03:00,+0300,1.0,,,EX_POST_SNAPSHOT;NOT_ASOF_APPROVED
tenderStatistics_2025-03-30,505985f32cca3c2d1468b993b5ba82b9ea9f921764fbce824a716a76333c3488,2025-03-30,91_2025,aFRRDown,payAsBid,200,1,,,67.22,LEI (UI); denominator not inferred,2025-03-30T06:00:00Z,2025-03-30T07:00:00Z,2025-03-30T09:00:00+03:00,+0300,1.0,,,EX_POST_SNAPSHOT;NOT_ASOF_APPROVED
tenderStatistics_2025-03-30,505985f32cca3c2d1468b993b5ba82b9ea9f921764fbce824a716a76333c3488,2025-03-30,91_2025,aFRRDown,payAsBid,200,1,,,67.22,LEI (UI); denominator not inferred,2025-03-30T07:00:00Z,2025-03-30T08:00:00Z,2025-03-30T10:00:00+03:00,+0300,1.0,,,EX_POST_SNAPSHOT;NOT_ASOF_APPROVED
tenderStatistics_2025-03-30,505985f32cca3c2d1468b993b5ba82b9ea9f921764fbce824a716a76333c3488,2025-03-30,91_2025,aFRRDown,payAsBid,200,1,,,69.22,LEI (UI); denominator not inferred,2025-03-30T08:00:00Z,2025-03-30T09:00:00Z,2025-03-30T11:00:00+03:00,+0300,1.0,,,EX_POST_SNAPSHOT;NOT_ASOF_APPROVED
tenderStatistics_2025-03-30,505985f32cca3c2d1468b993b5ba82b9ea9f921764fbce824a716a76333c3488,2025-03-30,91_2025,aFRRDown,payAsBid,200,1,,,69.22,LEI (UI); denominator not inferred,2025-03-30T09:00:00Z,2025-03-30T10:00:00Z,2025-03-30T12:00:00+03:00,+0300,1.0,,,EX_POST_SNAPSHOT;NOT_ASOF_APPROVED
tenderStatistics_2025-03-30,505985f32cca3c2d1468b993b5ba82b9ea9f921764fbce824a716a76333c3488,2025-03-30,91_2025,aFRRDown,payAsBid,200,1,,,69.22,LEI (UI); denominator not inferred,2025-03-30T10:00:00Z,2025-03-30T11:00:00Z,2025-03-30T13:00:00+03:00,+0300,1.0,,,EX_POST_SNAPSHOT;NOT_ASOF_APPROVED
tenderStatistics_2025-03-30,505985f32cca3c2d1468b993b5ba82b9ea9f921764fbce824a716a76333c3488,2025-03-30,91_2025,aFRRDown,payAsBid,200,1,,,69.22,LEI (UI); denominator not inferred,2025-03-30T11:00:00Z,2025-03-30T12:00:00Z,2025-03-30T14:00:00+03:00,+0300,1.0,,,EX_POST_SNAPSHOT;NOT_ASOF_APPROVED
tenderStatistics_2025-03-30,505985f32cca3c2d1468b993b5ba82b9ea9f921764fbce824a716a76333c3488,2025-03-30,91_2025,aFRRDown,payAsBid,200,1,,,69.22,LEI (UI); denominator not inferred,2025-03-30T12:00:00Z,2025-03-30T13:00:00Z,2025-03-30T15:00:00+03:00,+0300,1.0,,,EX_POST_SNAPSHOT;NOT_ASOF_APPROVED
tenderStatistics_2025-03-30,505985f32cca3c2d1468b993b5ba82b9ea9f921764fbce824a716a76333c3488,2025-03-30,91_2025,aFRRDown,payAsBid,200,1,,,69.22,LEI (UI); denominator not inferred,2025-03-30T13:00:00Z,2025-03-30T14:00:00Z,2025-03-30T16:00:00+03:00,+0300,1.0,,,EX_POST_SNAPSHOT;NOT_ASOF_APPROVED
tenderStatistics_2025-03-30,505985f32cca3c2d1468b993b5ba82b9ea9f921764fbce824a716a76333c3488,2025-03-30,91_2025,aFRRDown,payAsBid,200,1,,,69.22,LEI (UI); denominator not inferred,2025-03-30T14:00:00Z,2025-03-30T15:00:00Z,2025-03-30T17:00:00+03:00,+0300,1.0,,,EX_POST_SNAPSHOT;NOT_ASOF_APPROVED
tenderStatistics_2025-03-30,505985f32cca3c2d1468b993b5ba82b9ea9f921764fbce824a716a76333c3488,2025-03-30,91_2025,aFRRDown,payAsBid,200,1,,,69.22,LEI (UI); denominator not inferred,2025-03-30T15:00:00Z,2025-03-30T16:00:00Z,2025-03-30T18:00:00+03:00,+0300,1.0,,,EX_POST_SNAPSHOT;NOT_ASOF_APPROVED
tenderStatistics_2025-03-30,505985f32cca3c2d1468b993b5ba82b9ea9f921764fbce824a716a76333c3488,2025-03-30,91_2025,aFRRDown,payAsBid,200,1,,,67.22,LEI (UI); denominator not inferred,2025-03-30T16:00:00Z,2025-03-30T17:00:00Z,2025-03-30T19:00:00+03:00,+0300,1.0,,,EX_POST_SNAPSHOT;NOT_ASOF_APPROVED
tenderStatistics_2025-03-30,505985f32cca3c2d1468b993b5ba82b9ea9f921764fbce824a716a76333c3488,2025-03-30,91_2025,aFRRDown,payAsBid,200,1,,,67.22,LEI (UI); denominator not inferred,2025-03-30T17:00:00Z,2025-03-30T18:00:00Z,2025-03-30T20:00:00+03:00,+0300,1.0,,,EX_POST_SNAPSHOT;NOT_ASOF_APPROVED
tenderStatistics_2025-03-30,505985f32cca3c2d1468b993b5ba82b9ea9f921764fbce824a716a76333c3488,2025-03-30,91_2025,aFRRDown,payAsBid,200,1,,,67.22,LEI (UI); denominator not inferred,2025-03-30T18:00:00Z,2025-03-30T19:00:00Z,2025-03-30T21:00:00+03:00,+0300,1.0,,,EX_POST_SNAPSHOT;NOT_ASOF_APPROVED
tenderStatistics_2025-03-30,505985f32cca3c2d1468b993b5ba82b9ea9f921764fbce824a716a76333c3488,2025-03-30,91_2025,aFRRDown,payAsBid,200,1,,,67.56,LEI (UI); denominator not inferred,2025-03-30T19:00:00Z,2025-03-30T20:00:00Z,2025-03-30T22:00:00+03:00,+0300,1.0,,,EX_POST_SNAPSHOT;NOT_ASOF_APPROVED
tenderStatistics_2025-03-30,505985f32cca3c2d1468b993b5ba82b9ea9f921764fbce824a716a76333c3488,2025-03-30,91_2025,aFRRDown,payAsBid,200,1,,,69.44,LEI (UI); denominator not inferred,2025-03-30T20:00:00Z,2025-03-30T21:00:00Z,2025-03-30T23:00:00+03:00,+0300,1.0,,,EX_POST_SNAPSHOT;NOT_ASOF_APPROVED
tenderStatistics_2025-03-30,505985f32cca3c2d1468b993b5ba82b9ea9f921764fbce824a716a76333c3488,2025-03-30,91_2025,aFRRUp,payAsBid,200,1,,,58.38,LEI (UI); denominator not inferred,2025-03-29T22:00:00Z,2025-03-29T23:00:00Z,2025-03-30T00:00:00+02:00,+0200,1.0,,,EX_POST_SNAPSHOT;NOT_ASOF_APPROVED
tenderStatistics_2025-03-30,505985f32cca3c2d1468b993b5ba82b9ea9f921764fbce824a716a76333c3488,2025-03-30,91_2025,aFRRUp,payAsBid,200,1,,,58.5,LEI (UI); denominator not inferred,2025-03-29T23:00:00Z,2025-03-30T00:00:00Z,2025-03-30T01:00:00+02:00,+0200,1.0,,,EX_POST_SNAPSHOT;NOT_ASOF_APPROVED
tenderStatistics_2025-03-30,505985f32cca3c2d1468b993b5ba82b9ea9f921764fbce824a716a76333c3488,2025-03-30,91_2025,aFRRUp,payAsBid,200,1,,,58.38,LEI (UI); denominator not inferred,2025-03-30T00:00:00Z,2025-03-30T01:00:00Z,2025-03-30T02:00:00+02:00,+0200,1.0,,,EX_POST_SNAPSHOT;NOT_ASOF_APPROVED
tenderStatistics_2025-03-30,505985f32cca3c2d1468b993b5ba82b9ea9f921764fbce824a716a76333c3488,2025-03-30,91_2025,aFRRUp,payAsBid,200,1,,,58.38,LEI (UI); denominator not inferred,2025-03-30T01:00:00Z,2025-03-30T02:00:00Z,2025-03-30T04:00:00+03:00,+0300,1.0,,,EX_POST_SNAPSHOT;NOT_ASOF_APPROVED
tenderStatistics_2025-03-30,505985f32cca3c2d1468b993b5ba82b9ea9f921764fbce824a716a76333c3488,2025-03-30,91_2025,aFRRUp,payAsBid,200,1,,,58.25,LEI (UI); denominator not inferred,2025-03-30T02:00:00Z,2025-03-30T03:00:00Z,2025-03-30T05:00:00+03:00,+0300,1.0,,,EX_POST_SNAPSHOT;NOT_ASOF_APPROVED
tenderStatistics_2025-03-30,505985f32cca3c2d1468b993b5ba82b9ea9f921764fbce824a716a76333c3488,2025-03-30,91_2025,aFRRUp,payAsBid,200,1,,,58.25,LEI (UI); denominator not inferred,2025-03-30T03:00:00Z,2025-03-30T04:00:00Z,2025-03-30T06:00:00+03:00,+0300,1.0,,,EX_POST_SNAPSHOT;NOT_ASOF_APPROVED
tenderStatistics_2025-03-30,505985f32cca3c2d1468b993b5ba82b9ea9f921764fbce824a716a76333c3488,2025-03-30,91_2025,aFRRUp,payAsBid,200,1,,,58.38,LEI (UI); denominator not inferred,2025-03-30T04:00:00Z,2025-03-30T05:00:00Z,2025-03-30T07:00:00+03:00,+0300,1.0,,,EX_POST_SNAPSHOT;NOT_ASOF_APPROVED
tenderStatistics_2025-03-30,505985f32cca3c2d1468b993b5ba82b9ea9f921764fbce824a716a76333c3488,2025-03-30,91_2025,aFRRUp,payAsBid,200,1,,,61.25,LEI (UI); denominator not inferred,2025-03-30T05:00:00Z,2025-03-30T06:00:00Z,2025-03-30T08:00:00+03:00,+0300,1.0,,,EX_POST_SNAPSHOT;NOT_ASOF_APPROVED
tenderStatistics_2025-03-30,505985f32cca3c2d1468b993b5ba82b9ea9f921764fbce824a716a76333c3488,2025-03-30,91_2025,aFRRUp,payAsBid,200,1,,,58.43,LEI (UI); denominator not inferred,2025-03-30T06:00:00Z,2025-03-30T07:00:00Z,2025-03-30T09:00:00+03:00,+0300,1.0,,,EX_POST_SNAPSHOT;NOT_ASOF_APPROVED
tenderStatistics_2025-03-30,505985f32cca3c2d1468b993b5ba82b9ea9f921764fbce824a716a76333c3488,2025-03-30,91_2025,aFRRUp,payAsBid,200,1,,,58.38,LEI (UI); denominator not inferred,2025-03-30T07:00:00Z,2025-03-30T08:00:00Z,2025-03-30T10:00:00+03:00,+0300,1.0,,,EX_POST_SNAPSHOT;NOT_ASOF_APPROVED
tenderStatistics_2025-03-30,505985f32cca3c2d1468b993b5ba82b9ea9f921764fbce824a716a76333c3488,2025-03-30,91_2025,aFRRUp,payAsBid,200,1,,,58.38,LEI (UI); denominator not inferred,2025-03-30T08:00:00Z,2025-03-30T09:00:00Z,2025-03-30T11:00:00+03:00,+0300,1.0,,,EX_POST_SNAPSHOT;NOT_ASOF_APPROVED
tenderStatistics_2025-03-30,505985f32cca3c2d1468b993b5ba82b9ea9f921764fbce824a716a76333c3488,2025-03-30,91_2025,aFRRUp,payAsBid,200,1,,,58.38,LEI (UI); denominator not inferred,2025-03-30T09:00:00Z,2025-03-30T10:00:00Z,2025-03-30T12:00:00+03:00,+0300,1.0,,,EX_POST_SNAPSHOT;NOT_ASOF_APPROVED
tenderStatistics_2025-03-30,505985f32cca3c2d1468b993b5ba82b9ea9f921764fbce824a716a76333c3488,2025-03-30,91_2025,aFRRUp,payAsBid,200,1,,,58.38,LEI (UI); denominator not inferred,2025-03-30T10:00:00Z,2025-03-30T11:00:00Z,2025-03-30T13:00:00+03:00,+0300,1.0,,,EX_POST_SNAPSHOT;NOT_ASOF_APPROVED
tenderStatistics_2025-03-30,505985f32cca3c2d1468b993b5ba82b9ea9f921764fbce824a716a76333c3488,2025-03-30,91_2025,aFRRUp,payAsBid,200,1,,,58.38,LEI (UI); denominator not inferred,2025-03-30T11:00:00Z,2025-03-30T12:00:00Z,2025-03-30T14:00:00+03:00,+0300,1.0,,,EX_POST_SNAPSHOT;NOT_ASOF_APPROVED
tenderStatistics_2025-03-30,505985f32cca3c2d1468b993b5ba82b9ea9f921764fbce824a716a76333c3488,2025-03-30,91_2025,aFRRUp,payAsBid,200,1,,,58.38,LEI (UI); denominator not inferred,2025-03-30T12:00:00Z,2025-03-30T13:00:00Z,2025-03-30T15:00:00+03:00,+0300,1.0,,,EX_POST_SNAPSHOT;NOT_ASOF_APPROVED
tenderStatistics_2025-03-30,505985f32cca3c2d1468b993b5ba82b9ea9f921764fbce824a716a76333c3488,2025-03-30,91_2025,aFRRUp,payAsBid,200,1,,,58.38,LEI (UI); denominator not inferred,2025-03-30T13:00:00Z,2025-03-30T14:00:00Z,2025-03-30T16:00:00+03:00,+0300,1.0,,,EX_POST_SNAPSHOT;NOT_ASOF_APPROVED
tenderStatistics_2025-03-30,505985f32cca3c2d1468b993b5ba82b9ea9f921764fbce824a716a76333c3488,2025-03-30,91_2025,aFRRUp,payAsBid,200,1,,,58.38,LEI (UI); denominator not inferred,2025-03-30T14:00:00Z,2025-03-30T15:00:00Z,2025-03-30T17:00:00+03:00,+0300,1.0,,,EX_POST_SNAPSHOT;NOT_ASOF_APPROVED
tenderStatistics_2025-03-30,505985f32cca3c2d1468b993b5ba82b9ea9f921764fbce824a716a76333c3488,2025-03-30,91_2025,aFRRUp,payAsBid,200,1,,,58.38,LEI (UI); denominator not inferred,2025-03-30T15:00:00Z,2025-03-30T16:00:00Z,2025-03-30T18:00:00+03:00,+0300,1.0,,,EX_POST_SNAPSHOT;NOT_ASOF_APPROVED
tenderStatistics_2025-03-30,505985f32cca3c2d1468b993b5ba82b9ea9f921764fbce824a716a76333c3488,2025-03-30,91_2025,aFRRUp,payAsBid,200,1,,,58.57,LEI (UI); denominator not inferred,2025-03-30T16:00:00Z,2025-03-30T17:00:00Z,2025-03-30T19:00:00+03:00,+0300,1.0,,,EX_POST_SNAPSHOT;NOT_ASOF_APPROVED
tenderStatistics_2025-03-30,505985f32cca3c2d1468b993b5ba82b9ea9f921764fbce824a716a76333c3488,2025-03-30,91_2025,aFRRUp,payAsBid,200,1,,,58.57,LEI (UI); denominator not inferred,2025-03-30T17:00:00Z,2025-03-30T18:00:00Z,2025-03-30T20:00:00+03:00,+0300,1.0,,,EX_POST_SNAPSHOT;NOT_ASOF_APPROVED
tenderStatistics_2025-03-30,505985f32cca3c2d1468b993b5ba82b9ea9f921764fbce824a716a76333c3488,2025-03-30,91_2025,aFRRUp,payAsBid,200,1,,,58.43,LEI (UI); denominator not inferred,2025-03-30T18:00:00Z,2025-03-30T19:00:00Z,2025-03-30T21:00:00+03:00,+0300,1.0,,,EX_POST_SNAPSHOT;NOT_ASOF_APPROVED
tenderStatistics_2025-03-30,505985f32cca3c2d1468b993b5ba82b9ea9f921764fbce824a716a76333c3488,2025-03-30,91_2025,aFRRUp,payAsBid,200,1,,,58.38,LEI (UI); denominator not inferred,2025-03-30T19:00:00Z,2025-03-30T20:00:00Z,2025-03-30T22:00:00+03:00,+0300,1.0,,,EX_POST_SNAPSHOT;NOT_ASOF_APPROVED
tenderStatistics_2025-03-30,505985f32cca3c2d1468b993b5ba82b9ea9f921764fbce824a716a76333c3488,2025-03-30,91_2025,aFRRUp,payAsBid,200,1,,,58.38,LEI (UI); denominator not inferred,2025-03-30T20:00:00Z,2025-03-30T21:00:00Z,2025-03-30T23:00:00+03:00,+0300,1.0,,,EX_POST_SNAPSHOT;NOT_ASOF_APPROVED
tenderStatistics_2025-03-30,505985f32cca3c2d1468b993b5ba82b9ea9f921764fbce824a716a76333c3488,2025-03-30,91_2025,mFRRDown,payAsBid,200,0.87,,,15.18,LEI (UI); denominator not inferred,2025-03-29T22:00:00Z,2025-03-29T23:00:00Z,2025-03-30T00:00:00+02:00,+0200,1.0,,,EX_POST_SNAPSHOT;NOT_ASOF_APPROVED
tenderStatistics_2025-03-30,505985f32cca3c2d1468b993b5ba82b9ea9f921764fbce824a716a76333c3488,2025-03-30,91_2025,mFRRDown,payAsBid,200,0.87,,,15.18,LEI (UI); denominator not inferred,2025-03-29T23:00:00Z,2025-03-30T00:00:00Z,2025-03-30T01:00:00+02:00,+0200,1.0,,,EX_POST_SNAPSHOT;NOT_ASOF_APPROVED
tenderStatistics_2025-03-30,505985f32cca3c2d1468b993b5ba82b9ea9f921764fbce824a716a76333c3488,2025-03-30,91_2025,mFRRDown,payAsBid,200,0.87,,,15.18,LEI (UI); denominator not inferred,2025-03-30T00:00:00Z,2025-03-30T01:00:00Z,2025-03-30T02:00:00+02:00,+0200,1.0,,,EX_POST_SNAPSHOT;NOT_ASOF_APPROVED
tenderStatistics_2025-03-30,505985f32cca3c2d1468b993b5ba82b9ea9f921764fbce824a716a76333c3488,2025-03-30,91_2025,mFRRDown,payAsBid,200,0.87,,,15.18,LEI (UI); denominator not inferred,2025-03-30T01:00:00Z,2025-03-30T02:00:00Z,2025-03-30T04:00:00+03:00,+0300,1.0,,,EX_POST_SNAPSHOT;NOT_ASOF_APPROVED
tenderStatistics_2025-03-30,505985f32cca3c2d1468b993b5ba82b9ea9f921764fbce824a716a76333c3488,2025-03-30,91_2025,mFRRDown,payAsBid,200,0.87,,,15.18,LEI (UI); denominator not inferred,2025-03-30T02:00:00Z,2025-03-30T03:00:00Z,2025-03-30T05:00:00+03:00,+0300,1.0,,,EX_POST_SNAPSHOT;NOT_ASOF_APPROVED
tenderStatistics_2025-03-30,505985f32cca3c2d1468b993b5ba82b9ea9f921764fbce824a716a76333c3488,2025-03-30,91_2025,mFRRDown,payAsBid,200,0.87,,,15.18,LEI (UI); denominator not inferred,2025-03-30T03:00:00Z,2025-03-30T04:00:00Z,2025-03-30T06:00:00+03:00,+0300,1.0,,,EX_POST_SNAPSHOT;NOT_ASOF_APPROVED
tenderStatistics_2025-03-30,505985f32cca3c2d1468b993b5ba82b9ea9f921764fbce824a716a76333c3488,2025-03-30,91_2025,mFRRDown,payAsBid,200,0.87,,,15.18,LEI (UI); denominator not inferred,2025-03-30T04:00:00Z,2025-03-30T05:00:00Z,2025-03-30T07:00:00+03:00,+0300,1.0,,,EX_POST_SNAPSHOT;NOT_ASOF_APPROVED
tenderStatistics_2025-03-30,505985f32cca3c2d1468b993b5ba82b9ea9f921764fbce824a716a76333c3488,2025-03-30,91_2025,mFRRDown,payAsBid,200,0.87,,,15.18,LEI (UI); denominator not inferred,2025-03-30T05:00:00Z,2025-03-30T06:00:00Z,2025-03-30T08:00:00+03:00,+0300,1.0,,,EX_POST_SNAPSHOT;NOT_ASOF_APPROVED
tenderStatistics_2025-03-30,505985f32cca3c2d1468b993b5ba82b9ea9f921764fbce824a716a76333c3488,2025-03-30,91_2025,mFRRDown,payAsBid,200,0.87,,,15.18,LEI (UI); denominator not inferred,2025-03-30T06:00:00Z,2025-03-30T07:00:00Z,2025-03-30T09:00:00+03:00,+0300,1.0,,,EX_POST_SNAPSHOT;NOT_ASOF_APPROVED
tenderStatistics_2025-03-30,505985f32cca3c2d1468b993b5ba82b9ea9f921764fbce824a716a76333c3488,2025-03-30,91_2025,mFRRDown,payAsBid,200,0.87,,,15.18,LEI (UI); denominator not inferred,2025-03-30T07:00:00Z,2025-03-30T08:00:00Z,2025-03-30T10:00:00+03:00,+0300,1.0,,,EX_POST_SNAPSHOT;NOT_ASOF_APPROVED
tenderStatistics_2025-03-30,505985f32cca3c2d1468b993b5ba82b9ea9f921764fbce824a716a76333c3488,2025-03-30,91_2025,mFRRDown,payAsBid,200,0.62,,,15.18,LEI (UI); denominator not inferred,2025-03-30T08:00:00Z,2025-03-30T09:00:00Z,2025-03-30T11:00:00+03:00,+0300,1.0,,,EX_POST_SNAPSHOT;NOT_ASOF_APPROVED
tenderStatistics_2025-03-30,505985f32cca3c2d1468b993b5ba82b9ea9f921764fbce824a716a76333c3488,2025-03-30,91_2025,mFRRDown,payAsBid,200,0.595,,,15.23,LEI (UI); denominator not inferred,2025-03-30T09:00:00Z,2025-03-30T10:00:00Z,2025-03-30T12:00:00+03:00,+0300,1.0,,,EX_POST_SNAPSHOT;NOT_ASOF_APPROVED
tenderStatistics_2025-03-30,505985f32cca3c2d1468b993b5ba82b9ea9f921764fbce824a716a76333c3488,2025-03-30,91_2025,mFRRDown,payAsBid,200,0.595,,,15.23,LEI (UI); denominator not inferred,2025-03-30T10:00:00Z,2025-03-30T11:00:00Z,2025-03-30T13:00:00+03:00,+0300,1.0,,,EX_POST_SNAPSHOT;NOT_ASOF_APPROVED
tenderStatistics_2025-03-30,505985f32cca3c2d1468b993b5ba82b9ea9f921764fbce824a716a76333c3488,2025-03-30,91_2025,mFRRDown,payAsBid,200,0.595,,,15.23,LEI (UI); denominator not inferred,2025-03-30T11:00:00Z,2025-03-30T12:00:00Z,2025-03-30T14:00:00+03:00,+0300,1.0,,,EX_POST_SNAPSHOT;NOT_ASOF_APPROVED
tenderStatistics_2025-03-30,505985f32cca3c2d1468b993b5ba82b9ea9f921764fbce824a716a76333c3488,2025-03-30,91_2025,mFRRDown,payAsBid,200,0.595,,,15.23,LEI (UI); denominator not inferred,2025-03-30T12:00:00Z,2025-03-30T13:00:00Z,2025-03-30T15:00:00+03:00,+0300,1.0,,,EX_POST_SNAPSHOT;NOT_ASOF_APPROVED
tenderStatistics_2025-03-30,505985f32cca3c2d1468b993b5ba82b9ea9f921764fbce824a716a76333c3488,2025-03-30,91_2025,mFRRDown,payAsBid,200,0.87,,,15.18,LEI (UI); denominator not inferred,2025-03-30T13:00:00Z,2025-03-30T14:00:00Z,2025-03-30T16:00:00+03:00,+0300,1.0,,,EX_POST_SNAPSHOT;NOT_ASOF_APPROVED
tenderStatistics_2025-03-30,505985f32cca3c2d1468b993b5ba82b9ea9f921764fbce824a716a76333c3488,2025-03-30,91_2025,mFRRDown,payAsBid,200,0.87,,,15.18,LEI (UI); denominator not inferred,2025-03-30T14:00:00Z,2025-03-30T15:00:00Z,2025-03-30T17:00:00+03:00,+0300,1.0,,,EX_POST_SNAPSHOT;NOT_ASOF_APPROVED
tenderStatistics_2025-03-30,505985f32cca3c2d1468b993b5ba82b9ea9f921764fbce824a716a76333c3488,2025-03-30,91_2025,mFRRDown,payAsBid,200,0.995,,,14.98,LEI (UI); denominator not inferred,2025-03-30T15:00:00Z,2025-03-30T16:00:00Z,2025-03-30T18:00:00+03:00,+0300,1.0,,,EX_POST_SNAPSHOT;NOT_ASOF_APPROVED
tenderStatistics_2025-03-30,505985f32cca3c2d1468b993b5ba82b9ea9f921764fbce824a716a76333c3488,2025-03-30,91_2025,mFRRDown,payAsBid,200,1,,,14.98,LEI (UI); denominator not inferred,2025-03-30T16:00:00Z,2025-03-30T17:00:00Z,2025-03-30T19:00:00+03:00,+0300,1.0,,,EX_POST_SNAPSHOT;NOT_ASOF_APPROVED
tenderStatistics_2025-03-30,505985f32cca3c2d1468b993b5ba82b9ea9f921764fbce824a716a76333c3488,2025-03-30,91_2025,mFRRDown,payAsBid,200,1,,,14.98,LEI (UI); denominator not inferred,2025-03-30T17:00:00Z,2025-03-30T18:00:00Z,2025-03-30T20:00:00+03:00,+0300,1.0,,,EX_POST_SNAPSHOT;NOT_ASOF_APPROVED
tenderStatistics_2025-03-30,505985f32cca3c2d1468b993b5ba82b9ea9f921764fbce824a716a76333c3488,2025-03-30,91_2025,mFRRDown,payAsBid,200,1,,,14.98,LEI (UI); denominator not inferred,2025-03-30T18:00:00Z,2025-03-30T19:00:00Z,2025-03-30T21:00:00+03:00,+0300,1.0,,,EX_POST_SNAPSHOT;NOT_ASOF_APPROVED
tenderStatistics_2025-03-30,505985f32cca3c2d1468b993b5ba82b9ea9f921764fbce824a716a76333c3488,2025-03-30,91_2025,mFRRDown,payAsBid,200,0.905,,,15.18,LEI (UI); denominator not inferred,2025-03-30T19:00:00Z,2025-03-30T20:00:00Z,2025-03-30T22:00:00+03:00,+0300,1.0,,,EX_POST_SNAPSHOT;NOT_ASOF_APPROVED
tenderStatistics_2025-03-30,505985f32cca3c2d1468b993b5ba82b9ea9f921764fbce824a716a76333c3488,2025-03-30,91_2025,mFRRDown,payAsBid,200,0.905,,,15.18,LEI (UI); denominator not inferred,2025-03-30T20:00:00Z,2025-03-30T21:00:00Z,2025-03-30T23:00:00+03:00,+0300,1.0,,,EX_POST_SNAPSHOT;NOT_ASOF_APPROVED
tenderStatistics_2025-03-30,505985f32cca3c2d1468b993b5ba82b9ea9f921764fbce824a716a76333c3488,2025-03-30,91_2025,mFRRUp,payAsBid,400,1,,,35.63,LEI (UI); denominator not inferred,2025-03-29T22:00:00Z,2025-03-29T23:00:00Z,2025-03-30T00:00:00+02:00,+0200,1.0,,,EX_POST_SNAPSHOT;NOT_ASOF_APPROVED
tenderStatistics_2025-03-30,505985f32cca3c2d1468b993b5ba82b9ea9f921764fbce824a716a76333c3488,2025-03-30,91_2025,mFRRUp,payAsBid,400,1,,,35.63,LEI (UI); denominator not inferred,2025-03-29T23:00:00Z,2025-03-30T00:00:00Z,2025-03-30T01:00:00+02:00,+0200,1.0,,,EX_POST_SNAPSHOT;NOT_ASOF_APPROVED
tenderStatistics_2025-03-30,505985f32cca3c2d1468b993b5ba82b9ea9f921764fbce824a716a76333c3488,2025-03-30,91_2025,mFRRUp,payAsBid,400,1,,,35.63,LEI (UI); denominator not inferred,2025-03-30T00:00:00Z,2025-03-30T01:00:00Z,2025-03-30T02:00:00+02:00,+0200,1.0,,,EX_POST_SNAPSHOT;NOT_ASOF_APPROVED
tenderStatistics_2025-03-30,505985f32cca3c2d1468b993b5ba82b9ea9f921764fbce824a716a76333c3488,2025-03-30,91_2025,mFRRUp,payAsBid,400,1,,,35.63,LEI (UI); denominator not inferred,2025-03-30T01:00:00Z,2025-03-30T02:00:00Z,2025-03-30T04:00:00+03:00,+0300,1.0,,,EX_POST_SNAPSHOT;NOT_ASOF_APPROVED
tenderStatistics_2025-03-30,505985f32cca3c2d1468b993b5ba82b9ea9f921764fbce824a716a76333c3488,2025-03-30,91_2025,mFRRUp,payAsBid,400,1,,,35.63,LEI (UI); denominator not inferred,2025-03-30T02:00:00Z,2025-03-30T03:00:00Z,2025-03-30T05:00:00+03:00,+0300,1.0,,,EX_POST_SNAPSHOT;NOT_ASOF_APPROVED
tenderStatistics_2025-03-30,505985f32cca3c2d1468b993b5ba82b9ea9f921764fbce824a716a76333c3488,2025-03-30,91_2025,mFRRUp,payAsBid,550,1,,,35.75,LEI (UI); denominator not inferred,2025-03-30T03:00:00Z,2025-03-30T04:00:00Z,2025-03-30T06:00:00+03:00,+0300,1.0,,,EX_POST_SNAPSHOT;NOT_ASOF_APPROVED
tenderStatistics_2025-03-30,505985f32cca3c2d1468b993b5ba82b9ea9f921764fbce824a716a76333c3488,2025-03-30,91_2025,mFRRUp,payAsBid,550,1,,,35.75,LEI (UI); denominator not inferred,2025-03-30T04:00:00Z,2025-03-30T05:00:00Z,2025-03-30T07:00:00+03:00,+0300,1.0,,,EX_POST_SNAPSHOT;NOT_ASOF_APPROVED
tenderStatistics_2025-03-30,505985f32cca3c2d1468b993b5ba82b9ea9f921764fbce824a716a76333c3488,2025-03-30,91_2025,mFRRUp,payAsBid,550,1,,,35.75,LEI (UI); denominator not inferred,2025-03-30T05:00:00Z,2025-03-30T06:00:00Z,2025-03-30T08:00:00+03:00,+0300,1.0,,,EX_POST_SNAPSHOT;NOT_ASOF_APPROVED
tenderStatistics_2025-03-30,505985f32cca3c2d1468b993b5ba82b9ea9f921764fbce824a716a76333c3488,2025-03-30,91_2025,mFRRUp,payAsBid,550,1,,,35.75,LEI (UI); denominator not inferred,2025-03-30T06:00:00Z,2025-03-30T07:00:00Z,2025-03-30T09:00:00+03:00,+0300,1.0,,,EX_POST_SNAPSHOT;NOT_ASOF_APPROVED
tenderStatistics_2025-03-30,505985f32cca3c2d1468b993b5ba82b9ea9f921764fbce824a716a76333c3488,2025-03-30,91_2025,mFRRUp,payAsBid,500,1,,,35.63,LEI (UI); denominator not inferred,2025-03-30T07:00:00Z,2025-03-30T08:00:00Z,2025-03-30T10:00:00+03:00,+0300,1.0,,,EX_POST_SNAPSHOT;NOT_ASOF_APPROVED
tenderStatistics_2025-03-30,505985f32cca3c2d1468b993b5ba82b9ea9f921764fbce824a716a76333c3488,2025-03-30,91_2025,mFRRUp,payAsBid,500,1,,,35.63,LEI (UI); denominator not inferred,2025-03-30T08:00:00Z,2025-03-30T09:00:00Z,2025-03-30T11:00:00+03:00,+0300,1.0,,,EX_POST_SNAPSHOT;NOT_ASOF_APPROVED
tenderStatistics_2025-03-30,505985f32cca3c2d1468b993b5ba82b9ea9f921764fbce824a716a76333c3488,2025-03-30,91_2025,mFRRUp,payAsBid,500,1,,,35.63,LEI (UI); denominator not inferred,2025-03-30T09:00:00Z,2025-03-30T10:00:00Z,2025-03-30T12:00:00+03:00,+0300,1.0,,,EX_POST_SNAPSHOT;NOT_ASOF_APPROVED
tenderStatistics_2025-03-30,505985f32cca3c2d1468b993b5ba82b9ea9f921764fbce824a716a76333c3488,2025-03-30,91_2025,mFRRUp,payAsBid,500,1,,,35.63,LEI (UI); denominator not inferred,2025-03-30T10:00:00Z,2025-03-30T11:00:00Z,2025-03-30T13:00:00+03:00,+0300,1.0,,,EX_POST_SNAPSHOT;NOT_ASOF_APPROVED
tenderStatistics_2025-03-30,505985f32cca3c2d1468b993b5ba82b9ea9f921764fbce824a716a76333c3488,2025-03-30,91_2025,mFRRUp,payAsBid,500,1,,,35.63,LEI (UI); denominator not inferred,2025-03-30T11:00:00Z,2025-03-30T12:00:00Z,2025-03-30T14:00:00+03:00,+0300,1.0,,,EX_POST_SNAPSHOT;NOT_ASOF_APPROVED
tenderStatistics_2025-03-30,505985f32cca3c2d1468b993b5ba82b9ea9f921764fbce824a716a76333c3488,2025-03-30,91_2025,mFRRUp,payAsBid,500,1,,,35.63,LEI (UI); denominator not inferred,2025-03-30T12:00:00Z,2025-03-30T13:00:00Z,2025-03-30T15:00:00+03:00,+0300,1.0,,,EX_POST_SNAPSHOT;NOT_ASOF_APPROVED
tenderStatistics_2025-03-30,505985f32cca3c2d1468b993b5ba82b9ea9f921764fbce824a716a76333c3488,2025-03-30,91_2025,mFRRUp,payAsBid,550,1,,,35.75,LEI (UI); denominator not inferred,2025-03-30T13:00:00Z,2025-03-30T14:00:00Z,2025-03-30T16:00:00+03:00,+0300,1.0,,,EX_POST_SNAPSHOT;NOT_ASOF_APPROVED
tenderStatistics_2025-03-30,505985f32cca3c2d1468b993b5ba82b9ea9f921764fbce824a716a76333c3488,2025-03-30,91_2025,mFRRUp,payAsBid,600,1,,,35.75,LEI (UI); denominator not inferred,2025-03-30T14:00:00Z,2025-03-30T15:00:00Z,2025-03-30T17:00:00+03:00,+0300,1.0,,,EX_POST_SNAPSHOT;NOT_ASOF_APPROVED
tenderStatistics_2025-03-30,505985f32cca3c2d1468b993b5ba82b9ea9f921764fbce824a716a76333c3488,2025-03-30,91_2025,mFRRUp,payAsBid,600,1,,,35.75,LEI (UI); denominator not inferred,2025-03-30T15:00:00Z,2025-03-30T16:00:00Z,2025-03-30T18:00:00+03:00,+0300,1.0,,,EX_POST_SNAPSHOT;NOT_ASOF_APPROVED
tenderStatistics_2025-03-30,505985f32cca3c2d1468b993b5ba82b9ea9f921764fbce824a716a76333c3488,2025-03-30,91_2025,mFRRUp,payAsBid,600,1,,,35.75,LEI (UI); denominator not inferred,2025-03-30T16:00:00Z,2025-03-30T17:00:00Z,2025-03-30T19:00:00+03:00,+0300,1.0,,,EX_POST_SNAPSHOT;NOT_ASOF_APPROVED
tenderStatistics_2025-03-30,505985f32cca3c2d1468b993b5ba82b9ea9f921764fbce824a716a76333c3488,2025-03-30,91_2025,mFRRUp,payAsBid,600,1,,,35.75,LEI (UI); denominator not inferred,2025-03-30T17:00:00Z,2025-03-30T18:00:00Z,2025-03-30T20:00:00+03:00,+0300,1.0,,,EX_POST_SNAPSHOT;NOT_ASOF_APPROVED
tenderStatistics_2025-03-30,505985f32cca3c2d1468b993b5ba82b9ea9f921764fbce824a716a76333c3488,2025-03-30,91_2025,mFRRUp,payAsBid,600,1,,,35.75,LEI (UI); denominator not inferred,2025-03-30T18:00:00Z,2025-03-30T19:00:00Z,2025-03-30T21:00:00+03:00,+0300,1.0,,,EX_POST_SNAPSHOT;NOT_ASOF_APPROVED
tenderStatistics_2025-03-30,505985f32cca3c2d1468b993b5ba82b9ea9f921764fbce824a716a76333c3488,2025-03-30,91_2025,mFRRUp,payAsBid,550,1,,,35.75,LEI (UI); denominator not inferred,2025-03-30T19:00:00Z,2025-03-30T20:00:00Z,2025-03-30T22:00:00+03:00,+0300,1.0,,,EX_POST_SNAPSHOT;NOT_ASOF_APPROVED
tenderStatistics_2025-03-30,505985f32cca3c2d1468b993b5ba82b9ea9f921764fbce824a716a76333c3488,2025-03-30,91_2025,mFRRUp,payAsBid,400,1,,,35.63,LEI (UI); denominator not inferred,2025-03-30T20:00:00Z,2025-03-30T21:00:00Z,2025-03-30T23:00:00+03:00,+0300,1.0,,,EX_POST_SNAPSHOT;NOT_ASOF_APPROVED
tenderStatistics_2025-09-30,1b27c3b3db75abe0454e981e8649b918dcc49bc50f5e891e5d7ec2fe93984f60,2025-09-30,406_2025,FCR,payAsBid,116,1.172,,,372.5,LEI (UI); denominator not inferred,2025-09-29T21:00:00Z,2025-09-29T22:00:00Z,2025-09-30T00:00:00+03:00,+0300,1.0,,,EX_POST_SNAPSHOT;NOT_ASOF_APPROVED
tenderStatistics_2025-09-30,1b27c3b3db75abe0454e981e8649b918dcc49bc50f5e891e5d7ec2fe93984f60,2025-09-30,406_2025,FCR,payAsBid,116,1.137,,,372.5,LEI (UI); denominator not inferred,2025-09-29T22:00:00Z,2025-09-29T23:00:00Z,2025-09-30T01:00:00+03:00,+0300,1.0,,,EX_POST_SNAPSHOT;NOT_ASOF_APPROVED
tenderStatistics_2025-09-30,1b27c3b3db75abe0454e981e8649b918dcc49bc50f5e891e5d7ec2fe93984f60,2025-09-30,406_2025,FCR,payAsBid,116,1.137,,,372.5,LEI (UI); denominator not inferred,2025-09-29T23:00:00Z,2025-09-30T00:00:00Z,2025-09-30T02:00:00+03:00,+0300,1.0,,,EX_POST_SNAPSHOT;NOT_ASOF_APPROVED
tenderStatistics_2025-09-30,1b27c3b3db75abe0454e981e8649b918dcc49bc50f5e891e5d7ec2fe93984f60,2025-09-30,406_2025,FCR,payAsBid,116,1.137,,,372.5,LEI (UI); denominator not inferred,2025-09-30T00:00:00Z,2025-09-30T01:00:00Z,2025-09-30T03:00:00+03:00,+0300,1.0,,,EX_POST_SNAPSHOT;NOT_ASOF_APPROVED
tenderStatistics_2025-09-30,1b27c3b3db75abe0454e981e8649b918dcc49bc50f5e891e5d7ec2fe93984f60,2025-09-30,406_2025,FCR,payAsBid,116,1.137,,,372.5,LEI (UI); denominator not inferred,2025-09-30T01:00:00Z,2025-09-30T02:00:00Z,2025-09-30T04:00:00+03:00,+0300,1.0,,,EX_POST_SNAPSHOT;NOT_ASOF_APPROVED
tenderStatistics_2025-09-30,1b27c3b3db75abe0454e981e8649b918dcc49bc50f5e891e5d7ec2fe93984f60,2025-09-30,406_2025,FCR,payAsBid,116,1.137,,,372.5,LEI (UI); denominator not inferred,2025-09-30T02:00:00Z,2025-09-30T03:00:00Z,2025-09-30T05:00:00+03:00,+0300,1.0,,,EX_POST_SNAPSHOT;NOT_ASOF_APPROVED
tenderStatistics_2025-09-30,1b27c3b3db75abe0454e981e8649b918dcc49bc50f5e891e5d7ec2fe93984f60,2025-09-30,406_2025,FCR,payAsBid,116,1.137,,,372.5,LEI (UI); denominator not inferred,2025-09-30T03:00:00Z,2025-09-30T04:00:00Z,2025-09-30T06:00:00+03:00,+0300,1.0,,,EX_POST_SNAPSHOT;NOT_ASOF_APPROVED
tenderStatistics_2025-09-30,1b27c3b3db75abe0454e981e8649b918dcc49bc50f5e891e5d7ec2fe93984f60,2025-09-30,406_2025,FCR,payAsBid,116,1.137,,,372.5,LEI (UI); denominator not inferred,2025-09-30T04:00:00Z,2025-09-30T05:00:00Z,2025-09-30T07:00:00+03:00,+0300,1.0,,,EX_POST_SNAPSHOT;NOT_ASOF_APPROVED
tenderStatistics_2025-09-30,1b27c3b3db75abe0454e981e8649b918dcc49bc50f5e891e5d7ec2fe93984f60,2025-09-30,406_2025,FCR,payAsBid,116,1.137,,,372.5,LEI (UI); denominator not inferred,2025-09-30T05:00:00Z,2025-09-30T06:00:00Z,2025-09-30T08:00:00+03:00,+0300,1.0,,,EX_POST_SNAPSHOT;NOT_ASOF_APPROVED
tenderStatistics_2025-09-30,1b27c3b3db75abe0454e981e8649b918dcc49bc50f5e891e5d7ec2fe93984f60,2025-09-30,406_2025,FCR,payAsBid,116,1.137,,,372.5,LEI (UI); denominator not inferred,2025-09-30T06:00:00Z,2025-09-30T07:00:00Z,2025-09-30T09:00:00+03:00,+0300,1.0,,,EX_POST_SNAPSHOT;NOT_ASOF_APPROVED
tenderStatistics_2025-09-30,1b27c3b3db75abe0454e981e8649b918dcc49bc50f5e891e5d7ec2fe93984f60,2025-09-30,406_2025,FCR,payAsBid,116,0.793,,,372.5,LEI (UI); denominator not inferred,2025-09-30T07:00:00Z,2025-09-30T08:00:00Z,2025-09-30T10:00:00+03:00,+0300,1.0,,,EX_POST_SNAPSHOT;NOT_ASOF_APPROVED
tenderStatistics_2025-09-30,1b27c3b3db75abe0454e981e8649b918dcc49bc50f5e891e5d7ec2fe93984f60,2025-09-30,406_2025,FCR,payAsBid,116,0.793,,,372.5,LEI (UI); denominator not inferred,2025-09-30T08:00:00Z,2025-09-30T09:00:00Z,2025-09-30T11:00:00+03:00,+0300,1.0,,,EX_POST_SNAPSHOT;NOT_ASOF_APPROVED
tenderStatistics_2025-09-30,1b27c3b3db75abe0454e981e8649b918dcc49bc50f5e891e5d7ec2fe93984f60,2025-09-30,406_2025,FCR,payAsBid,116,0.793,,,372.5,LEI (UI); denominator not inferred,2025-09-30T09:00:00Z,2025-09-30T10:00:00Z,2025-09-30T12:00:00+03:00,+0300,1.0,,,EX_POST_SNAPSHOT;NOT_ASOF_APPROVED
tenderStatistics_2025-09-30,1b27c3b3db75abe0454e981e8649b918dcc49bc50f5e891e5d7ec2fe93984f60,2025-09-30,406_2025,FCR,payAsBid,116,0.793,,,372.5,LEI (UI); denominator not inferred,2025-09-30T10:00:00Z,2025-09-30T11:00:00Z,2025-09-30T13:00:00+03:00,+0300,1.0,,,EX_POST_SNAPSHOT;NOT_ASOF_APPROVED
tenderStatistics_2025-09-30,1b27c3b3db75abe0454e981e8649b918dcc49bc50f5e891e5d7ec2fe93984f60,2025-09-30,406_2025,FCR,payAsBid,116,0.793,,,372.5,LEI (UI); denominator not inferred,2025-09-30T11:00:00Z,2025-09-30T12:00:00Z,2025-09-30T14:00:00+03:00,+0300,1.0,,,EX_POST_SNAPSHOT;NOT_ASOF_APPROVED
tenderStatistics_2025-09-30,1b27c3b3db75abe0454e981e8649b918dcc49bc50f5e891e5d7ec2fe93984f60,2025-09-30,406_2025,FCR,payAsBid,116,0.793,,,372.5,LEI (UI); denominator not inferred,2025-09-30T12:00:00Z,2025-09-30T13:00:00Z,2025-09-30T15:00:00+03:00,+0300,1.0,,,EX_POST_SNAPSHOT;NOT_ASOF_APPROVED
tenderStatistics_2025-09-30,1b27c3b3db75abe0454e981e8649b918dcc49bc50f5e891e5d7ec2fe93984f60,2025-09-30,406_2025,FCR,payAsBid,116,0.793,,,372.5,LEI (UI); denominator not inferred,2025-09-30T13:00:00Z,2025-09-30T14:00:00Z,2025-09-30T16:00:00+03:00,+0300,1.0,,,EX_POST_SNAPSHOT;NOT_ASOF_APPROVED
tenderStatistics_2025-09-30,1b27c3b3db75abe0454e981e8649b918dcc49bc50f5e891e5d7ec2fe93984f60,2025-09-30,406_2025,FCR,payAsBid,116,0.793,,,372.5,LEI (UI); denominator not inferred,2025-09-30T14:00:00Z,2025-09-30T15:00:00Z,2025-09-30T17:00:00+03:00,+0300,1.0,,,EX_POST_SNAPSHOT;NOT_ASOF_APPROVED
tenderStatistics_2025-09-30,1b27c3b3db75abe0454e981e8649b918dcc49bc50f5e891e5d7ec2fe93984f60,2025-09-30,406_2025,FCR,payAsBid,116,1.172,,,372.5,LEI (UI); denominator not inferred,2025-09-30T15:00:00Z,2025-09-30T16:00:00Z,2025-09-30T18:00:00+03:00,+0300,1.0,,,EX_POST_SNAPSHOT;NOT_ASOF_APPROVED
tenderStatistics_2025-09-30,1b27c3b3db75abe0454e981e8649b918dcc49bc50f5e891e5d7ec2fe93984f60,2025-09-30,406_2025,FCR,payAsBid,116,1.172,,,372.5,LEI (UI); denominator not inferred,2025-09-30T16:00:00Z,2025-09-30T17:00:00Z,2025-09-30T19:00:00+03:00,+0300,1.0,,,EX_POST_SNAPSHOT;NOT_ASOF_APPROVED
tenderStatistics_2025-09-30,1b27c3b3db75abe0454e981e8649b918dcc49bc50f5e891e5d7ec2fe93984f60,2025-09-30,406_2025,FCR,payAsBid,116,1.172,,,372.5,LEI (UI); denominator not inferred,2025-09-30T17:00:00Z,2025-09-30T18:00:00Z,2025-09-30T20:00:00+03:00,+0300,1.0,,,EX_POST_SNAPSHOT;NOT_ASOF_APPROVED
tenderStatistics_2025-09-30,1b27c3b3db75abe0454e981e8649b918dcc49bc50f5e891e5d7ec2fe93984f60,2025-09-30,406_2025,FCR,payAsBid,116,1.172,,,372.5,LEI (UI); denominator not inferred,2025-09-30T18:00:00Z,2025-09-30T19:00:00Z,2025-09-30T21:00:00+03:00,+0300,1.0,,,EX_POST_SNAPSHOT;NOT_ASOF_APPROVED
tenderStatistics_2025-09-30,1b27c3b3db75abe0454e981e8649b918dcc49bc50f5e891e5d7ec2fe93984f60,2025-09-30,406_2025,FCR,payAsBid,116,1.172,,,372.5,LEI (UI); denominator not inferred,2025-09-30T19:00:00Z,2025-09-30T20:00:00Z,2025-09-30T22:00:00+03:00,+0300,1.0,,,EX_POST_SNAPSHOT;NOT_ASOF_APPROVED
tenderStatistics_2025-09-30,1b27c3b3db75abe0454e981e8649b918dcc49bc50f5e891e5d7ec2fe93984f60,2025-09-30,406_2025,FCR,payAsBid,116,1.172,,,372.5,LEI (UI); denominator not inferred,2025-09-30T20:00:00Z,2025-09-30T21:00:00Z,2025-09-30T23:00:00+03:00,+0300,1.0,,,EX_POST_SNAPSHOT;NOT_ASOF_APPROVED
tenderStatistics_2025-09-30,1b27c3b3db75abe0454e981e8649b918dcc49bc50f5e891e5d7ec2fe93984f60,2025-09-30,402_2025,aFRRDown,payAsBid,200,1,,,25.67,LEI (UI); denominator not inferred,2025-09-29T21:00:00Z,2025-09-29T22:00:00Z,2025-09-30T00:00:00+03:00,+0300,1.0,,,EX_POST_SNAPSHOT;NOT_ASOF_APPROVED
tenderStatistics_2025-09-30,1b27c3b3db75abe0454e981e8649b918dcc49bc50f5e891e5d7ec2fe93984f60,2025-09-30,402_2025,aFRRDown,payAsBid,200,1,,,25.67,LEI (UI); denominator not inferred,2025-09-29T22:00:00Z,2025-09-29T23:00:00Z,2025-09-30T01:00:00+03:00,+0300,1.0,,,EX_POST_SNAPSHOT;NOT_ASOF_APPROVED
tenderStatistics_2025-09-30,1b27c3b3db75abe0454e981e8649b918dcc49bc50f5e891e5d7ec2fe93984f60,2025-09-30,402_2025,aFRRDown,payAsBid,200,1,,,26.08,LEI (UI); denominator not inferred,2025-09-29T23:00:00Z,2025-09-30T00:00:00Z,2025-09-30T02:00:00+03:00,+0300,1.0,,,EX_POST_SNAPSHOT;NOT_ASOF_APPROVED
tenderStatistics_2025-09-30,1b27c3b3db75abe0454e981e8649b918dcc49bc50f5e891e5d7ec2fe93984f60,2025-09-30,402_2025,aFRRDown,payAsBid,200,1,,,26.08,LEI (UI); denominator not inferred,2025-09-30T00:00:00Z,2025-09-30T01:00:00Z,2025-09-30T03:00:00+03:00,+0300,1.0,,,EX_POST_SNAPSHOT;NOT_ASOF_APPROVED
tenderStatistics_2025-09-30,1b27c3b3db75abe0454e981e8649b918dcc49bc50f5e891e5d7ec2fe93984f60,2025-09-30,402_2025,aFRRDown,payAsBid,200,1,,,26.08,LEI (UI); denominator not inferred,2025-09-30T01:00:00Z,2025-09-30T02:00:00Z,2025-09-30T04:00:00+03:00,+0300,1.0,,,EX_POST_SNAPSHOT;NOT_ASOF_APPROVED
tenderStatistics_2025-09-30,1b27c3b3db75abe0454e981e8649b918dcc49bc50f5e891e5d7ec2fe93984f60,2025-09-30,402_2025,aFRRDown,payAsBid,200,1,,,26.08,LEI (UI); denominator not inferred,2025-09-30T02:00:00Z,2025-09-30T03:00:00Z,2025-09-30T05:00:00+03:00,+0300,1.0,,,EX_POST_SNAPSHOT;NOT_ASOF_APPROVED
tenderStatistics_2025-09-30,1b27c3b3db75abe0454e981e8649b918dcc49bc50f5e891e5d7ec2fe93984f60,2025-09-30,402_2025,aFRRDown,payAsBid,200,1,,,25.67,LEI (UI); denominator not inferred,2025-09-30T03:00:00Z,2025-09-30T04:00:00Z,2025-09-30T06:00:00+03:00,+0300,1.0,,,EX_POST_SNAPSHOT;NOT_ASOF_APPROVED
tenderStatistics_2025-09-30,1b27c3b3db75abe0454e981e8649b918dcc49bc50f5e891e5d7ec2fe93984f60,2025-09-30,402_2025,aFRRDown,payAsBid,200,1,,,24.42,LEI (UI); denominator not inferred,2025-09-30T04:00:00Z,2025-09-30T05:00:00Z,2025-09-30T07:00:00+03:00,+0300,1.0,,,EX_POST_SNAPSHOT;NOT_ASOF_APPROVED
tenderStatistics_2025-09-30,1b27c3b3db75abe0454e981e8649b918dcc49bc50f5e891e5d7ec2fe93984f60,2025-09-30,402_2025,aFRRDown,payAsBid,200,1,,,23.38,LEI (UI); denominator not inferred,2025-09-30T05:00:00Z,2025-09-30T06:00:00Z,2025-09-30T08:00:00+03:00,+0300,1.0,,,EX_POST_SNAPSHOT;NOT_ASOF_APPROVED
tenderStatistics_2025-09-30,1b27c3b3db75abe0454e981e8649b918dcc49bc50f5e891e5d7ec2fe93984f60,2025-09-30,402_2025,aFRRDown,payAsBid,200,1,,,23.38,LEI (UI); denominator not inferred,2025-09-30T06:00:00Z,2025-09-30T07:00:00Z,2025-09-30T09:00:00+03:00,+0300,1.0,,,EX_POST_SNAPSHOT;NOT_ASOF_APPROVED
tenderStatistics_2025-09-30,1b27c3b3db75abe0454e981e8649b918dcc49bc50f5e891e5d7ec2fe93984f60,2025-09-30,402_2025,aFRRDown,payAsBid,200,1,,,26.95,LEI (UI); denominator not inferred,2025-09-30T07:00:00Z,2025-09-30T08:00:00Z,2025-09-30T10:00:00+03:00,+0300,1.0,,,EX_POST_SNAPSHOT;NOT_ASOF_APPROVED
tenderStatistics_2025-09-30,1b27c3b3db75abe0454e981e8649b918dcc49bc50f5e891e5d7ec2fe93984f60,2025-09-30,402_2025,aFRRDown,payAsBid,200,1,,,26.86,LEI (UI); denominator not inferred,2025-09-30T08:00:00Z,2025-09-30T09:00:00Z,2025-09-30T11:00:00+03:00,+0300,1.0,,,EX_POST_SNAPSHOT;NOT_ASOF_APPROVED
tenderStatistics_2025-09-30,1b27c3b3db75abe0454e981e8649b918dcc49bc50f5e891e5d7ec2fe93984f60,2025-09-30,402_2025,aFRRDown,payAsBid,200,1,,,56.1,LEI (UI); denominator not inferred,2025-09-30T09:00:00Z,2025-09-30T10:00:00Z,2025-09-30T12:00:00+03:00,+0300,1.0,,,EX_POST_SNAPSHOT;NOT_ASOF_APPROVED
tenderStatistics_2025-09-30,1b27c3b3db75abe0454e981e8649b918dcc49bc50f5e891e5d7ec2fe93984f60,2025-09-30,402_2025,aFRRDown,payAsBid,200,1,,,56.1,LEI (UI); denominator not inferred,2025-09-30T10:00:00Z,2025-09-30T11:00:00Z,2025-09-30T13:00:00+03:00,+0300,1.0,,,EX_POST_SNAPSHOT;NOT_ASOF_APPROVED
tenderStatistics_2025-09-30,1b27c3b3db75abe0454e981e8649b918dcc49bc50f5e891e5d7ec2fe93984f60,2025-09-30,402_2025,aFRRDown,payAsBid,200,1,,,56.1,LEI (UI); denominator not inferred,2025-09-30T11:00:00Z,2025-09-30T12:00:00Z,2025-09-30T14:00:00+03:00,+0300,1.0,,,EX_POST_SNAPSHOT;NOT_ASOF_APPROVED
tenderStatistics_2025-09-30,1b27c3b3db75abe0454e981e8649b918dcc49bc50f5e891e5d7ec2fe93984f60,2025-09-30,402_2025,aFRRDown,payAsBid,200,1,,,56.1,LEI (UI); denominator not inferred,2025-09-30T12:00:00Z,2025-09-30T13:00:00Z,2025-09-30T15:00:00+03:00,+0300,1.0,,,EX_POST_SNAPSHOT;NOT_ASOF_APPROVED
tenderStatistics_2025-09-30,1b27c3b3db75abe0454e981e8649b918dcc49bc50f5e891e5d7ec2fe93984f60,2025-09-30,402_2025,aFRRDown,payAsBid,200,1,,,48.87,LEI (UI); denominator not inferred,2025-09-30T13:00:00Z,2025-09-30T14:00:00Z,2025-09-30T16:00:00+03:00,+0300,1.0,,,EX_POST_SNAPSHOT;NOT_ASOF_APPROVED
tenderStatistics_2025-09-30,1b27c3b3db75abe0454e981e8649b918dcc49bc50f5e891e5d7ec2fe93984f60,2025-09-30,402_2025,aFRRDown,payAsBid,200,1,,,25.8,LEI (UI); denominator not inferred,2025-09-30T14:00:00Z,2025-09-30T15:00:00Z,2025-09-30T17:00:00+03:00,+0300,1.0,,,EX_POST_SNAPSHOT;NOT_ASOF_APPROVED
tenderStatistics_2025-09-30,1b27c3b3db75abe0454e981e8649b918dcc49bc50f5e891e5d7ec2fe93984f60,2025-09-30,402_2025,aFRRDown,payAsBid,200,1,,,25.67,LEI (UI); denominator not inferred,2025-09-30T15:00:00Z,2025-09-30T16:00:00Z,2025-09-30T18:00:00+03:00,+0300,1.0,,,EX_POST_SNAPSHOT;NOT_ASOF_APPROVED
tenderStatistics_2025-09-30,1b27c3b3db75abe0454e981e8649b918dcc49bc50f5e891e5d7ec2fe93984f60,2025-09-30,402_2025,aFRRDown,payAsBid,200,1,,,25.67,LEI (UI); denominator not inferred,2025-09-30T16:00:00Z,2025-09-30T17:00:00Z,2025-09-30T19:00:00+03:00,+0300,1.0,,,EX_POST_SNAPSHOT;NOT_ASOF_APPROVED
tenderStatistics_2025-09-30,1b27c3b3db75abe0454e981e8649b918dcc49bc50f5e891e5d7ec2fe93984f60,2025-09-30,402_2025,aFRRDown,payAsBid,200,1,,,23.22,LEI (UI); denominator not inferred,2025-09-30T17:00:00Z,2025-09-30T18:00:00Z,2025-09-30T20:00:00+03:00,+0300,1.0,,,EX_POST_SNAPSHOT;NOT_ASOF_APPROVED
tenderStatistics_2025-09-30,1b27c3b3db75abe0454e981e8649b918dcc49bc50f5e891e5d7ec2fe93984f60,2025-09-30,402_2025,aFRRDown,payAsBid,200,1,,,23.62,LEI (UI); denominator not inferred,2025-09-30T18:00:00Z,2025-09-30T19:00:00Z,2025-09-30T21:00:00+03:00,+0300,1.0,,,EX_POST_SNAPSHOT;NOT_ASOF_APPROVED
tenderStatistics_2025-09-30,1b27c3b3db75abe0454e981e8649b918dcc49bc50f5e891e5d7ec2fe93984f60,2025-09-30,402_2025,aFRRDown,payAsBid,200,1,,,23.62,LEI (UI); denominator not inferred,2025-09-30T19:00:00Z,2025-09-30T20:00:00Z,2025-09-30T22:00:00+03:00,+0300,1.0,,,EX_POST_SNAPSHOT;NOT_ASOF_APPROVED
tenderStatistics_2025-09-30,1b27c3b3db75abe0454e981e8649b918dcc49bc50f5e891e5d7ec2fe93984f60,2025-09-30,402_2025,aFRRDown,payAsBid,200,1,,,23.62,LEI (UI); denominator not inferred,2025-09-30T20:00:00Z,2025-09-30T21:00:00Z,2025-09-30T23:00:00+03:00,+0300,1.0,,,EX_POST_SNAPSHOT;NOT_ASOF_APPROVED
tenderStatistics_2025-09-30,1b27c3b3db75abe0454e981e8649b918dcc49bc50f5e891e5d7ec2fe93984f60,2025-09-30,402_2025,aFRRUp,payAsBid,200,1,,,48.07,LEI (UI); denominator not inferred,2025-09-29T21:00:00Z,2025-09-29T22:00:00Z,2025-09-30T00:00:00+03:00,+0300,1.0,,,EX_POST_SNAPSHOT;NOT_ASOF_APPROVED
tenderStatistics_2025-09-30,1b27c3b3db75abe0454e981e8649b918dcc49bc50f5e891e5d7ec2fe93984f60,2025-09-30,402_2025,aFRRUp,payAsBid,200,1,,,47.24,LEI (UI); denominator not inferred,2025-09-29T22:00:00Z,2025-09-29T23:00:00Z,2025-09-30T01:00:00+03:00,+0300,1.0,,,EX_POST_SNAPSHOT;NOT_ASOF_APPROVED
tenderStatistics_2025-09-30,1b27c3b3db75abe0454e981e8649b918dcc49bc50f5e891e5d7ec2fe93984f60,2025-09-30,402_2025,aFRRUp,payAsBid,200,1,,,33.24,LEI (UI); denominator not inferred,2025-09-29T23:00:00Z,2025-09-30T00:00:00Z,2025-09-30T02:00:00+03:00,+0300,1.0,,,EX_POST_SNAPSHOT;NOT_ASOF_APPROVED
tenderStatistics_2025-09-30,1b27c3b3db75abe0454e981e8649b918dcc49bc50f5e891e5d7ec2fe93984f60,2025-09-30,402_2025,aFRRUp,payAsBid,200,1,,,33.24,LEI (UI); denominator not inferred,2025-09-30T00:00:00Z,2025-09-30T01:00:00Z,2025-09-30T03:00:00+03:00,+0300,1.0,,,EX_POST_SNAPSHOT;NOT_ASOF_APPROVED
tenderStatistics_2025-09-30,1b27c3b3db75abe0454e981e8649b918dcc49bc50f5e891e5d7ec2fe93984f60,2025-09-30,402_2025,aFRRUp,payAsBid,200,1,,,33.24,LEI (UI); denominator not inferred,2025-09-30T01:00:00Z,2025-09-30T02:00:00Z,2025-09-30T04:00:00+03:00,+0300,1.0,,,EX_POST_SNAPSHOT;NOT_ASOF_APPROVED
tenderStatistics_2025-09-30,1b27c3b3db75abe0454e981e8649b918dcc49bc50f5e891e5d7ec2fe93984f60,2025-09-30,402_2025,aFRRUp,payAsBid,200,1,,,33.24,LEI (UI); denominator not inferred,2025-09-30T02:00:00Z,2025-09-30T03:00:00Z,2025-09-30T05:00:00+03:00,+0300,1.0,,,EX_POST_SNAPSHOT;NOT_ASOF_APPROVED
tenderStatistics_2025-09-30,1b27c3b3db75abe0454e981e8649b918dcc49bc50f5e891e5d7ec2fe93984f60,2025-09-30,402_2025,aFRRUp,payAsBid,200,1,,,33.24,LEI (UI); denominator not inferred,2025-09-30T03:00:00Z,2025-09-30T04:00:00Z,2025-09-30T06:00:00+03:00,+0300,1.0,,,EX_POST_SNAPSHOT;NOT_ASOF_APPROVED
tenderStatistics_2025-09-30,1b27c3b3db75abe0454e981e8649b918dcc49bc50f5e891e5d7ec2fe93984f60,2025-09-30,402_2025,aFRRUp,payAsBid,200,1,,,56.06,LEI (UI); denominator not inferred,2025-09-30T04:00:00Z,2025-09-30T05:00:00Z,2025-09-30T07:00:00+03:00,+0300,1.0,,,EX_POST_SNAPSHOT;NOT_ASOF_APPROVED
tenderStatistics_2025-09-30,1b27c3b3db75abe0454e981e8649b918dcc49bc50f5e891e5d7ec2fe93984f60,2025-09-30,402_2025,aFRRUp,payAsBid,200,1,,,56.6,LEI (UI); denominator not inferred,2025-09-30T05:00:00Z,2025-09-30T06:00:00Z,2025-09-30T08:00:00+03:00,+0300,1.0,,,EX_POST_SNAPSHOT;NOT_ASOF_APPROVED
tenderStatistics_2025-09-30,1b27c3b3db75abe0454e981e8649b918dcc49bc50f5e891e5d7ec2fe93984f60,2025-09-30,402_2025,aFRRUp,payAsBid,200,1,,,35.91,LEI (UI); denominator not inferred,2025-09-30T06:00:00Z,2025-09-30T07:00:00Z,2025-09-30T09:00:00+03:00,+0300,1.0,,,EX_POST_SNAPSHOT;NOT_ASOF_APPROVED
tenderStatistics_2025-09-30,1b27c3b3db75abe0454e981e8649b918dcc49bc50f5e891e5d7ec2fe93984f60,2025-09-30,402_2025,aFRRUp,payAsBid,200,1,,,33.2,LEI (UI); denominator not inferred,2025-09-30T07:00:00Z,2025-09-30T08:00:00Z,2025-09-30T10:00:00+03:00,+0300,1.0,,,EX_POST_SNAPSHOT;NOT_ASOF_APPROVED
tenderStatistics_2025-09-30,1b27c3b3db75abe0454e981e8649b918dcc49bc50f5e891e5d7ec2fe93984f60,2025-09-30,402_2025,aFRRUp,payAsBid,200,1,,,30.33,LEI (UI); denominator not inferred,2025-09-30T08:00:00Z,2025-09-30T09:00:00Z,2025-09-30T11:00:00+03:00,+0300,1.0,,,EX_POST_SNAPSHOT;NOT_ASOF_APPROVED
tenderStatistics_2025-09-30,1b27c3b3db75abe0454e981e8649b918dcc49bc50f5e891e5d7ec2fe93984f60,2025-09-30,402_2025,aFRRUp,payAsBid,200,1,,,30.33,LEI (UI); denominator not inferred,2025-09-30T09:00:00Z,2025-09-30T10:00:00Z,2025-09-30T12:00:00+03:00,+0300,1.0,,,EX_POST_SNAPSHOT;NOT_ASOF_APPROVED
tenderStatistics_2025-09-30,1b27c3b3db75abe0454e981e8649b918dcc49bc50f5e891e5d7ec2fe93984f60,2025-09-30,402_2025,aFRRUp,payAsBid,200,1,,,30.33,LEI (UI); denominator not inferred,2025-09-30T10:00:00Z,2025-09-30T11:00:00Z,2025-09-30T13:00:00+03:00,+0300,1.0,,,EX_POST_SNAPSHOT;NOT_ASOF_APPROVED
tenderStatistics_2025-09-30,1b27c3b3db75abe0454e981e8649b918dcc49bc50f5e891e5d7ec2fe93984f60,2025-09-30,402_2025,aFRRUp,payAsBid,200,1,,,30.33,LEI (UI); denominator not inferred,2025-09-30T11:00:00Z,2025-09-30T12:00:00Z,2025-09-30T14:00:00+03:00,+0300,1.0,,,EX_POST_SNAPSHOT;NOT_ASOF_APPROVED
tenderStatistics_2025-09-30,1b27c3b3db75abe0454e981e8649b918dcc49bc50f5e891e5d7ec2fe93984f60,2025-09-30,402_2025,aFRRUp,payAsBid,200,1,,,30.33,LEI (UI); denominator not inferred,2025-09-30T12:00:00Z,2025-09-30T13:00:00Z,2025-09-30T15:00:00+03:00,+0300,1.0,,,EX_POST_SNAPSHOT;NOT_ASOF_APPROVED
tenderStatistics_2025-09-30,1b27c3b3db75abe0454e981e8649b918dcc49bc50f5e891e5d7ec2fe93984f60,2025-09-30,402_2025,aFRRUp,payAsBid,200,1,,,34.11,LEI (UI); denominator not inferred,2025-09-30T13:00:00Z,2025-09-30T14:00:00Z,2025-09-30T16:00:00+03:00,+0300,1.0,,,EX_POST_SNAPSHOT;NOT_ASOF_APPROVED
tenderStatistics_2025-09-30,1b27c3b3db75abe0454e981e8649b918dcc49bc50f5e891e5d7ec2fe93984f60,2025-09-30,402_2025,aFRRUp,payAsBid,200,1,,,37.4,LEI (UI); denominator not inferred,2025-09-30T14:00:00Z,2025-09-30T15:00:00Z,2025-09-30T17:00:00+03:00,+0300,1.0,,,EX_POST_SNAPSHOT;NOT_ASOF_APPROVED
tenderStatistics_2025-09-30,1b27c3b3db75abe0454e981e8649b918dcc49bc50f5e891e5d7ec2fe93984f60,2025-09-30,402_2025,aFRRUp,payAsBid,200,1,,,37.4,LEI (UI); denominator not inferred,2025-09-30T15:00:00Z,2025-09-30T16:00:00Z,2025-09-30T18:00:00+03:00,+0300,1.0,,,EX_POST_SNAPSHOT;NOT_ASOF_APPROVED
tenderStatistics_2025-09-30,1b27c3b3db75abe0454e981e8649b918dcc49bc50f5e891e5d7ec2fe93984f60,2025-09-30,402_2025,aFRRUp,payAsBid,200,1,,,52.93,LEI (UI); denominator not inferred,2025-09-30T16:00:00Z,2025-09-30T17:00:00Z,2025-09-30T19:00:00+03:00,+0300,1.0,,,EX_POST_SNAPSHOT;NOT_ASOF_APPROVED
tenderStatistics_2025-09-30,1b27c3b3db75abe0454e981e8649b918dcc49bc50f5e891e5d7ec2fe93984f60,2025-09-30,402_2025,aFRRUp,payAsBid,200,1,,,58.01,LEI (UI); denominator not inferred,2025-09-30T17:00:00Z,2025-09-30T18:00:00Z,2025-09-30T20:00:00+03:00,+0300,1.0,,,EX_POST_SNAPSHOT;NOT_ASOF_APPROVED
tenderStatistics_2025-09-30,1b27c3b3db75abe0454e981e8649b918dcc49bc50f5e891e5d7ec2fe93984f60,2025-09-30,402_2025,aFRRUp,payAsBid,200,1,,,51.53,LEI (UI); denominator not inferred,2025-09-30T18:00:00Z,2025-09-30T19:00:00Z,2025-09-30T21:00:00+03:00,+0300,1.0,,,EX_POST_SNAPSHOT;NOT_ASOF_APPROVED
tenderStatistics_2025-09-30,1b27c3b3db75abe0454e981e8649b918dcc49bc50f5e891e5d7ec2fe93984f60,2025-09-30,402_2025,aFRRUp,payAsBid,200,1,,,48.67,LEI (UI); denominator not inferred,2025-09-30T19:00:00Z,2025-09-30T20:00:00Z,2025-09-30T22:00:00+03:00,+0300,1.0,,,EX_POST_SNAPSHOT;NOT_ASOF_APPROVED
tenderStatistics_2025-09-30,1b27c3b3db75abe0454e981e8649b918dcc49bc50f5e891e5d7ec2fe93984f60,2025-09-30,402_2025,aFRRUp,payAsBid,200,1,,,48.98,LEI (UI); denominator not inferred,2025-09-30T20:00:00Z,2025-09-30T21:00:00Z,2025-09-30T23:00:00+03:00,+0300,1.0,,,EX_POST_SNAPSHOT;NOT_ASOF_APPROVED
tenderStatistics_2025-09-30,1b27c3b3db75abe0454e981e8649b918dcc49bc50f5e891e5d7ec2fe93984f60,2025-09-30,402_2025,mFRRDown,payAsBid,200,1,,,15,LEI (UI); denominator not inferred,2025-09-29T21:00:00Z,2025-09-29T22:00:00Z,2025-09-30T00:00:00+03:00,+0300,1.0,,,EX_POST_SNAPSHOT;NOT_ASOF_APPROVED
tenderStatistics_2025-09-30,1b27c3b3db75abe0454e981e8649b918dcc49bc50f5e891e5d7ec2fe93984f60,2025-09-30,402_2025,mFRRDown,payAsBid,200,1,,,15,LEI (UI); denominator not inferred,2025-09-29T22:00:00Z,2025-09-29T23:00:00Z,2025-09-30T01:00:00+03:00,+0300,1.0,,,EX_POST_SNAPSHOT;NOT_ASOF_APPROVED
tenderStatistics_2025-09-30,1b27c3b3db75abe0454e981e8649b918dcc49bc50f5e891e5d7ec2fe93984f60,2025-09-30,402_2025,mFRRDown,payAsBid,200,1,,,15,LEI (UI); denominator not inferred,2025-09-29T23:00:00Z,2025-09-30T00:00:00Z,2025-09-30T02:00:00+03:00,+0300,1.0,,,EX_POST_SNAPSHOT;NOT_ASOF_APPROVED
tenderStatistics_2025-09-30,1b27c3b3db75abe0454e981e8649b918dcc49bc50f5e891e5d7ec2fe93984f60,2025-09-30,402_2025,mFRRDown,payAsBid,200,1,,,15,LEI (UI); denominator not inferred,2025-09-30T00:00:00Z,2025-09-30T01:00:00Z,2025-09-30T03:00:00+03:00,+0300,1.0,,,EX_POST_SNAPSHOT;NOT_ASOF_APPROVED
tenderStatistics_2025-09-30,1b27c3b3db75abe0454e981e8649b918dcc49bc50f5e891e5d7ec2fe93984f60,2025-09-30,402_2025,mFRRDown,payAsBid,200,1,,,15,LEI (UI); denominator not inferred,2025-09-30T01:00:00Z,2025-09-30T02:00:00Z,2025-09-30T04:00:00+03:00,+0300,1.0,,,EX_POST_SNAPSHOT;NOT_ASOF_APPROVED
tenderStatistics_2025-09-30,1b27c3b3db75abe0454e981e8649b918dcc49bc50f5e891e5d7ec2fe93984f60,2025-09-30,402_2025,mFRRDown,payAsBid,200,1,,,15,LEI (UI); denominator not inferred,2025-09-30T02:00:00Z,2025-09-30T03:00:00Z,2025-09-30T05:00:00+03:00,+0300,1.0,,,EX_POST_SNAPSHOT;NOT_ASOF_APPROVED
tenderStatistics_2025-09-30,1b27c3b3db75abe0454e981e8649b918dcc49bc50f5e891e5d7ec2fe93984f60,2025-09-30,402_2025,mFRRDown,payAsBid,200,1,,,14.75,LEI (UI); denominator not inferred,2025-09-30T03:00:00Z,2025-09-30T04:00:00Z,2025-09-30T06:00:00+03:00,+0300,1.0,,,EX_POST_SNAPSHOT;NOT_ASOF_APPROVED
tenderStatistics_2025-09-30,1b27c3b3db75abe0454e981e8649b918dcc49bc50f5e891e5d7ec2fe93984f60,2025-09-30,402_2025,mFRRDown,payAsBid,200,1,,,15,LEI (UI); denominator not inferred,2025-09-30T04:00:00Z,2025-09-30T05:00:00Z,2025-09-30T07:00:00+03:00,+0300,1.0,,,EX_POST_SNAPSHOT;NOT_ASOF_APPROVED
tenderStatistics_2025-09-30,1b27c3b3db75abe0454e981e8649b918dcc49bc50f5e891e5d7ec2fe93984f60,2025-09-30,402_2025,mFRRDown,payAsBid,200,1,,,15,LEI (UI); denominator not inferred,2025-09-30T05:00:00Z,2025-09-30T06:00:00Z,2025-09-30T08:00:00+03:00,+0300,1.0,,,EX_POST_SNAPSHOT;NOT_ASOF_APPROVED
tenderStatistics_2025-09-30,1b27c3b3db75abe0454e981e8649b918dcc49bc50f5e891e5d7ec2fe93984f60,2025-09-30,402_2025,mFRRDown,payAsBid,200,1,,,14.83,LEI (UI); denominator not inferred,2025-09-30T06:00:00Z,2025-09-30T07:00:00Z,2025-09-30T09:00:00+03:00,+0300,1.0,,,EX_POST_SNAPSHOT;NOT_ASOF_APPROVED
tenderStatistics_2025-09-30,1b27c3b3db75abe0454e981e8649b918dcc49bc50f5e891e5d7ec2fe93984f60,2025-09-30,402_2025,mFRRDown,payAsBid,250,1,,,33.99,LEI (UI); denominator not inferred,2025-09-30T07:00:00Z,2025-09-30T08:00:00Z,2025-09-30T10:00:00+03:00,+0300,1.0,,,EX_POST_SNAPSHOT;NOT_ASOF_APPROVED
tenderStatistics_2025-09-30,1b27c3b3db75abe0454e981e8649b918dcc49bc50f5e891e5d7ec2fe93984f60,2025-09-30,402_2025,mFRRDown,payAsBid,250,1,,,115.09,LEI (UI); denominator not inferred,2025-09-30T08:00:00Z,2025-09-30T09:00:00Z,2025-09-30T11:00:00+03:00,+0300,1.0,,,EX_POST_SNAPSHOT;NOT_ASOF_APPROVED
tenderStatistics_2025-09-30,1b27c3b3db75abe0454e981e8649b918dcc49bc50f5e891e5d7ec2fe93984f60,2025-09-30,402_2025,mFRRDown,payAsBid,250,1,,,133.91,LEI (UI); denominator not inferred,2025-09-30T09:00:00Z,2025-09-30T10:00:00Z,2025-09-30T12:00:00+03:00,+0300,1.0,,,EX_POST_SNAPSHOT;NOT_ASOF_APPROVED
tenderStatistics_2025-09-30,1b27c3b3db75abe0454e981e8649b918dcc49bc50f5e891e5d7ec2fe93984f60,2025-09-30,402_2025,mFRRDown,payAsBid,250,1,,,133.93,LEI (UI); denominator not inferred,2025-09-30T10:00:00Z,2025-09-30T11:00:00Z,2025-09-30T13:00:00+03:00,+0300,1.0,,,EX_POST_SNAPSHOT;NOT_ASOF_APPROVED
tenderStatistics_2025-09-30,1b27c3b3db75abe0454e981e8649b918dcc49bc50f5e891e5d7ec2fe93984f60,2025-09-30,402_2025,mFRRDown,payAsBid,250,1,,,142.03,LEI (UI); denominator not inferred,2025-09-30T11:00:00Z,2025-09-30T12:00:00Z,2025-09-30T14:00:00+03:00,+0300,1.0,,,EX_POST_SNAPSHOT;NOT_ASOF_APPROVED
tenderStatistics_2025-09-30,1b27c3b3db75abe0454e981e8649b918dcc49bc50f5e891e5d7ec2fe93984f60,2025-09-30,402_2025,mFRRDown,payAsBid,250,1,,,142.03,LEI (UI); denominator not inferred,2025-09-30T12:00:00Z,2025-09-30T13:00:00Z,2025-09-30T15:00:00+03:00,+0300,1.0,,,EX_POST_SNAPSHOT;NOT_ASOF_APPROVED
tenderStatistics_2025-09-30,1b27c3b3db75abe0454e981e8649b918dcc49bc50f5e891e5d7ec2fe93984f60,2025-09-30,402_2025,mFRRDown,payAsBid,200,1,,,16,LEI (UI); denominator not inferred,2025-09-30T13:00:00Z,2025-09-30T14:00:00Z,2025-09-30T16:00:00+03:00,+0300,1.0,,,EX_POST_SNAPSHOT;NOT_ASOF_APPROVED
tenderStatistics_2025-09-30,1b27c3b3db75abe0454e981e8649b918dcc49bc50f5e891e5d7ec2fe93984f60,2025-09-30,402_2025,mFRRDown,payAsBid,200,1,,,15.25,LEI (UI); denominator not inferred,2025-09-30T14:00:00Z,2025-09-30T15:00:00Z,2025-09-30T17:00:00+03:00,+0300,1.0,,,EX_POST_SNAPSHOT;NOT_ASOF_APPROVED
tenderStatistics_2025-09-30,1b27c3b3db75abe0454e981e8649b918dcc49bc50f5e891e5d7ec2fe93984f60,2025-09-30,402_2025,mFRRDown,payAsBid,200,1,,,15,LEI (UI); denominator not inferred,2025-09-30T15:00:00Z,2025-09-30T16:00:00Z,2025-09-30T18:00:00+03:00,+0300,1.0,,,EX_POST_SNAPSHOT;NOT_ASOF_APPROVED
tenderStatistics_2025-09-30,1b27c3b3db75abe0454e981e8649b918dcc49bc50f5e891e5d7ec2fe93984f60,2025-09-30,402_2025,mFRRDown,payAsBid,200,1,,,15,LEI (UI); denominator not inferred,2025-09-30T16:00:00Z,2025-09-30T17:00:00Z,2025-09-30T19:00:00+03:00,+0300,1.0,,,EX_POST_SNAPSHOT;NOT_ASOF_APPROVED
tenderStatistics_2025-09-30,1b27c3b3db75abe0454e981e8649b918dcc49bc50f5e891e5d7ec2fe93984f60,2025-09-30,402_2025,mFRRDown,payAsBid,200,1,,,15,LEI (UI); denominator not inferred,2025-09-30T17:00:00Z,2025-09-30T18:00:00Z,2025-09-30T20:00:00+03:00,+0300,1.0,,,EX_POST_SNAPSHOT;NOT_ASOF_APPROVED
tenderStatistics_2025-09-30,1b27c3b3db75abe0454e981e8649b918dcc49bc50f5e891e5d7ec2fe93984f60,2025-09-30,402_2025,mFRRDown,payAsBid,200,1,,,15,LEI (UI); denominator not inferred,2025-09-30T18:00:00Z,2025-09-30T19:00:00Z,2025-09-30T21:00:00+03:00,+0300,1.0,,,EX_POST_SNAPSHOT;NOT_ASOF_APPROVED
tenderStatistics_2025-09-30,1b27c3b3db75abe0454e981e8649b918dcc49bc50f5e891e5d7ec2fe93984f60,2025-09-30,402_2025,mFRRDown,payAsBid,200,1,,,15.14,LEI (UI); denominator not inferred,2025-09-30T19:00:00Z,2025-09-30T20:00:00Z,2025-09-30T22:00:00+03:00,+0300,1.0,,,EX_POST_SNAPSHOT;NOT_ASOF_APPROVED
tenderStatistics_2025-09-30,1b27c3b3db75abe0454e981e8649b918dcc49bc50f5e891e5d7ec2fe93984f60,2025-09-30,402_2025,mFRRDown,payAsBid,200,1,,,15.14,LEI (UI); denominator not inferred,2025-09-30T20:00:00Z,2025-09-30T21:00:00Z,2025-09-30T23:00:00+03:00,+0300,1.0,,,EX_POST_SNAPSHOT;NOT_ASOF_APPROVED
tenderStatistics_2025-09-30,1b27c3b3db75abe0454e981e8649b918dcc49bc50f5e891e5d7ec2fe93984f60,2025-09-30,402_2025,mFRRUp,payAsBid,400,1,,,37.54,LEI (UI); denominator not inferred,2025-09-29T21:00:00Z,2025-09-29T22:00:00Z,2025-09-30T00:00:00+03:00,+0300,1.0,,,EX_POST_SNAPSHOT;NOT_ASOF_APPROVED
tenderStatistics_2025-09-30,1b27c3b3db75abe0454e981e8649b918dcc49bc50f5e891e5d7ec2fe93984f60,2025-09-30,402_2025,mFRRUp,payAsBid,400,1,,,37.54,LEI (UI); denominator not inferred,2025-09-29T22:00:00Z,2025-09-29T23:00:00Z,2025-09-30T01:00:00+03:00,+0300,1.0,,,EX_POST_SNAPSHOT;NOT_ASOF_APPROVED
tenderStatistics_2025-09-30,1b27c3b3db75abe0454e981e8649b918dcc49bc50f5e891e5d7ec2fe93984f60,2025-09-30,402_2025,mFRRUp,payAsBid,400,1,,,37.54,LEI (UI); denominator not inferred,2025-09-29T23:00:00Z,2025-09-30T00:00:00Z,2025-09-30T02:00:00+03:00,+0300,1.0,,,EX_POST_SNAPSHOT;NOT_ASOF_APPROVED
tenderStatistics_2025-09-30,1b27c3b3db75abe0454e981e8649b918dcc49bc50f5e891e5d7ec2fe93984f60,2025-09-30,402_2025,mFRRUp,payAsBid,400,1,,,37.54,LEI (UI); denominator not inferred,2025-09-30T00:00:00Z,2025-09-30T01:00:00Z,2025-09-30T03:00:00+03:00,+0300,1.0,,,EX_POST_SNAPSHOT;NOT_ASOF_APPROVED
tenderStatistics_2025-09-30,1b27c3b3db75abe0454e981e8649b918dcc49bc50f5e891e5d7ec2fe93984f60,2025-09-30,402_2025,mFRRUp,payAsBid,400,1,,,37.54,LEI (UI); denominator not inferred,2025-09-30T01:00:00Z,2025-09-30T02:00:00Z,2025-09-30T04:00:00+03:00,+0300,1.0,,,EX_POST_SNAPSHOT;NOT_ASOF_APPROVED
tenderStatistics_2025-09-30,1b27c3b3db75abe0454e981e8649b918dcc49bc50f5e891e5d7ec2fe93984f60,2025-09-30,402_2025,mFRRUp,payAsBid,400,1,,,37.54,LEI (UI); denominator not inferred,2025-09-30T02:00:00Z,2025-09-30T03:00:00Z,2025-09-30T05:00:00+03:00,+0300,1.0,,,EX_POST_SNAPSHOT;NOT_ASOF_APPROVED
tenderStatistics_2025-09-30,1b27c3b3db75abe0454e981e8649b918dcc49bc50f5e891e5d7ec2fe93984f60,2025-09-30,402_2025,mFRRUp,payAsBid,550,1,,,37.54,LEI (UI); denominator not inferred,2025-09-30T03:00:00Z,2025-09-30T04:00:00Z,2025-09-30T06:00:00+03:00,+0300,1.0,,,EX_POST_SNAPSHOT;NOT_ASOF_APPROVED
tenderStatistics_2025-09-30,1b27c3b3db75abe0454e981e8649b918dcc49bc50f5e891e5d7ec2fe93984f60,2025-09-30,402_2025,mFRRUp,payAsBid,550,1,,,37.82,LEI (UI); denominator not inferred,2025-09-30T04:00:00Z,2025-09-30T05:00:00Z,2025-09-30T07:00:00+03:00,+0300,1.0,,,EX_POST_SNAPSHOT;NOT_ASOF_APPROVED
tenderStatistics_2025-09-30,1b27c3b3db75abe0454e981e8649b918dcc49bc50f5e891e5d7ec2fe93984f60,2025-09-30,402_2025,mFRRUp,payAsBid,550,1,,,37.82,LEI (UI); denominator not inferred,2025-09-30T05:00:00Z,2025-09-30T06:00:00Z,2025-09-30T08:00:00+03:00,+0300,1.0,,,EX_POST_SNAPSHOT;NOT_ASOF_APPROVED
tenderStatistics_2025-09-30,1b27c3b3db75abe0454e981e8649b918dcc49bc50f5e891e5d7ec2fe93984f60,2025-09-30,402_2025,mFRRUp,payAsBid,550,1,,,37.82,LEI (UI); denominator not inferred,2025-09-30T06:00:00Z,2025-09-30T07:00:00Z,2025-09-30T09:00:00+03:00,+0300,1.0,,,EX_POST_SNAPSHOT;NOT_ASOF_APPROVED
tenderStatistics_2025-09-30,1b27c3b3db75abe0454e981e8649b918dcc49bc50f5e891e5d7ec2fe93984f60,2025-09-30,402_2025,mFRRUp,payAsBid,500,1,,,37.54,LEI (UI); denominator not inferred,2025-09-30T07:00:00Z,2025-09-30T08:00:00Z,2025-09-30T10:00:00+03:00,+0300,1.0,,,EX_POST_SNAPSHOT;NOT_ASOF_APPROVED
tenderStatistics_2025-09-30,1b27c3b3db75abe0454e981e8649b918dcc49bc50f5e891e5d7ec2fe93984f60,2025-09-30,402_2025,mFRRUp,payAsBid,500,1,,,37.54,LEI (UI); denominator not inferred,2025-09-30T08:00:00Z,2025-09-30T09:00:00Z,2025-09-30T11:00:00+03:00,+0300,1.0,,,EX_POST_SNAPSHOT;NOT_ASOF_APPROVED
tenderStatistics_2025-09-30,1b27c3b3db75abe0454e981e8649b918dcc49bc50f5e891e5d7ec2fe93984f60,2025-09-30,402_2025,mFRRUp,payAsBid,500,1,,,37.54,LEI (UI); denominator not inferred,2025-09-30T09:00:00Z,2025-09-30T10:00:00Z,2025-09-30T12:00:00+03:00,+0300,1.0,,,EX_POST_SNAPSHOT;NOT_ASOF_APPROVED
tenderStatistics_2025-09-30,1b27c3b3db75abe0454e981e8649b918dcc49bc50f5e891e5d7ec2fe93984f60,2025-09-30,402_2025,mFRRUp,payAsBid,500,1,,,37.54,LEI (UI); denominator not inferred,2025-09-30T10:00:00Z,2025-09-30T11:00:00Z,2025-09-30T13:00:00+03:00,+0300,1.0,,,EX_POST_SNAPSHOT;NOT_ASOF_APPROVED
tenderStatistics_2025-09-30,1b27c3b3db75abe0454e981e8649b918dcc49bc50f5e891e5d7ec2fe93984f60,2025-09-30,402_2025,mFRRUp,payAsBid,500,1,,,37.54,LEI (UI); denominator not inferred,2025-09-30T11:00:00Z,2025-09-30T12:00:00Z,2025-09-30T14:00:00+03:00,+0300,1.0,,,EX_POST_SNAPSHOT;NOT_ASOF_APPROVED
tenderStatistics_2025-09-30,1b27c3b3db75abe0454e981e8649b918dcc49bc50f5e891e5d7ec2fe93984f60,2025-09-30,402_2025,mFRRUp,payAsBid,500,1,,,37.54,LEI (UI); denominator not inferred,2025-09-30T12:00:00Z,2025-09-30T13:00:00Z,2025-09-30T15:00:00+03:00,+0300,1.0,,,EX_POST_SNAPSHOT;NOT_ASOF_APPROVED
tenderStatistics_2025-09-30,1b27c3b3db75abe0454e981e8649b918dcc49bc50f5e891e5d7ec2fe93984f60,2025-09-30,402_2025,mFRRUp,payAsBid,550,1,,,37.54,LEI (UI); denominator not inferred,2025-09-30T13:00:00Z,2025-09-30T14:00:00Z,2025-09-30T16:00:00+03:00,+0300,1.0,,,EX_POST_SNAPSHOT;NOT_ASOF_APPROVED
tenderStatistics_2025-09-30,1b27c3b3db75abe0454e981e8649b918dcc49bc50f5e891e5d7ec2fe93984f60,2025-09-30,402_2025,mFRRUp,payAsBid,600,1,,,37.54,LEI (UI); denominator not inferred,2025-09-30T14:00:00Z,2025-09-30T15:00:00Z,2025-09-30T17:00:00+03:00,+0300,1.0,,,EX_POST_SNAPSHOT;NOT_ASOF_APPROVED
tenderStatistics_2025-09-30,1b27c3b3db75abe0454e981e8649b918dcc49bc50f5e891e5d7ec2fe93984f60,2025-09-30,402_2025,mFRRUp,payAsBid,600,1,,,37.82,LEI (UI); denominator not inferred,2025-09-30T15:00:00Z,2025-09-30T16:00:00Z,2025-09-30T18:00:00+03:00,+0300,1.0,,,EX_POST_SNAPSHOT;NOT_ASOF_APPROVED
tenderStatistics_2025-09-30,1b27c3b3db75abe0454e981e8649b918dcc49bc50f5e891e5d7ec2fe93984f60,2025-09-30,402_2025,mFRRUp,payAsBid,600,1,,,37.82,LEI (UI); denominator not inferred,2025-09-30T16:00:00Z,2025-09-30T17:00:00Z,2025-09-30T19:00:00+03:00,+0300,1.0,,,EX_POST_SNAPSHOT;NOT_ASOF_APPROVED
tenderStatistics_2025-09-30,1b27c3b3db75abe0454e981e8649b918dcc49bc50f5e891e5d7ec2fe93984f60,2025-09-30,402_2025,mFRRUp,payAsBid,600,1,,,37.82,LEI (UI); denominator not inferred,2025-09-30T17:00:00Z,2025-09-30T18:00:00Z,2025-09-30T20:00:00+03:00,+0300,1.0,,,EX_POST_SNAPSHOT;NOT_ASOF_APPROVED
tenderStatistics_2025-09-30,1b27c3b3db75abe0454e981e8649b918dcc49bc50f5e891e5d7ec2fe93984f60,2025-09-30,402_2025,mFRRUp,payAsBid,600,1,,,37.82,LEI (UI); denominator not inferred,2025-09-30T18:00:00Z,2025-09-30T19:00:00Z,2025-09-30T21:00:00+03:00,+0300,1.0,,,EX_POST_SNAPSHOT;NOT_ASOF_APPROVED
tenderStatistics_2025-09-30,1b27c3b3db75abe0454e981e8649b918dcc49bc50f5e891e5d7ec2fe93984f60,2025-09-30,402_2025,mFRRUp,payAsBid,550,1,,,37.82,LEI (UI); denominator not inferred,2025-09-30T19:00:00Z,2025-09-30T20:00:00Z,2025-09-30T22:00:00+03:00,+0300,1.0,,,EX_POST_SNAPSHOT;NOT_ASOF_APPROVED
tenderStatistics_2025-09-30,1b27c3b3db75abe0454e981e8649b918dcc49bc50f5e891e5d7ec2fe93984f60,2025-09-30,402_2025,mFRRUp,payAsBid,400,1,,,37.5,LEI (UI); denominator not inferred,2025-09-30T20:00:00Z,2025-09-30T21:00:00Z,2025-09-30T23:00:00+03:00,+0300,1.0,,,EX_POST_SNAPSHOT;NOT_ASOF_APPROVED
tenderStatistics_2025-10-01,485f37a9e6028a9f6688483457b2ef738ad42720b1209c0596b95df93ccbe029,2025-10-01,408_2025,FCR,payAsBid,116,1.155,,,372.5,LEI (UI); denominator not inferred,2025-09-30T21:00:00Z,2025-09-30T22:00:00Z,2025-10-01T00:00:00+03:00,+0300,1.0,,,EX_POST_SNAPSHOT;NOT_ASOF_APPROVED
tenderStatistics_2025-10-01,485f37a9e6028a9f6688483457b2ef738ad42720b1209c0596b95df93ccbe029,2025-10-01,408_2025,FCR,payAsBid,116,1.12,,,372.5,LEI (UI); denominator not inferred,2025-09-30T22:00:00Z,2025-09-30T23:00:00Z,2025-10-01T01:00:00+03:00,+0300,1.0,,,EX_POST_SNAPSHOT;NOT_ASOF_APPROVED
tenderStatistics_2025-10-01,485f37a9e6028a9f6688483457b2ef738ad42720b1209c0596b95df93ccbe029,2025-10-01,408_2025,FCR,payAsBid,116,1.12,,,372.5,LEI (UI); denominator not inferred,2025-09-30T23:00:00Z,2025-10-01T00:00:00Z,2025-10-01T02:00:00+03:00,+0300,1.0,,,EX_POST_SNAPSHOT;NOT_ASOF_APPROVED
tenderStatistics_2025-10-01,485f37a9e6028a9f6688483457b2ef738ad42720b1209c0596b95df93ccbe029,2025-10-01,408_2025,FCR,payAsBid,116,1.12,,,372.5,LEI (UI); denominator not inferred,2025-10-01T00:00:00Z,2025-10-01T01:00:00Z,2025-10-01T03:00:00+03:00,+0300,1.0,,,EX_POST_SNAPSHOT;NOT_ASOF_APPROVED
tenderStatistics_2025-10-01,485f37a9e6028a9f6688483457b2ef738ad42720b1209c0596b95df93ccbe029,2025-10-01,408_2025,FCR,payAsBid,116,1.12,,,372.5,LEI (UI); denominator not inferred,2025-10-01T01:00:00Z,2025-10-01T02:00:00Z,2025-10-01T04:00:00+03:00,+0300,1.0,,,EX_POST_SNAPSHOT;NOT_ASOF_APPROVED
tenderStatistics_2025-10-01,485f37a9e6028a9f6688483457b2ef738ad42720b1209c0596b95df93ccbe029,2025-10-01,408_2025,FCR,payAsBid,116,1.12,,,372.5,LEI (UI); denominator not inferred,2025-10-01T02:00:00Z,2025-10-01T03:00:00Z,2025-10-01T05:00:00+03:00,+0300,1.0,,,EX_POST_SNAPSHOT;NOT_ASOF_APPROVED
tenderStatistics_2025-10-01,485f37a9e6028a9f6688483457b2ef738ad42720b1209c0596b95df93ccbe029,2025-10-01,408_2025,FCR,payAsBid,116,1.155,,,372.5,LEI (UI); denominator not inferred,2025-10-01T03:00:00Z,2025-10-01T04:00:00Z,2025-10-01T06:00:00+03:00,+0300,1.0,,,EX_POST_SNAPSHOT;NOT_ASOF_APPROVED
tenderStatistics_2025-10-01,485f37a9e6028a9f6688483457b2ef738ad42720b1209c0596b95df93ccbe029,2025-10-01,408_2025,FCR,payAsBid,116,1.155,,,372.5,LEI (UI); denominator not inferred,2025-10-01T04:00:00Z,2025-10-01T05:00:00Z,2025-10-01T07:00:00+03:00,+0300,1.0,,,EX_POST_SNAPSHOT;NOT_ASOF_APPROVED
tenderStatistics_2025-10-01,485f37a9e6028a9f6688483457b2ef738ad42720b1209c0596b95df93ccbe029,2025-10-01,408_2025,FCR,payAsBid,116,1.155,,,372.5,LEI (UI); denominator not inferred,2025-10-01T05:00:00Z,2025-10-01T06:00:00Z,2025-10-01T08:00:00+03:00,+0300,1.0,,,EX_POST_SNAPSHOT;NOT_ASOF_APPROVED
tenderStatistics_2025-10-01,485f37a9e6028a9f6688483457b2ef738ad42720b1209c0596b95df93ccbe029,2025-10-01,408_2025,FCR,payAsBid,116,1.155,,,372.5,LEI (UI); denominator not inferred,2025-10-01T06:00:00Z,2025-10-01T07:00:00Z,2025-10-01T09:00:00+03:00,+0300,1.0,,,EX_POST_SNAPSHOT;NOT_ASOF_APPROVED
tenderStatistics_2025-10-01,485f37a9e6028a9f6688483457b2ef738ad42720b1209c0596b95df93ccbe029,2025-10-01,408_2025,FCR,payAsBid,116,1.12,,,372.5,LEI (UI); denominator not inferred,2025-10-01T07:00:00Z,2025-10-01T08:00:00Z,2025-10-01T10:00:00+03:00,+0300,1.0,,,EX_POST_SNAPSHOT;NOT_ASOF_APPROVED
tenderStatistics_2025-10-01,485f37a9e6028a9f6688483457b2ef738ad42720b1209c0596b95df93ccbe029,2025-10-01,408_2025,FCR,payAsBid,116,1.12,,,372.5,LEI (UI); denominator not inferred,2025-10-01T08:00:00Z,2025-10-01T09:00:00Z,2025-10-01T11:00:00+03:00,+0300,1.0,,,EX_POST_SNAPSHOT;NOT_ASOF_APPROVED
tenderStatistics_2025-10-01,485f37a9e6028a9f6688483457b2ef738ad42720b1209c0596b95df93ccbe029,2025-10-01,408_2025,FCR,payAsBid,116,1.12,,,372.5,LEI (UI); denominator not inferred,2025-10-01T09:00:00Z,2025-10-01T10:00:00Z,2025-10-01T12:00:00+03:00,+0300,1.0,,,EX_POST_SNAPSHOT;NOT_ASOF_APPROVED
tenderStatistics_2025-10-01,485f37a9e6028a9f6688483457b2ef738ad42720b1209c0596b95df93ccbe029,2025-10-01,408_2025,FCR,payAsBid,116,1.12,,,372.5,LEI (UI); denominator not inferred,2025-10-01T10:00:00Z,2025-10-01T11:00:00Z,2025-10-01T13:00:00+03:00,+0300,1.0,,,EX_POST_SNAPSHOT;NOT_ASOF_APPROVED
tenderStatistics_2025-10-01,485f37a9e6028a9f6688483457b2ef738ad42720b1209c0596b95df93ccbe029,2025-10-01,408_2025,FCR,payAsBid,116,1.12,,,372.5,LEI (UI); denominator not inferred,2025-10-01T11:00:00Z,2025-10-01T12:00:00Z,2025-10-01T14:00:00+03:00,+0300,1.0,,,EX_POST_SNAPSHOT;NOT_ASOF_APPROVED
tenderStatistics_2025-10-01,485f37a9e6028a9f6688483457b2ef738ad42720b1209c0596b95df93ccbe029,2025-10-01,408_2025,FCR,payAsBid,116,1.12,,,372.5,LEI (UI); denominator not inferred,2025-10-01T12:00:00Z,2025-10-01T13:00:00Z,2025-10-01T15:00:00+03:00,+0300,1.0,,,EX_POST_SNAPSHOT;NOT_ASOF_APPROVED
tenderStatistics_2025-10-01,485f37a9e6028a9f6688483457b2ef738ad42720b1209c0596b95df93ccbe029,2025-10-01,408_2025,FCR,payAsBid,116,1.12,,,372.5,LEI (UI); denominator not inferred,2025-10-01T13:00:00Z,2025-10-01T14:00:00Z,2025-10-01T16:00:00+03:00,+0300,1.0,,,EX_POST_SNAPSHOT;NOT_ASOF_APPROVED
tenderStatistics_2025-10-01,485f37a9e6028a9f6688483457b2ef738ad42720b1209c0596b95df93ccbe029,2025-10-01,408_2025,FCR,payAsBid,116,1.12,,,372.5,LEI (UI); denominator not inferred,2025-10-01T14:00:00Z,2025-10-01T15:00:00Z,2025-10-01T17:00:00+03:00,+0300,1.0,,,EX_POST_SNAPSHOT;NOT_ASOF_APPROVED
tenderStatistics_2025-10-01,485f37a9e6028a9f6688483457b2ef738ad42720b1209c0596b95df93ccbe029,2025-10-01,408_2025,FCR,payAsBid,116,1.155,,,372.5,LEI (UI); denominator not inferred,2025-10-01T15:00:00Z,2025-10-01T16:00:00Z,2025-10-01T18:00:00+03:00,+0300,1.0,,,EX_POST_SNAPSHOT;NOT_ASOF_APPROVED
tenderStatistics_2025-10-01,485f37a9e6028a9f6688483457b2ef738ad42720b1209c0596b95df93ccbe029,2025-10-01,408_2025,FCR,payAsBid,116,1.155,,,372.5,LEI (UI); denominator not inferred,2025-10-01T16:00:00Z,2025-10-01T17:00:00Z,2025-10-01T19:00:00+03:00,+0300,1.0,,,EX_POST_SNAPSHOT;NOT_ASOF_APPROVED
tenderStatistics_2025-10-01,485f37a9e6028a9f6688483457b2ef738ad42720b1209c0596b95df93ccbe029,2025-10-01,408_2025,FCR,payAsBid,116,1.155,,,372.5,LEI (UI); denominator not inferred,2025-10-01T17:00:00Z,2025-10-01T18:00:00Z,2025-10-01T20:00:00+03:00,+0300,1.0,,,EX_POST_SNAPSHOT;NOT_ASOF_APPROVED
tenderStatistics_2025-10-01,485f37a9e6028a9f6688483457b2ef738ad42720b1209c0596b95df93ccbe029,2025-10-01,408_2025,FCR,payAsBid,116,1.155,,,372.5,LEI (UI); denominator not inferred,2025-10-01T18:00:00Z,2025-10-01T19:00:00Z,2025-10-01T21:00:00+03:00,+0300,1.0,,,EX_POST_SNAPSHOT;NOT_ASOF_APPROVED
tenderStatistics_2025-10-01,485f37a9e6028a9f6688483457b2ef738ad42720b1209c0596b95df93ccbe029,2025-10-01,408_2025,FCR,payAsBid,116,1.155,,,372.5,LEI (UI); denominator not inferred,2025-10-01T19:00:00Z,2025-10-01T20:00:00Z,2025-10-01T22:00:00+03:00,+0300,1.0,,,EX_POST_SNAPSHOT;NOT_ASOF_APPROVED
tenderStatistics_2025-10-01,485f37a9e6028a9f6688483457b2ef738ad42720b1209c0596b95df93ccbe029,2025-10-01,408_2025,FCR,payAsBid,116,1.155,,,372.5,LEI (UI); denominator not inferred,2025-10-01T20:00:00Z,2025-10-01T21:00:00Z,2025-10-01T23:00:00+03:00,+0300,1.0,,,EX_POST_SNAPSHOT;NOT_ASOF_APPROVED
tenderStatistics_2025-10-01,485f37a9e6028a9f6688483457b2ef738ad42720b1209c0596b95df93ccbe029,2025-10-01,407_2025,aFRRDown,payAsBid,200,1,,,23.38,LEI (UI); denominator not inferred,2025-09-30T21:00:00Z,2025-09-30T22:00:00Z,2025-10-01T00:00:00+03:00,+0300,1.0,,,EX_POST_SNAPSHOT;NOT_ASOF_APPROVED
tenderStatistics_2025-10-01,485f37a9e6028a9f6688483457b2ef738ad42720b1209c0596b95df93ccbe029,2025-10-01,407_2025,aFRRDown,payAsBid,200,1,,,23.38,LEI (UI); denominator not inferred,2025-09-30T22:00:00Z,2025-09-30T23:00:00Z,2025-10-01T01:00:00+03:00,+0300,1.0,,,EX_POST_SNAPSHOT;NOT_ASOF_APPROVED
tenderStatistics_2025-10-01,485f37a9e6028a9f6688483457b2ef738ad42720b1209c0596b95df93ccbe029,2025-10-01,407_2025,aFRRDown,payAsBid,200,1,,,23.33,LEI (UI); denominator not inferred,2025-09-30T23:00:00Z,2025-10-01T00:00:00Z,2025-10-01T02:00:00+03:00,+0300,1.0,,,EX_POST_SNAPSHOT;NOT_ASOF_APPROVED
tenderStatistics_2025-10-01,485f37a9e6028a9f6688483457b2ef738ad42720b1209c0596b95df93ccbe029,2025-10-01,407_2025,aFRRDown,payAsBid,200,1,,,23.33,LEI (UI); denominator not inferred,2025-10-01T00:00:00Z,2025-10-01T01:00:00Z,2025-10-01T03:00:00+03:00,+0300,1.0,,,EX_POST_SNAPSHOT;NOT_ASOF_APPROVED
tenderStatistics_2025-10-01,485f37a9e6028a9f6688483457b2ef738ad42720b1209c0596b95df93ccbe029,2025-10-01,407_2025,aFRRDown,payAsBid,200,1,,,23.33,LEI (UI); denominator not inferred,2025-10-01T01:00:00Z,2025-10-01T02:00:00Z,2025-10-01T04:00:00+03:00,+0300,1.0,,,EX_POST_SNAPSHOT;NOT_ASOF_APPROVED
tenderStatistics_2025-10-01,485f37a9e6028a9f6688483457b2ef738ad42720b1209c0596b95df93ccbe029,2025-10-01,407_2025,aFRRDown,payAsBid,200,1,,,23.33,LEI (UI); denominator not inferred,2025-10-01T02:00:00Z,2025-10-01T03:00:00Z,2025-10-01T05:00:00+03:00,+0300,1.0,,,EX_POST_SNAPSHOT;NOT_ASOF_APPROVED
tenderStatistics_2025-10-01,485f37a9e6028a9f6688483457b2ef738ad42720b1209c0596b95df93ccbe029,2025-10-01,407_2025,aFRRDown,payAsBid,200,1,,,23.38,LEI (UI); denominator not inferred,2025-10-01T03:00:00Z,2025-10-01T04:00:00Z,2025-10-01T06:00:00+03:00,+0300,1.0,,,EX_POST_SNAPSHOT;NOT_ASOF_APPROVED
tenderStatistics_2025-10-01,485f37a9e6028a9f6688483457b2ef738ad42720b1209c0596b95df93ccbe029,2025-10-01,407_2025,aFRRDown,payAsBid,200,1,,,22.19,LEI (UI); denominator not inferred,2025-10-01T04:00:00Z,2025-10-01T05:00:00Z,2025-10-01T07:00:00+03:00,+0300,1.0,,,EX_POST_SNAPSHOT;NOT_ASOF_APPROVED
tenderStatistics_2025-10-01,485f37a9e6028a9f6688483457b2ef738ad42720b1209c0596b95df93ccbe029,2025-10-01,407_2025,aFRRDown,payAsBid,200,1,,,22.06,LEI (UI); denominator not inferred,2025-10-01T05:00:00Z,2025-10-01T06:00:00Z,2025-10-01T08:00:00+03:00,+0300,1.0,,,EX_POST_SNAPSHOT;NOT_ASOF_APPROVED
tenderStatistics_2025-10-01,485f37a9e6028a9f6688483457b2ef738ad42720b1209c0596b95df93ccbe029,2025-10-01,407_2025,aFRRDown,payAsBid,200,1,,,22.06,LEI (UI); denominator not inferred,2025-10-01T06:00:00Z,2025-10-01T07:00:00Z,2025-10-01T09:00:00+03:00,+0300,1.0,,,EX_POST_SNAPSHOT;NOT_ASOF_APPROVED
tenderStatistics_2025-10-01,485f37a9e6028a9f6688483457b2ef738ad42720b1209c0596b95df93ccbe029,2025-10-01,407_2025,aFRRDown,payAsBid,200,1,,,28.82,LEI (UI); denominator not inferred,2025-10-01T07:00:00Z,2025-10-01T08:00:00Z,2025-10-01T10:00:00+03:00,+0300,1.0,,,EX_POST_SNAPSHOT;NOT_ASOF_APPROVED
tenderStatistics_2025-10-01,485f37a9e6028a9f6688483457b2ef738ad42720b1209c0596b95df93ccbe029,2025-10-01,407_2025,aFRRDown,payAsBid,200,1,,,28.81,LEI (UI); denominator not inferred,2025-10-01T08:00:00Z,2025-10-01T09:00:00Z,2025-10-01T11:00:00+03:00,+0300,1.0,,,EX_POST_SNAPSHOT;NOT_ASOF_APPROVED
tenderStatistics_2025-10-01,485f37a9e6028a9f6688483457b2ef738ad42720b1209c0596b95df93ccbe029,2025-10-01,407_2025,aFRRDown,payAsBid,200,1,,,40.75,LEI (UI); denominator not inferred,2025-10-01T09:00:00Z,2025-10-01T10:00:00Z,2025-10-01T12:00:00+03:00,+0300,1.0,,,EX_POST_SNAPSHOT;NOT_ASOF_APPROVED
tenderStatistics_2025-10-01,485f37a9e6028a9f6688483457b2ef738ad42720b1209c0596b95df93ccbe029,2025-10-01,407_2025,aFRRDown,payAsBid,200,1,,,40.75,LEI (UI); denominator not inferred,2025-10-01T10:00:00Z,2025-10-01T11:00:00Z,2025-10-01T13:00:00+03:00,+0300,1.0,,,EX_POST_SNAPSHOT;NOT_ASOF_APPROVED
tenderStatistics_2025-10-01,485f37a9e6028a9f6688483457b2ef738ad42720b1209c0596b95df93ccbe029,2025-10-01,407_2025,aFRRDown,payAsBid,200,1,,,40.75,LEI (UI); denominator not inferred,2025-10-01T11:00:00Z,2025-10-01T12:00:00Z,2025-10-01T14:00:00+03:00,+0300,1.0,,,EX_POST_SNAPSHOT;NOT_ASOF_APPROVED
tenderStatistics_2025-10-01,485f37a9e6028a9f6688483457b2ef738ad42720b1209c0596b95df93ccbe029,2025-10-01,407_2025,aFRRDown,payAsBid,200,1,,,40.75,LEI (UI); denominator not inferred,2025-10-01T12:00:00Z,2025-10-01T13:00:00Z,2025-10-01T15:00:00+03:00,+0300,1.0,,,EX_POST_SNAPSHOT;NOT_ASOF_APPROVED
tenderStatistics_2025-10-01,485f37a9e6028a9f6688483457b2ef738ad42720b1209c0596b95df93ccbe029,2025-10-01,407_2025,aFRRDown,payAsBid,200,1,,,36.66,LEI (UI); denominator not inferred,2025-10-01T13:00:00Z,2025-10-01T14:00:00Z,2025-10-01T16:00:00+03:00,+0300,1.0,,,EX_POST_SNAPSHOT;NOT_ASOF_APPROVED
tenderStatistics_2025-10-01,485f37a9e6028a9f6688483457b2ef738ad42720b1209c0596b95df93ccbe029,2025-10-01,407_2025,aFRRDown,payAsBid,200,1,,,25.54,LEI (UI); denominator not inferred,2025-10-01T14:00:00Z,2025-10-01T15:00:00Z,2025-10-01T17:00:00+03:00,+0300,1.0,,,EX_POST_SNAPSHOT;NOT_ASOF_APPROVED
tenderStatistics_2025-10-01,485f37a9e6028a9f6688483457b2ef738ad42720b1209c0596b95df93ccbe029,2025-10-01,407_2025,aFRRDown,payAsBid,200,1,,,25.58,LEI (UI); denominator not inferred,2025-10-01T15:00:00Z,2025-10-01T16:00:00Z,2025-10-01T18:00:00+03:00,+0300,1.0,,,EX_POST_SNAPSHOT;NOT_ASOF_APPROVED
tenderStatistics_2025-10-01,485f37a9e6028a9f6688483457b2ef738ad42720b1209c0596b95df93ccbe029,2025-10-01,407_2025,aFRRDown,payAsBid,200,1,,,23.38,LEI (UI); denominator not inferred,2025-10-01T16:00:00Z,2025-10-01T17:00:00Z,2025-10-01T19:00:00+03:00,+0300,1.0,,,EX_POST_SNAPSHOT;NOT_ASOF_APPROVED
tenderStatistics_2025-10-01,485f37a9e6028a9f6688483457b2ef738ad42720b1209c0596b95df93ccbe029,2025-10-01,407_2025,aFRRDown,payAsBid,200,1,,,22.9,LEI (UI); denominator not inferred,2025-10-01T17:00:00Z,2025-10-01T18:00:00Z,2025-10-01T20:00:00+03:00,+0300,1.0,,,EX_POST_SNAPSHOT;NOT_ASOF_APPROVED
tenderStatistics_2025-10-01,485f37a9e6028a9f6688483457b2ef738ad42720b1209c0596b95df93ccbe029,2025-10-01,407_2025,aFRRDown,payAsBid,200,1,,,22.1,LEI (UI); denominator not inferred,2025-10-01T18:00:00Z,2025-10-01T19:00:00Z,2025-10-01T21:00:00+03:00,+0300,1.0,,,EX_POST_SNAPSHOT;NOT_ASOF_APPROVED
tenderStatistics_2025-10-01,485f37a9e6028a9f6688483457b2ef738ad42720b1209c0596b95df93ccbe029,2025-10-01,407_2025,aFRRDown,payAsBid,200,1,,,22.23,LEI (UI); denominator not inferred,2025-10-01T19:00:00Z,2025-10-01T20:00:00Z,2025-10-01T22:00:00+03:00,+0300,1.0,,,EX_POST_SNAPSHOT;NOT_ASOF_APPROVED
tenderStatistics_2025-10-01,485f37a9e6028a9f6688483457b2ef738ad42720b1209c0596b95df93ccbe029,2025-10-01,407_2025,aFRRDown,payAsBid,200,1,,,22.23,LEI (UI); denominator not inferred,2025-10-01T20:00:00Z,2025-10-01T21:00:00Z,2025-10-01T23:00:00+03:00,+0300,1.0,,,EX_POST_SNAPSHOT;NOT_ASOF_APPROVED
tenderStatistics_2025-10-01,485f37a9e6028a9f6688483457b2ef738ad42720b1209c0596b95df93ccbe029,2025-10-01,407_2025,aFRRUp,payAsBid,200,1,,,44.5,LEI (UI); denominator not inferred,2025-09-30T21:00:00Z,2025-09-30T22:00:00Z,2025-10-01T00:00:00+03:00,+0300,1.0,,,EX_POST_SNAPSHOT;NOT_ASOF_APPROVED
tenderStatistics_2025-10-01,485f37a9e6028a9f6688483457b2ef738ad42720b1209c0596b95df93ccbe029,2025-10-01,407_2025,aFRRUp,payAsBid,200,1,,,44.89,LEI (UI); denominator not inferred,2025-09-30T22:00:00Z,2025-09-30T23:00:00Z,2025-10-01T01:00:00+03:00,+0300,1.0,,,EX_POST_SNAPSHOT;NOT_ASOF_APPROVED
tenderStatistics_2025-10-01,485f37a9e6028a9f6688483457b2ef738ad42720b1209c0596b95df93ccbe029,2025-10-01,407_2025,aFRRUp,payAsBid,200,1,,,33.81,LEI (UI); denominator not inferred,2025-09-30T23:00:00Z,2025-10-01T00:00:00Z,2025-10-01T02:00:00+03:00,+0300,1.0,,,EX_POST_SNAPSHOT;NOT_ASOF_APPROVED
tenderStatistics_2025-10-01,485f37a9e6028a9f6688483457b2ef738ad42720b1209c0596b95df93ccbe029,2025-10-01,407_2025,aFRRUp,payAsBid,200,1,,,33.81,LEI (UI); denominator not inferred,2025-10-01T00:00:00Z,2025-10-01T01:00:00Z,2025-10-01T03:00:00+03:00,+0300,1.0,,,EX_POST_SNAPSHOT;NOT_ASOF_APPROVED
tenderStatistics_2025-10-01,485f37a9e6028a9f6688483457b2ef738ad42720b1209c0596b95df93ccbe029,2025-10-01,407_2025,aFRRUp,payAsBid,200,1,,,33.81,LEI (UI); denominator not inferred,2025-10-01T01:00:00Z,2025-10-01T02:00:00Z,2025-10-01T04:00:00+03:00,+0300,1.0,,,EX_POST_SNAPSHOT;NOT_ASOF_APPROVED
tenderStatistics_2025-10-01,485f37a9e6028a9f6688483457b2ef738ad42720b1209c0596b95df93ccbe029,2025-10-01,407_2025,aFRRUp,payAsBid,200,1,,,33.81,LEI (UI); denominator not inferred,2025-10-01T02:00:00Z,2025-10-01T03:00:00Z,2025-10-01T05:00:00+03:00,+0300,1.0,,,EX_POST_SNAPSHOT;NOT_ASOF_APPROVED
tenderStatistics_2025-10-01,485f37a9e6028a9f6688483457b2ef738ad42720b1209c0596b95df93ccbe029,2025-10-01,407_2025,aFRRUp,payAsBid,200,1,,,33.81,LEI (UI); denominator not inferred,2025-10-01T03:00:00Z,2025-10-01T04:00:00Z,2025-10-01T06:00:00+03:00,+0300,1.0,,,EX_POST_SNAPSHOT;NOT_ASOF_APPROVED
tenderStatistics_2025-10-01,485f37a9e6028a9f6688483457b2ef738ad42720b1209c0596b95df93ccbe029,2025-10-01,407_2025,aFRRUp,payAsBid,200,1,,,50.12,LEI (UI); denominator not inferred,2025-10-01T04:00:00Z,2025-10-01T05:00:00Z,2025-10-01T07:00:00+03:00,+0300,1.0,,,EX_POST_SNAPSHOT;NOT_ASOF_APPROVED
tenderStatistics_2025-10-01,485f37a9e6028a9f6688483457b2ef738ad42720b1209c0596b95df93ccbe029,2025-10-01,407_2025,aFRRUp,payAsBid,200,1,,,50.19,LEI (UI); denominator not inferred,2025-10-01T05:00:00Z,2025-10-01T06:00:00Z,2025-10-01T08:00:00+03:00,+0300,1.0,,,EX_POST_SNAPSHOT;NOT_ASOF_APPROVED
tenderStatistics_2025-10-01,485f37a9e6028a9f6688483457b2ef738ad42720b1209c0596b95df93ccbe029,2025-10-01,407_2025,aFRRUp,payAsBid,200,1,,,36.04,LEI (UI); denominator not inferred,2025-10-01T06:00:00Z,2025-10-01T07:00:00Z,2025-10-01T09:00:00+03:00,+0300,1.0,,,EX_POST_SNAPSHOT;NOT_ASOF_APPROVED
tenderStatistics_2025-10-01,485f37a9e6028a9f6688483457b2ef738ad42720b1209c0596b95df93ccbe029,2025-10-01,407_2025,aFRRUp,payAsBid,200,1,,,33,LEI (UI); denominator not inferred,2025-10-01T07:00:00Z,2025-10-01T08:00:00Z,2025-10-01T10:00:00+03:00,+0300,1.0,,,EX_POST_SNAPSHOT;NOT_ASOF_APPROVED
tenderStatistics_2025-10-01,485f37a9e6028a9f6688483457b2ef738ad42720b1209c0596b95df93ccbe029,2025-10-01,407_2025,aFRRUp,payAsBid,200,1,,,32.66,LEI (UI); denominator not inferred,2025-10-01T08:00:00Z,2025-10-01T09:00:00Z,2025-10-01T11:00:00+03:00,+0300,1.0,,,EX_POST_SNAPSHOT;NOT_ASOF_APPROVED
tenderStatistics_2025-10-01,485f37a9e6028a9f6688483457b2ef738ad42720b1209c0596b95df93ccbe029,2025-10-01,407_2025,aFRRUp,payAsBid,200,1,,,32.66,LEI (UI); denominator not inferred,2025-10-01T09:00:00Z,2025-10-01T10:00:00Z,2025-10-01T12:00:00+03:00,+0300,1.0,,,EX_POST_SNAPSHOT;NOT_ASOF_APPROVED
tenderStatistics_2025-10-01,485f37a9e6028a9f6688483457b2ef738ad42720b1209c0596b95df93ccbe029,2025-10-01,407_2025,aFRRUp,payAsBid,200,1,,,32.66,LEI (UI); denominator not inferred,2025-10-01T10:00:00Z,2025-10-01T11:00:00Z,2025-10-01T13:00:00+03:00,+0300,1.0,,,EX_POST_SNAPSHOT;NOT_ASOF_APPROVED
tenderStatistics_2025-10-01,485f37a9e6028a9f6688483457b2ef738ad42720b1209c0596b95df93ccbe029,2025-10-01,407_2025,aFRRUp,payAsBid,200,1,,,32.66,LEI (UI); denominator not inferred,2025-10-01T11:00:00Z,2025-10-01T12:00:00Z,2025-10-01T14:00:00+03:00,+0300,1.0,,,EX_POST_SNAPSHOT;NOT_ASOF_APPROVED
tenderStatistics_2025-10-01,485f37a9e6028a9f6688483457b2ef738ad42720b1209c0596b95df93ccbe029,2025-10-01,407_2025,aFRRUp,payAsBid,200,1,,,32.66,LEI (UI); denominator not inferred,2025-10-01T12:00:00Z,2025-10-01T13:00:00Z,2025-10-01T15:00:00+03:00,+0300,1.0,,,EX_POST_SNAPSHOT;NOT_ASOF_APPROVED
tenderStatistics_2025-10-01,485f37a9e6028a9f6688483457b2ef738ad42720b1209c0596b95df93ccbe029,2025-10-01,407_2025,aFRRUp,payAsBid,200,1,,,35.11,LEI (UI); denominator not inferred,2025-10-01T13:00:00Z,2025-10-01T14:00:00Z,2025-10-01T16:00:00+03:00,+0300,1.0,,,EX_POST_SNAPSHOT;NOT_ASOF_APPROVED
tenderStatistics_2025-10-01,485f37a9e6028a9f6688483457b2ef738ad42720b1209c0596b95df93ccbe029,2025-10-01,407_2025,aFRRUp,payAsBid,200,1,,,37.29,LEI (UI); denominator not inferred,2025-10-01T14:00:00Z,2025-10-01T15:00:00Z,2025-10-01T17:00:00+03:00,+0300,1.0,,,EX_POST_SNAPSHOT;NOT_ASOF_APPROVED
tenderStatistics_2025-10-01,485f37a9e6028a9f6688483457b2ef738ad42720b1209c0596b95df93ccbe029,2025-10-01,407_2025,aFRRUp,payAsBid,200,1,,,37.29,LEI (UI); denominator not inferred,2025-10-01T15:00:00Z,2025-10-01T16:00:00Z,2025-10-01T18:00:00+03:00,+0300,1.0,,,EX_POST_SNAPSHOT;NOT_ASOF_APPROVED
tenderStatistics_2025-10-01,485f37a9e6028a9f6688483457b2ef738ad42720b1209c0596b95df93ccbe029,2025-10-01,407_2025,aFRRUp,payAsBid,200,1,,,47.98,LEI (UI); denominator not inferred,2025-10-01T16:00:00Z,2025-10-01T17:00:00Z,2025-10-01T19:00:00+03:00,+0300,1.0,,,EX_POST_SNAPSHOT;NOT_ASOF_APPROVED
tenderStatistics_2025-10-01,485f37a9e6028a9f6688483457b2ef738ad42720b1209c0596b95df93ccbe029,2025-10-01,407_2025,aFRRUp,payAsBid,200,1,,,50.74,LEI (UI); denominator not inferred,2025-10-01T17:00:00Z,2025-10-01T18:00:00Z,2025-10-01T20:00:00+03:00,+0300,1.0,,,EX_POST_SNAPSHOT;NOT_ASOF_APPROVED
tenderStatistics_2025-10-01,485f37a9e6028a9f6688483457b2ef738ad42720b1209c0596b95df93ccbe029,2025-10-01,407_2025,aFRRUp,payAsBid,200,1,,,47.93,LEI (UI); denominator not inferred,2025-10-01T18:00:00Z,2025-10-01T19:00:00Z,2025-10-01T21:00:00+03:00,+0300,1.0,,,EX_POST_SNAPSHOT;NOT_ASOF_APPROVED
tenderStatistics_2025-10-01,485f37a9e6028a9f6688483457b2ef738ad42720b1209c0596b95df93ccbe029,2025-10-01,407_2025,aFRRUp,payAsBid,200,1,,,46.17,LEI (UI); denominator not inferred,2025-10-01T19:00:00Z,2025-10-01T20:00:00Z,2025-10-01T22:00:00+03:00,+0300,1.0,,,EX_POST_SNAPSHOT;NOT_ASOF_APPROVED
tenderStatistics_2025-10-01,485f37a9e6028a9f6688483457b2ef738ad42720b1209c0596b95df93ccbe029,2025-10-01,407_2025,aFRRUp,payAsBid,200,1,,,46.26,LEI (UI); denominator not inferred,2025-10-01T20:00:00Z,2025-10-01T21:00:00Z,2025-10-01T23:00:00+03:00,+0300,1.0,,,EX_POST_SNAPSHOT;NOT_ASOF_APPROVED
tenderStatistics_2025-10-01,485f37a9e6028a9f6688483457b2ef738ad42720b1209c0596b95df93ccbe029,2025-10-01,407_2025,mFRRDown,payAsBid,200,1,,,15.49,LEI (UI); denominator not inferred,2025-09-30T21:00:00Z,2025-09-30T22:00:00Z,2025-10-01T00:00:00+03:00,+0300,1.0,,,EX_POST_SNAPSHOT;NOT_ASOF_APPROVED
tenderStatistics_2025-10-01,485f37a9e6028a9f6688483457b2ef738ad42720b1209c0596b95df93ccbe029,2025-10-01,407_2025,mFRRDown,payAsBid,200,1,,,15.49,LEI (UI); denominator not inferred,2025-09-30T22:00:00Z,2025-09-30T23:00:00Z,2025-10-01T01:00:00+03:00,+0300,1.0,,,EX_POST_SNAPSHOT;NOT_ASOF_APPROVED
tenderStatistics_2025-10-01,485f37a9e6028a9f6688483457b2ef738ad42720b1209c0596b95df93ccbe029,2025-10-01,407_2025,mFRRDown,payAsBid,200,1,,,15.49,LEI (UI); denominator not inferred,2025-09-30T23:00:00Z,2025-10-01T00:00:00Z,2025-10-01T02:00:00+03:00,+0300,1.0,,,EX_POST_SNAPSHOT;NOT_ASOF_APPROVED
tenderStatistics_2025-10-01,485f37a9e6028a9f6688483457b2ef738ad42720b1209c0596b95df93ccbe029,2025-10-01,407_2025,mFRRDown,payAsBid,200,1,,,15.49,LEI (UI); denominator not inferred,2025-10-01T00:00:00Z,2025-10-01T01:00:00Z,2025-10-01T03:00:00+03:00,+0300,1.0,,,EX_POST_SNAPSHOT;NOT_ASOF_APPROVED
tenderStatistics_2025-10-01,485f37a9e6028a9f6688483457b2ef738ad42720b1209c0596b95df93ccbe029,2025-10-01,407_2025,mFRRDown,payAsBid,200,1,,,15.42,LEI (UI); denominator not inferred,2025-10-01T01:00:00Z,2025-10-01T02:00:00Z,2025-10-01T04:00:00+03:00,+0300,1.0,,,EX_POST_SNAPSHOT;NOT_ASOF_APPROVED
tenderStatistics_2025-10-01,485f37a9e6028a9f6688483457b2ef738ad42720b1209c0596b95df93ccbe029,2025-10-01,407_2025,mFRRDown,payAsBid,200,1,,,15.42,LEI (UI); denominator not inferred,2025-10-01T02:00:00Z,2025-10-01T03:00:00Z,2025-10-01T05:00:00+03:00,+0300,1.0,,,EX_POST_SNAPSHOT;NOT_ASOF_APPROVED
tenderStatistics_2025-10-01,485f37a9e6028a9f6688483457b2ef738ad42720b1209c0596b95df93ccbe029,2025-10-01,407_2025,mFRRDown,payAsBid,200,1,,,15.12,LEI (UI); denominator not inferred,2025-10-01T03:00:00Z,2025-10-01T04:00:00Z,2025-10-01T06:00:00+03:00,+0300,1.0,,,EX_POST_SNAPSHOT;NOT_ASOF_APPROVED
tenderStatistics_2025-10-01,485f37a9e6028a9f6688483457b2ef738ad42720b1209c0596b95df93ccbe029,2025-10-01,407_2025,mFRRDown,payAsBid,200,1,,,15.25,LEI (UI); denominator not inferred,2025-10-01T04:00:00Z,2025-10-01T05:00:00Z,2025-10-01T07:00:00+03:00,+0300,1.0,,,EX_POST_SNAPSHOT;NOT_ASOF_APPROVED
tenderStatistics_2025-10-01,485f37a9e6028a9f6688483457b2ef738ad42720b1209c0596b95df93ccbe029,2025-10-01,407_2025,mFRRDown,payAsBid,200,1,,,15.25,LEI (UI); denominator not inferred,2025-10-01T05:00:00Z,2025-10-01T06:00:00Z,2025-10-01T08:00:00+03:00,+0300,1.0,,,EX_POST_SNAPSHOT;NOT_ASOF_APPROVED
tenderStatistics_2025-10-01,485f37a9e6028a9f6688483457b2ef738ad42720b1209c0596b95df93ccbe029,2025-10-01,407_2025,mFRRDown,payAsBid,200,1,,,15,LEI (UI); denominator not inferred,2025-10-01T06:00:00Z,2025-10-01T07:00:00Z,2025-10-01T09:00:00+03:00,+0300,1.0,,,EX_POST_SNAPSHOT;NOT_ASOF_APPROVED
tenderStatistics_2025-10-01,485f37a9e6028a9f6688483457b2ef738ad42720b1209c0596b95df93ccbe029,2025-10-01,407_2025,mFRRDown,payAsBid,200,1,,,21.33,LEI (UI); denominator not inferred,2025-10-01T07:00:00Z,2025-10-01T08:00:00Z,2025-10-01T10:00:00+03:00,+0300,1.0,,,EX_POST_SNAPSHOT;NOT_ASOF_APPROVED
tenderStatistics_2025-10-01,485f37a9e6028a9f6688483457b2ef738ad42720b1209c0596b95df93ccbe029,2025-10-01,407_2025,mFRRDown,payAsBid,200,1,,,74.33,LEI (UI); denominator not inferred,2025-10-01T08:00:00Z,2025-10-01T09:00:00Z,2025-10-01T11:00:00+03:00,+0300,1.0,,,EX_POST_SNAPSHOT;NOT_ASOF_APPROVED
tenderStatistics_2025-10-01,485f37a9e6028a9f6688483457b2ef738ad42720b1209c0596b95df93ccbe029,2025-10-01,407_2025,mFRRDown,payAsBid,200,1,,,107.6,LEI (UI); denominator not inferred,2025-10-01T09:00:00Z,2025-10-01T10:00:00Z,2025-10-01T12:00:00+03:00,+0300,1.0,,,EX_POST_SNAPSHOT;NOT_ASOF_APPROVED
tenderStatistics_2025-10-01,485f37a9e6028a9f6688483457b2ef738ad42720b1209c0596b95df93ccbe029,2025-10-01,407_2025,mFRRDown,payAsBid,200,1,,,107.6,LEI (UI); denominator not inferred,2025-10-01T10:00:00Z,2025-10-01T11:00:00Z,2025-10-01T13:00:00+03:00,+0300,1.0,,,EX_POST_SNAPSHOT;NOT_ASOF_APPROVED
tenderStatistics_2025-10-01,485f37a9e6028a9f6688483457b2ef738ad42720b1209c0596b95df93ccbe029,2025-10-01,407_2025,mFRRDown,payAsBid,200,1,,,109.4,LEI (UI); denominator not inferred,2025-10-01T11:00:00Z,2025-10-01T12:00:00Z,2025-10-01T14:00:00+03:00,+0300,1.0,,,EX_POST_SNAPSHOT;NOT_ASOF_APPROVED
tenderStatistics_2025-10-01,485f37a9e6028a9f6688483457b2ef738ad42720b1209c0596b95df93ccbe029,2025-10-01,407_2025,mFRRDown,payAsBid,200,1,,,16,LEI (UI); denominator not inferred,2025-10-01T12:00:00Z,2025-10-01T13:00:00Z,2025-10-01T15:00:00+03:00,+0300,1.0,,,EX_POST_SNAPSHOT;NOT_ASOF_APPROVED
tenderStatistics_2025-10-01,485f37a9e6028a9f6688483457b2ef738ad42720b1209c0596b95df93ccbe029,2025-10-01,407_2025,mFRRDown,payAsBid,200,1,,,15.49,LEI (UI); denominator not inferred,2025-10-01T13:00:00Z,2025-10-01T14:00:00Z,2025-10-01T16:00:00+03:00,+0300,1.0,,,EX_POST_SNAPSHOT;NOT_ASOF_APPROVED
tenderStatistics_2025-10-01,485f37a9e6028a9f6688483457b2ef738ad42720b1209c0596b95df93ccbe029,2025-10-01,407_2025,mFRRDown,payAsBid,200,1,,,15.25,LEI (UI); denominator not inferred,2025-10-01T14:00:00Z,2025-10-01T15:00:00Z,2025-10-01T17:00:00+03:00,+0300,1.0,,,EX_POST_SNAPSHOT;NOT_ASOF_APPROVED
tenderStatistics_2025-10-01,485f37a9e6028a9f6688483457b2ef738ad42720b1209c0596b95df93ccbe029,2025-10-01,407_2025,mFRRDown,payAsBid,200,1,,,15.14,LEI (UI); denominator not inferred,2025-10-01T15:00:00Z,2025-10-01T16:00:00Z,2025-10-01T18:00:00+03:00,+0300,1.0,,,EX_POST_SNAPSHOT;NOT_ASOF_APPROVED
tenderStatistics_2025-10-01,485f37a9e6028a9f6688483457b2ef738ad42720b1209c0596b95df93ccbe029,2025-10-01,407_2025,mFRRDown,payAsBid,200,1,,,15.14,LEI (UI); denominator not inferred,2025-10-01T16:00:00Z,2025-10-01T17:00:00Z,2025-10-01T19:00:00+03:00,+0300,1.0,,,EX_POST_SNAPSHOT;NOT_ASOF_APPROVED
tenderStatistics_2025-10-01,485f37a9e6028a9f6688483457b2ef738ad42720b1209c0596b95df93ccbe029,2025-10-01,407_2025,mFRRDown,payAsBid,200,1,,,15,LEI (UI); denominator not inferred,2025-10-01T17:00:00Z,2025-10-01T18:00:00Z,2025-10-01T20:00:00+03:00,+0300,1.0,,,EX_POST_SNAPSHOT;NOT_ASOF_APPROVED
tenderStatistics_2025-10-01,485f37a9e6028a9f6688483457b2ef738ad42720b1209c0596b95df93ccbe029,2025-10-01,407_2025,mFRRDown,payAsBid,200,1,,,15,LEI (UI); denominator not inferred,2025-10-01T18:00:00Z,2025-10-01T19:00:00Z,2025-10-01T21:00:00+03:00,+0300,1.0,,,EX_POST_SNAPSHOT;NOT_ASOF_APPROVED
tenderStatistics_2025-10-01,485f37a9e6028a9f6688483457b2ef738ad42720b1209c0596b95df93ccbe029,2025-10-01,407_2025,mFRRDown,payAsBid,200,1,,,15,LEI (UI); denominator not inferred,2025-10-01T19:00:00Z,2025-10-01T20:00:00Z,2025-10-01T22:00:00+03:00,+0300,1.0,,,EX_POST_SNAPSHOT;NOT_ASOF_APPROVED
tenderStatistics_2025-10-01,485f37a9e6028a9f6688483457b2ef738ad42720b1209c0596b95df93ccbe029,2025-10-01,407_2025,mFRRDown,payAsBid,200,1,,,15,LEI (UI); denominator not inferred,2025-10-01T20:00:00Z,2025-10-01T21:00:00Z,2025-10-01T23:00:00+03:00,+0300,1.0,,,EX_POST_SNAPSHOT;NOT_ASOF_APPROVED
tenderStatistics_2025-10-01,485f37a9e6028a9f6688483457b2ef738ad42720b1209c0596b95df93ccbe029,2025-10-01,407_2025,mFRRUp,payAsBid,400,1,,,37.54,LEI (UI); denominator not inferred,2025-09-30T21:00:00Z,2025-09-30T22:00:00Z,2025-10-01T00:00:00+03:00,+0300,1.0,,,EX_POST_SNAPSHOT;NOT_ASOF_APPROVED
tenderStatistics_2025-10-01,485f37a9e6028a9f6688483457b2ef738ad42720b1209c0596b95df93ccbe029,2025-10-01,407_2025,mFRRUp,payAsBid,400,1,,,37.54,LEI (UI); denominator not inferred,2025-09-30T22:00:00Z,2025-09-30T23:00:00Z,2025-10-01T01:00:00+03:00,+0300,1.0,,,EX_POST_SNAPSHOT;NOT_ASOF_APPROVED
tenderStatistics_2025-10-01,485f37a9e6028a9f6688483457b2ef738ad42720b1209c0596b95df93ccbe029,2025-10-01,407_2025,mFRRUp,payAsBid,400,1,,,37.54,LEI (UI); denominator not inferred,2025-09-30T23:00:00Z,2025-10-01T00:00:00Z,2025-10-01T02:00:00+03:00,+0300,1.0,,,EX_POST_SNAPSHOT;NOT_ASOF_APPROVED
tenderStatistics_2025-10-01,485f37a9e6028a9f6688483457b2ef738ad42720b1209c0596b95df93ccbe029,2025-10-01,407_2025,mFRRUp,payAsBid,400,1,,,37.54,LEI (UI); denominator not inferred,2025-10-01T00:00:00Z,2025-10-01T01:00:00Z,2025-10-01T03:00:00+03:00,+0300,1.0,,,EX_POST_SNAPSHOT;NOT_ASOF_APPROVED
tenderStatistics_2025-10-01,485f37a9e6028a9f6688483457b2ef738ad42720b1209c0596b95df93ccbe029,2025-10-01,407_2025,mFRRUp,payAsBid,400,1,,,37.54,LEI (UI); denominator not inferred,2025-10-01T01:00:00Z,2025-10-01T02:00:00Z,2025-10-01T04:00:00+03:00,+0300,1.0,,,EX_POST_SNAPSHOT;NOT_ASOF_APPROVED
tenderStatistics_2025-10-01,485f37a9e6028a9f6688483457b2ef738ad42720b1209c0596b95df93ccbe029,2025-10-01,407_2025,mFRRUp,payAsBid,400,1,,,37.54,LEI (UI); denominator not inferred,2025-10-01T02:00:00Z,2025-10-01T03:00:00Z,2025-10-01T05:00:00+03:00,+0300,1.0,,,EX_POST_SNAPSHOT;NOT_ASOF_APPROVED
tenderStatistics_2025-10-01,485f37a9e6028a9f6688483457b2ef738ad42720b1209c0596b95df93ccbe029,2025-10-01,407_2025,mFRRUp,payAsBid,550,1,,,37.54,LEI (UI); denominator not inferred,2025-10-01T03:00:00Z,2025-10-01T04:00:00Z,2025-10-01T06:00:00+03:00,+0300,1.0,,,EX_POST_SNAPSHOT;NOT_ASOF_APPROVED
tenderStatistics_2025-10-01,485f37a9e6028a9f6688483457b2ef738ad42720b1209c0596b95df93ccbe029,2025-10-01,407_2025,mFRRUp,payAsBid,550,1,,,37.82,LEI (UI); denominator not inferred,2025-10-01T04:00:00Z,2025-10-01T05:00:00Z,2025-10-01T07:00:00+03:00,+0300,1.0,,,EX_POST_SNAPSHOT;NOT_ASOF_APPROVED
tenderStatistics_2025-10-01,485f37a9e6028a9f6688483457b2ef738ad42720b1209c0596b95df93ccbe029,2025-10-01,407_2025,mFRRUp,payAsBid,550,1,,,37.82,LEI (UI); denominator not inferred,2025-10-01T05:00:00Z,2025-10-01T06:00:00Z,2025-10-01T08:00:00+03:00,+0300,1.0,,,EX_POST_SNAPSHOT;NOT_ASOF_APPROVED
tenderStatistics_2025-10-01,485f37a9e6028a9f6688483457b2ef738ad42720b1209c0596b95df93ccbe029,2025-10-01,407_2025,mFRRUp,payAsBid,550,1,,,37.82,LEI (UI); denominator not inferred,2025-10-01T06:00:00Z,2025-10-01T07:00:00Z,2025-10-01T09:00:00+03:00,+0300,1.0,,,EX_POST_SNAPSHOT;NOT_ASOF_APPROVED
tenderStatistics_2025-10-01,485f37a9e6028a9f6688483457b2ef738ad42720b1209c0596b95df93ccbe029,2025-10-01,407_2025,mFRRUp,payAsBid,500,1,,,37.54,LEI (UI); denominator not inferred,2025-10-01T07:00:00Z,2025-10-01T08:00:00Z,2025-10-01T10:00:00+03:00,+0300,1.0,,,EX_POST_SNAPSHOT;NOT_ASOF_APPROVED
tenderStatistics_2025-10-01,485f37a9e6028a9f6688483457b2ef738ad42720b1209c0596b95df93ccbe029,2025-10-01,407_2025,mFRRUp,payAsBid,500,1,,,37.54,LEI (UI); denominator not inferred,2025-10-01T08:00:00Z,2025-10-01T09:00:00Z,2025-10-01T11:00:00+03:00,+0300,1.0,,,EX_POST_SNAPSHOT;NOT_ASOF_APPROVED
tenderStatistics_2025-10-01,485f37a9e6028a9f6688483457b2ef738ad42720b1209c0596b95df93ccbe029,2025-10-01,407_2025,mFRRUp,payAsBid,500,1,,,37.54,LEI (UI); denominator not inferred,2025-10-01T09:00:00Z,2025-10-01T10:00:00Z,2025-10-01T12:00:00+03:00,+0300,1.0,,,EX_POST_SNAPSHOT;NOT_ASOF_APPROVED
tenderStatistics_2025-10-01,485f37a9e6028a9f6688483457b2ef738ad42720b1209c0596b95df93ccbe029,2025-10-01,407_2025,mFRRUp,payAsBid,500,1,,,37.54,LEI (UI); denominator not inferred,2025-10-01T10:00:00Z,2025-10-01T11:00:00Z,2025-10-01T13:00:00+03:00,+0300,1.0,,,EX_POST_SNAPSHOT;NOT_ASOF_APPROVED
tenderStatistics_2025-10-01,485f37a9e6028a9f6688483457b2ef738ad42720b1209c0596b95df93ccbe029,2025-10-01,407_2025,mFRRUp,payAsBid,500,1,,,37.54,LEI (UI); denominator not inferred,2025-10-01T11:00:00Z,2025-10-01T12:00:00Z,2025-10-01T14:00:00+03:00,+0300,1.0,,,EX_POST_SNAPSHOT;NOT_ASOF_APPROVED
tenderStatistics_2025-10-01,485f37a9e6028a9f6688483457b2ef738ad42720b1209c0596b95df93ccbe029,2025-10-01,407_2025,mFRRUp,payAsBid,500,1,,,37.54,LEI (UI); denominator not inferred,2025-10-01T12:00:00Z,2025-10-01T13:00:00Z,2025-10-01T15:00:00+03:00,+0300,1.0,,,EX_POST_SNAPSHOT;NOT_ASOF_APPROVED
tenderStatistics_2025-10-01,485f37a9e6028a9f6688483457b2ef738ad42720b1209c0596b95df93ccbe029,2025-10-01,407_2025,mFRRUp,payAsBid,550,1,,,37.54,LEI (UI); denominator not inferred,2025-10-01T13:00:00Z,2025-10-01T14:00:00Z,2025-10-01T16:00:00+03:00,+0300,1.0,,,EX_POST_SNAPSHOT;NOT_ASOF_APPROVED
tenderStatistics_2025-10-01,485f37a9e6028a9f6688483457b2ef738ad42720b1209c0596b95df93ccbe029,2025-10-01,407_2025,mFRRUp,payAsBid,600,1,,,37.54,LEI (UI); denominator not inferred,2025-10-01T14:00:00Z,2025-10-01T15:00:00Z,2025-10-01T17:00:00+03:00,+0300,1.0,,,EX_POST_SNAPSHOT;NOT_ASOF_APPROVED
tenderStatistics_2025-10-01,485f37a9e6028a9f6688483457b2ef738ad42720b1209c0596b95df93ccbe029,2025-10-01,407_2025,mFRRUp,payAsBid,600,1,,,37.82,LEI (UI); denominator not inferred,2025-10-01T15:00:00Z,2025-10-01T16:00:00Z,2025-10-01T18:00:00+03:00,+0300,1.0,,,EX_POST_SNAPSHOT;NOT_ASOF_APPROVED
tenderStatistics_2025-10-01,485f37a9e6028a9f6688483457b2ef738ad42720b1209c0596b95df93ccbe029,2025-10-01,407_2025,mFRRUp,payAsBid,600,1,,,37.82,LEI (UI); denominator not inferred,2025-10-01T16:00:00Z,2025-10-01T17:00:00Z,2025-10-01T19:00:00+03:00,+0300,1.0,,,EX_POST_SNAPSHOT;NOT_ASOF_APPROVED
tenderStatistics_2025-10-01,485f37a9e6028a9f6688483457b2ef738ad42720b1209c0596b95df93ccbe029,2025-10-01,407_2025,mFRRUp,payAsBid,600,1,,,37.82,LEI (UI); denominator not inferred,2025-10-01T17:00:00Z,2025-10-01T18:00:00Z,2025-10-01T20:00:00+03:00,+0300,1.0,,,EX_POST_SNAPSHOT;NOT_ASOF_APPROVED
tenderStatistics_2025-10-01,485f37a9e6028a9f6688483457b2ef738ad42720b1209c0596b95df93ccbe029,2025-10-01,407_2025,mFRRUp,payAsBid,600,1,,,37.82,LEI (UI); denominator not inferred,2025-10-01T18:00:00Z,2025-10-01T19:00:00Z,2025-10-01T21:00:00+03:00,+0300,1.0,,,EX_POST_SNAPSHOT;NOT_ASOF_APPROVED
tenderStatistics_2025-10-01,485f37a9e6028a9f6688483457b2ef738ad42720b1209c0596b95df93ccbe029,2025-10-01,407_2025,mFRRUp,payAsBid,550,1,,,37.82,LEI (UI); denominator not inferred,2025-10-01T19:00:00Z,2025-10-01T20:00:00Z,2025-10-01T22:00:00+03:00,+0300,1.0,,,EX_POST_SNAPSHOT;NOT_ASOF_APPROVED
tenderStatistics_2025-10-01,485f37a9e6028a9f6688483457b2ef738ad42720b1209c0596b95df93ccbe029,2025-10-01,407_2025,mFRRUp,payAsBid,400,1,,,37.54,LEI (UI); denominator not inferred,2025-10-01T20:00:00Z,2025-10-01T21:00:00Z,2025-10-01T23:00:00+03:00,+0300,1.0,,,EX_POST_SNAPSHOT;NOT_ASOF_APPROVED
tenderStatistics_2025-10-26,c721a195244cad0a1126030e10b7260a2289996584b9a983ff02fbb8359c58a3,2025-10-26,470_2025,FCR,payAsBid,116,1,,,347.5,LEI (UI); denominator not inferred,2025-10-25T21:00:00Z,2025-10-25T22:00:00Z,2025-10-26T00:00:00+03:00,+0300,1.0,,,EX_POST_SNAPSHOT;NOT_ASOF_APPROVED
tenderStatistics_2025-10-26,c721a195244cad0a1126030e10b7260a2289996584b9a983ff02fbb8359c58a3,2025-10-26,470_2025,FCR,payAsBid,116,0.965,,,347.5,LEI (UI); denominator not inferred,2025-10-25T22:00:00Z,2025-10-25T23:00:00Z,2025-10-26T01:00:00+03:00,+0300,1.0,,,EX_POST_SNAPSHOT;NOT_ASOF_APPROVED
tenderStatistics_2025-10-26,c721a195244cad0a1126030e10b7260a2289996584b9a983ff02fbb8359c58a3,2025-10-26,470_2025,FCR,payAsBid,116,0.965,,,347.5,LEI (UI); denominator not inferred,2025-10-25T23:00:00Z,2025-10-26T00:00:00Z,2025-10-26T02:00:00+03:00,+0300,1.0,,,EX_POST_SNAPSHOT;NOT_ASOF_APPROVED
tenderStatistics_2025-10-26,c721a195244cad0a1126030e10b7260a2289996584b9a983ff02fbb8359c58a3,2025-10-26,470_2025,FCR,payAsBid,116,0.965,,,347.5,LEI (UI); denominator not inferred,2025-10-26T00:00:00Z,2025-10-26T01:00:00Z,2025-10-26T03:00:00+03:00,+0300,1.0,,,EX_POST_SNAPSHOT;NOT_ASOF_APPROVED
tenderStatistics_2025-10-26,c721a195244cad0a1126030e10b7260a2289996584b9a983ff02fbb8359c58a3,2025-10-26,470_2025,FCR,payAsBid,116,0.965,,,347.5,LEI (UI); denominator not inferred,2025-10-26T01:00:00Z,2025-10-26T02:00:00Z,2025-10-26T03:00:00+02:00,+0200,1.0,,,EX_POST_SNAPSHOT;NOT_ASOF_APPROVED
tenderStatistics_2025-10-26,c721a195244cad0a1126030e10b7260a2289996584b9a983ff02fbb8359c58a3,2025-10-26,470_2025,FCR,payAsBid,116,0.965,,,347.5,LEI (UI); denominator not inferred,2025-10-26T02:00:00Z,2025-10-26T03:00:00Z,2025-10-26T04:00:00+02:00,+0200,1.0,,,EX_POST_SNAPSHOT;NOT_ASOF_APPROVED
tenderStatistics_2025-10-26,c721a195244cad0a1126030e10b7260a2289996584b9a983ff02fbb8359c58a3,2025-10-26,470_2025,FCR,payAsBid,116,0.965,,,347.5,LEI (UI); denominator not inferred,2025-10-26T03:00:00Z,2025-10-26T04:00:00Z,2025-10-26T05:00:00+02:00,+0200,1.0,,,EX_POST_SNAPSHOT;NOT_ASOF_APPROVED
tenderStatistics_2025-10-26,c721a195244cad0a1126030e10b7260a2289996584b9a983ff02fbb8359c58a3,2025-10-26,470_2025,FCR,payAsBid,116,0.965,,,347.5,LEI (UI); denominator not inferred,2025-10-26T04:00:00Z,2025-10-26T05:00:00Z,2025-10-26T06:00:00+02:00,+0200,1.0,,,EX_POST_SNAPSHOT;NOT_ASOF_APPROVED
tenderStatistics_2025-10-26,c721a195244cad0a1126030e10b7260a2289996584b9a983ff02fbb8359c58a3,2025-10-26,470_2025,FCR,payAsBid,116,0.965,,,347.5,LEI (UI); denominator not inferred,2025-10-26T05:00:00Z,2025-10-26T06:00:00Z,2025-10-26T07:00:00+02:00,+0200,1.0,,,EX_POST_SNAPSHOT;NOT_ASOF_APPROVED
tenderStatistics_2025-10-26,c721a195244cad0a1126030e10b7260a2289996584b9a983ff02fbb8359c58a3,2025-10-26,470_2025,FCR,payAsBid,116,0.965,,,347.5,LEI (UI); denominator not inferred,2025-10-26T06:00:00Z,2025-10-26T07:00:00Z,2025-10-26T08:00:00+02:00,+0200,1.0,,,EX_POST_SNAPSHOT;NOT_ASOF_APPROVED
tenderStatistics_2025-10-26,c721a195244cad0a1126030e10b7260a2289996584b9a983ff02fbb8359c58a3,2025-10-26,470_2025,FCR,payAsBid,116,0.81,,,347.5,LEI (UI); denominator not inferred,2025-10-26T07:00:00Z,2025-10-26T08:00:00Z,2025-10-26T09:00:00+02:00,+0200,1.0,,,EX_POST_SNAPSHOT;NOT_ASOF_APPROVED
tenderStatistics_2025-10-26,c721a195244cad0a1126030e10b7260a2289996584b9a983ff02fbb8359c58a3,2025-10-26,470_2025,FCR,payAsBid,116,0.81,,,347.5,LEI (UI); denominator not inferred,2025-10-26T08:00:00Z,2025-10-26T09:00:00Z,2025-10-26T10:00:00+02:00,+0200,1.0,,,EX_POST_SNAPSHOT;NOT_ASOF_APPROVED
tenderStatistics_2025-10-26,c721a195244cad0a1126030e10b7260a2289996584b9a983ff02fbb8359c58a3,2025-10-26,470_2025,FCR,payAsBid,116,0.81,,,347.5,LEI (UI); denominator not inferred,2025-10-26T09:00:00Z,2025-10-26T10:00:00Z,2025-10-26T11:00:00+02:00,+0200,1.0,,,EX_POST_SNAPSHOT;NOT_ASOF_APPROVED
tenderStatistics_2025-10-26,c721a195244cad0a1126030e10b7260a2289996584b9a983ff02fbb8359c58a3,2025-10-26,470_2025,FCR,payAsBid,116,0.81,,,347.5,LEI (UI); denominator not inferred,2025-10-26T10:00:00Z,2025-10-26T11:00:00Z,2025-10-26T12:00:00+02:00,+0200,1.0,,,EX_POST_SNAPSHOT;NOT_ASOF_APPROVED
tenderStatistics_2025-10-26,c721a195244cad0a1126030e10b7260a2289996584b9a983ff02fbb8359c58a3,2025-10-26,470_2025,FCR,payAsBid,116,0.81,,,347.5,LEI (UI); denominator not inferred,2025-10-26T11:00:00Z,2025-10-26T12:00:00Z,2025-10-26T13:00:00+02:00,+0200,1.0,,,EX_POST_SNAPSHOT;NOT_ASOF_APPROVED
tenderStatistics_2025-10-26,c721a195244cad0a1126030e10b7260a2289996584b9a983ff02fbb8359c58a3,2025-10-26,470_2025,FCR,payAsBid,116,0.81,,,347.5,LEI (UI); denominator not inferred,2025-10-26T12:00:00Z,2025-10-26T13:00:00Z,2025-10-26T14:00:00+02:00,+0200,1.0,,,EX_POST_SNAPSHOT;NOT_ASOF_APPROVED
tenderStatistics_2025-10-26,c721a195244cad0a1126030e10b7260a2289996584b9a983ff02fbb8359c58a3,2025-10-26,470_2025,FCR,payAsBid,116,0.81,,,347.5,LEI (UI); denominator not inferred,2025-10-26T13:00:00Z,2025-10-26T14:00:00Z,2025-10-26T15:00:00+02:00,+0200,1.0,,,EX_POST_SNAPSHOT;NOT_ASOF_APPROVED
tenderStatistics_2025-10-26,c721a195244cad0a1126030e10b7260a2289996584b9a983ff02fbb8359c58a3,2025-10-26,470_2025,FCR,payAsBid,116,0.931,,,347.5,LEI (UI); denominator not inferred,2025-10-26T14:00:00Z,2025-10-26T15:00:00Z,2025-10-26T16:00:00+02:00,+0200,1.0,,,EX_POST_SNAPSHOT;NOT_ASOF_APPROVED
tenderStatistics_2025-10-26,c721a195244cad0a1126030e10b7260a2289996584b9a983ff02fbb8359c58a3,2025-10-26,470_2025,FCR,payAsBid,116,0.965,,,347.5,LEI (UI); denominator not inferred,2025-10-26T15:00:00Z,2025-10-26T16:00:00Z,2025-10-26T17:00:00+02:00,+0200,1.0,,,EX_POST_SNAPSHOT;NOT_ASOF_APPROVED
tenderStatistics_2025-10-26,c721a195244cad0a1126030e10b7260a2289996584b9a983ff02fbb8359c58a3,2025-10-26,470_2025,FCR,payAsBid,116,1,,,347.5,LEI (UI); denominator not inferred,2025-10-26T16:00:00Z,2025-10-26T17:00:00Z,2025-10-26T18:00:00+02:00,+0200,1.0,,,EX_POST_SNAPSHOT;NOT_ASOF_APPROVED
tenderStatistics_2025-10-26,c721a195244cad0a1126030e10b7260a2289996584b9a983ff02fbb8359c58a3,2025-10-26,470_2025,FCR,payAsBid,116,1,,,347.5,LEI (UI); denominator not inferred,2025-10-26T17:00:00Z,2025-10-26T18:00:00Z,2025-10-26T19:00:00+02:00,+0200,1.0,,,EX_POST_SNAPSHOT;NOT_ASOF_APPROVED
tenderStatistics_2025-10-26,c721a195244cad0a1126030e10b7260a2289996584b9a983ff02fbb8359c58a3,2025-10-26,470_2025,FCR,payAsBid,116,1,,,347.5,LEI (UI); denominator not inferred,2025-10-26T18:00:00Z,2025-10-26T19:00:00Z,2025-10-26T20:00:00+02:00,+0200,1.0,,,EX_POST_SNAPSHOT;NOT_ASOF_APPROVED
tenderStatistics_2025-10-26,c721a195244cad0a1126030e10b7260a2289996584b9a983ff02fbb8359c58a3,2025-10-26,470_2025,FCR,payAsBid,116,1,,,347.5,LEI (UI); denominator not inferred,2025-10-26T19:00:00Z,2025-10-26T20:00:00Z,2025-10-26T21:00:00+02:00,+0200,1.0,,,EX_POST_SNAPSHOT;NOT_ASOF_APPROVED
tenderStatistics_2025-10-26,c721a195244cad0a1126030e10b7260a2289996584b9a983ff02fbb8359c58a3,2025-10-26,470_2025,FCR,payAsBid,116,1,,,347.5,LEI (UI); denominator not inferred,2025-10-26T20:00:00Z,2025-10-26T21:00:00Z,2025-10-26T22:00:00+02:00,+0200,1.0,,,EX_POST_SNAPSHOT;NOT_ASOF_APPROVED
tenderStatistics_2025-10-26,c721a195244cad0a1126030e10b7260a2289996584b9a983ff02fbb8359c58a3,2025-10-26,469_2025,aFRRDown,payAsBid,175,1,,,13.32,LEI (UI); denominator not inferred,2025-10-25T21:00:00Z,2025-10-25T22:00:00Z,2025-10-26T00:00:00+03:00,+0300,1.0,,,EX_POST_SNAPSHOT;NOT_ASOF_APPROVED
tenderStatistics_2025-10-26,c721a195244cad0a1126030e10b7260a2289996584b9a983ff02fbb8359c58a3,2025-10-26,469_2025,aFRRDown,payAsBid,175,1,,,16.73,LEI (UI); denominator not inferred,2025-10-25T22:00:00Z,2025-10-25T23:00:00Z,2025-10-26T01:00:00+03:00,+0300,1.0,,,EX_POST_SNAPSHOT;NOT_ASOF_APPROVED
tenderStatistics_2025-10-26,c721a195244cad0a1126030e10b7260a2289996584b9a983ff02fbb8359c58a3,2025-10-26,469_2025,aFRRDown,payAsBid,175,1,,,16.75,LEI (UI); denominator not inferred,2025-10-25T23:00:00Z,2025-10-26T00:00:00Z,2025-10-26T02:00:00+03:00,+0300,1.0,,,EX_POST_SNAPSHOT;NOT_ASOF_APPROVED
tenderStatistics_2025-10-26,c721a195244cad0a1126030e10b7260a2289996584b9a983ff02fbb8359c58a3,2025-10-26,469_2025,aFRRDown,payAsBid,175,1,,,16.75,LEI (UI); denominator not inferred,2025-10-26T00:00:00Z,2025-10-26T01:00:00Z,2025-10-26T03:00:00+03:00,+0300,1.0,,,EX_POST_SNAPSHOT;NOT_ASOF_APPROVED
tenderStatistics_2025-10-26,c721a195244cad0a1126030e10b7260a2289996584b9a983ff02fbb8359c58a3,2025-10-26,469_2025,aFRRDown,payAsBid,175,1,,,16.73,LEI (UI); denominator not inferred,2025-10-26T01:00:00Z,2025-10-26T02:00:00Z,2025-10-26T03:00:00+02:00,+0200,1.0,,,EX_POST_SNAPSHOT;NOT_ASOF_APPROVED
tenderStatistics_2025-10-26,c721a195244cad0a1126030e10b7260a2289996584b9a983ff02fbb8359c58a3,2025-10-26,469_2025,aFRRDown,payAsBid,175,1,,,16.73,LEI (UI); denominator not inferred,2025-10-26T02:00:00Z,2025-10-26T03:00:00Z,2025-10-26T04:00:00+02:00,+0200,1.0,,,EX_POST_SNAPSHOT;NOT_ASOF_APPROVED
tenderStatistics_2025-10-26,c721a195244cad0a1126030e10b7260a2289996584b9a983ff02fbb8359c58a3,2025-10-26,469_2025,aFRRDown,payAsBid,175,1,,,13.81,LEI (UI); denominator not inferred,2025-10-26T03:00:00Z,2025-10-26T04:00:00Z,2025-10-26T05:00:00+02:00,+0200,1.0,,,EX_POST_SNAPSHOT;NOT_ASOF_APPROVED
tenderStatistics_2025-10-26,c721a195244cad0a1126030e10b7260a2289996584b9a983ff02fbb8359c58a3,2025-10-26,469_2025,aFRRDown,payAsBid,175,1,,,13.75,LEI (UI); denominator not inferred,2025-10-26T04:00:00Z,2025-10-26T05:00:00Z,2025-10-26T06:00:00+02:00,+0200,1.0,,,EX_POST_SNAPSHOT;NOT_ASOF_APPROVED
tenderStatistics_2025-10-26,c721a195244cad0a1126030e10b7260a2289996584b9a983ff02fbb8359c58a3,2025-10-26,469_2025,aFRRDown,payAsBid,175,1,,,13.75,LEI (UI); denominator not inferred,2025-10-26T05:00:00Z,2025-10-26T06:00:00Z,2025-10-26T07:00:00+02:00,+0200,1.0,,,EX_POST_SNAPSHOT;NOT_ASOF_APPROVED
tenderStatistics_2025-10-26,c721a195244cad0a1126030e10b7260a2289996584b9a983ff02fbb8359c58a3,2025-10-26,469_2025,aFRRDown,payAsBid,175,1,,,13.48,LEI (UI); denominator not inferred,2025-10-26T06:00:00Z,2025-10-26T07:00:00Z,2025-10-26T08:00:00+02:00,+0200,1.0,,,EX_POST_SNAPSHOT;NOT_ASOF_APPROVED
tenderStatistics_2025-10-26,c721a195244cad0a1126030e10b7260a2289996584b9a983ff02fbb8359c58a3,2025-10-26,469_2025,aFRRDown,payAsBid,175,1,,,13.66,LEI (UI); denominator not inferred,2025-10-26T07:00:00Z,2025-10-26T08:00:00Z,2025-10-26T09:00:00+02:00,+0200,1.0,,,EX_POST_SNAPSHOT;NOT_ASOF_APPROVED
tenderStatistics_2025-10-26,c721a195244cad0a1126030e10b7260a2289996584b9a983ff02fbb8359c58a3,2025-10-26,469_2025,aFRRDown,payAsBid,175,1,,,13.81,LEI (UI); denominator not inferred,2025-10-26T08:00:00Z,2025-10-26T09:00:00Z,2025-10-26T10:00:00+02:00,+0200,1.0,,,EX_POST_SNAPSHOT;NOT_ASOF_APPROVED
tenderStatistics_2025-10-26,c721a195244cad0a1126030e10b7260a2289996584b9a983ff02fbb8359c58a3,2025-10-26,469_2025,aFRRDown,payAsBid,175,1,,,13.84,LEI (UI); denominator not inferred,2025-10-26T09:00:00Z,2025-10-26T10:00:00Z,2025-10-26T11:00:00+02:00,+0200,1.0,,,EX_POST_SNAPSHOT;NOT_ASOF_APPROVED
tenderStatistics_2025-10-26,c721a195244cad0a1126030e10b7260a2289996584b9a983ff02fbb8359c58a3,2025-10-26,469_2025,aFRRDown,payAsBid,175,1,,,13.71,LEI (UI); denominator not inferred,2025-10-26T10:00:00Z,2025-10-26T11:00:00Z,2025-10-26T12:00:00+02:00,+0200,1.0,,,EX_POST_SNAPSHOT;NOT_ASOF_APPROVED
tenderStatistics_2025-10-26,c721a195244cad0a1126030e10b7260a2289996584b9a983ff02fbb8359c58a3,2025-10-26,469_2025,aFRRDown,payAsBid,175,1,,,13.83,LEI (UI); denominator not inferred,2025-10-26T11:00:00Z,2025-10-26T12:00:00Z,2025-10-26T13:00:00+02:00,+0200,1.0,,,EX_POST_SNAPSHOT;NOT_ASOF_APPROVED
tenderStatistics_2025-10-26,c721a195244cad0a1126030e10b7260a2289996584b9a983ff02fbb8359c58a3,2025-10-26,469_2025,aFRRDown,payAsBid,175,1,,,13.83,LEI (UI); denominator not inferred,2025-10-26T12:00:00Z,2025-10-26T13:00:00Z,2025-10-26T14:00:00+02:00,+0200,1.0,,,EX_POST_SNAPSHOT;NOT_ASOF_APPROVED
tenderStatistics_2025-10-26,c721a195244cad0a1126030e10b7260a2289996584b9a983ff02fbb8359c58a3,2025-10-26,469_2025,aFRRDown,payAsBid,175,1,,,13.7,LEI (UI); denominator not inferred,2025-10-26T13:00:00Z,2025-10-26T14:00:00Z,2025-10-26T15:00:00+02:00,+0200,1.0,,,EX_POST_SNAPSHOT;NOT_ASOF_APPROVED
tenderStatistics_2025-10-26,c721a195244cad0a1126030e10b7260a2289996584b9a983ff02fbb8359c58a3,2025-10-26,469_2025,aFRRDown,payAsBid,175,1,,,13.32,LEI (UI); denominator not inferred,2025-10-26T14:00:00Z,2025-10-26T15:00:00Z,2025-10-26T16:00:00+02:00,+0200,1.0,,,EX_POST_SNAPSHOT;NOT_ASOF_APPROVED
tenderStatistics_2025-10-26,c721a195244cad0a1126030e10b7260a2289996584b9a983ff02fbb8359c58a3,2025-10-26,469_2025,aFRRDown,payAsBid,175,1,,,13.32,LEI (UI); denominator not inferred,2025-10-26T15:00:00Z,2025-10-26T16:00:00Z,2025-10-26T17:00:00+02:00,+0200,1.0,,,EX_POST_SNAPSHOT;NOT_ASOF_APPROVED
tenderStatistics_2025-10-26,c721a195244cad0a1126030e10b7260a2289996584b9a983ff02fbb8359c58a3,2025-10-26,469_2025,aFRRDown,payAsBid,175,1,,,13.32,LEI (UI); denominator not inferred,2025-10-26T16:00:00Z,2025-10-26T17:00:00Z,2025-10-26T18:00:00+02:00,+0200,1.0,,,EX_POST_SNAPSHOT;NOT_ASOF_APPROVED
tenderStatistics_2025-10-26,c721a195244cad0a1126030e10b7260a2289996584b9a983ff02fbb8359c58a3,2025-10-26,469_2025,aFRRDown,payAsBid,175,1,,,13.32,LEI (UI); denominator not inferred,2025-10-26T17:00:00Z,2025-10-26T18:00:00Z,2025-10-26T19:00:00+02:00,+0200,1.0,,,EX_POST_SNAPSHOT;NOT_ASOF_APPROVED
tenderStatistics_2025-10-26,c721a195244cad0a1126030e10b7260a2289996584b9a983ff02fbb8359c58a3,2025-10-26,469_2025,aFRRDown,payAsBid,175,1,,,13.32,LEI (UI); denominator not inferred,2025-10-26T18:00:00Z,2025-10-26T19:00:00Z,2025-10-26T20:00:00+02:00,+0200,1.0,,,EX_POST_SNAPSHOT;NOT_ASOF_APPROVED
tenderStatistics_2025-10-26,c721a195244cad0a1126030e10b7260a2289996584b9a983ff02fbb8359c58a3,2025-10-26,469_2025,aFRRDown,payAsBid,175,1,,,13.32,LEI (UI); denominator not inferred,2025-10-26T19:00:00Z,2025-10-26T20:00:00Z,2025-10-26T21:00:00+02:00,+0200,1.0,,,EX_POST_SNAPSHOT;NOT_ASOF_APPROVED
tenderStatistics_2025-10-26,c721a195244cad0a1126030e10b7260a2289996584b9a983ff02fbb8359c58a3,2025-10-26,469_2025,aFRRDown,payAsBid,175,1,,,13.32,LEI (UI); denominator not inferred,2025-10-26T20:00:00Z,2025-10-26T21:00:00Z,2025-10-26T22:00:00+02:00,+0200,1.0,,,EX_POST_SNAPSHOT;NOT_ASOF_APPROVED
tenderStatistics_2025-10-26,c721a195244cad0a1126030e10b7260a2289996584b9a983ff02fbb8359c58a3,2025-10-26,469_2025,aFRRUp,payAsBid,175,1,,,34.22,LEI (UI); denominator not inferred,2025-10-25T21:00:00Z,2025-10-25T22:00:00Z,2025-10-26T00:00:00+03:00,+0300,1.0,,,EX_POST_SNAPSHOT;NOT_ASOF_APPROVED
tenderStatistics_2025-10-26,c721a195244cad0a1126030e10b7260a2289996584b9a983ff02fbb8359c58a3,2025-10-26,469_2025,aFRRUp,payAsBid,175,1,,,32.81,LEI (UI); denominator not inferred,2025-10-25T22:00:00Z,2025-10-25T23:00:00Z,2025-10-26T01:00:00+03:00,+0300,1.0,,,EX_POST_SNAPSHOT;NOT_ASOF_APPROVED
tenderStatistics_2025-10-26,c721a195244cad0a1126030e10b7260a2289996584b9a983ff02fbb8359c58a3,2025-10-26,469_2025,aFRRUp,payAsBid,175,1,,,32.81,LEI (UI); denominator not inferred,2025-10-25T23:00:00Z,2025-10-26T00:00:00Z,2025-10-26T02:00:00+03:00,+0300,1.0,,,EX_POST_SNAPSHOT;NOT_ASOF_APPROVED
tenderStatistics_2025-10-26,c721a195244cad0a1126030e10b7260a2289996584b9a983ff02fbb8359c58a3,2025-10-26,469_2025,aFRRUp,payAsBid,175,1,,,32.81,LEI (UI); denominator not inferred,2025-10-26T00:00:00Z,2025-10-26T01:00:00Z,2025-10-26T03:00:00+03:00,+0300,1.0,,,EX_POST_SNAPSHOT;NOT_ASOF_APPROVED
tenderStatistics_2025-10-26,c721a195244cad0a1126030e10b7260a2289996584b9a983ff02fbb8359c58a3,2025-10-26,469_2025,aFRRUp,payAsBid,175,1,,,32.81,LEI (UI); denominator not inferred,2025-10-26T01:00:00Z,2025-10-26T02:00:00Z,2025-10-26T03:00:00+02:00,+0200,1.0,,,EX_POST_SNAPSHOT;NOT_ASOF_APPROVED
tenderStatistics_2025-10-26,c721a195244cad0a1126030e10b7260a2289996584b9a983ff02fbb8359c58a3,2025-10-26,469_2025,aFRRUp,payAsBid,175,1,,,32.81,LEI (UI); denominator not inferred,2025-10-26T02:00:00Z,2025-10-26T03:00:00Z,2025-10-26T04:00:00+02:00,+0200,1.0,,,EX_POST_SNAPSHOT;NOT_ASOF_APPROVED
tenderStatistics_2025-10-26,c721a195244cad0a1126030e10b7260a2289996584b9a983ff02fbb8359c58a3,2025-10-26,469_2025,aFRRUp,payAsBid,175,1,,,32.83,LEI (UI); denominator not inferred,2025-10-26T03:00:00Z,2025-10-26T04:00:00Z,2025-10-26T05:00:00+02:00,+0200,1.0,,,EX_POST_SNAPSHOT;NOT_ASOF_APPROVED
tenderStatistics_2025-10-26,c721a195244cad0a1126030e10b7260a2289996584b9a983ff02fbb8359c58a3,2025-10-26,469_2025,aFRRUp,payAsBid,175,1,,,32.62,LEI (UI); denominator not inferred,2025-10-26T04:00:00Z,2025-10-26T05:00:00Z,2025-10-26T06:00:00+02:00,+0200,1.0,,,EX_POST_SNAPSHOT;NOT_ASOF_APPROVED
tenderStatistics_2025-10-26,c721a195244cad0a1126030e10b7260a2289996584b9a983ff02fbb8359c58a3,2025-10-26,469_2025,aFRRUp,payAsBid,175,1,,,33.77,LEI (UI); denominator not inferred,2025-10-26T05:00:00Z,2025-10-26T06:00:00Z,2025-10-26T07:00:00+02:00,+0200,1.0,,,EX_POST_SNAPSHOT;NOT_ASOF_APPROVED
tenderStatistics_2025-10-26,c721a195244cad0a1126030e10b7260a2289996584b9a983ff02fbb8359c58a3,2025-10-26,469_2025,aFRRUp,payAsBid,175,1,,,34.48,LEI (UI); denominator not inferred,2025-10-26T06:00:00Z,2025-10-26T07:00:00Z,2025-10-26T08:00:00+02:00,+0200,1.0,,,EX_POST_SNAPSHOT;NOT_ASOF_APPROVED
tenderStatistics_2025-10-26,c721a195244cad0a1126030e10b7260a2289996584b9a983ff02fbb8359c58a3,2025-10-26,469_2025,aFRRUp,payAsBid,175,1,,,34.48,LEI (UI); denominator not inferred,2025-10-26T07:00:00Z,2025-10-26T08:00:00Z,2025-10-26T09:00:00+02:00,+0200,1.0,,,EX_POST_SNAPSHOT;NOT_ASOF_APPROVED
tenderStatistics_2025-10-26,c721a195244cad0a1126030e10b7260a2289996584b9a983ff02fbb8359c58a3,2025-10-26,469_2025,aFRRUp,payAsBid,175,1,,,32.65,LEI (UI); denominator not inferred,2025-10-26T08:00:00Z,2025-10-26T09:00:00Z,2025-10-26T10:00:00+02:00,+0200,1.0,,,EX_POST_SNAPSHOT;NOT_ASOF_APPROVED
tenderStatistics_2025-10-26,c721a195244cad0a1126030e10b7260a2289996584b9a983ff02fbb8359c58a3,2025-10-26,469_2025,aFRRUp,payAsBid,175,1,,,32.62,LEI (UI); denominator not inferred,2025-10-26T09:00:00Z,2025-10-26T10:00:00Z,2025-10-26T11:00:00+02:00,+0200,1.0,,,EX_POST_SNAPSHOT;NOT_ASOF_APPROVED
tenderStatistics_2025-10-26,c721a195244cad0a1126030e10b7260a2289996584b9a983ff02fbb8359c58a3,2025-10-26,469_2025,aFRRUp,payAsBid,175,1,,,32.62,LEI (UI); denominator not inferred,2025-10-26T10:00:00Z,2025-10-26T11:00:00Z,2025-10-26T12:00:00+02:00,+0200,1.0,,,EX_POST_SNAPSHOT;NOT_ASOF_APPROVED
tenderStatistics_2025-10-26,c721a195244cad0a1126030e10b7260a2289996584b9a983ff02fbb8359c58a3,2025-10-26,469_2025,aFRRUp,payAsBid,175,1,,,32.62,LEI (UI); denominator not inferred,2025-10-26T11:00:00Z,2025-10-26T12:00:00Z,2025-10-26T13:00:00+02:00,+0200,1.0,,,EX_POST_SNAPSHOT;NOT_ASOF_APPROVED
tenderStatistics_2025-10-26,c721a195244cad0a1126030e10b7260a2289996584b9a983ff02fbb8359c58a3,2025-10-26,469_2025,aFRRUp,payAsBid,175,1,,,32.62,LEI (UI); denominator not inferred,2025-10-26T12:00:00Z,2025-10-26T13:00:00Z,2025-10-26T14:00:00+02:00,+0200,1.0,,,EX_POST_SNAPSHOT;NOT_ASOF_APPROVED
tenderStatistics_2025-10-26,c721a195244cad0a1126030e10b7260a2289996584b9a983ff02fbb8359c58a3,2025-10-26,469_2025,aFRRUp,payAsBid,175,1,,,32.62,LEI (UI); denominator not inferred,2025-10-26T13:00:00Z,2025-10-26T14:00:00Z,2025-10-26T15:00:00+02:00,+0200,1.0,,,EX_POST_SNAPSHOT;NOT_ASOF_APPROVED
tenderStatistics_2025-10-26,c721a195244cad0a1126030e10b7260a2289996584b9a983ff02fbb8359c58a3,2025-10-26,469_2025,aFRRUp,payAsBid,175,1,,,33.35,LEI (UI); denominator not inferred,2025-10-26T14:00:00Z,2025-10-26T15:00:00Z,2025-10-26T16:00:00+02:00,+0200,1.0,,,EX_POST_SNAPSHOT;NOT_ASOF_APPROVED
tenderStatistics_2025-10-26,c721a195244cad0a1126030e10b7260a2289996584b9a983ff02fbb8359c58a3,2025-10-26,469_2025,aFRRUp,payAsBid,175,1,,,33.54,LEI (UI); denominator not inferred,2025-10-26T15:00:00Z,2025-10-26T16:00:00Z,2025-10-26T17:00:00+02:00,+0200,1.0,,,EX_POST_SNAPSHOT;NOT_ASOF_APPROVED
tenderStatistics_2025-10-26,c721a195244cad0a1126030e10b7260a2289996584b9a983ff02fbb8359c58a3,2025-10-26,469_2025,aFRRUp,payAsBid,175,1,,,36.6,LEI (UI); denominator not inferred,2025-10-26T16:00:00Z,2025-10-26T17:00:00Z,2025-10-26T18:00:00+02:00,+0200,1.0,,,EX_POST_SNAPSHOT;NOT_ASOF_APPROVED
tenderStatistics_2025-10-26,c721a195244cad0a1126030e10b7260a2289996584b9a983ff02fbb8359c58a3,2025-10-26,469_2025,aFRRUp,payAsBid,175,1,,,36.6,LEI (UI); denominator not inferred,2025-10-26T17:00:00Z,2025-10-26T18:00:00Z,2025-10-26T19:00:00+02:00,+0200,1.0,,,EX_POST_SNAPSHOT;NOT_ASOF_APPROVED
tenderStatistics_2025-10-26,c721a195244cad0a1126030e10b7260a2289996584b9a983ff02fbb8359c58a3,2025-10-26,469_2025,aFRRUp,payAsBid,175,1,,,36.37,LEI (UI); denominator not inferred,2025-10-26T18:00:00Z,2025-10-26T19:00:00Z,2025-10-26T20:00:00+02:00,+0200,1.0,,,EX_POST_SNAPSHOT;NOT_ASOF_APPROVED
tenderStatistics_2025-10-26,c721a195244cad0a1126030e10b7260a2289996584b9a983ff02fbb8359c58a3,2025-10-26,469_2025,aFRRUp,payAsBid,175,1,,,36.38,LEI (UI); denominator not inferred,2025-10-26T19:00:00Z,2025-10-26T20:00:00Z,2025-10-26T21:00:00+02:00,+0200,1.0,,,EX_POST_SNAPSHOT;NOT_ASOF_APPROVED
tenderStatistics_2025-10-26,c721a195244cad0a1126030e10b7260a2289996584b9a983ff02fbb8359c58a3,2025-10-26,469_2025,aFRRUp,payAsBid,175,1,,,33.54,LEI (UI); denominator not inferred,2025-10-26T20:00:00Z,2025-10-26T21:00:00Z,2025-10-26T22:00:00+02:00,+0200,1.0,,,EX_POST_SNAPSHOT;NOT_ASOF_APPROVED
tenderStatistics_2025-10-26,c721a195244cad0a1126030e10b7260a2289996584b9a983ff02fbb8359c58a3,2025-10-26,469_2025,mFRRDown,payAsBid,100,1,,,10.87,LEI (UI); denominator not inferred,2025-10-25T21:00:00Z,2025-10-25T22:00:00Z,2025-10-26T00:00:00+03:00,+0300,1.0,,,EX_POST_SNAPSHOT;NOT_ASOF_APPROVED
tenderStatistics_2025-10-26,c721a195244cad0a1126030e10b7260a2289996584b9a983ff02fbb8359c58a3,2025-10-26,469_2025,mFRRDown,payAsBid,100,1,,,41.66,LEI (UI); denominator not inferred,2025-10-25T22:00:00Z,2025-10-25T23:00:00Z,2025-10-26T01:00:00+03:00,+0300,1.0,,,EX_POST_SNAPSHOT;NOT_ASOF_APPROVED
tenderStatistics_2025-10-26,c721a195244cad0a1126030e10b7260a2289996584b9a983ff02fbb8359c58a3,2025-10-26,469_2025,mFRRDown,payAsBid,100,1,,,36.45,LEI (UI); denominator not inferred,2025-10-25T23:00:00Z,2025-10-26T00:00:00Z,2025-10-26T02:00:00+03:00,+0300,1.0,,,EX_POST_SNAPSHOT;NOT_ASOF_APPROVED
tenderStatistics_2025-10-26,c721a195244cad0a1126030e10b7260a2289996584b9a983ff02fbb8359c58a3,2025-10-26,469_2025,mFRRDown,payAsBid,100,1,,,35.08,LEI (UI); denominator not inferred,2025-10-26T00:00:00Z,2025-10-26T01:00:00Z,2025-10-26T03:00:00+03:00,+0300,1.0,,,EX_POST_SNAPSHOT;NOT_ASOF_APPROVED
tenderStatistics_2025-10-26,c721a195244cad0a1126030e10b7260a2289996584b9a983ff02fbb8359c58a3,2025-10-26,469_2025,mFRRDown,payAsBid,100,1,,,35.08,LEI (UI); denominator not inferred,2025-10-26T01:00:00Z,2025-10-26T02:00:00Z,2025-10-26T03:00:00+02:00,+0200,1.0,,,EX_POST_SNAPSHOT;NOT_ASOF_APPROVED
tenderStatistics_2025-10-26,c721a195244cad0a1126030e10b7260a2289996584b9a983ff02fbb8359c58a3,2025-10-26,469_2025,mFRRDown,payAsBid,100,1,,,34.83,LEI (UI); denominator not inferred,2025-10-26T02:00:00Z,2025-10-26T03:00:00Z,2025-10-26T04:00:00+02:00,+0200,1.0,,,EX_POST_SNAPSHOT;NOT_ASOF_APPROVED
tenderStatistics_2025-10-26,c721a195244cad0a1126030e10b7260a2289996584b9a983ff02fbb8359c58a3,2025-10-26,469_2025,mFRRDown,payAsBid,100,1,,,28.62,LEI (UI); denominator not inferred,2025-10-26T03:00:00Z,2025-10-26T04:00:00Z,2025-10-26T05:00:00+02:00,+0200,1.0,,,EX_POST_SNAPSHOT;NOT_ASOF_APPROVED
tenderStatistics_2025-10-26,c721a195244cad0a1126030e10b7260a2289996584b9a983ff02fbb8359c58a3,2025-10-26,469_2025,mFRRDown,payAsBid,100,1,,,20.02,LEI (UI); denominator not inferred,2025-10-26T04:00:00Z,2025-10-26T05:00:00Z,2025-10-26T06:00:00+02:00,+0200,1.0,,,EX_POST_SNAPSHOT;NOT_ASOF_APPROVED
tenderStatistics_2025-10-26,c721a195244cad0a1126030e10b7260a2289996584b9a983ff02fbb8359c58a3,2025-10-26,469_2025,mFRRDown,payAsBid,100,1,,,21.02,LEI (UI); denominator not inferred,2025-10-26T05:00:00Z,2025-10-26T06:00:00Z,2025-10-26T07:00:00+02:00,+0200,1.0,,,EX_POST_SNAPSHOT;NOT_ASOF_APPROVED
tenderStatistics_2025-10-26,c721a195244cad0a1126030e10b7260a2289996584b9a983ff02fbb8359c58a3,2025-10-26,469_2025,mFRRDown,payAsBid,100,1,,,21.02,LEI (UI); denominator not inferred,2025-10-26T06:00:00Z,2025-10-26T07:00:00Z,2025-10-26T08:00:00+02:00,+0200,1.0,,,EX_POST_SNAPSHOT;NOT_ASOF_APPROVED
tenderStatistics_2025-10-26,c721a195244cad0a1126030e10b7260a2289996584b9a983ff02fbb8359c58a3,2025-10-26,469_2025,mFRRDown,payAsBid,100,1,,,32.41,LEI (UI); denominator not inferred,2025-10-26T07:00:00Z,2025-10-26T08:00:00Z,2025-10-26T09:00:00+02:00,+0200,1.0,,,EX_POST_SNAPSHOT;NOT_ASOF_APPROVED
tenderStatistics_2025-10-26,c721a195244cad0a1126030e10b7260a2289996584b9a983ff02fbb8359c58a3,2025-10-26,469_2025,mFRRDown,payAsBid,100,1,,,109,LEI (UI); denominator not inferred,2025-10-26T08:00:00Z,2025-10-26T09:00:00Z,2025-10-26T10:00:00+02:00,+0200,1.0,,,EX_POST_SNAPSHOT;NOT_ASOF_APPROVED
tenderStatistics_2025-10-26,c721a195244cad0a1126030e10b7260a2289996584b9a983ff02fbb8359c58a3,2025-10-26,469_2025,mFRRDown,payAsBid,100,1,,,70.25,LEI (UI); denominator not inferred,2025-10-26T09:00:00Z,2025-10-26T10:00:00Z,2025-10-26T11:00:00+02:00,+0200,1.0,,,EX_POST_SNAPSHOT;NOT_ASOF_APPROVED
tenderStatistics_2025-10-26,c721a195244cad0a1126030e10b7260a2289996584b9a983ff02fbb8359c58a3,2025-10-26,469_2025,mFRRDown,payAsBid,100,1,,,81.92,LEI (UI); denominator not inferred,2025-10-26T10:00:00Z,2025-10-26T11:00:00Z,2025-10-26T12:00:00+02:00,+0200,1.0,,,EX_POST_SNAPSHOT;NOT_ASOF_APPROVED
tenderStatistics_2025-10-26,c721a195244cad0a1126030e10b7260a2289996584b9a983ff02fbb8359c58a3,2025-10-26,469_2025,mFRRDown,payAsBid,100,1,,,77.85,LEI (UI); denominator not inferred,2025-10-26T11:00:00Z,2025-10-26T12:00:00Z,2025-10-26T13:00:00+02:00,+0200,1.0,,,EX_POST_SNAPSHOT;NOT_ASOF_APPROVED
tenderStatistics_2025-10-26,c721a195244cad0a1126030e10b7260a2289996584b9a983ff02fbb8359c58a3,2025-10-26,469_2025,mFRRDown,payAsBid,100,1,,,77,LEI (UI); denominator not inferred,2025-10-26T12:00:00Z,2025-10-26T13:00:00Z,2025-10-26T14:00:00+02:00,+0200,1.0,,,EX_POST_SNAPSHOT;NOT_ASOF_APPROVED
tenderStatistics_2025-10-26,c721a195244cad0a1126030e10b7260a2289996584b9a983ff02fbb8359c58a3,2025-10-26,469_2025,mFRRDown,payAsBid,100,1,,,157.48,LEI (UI); denominator not inferred,2025-10-26T13:00:00Z,2025-10-26T14:00:00Z,2025-10-26T15:00:00+02:00,+0200,1.0,,,EX_POST_SNAPSHOT;NOT_ASOF_APPROVED
tenderStatistics_2025-10-26,c721a195244cad0a1126030e10b7260a2289996584b9a983ff02fbb8359c58a3,2025-10-26,469_2025,mFRRDown,payAsBid,100,1,,,10.87,LEI (UI); denominator not inferred,2025-10-26T14:00:00Z,2025-10-26T15:00:00Z,2025-10-26T16:00:00+02:00,+0200,1.0,,,EX_POST_SNAPSHOT;NOT_ASOF_APPROVED
tenderStatistics_2025-10-26,c721a195244cad0a1126030e10b7260a2289996584b9a983ff02fbb8359c58a3,2025-10-26,469_2025,mFRRDown,payAsBid,100,1,,,10.87,LEI (UI); denominator not inferred,2025-10-26T15:00:00Z,2025-10-26T16:00:00Z,2025-10-26T17:00:00+02:00,+0200,1.0,,,EX_POST_SNAPSHOT;NOT_ASOF_APPROVED
tenderStatistics_2025-10-26,c721a195244cad0a1126030e10b7260a2289996584b9a983ff02fbb8359c58a3,2025-10-26,469_2025,mFRRDown,payAsBid,100,1,,,10.87,LEI (UI); denominator not inferred,2025-10-26T16:00:00Z,2025-10-26T17:00:00Z,2025-10-26T18:00:00+02:00,+0200,1.0,,,EX_POST_SNAPSHOT;NOT_ASOF_APPROVED
tenderStatistics_2025-10-26,c721a195244cad0a1126030e10b7260a2289996584b9a983ff02fbb8359c58a3,2025-10-26,469_2025,mFRRDown,payAsBid,100,1,,,10.87,LEI (UI); denominator not inferred,2025-10-26T17:00:00Z,2025-10-26T18:00:00Z,2025-10-26T19:00:00+02:00,+0200,1.0,,,EX_POST_SNAPSHOT;NOT_ASOF_APPROVED
tenderStatistics_2025-10-26,c721a195244cad0a1126030e10b7260a2289996584b9a983ff02fbb8359c58a3,2025-10-26,469_2025,mFRRDown,payAsBid,100,1,,,10.87,LEI (UI); denominator not inferred,2025-10-26T18:00:00Z,2025-10-26T19:00:00Z,2025-10-26T20:00:00+02:00,+0200,1.0,,,EX_POST_SNAPSHOT;NOT_ASOF_APPROVED
tenderStatistics_2025-10-26,c721a195244cad0a1126030e10b7260a2289996584b9a983ff02fbb8359c58a3,2025-10-26,469_2025,mFRRDown,payAsBid,100,1,,,10.87,LEI (UI); denominator not inferred,2025-10-26T19:00:00Z,2025-10-26T20:00:00Z,2025-10-26T21:00:00+02:00,+0200,1.0,,,EX_POST_SNAPSHOT;NOT_ASOF_APPROVED
tenderStatistics_2025-10-26,c721a195244cad0a1126030e10b7260a2289996584b9a983ff02fbb8359c58a3,2025-10-26,469_2025,mFRRDown,payAsBid,100,1,,,10.87,LEI (UI); denominator not inferred,2025-10-26T20:00:00Z,2025-10-26T21:00:00Z,2025-10-26T22:00:00+02:00,+0200,1.0,,,EX_POST_SNAPSHOT;NOT_ASOF_APPROVED
tenderStatistics_2025-10-26,c721a195244cad0a1126030e10b7260a2289996584b9a983ff02fbb8359c58a3,2025-10-26,469_2025,mFRRUp,payAsBid,350,1,,,37.57,LEI (UI); denominator not inferred,2025-10-25T21:00:00Z,2025-10-25T22:00:00Z,2025-10-26T00:00:00+03:00,+0300,1.0,,,EX_POST_SNAPSHOT;NOT_ASOF_APPROVED
tenderStatistics_2025-10-26,c721a195244cad0a1126030e10b7260a2289996584b9a983ff02fbb8359c58a3,2025-10-26,469_2025,mFRRUp,payAsBid,350,1,,,37.47,LEI (UI); denominator not inferred,2025-10-25T22:00:00Z,2025-10-25T23:00:00Z,2025-10-26T01:00:00+03:00,+0300,1.0,,,EX_POST_SNAPSHOT;NOT_ASOF_APPROVED
tenderStatistics_2025-10-26,c721a195244cad0a1126030e10b7260a2289996584b9a983ff02fbb8359c58a3,2025-10-26,469_2025,mFRRUp,payAsBid,350,1,,,37.47,LEI (UI); denominator not inferred,2025-10-25T23:00:00Z,2025-10-26T00:00:00Z,2025-10-26T02:00:00+03:00,+0300,1.0,,,EX_POST_SNAPSHOT;NOT_ASOF_APPROVED
tenderStatistics_2025-10-26,c721a195244cad0a1126030e10b7260a2289996584b9a983ff02fbb8359c58a3,2025-10-26,469_2025,mFRRUp,payAsBid,350,1,,,37.47,LEI (UI); denominator not inferred,2025-10-26T00:00:00Z,2025-10-26T01:00:00Z,2025-10-26T03:00:00+03:00,+0300,1.0,,,EX_POST_SNAPSHOT;NOT_ASOF_APPROVED
tenderStatistics_2025-10-26,c721a195244cad0a1126030e10b7260a2289996584b9a983ff02fbb8359c58a3,2025-10-26,469_2025,mFRRUp,payAsBid,350,1,,,37.47,LEI (UI); denominator not inferred,2025-10-26T01:00:00Z,2025-10-26T02:00:00Z,2025-10-26T03:00:00+02:00,+0200,1.0,,,EX_POST_SNAPSHOT;NOT_ASOF_APPROVED
tenderStatistics_2025-10-26,c721a195244cad0a1126030e10b7260a2289996584b9a983ff02fbb8359c58a3,2025-10-26,469_2025,mFRRUp,payAsBid,350,1,,,37.47,LEI (UI); denominator not inferred,2025-10-26T02:00:00Z,2025-10-26T03:00:00Z,2025-10-26T04:00:00+02:00,+0200,1.0,,,EX_POST_SNAPSHOT;NOT_ASOF_APPROVED
tenderStatistics_2025-10-26,c721a195244cad0a1126030e10b7260a2289996584b9a983ff02fbb8359c58a3,2025-10-26,469_2025,mFRRUp,payAsBid,350,1,,,37.48,LEI (UI); denominator not inferred,2025-10-26T03:00:00Z,2025-10-26T04:00:00Z,2025-10-26T05:00:00+02:00,+0200,1.0,,,EX_POST_SNAPSHOT;NOT_ASOF_APPROVED
tenderStatistics_2025-10-26,c721a195244cad0a1126030e10b7260a2289996584b9a983ff02fbb8359c58a3,2025-10-26,469_2025,mFRRUp,payAsBid,500,1,,,37.53,LEI (UI); denominator not inferred,2025-10-26T04:00:00Z,2025-10-26T05:00:00Z,2025-10-26T06:00:00+02:00,+0200,1.0,,,EX_POST_SNAPSHOT;NOT_ASOF_APPROVED
tenderStatistics_2025-10-26,c721a195244cad0a1126030e10b7260a2289996584b9a983ff02fbb8359c58a3,2025-10-26,469_2025,mFRRUp,payAsBid,500,1,,,37.53,LEI (UI); denominator not inferred,2025-10-26T05:00:00Z,2025-10-26T06:00:00Z,2025-10-26T07:00:00+02:00,+0200,1.0,,,EX_POST_SNAPSHOT;NOT_ASOF_APPROVED
tenderStatistics_2025-10-26,c721a195244cad0a1126030e10b7260a2289996584b9a983ff02fbb8359c58a3,2025-10-26,469_2025,mFRRUp,payAsBid,500,1,,,37.53,LEI (UI); denominator not inferred,2025-10-26T06:00:00Z,2025-10-26T07:00:00Z,2025-10-26T08:00:00+02:00,+0200,1.0,,,EX_POST_SNAPSHOT;NOT_ASOF_APPROVED
tenderStatistics_2025-10-26,c721a195244cad0a1126030e10b7260a2289996584b9a983ff02fbb8359c58a3,2025-10-26,469_2025,mFRRUp,payAsBid,500,1,,,37.53,LEI (UI); denominator not inferred,2025-10-26T07:00:00Z,2025-10-26T08:00:00Z,2025-10-26T09:00:00+02:00,+0200,1.0,,,EX_POST_SNAPSHOT;NOT_ASOF_APPROVED
tenderStatistics_2025-10-26,c721a195244cad0a1126030e10b7260a2289996584b9a983ff02fbb8359c58a3,2025-10-26,469_2025,mFRRUp,payAsBid,450,1,,,37.53,LEI (UI); denominator not inferred,2025-10-26T08:00:00Z,2025-10-26T09:00:00Z,2025-10-26T10:00:00+02:00,+0200,1.0,,,EX_POST_SNAPSHOT;NOT_ASOF_APPROVED
tenderStatistics_2025-10-26,c721a195244cad0a1126030e10b7260a2289996584b9a983ff02fbb8359c58a3,2025-10-26,469_2025,mFRRUp,payAsBid,450,1,,,37.57,LEI (UI); denominator not inferred,2025-10-26T09:00:00Z,2025-10-26T10:00:00Z,2025-10-26T11:00:00+02:00,+0200,1.0,,,EX_POST_SNAPSHOT;NOT_ASOF_APPROVED
tenderStatistics_2025-10-26,c721a195244cad0a1126030e10b7260a2289996584b9a983ff02fbb8359c58a3,2025-10-26,469_2025,mFRRUp,payAsBid,450,1,,,37.57,LEI (UI); denominator not inferred,2025-10-26T10:00:00Z,2025-10-26T11:00:00Z,2025-10-26T12:00:00+02:00,+0200,1.0,,,EX_POST_SNAPSHOT;NOT_ASOF_APPROVED
tenderStatistics_2025-10-26,c721a195244cad0a1126030e10b7260a2289996584b9a983ff02fbb8359c58a3,2025-10-26,469_2025,mFRRUp,payAsBid,450,1,,,37.57,LEI (UI); denominator not inferred,2025-10-26T11:00:00Z,2025-10-26T12:00:00Z,2025-10-26T13:00:00+02:00,+0200,1.0,,,EX_POST_SNAPSHOT;NOT_ASOF_APPROVED
tenderStatistics_2025-10-26,c721a195244cad0a1126030e10b7260a2289996584b9a983ff02fbb8359c58a3,2025-10-26,469_2025,mFRRUp,payAsBid,450,1,,,37.57,LEI (UI); denominator not inferred,2025-10-26T12:00:00Z,2025-10-26T13:00:00Z,2025-10-26T14:00:00+02:00,+0200,1.0,,,EX_POST_SNAPSHOT;NOT_ASOF_APPROVED
tenderStatistics_2025-10-26,c721a195244cad0a1126030e10b7260a2289996584b9a983ff02fbb8359c58a3,2025-10-26,469_2025,mFRRUp,payAsBid,450,1,,,37.57,LEI (UI); denominator not inferred,2025-10-26T13:00:00Z,2025-10-26T14:00:00Z,2025-10-26T15:00:00+02:00,+0200,1.0,,,EX_POST_SNAPSHOT;NOT_ASOF_APPROVED
tenderStatistics_2025-10-26,c721a195244cad0a1126030e10b7260a2289996584b9a983ff02fbb8359c58a3,2025-10-26,469_2025,mFRRUp,payAsBid,500,1,,,37.62,LEI (UI); denominator not inferred,2025-10-26T14:00:00Z,2025-10-26T15:00:00Z,2025-10-26T16:00:00+02:00,+0200,1.0,,,EX_POST_SNAPSHOT;NOT_ASOF_APPROVED
tenderStatistics_2025-10-26,c721a195244cad0a1126030e10b7260a2289996584b9a983ff02fbb8359c58a3,2025-10-26,469_2025,mFRRUp,payAsBid,550,1,,,37.62,LEI (UI); denominator not inferred,2025-10-26T15:00:00Z,2025-10-26T16:00:00Z,2025-10-26T17:00:00+02:00,+0200,1.0,,,EX_POST_SNAPSHOT;NOT_ASOF_APPROVED
tenderStatistics_2025-10-26,c721a195244cad0a1126030e10b7260a2289996584b9a983ff02fbb8359c58a3,2025-10-26,469_2025,mFRRUp,payAsBid,550,1,,,37.88,LEI (UI); denominator not inferred,2025-10-26T16:00:00Z,2025-10-26T17:00:00Z,2025-10-26T18:00:00+02:00,+0200,1.0,,,EX_POST_SNAPSHOT;NOT_ASOF_APPROVED
tenderStatistics_2025-10-26,c721a195244cad0a1126030e10b7260a2289996584b9a983ff02fbb8359c58a3,2025-10-26,469_2025,mFRRUp,payAsBid,550,1,,,37.88,LEI (UI); denominator not inferred,2025-10-26T17:00:00Z,2025-10-26T18:00:00Z,2025-10-26T19:00:00+02:00,+0200,1.0,,,EX_POST_SNAPSHOT;NOT_ASOF_APPROVED
tenderStatistics_2025-10-26,c721a195244cad0a1126030e10b7260a2289996584b9a983ff02fbb8359c58a3,2025-10-26,469_2025,mFRRUp,payAsBid,550,1,,,37.88,LEI (UI); denominator not inferred,2025-10-26T18:00:00Z,2025-10-26T19:00:00Z,2025-10-26T20:00:00+02:00,+0200,1.0,,,EX_POST_SNAPSHOT;NOT_ASOF_APPROVED
tenderStatistics_2025-10-26,c721a195244cad0a1126030e10b7260a2289996584b9a983ff02fbb8359c58a3,2025-10-26,469_2025,mFRRUp,payAsBid,550,1,,,37.62,LEI (UI); denominator not inferred,2025-10-26T19:00:00Z,2025-10-26T20:00:00Z,2025-10-26T21:00:00+02:00,+0200,1.0,,,EX_POST_SNAPSHOT;NOT_ASOF_APPROVED
tenderStatistics_2025-10-26,c721a195244cad0a1126030e10b7260a2289996584b9a983ff02fbb8359c58a3,2025-10-26,469_2025,mFRRUp,payAsBid,500,1,,,37.62,LEI (UI); denominator not inferred,2025-10-26T20:00:00Z,2025-10-26T21:00:00Z,2025-10-26T22:00:00+02:00,+0200,1.0,,,EX_POST_SNAPSHOT;NOT_ASOF_APPROVED
tenderStatistics_2026-03-29_R1,c9120f45929435cf73305760f4ff059185664c7c7821f023ba4d01afe8801c3b,2026-03-29,178_2026,FCR,payAsBid,128,1.046,,,347.5,LEI (UI); denominator not inferred,2026-03-28T22:00:00Z,2026-03-28T23:00:00Z,2026-03-29T00:00:00+02:00,+0200,1.0,,,EX_POST_SNAPSHOT;NOT_ASOF_APPROVED
tenderStatistics_2026-03-29_R1,c9120f45929435cf73305760f4ff059185664c7c7821f023ba4d01afe8801c3b,2026-03-29,178_2026,FCR,payAsBid,128,1.015,,,347.5,LEI (UI); denominator not inferred,2026-03-28T23:00:00Z,2026-03-29T00:00:00Z,2026-03-29T01:00:00+02:00,+0200,1.0,,,EX_POST_SNAPSHOT;NOT_ASOF_APPROVED
tenderStatistics_2026-03-29_R1,c9120f45929435cf73305760f4ff059185664c7c7821f023ba4d01afe8801c3b,2026-03-29,178_2026,FCR,payAsBid,128,1.015,,,347.5,LEI (UI); denominator not inferred,2026-03-29T00:00:00Z,2026-03-29T01:00:00Z,2026-03-29T02:00:00+02:00,+0200,1.0,,,EX_POST_SNAPSHOT;NOT_ASOF_APPROVED
tenderStatistics_2026-03-29_R1,c9120f45929435cf73305760f4ff059185664c7c7821f023ba4d01afe8801c3b,2026-03-29,178_2026,FCR,payAsBid,128,1.015,,,347.5,LEI (UI); denominator not inferred,2026-03-29T01:00:00Z,2026-03-29T02:00:00Z,2026-03-29T04:00:00+03:00,+0300,1.0,,,EX_POST_SNAPSHOT;NOT_ASOF_APPROVED
tenderStatistics_2026-03-29_R1,c9120f45929435cf73305760f4ff059185664c7c7821f023ba4d01afe8801c3b,2026-03-29,178_2026,FCR,payAsBid,128,1.015,,,347.5,LEI (UI); denominator not inferred,2026-03-29T02:00:00Z,2026-03-29T03:00:00Z,2026-03-29T05:00:00+03:00,+0300,1.0,,,EX_POST_SNAPSHOT;NOT_ASOF_APPROVED
tenderStatistics_2026-03-29_R1,c9120f45929435cf73305760f4ff059185664c7c7821f023ba4d01afe8801c3b,2026-03-29,178_2026,FCR,payAsBid,128,1.015,,,347.5,LEI (UI); denominator not inferred,2026-03-29T03:00:00Z,2026-03-29T04:00:00Z,2026-03-29T06:00:00+03:00,+0300,1.0,,,EX_POST_SNAPSHOT;NOT_ASOF_APPROVED
tenderStatistics_2026-03-29_R1,c9120f45929435cf73305760f4ff059185664c7c7821f023ba4d01afe8801c3b,2026-03-29,178_2026,FCR,payAsBid,128,1.015,,,347.5,LEI (UI); denominator not inferred,2026-03-29T04:00:00Z,2026-03-29T05:00:00Z,2026-03-29T07:00:00+03:00,+0300,1.0,,,EX_POST_SNAPSHOT;NOT_ASOF_APPROVED
tenderStatistics_2026-03-29_R1,c9120f45929435cf73305760f4ff059185664c7c7821f023ba4d01afe8801c3b,2026-03-29,178_2026,FCR,payAsBid,128,1.015,,,347.5,LEI (UI); denominator not inferred,2026-03-29T05:00:00Z,2026-03-29T06:00:00Z,2026-03-29T08:00:00+03:00,+0300,1.0,,,EX_POST_SNAPSHOT;NOT_ASOF_APPROVED
tenderStatistics_2026-03-29_R1,c9120f45929435cf73305760f4ff059185664c7c7821f023ba4d01afe8801c3b,2026-03-29,178_2026,FCR,payAsBid,128,1.015,,,347.5,LEI (UI); denominator not inferred,2026-03-29T06:00:00Z,2026-03-29T07:00:00Z,2026-03-29T09:00:00+03:00,+0300,1.0,,,EX_POST_SNAPSHOT;NOT_ASOF_APPROVED
tenderStatistics_2026-03-29_R1,c9120f45929435cf73305760f4ff059185664c7c7821f023ba4d01afe8801c3b,2026-03-29,178_2026,FCR,payAsBid,128,0.734,,,347.5,LEI (UI); denominator not inferred,2026-03-29T07:00:00Z,2026-03-29T08:00:00Z,2026-03-29T10:00:00+03:00,+0300,1.0,,,EX_POST_SNAPSHOT;NOT_ASOF_APPROVED
tenderStatistics_2026-03-29_R1,c9120f45929435cf73305760f4ff059185664c7c7821f023ba4d01afe8801c3b,2026-03-29,178_2026,FCR,payAsBid,128,0.734,,,347.5,LEI (UI); denominator not inferred,2026-03-29T08:00:00Z,2026-03-29T09:00:00Z,2026-03-29T11:00:00+03:00,+0300,1.0,,,EX_POST_SNAPSHOT;NOT_ASOF_APPROVED
tenderStatistics_2026-03-29_R1,c9120f45929435cf73305760f4ff059185664c7c7821f023ba4d01afe8801c3b,2026-03-29,178_2026,FCR,payAsBid,128,0.734,,,347.5,LEI (UI); denominator not inferred,2026-03-29T09:00:00Z,2026-03-29T10:00:00Z,2026-03-29T12:00:00+03:00,+0300,1.0,,,EX_POST_SNAPSHOT;NOT_ASOF_APPROVED
tenderStatistics_2026-03-29_R1,c9120f45929435cf73305760f4ff059185664c7c7821f023ba4d01afe8801c3b,2026-03-29,178_2026,FCR,payAsBid,128,0.734,,,347.5,LEI (UI); denominator not inferred,2026-03-29T10:00:00Z,2026-03-29T11:00:00Z,2026-03-29T13:00:00+03:00,+0300,1.0,,,EX_POST_SNAPSHOT;NOT_ASOF_APPROVED
tenderStatistics_2026-03-29_R1,c9120f45929435cf73305760f4ff059185664c7c7821f023ba4d01afe8801c3b,2026-03-29,178_2026,FCR,payAsBid,128,0.734,,,347.5,LEI (UI); denominator not inferred,2026-03-29T11:00:00Z,2026-03-29T12:00:00Z,2026-03-29T14:00:00+03:00,+0300,1.0,,,EX_POST_SNAPSHOT;NOT_ASOF_APPROVED
tenderStatistics_2026-03-29_R1,c9120f45929435cf73305760f4ff059185664c7c7821f023ba4d01afe8801c3b,2026-03-29,178_2026,FCR,payAsBid,128,0.734,,,347.5,LEI (UI); denominator not inferred,2026-03-29T12:00:00Z,2026-03-29T13:00:00Z,2026-03-29T15:00:00+03:00,+0300,1.0,,,EX_POST_SNAPSHOT;NOT_ASOF_APPROVED
tenderStatistics_2026-03-29_R1,c9120f45929435cf73305760f4ff059185664c7c7821f023ba4d01afe8801c3b,2026-03-29,178_2026,FCR,payAsBid,128,0.734,,,347.5,LEI (UI); denominator not inferred,2026-03-29T13:00:00Z,2026-03-29T14:00:00Z,2026-03-29T16:00:00+03:00,+0300,1.0,,,EX_POST_SNAPSHOT;NOT_ASOF_APPROVED
tenderStatistics_2026-03-29_R1,c9120f45929435cf73305760f4ff059185664c7c7821f023ba4d01afe8801c3b,2026-03-29,178_2026,FCR,payAsBid,128,1.015,,,347.5,LEI (UI); denominator not inferred,2026-03-29T14:00:00Z,2026-03-29T15:00:00Z,2026-03-29T17:00:00+03:00,+0300,1.0,,,EX_POST_SNAPSHOT;NOT_ASOF_APPROVED
tenderStatistics_2026-03-29_R1,c9120f45929435cf73305760f4ff059185664c7c7821f023ba4d01afe8801c3b,2026-03-29,178_2026,FCR,payAsBid,128,1.046,,,347.5,LEI (UI); denominator not inferred,2026-03-29T15:00:00Z,2026-03-29T16:00:00Z,2026-03-29T18:00:00+03:00,+0300,1.0,,,EX_POST_SNAPSHOT;NOT_ASOF_APPROVED
tenderStatistics_2026-03-29_R1,c9120f45929435cf73305760f4ff059185664c7c7821f023ba4d01afe8801c3b,2026-03-29,178_2026,FCR,payAsBid,128,1.046,,,347.5,LEI (UI); denominator not inferred,2026-03-29T16:00:00Z,2026-03-29T17:00:00Z,2026-03-29T19:00:00+03:00,+0300,1.0,,,EX_POST_SNAPSHOT;NOT_ASOF_APPROVED
tenderStatistics_2026-03-29_R1,c9120f45929435cf73305760f4ff059185664c7c7821f023ba4d01afe8801c3b,2026-03-29,178_2026,FCR,payAsBid,128,1.046,,,347.5,LEI (UI); denominator not inferred,2026-03-29T17:00:00Z,2026-03-29T18:00:00Z,2026-03-29T20:00:00+03:00,+0300,1.0,,,EX_POST_SNAPSHOT;NOT_ASOF_APPROVED
tenderStatistics_2026-03-29_R1,c9120f45929435cf73305760f4ff059185664c7c7821f023ba4d01afe8801c3b,2026-03-29,178_2026,FCR,payAsBid,128,1.046,,,347.5,LEI (UI); denominator not inferred,2026-03-29T18:00:00Z,2026-03-29T19:00:00Z,2026-03-29T21:00:00+03:00,+0300,1.0,,,EX_POST_SNAPSHOT;NOT_ASOF_APPROVED
tenderStatistics_2026-03-29_R1,c9120f45929435cf73305760f4ff059185664c7c7821f023ba4d01afe8801c3b,2026-03-29,178_2026,FCR,payAsBid,128,1.046,,,347.5,LEI (UI); denominator not inferred,2026-03-29T19:00:00Z,2026-03-29T20:00:00Z,2026-03-29T22:00:00+03:00,+0300,1.0,,,EX_POST_SNAPSHOT;NOT_ASOF_APPROVED
tenderStatistics_2026-03-29_R1,c9120f45929435cf73305760f4ff059185664c7c7821f023ba4d01afe8801c3b,2026-03-29,178_2026,FCR,payAsBid,128,1.046,,,347.5,LEI (UI); denominator not inferred,2026-03-29T20:00:00Z,2026-03-29T21:00:00Z,2026-03-29T23:00:00+03:00,+0300,1.0,,,EX_POST_SNAPSHOT;NOT_ASOF_APPROVED
tenderStatistics_2026-03-29_R1,c9120f45929435cf73305760f4ff059185664c7c7821f023ba4d01afe8801c3b,2026-03-29,174_2026,aFRRDown,payAsBid,175,1,,,15.27,LEI (UI); denominator not inferred,2026-03-28T22:00:00Z,2026-03-28T23:00:00Z,2026-03-29T00:00:00+02:00,+0200,1.0,,,EX_POST_SNAPSHOT;NOT_ASOF_APPROVED
tenderStatistics_2026-03-29_R1,c9120f45929435cf73305760f4ff059185664c7c7821f023ba4d01afe8801c3b,2026-03-29,174_2026,aFRRDown,payAsBid,175,1,,,15.27,LEI (UI); denominator not inferred,2026-03-28T23:00:00Z,2026-03-29T00:00:00Z,2026-03-29T01:00:00+02:00,+0200,1.0,,,EX_POST_SNAPSHOT;NOT_ASOF_APPROVED
tenderStatistics_2026-03-29_R1,c9120f45929435cf73305760f4ff059185664c7c7821f023ba4d01afe8801c3b,2026-03-29,174_2026,aFRRDown,payAsBid,175,1,,,15.28,LEI (UI); denominator not inferred,2026-03-29T00:00:00Z,2026-03-29T01:00:00Z,2026-03-29T02:00:00+02:00,+0200,1.0,,,EX_POST_SNAPSHOT;NOT_ASOF_APPROVED
tenderStatistics_2026-03-29_R1,c9120f45929435cf73305760f4ff059185664c7c7821f023ba4d01afe8801c3b,2026-03-29,174_2026,aFRRDown,payAsBid,175,1,,,15.28,LEI (UI); denominator not inferred,2026-03-29T01:00:00Z,2026-03-29T02:00:00Z,2026-03-29T04:00:00+03:00,+0300,1.0,,,EX_POST_SNAPSHOT;NOT_ASOF_APPROVED
tenderStatistics_2026-03-29_R1,c9120f45929435cf73305760f4ff059185664c7c7821f023ba4d01afe8801c3b,2026-03-29,174_2026,aFRRDown,payAsBid,175,1,,,15.28,LEI (UI); denominator not inferred,2026-03-29T02:00:00Z,2026-03-29T03:00:00Z,2026-03-29T05:00:00+03:00,+0300,1.0,,,EX_POST_SNAPSHOT;NOT_ASOF_APPROVED
tenderStatistics_2026-03-29_R1,c9120f45929435cf73305760f4ff059185664c7c7821f023ba4d01afe8801c3b,2026-03-29,174_2026,aFRRDown,payAsBid,175,1,,,15.27,LEI (UI); denominator not inferred,2026-03-29T03:00:00Z,2026-03-29T04:00:00Z,2026-03-29T06:00:00+03:00,+0300,1.0,,,EX_POST_SNAPSHOT;NOT_ASOF_APPROVED
tenderStatistics_2026-03-29_R1,c9120f45929435cf73305760f4ff059185664c7c7821f023ba4d01afe8801c3b,2026-03-29,174_2026,aFRRDown,payAsBid,175,1,,,15.23,LEI (UI); denominator not inferred,2026-03-29T04:00:00Z,2026-03-29T05:00:00Z,2026-03-29T07:00:00+03:00,+0300,1.0,,,EX_POST_SNAPSHOT;NOT_ASOF_APPROVED
tenderStatistics_2026-03-29_R1,c9120f45929435cf73305760f4ff059185664c7c7821f023ba4d01afe8801c3b,2026-03-29,174_2026,aFRRDown,payAsBid,175,1,,,16,LEI (UI); denominator not inferred,2026-03-29T05:00:00Z,2026-03-29T06:00:00Z,2026-03-29T08:00:00+03:00,+0300,1.0,,,EX_POST_SNAPSHOT;NOT_ASOF_APPROVED
tenderStatistics_2026-03-29_R1,c9120f45929435cf73305760f4ff059185664c7c7821f023ba4d01afe8801c3b,2026-03-29,174_2026,aFRRDown,payAsBid,175,1,,,16,LEI (UI); denominator not inferred,2026-03-29T06:00:00Z,2026-03-29T07:00:00Z,2026-03-29T09:00:00+03:00,+0300,1.0,,,EX_POST_SNAPSHOT;NOT_ASOF_APPROVED
tenderStatistics_2026-03-29_R1,c9120f45929435cf73305760f4ff059185664c7c7821f023ba4d01afe8801c3b,2026-03-29,174_2026,aFRRDown,payAsBid,175,1,,,29.48,LEI (UI); denominator not inferred,2026-03-29T07:00:00Z,2026-03-29T08:00:00Z,2026-03-29T10:00:00+03:00,+0300,1.0,,,EX_POST_SNAPSHOT;NOT_ASOF_APPROVED
tenderStatistics_2026-03-29_R1,c9120f45929435cf73305760f4ff059185664c7c7821f023ba4d01afe8801c3b,2026-03-29,174_2026,aFRRDown,payAsBid,175,1,,,30.73,LEI (UI); denominator not inferred,2026-03-29T08:00:00Z,2026-03-29T09:00:00Z,2026-03-29T11:00:00+03:00,+0300,1.0,,,EX_POST_SNAPSHOT;NOT_ASOF_APPROVED
tenderStatistics_2026-03-29_R1,c9120f45929435cf73305760f4ff059185664c7c7821f023ba4d01afe8801c3b,2026-03-29,174_2026,aFRRDown,payAsBid,175,1,,,30.73,LEI (UI); denominator not inferred,2026-03-29T09:00:00Z,2026-03-29T10:00:00Z,2026-03-29T12:00:00+03:00,+0300,1.0,,,EX_POST_SNAPSHOT;NOT_ASOF_APPROVED
tenderStatistics_2026-03-29_R1,c9120f45929435cf73305760f4ff059185664c7c7821f023ba4d01afe8801c3b,2026-03-29,174_2026,aFRRDown,payAsBid,175,1,,,30.73,LEI (UI); denominator not inferred,2026-03-29T10:00:00Z,2026-03-29T11:00:00Z,2026-03-29T13:00:00+03:00,+0300,1.0,,,EX_POST_SNAPSHOT;NOT_ASOF_APPROVED
tenderStatistics_2026-03-29_R1,c9120f45929435cf73305760f4ff059185664c7c7821f023ba4d01afe8801c3b,2026-03-29,174_2026,aFRRDown,payAsBid,175,1,,,29.81,LEI (UI); denominator not inferred,2026-03-29T11:00:00Z,2026-03-29T12:00:00Z,2026-03-29T14:00:00+03:00,+0300,1.0,,,EX_POST_SNAPSHOT;NOT_ASOF_APPROVED
tenderStatistics_2026-03-29_R1,c9120f45929435cf73305760f4ff059185664c7c7821f023ba4d01afe8801c3b,2026-03-29,174_2026,aFRRDown,payAsBid,175,1,,,28.62,LEI (UI); denominator not inferred,2026-03-29T12:00:00Z,2026-03-29T13:00:00Z,2026-03-29T15:00:00+03:00,+0300,1.0,,,EX_POST_SNAPSHOT;NOT_ASOF_APPROVED
tenderStatistics_2026-03-29_R1,c9120f45929435cf73305760f4ff059185664c7c7821f023ba4d01afe8801c3b,2026-03-29,174_2026,aFRRDown,payAsBid,175,1,,,16,LEI (UI); denominator not inferred,2026-03-29T13:00:00Z,2026-03-29T14:00:00Z,2026-03-29T16:00:00+03:00,+0300,1.0,,,EX_POST_SNAPSHOT;NOT_ASOF_APPROVED
tenderStatistics_2026-03-29_R1,c9120f45929435cf73305760f4ff059185664c7c7821f023ba4d01afe8801c3b,2026-03-29,174_2026,aFRRDown,payAsBid,175,1,,,15.27,LEI (UI); denominator not inferred,2026-03-29T14:00:00Z,2026-03-29T15:00:00Z,2026-03-29T17:00:00+03:00,+0300,1.0,,,EX_POST_SNAPSHOT;NOT_ASOF_APPROVED
tenderStatistics_2026-03-29_R1,c9120f45929435cf73305760f4ff059185664c7c7821f023ba4d01afe8801c3b,2026-03-29,174_2026,aFRRDown,payAsBid,175,1,,,14.87,LEI (UI); denominator not inferred,2026-03-29T15:00:00Z,2026-03-29T16:00:00Z,2026-03-29T18:00:00+03:00,+0300,1.0,,,EX_POST_SNAPSHOT;NOT_ASOF_APPROVED
tenderStatistics_2026-03-29_R1,c9120f45929435cf73305760f4ff059185664c7c7821f023ba4d01afe8801c3b,2026-03-29,174_2026,aFRRDown,payAsBid,175,1,,,14.86,LEI (UI); denominator not inferred,2026-03-29T16:00:00Z,2026-03-29T17:00:00Z,2026-03-29T19:00:00+03:00,+0300,1.0,,,EX_POST_SNAPSHOT;NOT_ASOF_APPROVED
tenderStatistics_2026-03-29_R1,c9120f45929435cf73305760f4ff059185664c7c7821f023ba4d01afe8801c3b,2026-03-29,174_2026,aFRRDown,payAsBid,175,1,,,15.27,LEI (UI); denominator not inferred,2026-03-29T17:00:00Z,2026-03-29T18:00:00Z,2026-03-29T20:00:00+03:00,+0300,1.0,,,EX_POST_SNAPSHOT;NOT_ASOF_APPROVED
tenderStatistics_2026-03-29_R1,c9120f45929435cf73305760f4ff059185664c7c7821f023ba4d01afe8801c3b,2026-03-29,174_2026,aFRRDown,payAsBid,175,1,,,15.28,LEI (UI); denominator not inferred,2026-03-29T18:00:00Z,2026-03-29T19:00:00Z,2026-03-29T21:00:00+03:00,+0300,1.0,,,EX_POST_SNAPSHOT;NOT_ASOF_APPROVED
tenderStatistics_2026-03-29_R1,c9120f45929435cf73305760f4ff059185664c7c7821f023ba4d01afe8801c3b,2026-03-29,174_2026,aFRRDown,payAsBid,175,1,,,15.28,LEI (UI); denominator not inferred,2026-03-29T19:00:00Z,2026-03-29T20:00:00Z,2026-03-29T22:00:00+03:00,+0300,1.0,,,EX_POST_SNAPSHOT;NOT_ASOF_APPROVED
tenderStatistics_2026-03-29_R1,c9120f45929435cf73305760f4ff059185664c7c7821f023ba4d01afe8801c3b,2026-03-29,174_2026,aFRRDown,payAsBid,175,1,,,15.28,LEI (UI); denominator not inferred,2026-03-29T20:00:00Z,2026-03-29T21:00:00Z,2026-03-29T23:00:00+03:00,+0300,1.0,,,EX_POST_SNAPSHOT;NOT_ASOF_APPROVED
tenderStatistics_2026-03-29_R1,c9120f45929435cf73305760f4ff059185664c7c7821f023ba4d01afe8801c3b,2026-03-29,174_2026,aFRRUp,payAsBid,175,1,,,32.88,LEI (UI); denominator not inferred,2026-03-28T22:00:00Z,2026-03-28T23:00:00Z,2026-03-29T00:00:00+02:00,+0200,1.0,,,EX_POST_SNAPSHOT;NOT_ASOF_APPROVED
tenderStatistics_2026-03-29_R1,c9120f45929435cf73305760f4ff059185664c7c7821f023ba4d01afe8801c3b,2026-03-29,174_2026,aFRRUp,payAsBid,175,1,,,32.88,LEI (UI); denominator not inferred,2026-03-28T23:00:00Z,2026-03-29T00:00:00Z,2026-03-29T01:00:00+02:00,+0200,1.0,,,EX_POST_SNAPSHOT;NOT_ASOF_APPROVED
tenderStatistics_2026-03-29_R1,c9120f45929435cf73305760f4ff059185664c7c7821f023ba4d01afe8801c3b,2026-03-29,174_2026,aFRRUp,payAsBid,175,1,,,32.88,LEI (UI); denominator not inferred,2026-03-29T00:00:00Z,2026-03-29T01:00:00Z,2026-03-29T02:00:00+02:00,+0200,1.0,,,EX_POST_SNAPSHOT;NOT_ASOF_APPROVED
tenderStatistics_2026-03-29_R1,c9120f45929435cf73305760f4ff059185664c7c7821f023ba4d01afe8801c3b,2026-03-29,174_2026,aFRRUp,payAsBid,175,1,,,32.88,LEI (UI); denominator not inferred,2026-03-29T01:00:00Z,2026-03-29T02:00:00Z,2026-03-29T04:00:00+03:00,+0300,1.0,,,EX_POST_SNAPSHOT;NOT_ASOF_APPROVED
tenderStatistics_2026-03-29_R1,c9120f45929435cf73305760f4ff059185664c7c7821f023ba4d01afe8801c3b,2026-03-29,174_2026,aFRRUp,payAsBid,175,1,,,32.88,LEI (UI); denominator not inferred,2026-03-29T02:00:00Z,2026-03-29T03:00:00Z,2026-03-29T05:00:00+03:00,+0300,1.0,,,EX_POST_SNAPSHOT;NOT_ASOF_APPROVED
tenderStatistics_2026-03-29_R1,c9120f45929435cf73305760f4ff059185664c7c7821f023ba4d01afe8801c3b,2026-03-29,174_2026,aFRRUp,payAsBid,175,1,,,32.88,LEI (UI); denominator not inferred,2026-03-29T03:00:00Z,2026-03-29T04:00:00Z,2026-03-29T06:00:00+03:00,+0300,1.0,,,EX_POST_SNAPSHOT;NOT_ASOF_APPROVED
tenderStatistics_2026-03-29_R1,c9120f45929435cf73305760f4ff059185664c7c7821f023ba4d01afe8801c3b,2026-03-29,174_2026,aFRRUp,payAsBid,175,1,,,32.88,LEI (UI); denominator not inferred,2026-03-29T04:00:00Z,2026-03-29T05:00:00Z,2026-03-29T07:00:00+03:00,+0300,1.0,,,EX_POST_SNAPSHOT;NOT_ASOF_APPROVED
tenderStatistics_2026-03-29_R1,c9120f45929435cf73305760f4ff059185664c7c7821f023ba4d01afe8801c3b,2026-03-29,174_2026,aFRRUp,payAsBid,175,1,,,27.22,LEI (UI); denominator not inferred,2026-03-29T05:00:00Z,2026-03-29T06:00:00Z,2026-03-29T08:00:00+03:00,+0300,1.0,,,EX_POST_SNAPSHOT;NOT_ASOF_APPROVED
tenderStatistics_2026-03-29_R1,c9120f45929435cf73305760f4ff059185664c7c7821f023ba4d01afe8801c3b,2026-03-29,174_2026,aFRRUp,payAsBid,175,1,,,25.25,LEI (UI); denominator not inferred,2026-03-29T06:00:00Z,2026-03-29T07:00:00Z,2026-03-29T09:00:00+03:00,+0300,1.0,,,EX_POST_SNAPSHOT;NOT_ASOF_APPROVED
tenderStatistics_2026-03-29_R1,c9120f45929435cf73305760f4ff059185664c7c7821f023ba4d01afe8801c3b,2026-03-29,174_2026,aFRRUp,payAsBid,175,1,,,22.08,LEI (UI); denominator not inferred,2026-03-29T07:00:00Z,2026-03-29T08:00:00Z,2026-03-29T10:00:00+03:00,+0300,1.0,,,EX_POST_SNAPSHOT;NOT_ASOF_APPROVED
tenderStatistics_2026-03-29_R1,c9120f45929435cf73305760f4ff059185664c7c7821f023ba4d01afe8801c3b,2026-03-29,174_2026,aFRRUp,payAsBid,175,1,,,21.32,LEI (UI); denominator not inferred,2026-03-29T08:00:00Z,2026-03-29T09:00:00Z,2026-03-29T11:00:00+03:00,+0300,1.0,,,EX_POST_SNAPSHOT;NOT_ASOF_APPROVED
tenderStatistics_2026-03-29_R1,c9120f45929435cf73305760f4ff059185664c7c7821f023ba4d01afe8801c3b,2026-03-29,174_2026,aFRRUp,payAsBid,175,1,,,21.61,LEI (UI); denominator not inferred,2026-03-29T09:00:00Z,2026-03-29T10:00:00Z,2026-03-29T12:00:00+03:00,+0300,1.0,,,EX_POST_SNAPSHOT;NOT_ASOF_APPROVED
tenderStatistics_2026-03-29_R1,c9120f45929435cf73305760f4ff059185664c7c7821f023ba4d01afe8801c3b,2026-03-29,174_2026,aFRRUp,payAsBid,175,1,,,20.95,LEI (UI); denominator not inferred,2026-03-29T10:00:00Z,2026-03-29T11:00:00Z,2026-03-29T13:00:00+03:00,+0300,1.0,,,EX_POST_SNAPSHOT;NOT_ASOF_APPROVED
tenderStatistics_2026-03-29_R1,c9120f45929435cf73305760f4ff059185664c7c7821f023ba4d01afe8801c3b,2026-03-29,174_2026,aFRRUp,payAsBid,175,1,,,20.64,LEI (UI); denominator not inferred,2026-03-29T11:00:00Z,2026-03-29T12:00:00Z,2026-03-29T14:00:00+03:00,+0300,1.0,,,EX_POST_SNAPSHOT;NOT_ASOF_APPROVED
tenderStatistics_2026-03-29_R1,c9120f45929435cf73305760f4ff059185664c7c7821f023ba4d01afe8801c3b,2026-03-29,174_2026,aFRRUp,payAsBid,175,1,,,21.82,LEI (UI); denominator not inferred,2026-03-29T12:00:00Z,2026-03-29T13:00:00Z,2026-03-29T15:00:00+03:00,+0300,1.0,,,EX_POST_SNAPSHOT;NOT_ASOF_APPROVED
tenderStatistics_2026-03-29_R1,c9120f45929435cf73305760f4ff059185664c7c7821f023ba4d01afe8801c3b,2026-03-29,174_2026,aFRRUp,payAsBid,175,1,,,24.75,LEI (UI); denominator not inferred,2026-03-29T13:00:00Z,2026-03-29T14:00:00Z,2026-03-29T16:00:00+03:00,+0300,1.0,,,EX_POST_SNAPSHOT;NOT_ASOF_APPROVED
tenderStatistics_2026-03-29_R1,c9120f45929435cf73305760f4ff059185664c7c7821f023ba4d01afe8801c3b,2026-03-29,174_2026,aFRRUp,payAsBid,175,1,,,30.98,LEI (UI); denominator not inferred,2026-03-29T14:00:00Z,2026-03-29T15:00:00Z,2026-03-29T17:00:00+03:00,+0300,1.0,,,EX_POST_SNAPSHOT;NOT_ASOF_APPROVED
tenderStatistics_2026-03-29_R1,c9120f45929435cf73305760f4ff059185664c7c7821f023ba4d01afe8801c3b,2026-03-29,174_2026,aFRRUp,payAsBid,175,1,,,33.56,LEI (UI); denominator not inferred,2026-03-29T15:00:00Z,2026-03-29T16:00:00Z,2026-03-29T18:00:00+03:00,+0300,1.0,,,EX_POST_SNAPSHOT;NOT_ASOF_APPROVED
tenderStatistics_2026-03-29_R1,c9120f45929435cf73305760f4ff059185664c7c7821f023ba4d01afe8801c3b,2026-03-29,174_2026,aFRRUp,payAsBid,175,1,,,33.49,LEI (UI); denominator not inferred,2026-03-29T16:00:00Z,2026-03-29T17:00:00Z,2026-03-29T19:00:00+03:00,+0300,1.0,,,EX_POST_SNAPSHOT;NOT_ASOF_APPROVED
tenderStatistics_2026-03-29_R1,c9120f45929435cf73305760f4ff059185664c7c7821f023ba4d01afe8801c3b,2026-03-29,174_2026,aFRRUp,payAsBid,175,1,,,33.9,LEI (UI); denominator not inferred,2026-03-29T17:00:00Z,2026-03-29T18:00:00Z,2026-03-29T20:00:00+03:00,+0300,1.0,,,EX_POST_SNAPSHOT;NOT_ASOF_APPROVED
tenderStatistics_2026-03-29_R1,c9120f45929435cf73305760f4ff059185664c7c7821f023ba4d01afe8801c3b,2026-03-29,174_2026,aFRRUp,payAsBid,175,1,,,33.88,LEI (UI); denominator not inferred,2026-03-29T18:00:00Z,2026-03-29T19:00:00Z,2026-03-29T21:00:00+03:00,+0300,1.0,,,EX_POST_SNAPSHOT;NOT_ASOF_APPROVED
tenderStatistics_2026-03-29_R1,c9120f45929435cf73305760f4ff059185664c7c7821f023ba4d01afe8801c3b,2026-03-29,174_2026,aFRRUp,payAsBid,175,1,,,33.91,LEI (UI); denominator not inferred,2026-03-29T19:00:00Z,2026-03-29T20:00:00Z,2026-03-29T22:00:00+03:00,+0300,1.0,,,EX_POST_SNAPSHOT;NOT_ASOF_APPROVED
tenderStatistics_2026-03-29_R1,c9120f45929435cf73305760f4ff059185664c7c7821f023ba4d01afe8801c3b,2026-03-29,174_2026,aFRRUp,payAsBid,175,1,,,33.91,LEI (UI); denominator not inferred,2026-03-29T20:00:00Z,2026-03-29T21:00:00Z,2026-03-29T23:00:00+03:00,+0300,1.0,,,EX_POST_SNAPSHOT;NOT_ASOF_APPROVED
tenderStatistics_2026-03-29_R1,c9120f45929435cf73305760f4ff059185664c7c7821f023ba4d01afe8801c3b,2026-03-29,174_2026,mFRRDown,payAsBid,100,1,,,1.24,LEI (UI); denominator not inferred,2026-03-28T22:00:00Z,2026-03-28T23:00:00Z,2026-03-29T00:00:00+02:00,+0200,1.0,,,EX_POST_SNAPSHOT;NOT_ASOF_APPROVED
tenderStatistics_2026-03-29_R1,c9120f45929435cf73305760f4ff059185664c7c7821f023ba4d01afe8801c3b,2026-03-29,174_2026,mFRRDown,payAsBid,100,1,,,1.22,LEI (UI); denominator not inferred,2026-03-28T23:00:00Z,2026-03-29T00:00:00Z,2026-03-29T01:00:00+02:00,+0200,1.0,,,EX_POST_SNAPSHOT;NOT_ASOF_APPROVED
tenderStatistics_2026-03-29_R1,c9120f45929435cf73305760f4ff059185664c7c7821f023ba4d01afe8801c3b,2026-03-29,174_2026,mFRRDown,payAsBid,100,1,,,1.23,LEI (UI); denominator not inferred,2026-03-29T00:00:00Z,2026-03-29T01:00:00Z,2026-03-29T02:00:00+02:00,+0200,1.0,,,EX_POST_SNAPSHOT;NOT_ASOF_APPROVED
tenderStatistics_2026-03-29_R1,c9120f45929435cf73305760f4ff059185664c7c7821f023ba4d01afe8801c3b,2026-03-29,174_2026,mFRRDown,payAsBid,100,1,,,1.29,LEI (UI); denominator not inferred,2026-03-29T01:00:00Z,2026-03-29T02:00:00Z,2026-03-29T04:00:00+03:00,+0300,1.0,,,EX_POST_SNAPSHOT;NOT_ASOF_APPROVED
tenderStatistics_2026-03-29_R1,c9120f45929435cf73305760f4ff059185664c7c7821f023ba4d01afe8801c3b,2026-03-29,174_2026,mFRRDown,payAsBid,100,1,,,1.28,LEI (UI); denominator not inferred,2026-03-29T02:00:00Z,2026-03-29T03:00:00Z,2026-03-29T05:00:00+03:00,+0300,1.0,,,EX_POST_SNAPSHOT;NOT_ASOF_APPROVED
tenderStatistics_2026-03-29_R1,c9120f45929435cf73305760f4ff059185664c7c7821f023ba4d01afe8801c3b,2026-03-29,174_2026,mFRRDown,payAsBid,100,1,,,1.29,LEI (UI); denominator not inferred,2026-03-29T03:00:00Z,2026-03-29T04:00:00Z,2026-03-29T06:00:00+03:00,+0300,1.0,,,EX_POST_SNAPSHOT;NOT_ASOF_APPROVED
tenderStatistics_2026-03-29_R1,c9120f45929435cf73305760f4ff059185664c7c7821f023ba4d01afe8801c3b,2026-03-29,174_2026,mFRRDown,payAsBid,100,1,,,1.29,LEI (UI); denominator not inferred,2026-03-29T04:00:00Z,2026-03-29T05:00:00Z,2026-03-29T07:00:00+03:00,+0300,1.0,,,EX_POST_SNAPSHOT;NOT_ASOF_APPROVED
tenderStatistics_2026-03-29_R1,c9120f45929435cf73305760f4ff059185664c7c7821f023ba4d01afe8801c3b,2026-03-29,174_2026,mFRRDown,payAsBid,100,1,,,1.29,LEI (UI); denominator not inferred,2026-03-29T05:00:00Z,2026-03-29T06:00:00Z,2026-03-29T08:00:00+03:00,+0300,1.0,,,EX_POST_SNAPSHOT;NOT_ASOF_APPROVED
tenderStatistics_2026-03-29_R1,c9120f45929435cf73305760f4ff059185664c7c7821f023ba4d01afe8801c3b,2026-03-29,174_2026,mFRRDown,payAsBid,100,1,,,0.5,LEI (UI); denominator not inferred,2026-03-29T06:00:00Z,2026-03-29T07:00:00Z,2026-03-29T09:00:00+03:00,+0300,1.0,,,EX_POST_SNAPSHOT;NOT_ASOF_APPROVED
tenderStatistics_2026-03-29_R1,c9120f45929435cf73305760f4ff059185664c7c7821f023ba4d01afe8801c3b,2026-03-29,174_2026,mFRRDown,payAsBid,100,1,,,7.73,LEI (UI); denominator not inferred,2026-03-29T07:00:00Z,2026-03-29T08:00:00Z,2026-03-29T10:00:00+03:00,+0300,1.0,,,EX_POST_SNAPSHOT;NOT_ASOF_APPROVED
tenderStatistics_2026-03-29_R1,c9120f45929435cf73305760f4ff059185664c7c7821f023ba4d01afe8801c3b,2026-03-29,174_2026,mFRRDown,payAsBid,100,1,,,12.18,LEI (UI); denominator not inferred,2026-03-29T08:00:00Z,2026-03-29T09:00:00Z,2026-03-29T11:00:00+03:00,+0300,1.0,,,EX_POST_SNAPSHOT;NOT_ASOF_APPROVED
tenderStatistics_2026-03-29_R1,c9120f45929435cf73305760f4ff059185664c7c7821f023ba4d01afe8801c3b,2026-03-29,174_2026,mFRRDown,payAsBid,100,1,,,12.12,LEI (UI); denominator not inferred,2026-03-29T09:00:00Z,2026-03-29T10:00:00Z,2026-03-29T12:00:00+03:00,+0300,1.0,,,EX_POST_SNAPSHOT;NOT_ASOF_APPROVED
tenderStatistics_2026-03-29_R1,c9120f45929435cf73305760f4ff059185664c7c7821f023ba4d01afe8801c3b,2026-03-29,174_2026,mFRRDown,payAsBid,100,1,,,12.22,LEI (UI); denominator not inferred,2026-03-29T10:00:00Z,2026-03-29T11:00:00Z,2026-03-29T13:00:00+03:00,+0300,1.0,,,EX_POST_SNAPSHOT;NOT_ASOF_APPROVED
tenderStatistics_2026-03-29_R1,c9120f45929435cf73305760f4ff059185664c7c7821f023ba4d01afe8801c3b,2026-03-29,174_2026,mFRRDown,payAsBid,100,1,,,12.22,LEI (UI); denominator not inferred,2026-03-29T11:00:00Z,2026-03-29T12:00:00Z,2026-03-29T14:00:00+03:00,+0300,1.0,,,EX_POST_SNAPSHOT;NOT_ASOF_APPROVED
tenderStatistics_2026-03-29_R1,c9120f45929435cf73305760f4ff059185664c7c7821f023ba4d01afe8801c3b,2026-03-29,174_2026,mFRRDown,payAsBid,100,1,,,12.22,LEI (UI); denominator not inferred,2026-03-29T12:00:00Z,2026-03-29T13:00:00Z,2026-03-29T15:00:00+03:00,+0300,1.0,,,EX_POST_SNAPSHOT;NOT_ASOF_APPROVED
tenderStatistics_2026-03-29_R1,c9120f45929435cf73305760f4ff059185664c7c7821f023ba4d01afe8801c3b,2026-03-29,174_2026,mFRRDown,payAsBid,100,1,,,7.8,LEI (UI); denominator not inferred,2026-03-29T13:00:00Z,2026-03-29T14:00:00Z,2026-03-29T16:00:00+03:00,+0300,1.0,,,EX_POST_SNAPSHOT;NOT_ASOF_APPROVED
tenderStatistics_2026-03-29_R1,c9120f45929435cf73305760f4ff059185664c7c7821f023ba4d01afe8801c3b,2026-03-29,174_2026,mFRRDown,payAsBid,100,1,,,1.14,LEI (UI); denominator not inferred,2026-03-29T14:00:00Z,2026-03-29T15:00:00Z,2026-03-29T17:00:00+03:00,+0300,1.0,,,EX_POST_SNAPSHOT;NOT_ASOF_APPROVED
tenderStatistics_2026-03-29_R1,c9120f45929435cf73305760f4ff059185664c7c7821f023ba4d01afe8801c3b,2026-03-29,174_2026,mFRRDown,payAsBid,100,1,,,1.14,LEI (UI); denominator not inferred,2026-03-29T15:00:00Z,2026-03-29T16:00:00Z,2026-03-29T18:00:00+03:00,+0300,1.0,,,EX_POST_SNAPSHOT;NOT_ASOF_APPROVED
tenderStatistics_2026-03-29_R1,c9120f45929435cf73305760f4ff059185664c7c7821f023ba4d01afe8801c3b,2026-03-29,174_2026,mFRRDown,payAsBid,100,1,,,1.09,LEI (UI); denominator not inferred,2026-03-29T16:00:00Z,2026-03-29T17:00:00Z,2026-03-29T19:00:00+03:00,+0300,1.0,,,EX_POST_SNAPSHOT;NOT_ASOF_APPROVED
tenderStatistics_2026-03-29_R1,c9120f45929435cf73305760f4ff059185664c7c7821f023ba4d01afe8801c3b,2026-03-29,174_2026,mFRRDown,payAsBid,100,1,,,1.05,LEI (UI); denominator not inferred,2026-03-29T17:00:00Z,2026-03-29T18:00:00Z,2026-03-29T20:00:00+03:00,+0300,1.0,,,EX_POST_SNAPSHOT;NOT_ASOF_APPROVED
tenderStatistics_2026-03-29_R1,c9120f45929435cf73305760f4ff059185664c7c7821f023ba4d01afe8801c3b,2026-03-29,174_2026,mFRRDown,payAsBid,100,1,,,1.05,LEI (UI); denominator not inferred,2026-03-29T18:00:00Z,2026-03-29T19:00:00Z,2026-03-29T21:00:00+03:00,+0300,1.0,,,EX_POST_SNAPSHOT;NOT_ASOF_APPROVED
tenderStatistics_2026-03-29_R1,c9120f45929435cf73305760f4ff059185664c7c7821f023ba4d01afe8801c3b,2026-03-29,174_2026,mFRRDown,payAsBid,100,1,,,1.05,LEI (UI); denominator not inferred,2026-03-29T19:00:00Z,2026-03-29T20:00:00Z,2026-03-29T22:00:00+03:00,+0300,1.0,,,EX_POST_SNAPSHOT;NOT_ASOF_APPROVED
tenderStatistics_2026-03-29_R1,c9120f45929435cf73305760f4ff059185664c7c7821f023ba4d01afe8801c3b,2026-03-29,174_2026,mFRRDown,payAsBid,100,1,,,1.07,LEI (UI); denominator not inferred,2026-03-29T20:00:00Z,2026-03-29T21:00:00Z,2026-03-29T23:00:00+03:00,+0300,1.0,,,EX_POST_SNAPSHOT;NOT_ASOF_APPROVED
tenderStatistics_2026-03-29_R1,c9120f45929435cf73305760f4ff059185664c7c7821f023ba4d01afe8801c3b,2026-03-29,174_2026,mFRRUp,payAsBid,350,1,,,35.99,LEI (UI); denominator not inferred,2026-03-28T22:00:00Z,2026-03-28T23:00:00Z,2026-03-29T00:00:00+02:00,+0200,1.0,,,EX_POST_SNAPSHOT;NOT_ASOF_APPROVED
tenderStatistics_2026-03-29_R1,c9120f45929435cf73305760f4ff059185664c7c7821f023ba4d01afe8801c3b,2026-03-29,174_2026,mFRRUp,payAsBid,350,1,,,35.99,LEI (UI); denominator not inferred,2026-03-28T23:00:00Z,2026-03-29T00:00:00Z,2026-03-29T01:00:00+02:00,+0200,1.0,,,EX_POST_SNAPSHOT;NOT_ASOF_APPROVED
tenderStatistics_2026-03-29_R1,c9120f45929435cf73305760f4ff059185664c7c7821f023ba4d01afe8801c3b,2026-03-29,174_2026,mFRRUp,payAsBid,350,1,,,35.99,LEI (UI); denominator not inferred,2026-03-29T00:00:00Z,2026-03-29T01:00:00Z,2026-03-29T02:00:00+02:00,+0200,1.0,,,EX_POST_SNAPSHOT;NOT_ASOF_APPROVED
tenderStatistics_2026-03-29_R1,c9120f45929435cf73305760f4ff059185664c7c7821f023ba4d01afe8801c3b,2026-03-29,174_2026,mFRRUp,payAsBid,350,1,,,35.99,LEI (UI); denominator not inferred,2026-03-29T01:00:00Z,2026-03-29T02:00:00Z,2026-03-29T04:00:00+03:00,+0300,1.0,,,EX_POST_SNAPSHOT;NOT_ASOF_APPROVED
tenderStatistics_2026-03-29_R1,c9120f45929435cf73305760f4ff059185664c7c7821f023ba4d01afe8801c3b,2026-03-29,174_2026,mFRRUp,payAsBid,350,1,,,35.99,LEI (UI); denominator not inferred,2026-03-29T02:00:00Z,2026-03-29T03:00:00Z,2026-03-29T05:00:00+03:00,+0300,1.0,,,EX_POST_SNAPSHOT;NOT_ASOF_APPROVED
tenderStatistics_2026-03-29_R1,c9120f45929435cf73305760f4ff059185664c7c7821f023ba4d01afe8801c3b,2026-03-29,174_2026,mFRRUp,payAsBid,500,1,,,36.64,LEI (UI); denominator not inferred,2026-03-29T03:00:00Z,2026-03-29T04:00:00Z,2026-03-29T06:00:00+03:00,+0300,1.0,,,EX_POST_SNAPSHOT;NOT_ASOF_APPROVED
tenderStatistics_2026-03-29_R1,c9120f45929435cf73305760f4ff059185664c7c7821f023ba4d01afe8801c3b,2026-03-29,174_2026,mFRRUp,payAsBid,500,1,,,36.64,LEI (UI); denominator not inferred,2026-03-29T04:00:00Z,2026-03-29T05:00:00Z,2026-03-29T07:00:00+03:00,+0300,1.0,,,EX_POST_SNAPSHOT;NOT_ASOF_APPROVED
tenderStatistics_2026-03-29_R1,c9120f45929435cf73305760f4ff059185664c7c7821f023ba4d01afe8801c3b,2026-03-29,174_2026,mFRRUp,payAsBid,500,1,,,36.65,LEI (UI); denominator not inferred,2026-03-29T05:00:00Z,2026-03-29T06:00:00Z,2026-03-29T08:00:00+03:00,+0300,1.0,,,EX_POST_SNAPSHOT;NOT_ASOF_APPROVED
tenderStatistics_2026-03-29_R1,c9120f45929435cf73305760f4ff059185664c7c7821f023ba4d01afe8801c3b,2026-03-29,174_2026,mFRRUp,payAsBid,500,1,,,35.78,LEI (UI); denominator not inferred,2026-03-29T06:00:00Z,2026-03-29T07:00:00Z,2026-03-29T09:00:00+03:00,+0300,1.0,,,EX_POST_SNAPSHOT;NOT_ASOF_APPROVED
tenderStatistics_2026-03-29_R1,c9120f45929435cf73305760f4ff059185664c7c7821f023ba4d01afe8801c3b,2026-03-29,174_2026,mFRRUp,payAsBid,350,1,,,33.83,LEI (UI); denominator not inferred,2026-03-29T07:00:00Z,2026-03-29T08:00:00Z,2026-03-29T10:00:00+03:00,+0300,1.0,,,EX_POST_SNAPSHOT;NOT_ASOF_APPROVED
tenderStatistics_2026-03-29_R1,c9120f45929435cf73305760f4ff059185664c7c7821f023ba4d01afe8801c3b,2026-03-29,174_2026,mFRRUp,payAsBid,350,1,,,32.84,LEI (UI); denominator not inferred,2026-03-29T08:00:00Z,2026-03-29T09:00:00Z,2026-03-29T11:00:00+03:00,+0300,1.0,,,EX_POST_SNAPSHOT;NOT_ASOF_APPROVED
tenderStatistics_2026-03-29_R1,c9120f45929435cf73305760f4ff059185664c7c7821f023ba4d01afe8801c3b,2026-03-29,174_2026,mFRRUp,payAsBid,350,1,,,33.13,LEI (UI); denominator not inferred,2026-03-29T09:00:00Z,2026-03-29T10:00:00Z,2026-03-29T12:00:00+03:00,+0300,1.0,,,EX_POST_SNAPSHOT;NOT_ASOF_APPROVED
tenderStatistics_2026-03-29_R1,c9120f45929435cf73305760f4ff059185664c7c7821f023ba4d01afe8801c3b,2026-03-29,174_2026,mFRRUp,payAsBid,350,1,,,33.13,LEI (UI); denominator not inferred,2026-03-29T10:00:00Z,2026-03-29T11:00:00Z,2026-03-29T13:00:00+03:00,+0300,1.0,,,EX_POST_SNAPSHOT;NOT_ASOF_APPROVED
tenderStatistics_2026-03-29_R1,c9120f45929435cf73305760f4ff059185664c7c7821f023ba4d01afe8801c3b,2026-03-29,174_2026,mFRRUp,payAsBid,350,1,,,32.81,LEI (UI); denominator not inferred,2026-03-29T11:00:00Z,2026-03-29T12:00:00Z,2026-03-29T14:00:00+03:00,+0300,1.0,,,EX_POST_SNAPSHOT;NOT_ASOF_APPROVED
tenderStatistics_2026-03-29_R1,c9120f45929435cf73305760f4ff059185664c7c7821f023ba4d01afe8801c3b,2026-03-29,174_2026,mFRRUp,payAsBid,350,1,,,32.84,LEI (UI); denominator not inferred,2026-03-29T12:00:00Z,2026-03-29T13:00:00Z,2026-03-29T15:00:00+03:00,+0300,1.0,,,EX_POST_SNAPSHOT;NOT_ASOF_APPROVED
tenderStatistics_2026-03-29_R1,c9120f45929435cf73305760f4ff059185664c7c7821f023ba4d01afe8801c3b,2026-03-29,174_2026,mFRRUp,payAsBid,500,1,,,35.5,LEI (UI); denominator not inferred,2026-03-29T13:00:00Z,2026-03-29T14:00:00Z,2026-03-29T16:00:00+03:00,+0300,1.0,,,EX_POST_SNAPSHOT;NOT_ASOF_APPROVED
tenderStatistics_2026-03-29_R1,c9120f45929435cf73305760f4ff059185664c7c7821f023ba4d01afe8801c3b,2026-03-29,174_2026,mFRRUp,payAsBid,550,1,,,36.09,LEI (UI); denominator not inferred,2026-03-29T14:00:00Z,2026-03-29T15:00:00Z,2026-03-29T17:00:00+03:00,+0300,1.0,,,EX_POST_SNAPSHOT;NOT_ASOF_APPROVED
tenderStatistics_2026-03-29_R1,c9120f45929435cf73305760f4ff059185664c7c7821f023ba4d01afe8801c3b,2026-03-29,174_2026,mFRRUp,payAsBid,550,1,,,36.24,LEI (UI); denominator not inferred,2026-03-29T15:00:00Z,2026-03-29T16:00:00Z,2026-03-29T18:00:00+03:00,+0300,1.0,,,EX_POST_SNAPSHOT;NOT_ASOF_APPROVED
tenderStatistics_2026-03-29_R1,c9120f45929435cf73305760f4ff059185664c7c7821f023ba4d01afe8801c3b,2026-03-29,174_2026,mFRRUp,payAsBid,550,1,,,36.17,LEI (UI); denominator not inferred,2026-03-29T16:00:00Z,2026-03-29T17:00:00Z,2026-03-29T19:00:00+03:00,+0300,1.0,,,EX_POST_SNAPSHOT;NOT_ASOF_APPROVED
tenderStatistics_2026-03-29_R1,c9120f45929435cf73305760f4ff059185664c7c7821f023ba4d01afe8801c3b,2026-03-29,174_2026,mFRRUp,payAsBid,550,1,,,36.71,LEI (UI); denominator not inferred,2026-03-29T17:00:00Z,2026-03-29T18:00:00Z,2026-03-29T20:00:00+03:00,+0300,1.0,,,EX_POST_SNAPSHOT;NOT_ASOF_APPROVED
tenderStatistics_2026-03-29_R1,c9120f45929435cf73305760f4ff059185664c7c7821f023ba4d01afe8801c3b,2026-03-29,174_2026,mFRRUp,payAsBid,550,1,,,36.7,LEI (UI); denominator not inferred,2026-03-29T18:00:00Z,2026-03-29T19:00:00Z,2026-03-29T21:00:00+03:00,+0300,1.0,,,EX_POST_SNAPSHOT;NOT_ASOF_APPROVED
tenderStatistics_2026-03-29_R1,c9120f45929435cf73305760f4ff059185664c7c7821f023ba4d01afe8801c3b,2026-03-29,174_2026,mFRRUp,payAsBid,500,1,,,36.62,LEI (UI); denominator not inferred,2026-03-29T19:00:00Z,2026-03-29T20:00:00Z,2026-03-29T22:00:00+03:00,+0300,1.0,,,EX_POST_SNAPSHOT;NOT_ASOF_APPROVED
tenderStatistics_2026-03-29_R1,c9120f45929435cf73305760f4ff059185664c7c7821f023ba4d01afe8801c3b,2026-03-29,174_2026,mFRRUp,payAsBid,350,1,,,35.96,LEI (UI); denominator not inferred,2026-03-29T20:00:00Z,2026-03-29T21:00:00Z,2026-03-29T23:00:00+03:00,+0300,1.0,,,EX_POST_SNAPSHOT;NOT_ASOF_APPROVED
