delivery_start_utc,delivery_end_utc,local_time,local_date,duration_hours,period_role,capacity_hour_start_utc,da_price_eur_per_mwh,da_contract_id,da_native_resolution_minutes,da_source_key,fx_fixing_date,fx_ron_per_eur,fx_source_key,fcr_accepted_capacity_mw,fcr_capacity_order_id,fcr_capacity_source_key,fcr_capacity_price_eur_per_mw_h_proxy,fcr_capacity_status,afrr_up_accepted_capacity_mw,afrr_up_capacity_order_id,afrr_up_capacity_source_key,afrr_up_capacity_price_eur_per_mw_h_proxy,afrr_up_capacity_status,afrr_down_accepted_capacity_mw,afrr_down_capacity_order_id,afrr_down_capacity_source_key,afrr_down_capacity_price_eur_per_mw_h_proxy,afrr_down_capacity_status,fcr_activation_price_eur_per_mwh_proxy,fcr_activation_price_status,fcr_system_activation_energy_mwh,afrr_up_activation_price_eur_per_mwh_proxy,afrr_up_activation_price_status,afrr_up_system_activation_energy_mwh,afrr_down_activation_price_eur_per_mwh_proxy,afrr_down_activation_price_status,afrr_down_system_activation_energy_mwh,activation_price_source_key,activation_energy_source_key,da_price_status,alpha_up_raw,alpha_down_raw,alpha_sum_raw,alpha_computable,alpha_strict_valid,afrr_price_inputs_valid,afrr_qh_data_valid,afrr_hour_data_valid,fcr_qh_data_valid,fcr_hour_data_valid,da_contract_data_valid,afrr_qh_failure_reason,afrr_order_gate_reason,price_currency,role,da_mw,fcr_mw,afrr_up_mw,afrr_down_mw,alpha_up,alpha_down,alpha_idle,afrr_hour_valid,fcr_hour_valid,afrr_up_activation_mwh,afrr_down_activation_mwh,da_signed_mwh,ac_charge_mwh,ac_discharge_mwh,ein_mwh,eout_mwh,efc,da_eur,fcr_capacity_eur,afrr_up_capacity_eur,afrr_down_capacity_eur,afrr_up_activation_eur,afrr_down_activation_eur,total_eur
2025-11-25T22:00:00Z,2025-11-25T22:15:00Z,2025-11-26T00:00:00+02:00,2025-11-26,0.25,FORMAL,2025-11-25T22:00:00Z,115.48,2025-11-25_93,15,DA_2025-11-25@034dee3fce0f,2025-11-25,5.089,BNR_FX_2025@afbdbadbc54a,129.92000000000002,FCR_2025-11-25T22:00:00Z,tenderStatistics_2025-11@39b764ad2bb9,68.28453527215562,PUBLISHED_PROXY,175.0,aFRRUp_2025-11-25T22:00:00Z,tenderStatistics_2025-11@39b764ad2bb9,5.523678522303006,PUBLISHED_PROXY,175.0,aFRRDown_2025-11-25T22:00:00Z,tenderStatistics_2025-11@39b764ad2bb9,0.6759677736293966,PUBLISHED_PROXY,,SOURCE_NULL_NOT_MODELED,,0.0,PUBLISHED_PROXY,0.0,-3.81194733739438,PUBLISHED_PROXY,7.72,marginalPricesOverview_2025-11@1dfee6a006c6,activatedBalancingEnergyOverview_2025-11@75e6b2cbf261,PUBLISHED_NATIVE,0.0,0.1764571428571428,0.1764571428571428,True,True,True,True,True,True,True,True,OK,OK,EUR,D执行/前日冻结,0.0,100,0,0,0E+2,0.1764571428571428571428571428571429,0.8235428571428571428571428571428571,True,True,0,0E-36,0.000,0E-36,0E-36,88.68598260869577,88.68598260869577000000000000000000,0E-38,0,1707.1133818038905000,0,0,0,0,1707.1133818038905000
2025-11-25T22:15:00Z,2025-11-25T22:30:00Z,2025-11-26T00:15:00+02:00,2025-11-26,0.25,FORMAL,2025-11-25T22:00:00Z,90.22,2025-11-25_94,15,DA_2025-11-25@034dee3fce0f,2025-11-25,5.089,BNR_FX_2025@afbdbadbc54a,129.92000000000002,FCR_2025-11-25T22:00:00Z,tenderStatistics_2025-11@39b764ad2bb9,68.28453527215562,PUBLISHED_PROXY,175.0,aFRRUp_2025-11-25T22:00:00Z,tenderStatistics_2025-11@39b764ad2bb9,5.523678522303006,PUBLISHED_PROXY,175.0,aFRRDown_2025-11-25T22:00:00Z,tenderStatistics_2025-11@39b764ad2bb9,0.6759677736293966,PUBLISHED_PROXY,,SOURCE_NULL_NOT_MODELED,,0.0,PUBLISHED_PROXY,0.0,49.48614659068579,PUBLISHED_PROXY,4.102,marginalPricesOverview_2025-11@1dfee6a006c6,activatedBalancingEnergyOverview_2025-11@75e6b2cbf261,PUBLISHED_NATIVE,0.0,0.09376,0.09376,True,True,True,True,True,True,True,True,OK,OK,EUR,D执行/前日冻结,0.0,100,0,0,0E+2,0.09376,0.90624,True,True,0,0E-7,0.000,0E-8,0E-8,88.68598260869577000000000000000000,88.68598260869577000000000000000000,0E-10,0,1707.1133818038905000,0,0,0,0,1707.1133818038905000
2025-11-25T22:30:00Z,2025-11-25T22:45:00Z,2025-11-26T00:30:00+02:00,2025-11-26,0.25,FORMAL,2025-11-25T22:00:00Z,78.33,2025-11-25_95,15,DA_2025-11-25@034dee3fce0f,2025-11-25,5.089,BNR_FX_2025@afbdbadbc54a,129.92000000000002,FCR_2025-11-25T22:00:00Z,tenderStatistics_2025-11@39b764ad2bb9,68.28453527215562,PUBLISHED_PROXY,175.0,aFRRUp_2025-11-25T22:00:00Z,tenderStatistics_2025-11@39b764ad2bb9,5.523678522303006,PUBLISHED_PROXY,175.0,aFRRDown_2025-11-25T22:00:00Z,tenderStatistics_2025-11@39b764ad2bb9,0.6759677736293966,PUBLISHED_PROXY,,SOURCE_NULL_NOT_MODELED,,0.0,PUBLISHED_PROXY,0.0,48.88956573000589,PUBLISHED_PROXY,8.444,marginalPricesOverview_2025-11@1dfee6a006c6,activatedBalancingEnergyOverview_2025-11@75e6b2cbf261,PUBLISHED_NATIVE,0.0,0.1930057142857143,0.1930057142857143,True,True,True,True,True,True,True,True,OK,OK,EUR,D执行/前日冻结,0.0,100,0,0,0E+2,0.1930057142857142857142857142857143,0.8069942857142857142857142857142857,True,True,0,0E-36,0.000,0E-36,0E-36,88.68598260869577000000000000000000,88.68598260869577000000000000000000,0E-38,0,1707.1133818038905000,0,0,0,0,1707.1133818038905000
2025-11-25T22:45:00Z,2025-11-25T23:00:00Z,2025-11-26T00:45:00+02:00,2025-11-26,0.25,FORMAL,2025-11-25T22:00:00Z,72.0,2025-11-25_96,15,DA_2025-11-25@034dee3fce0f,2025-11-25,5.089,BNR_FX_2025@afbdbadbc54a,129.92000000000002,FCR_2025-11-25T22:00:00Z,tenderStatistics_2025-11@39b764ad2bb9,68.28453527215562,PUBLISHED_PROXY,175.0,aFRRUp_2025-11-25T22:00:00Z,tenderStatistics_2025-11@39b764ad2bb9,5.523678522303006,PUBLISHED_PROXY,175.0,aFRRDown_2025-11-25T22:00:00Z,tenderStatistics_2025-11@39b764ad2bb9,0.6759677736293966,PUBLISHED_PROXY,,SOURCE_NULL_NOT_MODELED,,141.8746315582629,PUBLISHED_PROXY,0.007,61.9762232265671,PUBLISHED_PROXY,0.29,marginalPricesOverview_2025-11@1dfee6a006c6,activatedBalancingEnergyOverview_2025-11@75e6b2cbf261,PUBLISHED_NATIVE,0.00016,0.0066285714285714,0.0067885714285714,True,True,True,True,True,True,True,True,OK,OK,EUR,D执行/前日冻结,0.0,100,0,0,0.00016,0.006628571428571428571428571428571429,0.9932114285714285714285714285714286,True,True,0E-7,0E-38,0.000,0E-37,0E-37,88.68598260869577000000000000000000,88.68598260869577000000000000000000,0E-39,0,1707.1133818038905000,0,0,0,0,1707.1133818038905000
2025-11-25T23:00:00Z,2025-11-25T23:15:00Z,2025-11-26T01:00:00+02:00,2025-11-26,0.25,FORMAL,2025-11-25T23:00:00Z,84.83,2025-11-26_1,15,DA_2025-11-26@e93d4f935928,2025-11-25,5.089,BNR_FX_2025@afbdbadbc54a,129.92000000000002,FCR_2025-11-25T23:00:00Z,tenderStatistics_2025-11@39b764ad2bb9,68.28453527215562,PUBLISHED_PROXY,175.0,aFRRUp_2025-11-25T23:00:00Z,tenderStatistics_2025-11@39b764ad2bb9,5.523678522303006,PUBLISHED_PROXY,175.0,aFRRDown_2025-11-25T23:00:00Z,tenderStatistics_2025-11@39b764ad2bb9,1.6113185301630966,PUBLISHED_PROXY,,SOURCE_NULL_NOT_MODELED,,141.8746315582629,PUBLISHED_PROXY,0.045,49.90784044016506,PUBLISHED_PROXY,4.177,marginalPricesOverview_2025-11@1dfee6a006c6,activatedBalancingEnergyOverview_2025-11@75e6b2cbf261,PUBLISHED_NATIVE,0.0010285714285714,0.0954742857142857,0.0965028571428571,True,True,True,True,True,True,True,True,OK,OK,EUR,D执行/前日冻结,0.0,100,0,0,0.001028571428571428571428571428571429,0.09547428571428571428571428571428571,0.9034971428571428571428571428571429,True,True,0E-38,0E-37,0.000,0E-38,0E-38,88.68598260869577000000000000000000,88.68598260869577000000000000000000,0E-40,0,1707.1133818038905000,0,0,0,0,1707.1133818038905000
2025-11-25T23:15:00Z,2025-11-25T23:30:00Z,2025-11-26T01:15:00+02:00,2025-11-26,0.25,FORMAL,2025-11-25T23:00:00Z,84.46,2025-11-26_2,15,DA_2025-11-26@e93d4f935928,2025-11-25,5.089,BNR_FX_2025@afbdbadbc54a,129.92000000000002,FCR_2025-11-25T23:00:00Z,tenderStatistics_2025-11@39b764ad2bb9,68.28453527215562,PUBLISHED_PROXY,175.0,aFRRUp_2025-11-25T23:00:00Z,tenderStatistics_2025-11@39b764ad2bb9,5.523678522303006,PUBLISHED_PROXY,175.0,aFRRDown_2025-11-25T23:00:00Z,tenderStatistics_2025-11@39b764ad2bb9,1.6113185301630966,PUBLISHED_PROXY,,SOURCE_NULL_NOT_MODELED,,0.0,PUBLISHED_PROXY,0.0,42.166044409510704,PUBLISHED_PROXY,15.327,marginalPricesOverview_2025-11@1dfee6a006c6,activatedBalancingEnergyOverview_2025-11@75e6b2cbf261,PUBLISHED_NATIVE,0.0,0.3503314285714285,0.3503314285714285,True,True,True,True,True,True,True,True,OK,OK,EUR,D执行/前日冻结,0.0,100,0,0,0E+2,0.3503314285714285714285714285714286,0.6496685714285714285714285714285714,True,True,0,0E-36,0.000,0E-36,0E-36,88.68598260869577000000000000000000,88.68598260869577000000000000000000,0E-38,0,1707.1133818038905000,0,0,0,0,1707.1133818038905000
2025-11-25T23:30:00Z,2025-11-25T23:45:00Z,2025-11-26T01:30:00+02:00,2025-11-26,0.25,FORMAL,2025-11-25T23:00:00Z,85.25,2025-11-26_3,15,DA_2025-11-26@e93d4f935928,2025-11-25,5.089,BNR_FX_2025@afbdbadbc54a,129.92000000000002,FCR_2025-11-25T23:00:00Z,tenderStatistics_2025-11@39b764ad2bb9,68.28453527215562,PUBLISHED_PROXY,175.0,aFRRUp_2025-11-25T23:00:00Z,tenderStatistics_2025-11@39b764ad2bb9,5.523678522303006,PUBLISHED_PROXY,175.0,aFRRDown_2025-11-25T23:00:00Z,tenderStatistics_2025-11@39b764ad2bb9,1.6113185301630966,PUBLISHED_PROXY,,SOURCE_NULL_NOT_MODELED,,0.0,PUBLISHED_PROXY,0.0,49.25054038121438,PUBLISHED_PROXY,5.802,marginalPricesOverview_2025-11@1dfee6a006c6,activatedBalancingEnergyOverview_2025-11@75e6b2cbf261,PUBLISHED_NATIVE,0.0,0.1326171428571428,0.1326171428571428,True,True,True,True,True,True,True,True,OK,OK,EUR,D执行/前日冻结,0.0,100,0,0,0E+2,0.1326171428571428571428571428571429,0.8673828571428571428571428571428571,True,True,0,0E-36,0.000,0E-36,0E-36,88.68598260869577000000000000000000,88.68598260869577000000000000000000,0E-38,0,1707.1133818038905000,0,0,0,0,1707.1133818038905000
2025-11-25T23:45:00Z,2025-11-26T00:00:00Z,2025-11-26T01:45:00+02:00,2025-11-26,0.25,FORMAL,2025-11-25T23:00:00Z,84.36,2025-11-26_4,15,DA_2025-11-26@e93d4f935928,2025-11-25,5.089,BNR_FX_2025@afbdbadbc54a,129.92000000000002,FCR_2025-11-25T23:00:00Z,tenderStatistics_2025-11@39b764ad2bb9,68.28453527215562,PUBLISHED_PROXY,175.0,aFRRUp_2025-11-25T23:00:00Z,tenderStatistics_2025-11@39b764ad2bb9,5.523678522303006,PUBLISHED_PROXY,175.0,aFRRDown_2025-11-25T23:00:00Z,tenderStatistics_2025-11@39b764ad2bb9,1.6113185301630966,PUBLISHED_PROXY,,SOURCE_NULL_NOT_MODELED,,0.0,PUBLISHED_PROXY,0.0,48.290430339948905,PUBLISHED_PROXY,14.913,marginalPricesOverview_2025-11@1dfee6a006c6,activatedBalancingEnergyOverview_2025-11@75e6b2cbf261,PUBLISHED_NATIVE,0.0,0.3408685714285714,0.3408685714285714,True,True,True,True,True,True,True,True,OK,OK,EUR,D执行/前日冻结,0.0,100,0,0,0E+2,0.3408685714285714285714285714285714,0.6591314285714285714285714285714286,True,True,0,0E-36,0.000,0E-36,0E-36,88.68598260869577000000000000000000,88.68598260869577000000000000000000,0E-38,0,1707.1133818038905000,0,0,0,0,1707.1133818038905000
2025-11-26T00:00:00Z,2025-11-26T00:15:00Z,2025-11-26T02:00:00+02:00,2025-11-26,0.25,FORMAL,2025-11-26T00:00:00Z,81.44,2025-11-26_5,15,DA_2025-11-26@e93d4f935928,2025-11-25,5.089,BNR_FX_2025@afbdbadbc54a,129.92000000000002,FCR_2025-11-26T00:00:00Z,tenderStatistics_2025-11@39b764ad2bb9,68.28453527215562,PUBLISHED_PROXY,175.0,aFRRUp_2025-11-26T00:00:00Z,tenderStatistics_2025-11@39b764ad2bb9,5.523678522303006,PUBLISHED_PROXY,175.0,aFRRDown_2025-11-26T00:00:00Z,tenderStatistics_2025-11@39b764ad2bb9,1.6113185301630966,PUBLISHED_PROXY,,SOURCE_NULL_NOT_MODELED,,134.60404794655136,PUBLISHED_PROXY,0.008,48.54391825505993,PUBLISHED_PROXY,3.273,marginalPricesOverview_2025-11@1dfee6a006c6,activatedBalancingEnergyOverview_2025-11@75e6b2cbf261,PUBLISHED_NATIVE,0.0001828571428571,0.0748114285714285,0.0749942857142857,True,True,True,True,True,True,True,True,OK,OK,EUR,D执行/前日冻结,-1.888303070670623E-14,0,100,0,0.0001828571428571428571428571428571429,0.07481142857142857142857142857142857,0.9250057142857142857142857142857143,True,True,0.004571428571428571428571428571428572,0E-37,-4.7207576766765575E-15,4.719894452415679500914285714285715E-15,0.004571428571428570565347167693429486,88.68598260869577000000000000000000,88.68101366459639546125360582275837,0.00001380262249828673153385172803308896,-3.84458505188538842800E-13,0,138.09196305757515000,0,0.6153327906128062171428571428571429,0,138.7072958481875717586376686040143
2025-11-26T00:15:00Z,2025-11-26T00:30:00Z,2025-11-26T02:15:00+02:00,2025-11-26,0.25,FORMAL,2025-11-26T00:00:00Z,75.0,2025-11-26_6,15,DA_2025-11-26@e93d4f935928,2025-11-25,5.089,BNR_FX_2025@afbdbadbc54a,129.92000000000002,FCR_2025-11-26T00:00:00Z,tenderStatistics_2025-11@39b764ad2bb9,68.28453527215562,PUBLISHED_PROXY,175.0,aFRRUp_2025-11-26T00:00:00Z,tenderStatistics_2025-11@39b764ad2bb9,5.523678522303006,PUBLISHED_PROXY,175.0,aFRRDown_2025-11-26T00:00:00Z,tenderStatistics_2025-11@39b764ad2bb9,1.6113185301630966,PUBLISHED_PROXY,,SOURCE_NULL_NOT_MODELED,,127.72646885439181,PUBLISHED_PROXY,0.191,61.10355669090195,PUBLISHED_PROXY,0.068,marginalPricesOverview_2025-11@1dfee6a006c6,activatedBalancingEnergyOverview_2025-11@75e6b2cbf261,PUBLISHED_NATIVE,0.0043657142857142,0.0015542857142857,0.00592,True,True,True,True,True,True,True,True,OK,OK,EUR,D执行/前日冻结,-100.0,0,100,0,0.004365714285714285714285714285714286,0.001554285714285714285714285714285714,0.9940800000000000000000000000000000,True,True,0.1091428571428571428571428571428572,0E-38,-25.000,24.89085714285714285714285714285714,0E-37,88.68101366459639546125360582275837,111.5806022360249668898250343941869,0.06360996825396825396825396825396826,-1875.0000,0,138.09196305757515000,0,13.94043174353647754857142857142858,0,-1722.967605198888372451428571428571
2025-11-26T00:30:00Z,2025-11-26T00:45:00Z,2025-11-26T02:30:00+02:00,2025-11-26,0.25,FORMAL,2025-11-26T00:00:00Z,37.5,2025-11-26_7,15,DA_2025-11-26@e93d4f935928,2025-11-25,5.089,BNR_FX_2025@afbdbadbc54a,129.92000000000002,FCR_2025-11-26T00:00:00Z,tenderStatistics_2025-11@39b764ad2bb9,68.28453527215562,PUBLISHED_PROXY,175.0,aFRRUp_2025-11-26T00:00:00Z,tenderStatistics_2025-11@39b764ad2bb9,5.523678522303006,PUBLISHED_PROXY,175.0,aFRRDown_2025-11-26T00:00:00Z,tenderStatistics_2025-11@39b764ad2bb9,1.6113185301630966,PUBLISHED_PROXY,,SOURCE_NULL_NOT_MODELED,,153.14816270387107,PUBLISHED_PROXY,8.078,78.60090391039496,PUBLISHED_PROXY,0.026,marginalPricesOverview_2025-11@1dfee6a006c6,activatedBalancingEnergyOverview_2025-11@75e6b2cbf261,PUBLISHED_NATIVE,0.18464,0.0005942857142857,0.1852342857142857,True,True,True,True,True,True,True,True,OK,OK,EUR,D执行/前日冻结,-100.0,0,100,0,0.18464,0.0005942857142857142857142857142857143,0.8147657142857142857142857142857143,True,True,4.6160000,0E-39,-25.000,20.38400000000000000000000000000000,0E-37,111.5806022360249668898250343941869,130.3338822360249668898250343941869,0.05209244444444444444444444444444444,-937.5000,0,138.09196305757515000,0,706.931919041068859120000,0,-92.476117901355990880000
2025-11-26T00:45:00Z,2025-11-26T01:00:00Z,2025-11-26T02:45:00+02:00,2025-11-26,0.25,FORMAL,2025-11-26T00:00:00Z,84.17,2025-11-26_8,15,DA_2025-11-26@e93d4f935928,2025-11-25,5.089,BNR_FX_2025@afbdbadbc54a,129.92000000000002,FCR_2025-11-26T00:00:00Z,tenderStatistics_2025-11@39b764ad2bb9,68.28453527215562,PUBLISHED_PROXY,175.0,aFRRUp_2025-11-26T00:00:00Z,tenderStatistics_2025-11@39b764ad2bb9,5.523678522303006,PUBLISHED_PROXY,175.0,aFRRDown_2025-11-26T00:00:00Z,tenderStatistics_2025-11@39b764ad2bb9,1.6113185301630966,PUBLISHED_PROXY,,SOURCE_NULL_NOT_MODELED,,931.3609746512084,PUBLISHED_PROXY,26.71,0.0,PUBLISHED_PROXY,0.0,marginalPricesOverview_2025-11@1dfee6a006c6,activatedBalancingEnergyOverview_2025-11@75e6b2cbf261,PUBLISHED_NATIVE,0.6105142857142858,0.0,0.6105142857142858,True,True,True,True,True,True,True,True,OK,OK,EUR,D执行/前日冻结,-100.0,0,100,0,0.6105142857142857142857142857142857,0E+2,0.3894857142857142857142857142857143,True,True,15.26285714285714285714285714285714,0,-25.000,9.737142857142857142857142857142858,0E-35,130.3338822360249668898250343941869,139.2920536645963954612536058227583,0.02488380952380952380952380952380952,-2104.25000,0,138.09196305757515000,0,14215.22950453358649371428571428571,0,12249.07146759116164371428571428571
2025-11-26T01:00:00Z,2025-11-26T01:15:00Z,2025-11-26T03:00:00+02:00,2025-11-26,0.25,FORMAL,2025-11-26T01:00:00Z,81.75,2025-11-26_9,15,DA_2025-11-26@e93d4f935928,2025-11-25,5.089,BNR_FX_2025@afbdbadbc54a,129.92000000000002,FCR_2025-11-26T01:00:00Z,tenderStatistics_2025-11@39b764ad2bb9,68.28453527215562,PUBLISHED_PROXY,175.0,aFRRUp_2025-11-26T01:00:00Z,tenderStatistics_2025-11@39b764ad2bb9,5.523678522303006,PUBLISHED_PROXY,175.0,aFRRDown_2025-11-26T01:00:00Z,tenderStatistics_2025-11@39b764ad2bb9,1.6113185301630966,PUBLISHED_PROXY,,SOURCE_NULL_NOT_MODELED,,588.4273924150127,PUBLISHED_PROXY,29.555,0.0,PUBLISHED_PROXY,0.0,marginalPricesOverview_2025-11@1dfee6a006c6,activatedBalancingEnergyOverview_2025-11@75e6b2cbf261,PUBLISHED_NATIVE,0.6755428571428571,0.0,0.6755428571428571,True,True,True,True,True,True,True,True,OK,OK,EUR,D执行/前日冻结,-100.0,0,100,0,0.6755428571428571428571428571428571,0E+2,0.3244571428571428571428571428571429,True,True,16.88857142857142857142857142857143,0,-25.000,8.111428571428571428571428571428572,0E-35,139.2920536645963954612536058227583,146.7545679503106811755393201084726,0.02072920634920634920634920634920635,-2043.75000,0,138.09196305757515000,0,9937.698047328971627714285714285715,0,8032.040010386546777714285714285715
2025-11-26T01:15:00Z,2025-11-26T01:30:00Z,2025-11-26T03:15:00+02:00,2025-11-26,0.25,FORMAL,2025-11-26T01:00:00Z,82.18,2025-11-26_10,15,DA_2025-11-26@e93d4f935928,2025-11-25,5.089,BNR_FX_2025@afbdbadbc54a,129.92000000000002,FCR_2025-11-26T01:00:00Z,tenderStatistics_2025-11@39b764ad2bb9,68.28453527215562,PUBLISHED_PROXY,175.0,aFRRUp_2025-11-26T01:00:00Z,tenderStatistics_2025-11@39b764ad2bb9,5.523678522303006,PUBLISHED_PROXY,175.0,aFRRDown_2025-11-26T01:00:00Z,tenderStatistics_2025-11@39b764ad2bb9,1.6113185301630966,PUBLISHED_PROXY,,SOURCE_NULL_NOT_MODELED,,455.63627431715463,PUBLISHED_PROXY,29.633,0.0,PUBLISHED_PROXY,0.0,marginalPricesOverview_2025-11@1dfee6a006c6,activatedBalancingEnergyOverview_2025-11@75e6b2cbf261,PUBLISHED_NATIVE,0.6773257142857143,0.0,0.6773257142857143,True,True,True,True,True,True,True,True,OK,OK,EUR,D执行/前日冻结,-100.0,0,100,0,0.6773257142857142857142857142857143,0E+2,0.3226742857142857142857142857142857,True,True,16.93314285714285714285714285714286,0,-25.000,8.066857142857142857142857142857142,0E-35,146.7545679503106811755393201084726,154.1760765217392526041107486799012,0.02061530158730158730158730158730159,-2054.50000,0,138.09196305757515000,0,7715.354123908710371880000000000001,0,5798.946086966285521880000000000001
2025-11-26T01:30:00Z,2025-11-26T01:45:00Z,2025-11-26T03:30:00+02:00,2025-11-26,0.25,FORMAL,2025-11-26T01:00:00Z,88.87,2025-11-26_11,15,DA_2025-11-26@e93d4f935928,2025-11-25,5.089,BNR_FX_2025@afbdbadbc54a,129.92000000000002,FCR_2025-11-26T01:00:00Z,tenderStatistics_2025-11@39b764ad2bb9,68.28453527215562,PUBLISHED_PROXY,175.0,aFRRUp_2025-11-26T01:00:00Z,tenderStatistics_2025-11@39b764ad2bb9,5.523678522303006,PUBLISHED_PROXY,175.0,aFRRDown_2025-11-26T01:00:00Z,tenderStatistics_2025-11@39b764ad2bb9,1.6113185301630966,PUBLISHED_PROXY,,SOURCE_NULL_NOT_MODELED,,521.8699155040282,PUBLISHED_PROXY,30.199,0.0,PUBLISHED_PROXY,0.0,marginalPricesOverview_2025-11@1dfee6a006c6,activatedBalancingEnergyOverview_2025-11@75e6b2cbf261,PUBLISHED_NATIVE,0.6902628571428572,0.0,0.6902628571428572,True,True,True,True,True,True,True,True,OK,OK,EUR,D执行/前日冻结,-79.92479626080899,0,100,0,0.6902628571428571428571428571428571,0E+2,0.3097371428571428571428571428571429,True,True,17.25657142857142857142857142857143,0,-19.9811990652022475,6.188919509315557848514285714285715,3.464291872684738919942857142857143,154.1760765217392526041107486799012,156.1043478260870235204581772513298,0.02627594609109126534699682539682540,-1775.729160924523735325,0,138.09196305757515000,0,9005.685473317798635314285714285715,0,7368.048275450850049989285714285715
2025-11-26T01:45:00Z,2025-11-26T02:00:00Z,2025-11-26T03:45:00+02:00,2025-11-26,0.25,FORMAL,2025-11-26T01:00:00Z,88.87,2025-11-26_12,15,DA_2025-11-26@e93d4f935928,2025-11-25,5.089,BNR_FX_2025@afbdbadbc54a,129.92000000000002,FCR_2025-11-26T01:00:00Z,tenderStatistics_2025-11@39b764ad2bb9,68.28453527215562,PUBLISHED_PROXY,175.0,aFRRUp_2025-11-26T01:00:00Z,tenderStatistics_2025-11@39b764ad2bb9,5.523678522303006,PUBLISHED_PROXY,175.0,aFRRDown_2025-11-26T01:00:00Z,tenderStatistics_2025-11@39b764ad2bb9,1.6113185301630966,PUBLISHED_PROXY,,SOURCE_NULL_NOT_MODELED,,165.05187659658083,PUBLISHED_PROXY,19.488,0.0,PUBLISHED_PROXY,0.0,marginalPricesOverview_2025-11@1dfee6a006c6,activatedBalancingEnergyOverview_2025-11@75e6b2cbf261,PUBLISHED_NATIVE,0.44544,0.0,0.44544,True,True,True,True,True,True,True,True,OK,OK,EUR,D执行/前日冻结,0.0,0,100,0,0.44544,0E+2,0.55456,True,True,11.1360000,0,0.000,0E-8,11.13600000,156.1043478260870235204581772513298,144.0000000000000669987190468165472,0.03362318840579710144927536231884058,0,0,138.09196305757515000,0,1838.017697779524122880000,0,1976.109660837099272880000
2025-11-26T02:00:00Z,2025-11-26T02:15:00Z,2025-11-26T04:00:00+02:00,2025-11-26,0.25,FORMAL,2025-11-26T02:00:00Z,90.37,2025-11-26_13,15,DA_2025-11-26@e93d4f935928,2025-11-25,5.089,BNR_FX_2025@afbdbadbc54a,129.92000000000002,FCR_2025-11-26T02:00:00Z,tenderStatistics_2025-11@39b764ad2bb9,68.28453527215562,PUBLISHED_PROXY,175.0,aFRRUp_2025-11-26T02:00:00Z,tenderStatistics_2025-11@39b764ad2bb9,5.523678522303006,PUBLISHED_PROXY,175.0,aFRRDown_2025-11-26T02:00:00Z,tenderStatistics_2025-11@39b764ad2bb9,1.6113185301630966,PUBLISHED_PROXY,,SOURCE_NULL_NOT_MODELED,,156.87659658086068,PUBLISHED_PROXY,1.56,54.348988013362145,PUBLISHED_PROXY,0.299,marginalPricesOverview_2025-11@1dfee6a006c6,activatedBalancingEnergyOverview_2025-11@75e6b2cbf261,PUBLISHED_NATIVE,0.0356571428571428,0.0068342857142857,0.0424914285714285,True,True,True,True,True,True,True,True,OK,OK,EUR,D执行/前日冻结,0.0,100,0,0,0.03565714285714285714285714285714286,0.006834285714285714285714285714285714,0.9575085714285714285714285714285714,True,True,0E-37,0E-38,0.000,0E-37,0E-37,144.0000000000000669987190468165472,144.0000000000000669987190468165472,0E-39,0,1707.1133818038905000,0,0,0,0,1707.1133818038905000
2025-11-26T02:15:00Z,2025-11-26T02:30:00Z,2025-11-26T04:15:00+02:00,2025-11-26,0.25,FORMAL,2025-11-26T02:00:00Z,90.57,2025-11-26_14,15,DA_2025-11-26@e93d4f935928,2025-11-25,5.089,BNR_FX_2025@afbdbadbc54a,129.92000000000002,FCR_2025-11-26T02:00:00Z,tenderStatistics_2025-11@39b764ad2bb9,68.28453527215562,PUBLISHED_PROXY,175.0,aFRRUp_2025-11-26T02:00:00Z,tenderStatistics_2025-11@39b764ad2bb9,5.523678522303006,PUBLISHED_PROXY,175.0,aFRRDown_2025-11-26T02:00:00Z,tenderStatistics_2025-11@39b764ad2bb9,1.6113185301630966,PUBLISHED_PROXY,,SOURCE_NULL_NOT_MODELED,,152.90233837689132,PUBLISHED_PROXY,0.175,54.172528984083314,PUBLISHED_PROXY,0.724,marginalPricesOverview_2025-11@1dfee6a006c6,activatedBalancingEnergyOverview_2025-11@75e6b2cbf261,PUBLISHED_NATIVE,0.004,0.0165485714285714,0.0205485714285714,True,True,True,True,True,True,True,True,OK,OK,EUR,D执行/前日冻结,0.0,100,0,0,0.004,0.01654857142857142857142857142857143,0.9794514285714285714285714285714286,True,True,0.00000,0E-37,0.000,0E-37,0E-37,144.0000000000000669987190468165472,144.0000000000000669987190468165472,0E-39,0,1707.1133818038905000,0,0,0,0,1707.1133818038905000
2025-11-26T02:30:00Z,2025-11-26T02:45:00Z,2025-11-26T04:30:00+02:00,2025-11-26,0.25,FORMAL,2025-11-26T02:00:00Z,91.85,2025-11-26_15,15,DA_2025-11-26@e93d4f935928,2025-11-25,5.089,BNR_FX_2025@afbdbadbc54a,129.92000000000002,FCR_2025-11-26T02:00:00Z,tenderStatistics_2025-11@39b764ad2bb9,68.28453527215562,PUBLISHED_PROXY,175.0,aFRRUp_2025-11-26T02:00:00Z,tenderStatistics_2025-11@39b764ad2bb9,5.523678522303006,PUBLISHED_PROXY,175.0,aFRRDown_2025-11-26T02:00:00Z,tenderStatistics_2025-11@39b764ad2bb9,1.6113185301630966,PUBLISHED_PROXY,,SOURCE_NULL_NOT_MODELED,,156.60188642169385,PUBLISHED_PROXY,1.703,0.0,PUBLISHED_PROXY,0.0,marginalPricesOverview_2025-11@1dfee6a006c6,activatedBalancingEnergyOverview_2025-11@75e6b2cbf261,PUBLISHED_NATIVE,0.0389257142857142,0.0,0.0389257142857142,True,True,True,True,True,True,True,True,OK,OK,EUR,D执行/前日冻结,0.0,100,0,0,0.03892571428571428571428571428571429,0E+2,0.9610742857142857142857142857142857,True,True,0E-37,0,0.000,0E-37,0E-37,144.0000000000000669987190468165472,144.0000000000000669987190468165472,0E-39,0,1707.1133818038905000,0,0,0,0,1707.1133818038905000
2025-11-26T02:45:00Z,2025-11-26T03:00:00Z,2025-11-26T04:45:00+02:00,2025-11-26,0.25,FORMAL,2025-11-26T02:00:00Z,91.61,2025-11-26_16,15,DA_2025-11-26@e93d4f935928,2025-11-25,5.089,BNR_FX_2025@afbdbadbc54a,129.92000000000002,FCR_2025-11-26T02:00:00Z,tenderStatistics_2025-11@39b764ad2bb9,68.28453527215562,PUBLISHED_PROXY,175.0,aFRRUp_2025-11-26T02:00:00Z,tenderStatistics_2025-11@39b764ad2bb9,5.523678522303006,PUBLISHED_PROXY,175.0,aFRRDown_2025-11-26T02:00:00Z,tenderStatistics_2025-11@39b764ad2bb9,1.6113185301630966,PUBLISHED_PROXY,,SOURCE_NULL_NOT_MODELED,,150.7854195323246,PUBLISHED_PROXY,0.147,78.60090391039496,PUBLISHED_PROXY,0.032,marginalPricesOverview_2025-11@1dfee6a006c6,activatedBalancingEnergyOverview_2025-11@75e6b2cbf261,PUBLISHED_NATIVE,0.0033599999999999,0.0007314285714285,0.0040914285714285,True,True,True,True,True,True,True,True,OK,OK,EUR,D执行/前日冻结,0.0,100,0,0,0.00336,0.0007314285714285714285714285714285714,0.9959085714285714285714285714285714,True,True,0E-7,0E-39,0.000,0E-38,0E-38,144.0000000000000669987190468165472,144.0000000000000669987190468165472,0E-40,0,1707.1133818038905000,0,0,0,0,1707.1133818038905000
2025-11-26T03:00:00Z,2025-11-26T03:15:00Z,2025-11-26T05:00:00+02:00,2025-11-26,0.25,FORMAL,2025-11-26T03:00:00Z,88.87,2025-11-26_17,15,DA_2025-11-26@e93d4f935928,2025-11-25,5.089,BNR_FX_2025@afbdbadbc54a,129.92000000000002,FCR_2025-11-26T03:00:00Z,tenderStatistics_2025-11@39b764ad2bb9,68.28453527215562,PUBLISHED_PROXY,175.0,aFRRUp_2025-11-26T03:00:00Z,tenderStatistics_2025-11@39b764ad2bb9,5.523678522303006,PUBLISHED_PROXY,175.0,aFRRDown_2025-11-26T03:00:00Z,tenderStatistics_2025-11@39b764ad2bb9,1.6113185301630966,PUBLISHED_PROXY,,SOURCE_NULL_NOT_MODELED,,156.9893888779721,PUBLISHED_PROXY,1.401,70.05010807624288,PUBLISHED_PROXY,0.066,marginalPricesOverview_2025-11@1dfee6a006c6,activatedBalancingEnergyOverview_2025-11@75e6b2cbf261,PUBLISHED_NATIVE,0.0320228571428571,0.0015085714285714,0.0335314285714285,True,True,True,True,True,True,True,True,OK,OK,EUR,D执行/前日冻结,0.0,100,0,0,0.03202285714285714285714285714285714,0.001508571428571428571428571428571429,0.9664685714285714285714285714285715,True,True,0E-37,0E-38,0.000,0E-38,0E-38,144.0000000000000669987190468165472,144.0000000000000669987190468165472,0E-40,0,1707.1133818038905000,0,0,0,0,1707.1133818038905000
2025-11-26T03:15:00Z,2025-11-26T03:30:00Z,2025-11-26T05:15:00+02:00,2025-11-26,0.25,FORMAL,2025-11-26T03:00:00Z,90.51,2025-11-26_18,15,DA_2025-11-26@e93d4f935928,2025-11-25,5.089,BNR_FX_2025@afbdbadbc54a,129.92000000000002,FCR_2025-11-26T03:00:00Z,tenderStatistics_2025-11@39b764ad2bb9,68.28453527215562,PUBLISHED_PROXY,175.0,aFRRUp_2025-11-26T03:00:00Z,tenderStatistics_2025-11@39b764ad2bb9,5.523678522303006,PUBLISHED_PROXY,175.0,aFRRDown_2025-11-26T03:00:00Z,tenderStatistics_2025-11@39b764ad2bb9,1.6113185301630966,PUBLISHED_PROXY,,SOURCE_NULL_NOT_MODELED,,157.1904106897229,PUBLISHED_PROXY,6.986,0.0,PUBLISHED_PROXY,0.0,marginalPricesOverview_2025-11@1dfee6a006c6,activatedBalancingEnergyOverview_2025-11@75e6b2cbf261,PUBLISHED_NATIVE,0.15968,0.0,0.15968,True,True,True,True,True,True,True,True,OK,OK,EUR,D执行/前日冻结,0.0,100,0,0,0.15968,0E+2,0.84032,True,True,0E-7,0,0.000,0E-8,0E-8,144.0000000000000669987190468165472,144.0000000000000669987190468165472,0E-10,0,1707.1133818038905000,0,0,0,0,1707.1133818038905000
2025-11-26T03:30:00Z,2025-11-26T03:45:00Z,2025-11-26T05:30:00+02:00,2025-11-26,0.25,FORMAL,2025-11-26T03:00:00Z,92.09,2025-11-26_19,15,DA_2025-11-26@e93d4f935928,2025-11-25,5.089,BNR_FX_2025@afbdbadbc54a,129.92000000000002,FCR_2025-11-26T03:00:00Z,tenderStatistics_2025-11@39b764ad2bb9,68.28453527215562,PUBLISHED_PROXY,175.0,aFRRUp_2025-11-26T03:00:00Z,tenderStatistics_2025-11@39b764ad2bb9,5.523678522303006,PUBLISHED_PROXY,175.0,aFRRDown_2025-11-26T03:00:00Z,tenderStatistics_2025-11@39b764ad2bb9,1.6113185301630966,PUBLISHED_PROXY,,SOURCE_NULL_NOT_MODELED,,157.0955000982511,PUBLISHED_PROXY,3.802,66.81076832383572,PUBLISHED_PROXY,0.014,marginalPricesOverview_2025-11@1dfee6a006c6,activatedBalancingEnergyOverview_2025-11@75e6b2cbf261,PUBLISHED_NATIVE,0.0869028571428571,0.00032,0.0872228571428571,True,True,True,True,True,True,True,True,OK,OK,EUR,D执行/前日冻结,0.0,100,0,0,0.08690285714285714285714285714285714,0.00032,0.9127771428571428571428571428571429,True,True,0E-37,0E-7,0.000,0E-36,0E-36,144.0000000000000669987190468165472,144.0000000000000669987190468165472,0E-38,0,1707.1133818038905000,0,0,0,0,1707.1133818038905000
2025-11-26T03:45:00Z,2025-11-26T04:00:00Z,2025-11-26T05:45:00+02:00,2025-11-26,0.25,FORMAL,2025-11-26T03:00:00Z,94.64,2025-11-26_20,15,DA_2025-11-26@e93d4f935928,2025-11-25,5.089,BNR_FX_2025@afbdbadbc54a,129.92000000000002,FCR_2025-11-26T03:00:00Z,tenderStatistics_2025-11@39b764ad2bb9,68.28453527215562,PUBLISHED_PROXY,175.0,aFRRUp_2025-11-26T03:00:00Z,tenderStatistics_2025-11@39b764ad2bb9,5.523678522303006,PUBLISHED_PROXY,175.0,aFRRDown_2025-11-26T03:00:00Z,tenderStatistics_2025-11@39b764ad2bb9,1.6113185301630966,PUBLISHED_PROXY,,SOURCE_NULL_NOT_MODELED,,157.13932010218116,PUBLISHED_PROXY,2.962,54.07761839261151,PUBLISHED_PROXY,0.611,marginalPricesOverview_2025-11@1dfee6a006c6,activatedBalancingEnergyOverview_2025-11@75e6b2cbf261,PUBLISHED_NATIVE,0.0677028571428571,0.0139657142857142,0.0816685714285714,True,True,True,True,True,True,True,True,OK,OK,EUR,D执行/前日冻结,0.0,100,0,0,0.06770285714285714285714285714285714,0.01396571428571428571428571428571429,0.9183314285714285714285714285714286,True,True,0E-37,0E-37,0.000,0E-37,0E-37,144.0000000000000669987190468165472,144.0000000000000669987190468165472,0E-39,0,1707.1133818038905000,0,0,0,0,1707.1133818038905000
2025-11-26T04:00:00Z,2025-11-26T04:15:00Z,2025-11-26T06:00:00+02:00,2025-11-26,0.25,FORMAL,2025-11-26T04:00:00Z,86.66,2025-11-26_21,15,DA_2025-11-26@e93d4f935928,2025-11-25,5.089,BNR_FX_2025@afbdbadbc54a,129.92000000000002,FCR_2025-11-26T04:00:00Z,tenderStatistics_2025-11@39b764ad2bb9,68.28453527215562,PUBLISHED_PROXY,175.0,aFRRUp_2025-11-26T04:00:00Z,tenderStatistics_2025-11@39b764ad2bb9,5.523678522303006,PUBLISHED_PROXY,175.0,aFRRDown_2025-11-26T04:00:00Z,tenderStatistics_2025-11@39b764ad2bb9,0.6759677736293966,PUBLISHED_PROXY,,SOURCE_NULL_NOT_MODELED,,156.98879937119275,PUBLISHED_PROXY,0.857,46.819217921006086,PUBLISHED_PROXY,7.685,marginalPricesOverview_2025-11@1dfee6a006c6,activatedBalancingEnergyOverview_2025-11@75e6b2cbf261,PUBLISHED_NATIVE,0.0195885714285714,0.1756571428571428,0.1952457142857142,True,True,True,True,True,True,True,True,OK,OK,EUR,D执行/前日冻结,0.0,100,0,0,0.01958857142857142857142857142857143,0.1756571428571428571428571428571429,0.8047542857142857142857142857142857,True,True,0E-37,0E-36,0.000,0E-37,0E-37,144.0000000000000669987190468165472,144.0000000000000669987190468165472,0E-39,0,1707.1133818038905000,0,0,0,0,1707.1133818038905000
2025-11-26T04:15:00Z,2025-11-26T04:30:00Z,2025-11-26T06:15:00+02:00,2025-11-26,0.25,FORMAL,2025-11-26T04:00:00Z,92.05,2025-11-26_22,15,DA_2025-11-26@e93d4f935928,2025-11-25,5.089,BNR_FX_2025@afbdbadbc54a,129.92000000000002,FCR_2025-11-26T04:00:00Z,tenderStatistics_2025-11@39b764ad2bb9,68.28453527215562,PUBLISHED_PROXY,175.0,aFRRUp_2025-11-26T04:00:00Z,tenderStatistics_2025-11@39b764ad2bb9,5.523678522303006,PUBLISHED_PROXY,175.0,aFRRDown_2025-11-26T04:00:00Z,tenderStatistics_2025-11@39b764ad2bb9,0.6759677736293966,PUBLISHED_PROXY,,SOURCE_NULL_NOT_MODELED,,155.77225388091964,PUBLISHED_PROXY,0.284,58.17960306543525,PUBLISHED_PROXY,0.831,marginalPricesOverview_2025-11@1dfee6a006c6,activatedBalancingEnergyOverview_2025-11@75e6b2cbf261,PUBLISHED_NATIVE,0.0064914285714285,0.0189942857142857,0.0254857142857142,True,True,True,True,True,True,True,True,OK,OK,EUR,D执行/前日冻结,0.0,100,0,0,0.006491428571428571428571428571428571,0.01899428571428571428571428571428571,0.9745142857142857142857142857142857,True,True,0E-38,0E-37,0.000,0E-37,0E-37,144.0000000000000669987190468165472,144.0000000000000669987190468165472,0E-39,0,1707.1133818038905000,0,0,0,0,1707.1133818038905000
2025-11-26T04:30:00Z,2025-11-26T04:45:00Z,2025-11-26T06:30:00+02:00,2025-11-26,0.25,FORMAL,2025-11-26T04:00:00Z,102.68,2025-11-26_23,15,DA_2025-11-26@e93d4f935928,2025-11-25,5.089,BNR_FX_2025@afbdbadbc54a,129.92000000000002,FCR_2025-11-26T04:00:00Z,tenderStatistics_2025-11@39b764ad2bb9,68.28453527215562,PUBLISHED_PROXY,175.0,aFRRUp_2025-11-26T04:00:00Z,tenderStatistics_2025-11@39b764ad2bb9,5.523678522303006,PUBLISHED_PROXY,175.0,aFRRDown_2025-11-26T04:00:00Z,tenderStatistics_2025-11@39b764ad2bb9,0.6759677736293966,PUBLISHED_PROXY,,SOURCE_NULL_NOT_MODELED,,156.5016702692081,PUBLISHED_PROXY,0.453,58.0220082530949,PUBLISHED_PROXY,0.798,marginalPricesOverview_2025-11@1dfee6a006c6,activatedBalancingEnergyOverview_2025-11@75e6b2cbf261,PUBLISHED_NATIVE,0.0103542857142857,0.01824,0.0285942857142857,True,True,True,True,True,True,True,True,OK,OK,EUR,D执行/前日冻结,0.0,100,0,0,0.01035428571428571428571428571428571,0.01824,0.9714057142857142857142857142857143,True,True,0E-37,0E-7,0.000,0E-37,0E-37,144.0000000000000669987190468165472,144.0000000000000669987190468165472,0E-39,0,1707.1133818038905000,0,0,0,0,1707.1133818038905000
2025-11-26T04:45:00Z,2025-11-26T05:00:00Z,2025-11-26T06:45:00+02:00,2025-11-26,0.25,FORMAL,2025-11-26T04:00:00Z,111.76,2025-11-26_24,15,DA_2025-11-26@e93d4f935928,2025-11-25,5.089,BNR_FX_2025@afbdbadbc54a,129.92000000000002,FCR_2025-11-26T04:00:00Z,tenderStatistics_2025-11@39b764ad2bb9,68.28453527215562,PUBLISHED_PROXY,175.0,aFRRUp_2025-11-26T04:00:00Z,tenderStatistics_2025-11@39b764ad2bb9,5.523678522303006,PUBLISHED_PROXY,175.0,aFRRDown_2025-11-26T04:00:00Z,tenderStatistics_2025-11@39b764ad2bb9,0.6759677736293966,PUBLISHED_PROXY,,SOURCE_NULL_NOT_MODELED,,137.55158184319117,PUBLISHED_PROXY,0.002,60.22224405580664,PUBLISHED_PROXY,1.268,marginalPricesOverview_2025-11@1dfee6a006c6,activatedBalancingEnergyOverview_2025-11@75e6b2cbf261,PUBLISHED_NATIVE,4.571428571428572e-05,0.0289828571428571,0.0290285714285714,True,True,True,True,True,True,True,True,OK,OK,EUR,D执行/前日冻结,0.0,100,0,0,0.00004571428571428571428571428571428571,0.02898285714285714285714285714285714,0.9709714285714285714285714285714286,True,True,0E-40,0E-37,0.000,0E-39,0E-39,144.0000000000000669987190468165472,144.0000000000000669987190468165472,0E-41,0,1707.1133818038905000,0,0,0,0,1707.1133818038905000
2025-11-26T05:00:00Z,2025-11-26T05:15:00Z,2025-11-26T07:00:00+02:00,2025-11-26,0.25,FORMAL,2025-11-26T05:00:00Z,97.82,2025-11-26_25,15,DA_2025-11-26@e93d4f935928,2025-11-25,5.089,BNR_FX_2025@afbdbadbc54a,129.92000000000002,FCR_2025-11-26T05:00:00Z,tenderStatistics_2025-11@39b764ad2bb9,68.28453527215562,PUBLISHED_PROXY,175.0,aFRRUp_2025-11-26T05:00:00Z,tenderStatistics_2025-11@39b764ad2bb9,7.337394380035371,PUBLISHED_PROXY,175.0,aFRRDown_2025-11-26T05:00:00Z,tenderStatistics_2025-11@39b764ad2bb9,0.6740027510316369,PUBLISHED_PROXY,,SOURCE_NULL_NOT_MODELED,,149.69188445667126,PUBLISHED_PROXY,0.101,60.58518372961288,PUBLISHED_PROXY,0.742,marginalPricesOverview_2025-11@1dfee6a006c6,activatedBalancingEnergyOverview_2025-11@75e6b2cbf261,PUBLISHED_NATIVE,0.0023085714285714,0.01696,0.0192685714285714,True,True,True,True,True,True,True,True,OK,OK,EUR,D执行/前日冻结,0.0,100,0,0,0.002308571428571428571428571428571429,0.01696,0.9807314285714285714285714285714286,True,True,0E-38,0E-7,0.000,0E-38,0E-38,144.0000000000000669987190468165472,144.0000000000000669987190468165472,0E-40,0,1707.1133818038905000,0,0,0,0,1707.1133818038905000
2025-11-26T05:15:00Z,2025-11-26T05:30:00Z,2025-11-26T07:15:00+02:00,2025-11-26,0.25,FORMAL,2025-11-26T05:00:00Z,114.77,2025-11-26_26,15,DA_2025-11-26@e93d4f935928,2025-11-25,5.089,BNR_FX_2025@afbdbadbc54a,129.92000000000002,FCR_2025-11-26T05:00:00Z,tenderStatistics_2025-11@39b764ad2bb9,68.28453527215562,PUBLISHED_PROXY,175.0,aFRRUp_2025-11-26T05:00:00Z,tenderStatistics_2025-11@39b764ad2bb9,7.337394380035371,PUBLISHED_PROXY,175.0,aFRRDown_2025-11-26T05:00:00Z,tenderStatistics_2025-11@39b764ad2bb9,0.6740027510316369,PUBLISHED_PROXY,,SOURCE_NULL_NOT_MODELED,,165.11220279033208,PUBLISHED_PROXY,8.517,78.60090391039496,PUBLISHED_PROXY,0.008,marginalPricesOverview_2025-11@1dfee6a006c6,activatedBalancingEnergyOverview_2025-11@75e6b2cbf261,PUBLISHED_NATIVE,0.1946742857142857,0.0001828571428571,0.1948571428571428,True,True,True,True,True,True,True,True,OK,OK,EUR,D执行/前日冻结,0.0,100,0,0,0.1946742857142857142857142857142857,0.0001828571428571428571428571428571429,0.8051428571428571428571428571428572,True,True,0E-36,0E-39,0.000,0E-39,0E-39,144.0000000000000669987190468165472,144.0000000000000669987190468165472,0E-41,0,1707.1133818038905000,0,0,0,0,1707.1133818038905000
2025-11-26T05:30:00Z,2025-11-26T05:45:00Z,2025-11-26T07:30:00+02:00,2025-11-26,0.25,FORMAL,2025-11-26T05:00:00Z,128.2,2025-11-26_27,15,DA_2025-11-26@e93d4f935928,2025-11-25,5.089,BNR_FX_2025@afbdbadbc54a,129.92000000000002,FCR_2025-11-26T05:00:00Z,tenderStatistics_2025-11@39b764ad2bb9,68.28453527215562,PUBLISHED_PROXY,175.0,aFRRUp_2025-11-26T05:00:00Z,tenderStatistics_2025-11@39b764ad2bb9,7.337394380035371,PUBLISHED_PROXY,175.0,aFRRDown_2025-11-26T05:00:00Z,tenderStatistics_2025-11@39b764ad2bb9,0.6740027510316369,PUBLISHED_PROXY,,SOURCE_NULL_NOT_MODELED,,156.644723914325,PUBLISHED_PROXY,1.411,63.6374533307133,PUBLISHED_PROXY,0.067,marginalPricesOverview_2025-11@1dfee6a006c6,activatedBalancingEnergyOverview_2025-11@75e6b2cbf261,PUBLISHED_NATIVE,0.0322514285714285,0.0015314285714285,0.0337828571428571,True,True,True,True,True,True,True,True,OK,OK,EUR,D执行/前日冻结,0.0,100,0,0,0.03225142857142857142857142857142857,0.001531428571428571428571428571428571,0.9662171428571428571428571428571428,True,True,0E-37,0E-38,0.000,0E-38,0E-38,144.0000000000000669987190468165472,144.0000000000000669987190468165472,0E-40,0,1707.1133818038905000,0,0,0,0,1707.1133818038905000
2025-11-26T05:45:00Z,2025-11-26T06:00:00Z,2025-11-26T07:45:00+02:00,2025-11-26,0.25,FORMAL,2025-11-26T05:00:00Z,158.05,2025-11-26_28,15,DA_2025-11-26@e93d4f935928,2025-11-25,5.089,BNR_FX_2025@afbdbadbc54a,129.92000000000002,FCR_2025-11-26T05:00:00Z,tenderStatistics_2025-11@39b764ad2bb9,68.28453527215562,PUBLISHED_PROXY,175.0,aFRRUp_2025-11-26T05:00:00Z,tenderStatistics_2025-11@39b764ad2bb9,7.337394380035371,PUBLISHED_PROXY,175.0,aFRRDown_2025-11-26T05:00:00Z,tenderStatistics_2025-11@39b764ad2bb9,0.6740027510316369,PUBLISHED_PROXY,,SOURCE_NULL_NOT_MODELED,,155.90214187463155,PUBLISHED_PROXY,0.511,64.96757712713696,PUBLISHED_PROXY,0.142,marginalPricesOverview_2025-11@1dfee6a006c6,activatedBalancingEnergyOverview_2025-11@75e6b2cbf261,PUBLISHED_NATIVE,0.01168,0.0032457142857142,0.0149257142857142,True,True,True,True,True,True,True,True,OK,OK,EUR,D执行/前日冻结,0.0,100,0,0,0.01168,0.003245714285714285714285714285714286,0.9850742857142857142857142857142857,True,True,0E-7,0E-38,0.000,0E-38,0E-38,144.0000000000000669987190468165472,144.0000000000000669987190468165472,0E-40,0,1707.1133818038905000,0,0,0,0,1707.1133818038905000
2025-11-26T06:00:00Z,2025-11-26T06:15:00Z,2025-11-26T08:00:00+02:00,2025-11-26,0.25,FORMAL,2025-11-26T06:00:00Z,144.26,2025-11-26_29,15,DA_2025-11-26@e93d4f935928,2025-11-25,5.089,BNR_FX_2025@afbdbadbc54a,129.92000000000002,FCR_2025-11-26T06:00:00Z,tenderStatistics_2025-11@39b764ad2bb9,68.28453527215562,PUBLISHED_PROXY,175.0,aFRRUp_2025-11-26T06:00:00Z,tenderStatistics_2025-11@39b764ad2bb9,7.384554922381606,PUBLISHED_PROXY,175.0,aFRRDown_2025-11-26T06:00:00Z,tenderStatistics_2025-11@39b764ad2bb9,0.6740027510316369,PUBLISHED_PROXY,,SOURCE_NULL_NOT_MODELED,,145.71389270976616,PUBLISHED_PROXY,0.026,64.16486539595205,PUBLISHED_PROXY,0.608,marginalPricesOverview_2025-11@1dfee6a006c6,activatedBalancingEnergyOverview_2025-11@75e6b2cbf261,PUBLISHED_NATIVE,0.0005942857142857,0.0138971428571428,0.0144914285714285,True,True,True,True,True,True,True,True,OK,OK,EUR,D执行/前日冻结,0.0,100,0,0,0.0005942857142857142857142857142857143,0.01389714285714285714285714285714286,0.9855085714285714285714285714285714,True,True,0E-39,0E-37,0.000,0E-38,0E-38,144.0000000000000669987190468165472,144.0000000000000669987190468165472,0E-40,0,1707.1133818038905000,0,0,0,0,1707.1133818038905000
2025-11-26T06:15:00Z,2025-11-26T06:30:00Z,2025-11-26T08:15:00+02:00,2025-11-26,0.25,FORMAL,2025-11-26T06:00:00Z,180.25,2025-11-26_30,15,DA_2025-11-26@e93d4f935928,2025-11-25,5.089,BNR_FX_2025@afbdbadbc54a,129.92000000000002,FCR_2025-11-26T06:00:00Z,tenderStatistics_2025-11@39b764ad2bb9,68.28453527215562,PUBLISHED_PROXY,175.0,aFRRUp_2025-11-26T06:00:00Z,tenderStatistics_2025-11@39b764ad2bb9,7.384554922381606,PUBLISHED_PROXY,175.0,aFRRDown_2025-11-26T06:00:00Z,tenderStatistics_2025-11@39b764ad2bb9,0.6740027510316369,PUBLISHED_PROXY,,SOURCE_NULL_NOT_MODELED,,138.91196698762036,PUBLISHED_PROXY,0.013,70.9524464531342,PUBLISHED_PROXY,0.22,marginalPricesOverview_2025-11@1dfee6a006c6,activatedBalancingEnergyOverview_2025-11@75e6b2cbf261,PUBLISHED_NATIVE,0.0002971428571428,0.0050285714285714,0.0053257142857142,True,True,True,True,True,True,True,True,OK,OK,EUR,D执行/前日冻结,0.0,100,0,0,0.0002971428571428571428571428571428571,0.005028571428571428571428571428571429,0.9946742857142857142857142857142857,True,True,0E-39,0E-38,0.000,0E-39,0E-39,144.0000000000000669987190468165472,144.0000000000000669987190468165472,0E-41,0,1707.1133818038905000,0,0,0,0,1707.1133818038905000
2025-11-26T06:30:00Z,2025-11-26T06:45:00Z,2025-11-26T08:30:00+02:00,2025-11-26,0.25,FORMAL,2025-11-26T06:00:00Z,201.09,2025-11-26_31,15,DA_2025-11-26@e93d4f935928,2025-11-25,5.089,BNR_FX_2025@afbdbadbc54a,129.92000000000002,FCR_2025-11-26T06:00:00Z,tenderStatistics_2025-11@39b764ad2bb9,68.28453527215562,PUBLISHED_PROXY,175.0,aFRRUp_2025-11-26T06:00:00Z,tenderStatistics_2025-11@39b764ad2bb9,7.384554922381606,PUBLISHED_PROXY,175.0,aFRRDown_2025-11-26T06:00:00Z,tenderStatistics_2025-11@39b764ad2bb9,0.6740027510316369,PUBLISHED_PROXY,,SOURCE_NULL_NOT_MODELED,,0.0,PUBLISHED_PROXY,0.0,51.32776576930634,PUBLISHED_PROXY,15.553,marginalPricesOverview_2025-11@1dfee6a006c6,activatedBalancingEnergyOverview_2025-11@75e6b2cbf261,PUBLISHED_NATIVE,0.0,0.3554971428571429,0.3554971428571429,True,True,True,True,True,True,True,True,OK,OK,EUR,D执行/前日冻结,0.0,100,0,0,0E+2,0.3554971428571428571428571428571429,0.6445028571428571428571428571428571,True,True,0,0E-36,0.000,0E-36,0E-36,144.0000000000000669987190468165472,144.0000000000000669987190468165472,0E-38,0,1707.1133818038905000,0,0,0,0,1707.1133818038905000
2025-11-26T06:45:00Z,2025-11-26T07:00:00Z,2025-11-26T08:45:00+02:00,2025-11-26,0.25,FORMAL,2025-11-26T06:00:00Z,228.08,2025-11-26_32,15,DA_2025-11-26@e93d4f935928,2025-11-25,5.089,BNR_FX_2025@afbdbadbc54a,129.92000000000002,FCR_2025-11-26T06:00:00Z,tenderStatistics_2025-11@39b764ad2bb9,68.28453527215562,PUBLISHED_PROXY,175.0,aFRRUp_2025-11-26T06:00:00Z,tenderStatistics_2025-11@39b764ad2bb9,7.384554922381606,PUBLISHED_PROXY,175.0,aFRRDown_2025-11-26T06:00:00Z,tenderStatistics_2025-11@39b764ad2bb9,0.6740027510316369,PUBLISHED_PROXY,,SOURCE_NULL_NOT_MODELED,,0.0,PUBLISHED_PROXY,0.0,50.47808999803497,PUBLISHED_PROXY,18.751,marginalPricesOverview_2025-11@1dfee6a006c6,activatedBalancingEnergyOverview_2025-11@75e6b2cbf261,PUBLISHED_NATIVE,0.0,0.4285942857142857,0.4285942857142857,True,True,True,True,True,True,True,True,OK,OK,EUR,D执行/前日冻结,0.0,100,0,0,0E+2,0.4285942857142857142857142857142857,0.5714057142857142857142857142857143,True,True,0,0E-36,0.000,0E-35,0E-35,144.0000000000000669987190468165472,144.0000000000000669987190468165472,0E-37,0,1707.1133818038905000,0,0,0,0,1707.1133818038905000
2025-11-26T07:00:00Z,2025-11-26T07:15:00Z,2025-11-26T09:00:00+02:00,2025-11-26,0.25,FORMAL,2025-11-26T07:00:00Z,210.09,2025-11-26_33,15,DA_2025-11-26@e93d4f935928,2025-11-25,5.089,BNR_FX_2025@afbdbadbc54a,129.92000000000002,FCR_2025-11-26T07:00:00Z,tenderStatistics_2025-11@39b764ad2bb9,68.28453527215562,PUBLISHED_PROXY,175.0,aFRRUp_2025-11-26T07:00:00Z,tenderStatistics_2025-11@39b764ad2bb9,7.384554922381606,PUBLISHED_PROXY,175.0,aFRRDown_2025-11-26T07:00:00Z,tenderStatistics_2025-11@39b764ad2bb9,0.6740027510316369,PUBLISHED_PROXY,,SOURCE_NULL_NOT_MODELED,,0.0,PUBLISHED_PROXY,0.0,59.57319709176655,PUBLISHED_PROXY,4.235,marginalPricesOverview_2025-11@1dfee6a006c6,activatedBalancingEnergyOverview_2025-11@75e6b2cbf261,PUBLISHED_NATIVE,0.0,0.0968,0.0968,True,True,True,True,True,True,True,True,OK,OK,EUR,D执行/前日冻结,0.0,0,100,100,0E+2,0.0968,0.9032,True,True,0,2.420000,0.000,2.4200000,0E-7,144.0000000000000669987190468165472,146.2264000000000669987190468165472,0.006184444444444444444444444444444444,0,0,184.61387305954015000,16.850068775790922500,0,-144.16713696207505100000,57.29680487325602150000
2025-11-26T07:15:00Z,2025-11-26T07:30:00Z,2025-11-26T09:15:00+02:00,2025-11-26,0.25,FORMAL,2025-11-26T07:00:00Z,217.39,2025-11-26_34,15,DA_2025-11-26@e93d4f935928,2025-11-25,5.089,BNR_FX_2025@afbdbadbc54a,129.92000000000002,FCR_2025-11-26T07:00:00Z,tenderStatistics_2025-11@39b764ad2bb9,68.28453527215562,PUBLISHED_PROXY,175.0,aFRRUp_2025-11-26T07:00:00Z,tenderStatistics_2025-11@39b764ad2bb9,7.384554922381606,PUBLISHED_PROXY,175.0,aFRRDown_2025-11-26T07:00:00Z,tenderStatistics_2025-11@39b764ad2bb9,0.6740027510316369,PUBLISHED_PROXY,,SOURCE_NULL_NOT_MODELED,,164.03517390449989,PUBLISHED_PROXY,5.748,62.103360188642164,PUBLISHED_PROXY,0.343,marginalPricesOverview_2025-11@1dfee6a006c6,activatedBalancingEnergyOverview_2025-11@75e6b2cbf261,PUBLISHED_NATIVE,0.1313828571428571,0.00784,0.1392228571428571,True,True,True,True,True,True,True,True,OK,OK,EUR,D执行/前日冻结,0.0,0,100,100,0.1313828571428571428571428571428571,0.00784,0.8607771428571428571428571428571429,True,True,3.284571428571428571428571428571428,0.1960000,0.000,0.1960000000000000000000000000000000,3.284571428571428571428571428571428,146.2264000000000669987190468165472,142.8365336645963402906445126550565,0.01041807315389924085576259489302967,0,0,184.61387305954015000,16.850068775790922500,538.7852454874659244114285714285713,-12.1722585969738641440000,728.0769287258231327674285714285713
2025-11-26T07:30:00Z,2025-11-26T07:45:00Z,2025-11-26T09:30:00+02:00,2025-11-26,0.25,FORMAL,2025-11-26T07:00:00Z,262.5,2025-11-26_35,15,DA_2025-11-26@e93d4f935928,2025-11-25,5.089,BNR_FX_2025@afbdbadbc54a,129.92000000000002,FCR_2025-11-26T07:00:00Z,tenderStatistics_2025-11@39b764ad2bb9,68.28453527215562,PUBLISHED_PROXY,175.0,aFRRUp_2025-11-26T07:00:00Z,tenderStatistics_2025-11@39b764ad2bb9,7.384554922381606,PUBLISHED_PROXY,175.0,aFRRDown_2025-11-26T07:00:00Z,tenderStatistics_2025-11@39b764ad2bb9,0.6740027510316369,PUBLISHED_PROXY,,SOURCE_NULL_NOT_MODELED,,734.5637649832972,PUBLISHED_PROXY,24.304,0.0,PUBLISHED_PROXY,0.0,marginalPricesOverview_2025-11@1dfee6a006c6,activatedBalancingEnergyOverview_2025-11@75e6b2cbf261,PUBLISHED_NATIVE,0.55552,0.0,0.55552,True,True,True,True,True,True,True,True,OK,OK,EUR,D执行/前日冻结,0.0,0,100,100,0.55552,0E+2,0.44448,True,True,13.8880000,0,0.000,0E-8,13.88800000,142.8365336645963402906445126550565,127.7408814906832968123836430898391,0.04193236714975845410628019323671497,0,0,184.61387305954015000,16.850068775790922500,10201.62156808803151360000,0,10403.08550992336258610000
2025-11-26T07:45:00Z,2025-11-26T08:00:00Z,2025-11-26T09:45:00+02:00,2025-11-26,0.25,FORMAL,2025-11-26T07:00:00Z,233.67,2025-11-26_36,15,DA_2025-11-26@e93d4f935928,2025-11-25,5.089,BNR_FX_2025@afbdbadbc54a,129.92000000000002,FCR_2025-11-26T07:00:00Z,tenderStatistics_2025-11@39b764ad2bb9,68.28453527215562,PUBLISHED_PROXY,175.0,aFRRUp_2025-11-26T07:00:00Z,tenderStatistics_2025-11@39b764ad2bb9,7.384554922381606,PUBLISHED_PROXY,175.0,aFRRDown_2025-11-26T07:00:00Z,tenderStatistics_2025-11@39b764ad2bb9,0.6740027510316369,PUBLISHED_PROXY,,SOURCE_NULL_NOT_MODELED,,334.74061701709564,PUBLISHED_PROXY,15.276,0.0,PUBLISHED_PROXY,0.0,marginalPricesOverview_2025-11@1dfee6a006c6,activatedBalancingEnergyOverview_2025-11@75e6b2cbf261,PUBLISHED_NATIVE,0.3491657142857143,0.0,0.3491657142857143,True,True,True,True,True,True,True,True,OK,OK,EUR,D执行/前日冻结,0.0,0,100,100,0.3491657142857142857142857142857143,0E+2,0.6508342857142857142857142857142857,True,True,8.729142857142857142857142857142858,0,0.000,0E-35,8.729142857142857142857142857142858,127.7408814906832968123836430898391,118.2526827329193216571041399842490,0.02635610766045548654244306418219462,0,0,184.61387305954015000,16.850068775790922500,2921.998666030373140937142857142857,0,3123.462607865704213437142857142857
2025-11-26T08:00:00Z,2025-11-26T08:15:00Z,2025-11-26T10:00:00+02:00,2025-11-26,0.25,FORMAL,2025-11-26T08:00:00Z,239.99,2025-11-26_37,15,DA_2025-11-26@e93d4f935928,2025-11-25,5.089,BNR_FX_2025@afbdbadbc54a,129.92000000000002,FCR_2025-11-26T08:00:00Z,tenderStatistics_2025-11@39b764ad2bb9,68.28453527215562,PUBLISHED_PROXY,175.0,aFRRUp_2025-11-26T08:00:00Z,tenderStatistics_2025-11@39b764ad2bb9,5.523678522303006,PUBLISHED_PROXY,175.0,aFRRDown_2025-11-26T08:00:00Z,tenderStatistics_2025-11@39b764ad2bb9,1.6113185301630966,PUBLISHED_PROXY,,SOURCE_NULL_NOT_MODELED,,1247.9711141678129,PUBLISHED_PROXY,48.572,0.0,PUBLISHED_PROXY,0.0,marginalPricesOverview_2025-11@1dfee6a006c6,activatedBalancingEnergyOverview_2025-11@75e6b2cbf261,PUBLISHED_NATIVE,1.110217142857143,0.0,1.110217142857143,True,False,True,False,False,True,True,True,ALPHA_OUTSIDE_SIMPLEX,ALPHA_OUTSIDE_SIMPLEX,EUR,D执行/前日冻结,0.0,100,0,0,0,0,1,False,True,0.00,0.00,0.000,0.000,0.000,118.2526827329193216571041399842490,118.2526827329193216571041399842490,0.00000,0,1707.1133818038905000,0,0,0,0,1707.1133818038905000
2025-11-26T08:15:00Z,2025-11-26T08:30:00Z,2025-11-26T10:15:00+02:00,2025-11-26,0.25,FORMAL,2025-11-26T08:00:00Z,197.08,2025-11-26_38,15,DA_2025-11-26@e93d4f935928,2025-11-25,5.089,BNR_FX_2025@afbdbadbc54a,129.92000000000002,FCR_2025-11-26T08:00:00Z,tenderStatistics_2025-11@39b764ad2bb9,68.28453527215562,PUBLISHED_PROXY,175.0,aFRRUp_2025-11-26T08:00:00Z,tenderStatistics_2025-11@39b764ad2bb9,5.523678522303006,PUBLISHED_PROXY,175.0,aFRRDown_2025-11-26T08:00:00Z,tenderStatistics_2025-11@39b764ad2bb9,1.6113185301630966,PUBLISHED_PROXY,,SOURCE_NULL_NOT_MODELED,,294.7402240125761,PUBLISHED_PROXY,29.807,0.0,PUBLISHED_PROXY,0.0,marginalPricesOverview_2025-11@1dfee6a006c6,activatedBalancingEnergyOverview_2025-11@75e6b2cbf261,PUBLISHED_NATIVE,0.6813028571428571,0.0,0.6813028571428571,True,True,True,True,False,True,True,True,OK,OTHER_QH_IN_SAME_HOUR_INVALID,EUR,D执行/前日冻结,0.0,100,0,0,0,0,1,False,True,0.00,0.00,0.000,0.000,0.000,118.2526827329193216571041399842490,118.2526827329193216571041399842490,0.00000,0,1707.1133818038905000,0,0,0,0,1707.1133818038905000
2025-11-26T08:30:00Z,2025-11-26T08:45:00Z,2025-11-26T10:30:00+02:00,2025-11-26,0.25,FORMAL,2025-11-26T08:00:00Z,196.75,2025-11-26_39,15,DA_2025-11-26@e93d4f935928,2025-11-25,5.089,BNR_FX_2025@afbdbadbc54a,129.92000000000002,FCR_2025-11-26T08:00:00Z,tenderStatistics_2025-11@39b764ad2bb9,68.28453527215562,PUBLISHED_PROXY,175.0,aFRRUp_2025-11-26T08:00:00Z,tenderStatistics_2025-11@39b764ad2bb9,5.523678522303006,PUBLISHED_PROXY,175.0,aFRRDown_2025-11-26T08:00:00Z,tenderStatistics_2025-11@39b764ad2bb9,1.6113185301630966,PUBLISHED_PROXY,,SOURCE_NULL_NOT_MODELED,,530.9526429553939,PUBLISHED_PROXY,31.267,0.0,PUBLISHED_PROXY,0.0,marginalPricesOverview_2025-11@1dfee6a006c6,activatedBalancingEnergyOverview_2025-11@75e6b2cbf261,PUBLISHED_NATIVE,0.7146742857142857,0.0,0.7146742857142857,True,True,True,True,False,True,True,True,OK,OTHER_QH_IN_SAME_HOUR_INVALID,EUR,D执行/前日冻结,0.0,100,0,0,0,0,1,False,True,0.00,0.00,0.000,0.000,0.000,118.2526827329193216571041399842490,118.2526827329193216571041399842490,0.00000,0,1707.1133818038905000,0,0,0,0,1707.1133818038905000
2025-11-26T08:45:00Z,2025-11-26T09:00:00Z,2025-11-26T10:45:00+02:00,2025-11-26,0.25,FORMAL,2025-11-26T08:00:00Z,152.49,2025-11-26_40,15,DA_2025-11-26@e93d4f935928,2025-11-25,5.089,BNR_FX_2025@afbdbadbc54a,129.92000000000002,FCR_2025-11-26T08:00:00Z,tenderStatistics_2025-11@39b764ad2bb9,68.28453527215562,PUBLISHED_PROXY,175.0,aFRRUp_2025-11-26T08:00:00Z,tenderStatistics_2025-11@39b764ad2bb9,5.523678522303006,PUBLISHED_PROXY,175.0,aFRRDown_2025-11-26T08:00:00Z,tenderStatistics_2025-11@39b764ad2bb9,1.6113185301630966,PUBLISHED_PROXY,,SOURCE_NULL_NOT_MODELED,,194.15248575358615,PUBLISHED_PROXY,3.604,50.01945372371782,PUBLISHED_PROXY,6.721,marginalPricesOverview_2025-11@1dfee6a006c6,activatedBalancingEnergyOverview_2025-11@75e6b2cbf261,PUBLISHED_NATIVE,0.0823771428571428,0.1536228571428571,0.236,True,True,True,True,False,True,True,True,OK,OTHER_QH_IN_SAME_HOUR_INVALID,EUR,D执行/前日冻结,0.0,100,0,0,0,0,1,False,True,0.00,0.00,0.000,0.000,0.000,118.2526827329193216571041399842490,118.2526827329193216571041399842490,0.00000,0,1707.1133818038905000,0,0,0,0,1707.1133818038905000
2025-11-26T09:00:00Z,2025-11-26T09:15:00Z,2025-11-26T11:00:00+02:00,2025-11-26,0.25,FORMAL,2025-11-26T09:00:00Z,121.16,2025-11-26_41,15,DA_2025-11-26@e93d4f935928,2025-11-25,5.089,BNR_FX_2025@afbdbadbc54a,129.92000000000002,FCR_2025-11-26T09:00:00Z,tenderStatistics_2025-11@39b764ad2bb9,68.28453527215562,PUBLISHED_PROXY,175.0,aFRRUp_2025-11-26T09:00:00Z,tenderStatistics_2025-11@39b764ad2bb9,5.523678522303006,PUBLISHED_PROXY,175.0,aFRRDown_2025-11-26T09:00:00Z,tenderStatistics_2025-11@39b764ad2bb9,1.6113185301630966,PUBLISHED_PROXY,,SOURCE_NULL_NOT_MODELED,,155.8559638435842,PUBLISHED_PROXY,0.146,53.68107683238357,PUBLISHED_PROXY,2.389,marginalPricesOverview_2025-11@1dfee6a006c6,activatedBalancingEnergyOverview_2025-11@75e6b2cbf261,PUBLISHED_NATIVE,0.0033371428571428,0.0546057142857142,0.0579428571428571,True,True,True,True,True,True,True,True,OK,OK,EUR,D执行/前日冻结,0.0,100,0,0,0.003337142857142857142857142857142857,0.05460571428571428571428571428571429,0.9420571428571428571428571428571428,True,True,0E-38,0E-37,0.000,0E-38,0E-38,118.2526827329193216571041399842490,118.2526827329193216571041399842490,0E-40,0,1707.1133818038905000,0,0,0,0,1707.1133818038905000
2025-11-26T09:15:00Z,2025-11-26T09:30:00Z,2025-11-26T11:15:00+02:00,2025-11-26,0.25,FORMAL,2025-11-26T09:00:00Z,194.49,2025-11-26_42,15,DA_2025-11-26@e93d4f935928,2025-11-25,5.089,BNR_FX_2025@afbdbadbc54a,129.92000000000002,FCR_2025-11-26T09:00:00Z,tenderStatistics_2025-11@39b764ad2bb9,68.28453527215562,PUBLISHED_PROXY,175.0,aFRRUp_2025-11-26T09:00:00Z,tenderStatistics_2025-11@39b764ad2bb9,5.523678522303006,PUBLISHED_PROXY,175.0,aFRRDown_2025-11-26T09:00:00Z,tenderStatistics_2025-11@39b764ad2bb9,1.6113185301630966,PUBLISHED_PROXY,,SOURCE_NULL_NOT_MODELED,,0.0,PUBLISHED_PROXY,0.0,58.73983100805659,PUBLISHED_PROXY,3.328,marginalPricesOverview_2025-11@1dfee6a006c6,activatedBalancingEnergyOverview_2025-11@75e6b2cbf261,PUBLISHED_NATIVE,0.0,0.0760685714285714,0.0760685714285714,True,True,True,True,True,True,True,True,OK,OK,EUR,D执行/前日冻结,0.0,100,0,0,0E+2,0.07606857142857142857142857142857143,0.9239314285714285714285714285714286,True,True,0,0E-37,0.000,0E-36,0E-36,118.2526827329193216571041399842490,118.2526827329193216571041399842490,0E-38,0,1707.1133818038905000,0,0,0,0,1707.1133818038905000
2025-11-26T09:30:00Z,2025-11-26T09:45:00Z,2025-11-26T11:30:00+02:00,2025-11-26,0.25,FORMAL,2025-11-26T09:00:00Z,174.93,2025-11-26_43,15,DA_2025-11-26@e93d4f935928,2025-11-25,5.089,BNR_FX_2025@afbdbadbc54a,129.92000000000002,FCR_2025-11-26T09:00:00Z,tenderStatistics_2025-11@39b764ad2bb9,68.28453527215562,PUBLISHED_PROXY,175.0,aFRRUp_2025-11-26T09:00:00Z,tenderStatistics_2025-11@39b764ad2bb9,5.523678522303006,PUBLISHED_PROXY,175.0,aFRRDown_2025-11-26T09:00:00Z,tenderStatistics_2025-11@39b764ad2bb9,1.6113185301630966,PUBLISHED_PROXY,,SOURCE_NULL_NOT_MODELED,,174.7936726272352,PUBLISHED_PROXY,6.272,62.09746512084889,PUBLISHED_PROXY,0.665,marginalPricesOverview_2025-11@1dfee6a006c6,activatedBalancingEnergyOverview_2025-11@75e6b2cbf261,PUBLISHED_NATIVE,0.14336,0.0152,0.15856,True,True,True,True,True,True,True,True,OK,OK,EUR,D执行/前日冻结,0.0,100,0,0,0.14336,0.0152,0.84144,True,True,0E-7,0.000000,0.000,0E-8,0E-8,118.2526827329193216571041399842490,118.2526827329193216571041399842490,0E-10,0,1707.1133818038905000,0,0,0,0,1707.1133818038905000
2025-11-26T09:45:00Z,2025-11-26T10:00:00Z,2025-11-26T11:45:00+02:00,2025-11-26,0.25,FORMAL,2025-11-26T09:00:00Z,152.25,2025-11-26_44,15,DA_2025-11-26@e93d4f935928,2025-11-25,5.089,BNR_FX_2025@afbdbadbc54a,129.92000000000002,FCR_2025-11-26T09:00:00Z,tenderStatistics_2025-11@39b764ad2bb9,68.28453527215562,PUBLISHED_PROXY,175.0,aFRRUp_2025-11-26T09:00:00Z,tenderStatistics_2025-11@39b764ad2bb9,5.523678522303006,PUBLISHED_PROXY,175.0,aFRRDown_2025-11-26T09:00:00Z,tenderStatistics_2025-11@39b764ad2bb9,1.6113185301630966,PUBLISHED_PROXY,,SOURCE_NULL_NOT_MODELED,,157.12910198467281,PUBLISHED_PROXY,2.703,53.296914914521516,PUBLISHED_PROXY,1.597,marginalPricesOverview_2025-11@1dfee6a006c6,activatedBalancingEnergyOverview_2025-11@75e6b2cbf261,PUBLISHED_NATIVE,0.0617828571428571,0.0365028571428571,0.0982857142857142,True,True,True,True,True,True,True,True,OK,OK,EUR,D执行/前日冻结,0.0,100,0,0,0.06178285714285714285714285714285714,0.03650285714285714285714285714285714,0.9017142857142857142857142857142858,True,True,0E-37,0E-37,0.000,0E-37,0E-37,118.2526827329193216571041399842490,118.2526827329193216571041399842490,0E-39,0,1707.1133818038905000,0,0,0,0,1707.1133818038905000
2025-11-26T10:00:00Z,2025-11-26T10:15:00Z,2025-11-26T12:00:00+02:00,2025-11-26,0.25,FORMAL,2025-11-26T10:00:00Z,180.59,2025-11-26_45,15,DA_2025-11-26@e93d4f935928,2025-11-25,5.089,BNR_FX_2025@afbdbadbc54a,129.92000000000002,FCR_2025-11-26T10:00:00Z,tenderStatistics_2025-11@39b764ad2bb9,68.28453527215562,PUBLISHED_PROXY,175.0,aFRRUp_2025-11-26T10:00:00Z,tenderStatistics_2025-11@39b764ad2bb9,5.523678522303006,PUBLISHED_PROXY,175.0,aFRRDown_2025-11-26T10:00:00Z,tenderStatistics_2025-11@39b764ad2bb9,1.6113185301630966,PUBLISHED_PROXY,,SOURCE_NULL_NOT_MODELED,,156.9614855570839,PUBLISHED_PROXY,0.327,46.73747298093928,PUBLISHED_PROXY,13.571,marginalPricesOverview_2025-11@1dfee6a006c6,activatedBalancingEnergyOverview_2025-11@75e6b2cbf261,PUBLISHED_NATIVE,0.0074742857142857,0.3101942857142857,0.3176685714285714,True,True,True,True,False,True,True,True,OK,OTHER_QH_IN_SAME_HOUR_INVALID,EUR,D执行/前日冻结,0.0,100,0,0,0,0,1,False,True,0.00,0.00,0.000,0.000,0.000,118.2526827329193216571041399842490,118.2526827329193216571041399842490,0.00000,0,1707.1133818038905000,0,0,0,0,1707.1133818038905000
2025-11-26T10:15:00Z,2025-11-26T10:30:00Z,2025-11-26T12:15:00+02:00,2025-11-26,0.25,FORMAL,2025-11-26T10:00:00Z,171.77,2025-11-26_46,15,DA_2025-11-26@e93d4f935928,2025-11-25,5.089,BNR_FX_2025@afbdbadbc54a,129.92000000000002,FCR_2025-11-26T10:00:00Z,tenderStatistics_2025-11@39b764ad2bb9,68.28453527215562,PUBLISHED_PROXY,175.0,aFRRUp_2025-11-26T10:00:00Z,tenderStatistics_2025-11@39b764ad2bb9,5.523678522303006,PUBLISHED_PROXY,175.0,aFRRDown_2025-11-26T10:00:00Z,tenderStatistics_2025-11@39b764ad2bb9,1.6113185301630966,PUBLISHED_PROXY,,SOURCE_NULL_NOT_MODELED,,198.7494596187856,PUBLISHED_PROXY,8.642,0.0,PUBLISHED_PROXY,0.0,marginalPricesOverview_2025-11@1dfee6a006c6,activatedBalancingEnergyOverview_2025-11@75e6b2cbf261,PUBLISHED_NATIVE,0.1975314285714285,0.0,0.1975314285714285,True,True,True,True,False,True,True,True,OK,OTHER_QH_IN_SAME_HOUR_INVALID,EUR,D执行/前日冻结,0.0,100,0,0,0,0,1,False,True,0.00,0.00,0.000,0.000,0.000,118.2526827329193216571041399842490,118.2526827329193216571041399842490,0.00000,0,1707.1133818038905000,0,0,0,0,1707.1133818038905000
2025-11-26T10:30:00Z,2025-11-26T10:45:00Z,2025-11-26T12:30:00+02:00,2025-11-26,0.25,FORMAL,2025-11-26T10:00:00Z,166.38,2025-11-26_47,15,DA_2025-11-26@e93d4f935928,2025-11-25,5.089,BNR_FX_2025@afbdbadbc54a,129.92000000000002,FCR_2025-11-26T10:00:00Z,tenderStatistics_2025-11@39b764ad2bb9,68.28453527215562,PUBLISHED_PROXY,175.0,aFRRUp_2025-11-26T10:00:00Z,tenderStatistics_2025-11@39b764ad2bb9,5.523678522303006,PUBLISHED_PROXY,175.0,aFRRDown_2025-11-26T10:00:00Z,tenderStatistics_2025-11@39b764ad2bb9,1.6113185301630966,PUBLISHED_PROXY,,SOURCE_NULL_NOT_MODELED,,1161.3187266653565,PUBLISHED_PROXY,45.684,0.0,PUBLISHED_PROXY,0.0,marginalPricesOverview_2025-11@1dfee6a006c6,activatedBalancingEnergyOverview_2025-11@75e6b2cbf261,PUBLISHED_NATIVE,1.0442057142857142,0.0,1.0442057142857142,True,False,True,False,False,True,True,True,ALPHA_OUTSIDE_SIMPLEX,ALPHA_OUTSIDE_SIMPLEX,EUR,D执行/前日冻结,0.0,100,0,0,0,0,1,False,True,0.00,0.00,0.000,0.000,0.000,118.2526827329193216571041399842490,118.2526827329193216571041399842490,0.00000,0,1707.1133818038905000,0,0,0,0,1707.1133818038905000
2025-11-26T10:45:00Z,2025-11-26T11:00:00Z,2025-11-26T12:45:00+02:00,2025-11-26,0.25,FORMAL,2025-11-26T10:00:00Z,162.94,2025-11-26_48,15,DA_2025-11-26@e93d4f935928,2025-11-25,5.089,BNR_FX_2025@afbdbadbc54a,129.92000000000002,FCR_2025-11-26T10:00:00Z,tenderStatistics_2025-11@39b764ad2bb9,68.28453527215562,PUBLISHED_PROXY,175.0,aFRRUp_2025-11-26T10:00:00Z,tenderStatistics_2025-11@39b764ad2bb9,5.523678522303006,PUBLISHED_PROXY,175.0,aFRRDown_2025-11-26T10:00:00Z,tenderStatistics_2025-11@39b764ad2bb9,1.6113185301630966,PUBLISHED_PROXY,,SOURCE_NULL_NOT_MODELED,,1343.353507565337,PUBLISHED_PROXY,59.376,0.0,PUBLISHED_PROXY,0.0,marginalPricesOverview_2025-11@1dfee6a006c6,activatedBalancingEnergyOverview_2025-11@75e6b2cbf261,PUBLISHED_NATIVE,1.3571657142857143,0.0,1.3571657142857143,True,False,True,False,False,True,True,True,ALPHA_OUTSIDE_SIMPLEX,ALPHA_OUTSIDE_SIMPLEX,EUR,D执行/前日冻结,0.0,100,0,0,0,0,1,False,True,0.00,0.00,0.000,0.000,0.000,118.2526827329193216571041399842490,118.2526827329193216571041399842490,0.00000,0,1707.1133818038905000,0,0,0,0,1707.1133818038905000
2025-11-26T11:00:00Z,2025-11-26T11:15:00Z,2025-11-26T13:00:00+02:00,2025-11-26,0.25,FORMAL,2025-11-26T11:00:00Z,165.14,2025-11-26_49,15,DA_2025-11-26@e93d4f935928,2025-11-25,5.089,BNR_FX_2025@afbdbadbc54a,129.92000000000002,FCR_2025-11-26T11:00:00Z,tenderStatistics_2025-11@39b764ad2bb9,68.28453527215562,PUBLISHED_PROXY,175.0,aFRRUp_2025-11-26T11:00:00Z,tenderStatistics_2025-11@39b764ad2bb9,5.523678522303006,PUBLISHED_PROXY,175.0,aFRRDown_2025-11-26T11:00:00Z,tenderStatistics_2025-11@39b764ad2bb9,1.6113185301630966,PUBLISHED_PROXY,,SOURCE_NULL_NOT_MODELED,,708.1980742778542,PUBLISHED_PROXY,31.679,0.0,PUBLISHED_PROXY,0.0,marginalPricesOverview_2025-11@1dfee6a006c6,activatedBalancingEnergyOverview_2025-11@75e6b2cbf261,PUBLISHED_NATIVE,0.7240914285714285,0.0,0.7240914285714285,True,True,True,True,True,True,True,True,OK,OK,EUR,D执行/前日冻结,-100.0,0,100,0,0.7240914285714285714285714285714286,0E+2,0.2759085714285714285714285714285714,True,True,18.10228571428571428571428571428572,0,-25.000,6.897714285714285714285714285714285,0E-35,118.2526827329193216571041399842490,124.5985798757764645142469971271061,0.01762749206349206349206349206349206,-4128.50000,0,138.09196305757515000,0,12820.00388288465325817142857142858,0,8829.59584594222840817142857142858
2025-11-26T11:15:00Z,2025-11-26T11:30:00Z,2025-11-26T13:15:00+02:00,2025-11-26,0.25,FORMAL,2025-11-26T11:00:00Z,159.51,2025-11-26_50,15,DA_2025-11-26@e93d4f935928,2025-11-25,5.089,BNR_FX_2025@afbdbadbc54a,129.92000000000002,FCR_2025-11-26T11:00:00Z,tenderStatistics_2025-11@39b764ad2bb9,68.28453527215562,PUBLISHED_PROXY,175.0,aFRRUp_2025-11-26T11:00:00Z,tenderStatistics_2025-11@39b764ad2bb9,5.523678522303006,PUBLISHED_PROXY,175.0,aFRRDown_2025-11-26T11:00:00Z,tenderStatistics_2025-11@39b764ad2bb9,1.6113185301630966,PUBLISHED_PROXY,,SOURCE_NULL_NOT_MODELED,,733.6967970131656,PUBLISHED_PROXY,28.589,0.0,PUBLISHED_PROXY,0.0,marginalPricesOverview_2025-11@1dfee6a006c6,activatedBalancingEnergyOverview_2025-11@75e6b2cbf261,PUBLISHED_NATIVE,0.6534628571428571,0.0,0.6534628571428571,True,True,True,True,True,True,True,True,OK,OK,EUR,D执行/前日冻结,-100.0,0,100,0,0.6534628571428571428571428571428571,0E+2,0.3465371428571428571428571428571429,True,True,16.33657142857142857142857142857143,0,-25.000,8.663428571428571428571428571428572,0E-35,124.5985798757764645142469971271061,132.5689341614907502285327114128204,0.02213987301587301587301587301587302,-3987.75000,0,138.09196305757515000,0,11986.09013131965219337142857142857,0,8136.43209437722734337142857142857
2025-11-26T11:30:00Z,2025-11-26T11:45:00Z,2025-11-26T13:30:00+02:00,2025-11-26,0.25,FORMAL,2025-11-26T11:00:00Z,164.68,2025-11-26_51,15,DA_2025-11-26@e93d4f935928,2025-11-25,5.089,BNR_FX_2025@afbdbadbc54a,129.92000000000002,FCR_2025-11-26T11:00:00Z,tenderStatistics_2025-11@39b764ad2bb9,68.28453527215562,PUBLISHED_PROXY,175.0,aFRRUp_2025-11-26T11:00:00Z,tenderStatistics_2025-11@39b764ad2bb9,5.523678522303006,PUBLISHED_PROXY,175.0,aFRRDown_2025-11-26T11:00:00Z,tenderStatistics_2025-11@39b764ad2bb9,1.6113185301630966,PUBLISHED_PROXY,,SOURCE_NULL_NOT_MODELED,,625.3012379642365,PUBLISHED_PROXY,23.811,0.0,PUBLISHED_PROXY,0.0,marginalPricesOverview_2025-11@1dfee6a006c6,activatedBalancingEnergyOverview_2025-11@75e6b2cbf261,PUBLISHED_NATIVE,0.5442514285714286,0.0,0.5442514285714286,True,True,True,True,True,True,True,True,OK,OK,EUR,D执行/前日冻结,-96.23057864128921,0,100,0,0.5442514285714285714285714285714286,0E+2,0.4557485714285714285714285714285714,True,True,13.60628571428571428571428571428572,0,-24.0576446603223025,10.96423718587808890394285714285714,0.5128782398415006896571428571428574,132.5689341614907502285327114128204,142.0985560248447869227067238351807,0.02956826266294901913633567977915803,-3961.812922661876775700,0,138.09196305757515000,0,8508.027301237963029428571428571432,0,4684.306341633661403728571428571432
2025-11-26T11:45:00Z,2025-11-26T12:00:00Z,2025-11-26T13:45:00+02:00,2025-11-26,0.25,FORMAL,2025-11-26T11:00:00Z,164.87,2025-11-26_52,15,DA_2025-11-26@e93d4f935928,2025-11-25,5.089,BNR_FX_2025@afbdbadbc54a,129.92000000000002,FCR_2025-11-26T11:00:00Z,tenderStatistics_2025-11@39b764ad2bb9,68.28453527215562,PUBLISHED_PROXY,175.0,aFRRUp_2025-11-26T11:00:00Z,tenderStatistics_2025-11@39b764ad2bb9,5.523678522303006,PUBLISHED_PROXY,175.0,aFRRDown_2025-11-26T11:00:00Z,tenderStatistics_2025-11@39b764ad2bb9,1.6113185301630966,PUBLISHED_PROXY,,SOURCE_NULL_NOT_MODELED,,156.70898015327174,PUBLISHED_PROXY,1.24,51.86637846335232,PUBLISHED_PROXY,1.065,marginalPricesOverview_2025-11@1dfee6a006c6,activatedBalancingEnergyOverview_2025-11@75e6b2cbf261,PUBLISHED_NATIVE,0.0283428571428571,0.0243428571428571,0.0526857142857142,True,True,True,True,True,True,True,True,OK,OK,EUR,D执行/前日冻结,0.0,0,100,0,0.02834285714285714285714285714285714,0.02434285714285714285714285714285714,0.9473142857142857142857142857142858,True,True,0.7085714285714285714285714285714285,0E-37,0.000,0E-37,0.7085714285714285714285714285714285,142.0985560248447869227067238351807,141.3283696894410602146321896736900,0.002139406487232574189095928226363009,0,0,138.09196305757515000,0,111.0395059371754043428571428571428,0,249.1314689947505543428571428571428
2025-11-26T12:00:00Z,2025-11-26T12:15:00Z,2025-11-26T14:00:00+02:00,2025-11-26,0.25,FORMAL,2025-11-26T12:00:00Z,166.23,2025-11-26_53,15,DA_2025-11-26@e93d4f935928,2025-11-25,5.089,BNR_FX_2025@afbdbadbc54a,129.92000000000002,FCR_2025-11-26T12:00:00Z,tenderStatistics_2025-11@39b764ad2bb9,68.28453527215562,PUBLISHED_PROXY,175.0,aFRRUp_2025-11-26T12:00:00Z,tenderStatistics_2025-11@39b764ad2bb9,5.523678522303006,PUBLISHED_PROXY,175.0,aFRRDown_2025-11-26T12:00:00Z,tenderStatistics_2025-11@39b764ad2bb9,1.6113185301630966,PUBLISHED_PROXY,,SOURCE_NULL_NOT_MODELED,,0.0,PUBLISHED_PROXY,0.0,-293.72548634309294,PUBLISHED_PROXY,37.828,marginalPricesOverview_2025-11@1dfee6a006c6,activatedBalancingEnergyOverview_2025-11@75e6b2cbf261,PUBLISHED_NATIVE,0.0,0.8646400000000001,0.8646400000000001,True,True,True,True,True,True,True,True,OK,OK,EUR,D执行/前日冻结,0.0,0,100,100,0E+2,0.86464,0.13536,True,True,0,21.6160000,0.000,21.61600000,0E-8,141.3283696894410602146321896736900,161.2150896894410602146321896736900,0.05524088888888888888888888888888889,0,0,138.09196305757515000,40.282963254077415000,0,6349.170112792296991040000,6527.545039103949556040000
2025-11-26T12:15:00Z,2025-11-26T12:30:00Z,2025-11-26T14:15:00+02:00,2025-11-26,0.25,FORMAL,2025-11-26T12:00:00Z,174.07,2025-11-26_54,15,DA_2025-11-26@e93d4f935928,2025-11-25,5.089,BNR_FX_2025@afbdbadbc54a,129.92000000000002,FCR_2025-11-26T12:00:00Z,tenderStatistics_2025-11@39b764ad2bb9,68.28453527215562,PUBLISHED_PROXY,175.0,aFRRUp_2025-11-26T12:00:00Z,tenderStatistics_2025-11@39b764ad2bb9,5.523678522303006,PUBLISHED_PROXY,175.0,aFRRDown_2025-11-26T12:00:00Z,tenderStatistics_2025-11@39b764ad2bb9,1.6113185301630966,PUBLISHED_PROXY,,SOURCE_NULL_NOT_MODELED,,156.170170956966,PUBLISHED_PROXY,0.16,53.98781685989389,PUBLISHED_PROXY,3.794,marginalPricesOverview_2025-11@1dfee6a006c6,activatedBalancingEnergyOverview_2025-11@75e6b2cbf261,PUBLISHED_NATIVE,0.0036571428571428,0.08672,0.0903771428571428,True,True,True,True,True,True,True,True,OK,OK,EUR,D执行/前日冻结,0.0,0,100,100,0.003657142857142857142857142857142857,0.08672,0.9096228571428571428571428571428571,True,True,0.09142857142857142857142857142857142,2.1680000,0.000,2.168000000000000000000000000000000,0.09142857142857142857142857142857142,161.2150896894410602146321896736900,163.1102708074534825748806368786589,0.005816496894409937888198757763975155,0,0,138.09196305757515000,40.282963254077415000,14.27841563035117714285714285714286,-117.045586952249953520000,75.6077549897537886228571428571429
2025-11-26T12:30:00Z,2025-11-26T12:45:00Z,2025-11-26T14:30:00+02:00,2025-11-26,0.25,FORMAL,2025-11-26T12:00:00Z,172.81,2025-11-26_55,15,DA_2025-11-26@e93d4f935928,2025-11-25,5.089,BNR_FX_2025@afbdbadbc54a,129.92000000000002,FCR_2025-11-26T12:00:00Z,tenderStatistics_2025-11@39b764ad2bb9,68.28453527215562,PUBLISHED_PROXY,175.0,aFRRUp_2025-11-26T12:00:00Z,tenderStatistics_2025-11@39b764ad2bb9,5.523678522303006,PUBLISHED_PROXY,175.0,aFRRDown_2025-11-26T12:00:00Z,tenderStatistics_2025-11@39b764ad2bb9,1.6113185301630966,PUBLISHED_PROXY,,SOURCE_NULL_NOT_MODELED,,266.6227156612301,PUBLISHED_PROXY,11.258,0.0,PUBLISHED_PROXY,0.0,marginalPricesOverview_2025-11@1dfee6a006c6,activatedBalancingEnergyOverview_2025-11@75e6b2cbf261,PUBLISHED_NATIVE,0.2573257142857142,0.0,0.2573257142857142,True,True,True,True,True,True,True,True,OK,OK,EUR,D执行/前日冻结,0.0,0,100,100,0.2573257142857142857142857142857143,0E+2,0.7426742857142857142857142857142857,True,True,6.433142857142857142857142857142858,0,0.000,0E-35,6.433142857142857142857142857142858,163.1102708074534825748806368786589,156.1177242236025508978620033382862,0.01942374051069703243616287094547964,0,0,138.09196305757515000,40.282963254077415000,1715.222018808073409028571428571429,0,1893.596945119725974028571428571429
2025-11-26T12:45:00Z,2025-11-26T13:00:00Z,2025-11-26T14:45:00+02:00,2025-11-26,0.25,FORMAL,2025-11-26T12:00:00Z,162.67,2025-11-26_56,15,DA_2025-11-26@e93d4f935928,2025-11-25,5.089,BNR_FX_2025@afbdbadbc54a,129.92000000000002,FCR_2025-11-26T12:00:00Z,tenderStatistics_2025-11@39b764ad2bb9,68.28453527215562,PUBLISHED_PROXY,175.0,aFRRUp_2025-11-26T12:00:00Z,tenderStatistics_2025-11@39b764ad2bb9,5.523678522303006,PUBLISHED_PROXY,175.0,aFRRDown_2025-11-26T12:00:00Z,tenderStatistics_2025-11@39b764ad2bb9,1.6113185301630966,PUBLISHED_PROXY,,SOURCE_NULL_NOT_MODELED,,828.7531931617212,PUBLISHED_PROXY,19.518,64.45274120652387,PUBLISHED_PROXY,0.01,marginalPricesOverview_2025-11@1dfee6a006c6,activatedBalancingEnergyOverview_2025-11@75e6b2cbf261,PUBLISHED_NATIVE,0.4461257142857143,0.0002285714285714,0.4463542857142857,True,True,True,True,True,True,True,True,OK,OK,EUR,D执行/前日冻结,0.0,0,100,100,0.4461257142857142857142857142857143,0.0002285714285714285714285714285714286,0.5536457142857142857142857142857143,True,True,11.15314285714285714285714285714286,0.005714285714285714285714285714285715,0.000,0.005714285714285714285714285714285715,11.15314285714285714285714285714286,156.1177242236025508978620033382862,144.0000000000000664258123138972924,0.03368955141476880607315389924085578,0,0,138.09196305757515000,40.282963254077415000,9243.202756645985360914285714285717,-0.3683013783229935428571428571428572,9421.209381579314932371428571428574
2025-11-26T13:00:00Z,2025-11-26T13:15:00Z,2025-11-26T15:00:00+02:00,2025-11-26,0.25,FORMAL,2025-11-26T13:00:00Z,160.76,2025-11-26_57,15,DA_2025-11-26@e93d4f935928,2025-11-25,5.089,BNR_FX_2025@afbdbadbc54a,129.92000000000002,FCR_2025-11-26T13:00:00Z,tenderStatistics_2025-11@39b764ad2bb9,68.28453527215562,PUBLISHED_PROXY,175.0,aFRRUp_2025-11-26T13:00:00Z,tenderStatistics_2025-11@39b764ad2bb9,5.515818431911967,PUBLISHED_PROXY,175.0,aFRRDown_2025-11-26T13:00:00Z,tenderStatistics_2025-11@39b764ad2bb9,1.6113185301630966,PUBLISHED_PROXY,,SOURCE_NULL_NOT_MODELED,,850.8769895853802,PUBLISHED_PROXY,6.892,66.21654549027313,PUBLISHED_PROXY,0.25,marginalPricesOverview_2025-11@1dfee6a006c6,activatedBalancingEnergyOverview_2025-11@75e6b2cbf261,PUBLISHED_NATIVE,0.1575314285714285,0.0057142857142857,0.1632457142857143,True,True,True,True,False,True,True,True,OK,OTHER_QH_IN_SAME_HOUR_INVALID,EUR,D执行/前日冻结,0.0,100,0,0,0,0,1,False,True,0.00,0.00,0.000,0.000,0.000,144.0000000000000664258123138972924,144.0000000000000664258123138972924,0.00000,0,1707.1133818038905000,0,0,0,0,1707.1133818038905000
2025-11-26T13:15:00Z,2025-11-26T13:30:00Z,2025-11-26T15:15:00+02:00,2025-11-26,0.25,FORMAL,2025-11-26T13:00:00Z,170.39,2025-11-26_58,15,DA_2025-11-26@e93d4f935928,2025-11-25,5.089,BNR_FX_2025@afbdbadbc54a,129.92000000000002,FCR_2025-11-26T13:00:00Z,tenderStatistics_2025-11@39b764ad2bb9,68.28453527215562,PUBLISHED_PROXY,175.0,aFRRUp_2025-11-26T13:00:00Z,tenderStatistics_2025-11@39b764ad2bb9,5.515818431911967,PUBLISHED_PROXY,175.0,aFRRDown_2025-11-26T13:00:00Z,tenderStatistics_2025-11@39b764ad2bb9,1.6113185301630966,PUBLISHED_PROXY,,SOURCE_NULL_NOT_MODELED,,1222.2295146394183,PUBLISHED_PROXY,51.716,0.0,PUBLISHED_PROXY,0.0,marginalPricesOverview_2025-11@1dfee6a006c6,activatedBalancingEnergyOverview_2025-11@75e6b2cbf261,PUBLISHED_NATIVE,1.18208,0.0,1.18208,True,False,True,False,False,True,True,True,ALPHA_OUTSIDE_SIMPLEX,ALPHA_OUTSIDE_SIMPLEX,EUR,D执行/前日冻结,0.0,100,0,0,0,0,1,False,True,0.00,0.00,0.000,0.000,0.000,144.0000000000000664258123138972924,144.0000000000000664258123138972924,0.00000,0,1707.1133818038905000,0,0,0,0,1707.1133818038905000
2025-11-26T13:30:00Z,2025-11-26T13:45:00Z,2025-11-26T15:30:00+02:00,2025-11-26,0.25,FORMAL,2025-11-26T13:00:00Z,195.37,2025-11-26_59,15,DA_2025-11-26@e93d4f935928,2025-11-25,5.089,BNR_FX_2025@afbdbadbc54a,129.92000000000002,FCR_2025-11-26T13:00:00Z,tenderStatistics_2025-11@39b764ad2bb9,68.28453527215562,PUBLISHED_PROXY,175.0,aFRRUp_2025-11-26T13:00:00Z,tenderStatistics_2025-11@39b764ad2bb9,5.515818431911967,PUBLISHED_PROXY,175.0,aFRRDown_2025-11-26T13:00:00Z,tenderStatistics_2025-11@39b764ad2bb9,1.6113185301630966,PUBLISHED_PROXY,,SOURCE_NULL_NOT_MODELED,,1375.64020436235,PUBLISHED_PROXY,63.808,0.0,PUBLISHED_PROXY,0.0,marginalPricesOverview_2025-11@1dfee6a006c6,activatedBalancingEnergyOverview_2025-11@75e6b2cbf261,PUBLISHED_NATIVE,1.4584685714285714,0.0,1.4584685714285714,True,False,True,False,False,True,True,True,ALPHA_OUTSIDE_SIMPLEX,ALPHA_OUTSIDE_SIMPLEX,EUR,D执行/前日冻结,0.0,100,0,0,0,0,1,False,True,0.00,0.00,0.000,0.000,0.000,144.0000000000000664258123138972924,144.0000000000000664258123138972924,0.00000,0,1707.1133818038905000,0,0,0,0,1707.1133818038905000
2025-11-26T13:45:00Z,2025-11-26T14:00:00Z,2025-11-26T15:45:00+02:00,2025-11-26,0.25,FORMAL,2025-11-26T13:00:00Z,206.55,2025-11-26_60,15,DA_2025-11-26@e93d4f935928,2025-11-25,5.089,BNR_FX_2025@afbdbadbc54a,129.92000000000002,FCR_2025-11-26T13:00:00Z,tenderStatistics_2025-11@39b764ad2bb9,68.28453527215562,PUBLISHED_PROXY,175.0,aFRRUp_2025-11-26T13:00:00Z,tenderStatistics_2025-11@39b764ad2bb9,5.515818431911967,PUBLISHED_PROXY,175.0,aFRRDown_2025-11-26T13:00:00Z,tenderStatistics_2025-11@39b764ad2bb9,1.6113185301630966,PUBLISHED_PROXY,,SOURCE_NULL_NOT_MODELED,,1365.5922578109646,PUBLISHED_PROXY,58.132,0.0,PUBLISHED_PROXY,0.0,marginalPricesOverview_2025-11@1dfee6a006c6,activatedBalancingEnergyOverview_2025-11@75e6b2cbf261,PUBLISHED_NATIVE,1.3287314285714285,0.0,1.3287314285714285,True,False,True,False,False,True,True,True,ALPHA_OUTSIDE_SIMPLEX,ALPHA_OUTSIDE_SIMPLEX,EUR,D执行/前日冻结,0.0,100,0,0,0,0,1,False,True,0.00,0.00,0.000,0.000,0.000,144.0000000000000664258123138972924,144.0000000000000664258123138972924,0.00000,0,1707.1133818038905000,0,0,0,0,1707.1133818038905000
2025-11-26T14:00:00Z,2025-11-26T14:15:00Z,2025-11-26T16:00:00+02:00,2025-11-26,0.25,FORMAL,2025-11-26T14:00:00Z,168.31,2025-11-26_61,15,DA_2025-11-26@e93d4f935928,2025-11-25,5.089,BNR_FX_2025@afbdbadbc54a,129.92000000000002,FCR_2025-11-26T14:00:00Z,tenderStatistics_2025-11@39b764ad2bb9,68.28453527215562,PUBLISHED_PROXY,175.0,aFRRUp_2025-11-26T14:00:00Z,tenderStatistics_2025-11@39b764ad2bb9,6.877579092159559,PUBLISHED_PROXY,175.0,aFRRDown_2025-11-26T14:00:00Z,tenderStatistics_2025-11@39b764ad2bb9,0.6759677736293966,PUBLISHED_PROXY,,SOURCE_NULL_NOT_MODELED,,438.0294753389664,PUBLISHED_PROXY,20.048,0.0,PUBLISHED_PROXY,0.0,marginalPricesOverview_2025-11@1dfee6a006c6,activatedBalancingEnergyOverview_2025-11@75e6b2cbf261,PUBLISHED_NATIVE,0.45824,0.0,0.45824,True,True,True,True,True,True,True,True,OK,OK,EUR,D执行/前日冻结,0.0,0,99,100,0.45824,0E+2,0.54176,True,True,11.3414400,0,0.000,0E-8,11.34144000,144.0000000000000664258123138972924,131.6723478260870229475514443320750,0.03424347826086956521739130434782608,0,0,170.22008253094908525,16.899194340734915000,4967.88501278836708761600,0,5155.00428966005108786600
2025-11-26T14:15:00Z,2025-11-26T14:30:00Z,2025-11-26T16:15:00+02:00,2025-11-26,0.25,FORMAL,2025-11-26T14:00:00Z,198.64,2025-11-26_62,15,DA_2025-11-26@e93d4f935928,2025-11-25,5.089,BNR_FX_2025@afbdbadbc54a,129.92000000000002,FCR_2025-11-26T14:00:00Z,tenderStatistics_2025-11@39b764ad2bb9,68.28453527215562,PUBLISHED_PROXY,175.0,aFRRUp_2025-11-26T14:00:00Z,tenderStatistics_2025-11@39b764ad2bb9,6.877579092159559,PUBLISHED_PROXY,175.0,aFRRDown_2025-11-26T14:00:00Z,tenderStatistics_2025-11@39b764ad2bb9,0.6759677736293966,PUBLISHED_PROXY,,SOURCE_NULL_NOT_MODELED,,242.84888976223223,PUBLISHED_PROXY,12.32,0.0,PUBLISHED_PROXY,0.0,marginalPricesOverview_2025-11@1dfee6a006c6,activatedBalancingEnergyOverview_2025-11@75e6b2cbf261,PUBLISHED_NATIVE,0.2816,0.0,0.2816,True,True,True,True,True,True,True,True,OK,OK,EUR,D执行/前日冻结,0.24747285942854091,0,99,100,0.2816,0E+2,0.7184,True,True,6.969600,0,0.0618682148571352275,0.000000,7.03146821485713522750000,131.6723478260870229475514443320750,124.0294475925466585698340530277272,0.02123027842650101216032608695652175,12.289502199221341590600,0,170.22008253094908525,16.899194340734915000,1692.55962208685375020800,0,1891.968401157759092048600
2025-11-26T14:30:00Z,2025-11-26T14:45:00Z,2025-11-26T16:30:00+02:00,2025-11-26,0.25,FORMAL,2025-11-26T14:00:00Z,234.71,2025-11-26_63,15,DA_2025-11-26@e93d4f935928,2025-11-25,5.089,BNR_FX_2025@afbdbadbc54a,129.92000000000002,FCR_2025-11-26T14:00:00Z,tenderStatistics_2025-11@39b764ad2bb9,68.28453527215562,PUBLISHED_PROXY,175.0,aFRRUp_2025-11-26T14:00:00Z,tenderStatistics_2025-11@39b764ad2bb9,6.877579092159559,PUBLISHED_PROXY,175.0,aFRRDown_2025-11-26T14:00:00Z,tenderStatistics_2025-11@39b764ad2bb9,0.6759677736293966,PUBLISHED_PROXY,,SOURCE_NULL_NOT_MODELED,,157.15268225584592,PUBLISHED_PROXY,0.4,62.322263706032615,PUBLISHED_PROXY,4.737,marginalPricesOverview_2025-11@1dfee6a006c6,activatedBalancingEnergyOverview_2025-11@75e6b2cbf261,PUBLISHED_NATIVE,0.0091428571428571,0.1082742857142857,0.1174171428571428,True,True,True,True,True,True,True,True,OK,OK,EUR,D执行/前日冻结,1.0,0,99,100,0.009142857142857142857142857142857143,0.1082742857142857142857142857142857,0.8825828571428571428571428571428572,True,True,0.2262857142857142857142857142857143,2.706857142857142857142857142857142,0.250,2.679788571428571428571428571428571,0.4492171428571428571428571428571429,124.0294475925466585698340530277272,126.0065735751553542220079660712055,0.008204680524499654934437543133195305,58.67750,0,170.22008253094908525,16.899194340734915000,35.56140695617999104000000000000000,-168.6974646717008555742857142857142,112.6607191561631357157142857142858
2025-11-26T14:45:00Z,2025-11-26T15:00:00Z,2025-11-26T16:45:00+02:00,2025-11-26,0.25,FORMAL,2025-11-26T14:00:00Z,286.01,2025-11-26_64,15,DA_2025-11-26@e93d4f935928,2025-11-25,5.089,BNR_FX_2025@afbdbadbc54a,129.92000000000002,FCR_2025-11-26T14:00:00Z,tenderStatistics_2025-11@39b764ad2bb9,68.28453527215562,PUBLISHED_PROXY,175.0,aFRRUp_2025-11-26T14:00:00Z,tenderStatistics_2025-11@39b764ad2bb9,6.877579092159559,PUBLISHED_PROXY,175.0,aFRRDown_2025-11-26T14:00:00Z,tenderStatistics_2025-11@39b764ad2bb9,0.6759677736293966,PUBLISHED_PROXY,,SOURCE_NULL_NOT_MODELED,,0.0,PUBLISHED_PROXY,0.0,6.297700923560621,PUBLISHED_PROXY,35.554,marginalPricesOverview_2025-11@1dfee6a006c6,activatedBalancingEnergyOverview_2025-11@75e6b2cbf261,PUBLISHED_NATIVE,0.0,0.8126628571428572,0.8126628571428572,True,True,True,True,True,True,True,True,OK,OK,EUR,D执行/前日冻结,1.0,0,99,100,0E+2,0.8126628571428571428571428571428571,0.1873371428571428571428571428571429,True,True,0,20.31657142857142857142857142857143,0.250,20.11340571428571428571428571428572,0.04683428571428571428571428571428572,126.0065735751553542220079660712055,144.4600000000000747189023760090937,0.05154233358178053830227743271221533,71.50250,0,170.22008253094908525,16.899194340734915000,0,-127.9476906492996108765714285714286,130.6740862223843893734285714285714
2025-11-26T15:00:00Z,2025-11-26T15:15:00Z,2025-11-26T17:00:00+02:00,2025-11-26,0.25,FORMAL,2025-11-26T15:00:00Z,210.62,2025-11-26_65,15,DA_2025-11-26@e93d4f935928,2025-11-25,5.089,BNR_FX_2025@afbdbadbc54a,129.92000000000002,FCR_2025-11-26T15:00:00Z,tenderStatistics_2025-11@39b764ad2bb9,68.28453527215562,PUBLISHED_PROXY,175.0,aFRRUp_2025-11-26T15:00:00Z,tenderStatistics_2025-11@39b764ad2bb9,7.384554922381606,PUBLISHED_PROXY,175.0,aFRRDown_2025-11-26T15:00:00Z,tenderStatistics_2025-11@39b764ad2bb9,0.6740027510316369,PUBLISHED_PROXY,,SOURCE_NULL_NOT_MODELED,,0.0,PUBLISHED_PROXY,0.0,-688.6916879544115,PUBLISHED_PROXY,84.146,marginalPricesOverview_2025-11@1dfee6a006c6,activatedBalancingEnergyOverview_2025-11@75e6b2cbf261,PUBLISHED_NATIVE,0.0,1.9233371428571429,1.9233371428571429,True,False,True,False,False,True,True,True,ALPHA_OUTSIDE_SIMPLEX,ALPHA_OUTSIDE_SIMPLEX,EUR,D执行/前日冻结,0.0,99,0,0,0,0,1,False,True,0.00,0.00,0.000,0.000,0.000,144.4600000000000747189023760090937,144.4600000000000747189023760090937,0.00000,0,1690.0422479858515950,0,0,0,0,1690.0422479858515950
2025-11-26T15:15:00Z,2025-11-26T15:30:00Z,2025-11-26T17:15:00+02:00,2025-11-26,0.25,FORMAL,2025-11-26T15:00:00Z,271.79,2025-11-26_66,15,DA_2025-11-26@e93d4f935928,2025-11-25,5.089,BNR_FX_2025@afbdbadbc54a,129.92000000000002,FCR_2025-11-26T15:00:00Z,tenderStatistics_2025-11@39b764ad2bb9,68.28453527215562,PUBLISHED_PROXY,175.0,aFRRUp_2025-11-26T15:00:00Z,tenderStatistics_2025-11@39b764ad2bb9,7.384554922381606,PUBLISHED_PROXY,175.0,aFRRDown_2025-11-26T15:00:00Z,tenderStatistics_2025-11@39b764ad2bb9,0.6740027510316369,PUBLISHED_PROXY,,SOURCE_NULL_NOT_MODELED,,0.0,PUBLISHED_PROXY,0.0,-302.43466299862445,PUBLISHED_PROXY,80.092,marginalPricesOverview_2025-11@1dfee6a006c6,activatedBalancingEnergyOverview_2025-11@75e6b2cbf261,PUBLISHED_NATIVE,0.0,1.8306742857142857,1.8306742857142857,True,False,True,False,False,True,True,True,ALPHA_OUTSIDE_SIMPLEX,ALPHA_OUTSIDE_SIMPLEX,EUR,D执行/前日冻结,0.830857142857198,99,0,0,0,0,1,False,True,0.00,0.00,0.20771428571429950,0.00,0.20771428571429950,144.4600000000000747189023760090937,144.2342236024845317841197673134415,0.0006271566597653970410628019323671497,56.4546657142894611050,1690.0422479858515950,0,0,0,0,1746.4969137001410561050
2025-11-26T15:30:00Z,2025-11-26T15:45:00Z,2025-11-26T17:30:00+02:00,2025-11-26,0.25,FORMAL,2025-11-26T15:00:00Z,307.26,2025-11-26_67,15,DA_2025-11-26@e93d4f935928,2025-11-25,5.089,BNR_FX_2025@afbdbadbc54a,129.92000000000002,FCR_2025-11-26T15:00:00Z,tenderStatistics_2025-11@39b764ad2bb9,68.28453527215562,PUBLISHED_PROXY,175.0,aFRRUp_2025-11-26T15:00:00Z,tenderStatistics_2025-11@39b764ad2bb9,7.384554922381606,PUBLISHED_PROXY,175.0,aFRRDown_2025-11-26T15:00:00Z,tenderStatistics_2025-11@39b764ad2bb9,0.6740027510316369,PUBLISHED_PROXY,,SOURCE_NULL_NOT_MODELED,,0.0,PUBLISHED_PROXY,0.0,-19.3886814698369,PUBLISHED_PROXY,24.078,marginalPricesOverview_2025-11@1dfee6a006c6,activatedBalancingEnergyOverview_2025-11@75e6b2cbf261,PUBLISHED_NATIVE,0.0,0.5503542857142857,0.5503542857142857,True,True,True,True,False,True,True,True,OK,OTHER_QH_IN_SAME_HOUR_INVALID,EUR,D执行/前日冻结,1.0,99,0,0,0,0,1,False,True,0.00,0.00,0.250,0.00,0.250,144.2342236024845317841197673134415,143.9624844720497491754241151395285,0.0007548309178743961352657004830917875,76.81500,1690.0422479858515950,0,0,0,0,1766.8572479858515950
2025-11-26T15:45:00Z,2025-11-26T16:00:00Z,2025-11-26T17:45:00+02:00,2025-11-26,0.25,FORMAL,2025-11-26T15:00:00Z,362.76,2025-11-26_68,15,DA_2025-11-26@e93d4f935928,2025-11-25,5.089,BNR_FX_2025@afbdbadbc54a,129.92000000000002,FCR_2025-11-26T15:00:00Z,tenderStatistics_2025-11@39b764ad2bb9,68.28453527215562,PUBLISHED_PROXY,175.0,aFRRUp_2025-11-26T15:00:00Z,tenderStatistics_2025-11@39b764ad2bb9,7.384554922381606,PUBLISHED_PROXY,175.0,aFRRDown_2025-11-26T15:00:00Z,tenderStatistics_2025-11@39b764ad2bb9,0.6740027510316369,PUBLISHED_PROXY,,SOURCE_NULL_NOT_MODELED,,0.0,PUBLISHED_PROXY,0.0,61.45136569070544,PUBLISHED_PROXY,5.124,marginalPricesOverview_2025-11@1dfee6a006c6,activatedBalancingEnergyOverview_2025-11@75e6b2cbf261,PUBLISHED_NATIVE,0.0,0.1171199999999999,0.1171199999999999,True,True,True,True,False,True,True,True,OK,OTHER_QH_IN_SAME_HOUR_INVALID,EUR,D执行/前日冻结,1.0,99,0,0,0,0,1,False,True,0.00,0.00,0.250,0.00,0.250,143.9624844720497491754241151395285,143.6907453416149665667284629656155,0.0007548309178743961352657004830917875,90.69000,1690.0422479858515950,0,0,0,0,1780.7322479858515950
2025-11-26T16:00:00Z,2025-11-26T16:15:00Z,2025-11-26T18:00:00+02:00,2025-11-26,0.25,FORMAL,2025-11-26T16:00:00Z,282.87,2025-11-26_69,15,DA_2025-11-26@e93d4f935928,2025-11-25,5.089,BNR_FX_2025@afbdbadbc54a,129.92000000000002,FCR_2025-11-26T16:00:00Z,tenderStatistics_2025-11@39b764ad2bb9,68.28453527215562,PUBLISHED_PROXY,175.0,aFRRUp_2025-11-26T16:00:00Z,tenderStatistics_2025-11@39b764ad2bb9,7.384554922381606,PUBLISHED_PROXY,175.0,aFRRDown_2025-11-26T16:00:00Z,tenderStatistics_2025-11@39b764ad2bb9,0.6740027510316369,PUBLISHED_PROXY,,SOURCE_NULL_NOT_MODELED,,0.0,PUBLISHED_PROXY,0.0,61.64531342110434,PUBLISHED_PROXY,5.816,marginalPricesOverview_2025-11@1dfee6a006c6,activatedBalancingEnergyOverview_2025-11@75e6b2cbf261,PUBLISHED_NATIVE,0.0,0.1329371428571428,0.1329371428571428,True,True,True,True,True,True,True,True,OK,OK,EUR,D执行/前日冻结,87.0,13,0,87,0E+2,0.1329371428571428571428571428571429,0.8670628571428571428571428571428571,True,True,0,2.891382857142857142857142857142858,21.750,0E-36,18.85861714285714285714285714285714,143.6907453416149665667284629656155,123.1922484472050286785297052016403,0.05694026915113871635610766045548656,6152.42250,221.9247396345057650,0,14.659559834938102575,0,-178.2402024489795840301714285714286,6210.766597020464283544828571428571
2025-11-26T16:15:00Z,2025-11-26T16:30:00Z,2025-11-26T18:15:00+02:00,2025-11-26,0.25,FORMAL,2025-11-26T16:00:00Z,290.04,2025-11-26_70,15,DA_2025-11-26@e93d4f935928,2025-11-25,5.089,BNR_FX_2025@afbdbadbc54a,129.92000000000002,FCR_2025-11-26T16:00:00Z,tenderStatistics_2025-11@39b764ad2bb9,68.28453527215562,PUBLISHED_PROXY,175.0,aFRRUp_2025-11-26T16:00:00Z,tenderStatistics_2025-11@39b764ad2bb9,7.384554922381606,PUBLISHED_PROXY,175.0,aFRRDown_2025-11-26T16:00:00Z,tenderStatistics_2025-11@39b764ad2bb9,0.6740027510316369,PUBLISHED_PROXY,,SOURCE_NULL_NOT_MODELED,,141.57103556690902,PUBLISHED_PROXY,0.022,63.82923953625466,PUBLISHED_PROXY,0.774,marginalPricesOverview_2025-11@1dfee6a006c6,activatedBalancingEnergyOverview_2025-11@75e6b2cbf261,PUBLISHED_NATIVE,0.0005028571428571,0.0176914285714285,0.0181942857142857,True,True,True,True,True,True,True,True,OK,OK,EUR,D执行/前日冻结,87.00000000000004,13,0,87,0.0005028571428571428571428571428571429,0.01769142857142857142857142857142857,0.9818057142857142857142857142857143,True,True,0E-39,0.3847885714285714285714285714285714,21.7500000000000100,0E-37,21.36521142857143857142857142857144,123.1922484472050286785297052016403,99.96919254658389979654212756188874,0.06450848861283646911663216011042098,6308.370000000002900400,221.9247396345057650,0,14.659559834938102575,0,-24.56076189652752168617142857142857,6520.393537572919246288828571428571
2025-11-26T16:30:00Z,2025-11-26T16:45:00Z,2025-11-26T18:30:00+02:00,2025-11-26,0.25,FORMAL,2025-11-26T16:00:00Z,291.26,2025-11-26_71,15,DA_2025-11-26@e93d4f935928,2025-11-25,5.089,BNR_FX_2025@afbdbadbc54a,129.92000000000002,FCR_2025-11-26T16:00:00Z,tenderStatistics_2025-11@39b764ad2bb9,68.28453527215562,PUBLISHED_PROXY,175.0,aFRRUp_2025-11-26T16:00:00Z,tenderStatistics_2025-11@39b764ad2bb9,7.384554922381606,PUBLISHED_PROXY,175.0,aFRRDown_2025-11-26T16:00:00Z,tenderStatistics_2025-11@39b764ad2bb9,0.6740027510316369,PUBLISHED_PROXY,,SOURCE_NULL_NOT_MODELED,,0.0,PUBLISHED_PROXY,0.0,58.97386519944979,PUBLISHED_PROXY,10.279,marginalPricesOverview_2025-11@1dfee6a006c6,activatedBalancingEnergyOverview_2025-11@75e6b2cbf261,PUBLISHED_NATIVE,0.0,0.2349485714285714,0.2349485714285714,True,True,True,True,True,True,True,True,OK,OK,EUR,D执行/前日冻结,87.0,13,0,87,0E+2,0.2349485714285714285714285714285714,0.7650514285714285714285714285714286,True,True,0,5.110131428571428571428571428571428,21.750,0E-36,16.63986857142857142857142857142858,99.96919254658389979654212756188874,81.88237888198762650461666172337942,0.05024114906832298136645962732919256,6334.90500,221.9247396345057650,0,14.659559834938102575,0,-301.3642020200432117295428571428571,6270.125097449400655845457142857143
2025-11-26T16:45:00Z,2025-11-26T17:00:00Z,2025-11-26T18:45:00+02:00,2025-11-26,0.25,FORMAL,2025-11-26T16:00:00Z,289.1,2025-11-26_72,15,DA_2025-11-26@e93d4f935928,2025-11-25,5.089,BNR_FX_2025@afbdbadbc54a,129.92000000000002,FCR_2025-11-26T16:00:00Z,tenderStatistics_2025-11@39b764ad2bb9,68.28453527215562,PUBLISHED_PROXY,175.0,aFRRUp_2025-11-26T16:00:00Z,tenderStatistics_2025-11@39b764ad2bb9,7.384554922381606,PUBLISHED_PROXY,175.0,aFRRDown_2025-11-26T16:00:00Z,tenderStatistics_2025-11@39b764ad2bb9,0.6740027510316369,PUBLISHED_PROXY,,SOURCE_NULL_NOT_MODELED,,0.0,PUBLISHED_PROXY,0.0,58.950677932796225,PUBLISHED_PROXY,11.301,marginalPricesOverview_2025-11@1dfee6a006c6,activatedBalancingEnergyOverview_2025-11@75e6b2cbf261,PUBLISHED_NATIVE,0.0,0.2583085714285714,0.2583085714285714,True,True,True,True,True,True,True,True,OK,OK,EUR,D执行/前日冻结,87.0,13,0,87,0E+2,0.2583085714285714285714285714285714,0.7416914285714285714285714285714286,True,True,0,5.618211428571428571428571428571428,21.750,0E-36,16.13178857142857142857142857142858,81.88237888198762650461666172337942,64.34782608695657060399554371095705,0.04870709109730848861283643892339547,6287.9250,221.9247396345057650,0,14.659559834938102575,0,-331.1973724840692689661428571428571,6193.311926985374598608857142857143
2025-11-26T17:00:00Z,2025-11-26T17:15:00Z,2025-11-26T19:00:00+02:00,2025-11-26,0.25,FORMAL,2025-11-26T17:00:00Z,262.48,2025-11-26_73,15,DA_2025-11-26@e93d4f935928,2025-11-25,5.089,BNR_FX_2025@afbdbadbc54a,129.92000000000002,FCR_2025-11-26T17:00:00Z,tenderStatistics_2025-11@39b764ad2bb9,68.28453527215562,PUBLISHED_PROXY,175.0,aFRRUp_2025-11-26T17:00:00Z,tenderStatistics_2025-11@39b764ad2bb9,7.384554922381606,PUBLISHED_PROXY,175.0,aFRRDown_2025-11-26T17:00:00Z,tenderStatistics_2025-11@39b764ad2bb9,0.6740027510316369,PUBLISHED_PROXY,,SOURCE_NULL_NOT_MODELED,,0.0,PUBLISHED_PROXY,0.0,59.27765769306346,PUBLISHED_PROXY,6.24,marginalPricesOverview_2025-11@1dfee6a006c6,activatedBalancingEnergyOverview_2025-11@75e6b2cbf261,PUBLISHED_NATIVE,0.0,0.1426285714285714,0.1426285714285714,True,True,True,True,True,True,True,True,OK,OK,EUR,D执行/前日冻结,0.0,100,0,0,0E+2,0.1426285714285714285714285714285714,0.8573714285714285714285714285714286,True,True,0,0E-36,0.000,0E-36,0E-36,64.34782608695657060399554371095705,64.34782608695657060399554371095705,0E-38,0,1707.1133818038905000,0,0,0,0,1707.1133818038905000
2025-11-26T17:15:00Z,2025-11-26T17:30:00Z,2025-11-26T19:15:00+02:00,2025-11-26,0.25,FORMAL,2025-11-26T17:00:00Z,211.95,2025-11-26_74,15,DA_2025-11-26@e93d4f935928,2025-11-25,5.089,BNR_FX_2025@afbdbadbc54a,129.92000000000002,FCR_2025-11-26T17:00:00Z,tenderStatistics_2025-11@39b764ad2bb9,68.28453527215562,PUBLISHED_PROXY,175.0,aFRRUp_2025-11-26T17:00:00Z,tenderStatistics_2025-11@39b764ad2bb9,7.384554922381606,PUBLISHED_PROXY,175.0,aFRRDown_2025-11-26T17:00:00Z,tenderStatistics_2025-11@39b764ad2bb9,0.6740027510316369,PUBLISHED_PROXY,,SOURCE_NULL_NOT_MODELED,,150.58282570249557,PUBLISHED_PROXY,0.038,64.60031440361563,PUBLISHED_PROXY,0.405,marginalPricesOverview_2025-11@1dfee6a006c6,activatedBalancingEnergyOverview_2025-11@75e6b2cbf261,PUBLISHED_NATIVE,0.0008685714285714,0.0092571428571428,0.0101257142857142,True,True,True,True,True,True,True,True,OK,OK,EUR,D执行/前日冻结,0.0,100,0,0,0.0008685714285714285714285714285714286,0.009257142857142857142857142857142857,0.9898742857142857142857142857142857,True,True,0E-39,0E-38,0.000,0E-38,0E-38,64.34782608695657060399554371095705,64.34782608695657060399554371095705,0E-40,0,1707.1133818038905000,0,0,0,0,1707.1133818038905000
2025-11-26T17:30:00Z,2025-11-26T17:45:00Z,2025-11-26T19:30:00+02:00,2025-11-26,0.25,FORMAL,2025-11-26T17:00:00Z,224.58,2025-11-26_75,15,DA_2025-11-26@e93d4f935928,2025-11-25,5.089,BNR_FX_2025@afbdbadbc54a,129.92000000000002,FCR_2025-11-26T17:00:00Z,tenderStatistics_2025-11@39b764ad2bb9,68.28453527215562,PUBLISHED_PROXY,175.0,aFRRUp_2025-11-26T17:00:00Z,tenderStatistics_2025-11@39b764ad2bb9,7.384554922381606,PUBLISHED_PROXY,175.0,aFRRDown_2025-11-26T17:00:00Z,tenderStatistics_2025-11@39b764ad2bb9,0.6740027510316369,PUBLISHED_PROXY,,SOURCE_NULL_NOT_MODELED,,0.0,PUBLISHED_PROXY,0.0,59.204951856946344,PUBLISHED_PROXY,7.581,marginalPricesOverview_2025-11@1dfee6a006c6,activatedBalancingEnergyOverview_2025-11@75e6b2cbf261,PUBLISHED_NATIVE,0.0,0.17328,0.17328,True,True,True,True,True,True,True,True,OK,OK,EUR,D执行/前日冻结,0.0,100,0,0,0E+2,0.17328,0.82672,True,True,0,0E-7,0.000,0E-8,0E-8,64.34782608695657060399554371095705,64.34782608695657060399554371095705,0E-10,0,1707.1133818038905000,0,0,0,0,1707.1133818038905000
2025-11-26T17:45:00Z,2025-11-26T18:00:00Z,2025-11-26T19:45:00+02:00,2025-11-26,0.25,FORMAL,2025-11-26T17:00:00Z,207.66,2025-11-26_76,15,DA_2025-11-26@e93d4f935928,2025-11-25,5.089,BNR_FX_2025@afbdbadbc54a,129.92000000000002,FCR_2025-11-26T17:00:00Z,tenderStatistics_2025-11@39b764ad2bb9,68.28453527215562,PUBLISHED_PROXY,175.0,aFRRUp_2025-11-26T17:00:00Z,tenderStatistics_2025-11@39b764ad2bb9,7.384554922381606,PUBLISHED_PROXY,175.0,aFRRDown_2025-11-26T17:00:00Z,tenderStatistics_2025-11@39b764ad2bb9,0.6740027510316369,PUBLISHED_PROXY,,SOURCE_NULL_NOT_MODELED,,0.0,PUBLISHED_PROXY,0.0,58.607781489487124,PUBLISHED_PROXY,5.664,marginalPricesOverview_2025-11@1dfee6a006c6,activatedBalancingEnergyOverview_2025-11@75e6b2cbf261,PUBLISHED_NATIVE,0.0,0.1294628571428571,0.1294628571428571,True,True,True,True,True,True,True,True,OK,OK,EUR,D执行/前日冻结,0.0,100,0,0,0E+2,0.1294628571428571428571428571428571,0.8705371428571428571428571428571429,True,True,0,0E-36,0.000,0E-36,0E-36,64.34782608695657060399554371095705,64.34782608695657060399554371095705,0E-38,0,1707.1133818038905000,0,0,0,0,1707.1133818038905000
2025-11-26T18:00:00Z,2025-11-26T18:15:00Z,2025-11-26T20:00:00+02:00,2025-11-26,0.25,FORMAL,2025-11-26T18:00:00Z,219.26,2025-11-26_77,15,DA_2025-11-26@e93d4f935928,2025-11-25,5.089,BNR_FX_2025@afbdbadbc54a,129.92000000000002,FCR_2025-11-26T18:00:00Z,tenderStatistics_2025-11@39b764ad2bb9,68.28453527215562,PUBLISHED_PROXY,175.0,aFRRUp_2025-11-26T18:00:00Z,tenderStatistics_2025-11@39b764ad2bb9,7.337394380035371,PUBLISHED_PROXY,175.0,aFRRDown_2025-11-26T18:00:00Z,tenderStatistics_2025-11@39b764ad2bb9,0.6740027510316369,PUBLISHED_PROXY,,SOURCE_NULL_NOT_MODELED,,0.0,PUBLISHED_PROXY,0.0,7.152878758105718,PUBLISHED_PROXY,40.913,marginalPricesOverview_2025-11@1dfee6a006c6,activatedBalancingEnergyOverview_2025-11@75e6b2cbf261,PUBLISHED_NATIVE,0.0,0.9351542857142856,0.9351542857142856,True,True,True,True,True,True,True,True,OK,OK,EUR,D执行/前日冻结,100.0000000000001,0,0,100,0E+2,0.9351542857142857142857142857142857,0.0648457142857142857142857142857143,True,True,0,23.37885714285714285714285714285714,25.000000000000025,0E-35,1.621142857142882142857142857142858,64.34782608695657060399554371095705,62.58571428571430740523777973580177,0.004894755003450731107660455486542446,5481.50000000000548150,0,0,16.850068775790922500,0,-167.2261306459309945908571428571428,5331.123938129865409409142857142857
2025-11-26T18:15:00Z,2025-11-26T18:30:00Z,2025-11-26T20:15:00+02:00,2025-11-26,0.25,FORMAL,2025-11-26T18:00:00Z,190.0,2025-11-26_78,15,DA_2025-11-26@e93d4f935928,2025-11-25,5.089,BNR_FX_2025@afbdbadbc54a,129.92000000000002,FCR_2025-11-26T18:00:00Z,tenderStatistics_2025-11@39b764ad2bb9,68.28453527215562,PUBLISHED_PROXY,175.0,aFRRUp_2025-11-26T18:00:00Z,tenderStatistics_2025-11@39b764ad2bb9,7.337394380035371,PUBLISHED_PROXY,175.0,aFRRDown_2025-11-26T18:00:00Z,tenderStatistics_2025-11@39b764ad2bb9,0.6740027510316369,PUBLISHED_PROXY,,SOURCE_NULL_NOT_MODELED,,0.0,PUBLISHED_PROXY,0.0,32.80624877186087,PUBLISHED_PROXY,34.108,marginalPricesOverview_2025-11@1dfee6a006c6,activatedBalancingEnergyOverview_2025-11@75e6b2cbf261,PUBLISHED_NATIVE,0.0,0.7796114285714285,0.7796114285714285,True,True,True,True,True,True,True,True,OK,OK,EUR,D执行/前日冻结,100.00000000000001,0,0,100,0E+2,0.7796114285714285714285714285714286,0.2203885714285714285714285714285714,True,True,0,19.49028571428571428571428571428572,25.0000000000000025,0E-35,5.509714285714288214285714285714285,62.58571428571430740523777973580177,56.59689440993790717231852507741668,0.01663561076604555620255348516218081,4750.00000000000047500,0,0,16.850068775790922500,0,-639.4031617775031736914285714285716,4127.446906998288223808571428571428
2025-11-26T18:30:00Z,2025-11-26T18:45:00Z,2025-11-26T20:30:00+02:00,2025-11-26,0.25,FORMAL,2025-11-26T18:00:00Z,168.92,2025-11-26_79,15,DA_2025-11-26@e93d4f935928,2025-11-25,5.089,BNR_FX_2025@afbdbadbc54a,129.92000000000002,FCR_2025-11-26T18:00:00Z,tenderStatistics_2025-11@39b764ad2bb9,68.28453527215562,PUBLISHED_PROXY,175.0,aFRRUp_2025-11-26T18:00:00Z,tenderStatistics_2025-11@39b764ad2bb9,7.337394380035371,PUBLISHED_PROXY,175.0,aFRRDown_2025-11-26T18:00:00Z,tenderStatistics_2025-11@39b764ad2bb9,0.6740027510316369,PUBLISHED_PROXY,,SOURCE_NULL_NOT_MODELED,,0.0,PUBLISHED_PROXY,0.0,23.577127136962073,PUBLISHED_PROXY,33.558,marginalPricesOverview_2025-11@1dfee6a006c6,activatedBalancingEnergyOverview_2025-11@75e6b2cbf261,PUBLISHED_NATIVE,0.0,0.7670399999999999,0.7670399999999999,True,True,True,True,True,True,True,True,OK,OK,EUR,D执行/前日冻结,99.20795788706002,0,0,100,0E+2,0.76704,0.23296,True,True,0,19.1760000,24.8019894717650050,0.151881995577370564800,5.777871467342375564800,56.59689440993790717231852507741668,50.45633077267085378236930768611233,0.01783340696980393119217004830917874,4189.552061570544644600,0,0,16.850068775790922500,0,-452.1149899783847118480000,3754.2871403679508552520000
2025-11-26T18:45:00Z,2025-11-26T19:00:00Z,2025-11-26T20:45:00+02:00,2025-11-26,0.25,FORMAL,2025-11-26T18:00:00Z,154.37,2025-11-26_80,15,DA_2025-11-26@e93d4f935928,2025-11-25,5.089,BNR_FX_2025@afbdbadbc54a,129.92000000000002,FCR_2025-11-26T18:00:00Z,tenderStatistics_2025-11@39b764ad2bb9,68.28453527215562,PUBLISHED_PROXY,175.0,aFRRUp_2025-11-26T18:00:00Z,tenderStatistics_2025-11@39b764ad2bb9,7.337394380035371,PUBLISHED_PROXY,175.0,aFRRDown_2025-11-26T18:00:00Z,tenderStatistics_2025-11@39b764ad2bb9,0.6740027510316369,PUBLISHED_PROXY,,SOURCE_NULL_NOT_MODELED,,0.0,PUBLISHED_PROXY,0.0,42.96580860679897,PUBLISHED_PROXY,23.863,marginalPricesOverview_2025-11@1dfee6a006c6,activatedBalancingEnergyOverview_2025-11@75e6b2cbf261,PUBLISHED_NATIVE,0.0,0.54544,0.54544,True,True,True,True,True,True,True,True,OK,OK,EUR,D执行/前日冻结,0.0,0,0,100,0E+2,0.54544,0.45456,True,True,0,13.6360000,0.000,13.63600000,0E-8,50.45633077267085378236930768611233,63.00145077267085378236930768611233,0.03484755555555555555555555555555556,0,0,0,16.850068775790922500,0,-585.881766162310754920000,-569.031697386519832420000
2025-11-26T19:00:00Z,2025-11-26T19:15:00Z,2025-11-26T21:00:00+02:00,2025-11-26,0.25,FORMAL,2025-11-26T19:00:00Z,174.01,2025-11-26_81,15,DA_2025-11-26@e93d4f935928,2025-11-25,5.089,BNR_FX_2025@afbdbadbc54a,129.92000000000002,FCR_2025-11-26T19:00:00Z,tenderStatistics_2025-11@39b764ad2bb9,68.28453527215562,PUBLISHED_PROXY,175.0,aFRRUp_2025-11-26T19:00:00Z,tenderStatistics_2025-11@39b764ad2bb9,6.877579092159559,PUBLISHED_PROXY,175.0,aFRRDown_2025-11-26T19:00:00Z,tenderStatistics_2025-11@39b764ad2bb9,0.6759677736293966,PUBLISHED_PROXY,,SOURCE_NULL_NOT_MODELED,,0.0,PUBLISHED_PROXY,0.0,23.403222637060324,PUBLISHED_PROXY,25.842,marginalPricesOverview_2025-11@1dfee6a006c6,activatedBalancingEnergyOverview_2025-11@75e6b2cbf261,PUBLISHED_NATIVE,0.0,0.5906742857142857,0.5906742857142857,True,True,True,True,True,True,True,True,OK,OK,EUR,D执行/前日冻结,0.0,97,3,3,0E+2,0.5906742857142857142857142857142857,0.4093257142857142857142857142857143,True,True,0,0.4430057142857142857142857142857143,0.000,0.4430057142857142857142857142857142,0E-35,63.00145077267085378236930768611233,63.40901602981371092522645054325519,0.001132125714285714285714285714285714,0,1655.8999803497737850,5.15818431911966925,0.506975830222047450,0,-10.36776136091850673385142857142857,1651.197379138196994966148571428571
2025-11-26T19:15:00Z,2025-11-26T19:30:00Z,2025-11-26T21:15:00+02:00,2025-11-26,0.25,FORMAL,2025-11-26T19:00:00Z,149.28,2025-11-26_82,15,DA_2025-11-26@e93d4f935928,2025-11-25,5.089,BNR_FX_2025@afbdbadbc54a,129.92000000000002,FCR_2025-11-26T19:00:00Z,tenderStatistics_2025-11@39b764ad2bb9,68.28453527215562,PUBLISHED_PROXY,175.0,aFRRUp_2025-11-26T19:00:00Z,tenderStatistics_2025-11@39b764ad2bb9,6.877579092159559,PUBLISHED_PROXY,175.0,aFRRDown_2025-11-26T19:00:00Z,tenderStatistics_2025-11@39b764ad2bb9,0.6759677736293966,PUBLISHED_PROXY,,SOURCE_NULL_NOT_MODELED,,0.0,PUBLISHED_PROXY,0.0,43.27156612301041,PUBLISHED_PROXY,18.496,marginalPricesOverview_2025-11@1dfee6a006c6,activatedBalancingEnergyOverview_2025-11@75e6b2cbf261,PUBLISHED_NATIVE,0.0,0.4227657142857142,0.4227657142857142,True,True,True,True,True,True,True,True,OK,OK,EUR,D执行/前日冻结,0.0,97,3,3,0E+2,0.4227657142857142857142857142857143,0.5772342857142857142857142857142857,True,True,0,0.3170742857142857142857142857142857,0.000,0.3170742857142857142857142857142858,0E-35,63.40901602981371092522645054325519,63.70072437267085378236930768611233,0.0008103009523809523809523809523809525,0,1655.8999803497737850,5.15818431911966925,0.506975830222047450,0,-13.72030092019200931474285714285714,1647.844839578923492385257142857143
2025-11-26T19:30:00Z,2025-11-26T19:45:00Z,2025-11-26T21:30:00+02:00,2025-11-26,0.25,FORMAL,2025-11-26T19:00:00Z,128.44,2025-11-26_83,15,DA_2025-11-26@e93d4f935928,2025-11-25,5.089,BNR_FX_2025@afbdbadbc54a,129.92000000000002,FCR_2025-11-26T19:00:00Z,tenderStatistics_2025-11@39b764ad2bb9,68.28453527215562,PUBLISHED_PROXY,175.0,aFRRUp_2025-11-26T19:00:00Z,tenderStatistics_2025-11@39b764ad2bb9,6.877579092159559,PUBLISHED_PROXY,175.0,aFRRDown_2025-11-26T19:00:00Z,tenderStatistics_2025-11@39b764ad2bb9,0.6759677736293966,PUBLISHED_PROXY,,SOURCE_NULL_NOT_MODELED,,0.0,PUBLISHED_PROXY,0.0,31.794851640793865,PUBLISHED_PROXY,26.664,marginalPricesOverview_2025-11@1dfee6a006c6,activatedBalancingEnergyOverview_2025-11@75e6b2cbf261,PUBLISHED_NATIVE,0.0,0.6094628571428572,0.6094628571428572,True,True,True,True,True,True,True,True,OK,OK,EUR,D执行/前日冻结,0.0,97,3,3,0E+2,0.6094628571428571428571428571428571,0.3905371428571428571428571428571429,True,True,0,0.4570971428571428571428571428571428,0.000,0.4570971428571428571428571428571429,0E-36,63.70072437267085378236930768611233,64.12125374409942521094073625754090,0.001168137142857142857142857142857143,0,1655.8999803497737850,5.15818431911966925,0.506975830222047450,0,-14.53333584257361628045714285714286,1647.031804656541885419542857142857
2025-11-26T19:45:00Z,2025-11-26T20:00:00Z,2025-11-26T21:45:00+02:00,2025-11-26,0.25,FORMAL,2025-11-26T19:00:00Z,110.98,2025-11-26_84,15,DA_2025-11-26@e93d4f935928,2025-11-25,5.089,BNR_FX_2025@afbdbadbc54a,129.92000000000002,FCR_2025-11-26T19:00:00Z,tenderStatistics_2025-11@39b764ad2bb9,68.28453527215562,PUBLISHED_PROXY,175.0,aFRRUp_2025-11-26T19:00:00Z,tenderStatistics_2025-11@39b764ad2bb9,6.877579092159559,PUBLISHED_PROXY,175.0,aFRRDown_2025-11-26T19:00:00Z,tenderStatistics_2025-11@39b764ad2bb9,0.6759677736293966,PUBLISHED_PROXY,,SOURCE_NULL_NOT_MODELED,,0.0,PUBLISHED_PROXY,0.0,50.97681273334643,PUBLISHED_PROXY,14.366,marginalPricesOverview_2025-11@1dfee6a006c6,activatedBalancingEnergyOverview_2025-11@75e6b2cbf261,PUBLISHED_NATIVE,0.0,0.3283657142857142,0.3283657142857142,True,True,True,True,True,True,True,True,OK,OK,EUR,D执行/前日冻结,0.0,97,3,3,0E+2,0.3283657142857142857142857142857143,0.6716342857142857142857142857142857,True,True,0,0.2462742857142857142857142857142857,0.000,0.2462742857142857142857142857142857,0E-35,64.12125374409942521094073625754090,64.34782608695656806808359340039804,0.0006293676190476190476190476190476192,0,1655.8999803497737850,5.15818431911966925,0.506975830222047450,0,-12.55427814389579680080000000000000,1649.010862355219704899200000000000
2025-11-26T20:00:00Z,2025-11-26T20:15:00Z,2025-11-26T22:00:00+02:00,2025-11-26,0.25,FORMAL,2025-11-26T20:00:00Z,140.17,2025-11-26_85,15,DA_2025-11-26@e93d4f935928,2025-11-25,5.089,BNR_FX_2025@afbdbadbc54a,129.92000000000002,FCR_2025-11-26T20:00:00Z,tenderStatistics_2025-11@39b764ad2bb9,68.28453527215562,PUBLISHED_PROXY,175.0,aFRRUp_2025-11-26T20:00:00Z,tenderStatistics_2025-11@39b764ad2bb9,6.877579092159559,PUBLISHED_PROXY,175.0,aFRRDown_2025-11-26T20:00:00Z,tenderStatistics_2025-11@39b764ad2bb9,0.6759677736293966,PUBLISHED_PROXY,,SOURCE_NULL_NOT_MODELED,,0.0,PUBLISHED_PROXY,0.0,52.87698958538023,PUBLISHED_PROXY,9.093,marginalPricesOverview_2025-11@1dfee6a006c6,activatedBalancingEnergyOverview_2025-11@75e6b2cbf261,PUBLISHED_NATIVE,0.0,0.20784,0.20784,True,True,True,True,True,True,True,True,OK,OK,EUR,D执行/前日冻结,0.0,100,0,0,0E+2,0.20784,0.79216,True,True,0,0E-7,0.000,0E-8,0E-8,64.34782608695656806808359340039804,64.34782608695656806808359340039804,0E-10,0,1707.1133818038905000,0,0,0,0,1707.1133818038905000
2025-11-26T20:15:00Z,2025-11-26T20:30:00Z,2025-11-26T22:15:00+02:00,2025-11-26,0.25,FORMAL,2025-11-26T20:00:00Z,123.83,2025-11-26_86,15,DA_2025-11-26@e93d4f935928,2025-11-25,5.089,BNR_FX_2025@afbdbadbc54a,129.92000000000002,FCR_2025-11-26T20:00:00Z,tenderStatistics_2025-11@39b764ad2bb9,68.28453527215562,PUBLISHED_PROXY,175.0,aFRRUp_2025-11-26T20:00:00Z,tenderStatistics_2025-11@39b764ad2bb9,6.877579092159559,PUBLISHED_PROXY,175.0,aFRRDown_2025-11-26T20:00:00Z,tenderStatistics_2025-11@39b764ad2bb9,0.6759677736293966,PUBLISHED_PROXY,,SOURCE_NULL_NOT_MODELED,,0.0,PUBLISHED_PROXY,0.0,59.97347219493023,PUBLISHED_PROXY,3.208,marginalPricesOverview_2025-11@1dfee6a006c6,activatedBalancingEnergyOverview_2025-11@75e6b2cbf261,PUBLISHED_NATIVE,0.0,0.0733257142857142,0.0733257142857142,True,True,True,True,True,True,True,True,OK,OK,EUR,D执行/前日冻结,0.0,100,0,0,0E+2,0.07332571428571428571428571428571429,0.9266742857142857142857142857142857,True,True,0,0E-37,0.000,0E-36,0E-36,64.34782608695656806808359340039804,64.34782608695656806808359340039804,0E-38,0,1707.1133818038905000,0,0,0,0,1707.1133818038905000
2025-11-26T20:30:00Z,2025-11-26T20:45:00Z,2025-11-26T22:30:00+02:00,2025-11-26,0.25,FORMAL,2025-11-26T20:00:00Z,102.95,2025-11-26_87,15,DA_2025-11-26@e93d4f935928,2025-11-25,5.089,BNR_FX_2025@afbdbadbc54a,129.92000000000002,FCR_2025-11-26T20:00:00Z,tenderStatistics_2025-11@39b764ad2bb9,68.28453527215562,PUBLISHED_PROXY,175.0,aFRRUp_2025-11-26T20:00:00Z,tenderStatistics_2025-11@39b764ad2bb9,6.877579092159559,PUBLISHED_PROXY,175.0,aFRRDown_2025-11-26T20:00:00Z,tenderStatistics_2025-11@39b764ad2bb9,0.6759677736293966,PUBLISHED_PROXY,,SOURCE_NULL_NOT_MODELED,,0.0,PUBLISHED_PROXY,0.0,50.7864020436235,PUBLISHED_PROXY,10.497,marginalPricesOverview_2025-11@1dfee6a006c6,activatedBalancingEnergyOverview_2025-11@75e6b2cbf261,PUBLISHED_NATIVE,0.0,0.2399314285714285,0.2399314285714285,True,True,True,True,True,True,True,True,OK,OK,EUR,D执行/前日冻结,0.0,100,0,0,0E+2,0.2399314285714285714285714285714286,0.7600685714285714285714285714285714,True,True,0,0E-36,0.000,0E-36,0E-36,64.34782608695656806808359340039804,64.34782608695656806808359340039804,0E-38,0,1707.1133818038905000,0,0,0,0,1707.1133818038905000
2025-11-26T20:45:00Z,2025-11-26T21:00:00Z,2025-11-26T22:45:00+02:00,2025-11-26,0.25,FORMAL,2025-11-26T20:00:00Z,91.4,2025-11-26_88,15,DA_2025-11-26@e93d4f935928,2025-11-25,5.089,BNR_FX_2025@afbdbadbc54a,129.92000000000002,FCR_2025-11-26T20:00:00Z,tenderStatistics_2025-11@39b764ad2bb9,68.28453527215562,PUBLISHED_PROXY,175.0,aFRRUp_2025-11-26T20:00:00Z,tenderStatistics_2025-11@39b764ad2bb9,6.877579092159559,PUBLISHED_PROXY,175.0,aFRRDown_2025-11-26T20:00:00Z,tenderStatistics_2025-11@39b764ad2bb9,0.6759677736293966,PUBLISHED_PROXY,,SOURCE_NULL_NOT_MODELED,,0.0,PUBLISHED_PROXY,0.0,47.172528984083314,PUBLISHED_PROXY,10.364,marginalPricesOverview_2025-11@1dfee6a006c6,activatedBalancingEnergyOverview_2025-11@75e6b2cbf261,PUBLISHED_NATIVE,0.0,0.2368914285714285,0.2368914285714285,True,True,True,True,True,True,True,True,OK,OK,EUR,D执行/前日冻结,0.0,100,0,0,0E+2,0.2368914285714285714285714285714286,0.7631085714285714285714285714285714,True,True,0,0E-36,0.000,0E-36,0E-36,64.34782608695656806808359340039804,64.34782608695656806808359340039804,0E-38,0,1707.1133818038905000,0,0,0,0,1707.1133818038905000
2025-11-26T21:00:00Z,2025-11-26T21:15:00Z,2025-11-26T23:00:00+02:00,2025-11-26,0.25,FORMAL,2025-11-26T21:00:00Z,118.75,2025-11-26_89,15,DA_2025-11-26@e93d4f935928,2025-11-25,5.089,BNR_FX_2025@afbdbadbc54a,129.92000000000002,FCR_2025-11-26T21:00:00Z,tenderStatistics_2025-11@39b764ad2bb9,68.28453527215562,PUBLISHED_PROXY,175.0,aFRRUp_2025-11-26T21:00:00Z,tenderStatistics_2025-11@39b764ad2bb9,6.877579092159559,PUBLISHED_PROXY,175.0,aFRRDown_2025-11-26T21:00:00Z,tenderStatistics_2025-11@39b764ad2bb9,0.6759677736293966,PUBLISHED_PROXY,,SOURCE_NULL_NOT_MODELED,,0.0,PUBLISHED_PROXY,0.0,48.86912949498919,PUBLISHED_PROXY,19.913,marginalPricesOverview_2025-11@1dfee6a006c6,activatedBalancingEnergyOverview_2025-11@75e6b2cbf261,PUBLISHED_NATIVE,0.0,0.4551542857142857,0.4551542857142857,True,True,True,True,True,True,True,True,OK,OK,EUR,D执行/前日冻结,0.0,100,0,0,0E+2,0.4551542857142857142857142857142857,0.5448457142857142857142857142857143,True,True,0,0E-36,0.000,0E-35,0E-35,64.34782608695656806808359340039804,64.34782608695656806808359340039804,0E-37,0,1707.1133818038905000,0,0,0,0,1707.1133818038905000
2025-11-26T21:15:00Z,2025-11-26T21:30:00Z,2025-11-26T23:15:00+02:00,2025-11-26,0.25,FORMAL,2025-11-26T21:00:00Z,104.98,2025-11-26_90,15,DA_2025-11-26@e93d4f935928,2025-11-25,5.089,BNR_FX_2025@afbdbadbc54a,129.92000000000002,FCR_2025-11-26T21:00:00Z,tenderStatistics_2025-11@39b764ad2bb9,68.28453527215562,PUBLISHED_PROXY,175.0,aFRRUp_2025-11-26T21:00:00Z,tenderStatistics_2025-11@39b764ad2bb9,6.877579092159559,PUBLISHED_PROXY,175.0,aFRRDown_2025-11-26T21:00:00Z,tenderStatistics_2025-11@39b764ad2bb9,0.6759677736293966,PUBLISHED_PROXY,,SOURCE_NULL_NOT_MODELED,,137.55158184319117,PUBLISHED_PROXY,0.003,52.76832383572411,PUBLISHED_PROXY,5.368,marginalPricesOverview_2025-11@1dfee6a006c6,activatedBalancingEnergyOverview_2025-11@75e6b2cbf261,PUBLISHED_NATIVE,6.857142857142857e-05,0.1226971428571428,0.1227657142857143,True,True,True,True,True,True,True,True,OK,OK,EUR,D执行/前日冻结,0.0,100,0,0,0.00006857142857142857142857142857142857,0.1226971428571428571428571428571429,0.8772342857142857142857142857142857,True,True,0E-40,0E-36,0.000,0E-39,0E-39,64.34782608695656806808359340039804,64.34782608695656806808359340039804,0E-41,0,1707.1133818038905000,0,0,0,0,1707.1133818038905000
2025-11-26T21:30:00Z,2025-11-26T21:45:00Z,2025-11-26T23:30:00+02:00,2025-11-26,0.25,FORMAL,2025-11-26T21:00:00Z,94.27,2025-11-26_91,15,DA_2025-11-26@e93d4f935928,2025-11-25,5.089,BNR_FX_2025@afbdbadbc54a,129.92000000000002,FCR_2025-11-26T21:00:00Z,tenderStatistics_2025-11@39b764ad2bb9,68.28453527215562,PUBLISHED_PROXY,175.0,aFRRUp_2025-11-26T21:00:00Z,tenderStatistics_2025-11@39b764ad2bb9,6.877579092159559,PUBLISHED_PROXY,175.0,aFRRDown_2025-11-26T21:00:00Z,tenderStatistics_2025-11@39b764ad2bb9,0.6759677736293966,PUBLISHED_PROXY,,SOURCE_NULL_NOT_MODELED,,148.87011200628805,PUBLISHED_PROXY,0.05,61.000786009039096,PUBLISHED_PROXY,1.691,marginalPricesOverview_2025-11@1dfee6a006c6,activatedBalancingEnergyOverview_2025-11@75e6b2cbf261,PUBLISHED_NATIVE,0.0011428571428571,0.0386514285714285,0.0397942857142857,True,True,True,True,True,True,True,True,OK,OK,EUR,D执行/前日冻结,0.0,100,0,0,0.001142857142857142857142857142857143,0.03865142857142857142857142857142857,0.9602057142857142857142857142857143,True,True,0E-38,0E-37,0.000,0E-38,0E-38,64.34782608695656806808359340039804,64.34782608695656806808359340039804,0E-40,0,1707.1133818038905000,0,0,0,0,1707.1133818038905000
2025-11-26T21:45:00Z,2025-11-26T22:00:00Z,2025-11-26T23:45:00+02:00,2025-11-26,0.25,FORMAL,2025-11-26T21:00:00Z,90.24,2025-11-26_92,15,DA_2025-11-26@e93d4f935928,2025-11-25,5.089,BNR_FX_2025@afbdbadbc54a,129.92000000000002,FCR_2025-11-26T21:00:00Z,tenderStatistics_2025-11@39b764ad2bb9,68.28453527215562,PUBLISHED_PROXY,175.0,aFRRUp_2025-11-26T21:00:00Z,tenderStatistics_2025-11@39b764ad2bb9,6.877579092159559,PUBLISHED_PROXY,175.0,aFRRDown_2025-11-26T21:00:00Z,tenderStatistics_2025-11@39b764ad2bb9,0.6759677736293966,PUBLISHED_PROXY,,SOURCE_NULL_NOT_MODELED,,147.37669483199056,PUBLISHED_PROXY,0.06,-28.84712124189428,PUBLISHED_PROXY,8.69,marginalPricesOverview_2025-11@1dfee6a006c6,activatedBalancingEnergyOverview_2025-11@75e6b2cbf261,PUBLISHED_NATIVE,0.0013714285714285,0.1986285714285714,0.1999999999999999,True,True,True,True,True,True,True,True,OK,OK,EUR,D执行/前日冻结,0.0,100,0,0,0.001371428571428571428571428571428571,0.1986285714285714285714285714285714,0.8000000000000000000000000000000000,True,True,0E-38,0E-36,0.000,0E-38,0E-38,64.34782608695656806808359340039804,64.34782608695656806808359340039804,0E-40,0,1707.1133818038905000,0,0,0,0,1707.1133818038905000
