sequence,start,variables,rows,nnz,continuous,integer,binary,status,message,raw_gap,bound_eur,incumbent_eur,objective_gap,nodes,solve_seconds,presolve_retry,solver_attempts,build_seconds,efc_allowance_details,audit_seconds,audit,plan_cash_eur,salvage_eur,phase_count,qh_count
0,2024-12-31T22:00:00Z,412,502,1770,301,46,65,0,Optimization terminated successfully. (HiGHS Status 7: Optimal),6.4515462296151906e-06,89957.32120586438,89956.73414513907,6.526034219619654e-06,1,0.054422999965026975,False,"[{""message"":""Optimization terminated successfully. (HiGHS Status 7: Optimal)"",""mip_feasibility_tolerance"":1e-08,""presolve"":true,""primal_feasibility_tolerance"":1e-08,""solve_seconds"":0.054416999919340014,""status"":0,""time_limit_seconds"":30.0}]",0.022773199947550893,"{""2025"":{""allowance"":599.9999989999998,""available_after_reserve"":599.9999999999998,""numerical_guard"":1e-06,""remaining"":599.9999999999998,""terminal_reserve"":0.0},""2026"":{""allowance"":398.90857553365254,""available_after_reserve"":398.90857653365254,""numerical_guard"":1e-06,""remaining"":399.4520547945221,""terminal_reserve"":0.5434782608695652}}",0.016471700044348836,PASS,89956.73414513904,5.903863590598728e-11,437,192
1,2025-01-01T22:00:00Z,397,483,1709,296,40,61,0,Optimization terminated successfully. (HiGHS Status 7: Optimal),2.516075346244894e-06,152586.17631633842,152586.01596193668,1.0509115185341998e-06,1,0.021305600181221962,False,"[{""message"":""Optimization terminated successfully. (HiGHS Status 7: Optimal)"",""mip_feasibility_tolerance"":1e-08,""presolve"":true,""primal_feasibility_tolerance"":1e-08,""solve_seconds"":0.021297700004652143,""status"":0,""time_limit_seconds"":30.0}]",0.022297800052911043,"{""2025"":{""allowance"":599.9999989999998,""available_after_reserve"":599.9999999999998,""numerical_guard"":1e-06,""remaining"":599.9999999999998,""terminal_reserve"":0.0},""2026"":{""allowance"":398.90857553365254,""available_after_reserve"":398.90857653365254,""numerical_guard"":1e-06,""remaining"":399.4520547945221,""terminal_reserve"":0.5434782608695652}}",0.020011199871078134,PASS,152583.746532963,2.2694289737890307,423,192
2,2025-01-02T22:00:00Z,414,502,1778,305,46,63,0,Optimization terminated successfully. (HiGHS Status 7: Optimal),0.0,154778.4380680794,154778.43806807947,0.0,1,0.06752269994467497,False,"[{""message"":""Optimization terminated successfully. (HiGHS Status 7: Optimal)"",""mip_feasibility_tolerance"":1e-08,""presolve"":true,""primal_feasibility_tolerance"":1e-08,""solve_seconds"":0.06751700001768768,""status"":0,""time_limit_seconds"":30.0}]",0.02050839993171394,"{""2025"":{""allowance"":598.3892651858624,""available_after_reserve"":598.3892661858624,""numerical_guard"":1e-06,""remaining"":598.3892661858624,""terminal_reserve"":0.0},""2026"":{""allowance"":398.90857553365254,""available_after_reserve"":398.90857653365254,""numerical_guard"":1e-06,""remaining"":399.4520547945221,""terminal_reserve"":0.5434782608695652}}",0.020388699835166335,PASS,154511.17930190777,267.25876617165346,429,192
3,2025-01-03T22:00:00Z,410,496,1750,301,48,61,0,Optimization terminated successfully. (HiGHS Status 7: Optimal),0.0,282286.57879381673,282286.57879381673,0.0,1,0.08102789986878633,False,"[{""message"":""Optimization terminated successfully. (HiGHS Status 7: Optimal)"",""mip_feasibility_tolerance"":1e-08,""presolve"":true,""primal_feasibility_tolerance"":1e-08,""solve_seconds"":0.0810202001594007,""status"":0,""time_limit_seconds"":30.0}]",0.020608199993148446,"{""2025"":{""allowance"":596.3170762000611,""available_after_reserve"":596.3170772000611,""numerical_guard"":1e-06,""remaining"":596.3170772000611,""terminal_reserve"":0.0},""2026"":{""allowance"":398.90857553365254,""available_after_reserve"":398.90857653365254,""numerical_guard"":1e-06,""remaining"":399.4520547945221,""terminal_reserve"":0.5434782608695652}}",0.020297200186178088,PASS,280073.5786668854,2213.000126931452,434,192
4,2025-01-04T22:00:00Z,415,503,1777,304,48,63,0,Optimization terminated successfully. (HiGHS Status 7: Optimal),1.794230248054548e-06,292098.4909491337,292098.30263774097,6.446849948524803e-07,1,0.1332385998684913,False,"[{""message"":""Optimization terminated successfully. (HiGHS Status 7: Optimal)"",""mip_feasibility_tolerance"":1e-08,""presolve"":true,""primal_feasibility_tolerance"":1e-08,""solve_seconds"":0.1332326999399811,""status"":0,""time_limit_seconds"":30.0}]",0.01926960004493594,"{""2025"":{""allowance"":594.7373505563107,""available_after_reserve"":594.7373515563107,""numerical_guard"":1e-06,""remaining"":594.7373515563107,""terminal_reserve"":0.0},""2026"":{""allowance"":398.90857553365254,""available_after_reserve"":398.90857653365254,""numerical_guard"":1e-06,""remaining"":399.4520547945221,""terminal_reserve"":0.5434782608695652}}",0.013963599922135472,PASS,291236.9760057894,861.326631951134,433,192
5,2025-01-05T22:00:00Z,420,510,1810,309,46,65,0,Optimization terminated successfully. (HiGHS Status 7: Optimal),0.0,186236.45723519457,186236.4572351946,0.0,1,0.04226560005918145,False,"[{""message"":""Optimization terminated successfully. (HiGHS Status 7: Optimal)"",""mip_feasibility_tolerance"":1e-08,""presolve"":true,""primal_feasibility_tolerance"":1e-08,""solve_seconds"":0.04226059978827834,""status"":0,""time_limit_seconds"":30.0}]",0.015580799896270037,"{""2025"":{""allowance"":593.087936580753,""available_after_reserve"":593.087937580753,""numerical_guard"":1e-06,""remaining"":593.087937580753,""terminal_reserve"":0.0},""2026"":{""allowance"":398.90857553365254,""available_after_reserve"":398.90857653365254,""numerical_guard"":1e-06,""remaining"":399.4520547945221,""terminal_reserve"":0.5434782608695652}}",0.01762919989414513,PASS,185347.5812789403,888.8759562542344,437,192
6,2025-01-06T22:00:00Z,359,439,1531,270,34,55,0,Optimization terminated successfully. (HiGHS Status 7: Optimal),1.1376887334437765e-05,146905.81350854237,146905.06609747553,5.0877147173736046e-06,1,0.04882060014642775,False,"[{""message"":""Optimization terminated successfully. (HiGHS Status 7: Optimal)"",""mip_feasibility_tolerance"":1e-08,""presolve"":true,""primal_feasibility_tolerance"":1e-08,""solve_seconds"":0.048815299989655614,""status"":0,""time_limit_seconds"":30.0}]",0.018910499988123775,"{""2025"":{""allowance"":590.5831473310159,""available_after_reserve"":590.5831483310159,""numerical_guard"":1e-06,""remaining"":590.5831483310159,""terminal_reserve"":0.0},""2026"":{""allowance"":398.90857553365254,""available_after_reserve"":398.90857653365254,""numerical_guard"":1e-06,""remaining"":399.4520547945221,""terminal_reserve"":0.5434782608695652}}",0.012969999806955457,PASS,146300.58536329362,604.4807341818599,411,192
7,2025-01-07T22:00:00Z,423,511,1823,314,46,63,0,Optimization terminated successfully. (HiGHS Status 7: Optimal),2.127480671197108e-15,172261.72586652328,172261.72586652302,1.5205610694598709e-15,1,0.07045229990035295,False,"[{""message"":""Optimization terminated successfully. (HiGHS Status 7: Optimal)"",""mip_feasibility_tolerance"":1e-08,""presolve"":true,""primal_feasibility_tolerance"":1e-08,""solve_seconds"":0.07044630008749664,""status"":0,""time_limit_seconds"":30.0}]",0.015069600194692612,"{""2025"":{""allowance"":588.4530270027909,""available_after_reserve"":588.4530280027909,""numerical_guard"":1e-06,""remaining"":588.4530280027909,""terminal_reserve"":0.0},""2026"":{""allowance"":398.90857553365254,""available_after_reserve"":398.90857653365254,""numerical_guard"":1e-06,""remaining"":399.4520547945221,""terminal_reserve"":0.5434782608695652}}",0.018757800105959177,PASS,167082.11080323494,5179.615063288373,418,192
8,2025-01-08T22:00:00Z,446,540,1944,331,46,69,0,Optimization terminated successfully. (HiGHS Status 7: Optimal),1.476411633123127e-16,200551.915950833,200551.91595083295,2.90237371393338e-16,1,0.07217569998465478,False,"[{""message"":""Optimization terminated successfully. (HiGHS Status 7: Optimal)"",""mip_feasibility_tolerance"":1e-08,""presolve"":true,""primal_feasibility_tolerance"":1e-08,""solve_seconds"":0.07216969993896782,""status"":0,""time_limit_seconds"":30.0}]",0.019725000020116568,"{""2025"":{""allowance"":586.2938987413951,""available_after_reserve"":586.2938997413951,""numerical_guard"":1e-06,""remaining"":586.2938997413951,""terminal_reserve"":0.0},""2026"":{""allowance"":398.90857553365254,""available_after_reserve"":398.90857653365254,""numerical_guard"":1e-06,""remaining"":399.4520547945221,""terminal_reserve"":0.5434782608695652}}",0.019181499956175685,PASS,200551.9159508331,1.8045759819784735e-11,465,192
9,2025-01-09T22:00:00Z,420,510,1816,311,44,65,0,Optimization terminated successfully. (HiGHS Status 7: Optimal),0.0,161824.77197365704,161824.771973657,1.7984780761175075e-16,1,0.07254809979349375,False,"[{""message"":""Optimization terminated successfully. (HiGHS Status 7: Optimal)"",""mip_feasibility_tolerance"":1e-08,""presolve"":true,""primal_feasibility_tolerance"":1e-08,""solve_seconds"":0.0725418000947684,""status"":0,""time_limit_seconds"":30.0}]",0.015499599976465106,"{""2025"":{""allowance"":584.4049187698336,""available_after_reserve"":584.4049197698336,""numerical_guard"":1e-06,""remaining"":584.4049197698336,""terminal_reserve"":0.0},""2026"":{""allowance"":398.90857553365254,""available_after_reserve"":398.90857653365254,""numerical_guard"":1e-06,""remaining"":399.4520547945221,""terminal_reserve"":0.5434782608695652}}",0.019556500017642975,PASS,161570.2291700667,254.54280359027126,460,192
10,2025-01-10T22:00:00Z,426,517,1841,314,46,66,0,Optimization terminated successfully. (HiGHS Status 7: Optimal),4.6910139412665246e-05,118012.77639076542,118010.19929768034,2.1837884355823047e-05,1,0.02526740008033812,False,"[{""message"":""Optimization terminated successfully. (HiGHS Status 7: Optimal)"",""mip_feasibility_tolerance"":1e-08,""presolve"":true,""primal_feasibility_tolerance"":1e-08,""solve_seconds"":0.02526249992661178,""status"":0,""time_limit_seconds"":30.0}]",0.019085200037807226,"{""2025"":{""allowance"":582.3006698527802,""available_after_reserve"":582.3006708527802,""numerical_guard"":1e-06,""remaining"":582.3006708527802,""terminal_reserve"":0.0},""2026"":{""allowance"":398.90857553365254,""available_after_reserve"":398.90857653365254,""numerical_guard"":1e-06,""remaining"":399.4520547945221,""terminal_reserve"":0.5434782608695652}}",0.015647599939256907,PASS,118007.82762913714,2.3716685431487052,446,192
11,2025-01-11T22:00:00Z,417,507,1801,308,44,65,0,Optimization terminated successfully. (HiGHS Status 7: Optimal),1.405500471421465e-15,197597.9394989768,197597.93949897657,1.1783050179785683e-15,1,0.0804098998196423,False,"[{""message"":""Optimization terminated successfully. (HiGHS Status 7: Optimal)"",""mip_feasibility_tolerance"":1e-08,""presolve"":true,""primal_feasibility_tolerance"":1e-08,""solve_seconds"":0.08040240011177957,""status"":0,""time_limit_seconds"":30.0}]",0.023750200169160962,"{""2025"":{""allowance"":580.3211709240894,""available_after_reserve"":580.3211719240894,""numerical_guard"":1e-06,""remaining"":580.3211719240894,""terminal_reserve"":0.0},""2026"":{""allowance"":398.90857553365254,""available_after_reserve"":398.90857653365254,""numerical_guard"":1e-06,""remaining"":399.4520547945221,""terminal_reserve"":0.5434782608695652}}",0.01845490001142025,PASS,194821.58590543002,2776.353593546665,443,192
12,2025-01-12T22:00:00Z,438,531,1903,324,46,68,0,Optimization terminated successfully. (HiGHS Status 7: Optimal),0.0,302501.60005730274,302501.60005730274,0.0,1,0.1638677001465112,False,"[{""message"":""Optimization terminated successfully. (HiGHS Status 7: Optimal)"",""mip_feasibility_tolerance"":1e-08,""presolve"":true,""primal_feasibility_tolerance"":1e-08,""solve_seconds"":0.16386190010234714,""status"":0,""time_limit_seconds"":30.0}]",0.021360799903050065,"{""2025"":{""allowance"":578.7469088965513,""available_after_reserve"":578.7469098965513,""numerical_guard"":1e-06,""remaining"":578.7469098965513,""terminal_reserve"":0.0},""2026"":{""allowance"":398.90857553365254,""available_after_reserve"":398.90857653365254,""numerical_guard"":1e-06,""remaining"":399.4520547945221,""terminal_reserve"":0.5434782608695652}}",0.016502399928867817,PASS,302283.3974824034,218.20257489957243,451,192
13,2025-01-13T22:00:00Z,460,556,2010,341,48,71,0,Optimization terminated successfully. (HiGHS Status 7: Optimal),1.4955597769129523e-07,312010.5447186074,312010.52185654663,7.327336468076849e-08,1,0.13092719996348023,False,"[{""message"":""Optimization terminated successfully. (HiGHS Status 7: Optimal)"",""mip_feasibility_tolerance"":1e-08,""presolve"":true,""primal_feasibility_tolerance"":1e-08,""solve_seconds"":0.13092170003801584,""status"":0,""time_limit_seconds"":30.0}]",0.015879299957305193,"{""2025"":{""allowance"":576.535205534738,""available_after_reserve"":576.535206534738,""numerical_guard"":1e-06,""remaining"":576.535206534738,""terminal_reserve"":0.0},""2026"":{""allowance"":398.90857553365254,""available_after_reserve"":398.90857653365254,""numerical_guard"":1e-06,""remaining"":399.4520547945221,""terminal_reserve"":0.5434782608695652}}",0.017007300164550543,PASS,271992.44141166407,40018.080444882435,478,192
14,2025-01-14T22:00:00Z,447,542,1950,331,46,70,0,Optimization terminated successfully. (HiGHS Status 7: Optimal),7.609495164662569e-06,228803.9991166532,228803.08906111956,3.977461743929806e-06,1,0.10526990005746484,False,"[{""message"":""Optimization terminated successfully. (HiGHS Status 7: Optimal)"",""mip_feasibility_tolerance"":1e-08,""presolve"":true,""primal_feasibility_tolerance"":1e-08,""solve_seconds"":0.10526540013961494,""status"":0,""time_limit_seconds"":30.0}]",0.016442100051790476,"{""2025"":{""allowance"":574.182203847675,""available_after_reserve"":574.182204847675,""numerical_guard"":1e-06,""remaining"":574.182204847675,""terminal_reserve"":0.0},""2026"":{""allowance"":398.90857553365254,""available_after_reserve"":398.90857653365254,""numerical_guard"":1e-06,""remaining"":399.4520547945221,""terminal_reserve"":0.5434782608695652}}",0.014770400011911988,PASS,225969.1280103516,2833.9610507685466,483,192
15,2025-01-15T22:00:00Z,452,546,1968,335,48,69,0,Optimization terminated successfully. (HiGHS Status 7: Optimal),7.210914997820922e-06,220829.48940094357,220828.71900458494,3.4886601801488103e-06,1,0.04249499994330108,False,"[{""message"":""Optimization terminated successfully. (HiGHS Status 7: Optimal)"",""mip_feasibility_tolerance"":1e-08,""presolve"":true,""primal_feasibility_tolerance"":1e-08,""solve_seconds"":0.042490300023928285,""status"":0,""time_limit_seconds"":30.0}]",0.017020100029185414,"{""2025"":{""allowance"":572.2645353466551,""available_after_reserve"":572.2645363466551,""numerical_guard"":1e-06,""remaining"":572.2645363466551,""terminal_reserve"":0.0},""2026"":{""allowance"":398.90857553365254,""available_after_reserve"":398.90857653365254,""numerical_guard"":1e-06,""remaining"":399.4520547945221,""terminal_reserve"":0.5434782608695652}}",0.02015880006365478,PASS,217682.25320251353,3146.46580207151,479,192
16,2025-01-16T22:00:00Z,451,545,1963,334,48,69,0,Optimization terminated successfully. (HiGHS Status 7: Optimal),0.0,171553.13779424463,171553.13779424463,0.0,1,0.09423519996926188,False,"[{""message"":""Optimization terminated successfully. (HiGHS Status 7: Optimal)"",""mip_feasibility_tolerance"":1e-08,""presolve"":true,""primal_feasibility_tolerance"":1e-08,""solve_seconds"":0.09423019993118942,""status"":0,""time_limit_seconds"":30.0}]",0.02233830001205206,"{""2025"":{""allowance"":570.2265069795031,""available_after_reserve"":570.2265079795031,""numerical_guard"":1e-06,""remaining"":570.2265079795031,""terminal_reserve"":0.0},""2026"":{""allowance"":398.90857553365254,""available_after_reserve"":398.90857653365254,""numerical_guard"":1e-06,""remaining"":399.4520547945221,""terminal_reserve"":0.5434782608695652}}",0.013774899998679757,PASS,171553.1377942443,-4.823909692438141e-11,483,192
17,2025-01-17T22:00:00Z,444,535,1931,332,46,66,0,Optimization terminated successfully. (HiGHS Status 7: Optimal),0.0,168830.76934245974,168830.76934245974,0.0,1,0.031339799985289574,False,"[{""message"":""Optimization terminated successfully. (HiGHS Status 7: Optimal)"",""mip_feasibility_tolerance"":1e-08,""presolve"":true,""primal_feasibility_tolerance"":1e-08,""solve_seconds"":0.03133449982851744,""status"":0,""time_limit_seconds"":30.0}]",0.02144169993698597,"{""2025"":{""allowance"":568.1498484412118,""available_after_reserve"":568.1498494412118,""numerical_guard"":1e-06,""remaining"":568.1498494412118,""terminal_reserve"":0.0},""2026"":{""allowance"":398.90857553365254,""available_after_reserve"":398.90857653365254,""numerical_guard"":1e-06,""remaining"":399.4520547945221,""terminal_reserve"":0.5434782608695652}}",0.020886699901893735,PASS,168814.13758736497,16.6317550947426,483,192
18,2025-01-18T22:00:00Z,453,548,1980,337,46,70,0,Optimization terminated successfully. (HiGHS Status 7: Optimal),3.4622449802606187e-16,265552.1843009862,265552.1843009861,2.1919481124468105e-16,1,0.1357392999343574,False,"[{""message"":""Optimization terminated successfully. (HiGHS Status 7: Optimal)"",""mip_feasibility_tolerance"":1e-08,""presolve"":true,""primal_feasibility_tolerance"":1e-08,""solve_seconds"":0.13573280000127852,""status"":0,""time_limit_seconds"":30.0}]",0.023072400130331516,"{""2025"":{""allowance"":566.1820349664309,""available_after_reserve"":566.1820359664309,""numerical_guard"":1e-06,""remaining"":566.1820359664309,""terminal_reserve"":0.0},""2026"":{""allowance"":398.90857553365254,""available_after_reserve"":398.90857653365254,""numerical_guard"":1e-06,""remaining"":399.4520547945221,""terminal_reserve"":0.5434782608695652}}",0.020863200072199106,PASS,232066.88958638257,33485.2947146035,485,192
19,2025-01-19T22:00:00Z,446,539,1943,332,46,68,0,Optimization terminated successfully. (HiGHS Status 7: Optimal),0.0,286664.76402719656,286664.76402719656,0.0,1,0.09560600016266108,False,"[{""message"":""Optimization terminated successfully. (HiGHS Status 7: Optimal)"",""mip_feasibility_tolerance"":1e-08,""presolve"":true,""primal_feasibility_tolerance"":1e-08,""solve_seconds"":0.09559949999675155,""status"":0,""time_limit_seconds"":30.0}]",0.022132599959149957,"{""2025"":{""allowance"":564.998764045965,""available_after_reserve"":564.998765045965,""numerical_guard"":1e-06,""remaining"":564.998765045965,""terminal_reserve"":0.0},""2026"":{""allowance"":398.90857553365254,""available_after_reserve"":398.90857653365254,""numerical_guard"":1e-06,""remaining"":399.4520547945221,""terminal_reserve"":0.5434782608695652}}",0.015191199956461787,PASS,251751.04002719675,34913.72399999996,483,192
20,2025-01-20T22:00:00Z,444,537,1939,332,44,68,0,Optimization terminated successfully. (HiGHS Status 7: Optimal),3.715853603857452e-05,249754.74029253196,249749.82857954496,1.9666531964945145e-05,1,0.11203110008500516,False,"[{""message"":""Optimization terminated successfully. (HiGHS Status 7: Optimal)"",""mip_feasibility_tolerance"":1e-08,""presolve"":true,""primal_feasibility_tolerance"":1e-08,""solve_seconds"":0.11202499992214143,""status"":0,""time_limit_seconds"":30.0}]",0.018328199861571193,"{""2025"":{""allowance"":562.4116410108971,""available_after_reserve"":562.4116420108971,""numerical_guard"":1e-06,""remaining"":562.4116420108971,""terminal_reserve"":0.0},""2026"":{""allowance"":398.90857553365254,""available_after_reserve"":398.90857653365254,""numerical_guard"":1e-06,""remaining"":399.4520547945221,""terminal_reserve"":0.5434782608695652}}",0.021427799947559834,PASS,240866.69897654818,8883.129602995577,480,192
21,2025-01-21T22:00:00Z,422,510,1818,313,46,63,0,Optimization terminated successfully. (HiGHS Status 7: Optimal),1.1943968857170132e-16,363759.0061769085,363759.00617690844,1.6001709902725827e-16,1,0.0998259000480175,False,"[{""message"":""Optimization terminated successfully. (HiGHS Status 7: Optimal)"",""mip_feasibility_tolerance"":1e-08,""presolve"":true,""primal_feasibility_tolerance"":1e-08,""solve_seconds"":0.09982059989124537,""status"":0,""time_limit_seconds"":30.0}]",0.017193600069731474,"{""2025"":{""allowance"":559.8142348503575,""available_after_reserve"":559.8142358503575,""numerical_guard"":1e-06,""remaining"":559.8142358503575,""terminal_reserve"":0.0},""2026"":{""allowance"":398.90857553365254,""available_after_reserve"":398.90857653365254,""numerical_guard"":1e-06,""remaining"":399.4520547945221,""terminal_reserve"":0.5434782608695652}}",0.016031900187954307,PASS,363626.42408626876,132.58209063962803,466,192
22,2025-01-22T22:00:00Z,459,554,2004,341,48,70,0,Optimization terminated successfully. (HiGHS Status 7: Optimal),6.584284533471315e-06,362515.61631023354,362514.81391887245,2.213402957032014e-06,1,0.07331259991042316,False,"[{""message"":""Optimization terminated successfully. (HiGHS Status 7: Optimal)"",""mip_feasibility_tolerance"":1e-08,""presolve"":true,""primal_feasibility_tolerance"":1e-08,""solve_seconds"":0.07330669998191297,""status"":0,""time_limit_seconds"":30.0}]",0.01835839985869825,"{""2025"":{""allowance"":557.7571724130294,""available_after_reserve"":557.7571734130294,""numerical_guard"":1e-06,""remaining"":557.7571734130294,""terminal_reserve"":0.0},""2026"":{""allowance"":398.90857553365254,""available_after_reserve"":398.90857653365254,""numerical_guard"":1e-06,""remaining"":399.4520547945221,""terminal_reserve"":0.5434782608695652}}",0.01778039988130331,PASS,361314.47681017773,1200.3371086948905,473,192
23,2025-01-23T22:00:00Z,425,512,1832,317,46,62,0,Optimization terminated successfully. (HiGHS Status 7: Optimal),1.5298922819262124e-15,241851.6230015384,241851.6230015382,8.423628118296324e-16,1,0.04057319997809827,False,"[{""message"":""Optimization terminated successfully. (HiGHS Status 7: Optimal)"",""mip_feasibility_tolerance"":1e-08,""presolve"":true,""primal_feasibility_tolerance"":1e-08,""solve_seconds"":0.04056749981828034,""status"":0,""time_limit_seconds"":30.0}]",0.02145950007252395,"{""2025"":{""allowance"":555.390834504556,""available_after_reserve"":555.390835504556,""numerical_guard"":1e-06,""remaining"":555.390835504556,""terminal_reserve"":0.0},""2026"":{""allowance"":398.90857553365254,""available_after_reserve"":398.90857653365254,""numerical_guard"":1e-06,""remaining"":399.4520547945221,""terminal_reserve"":0.5434782608695652}}",0.01986090000718832,PASS,241851.6230015382,1.9031910113061674e-10,478,192
24,2025-01-24T22:00:00Z,452,545,1967,336,48,68,0,Optimization terminated successfully. (HiGHS Status 7: Optimal),8.198444668265588e-16,192492.54788152553,192492.54788152385,8.769285798687158e-15,1,0.05538420006632805,False,"[{""message"":""Optimization terminated successfully. (HiGHS Status 7: Optimal)"",""mip_feasibility_tolerance"":1e-08,""presolve"":true,""primal_feasibility_tolerance"":1e-08,""solve_seconds"":0.05537840002216399,""status"":0,""time_limit_seconds"":30.0}]",0.020606399979442358,"{""2025"":{""allowance"":553.1423708980096,""available_after_reserve"":553.1423718980096,""numerical_guard"":1e-06,""remaining"":553.1423718980096,""terminal_reserve"":0.0},""2026"":{""allowance"":398.90857553365254,""available_after_reserve"":398.90857653365254,""numerical_guard"":1e-06,""remaining"":399.4520547945221,""terminal_reserve"":0.5434782608695652}}",0.018961200024932623,PASS,187064.74307761324,5427.804803911122,475,192
25,2025-01-25T22:00:00Z,430,520,1854,317,48,65,0,Optimization terminated successfully. (HiGHS Status 7: Optimal),0.0,270668.7949111026,270668.7949111025,4.3010248693488975e-16,1,0.07307260017842054,False,"[{""message"":""Optimization terminated successfully. (HiGHS Status 7: Optimal)"",""mip_feasibility_tolerance"":1e-08,""presolve"":true,""primal_feasibility_tolerance"":1e-08,""solve_seconds"":0.07306630001403391,""status"":0,""time_limit_seconds"":30.0}]",0.02245520008727908,"{""2025"":{""allowance"":550.9401756030771,""available_after_reserve"":550.9401766030771,""numerical_guard"":1e-06,""remaining"":550.9401766030771,""terminal_reserve"":0.0},""2026"":{""allowance"":398.90857553365254,""available_after_reserve"":398.90857653365254,""numerical_guard"":1e-06,""remaining"":399.4520547945221,""terminal_reserve"":0.5434782608695652}}",0.019980000099167228,PASS,270668.79491110257,-1.537267504403417e-11,472,192
26,2025-01-26T22:00:00Z,433,524,1876,321,46,66,0,Optimization terminated successfully. (HiGHS Status 7: Optimal),0.0,344404.68093871244,344404.68093871244,0.0,1,0.03440160001628101,False,"[{""message"":""Optimization terminated successfully. (HiGHS Status 7: Optimal)"",""mip_feasibility_tolerance"":1e-08,""presolve"":true,""primal_feasibility_tolerance"":1e-08,""solve_seconds"":0.03439559997059405,""status"":0,""time_limit_seconds"":30.0}]",0.017408700194209814,"{""2025"":{""allowance"":549.002848440868,""available_after_reserve"":549.002849440868,""numerical_guard"":1e-06,""remaining"":549.002849440868,""terminal_reserve"":0.0},""2026"":{""allowance"":398.90857553365254,""available_after_reserve"":398.90857653365254,""numerical_guard"":1e-06,""remaining"":399.4520547945221,""terminal_reserve"":0.5434782608695652}}",0.021263600094243884,PASS,344000.6804924302,404.000446282626,459,192
27,2025-01-27T22:00:00Z,449,541,1951,334,48,67,0,Optimization terminated successfully. (HiGHS Status 7: Optimal),2.099122891611368e-06,274501.0808623565,274500.79158097017,1.053845363039209e-06,1,0.09159009996801615,False,"[{""message"":""Optimization terminated successfully. (HiGHS Status 7: Optimal)"",""mip_feasibility_tolerance"":1e-08,""presolve"":true,""primal_feasibility_tolerance"":1e-08,""solve_seconds"":0.09158419980667531,""status"":0,""time_limit_seconds"":30.0}]",0.022729899967089295,"{""2025"":{""allowance"":546.5652871494325,""available_after_reserve"":546.5652881494325,""numerical_guard"":1e-06,""remaining"":546.5652881494325,""terminal_reserve"":0.0},""2026"":{""allowance"":398.90857553365254,""available_after_reserve"":398.90857653365254,""numerical_guard"":1e-06,""remaining"":399.4520547945221,""terminal_reserve"":0.5434782608695652}}",0.012778899865224957,PASS,274229.01377497887,271.7778059910808,474,192
28,2025-01-28T22:00:00Z,427,514,1842,319,46,62,0,Optimization terminated successfully. (HiGHS Status 7: Optimal),5.2764870368138874e-05,297086.7946175569,297078.2527404786,2.8752953134411635e-05,1,0.01748910010792315,False,"[{""message"":""Optimization terminated successfully. (HiGHS Status 7: Optimal)"",""mip_feasibility_tolerance"":1e-08,""presolve"":true,""primal_feasibility_tolerance"":1e-08,""solve_seconds"":0.017483900068327785,""status"":0,""time_limit_seconds"":30.0}]",0.015526399947702885,"{""2025"":{""allowance"":544.7373581605037,""available_after_reserve"":544.7373591605037,""numerical_guard"":1e-06,""remaining"":544.7373591605037,""terminal_reserve"":0.0},""2026"":{""allowance"":398.90857553365254,""available_after_reserve"":398.90857653365254,""numerical_guard"":1e-06,""remaining"":399.4520547945221,""terminal_reserve"":0.5434782608695652}}",0.013915899908170104,PASS,296876.6838387107,201.56890176799095,476,192
29,2025-01-29T22:00:00Z,447,541,1949,332,46,69,0,Optimization terminated successfully. (HiGHS Status 7: Optimal),0.0,254711.37622716516,254711.37622716516,0.0,1,0.08459250000305474,False,"[{""message"":""Optimization terminated successfully. (HiGHS Status 7: Optimal)"",""mip_feasibility_tolerance"":1e-08,""presolve"":true,""primal_feasibility_tolerance"":1e-08,""solve_seconds"":0.08458599983714521,""status"":0,""time_limit_seconds"":30.0}]",0.08778089983388782,"{""2025"":{""allowance"":542.5919619031437,""available_after_reserve"":542.5919629031437,""numerical_guard"":1e-06,""remaining"":542.5919629031437,""terminal_reserve"":0.0},""2026"":{""allowance"":398.90857553365254,""available_after_reserve"":398.90857653365254,""numerical_guard"":1e-06,""remaining"":399.4520547945221,""terminal_reserve"":0.5434782608695652}}",0.013990800129249692,PASS,254711.3762271657,-1.628513442616016e-11,472,192
30,2025-01-30T22:00:00Z,429,520,1856,317,46,66,0,Optimization terminated successfully. (HiGHS Status 7: Optimal),0.0,193709.66305534766,193709.6630553477,0.0,1,0.07291320012882352,False,"[{""message"":""Optimization terminated successfully. (HiGHS Status 7: Optimal)"",""mip_feasibility_tolerance"":1e-08,""presolve"":true,""primal_feasibility_tolerance"":1e-08,""solve_seconds"":0.07290580007247627,""status"":0,""time_limit_seconds"":30.0}]",0.01846280018799007,"{""2025"":{""allowance"":540.4530317593509,""available_after_reserve"":540.4530327593509,""numerical_guard"":1e-06,""remaining"":540.4530327593509,""terminal_reserve"":0.0},""2026"":{""allowance"":398.90857553365254,""available_after_reserve"":398.90857653365254,""numerical_guard"":1e-06,""remaining"":399.4520547945221,""terminal_reserve"":0.5434782608695652}}",0.018681100104004145,PASS,193709.66305534754,-1.0644414771832089e-11,466,192
31,2025-01-31T22:00:00Z,443,536,1928,329,46,68,0,Optimization terminated successfully. (HiGHS Status 7: Optimal),1.7832917580251627e-16,179802.42313974298,179802.42313974298,0.0,1,0.08768230001442134,False,"[{""message"":""Optimization terminated successfully. (HiGHS Status 7: Optimal)"",""mip_feasibility_tolerance"":1e-08,""presolve"":true,""primal_feasibility_tolerance"":1e-08,""solve_seconds"":0.08767589996568859,""status"":0,""time_limit_seconds"":30.0}]",0.016188399866223335,"{""2025"":{""allowance"":538.3240019883145,""available_after_reserve"":538.3240029883145,""numerical_guard"":1e-06,""remaining"":538.3240029883145,""terminal_reserve"":0.0},""2026"":{""allowance"":398.90857553365254,""available_after_reserve"":398.90857653365254,""numerical_guard"":1e-06,""remaining"":399.4520547945221,""terminal_reserve"":0.5434782608695652}}",0.015571699943393469,PASS,179802.4231397431,1.9306422357108965e-11,464,192
32,2025-02-01T22:00:00Z,427,518,1852,317,44,66,0,Optimization terminated successfully. (HiGHS Status 7: Optimal),1.738010795682965e-16,162646.0115172775,162646.0115172775,0.0,1,0.09138939995318651,False,"[{""message"":""Optimization terminated successfully. (HiGHS Status 7: Optimal)"",""mip_feasibility_tolerance"":1e-08,""presolve"":true,""primal_feasibility_tolerance"":1e-08,""solve_seconds"":0.09138299990445375,""status"":0,""time_limit_seconds"":30.0}]",0.022065200144425035,"{""2025"":{""allowance"":536.3769110826792,""available_after_reserve"":536.3769120826792,""numerical_guard"":1e-06,""remaining"":536.3769120826792,""terminal_reserve"":0.0},""2026"":{""allowance"":398.90857553365254,""available_after_reserve"":398.90857653365254,""numerical_guard"":1e-06,""remaining"":399.4520547945221,""terminal_reserve"":0.5434782608695652}}",0.017891200026497245,PASS,162376.31176367268,269.69975360493567,464,192
33,2025-02-02T22:00:00Z,463,559,2025,344,48,71,0,Optimization terminated successfully. (HiGHS Status 7: Optimal),3.7664623389503373e-06,162956.67562390387,162956.36579633184,1.9012916157755807e-06,1,0.08873339998535812,False,"[{""message"":""Optimization terminated successfully. (HiGHS Status 7: Optimal)"",""mip_feasibility_tolerance"":1e-08,""presolve"":true,""primal_feasibility_tolerance"":1e-08,""solve_seconds"":0.08872649981640279,""status"":0,""time_limit_seconds"":30.0}]",0.020283199846744537,"{""2025"":{""allowance"":534.9891664778683,""available_after_reserve"":534.9891674778682,""numerical_guard"":1e-06,""remaining"":534.9891674778682,""terminal_reserve"":0.0},""2026"":{""allowance"":398.90857553365254,""available_after_reserve"":398.90857653365254,""numerical_guard"":1e-06,""remaining"":399.4520547945221,""terminal_reserve"":0.5434782608695652}}",0.01905090012587607,PASS,162243.18360614887,713.1821901828006,476,192
34,2025-02-03T22:00:00Z,452,545,1973,338,46,68,0,Optimization terminated successfully. (HiGHS Status 7: Optimal),0.0,205124.13831019003,205124.13831019,1.4188398643129318e-16,1,0.11082499986514449,False,"[{""message"":""Optimization terminated successfully. (HiGHS Status 7: Optimal)"",""mip_feasibility_tolerance"":1e-08,""presolve"":true,""primal_feasibility_tolerance"":1e-08,""solve_seconds"":0.11081940005533397,""status"":0,""time_limit_seconds"":30.0}]",0.022777700098231435,"{""2025"":{""allowance"":532.7558824135481,""available_after_reserve"":532.7558834135481,""numerical_guard"":1e-06,""remaining"":532.7558834135481,""terminal_reserve"":0.0},""2026"":{""allowance"":398.90857553365254,""available_after_reserve"":398.90857653365254,""numerical_guard"":1e-06,""remaining"":399.4520547945221,""terminal_reserve"":0.5434782608695652}}",0.013771200086921453,PASS,205124.13831018965,-2.4717368063420512e-11,495,192
35,2025-02-04T22:00:00Z,442,536,1918,325,48,69,0,Optimization terminated successfully. (HiGHS Status 7: Optimal),0.0,245410.0527636141,245410.05276361408,1.1859265799827416e-16,1,0.04527630005031824,False,"[{""message"":""Optimization terminated successfully. (HiGHS Status 7: Optimal)"",""mip_feasibility_tolerance"":1e-08,""presolve"":true,""primal_feasibility_tolerance"":1e-08,""solve_seconds"":0.045270799892023206,""status"":0,""time_limit_seconds"":30.0}]",0.01769930007867515,"{""2025"":{""allowance"":530.5985949357341,""available_after_reserve"":530.5985959357341,""numerical_guard"":1e-06,""remaining"":530.5985959357341,""terminal_reserve"":0.0},""2026"":{""allowance"":398.90857553365254,""available_after_reserve"":398.90857653365254,""numerical_guard"":1e-06,""remaining"":399.4520547945221,""terminal_reserve"":0.5434782608695652}}",0.016319700051099062,PASS,243183.51563770082,2226.537125913409,478,192
36,2025-02-05T22:00:00Z,421,510,1826,315,42,64,0,Optimization terminated successfully. (HiGHS Status 7: Optimal),8.98885597808334e-16,197914.8441393813,197914.8441393812,5.882091478946851e-16,1,0.08938929997384548,False,"[{""message"":""Optimization terminated successfully. (HiGHS Status 7: Optimal)"",""mip_feasibility_tolerance"":1e-08,""presolve"":true,""primal_feasibility_tolerance"":1e-08,""solve_seconds"":0.08938369993120432,""status"":0,""time_limit_seconds"":30.0}]",0.02304510003887117,"{""2025"":{""allowance"":528.4799063160917,""available_after_reserve"":528.4799073160917,""numerical_guard"":1e-06,""remaining"":528.4799073160917,""terminal_reserve"":0.0},""2026"":{""allowance"":398.90857553365254,""available_after_reserve"":398.90857653365254,""numerical_guard"":1e-06,""remaining"":399.4520547945221,""terminal_reserve"":0.5434782608695652}}",0.019165900070220232,PASS,193553.40531886506,4361.438820515926,459,192
37,2025-02-06T22:00:00Z,433,524,1870,319,48,66,0,Optimization terminated successfully. (HiGHS Status 7: Optimal),0.0,202433.56776636268,202433.56776636268,0.0,1,0.03520909999497235,False,"[{""message"":""Optimization terminated successfully. (HiGHS Status 7: Optimal)"",""mip_feasibility_tolerance"":1e-08,""presolve"":true,""primal_feasibility_tolerance"":1e-08,""solve_seconds"":0.03520330018363893,""status"":0,""time_limit_seconds"":30.0}]",0.01819580001756549,"{""2025"":{""allowance"":526.4200918106252,""available_after_reserve"":526.4200928106252,""numerical_guard"":1e-06,""remaining"":526.4200928106252,""terminal_reserve"":0.0},""2026"":{""allowance"":398.90857553365254,""available_after_reserve"":398.90857653365254,""numerical_guard"":1e-06,""remaining"":399.4520547945221,""terminal_reserve"":0.5434782608695652}}",0.018769900081679225,PASS,202433.56776636286,-4.456702340505103e-11,456,192
38,2025-02-07T22:00:00Z,444,538,1928,327,48,69,0,Optimization terminated successfully. (HiGHS Status 7: Optimal),0.0,299661.4254426299,299661.4254426299,0.0,1,0.058514000149443746,False,"[{""message"":""Optimization terminated successfully. (HiGHS Status 7: Optimal)"",""mip_feasibility_tolerance"":1e-08,""presolve"":true,""primal_feasibility_tolerance"":1e-08,""solve_seconds"":0.05850729998201132,""status"":0,""time_limit_seconds"":30.0}]",0.02121059992350638,"{""2025"":{""allowance"":524.2676555670321,""available_after_reserve"":524.2676565670321,""numerical_guard"":1e-06,""remaining"":524.2676565670321,""terminal_reserve"":0.0},""2026"":{""allowance"":398.90857553365254,""available_after_reserve"":398.90857653365254,""numerical_guard"":1e-06,""remaining"":399.4520547945221,""terminal_reserve"":0.5434782608695652}}",0.01860699988901615,PASS,299616.73004146625,44.695401163816,463,192
39,2025-02-08T22:00:00Z,440,532,1912,327,46,67,0,Optimization terminated successfully. (HiGHS Status 7: Optimal),1.8611709568528855e-06,315237.0952378019,315236.8268898356,8.512583030277768e-07,1,0.08122580009512603,False,"[{""message"":""Optimization terminated successfully. (HiGHS Status 7: Optimal)"",""mip_feasibility_tolerance"":1e-08,""presolve"":true,""primal_feasibility_tolerance"":1e-08,""solve_seconds"":0.08121880004182458,""status"":0,""time_limit_seconds"":30.0}]",0.024624899961054325,"{""2025"":{""allowance"":522.0582715841515,""available_after_reserve"":522.0582725841515,""numerical_guard"":1e-06,""remaining"":522.0582725841515,""terminal_reserve"":0.0},""2026"":{""allowance"":398.90857553365254,""available_after_reserve"":398.90857653365254,""numerical_guard"":1e-06,""remaining"":399.4520547945221,""terminal_reserve"":0.5434782608695652}}",0.017864099936559796,PASS,315236.8268898356,-1.199136221430308e-10,470,192
40,2025-02-09T22:00:00Z,364,443,1555,276,34,54,0,Optimization terminated successfully. (HiGHS Status 7: Optimal),5.553922835162443e-16,206786.24148356664,206786.2414835666,1.4074355357460567e-16,1,0.05762499989941716,False,"[{""message"":""Optimization terminated successfully. (HiGHS Status 7: Optimal)"",""mip_feasibility_tolerance"":1e-08,""presolve"":true,""primal_feasibility_tolerance"":1e-08,""solve_seconds"":0.05761949997395277,""status"":0,""time_limit_seconds"":30.0}]",0.016515300143510103,"{""2025"":{""allowance"":520.3578152968162,""available_after_reserve"":520.3578162968162,""numerical_guard"":1e-06,""remaining"":520.3578162968162,""terminal_reserve"":0.0},""2026"":{""allowance"":398.90857553365254,""available_after_reserve"":398.90857653365254,""numerical_guard"":1e-06,""remaining"":399.4520547945221,""terminal_reserve"":0.5434782608695652}}",0.01905800006352365,PASS,206723.40853480803,62.832948758369945,434,192
41,2025-02-10T22:00:00Z,395,481,1705,296,38,61,0,Optimization terminated successfully. (HiGHS Status 7: Optimal),1.9442470076481036e-16,211984.55494663134,211984.5549466313,1.3729222142651293e-16,1,0.06505570001900196,False,"[{""message"":""Optimization terminated successfully. (HiGHS Status 7: Optimal)"",""mip_feasibility_tolerance"":1e-08,""presolve"":true,""primal_feasibility_tolerance"":1e-08,""solve_seconds"":0.06504900008440018,""status"":0,""time_limit_seconds"":30.0}]",0.019833300029858947,"{""2025"":{""allowance"":518.3137824711841,""available_after_reserve"":518.3137834711841,""numerical_guard"":1e-06,""remaining"":518.3137834711841,""terminal_reserve"":0.0},""2026"":{""allowance"":398.90857553365254,""available_after_reserve"":398.90857653365254,""numerical_guard"":1e-06,""remaining"":399.4520547945221,""terminal_reserve"":0.5434782608695652}}",0.017977800220251083,PASS,211981.397697114,3.1572495173388018,409,192
42,2025-02-11T22:00:00Z,431,521,1871,322,44,65,0,Optimization terminated successfully. (HiGHS Status 7: Optimal),0.0,277870.53540003963,277870.53540003963,0.0,1,0.07983489986509085,False,"[{""message"":""Optimization terminated successfully. (HiGHS Status 7: Optimal)"",""mip_feasibility_tolerance"":1e-08,""presolve"":true,""primal_feasibility_tolerance"":1e-08,""solve_seconds"":0.07982879993505776,""status"":0,""time_limit_seconds"":30.0}]",0.020036099944263697,"{""2025"":{""allowance"":516.2100741946318,""available_after_reserve"":516.2100751946318,""numerical_guard"":1e-06,""remaining"":516.2100751946318,""terminal_reserve"":0.0},""2026"":{""allowance"":398.90857553365254,""available_after_reserve"":398.90857653365254,""numerical_guard"":1e-06,""remaining"":399.4520547945221,""terminal_reserve"":0.5434782608695652}}",0.01937330001965165,PASS,252585.42577550918,25285.10962452946,444,192
43,2025-02-12T22:00:00Z,437,528,1896,325,46,66,0,Optimization terminated successfully. (HiGHS Status 7: Optimal),1.7757750672684e-05,212392.27858876018,212390.33412705653,9.155132749527587e-06,1,0.12103989999741316,False,"[{""message"":""Optimization terminated successfully. (HiGHS Status 7: Optimal)"",""mip_feasibility_tolerance"":1e-08,""presolve"":true,""primal_feasibility_tolerance"":1e-08,""solve_seconds"":0.1210340999532491,""status"":0,""time_limit_seconds"":30.0}]",0.015932500129565597,"{""2025"":{""allowance"":514.2214621254075,""available_after_reserve"":514.2214631254075,""numerical_guard"":1e-06,""remaining"":514.2214631254075,""terminal_reserve"":0.0},""2026"":{""allowance"":398.90857553365254,""available_after_reserve"":398.90857653365254,""numerical_guard"":1e-06,""remaining"":399.4520547945221,""terminal_reserve"":0.5434782608695652}}",0.02202369994483888,PASS,200019.520488654,12370.813638402355,468,192
44,2025-02-13T22:00:00Z,448,541,1947,332,48,68,0,Optimization terminated successfully. (HiGHS Status 7: Optimal),0.0,168266.5931052852,168266.5931052852,0.0,1,0.05209279991686344,False,"[{""message"":""Optimization terminated successfully. (HiGHS Status 7: Optimal)"",""mip_feasibility_tolerance"":1e-08,""presolve"":true,""primal_feasibility_tolerance"":1e-08,""solve_seconds"":0.05208739987574518,""status"":0,""time_limit_seconds"":30.0}]",0.021239500027149916,"{""2025"":{""allowance"":511.72269990936456,""available_after_reserve"":511.72270090936456,""numerical_guard"":1e-06,""remaining"":511.72270090936456,""terminal_reserve"":0.0},""2026"":{""allowance"":398.90857553365254,""available_after_reserve"":398.90857653365254,""numerical_guard"":1e-06,""remaining"":399.4520547945221,""terminal_reserve"":0.5434782608695652}}",0.019086800049990416,PASS,168177.0571020165,89.53600326860987,475,192
45,2025-02-14T22:00:00Z,450,544,1958,333,48,69,0,Optimization terminated successfully. (HiGHS Status 7: Optimal),0.0,125914.29287084703,125914.29287084703,0.0,1,0.10013829986564815,False,"[{""message"":""Optimization terminated successfully. (HiGHS Status 7: Optimal)"",""mip_feasibility_tolerance"":1e-08,""presolve"":true,""primal_feasibility_tolerance"":1e-08,""solve_seconds"":0.10013270005583763,""status"":0,""time_limit_seconds"":30.0}]",0.02160910004749894,"{""2025"":{""allowance"":509.71134544982226,""available_after_reserve"":509.71134644982226,""numerical_guard"":1e-06,""remaining"":509.71134644982226,""terminal_reserve"":0.0},""2026"":{""allowance"":398.90857553365254,""available_after_reserve"":398.90857653365254,""numerical_guard"":1e-06,""remaining"":399.4520547945221,""terminal_reserve"":0.5434782608695652}}",0.01852439995855093,PASS,125318.1002661048,596.192604742232,480,192
46,2025-02-15T22:00:00Z,415,503,1795,310,42,63,0,Optimization terminated successfully. (HiGHS Status 7: Optimal),3.542093676315942e-05,136487.59438263526,136484.57048887105,2.21555722627269e-05,1,0.08001839998178184,False,"[{""message"":""Optimization terminated successfully. (HiGHS Status 7: Optimal)"",""mip_feasibility_tolerance"":1e-08,""presolve"":true,""primal_feasibility_tolerance"":1e-08,""solve_seconds"":0.08001150004565716,""status"":0,""time_limit_seconds"":30.0}]",0.021809399826452136,"{""2025"":{""allowance"":507.88161485650926,""available_after_reserve"":507.88161585650926,""numerical_guard"":1e-06,""remaining"":507.88161585650926,""terminal_reserve"":0.0},""2026"":{""allowance"":398.90857553365254,""available_after_reserve"":398.90857653365254,""numerical_guard"":1e-06,""remaining"":399.4520547945221,""terminal_reserve"":0.5434782608695652}}",0.018494500080123544,PASS,136484.57048887102,-7.165127395107144e-11,463,192
47,2025-02-16T22:00:00Z,444,537,1933,330,46,68,0,Optimization terminated successfully. (HiGHS Status 7: Optimal),5.661782175633105e-06,196000.55849486915,195999.91358696992,3.2903478753007655e-06,1,0.1804890998173505,False,"[{""message"":""Optimization terminated successfully. (HiGHS Status 7: Optimal)"",""mip_feasibility_tolerance"":1e-08,""presolve"":true,""primal_feasibility_tolerance"":1e-08,""solve_seconds"":0.18048080010339618,""status"":0,""time_limit_seconds"":30.0}]",0.016837199917063117,"{""2025"":{""allowance"":506.37955543204475,""available_after_reserve"":506.37955643204475,""numerical_guard"":1e-06,""remaining"":506.37955643204475,""terminal_reserve"":0.0},""2026"":{""allowance"":398.90857553365254,""available_after_reserve"":398.90857653365254,""numerical_guard"":1e-06,""remaining"":399.4520547945221,""terminal_reserve"":0.5434782608695652}}",0.019700299948453903,PASS,190698.67796958517,5301.2356173848475,461,192
48,2025-02-17T22:00:00Z,440,532,1912,327,46,67,0,Optimization terminated successfully. (HiGHS Status 7: Optimal),7.235903810037089e-06,238535.07862918178,238534.1145307204,4.041763431937104e-06,1,0.10790459997951984,False,"[{""message"":""Optimization terminated successfully. (HiGHS Status 7: Optimal)"",""mip_feasibility_tolerance"":1e-08,""presolve"":true,""primal_feasibility_tolerance"":1e-08,""solve_seconds"":0.10789870005100965,""status"":0,""time_limit_seconds"":30.0}]",0.0181663001421839,"{""2025"":{""allowance"":504.21419114000287,""available_after_reserve"":504.21419214000287,""numerical_guard"":1e-06,""remaining"":504.21419214000287,""terminal_reserve"":0.0},""2026"":{""allowance"":398.90857553365254,""available_after_reserve"":398.90857653365254,""numerical_guard"":1e-06,""remaining"":399.4520547945221,""terminal_reserve"":0.5434782608695652}}",0.020206700079143047,PASS,238355.45440522916,178.66012549118992,474,192
49,2025-02-18T22:00:00Z,449,543,1953,332,48,69,0,Optimization terminated successfully. (HiGHS Status 7: Optimal),3.9585495246348993e-08,331611.95766616304,331611.9496828156,2.4074366037974765e-08,1,0.1561887999996543,False,"[{""message"":""Optimization terminated successfully. (HiGHS Status 7: Optimal)"",""mip_feasibility_tolerance"":1e-08,""presolve"":true,""primal_feasibility_tolerance"":1e-08,""solve_seconds"":0.15618320018984377,""status"":0,""time_limit_seconds"":30.0}]",0.02268729987554252,"{""2025"":{""allowance"":501.9635627278537,""available_after_reserve"":501.9635637278537,""numerical_guard"":1e-06,""remaining"":501.9635637278537,""terminal_reserve"":0.0},""2026"":{""allowance"":398.90857553365254,""available_after_reserve"":398.90857653365254,""numerical_guard"":1e-06,""remaining"":399.4520547945221,""terminal_reserve"":0.5434782608695652}}",0.020581499906256795,PASS,330484.9373207013,1127.0123621149694,475,192
50,2025-02-19T22:00:00Z,430,522,1868,319,44,67,0,Optimization terminated successfully. (HiGHS Status 7: Optimal),1.029581339222044e-06,351318.2587570268,351318.10047127004,4.505482540117513e-07,1,0.1814966001547873,False,"[{""message"":""Optimization terminated successfully. (HiGHS Status 7: Optimal)"",""mip_feasibility_tolerance"":1e-08,""presolve"":true,""primal_feasibility_tolerance"":1e-08,""solve_seconds"":0.18149080011062324,""status"":0,""time_limit_seconds"":30.0}]",0.015668499981984496,"{""2025"":{""allowance"":499.8547914250784,""available_after_reserve"":499.8547924250784,""numerical_guard"":1e-06,""remaining"":499.8547924250784,""terminal_reserve"":0.0},""2026"":{""allowance"":398.90857553365254,""available_after_reserve"":398.90857653365254,""numerical_guard"":1e-06,""remaining"":399.4520547945221,""terminal_reserve"":0.5434782608695652}}",0.020232600159943104,PASS,349932.82963813806,1385.270833131549,467,192
51,2025-02-20T22:00:00Z,397,482,1708,297,40,60,0,Optimization terminated successfully. (HiGHS Status 7: Optimal),0.0,323689.1576741862,323689.1576741862,0.0,1,0.03724179998971522,False,"[{""message"":""Optimization terminated successfully. (HiGHS Status 7: Optimal)"",""mip_feasibility_tolerance"":1e-08,""presolve"":true,""primal_feasibility_tolerance"":1e-08,""solve_seconds"":0.03723549982532859,""status"":0,""time_limit_seconds"":30.0}]",0.019943600054830313,"{""2025"":{""allowance"":497.546785397469,""available_after_reserve"":497.546786397469,""numerical_guard"":1e-06,""remaining"":497.546786397469,""terminal_reserve"":0.0},""2026"":{""allowance"":398.90857553365254,""available_after_reserve"":398.90857653365254,""numerical_guard"":1e-06,""remaining"":399.4520547945221,""terminal_reserve"":0.5434782608695652}}",0.02135890000499785,PASS,323269.84586463904,419.31180954730456,441,192
52,2025-02-21T22:00:00Z,413,502,1780,305,44,64,0,Optimization terminated successfully. (HiGHS Status 7: Optimal),9.912052900202474e-06,309893.9583905204,309892.58114621893,4.444263545759809e-06,1,0.10854459996335208,False,"[{""message"":""Optimization terminated successfully. (HiGHS Status 7: Optimal)"",""mip_feasibility_tolerance"":1e-08,""presolve"":true,""primal_feasibility_tolerance"":1e-08,""solve_seconds"":0.10853799991309643,""status"":0,""time_limit_seconds"":30.0}]",0.019391499925404787,"{""2025"":{""allowance"":495.3521761818177,""available_after_reserve"":495.3521771818177,""numerical_guard"":1e-06,""remaining"":495.3521771818177,""terminal_reserve"":0.0},""2026"":{""allowance"":398.90857553365254,""available_after_reserve"":398.90857653365254,""numerical_guard"":1e-06,""remaining"":399.4520547945221,""terminal_reserve"":0.5434782608695652}}",0.015173699939623475,PASS,309843.490283069,49.09086315005344,430,192
53,2025-02-22T22:00:00Z,448,541,1953,334,46,68,0,Optimization terminated successfully. (HiGHS Status 7: Optimal),0.0,282620.82397111284,282620.82397111284,0.0,1,0.09996669995598495,False,"[{""message"":""Optimization terminated successfully. (HiGHS Status 7: Optimal)"",""mip_feasibility_tolerance"":1e-08,""presolve"":true,""primal_feasibility_tolerance"":1e-08,""solve_seconds"":0.09996120003052056,""status"":0,""time_limit_seconds"":30.0}]",0.017553200013935566,"{""2025"":{""allowance"":493.4532761915508,""available_after_reserve"":493.4532771915508,""numerical_guard"":1e-06,""remaining"":493.4532771915508,""terminal_reserve"":0.0},""2026"":{""allowance"":398.90857553365254,""available_after_reserve"":398.90857653365254,""numerical_guard"":1e-06,""remaining"":399.4520547945221,""terminal_reserve"":0.5434782608695652}}",0.0204434001352638,PASS,281480.8518467273,1139.97212438559,459,192
54,2025-02-23T22:00:00Z,441,533,1917,328,46,67,0,Optimization terminated successfully. (HiGHS Status 7: Optimal),1.828505942752739e-16,301166.14739580115,301166.1473958011,1.932742488383638e-16,1,0.10849749995395541,False,"[{""message"":""Optimization terminated successfully. (HiGHS Status 7: Optimal)"",""mip_feasibility_tolerance"":1e-08,""presolve"":true,""primal_feasibility_tolerance"":1e-08,""solve_seconds"":0.1084909001365304,""status"":0,""time_limit_seconds"":30.0}]",0.02256780001334846,"{""2025"":{""allowance"":491.9710071850641,""available_after_reserve"":491.9710081850641,""numerical_guard"":1e-06,""remaining"":491.9710081850641,""terminal_reserve"":0.0},""2026"":{""allowance"":398.90857553365254,""available_after_reserve"":398.90857653365254,""numerical_guard"":1e-06,""remaining"":399.4520547945221,""terminal_reserve"":0.5434782608695652}}",0.01642800006084144,PASS,282708.7058497234,18457.4415460775,479,192
55,2025-02-24T22:00:00Z,436,528,1892,323,46,67,0,Optimization terminated successfully. (HiGHS Status 7: Optimal),0.0,286925.45152088965,286925.45152088965,0.0,1,0.09853890002705157,False,"[{""message"":""Optimization terminated successfully. (HiGHS Status 7: Optimal)"",""mip_feasibility_tolerance"":1e-08,""presolve"":true,""primal_feasibility_tolerance"":1e-08,""solve_seconds"":0.09853280009701848,""status"":0,""time_limit_seconds"":30.0}]",0.01943719992414117,"{""2025"":{""allowance"":489.7475766235641,""available_after_reserve"":489.7475776235641,""numerical_guard"":1e-06,""remaining"":489.7475776235641,""terminal_reserve"":0.0},""2026"":{""allowance"":398.90857553365254,""available_after_reserve"":398.90857653365254,""numerical_guard"":1e-06,""remaining"":399.4520547945221,""terminal_reserve"":0.5434782608695652}}",0.014415499987080693,PASS,286186.46905669686,738.9824641916945,469,192
56,2025-02-25T22:00:00Z,437,529,1897,324,46,67,0,Optimization terminated successfully. (HiGHS Status 7: Optimal),1.7145162864435521e-07,267873.03879488434,267873.01791753137,7.793749865594642e-08,1,0.07485529989935458,False,"[{""message"":""Optimization terminated successfully. (HiGHS Status 7: Optimal)"",""mip_feasibility_tolerance"":1e-08,""presolve"":true,""primal_feasibility_tolerance"":1e-08,""solve_seconds"":0.0748441000469029,""status"":0,""time_limit_seconds"":30.0}]",0.08121740003116429,"{""2025"":{""allowance"":487.37219669072954,""available_after_reserve"":487.37219769072954,""numerical_guard"":1e-06,""remaining"":487.37219769072954,""terminal_reserve"":0.0},""2026"":{""allowance"":398.90857553365254,""available_after_reserve"":398.90857653365254,""numerical_guard"":1e-06,""remaining"":399.4520547945221,""terminal_reserve"":0.5434782608695652}}",0.01966809993609786,PASS,267639.84766296943,233.1702545614704,465,192
57,2025-02-26T22:00:00Z,460,555,2009,342,48,70,0,Optimization terminated successfully. (HiGHS Status 7: Optimal),0.0,230998.21430361344,230998.2143036134,1.2599158198894547e-16,1,0.058573200134560466,False,"[{""message"":""Optimization terminated successfully. (HiGHS Status 7: Optimal)"",""mip_feasibility_tolerance"":1e-08,""presolve"":true,""primal_feasibility_tolerance"":1e-08,""solve_seconds"":0.058562800055369735,""status"":0,""time_limit_seconds"":30.0}]",0.015509100165218115,"{""2025"":{""allowance"":485.3780016937736,""available_after_reserve"":485.3780026937736,""numerical_guard"":1e-06,""remaining"":485.3780026937736,""terminal_reserve"":0.0},""2026"":{""allowance"":398.90857553365254,""available_after_reserve"":398.90857653365254,""numerical_guard"":1e-06,""remaining"":399.4520547945221,""terminal_reserve"":0.5434782608695652}}",0.020783100044354796,PASS,230724.3116054824,273.9026981311911,481,192
58,2025-02-27T22:00:00Z,461,556,2014,343,48,70,0,Optimization terminated successfully. (HiGHS Status 7: Optimal),8.062990241088021e-06,192110.358564388,192109.68984933497,3.4809022572401114e-06,1,0.03899389994330704,False,"[{""message"":""Optimization terminated successfully. (HiGHS Status 7: Optimal)"",""mip_feasibility_tolerance"":1e-08,""presolve"":true,""primal_feasibility_tolerance"":1e-08,""solve_seconds"":0.038987299893051386,""status"":0,""time_limit_seconds"":30.0}]",0.022509000031277537,"{""2025"":{""allowance"":483.3203972558843,""available_after_reserve"":483.3203982558843,""numerical_guard"":1e-06,""remaining"":483.3203982558843,""terminal_reserve"":0.0},""2026"":{""allowance"":398.90857553365254,""available_after_reserve"":398.90857653365254,""numerical_guard"":1e-06,""remaining"":399.4520547945221,""terminal_reserve"":0.5434782608695652}}",0.017418600153177977,PASS,188188.10827132507,3921.5815780100115,497,192
59,2025-02-28T22:00:00Z,435,527,1893,324,44,67,0,Optimization terminated successfully. (HiGHS Status 7: Optimal),2.7666070501537905e-05,213163.9267771283,213160.14864107582,1.7724401472641175e-05,1,0.08509539999067783,False,"[{""message"":""Optimization terminated successfully. (HiGHS Status 7: Optimal)"",""mip_feasibility_tolerance"":1e-08,""presolve"":true,""primal_feasibility_tolerance"":1e-08,""solve_seconds"":0.08508930006064475,""status"":0,""time_limit_seconds"":30.0}]",0.02199119981378317,"{""2025"":{""allowance"":481.116175657285,""available_after_reserve"":481.116176657285,""numerical_guard"":1e-06,""remaining"":481.116176657285,""terminal_reserve"":0.0},""2026"":{""allowance"":398.90857553365254,""available_after_reserve"":398.90857653365254,""numerical_guard"":1e-06,""remaining"":399.4520547945221,""terminal_reserve"":0.5434782608695652}}",0.018669100012630224,PASS,213160.14864107585,-1.0715553245906526e-09,482,192
60,2025-03-01T22:00:00Z,408,496,1760,303,42,63,0,Optimization terminated successfully. (HiGHS Status 7: Optimal),0.0,345230.9367247459,345230.9367247459,0.0,1,0.09449629997834563,False,"[{""message"":""Optimization terminated successfully. (HiGHS Status 7: Optimal)"",""mip_feasibility_tolerance"":1e-08,""presolve"":true,""primal_feasibility_tolerance"":1e-08,""solve_seconds"":0.09449020004831254,""status"":0,""time_limit_seconds"":30.0}]",0.021084100008010864,"{""2025"":{""allowance"":478.93819375395117,""available_after_reserve"":478.93819475395117,""numerical_guard"":1e-06,""remaining"":478.93819475395117,""terminal_reserve"":0.0},""2026"":{""allowance"":398.90857553365254,""available_after_reserve"":398.90857653365254,""numerical_guard"":1e-06,""remaining"":399.4520547945221,""terminal_reserve"":0.5434782608695652}}",0.01799429999664426,PASS,345059.0067584524,171.92996629355622,449,192
61,2025-03-02T22:00:00Z,383,466,1636,285,40,58,0,Optimization terminated successfully. (HiGHS Status 7: Optimal),5.465466569248058e-06,424007.73157937254,424006.55265346053,2.7804426715449352e-06,1,0.12279499997384846,False,"[{""message"":""Optimization terminated successfully. (HiGHS Status 7: Optimal)"",""mip_feasibility_tolerance"":1e-08,""presolve"":true,""primal_feasibility_tolerance"":1e-08,""solve_seconds"":0.1227893999312073,""status"":0,""time_limit_seconds"":30.0}]",0.02223549992777407,"{""2025"":{""allowance"":476.67546588361535,""available_after_reserve"":476.67546688361534,""numerical_guard"":1e-06,""remaining"":476.67546688361534,""terminal_reserve"":0.0},""2026"":{""allowance"":398.90857553365254,""available_after_reserve"":398.90857653365254,""numerical_guard"":1e-06,""remaining"":399.4520547945221,""terminal_reserve"":0.5434782608695652}}",0.021028100047260523,PASS,422894.98148441245,1111.5711690482462,419,192
62,2025-03-03T22:00:00Z,406,491,1747,304,42,60,0,Optimization terminated successfully. (HiGHS Status 7: Optimal),5.268970267509242e-07,443254.5152679633,443254.3935246619,2.746578560163855e-07,1,0.17771640000864863,False,"[{""message"":""Optimization terminated successfully. (HiGHS Status 7: Optimal)"",""mip_feasibility_tolerance"":1e-08,""presolve"":true,""primal_feasibility_tolerance"":1e-08,""solve_seconds"":0.17771139997057617,""status"":0,""time_limit_seconds"":30.0}]",0.020608199993148446,"{""2025"":{""allowance"":474.4386330556762,""available_after_reserve"":474.4386340556762,""numerical_guard"":1e-06,""remaining"":474.4386340556762,""terminal_reserve"":0.0},""2026"":{""allowance"":398.90857553365254,""available_after_reserve"":398.90857653365254,""numerical_guard"":1e-06,""remaining"":399.4520547945221,""terminal_reserve"":0.5434782608695652}}",0.015308999922126532,PASS,443254.39352466183,1.5464237890228106e-11,423,192
63,2025-03-04T22:00:00Z,433,524,1882,323,44,66,0,Optimization terminated successfully. (HiGHS Status 7: Optimal),2.8070865239563462e-05,416157.21211297996,416151.95423208806,1.2634521689579226e-05,1,0.11787050007842481,False,"[{""message"":""Optimization terminated successfully. (HiGHS Status 7: Optimal)"",""mip_feasibility_tolerance"":1e-08,""presolve"":true,""primal_feasibility_tolerance"":1e-08,""solve_seconds"":0.11786409979686141,""status"":0,""time_limit_seconds"":30.0}]",0.016682300018146634,"{""2025"":{""allowance"":471.9580838229442,""available_after_reserve"":471.9580848229442,""numerical_guard"":1e-06,""remaining"":471.9580848229442,""terminal_reserve"":0.0},""2026"":{""allowance"":398.90857553365254,""available_after_reserve"":398.90857653365254,""numerical_guard"":1e-06,""remaining"":399.4520547945221,""terminal_reserve"":0.5434782608695652}}",0.015221899840980768,PASS,415494.63544949994,657.3187825880515,453,192
64,2025-03-05T22:00:00Z,431,521,1871,322,44,65,0,Optimization terminated successfully. (HiGHS Status 7: Optimal),1.3680427195703362e-05,351399.71378975816,351397.43038869975,6.498058497123649e-06,1,0.04325969982892275,False,"[{""message"":""Optimization terminated successfully. (HiGHS Status 7: Optimal)"",""mip_feasibility_tolerance"":1e-08,""presolve"":true,""primal_feasibility_tolerance"":1e-08,""solve_seconds"":0.04325320012867451,""status"":0,""time_limit_seconds"":30.0}]",0.01736330008134246,"{""2025"":{""allowance"":469.9149166198081,""available_after_reserve"":469.9149176198081,""numerical_guard"":1e-06,""remaining"":469.9149176198081,""terminal_reserve"":0.0},""2026"":{""allowance"":398.90857553365254,""available_after_reserve"":398.90857653365254,""numerical_guard"":1e-06,""remaining"":399.4520547945221,""terminal_reserve"":0.5434782608695652}}",0.020310400053858757,PASS,351379.11378517613,18.316603523638733,466,192
65,2025-03-06T22:00:00Z,448,541,1953,334,46,68,0,Optimization terminated successfully. (HiGHS Status 7: Optimal),1.3613179932768626e-05,275465.9126391877,275464.40655861853,5.467423497616362e-06,1,0.13160250009968877,False,"[{""message"":""Optimization terminated successfully. (HiGHS Status 7: Optimal)"",""mip_feasibility_tolerance"":1e-08,""presolve"":true,""primal_feasibility_tolerance"":1e-08,""solve_seconds"":0.13159439992159605,""status"":0,""time_limit_seconds"":30.0}]",0.02066160016693175,"{""2025"":{""allowance"":467.5596952328467,""available_after_reserve"":467.5596962328467,""numerical_guard"":1e-06,""remaining"":467.5596962328467,""terminal_reserve"":0.0},""2026"":{""allowance"":398.90857553365254,""available_after_reserve"":398.90857653365254,""numerical_guard"":1e-06,""remaining"":399.4520547945221,""terminal_reserve"":0.5434782608695652}}",0.020476599922403693,PASS,275404.9524624706,59.45409614794758,475,192
66,2025-03-07T22:00:00Z,447,540,1942,331,48,68,0,Optimization terminated successfully. (HiGHS Status 7: Optimal),0.0,235195.33720865374,235195.33720865374,0.0,1,0.1071834999602288,False,"[{""message"":""Optimization terminated successfully. (HiGHS Status 7: Optimal)"",""mip_feasibility_tolerance"":1e-08,""presolve"":true,""primal_feasibility_tolerance"":1e-08,""solve_seconds"":0.10717750014737248,""status"":0,""time_limit_seconds"":30.0}]",0.023977600038051605,"{""2025"":{""allowance"":465.17183697120447,""available_after_reserve"":465.17183797120447,""numerical_guard"":1e-06,""remaining"":465.17183797120447,""terminal_reserve"":0.0},""2026"":{""allowance"":398.90857553365254,""available_after_reserve"":398.90857653365254,""numerical_guard"":1e-06,""remaining"":399.4520547945221,""terminal_reserve"":0.5434782608695652}}",0.02174100000411272,PASS,235105.21026867276,90.12693998113649,481,192
67,2025-03-08T22:00:00Z,451,545,1969,336,46,69,0,Optimization terminated successfully. (HiGHS Status 7: Optimal),4.274988462250394e-07,239055.513708185,239055.46473669176,2.0485410483141866e-07,1,0.05318219983018935,False,"[{""message"":""Optimization terminated successfully. (HiGHS Status 7: Optimal)"",""mip_feasibility_tolerance"":1e-08,""presolve"":true,""primal_feasibility_tolerance"":1e-08,""solve_seconds"":0.05317620001733303,""status"":0,""time_limit_seconds"":30.0}]",0.02219879999756813,"{""2025"":{""allowance"":463.54187755541454,""available_after_reserve"":463.54187855541454,""numerical_guard"":1e-06,""remaining"":463.54187855541454,""terminal_reserve"":0.0},""2026"":{""allowance"":398.90857553365254,""available_after_reserve"":398.90857653365254,""numerical_guard"":1e-06,""remaining"":399.4520547945221,""terminal_reserve"":0.5434782608695652}}",0.019592699827626348,PASS,237570.25086590665,1485.2138707854708,482,192
68,2025-03-09T22:00:00Z,433,523,1881,324,44,65,0,Optimization terminated successfully. (HiGHS Status 7: Optimal),1.7994034423124364e-06,259638.55395226408,259638.28626281902,1.0310091354749292e-06,1,0.09011680004186928,False,"[{""message"":""Optimization terminated successfully. (HiGHS Status 7: Optimal)"",""mip_feasibility_tolerance"":1e-08,""presolve"":true,""primal_feasibility_tolerance"":1e-08,""solve_seconds"":0.09011039999313653,""status"":0,""time_limit_seconds"":30.0}]",0.01610080013051629,"{""2025"":{""allowance"":462.0298119985108,""available_after_reserve"":462.0298129985108,""numerical_guard"":1e-06,""remaining"":462.0298129985108,""terminal_reserve"":0.0},""2026"":{""allowance"":398.90857553365254,""available_after_reserve"":398.90857653365254,""numerical_guard"":1e-06,""remaining"":399.4520547945221,""terminal_reserve"":0.5434782608695652}}",0.020601899828761816,PASS,259638.28626281893,-3.982967875515442e-11,478,192
69,2025-03-10T22:00:00Z,455,550,1990,339,46,70,0,Optimization terminated successfully. (HiGHS Status 7: Optimal),1.6896136927775036e-06,260814.6734565066,260814.4802874226,7.40637880942657e-07,1,0.09317040001042187,False,"[{""message"":""Optimization terminated successfully. (HiGHS Status 7: Optimal)"",""mip_feasibility_tolerance"":1e-08,""presolve"":true,""primal_feasibility_tolerance"":1e-08,""solve_seconds"":0.09316450008191168,""status"":0,""time_limit_seconds"":30.0}]",0.018344900105148554,"{""2025"":{""allowance"":459.7838050085708,""available_after_reserve"":459.7838060085708,""numerical_guard"":1e-06,""remaining"":459.7838060085708,""terminal_reserve"":0.0},""2026"":{""allowance"":398.90857553365254,""available_after_reserve"":398.90857653365254,""numerical_guard"":1e-06,""remaining"":399.4520547945221,""terminal_reserve"":0.5434782608695652}}",0.019520699977874756,PASS,260081.42373350126,733.056553921657,480,192
70,2025-03-11T22:00:00Z,401,487,1735,302,38,61,0,Optimization terminated successfully. (HiGHS Status 7: Optimal),1.517213466649229e-16,303500.1480380419,303500.1480380419,0.0,1,0.10105189983732998,False,"[{""message"":""Optimization terminated successfully. (HiGHS Status 7: Optimal)"",""mip_feasibility_tolerance"":1e-08,""presolve"":true,""primal_feasibility_tolerance"":1e-08,""solve_seconds"":0.10104659991338849,""status"":0,""time_limit_seconds"":30.0}]",0.015840200008824468,"{""2025"":{""allowance"":457.62567471214123,""available_after_reserve"":457.62567571214123,""numerical_guard"":1e-06,""remaining"":457.62567571214123,""terminal_reserve"":0.0},""2026"":{""allowance"":398.90857553365254,""available_after_reserve"":398.90857653365254,""numerical_guard"":1e-06,""remaining"":399.4520547945221,""terminal_reserve"":0.5434782608695652}}",0.013929700013250113,PASS,303500.14803804166,1.2781856693067085e-10,462,192
71,2025-03-12T22:00:00Z,398,483,1719,300,38,60,0,Optimization terminated successfully. (HiGHS Status 7: Optimal),4.089668772366856e-06,310543.88997874886,310543.3976912695,1.5852453570126894e-06,1,0.07579030003398657,False,"[{""message"":""Optimization terminated successfully. (HiGHS Status 7: Optimal)"",""mip_feasibility_tolerance"":1e-08,""presolve"":true,""primal_feasibility_tolerance"":1e-08,""solve_seconds"":0.0757850999943912,""status"":0,""time_limit_seconds"":30.0}]",0.015067500062286854,"{""2025"":{""allowance"":455.42319052340434,""available_after_reserve"":455.42319152340434,""numerical_guard"":1e-06,""remaining"":455.42319152340434,""terminal_reserve"":0.0},""2026"":{""allowance"":398.90857553365254,""available_after_reserve"":398.90857653365254,""numerical_guard"":1e-06,""remaining"":399.4520547945221,""terminal_reserve"":0.5434782608695652}}",0.01638960000127554,PASS,310543.3976912698,3.3861998449680186e-11,433,192
72,2025-03-13T22:00:00Z,378,460,1628,287,34,57,0,Optimization terminated successfully. (HiGHS Status 7: Optimal),1.7429098750758888e-16,202217.25572088422,202217.2557208842,1.4392357542872133e-16,1,0.08438000013120472,False,"[{""message"":""Optimization terminated successfully. (HiGHS Status 7: Optimal)"",""mip_feasibility_tolerance"":1e-08,""presolve"":true,""primal_feasibility_tolerance"":1e-08,""solve_seconds"":0.0843736999668181,""status"":0,""time_limit_seconds"":30.0}]",0.014538800111040473,"{""2025"":{""allowance"":453.0545747074587,""available_after_reserve"":453.0545757074587,""numerical_guard"":1e-06,""remaining"":453.0545757074587,""terminal_reserve"":0.0},""2026"":{""allowance"":398.90857553365254,""available_after_reserve"":398.90857653365254,""numerical_guard"":1e-06,""remaining"":399.4520547945221,""terminal_reserve"":0.5434782608695652}}",0.02027600002475083,PASS,202217.2557208842,1.6718187752691924e-11,422,192
73,2025-03-14T22:00:00Z,430,521,1867,320,44,66,0,Optimization terminated successfully. (HiGHS Status 7: Optimal),2.523290610012746e-06,213839.01348873007,213838.6808752672,1.555441052628282e-06,1,0.10956829995848238,False,"[{""message"":""Optimization terminated successfully. (HiGHS Status 7: Optimal)"",""mip_feasibility_tolerance"":1e-08,""presolve"":true,""primal_feasibility_tolerance"":1e-08,""solve_seconds"":0.10956269991584122,""status"":0,""time_limit_seconds"":30.0}]",0.018919199937954545,"{""2025"":{""allowance"":450.98729495775,""available_after_reserve"":450.98729595775,""numerical_guard"":1e-06,""remaining"":450.98729595775,""terminal_reserve"":0.0},""2026"":{""allowance"":398.90857553365254,""available_after_reserve"":398.90857653365254,""numerical_guard"":1e-06,""remaining"":399.4520547945221,""terminal_reserve"":0.5434782608695652}}",0.01444170018658042,PASS,213609.59859768717,229.08227757989448,436,192
74,2025-03-15T22:00:00Z,428,518,1856,319,44,65,0,Optimization terminated successfully. (HiGHS Status 7: Optimal),5.578601447217361e-07,281224.6117733524,281224.5273805945,3.0009031800871467e-07,1,0.12740770005621016,False,"[{""message"":""Optimization terminated successfully. (HiGHS Status 7: Optimal)"",""mip_feasibility_tolerance"":1e-08,""presolve"":true,""primal_feasibility_tolerance"":1e-08,""solve_seconds"":0.12740240013226867,""status"":0,""time_limit_seconds"":30.0}]",0.019835100043565035,"{""2025"":{""allowance"":448.9896173123661,""available_after_reserve"":448.9896183123661,""numerical_guard"":1e-06,""remaining"":448.9896183123661,""terminal_reserve"":0.0},""2026"":{""allowance"":398.90857553365254,""available_after_reserve"":398.90857653365254,""numerical_guard"":1e-06,""remaining"":399.4520547945221,""terminal_reserve"":0.5434782608695652}}",0.01763649983331561,PASS,281224.52738059446,5.82341703747602e-11,460,192
75,2025-03-16T22:00:00Z,447,540,1942,331,48,68,0,Optimization terminated successfully. (HiGHS Status 7: Optimal),0.0,388317.47412096395,388317.4741209639,1.4989709398278396e-16,1,0.09697349998168647,False,"[{""message"":""Optimization terminated successfully. (HiGHS Status 7: Optimal)"",""mip_feasibility_tolerance"":1e-08,""presolve"":true,""primal_feasibility_tolerance"":1e-08,""solve_seconds"":0.09696769993752241,""status"":0,""time_limit_seconds"":30.0}]",0.017692799912765622,"{""2025"":{""allowance"":447.52064527596224,""available_after_reserve"":447.52064627596224,""numerical_guard"":1e-06,""remaining"":447.52064627596224,""terminal_reserve"":0.0},""2026"":{""allowance"":398.90857553365254,""available_after_reserve"":398.90857653365254,""numerical_guard"":1e-06,""remaining"":399.4520547945221,""terminal_reserve"":0.5434782608695652}}",0.018098399974405766,PASS,388317.4741209641,8.671078752797712e-11,469,192
76,2025-03-17T22:00:00Z,455,549,1989,340,46,69,0,Optimization terminated successfully. (HiGHS Status 7: Optimal),0.0,420408.81322425907,420408.81322425907,0.0,1,0.13472349988296628,False,"[{""message"":""Optimization terminated successfully. (HiGHS Status 7: Optimal)"",""mip_feasibility_tolerance"":1e-08,""presolve"":true,""primal_feasibility_tolerance"":1e-08,""solve_seconds"":0.13471769983880222,""status"":0,""time_limit_seconds"":30.0}]",0.01915280008688569,"{""2025"":{""allowance"":445.20833428392376,""available_after_reserve"":445.20833528392376,""numerical_guard"":1e-06,""remaining"":445.20833528392376,""terminal_reserve"":0.0},""2026"":{""allowance"":398.90857553365254,""available_after_reserve"":398.90857653365254,""numerical_guard"":1e-06,""remaining"":399.4520547945221,""terminal_reserve"":0.5434782608695652}}",0.018923999974504113,PASS,420408.81322425883,-2.674261025958913e-11,486,192
77,2025-03-18T22:00:00Z,420,510,1822,313,42,65,0,Optimization terminated successfully. (HiGHS Status 7: Optimal),1.4612775423413366e-05,346212.3779688161,346209.9688434785,6.958567211850526e-06,1,0.10673199989832938,False,"[{""message"":""Optimization terminated successfully. (HiGHS Status 7: Optimal)"",""mip_feasibility_tolerance"":1e-08,""presolve"":true,""primal_feasibility_tolerance"":1e-08,""solve_seconds"":0.10672610020264983,""status"":0,""time_limit_seconds"":30.0}]",0.015306399902328849,"{""2025"":{""allowance"":442.722652616996,""available_after_reserve"":442.722653616996,""numerical_guard"":1e-06,""remaining"":442.722653616996,""terminal_reserve"":0.0},""2026"":{""allowance"":398.90857553365254,""available_after_reserve"":398.90857653365254,""numerical_guard"":1e-06,""remaining"":399.4520547945221,""terminal_reserve"":0.5434782608695652}}",0.020270499866455793,PASS,346054.4306724662,155.5381710124182,471,192
78,2025-03-19T22:00:00Z,432,523,1877,322,44,66,0,Optimization terminated successfully. (HiGHS Status 7: Optimal),0.0,333509.96623004915,333509.96623004915,0.0,1,0.14205379993654788,False,"[{""message"":""Optimization terminated successfully. (HiGHS Status 7: Optimal)"",""mip_feasibility_tolerance"":1e-08,""presolve"":true,""primal_feasibility_tolerance"":1e-08,""solve_seconds"":0.142047300003469,""status"":0,""time_limit_seconds"":30.0}]",0.023849499877542257,"{""2025"":{""allowance"":440.31423262310045,""available_after_reserve"":440.31423362310045,""numerical_guard"":1e-06,""remaining"":440.31423362310045,""terminal_reserve"":0.0},""2026"":{""allowance"":398.90857553365254,""available_after_reserve"":398.90857653365254,""numerical_guard"":1e-06,""remaining"":399.4520547945221,""terminal_reserve"":0.5434782608695652}}",0.02122209989465773,PASS,333509.96623004903,5.237091649235027e-13,456,192
79,2025-03-20T22:00:00Z,460,556,2010,341,48,71,0,Optimization terminated successfully. (HiGHS Status 7: Optimal),7.440107250451874e-06,295157.95277932205,295157.0150246231,3.177138442373087e-06,1,0.15563599998131394,False,"[{""message"":""Optimization terminated successfully. (HiGHS Status 7: Optimal)"",""mip_feasibility_tolerance"":1e-08,""presolve"":true,""primal_feasibility_tolerance"":1e-08,""solve_seconds"":0.15562910004518926,""status"":0,""time_limit_seconds"":30.0}]",0.022260400000959635,"{""2025"":{""allowance"":438.0917143674085,""available_after_reserve"":438.0917153674085,""numerical_guard"":1e-06,""remaining"":438.0917153674085,""terminal_reserve"":0.0},""2026"":{""allowance"":398.90857553365254,""available_after_reserve"":398.90857653365254,""numerical_guard"":1e-06,""remaining"":399.4520547945221,""terminal_reserve"":0.5434782608695652}}",0.02564650005660951,PASS,294709.7499935653,447.2650310580058,478,192
80,2025-03-21T22:00:00Z,428,517,1855,320,44,64,0,Optimization terminated successfully. (HiGHS Status 7: Optimal),3.941234891495252e-16,235071.2748249678,235071.27482496778,1.2380853627651522e-16,1,0.09252860001288354,False,"[{""message"":""Optimization terminated successfully. (HiGHS Status 7: Optimal)"",""mip_feasibility_tolerance"":1e-08,""presolve"":true,""primal_feasibility_tolerance"":1e-08,""solve_seconds"":0.09252299997024238,""status"":0,""time_limit_seconds"":30.0}]",0.022851800080388784,"{""2025"":{""allowance"":435.68099419062,""available_after_reserve"":435.68099519062,""numerical_guard"":1e-06,""remaining"":435.68099519062,""terminal_reserve"":0.0},""2026"":{""allowance"":398.90857553365254,""available_after_reserve"":398.90857653365254,""numerical_guard"":1e-06,""remaining"":399.4520547945221,""terminal_reserve"":0.5434782608695652}}",0.019875199999660254,PASS,235071.27482496793,1.6259158730491664e-11,478,192
81,2025-03-22T22:00:00Z,442,535,1923,328,46,68,0,Optimization terminated successfully. (HiGHS Status 7: Optimal),4.222960360692386e-16,212411.7445562838,212411.7445562838,0.0,1,0.1481087999418378,False,"[{""message"":""Optimization terminated successfully. (HiGHS Status 7: Optimal)"",""mip_feasibility_tolerance"":1e-08,""presolve"":true,""primal_feasibility_tolerance"":1e-08,""solve_seconds"":0.148102100007236,""status"":0,""time_limit_seconds"":30.0}]",0.02033329987898469,"{""2025"":{""allowance"":434.00410930546127,""available_after_reserve"":434.00411030546127,""numerical_guard"":1e-06,""remaining"":434.00411030546127,""terminal_reserve"":0.0},""2026"":{""allowance"":398.90857553365254,""available_after_reserve"":398.90857653365254,""numerical_guard"":1e-06,""remaining"":399.4520547945221,""terminal_reserve"":0.5434782608695652}}",0.02041490003466606,PASS,212411.74455628372,5.4704173635400365e-11,468,192
82,2025-03-23T22:00:00Z,413,502,1786,307,42,64,0,Optimization terminated successfully. (HiGHS Status 7: Optimal),2.707498790454907e-06,267097.8931027387,267097.4434476536,1.6834870424048473e-06,1,0.07675349991768599,False,"[{""message"":""Optimization terminated successfully. (HiGHS Status 7: Optimal)"",""mip_feasibility_tolerance"":1e-08,""presolve"":true,""primal_feasibility_tolerance"":1e-08,""solve_seconds"":0.07674719998613,""status"":0,""time_limit_seconds"":30.0}]",0.02030669990926981,"{""2025"":{""allowance"":432.20438041798883,""available_after_reserve"":432.2043814179888,""numerical_guard"":1e-06,""remaining"":432.2043814179888,""terminal_reserve"":0.0},""2026"":{""allowance"":398.90857553365254,""available_after_reserve"":398.90857653365254,""numerical_guard"":1e-06,""remaining"":399.4520547945221,""terminal_reserve"":0.5434782608695652}}",0.022850999841466546,PASS,266153.4108852491,944.0325624037548,455,192
83,2025-03-24T22:00:00Z,426,515,1839,316,46,64,0,Optimization terminated successfully. (HiGHS Status 7: Optimal),1.4747291493003563e-16,360234.1804514233,360234.1804514233,0.0,1,0.09630730003118515,False,"[{""message"":""Optimization terminated successfully. (HiGHS Status 7: Optimal)"",""mip_feasibility_tolerance"":1e-08,""presolve"":true,""primal_feasibility_tolerance"":1e-08,""solve_seconds"":0.09630040009506047,""status"":0,""time_limit_seconds"":30.0}]",0.016974400030449033,"{""2025"":{""allowance"":429.94404429852375,""available_after_reserve"":429.94404529852375,""numerical_guard"":1e-06,""remaining"":429.94404529852375,""terminal_reserve"":0.0},""2026"":{""allowance"":398.90857553365254,""available_after_reserve"":398.90857653365254,""numerical_guard"":1e-06,""remaining"":399.4520547945221,""terminal_reserve"":0.5434782608695652}}",0.021342300111427903,PASS,359553.29030371533,680.8901477079336,447,192
84,2025-03-25T22:00:00Z,463,557,2023,346,48,69,0,Optimization terminated successfully. (HiGHS Status 7: Optimal),0.0,352933.89431532804,352933.8943153281,0.0,1,0.11754290014505386,False,"[{""message"":""Optimization terminated successfully. (HiGHS Status 7: Optimal)"",""mip_feasibility_tolerance"":1e-08,""presolve"":true,""primal_feasibility_tolerance"":1e-08,""solve_seconds"":0.1175369000993669,""status"":0,""time_limit_seconds"":30.0}]",0.02190829999744892,"{""2025"":{""allowance"":427.65576946810313,""available_after_reserve"":427.6557704681031,""numerical_guard"":1e-06,""remaining"":427.6557704681031,""terminal_reserve"":0.0},""2026"":{""allowance"":398.90857553365254,""available_after_reserve"":398.90857653365254,""numerical_guard"":1e-06,""remaining"":399.4520547945221,""terminal_reserve"":0.5434782608695652}}",0.02912720013409853,PASS,352933.89431532816,7.311354484803209e-12,481,192
85,2025-03-26T22:00:00Z,438,528,1900,327,46,65,0,Optimization terminated successfully. (HiGHS Status 7: Optimal),7.988709134002892e-07,291867.0549539425,291866.9467647331,3.70679895629166e-07,1,0.11190910008735955,False,"[{""message"":""Optimization terminated successfully. (HiGHS Status 7: Optimal)"",""mip_feasibility_tolerance"":1e-08,""presolve"":true,""primal_feasibility_tolerance"":1e-08,""solve_seconds"":0.11190270003862679,""status"":0,""time_limit_seconds"":30.0}]",0.03236480010673404,"{""2025"":{""allowance"":425.4453718032812,""available_after_reserve"":425.4453728032812,""numerical_guard"":1e-06,""remaining"":425.4453728032812,""terminal_reserve"":0.0},""2026"":{""allowance"":398.90857553365254,""available_after_reserve"":398.90857653365254,""numerical_guard"":1e-06,""remaining"":399.4520547945221,""terminal_reserve"":0.5434782608695652}}",0.021329299779608846,PASS,291742.6213794383,124.32538529500744,491,192
86,2025-03-27T22:00:00Z,470,565,2059,352,48,70,0,Optimization terminated successfully. (HiGHS Status 7: Optimal),0.0,216279.6185379566,216279.61853795662,0.0,1,0.17831159988418221,False,"[{""message"":""Optimization terminated successfully. (HiGHS Status 7: Optimal)"",""mip_feasibility_tolerance"":1e-08,""presolve"":true,""primal_feasibility_tolerance"":1e-08,""solve_seconds"":0.17830589995719492,""status"":0,""time_limit_seconds"":30.0}]",0.08817100012674928,"{""2025"":{""allowance"":423.0443960140634,""available_after_reserve"":423.0443970140634,""numerical_guard"":1e-06,""remaining"":423.0443970140634,""terminal_reserve"":0.0},""2026"":{""allowance"":398.90857553365254,""available_after_reserve"":398.90857653365254,""numerical_guard"":1e-06,""remaining"":399.4520547945221,""terminal_reserve"":0.5434782608695652}}",0.021890300093218684,PASS,216194.3422210413,85.2763169153265,496,192
87,2025-03-28T22:00:00Z,421,510,1824,310,46,65,0,Optimization terminated successfully. (HiGHS Status 7: Optimal),7.854737688167469e-05,262902.2401836771,262887.98801339127,5.421385128149829e-05,1,0.16546320007182658,False,"[{""message"":""Optimization terminated successfully. (HiGHS Status 7: Optimal)"",""mip_feasibility_tolerance"":1e-08,""presolve"":true,""primal_feasibility_tolerance"":1e-08,""solve_seconds"":0.1654580000322312,""status"":0,""time_limit_seconds"":30.0}]",0.01954799983650446,"{""2025"":{""allowance"":420.7717210461677,""available_after_reserve"":420.7717220461677,""numerical_guard"":1e-06,""remaining"":420.7717220461677,""terminal_reserve"":0.0},""2026"":{""allowance"":398.90857553365254,""available_after_reserve"":398.90857653365254,""numerical_guard"":1e-06,""remaining"":399.4520547945221,""terminal_reserve"":0.5434782608695652}}",0.01627639983780682,PASS,262886.45449388726,1.5335195038568832,480,188
88,2025-03-29T22:00:00Z,424,513,1835,316,44,64,0,Optimization terminated successfully. (HiGHS Status 7: Optimal),1.1858777376947735e-05,443708.0998172172,443704.9720454005,7.04921516277316e-06,1,0.13974060001783073,False,"[{""message"":""Optimization terminated successfully. (HiGHS Status 7: Optimal)"",""mip_feasibility_tolerance"":1e-08,""presolve"":true,""primal_feasibility_tolerance"":1e-08,""solve_seconds"":0.13973539997823536,""status"":0,""time_limit_seconds"":30.0}]",0.017649800051003695,"{""2025"":{""allowance"":419.339531831597,""available_after_reserve"":419.339532831597,""numerical_guard"":1e-06,""remaining"":419.339532831597,""terminal_reserve"":0.0},""2026"":{""allowance"":398.90857553365254,""available_after_reserve"":398.90857653365254,""numerical_guard"":1e-06,""remaining"":399.4520547945221,""terminal_reserve"":0.5434782608695652}}",0.01804880006238818,PASS,443704.97204540065,5.857177338697284e-11,450,188
89,2025-03-30T21:00:00Z,416,504,1800,311,42,63,0,Optimization terminated successfully. (HiGHS Status 7: Optimal),1.5700473261721206e-16,447031.74126984726,447031.74126984726,0.0,1,0.08268300001509488,False,"[{""message"":""Optimization terminated successfully. (HiGHS Status 7: Optimal)"",""mip_feasibility_tolerance"":1e-08,""presolve"":true,""primal_feasibility_tolerance"":1e-08,""solve_seconds"":0.08267679996788502,""status"":0,""time_limit_seconds"":30.0}]",0.02626470010727644,"{""2025"":{""allowance"":417.14425573098123,""available_after_reserve"":417.1442567309812,""numerical_guard"":1e-06,""remaining"":417.1442567309812,""terminal_reserve"":0.0},""2026"":{""allowance"":398.90857553365254,""available_after_reserve"":398.90857653365254,""numerical_guard"":1e-06,""remaining"":399.4520547945221,""terminal_reserve"":0.5434782608695652}}",0.02168449992313981,PASS,446002.1268628318,1029.6144070154905,452,192
90,2025-03-31T21:00:00Z,415,503,1795,310,42,63,0,Optimization terminated successfully. (HiGHS Status 7: Optimal),0.0,388360.2383031396,388360.2383031397,0.0,1,0.07926309993490577,False,"[{""message"":""Optimization terminated successfully. (HiGHS Status 7: Optimal)"",""mip_feasibility_tolerance"":1e-08,""presolve"":true,""primal_feasibility_tolerance"":1e-08,""solve_seconds"":0.07925629988312721,""status"":0,""time_limit_seconds"":30.0}]",0.02433839999139309,"{""2025"":{""allowance"":414.76219712954924,""available_after_reserve"":414.76219812954923,""numerical_guard"":1e-06,""remaining"":414.76219812954923,""terminal_reserve"":0.0},""2026"":{""allowance"":398.90857553365254,""available_after_reserve"":398.90857653365254,""numerical_guard"":1e-06,""remaining"":399.4520547945221,""terminal_reserve"":0.5434782608695652}}",0.02385509992018342,PASS,387851.0650729377,509.17323020215457,447,192
91,2025-04-01T21:00:00Z,398,485,1715,296,40,62,0,Optimization terminated successfully. (HiGHS Status 7: Optimal),0.0,438063.01109976496,438063.01109976496,0.0,1,0.11282109981402755,False,"[{""message"":""Optimization terminated successfully. (HiGHS Status 7: Optimal)"",""mip_feasibility_tolerance"":1e-08,""presolve"":true,""primal_feasibility_tolerance"":1e-08,""solve_seconds"":0.112815200118348,""status"":0,""time_limit_seconds"":30.0}]",0.02948720008134842,"{""2025"":{""allowance"":412.4314935405645,""available_after_reserve"":412.4314945405645,""numerical_guard"":1e-06,""remaining"":412.4314945405645,""terminal_reserve"":0.0},""2026"":{""allowance"":398.90857553365254,""available_after_reserve"":398.90857653365254,""numerical_guard"":1e-06,""remaining"":399.4520547945221,""terminal_reserve"":0.5434782608695652}}",0.02553779981099069,PASS,437999.22861755366,63.782482210684094,433,192
92,2025-04-02T21:00:00Z,443,536,1928,329,46,68,0,Optimization terminated successfully. (HiGHS Status 7: Optimal),4.735380734027268e-06,399204.5239124126,399203.735090564,1.975988146493851e-06,1,0.180665000109002,False,"[{""message"":""Optimization terminated successfully. (HiGHS Status 7: Optimal)"",""mip_feasibility_tolerance"":1e-08,""presolve"":true,""primal_feasibility_tolerance"":1e-08,""solve_seconds"":0.18065820005722344,""status"":0,""time_limit_seconds"":30.0}]",0.029061600100249052,"{""2025"":{""allowance"":410.0949898873308,""available_after_reserve"":410.0949908873308,""numerical_guard"":1e-06,""remaining"":410.0949908873308,""terminal_reserve"":0.0},""2026"":{""allowance"":398.90857553365254,""available_after_reserve"":398.90857653365254,""numerical_guard"":1e-06,""remaining"":399.4520547945221,""terminal_reserve"":0.5434782608695652}}",0.020196400117129087,PASS,399203.7350905641,2.8678115882030395e-12,447,192
93,2025-04-03T21:00:00Z,427,518,1852,317,44,66,0,Optimization terminated successfully. (HiGHS Status 7: Optimal),6.895306105847833e-05,429881.2845085091,429863.02168184123,4.248522377294129e-05,1,0.16204039985314012,False,"[{""message"":""Optimization terminated successfully. (HiGHS Status 7: Optimal)"",""mip_feasibility_tolerance"":1e-08,""presolve"":true,""primal_feasibility_tolerance"":1e-08,""solve_seconds"":0.16203509992919862,""status"":0,""time_limit_seconds"":30.0}]",0.016883199801668525,"{""2025"":{""allowance"":407.79691120018845,""available_after_reserve"":407.79691220018844,""numerical_guard"":1e-06,""remaining"":407.79691220018844,""terminal_reserve"":0.0},""2026"":{""allowance"":398.90857553365254,""available_after_reserve"":398.90857653365254,""numerical_guard"":1e-06,""remaining"":399.4520547945221,""terminal_reserve"":0.5434782608695652}}",0.014476099982857704,PASS,429496.5405280141,366.4811538266709,464,192
94,2025-04-04T21:00:00Z,457,551,1999,342,46,69,0,Optimization terminated successfully. (HiGHS Status 7: Optimal),0.0,384352.0868894267,384352.08688942663,1.5144359273431767e-16,1,0.1164933000691235,False,"[{""message"":""Optimization terminated successfully. (HiGHS Status 7: Optimal)"",""mip_feasibility_tolerance"":1e-08,""presolve"":true,""primal_feasibility_tolerance"":1e-08,""solve_seconds"":0.11648710002191365,""status"":0,""time_limit_seconds"":30.0}]",0.028323299949988723,"{""2025"":{""allowance"":405.4908671136899,""available_after_reserve"":405.4908681136899,""numerical_guard"":1e-06,""remaining"":405.4908681136899,""terminal_reserve"":0.0},""2026"":{""allowance"":398.90857553365254,""available_after_reserve"":398.90857653365254,""numerical_guard"":1e-06,""remaining"":399.4520547945221,""terminal_reserve"":0.5434782608695652}}",0.014144799904897809,PASS,384352.08688942686,3.1904653141623385e-12,476,192
95,2025-04-05T21:00:00Z,414,503,1785,306,44,64,0,Optimization terminated successfully. (HiGHS Status 7: Optimal),8.84654839004896e-06,323374.34899764915,323372.5455533674,5.576986378538049e-06,1,0.1115238000638783,False,"[{""message"":""Optimization terminated successfully. (HiGHS Status 7: Optimal)"",""mip_feasibility_tolerance"":1e-08,""presolve"":true,""primal_feasibility_tolerance"":1e-08,""solve_seconds"":0.11151849990710616,""status"":0,""time_limit_seconds"":30.0}]",0.017629600130021572,"{""2025"":{""allowance"":403.30315149165193,""available_after_reserve"":403.30315249165193,""numerical_guard"":1e-06,""remaining"":403.30315249165193,""terminal_reserve"":0.0},""2026"":{""allowance"":398.90857553365254,""available_after_reserve"":398.90857653365254,""numerical_guard"":1e-06,""remaining"":399.4520547945221,""terminal_reserve"":0.5434782608695652}}",0.01395199983380735,PASS,323372.5455533677,-6.518748421058262e-11,467,192
96,2025-04-06T21:00:00Z,434,525,1881,322,46,66,0,Optimization terminated successfully. (HiGHS Status 7: Optimal),7.551306658931367e-06,448492.1814248032,448490.3181820017,4.154477200454388e-06,1,0.09027529996819794,False,"[{""message"":""Optimization terminated successfully. (HiGHS Status 7: Optimal)"",""mip_feasibility_tolerance"":1e-08,""presolve"":true,""primal_feasibility_tolerance"":1e-08,""solve_seconds"":0.09026990015991032,""status"":0,""time_limit_seconds"":30.0}]",0.0157538999337703,"{""2025"":{""allowance"":401.2121378807936,""available_after_reserve"":401.2121388807936,""numerical_guard"":1e-06,""remaining"":401.2121388807936,""terminal_reserve"":0.0},""2026"":{""allowance"":398.90857553365254,""available_after_reserve"":398.90857653365254,""numerical_guard"":1e-06,""remaining"":399.4520547945221,""terminal_reserve"":0.5434782608695652}}",0.020196399884298444,PASS,448490.31818200205,-2.202365294579067e-11,450,192
97,2025-04-07T21:00:00Z,423,514,1838,315,42,66,0,Optimization terminated successfully. (HiGHS Status 7: Optimal),1.2087209133478033e-05,454215.1841107354,454212.64867652964,5.582042272867563e-06,1,0.14228280005045235,False,"[{""message"":""Optimization terminated successfully. (HiGHS Status 7: Optimal)"",""mip_feasibility_tolerance"":1e-08,""presolve"":true,""primal_feasibility_tolerance"":1e-08,""solve_seconds"":0.1422774000093341,""status"":0,""time_limit_seconds"":30.0}]",0.01673329994082451,"{""2025"":{""allowance"":398.8205612987736,""available_after_reserve"":398.8205622987736,""numerical_guard"":1e-06,""remaining"":398.8205622987736,""terminal_reserve"":0.0},""2026"":{""allowance"":398.90857553365254,""available_after_reserve"":398.90857653365254,""numerical_guard"":1e-06,""remaining"":399.4520547945221,""terminal_reserve"":0.5434782608695652}}",0.01419649994932115,PASS,453873.02753158135,339.6211449487234,457,192
98,2025-04-08T21:00:00Z,444,537,1933,330,46,68,0,Optimization terminated successfully. (HiGHS Status 7: Optimal),3.6160075740335767e-06,458839.17652448325,458838.2670698095,1.9820811362778812e-06,1,0.034504099981859326,False,"[{""message"":""Optimization terminated successfully. (HiGHS Status 7: Optimal)"",""mip_feasibility_tolerance"":1e-08,""presolve"":true,""primal_feasibility_tolerance"":1e-08,""solve_seconds"":0.034498099936172366,""status"":0,""time_limit_seconds"":30.0}]",0.022778799990192056,"{""2025"":{""allowance"":396.3560052379746,""available_after_reserve"":396.3560062379746,""numerical_guard"":1e-06,""remaining"":396.3560062379746,""terminal_reserve"":0.0},""2026"":{""allowance"":398.90857553365254,""available_after_reserve"":398.90857653365254,""numerical_guard"":1e-06,""remaining"":399.4520547945221,""terminal_reserve"":0.5434782608695652}}",0.013529199874028563,PASS,458742.6784482823,95.58862152728751,463,192
99,2025-04-09T21:00:00Z,410,498,1770,305,42,63,0,Optimization terminated successfully. (HiGHS Status 7: Optimal),2.9110576483128013e-06,505993.92645182053,505993.18061239895,1.474010817055807e-06,1,0.07289130007848144,False,"[{""message"":""Optimization terminated successfully. (HiGHS Status 7: Optimal)"",""mip_feasibility_tolerance"":1e-08,""presolve"":true,""primal_feasibility_tolerance"":1e-08,""solve_seconds"":0.0728867999278009,""status"":0,""time_limit_seconds"":30.0}]",0.026293399976566434,"{""2025"":{""allowance"":394.014987603833,""available_after_reserve"":394.014988603833,""numerical_guard"":1e-06,""remaining"":394.014988603833,""terminal_reserve"":0.0},""2026"":{""allowance"":398.90857553365254,""available_after_reserve"":398.90857653365254,""numerical_guard"":1e-06,""remaining"":399.4520547945221,""terminal_reserve"":0.5434782608695652}}",0.013789700111374259,PASS,505979.31419957883,13.866412819955391,456,192
100,2025-04-10T21:00:00Z,443,534,1932,333,44,66,0,Optimization terminated successfully. (HiGHS Status 7: Optimal),1.5622634824300534e-06,456026.124307852,456025.80974484805,6.897921065624643e-07,1,0.1275572997983545,False,"[{""message"":""Optimization terminated successfully. (HiGHS Status 7: Optimal)"",""mip_feasibility_tolerance"":1e-08,""presolve"":true,""primal_feasibility_tolerance"":1e-08,""solve_seconds"":0.12755189999006689,""status"":0,""time_limit_seconds"":30.0}]",0.016405999893322587,"{""2025"":{""allowance"":391.56145317305464,""available_after_reserve"":391.56145417305464,""numerical_guard"":1e-06,""remaining"":391.56145417305464,""terminal_reserve"":0.0},""2026"":{""allowance"":398.90857553365254,""available_after_reserve"":398.90857653365254,""numerical_guard"":1e-06,""remaining"":399.4520547945221,""terminal_reserve"":0.5434782608695652}}",0.018980200169607997,PASS,455758.25765571947,267.55208912866635,461,192
101,2025-04-11T21:00:00Z,425,514,1840,317,44,64,0,Optimization terminated successfully. (HiGHS Status 7: Optimal),2.5835203278776504e-08,440347.65942404594,440347.6532093083,1.4113252594913263e-08,1,0.1743102998007089,False,"[{""message"":""Optimization terminated successfully. (HiGHS Status 7: Optimal)"",""mip_feasibility_tolerance"":1e-08,""presolve"":true,""primal_feasibility_tolerance"":1e-08,""solve_seconds"":0.17430380010046065,""status"":0,""time_limit_seconds"":30.0}]",0.027591400081291795,"{""2025"":{""allowance"":389.1588267064108,""available_after_reserve"":389.1588277064108,""numerical_guard"":1e-06,""remaining"":389.1588277064108,""terminal_reserve"":0.0},""2026"":{""allowance"":398.90857553365254,""available_after_reserve"":398.90857653365254,""numerical_guard"":1e-06,""remaining"":399.4520547945221,""terminal_reserve"":0.5434782608695652}}",0.023882400011643767,PASS,440347.6532093082,4.8097758960826315e-12,472,192
102,2025-04-12T21:00:00Z,468,563,2049,350,48,70,0,Optimization terminated successfully. (HiGHS Status 7: Optimal),4.31797818833508e-09,366558.3646462841,366558.36409556697,1.5023995340033816e-09,1,0.1735938999336213,False,"[{""message"":""Optimization terminated successfully. (HiGHS Status 7: Optimal)"",""mip_feasibility_tolerance"":1e-08,""presolve"":true,""primal_feasibility_tolerance"":1e-08,""solve_seconds"":0.1735865999944508,""status"":0,""time_limit_seconds"":30.0}]",0.029961900087073445,"{""2025"":{""allowance"":387.4677202770087,""available_after_reserve"":387.4677212770087,""numerical_guard"":1e-06,""remaining"":387.4677212770087,""terminal_reserve"":0.0},""2026"":{""allowance"":398.90857553365254,""available_after_reserve"":398.90857653365254,""numerical_guard"":1e-06,""remaining"":399.4520547945221,""terminal_reserve"":0.5434782608695652}}",0.014298500027507544,PASS,362187.4469807255,4370.917114841669,485,192
103,2025-04-13T21:00:00Z,460,556,2010,341,48,71,0,Optimization terminated successfully. (HiGHS Status 7: Optimal),1.3358087032772905e-05,220261.58123564103,220260.2579283482,6.007925829531254e-06,1,0.30947800003923476,False,"[{""message"":""Optimization terminated successfully. (HiGHS Status 7: Optimal)"",""mip_feasibility_tolerance"":1e-08,""presolve"":true,""primal_feasibility_tolerance"":1e-08,""solve_seconds"":0.3094723999965936,""status"":0,""time_limit_seconds"":30.0}]",0.01890489994548261,"{""2025"":{""allowance"":385.76717387466874,""available_after_reserve"":385.76717487466874,""numerical_guard"":1e-06,""remaining"":385.76717487466874,""terminal_reserve"":0.0},""2026"":{""allowance"":398.90857553365254,""available_after_reserve"":398.90857653365254,""numerical_guard"":1e-06,""remaining"":399.4520547945221,""terminal_reserve"":0.5434782608695652}}",0.021498699905350804,PASS,220256.9935681083,3.2643602399736773,502,192
104,2025-04-14T21:00:00Z,437,528,1902,327,44,66,0,Optimization terminated successfully. (HiGHS Status 7: Optimal),3.144287654395835e-05,288048.87675646204,288042.8811184674,2.0815088265079988e-05,1,0.057390299858525395,False,"[{""message"":""Optimization terminated successfully. (HiGHS Status 7: Optimal)"",""mip_feasibility_tolerance"":1e-08,""presolve"":true,""primal_feasibility_tolerance"":1e-08,""solve_seconds"":0.05738560017198324,""status"":0,""time_limit_seconds"":30.0}]",0.016878300113603473,"{""2025"":{""allowance"":383.5337512736512,""available_after_reserve"":383.5337522736512,""numerical_guard"":1e-06,""remaining"":383.5337522736512,""terminal_reserve"":0.0},""2026"":{""allowance"":398.90857553365254,""available_after_reserve"":398.90857653365254,""numerical_guard"":1e-06,""remaining"":399.4520547945221,""terminal_reserve"":0.5434782608695652}}",0.02580349985510111,PASS,287935.61124929605,107.26986917113044,483,192
105,2025-04-15T21:00:00Z,440,533,1919,328,44,68,0,Optimization terminated successfully. (HiGHS Status 7: Optimal),1.666419651641687e-06,362390.11893427174,362389.8301388181,7.969193106276349e-07,1,0.135637299856171,False,"[{""message"":""Optimization terminated successfully. (HiGHS Status 7: Optimal)"",""mip_feasibility_tolerance"":1e-08,""presolve"":true,""primal_feasibility_tolerance"":1e-08,""solve_seconds"":0.13563119992613792,""status"":0,""time_limit_seconds"":30.0}]",0.02626930014230311,"{""2025"":{""allowance"":381.28760639732707,""available_after_reserve"":381.28760739732706,""numerical_guard"":1e-06,""remaining"":381.28760739732706,""terminal_reserve"":0.0},""2026"":{""allowance"":398.90857553365254,""available_after_reserve"":398.90857653365254,""numerical_guard"":1e-06,""remaining"":399.4520547945221,""terminal_reserve"":0.5434782608695652}}",0.029222100041806698,PASS,362368.0081975839,21.821941233827523,473,192
106,2025-04-16T21:00:00Z,469,565,2055,350,48,71,0,Optimization terminated successfully. (HiGHS Status 7: Optimal),1.106106441998871e-05,306519.36284659046,306517.8725704616,4.861955083960043e-06,1,0.20512619987130165,False,"[{""message"":""Optimization terminated successfully. (HiGHS Status 7: Optimal)"",""mip_feasibility_tolerance"":1e-08,""presolve"":true,""primal_feasibility_tolerance"":1e-08,""solve_seconds"":0.20511929993517697,""status"":0,""time_limit_seconds"":30.0}]",0.031071299919858575,"{""2025"":{""allowance"":378.9298178726968,""available_after_reserve"":378.9298188726968,""numerical_guard"":1e-06,""remaining"":378.9298188726968,""terminal_reserve"":0.0},""2026"":{""allowance"":398.90857553365254,""available_after_reserve"":398.90857653365254,""numerical_guard"":1e-06,""remaining"":399.4520547945221,""terminal_reserve"":0.5434782608695652}}",0.0202330001629889,PASS,306517.0511504696,0.8214199916635933,491,192
107,2025-04-17T21:00:00Z,418,506,1810,313,42,63,0,Optimization terminated successfully. (HiGHS Status 7: Optimal),7.895438491597986e-06,279018.683941089,279017.53351173224,4.123143597126852e-06,1,0.15322580002248287,False,"[{""message"":""Optimization terminated successfully. (HiGHS Status 7: Optimal)"",""mip_feasibility_tolerance"":1e-08,""presolve"":true,""primal_feasibility_tolerance"":1e-08,""solve_seconds"":0.15321719995699823,""status"":0,""time_limit_seconds"":30.0}]",0.020346099976450205,"{""2025"":{""allowance"":376.6773372890155,""available_after_reserve"":376.6773382890155,""numerical_guard"":1e-06,""remaining"":376.6773382890155,""terminal_reserve"":0.0},""2026"":{""allowance"":398.90857553365254,""available_after_reserve"":398.90857653365254,""numerical_guard"":1e-06,""remaining"":399.4520547945221,""terminal_reserve"":0.5434782608695652}}",0.02081629983149469,PASS,279017.5335117325,4.4785743706180855e-12,481,192
108,2025-04-18T21:00:00Z,435,525,1885,324,46,65,0,Optimization terminated successfully. (HiGHS Status 7: Optimal),2.3177869798617793e-05,421059.00260970695,421052.5937929395,1.5220941188645617e-05,1,0.4069835999980569,False,"[{""message"":""Optimization terminated successfully. (HiGHS Status 7: Optimal)"",""mip_feasibility_tolerance"":1e-08,""presolve"":true,""primal_feasibility_tolerance"":1e-08,""solve_seconds"":0.40697659994475543,""status"":0,""time_limit_seconds"":30.0}]",0.030512799974530935,"{""2025"":{""allowance"":375.02422155958476,""available_after_reserve"":375.02422255958476,""numerical_guard"":1e-06,""remaining"":375.02422255958476,""terminal_reserve"":0.0},""2026"":{""allowance"":398.90857553365254,""available_after_reserve"":398.90857653365254,""numerical_guard"":1e-06,""remaining"":399.4520547945221,""terminal_reserve"":0.5434782608695652}}",0.026319200173020363,PASS,421052.59379293944,-1.4557683864306153e-10,461,192
109,2025-04-19T21:00:00Z,419,508,1804,309,46,64,0,Optimization terminated successfully. (HiGHS Status 7: Optimal),2.0792306113894372e-15,499327.4245964829,499327.42459648236,1.0491491602820671e-15,1,0.15973090007901192,False,"[{""message"":""Optimization terminated successfully. (HiGHS Status 7: Optimal)"",""mip_feasibility_tolerance"":1e-08,""presolve"":true,""primal_feasibility_tolerance"":1e-08,""solve_seconds"":0.1597227999009192,""status"":0,""time_limit_seconds"":30.0}]",0.028143499977886677,"{""2025"":{""allowance"":373.13259881635787,""available_after_reserve"":373.13259981635787,""numerical_guard"":1e-06,""remaining"":373.13259981635787,""terminal_reserve"":0.0},""2026"":{""allowance"":398.90857553365254,""available_after_reserve"":398.90857653365254,""numerical_guard"":1e-06,""remaining"":399.4520547945221,""terminal_reserve"":0.5434782608695652}}",0.014935200102627277,PASS,499327.42459648184,3.265686147280178e-10,456,192
110,2025-04-20T21:00:00Z,424,513,1835,316,44,64,0,Optimization terminated successfully. (HiGHS Status 7: Optimal),7.244739137036122e-06,373968.79002230044,373967.69101971143,2.938763469136294e-06,1,0.16237680008634925,False,"[{""message"":""Optimization terminated successfully. (HiGHS Status 7: Optimal)"",""mip_feasibility_tolerance"":1e-08,""presolve"":true,""primal_feasibility_tolerance"":1e-08,""solve_seconds"":0.16237009991891682,""status"":0,""time_limit_seconds"":30.0}]",0.021900700172409415,"{""2025"":{""allowance"":371.41876584587243,""available_after_reserve"":371.4187668458724,""numerical_guard"":1e-06,""remaining"":371.4187668458724,""terminal_reserve"":0.0},""2026"":{""allowance"":398.90857553365254,""available_after_reserve"":398.90857653365254,""numerical_guard"":1e-06,""remaining"":399.4520547945221,""terminal_reserve"":0.5434782608695652}}",0.02050690003670752,PASS,373762.9714490207,204.71957069063998,449,192
111,2025-04-21T21:00:00Z,425,514,1840,317,44,64,0,Optimization terminated successfully. (HiGHS Status 7: Optimal),1.6261213657382499e-06,318381.42862384894,318381.1538293533,8.630991261870418e-07,1,0.2064692999701947,False,"[{""message"":""Optimization terminated successfully. (HiGHS Status 7: Optimal)"",""mip_feasibility_tolerance"":1e-08,""presolve"":true,""primal_feasibility_tolerance"":1e-08,""solve_seconds"":0.2064648000523448,""status"":0,""time_limit_seconds"":30.0}]",0.018307400168851018,"{""2025"":{""allowance"":369.8268421669985,""available_after_reserve"":369.8268431669985,""numerical_guard"":1e-06,""remaining"":369.8268431669985,""terminal_reserve"":0.0},""2026"":{""allowance"":398.90857553365254,""available_after_reserve"":398.90857653365254,""numerical_guard"":1e-06,""remaining"":399.4520547945221,""terminal_reserve"":0.5434782608695652}}",0.0189026000443846,PASS,316633.4128258036,1747.74100355003,457,192
112,2025-04-22T21:00:00Z,438,530,1896,323,48,67,0,Optimization terminated successfully. (HiGHS Status 7: Optimal),2.7615537353811303e-16,270651.58954760834,270651.5895476083,2.150649143083216e-16,1,0.07864070008508861,False,"[{""message"":""Optimization terminated successfully. (HiGHS Status 7: Optimal)"",""mip_feasibility_tolerance"":1e-08,""presolve"":true,""primal_feasibility_tolerance"":1e-08,""solve_seconds"":0.07863420015200973,""status"":0,""time_limit_seconds"":30.0}]",0.019852899946272373,"{""2025"":{""allowance"":367.55475621246967,""available_after_reserve"":367.55475721246967,""numerical_guard"":1e-06,""remaining"":367.55475721246967,""terminal_reserve"":0.0},""2026"":{""allowance"":398.90857553365254,""available_after_reserve"":398.90857653365254,""numerical_guard"":1e-06,""remaining"":399.4520547945221,""terminal_reserve"":0.5434782608695652}}",0.019178199814632535,PASS,270619.9444859875,31.6450616205155,461,192
113,2025-04-23T21:00:00Z,421,511,1821,312,44,65,0,Optimization terminated successfully. (HiGHS Status 7: Optimal),1.4976372904874525e-06,281884.70249287155,281884.4355567924,9.469699119997041e-07,1,0.13591310009360313,False,"[{""message"":""Optimization terminated successfully. (HiGHS Status 7: Optimal)"",""mip_feasibility_tolerance"":1e-08,""presolve"":true,""primal_feasibility_tolerance"":1e-08,""solve_seconds"":0.13590499991551042,""status"":0,""time_limit_seconds"":30.0}]",0.020092099905014038,"{""2025"":{""allowance"":365.41179419120795,""available_after_reserve"":365.41179519120794,""numerical_guard"":1e-06,""remaining"":365.41179519120794,""terminal_reserve"":0.0},""2026"":{""allowance"":398.90857553365254,""available_after_reserve"":398.90857653365254,""numerical_guard"":1e-06,""remaining"":399.4520547945221,""terminal_reserve"":0.5434782608695652}}",0.015164900105446577,PASS,281884.4355567922,-1.7820366338128226e-11,455,192
114,2025-04-24T21:00:00Z,459,553,2003,342,48,69,0,Optimization terminated successfully. (HiGHS Status 7: Optimal),1.8521317848647708e-07,311760.897513023,311760.87253403163,8.012227821287457e-08,1,0.1638323999941349,False,"[{""message"":""Optimization terminated successfully. (HiGHS Status 7: Optimal)"",""mip_feasibility_tolerance"":1e-08,""presolve"":true,""primal_feasibility_tolerance"":1e-08,""solve_seconds"":0.1638267000671476,""status"":0,""time_limit_seconds"":30.0}]",0.020892699947580695,"{""2025"":{""allowance"":363.4332682824557,""available_after_reserve"":363.4332692824557,""numerical_guard"":1e-06,""remaining"":363.4332692824557,""terminal_reserve"":0.0},""2026"":{""allowance"":398.90857553365254,""available_after_reserve"":398.90857653365254,""numerical_guard"":1e-06,""remaining"":399.4520547945221,""terminal_reserve"":0.5434782608695652}}",0.01377119985409081,PASS,311760.87253403146,-5.067113394474632e-09,472,192
115,2025-04-25T21:00:00Z,454,548,1984,339,46,69,0,Optimization terminated successfully. (HiGHS Status 7: Optimal),9.4545977200064e-05,210856.1978244726,210848.92141620268,3.451005687409196e-05,1,0.5332372998818755,False,"[{""message"":""Optimization terminated successfully. (HiGHS Status 7: Optimal)"",""mip_feasibility_tolerance"":1e-08,""presolve"":true,""primal_feasibility_tolerance"":1e-08,""solve_seconds"":0.5332329999655485,""status"":0,""time_limit_seconds"":30.0}]",0.015385600039735436,"{""2025"":{""allowance"":360.99478341063536,""available_after_reserve"":360.99478441063536,""numerical_guard"":1e-06,""remaining"":360.99478441063536,""terminal_reserve"":0.0},""2026"":{""allowance"":398.90857553365254,""available_after_reserve"":398.90857653365254,""numerical_guard"":1e-06,""remaining"":399.4520547945221,""terminal_reserve"":0.5434782608695652}}",0.01350759994238615,PASS,210848.92141620262,1.4146577539027781e-11,495,192
116,2025-04-26T21:00:00Z,428,519,1857,318,44,66,0,Optimization terminated successfully. (HiGHS Status 7: Optimal),7.554215255878497e-05,234443.6364952235,234431.65600156403,5.110441935961837e-05,1,0.13381969998590648,False,"[{""message"":""Optimization terminated successfully. (HiGHS Status 7: Optimal)"",""mip_feasibility_tolerance"":1e-08,""presolve"":true,""primal_feasibility_tolerance"":1e-08,""solve_seconds"":0.1338112000375986,""status"":0,""time_limit_seconds"":30.0}]",0.028447099961340427,"{""2025"":{""allowance"":359.32594118171414,""available_after_reserve"":359.32594218171414,""numerical_guard"":1e-06,""remaining"":359.32594218171414,""terminal_reserve"":0.0},""2026"":{""allowance"":398.90857553365254,""available_after_reserve"":398.90857653365254,""numerical_guard"":1e-06,""remaining"":399.4520547945221,""terminal_reserve"":0.5434782608695652}}",0.01507969992235303,PASS,234431.65600156406,2.2268467425590188e-11,474,192
117,2025-04-27T21:00:00Z,433,523,1881,324,44,65,0,Optimization terminated successfully. (HiGHS Status 7: Optimal),1.4635440312000634e-05,320830.1566946788,320827.7622607904,7.463300156941366e-06,1,0.13822009996511042,False,"[{""message"":""Optimization terminated successfully. (HiGHS Status 7: Optimal)"",""mip_feasibility_tolerance"":1e-08,""presolve"":true,""primal_feasibility_tolerance"":1e-08,""solve_seconds"":0.1382133001461625,""status"":0,""time_limit_seconds"":30.0}]",0.026852000039070845,"{""2025"":{""allowance"":357.62846587832496,""available_after_reserve"":357.62846687832496,""numerical_guard"":1e-06,""remaining"":357.62846687832496,""terminal_reserve"":0.0},""2026"":{""allowance"":398.90857553365254,""available_after_reserve"":398.90857653365254,""numerical_guard"":1e-06,""remaining"":399.4520547945221,""terminal_reserve"":0.5434782608695652}}",0.01309269992634654,PASS,320827.7622607904,8.881424484741273e-12,463,192
118,2025-04-28T21:00:00Z,467,564,2046,347,48,72,0,Optimization terminated successfully. (HiGHS Status 7: Optimal),2.0649048363791265e-05,397532.6560159811,397527.7964796225,1.2224393870454979e-05,1,0.03977379994466901,False,"[{""message"":""Optimization terminated successfully. (HiGHS Status 7: Optimal)"",""mip_feasibility_tolerance"":1e-08,""presolve"":true,""primal_feasibility_tolerance"":1e-08,""solve_seconds"":0.039768700022250414,""status"":0,""time_limit_seconds"":30.0}]",0.024291699985042214,"{""2025"":{""allowance"":355.2013550153623,""available_after_reserve"":355.2013560153623,""numerical_guard"":1e-06,""remaining"":355.2013560153623,""terminal_reserve"":0.0},""2026"":{""allowance"":398.90857553365254,""available_after_reserve"":398.90857653365254,""numerical_guard"":1e-06,""remaining"":399.4520547945221,""terminal_reserve"":0.5434782608695652}}",0.013335100142285228,PASS,397527.7964796226,-1.1327737562775535e-11,486,192
119,2025-04-29T21:00:00Z,437,530,1892,321,48,68,0,Optimization terminated successfully. (HiGHS Status 7: Optimal),8.53609076997794e-05,530788.65145416,530763.3325597286,4.770279497123138e-05,1,0.39130649995058775,False,"[{""message"":""Optimization terminated successfully. (HiGHS Status 7: Optimal)"",""mip_feasibility_tolerance"":1e-08,""presolve"":true,""primal_feasibility_tolerance"":1e-08,""solve_seconds"":0.39129920001141727,""status"":0,""time_limit_seconds"":30.0}]",0.03068860014900565,"{""2025"":{""allowance"":353.07046080198927,""available_after_reserve"":353.07046180198927,""numerical_guard"":1e-06,""remaining"":353.07046180198927,""terminal_reserve"":0.0},""2026"":{""allowance"":398.90857553365254,""available_after_reserve"":398.90857653365254,""numerical_guard"":1e-06,""remaining"":399.4520547945221,""terminal_reserve"":0.5434782608695652}}",0.022195400204509497,PASS,530526.6466277054,236.68593202325212,480,192
120,2025-04-30T21:00:00Z,460,555,2009,342,48,70,0,Optimization terminated successfully. (HiGHS Status 7: Optimal),3.599768651535416e-06,419034.78735187463,419034.3423105966,1.0620639720695157e-06,1,0.221255199983716,False,"[{""message"":""Optimization terminated successfully. (HiGHS Status 7: Optimal)"",""mip_feasibility_tolerance"":1e-08,""presolve"":true,""primal_feasibility_tolerance"":1e-08,""solve_seconds"":0.22124950005672872,""status"":0,""time_limit_seconds"":30.0}]",0.02667789999395609,"{""2025"":{""allowance"":351.0075975840357,""available_after_reserve"":351.0075985840357,""numerical_guard"":1e-06,""remaining"":351.0075985840357,""terminal_reserve"":0.0},""2026"":{""allowance"":398.90857553365254,""available_after_reserve"":398.90857653365254,""numerical_guard"":1e-06,""remaining"":399.4520547945221,""terminal_reserve"":0.5434782608695652}}",0.021057300036773086,PASS,419034.3423105965,-1.2416394105467058e-11,477,192
121,2025-05-01T21:00:00Z,456,550,1988,339,48,69,0,Optimization terminated successfully. (HiGHS Status 7: Optimal),1.8539566572713834e-05,262140.73482783212,262138.1469526115,9.872180949964147e-06,1,0.19379639998078346,False,"[{""message"":""Optimization terminated successfully. (HiGHS Status 7: Optimal)"",""mip_feasibility_tolerance"":1e-08,""presolve"":true,""primal_feasibility_tolerance"":1e-08,""solve_seconds"":0.19378910004161298,""status"":0,""time_limit_seconds"":30.0}]",0.03271150006912649,"{""2025"":{""allowance"":349.1956824211677,""available_after_reserve"":349.1956834211677,""numerical_guard"":1e-06,""remaining"":349.1956834211677,""terminal_reserve"":0.0},""2026"":{""allowance"":398.90857553365254,""available_after_reserve"":398.90857653365254,""numerical_guard"":1e-06,""remaining"":399.4520547945221,""terminal_reserve"":0.5434782608695652}}",0.023143799975514412,PASS,262138.14695261148,-4.3791733972398105e-11,494,192
122,2025-05-02T21:00:00Z,441,534,1912,325,48,68,0,Optimization terminated successfully. (HiGHS Status 7: Optimal),1.0867252747502225e-06,252861.77050005685,252861.64647734415,4.904765686136527e-07,1,0.1746364999562502,False,"[{""message"":""Optimization terminated successfully. (HiGHS Status 7: Optimal)"",""mip_feasibility_tolerance"":1e-08,""presolve"":true,""primal_feasibility_tolerance"":1e-08,""solve_seconds"":0.1746310000307858,""status"":0,""time_limit_seconds"":30.0}]",0.07756830006837845,"{""2025"":{""allowance"":346.8504158881931,""available_after_reserve"":346.8504168881931,""numerical_guard"":1e-06,""remaining"":346.8504168881931,""terminal_reserve"":0.0},""2026"":{""allowance"":398.90857553365254,""available_after_reserve"":398.90857653365254,""numerical_guard"":1e-06,""remaining"":399.4520547945221,""terminal_reserve"":0.5434782608695652}}",0.014043400064110756,PASS,252861.6464773443,9.202166140198643e-12,479,192
123,2025-05-03T21:00:00Z,426,516,1834,313,48,65,0,Optimization terminated successfully. (HiGHS Status 7: Optimal),1.2560317319190377e-05,252939.1763631216,252937.41786899942,6.9522893726124365e-06,1,0.1089580999687314,False,"[{""message"":""Optimization terminated successfully. (HiGHS Status 7: Optimal)"",""mip_feasibility_tolerance"":1e-08,""presolve"":true,""primal_feasibility_tolerance"":1e-08,""solve_seconds"":0.10895190015435219,""status"":0,""time_limit_seconds"":30.0}]",0.01674530003219843,"{""2025"":{""allowance"":345.20159941271686,""available_after_reserve"":345.20160041271686,""numerical_guard"":1e-06,""remaining"":345.20160041271686,""terminal_reserve"":0.0},""2026"":{""allowance"":398.90857553365254,""available_after_reserve"":398.90857653365254,""numerical_guard"":1e-06,""remaining"":399.4520547945221,""terminal_reserve"":0.5434782608695652}}",0.01473459997214377,PASS,252906.02578632056,31.39208267916593,457,192
124,2025-05-04T21:00:00Z,437,529,1891,322,48,67,0,Optimization terminated successfully. (HiGHS Status 7: Optimal),2.1269524150307353e-16,275029.21592037496,275029.21592037496,0.0,1,0.08410149998962879,False,"[{""message"":""Optimization terminated successfully. (HiGHS Status 7: Optimal)"",""mip_feasibility_tolerance"":1e-08,""presolve"":true,""primal_feasibility_tolerance"":1e-08,""solve_seconds"":0.08409610018134117,""status"":0,""time_limit_seconds"":30.0}]",0.016825799830257893,"{""2025"":{""allowance"":343.4085653822045,""available_after_reserve"":343.40856638220447,""numerical_guard"":1e-06,""remaining"":343.40856638220447,""terminal_reserve"":0.0},""2026"":{""allowance"":398.90857553365254,""available_after_reserve"":398.90857653365254,""numerical_guard"":1e-06,""remaining"":399.4520547945221,""terminal_reserve"":0.5434782608695652}}",0.01902730017900467,PASS,274859.4113805639,169.80453981080987,455,192
125,2025-05-05T21:00:00Z,436,527,1897,326,44,66,0,Optimization terminated successfully. (HiGHS Status 7: Optimal),5.862697852500136e-14,229626.3536483636,229626.35364835808,2.4081416174240344e-14,1,0.0944962000939995,False,"[{""message"":""Optimization terminated successfully. (HiGHS Status 7: Optimal)"",""mip_feasibility_tolerance"":1e-08,""presolve"":true,""primal_feasibility_tolerance"":1e-08,""solve_seconds"":0.09448909992352128,""status"":0,""time_limit_seconds"":30.0}]",0.02043760009109974,"{""2025"":{""allowance"":341.257007823103,""available_after_reserve"":341.257008823103,""numerical_guard"":1e-06,""remaining"":341.257008823103,""terminal_reserve"":0.0},""2026"":{""allowance"":398.90857553365254,""available_after_reserve"":398.90857653365254,""numerical_guard"":1e-06,""remaining"":399.4520547945221,""terminal_reserve"":0.5434782608695652}}",0.019435899797827005,PASS,229066.27935344167,560.074294920831,467,192
126,2025-05-06T21:00:00Z,435,527,1893,324,44,67,0,Optimization terminated successfully. (HiGHS Status 7: Optimal),5.889873672359749e-06,170128.32419451582,170127.8655043412,2.6961495887971196e-06,1,0.0881060000974685,False,"[{""message"":""Optimization terminated successfully. (HiGHS Status 7: Optimal)"",""mip_feasibility_tolerance"":1e-08,""presolve"":true,""primal_feasibility_tolerance"":1e-08,""solve_seconds"":0.08809730014763772,""status"":0,""time_limit_seconds"":30.0}]",0.018394599901512265,"{""2025"":{""allowance"":338.9845120125964,""available_after_reserve"":338.9845130125964,""numerical_guard"":1e-06,""remaining"":338.9845130125964,""terminal_reserve"":0.0},""2026"":{""allowance"":398.90857553365254,""available_after_reserve"":398.90857653365254,""numerical_guard"":1e-06,""remaining"":399.4520547945221,""terminal_reserve"":0.5434782608695652}}",0.03160480014048517,PASS,170077.45884251583,50.40666182555505,469,192
127,2025-05-07T21:00:00Z,446,539,1943,332,46,68,0,Optimization terminated successfully. (HiGHS Status 7: Optimal),1.3900803385875221e-05,189785.58707278897,189784.00451701833,8.338720508446651e-06,1,0.11013479996472597,False,"[{""message"":""Optimization terminated successfully. (HiGHS Status 7: Optimal)"",""mip_feasibility_tolerance"":1e-08,""presolve"":true,""primal_feasibility_tolerance"":1e-08,""solve_seconds"":0.11012639990076423,""status"":0,""time_limit_seconds"":30.0}]",0.030101299984380603,"{""2025"":{""allowance"":336.881005246119,""available_after_reserve"":336.881006246119,""numerical_guard"":1e-06,""remaining"":336.881006246119,""terminal_reserve"":0.0},""2026"":{""allowance"":398.90857553365254,""available_after_reserve"":398.90857653365254,""numerical_guard"":1e-06,""remaining"":399.4520547945221,""terminal_reserve"":0.5434782608695652}}",0.014861099887639284,PASS,189778.27598526562,5.72853175267534,473,192
128,2025-05-08T21:00:00Z,403,490,1734,299,42,62,0,Optimization terminated successfully. (HiGHS Status 7: Optimal),4.3428598788900524e-16,246299.28445363982,246299.28445363976,2.3632898911009087e-16,1,0.0916156000457704,False,"[{""message"":""Optimization terminated successfully. (HiGHS Status 7: Optimal)"",""mip_feasibility_tolerance"":1e-08,""presolve"":true,""primal_feasibility_tolerance"":1e-08,""solve_seconds"":0.09161010012030602,""status"":0,""time_limit_seconds"":30.0}]",0.017851700074970722,"{""2025"":{""allowance"":334.667095889061,""available_after_reserve"":334.667096889061,""numerical_guard"":1e-06,""remaining"":334.667096889061,""terminal_reserve"":0.0},""2026"":{""allowance"":398.90857553365254,""available_after_reserve"":398.90857653365254,""numerical_guard"":1e-06,""remaining"":399.4520547945221,""terminal_reserve"":0.5434782608695652}}",0.014368999982252717,PASS,246299.28445363962,2.3686522373130476e-11,453,192
129,2025-05-09T21:00:00Z,452,545,1967,336,48,68,0,Optimization terminated successfully. (HiGHS Status 7: Optimal),0.0,258789.78038887645,258789.78038887645,0.0,1,0.10676899994723499,False,"[{""message"":""Optimization terminated successfully. (HiGHS Status 7: Optimal)"",""mip_feasibility_tolerance"":1e-08,""presolve"":true,""primal_feasibility_tolerance"":1e-08,""solve_seconds"":0.1067629000172019,""status"":0,""time_limit_seconds"":30.0}]",0.01702100015245378,"{""2025"":{""allowance"":332.3320824254222,""available_after_reserve"":332.3320834254222,""numerical_guard"":1e-06,""remaining"":332.3320834254222,""terminal_reserve"":0.0},""2026"":{""allowance"":398.90857553365254,""available_after_reserve"":398.90857653365254,""numerical_guard"":1e-06,""remaining"":399.4520547945221,""terminal_reserve"":0.5434782608695652}}",0.01752679981291294,PASS,258634.7931749017,154.98721397507808,457,192
130,2025-05-10T21:00:00Z,432,523,1871,320,46,66,0,Optimization terminated successfully. (HiGHS Status 7: Optimal),5.184454342719304e-07,272940.2038044635,272940.12672026496,2.8242164119345077e-07,1,0.13233089982531965,False,"[{""message"":""Optimization terminated successfully. (HiGHS Status 7: Optimal)"",""mip_feasibility_tolerance"":1e-08,""presolve"":true,""primal_feasibility_tolerance"":1e-08,""solve_seconds"":0.13232470001094043,""status"":0,""time_limit_seconds"":30.0}]",0.01617970014922321,"{""2025"":{""allowance"":330.7876069942945,""available_after_reserve"":330.7876079942945,""numerical_guard"":1e-06,""remaining"":330.7876079942945,""terminal_reserve"":0.0},""2026"":{""allowance"":398.90857553365254,""available_after_reserve"":398.90857653365254,""numerical_guard"":1e-06,""remaining"":399.4520547945221,""terminal_reserve"":0.5434782608695652}}",0.02128749992698431,PASS,272795.89127306483,144.23544720001652,474,192
131,2025-05-11T21:00:00Z,441,534,1918,327,46,68,0,Optimization terminated successfully. (HiGHS Status 7: Optimal),1.904224473701764e-06,268359.21596230613,268358.9839749246,8.64466611448619e-07,1,0.10555580002255738,False,"[{""message"":""Optimization terminated successfully. (HiGHS Status 7: Optimal)"",""mip_feasibility_tolerance"":1e-08,""presolve"":true,""primal_feasibility_tolerance"":1e-08,""solve_seconds"":0.10554779996164143,""status"":0,""time_limit_seconds"":30.0}]",0.020854200003668666,"{""2025"":{""allowance"":328.96300426393975,""available_after_reserve"":328.96300526393975,""numerical_guard"":1e-06,""remaining"":328.96300526393975,""terminal_reserve"":0.0},""2026"":{""allowance"":398.90857553365254,""available_after_reserve"":398.90857653365254,""numerical_guard"":1e-06,""remaining"":399.4520547945221,""terminal_reserve"":0.5434782608695652}}",0.020847899839282036,PASS,268265.8478754177,93.13609950737434,465,192
132,2025-05-12T21:00:00Z,413,500,1790,311,40,62,0,Optimization terminated successfully. (HiGHS Status 7: Optimal),0.0,245775.47839715774,245775.47839715777,0.0,1,0.13561880006454885,False,"[{""message"":""Optimization terminated successfully. (HiGHS Status 7: Optimal)"",""mip_feasibility_tolerance"":1e-08,""presolve"":true,""primal_feasibility_tolerance"":1e-08,""solve_seconds"":0.13561290013603866,""status"":0,""time_limit_seconds"":30.0}]",0.025788000086322427,"{""2025"":{""allowance"":326.5906186197248,""available_after_reserve"":326.5906196197248,""numerical_guard"":1e-06,""remaining"":326.5906196197248,""terminal_reserve"":0.0},""2026"":{""allowance"":398.90857553365254,""available_after_reserve"":398.90857653365254,""numerical_guard"":1e-06,""remaining"":399.4520547945221,""terminal_reserve"":0.5434782608695652}}",0.01764580002054572,PASS,245530.05937717672,245.4190199809364,460,192
133,2025-05-13T21:00:00Z,449,542,1952,333,48,68,0,Optimization terminated successfully. (HiGHS Status 7: Optimal),6.467492829156102e-16,258941.51320226098,258941.51320226092,2.2479076527216023e-16,1,0.09976190002635121,False,"[{""message"":""Optimization terminated successfully. (HiGHS Status 7: Optimal)"",""mip_feasibility_tolerance"":1e-08,""presolve"":true,""primal_feasibility_tolerance"":1e-08,""solve_seconds"":0.09975400008261204,""status"":0,""time_limit_seconds"":30.0}]",0.0228581998962909,"{""2025"":{""allowance"":324.24601806316605,""available_after_reserve"":324.24601906316605,""numerical_guard"":1e-06,""remaining"":324.24601906316605,""terminal_reserve"":0.0},""2026"":{""allowance"":398.90857553365254,""available_after_reserve"":398.90857653365254,""numerical_guard"":1e-06,""remaining"":399.4520547945221,""terminal_reserve"":0.5434782608695652}}",0.015853699995204806,PASS,258941.51320226074,4.0713918754894023e-11,466,192
134,2025-05-14T21:00:00Z,411,498,1780,309,40,62,0,Optimization terminated successfully. (HiGHS Status 7: Optimal),2.44714514634141e-05,235724.3430479185,235721.83638764342,1.0633975678654412e-05,1,0.1036521999631077,False,"[{""message"":""Optimization terminated successfully. (HiGHS Status 7: Optimal)"",""mip_feasibility_tolerance"":1e-08,""presolve"":true,""primal_feasibility_tolerance"":1e-08,""solve_seconds"":0.10364530002698302,""status"":0,""time_limit_seconds"":30.0}]",0.022039300063624978,"{""2025"":{""allowance"":322.0637240517345,""available_after_reserve"":322.0637250517345,""numerical_guard"":1e-06,""remaining"":322.0637250517345,""terminal_reserve"":0.0},""2026"":{""allowance"":398.90857553365254,""available_after_reserve"":398.90857653365254,""numerical_guard"":1e-06,""remaining"":399.4520547945221,""terminal_reserve"":0.5434782608695652}}",0.02176520018838346,PASS,235643.21508449683,78.62130314745889,464,192
135,2025-05-15T21:00:00Z,403,491,1741,300,40,63,0,Optimization terminated successfully. (HiGHS Status 7: Optimal),0.0,254359.37088623823,254359.37088623823,0.0,1,0.10651549999602139,False,"[{""message"":""Optimization terminated successfully. (HiGHS Status 7: Optimal)"",""mip_feasibility_tolerance"":1e-08,""presolve"":true,""primal_feasibility_tolerance"":1e-08,""solve_seconds"":0.1065102000720799,""status"":0,""time_limit_seconds"":30.0}]",0.020667500095441937,"{""2025"":{""allowance"":319.9133062956994,""available_after_reserve"":319.9133072956994,""numerical_guard"":1e-06,""remaining"":319.9133072956994,""terminal_reserve"":0.0},""2026"":{""allowance"":398.90857553365254,""available_after_reserve"":398.90857653365254,""numerical_guard"":1e-06,""remaining"":399.4520547945221,""terminal_reserve"":0.5434782608695652}}",0.020588799845427275,PASS,254359.37088623812,0.0,436,192
136,2025-05-16T21:00:00Z,439,532,1908,325,46,68,0,Optimization terminated successfully. (HiGHS Status 7: Optimal),1.0012799506958232e-05,318967.8805789142,318966.2117953863,5.231850478839666e-06,1,0.18152139987796545,False,"[{""message"":""Optimization terminated successfully. (HiGHS Status 7: Optimal)"",""mip_feasibility_tolerance"":1e-08,""presolve"":true,""primal_feasibility_tolerance"":1e-08,""solve_seconds"":0.18151480006054044,""status"":0,""time_limit_seconds"":30.0}]",0.022083800053223968,"{""2025"":{""allowance"":317.6444103286744,""available_after_reserve"":317.6444113286744,""numerical_guard"":1e-06,""remaining"":317.6444113286744,""terminal_reserve"":0.0},""2026"":{""allowance"":398.90857553365254,""available_after_reserve"":398.90857653365254,""numerical_guard"":1e-06,""remaining"":399.4520547945221,""terminal_reserve"":0.5434782608695652}}",0.020941900089383125,PASS,318966.21179538645,9.99449056848789e-12,446,192
137,2025-05-17T21:00:00Z,418,507,1811,312,42,64,0,Optimization terminated successfully. (HiGHS Status 7: Optimal),1.2137113147776232e-15,309004.9923625995,309004.99236259935,5.651137912215098e-16,1,0.1139497000258416,False,"[{""message"":""Optimization terminated successfully. (HiGHS Status 7: Optimal)"",""mip_feasibility_tolerance"":1e-08,""presolve"":true,""primal_feasibility_tolerance"":1e-08,""solve_seconds"":0.11394340009428561,""status"":0,""time_limit_seconds"":30.0}]",0.024346099933609366,"{""2025"":{""allowance"":316.22776467215766,""available_after_reserve"":316.22776567215766,""numerical_guard"":1e-06,""remaining"":316.22776567215766,""terminal_reserve"":0.0},""2026"":{""allowance"":398.90857553365254,""available_after_reserve"":398.90857653365254,""numerical_guard"":1e-06,""remaining"":399.4520547945221,""terminal_reserve"":0.5434782608695652}}",0.021781600080430508,PASS,309004.9923625999,7.404332590018232e-11,457,192
138,2025-05-18T21:00:00Z,447,541,1949,332,46,69,0,Optimization terminated successfully. (HiGHS Status 7: Optimal),0.0,304373.88324251084,304373.88324251084,0.0,1,0.10342199984006584,False,"[{""message"":""Optimization terminated successfully. (HiGHS Status 7: Optimal)"",""mip_feasibility_tolerance"":1e-08,""presolve"":true,""primal_feasibility_tolerance"":1e-08,""solve_seconds"":0.10341549990698695,""status"":0,""time_limit_seconds"":30.0}]",0.02380960015580058,"{""2025"":{""allowance"":314.7114117685722,""available_after_reserve"":314.7114127685722,""numerical_guard"":1e-06,""remaining"":314.7114127685722,""terminal_reserve"":0.0},""2026"":{""allowance"":398.90857553365254,""available_after_reserve"":398.90857653365254,""numerical_guard"":1e-06,""remaining"":399.4520547945221,""terminal_reserve"":0.5434782608695652}}",0.021267599891871214,PASS,304373.88324251084,-5.054705454199393e-12,463,192
139,2025-05-19T21:00:00Z,445,537,1937,332,46,67,0,Optimization terminated successfully. (HiGHS Status 7: Optimal),5.282670177373043e-05,263738.52720810595,263733.04734428425,2.0778070389297526e-05,1,0.13748120004311204,False,"[{""message"":""Optimization terminated successfully. (HiGHS Status 7: Optimal)"",""mip_feasibility_tolerance"":1e-08,""presolve"":true,""primal_feasibility_tolerance"":1e-08,""solve_seconds"":0.13745829998515546,""status"":0,""time_limit_seconds"":30.0}]",0.02472779992967844,"{""2025"":{""allowance"":312.4980916558165,""available_after_reserve"":312.4980926558165,""numerical_guard"":1e-06,""remaining"":312.4980926558165,""terminal_reserve"":0.0},""2026"":{""allowance"":398.90857553365254,""available_after_reserve"":398.90857653365254,""numerical_guard"":1e-06,""remaining"":399.4520547945221,""terminal_reserve"":0.5434782608695652}}",0.016474599950015545,PASS,263394.0396878835,339.0076564007123,480,192
140,2025-05-20T21:00:00Z,413,499,1789,312,40,61,0,Optimization terminated successfully. (HiGHS Status 7: Optimal),0.0,217870.07103403925,217870.0710340393,0.0,1,0.10523580014705658,False,"[{""message"":""Optimization terminated successfully. (HiGHS Status 7: Optimal)"",""mip_feasibility_tolerance"":1e-08,""presolve"":true,""primal_feasibility_tolerance"":1e-08,""solve_seconds"":0.10522949998266995,""status"":0,""time_limit_seconds"":30.0}]",0.022555700037628412,"{""2025"":{""allowance"":309.8513213293594,""available_after_reserve"":309.8513223293594,""numerical_guard"":1e-06,""remaining"":309.8513223293594,""terminal_reserve"":0.0},""2026"":{""allowance"":398.90857553365254,""available_after_reserve"":398.90857653365254,""numerical_guard"":1e-06,""remaining"":399.4520547945221,""terminal_reserve"":0.5434782608695652}}",0.018955999985337257,PASS,217861.10858485848,8.962449180691728,468,192
141,2025-05-21T21:00:00Z,462,558,2020,343,48,71,0,Optimization terminated successfully. (HiGHS Status 7: Optimal),0.0,191951.27744878054,191951.27744878054,0.0,1,0.13353189988993108,False,"[{""message"":""Optimization terminated successfully. (HiGHS Status 7: Optimal)"",""mip_feasibility_tolerance"":1e-08,""presolve"":true,""primal_feasibility_tolerance"":1e-08,""solve_seconds"":0.13352520018815994,""status"":0,""time_limit_seconds"":30.0}]",0.01924099982716143,"{""2025"":{""allowance"":307.7699672302738,""available_after_reserve"":307.7699682302738,""numerical_guard"":1e-06,""remaining"":307.7699682302738,""terminal_reserve"":0.0},""2026"":{""allowance"":398.90857553365254,""available_after_reserve"":398.90857653365254,""numerical_guard"":1e-06,""remaining"":399.4520547945221,""terminal_reserve"":0.5434782608695652}}",0.020083799958229065,PASS,191951.27744878057,-3.140903193828611e-11,475,192
142,2025-05-22T21:00:00Z,422,510,1818,313,46,63,0,Optimization terminated successfully. (HiGHS Status 7: Optimal),0.0,233169.84231032722,233169.84231032722,0.0,1,0.12828870001249015,False,"[{""message"":""Optimization terminated successfully. (HiGHS Status 7: Optimal)"",""mip_feasibility_tolerance"":1e-08,""presolve"":true,""primal_feasibility_tolerance"":1e-08,""solve_seconds"":0.1282818999607116,""status"":0,""time_limit_seconds"":30.0}]",0.025759999873116612,"{""2025"":{""allowance"":305.70047726946393,""available_after_reserve"":305.70047826946393,""numerical_guard"":1e-06,""remaining"":305.70047826946393,""terminal_reserve"":0.0},""2026"":{""allowance"":398.90857553365254,""available_after_reserve"":398.90857653365254,""numerical_guard"":1e-06,""remaining"":399.4520547945221,""terminal_reserve"":0.5434782608695652}}",0.020869100000709295,PASS,233169.84231032728,-1.0156142238315624e-11,474,192
143,2025-05-23T21:00:00Z,426,517,1847,316,44,66,0,Optimization terminated successfully. (HiGHS Status 7: Optimal),0.0,243736.71161812407,243736.71161812407,0.0,1,0.1225173999555409,False,"[{""message"":""Optimization terminated successfully. (HiGHS Status 7: Optimal)"",""mip_feasibility_tolerance"":1e-08,""presolve"":true,""primal_feasibility_tolerance"":1e-08,""solve_seconds"":0.12251059990376234,""status"":0,""time_limit_seconds"":30.0}]",0.025599899934604764,"{""2025"":{""allowance"":303.4633703281454,""available_after_reserve"":303.4633713281454,""numerical_guard"":1e-06,""remaining"":303.4633713281454,""terminal_reserve"":0.0},""2026"":{""allowance"":398.90857553365254,""available_after_reserve"":398.90857653365254,""numerical_guard"":1e-06,""remaining"":399.4520547945221,""terminal_reserve"":0.5434782608695652}}",0.018584300065413117,PASS,243736.71161812398,-7.981497063269671e-12,452,192
144,2025-05-24T21:00:00Z,432,523,1877,322,44,66,0,Optimization terminated successfully. (HiGHS Status 7: Optimal),0.0,211082.8420196572,211082.8420196572,0.0,1,0.10148439998738468,False,"[{""message"":""Optimization terminated successfully. (HiGHS Status 7: Optimal)"",""mip_feasibility_tolerance"":1e-08,""presolve"":true,""primal_feasibility_tolerance"":1e-08,""solve_seconds"":0.10147719993256032,""status"":0,""time_limit_seconds"":30.0}]",0.023189399857074022,"{""2025"":{""allowance"":301.94436522355295,""available_after_reserve"":301.94436622355295,""numerical_guard"":1e-06,""remaining"":301.94436622355295,""terminal_reserve"":0.0},""2026"":{""allowance"":398.90857553365254,""available_after_reserve"":398.90857653365254,""numerical_guard"":1e-06,""remaining"":399.4520547945221,""terminal_reserve"":0.5434782608695652}}",0.017126600025221705,PASS,210706.52282554912,376.3191941079967,458,192
145,2025-05-25T21:00:00Z,426,516,1852,319,42,65,0,Optimization terminated successfully. (HiGHS Status 7: Optimal),0.0,231184.55122808978,231184.55122808972,2.5178006317575675e-16,1,0.09593000006861985,False,"[{""message"":""Optimization terminated successfully. (HiGHS Status 7: Optimal)"",""mip_feasibility_tolerance"":1e-08,""presolve"":true,""primal_feasibility_tolerance"":1e-08,""solve_seconds"":0.09592439979314804,""status"":0,""time_limit_seconds"":30.0}]",0.020477499812841415,"{""2025"":{""allowance"":299.73622600035856,""available_after_reserve"":299.73622700035855,""numerical_guard"":1e-06,""remaining"":299.73622700035855,""terminal_reserve"":0.0},""2026"":{""allowance"":398.90857553365254,""available_after_reserve"":398.90857653365254,""numerical_guard"":1e-06,""remaining"":399.4520547945221,""terminal_reserve"":0.5434782608695652}}",0.017276200000196695,PASS,231085.7868992167,98.76432887292175,462,192
146,2025-05-26T21:00:00Z,439,530,1912,329,44,66,0,Optimization terminated successfully. (HiGHS Status 7: Optimal),6.768935834141652e-16,170654.1916141925,170654.19161419244,3.4108544515015925e-16,1,0.07834649994038045,False,"[{""message"":""Optimization terminated successfully. (HiGHS Status 7: Optimal)"",""mip_feasibility_tolerance"":1e-08,""presolve"":true,""primal_feasibility_tolerance"":1e-08,""solve_seconds"":0.07834089989773929,""status"":0,""time_limit_seconds"":30.0}]",0.021159199997782707,"{""2025"":{""allowance"":297.4704014408283,""available_after_reserve"":297.4704024408283,""numerical_guard"":1e-06,""remaining"":297.4704024408283,""terminal_reserve"":0.0},""2026"":{""allowance"":398.90857553365254,""available_after_reserve"":398.90857653365254,""numerical_guard"":1e-06,""remaining"":399.4520547945221,""terminal_reserve"":0.5434782608695652}}",0.019643499981611967,PASS,170654.19161419233,3.505018275618e-11,469,192
147,2025-05-27T21:00:00Z,459,554,2004,341,48,70,0,Optimization terminated successfully. (HiGHS Status 7: Optimal),1.6976780500442132e-16,148659.27691515387,148659.27691515387,0.0,1,0.11454880004748702,False,"[{""message"":""Optimization terminated successfully. (HiGHS Status 7: Optimal)"",""mip_feasibility_tolerance"":1e-08,""presolve"":true,""primal_feasibility_tolerance"":1e-08,""solve_seconds"":0.1145404998678714,""status"":0,""time_limit_seconds"":30.0}]",0.025356300175189972,"{""2025"":{""allowance"":295.69283226137554,""available_after_reserve"":295.69283326137554,""numerical_guard"":1e-06,""remaining"":295.69283326137554,""terminal_reserve"":0.0},""2026"":{""allowance"":398.90857553365254,""available_after_reserve"":398.90857653365254,""numerical_guard"":1e-06,""remaining"":399.4520547945221,""terminal_reserve"":0.5434782608695652}}",0.022876699920743704,PASS,148615.3465129982,43.93040215569491,486,192
148,2025-05-28T21:00:00Z,426,516,1852,319,42,65,0,Optimization terminated successfully. (HiGHS Status 7: Optimal),0.0,176441.68657813547,176441.68657813547,0.0,1,0.08526910003274679,False,"[{""message"":""Optimization terminated successfully. (HiGHS Status 7: Optimal)"",""mip_feasibility_tolerance"":1e-08,""presolve"":true,""primal_feasibility_tolerance"":1e-08,""solve_seconds"":0.0852632001042366,""status"":0,""time_limit_seconds"":30.0}]",0.021054700016975403,"{""2025"":{""allowance"":293.495215715911,""available_after_reserve"":293.495216715911,""numerical_guard"":1e-06,""remaining"":293.495216715911,""terminal_reserve"":0.0},""2026"":{""allowance"":398.90857553365254,""available_after_reserve"":398.90857653365254,""numerical_guard"":1e-06,""remaining"":399.4520547945221,""terminal_reserve"":0.5434782608695652}}",0.025465399958193302,PASS,176441.6865781354,-3.9297320331144194e-11,477,192
149,2025-05-29T21:00:00Z,430,521,1861,318,46,66,0,Optimization terminated successfully. (HiGHS Status 7: Optimal),9.140107622534628e-06,236450.84969043435,236449.51833656523,5.630605122313977e-06,1,0.3075295998714864,False,"[{""message"":""Optimization terminated successfully. (HiGHS Status 7: Optimal)"",""mip_feasibility_tolerance"":1e-08,""presolve"":true,""primal_feasibility_tolerance"":1e-08,""solve_seconds"":0.30752449994906783,""status"":0,""time_limit_seconds"":30.0}]",0.024259299971163273,"{""2025"":{""allowance"":292.05883729000067,""available_after_reserve"":292.05883829000066,""numerical_guard"":1e-06,""remaining"":292.05883829000066,""terminal_reserve"":0.0},""2026"":{""allowance"":398.90857553365254,""available_after_reserve"":398.90857653365254,""numerical_guard"":1e-06,""remaining"":399.4520547945221,""terminal_reserve"":0.5434782608695652}}",0.016584099968895316,PASS,236404.07732556274,45.44101100062155,458,192
150,2025-05-30T21:00:00Z,430,519,1853,318,48,64,0,Optimization terminated successfully. (HiGHS Status 7: Optimal),9.359189981761249e-05,238991.61520055105,238982.7705394529,3.7009618217176335e-05,1,0.273057600017637,False,"[{""message"":""Optimization terminated successfully. (HiGHS Status 7: Optimal)"",""mip_feasibility_tolerance"":1e-08,""presolve"":true,""primal_feasibility_tolerance"":1e-08,""solve_seconds"":0.2730510998517275,""status"":0,""time_limit_seconds"":30.0}]",0.02445570006966591,"{""2025"":{""allowance"":289.47884832093666,""available_after_reserve"":289.47884932093666,""numerical_guard"":1e-06,""remaining"":289.47884932093666,""terminal_reserve"":0.0},""2026"":{""allowance"":398.90857553365254,""available_after_reserve"":398.90857653365254,""numerical_guard"":1e-06,""remaining"":399.4520547945221,""terminal_reserve"":0.5434782608695652}}",0.0173380000051111,PASS,238893.84333986213,88.9271995905459,458,192
151,2025-05-31T21:00:00Z,447,540,1942,331,48,68,0,Optimization terminated successfully. (HiGHS Status 7: Optimal),0.0,215698.10596560896,215698.10596560896,0.0,1,0.11365919979289174,False,"[{""message"":""Optimization terminated successfully. (HiGHS Status 7: Optimal)"",""mip_feasibility_tolerance"":1e-08,""presolve"":true,""primal_feasibility_tolerance"":1e-08,""solve_seconds"":0.11365199997089803,""status"":0,""time_limit_seconds"":30.0}]",0.023310499964281917,"{""2025"":{""allowance"":287.89231867963707,""available_after_reserve"":287.89231967963707,""numerical_guard"":1e-06,""remaining"":287.89231967963707,""terminal_reserve"":0.0},""2026"":{""allowance"":398.90857553365254,""available_after_reserve"":398.90857653365254,""numerical_guard"":1e-06,""remaining"":399.4520547945221,""terminal_reserve"":0.5434782608695652}}",0.024022100027650595,PASS,215689.6307197712,8.475245837826424,469,192
152,2025-06-01T21:00:00Z,457,551,1993,340,48,69,0,Optimization terminated successfully. (HiGHS Status 7: Optimal),0.0,243347.0125899821,243347.01258998213,0.0,1,0.11607230012305081,False,"[{""message"":""Optimization terminated successfully. (HiGHS Status 7: Optimal)"",""mip_feasibility_tolerance"":1e-08,""presolve"":true,""primal_feasibility_tolerance"":1e-08,""solve_seconds"":0.11606560018844903,""status"":0,""time_limit_seconds"":30.0}]",0.02140009985305369,"{""2025"":{""allowance"":286.3828210246323,""available_after_reserve"":286.3828220246323,""numerical_guard"":1e-06,""remaining"":286.3828220246323,""terminal_reserve"":0.0},""2026"":{""allowance"":398.90857553365254,""available_after_reserve"":398.90857653365254,""numerical_guard"":1e-06,""remaining"":399.4520547945221,""terminal_reserve"":0.5434782608695652}}",0.021408800035715103,PASS,243346.3670937506,0.6454962315116929,486,192
153,2025-06-02T21:00:00Z,466,561,2039,348,48,70,0,Optimization terminated successfully. (HiGHS Status 7: Optimal),0.0,210550.30937339907,210550.30937339907,0.0,1,0.15852339984849095,False,"[{""message"":""Optimization terminated successfully. (HiGHS Status 7: Optimal)"",""mip_feasibility_tolerance"":1e-08,""presolve"":true,""primal_feasibility_tolerance"":1e-08,""solve_seconds"":0.15851780003868043,""status"":0,""time_limit_seconds"":30.0}]",0.02116940007545054,"{""2025"":{""allowance"":284.1039020349848,""available_after_reserve"":284.1039030349848,""numerical_guard"":1e-06,""remaining"":284.1039030349848,""terminal_reserve"":0.0},""2026"":{""allowance"":398.90857553365254,""available_after_reserve"":398.90857653365254,""numerical_guard"":1e-06,""remaining"":399.4520547945221,""terminal_reserve"":0.5434782608695652}}",0.02012289990670979,PASS,210431.6843604525,118.6250129461167,501,192
154,2025-06-03T21:00:00Z,447,539,1947,334,46,67,0,Optimization terminated successfully. (HiGHS Status 7: Optimal),1.0946486568672306e-06,164920.42948727024,164920.34519484203,5.111099429192553e-07,1,0.12056389986537397,False,"[{""message"":""Optimization terminated successfully. (HiGHS Status 7: Optimal)"",""mip_feasibility_tolerance"":1e-08,""presolve"":true,""primal_feasibility_tolerance"":1e-08,""solve_seconds"":0.12055870005860925,""status"":0,""time_limit_seconds"":30.0}]",0.017351199872791767,"{""2025"":{""allowance"":281.96719327783484,""available_after_reserve"":281.96719427783484,""numerical_guard"":1e-06,""remaining"":281.96719427783484,""terminal_reserve"":0.0},""2026"":{""allowance"":398.90857553365254,""available_after_reserve"":398.90857653365254,""numerical_guard"":1e-06,""remaining"":399.4520547945221,""terminal_reserve"":0.5434782608695652}}",0.019765499979257584,PASS,164621.6414714738,298.7037233680156,497,192
155,2025-06-04T21:00:00Z,415,503,1795,310,42,63,0,Optimization terminated successfully. (HiGHS Status 7: Optimal),0.0,141647.34557318885,141647.34557318885,0.0,1,0.10301349987275898,False,"[{""message"":""Optimization terminated successfully. (HiGHS Status 7: Optimal)"",""mip_feasibility_tolerance"":1e-08,""presolve"":true,""primal_feasibility_tolerance"":1e-08,""solve_seconds"":0.103007199941203,""status"":0,""time_limit_seconds"":30.0}]",0.023594000143930316,"{""2025"":{""allowance"":280.28639580896464,""available_after_reserve"":280.28639680896464,""numerical_guard"":1e-06,""remaining"":280.28639680896464,""terminal_reserve"":0.0},""2026"":{""allowance"":398.90857553365254,""available_after_reserve"":398.90857653365254,""numerical_guard"":1e-06,""remaining"":399.4520547945221,""terminal_reserve"":0.5434782608695652}}",0.019859699998050928,PASS,141590.39463530655,56.95093788219609,466,192
156,2025-06-05T21:00:00Z,485,1102,3200,343,72,70,0,Optimization terminated successfully. (HiGHS Status 7: Optimal),0.0,182900.9892057843,182900.98920578428,1.5912341744630262e-16,1,0.16632690001279116,False,"[{""message"":""Optimization terminated successfully. (HiGHS Status 7: Optimal)"",""mip_feasibility_tolerance"":1e-08,""presolve"":true,""primal_feasibility_tolerance"":1e-08,""solve_seconds"":0.16632159985601902,""status"":0,""time_limit_seconds"":30.0}]",0.01960490015335381,"{""2025"":{""allowance"":278.5493893372706,""available_after_reserve"":278.5493903372706,""numerical_guard"":1e-06,""remaining"":278.5493903372706,""terminal_reserve"":0.0},""2026"":{""allowance"":398.90857553365254,""available_after_reserve"":398.90857653365254,""numerical_guard"":1e-06,""remaining"":399.4520547945221,""terminal_reserve"":0.5434782608695652}}",0.020890799816697836,PASS,181956.03602981998,944.9531759642073,472,192
157,2025-06-06T21:00:00Z,459,1036,2994,321,72,66,0,Optimization terminated successfully. (HiGHS Status 7: Optimal),4.2446492821864055e-06,244150.4248460096,244149.87920691958,2.234853000168147e-06,1,0.46448289998807013,False,"[{""message"":""Optimization terminated successfully. (HiGHS Status 7: Optimal)"",""mip_feasibility_tolerance"":1e-08,""presolve"":true,""primal_feasibility_tolerance"":1e-08,""solve_seconds"":0.46447720006108284,""status"":0,""time_limit_seconds"":30.0}]",0.029125599889084697,"{""2025"":{""allowance"":276.87137231735954,""available_after_reserve"":276.87137331735954,""numerical_guard"":1e-06,""remaining"":276.87137331735954,""terminal_reserve"":0.0},""2026"":{""allowance"":398.90857553365254,""available_after_reserve"":398.90857653365254,""numerical_guard"":1e-06,""remaining"":399.4520547945221,""terminal_reserve"":0.5434782608695652}}",0.022221599938347936,PASS,243512.24920691972,637.6299999999774,480,192
158,2025-06-07T21:00:00Z,429,976,2798,302,66,61,0,Optimization terminated successfully. (HiGHS Status 7: Optimal),0.0,251031.5909814526,251031.5909814526,0.0,1,0.14838260016404092,False,"[{""message"":""Optimization terminated successfully. (HiGHS Status 7: Optimal)"",""mip_feasibility_tolerance"":1e-08,""presolve"":true,""primal_feasibility_tolerance"":1e-08,""solve_seconds"":0.14837679988704622,""status"":0,""time_limit_seconds"":30.0}]",0.02999179996550083,"{""2025"":{""allowance"":275.74157077937434,""available_after_reserve"":275.74157177937434,""numerical_guard"":1e-06,""remaining"":275.74157177937434,""terminal_reserve"":0.0},""2026"":{""allowance"":398.90857553365254,""available_after_reserve"":398.90857653365254,""numerical_guard"":1e-06,""remaining"":399.4520547945221,""terminal_reserve"":0.5434782608695652}}",0.01921779988333583,PASS,250215.2203564526,816.3706250000014,448,192
159,2025-06-08T21:00:00Z,436,992,2848,307,68,61,0,Optimization terminated successfully. (HiGHS Status 7: Optimal),1.5013768248497366e-16,315939.42818632413,315939.4281863241,1.8423677363605173e-16,1,0.10717009985819459,False,"[{""message"":""Optimization terminated successfully. (HiGHS Status 7: Optimal)"",""mip_feasibility_tolerance"":1e-08,""presolve"":true,""primal_feasibility_tolerance"":1e-08,""solve_seconds"":0.1071641999296844,""status"":0,""time_limit_seconds"":30.0}]",0.026091299951076508,"{""2025"":{""allowance"":274.43934113302885,""available_after_reserve"":274.43934213302884,""numerical_guard"":1e-06,""remaining"":274.43934213302884,""terminal_reserve"":0.0},""2026"":{""allowance"":398.90857553365254,""available_after_reserve"":398.90857653365254,""numerical_guard"":1e-06,""remaining"":399.4520547945221,""terminal_reserve"":0.5434782608695652}}",0.014966399874538183,PASS,314895.0672284953,1044.360957828673,439,192
160,2025-06-09T21:00:00Z,441,1011,2905,314,64,63,0,Optimization terminated successfully. (HiGHS Status 7: Optimal),8.690859420153761e-06,287256.33503000345,287255.5007514621,2.9043083218374563e-06,1,0.17497420008294284,False,"[{""message"":""Optimization terminated successfully. (HiGHS Status 7: Optimal)"",""mip_feasibility_tolerance"":1e-08,""presolve"":true,""primal_feasibility_tolerance"":1e-08,""solve_seconds"":0.17496730014681816,""status"":0,""time_limit_seconds"":30.0}]",0.0308871001470834,"{""2025"":{""allowance"":273.0057057235569,""available_after_reserve"":273.0057067235569,""numerical_guard"":1e-06,""remaining"":273.0057067235569,""terminal_reserve"":0.0},""2026"":{""allowance"":398.90857553365254,""available_after_reserve"":398.90857653365254,""numerical_guard"":1e-06,""remaining"":399.4520547945221,""terminal_reserve"":0.5434782608695652}}",0.021783800097182393,PASS,286136.19821345113,1119.3025380112026,449,192
161,2025-06-10T21:00:00Z,458,1043,3011,324,68,66,0,Optimization terminated successfully. (HiGHS Status 7: Optimal),1.7893571303765736e-06,231753.13631608518,231752.88861150426,1.0688306083477448e-06,1,0.15494709997437894,False,"[{""message"":""Optimization terminated successfully. (HiGHS Status 7: Optimal)"",""mip_feasibility_tolerance"":1e-08,""presolve"":true,""primal_feasibility_tolerance"":1e-08,""solve_seconds"":0.15494060004130006,""status"":0,""time_limit_seconds"":30.0}]",0.02755390014499426,"{""2025"":{""allowance"":271.1970949498635,""available_after_reserve"":271.1970959498635,""numerical_guard"":1e-06,""remaining"":271.1970959498635,""terminal_reserve"":0.0},""2026"":{""allowance"":398.90857553365254,""available_after_reserve"":398.90857653365254,""numerical_guard"":1e-06,""remaining"":399.4520547945221,""terminal_reserve"":0.5434782608695652}}",0.01471540005877614,PASS,230809.5835469412,943.3050645629068,461,192
162,2025-06-11T21:00:00Z,455,1034,2984,321,68,66,0,Optimization terminated successfully. (HiGHS Status 7: Optimal),1.2395123438809646e-05,242677.37691346422,242676.05359327636,5.45303159610044e-06,1,0.13493310008198023,False,"[{""message"":""Optimization terminated successfully. (HiGHS Status 7: Optimal)"",""mip_feasibility_tolerance"":1e-08,""presolve"":true,""primal_feasibility_tolerance"":1e-08,""solve_seconds"":0.1349271999206394,""status"":0,""time_limit_seconds"":30.0}]",0.026692699873819947,"{""2025"":{""allowance"":269.2340260768345,""available_after_reserve"":269.2340270768345,""numerical_guard"":1e-06,""remaining"":269.2340270768345,""terminal_reserve"":0.0},""2026"":{""allowance"":398.90857553365254,""available_after_reserve"":398.90857653365254,""numerical_guard"":1e-06,""remaining"":399.4520547945221,""terminal_reserve"":0.5434782608695652}}",0.02112889988347888,PASS,241774.73359327624,901.3199999999916,465,192
163,2025-06-12T21:00:00Z,476,1083,3139,337,70,69,0,Optimization terminated successfully. (HiGHS Status 7: Optimal),0.0,192594.3892792046,192594.38927920457,1.5111463301530456e-16,1,0.12845399999059737,False,"[{""message"":""Optimization terminated successfully. (HiGHS Status 7: Optimal)"",""mip_feasibility_tolerance"":1e-08,""presolve"":true,""primal_feasibility_tolerance"":1e-08,""solve_seconds"":0.1284477999433875,""status"":0,""time_limit_seconds"":30.0}]",0.03251389996148646,"{""2025"":{""allowance"":267.77810327529596,""available_after_reserve"":267.77810427529596,""numerical_guard"":1e-06,""remaining"":267.77810427529596,""terminal_reserve"":0.0},""2026"":{""allowance"":398.90857553365254,""available_after_reserve"":398.90857653365254,""numerical_guard"":1e-06,""remaining"":399.4520547945221,""terminal_reserve"":0.5434782608695652}}",0.020279600052163005,PASS,191941.6130292047,652.7762499997345,475,192
164,2025-06-13T21:00:00Z,438,997,2865,309,66,63,0,Optimization terminated successfully. (HiGHS Status 7: Optimal),4.590564797574387e-05,176048.36849913537,176044.24800646145,2.340600570922568e-05,1,0.1793517000041902,False,"[{""message"":""Optimization terminated successfully. (HiGHS Status 7: Optimal)"",""mip_feasibility_tolerance"":1e-08,""presolve"":true,""primal_feasibility_tolerance"":1e-08,""solve_seconds"":0.17934449994936585,""status"":0,""time_limit_seconds"":30.0}]",0.02829699986614287,"{""2025"":{""allowance"":266.36966220181273,""available_after_reserve"":266.3696632018127,""numerical_guard"":1e-06,""remaining"":266.3696632018127,""terminal_reserve"":0.0},""2026"":{""allowance"":398.90857553365254,""available_after_reserve"":398.90857653365254,""numerical_guard"":1e-06,""remaining"":399.4520547945221,""terminal_reserve"":0.5434782608695652}}",0.023094699950888753,PASS,175374.1948814614,670.0531249999912,466,192
165,2025-06-14T21:00:00Z,475,1075,3117,334,72,69,0,Optimization terminated successfully. (HiGHS Status 7: Optimal),6.0047114782074094e-05,176082.48010906458,176077.16968381288,3.0159646825476146e-05,1,0.15019099996425211,False,"[{""message"":""Optimization terminated successfully. (HiGHS Status 7: Optimal)"",""mip_feasibility_tolerance"":1e-08,""presolve"":true,""primal_feasibility_tolerance"":1e-08,""solve_seconds"":0.15018439991399646,""status"":0,""time_limit_seconds"":30.0}]",0.03016089997254312,"{""2025"":{""allowance"":264.8829699344309,""available_after_reserve"":264.8829709344309,""numerical_guard"":1e-06,""remaining"":264.8829709344309,""terminal_reserve"":0.0},""2026"":{""allowance"":398.90857553365254,""available_after_reserve"":398.90857653365254,""numerical_guard"":1e-06,""remaining"":399.4520547945221,""terminal_reserve"":0.5434782608695652}}",0.01877199998125434,PASS,174963.25957686498,1113.9101069473368,463,192
166,2025-06-15T21:00:00Z,449,1019,2937,316,68,65,0,Optimization terminated successfully. (HiGHS Status 7: Optimal),0.0,186075.20418156893,186075.20418156893,0.0,1,0.101083799963817,False,"[{""message"":""Optimization terminated successfully. (HiGHS Status 7: Optimal)"",""mip_feasibility_tolerance"":1e-08,""presolve"":true,""primal_feasibility_tolerance"":1e-08,""solve_seconds"":0.10107750003226101,""status"":0,""time_limit_seconds"":30.0}]",0.08988439990207553,"{""2025"":{""allowance"":263.74329544784007,""available_after_reserve"":263.74329644784007,""numerical_guard"":1e-06,""remaining"":263.74329644784007,""terminal_reserve"":0.0},""2026"":{""allowance"":398.90857553365254,""available_after_reserve"":398.90857653365254,""numerical_guard"":1e-06,""remaining"":399.4520547945221,""terminal_reserve"":0.5434782608695652}}",0.021515600150451064,PASS,184707.46791837996,1367.7362631888805,468,192
167,2025-06-16T21:00:00Z,441,1003,2885,311,66,64,0,Optimization terminated successfully. (HiGHS Status 7: Optimal),0.0,200170.83341215568,200170.83341215565,1.4539496069743762e-16,1,0.07409370015375316,False,"[{""message"":""Optimization terminated successfully. (HiGHS Status 7: Optimal)"",""mip_feasibility_tolerance"":1e-08,""presolve"":true,""primal_feasibility_tolerance"":1e-08,""solve_seconds"":0.07408779999241233,""status"":0,""time_limit_seconds"":30.0}]",0.020373599836602807,"{""2025"":{""allowance"":261.7597517420705,""available_after_reserve"":261.7597527420705,""numerical_guard"":1e-06,""remaining"":261.7597527420705,""terminal_reserve"":0.0},""2026"":{""allowance"":398.90857553365254,""available_after_reserve"":398.90857653365254,""numerical_guard"":1e-06,""remaining"":399.4520547945221,""terminal_reserve"":0.5434782608695652}}",0.01666090008802712,PASS,199042.46908986094,1128.364322294849,450,192
168,2025-06-17T21:00:00Z,492,1123,3263,350,72,70,0,Optimization terminated successfully. (HiGHS Status 7: Optimal),6.287392166647299e-16,192527.0140294442,192527.01402944414,3.0233503182345835e-16,1,0.13199110003188252,False,"[{""message"":""Optimization terminated successfully. (HiGHS Status 7: Optimal)"",""mip_feasibility_tolerance"":1e-08,""presolve"":true,""primal_feasibility_tolerance"":1e-08,""solve_seconds"":0.13198420009575784,""status"":0,""time_limit_seconds"":30.0}]",0.03074640012346208,"{""2025"":{""allowance"":260.24650580998264,""available_after_reserve"":260.24650680998263,""numerical_guard"":1e-06,""remaining"":260.24650680998263,""terminal_reserve"":0.0},""2026"":{""allowance"":398.90857553365254,""available_after_reserve"":398.90857653365254,""numerical_guard"":1e-06,""remaining"":399.4520547945221,""terminal_reserve"":0.5434782608695652}}",0.021619000006467104,PASS,191560.62465444402,966.3893750000112,479,192
169,2025-06-18T21:00:00Z,448,1021,2941,317,66,65,0,Optimization terminated successfully. (HiGHS Status 7: Optimal),1.2789283734928938e-16,203724.54892649635,203724.54892649635,0.0,1,0.17516320012509823,False,"[{""message"":""Optimization terminated successfully. (HiGHS Status 7: Optimal)"",""mip_feasibility_tolerance"":1e-08,""presolve"":true,""primal_feasibility_tolerance"":1e-08,""solve_seconds"":0.17515580006875098,""status"":0,""time_limit_seconds"":30.0}]",0.030654799891635776,"{""2025"":{""allowance"":258.62346457942164,""available_after_reserve"":258.62346557942163,""numerical_guard"":1e-06,""remaining"":258.62346557942163,""terminal_reserve"":0.0},""2026"":{""allowance"":398.90857553365254,""available_after_reserve"":398.90857653365254,""numerical_guard"":1e-06,""remaining"":399.4520547945221,""terminal_reserve"":0.5434782608695652}}",0.02217209991067648,PASS,202667.44482240814,1057.1041040883397,484,192
170,2025-06-19T21:00:00Z,449,1024,2950,318,66,65,0,Optimization terminated successfully. (HiGHS Status 7: Optimal),1.3918456428593156e-05,217678.8883203605,217677.40594287845,6.809974033057366e-06,1,0.15835649985820055,False,"[{""message"":""Optimization terminated successfully. (HiGHS Status 7: Optimal)"",""mip_feasibility_tolerance"":1e-08,""presolve"":true,""primal_feasibility_tolerance"":1e-08,""solve_seconds"":0.15834990004077554,""status"":0,""time_limit_seconds"":30.0}]",0.02858439995907247,"{""2025"":{""allowance"":257.5153783097689,""available_after_reserve"":257.5153793097689,""numerical_guard"":1e-06,""remaining"":257.5153793097689,""terminal_reserve"":0.0},""2026"":{""allowance"":398.90857553365254,""available_after_reserve"":398.90857653365254,""numerical_guard"":1e-06,""remaining"":399.4520547945221,""terminal_reserve"":0.5434782608695652}}",0.018050399841740727,PASS,216838.6675294145,838.7384134642939,457,192
171,2025-06-20T21:00:00Z,458,1043,3011,324,68,66,0,Optimization terminated successfully. (HiGHS Status 7: Optimal),9.619877859413948e-05,201331.17445784478,201321.8536080203,4.629825156806388e-05,1,1.7247955000493675,False,"[{""message"":""Optimization terminated successfully. (HiGHS Status 7: Optimal)"",""mip_feasibility_tolerance"":1e-08,""presolve"":true,""primal_feasibility_tolerance"":1e-08,""solve_seconds"":1.724788699997589,""status"":0,""time_limit_seconds"":30.0}]",0.029042900074273348,"{""2025"":{""allowance"":256.21478601928726,""available_after_reserve"":256.21478701928726,""numerical_guard"":1e-06,""remaining"":256.21478701928726,""terminal_reserve"":0.0},""2026"":{""allowance"":398.90857553365254,""available_after_reserve"":398.90857653365254,""numerical_guard"":1e-06,""remaining"":399.4520547945221,""terminal_reserve"":0.5434782608695652}}",0.02086610021069646,PASS,200744.14360802068,577.7100000002999,463,192
172,2025-06-21T21:00:00Z,438,994,2858,308,66,64,0,Optimization terminated successfully. (HiGHS Status 7: Optimal),0.0,178272.32961791125,178272.32961791125,0.0,1,0.46868129982613027,False,"[{""message"":""Optimization terminated successfully. (HiGHS Status 7: Optimal)"",""mip_feasibility_tolerance"":1e-08,""presolve"":true,""primal_feasibility_tolerance"":1e-08,""solve_seconds"":0.46867490001022816,""status"":0,""time_limit_seconds"":30.0}]",0.02651320002041757,"{""2025"":{""allowance"":255.0046074221802,""available_after_reserve"":255.00460842218018,""numerical_guard"":1e-06,""remaining"":255.00460842218018,""terminal_reserve"":0.0},""2026"":{""allowance"":398.90857553365254,""available_after_reserve"":398.90857653365254,""numerical_guard"":1e-06,""remaining"":399.4520547945221,""terminal_reserve"":0.5434782608695652}}",0.023409200133755803,PASS,177261.20533819814,1011.1242797133657,454,192
173,2025-06-22T21:00:00Z,458,1046,3018,325,68,65,0,Optimization terminated successfully. (HiGHS Status 7: Optimal),1.2503345862012926e-05,164156.4322462501,164155.38742844394,6.3648097240718205e-06,1,0.17117330012843013,False,"[{""message"":""Optimization terminated successfully. (HiGHS Status 7: Optimal)"",""mip_feasibility_tolerance"":1e-08,""presolve"":true,""primal_feasibility_tolerance"":1e-08,""solve_seconds"":0.1711663999594748,""status"":0,""time_limit_seconds"":30.0}]",0.027710399823263288,"{""2025"":{""allowance"":253.6959087883742,""available_after_reserve"":253.6959097883742,""numerical_guard"":1e-06,""remaining"":253.6959097883742,""terminal_reserve"":0.0},""2026"":{""allowance"":398.90857553365254,""available_after_reserve"":398.90857653365254,""numerical_guard"":1e-06,""remaining"":399.4520547945221,""terminal_reserve"":0.5434782608695652}}",0.024193299934267998,PASS,163172.486803444,982.9006249998713,456,192
174,2025-06-23T21:00:00Z,437,994,2856,308,66,63,0,Optimization terminated successfully. (HiGHS Status 7: Optimal),3.2800014224227888e-16,169477.22723757755,169477.2272375775,3.4345417294248286e-16,1,0.14113190001808107,False,"[{""message"":""Optimization terminated successfully. (HiGHS Status 7: Optimal)"",""mip_feasibility_tolerance"":1e-08,""presolve"":true,""primal_feasibility_tolerance"":1e-08,""solve_seconds"":0.14112459984607995,""status"":0,""time_limit_seconds"":30.0}]",0.03280879999510944,"{""2025"":{""allowance"":251.81124668475132,""available_after_reserve"":251.81124768475132,""numerical_guard"":1e-06,""remaining"":251.81124768475132,""terminal_reserve"":0.0},""2026"":{""allowance"":398.90857553365254,""available_after_reserve"":398.90857653365254,""numerical_guard"":1e-06,""remaining"":399.4520547945221,""terminal_reserve"":0.5434782608695652}}",0.025331199867650867,PASS,168239.28728144808,1237.9399561296586,457,192
175,2025-06-24T21:00:00Z,410,946,2694,293,60,57,0,Optimization terminated successfully. (HiGHS Status 7: Optimal),8.093424521602073e-05,185814.66530152183,185806.54096176577,4.3724724188977134e-05,1,0.04432540014386177,False,"[{""message"":""Optimization terminated successfully. (HiGHS Status 7: Optimal)"",""mip_feasibility_tolerance"":1e-08,""presolve"":true,""primal_feasibility_tolerance"":1e-08,""solve_seconds"":0.04431789997033775,""status"":0,""time_limit_seconds"":30.0}]",0.03419849998317659,"{""2025"":{""allowance"":250.15809378154688,""available_after_reserve"":250.15809478154688,""numerical_guard"":1e-06,""remaining"":250.15809478154688,""terminal_reserve"":0.0},""2026"":{""allowance"":398.90857553365254,""available_after_reserve"":398.90857653365254,""numerical_guard"":1e-06,""remaining"":399.4520547945221,""terminal_reserve"":0.5434782608695652}}",0.031339799985289574,PASS,184412.02292638255,1394.5180353828935,433,192
176,2025-06-25T21:00:00Z,456,1042,3006,324,66,66,0,Optimization terminated successfully. (HiGHS Status 7: Optimal),0.0,163839.28022840217,163839.28022840215,1.7763646432138345e-16,1,0.13763629994355142,False,"[{""message"":""Optimization terminated successfully. (HiGHS Status 7: Optimal)"",""mip_feasibility_tolerance"":1e-08,""presolve"":true,""primal_feasibility_tolerance"":1e-08,""solve_seconds"":0.13763020001351833,""status"":0,""time_limit_seconds"":30.0}]",0.03449510014615953,"{""2025"":{""allowance"":248.9800535624413,""available_after_reserve"":248.9800545624413,""numerical_guard"":1e-06,""remaining"":248.9800545624413,""terminal_reserve"":0.0},""2026"":{""allowance"":398.90857553365254,""available_after_reserve"":398.90857653365254,""numerical_guard"":1e-06,""remaining"":399.4520547945221,""terminal_reserve"":0.5434782608695652}}",0.014368799980729818,PASS,162659.7321034022,1179.5481249999984,446,192
177,2025-06-26T21:00:00Z,483,1093,3175,340,72,71,0,Optimization terminated successfully. (HiGHS Status 7: Optimal),1.9012677165606544e-05,233033.02452913884,233029.81443568913,1.3775462412342122e-05,1,0.13651119987480342,False,"[{""message"":""Optimization terminated successfully. (HiGHS Status 7: Optimal)"",""mip_feasibility_tolerance"":1e-08,""presolve"":true,""primal_feasibility_tolerance"":1e-08,""solve_seconds"":0.13650649995543063,""status"":0,""time_limit_seconds"":30.0}]",0.01985809998586774,"{""2025"":{""allowance"":247.49226450810238,""available_after_reserve"":247.49226550810238,""numerical_guard"":1e-06,""remaining"":247.49226550810238,""terminal_reserve"":0.0},""2026"":{""allowance"":398.90857553365254,""available_after_reserve"":398.90857653365254,""numerical_guard"":1e-06,""remaining"":399.4520547945221,""terminal_reserve"":0.5434782608695652}}",0.024331199936568737,PASS,232370.29193568876,659.5224999999921,479,192
178,2025-06-27T21:00:00Z,463,1053,3043,327,70,66,0,Optimization terminated successfully. (HiGHS Status 7: Optimal),7.868651163009224e-05,324627.8290563492,324615.434099825,3.8183509538185276e-05,1,0.16730580013245344,False,"[{""message"":""Optimization terminated successfully. (HiGHS Status 7: Optimal)"",""mip_feasibility_tolerance"":1e-08,""presolve"":true,""primal_feasibility_tolerance"":1e-08,""solve_seconds"":0.16729939985089004,""status"":0,""time_limit_seconds"":30.0}]",0.020494299940764904,"{""2025"":{""allowance"":246.39366377860546,""available_after_reserve"":246.39366477860546,""numerical_guard"":1e-06,""remaining"":246.39366477860546,""terminal_reserve"":0.0},""2026"":{""allowance"":398.90857553365254,""available_after_reserve"":398.90857653365254,""numerical_guard"":1e-06,""remaining"":399.4520547945221,""terminal_reserve"":0.5434782608695652}}",0.01574479998089373,PASS,324033.279099825,582.1549999999904,482,192
179,2025-06-28T21:00:00Z,459,1043,3013,324,68,67,0,Optimization terminated successfully. (HiGHS Status 7: Optimal),0.0,290783.0395692707,290783.0395692707,0.0,1,0.12389769987203181,False,"[{""message"":""Optimization terminated successfully. (HiGHS Status 7: Optimal)"",""mip_feasibility_tolerance"":1e-08,""presolve"":true,""primal_feasibility_tolerance"":1e-08,""solve_seconds"":0.12389170005917549,""status"":0,""time_limit_seconds"":30.0}]",0.019981499994173646,"{""2025"":{""allowance"":244.88343275027285,""available_after_reserve"":244.88343375027284,""numerical_guard"":1e-06,""remaining"":244.88343375027284,""terminal_reserve"":0.0},""2026"":{""allowance"":398.90857553365254,""available_after_reserve"":398.90857653365254,""numerical_guard"":1e-06,""remaining"":399.4520547945221,""terminal_reserve"":0.5434782608695652}}",0.017778499983251095,PASS,289559.5769722997,1223.4625969707379,470,192
180,2025-06-29T21:00:00Z,435,996,2858,309,64,62,0,Optimization terminated successfully. (HiGHS Status 7: Optimal),5.11110844391839e-06,303262.21462213725,303261.3395960139,2.8853863289367624e-06,1,0.1553019001148641,False,"[{""message"":""Optimization terminated successfully. (HiGHS Status 7: Optimal)"",""mip_feasibility_tolerance"":1e-08,""presolve"":true,""primal_feasibility_tolerance"":1e-08,""solve_seconds"":0.15529200015589595,""status"":0,""time_limit_seconds"":30.0}]",0.02098229993134737,"{""2025"":{""allowance"":243.59896137216765,""available_after_reserve"":243.59896237216765,""numerical_guard"":1e-06,""remaining"":243.59896237216765,""terminal_reserve"":0.0},""2026"":{""allowance"":398.90857553365254,""available_after_reserve"":398.90857653365254,""numerical_guard"":1e-06,""remaining"":399.4520547945221,""terminal_reserve"":0.5434782608695652}}",0.024369899882003665,PASS,302042.36397101404,1218.9756249999934,456,192
181,2025-06-30T21:00:00Z,404,921,2621,284,64,56,0,Optimization terminated successfully. (HiGHS Status 7: Optimal),1.4332754138474801e-05,338599.0185111223,338596.56986598414,7.231748210417237e-06,1,0.18069360009394586,False,"[{""message"":""Optimization terminated successfully. (HiGHS Status 7: Optimal)"",""mip_feasibility_tolerance"":1e-08,""presolve"":true,""primal_feasibility_tolerance"":1e-08,""solve_seconds"":0.1806866000406444,""status"":0,""time_limit_seconds"":30.0}]",0.10466259997338057,"{""2025"":{""allowance"":241.75779943930564,""available_after_reserve"":241.75780043930564,""numerical_guard"":1e-06,""remaining"":241.75780043930564,""terminal_reserve"":0.0},""2026"":{""allowance"":398.90857553365254,""available_after_reserve"":398.90857653365254,""numerical_guard"":1e-06,""remaining"":399.4520547945221,""terminal_reserve"":0.5434782608695652}}",0.020846699830144644,PASS,337075.1063565564,1521.463509428225,427,192
182,2025-07-01T21:00:00Z,498,1138,3310,355,72,71,0,Optimization terminated successfully. (HiGHS Status 7: Optimal),6.217941964671698e-06,287141.32176687935,287140.5759349958,2.597445105562127e-06,1,0.1368678999133408,False,"[{""message"":""Optimization terminated successfully. (HiGHS Status 7: Optimal)"",""mip_feasibility_tolerance"":1e-08,""presolve"":true,""primal_feasibility_tolerance"":1e-08,""solve_seconds"":0.1368613000959158,""status"":0,""time_limit_seconds"":30.0}]",0.02617430011741817,"{""2025"":{""allowance"":239.7772348829294,""available_after_reserve"":239.7772358829294,""numerical_guard"":1e-06,""remaining"":239.7772358829294,""terminal_reserve"":0.0},""2026"":{""allowance"":398.90857553365254,""available_after_reserve"":398.90857653365254,""numerical_guard"":1e-06,""remaining"":399.4520547945221,""terminal_reserve"":0.5434782608695652}}",0.02270410000346601,PASS,285930.78442326456,1209.7915117312293,464,192
183,2025-07-02T21:00:00Z,468,1067,3087,332,68,68,0,Optimization terminated successfully. (HiGHS Status 7: Optimal),0.0,198061.7559025921,198061.75590259206,1.469432113438757e-16,1,0.07493679993785918,False,"[{""message"":""Optimization terminated successfully. (HiGHS Status 7: Optimal)"",""mip_feasibility_tolerance"":1e-08,""presolve"":true,""primal_feasibility_tolerance"":1e-08,""solve_seconds"":0.07492959988303483,""status"":0,""time_limit_seconds"":30.0}]",0.028317000018432736,"{""2025"":{""allowance"":237.80284608840537,""available_after_reserve"":237.80284708840537,""numerical_guard"":1e-06,""remaining"":237.80284708840537,""terminal_reserve"":0.0},""2026"":{""allowance"":398.90857553365254,""available_after_reserve"":398.90857653365254,""numerical_guard"":1e-06,""remaining"":399.4520547945221,""terminal_reserve"":0.5434782608695652}}",0.022159900050610304,PASS,196963.93277759213,1097.823125000012,500,192
184,2025-07-03T21:00:00Z,457,1041,3003,323,70,64,0,Optimization terminated successfully. (HiGHS Status 7: Optimal),0.0,199300.08765123953,199300.08765123953,0.0,1,0.09589590015821159,False,"[{""message"":""Optimization terminated successfully. (HiGHS Status 7: Optimal)"",""mip_feasibility_tolerance"":1e-08,""presolve"":true,""primal_feasibility_tolerance"":1e-08,""solve_seconds"":0.09588939999230206,""status"":0,""time_limit_seconds"":30.0}]",0.032197900116443634,"{""2025"":{""allowance"":235.97911019748858,""available_after_reserve"":235.97911119748858,""numerical_guard"":1e-06,""remaining"":235.97911119748858,""terminal_reserve"":0.0},""2026"":{""allowance"":398.90857553365254,""available_after_reserve"":398.90857653365254,""numerical_guard"":1e-06,""remaining"":399.4520547945221,""terminal_reserve"":0.5434782608695652}}",0.023405599873512983,PASS,198140.05032497895,1160.0373262605265,475,192
185,2025-07-04T21:00:00Z,448,1027,2955,319,66,63,0,Optimization terminated successfully. (HiGHS Status 7: Optimal),3.8485590598081093e-16,269416.4136996224,269416.4136996223,2.1605090838438774e-16,1,0.10913060000166297,False,"[{""message"":""Optimization terminated successfully. (HiGHS Status 7: Optimal)"",""mip_feasibility_tolerance"":1e-08,""presolve"":true,""primal_feasibility_tolerance"":1e-08,""solve_seconds"":0.10912399995140731,""status"":0,""time_limit_seconds"":30.0}]",0.03295519994571805,"{""2025"":{""allowance"":234.6414253767265,""available_after_reserve"":234.64142637672649,""numerical_guard"":1e-06,""remaining"":234.64142637672649,""terminal_reserve"":0.0},""2026"":{""allowance"":398.90857553365254,""available_after_reserve"":398.90857653365254,""numerical_guard"":1e-06,""remaining"":399.4520547945221,""terminal_reserve"":0.5434782608695652}}",0.01818670006468892,PASS,268512.21686560294,904.1968340195579,467,192
186,2025-07-05T21:00:00Z,490,1117,3245,348,72,70,0,Optimization terminated successfully. (HiGHS Status 7: Optimal),7.437273680371589e-06,237429.49939843285,237428.8376527978,2.7871325218026464e-06,1,0.13694009999744594,False,"[{""message"":""Optimization terminated successfully. (HiGHS Status 7: Optimal)"",""mip_feasibility_tolerance"":1e-08,""presolve"":true,""primal_feasibility_tolerance"":1e-08,""solve_seconds"":0.13693429995328188,""status"":0,""time_limit_seconds"":30.0}]",0.028339800192043185,"{""2025"":{""allowance"":233.30235027794805,""available_after_reserve"":233.30235127794805,""numerical_guard"":1e-06,""remaining"":233.30235127794805,""terminal_reserve"":0.0},""2026"":{""allowance"":398.90857553365254,""available_after_reserve"":398.90857653365254,""numerical_guard"":1e-06,""remaining"":399.4520547945221,""terminal_reserve"":0.5434782608695652}}",0.01620829990133643,PASS,236125.23544321125,1303.602209586465,486,192
187,2025-07-06T21:00:00Z,458,1040,3004,323,68,67,0,Optimization terminated successfully. (HiGHS Status 7: Optimal),1.6471908997620317e-05,226517.1006238571,226514.77913907517,1.0248712206640955e-05,1,0.15255230013281107,False,"[{""message"":""Optimization terminated successfully. (HiGHS Status 7: Optimal)"",""mip_feasibility_tolerance"":1e-08,""presolve"":true,""primal_feasibility_tolerance"":1e-08,""solve_seconds"":0.1525457000825554,""status"":0,""time_limit_seconds"":30.0}]",0.028043600032106042,"{""2025"":{""allowance"":231.94361106004993,""available_after_reserve"":231.94361206004993,""numerical_guard"":1e-06,""remaining"":231.94361206004993,""terminal_reserve"":0.0},""2026"":{""allowance"":398.90857553365254,""available_after_reserve"":398.90857653365254,""numerical_guard"":1e-06,""remaining"":399.4520547945221,""terminal_reserve"":0.5434782608695652}}",0.021071699913591146,PASS,225323.78567341637,1190.9934656588991,486,192
188,2025-07-07T21:00:00Z,443,1009,2903,313,66,64,0,Optimization terminated successfully. (HiGHS Status 7: Optimal),2.5201859656268854e-05,265102.32439663453,265099.1190668031,1.2091061798847567e-05,1,0.09860110003501177,False,"[{""message"":""Optimization terminated successfully. (HiGHS Status 7: Optimal)"",""mip_feasibility_tolerance"":1e-08,""presolve"":true,""primal_feasibility_tolerance"":1e-08,""solve_seconds"":0.09859499987214804,""status"":0,""time_limit_seconds"":30.0}]",0.02435960015282035,"{""2025"":{""allowance"":229.9474227977734,""available_after_reserve"":229.9474237977734,""numerical_guard"":1e-06,""remaining"":229.9474237977734,""terminal_reserve"":0.0},""2026"":{""allowance"":398.90857553365254,""available_after_reserve"":398.90857653365254,""numerical_guard"":1e-06,""remaining"":399.4520547945221,""terminal_reserve"":0.5434782608695652}}",0.020354699809104204,PASS,264126.4165668031,972.70250000002,457,192
189,2025-07-08T21:00:00Z,427,965,2767,298,68,61,0,Optimization terminated successfully. (HiGHS Status 7: Optimal),3.7249801642681837e-06,231127.11972966907,231126.7228204207,1.7172797828456042e-06,1,0.12047279998660088,False,"[{""message"":""Optimization terminated successfully. (HiGHS Status 7: Optimal)"",""mip_feasibility_tolerance"":1e-08,""presolve"":true,""primal_feasibility_tolerance"":1e-08,""solve_seconds"":0.12046619993634522,""status"":0,""time_limit_seconds"":30.0}]",0.0269877000246197,"{""2025"":{""allowance"":228.1718651049726,""available_after_reserve"":228.1718661049726,""numerical_guard"":1e-06,""remaining"":228.1718661049726,""terminal_reserve"":0.0},""2026"":{""allowance"":398.90857553365254,""available_after_reserve"":398.90857653365254,""numerical_guard"":1e-06,""remaining"":399.4520547945221,""terminal_reserve"":0.5434782608695652}}",0.021143699996173382,PASS,230227.45469542086,899.2681250000002,438,192
190,2025-07-09T21:00:00Z,460,1041,3009,323,70,67,0,Optimization terminated successfully. (HiGHS Status 7: Optimal),2.9623964712585477e-06,184344.2354363082,184343.9973564102,1.2914979680127985e-06,1,0.1335018000099808,False,"[{""message"":""Optimization terminated successfully. (HiGHS Status 7: Optimal)"",""mip_feasibility_tolerance"":1e-08,""presolve"":true,""primal_feasibility_tolerance"":1e-08,""solve_seconds"":0.1334961000829935,""status"":0,""time_limit_seconds"":30.0}]",0.029210899956524372,"{""2025"":{""allowance"":226.5694383725961,""available_after_reserve"":226.5694393725961,""numerical_guard"":1e-06,""remaining"":226.5694393725961,""terminal_reserve"":0.0},""2026"":{""allowance"":398.90857553365254,""available_after_reserve"":398.90857653365254,""numerical_guard"":1e-06,""remaining"":399.4520547945221,""terminal_reserve"":0.5434782608695652}}",0.018157799961045384,PASS,183328.78298141022,1015.2143750000492,445,192
191,2025-07-10T21:00:00Z,487,1105,3211,344,72,71,0,Optimization terminated successfully. (HiGHS Status 7: Optimal),0.0,210290.64122440544,210290.64122440544,0.0,1,0.1347312000580132,False,"[{""message"":""Optimization terminated successfully. (HiGHS Status 7: Optimal)"",""mip_feasibility_tolerance"":1e-08,""presolve"":true,""primal_feasibility_tolerance"":1e-08,""solve_seconds"":0.13472569989971817,""status"":0,""time_limit_seconds"":30.0}]",0.026843500090762973,"{""2025"":{""allowance"":224.6873414665248,""available_after_reserve"":224.6873424665248,""numerical_guard"":1e-06,""remaining"":224.6873424665248,""terminal_reserve"":0.0},""2026"":{""allowance"":398.90857553365254,""available_after_reserve"":398.90857653365254,""numerical_guard"":1e-06,""remaining"":399.4520547945221,""terminal_reserve"":0.5434782608695652}}",0.01745429984293878,PASS,209517.56559940538,773.0756250000042,481,192
192,2025-07-11T21:00:00Z,468,1065,3081,331,70,67,0,Optimization terminated successfully. (HiGHS Status 7: Optimal),6.374154304717613e-06,218998.18851313984,218997.62386475454,2.578331103966215e-06,1,0.13947219983674586,False,"[{""message"":""Optimization terminated successfully. (HiGHS Status 7: Optimal)"",""mip_feasibility_tolerance"":1e-08,""presolve"":true,""primal_feasibility_tolerance"":1e-08,""solve_seconds"":0.1394667001441121,""status"":0,""time_limit_seconds"":30.0}]",0.027367400005459785,"{""2025"":{""allowance"":223.2032580881123,""available_after_reserve"":223.2032590881123,""numerical_guard"":1e-06,""remaining"":223.2032590881123,""terminal_reserve"":0.0},""2026"":{""allowance"":398.90857553365254,""available_after_reserve"":398.90857653365254,""numerical_guard"":1e-06,""remaining"":399.4520547945221,""terminal_reserve"":0.5434782608695652}}",0.02022409997880459,PASS,218265.5988647545,732.0250000000336,489,192
193,2025-07-12T21:00:00Z,470,1071,3099,333,70,67,0,Optimization terminated successfully. (HiGHS Status 7: Optimal),4.571840486325045e-06,196527.29488945426,196526.7904816856,2.5666107273482794e-06,1,0.13194240001030266,False,"[{""message"":""Optimization terminated successfully. (HiGHS Status 7: Optimal)"",""mip_feasibility_tolerance"":1e-08,""presolve"":true,""primal_feasibility_tolerance"":1e-08,""solve_seconds"":0.1319359999615699,""status"":0,""time_limit_seconds"":30.0}]",0.02736840001307428,"{""2025"":{""allowance"":221.80140672168233,""available_after_reserve"":221.80140772168232,""numerical_guard"":1e-06,""remaining"":221.80140772168232,""terminal_reserve"":0.0},""2026"":{""allowance"":398.90857553365254,""available_after_reserve"":398.90857653365254,""numerical_guard"":1e-06,""remaining"":399.4520547945221,""terminal_reserve"":0.5434782608695652}}",0.017824799986556172,PASS,195345.70447779252,1181.086003893014,482,192
194,2025-07-13T21:00:00Z,492,1120,3256,349,72,71,0,Optimization terminated successfully. (HiGHS Status 7: Optimal),6.755834558659212e-06,196351.95914157154,196351.35688771377,3.0672253419242556e-06,1,0.09877740009687841,False,"[{""message"":""Optimization terminated successfully. (HiGHS Status 7: Optimal)"",""mip_feasibility_tolerance"":1e-08,""presolve"":true,""primal_feasibility_tolerance"":1e-08,""solve_seconds"":0.09877110016532242,""status"":0,""time_limit_seconds"":30.0}]",0.0218216001521796,"{""2025"":{""allowance"":220.38022803194303,""available_after_reserve"":220.38022903194303,""numerical_guard"":1e-06,""remaining"":220.38022903194303,""terminal_reserve"":0.0},""2026"":{""allowance"":398.90857553365254,""available_after_reserve"":398.90857653365254,""numerical_guard"":1e-06,""remaining"":399.4520547945221,""terminal_reserve"":0.5434782608695652}}",0.015323800034821033,PASS,195218.20259014133,1133.1542975723783,496,192
195,2025-07-14T21:00:00Z,475,1075,3117,334,72,69,0,Optimization terminated successfully. (HiGHS Status 7: Optimal),5.124242330138477e-05,213506.74058639642,213500.21249268646,3.057652090244768e-05,1,0.13358359993435442,False,"[{""message"":""Optimization terminated successfully. (HiGHS Status 7: Optimal)"",""mip_feasibility_tolerance"":1e-08,""presolve"":true,""primal_feasibility_tolerance"":1e-08,""solve_seconds"":0.13357699988409877,""status"":0,""time_limit_seconds"":30.0}]",0.029477700125426054,"{""2025"":{""allowance"":218.86301131506747,""available_after_reserve"":218.86301231506746,""numerical_guard"":1e-06,""remaining"":218.86301231506746,""terminal_reserve"":0.0},""2026"":{""allowance"":398.90857553365254,""available_after_reserve"":398.90857653365254,""numerical_guard"":1e-06,""remaining"":399.4520547945221,""terminal_reserve"":0.5434782608695652}}",0.016305199824273586,PASS,212382.6624926866,1117.5499999999981,495,192
196,2025-07-15T21:00:00Z,440,1003,2883,311,66,63,0,Optimization terminated successfully. (HiGHS Status 7: Optimal),3.840050612212616e-16,275934.0440147551,275934.04401475494,6.328431975978457e-16,1,0.10002469993196428,False,"[{""message"":""Optimization terminated successfully. (HiGHS Status 7: Optimal)"",""mip_feasibility_tolerance"":1e-08,""presolve"":true,""primal_feasibility_tolerance"":1e-08,""solve_seconds"":0.10001920000649989,""status"":0,""time_limit_seconds"":30.0}]",0.02799080009572208,"{""2025"":{""allowance"":217.1128442020741,""available_after_reserve"":217.11284520207408,""numerical_guard"":1e-06,""remaining"":217.11284520207408,""terminal_reserve"":0.0},""2026"":{""allowance"":398.90857553365254,""available_after_reserve"":398.90857653365254,""numerical_guard"":1e-06,""remaining"":399.4520547945221,""terminal_reserve"":0.5434782608695652}}",0.016531199915334582,PASS,274854.43401475536,1079.6100000000201,465,192
197,2025-07-16T21:00:00Z,413,944,2694,292,62,59,0,Optimization terminated successfully. (HiGHS Status 7: Optimal),1.5040391943039163e-05,328667.5558091786,328664.84728516976,8.240990879421687e-06,1,0.09955110005103052,False,"[{""message"":""Optimization terminated successfully. (HiGHS Status 7: Optimal)"",""mip_feasibility_tolerance"":1e-08,""presolve"":true,""primal_feasibility_tolerance"":1e-08,""solve_seconds"":0.09954479988664389,""status"":0,""time_limit_seconds"":30.0}]",0.024138800101354718,"{""2025"":{""allowance"":215.42879257434777,""available_after_reserve"":215.42879357434776,""numerical_guard"":1e-06,""remaining"":215.42879357434776,""terminal_reserve"":0.0},""2026"":{""allowance"":398.90857553365254,""available_after_reserve"":398.90857653365254,""numerical_guard"":1e-06,""remaining"":399.4520547945221,""terminal_reserve"":0.5434782608695652}}",0.02187449997290969,PASS,327517.6780842273,1147.1692009421945,433,192
198,2025-07-17T21:00:00Z,494,1126,3274,351,72,71,0,Optimization terminated successfully. (HiGHS Status 7: Optimal),1.980987967942802e-05,310010.8079247695,310008.1768913904,8.486980587098054e-06,1,0.16178840002976358,False,"[{""message"":""Optimization terminated successfully. (HiGHS Status 7: Optimal)"",""mip_feasibility_tolerance"":1e-08,""presolve"":true,""primal_feasibility_tolerance"":1e-08,""solve_seconds"":0.16178189986385405,""status"":0,""time_limit_seconds"":30.0}]",0.031195599818602204,"{""2025"":{""allowance"":213.5789813347622,""available_after_reserve"":213.5789823347622,""numerical_guard"":1e-06,""remaining"":213.5789823347622,""terminal_reserve"":0.0},""2026"":{""allowance"":398.90857553365254,""available_after_reserve"":398.90857653365254,""numerical_guard"":1e-06,""remaining"":399.4520547945221,""terminal_reserve"":0.5434782608695652}}",0.01931710005737841,PASS,309130.7356413905,877.4412499999925,465,192
199,2025-07-18T21:00:00Z,481,1090,3164,339,72,70,0,Optimization terminated successfully. (HiGHS Status 7: Optimal),5.5567980732032626e-08,298240.4131496932,298240.4038258443,3.126286316576477e-08,1,0.0828357997816056,False,"[{""message"":""Optimization terminated successfully. (HiGHS Status 7: Optimal)"",""mip_feasibility_tolerance"":1e-08,""presolve"":true,""primal_feasibility_tolerance"":1e-08,""solve_seconds"":0.08283030008897185,""status"":0,""time_limit_seconds"":30.0}]",0.019767099991440773,"{""2025"":{""allowance"":211.94127619967276,""available_after_reserve"":211.94127719967275,""numerical_guard"":1e-06,""remaining"":211.94127719967275,""terminal_reserve"":0.0},""2026"":{""allowance"":398.90857553365254,""available_after_reserve"":398.90857653365254,""numerical_guard"":1e-06,""remaining"":399.4520547945221,""terminal_reserve"":0.5434782608695652}}",0.020514799980446696,PASS,297419.4569508444,820.9468749999367,501,192
200,2025-07-19T21:00:00Z,471,1072,3102,333,72,66,0,Optimization terminated successfully. (HiGHS Status 7: Optimal),3.184348315806864e-05,265522.5859036067,265519.39211012726,1.2028475412240104e-05,1,0.12388479989022017,False,"[{""message"":""Optimization terminated successfully. (HiGHS Status 7: Optimal)"",""mip_feasibility_tolerance"":1e-08,""presolve"":true,""primal_feasibility_tolerance"":1e-08,""solve_seconds"":0.12387350015342236,""status"":0,""time_limit_seconds"":30.0}]",0.02823029994033277,"{""2025"":{""allowance"":210.6009872366052,""available_after_reserve"":210.6009882366052,""numerical_guard"":1e-06,""remaining"":210.6009882366052,""terminal_reserve"":0.0},""2026"":{""allowance"":398.90857553365254,""available_after_reserve"":398.90857653365254,""numerical_guard"":1e-06,""remaining"":399.4520547945221,""terminal_reserve"":0.5434782608695652}}",0.014154599979519844,PASS,263715.535030388,1803.857079739463,488,192
201,2025-07-20T21:00:00Z,424,963,2759,298,64,62,0,Optimization terminated successfully. (HiGHS Status 7: Optimal),4.803996553039789e-06,206420.16239176807,206419.63418793958,2.558883657415155e-06,1,0.12868449999950826,False,"[{""message"":""Optimization terminated successfully. (HiGHS Status 7: Optimal)"",""mip_feasibility_tolerance"":1e-08,""presolve"":true,""primal_feasibility_tolerance"":1e-08,""solve_seconds"":0.12867900007404387,""status"":0,""time_limit_seconds"":30.0}]",0.023631499847397208,"{""2025"":{""allowance"":209.3007458814102,""available_after_reserve"":209.3007468814102,""numerical_guard"":1e-06,""remaining"":209.3007468814102,""terminal_reserve"":0.0},""2026"":{""allowance"":398.90857553365254,""available_after_reserve"":398.90857653365254,""numerical_guard"":1e-06,""remaining"":399.4520547945221,""terminal_reserve"":0.5434782608695652}}",0.014306100085377693,PASS,204578.55222202942,1841.0819659100423,455,192
202,2025-07-21T21:00:00Z,435,986,2832,305,68,62,0,Optimization terminated successfully. (HiGHS Status 7: Optimal),1.6671671762513363e-16,280403.1291913575,280403.12919135747,2.0758563244757638e-16,1,0.07122549996711314,False,"[{""message"":""Optimization terminated successfully. (HiGHS Status 7: Optimal)"",""mip_feasibility_tolerance"":1e-08,""presolve"":true,""primal_feasibility_tolerance"":1e-08,""solve_seconds"":0.07121919980272651,""status"":0,""time_limit_seconds"":30.0}]",0.08976130001246929,"{""2025"":{""allowance"":207.30706472359407,""available_after_reserve"":207.30706572359406,""numerical_guard"":1e-06,""remaining"":207.30706572359406,""terminal_reserve"":0.0},""2026"":{""allowance"":398.90857553365254,""available_after_reserve"":398.90857653365254,""numerical_guard"":1e-06,""remaining"":399.4520547945221,""terminal_reserve"":0.5434782608695652}}",0.016515300143510103,PASS,278812.33989263576,1590.7892987217895,431,192
203,2025-07-22T21:00:00Z,477,1089,3155,339,70,68,0,Optimization terminated successfully. (HiGHS Status 7: Optimal),4.622360242381663e-05,314219.76910782326,314213.1221819703,2.1154195619920112e-05,1,0.11620829999446869,False,"[{""message"":""Optimization terminated successfully. (HiGHS Status 7: Optimal)"",""mip_feasibility_tolerance"":1e-08,""presolve"":true,""primal_feasibility_tolerance"":1e-08,""solve_seconds"":0.11620309995487332,""status"":0,""time_limit_seconds"":30.0}]",0.02176490006968379,"{""2025"":{""allowance"":205.47547480064662,""available_after_reserve"":205.47547580064662,""numerical_guard"":1e-06,""remaining"":205.47547580064662,""terminal_reserve"":0.0},""2026"":{""allowance"":398.90857553365254,""available_after_reserve"":398.90857653365254,""numerical_guard"":1e-06,""remaining"":399.4520547945221,""terminal_reserve"":0.5434782608695652}}",0.015765500022098422,PASS,312404.35543992504,1808.7667420454507,466,192
204,2025-07-23T21:00:00Z,459,1051,3033,327,66,66,0,Optimization terminated successfully. (HiGHS Status 7: Optimal),4.209620590867924e-06,266747.10026328743,266746.5641628153,2.0097746107115795e-06,1,0.0900239001493901,False,"[{""message"":""Optimization terminated successfully. (HiGHS Status 7: Optimal)"",""mip_feasibility_tolerance"":1e-08,""presolve"":true,""primal_feasibility_tolerance"":1e-08,""solve_seconds"":0.09001859999261796,""status"":0,""time_limit_seconds"":30.0}]",0.024949799990281463,"{""2025"":{""allowance"":204.1741155987405,""available_after_reserve"":204.1741165987405,""numerical_guard"":1e-06,""remaining"":204.1741165987405,""terminal_reserve"":0.0},""2026"":{""allowance"":398.90857553365254,""available_after_reserve"":398.90857653365254,""numerical_guard"":1e-06,""remaining"":399.4520547945221,""terminal_reserve"":0.5434782608695652}}",0.021524099865928292,PASS,265159.0799887158,1587.4841740992144,484,192
205,2025-07-24T21:00:00Z,469,1068,3090,332,70,67,0,Optimization terminated successfully. (HiGHS Status 7: Optimal),1.1667931194613648e-05,225677.71004696362,225676.5168916342,5.287015883825784e-06,1,0.12329879985190928,False,"[{""message"":""Optimization terminated successfully. (HiGHS Status 7: Optimal)"",""mip_feasibility_tolerance"":1e-08,""presolve"":true,""primal_feasibility_tolerance"":1e-08,""solve_seconds"":0.12329070013947785,""status"":0,""time_limit_seconds"":30.0}]",0.024043500190600753,"{""2025"":{""allowance"":202.87492905004672,""available_after_reserve"":202.87493005004671,""numerical_guard"":1e-06,""remaining"":202.87493005004671,""terminal_reserve"":0.0},""2026"":{""allowance"":398.90857553365254,""available_after_reserve"":398.90857653365254,""numerical_guard"":1e-06,""remaining"":399.4520547945221,""terminal_reserve"":0.5434782608695652}}",0.01891160011291504,PASS,223641.52038243957,2034.9965091944302,478,192
206,2025-07-25T21:00:00Z,482,1109,3213,346,68,68,0,Optimization terminated successfully. (HiGHS Status 7: Optimal),0.0,180428.46567568934,180428.46567568934,0.0,1,0.14168739994056523,False,"[{""message"":""Optimization terminated successfully. (HiGHS Status 7: Optimal)"",""mip_feasibility_tolerance"":1e-08,""presolve"":true,""primal_feasibility_tolerance"":1e-08,""solve_seconds"":0.14168070000596344,""status"":0,""time_limit_seconds"":30.0}]",0.030981000047177076,"{""2025"":{""allowance"":201.5549505234489,""available_after_reserve"":201.5549515234489,""numerical_guard"":1e-06,""remaining"":201.5549515234489,""terminal_reserve"":0.0},""2026"":{""allowance"":398.90857553365254,""available_after_reserve"":398.90857653365254,""numerical_guard"":1e-06,""remaining"":399.4520547945221,""terminal_reserve"":0.5434782608695652}}",0.019726199796423316,PASS,179429.36442568945,999.1012499999891,495,192
207,2025-07-26T21:00:00Z,462,1047,3027,325,70,67,0,Optimization terminated successfully. (HiGHS Status 7: Optimal),6.218880950760467e-06,206325.71602649917,206324.92532425938,3.832315647477945e-06,1,0.0908622001297772,False,"[{""message"":""Optimization terminated successfully. (HiGHS Status 7: Optimal)"",""mip_feasibility_tolerance"":1e-08,""presolve"":true,""primal_feasibility_tolerance"":1e-08,""solve_seconds"":0.09085540007799864,""status"":0,""time_limit_seconds"":30.0}]",0.02794310008175671,"{""2025"":{""allowance"":200.29877031173834,""available_after_reserve"":200.29877131173834,""numerical_guard"":1e-06,""remaining"":200.29877131173834,""terminal_reserve"":0.0},""2026"":{""allowance"":398.90857553365254,""available_after_reserve"":398.90857653365254,""numerical_guard"":1e-06,""remaining"":399.4520547945221,""terminal_reserve"":0.5434782608695652}}",0.016723199980333447,PASS,204969.13641417996,1355.7889100794928,488,192
208,2025-07-27T21:00:00Z,425,966,2768,299,64,62,0,Optimization terminated successfully. (HiGHS Status 7: Optimal),1.2147056782024026e-05,252989.7443788823,252988.17503205937,6.203241802569608e-06,1,0.0598875000141561,False,"[{""message"":""Optimization terminated successfully. (HiGHS Status 7: Optimal)"",""mip_feasibility_tolerance"":1e-08,""presolve"":true,""primal_feasibility_tolerance"":1e-08,""solve_seconds"":0.05988179985433817,""status"":0,""time_limit_seconds"":30.0}]",0.02491759997792542,"{""2025"":{""allowance"":199.25339684327025,""available_after_reserve"":199.25339784327025,""numerical_guard"":1e-06,""remaining"":199.25339784327025,""terminal_reserve"":0.0},""2026"":{""allowance"":398.90857553365254,""available_after_reserve"":398.90857653365254,""numerical_guard"":1e-06,""remaining"":399.4520547945221,""terminal_reserve"":0.5434782608695652}}",0.017723500030115247,PASS,251455.70240875083,1532.472623308393,447,192
209,2025-07-28T21:00:00Z,430,984,2820,305,64,61,0,Optimization terminated successfully. (HiGHS Status 7: Optimal),2.492671244005451e-06,233033.91025805968,233033.643109779,1.1463936156421837e-06,1,0.10967710008844733,False,"[{""message"":""Optimization terminated successfully. (HiGHS Status 7: Optimal)"",""mip_feasibility_tolerance"":1e-08,""presolve"":true,""primal_feasibility_tolerance"":1e-08,""solve_seconds"":0.10967050003819168,""status"":0,""time_limit_seconds"":30.0}]",0.025484499987214804,"{""2025"":{""allowance"":196.90790453985818,""available_after_reserve"":196.90790553985818,""numerical_guard"":1e-06,""remaining"":196.90790553985818,""terminal_reserve"":0.0},""2026"":{""allowance"":398.90857553365254,""available_after_reserve"":398.90857653365254,""numerical_guard"":1e-06,""remaining"":399.4520547945221,""terminal_reserve"":0.5434782608695652}}",0.01420699991285801,PASS,231730.5289836343,1303.1141261445189,433,192
210,2025-07-29T21:00:00Z,470,1065,3085,331,70,69,0,Optimization terminated successfully. (HiGHS Status 7: Optimal),1.9494006109144413e-06,194991.78763681068,194991.61045485124,9.086645267965776e-07,1,0.12974050012417138,False,"[{""message"":""Optimization terminated successfully. (HiGHS Status 7: Optimal)"",""mip_feasibility_tolerance"":1e-08,""presolve"":true,""primal_feasibility_tolerance"":1e-08,""solve_seconds"":0.12973409984260798,""status"":0,""time_limit_seconds"":30.0}]",0.02799650002270937,"{""2025"":{""allowance"":195.33160617200718,""available_after_reserve"":195.33160717200718,""numerical_guard"":1e-06,""remaining"":195.33160717200718,""terminal_reserve"":0.0},""2026"":{""allowance"":398.90857553365254,""available_after_reserve"":398.90857653365254,""numerical_guard"":1e-06,""remaining"":399.4520547945221,""terminal_reserve"":0.5434782608695652}}",0.022382500115782022,PASS,193961.64795485136,1029.9624999999921,458,192
211,2025-07-30T21:00:00Z,464,1056,3052,328,70,66,0,Optimization terminated successfully. (HiGHS Status 7: Optimal),4.617556946234888e-06,212740.37492016563,212739.79893073454,2.7074831977158875e-06,1,0.1018105000257492,False,"[{""message"":""Optimization terminated successfully. (HiGHS Status 7: Optimal)"",""mip_feasibility_tolerance"":1e-08,""presolve"":true,""primal_feasibility_tolerance"":1e-08,""solve_seconds"":0.10180389997549355,""status"":0,""time_limit_seconds"":30.0}]",0.029038599925115705,"{""2025"":{""allowance"":193.80149283136012,""available_after_reserve"":193.80149383136012,""numerical_guard"":1e-06,""remaining"":193.80149383136012,""terminal_reserve"":0.0},""2026"":{""allowance"":398.90857553365254,""available_after_reserve"":398.90857653365254,""numerical_guard"":1e-06,""remaining"":399.4520547945221,""terminal_reserve"":0.5434782608695652}}",0.017614700132980943,PASS,211436.91764889713,1302.8812818372357,476,192
212,2025-07-31T21:00:00Z,454,1042,3002,324,66,64,0,Optimization terminated successfully. (HiGHS Status 7: Optimal),0.0,210323.57951220137,210323.57951220137,0.0,1,0.10824359999969602,False,"[{""message"":""Optimization terminated successfully. (HiGHS Status 7: Optimal)"",""mip_feasibility_tolerance"":1e-08,""presolve"":true,""primal_feasibility_tolerance"":1e-08,""solve_seconds"":0.10823719995096326,""status"":0,""time_limit_seconds"":30.0}]",0.029493400128558278,"{""2025"":{""allowance"":191.8238903296512,""available_after_reserve"":191.8238913296512,""numerical_guard"":1e-06,""remaining"":191.8238913296512,""terminal_reserve"":0.0},""2026"":{""allowance"":398.90857553365254,""available_after_reserve"":398.90857653365254,""numerical_guard"":1e-06,""remaining"":399.4520547945221,""terminal_reserve"":0.5434782608695652}}",0.020069600082933903,PASS,209576.74076220163,746.8387499999936,474,192
213,2025-08-01T21:00:00Z,481,1090,3164,339,72,70,0,Optimization terminated successfully. (HiGHS Status 7: Optimal),5.1905631575241716e-05,209606.85476038104,209600.47004912753,3.046134033963993e-05,1,0.2649823999963701,False,"[{""message"":""Optimization terminated successfully. (HiGHS Status 7: Optimal)"",""mip_feasibility_tolerance"":1e-08,""presolve"":true,""primal_feasibility_tolerance"":1e-08,""solve_seconds"":0.2649755999445915,""status"":0,""time_limit_seconds"":30.0}]",0.02807800006121397,"{""2025"":{""allowance"":190.1174818037215,""available_after_reserve"":190.1174828037215,""numerical_guard"":1e-06,""remaining"":190.1174828037215,""terminal_reserve"":0.0},""2026"":{""allowance"":398.90857553365254,""available_after_reserve"":398.90857653365254,""numerical_guard"":1e-06,""remaining"":399.4520547945221,""terminal_reserve"":0.5434782608695652}}",0.020838299999013543,PASS,209025.74817412745,574.7218750000111,481,192
214,2025-08-02T21:00:00Z,478,1084,3144,337,72,69,0,Optimization terminated successfully. (HiGHS Status 7: Optimal),1.9088091745448174e-06,232798.7332395523,232798.52010085224,9.155500643349831e-07,1,0.11181050003506243,False,"[{""message"":""Optimization terminated successfully. (HiGHS Status 7: Optimal)"",""mip_feasibility_tolerance"":1e-08,""presolve"":true,""primal_feasibility_tolerance"":1e-08,""solve_seconds"":0.11180480010807514,""status"":0,""time_limit_seconds"":30.0}]",0.0870624000672251,"{""2025"":{""allowance"":188.78708408917305,""available_after_reserve"":188.78708508917305,""numerical_guard"":1e-06,""remaining"":188.78708508917305,""terminal_reserve"":0.0},""2026"":{""allowance"":398.90857553365254,""available_after_reserve"":398.90857653365254,""numerical_guard"":1e-06,""remaining"":399.4520547945221,""terminal_reserve"":0.5434782608695652}}",0.018853599904105067,PASS,231631.034969813,1167.4851310392314,489,192
215,2025-08-03T21:00:00Z,449,1017,2931,315,70,64,0,Optimization terminated successfully. (HiGHS Status 7: Optimal),1.6354641506873006e-06,249064.94855995808,249064.71966174623,9.190310540925124e-07,1,0.08911229996010661,False,"[{""message"":""Optimization terminated successfully. (HiGHS Status 7: Optimal)"",""mip_feasibility_tolerance"":1e-08,""presolve"":true,""primal_feasibility_tolerance"":1e-08,""solve_seconds"":0.08910599979571998,""status"":0,""time_limit_seconds"":30.0}]",0.026188199874013662,"{""2025"":{""allowance"":187.393690264724,""available_after_reserve"":187.393691264724,""numerical_guard"":1e-06,""remaining"":187.393691264724,""terminal_reserve"":0.0},""2026"":{""allowance"":398.90857553365254,""available_after_reserve"":398.90857653365254,""numerical_guard"":1e-06,""remaining"":399.4520547945221,""terminal_reserve"":0.5434782608695652}}",0.021084100008010864,PASS,248365.07508798744,699.6445737587454,471,192
216,2025-08-04T21:00:00Z,433,975,2801,301,70,62,0,Optimization terminated successfully. (HiGHS Status 7: Optimal),7.451082956732478e-07,398326.8545704263,398326.6605859671,4.869984320631282e-07,1,0.08874669997021556,False,"[{""message"":""Optimization terminated successfully. (HiGHS Status 7: Optimal)"",""mip_feasibility_tolerance"":1e-08,""presolve"":true,""primal_feasibility_tolerance"":1e-08,""solve_seconds"":0.08874060004018247,""status"":0,""time_limit_seconds"":30.0}]",0.02697549993172288,"{""2025"":{""allowance"":185.25030979592384,""available_after_reserve"":185.25031079592384,""numerical_guard"":1e-06,""remaining"":185.25031079592384,""terminal_reserve"":0.0},""2026"":{""allowance"":398.90857553365254,""available_after_reserve"":398.90857653365254,""numerical_guard"":1e-06,""remaining"":399.4520547945221,""terminal_reserve"":0.5434782608695652}}",0.018875899957492948,PASS,397551.47621096694,775.1843750000173,442,192
217,2025-08-05T21:00:00Z,408,940,2676,291,60,57,0,Optimization terminated successfully. (HiGHS Status 7: Optimal),0.0,421666.69484994275,421666.6948499427,1.3804187436283436e-16,1,0.12482379982247949,False,"[{""message"":""Optimization terminated successfully. (HiGHS Status 7: Optimal)"",""mip_feasibility_tolerance"":1e-08,""presolve"":true,""primal_feasibility_tolerance"":1e-08,""solve_seconds"":0.124816499883309,""status"":0,""time_limit_seconds"":30.0}]",0.01996650011278689,"{""2025"":{""allowance"":182.78108101794692,""available_after_reserve"":182.78108201794691,""numerical_guard"":1e-06,""remaining"":182.78108201794691,""terminal_reserve"":0.0},""2026"":{""allowance"":398.90857553365254,""available_after_reserve"":398.90857653365254,""numerical_guard"":1e-06,""remaining"":399.4520547945221,""terminal_reserve"":0.5434782608695652}}",0.022045399993658066,PASS,420968.09922494274,698.5956250000195,425,192
218,2025-08-06T21:00:00Z,468,1060,3068,329,72,67,0,Optimization terminated successfully. (HiGHS Status 7: Optimal),4.446083221485425e-06,323913.0917252799,323912.3691342517,2.230822583684785e-06,1,0.11602209997363389,False,"[{""message"":""Optimization terminated successfully. (HiGHS Status 7: Optimal)"",""mip_feasibility_tolerance"":1e-08,""presolve"":true,""primal_feasibility_tolerance"":1e-08,""solve_seconds"":0.11601569992490113,""status"":0,""time_limit_seconds"":30.0}]",0.028585900086909533,"{""2025"":{""allowance"":180.81137469332612,""available_after_reserve"":180.8113756933261,""numerical_guard"":1e-06,""remaining"":180.8113756933261,""terminal_reserve"":0.0},""2026"":{""allowance"":398.90857553365254,""available_after_reserve"":398.90857653365254,""numerical_guard"":1e-06,""remaining"":399.4520547945221,""terminal_reserve"":0.5434782608695652}}",0.014249099884182215,PASS,322559.31236938754,1353.0567648642268,448,192
219,2025-08-07T21:00:00Z,486,1108,3216,345,72,69,0,Optimization terminated successfully. (HiGHS Status 7: Optimal),6.202743033895389e-05,257300.23964145713,257294.1930302487,2.3500768273183314e-05,1,0.14896320016123354,False,"[{""message"":""Optimization terminated successfully. (HiGHS Status 7: Optimal)"",""mip_feasibility_tolerance"":1e-08,""presolve"":true,""primal_feasibility_tolerance"":1e-08,""solve_seconds"":0.1489575000014156,""status"":0,""time_limit_seconds"":30.0}]",0.02234539994969964,"{""2025"":{""allowance"":179.40155075604406,""available_after_reserve"":179.40155175604406,""numerical_guard"":1e-06,""remaining"":179.40155175604406,""terminal_reserve"":0.0},""2026"":{""allowance"":398.90857553365254,""available_after_reserve"":398.90857653365254,""numerical_guard"":1e-06,""remaining"":399.4520547945221,""terminal_reserve"":0.5434782608695652}}",0.018757999874651432,PASS,256530.12990524864,764.063125000008,490,192
220,2025-08-08T21:00:00Z,442,1003,2887,311,66,65,0,Optimization terminated successfully. (HiGHS Status 7: Optimal),2.4432673900061635e-05,184524.40080754136,184522.22794196103,1.1775630527365413e-05,1,1.6193196000531316,False,"[{""message"":""Optimization terminated successfully. (HiGHS Status 7: Optimal)"",""mip_feasibility_tolerance"":1e-08,""presolve"":true,""primal_feasibility_tolerance"":1e-08,""solve_seconds"":1.6193138000089675,""status"":0,""time_limit_seconds"":30.0}]",0.0198250999674201,"{""2025"":{""allowance"":177.9206816777213,""available_after_reserve"":177.9206826777213,""numerical_guard"":1e-06,""remaining"":177.9206826777213,""terminal_reserve"":0.0},""2026"":{""allowance"":398.90857553365254,""available_after_reserve"":398.90857653365254,""numerical_guard"":1e-06,""remaining"":399.4520547945221,""terminal_reserve"":0.5434782608695652}}",0.014184999978169799,PASS,183997.36356696114,524.8643749998636,474,192
221,2025-08-09T21:00:00Z,444,1010,2906,313,68,63,0,Optimization terminated successfully. (HiGHS Status 7: Optimal),1.801528016209615e-05,285606.83914809895,285603.26535498456,1.2513138146210763e-05,1,0.09419989981688559,False,"[{""message"":""Optimization terminated successfully. (HiGHS Status 7: Optimal)"",""mip_feasibility_tolerance"":1e-08,""presolve"":true,""primal_feasibility_tolerance"":1e-08,""solve_seconds"":0.094194799894467,""status"":0,""time_limit_seconds"":30.0}]",0.02165629994124174,"{""2025"":{""allowance"":176.66135700585642,""available_after_reserve"":176.6613580058564,""numerical_guard"":1e-06,""remaining"":176.6613580058564,""terminal_reserve"":0.0},""2026"":{""allowance"":398.90857553365254,""available_after_reserve"":398.90857653365254,""numerical_guard"":1e-06,""remaining"":399.4520547945221,""terminal_reserve"":0.5434782608695652}}",0.013597399927675724,PASS,284781.0366049847,822.2287499999737,448,192
222,2025-08-10T21:00:00Z,452,1018,2938,315,72,65,0,Optimization terminated successfully. (HiGHS Status 7: Optimal),9.626202915303359e-06,370689.3631988724,370687.68203704106,4.5352514065949125e-06,1,0.1428425998892635,False,"[{""message"":""Optimization terminated successfully. (HiGHS Status 7: Optimal)"",""mip_feasibility_tolerance"":1e-08,""presolve"":true,""primal_feasibility_tolerance"":1e-08,""solve_seconds"":0.14283599983900785,""status"":0,""time_limit_seconds"":30.0}]",0.020072999875992537,"{""2025"":{""allowance"":175.35455864727652,""available_after_reserve"":175.35455964727652,""numerical_guard"":1e-06,""remaining"":175.35455964727652,""terminal_reserve"":0.0},""2026"":{""allowance"":398.90857553365254,""available_after_reserve"":398.90857653365254,""numerical_guard"":1e-06,""remaining"":399.4520547945221,""terminal_reserve"":0.5434782608695652}}",0.014605100033804774,PASS,369739.7771666837,947.9048703571409,452,192
223,2025-08-11T21:00:00Z,422,957,2741,296,64,62,0,Optimization terminated successfully. (HiGHS Status 7: Optimal),7.082084512785323e-05,306257.9921188784,306248.49047074304,3.102594275897198e-05,1,0.018808400025591254,False,"[{""message"":""Optimization terminated successfully. (HiGHS Status 7: Optimal)"",""mip_feasibility_tolerance"":1e-08,""presolve"":true,""primal_feasibility_tolerance"":1e-08,""solve_seconds"":0.01880279998295009,""status"":0,""time_limit_seconds"":30.0}]",0.02221089997328818,"{""2025"":{""allowance"":173.4812725295762,""available_after_reserve"":173.48127352957619,""numerical_guard"":1e-06,""remaining"":173.48127352957619,""terminal_reserve"":0.0},""2026"":{""allowance"":398.90857553365254,""available_after_reserve"":398.90857653365254,""numerical_guard"":1e-06,""remaining"":399.4520547945221,""terminal_reserve"":0.5434782608695652}}",0.01929329987615347,PASS,305309.3660957427,939.1243749999821,436,192
224,2025-08-12T21:00:00Z,443,1007,2897,312,68,63,0,Optimization terminated successfully. (HiGHS Status 7: Optimal),3.805831643989248e-05,267004.08320788585,266998.9268883772,1.931213570320436e-05,1,0.11202740017324686,False,"[{""message"":""Optimization terminated successfully. (HiGHS Status 7: Optimal)"",""mip_feasibility_tolerance"":1e-08,""presolve"":true,""primal_feasibility_tolerance"":1e-08,""solve_seconds"":0.1120206001214683,""status"":0,""time_limit_seconds"":30.0}]",0.022399800131097436,"{""2025"":{""allowance"":171.74352189466583,""available_after_reserve"":171.74352289466583,""numerical_guard"":1e-06,""remaining"":171.74352289466583,""terminal_reserve"":0.0},""2026"":{""allowance"":398.90857553365254,""available_after_reserve"":398.90857653365254,""numerical_guard"":1e-06,""remaining"":399.4520547945221,""terminal_reserve"":0.5434782608695652}}",0.01867419993504882,PASS,265782.45385602233,1216.4730323547983,435,192
225,2025-08-13T21:00:00Z,452,1026,2958,318,70,64,0,Optimization terminated successfully. (HiGHS Status 7: Optimal),4.0174334615258525e-06,228462.230436488,228461.84572860997,1.6839042720534337e-06,1,0.0688060000538826,False,"[{""message"":""Optimization terminated successfully. (HiGHS Status 7: Optimal)"",""mip_feasibility_tolerance"":1e-08,""presolve"":true,""primal_feasibility_tolerance"":1e-08,""solve_seconds"":0.068800900131464,""status"":0,""time_limit_seconds"":30.0}]",0.02779780002310872,"{""2025"":{""allowance"":169.87725112268407,""available_after_reserve"":169.87725212268407,""numerical_guard"":1e-06,""remaining"":169.87725212268407,""terminal_reserve"":0.0},""2026"":{""allowance"":398.90857553365254,""available_after_reserve"":398.90857653365254,""numerical_guard"":1e-06,""remaining"":399.4520547945221,""terminal_reserve"":0.5434782608695652}}",0.014353200094774365,PASS,227688.46385360984,773.3818749999855,455,192
226,2025-08-14T21:00:00Z,472,1066,3090,331,72,69,0,Optimization terminated successfully. (HiGHS Status 7: Optimal),2.90618050720722e-06,235976.5557378458,235976.14197868342,1.753394046186899e-06,1,0.11255019996315241,False,"[{""message"":""Optimization terminated successfully. (HiGHS Status 7: Optimal)"",""mip_feasibility_tolerance"":1e-08,""presolve"":true,""primal_feasibility_tolerance"":1e-08,""solve_seconds"":0.11254409980028868,""status"":0,""time_limit_seconds"":30.0}]",0.02374379988759756,"{""2025"":{""allowance"":168.47559413470663,""available_after_reserve"":168.47559513470662,""numerical_guard"":1e-06,""remaining"":168.47559513470662,""terminal_reserve"":0.0},""2026"":{""allowance"":398.90857553365254,""available_after_reserve"":398.90857653365254,""numerical_guard"":1e-06,""remaining"":399.4520547945221,""terminal_reserve"":0.5434782608695652}}",0.021593299927189946,PASS,235171.96885368341,804.1731250000075,468,192
227,2025-08-15T21:00:00Z,481,1093,3171,340,72,69,0,Optimization terminated successfully. (HiGHS Status 7: Optimal),7.953670072569308e-07,229469.08750992682,229469.01659781556,3.0902695409993874e-07,1,0.16331459977664053,False,"[{""message"":""Optimization terminated successfully. (HiGHS Status 7: Optimal)"",""mip_feasibility_tolerance"":1e-08,""presolve"":true,""primal_feasibility_tolerance"":1e-08,""solve_seconds"":0.1633091000840068,""status"":0,""time_limit_seconds"":30.0}]",0.024069800041615963,"{""2025"":{""allowance"":167.29644730607652,""available_after_reserve"":167.2964483060765,""numerical_guard"":1e-06,""remaining"":167.2964483060765,""terminal_reserve"":0.0},""2026"":{""allowance"":398.90857553365254,""available_after_reserve"":398.90857653365254,""numerical_guard"":1e-06,""remaining"":399.4520547945221,""terminal_reserve"":0.5434782608695652}}",0.020152300130575895,PASS,228840.3684728152,628.6481249999994,485,192
228,2025-08-16T21:00:00Z,444,1012,2912,314,66,64,0,Optimization terminated successfully. (HiGHS Status 7: Optimal),6.870807899081796e-06,236659.05693969148,236658.02962027042,4.340944707047415e-06,1,0.06514409999363124,False,"[{""message"":""Optimization terminated successfully. (HiGHS Status 7: Optimal)"",""mip_feasibility_tolerance"":1e-08,""presolve"":true,""primal_feasibility_tolerance"":1e-08,""solve_seconds"":0.06513759982772171,""status"":0,""time_limit_seconds"":30.0}]",0.023127200081944466,"{""2025"":{""allowance"":165.88290274523365,""available_after_reserve"":165.88290374523365,""numerical_guard"":1e-06,""remaining"":165.88290374523365,""terminal_reserve"":0.0},""2026"":{""allowance"":398.90857553365254,""available_after_reserve"":398.90857653365254,""numerical_guard"":1e-06,""remaining"":399.4520547945221,""terminal_reserve"":0.5434782608695652}}",0.01636450015939772,PASS,235642.2678005123,1015.7618197581448,473,192
229,2025-08-17T21:00:00Z,472,1071,3103,333,70,69,0,Optimization terminated successfully. (HiGHS Status 7: Optimal),4.940191690163693e-06,302994.71666020824,302993.9450318854,2.5466790194611823e-06,1,0.17443370004184544,False,"[{""message"":""Optimization terminated successfully. (HiGHS Status 7: Optimal)"",""mip_feasibility_tolerance"":1e-08,""presolve"":true,""primal_feasibility_tolerance"":1e-08,""solve_seconds"":0.17442840011790395,""status"":0,""time_limit_seconds"":30.0}]",0.08783560013398528,"{""2025"":{""allowance"":164.65249932435893,""available_after_reserve"":164.65250032435893,""numerical_guard"":1e-06,""remaining"":164.65250032435893,""terminal_reserve"":0.0},""2026"":{""allowance"":398.90857553365254,""available_after_reserve"":398.90857653365254,""numerical_guard"":1e-06,""remaining"":399.4520547945221,""terminal_reserve"":0.5434782608695652}}",0.017113100038841367,PASS,302006.3456568855,987.5993749999457,466,192
230,2025-08-18T21:00:00Z,471,1068,3094,332,70,69,0,Optimization terminated successfully. (HiGHS Status 7: Optimal),4.599925202527047e-06,289692.85519969923,289692.2289277632,2.161852730295744e-06,1,0.13140109996311367,False,"[{""message"":""Optimization terminated successfully. (HiGHS Status 7: Optimal)"",""mip_feasibility_tolerance"":1e-08,""presolve"":true,""primal_feasibility_tolerance"":1e-08,""solve_seconds"":0.1313950999174267,""status"":0,""time_limit_seconds"":30.0}]",0.022946200100705028,"{""2025"":{""allowance"":162.56951432754198,""available_after_reserve"":162.56951532754198,""numerical_guard"":1e-06,""remaining"":162.56951532754198,""terminal_reserve"":0.0},""2026"":{""allowance"":398.90857553365254,""available_after_reserve"":398.90857653365254,""numerical_guard"":1e-06,""remaining"":399.4520547945221,""terminal_reserve"":0.5434782608695652}}",0.0216968001332134,PASS,288642.2633935167,1049.9655342464675,479,192
231,2025-08-19T21:00:00Z,472,1069,3097,332,72,68,0,Optimization terminated successfully. (HiGHS Status 7: Optimal),0.0,234443.88676862427,234443.8867686243,0.0,1,0.07759819994680583,False,"[{""message"":""Optimization terminated successfully. (HiGHS Status 7: Optimal)"",""mip_feasibility_tolerance"":1e-08,""presolve"":true,""primal_feasibility_tolerance"":1e-08,""solve_seconds"":0.07759179989807308,""status"":0,""time_limit_seconds"":30.0}]",0.029631400015205145,"{""2025"":{""allowance"":160.67627389305568,""available_after_reserve"":160.67627489305568,""numerical_guard"":1e-06,""remaining"":160.67627489305568,""terminal_reserve"":0.0},""2026"":{""allowance"":398.90857553365254,""available_after_reserve"":398.90857653365254,""numerical_guard"":1e-06,""remaining"":399.4520547945221,""terminal_reserve"":0.5434782608695652}}",0.015792200108990073,PASS,233406.18051862431,1037.7062500000002,479,192
232,2025-08-20T21:00:00Z,435,988,2838,306,66,63,0,Optimization terminated successfully. (HiGHS Status 7: Optimal),2.620014406123233e-05,223574.9865798712,223571.70972979075,1.4656818988534986e-05,1,0.057533100014552474,False,"[{""message"":""Optimization terminated successfully. (HiGHS Status 7: Optimal)"",""mip_feasibility_tolerance"":1e-08,""presolve"":true,""primal_feasibility_tolerance"":1e-08,""solve_seconds"":0.057527400087565184,""status"":0,""time_limit_seconds"":30.0}]",0.019417799776419997,"{""2025"":{""allowance"":159.07704162631455,""available_after_reserve"":159.07704262631455,""numerical_guard"":1e-06,""remaining"":159.07704262631455,""terminal_reserve"":0.0},""2026"":{""allowance"":398.90857553365254,""available_after_reserve"":398.90857653365254,""numerical_guard"":1e-06,""remaining"":399.4520547945221,""terminal_reserve"":0.5434782608695652}}",0.014848300023004413,PASS,222883.25972979044,688.45000000066,459,192
233,2025-08-21T21:00:00Z,454,1037,2989,322,68,64,0,Optimization terminated successfully. (HiGHS Status 7: Optimal),9.965276925933425e-08,304210.8942131286,304210.8761681298,5.9317401923260645e-08,1,0.11972189997322857,False,"[{""message"":""Optimization terminated successfully. (HiGHS Status 7: Optimal)"",""mip_feasibility_tolerance"":1e-08,""presolve"":true,""primal_feasibility_tolerance"":1e-08,""solve_seconds"":0.11971679981797934,""status"":0,""time_limit_seconds"":30.0}]",0.023161200108006597,"{""2025"":{""allowance"":157.43565635212406,""available_after_reserve"":157.43565735212405,""numerical_guard"":1e-06,""remaining"":157.43565735212405,""terminal_reserve"":0.0},""2026"":{""allowance"":398.90857553365254,""available_after_reserve"":398.90857653365254,""numerical_guard"":1e-06,""remaining"":399.4520547945221,""terminal_reserve"":0.5434782608695652}}",0.02114690002053976,PASS,303464.64543664025,746.2307314902158,453,192
234,2025-08-22T21:00:00Z,402,922,2622,285,60,57,0,Optimization terminated successfully. (HiGHS Status 7: Optimal),8.117122606827298e-06,284629.91153225966,284629.05508477456,3.00899528632401e-06,1,0.10943689988926053,False,"[{""message"":""Optimization terminated successfully. (HiGHS Status 7: Optimal)"",""mip_feasibility_tolerance"":1e-08,""presolve"":true,""primal_feasibility_tolerance"":1e-08,""solve_seconds"":0.10943120019510388,""status"":0,""time_limit_seconds"":30.0}]",0.01954540004953742,"{""2025"":{""allowance"":155.08598465812491,""available_after_reserve"":155.0859856581249,""numerical_guard"":1e-06,""remaining"":155.0859856581249,""terminal_reserve"":0.0},""2026"":{""allowance"":398.90857553365254,""available_after_reserve"":398.90857653365254,""numerical_guard"":1e-06,""remaining"":399.4520547945221,""terminal_reserve"":0.5434782608695652}}",0.020118199987336993,PASS,283980.1725847749,648.8825000000477,438,192
235,2025-08-23T21:00:00Z,431,976,2802,302,66,63,0,Optimization terminated successfully. (HiGHS Status 7: Optimal),7.232768414798174e-07,233667.12358011206,233667.02942325984,4.0295309294272685e-07,1,0.07331819995306432,False,"[{""message"":""Optimization terminated successfully. (HiGHS Status 7: Optimal)"",""mip_feasibility_tolerance"":1e-08,""presolve"":true,""primal_feasibility_tolerance"":1e-08,""solve_seconds"":0.07331140013411641,""status"":0,""time_limit_seconds"":30.0}]",0.02055330015718937,"{""2025"":{""allowance"":153.9815178011953,""available_after_reserve"":153.9815188011953,""numerical_guard"":1e-06,""remaining"":153.9815188011953,""terminal_reserve"":0.0},""2026"":{""allowance"":398.90857553365254,""available_after_reserve"":398.90857653365254,""numerical_guard"":1e-06,""remaining"":399.4520547945221,""terminal_reserve"":0.5434782608695652}}",0.02138849999755621,PASS,232701.5178770026,965.5115462573917,419,192
236,2025-08-24T21:00:00Z,418,949,2713,293,66,59,0,Optimization terminated successfully. (HiGHS Status 7: Optimal),1.3418110360408484e-06,264645.5757423894,264645.3917508205,6.952381362188085e-07,1,0.0726603998336941,False,"[{""message"":""Optimization terminated successfully. (HiGHS Status 7: Optimal)"",""mip_feasibility_tolerance"":1e-08,""presolve"":true,""primal_feasibility_tolerance"":1e-08,""solve_seconds"":0.07265499979257584,""status"":0,""time_limit_seconds"":30.0}]",0.01935580000281334,"{""2025"":{""allowance"":152.7169864630211,""available_after_reserve"":152.7169874630211,""numerical_guard"":1e-06,""remaining"":152.7169874630211,""terminal_reserve"":0.0},""2026"":{""allowance"":398.90857553365254,""available_after_reserve"":398.90857653365254,""numerical_guard"":1e-06,""remaining"":399.4520547945221,""terminal_reserve"":0.5434782608695652}}",0.01713489997200668,PASS,263636.30237582076,1009.0893749999904,425,192
237,2025-08-25T21:00:00Z,443,1007,2897,312,68,63,0,Optimization terminated successfully. (HiGHS Status 7: Optimal),1.9217640956235003e-05,231067.5041506566,231065.64507524497,8.045659107068615e-06,1,0.09913729992695153,False,"[{""message"":""Optimization terminated successfully. (HiGHS Status 7: Optimal)"",""mip_feasibility_tolerance"":1e-08,""presolve"":true,""primal_feasibility_tolerance"":1e-08,""solve_seconds"":0.09913200000301003,""status"":0,""time_limit_seconds"":30.0}]",0.019764000084251165,"{""2025"":{""allowance"":150.66868398312528,""available_after_reserve"":150.66868498312527,""numerical_guard"":1e-06,""remaining"":150.66868498312527,""terminal_reserve"":0.0},""2026"":{""allowance"":398.90857553365254,""available_after_reserve"":398.90857653365254,""numerical_guard"":1e-06,""remaining"":399.4520547945221,""terminal_reserve"":0.5434782608695652}}",0.014864099910482764,PASS,229781.12009912325,1284.5249761217017,435,192
238,2025-08-26T21:00:00Z,450,1025,2953,318,68,64,0,Optimization terminated successfully. (HiGHS Status 7: Optimal),2.6357811315278352e-15,226300.86912821035,226300.86912820998,1.6718883908624556e-15,1,0.06600310001522303,False,"[{""message"":""Optimization terminated successfully. (HiGHS Status 7: Optimal)"",""mip_feasibility_tolerance"":1e-08,""presolve"":true,""primal_feasibility_tolerance"":1e-08,""solve_seconds"":0.06599529995582998,""status"":0,""time_limit_seconds"":30.0}]",0.028246500063687563,"{""2025"":{""allowance"":148.8072133175603,""available_after_reserve"":148.8072143175603,""numerical_guard"":1e-06,""remaining"":148.8072143175603,""terminal_reserve"":0.0},""2026"":{""allowance"":398.90857553365254,""available_after_reserve"":398.90857653365254,""numerical_guard"":1e-06,""remaining"":399.4520547945221,""terminal_reserve"":0.5434782608695652}}",0.020229500019922853,PASS,225440.82725321004,860.0418750001567,455,192
239,2025-08-27T21:00:00Z,431,977,2803,302,68,61,0,Optimization terminated successfully. (HiGHS Status 7: Optimal),1.2990244646451715e-05,229716.91433155973,229715.62030584156,5.633163806855695e-06,1,0.1720593001227826,False,"[{""message"":""Optimization terminated successfully. (HiGHS Status 7: Optimal)"",""mip_feasibility_tolerance"":1e-08,""presolve"":true,""primal_feasibility_tolerance"":1e-08,""solve_seconds"":0.17205299995839596,""status"":0,""time_limit_seconds"":30.0}]",0.02648360002785921,"{""2025"":{""allowance"":146.89627001727757,""available_after_reserve"":146.89627101727757,""numerical_guard"":1e-06,""remaining"":146.89627101727757,""terminal_reserve"":0.0},""2026"":{""allowance"":398.90857553365254,""available_after_reserve"":398.90857653365254,""numerical_guard"":1e-06,""remaining"":399.4520547945221,""terminal_reserve"":0.5434782608695652}}",0.02040469995699823,PASS,228816.43968084143,899.180625000017,447,192
240,2025-08-28T21:00:00Z,460,1036,2996,321,72,67,0,Optimization terminated successfully. (HiGHS Status 7: Optimal),0.0,220980.26164849492,220980.26164849495,0.0,1,0.051289199851453304,False,"[{""message"":""Optimization terminated successfully. (HiGHS Status 7: Optimal)"",""mip_feasibility_tolerance"":1e-08,""presolve"":true,""primal_feasibility_tolerance"":1e-08,""solve_seconds"":0.05128300003707409,""status"":0,""time_limit_seconds"":30.0}]",0.022654799977317452,"{""2025"":{""allowance"":144.99233248233247,""available_after_reserve"":144.99233348233247,""numerical_guard"":1e-06,""remaining"":144.99233348233247,""terminal_reserve"":0.0},""2026"":{""allowance"":398.90857553365254,""available_after_reserve"":398.90857653365254,""numerical_guard"":1e-06,""remaining"":399.4520547945221,""terminal_reserve"":0.5434782608695652}}",0.013607400003820658,PASS,220177.6625350523,802.5991134424557,447,192
241,2025-08-29T21:00:00Z,462,1055,3047,328,68,66,0,Optimization terminated successfully. (HiGHS Status 7: Optimal),7.224374551860879e-07,265410.61301990715,265410.5092167567,3.911041457196285e-07,1,0.1406796001829207,False,"[{""message"":""Optimization terminated successfully. (HiGHS Status 7: Optimal)"",""mip_feasibility_tolerance"":1e-08,""presolve"":true,""primal_feasibility_tolerance"":1e-08,""solve_seconds"":0.14067430002614856,""status"":0,""time_limit_seconds"":30.0}]",0.020086899865418673,"{""2025"":{""allowance"":142.9851664975136,""available_after_reserve"":142.9851674975136,""numerical_guard"":1e-06,""remaining"":142.9851674975136,""terminal_reserve"":0.0},""2026"":{""allowance"":398.90857553365254,""available_after_reserve"":398.90857653365254,""numerical_guard"":1e-06,""remaining"":399.4520547945221,""terminal_reserve"":0.5434782608695652}}",0.013917800039052963,PASS,264812.9060917566,597.603125,468,192
242,2025-08-30T21:00:00Z,453,1033,2979,321,66,66,0,Optimization terminated successfully. (HiGHS Status 7: Optimal),2.5534582460597286e-16,255620.38810155343,255620.38810155337,2.2771133924709696e-16,1,0.08567030006088316,False,"[{""message"":""Optimization terminated successfully. (HiGHS Status 7: Optimal)"",""mip_feasibility_tolerance"":1e-08,""presolve"":true,""primal_feasibility_tolerance"":1e-08,""solve_seconds"":0.0856645000167191,""status"":0,""time_limit_seconds"":30.0}]",0.024395500076934695,"{""2025"":{""allowance"":141.60661104154616,""available_after_reserve"":141.60661204154616,""numerical_guard"":1e-06,""remaining"":141.60661204154616,""terminal_reserve"":0.0},""2026"":{""allowance"":398.90857553365254,""available_after_reserve"":398.90857653365254,""numerical_guard"":1e-06,""remaining"":399.4520547945221,""terminal_reserve"":0.5434782608695652}}",0.022694099927321076,PASS,253819.60456942636,1800.7835321268922,469,192
243,2025-08-31T21:00:00Z,476,1080,3132,336,70,70,0,Optimization terminated successfully. (HiGHS Status 7: Optimal),0.0,249080.9881254507,249080.9881254507,0.0,1,0.1035749998409301,False,"[{""message"":""Optimization terminated successfully. (HiGHS Status 7: Optimal)"",""mip_feasibility_tolerance"":1e-08,""presolve"":true,""primal_feasibility_tolerance"":1e-08,""solve_seconds"":0.10356820002198219,""status"":0,""time_limit_seconds"":30.0}]",0.022310199914500117,"{""2025"":{""allowance"":140.25021666476664,""available_after_reserve"":140.25021766476664,""numerical_guard"":1e-06,""remaining"":140.25021766476664,""terminal_reserve"":0.0},""2026"":{""allowance"":398.90857553365254,""available_after_reserve"":398.90857653365254,""numerical_guard"":1e-06,""remaining"":399.4520547945221,""terminal_reserve"":0.5434782608695652}}",0.01772920018993318,PASS,248003.01000045091,1077.978125000013,473,192
244,2025-09-01T21:00:00Z,428,975,2795,302,64,62,0,Optimization terminated successfully. (HiGHS Status 7: Optimal),2.4861975154981363e-06,292172.5580927619,292172.1695530538,1.3298313412171198e-06,1,0.09797809994779527,False,"[{""message"":""Optimization terminated successfully. (HiGHS Status 7: Optimal)"",""mip_feasibility_tolerance"":1e-08,""presolve"":true,""primal_feasibility_tolerance"":1e-08,""solve_seconds"":0.09797210013493896,""status"":0,""time_limit_seconds"":30.0}]",0.02037779986858368,"{""2025"":{""allowance"":138.27823341494712,""available_after_reserve"":138.27823441494712,""numerical_guard"":1e-06,""remaining"":138.27823441494712,""terminal_reserve"":0.0},""2026"":{""allowance"":398.90857553365254,""available_after_reserve"":398.90857653365254,""numerical_guard"":1e-06,""remaining"":399.4520547945221,""terminal_reserve"":0.5434782608695652}}",0.02093950007110834,PASS,291198.25517805386,973.914375000019,458,192
245,2025-09-02T21:00:00Z,435,991,2845,307,66,62,0,Optimization terminated successfully. (HiGHS Status 7: Optimal),1.4707993645954461e-06,292828.53394923883,292828.3290508507,6.997218772826485e-07,1,0.08654849999584258,False,"[{""message"":""Optimization terminated successfully. (HiGHS Status 7: Optimal)"",""mip_feasibility_tolerance"":1e-08,""presolve"":true,""primal_feasibility_tolerance"":1e-08,""solve_seconds"":0.08653979981318116,""status"":0,""time_limit_seconds"":30.0}]",0.028034899849444628,"{""2025"":{""allowance"":136.2869076721101,""available_after_reserve"":136.2869086721101,""numerical_guard"":1e-06,""remaining"":136.2869086721101,""terminal_reserve"":0.0},""2026"":{""allowance"":398.90857553365254,""available_after_reserve"":398.90857653365254,""numerical_guard"":1e-06,""remaining"":399.4520547945221,""terminal_reserve"":0.5434782608695652}}",0.019506199983879924,PASS,291762.3253008504,1066.0037499999682,437,192
246,2025-09-03T21:00:00Z,469,1068,3090,332,70,67,0,Optimization terminated successfully. (HiGHS Status 7: Optimal),1.2154671750699817e-05,237405.29743294202,237404.06856113754,5.176287887294401e-06,1,0.12214839993976057,False,"[{""message"":""Optimization terminated successfully. (HiGHS Status 7: Optimal)"",""mip_feasibility_tolerance"":1e-08,""presolve"":true,""primal_feasibility_tolerance"":1e-08,""solve_seconds"":0.12214230000972748,""status"":0,""time_limit_seconds"":30.0}]",0.021479499991983175,"{""2025"":{""allowance"":134.230488234091,""available_after_reserve"":134.230489234091,""numerical_guard"":1e-06,""remaining"":134.230489234091,""terminal_reserve"":0.0},""2026"":{""allowance"":398.90857553365254,""available_after_reserve"":398.90857653365254,""numerical_guard"":1e-06,""remaining"":399.4520547945221,""terminal_reserve"":0.5434782608695652}}",0.021010599797591567,PASS,236251.7548111376,1152.3137499999948,462,192
247,2025-09-04T21:00:00Z,450,1019,2939,316,68,66,0,Optimization terminated successfully. (HiGHS Status 7: Optimal),1.042309433226651e-07,247715.22761709822,247715.21202436092,6.294622429752002e-08,1,0.12242239993065596,False,"[{""message"":""Optimization terminated successfully. (HiGHS Status 7: Optimal)"",""mip_feasibility_tolerance"":1e-08,""presolve"":true,""primal_feasibility_tolerance"":1e-08,""solve_seconds"":0.12241500010713935,""status"":0,""time_limit_seconds"":30.0}]",0.01898499997332692,"{""2025"":{""allowance"":132.12658107025288,""available_after_reserve"":132.12658207025288,""numerical_guard"":1e-06,""remaining"":132.12658207025288,""terminal_reserve"":0.0},""2026"":{""allowance"":398.90857553365254,""available_after_reserve"":398.90857653365254,""numerical_guard"":1e-06,""remaining"":399.4520547945221,""terminal_reserve"":0.5434782608695652}}",0.013924299972131848,PASS,246538.7920074703,1176.4200168900836,467,192
248,2025-09-05T21:00:00Z,453,1026,2960,318,70,65,0,Optimization terminated successfully. (HiGHS Status 7: Optimal),1.2927102320961569e-05,264815.8420895429,264814.32059556205,5.7455124685623056e-06,1,0.2503698000218719,False,"[{""message"":""Optimization terminated successfully. (HiGHS Status 7: Optimal)"",""mip_feasibility_tolerance"":1e-08,""presolve"":true,""primal_feasibility_tolerance"":1e-08,""solve_seconds"":0.25036410009488463,""status"":0,""time_limit_seconds"":30.0}]",0.09212679998017848,"{""2025"":{""allowance"":130.15610611129205,""available_after_reserve"":130.15610711129204,""numerical_guard"":1e-06,""remaining"":130.15610711129204,""terminal_reserve"":0.0},""2026"":{""allowance"":398.90857553365254,""available_after_reserve"":398.90857653365254,""numerical_guard"":1e-06,""remaining"":399.4520547945221,""terminal_reserve"":0.5434782608695652}}",0.02158719999715686,PASS,264264.6849705623,549.6356249998707,455,192
249,2025-09-06T21:00:00Z,464,1053,3045,327,70,67,0,Optimization terminated successfully. (HiGHS Status 7: Optimal),8.450855596262778e-05,274553.48658215214,274540.0473740193,4.8951722203741884e-05,1,0.1861600000411272,False,"[{""message"":""Optimization terminated successfully. (HiGHS Status 7: Optimal)"",""mip_feasibility_tolerance"":1e-08,""presolve"":true,""primal_feasibility_tolerance"":1e-08,""solve_seconds"":0.18615390011109412,""status"":0,""time_limit_seconds"":30.0}]",0.02111140009947121,"{""2025"":{""allowance"":128.89018520908087,""available_after_reserve"":128.89018620908087,""numerical_guard"":1e-06,""remaining"":128.89018620908087,""terminal_reserve"":0.0},""2026"":{""allowance"":398.90857553365254,""available_after_reserve"":398.90857653365254,""numerical_guard"":1e-06,""remaining"":399.4520547945221,""terminal_reserve"":0.5434782608695652}}",0.015046699903905392,PASS,273222.4067490193,1317.6406250000198,465,192
250,2025-09-07T21:00:00Z,474,1080,3128,336,70,68,0,Optimization terminated successfully. (HiGHS Status 7: Optimal),2.0853403929812557e-16,294802.7261261917,294802.7261261917,0.0,1,0.08824290009215474,False,"[{""message"":""Optimization terminated successfully. (HiGHS Status 7: Optimal)"",""mip_feasibility_tolerance"":1e-08,""presolve"":true,""primal_feasibility_tolerance"":1e-08,""solve_seconds"":0.08823750005103648,""status"":0,""time_limit_seconds"":30.0}]",0.029425099957734346,"{""2025"":{""allowance"":127.4538751892876,""available_after_reserve"":127.4538761892876,""numerical_guard"":1e-06,""remaining"":127.4538761892876,""terminal_reserve"":0.0},""2026"":{""allowance"":398.90857553365254,""available_after_reserve"":398.90857653365254,""numerical_guard"":1e-06,""remaining"":399.4520547945221,""terminal_reserve"":0.5434782608695652}}",0.01839420013129711,PASS,291800.82497078483,3001.901155406905,480,192
251,2025-09-08T21:00:00Z,473,1074,3112,334,70,69,0,Optimization terminated successfully. (HiGHS Status 7: Optimal),1.5936473712678027e-15,243661.70210746306,243661.70210746283,9.555487860426406e-16,1,0.05927679990418255,False,"[{""message"":""Optimization terminated successfully. (HiGHS Status 7: Optimal)"",""mip_feasibility_tolerance"":1e-08,""presolve"":true,""primal_feasibility_tolerance"":1e-08,""solve_seconds"":0.05927029997110367,""status"":0,""time_limit_seconds"":30.0}]",0.027768100146204233,"{""2025"":{""allowance"":125.39819081478942,""available_after_reserve"":125.39819181478941,""numerical_guard"":1e-06,""remaining"":125.39819181478941,""terminal_reserve"":0.0},""2026"":{""allowance"":398.90857553365254,""available_after_reserve"":398.90857653365254,""numerical_guard"":1e-06,""remaining"":399.4520547945221,""terminal_reserve"":0.5434782608695652}}",0.014504199847579002,PASS,241494.07307620373,2167.6290312595033,485,192
252,2025-09-09T21:00:00Z,445,1007,2901,312,68,65,0,Optimization terminated successfully. (HiGHS Status 7: Optimal),3.703904153636941e-05,210311.97627369262,210308.0806753501,1.85232936842753e-05,1,0.09294499992392957,False,"[{""message"":""Optimization terminated successfully. (HiGHS Status 7: Optimal)"",""mip_feasibility_tolerance"":1e-08,""presolve"":true,""primal_feasibility_tolerance"":1e-08,""solve_seconds"":0.09293940011411905,""status"":0,""time_limit_seconds"":30.0}]",0.019555300008505583,"{""2025"":{""allowance"":123.53505166392176,""available_after_reserve"":123.53505266392176,""numerical_guard"":1e-06,""remaining"":123.53505266392176,""terminal_reserve"":0.0},""2026"":{""allowance"":398.90857553365254,""available_after_reserve"":398.90857653365254,""numerical_guard"":1e-06,""remaining"":399.4520547945221,""terminal_reserve"":0.5434782608695652}}",0.019937900127843022,PASS,209034.08067534995,1273.9999999978959,464,192
253,2025-09-10T21:00:00Z,457,1035,2989,321,70,66,0,Optimization terminated successfully. (HiGHS Status 7: Optimal),5.895014058197303e-06,231946.56032307076,231945.79283860466,3.308895827408979e-06,1,0.1306305001489818,False,"[{""message"":""Optimization terminated successfully. (HiGHS Status 7: Optimal)"",""mip_feasibility_tolerance"":1e-08,""presolve"":true,""primal_feasibility_tolerance"":1e-08,""solve_seconds"":0.13062439998611808,""status"":0,""time_limit_seconds"":30.0}]",0.02407449996098876,"{""2025"":{""allowance"":121.37109412502645,""available_after_reserve"":121.37109512502644,""numerical_guard"":1e-06,""remaining"":121.37109512502644,""terminal_reserve"":0.0},""2026"":{""allowance"":398.90857553365254,""available_after_reserve"":398.90857653365254,""numerical_guard"":1e-06,""remaining"":399.4520547945221,""terminal_reserve"":0.5434782608695652}}",0.0163958000484854,PASS,230768.4934636048,1177.2993750000169,454,192
254,2025-09-11T21:00:00Z,432,990,2838,307,64,61,0,Optimization terminated successfully. (HiGHS Status 7: Optimal),2.060634469411676e-06,244534.8559588621,244534.6144573489,9.875964340026314e-07,1,0.09087020019069314,False,"[{""message"":""Optimization terminated successfully. (HiGHS Status 7: Optimal)"",""mip_feasibility_tolerance"":1e-08,""presolve"":true,""primal_feasibility_tolerance"":1e-08,""solve_seconds"":0.09086380014196038,""status"":0,""time_limit_seconds"":30.0}]",0.019907299894839525,"{""2025"":{""allowance"":119.35511313524955,""available_after_reserve"":119.35511413524955,""numerical_guard"":1e-06,""remaining"":119.35511413524955,""terminal_reserve"":0.0},""2026"":{""allowance"":398.90857553365254,""available_after_reserve"":398.90857653365254,""numerical_guard"":1e-06,""remaining"":399.4520547945221,""terminal_reserve"":0.5434782608695652}}",0.019544699927791953,PASS,243796.95445734885,737.6600000003725,453,192
255,2025-09-12T21:00:00Z,477,1075,3121,334,72,71,0,Optimization terminated successfully. (HiGHS Status 7: Optimal),0.0,234017.95557391125,234017.95557391125,0.0,1,0.09958170005120337,False,"[{""message"":""Optimization terminated successfully. (HiGHS Status 7: Optimal)"",""mip_feasibility_tolerance"":1e-08,""presolve"":true,""primal_feasibility_tolerance"":1e-08,""solve_seconds"":0.09957659989595413,""status"":0,""time_limit_seconds"":30.0}]",0.02056029997766018,"{""2025"":{""allowance"":117.41729990175503,""available_after_reserve"":117.41730090175503,""numerical_guard"":1e-06,""remaining"":117.41730090175503,""terminal_reserve"":0.0},""2026"":{""allowance"":398.90857553365254,""available_after_reserve"":398.90857653365254,""numerical_guard"":1e-06,""remaining"":399.4520547945221,""terminal_reserve"":0.5434782608695652}}",0.015864099841564894,PASS,233236.10461096573,781.8509629454101,461,192
256,2025-09-13T21:00:00Z,413,939,2681,290,64,59,0,Optimization terminated successfully. (HiGHS Status 7: Optimal),1.2207135384328281e-06,249621.07143220835,249620.90902869776,6.506005896074252e-07,1,0.09649719996377826,False,"[{""message"":""Optimization terminated successfully. (HiGHS Status 7: Optimal)"",""mip_feasibility_tolerance"":1e-08,""presolve"":true,""primal_feasibility_tolerance"":1e-08,""solve_seconds"":0.09649110003374517,""status"":0,""time_limit_seconds"":30.0}]",0.02700949995778501,"{""2025"":{""allowance"":116.09633857960756,""available_after_reserve"":116.09633957960756,""numerical_guard"":1e-06,""remaining"":116.09633957960756,""terminal_reserve"":0.0},""2026"":{""allowance"":398.90857553365254,""available_after_reserve"":398.90857653365254,""numerical_guard"":1e-06,""remaining"":399.4520547945221,""terminal_reserve"":0.5434782608695652}}",0.018193800002336502,PASS,248660.66215369792,960.2468749996783,446,192
257,2025-09-14T21:00:00Z,461,1047,3025,325,70,66,0,Optimization terminated successfully. (HiGHS Status 7: Optimal),1.9416964391855228e-05,267351.6499733493,267348.9880803736,9.95662259578211e-06,1,0.19147900003008544,False,"[{""message"":""Optimization terminated successfully. (HiGHS Status 7: Optimal)"",""mip_feasibility_tolerance"":1e-08,""presolve"":true,""primal_feasibility_tolerance"":1e-08,""solve_seconds"":0.19147310010157526,""status"":0,""time_limit_seconds"":30.0}]",0.01899959985166788,"{""2025"":{""allowance"":114.28551169091429,""available_after_reserve"":114.28551269091429,""numerical_guard"":1e-06,""remaining"":114.28551269091429,""terminal_reserve"":0.0},""2026"":{""allowance"":398.90857553365254,""available_after_reserve"":398.90857653365254,""numerical_guard"":1e-06,""remaining"":399.4520547945221,""terminal_reserve"":0.5434782608695652}}",0.01965510006994009,PASS,266230.1387053734,1118.8493749985896,442,192
258,2025-09-15T21:00:00Z,424,971,2779,301,62,61,0,Optimization terminated successfully. (HiGHS Status 7: Optimal),0.0,271854.3714279507,271854.3714279507,0.0,1,0.12331149983219802,False,"[{""message"":""Optimization terminated successfully. (HiGHS Status 7: Optimal)"",""mip_feasibility_tolerance"":1e-08,""presolve"":true,""primal_feasibility_tolerance"":1e-08,""solve_seconds"":0.12330550001934171,""status"":0,""time_limit_seconds"":30.0}]",0.02390419994480908,"{""2025"":{""allowance"":112.14321498767941,""available_after_reserve"":112.14321598767941,""numerical_guard"":1e-06,""remaining"":112.14321598767941,""terminal_reserve"":0.0},""2026"":{""allowance"":398.90857553365254,""available_after_reserve"":398.90857653365254,""numerical_guard"":1e-06,""remaining"":399.4520547945221,""terminal_reserve"":0.5434782608695652}}",0.020603099837899208,PASS,270666.2131749449,1188.158253005234,451,192
259,2025-09-16T21:00:00Z,377,867,2445,267,58,52,0,Optimization terminated successfully. (HiGHS Status 7: Optimal),2.3364014609538834e-05,261902.925303179,261899.96188736544,1.1315067754185354e-05,1,0.08948279987089336,False,"[{""message"":""Optimization terminated successfully. (HiGHS Status 7: Optimal)"",""mip_feasibility_tolerance"":1e-08,""presolve"":true,""primal_feasibility_tolerance"":1e-08,""solve_seconds"":0.08947689994238317,""status"":0,""time_limit_seconds"":30.0}]",0.018571000080555677,"{""2025"":{""allowance"":109.91016911069141,""available_after_reserve"":109.91017011069141,""numerical_guard"":1e-06,""remaining"":109.91017011069141,""terminal_reserve"":0.0},""2026"":{""allowance"":398.90857553365254,""available_after_reserve"":398.90857653365254,""numerical_guard"":1e-06,""remaining"":399.4520547945221,""terminal_reserve"":0.5434782608695652}}",0.015396200120449066,PASS,261202.53001236526,697.4318749999538,407,192
260,2025-09-17T21:00:00Z,417,954,2724,295,64,58,0,Optimization terminated successfully. (HiGHS Status 7: Optimal),1.421844119146858e-05,258835.29273804557,258833.38531775674,7.369297768477411e-06,1,0.12348629999905825,False,"[{""message"":""Optimization terminated successfully. (HiGHS Status 7: Optimal)"",""mip_feasibility_tolerance"":1e-08,""presolve"":true,""primal_feasibility_tolerance"":1e-08,""solve_seconds"":0.123478899942711,""status"":0,""time_limit_seconds"":30.0}]",0.028812900185585022,"{""2025"":{""allowance"":107.97850343782113,""available_after_reserve"":107.97850443782113,""numerical_guard"":1e-06,""remaining"":107.97850443782113,""terminal_reserve"":0.0},""2026"":{""allowance"":398.90857553365254,""available_after_reserve"":398.90857653365254,""numerical_guard"":1e-06,""remaining"":399.4520547945221,""terminal_reserve"":0.5434782608695652}}",0.02069830009713769,PASS,257867.83156775686,965.5537500014791,404,192
261,2025-09-18T21:00:00Z,459,1046,3020,325,68,66,0,Optimization terminated successfully. (HiGHS Status 7: Optimal),1.431143964299903e-16,233407.4271416959,233407.42714169592,0.0,1,0.10422220011241734,False,"[{""message"":""Optimization terminated successfully. (HiGHS Status 7: Optimal)"",""mip_feasibility_tolerance"":1e-08,""presolve"":true,""primal_feasibility_tolerance"":1e-08,""solve_seconds"":0.1042166999541223,""status"":0,""time_limit_seconds"":30.0}]",0.028518800158053637,"{""2025"":{""allowance"":105.9285322464703,""available_after_reserve"":105.9285332464703,""numerical_guard"":1e-06,""remaining"":105.9285332464703,""terminal_reserve"":0.0},""2026"":{""allowance"":398.90857553365254,""available_after_reserve"":398.90857653365254,""numerical_guard"":1e-06,""remaining"":399.4520547945221,""terminal_reserve"":0.5434782608695652}}",0.017066400032490492,PASS,232708.4158916959,699.011250000038,448,192
262,2025-09-19T21:00:00Z,431,976,2802,302,66,63,0,Optimization terminated successfully. (HiGHS Status 7: Optimal),5.782067432132839e-05,199172.1637822424,199166.43378548147,2.8769891853867533e-05,1,0.122602199902758,False,"[{""message"":""Optimization terminated successfully. (HiGHS Status 7: Optimal)"",""mip_feasibility_tolerance"":1e-08,""presolve"":true,""primal_feasibility_tolerance"":1e-08,""solve_seconds"":0.12259639985859394,""status"":0,""time_limit_seconds"":30.0}]",0.03379849996417761,"{""2025"":{""allowance"":103.75658355116849,""available_after_reserve"":103.75658455116849,""numerical_guard"":1e-06,""remaining"":103.75658455116849,""terminal_reserve"":0.0},""2026"":{""allowance"":398.90857553365254,""available_after_reserve"":398.90857653365254,""numerical_guard"":1e-06,""remaining"":399.4520547945221,""terminal_reserve"":0.5434782608695652}}",0.01793029997497797,PASS,198821.9462854816,344.4874999999966,450,192
263,2025-09-20T21:00:00Z,460,1038,3002,322,70,68,0,Optimization terminated successfully. (HiGHS Status 7: Optimal),2.347949903917212e-16,221663.74984974574,221663.7498497457,1.3129720342844362e-16,1,0.061297599924728274,False,"[{""message"":""Optimization terminated successfully. (HiGHS Status 7: Optimal)"",""mip_feasibility_tolerance"":1e-08,""presolve"":true,""primal_feasibility_tolerance"":1e-08,""solve_seconds"":0.061291699996218085,""status"":0,""time_limit_seconds"":30.0}]",0.027720300015062094,"{""2025"":{""allowance"":102.29198595926698,""available_after_reserve"":102.29198695926698,""numerical_guard"":1e-06,""remaining"":102.29198695926698,""terminal_reserve"":0.0},""2026"":{""allowance"":398.90857553365254,""available_after_reserve"":398.90857653365254,""numerical_guard"":1e-06,""remaining"":399.4520547945221,""terminal_reserve"":0.5434782608695652}}",0.014264500001445413,PASS,220474.12514899368,1189.6247007521995,445,192
264,2025-09-21T21:00:00Z,469,1068,3090,332,70,67,0,Optimization terminated successfully. (HiGHS Status 7: Optimal),9.58985303533502e-06,250664.17239141418,250662.92958720756,4.958069422803621e-06,1,0.09126319992356002,False,"[{""message"":""Optimization terminated successfully. (HiGHS Status 7: Optimal)"",""mip_feasibility_tolerance"":1e-08,""presolve"":true,""primal_feasibility_tolerance"":1e-08,""solve_seconds"":0.09125729999504983,""status"":0,""time_limit_seconds"":30.0}]",0.02118300017900765,"{""2025"":{""allowance"":100.6921617003058,""available_after_reserve"":100.6921627003058,""numerical_guard"":1e-06,""remaining"":100.6921627003058,""terminal_reserve"":0.0},""2026"":{""allowance"":398.90857553365254,""available_after_reserve"":398.90857653365254,""numerical_guard"":1e-06,""remaining"":399.4520547945221,""terminal_reserve"":0.5434782608695652}}",0.016063200077041984,PASS,249574.3245872077,1088.6049999999227,471,192
265,2025-09-22T21:00:00Z,477,1086,3148,338,70,69,0,Optimization terminated successfully. (HiGHS Status 7: Optimal),9.938541012779085e-06,238443.5923383137,238442.48094363487,4.66105986830133e-06,1,0.14712319988757372,False,"[{""message"":""Optimization terminated successfully. (HiGHS Status 7: Optimal)"",""mip_feasibility_tolerance"":1e-08,""presolve"":true,""primal_feasibility_tolerance"":1e-08,""solve_seconds"":0.14711590018123388,""status"":0,""time_limit_seconds"":30.0}]",0.11084810015745461,"{""2025"":{""allowance"":98.40722289339891,""available_after_reserve"":98.4072238933989,""numerical_guard"":1e-06,""remaining"":98.4072238933989,""terminal_reserve"":0.0},""2026"":{""allowance"":398.90857553365254,""available_after_reserve"":398.90857653365254,""numerical_guard"":1e-06,""remaining"":399.4520547945221,""terminal_reserve"":0.5434782608695652}}",0.01928719994612038,PASS,236377.2325761062,2065.2483675287144,486,192
266,2025-09-23T21:00:00Z,436,988,2840,306,66,64,0,Optimization terminated successfully. (HiGHS Status 7: Optimal),1.3371409585830289e-16,216874.38689340994,216874.38689340994,0.0,1,0.07049670000560582,False,"[{""message"":""Optimization terminated successfully. (HiGHS Status 7: Optimal)"",""mip_feasibility_tolerance"":1e-08,""presolve"":true,""primal_feasibility_tolerance"":1e-08,""solve_seconds"":0.07048979983665049,""status"":0,""time_limit_seconds"":30.0}]",0.02933000004850328,"{""2025"":{""allowance"":96.3738263689716,""available_after_reserve"":96.3738273689716,""numerical_guard"":1e-06,""remaining"":96.3738273689716,""terminal_reserve"":0.0},""2026"":{""allowance"":398.90857553365254,""available_after_reserve"":398.90857653365254,""numerical_guard"":1e-06,""remaining"":399.4520547945221,""terminal_reserve"":0.5434782608695652}}",0.01919399993494153,PASS,215778.25412427748,1096.1327691323809,463,192
267,2025-09-24T21:00:00Z,445,1005,2895,311,70,64,0,Optimization terminated successfully. (HiGHS Status 7: Optimal),0.0,203427.53234695803,203427.53234695806,0.0,1,0.0506628998555243,False,"[{""message"":""Optimization terminated successfully. (HiGHS Status 7: Optimal)"",""mip_feasibility_tolerance"":1e-08,""presolve"":true,""primal_feasibility_tolerance"":1e-08,""solve_seconds"":0.050655300030484796,""status"":0,""time_limit_seconds"":30.0}]",0.02972089988179505,"{""2025"":{""allowance"":94.35882342237034,""available_after_reserve"":94.35882442237033,""numerical_guard"":1e-06,""remaining"":94.35882442237033,""terminal_reserve"":0.0},""2026"":{""allowance"":398.90857553365254,""available_after_reserve"":398.90857653365254,""numerical_guard"":1e-06,""remaining"":399.4520547945221,""terminal_reserve"":0.5434782608695652}}",0.021006299881264567,PASS,202213.30104285906,1214.231304098807,441,192
268,2025-09-25T21:00:00Z,474,1077,3121,335,70,69,0,Optimization terminated successfully. (HiGHS Status 7: Optimal),2.771544438544318e-16,199407.47680098482,199407.47680098476,2.919031013644517e-16,1,0.10622900002636015,False,"[{""message"":""Optimization terminated successfully. (HiGHS Status 7: Optimal)"",""mip_feasibility_tolerance"":1e-08,""presolve"":true,""primal_feasibility_tolerance"":1e-08,""solve_seconds"":0.1062229999806732,""status"":0,""time_limit_seconds"":30.0}]",0.024245999986305833,"{""2025"":{""allowance"":92.4011555401928,""available_after_reserve"":92.4011565401928,""numerical_guard"":1e-06,""remaining"":92.4011565401928,""terminal_reserve"":0.0},""2026"":{""allowance"":398.90857553365254,""available_after_reserve"":398.90857653365254,""numerical_guard"":1e-06,""remaining"":399.4520547945221,""terminal_reserve"":0.5434782608695652}}",0.016378700034692883,PASS,198424.91305098517,982.5637500000008,465,192
269,2025-09-26T21:00:00Z,449,1012,2918,313,72,64,0,Optimization terminated successfully. (HiGHS Status 7: Optimal),3.215136946986022e-06,240329.64300682914,240329.19906448503,1.8472259959892807e-06,1,0.10904649994336069,False,"[{""message"":""Optimization terminated successfully. (HiGHS Status 7: Optimal)"",""mip_feasibility_tolerance"":1e-08,""presolve"":true,""primal_feasibility_tolerance"":1e-08,""solve_seconds"":0.1090400000102818,""status"":0,""time_limit_seconds"":30.0}]",0.020058500114828348,"{""2025"":{""allowance"":90.54139077824652,""available_after_reserve"":90.54139177824652,""numerical_guard"":1e-06,""remaining"":90.54139177824652,""terminal_reserve"":0.0},""2026"":{""allowance"":398.90857553365254,""available_after_reserve"":398.90857653365254,""numerical_guard"":1e-06,""remaining"":399.4520547945221,""terminal_reserve"":0.5434782608695652}}",0.017637599958106875,PASS,239284.23906448524,1044.95999999998,467,192
270,2025-09-27T21:00:00Z,454,1028,2968,319,68,67,0,Optimization terminated successfully. (HiGHS Status 7: Optimal),3.1213065673657655e-05,280493.8005660642,280489.2536648243,1.6210607645348605e-05,1,0.1312153001781553,False,"[{""message"":""Optimization terminated successfully. (HiGHS Status 7: Optimal)"",""mip_feasibility_tolerance"":1e-08,""presolve"":true,""primal_feasibility_tolerance"":1e-08,""solve_seconds"":0.1312096999026835,""status"":0,""time_limit_seconds"":30.0}]",0.020409899996593595,"{""2025"":{""allowance"":88.97504336775597,""available_after_reserve"":88.97504436775597,""numerical_guard"":1e-06,""remaining"":88.97504436775597,""terminal_reserve"":0.0},""2026"":{""allowance"":398.90857553365254,""available_after_reserve"":398.90857653365254,""numerical_guard"":1e-06,""remaining"":399.4520547945221,""terminal_reserve"":0.5434782608695652}}",0.01996340020559728,PASS,274213.6824603882,6275.571204436353,453,192
271,2025-09-28T21:00:00Z,433,982,2820,304,66,63,0,Optimization terminated successfully. (HiGHS Status 7: Optimal),2.1157231999363315e-05,286450.0537159889,286446.8855306554,1.1060288987325895e-05,1,0.11654060008004308,False,"[{""message"":""Optimization terminated successfully. (HiGHS Status 7: Optimal)"",""mip_feasibility_tolerance"":1e-08,""presolve"":true,""primal_feasibility_tolerance"":1e-08,""solve_seconds"":0.11653300002217293,""status"":0,""time_limit_seconds"":30.0}]",0.018157599959522486,"{""2025"":{""allowance"":87.65790359684775,""available_after_reserve"":87.65790459684774,""numerical_guard"":1e-06,""remaining"":87.65790459684774,""terminal_reserve"":0.0},""2026"":{""allowance"":398.90857553365254,""available_after_reserve"":398.90857653365254,""numerical_guard"":1e-06,""remaining"":399.4520547945221,""terminal_reserve"":0.5434782608695652}}",0.019418600015342236,PASS,278887.5452446878,7559.340285967286,445,192
272,2025-09-29T21:00:00Z,899,1759,5273,585,72,242,0,Optimization terminated successfully. (HiGHS Status 7: Optimal),2.1850122318836323e-05,241508.6591162197,241506.43356037408,9.21530666000762e-06,1,0.2553795001003891,False,"[{""message"":""Optimization terminated successfully. (HiGHS Status 7: Optimal)"",""mip_feasibility_tolerance"":1e-08,""presolve"":true,""primal_feasibility_tolerance"":1e-08,""solve_seconds"":0.25537370005622506,""status"":0,""time_limit_seconds"":30.0}]",0.035473600029945374,"{""2025"":{""allowance"":85.63412678870816,""available_after_reserve"":85.63412778870816,""numerical_guard"":1e-06,""remaining"":85.63412778870816,""terminal_reserve"":0.0},""2026"":{""allowance"":398.90857553365254,""available_after_reserve"":398.90857653365254,""numerical_guard"":1e-06,""remaining"":399.4520547945221,""terminal_reserve"":0.5434782608695652}}",0.018547199899330735,PASS,234927.18863120128,6579.244929172793,467,192
273,2025-09-30T21:00:00Z,836,1631,4846,544,68,224,0,Optimization terminated successfully. (HiGHS Status 7: Optimal),0.0,233109.53733056685,233109.5373305669,0.0,1,0.18972609983757138,False,"[{""message"":""Optimization terminated successfully. (HiGHS Status 7: Optimal)"",""mip_feasibility_tolerance"":1e-08,""presolve"":true,""primal_feasibility_tolerance"":1e-08,""solve_seconds"":0.1897203999105841,""status"":0,""time_limit_seconds"":30.0}]",0.024516899837180972,"{""2025"":{""allowance"":83.6773253854401,""available_after_reserve"":83.6773263854401,""numerical_guard"":1e-06,""remaining"":83.6773263854401,""terminal_reserve"":0.0},""2026"":{""allowance"":398.90857553365254,""available_after_reserve"":398.90857653365254,""numerical_guard"":1e-06,""remaining"":399.4520547945221,""terminal_reserve"":0.5434782608695652}}",0.023428400047123432,PASS,226892.7890327068,6216.74829786016,474,192
274,2025-10-01T21:00:00Z,895,1746,5223,582,70,243,0,Optimization terminated successfully. (HiGHS Status 7: Optimal),1.5252157229034951e-16,227255.10484209223,227255.10484209223,0.0,1,0.22830600012093782,False,"[{""message"":""Optimization terminated successfully. (HiGHS Status 7: Optimal)"",""mip_feasibility_tolerance"":1e-08,""presolve"":true,""primal_feasibility_tolerance"":1e-08,""solve_seconds"":0.2282996999565512,""status"":0,""time_limit_seconds"":30.0}]",0.029234000016003847,"{""2025"":{""allowance"":81.33577658584306,""available_after_reserve"":81.33577758584306,""numerical_guard"":1e-06,""remaining"":81.33577758584306,""terminal_reserve"":0.0},""2026"":{""allowance"":398.90857553365254,""available_after_reserve"":398.90857653365254,""numerical_guard"":1e-06,""remaining"":399.4520547945221,""terminal_reserve"":0.5434782608695652}}",0.018286900129169226,PASS,226214.75827959232,1040.3465625000042,467,192
275,2025-10-02T21:00:00Z,813,1588,4701,530,66,217,0,Optimization terminated successfully. (HiGHS Status 7: Optimal),5.753696081247525e-06,207364.38907990462,207363.7284835886,3.1856888417359144e-06,1,0.24286869983188808,False,"[{""message"":""Optimization terminated successfully. (HiGHS Status 7: Optimal)"",""mip_feasibility_tolerance"":1e-08,""presolve"":true,""primal_feasibility_tolerance"":1e-08,""solve_seconds"":0.24286220013163984,""status"":0,""time_limit_seconds"":30.0}]",0.11816499987617135,"{""2025"":{""allowance"":79.11335254574249,""available_after_reserve"":79.11335354574248,""numerical_guard"":1e-06,""remaining"":79.11335354574248,""terminal_reserve"":0.0},""2026"":{""allowance"":398.90857553365254,""available_after_reserve"":398.90857653365254,""numerical_guard"":1e-06,""remaining"":399.4520547945221,""terminal_reserve"":0.5434782608695652}}",0.021830500103533268,PASS,206329.9389523387,1033.7895312499852,460,192
276,2025-10-03T21:00:00Z,918,1789,5371,596,72,250,0,Optimization terminated successfully. (HiGHS Status 7: Optimal),0.0,201373.6031280967,201373.60312809673,0.0,1,0.2542657998856157,False,"[{""message"":""Optimization terminated successfully. (HiGHS Status 7: Optimal)"",""mip_feasibility_tolerance"":1e-08,""presolve"":true,""primal_feasibility_tolerance"":1e-08,""solve_seconds"":0.25426010019145906,""status"":0,""time_limit_seconds"":30.0}]",0.030114099849015474,"{""2025"":{""allowance"":76.76329253070742,""available_after_reserve"":76.76329353070741,""numerical_guard"":1e-06,""remaining"":76.76329353070741,""terminal_reserve"":0.0},""2026"":{""allowance"":398.90857553365254,""available_after_reserve"":398.90857653365254,""numerical_guard"":1e-06,""remaining"":399.4520547945221,""terminal_reserve"":0.5434782608695652}}",0.01914410013705492,PASS,200670.34812809667,703.2549999999998,467,192
277,2025-10-04T21:00:00Z,777,1525,4471,510,60,207,0,Optimization terminated successfully. (HiGHS Status 7: Optimal),1.2830140274580233e-06,209952.61398942588,209952.45561476558,7.543358320597865e-07,1,0.17321510007604957,False,"[{""message"":""Optimization terminated successfully. (HiGHS Status 7: Optimal)"",""mip_feasibility_tolerance"":1e-08,""presolve"":true,""primal_feasibility_tolerance"":1e-08,""solve_seconds"":0.1732099000364542,""status"":0,""time_limit_seconds"":30.0}]",0.022792800096794963,"{""2025"":{""allowance"":74.29923698262644,""available_after_reserve"":74.29923798262644,""numerical_guard"":1e-06,""remaining"":74.29923798262644,""terminal_reserve"":0.0},""2026"":{""allowance"":398.90857553365254,""available_after_reserve"":398.90857653365254,""numerical_guard"":1e-06,""remaining"":399.4520547945221,""terminal_reserve"":0.5434782608695652}}",0.018087000120431185,PASS,206099.10511360454,3853.3505011609,457,192
278,2025-10-05T21:00:00Z,840,1633,4868,544,72,224,0,Optimization terminated successfully. (HiGHS Status 7: Optimal),2.9380927058761207e-07,322246.93402370374,322246.87372382375,1.8712324278249825e-07,1,0.24692980013787746,False,"[{""message"":""Optimization terminated successfully. (HiGHS Status 7: Optimal)"",""mip_feasibility_tolerance"":1e-08,""presolve"":true,""primal_feasibility_tolerance"":1e-08,""solve_seconds"":0.24692429997958243,""status"":0,""time_limit_seconds"":30.0}]",0.023486499907448888,"{""2025"":{""allowance"":71.79287937897266,""available_after_reserve"":71.79288037897265,""numerical_guard"":1e-06,""remaining"":71.79288037897265,""terminal_reserve"":0.0},""2026"":{""allowance"":398.90857553365254,""available_after_reserve"":398.90857653365254,""numerical_guard"":1e-06,""remaining"":399.4520547945221,""terminal_reserve"":0.5434782608695652}}",0.022162800189107656,PASS,311512.18951255706,10734.68421126646,431,192
279,2025-10-06T21:00:00Z,771,1513,4435,506,60,205,0,Optimization terminated successfully. (HiGHS Status 7: Optimal),2.541834576061529e-06,332486.37783038,332486.02100342285,1.0732089008244653e-06,1,0.16550219990313053,False,"[{""message"":""Optimization terminated successfully. (HiGHS Status 7: Optimal)"",""mip_feasibility_tolerance"":1e-08,""presolve"":true,""primal_feasibility_tolerance"":1e-08,""solve_seconds"":0.16549529996700585,""status"":0,""time_limit_seconds"":30.0}]",0.0340102999471128,"{""2025"":{""allowance"":69.2736347585211,""available_after_reserve"":69.2736357585211,""numerical_guard"":1e-06,""remaining"":69.2736357585211,""terminal_reserve"":0.0},""2026"":{""allowance"":398.90857553365254,""available_after_reserve"":398.90857653365254,""numerical_guard"":1e-06,""remaining"":399.4520547945221,""terminal_reserve"":0.5434782608695652}}",0.015127799939364195,PASS,330105.2115914703,2380.809411953156,429,192
280,2025-10-07T21:00:00Z,913,1782,5339,594,70,249,0,Optimization terminated successfully. (HiGHS Status 7: Optimal),4.224304453292003e-06,225231.92859138886,225231.55050969642,1.6786355711946502e-06,1,0.2390165999531746,False,"[{""message"":""Optimization terminated successfully. (HiGHS Status 7: Optimal)"",""mip_feasibility_tolerance"":1e-08,""presolve"":true,""primal_feasibility_tolerance"":1e-08,""solve_seconds"":0.2390103000216186,""status"":0,""time_limit_seconds"":30.0}]",0.029099500039592385,"{""2025"":{""allowance"":66.9094923614598,""available_after_reserve"":66.9094933614598,""numerical_guard"":1e-06,""remaining"":66.9094933614598,""terminal_reserve"":0.0},""2026"":{""allowance"":398.90857553365254,""available_after_reserve"":398.90857653365254,""numerical_guard"":1e-06,""remaining"":399.4520547945221,""terminal_reserve"":0.5434782608695652}}",0.02272960008122027,PASS,223902.29316594623,1329.257343749994,454,192
281,2025-10-08T21:00:00Z,892,1740,5202,580,70,242,0,Optimization terminated successfully. (HiGHS Status 7: Optimal),1.9207296384988935e-07,192364.91817844572,192364.89771063198,1.0640098054018317e-07,1,0.21897289995104074,False,"[{""message"":""Optimization terminated successfully. (HiGHS Status 7: Optimal)"",""mip_feasibility_tolerance"":1e-08,""presolve"":true,""primal_feasibility_tolerance"":1e-08,""solve_seconds"":0.21896680002100766,""status"":0,""time_limit_seconds"":30.0}]",0.030487800016999245,"{""2025"":{""allowance"":64.77066824977658,""available_after_reserve"":64.77066924977657,""numerical_guard"":1e-06,""remaining"":64.77066924977657,""terminal_reserve"":0.0},""2026"":{""allowance"":398.90857553365254,""available_after_reserve"":398.90857653365254,""numerical_guard"":1e-06,""remaining"":399.4520547945221,""terminal_reserve"":0.5434782608695652}}",0.02258120011538267,PASS,190787.00273832804,1577.8949723041246,491,192
282,2025-10-09T21:00:00Z,883,1722,5149,574,70,239,0,Optimization terminated successfully. (HiGHS Status 7: Optimal),0.0,181266.89132027148,181266.89132027153,0.0,1,0.21063650003634393,False,"[{""message"":""Optimization terminated successfully. (HiGHS Status 7: Optimal)"",""mip_feasibility_tolerance"":1e-08,""presolve"":true,""primal_feasibility_tolerance"":1e-08,""solve_seconds"":0.21063120011240244,""status"":0,""time_limit_seconds"":30.0}]",0.03563860012218356,"{""2025"":{""allowance"":62.64601932098708,""available_after_reserve"":62.64602032098708,""numerical_guard"":1e-06,""remaining"":62.64602032098708,""terminal_reserve"":0.0},""2026"":{""allowance"":398.90857553365254,""available_after_reserve"":398.90857653365254,""numerical_guard"":1e-06,""remaining"":399.4520547945221,""terminal_reserve"":0.5434782608695652}}",0.01842959993518889,PASS,180337.61288277162,929.27843750001,481,192
283,2025-10-10T21:00:00Z,851,1661,4943,554,68,229,0,Optimization terminated successfully. (HiGHS Status 7: Optimal),0.0,153401.9401708627,153401.9401708627,0.0,1,0.2178549999371171,False,"[{""message"":""Optimization terminated successfully. (HiGHS Status 7: Optimal)"",""mip_feasibility_tolerance"":1e-08,""presolve"":true,""primal_feasibility_tolerance"":1e-08,""solve_seconds"":0.2178491000086069,""status"":0,""time_limit_seconds"":30.0}]",0.10804309998638928,"{""2025"":{""allowance"":60.3792585082266,""available_after_reserve"":60.379259508226596,""numerical_guard"":1e-06,""remaining"":60.379259508226596,""terminal_reserve"":0.0},""2026"":{""allowance"":398.90857553365254,""available_after_reserve"":398.90857653365254,""numerical_guard"":1e-06,""remaining"":399.4520547945221,""terminal_reserve"":0.5434782608695652}}",0.02317239996045828,PASS,152417.70298336275,984.2371875000124,468,192
284,2025-10-11T21:00:00Z,756,1483,4340,496,60,200,0,Optimization terminated successfully. (HiGHS Status 7: Optimal),6.490967878050699e-07,197530.99272121076,197530.91274410265,4.0488401028664733e-07,1,0.1663587000221014,False,"[{""message"":""Optimization terminated successfully. (HiGHS Status 7: Optimal)"",""mip_feasibility_tolerance"":1e-08,""presolve"":true,""primal_feasibility_tolerance"":1e-08,""solve_seconds"":0.16635339986532927,""status"":0,""time_limit_seconds"":30.0}]",0.031270300038158894,"{""2025"":{""allowance"":58.39579327429681,""available_after_reserve"":58.395794274296804,""numerical_guard"":1e-06,""remaining"":58.395794274296804,""terminal_reserve"":0.0},""2026"":{""allowance"":398.90857553365254,""available_after_reserve"":398.90857653365254,""numerical_guard"":1e-06,""remaining"":399.4520547945221,""terminal_reserve"":0.5434782608695652}}",0.01593589992262423,PASS,190330.92507766164,7199.987666441088,429,192
285,2025-10-12T21:00:00Z,878,1715,5113,572,68,238,0,Optimization terminated successfully. (HiGHS Status 7: Optimal),3.052952123490854e-06,261275.75286554854,261275.29940573307,1.7355632794329237e-06,1,0.1985458000563085,False,"[{""message"":""Optimization terminated successfully. (HiGHS Status 7: Optimal)"",""mip_feasibility_tolerance"":1e-08,""presolve"":true,""primal_feasibility_tolerance"":1e-08,""solve_seconds"":0.19854020001366735,""status"":0,""time_limit_seconds"":30.0}]",0.02423290000297129,"{""2025"":{""allowance"":56.6803695456822,""available_after_reserve"":56.680370545682194,""numerical_guard"":1e-06,""remaining"":56.680370545682194,""terminal_reserve"":0.0},""2026"":{""allowance"":398.90857553365254,""available_after_reserve"":398.90857653365254,""numerical_guard"":1e-06,""remaining"":399.4520547945221,""terminal_reserve"":0.5434782608695652}}",0.02153700008057058,PASS,249939.4397428347,11335.85966289851,438,192
286,2025-10-13T21:00:00Z,866,1691,5039,564,68,234,0,Optimization terminated successfully. (HiGHS Status 7: Optimal),7.210034254795922e-06,267670.74262336193,267669.77729959483,3.6063980657049237e-06,1,0.20035289996303618,False,"[{""message"":""Optimization terminated successfully. (HiGHS Status 7: Optimal)"",""mip_feasibility_tolerance"":1e-08,""presolve"":true,""primal_feasibility_tolerance"":1e-08,""solve_seconds"":0.20034659979864955,""status"":0,""time_limit_seconds"":30.0}]",0.0356568000279367,"{""2025"":{""allowance"":54.06520927615236,""available_after_reserve"":54.06521027615236,""numerical_guard"":1e-06,""remaining"":54.06521027615236,""terminal_reserve"":0.0},""2026"":{""allowance"":398.90857553365254,""available_after_reserve"":398.90857653365254,""numerical_guard"":1e-06,""remaining"":399.4520547945221,""terminal_reserve"":0.5434782608695652}}",0.015139600029215217,PASS,251426.30442326958,16243.472876325539,472,192
287,2025-10-14T21:00:00Z,860,1679,5000,560,68,232,0,Optimization terminated successfully. (HiGHS Status 7: Optimal),1.012510574824316e-06,223121.57338951709,223121.4636538644,4.918202439644976e-07,1,0.17846610001288354,False,"[{""message"":""Optimization terminated successfully. (HiGHS Status 7: Optimal)"",""mip_feasibility_tolerance"":1e-08,""presolve"":true,""primal_feasibility_tolerance"":1e-08,""solve_seconds"":0.17845989996567369,""status"":0,""time_limit_seconds"":30.0}]",0.025449000066146255,"{""2025"":{""allowance"":51.26405891719503,""available_after_reserve"":51.26405991719503,""numerical_guard"":1e-06,""remaining"":51.26405991719503,""terminal_reserve"":0.0},""2026"":{""allowance"":398.90857553365254,""available_after_reserve"":398.90857653365254,""numerical_guard"":1e-06,""remaining"":399.4520547945221,""terminal_reserve"":0.5434782608695652}}",0.021582100074738264,PASS,221732.9775601144,1388.4860937499839,466,192
288,2025-10-15T21:00:00Z,862,1680,5012,560,70,232,0,Optimization terminated successfully. (HiGHS Status 7: Optimal),1.5915512217040215e-06,183667.144816302,183667.0189944285,6.850542583873253e-07,1,0.1960298002231866,False,"[{""message"":""Optimization terminated successfully. (HiGHS Status 7: Optimal)"",""mip_feasibility_tolerance"":1e-08,""presolve"":true,""primal_feasibility_tolerance"":1e-08,""solve_seconds"":0.19602410006336868,""status"":0,""time_limit_seconds"":30.0}]",0.031471499940380454,"{""2025"":{""allowance"":48.402391435416234,""available_after_reserve"":48.40239243541623,""numerical_guard"":1e-06,""remaining"":48.40239243541623,""terminal_reserve"":0.0},""2026"":{""allowance"":398.90857553365254,""available_after_reserve"":398.90857653365254,""numerical_guard"":1e-06,""remaining"":399.4520547945221,""terminal_reserve"":0.5434782608695652}}",0.021629499970003963,PASS,182338.7668069283,1328.252187499994,464,192
289,2025-10-16T21:00:00Z,852,1666,4949,556,66,230,0,Optimization terminated successfully. (HiGHS Status 7: Optimal),1.1589640705044414e-05,157518.0058694948,157517.05497741586,6.036756331487408e-06,1,0.34015960013493896,False,"[{""message"":""Optimization terminated successfully. (HiGHS Status 7: Optimal)"",""mip_feasibility_tolerance"":1e-08,""presolve"":true,""primal_feasibility_tolerance"":1e-08,""solve_seconds"":0.3401522000785917,""status"":0,""time_limit_seconds"":30.0}]",0.027820399962365627,"{""2025"":{""allowance"":46.24563156614818,""available_after_reserve"":46.245632566148174,""numerical_guard"":1e-06,""remaining"":46.245632566148174,""terminal_reserve"":0.0},""2026"":{""allowance"":398.90857553365254,""available_after_reserve"":398.90857653365254,""numerical_guard"":1e-06,""remaining"":399.4520547945221,""terminal_reserve"":0.5434782608695652}}",0.01925799995660782,PASS,154916.7816324615,2600.273344954338,462,192
290,2025-10-17T21:00:00Z,880,1716,5129,572,70,238,0,Optimization terminated successfully. (HiGHS Status 7: Optimal),9.875748785519975e-06,165599.3300988811,165598.4593519761,5.258182403336024e-06,1,0.20349130011163652,False,"[{""message"":""Optimization terminated successfully. (HiGHS Status 7: Optimal)"",""mip_feasibility_tolerance"":1e-08,""presolve"":true,""primal_feasibility_tolerance"":1e-08,""solve_seconds"":0.20348610007204115,""status"":0,""time_limit_seconds"":30.0}]",0.02401249995455146,"{""2025"":{""allowance"":44.16537178036867,""available_after_reserve"":44.16537278036867,""numerical_guard"":1e-06,""remaining"":44.16537278036867,""terminal_reserve"":0.0},""2026"":{""allowance"":398.90857553365254,""available_after_reserve"":398.90857653365254,""numerical_guard"":1e-06,""remaining"":399.4520547945221,""terminal_reserve"":0.5434782608695652}}",0.01999739999882877,PASS,164543.36138322603,1055.0979687500067,468,192
291,2025-10-18T21:00:00Z,809,1577,4675,526,68,215,0,Optimization terminated successfully. (HiGHS Status 7: Optimal),0.0,233706.00165698593,233706.00165698593,0.0,1,0.1807418002281338,False,"[{""message"":""Optimization terminated successfully. (HiGHS Status 7: Optimal)"",""mip_feasibility_tolerance"":1e-08,""presolve"":true,""primal_feasibility_tolerance"":1e-08,""solve_seconds"":0.18073690007440746,""status"":0,""time_limit_seconds"":30.0}]",0.10318949981592596,"{""2025"":{""allowance"":41.91474175182566,""available_after_reserve"":41.914742751825656,""numerical_guard"":1e-06,""remaining"":41.914742751825656,""terminal_reserve"":0.0},""2026"":{""allowance"":398.90857553365254,""available_after_reserve"":398.90857653365254,""numerical_guard"":1e-06,""remaining"":399.4520547945221,""terminal_reserve"":0.5434782608695652}}",0.01579410000704229,PASS,230230.37279800128,3475.628858984705,453,192
292,2025-10-19T21:00:00Z,915,1783,5349,594,72,249,0,Optimization terminated successfully. (HiGHS Status 7: Optimal),2.5529188604378353e-16,256653.4628665541,256653.46286655412,0.0,1,0.2577062000054866,False,"[{""message"":""Optimization terminated successfully. (HiGHS Status 7: Optimal)"",""mip_feasibility_tolerance"":1e-08,""presolve"":true,""primal_feasibility_tolerance"":1e-08,""solve_seconds"":0.25769839994609356,""status"":0,""time_limit_seconds"":30.0}]",0.027375899953767657,"{""2025"":{""allowance"":39.7648625186265,""available_after_reserve"":39.7648635186265,""numerical_guard"":1e-06,""remaining"":39.7648635186265,""terminal_reserve"":0.0},""2026"":{""allowance"":398.90857553365254,""available_after_reserve"":398.90857653365254,""numerical_guard"":1e-06,""remaining"":399.4520547945221,""terminal_reserve"":0.5434782608695652}}",0.021265300223603845,PASS,250184.58846058397,6468.874405969925,464,192
293,2025-10-20T21:00:00Z,868,1692,5051,564,70,234,0,Optimization terminated successfully. (HiGHS Status 7: Optimal),3.064768828233962e-06,200343.28126417368,200342.98871129093,1.4602601500013026e-06,1,0.23105230019427836,False,"[{""message"":""Optimization terminated successfully. (HiGHS Status 7: Optimal)"",""mip_feasibility_tolerance"":1e-08,""presolve"":true,""primal_feasibility_tolerance"":1e-08,""solve_seconds"":0.23104620003141463,""status"":0,""time_limit_seconds"":30.0}]",0.030007899971678853,"{""2025"":{""allowance"":37.52836457946364,""available_after_reserve"":37.52836557946364,""numerical_guard"":1e-06,""remaining"":37.52836557946364,""terminal_reserve"":0.0},""2026"":{""allowance"":398.90857553365254,""available_after_reserve"":398.90857653365254,""numerical_guard"":1e-06,""remaining"":399.4520547945221,""terminal_reserve"":0.5434782608695652}}",0.01957169990055263,PASS,197353.38843309105,2989.600278199939,483,192
294,2025-10-21T21:00:00Z,886,1728,5166,576,70,240,0,Optimization terminated successfully. (HiGHS Status 7: Optimal),2.3180817558493462e-08,214460.11553318746,214460.1126519062,1.3435044945450647e-08,1,0.19277899991720915,False,"[{""message"":""Optimization terminated successfully. (HiGHS Status 7: Optimal)"",""mip_feasibility_tolerance"":1e-08,""presolve"":true,""primal_feasibility_tolerance"":1e-08,""solve_seconds"":0.19277320010587573,""status"":0,""time_limit_seconds"":30.0}]",0.033592000138014555,"{""2025"":{""allowance"":35.349322353946604,""available_after_reserve"":35.3493233539466,""numerical_guard"":1e-06,""remaining"":35.3493233539466,""terminal_reserve"":0.0},""2026"":{""allowance"":398.90857553365254,""available_after_reserve"":398.90857653365254,""numerical_guard"":1e-06,""remaining"":399.4520547945221,""terminal_reserve"":0.5434782608695652}}",0.01494670007377863,PASS,210946.77230077962,3513.340351126514,474,192
295,2025-10-22T21:00:00Z,779,1526,4485,510,62,207,0,Optimization terminated successfully. (HiGHS Status 7: Optimal),0.0,207235.15910051556,207235.15910051554,1.4043867161854247e-16,1,0.19344160007312894,False,"[{""message"":""Optimization terminated successfully. (HiGHS Status 7: Optimal)"",""mip_feasibility_tolerance"":1e-08,""presolve"":true,""primal_feasibility_tolerance"":1e-08,""solve_seconds"":0.1934350999072194,""status"":0,""time_limit_seconds"":30.0}]",0.024927200051024556,"{""2025"":{""allowance"":32.863703050635195,""available_after_reserve"":32.86370405063519,""numerical_guard"":1e-06,""remaining"":32.86370405063519,""terminal_reserve"":0.0},""2026"":{""allowance"":398.90857553365254,""available_after_reserve"":398.90857653365254,""numerical_guard"":1e-06,""remaining"":399.4520547945221,""terminal_reserve"":0.5434782608695652}}",0.01833029999397695,PASS,206221.1008192654,1014.0582812499935,447,192
296,2025-10-23T21:00:00Z,886,1728,5164,576,70,240,0,Optimization terminated successfully. (HiGHS Status 7: Optimal),6.766497830596679e-06,180030.37623729583,180029.7371786383,3.5497394350433423e-06,1,0.258856900036335,False,"[{""message"":""Optimization terminated successfully. (HiGHS Status 7: Optimal)"",""mip_feasibility_tolerance"":1e-08,""presolve"":true,""primal_feasibility_tolerance"":1e-08,""solve_seconds"":0.25885089999064803,""status"":0,""time_limit_seconds"":30.0}]",0.028753200080245733,"{""2025"":{""allowance"":30.508255787340087,""available_after_reserve"":30.508256787340088,""numerical_guard"":1e-06,""remaining"":30.508256787340088,""terminal_reserve"":0.0},""2026"":{""allowance"":398.90857553365254,""available_after_reserve"":398.90857653365254,""numerical_guard"":1e-06,""remaining"":399.4520547945221,""terminal_reserve"":0.5434782608695652}}",0.014761999947950244,PASS,179005.26202238825,1024.4751562499969,447,192
297,2025-10-24T21:00:00Z,901,1747,5219,586,72,243,0,Optimization terminated successfully. (HiGHS Status 7: Optimal),6.83518949541476e-08,175182.4480255367,175182.44232868904,3.251951269077583e-08,1,0.22922420012764633,False,"[{""message"":""Optimization terminated successfully. (HiGHS Status 7: Optimal)"",""mip_feasibility_tolerance"":1e-08,""presolve"":true,""primal_feasibility_tolerance"":1e-08,""solve_seconds"":0.2292190999723971,""status"":0,""time_limit_seconds"":30.0}]",0.027411699993535876,"{""2025"":{""allowance"":27.925756650962054,""available_after_reserve"":27.925757650962055,""numerical_guard"":1e-06,""remaining"":27.925757650962055,""terminal_reserve"":0.0},""2026"":{""allowance"":398.90857553365254,""available_after_reserve"":398.90857653365254,""numerical_guard"":1e-06,""remaining"":399.4520547945221,""terminal_reserve"":0.5434782608695652}}",0.016113300109282136,PASS,173605.02992468906,1577.4124039999936,483,196
298,2025-10-25T21:00:00Z,823,1611,4765,538,64,221,0,Optimization terminated successfully. (HiGHS Status 7: Optimal),2.8112877676102837e-06,196396.47560225468,196396.1485350243,1.665344421625567e-06,1,0.2336334001738578,False,"[{""message"":""Optimization terminated successfully. (HiGHS Status 7: Optimal)"",""mip_feasibility_tolerance"":1e-08,""presolve"":true,""primal_feasibility_tolerance"":1e-08,""solve_seconds"":0.23362820013426244,""status"":0,""time_limit_seconds"":30.0}]",0.023784399963915348,"{""2025"":{""allowance"":25.460765491122057,""available_after_reserve"":25.460766491122058,""numerical_guard"":1e-06,""remaining"":25.460766491122058,""terminal_reserve"":0.0},""2026"":{""allowance"":398.90857553365254,""available_after_reserve"":398.90857653365254,""numerical_guard"":1e-06,""remaining"":399.4520547945221,""terminal_reserve"":0.5434782608695652}}",0.018811600049957633,PASS,194983.18395778642,1412.964577237697,464,196
299,2025-10-26T22:00:00Z,765,1501,4398,502,60,203,0,Optimization terminated successfully. (HiGHS Status 7: Optimal),1.784687470319925e-16,194362.51577751996,194362.51577751996,0.0,1,0.09279469982720912,False,"[{""message"":""Optimization terminated successfully. (HiGHS Status 7: Optimal)"",""mip_feasibility_tolerance"":1e-08,""presolve"":true,""primal_feasibility_tolerance"":1e-08,""solve_seconds"":0.09278879989869893,""status"":0,""time_limit_seconds"":30.0}]",0.11237969994544983,"{""2025"":{""allowance"":23.126780328696324,""available_after_reserve"":23.126781328696325,""numerical_guard"":1e-06,""remaining"":23.126781328696325,""terminal_reserve"":0.0},""2026"":{""allowance"":398.90857553365254,""available_after_reserve"":398.90857653365254,""numerical_guard"":1e-06,""remaining"":399.4520547945221,""terminal_reserve"":0.5434782608695652}}",0.022233599796891212,PASS,191883.33545339046,2479.1803241293105,424,192
300,2025-10-27T22:00:00Z,878,1715,5116,572,68,238,0,Optimization terminated successfully. (HiGHS Status 7: Optimal),4.772745107483102e-08,176499.71474133362,176499.70999371388,2.6898739585336627e-08,1,0.22193860006518662,False,"[{""message"":""Optimization terminated successfully. (HiGHS Status 7: Optimal)"",""mip_feasibility_tolerance"":1e-08,""presolve"":true,""primal_feasibility_tolerance"":1e-08,""solve_seconds"":0.22193240001797676,""status"":0,""time_limit_seconds"":30.0}]",0.033305699937045574,"{""2025"":{""allowance"":20.93400061260638,""available_after_reserve"":20.93400161260638,""numerical_guard"":1e-06,""remaining"":20.93400161260638,""terminal_reserve"":0.0},""2026"":{""allowance"":398.90857553365254,""available_after_reserve"":398.90857653365254,""numerical_guard"":1e-06,""remaining"":399.4520547945221,""terminal_reserve"":0.5434782608695652}}",0.0165714998729527,PASS,175344.9637685933,1154.7462251205404,441,192
301,2025-10-28T22:00:00Z,904,1764,5278,588,70,246,0,Optimization terminated successfully. (HiGHS Status 7: Optimal),1.856778334798224e-05,187724.0043089359,187722.3065683657,9.043893617337398e-06,1,0.23555330000817776,False,"[{""message"":""Optimization terminated successfully. (HiGHS Status 7: Optimal)"",""mip_feasibility_tolerance"":1e-08,""presolve"":true,""primal_feasibility_tolerance"":1e-08,""solve_seconds"":0.23554719984531403,""status"":0,""time_limit_seconds"":30.0}]",0.030796300154179335,"{""2025"":{""allowance"":18.528973987698006,""available_after_reserve"":18.528974987698007,""numerical_guard"":1e-06,""remaining"":18.528974987698007,""terminal_reserve"":0.0},""2026"":{""allowance"":398.90857553365254,""available_after_reserve"":398.90857653365254,""numerical_guard"":1e-06,""remaining"":399.4520547945221,""terminal_reserve"":0.5434782608695652}}",0.017794900108128786,PASS,184746.7231066932,2975.5834616723937,484,192
302,2025-10-29T22:00:00Z,869,1697,5058,566,68,235,0,Optimization terminated successfully. (HiGHS Status 7: Optimal),3.6208162234126246e-07,178268.20914478786,178268.17578001902,1.8716054445792767e-07,1,0.11835749982856214,False,"[{""message"":""Optimization terminated successfully. (HiGHS Status 7: Optimal)"",""mip_feasibility_tolerance"":1e-08,""presolve"":true,""primal_feasibility_tolerance"":1e-08,""solve_seconds"":0.11835179990157485,""status"":0,""time_limit_seconds"":30.0}]",0.02409520000219345,"{""2025"":{""allowance"":16.19089469946277,""available_after_reserve"":16.19089569946277,""numerical_guard"":1e-06,""remaining"":16.19089569946277,""terminal_reserve"":0.0},""2026"":{""allowance"":398.90857553365254,""available_after_reserve"":398.90857653365254,""numerical_guard"":1e-06,""remaining"":399.4520547945221,""terminal_reserve"":0.5434782608695652}}",0.019150499952957034,PASS,175001.4590432397,3266.7167367793236,481,192
303,2025-10-30T22:00:00Z,843,1648,4893,550,66,227,0,Optimization terminated successfully. (HiGHS Status 7: Optimal),0.0,190309.18813880841,190309.18813880836,3.0585838488792096e-16,1,0.23324469989165664,False,"[{""message"":""Optimization terminated successfully. (HiGHS Status 7: Optimal)"",""mip_feasibility_tolerance"":1e-08,""presolve"":true,""primal_feasibility_tolerance"":1e-08,""solve_seconds"":0.23323970008641481,""status"":0,""time_limit_seconds"":30.0}]",0.027971099829301238,"{""2025"":{""allowance"":13.953026566345214,""available_after_reserve"":13.953027566345213,""numerical_guard"":1e-06,""remaining"":13.953027566345213,""terminal_reserve"":0.0},""2026"":{""allowance"":398.90857553365254,""available_after_reserve"":398.90857653365254,""numerical_guard"":1e-06,""remaining"":399.4520547945221,""terminal_reserve"":0.5434782608695652}}",0.020004899939522147,PASS,189403.72938880848,905.4587500000002,462,192
304,2025-10-31T22:00:00Z,863,1685,5020,562,68,233,0,Optimization terminated successfully. (HiGHS Status 7: Optimal),4.477135805542488e-06,173054.6157395271,173054.29327685735,1.8633612818403874e-06,1,0.37156130000948906,False,"[{""message"":""Optimization terminated successfully. (HiGHS Status 7: Optimal)"",""mip_feasibility_tolerance"":1e-08,""presolve"":true,""primal_feasibility_tolerance"":1e-08,""solve_seconds"":0.37155590020120144,""status"":0,""time_limit_seconds"":30.0}]",0.030420499853789806,"{""2025"":{""allowance"":11.566721797026842,""available_after_reserve"":11.566722797026841,""numerical_guard"":1e-06,""remaining"":11.566722797026841,""terminal_reserve"":0.0},""2026"":{""allowance"":398.90857553365254,""available_after_reserve"":398.90857653365254,""numerical_guard"":1e-06,""remaining"":399.4520547945221,""terminal_reserve"":0.5434782608695652}}",0.019010999938473105,PASS,172190.52280810766,863.770468750003,460,192
305,2025-11-01T22:00:00Z,874,1704,5092,568,70,236,0,Optimization terminated successfully. (HiGHS Status 7: Optimal),1.380407602244358e-16,174655.08701915183,174655.08701915178,3.332720615637417e-16,1,0.14259139983914793,False,"[{""message"":""Optimization terminated successfully. (HiGHS Status 7: Optimal)"",""mip_feasibility_tolerance"":1e-08,""presolve"":true,""primal_feasibility_tolerance"":1e-08,""solve_seconds"":0.1425856000278145,""status"":0,""time_limit_seconds"":30.0}]",0.026949199847877026,"{""2025"":{""allowance"":9.558269405147938,""available_after_reserve"":9.558270405147937,""numerical_guard"":1e-06,""remaining"":9.558270405147937,""terminal_reserve"":0.0},""2026"":{""allowance"":398.90857553365254,""available_after_reserve"":398.90857653365254,""numerical_guard"":1e-06,""remaining"":399.4520547945221,""terminal_reserve"":0.5434782608695652}}",0.01715860003605485,PASS,172284.8574395782,2370.229579573642,469,192
306,2025-11-02T22:00:00Z,849,1660,4931,554,66,229,0,Optimization terminated successfully. (HiGHS Status 7: Optimal),7.653928966377204e-07,203217.46486987616,203217.3864118663,3.860792191804817e-07,1,0.234322999836877,False,"[{""message"":""Optimization terminated successfully. (HiGHS Status 7: Optimal)"",""mip_feasibility_tolerance"":1e-08,""presolve"":true,""primal_feasibility_tolerance"":1e-08,""solve_seconds"":0.23431679978966713,""status"":0,""time_limit_seconds"":30.0}]",0.034241699846461415,"{""2025"":{""allowance"":8.357091296019005,""available_after_reserve"":8.357092296019005,""numerical_guard"":1e-06,""remaining"":8.357092296019005,""terminal_reserve"":0.0},""2026"":{""allowance"":398.90857553365254,""available_after_reserve"":398.90857653365254,""numerical_guard"":1e-06,""remaining"":399.4520547945221,""terminal_reserve"":0.5434782608695652}}",0.021917999954894185,PASS,195591.73930132148,7625.64711054472,465,192
307,2025-11-03T22:00:00Z,857,1673,4980,558,68,231,0,Optimization terminated successfully. (HiGHS Status 7: Optimal),1.7113287219886802e-07,188700.47733876845,188700.4608878316,8.718016252016953e-08,1,0.1881844000890851,False,"[{""message"":""Optimization terminated successfully. (HiGHS Status 7: Optimal)"",""mip_feasibility_tolerance"":1e-08,""presolve"":true,""primal_feasibility_tolerance"":1e-08,""solve_seconds"":0.18817869992926717,""status"":0,""time_limit_seconds"":30.0}]",0.02571950014680624,"{""2025"":{""allowance"":5.878932316299594,""available_after_reserve"":5.8789333162995945,""numerical_guard"":1e-06,""remaining"":5.8789333162995945,""terminal_reserve"":0.0},""2026"":{""allowance"":398.90857553365254,""available_after_reserve"":398.90857653365254,""numerical_guard"":1e-06,""remaining"":399.4520547945221,""terminal_reserve"":0.5434782608695652}}",0.017284300178289413,PASS,186277.71487324435,2422.746014587093,460,192
308,2025-11-04T22:00:00Z,860,1679,5001,560,68,232,0,Optimization terminated successfully. (HiGHS Status 7: Optimal),1.6707691318557706e-16,178424.52820020914,178424.5282002091,1.631156363438802e-16,1,0.2053039998281747,False,"[{""message"":""Optimization terminated successfully. (HiGHS Status 7: Optimal)"",""mip_feasibility_tolerance"":1e-08,""presolve"":true,""primal_feasibility_tolerance"":1e-08,""solve_seconds"":0.2052978000137955,""status"":0,""time_limit_seconds"":30.0}]",0.09089619992300868,"{""2025"":{""allowance"":3.444349165012679,""available_after_reserve"":3.444350165012679,""numerical_guard"":1e-06,""remaining"":3.444350165012679,""terminal_reserve"":0.0},""2026"":{""allowance"":398.90857553365254,""available_after_reserve"":398.90857653365254,""numerical_guard"":1e-06,""remaining"":399.4520547945221,""terminal_reserve"":0.5434782608695652}}",0.020140599925071,PASS,176559.8092813226,1864.718918886519,463,192
309,2025-11-05T22:00:00Z,851,1661,4942,554,68,229,0,Optimization terminated successfully. (HiGHS Status 7: Optimal),0.0,120957.39924066312,120957.3992406631,1.203061186807895e-16,1,0.021939400117844343,False,"[{""message"":""Optimization terminated successfully. (HiGHS Status 7: Optimal)"",""mip_feasibility_tolerance"":1e-08,""presolve"":true,""primal_feasibility_tolerance"":1e-08,""solve_seconds"":0.021932899951934814,""status"":0,""time_limit_seconds"":30.0}]",0.033308499958366156,"{""2025"":{""allowance"":1.0393506148676555,""available_after_reserve"":1.0393516148676554,""numerical_guard"":1e-06,""remaining"":1.0393516148676554,""terminal_reserve"":0.0},""2026"":{""allowance"":398.90857553365254,""available_after_reserve"":398.90857653365254,""numerical_guard"":1e-06,""remaining"":399.4520547945221,""terminal_reserve"":0.5434782608695652}}",0.0190268000587821,PASS,119090.0783897426,1867.3208509207666,461,192
310,2025-11-06T22:00:00Z,814,1593,4709,532,64,218,0,Optimization terminated successfully. (HiGHS Status 7: Optimal),1.9826610915079615e-08,71660.30977105268,71660.30902555442,1.0403224117582196e-08,1,0.24755179998464882,False,"[{""message"":""Optimization terminated successfully. (HiGHS Status 7: Optimal)"",""mip_feasibility_tolerance"":1e-08,""presolve"":true,""primal_feasibility_tolerance"":1e-08,""solve_seconds"":0.24754510005004704,""status"":0,""time_limit_seconds"":30.0}]",0.03482760000042617,"{""2025"":{""allowance"":4.999999987376214e-07,""available_after_reserve"":9.999999974752427e-07,""numerical_guard"":4.999999987376214e-07,""remaining"":9.999999974752427e-07,""terminal_reserve"":0.0},""2026"":{""allowance"":398.90857553365254,""available_after_reserve"":398.90857653365254,""numerical_guard"":1e-06,""remaining"":399.4520547945221,""terminal_reserve"":0.5434782608695652}}",0.020615600049495697,PASS,70099.038752085,1561.2702734694296,447,192
311,2025-11-07T22:00:00Z,915,1783,5349,594,72,249,0,Optimization terminated successfully. (HiGHS Status 7: Optimal),0.0,71656.45319269475,71656.45319269475,0.0,1,0.020871599903330207,False,"[{""message"":""Optimization terminated successfully. (HiGHS Status 7: Optimal)"",""mip_feasibility_tolerance"":1e-08,""presolve"":true,""primal_feasibility_tolerance"":1e-08,""solve_seconds"":0.02086540008895099,""status"":0,""time_limit_seconds"":30.0}]",0.035408300114795566,"{""2025"":{""allowance"":4.999999987376214e-07,""available_after_reserve"":9.999999974752427e-07,""numerical_guard"":4.999999987376214e-07,""remaining"":9.999999974752427e-07,""terminal_reserve"":0.0},""2026"":{""allowance"":398.90857553365254,""available_after_reserve"":398.90857653365254,""numerical_guard"":1e-06,""remaining"":399.4520547945221,""terminal_reserve"":0.5434782608695652}}",0.01885170000605285,PASS,70192.63960394094,1463.8135887537355,467,192
312,2025-11-08T22:00:00Z,895,1746,5221,582,70,243,0,Optimization terminated successfully. (HiGHS Status 7: Optimal),3.512849061404623e-08,72216.80087514826,72216.79953338746,1.8579621466093385e-08,1,0.26351630012504756,False,"[{""message"":""Optimization terminated successfully. (HiGHS Status 7: Optimal)"",""mip_feasibility_tolerance"":1e-08,""presolve"":true,""primal_feasibility_tolerance"":1e-08,""solve_seconds"":0.26351079996675253,""status"":0,""time_limit_seconds"":30.0}]",0.02418300020508468,"{""2025"":{""allowance"":2.4999997094710125e-07,""available_after_reserve"":4.999999418942025e-07,""numerical_guard"":2.4999997094710125e-07,""remaining"":4.999999418942025e-07,""terminal_reserve"":0.0},""2026"":{""allowance"":398.90857553365254,""available_after_reserve"":398.90857653365254,""numerical_guard"":1e-06,""remaining"":399.4520547945221,""terminal_reserve"":0.5434782608695652}}",0.01467649987898767,PASS,70456.96213659714,1759.8373967903756,492,192
313,2025-11-09T22:00:00Z,853,1671,4958,558,64,231,0,Optimization terminated successfully. (HiGHS Status 7: Optimal),0.0,71351.52852605416,71351.52852605416,0.0,1,0.021101199788972735,False,"[{""message"":""Optimization terminated successfully. (HiGHS Status 7: Optimal)"",""mip_feasibility_tolerance"":1e-08,""presolve"":true,""primal_feasibility_tolerance"":1e-08,""solve_seconds"":0.02109499997459352,""status"":0,""time_limit_seconds"":30.0}]",0.025073699885979295,"{""2025"":{""allowance"":2.4999997094710125e-07,""available_after_reserve"":4.999999418942025e-07,""numerical_guard"":2.4999997094710125e-07,""remaining"":4.999999418942025e-07,""terminal_reserve"":0.0},""2026"":{""allowance"":398.90857553365254,""available_after_reserve"":398.90857653365254,""numerical_guard"":1e-06,""remaining"":399.4520547945221,""terminal_reserve"":0.5434782608695652}}",0.014649699907749891,PASS,69705.75172787682,1645.77679817709,474,192
314,2025-11-10T22:00:00Z,905,1769,5288,590,68,247,0,Optimization terminated successfully. (HiGHS Status 7: Optimal),7.34623433651011e-05,70774.05304094296,70771.2919478408,3.9014309703398645e-05,1,0.043471200158819556,False,"[{""message"":""Optimization terminated successfully. (HiGHS Status 7: Optimal)"",""mip_feasibility_tolerance"":1e-08,""presolve"":true,""primal_feasibility_tolerance"":1e-08,""solve_seconds"":0.043463499983772635,""status"":0,""time_limit_seconds"":30.0}]",0.028774299891665578,"{""2025"":{""allowance"":1.2499998547355062e-07,""available_after_reserve"":2.4999997094710125e-07,""numerical_guard"":1.2499998547355062e-07,""remaining"":2.4999997094710125e-07,""terminal_reserve"":0.0},""2026"":{""allowance"":398.90857553365254,""available_after_reserve"":398.90857653365254,""numerical_guard"":1e-06,""remaining"":399.4520547945221,""terminal_reserve"":0.5434782608695652}}",0.019931599963456392,PASS,68885.63153729995,1885.66041054091,478,192
315,2025-11-11T22:00:00Z,906,1765,5291,588,72,246,0,Optimization terminated successfully. (HiGHS Status 7: Optimal),0.0,71295.71202504906,71295.71202504904,2.041064576682281e-16,1,0.018147700000554323,False,"[{""message"":""Optimization terminated successfully. (HiGHS Status 7: Optimal)"",""mip_feasibility_tolerance"":1e-08,""presolve"":true,""primal_feasibility_tolerance"":1e-08,""solve_seconds"":0.01814209995791316,""status"":0,""time_limit_seconds"":30.0}]",0.029072700068354607,"{""2025"":{""allowance"":1.2499998547355062e-07,""available_after_reserve"":2.4999997094710125e-07,""numerical_guard"":1.2499998547355062e-07,""remaining"":2.4999997094710125e-07,""terminal_reserve"":0.0},""2026"":{""allowance"":398.90857553365254,""available_after_reserve"":398.90857653365254,""numerical_guard"":1e-06,""remaining"":399.4520547945221,""terminal_reserve"":0.5434782608695652}}",0.017008900176733732,PASS,69133.18135734486,2162.530667704309,493,192
316,2025-11-12T22:00:00Z,842,1643,4886,548,68,226,0,Optimization terminated successfully. (HiGHS Status 7: Optimal),1.2941134079450793e-05,71161.704208793,71161.21637128358,6.855384636505681e-06,1,0.02551020006649196,False,"[{""message"":""Optimization terminated successfully. (HiGHS Status 7: Optimal)"",""mip_feasibility_tolerance"":1e-08,""presolve"":true,""primal_feasibility_tolerance"":1e-08,""solve_seconds"":0.025502299889922142,""status"":0,""time_limit_seconds"":30.0}]",0.12570239999331534,"{""2025"":{""allowance"":6.250002115848474e-08,""available_after_reserve"":1.2500004231696948e-07,""numerical_guard"":6.250002115848474e-08,""remaining"":1.2500004231696948e-07,""terminal_reserve"":0.0},""2026"":{""allowance"":398.90857553365254,""available_after_reserve"":398.90857653365254,""numerical_guard"":1e-06,""remaining"":399.4520547945221,""terminal_reserve"":0.5434782608695652}}",0.01647539995610714,PASS,69321.97934333718,1839.237027946571,472,192
317,2025-11-13T22:00:00Z,918,1789,5369,596,72,250,0,Optimization terminated successfully. (HiGHS Status 7: Optimal),0.0,71158.70990723811,71158.70990723811,0.0,1,0.022593599976971745,False,"[{""message"":""Optimization terminated successfully. (HiGHS Status 7: Optimal)"",""mip_feasibility_tolerance"":1e-08,""presolve"":true,""primal_feasibility_tolerance"":1e-08,""solve_seconds"":0.022586199920624495,""status"":0,""time_limit_seconds"":30.0}]",0.03280869987793267,"{""2025"":{""allowance"":6.250002115848474e-08,""available_after_reserve"":1.2500004231696948e-07,""numerical_guard"":6.250002115848474e-08,""remaining"":1.2500004231696948e-07,""terminal_reserve"":0.0},""2026"":{""allowance"":398.90857553365254,""available_after_reserve"":398.90857653365254,""numerical_guard"":1e-06,""remaining"":399.4520547945221,""terminal_reserve"":0.5434782608695652}}",0.02293059998191893,PASS,69559.0102926835,1599.6996145544213,476,192
318,2025-11-14T22:00:00Z,842,1643,4888,548,68,226,0,Optimization terminated successfully. (HiGHS Status 7: Optimal),8.744096925617866e-05,68026.51739143449,68023.53452996025,4.385043345446746e-05,1,0.024643999990075827,False,"[{""message"":""Optimization terminated successfully. (HiGHS Status 7: Optimal)"",""mip_feasibility_tolerance"":1e-08,""presolve"":true,""primal_feasibility_tolerance"":1e-08,""solve_seconds"":0.024638500064611435,""status"":0,""time_limit_seconds"":30.0}]",0.033461099956184626,"{""2025"":{""allowance"":3.125001057924237e-08,""available_after_reserve"":6.250002115848474e-08,""numerical_guard"":3.125001057924237e-08,""remaining"":6.250002115848474e-08,""terminal_reserve"":0.0},""2026"":{""allowance"":398.90857553365254,""available_after_reserve"":398.90857653365254,""numerical_guard"":1e-06,""remaining"":399.4520547945221,""terminal_reserve"":0.5434782608695652}}",0.022576400078833103,PASS,66498.7972386776,1524.7372912826715,476,192
319,2025-11-15T22:00:00Z,916,1788,5357,596,70,250,0,Optimization terminated successfully. (HiGHS Status 7: Optimal),0.0,67552.76749673572,67552.76749673572,0.0,1,0.02124909986741841,False,"[{""message"":""Optimization terminated successfully. (HiGHS Status 7: Optimal)"",""mip_feasibility_tolerance"":1e-08,""presolve"":true,""primal_feasibility_tolerance"":1e-08,""solve_seconds"":0.02124319993890822,""status"":0,""time_limit_seconds"":30.0}]",0.0234805999789387,"{""2025"":{""allowance"":3.125001057924237e-08,""available_after_reserve"":6.250002115848474e-08,""numerical_guard"":3.125001057924237e-08,""remaining"":6.250002115848474e-08,""terminal_reserve"":0.0},""2026"":{""allowance"":398.90857553365254,""available_after_reserve"":398.90857653365254,""numerical_guard"":1e-06,""remaining"":399.4520547945221,""terminal_reserve"":0.5434782608695652}}",0.02330069988965988,PASS,66068.9744369388,1483.793059796699,476,192
320,2025-11-16T22:00:00Z,793,1551,4574,518,64,211,0,Optimization terminated successfully. (HiGHS Status 7: Optimal),1.1350536901296847e-05,71348.43108825755,71348.00149254355,6.021131706727905e-06,1,0.02006100001744926,False,"[{""message"":""Optimization terminated successfully. (HiGHS Status 7: Optimal)"",""mip_feasibility_tolerance"":1e-08,""presolve"":true,""primal_feasibility_tolerance"":1e-08,""solve_seconds"":0.020055099856108427,""status"":0,""time_limit_seconds"":30.0}]",0.024553600000217557,"{""2025"":{""allowance"":1.5625005289621186e-08,""available_after_reserve"":3.125001057924237e-08,""numerical_guard"":1.5625005289621186e-08,""remaining"":3.125001057924237e-08,""terminal_reserve"":0.0},""2026"":{""allowance"":398.90857553365254,""available_after_reserve"":398.90857653365254,""numerical_guard"":1e-06,""remaining"":399.4520547945221,""terminal_reserve"":0.5434782608695652}}",0.015020999824628234,PASS,69851.98831794196,1496.0131746018437,461,192
321,2025-11-17T22:00:00Z,806,1571,4656,524,68,214,0,Optimization terminated successfully. (HiGHS Status 7: Optimal),0.0,72114.46099388617,72114.4609938862,0.0,1,0.02174280001781881,False,"[{""message"":""Optimization terminated successfully. (HiGHS Status 7: Optimal)"",""mip_feasibility_tolerance"":1e-08,""presolve"":true,""primal_feasibility_tolerance"":1e-08,""solve_seconds"":0.021737099858000875,""status"":0,""time_limit_seconds"":30.0}]",0.026874300092458725,"{""2025"":{""allowance"":1.5625005289621186e-08,""available_after_reserve"":3.125001057924237e-08,""numerical_guard"":1.5625005289621186e-08,""remaining"":3.125001057924237e-08,""terminal_reserve"":0.0},""2026"":{""allowance"":398.90857553365254,""available_after_reserve"":398.90857653365254,""numerical_guard"":1e-06,""remaining"":399.4520547945221,""terminal_reserve"":0.5434782608695652}}",0.022539400029927492,PASS,70336.14383966633,1778.317154219889,425,192
322,2025-11-18T22:00:00Z,871,1698,5071,566,70,235,0,Optimization terminated successfully. (HiGHS Status 7: Optimal),1.1402874877894313e-06,71689.72008935877,71689.67683198581,6.033975165560471e-07,1,0.022339000133797526,False,"[{""message"":""Optimization terminated successfully. (HiGHS Status 7: Optimal)"",""mip_feasibility_tolerance"":1e-08,""presolve"":true,""primal_feasibility_tolerance"":1e-08,""solve_seconds"":0.022333999862894416,""status"":0,""time_limit_seconds"":30.0}]",0.03258480015210807,"{""2025"":{""allowance"":7.812502644810593e-09,""available_after_reserve"":1.5625005289621186e-08,""numerical_guard"":7.812502644810593e-09,""remaining"":1.5625005289621186e-08,""terminal_reserve"":0.0},""2026"":{""allowance"":398.90857553365254,""available_after_reserve"":398.90857653365254,""numerical_guard"":1e-06,""remaining"":399.4520547945221,""terminal_reserve"":0.5434782608695652}}",0.014281299896538258,PASS,69847.81675686833,1841.860075117565,449,192
323,2025-11-19T22:00:00Z,936,1825,5484,608,72,256,0,Optimization terminated successfully. (HiGHS Status 7: Optimal),0.0,71218.02227854336,71218.02227854333,4.086582233764465e-16,1,0.020912700099870563,False,"[{""message"":""Optimization terminated successfully. (HiGHS Status 7: Optimal)"",""mip_feasibility_tolerance"":1e-08,""presolve"":true,""primal_feasibility_tolerance"":1e-08,""solve_seconds"":0.02090679993852973,""status"":0,""time_limit_seconds"":30.0}]",0.03372860001400113,"{""2025"":{""allowance"":7.812502644810593e-09,""available_after_reserve"":1.5625005289621186e-08,""numerical_guard"":7.812502644810593e-09,""remaining"":1.5625005289621186e-08,""terminal_reserve"":0.0},""2026"":{""allowance"":398.90857553365254,""available_after_reserve"":398.90857653365254,""numerical_guard"":1e-06,""remaining"":399.4520547945221,""terminal_reserve"":0.5434782608695652}}",0.018400699831545353,PASS,69316.81869309867,1901.20358544472,491,192
324,2025-11-20T22:00:00Z,851,1661,4943,554,68,229,0,Optimization terminated successfully. (HiGHS Status 7: Optimal),1.6874066727985126e-06,67398.27659741725,67398.21929892703,8.501484285587221e-07,1,0.02743329992517829,False,"[{""message"":""Optimization terminated successfully. (HiGHS Status 7: Optimal)"",""mip_feasibility_tolerance"":1e-08,""presolve"":true,""primal_feasibility_tolerance"":1e-08,""solve_seconds"":0.027426599990576506,""status"":0,""time_limit_seconds"":30.0}]",0.10022879997268319,"{""2025"":{""allowance"":3.906279744114727e-09,""available_after_reserve"":7.812559488229454e-09,""numerical_guard"":3.906279744114727e-09,""remaining"":7.812559488229454e-09,""terminal_reserve"":0.0},""2026"":{""allowance"":398.90857553365254,""available_after_reserve"":398.90857653365254,""numerical_guard"":1e-06,""remaining"":399.4520547945221,""terminal_reserve"":0.5434782608695652}}",0.017735699890181422,PASS,65885.01874545302,1513.2005534738187,485,192
325,2025-11-21T22:00:00Z,793,1551,4572,518,64,211,0,Optimization terminated successfully. (HiGHS Status 7: Optimal),0.0,64357.92674389262,64357.9267438926,2.2610913627275587e-16,1,0.020342500181868672,False,"[{""message"":""Optimization terminated successfully. (HiGHS Status 7: Optimal)"",""mip_feasibility_tolerance"":1e-08,""presolve"":true,""primal_feasibility_tolerance"":1e-08,""solve_seconds"":0.020335600012913346,""status"":0,""time_limit_seconds"":30.0}]",0.022638800088316202,"{""2025"":{""allowance"":3.906279744114727e-09,""available_after_reserve"":7.812559488229454e-09,""numerical_guard"":3.906279744114727e-09,""remaining"":7.812559488229454e-09,""terminal_reserve"":0.0},""2026"":{""allowance"":398.90857553365254,""available_after_reserve"":398.90857653365254,""numerical_guard"":1e-06,""remaining"":399.4520547945221,""terminal_reserve"":0.5434782608695652}}",0.018964200047776103,PASS,62974.08173560164,1383.8450082907784,440,192
326,2025-11-22T22:00:00Z,854,1667,4962,556,68,230,0,Optimization terminated successfully. (HiGHS Status 7: Optimal),1.9120490175550123e-06,68395.62800081236,68395.55520259669,1.0643705640239224e-06,1,0.024960000067949295,False,"[{""message"":""Optimization terminated successfully. (HiGHS Status 7: Optimal)"",""mip_feasibility_tolerance"":1e-08,""presolve"":true,""primal_feasibility_tolerance"":1e-08,""solve_seconds"":0.02495370013639331,""status"":0,""time_limit_seconds"":30.0}]",0.03242329997010529,"{""2025"":{""allowance"":1.9531398720573634e-09,""available_after_reserve"":3.906279744114727e-09,""numerical_guard"":1.9531398720573634e-09,""remaining"":3.906279744114727e-09,""terminal_reserve"":0.0},""2026"":{""allowance"":398.90857553365254,""available_after_reserve"":398.90857653365254,""numerical_guard"":1e-06,""remaining"":399.4520547945221,""terminal_reserve"":0.5434782608695652}}",0.02026189980097115,PASS,66568.5956161783,1826.9595864183889,441,192
327,2025-11-23T22:00:00Z,874,1704,5089,568,70,236,0,Optimization terminated successfully. (HiGHS Status 7: Optimal),0.0,72159.00725994466,72159.00725994466,0.0,1,0.021023600129410625,False,"[{""message"":""Optimization terminated successfully. (HiGHS Status 7: Optimal)"",""mip_feasibility_tolerance"":1e-08,""presolve"":true,""primal_feasibility_tolerance"":1e-08,""solve_seconds"":0.021017499966546893,""status"":0,""time_limit_seconds"":30.0}]",0.030678499955683947,"{""2025"":{""allowance"":1.9531398720573634e-09,""available_after_reserve"":3.906279744114727e-09,""numerical_guard"":1.9531398720573634e-09,""remaining"":3.906279744114727e-09,""terminal_reserve"":0.0},""2026"":{""allowance"":398.90857553365254,""available_after_reserve"":398.90857653365254,""numerical_guard"":1e-06,""remaining"":399.4520547945221,""terminal_reserve"":0.5434782608695652}}",0.02328329998999834,PASS,70106.67693841112,2052.3303215335122,466,192
328,2025-11-24T22:00:00Z,790,1545,4555,516,64,210,0,Optimization terminated successfully. (HiGHS Status 7: Optimal),1.1501092180100416e-06,72431.7056805295,72431.661057266,6.16074004779732e-07,1,0.02301519992761314,False,"[{""message"":""Optimization terminated successfully. (HiGHS Status 7: Optimal)"",""mip_feasibility_tolerance"":1e-08,""presolve"":true,""primal_feasibility_tolerance"":1e-08,""solve_seconds"":0.023009000113233924,""status"":0,""time_limit_seconds"":30.0}]",0.024491500109434128,"{""2025"":{""allowance"":9.765699360286817e-10,""available_after_reserve"":1.9531398720573634e-09,""numerical_guard"":9.765699360286817e-10,""remaining"":1.9531398720573634e-09,""terminal_reserve"":0.0},""2026"":{""allowance"":398.90857553365254,""available_after_reserve"":398.90857653365254,""numerical_guard"":1e-06,""remaining"":399.4520547945221,""terminal_reserve"":0.5434782608695652}}",0.017525200033560395,PASS,70262.16586779313,2169.495189472605,446,192
329,2025-11-25T22:00:00Z,906,1765,5294,588,72,246,0,Optimization terminated successfully. (HiGHS Status 7: Optimal),0.0,71462.37181928293,71462.37181928293,0.0,1,0.024719499982893467,False,"[{""message"":""Optimization terminated successfully. (HiGHS Status 7: Optimal)"",""mip_feasibility_tolerance"":1e-08,""presolve"":true,""primal_feasibility_tolerance"":1e-08,""solve_seconds"":0.024712099926546216,""status"":0,""time_limit_seconds"":30.0}]",0.036154899979010224,"{""2025"":{""allowance"":9.765699360286817e-10,""available_after_reserve"":1.9531398720573634e-09,""numerical_guard"":9.765699360286817e-10,""remaining"":1.9531398720573634e-09,""terminal_reserve"":0.0},""2026"":{""allowance"":398.90857553365254,""available_after_reserve"":398.90857653365254,""numerical_guard"":1e-06,""remaining"":399.4520547945221,""terminal_reserve"":0.5434782608695652}}",0.021796500077471137,PASS,69841.89212142104,1620.4796978621498,456,192
330,2025-11-26T22:00:00Z,867,1696,5047,566,66,235,0,Optimization terminated successfully. (HiGHS Status 7: Optimal),1.6014555051040696e-07,70744.99315838472,70744.98719953444,8.423000007663779e-08,1,0.02011610008776188,False,"[{""message"":""Optimization terminated successfully. (HiGHS Status 7: Optimal)"",""mip_feasibility_tolerance"":1e-08,""presolve"":true,""primal_feasibility_tolerance"":1e-08,""solve_seconds"":0.02010959992185235,""status"":0,""time_limit_seconds"":30.0}]",0.03323860000818968,"{""2025"":{""allowance"":4.882849680143408e-10,""available_after_reserve"":9.765699360286817e-10,""numerical_guard"":4.882849680143408e-10,""remaining"":9.765699360286817e-10,""terminal_reserve"":0.0},""2026"":{""allowance"":398.90857553365254,""available_after_reserve"":398.90857653365254,""numerical_guard"":1e-06,""remaining"":399.4520547945221,""terminal_reserve"":0.5434782608695652}}",0.018708400195464492,PASS,69062.52314073696,1682.4640587978242,481,192
331,2025-11-27T22:00:00Z,883,1722,5147,574,70,239,0,Optimization terminated successfully. (HiGHS Status 7: Optimal),0.0,70763.29711941507,70763.29711941507,0.0,1,0.01936149992980063,False,"[{""message"":""Optimization terminated successfully. (HiGHS Status 7: Optimal)"",""mip_feasibility_tolerance"":1e-08,""presolve"":true,""primal_feasibility_tolerance"":1e-08,""solve_seconds"":0.019355899887159467,""status"":0,""time_limit_seconds"":30.0}]",0.031315399799495935,"{""2025"":{""allowance"":4.882849680143408e-10,""available_after_reserve"":9.765699360286817e-10,""numerical_guard"":4.882849680143408e-10,""remaining"":9.765699360286817e-10,""terminal_reserve"":0.0},""2026"":{""allowance"":398.90857553365254,""available_after_reserve"":398.90857653365254,""numerical_guard"":1e-06,""remaining"":399.4520547945221,""terminal_reserve"":0.5434782608695652}}",0.019158600131049752,PASS,69234.00069418375,1529.2964252313434,474,192
332,2025-11-28T22:00:00Z,845,1649,4904,550,68,227,0,Optimization terminated successfully. (HiGHS Status 7: Optimal),2.7314081516844723e-06,71039.83528473099,71039.7337929881,1.4286616441942037e-06,1,0.01981359999626875,False,"[{""message"":""Optimization terminated successfully. (HiGHS Status 7: Optimal)"",""mip_feasibility_tolerance"":1e-08,""presolve"":true,""primal_feasibility_tolerance"":1e-08,""solve_seconds"":0.019807400181889534,""status"":0,""time_limit_seconds"":30.0}]",0.10770700010471046,"{""2025"":{""allowance"":2.441424840071704e-10,""available_after_reserve"":4.882849680143408e-10,""numerical_guard"":2.441424840071704e-10,""remaining"":4.882849680143408e-10,""terminal_reserve"":0.0},""2026"":{""allowance"":398.90857553365254,""available_after_reserve"":398.90857653365254,""numerical_guard"":1e-06,""remaining"":399.4520547945221,""terminal_reserve"":0.5434782608695652}}",0.01434629992581904,PASS,69620.40623114609,1419.3275618419977,466,192
333,2025-11-29T22:00:00Z,854,1667,4961,556,68,230,0,Optimization terminated successfully. (HiGHS Status 7: Optimal),0.0,71945.1518761884,71945.15187618842,0.0,1,0.02177690016105771,False,"[{""message"":""Optimization terminated successfully. (HiGHS Status 7: Optimal)"",""mip_feasibility_tolerance"":1e-08,""presolve"":true,""primal_feasibility_tolerance"":1e-08,""solve_seconds"":0.02177059999667108,""status"":0,""time_limit_seconds"":30.0}]",0.03330190014094114,"{""2025"":{""allowance"":2.441424840071704e-10,""available_after_reserve"":4.882849680143408e-10,""numerical_guard"":2.441424840071704e-10,""remaining"":4.882849680143408e-10,""terminal_reserve"":0.0},""2026"":{""allowance"":398.90857553365254,""available_after_reserve"":398.90857653365254,""numerical_guard"":1e-06,""remaining"":399.4520547945221,""terminal_reserve"":0.5434782608695652}}",0.01676050014793873,PASS,69812.36002834099,2132.791847847487,457,192
334,2025-11-30T22:00:00Z,885,1723,5158,574,72,239,0,Optimization terminated successfully. (HiGHS Status 7: Optimal),1.0718593147479134e-07,71939.64929748036,71939.6451963323,5.7008177321700946e-08,1,0.02483579982072115,False,"[{""message"":""Optimization terminated successfully. (HiGHS Status 7: Optimal)"",""mip_feasibility_tolerance"":1e-08,""presolve"":true,""primal_feasibility_tolerance"":1e-08,""solve_seconds"":0.024829800007864833,""status"":0,""time_limit_seconds"":30.0}]",0.02445110003463924,"{""2025"":{""allowance"":1.2209966371301562e-10,""available_after_reserve"":2.4419932742603123e-10,""numerical_guard"":1.2209966371301562e-10,""remaining"":2.4419932742603123e-10,""terminal_reserve"":0.0},""2026"":{""allowance"":398.90857553365254,""available_after_reserve"":398.90857653365254,""numerical_guard"":1e-06,""remaining"":399.4520547945221,""terminal_reserve"":0.5434782608695652}}",0.02420840016566217,PASS,69923.54535382014,2016.099842512179,469,192
335,2025-12-01T22:00:00Z,909,1771,5309,590,72,247,0,Optimization terminated successfully. (HiGHS Status 7: Optimal),0.0,68955.84440918107,68955.84440918105,2.1103236938143204e-16,1,0.018418499967083335,False,"[{""message"":""Optimization terminated successfully. (HiGHS Status 7: Optimal)"",""mip_feasibility_tolerance"":1e-08,""presolve"":true,""primal_feasibility_tolerance"":1e-08,""solve_seconds"":0.018412699922919273,""status"":0,""time_limit_seconds"":30.0}]",0.027453399961814284,"{""2025"":{""allowance"":1.2209966371301562e-10,""available_after_reserve"":2.4419932742603123e-10,""numerical_guard"":1.2209966371301562e-10,""remaining"":2.4419932742603123e-10,""terminal_reserve"":0.0},""2026"":{""allowance"":398.90857553365254,""available_after_reserve"":398.90857653365254,""numerical_guard"":1e-06,""remaining"":399.4520547945221,""terminal_reserve"":0.5434782608695652}}",0.022800000151619315,PASS,66684.97882834905,2270.865580832115,486,192
336,2025-12-02T22:00:00Z,891,1735,5197,578,72,241,0,Optimization terminated successfully. (HiGHS Status 7: Optimal),4.701956064139677e-08,65255.548319244524,65255.54668822457,2.4994349751192785e-08,1,0.024577199947088957,False,"[{""message"":""Optimization terminated successfully. (HiGHS Status 7: Optimal)"",""mip_feasibility_tolerance"":1e-08,""presolve"":true,""primal_feasibility_tolerance"":1e-08,""solve_seconds"":0.024570999899879098,""status"":0,""time_limit_seconds"":30.0}]",0.03746840008534491,"{""2025"":{""allowance"":6.104983185650781e-11,""available_after_reserve"":1.2209966371301562e-10,""numerical_guard"":6.104983185650781e-11,""remaining"":1.2209966371301562e-10,""terminal_reserve"":0.0},""2026"":{""allowance"":398.90857553365254,""available_after_reserve"":398.90857653365254,""numerical_guard"":1e-06,""remaining"":399.4520547945221,""terminal_reserve"":0.5434782608695652}}",0.020715099992230535,PASS,63432.509330613015,1823.037357611502,488,192
337,2025-12-03T22:00:00Z,792,1546,4564,516,66,210,0,Optimization terminated successfully. (HiGHS Status 7: Optimal),0.0,65778.92187532302,65778.92187532302,0.0,1,0.017988699954003096,False,"[{""message"":""Optimization terminated successfully. (HiGHS Status 7: Optimal)"",""mip_feasibility_tolerance"":1e-08,""presolve"":true,""primal_feasibility_tolerance"":1e-08,""solve_seconds"":0.01798049989156425,""status"":0,""time_limit_seconds"":30.0}]",0.03470099996775389,"{""2025"":{""allowance"":6.104983185650781e-11,""available_after_reserve"":1.2209966371301562e-10,""numerical_guard"":6.104983185650781e-11,""remaining"":1.2209966371301562e-10,""terminal_reserve"":0.0},""2026"":{""allowance"":398.90857553365254,""available_after_reserve"":398.90857653365254,""numerical_guard"":1e-06,""remaining"":399.4520547945221,""terminal_reserve"":0.5434782608695652}}",0.017206500051543117,PASS,64038.784972241105,1740.1369030819617,451,192
338,2025-12-04T22:00:00Z,832,1620,4819,540,70,222,0,Optimization terminated successfully. (HiGHS Status 7: Optimal),1.9343490692329646e-08,69329.97742077407,69329.97668813993,1.0567350211048978e-08,1,0.02231590007431805,False,"[{""message"":""Optimization terminated successfully. (HiGHS Status 7: Optimal)"",""mip_feasibility_tolerance"":1e-08,""presolve"":true,""primal_feasibility_tolerance"":1e-08,""solve_seconds"":0.022311300039291382,""status"":0,""time_limit_seconds"":30.0}]",0.025982700055465102,"{""2025"":{""allowance"":3.0524915928253904e-11,""available_after_reserve"":6.104983185650781e-11,""numerical_guard"":3.0524915928253904e-11,""remaining"":6.104983185650781e-11,""terminal_reserve"":0.0},""2026"":{""allowance"":398.90857553365254,""available_after_reserve"":398.90857653365254,""numerical_guard"":1e-06,""remaining"":399.4520547945221,""terminal_reserve"":0.5434782608695652}}",0.018422800116240978,PASS,67930.06175026842,1399.9149378716527,432,192
339,2025-12-05T22:00:00Z,828,1618,4795,540,66,222,0,Optimization terminated successfully. (HiGHS Status 7: Optimal),0.0,71915.90689026745,71915.90689026745,0.0,1,0.015289499890059233,False,"[{""message"":""Optimization terminated successfully. (HiGHS Status 7: Optimal)"",""mip_feasibility_tolerance"":1e-08,""presolve"":true,""primal_feasibility_tolerance"":1e-08,""solve_seconds"":0.015283799963071942,""status"":0,""time_limit_seconds"":30.0}]",0.025117999874055386,"{""2025"":{""allowance"":3.0524915928253904e-11,""available_after_reserve"":6.104983185650781e-11,""numerical_guard"":3.0524915928253904e-11,""remaining"":6.104983185650781e-11,""terminal_reserve"":0.0},""2026"":{""allowance"":398.90857553365254,""available_after_reserve"":398.90857653365254,""numerical_guard"":1e-06,""remaining"":399.4520547945221,""terminal_reserve"":0.5434782608695652}}",0.018634599866345525,PASS,70618.57459803065,1297.3322922369764,444,192
340,2025-12-06T22:00:00Z,872,1703,5076,568,68,236,0,Optimization terminated successfully. (HiGHS Status 7: Optimal),4.0106990746300063e-08,70555.22207524917,70555.22061334741,2.0719965829401614e-08,1,0.01863870001398027,False,"[{""message"":""Optimization terminated successfully. (HiGHS Status 7: Optimal)"",""mip_feasibility_tolerance"":1e-08,""presolve"":true,""primal_feasibility_tolerance"":1e-08,""solve_seconds"":0.01863260008394718,""status"":0,""time_limit_seconds"":30.0}]",0.11362419999204576,"{""2025"":{""allowance"":1.5234036254696548e-11,""available_after_reserve"":3.0468072509393096e-11,""numerical_guard"":1.5234036254696548e-11,""remaining"":3.0468072509393096e-11,""terminal_reserve"":0.0},""2026"":{""allowance"":398.90857553365254,""available_after_reserve"":398.90857653365254,""numerical_guard"":1e-06,""remaining"":399.4520547945221,""terminal_reserve"":0.5434782608695652}}",0.01616130000911653,PASS,69097.62564034232,1457.5949730052257,458,192
341,2025-12-07T22:00:00Z,886,1728,5168,576,70,240,0,Optimization terminated successfully. (HiGHS Status 7: Optimal),0.0,70019.37428731108,70019.37428731108,0.0,1,0.01710220007225871,False,"[{""message"":""Optimization terminated successfully. (HiGHS Status 7: Optimal)"",""mip_feasibility_tolerance"":1e-08,""presolve"":true,""primal_feasibility_tolerance"":1e-08,""solve_seconds"":0.0170969997998327,""status"":0,""time_limit_seconds"":30.0}]",0.031628299970179796,"{""2025"":{""allowance"":1.5234036254696548e-11,""available_after_reserve"":3.0468072509393096e-11,""numerical_guard"":1.5234036254696548e-11,""remaining"":3.0468072509393096e-11,""terminal_reserve"":0.0},""2026"":{""allowance"":398.90857553365254,""available_after_reserve"":398.90857653365254,""numerical_guard"":1e-06,""remaining"":399.4520547945221,""terminal_reserve"":0.5434782608695652}}",0.02314840001054108,PASS,68432.73800327872,1586.6362840321322,476,192
342,2025-12-08T22:00:00Z,924,1801,5406,600,72,252,0,Optimization terminated successfully. (HiGHS Status 7: Optimal),4.724845281440683e-10,70834.44450645705,70834.44448872877,2.502776482337664e-10,1,0.027246099896728992,False,"[{""message"":""Optimization terminated successfully. (HiGHS Status 7: Optimal)"",""mip_feasibility_tolerance"":1e-08,""presolve"":true,""primal_feasibility_tolerance"":1e-08,""solve_seconds"":0.0272407999727875,""status"":0,""time_limit_seconds"":30.0}]",0.02922660019248724,"{""2025"":{""allowance"":7.617018127348274e-12,""available_after_reserve"":1.5234036254696548e-11,""numerical_guard"":7.617018127348274e-12,""remaining"":1.5234036254696548e-11,""terminal_reserve"":0.0},""2026"":{""allowance"":398.90857553365254,""available_after_reserve"":398.90857653365254,""numerical_guard"":1e-06,""remaining"":399.4520547945221,""terminal_reserve"":0.5434782608695652}}",0.014877400128170848,PASS,69185.44474815804,1648.9997405706079,492,192
343,2025-12-09T22:00:00Z,903,1759,5273,586,72,245,0,Optimization terminated successfully. (HiGHS Status 7: Optimal),0.0,71323.67128991161,71323.67128991162,0.0,1,0.018286400008946657,False,"[{""message"":""Optimization terminated successfully. (HiGHS Status 7: Optimal)"",""mip_feasibility_tolerance"":1e-08,""presolve"":true,""primal_feasibility_tolerance"":1e-08,""solve_seconds"":0.01828010007739067,""status"":0,""time_limit_seconds"":30.0}]",0.030809400137513876,"{""2025"":{""allowance"":7.617018127348274e-12,""available_after_reserve"":1.5234036254696548e-11,""numerical_guard"":7.617018127348274e-12,""remaining"":1.5234036254696548e-11,""terminal_reserve"":0.0},""2026"":{""allowance"":398.90857553365254,""available_after_reserve"":398.90857653365254,""numerical_guard"":1e-06,""remaining"":399.4520547945221,""terminal_reserve"":0.5434782608695652}}",0.016778299817815423,PASS,69695.58045378343,1628.0908361281267,497,192
344,2025-12-10T22:00:00Z,888,1729,5177,576,72,240,0,Optimization terminated successfully. (HiGHS Status 7: Optimal),1.850397573566381e-09,71380.20965598011,71380.20958648561,9.735822452326063e-10,1,0.025309099815785885,False,"[{""message"":""Optimization terminated successfully. (HiGHS Status 7: Optimal)"",""mip_feasibility_tolerance"":1e-08,""presolve"":true,""primal_feasibility_tolerance"":1e-08,""solve_seconds"":0.025302600115537643,""status"":0,""time_limit_seconds"":30.0}]",0.03222960000857711,"{""2025"":{""allowance"":3.808509063674137e-12,""available_after_reserve"":7.617018127348274e-12,""numerical_guard"":3.808509063674137e-12,""remaining"":7.617018127348274e-12,""terminal_reserve"":0.0},""2026"":{""allowance"":398.90857553365254,""available_after_reserve"":398.90857653365254,""numerical_guard"":1e-06,""remaining"":399.4520547945221,""terminal_reserve"":0.5434782608695652}}",0.021356599871069193,PASS,69731.97528032235,1648.234306163179,485,192
345,2025-12-11T22:00:00Z,930,1813,5446,604,72,254,0,Optimization terminated successfully. (HiGHS Status 7: Optimal),0.0,70758.37524365084,70758.37524365085,0.0,1,0.0221839000005275,False,"[{""message"":""Optimization terminated successfully. (HiGHS Status 7: Optimal)"",""mip_feasibility_tolerance"":1e-08,""presolve"":true,""primal_feasibility_tolerance"":1e-08,""solve_seconds"":0.022174099925905466,""status"":0,""time_limit_seconds"":30.0}]",0.03474080003798008,"{""2025"":{""allowance"":3.808509063674137e-12,""available_after_reserve"":7.617018127348274e-12,""numerical_guard"":3.808509063674137e-12,""remaining"":7.617018127348274e-12,""terminal_reserve"":0.0},""2026"":{""allowance"":398.90857553365254,""available_after_reserve"":398.90857653365254,""numerical_guard"":1e-06,""remaining"":399.4520547945221,""terminal_reserve"":0.5434782608695652}}",0.016418799990788102,PASS,69291.17702161481,1467.1982220359016,494,192
346,2025-12-12T22:00:00Z,828,1618,4796,540,66,222,0,Optimization terminated successfully. (HiGHS Status 7: Optimal),7.831810323348484e-10,70866.45311513278,70866.45308592467,4.121570674045972e-10,1,0.0216622999869287,False,"[{""message"":""Optimization terminated successfully. (HiGHS Status 7: Optimal)"",""mip_feasibility_tolerance"":1e-08,""presolve"":true,""primal_feasibility_tolerance"":1e-08,""solve_seconds"":0.021655600052326918,""status"":0,""time_limit_seconds"":30.0}]",0.0351587999612093,"{""2025"":{""allowance"":1.9326762412674725e-12,""available_after_reserve"":3.865352482534945e-12,""numerical_guard"":1.9326762412674725e-12,""remaining"":3.865352482534945e-12,""terminal_reserve"":0.0},""2026"":{""allowance"":398.90857553365254,""available_after_reserve"":398.90857653365254,""numerical_guard"":1e-06,""remaining"":399.4520547945221,""terminal_reserve"":0.5434782608695652}}",0.0180419001262635,PASS,69503.02530251176,1363.4277834128216,476,192
347,2025-12-13T22:00:00Z,831,1624,4816,542,66,223,0,Optimization terminated successfully. (HiGHS Status 7: Optimal),0.0,71473.63674401451,71473.63674401451,0.0,1,0.02019399986602366,False,"[{""message"":""Optimization terminated successfully. (HiGHS Status 7: Optimal)"",""mip_feasibility_tolerance"":1e-08,""presolve"":true,""primal_feasibility_tolerance"":1e-08,""solve_seconds"":0.020187299931421876,""status"":0,""time_limit_seconds"":30.0}]",0.032127599930390716,"{""2025"":{""allowance"":1.9326762412674725e-12,""available_after_reserve"":3.865352482534945e-12,""numerical_guard"":1.9326762412674725e-12,""remaining"":3.865352482534945e-12,""terminal_reserve"":0.0},""2026"":{""allowance"":398.90857553365254,""available_after_reserve"":398.90857653365254,""numerical_guard"":1e-06,""remaining"":399.4520547945221,""terminal_reserve"":0.5434782608695652}}",0.022576299961656332,PASS,69651.32013199464,1822.3166120197181,445,192
348,2025-12-14T22:00:00Z,826,1617,4784,540,64,222,0,Optimization terminated successfully. (HiGHS Status 7: Optimal),0.0,71185.7807764294,71185.7807764294,0.0,1,0.017942799953743815,False,"[{""message"":""Optimization terminated successfully. (HiGHS Status 7: Optimal)"",""mip_feasibility_tolerance"":1e-08,""presolve"":true,""primal_feasibility_tolerance"":1e-08,""solve_seconds"":0.017934600124135613,""status"":0,""time_limit_seconds"":30.0}]",0.11486279987730086,"{""2025"":{""allowance"":9.663381206337363e-13,""available_after_reserve"":1.9326762412674725e-12,""numerical_guard"":9.663381206337363e-13,""remaining"":1.9326762412674725e-12,""terminal_reserve"":0.0},""2026"":{""allowance"":398.90857553365254,""available_after_reserve"":398.90857653365254,""numerical_guard"":1e-06,""remaining"":399.4520547945221,""terminal_reserve"":0.5434782608695652}}",0.02048019994981587,PASS,69252.76877729029,1933.0119991391707,445,192
349,2025-12-15T22:00:00Z,880,1716,5129,572,70,238,0,Optimization terminated successfully. (HiGHS Status 7: Optimal),0.0,71006.81513129966,71006.81513129966,0.0,1,0.020541799953207374,False,"[{""message"":""Optimization terminated successfully. (HiGHS Status 7: Optimal)"",""mip_feasibility_tolerance"":1e-08,""presolve"":true,""primal_feasibility_tolerance"":1e-08,""solve_seconds"":0.020535700023174286,""status"":0,""time_limit_seconds"":30.0}]",0.030908799963071942,"{""2025"":{""allowance"":9.663381206337363e-13,""available_after_reserve"":1.9326762412674725e-12,""numerical_guard"":9.663381206337363e-13,""remaining"":1.9326762412674725e-12,""terminal_reserve"":0.0},""2026"":{""allowance"":398.90857553365254,""available_after_reserve"":398.90857653365254,""numerical_guard"":1e-06,""remaining"":399.4520547945221,""terminal_reserve"":0.5434782608695652}}",0.0207436999771744,PASS,69209.00539859566,1797.8097327039322,460,192
350,2025-12-16T22:00:00Z,881,1721,5130,574,68,239,0,Optimization terminated successfully. (HiGHS Status 7: Optimal),0.0,72231.55153266487,72231.55153266489,0.0,1,0.01920460001565516,False,"[{""message"":""Optimization terminated successfully. (HiGHS Status 7: Optimal)"",""mip_feasibility_tolerance"":1e-08,""presolve"":true,""primal_feasibility_tolerance"":1e-08,""solve_seconds"":0.01919870008714497,""status"":0,""time_limit_seconds"":30.0}]",0.028841800056397915,"{""2025"":{""allowance"":9.663381206337363e-13,""available_after_reserve"":1.9326762412674725e-12,""numerical_guard"":9.663381206337363e-13,""remaining"":1.9326762412674725e-12,""terminal_reserve"":0.0},""2026"":{""allowance"":398.90857553365254,""available_after_reserve"":398.90857653365254,""numerical_guard"":1e-06,""remaining"":399.4520547945221,""terminal_reserve"":0.5434782608695652}}",0.02308920002542436,PASS,70036.89785692001,2194.6536757446834,477,192
351,2025-12-17T22:00:00Z,771,1504,4430,502,66,203,0,Optimization terminated successfully. (HiGHS Status 7: Optimal),0.0,73450.95893069444,73450.95893069444,0.0,1,0.015042500104755163,False,"[{""message"":""Optimization terminated successfully. (HiGHS Status 7: Optimal)"",""mip_feasibility_tolerance"":1e-08,""presolve"":true,""primal_feasibility_tolerance"":1e-08,""solve_seconds"":0.015037100063636899,""status"":0,""time_limit_seconds"":30.0}]",0.02560809999704361,"{""2025"":{""allowance"":9.663381206337363e-13,""available_after_reserve"":1.9326762412674725e-12,""numerical_guard"":9.663381206337363e-13,""remaining"":1.9326762412674725e-12,""terminal_reserve"":0.0},""2026"":{""allowance"":398.90857553365254,""available_after_reserve"":398.90857653365254,""numerical_guard"":1e-06,""remaining"":399.4520547945221,""terminal_reserve"":0.5434782608695652}}",0.014381000073626637,PASS,71621.78223758157,1829.17669311282,442,192
352,2025-12-18T22:00:00Z,779,1517,4481,506,68,205,0,Optimization terminated successfully. (HiGHS Status 7: Optimal),0.0,72577.76538140385,72577.76538140386,0.0,1,0.0162514999974519,False,"[{""message"":""Optimization terminated successfully. (HiGHS Status 7: Optimal)"",""mip_feasibility_tolerance"":1e-08,""presolve"":true,""primal_feasibility_tolerance"":1e-08,""solve_seconds"":0.01624580007046461,""status"":0,""time_limit_seconds"":30.0}]",0.02534559997729957,"{""2025"":{""allowance"":9.663381206337363e-13,""available_after_reserve"":1.9326762412674725e-12,""numerical_guard"":9.663381206337363e-13,""remaining"":1.9326762412674725e-12,""terminal_reserve"":0.0},""2026"":{""allowance"":398.90857553365254,""available_after_reserve"":398.90857653365254,""numerical_guard"":1e-06,""remaining"":399.4520547945221,""terminal_reserve"":0.5434782608695652}}",0.018397900043055415,PASS,71042.53141493534,1535.2339664685967,408,192
353,2025-12-19T22:00:00Z,861,1675,5002,558,72,231,0,Optimization terminated successfully. (HiGHS Status 7: Optimal),0.0,71590.37425538298,71590.37425538301,0.0,1,0.020035600056871772,False,"[{""message"":""Optimization terminated successfully. (HiGHS Status 7: Optimal)"",""mip_feasibility_tolerance"":1e-08,""presolve"":true,""primal_feasibility_tolerance"":1e-08,""solve_seconds"":0.020029899897053838,""status"":0,""time_limit_seconds"":30.0}]",0.034338199999183416,"{""2025"":{""allowance"":9.663381206337363e-13,""available_after_reserve"":1.9326762412674725e-12,""numerical_guard"":9.663381206337363e-13,""remaining"":1.9326762412674725e-12,""terminal_reserve"":0.0},""2026"":{""allowance"":398.90857553365254,""available_after_reserve"":398.90857653365254,""numerical_guard"":1e-06,""remaining"":399.4520547945221,""terminal_reserve"":0.5434782608695652}}",0.020560499979183078,PASS,70121.69129204664,1468.6829633363577,436,192
354,2025-12-20T22:00:00Z,790,1545,4553,516,64,210,0,Optimization terminated successfully. (HiGHS Status 7: Optimal),0.0,72660.52093874065,72660.52093874066,0.0,1,0.017631900031119585,False,"[{""message"":""Optimization terminated successfully. (HiGHS Status 7: Optimal)"",""mip_feasibility_tolerance"":1e-08,""presolve"":true,""primal_feasibility_tolerance"":1e-08,""solve_seconds"":0.017625499982386827,""status"":0,""time_limit_seconds"":30.0}]",0.032197599997743964,"{""2025"":{""allowance"":9.663381206337363e-13,""available_after_reserve"":1.9326762412674725e-12,""numerical_guard"":9.663381206337363e-13,""remaining"":1.9326762412674725e-12,""terminal_reserve"":0.0},""2026"":{""allowance"":398.90857553365254,""available_after_reserve"":398.90857653365254,""numerical_guard"":1e-06,""remaining"":399.4520547945221,""terminal_reserve"":0.5434782608695652}}",0.01715849991887808,PASS,70822.1864193651,1838.3345193755802,441,192
355,2025-12-21T22:00:00Z,794,1556,4581,520,62,212,0,Optimization terminated successfully. (HiGHS Status 7: Optimal),0.0,71927.97580896917,71927.97580896915,4.046246280310945e-16,1,0.019047699868679047,False,"[{""message"":""Optimization terminated successfully. (HiGHS Status 7: Optimal)"",""mip_feasibility_tolerance"":1e-08,""presolve"":true,""primal_feasibility_tolerance"":1e-08,""solve_seconds"":0.0190418001729995,""status"":0,""time_limit_seconds"":30.0}]",0.030456000007689,"{""2025"":{""allowance"":9.663381206337363e-13,""available_after_reserve"":1.9326762412674725e-12,""numerical_guard"":9.663381206337363e-13,""remaining"":1.9326762412674725e-12,""terminal_reserve"":0.0},""2026"":{""allowance"":398.90857553365254,""available_after_reserve"":398.90857653365254,""numerical_guard"":1e-06,""remaining"":399.4520547945221,""terminal_reserve"":0.5434782608695652}}",0.023087200010195374,PASS,70280.78802907417,1647.187779894895,422,192
356,2025-12-22T22:00:00Z,778,1521,4476,508,64,206,0,Optimization terminated successfully. (HiGHS Status 7: Optimal),0.0,71641.88146176227,71641.88146176227,0.0,1,0.016530900029465556,False,"[{""message"":""Optimization terminated successfully. (HiGHS Status 7: Optimal)"",""mip_feasibility_tolerance"":1e-08,""presolve"":true,""primal_feasibility_tolerance"":1e-08,""solve_seconds"":0.016525299986824393,""status"":0,""time_limit_seconds"":30.0}]",0.0333595999982208,"{""2025"":{""allowance"":9.663381206337363e-13,""available_after_reserve"":1.9326762412674725e-12,""numerical_guard"":9.663381206337363e-13,""remaining"":1.9326762412674725e-12,""terminal_reserve"":0.0},""2026"":{""allowance"":398.90857553365254,""available_after_reserve"":398.90857653365254,""numerical_guard"":1e-06,""remaining"":399.4520547945221,""terminal_reserve"":0.5434782608695652}}",0.018201200058683753,PASS,70137.3744313267,1504.5070304356989,418,192
357,2025-12-23T22:00:00Z,819,1600,4739,534,66,219,0,Optimization terminated successfully. (HiGHS Status 7: Optimal),0.0,71180.57116482515,71180.57116482513,2.0443661788931927e-16,1,0.017410000087693334,False,"[{""message"":""Optimization terminated successfully. (HiGHS Status 7: Optimal)"",""mip_feasibility_tolerance"":1e-08,""presolve"":true,""primal_feasibility_tolerance"":1e-08,""solve_seconds"":0.017403800040483475,""status"":0,""time_limit_seconds"":30.0}]",0.0317520999815315,"{""2025"":{""allowance"":9.663381206337363e-13,""available_after_reserve"":1.9326762412674725e-12,""numerical_guard"":9.663381206337363e-13,""remaining"":1.9326762412674725e-12,""terminal_reserve"":0.0},""2026"":{""allowance"":398.90857553365254,""available_after_reserve"":398.90857653365254,""numerical_guard"":1e-06,""remaining"":399.4520547945221,""terminal_reserve"":0.5434782608695652}}",0.0194709999486804,PASS,70006.00967367922,1174.5614911456867,425,192
358,2025-12-24T22:00:00Z,813,1588,4701,530,66,217,0,Optimization terminated successfully. (HiGHS Status 7: Optimal),0.0,70937.7488338513,70937.74883385129,2.0513641139712512e-16,1,0.014458500081673265,False,"[{""message"":""Optimization terminated successfully. (HiGHS Status 7: Optimal)"",""mip_feasibility_tolerance"":1e-08,""presolve"":true,""primal_feasibility_tolerance"":1e-08,""solve_seconds"":0.014451899798586965,""status"":0,""time_limit_seconds"":30.0}]",0.11403350019827485,"{""2025"":{""allowance"":9.663381206337363e-13,""available_after_reserve"":1.9326762412674725e-12,""numerical_guard"":9.663381206337363e-13,""remaining"":1.9326762412674725e-12,""terminal_reserve"":0.0},""2026"":{""allowance"":398.90857553365254,""available_after_reserve"":398.90857653365254,""numerical_guard"":1e-06,""remaining"":399.4520547945221,""terminal_reserve"":0.5434782608695652}}",0.016623400151729584,PASS,69579.14718019233,1358.6016536587333,436,192
359,2025-12-25T22:00:00Z,820,1596,4743,532,70,218,0,Optimization terminated successfully. (HiGHS Status 7: Optimal),0.0,72129.28220727576,72129.28220727574,2.017476783776865e-16,1,0.01420999993570149,False,"[{""message"":""Optimization terminated successfully. (HiGHS Status 7: Optimal)"",""mip_feasibility_tolerance"":1e-08,""presolve"":true,""primal_feasibility_tolerance"":1e-08,""solve_seconds"":0.014205300016328692,""status"":0,""time_limit_seconds"":30.0}]",0.02309509995393455,"{""2025"":{""allowance"":9.663381206337363e-13,""available_after_reserve"":1.9326762412674725e-12,""numerical_guard"":9.663381206337363e-13,""remaining"":1.9326762412674725e-12,""terminal_reserve"":0.0},""2026"":{""allowance"":398.90857553365254,""available_after_reserve"":398.90857653365254,""numerical_guard"":1e-06,""remaining"":399.4520547945221,""terminal_reserve"":0.5434782608695652}}",0.016826000064611435,PASS,70767.92297111396,1361.3592361615918,435,192
360,2025-12-26T22:00:00Z,834,1630,4836,544,66,224,0,Optimization terminated successfully. (HiGHS Status 7: Optimal),0.0,71699.76462726577,71699.76462726576,2.0295624823896697e-16,1,0.01422040001489222,False,"[{""message"":""Optimization terminated successfully. (HiGHS Status 7: Optimal)"",""mip_feasibility_tolerance"":1e-08,""presolve"":true,""primal_feasibility_tolerance"":1e-08,""solve_seconds"":0.014215799979865551,""status"":0,""time_limit_seconds"":30.0}]",0.03384189982898533,"{""2025"":{""allowance"":9.663381206337363e-13,""available_after_reserve"":1.9326762412674725e-12,""numerical_guard"":9.663381206337363e-13,""remaining"":1.9326762412674725e-12,""terminal_reserve"":0.0},""2026"":{""allowance"":398.90857553365254,""available_after_reserve"":398.90857653365254,""numerical_guard"":1e-06,""remaining"":399.4520547945221,""terminal_reserve"":0.5434782608695652}}",0.016770899994298816,PASS,70400.77028885802,1298.9943384074509,442,192
361,2025-12-27T22:00:00Z,836,1631,4847,544,68,224,0,Optimization terminated successfully. (HiGHS Status 7: Optimal),0.0,71130.57202043169,71130.57202043166,4.0916064119903146e-16,1,0.017828699899837375,False,"[{""message"":""Optimization terminated successfully. (HiGHS Status 7: Optimal)"",""mip_feasibility_tolerance"":1e-08,""presolve"":true,""primal_feasibility_tolerance"":1e-08,""solve_seconds"":0.01782239996828139,""status"":0,""time_limit_seconds"":30.0}]",0.026568999979645014,"{""2025"":{""allowance"":9.663381206337363e-13,""available_after_reserve"":1.9326762412674725e-12,""numerical_guard"":9.663381206337363e-13,""remaining"":1.9326762412674725e-12,""terminal_reserve"":0.0},""2026"":{""allowance"":398.90857553365254,""available_after_reserve"":398.90857653365254,""numerical_guard"":1e-06,""remaining"":399.4520547945221,""terminal_reserve"":0.5434782608695652}}",0.0190741999540478,PASS,69646.49243466274,1484.0795857686796,448,192
362,2025-12-28T22:00:00Z,787,1539,4536,514,64,209,0,Optimization terminated successfully. (HiGHS Status 7: Optimal),0.0,71190.67043687488,71190.67043687488,0.0,1,0.01799260010011494,False,"[{""message"":""Optimization terminated successfully. (HiGHS Status 7: Optimal)"",""mip_feasibility_tolerance"":1e-08,""presolve"":true,""primal_feasibility_tolerance"":1e-08,""solve_seconds"":0.01798629993572831,""status"":0,""time_limit_seconds"":30.0}]",0.032667400082573295,"{""2025"":{""allowance"":9.663381206337363e-13,""available_after_reserve"":1.9326762412674725e-12,""numerical_guard"":9.663381206337363e-13,""remaining"":1.9326762412674725e-12,""terminal_reserve"":0.0},""2026"":{""allowance"":398.90857553365254,""available_after_reserve"":398.90857653365254,""numerical_guard"":1e-06,""remaining"":399.4520547945221,""terminal_reserve"":0.5434782608695652}}",0.02071320009417832,PASS,69838.17496172208,1352.495475152665,433,192
363,2025-12-29T22:00:00Z,802,1569,4631,524,64,214,0,Optimization terminated successfully. (HiGHS Status 7: Optimal),0.0,71183.04742282006,71183.04742282006,0.0,1,0.018639600137248635,False,"[{""message"":""Optimization terminated successfully. (HiGHS Status 7: Optimal)"",""mip_feasibility_tolerance"":1e-08,""presolve"":true,""primal_feasibility_tolerance"":1e-08,""solve_seconds"":0.01863359985873103,""status"":0,""time_limit_seconds"":30.0}]",0.0238688001409173,"{""2025"":{""allowance"":9.663381206337363e-13,""available_after_reserve"":1.9326762412674725e-12,""numerical_guard"":9.663381206337363e-13,""remaining"":1.9326762412674725e-12,""terminal_reserve"":0.0},""2026"":{""allowance"":398.90857553365254,""available_after_reserve"":398.90857653365254,""numerical_guard"":1e-06,""remaining"":399.4520547945221,""terminal_reserve"":0.5434782608695652}}",0.014535900205373764,PASS,69792.86258430115,1390.184838518969,423,192
364,2025-12-30T22:00:00Z,838,1632,4858,544,70,224,0,Optimization terminated successfully. (HiGHS Status 7: Optimal),3.3901322812333237e-06,113224.63430859477,113224.36666862725,2.3638018511413734e-06,1,0.3220521002076566,False,"[{""message"":""Optimization terminated successfully. (HiGHS Status 7: Optimal)"",""mip_feasibility_tolerance"":1e-08,""presolve"":true,""primal_feasibility_tolerance"":1e-08,""solve_seconds"":0.3220462000463158,""status"":0,""time_limit_seconds"":30.0}]",0.025223799981176853,"{""2025"":{""allowance"":9.663381206337363e-13,""available_after_reserve"":1.9326762412674725e-12,""numerical_guard"":9.663381206337363e-13,""remaining"":1.9326762412674725e-12,""terminal_reserve"":0.0},""2026"":{""allowance"":398.90857553365254,""available_after_reserve"":398.90857653365254,""numerical_guard"":1e-06,""remaining"":399.4520547945221,""terminal_reserve"":0.5434782608695652}}",0.015480200061574578,PASS,111510.57283292455,1713.7938357026674,438,192
365,2025-12-31T22:00:00Z,809,1577,4677,526,68,215,0,Optimization terminated successfully. (HiGHS Status 7: Optimal),5.402422763990575e-07,178547.89658475673,178547.84106423496,3.1095599609030764e-07,1,0.1727275000885129,False,"[{""message"":""Optimization terminated successfully. (HiGHS Status 7: Optimal)"",""mip_feasibility_tolerance"":1e-08,""presolve"":true,""primal_feasibility_tolerance"":1e-08,""solve_seconds"":0.17272119992412627,""status"":0,""time_limit_seconds"":30.0}]",0.023888099938631058,"{""2025"":{""allowance"":9.663381206337363e-13,""available_after_reserve"":1.9326762412674725e-12,""numerical_guard"":9.663381206337363e-13,""remaining"":1.9326762412674725e-12,""terminal_reserve"":0.0},""2026"":{""allowance"":398.90857553365254,""available_after_reserve"":398.90857653365254,""numerical_guard"":1e-06,""remaining"":399.4520547945221,""terminal_reserve"":0.5434782608695652}}",0.020807400112971663,PASS,177586.90585590163,960.9352083333457,439,192
366,2026-01-01T22:00:00Z,835,1626,4841,542,70,223,0,Optimization terminated successfully. (HiGHS Status 7: Optimal),0.0,200616.4160597389,200616.4160597389,0.0,1,0.14036349998787045,False,"[{""message"":""Optimization terminated successfully. (HiGHS Status 7: Optimal)"",""mip_feasibility_tolerance"":1e-08,""presolve"":true,""primal_feasibility_tolerance"":1e-08,""solve_seconds"":0.1403568999376148,""status"":0,""time_limit_seconds"":30.0}]",0.03292020014487207,"{""2025"":{""allowance"":9.663381206337363e-13,""available_after_reserve"":1.9326762412674725e-12,""numerical_guard"":9.663381206337363e-13,""remaining"":1.9326762412674725e-12,""terminal_reserve"":0.0},""2026"":{""allowance"":397.1396782533586,""available_after_reserve"":397.1396792533586,""numerical_guard"":1e-06,""remaining"":397.6831575142282,""terminal_reserve"":0.5434782608695652}}",0.014645799994468689,PASS,199371.6828493538,1244.7332103849922,438,192
367,2026-01-02T22:00:00Z,880,1716,5127,572,70,238,0,Optimization terminated successfully. (HiGHS Status 7: Optimal),1.7878741695066324e-16,178847.544857846,178847.544857846,0.0,1,0.13180029997602105,False,"[{""message"":""Optimization terminated successfully. (HiGHS Status 7: Optimal)"",""mip_feasibility_tolerance"":1e-08,""presolve"":true,""primal_feasibility_tolerance"":1e-08,""solve_seconds"":0.13179450016468763,""status"":0,""time_limit_seconds"":30.0}]",0.11898150015622377,"{""2025"":{""allowance"":9.663381206337363e-13,""available_after_reserve"":1.9326762412674725e-12,""numerical_guard"":9.663381206337363e-13,""remaining"":1.9326762412674725e-12,""terminal_reserve"":0.0},""2026"":{""allowance"":395.0250764833977,""available_after_reserve"":395.0250774833977,""numerical_guard"":1e-06,""remaining"":395.56855574426726,""terminal_reserve"":0.5434782608695652}}",0.016265399986878037,PASS,177752.01053492917,1095.5343229166726,461,192
368,2026-01-03T22:00:00Z,785,1538,4524,514,62,209,0,Optimization terminated successfully. (HiGHS Status 7: Optimal),0.0,179090.34761710127,179090.34761710124,1.6250920746973074e-16,1,0.20143460016697645,False,"[{""message"":""Optimization terminated successfully. (HiGHS Status 7: Optimal)"",""mip_feasibility_tolerance"":1e-08,""presolve"":true,""primal_feasibility_tolerance"":1e-08,""solve_seconds"":0.20142839988693595,""status"":0,""time_limit_seconds"":30.0}]",0.025997099932283163,"{""2025"":{""allowance"":9.663381206337363e-13,""available_after_reserve"":1.9326762412674725e-12,""numerical_guard"":9.663381206337363e-13,""remaining"":1.9326762412674725e-12,""terminal_reserve"":0.0},""2026"":{""allowance"":393.94797447571136,""available_after_reserve"":393.94797547571136,""numerical_guard"":1e-06,""remaining"":394.4914537365809,""terminal_reserve"":0.5434782608695652}}",0.024662300013005733,PASS,177033.97125554242,2056.3763615589387,447,192
369,2026-01-04T22:00:00Z,802,1569,4629,524,64,214,0,Optimization terminated successfully. (HiGHS Status 7: Optimal),9.870618481908346e-06,175579.52307457678,175578.74177824886,4.4498344161768415e-06,1,0.14528539986349642,False,"[{""message"":""Optimization terminated successfully. (HiGHS Status 7: Optimal)"",""mip_feasibility_tolerance"":1e-08,""presolve"":true,""primal_feasibility_tolerance"":1e-08,""solve_seconds"":0.145279600052163,""status"":0,""time_limit_seconds"":30.0}]",0.025634200079366565,"{""2025"":{""allowance"":9.663381206337363e-13,""available_after_reserve"":1.9326762412674725e-12,""numerical_guard"":9.663381206337363e-13,""remaining"":1.9326762412674725e-12,""terminal_reserve"":0.0},""2026"":{""allowance"":392.7281987130844,""available_after_reserve"":392.7281997130844,""numerical_guard"":1e-06,""remaining"":393.27167797395396,""terminal_reserve"":0.5434782608695652}}",0.0189538998529315,PASS,169001.97068322543,6576.771095023184,423,192
370,2026-01-05T22:00:00Z,844,1644,4898,548,70,226,0,Optimization terminated successfully. (HiGHS Status 7: Optimal),4.119595125583772e-06,159515.41903962346,159515.05062154372,2.309613282929545e-06,1,0.23709150007925928,False,"[{""message"":""Optimization terminated successfully. (HiGHS Status 7: Optimal)"",""mip_feasibility_tolerance"":1e-08,""presolve"":true,""primal_feasibility_tolerance"":1e-08,""solve_seconds"":0.237083800137043,""status"":0,""time_limit_seconds"":30.0}]",0.032538400031626225,"{""2025"":{""allowance"":9.663381206337363e-13,""available_after_reserve"":1.9326762412674725e-12,""numerical_guard"":9.663381206337363e-13,""remaining"":1.9326762412674725e-12,""terminal_reserve"":0.0},""2026"":{""allowance"":391.2304920691981,""available_after_reserve"":391.2304930691981,""numerical_guard"":1e-06,""remaining"":391.77397133006764,""terminal_reserve"":0.5434782608695652}}",0.02409349987283349,PASS,148846.2294121522,10668.821209391355,440,192
371,2026-01-06T22:00:00Z,778,1530,4481,512,58,208,0,Optimization terminated successfully. (HiGHS Status 7: Optimal),3.705830466078997e-08,182479.83603024337,182479.83208078897,2.164323782221502e-08,1,0.1587759000249207,False,"[{""message"":""Optimization terminated successfully. (HiGHS Status 7: Optimal)"",""mip_feasibility_tolerance"":1e-08,""presolve"":true,""primal_feasibility_tolerance"":1e-08,""solve_seconds"":0.1587702000979334,""status"":0,""time_limit_seconds"":30.0}]",0.025561599992215633,"{""2025"":{""allowance"":9.663381206337363e-13,""available_after_reserve"":1.9326762412674725e-12,""numerical_guard"":9.663381206337363e-13,""remaining"":1.9326762412674725e-12,""terminal_reserve"":0.0},""2026"":{""allowance"":389.7192883749721,""available_after_reserve"":389.7192893749721,""numerical_guard"":1e-06,""remaining"":390.26276763584167,""terminal_reserve"":0.5434782608695652}}",0.015387499937787652,PASS,162135.24644669116,20344.58563409749,434,192
372,2026-01-07T22:00:00Z,913,1782,5338,594,70,249,0,Optimization terminated successfully. (HiGHS Status 7: Optimal),3.357585265192161e-06,173755.11754813633,173754.81422496808,1.7456964838776158e-06,1,0.28946280013769865,False,"[{""message"":""Optimization terminated successfully. (HiGHS Status 7: Optimal)"",""mip_feasibility_tolerance"":1e-08,""presolve"":true,""primal_feasibility_tolerance"":1e-08,""solve_seconds"":0.28945639985613525,""status"":0,""time_limit_seconds"":30.0}]",0.03752489993348718,"{""2025"":{""allowance"":9.663381206337363e-13,""available_after_reserve"":1.9326762412674725e-12,""numerical_guard"":9.663381206337363e-13,""remaining"":1.9326762412674725e-12,""terminal_reserve"":0.0},""2026"":{""allowance"":387.84780510100427,""available_after_reserve"":387.84780610100427,""numerical_guard"":1e-06,""remaining"":388.39128436187383,""terminal_reserve"":0.5434782608695652}}",0.018336799927055836,PASS,170126.0524621449,3628.7617628232615,457,192
373,2026-01-08T22:00:00Z,881,1721,5135,574,68,239,0,Optimization terminated successfully. (HiGHS Status 7: Optimal),1.3497862315014894e-06,152755.5444367479,152755.4520206128,6.049940206848593e-07,1,0.1655641000252217,False,"[{""message"":""Optimization terminated successfully. (HiGHS Status 7: Optimal)"",""mip_feasibility_tolerance"":1e-08,""presolve"":true,""primal_feasibility_tolerance"":1e-08,""solve_seconds"":0.16555629996582866,""status"":0,""time_limit_seconds"":30.0}]",0.028875899966806173,"{""2025"":{""allowance"":9.663381206337363e-13,""available_after_reserve"":1.9326762412674725e-12,""numerical_guard"":9.663381206337363e-13,""remaining"":1.9326762412674725e-12,""terminal_reserve"":0.0},""2026"":{""allowance"":386.01359893561727,""available_after_reserve"":386.01359993561726,""numerical_guard"":1e-06,""remaining"":386.5570781964868,""terminal_reserve"":0.5434782608695652}}",0.017657000105828047,PASS,148924.04232312157,3831.4096974910067,488,192
374,2026-01-09T22:00:00Z,852,1666,4950,556,66,230,0,Optimization terminated successfully. (HiGHS Status 7: Optimal),1.142509767675541e-16,126234.95826493925,126234.95826493927,0.0,1,0.18079279991798103,False,"[{""message"":""Optimization terminated successfully. (HiGHS Status 7: Optimal)"",""mip_feasibility_tolerance"":1e-08,""presolve"":true,""primal_feasibility_tolerance"":1e-08,""solve_seconds"":0.18078689998947084,""status"":0,""time_limit_seconds"":30.0}]",0.029080000007525086,"{""2025"":{""allowance"":9.663381206337363e-13,""available_after_reserve"":1.9326762412674725e-12,""numerical_guard"":9.663381206337363e-13,""remaining"":1.9326762412674725e-12,""terminal_reserve"":0.0},""2026"":{""allowance"":384.2378527302167,""available_after_reserve"":384.23785373021667,""numerical_guard"":1e-06,""remaining"":384.78133199108623,""terminal_reserve"":0.5434782608695652}}",0.015890299808233976,PASS,125079.51972327268,1155.4385416666685,469,192
375,2026-01-10T22:00:00Z,860,1679,5001,560,68,232,0,Optimization terminated successfully. (HiGHS Status 7: Optimal),0.0,190561.45567280403,190561.45567280403,0.0,1,0.25775899994187057,False,"[{""message"":""Optimization terminated successfully. (HiGHS Status 7: Optimal)"",""mip_feasibility_tolerance"":1e-08,""presolve"":true,""primal_feasibility_tolerance"":1e-08,""solve_seconds"":0.25775140011683106,""status"":0,""time_limit_seconds"":30.0}]",0.09464120003394783,"{""2025"":{""allowance"":9.663381206337363e-13,""available_after_reserve"":1.9326762412674725e-12,""numerical_guard"":9.663381206337363e-13,""remaining"":1.9326762412674725e-12,""terminal_reserve"":0.0},""2026"":{""allowance"":383.0239201901448,""available_after_reserve"":383.0239211901448,""numerical_guard"":1e-06,""remaining"":383.56739945101435,""terminal_reserve"":0.5434782608695652}}",0.0198488999158144,PASS,166323.53378712514,24237.921885678996,462,192
376,2026-01-11T22:00:00Z,866,1691,5038,564,68,234,0,Optimization terminated successfully. (HiGHS Status 7: Optimal),4.209750139881898e-06,243000.62662144887,243000.03477121936,2.4355973037908858e-06,1,0.17352059995755553,False,"[{""message"":""Optimization terminated successfully. (HiGHS Status 7: Optimal)"",""mip_feasibility_tolerance"":1e-08,""presolve"":true,""primal_feasibility_tolerance"":1e-08,""solve_seconds"":0.17351550003513694,""status"":0,""time_limit_seconds"":30.0}]",0.03150320006534457,"{""2025"":{""allowance"":9.663381206337363e-13,""available_after_reserve"":1.9326762412674725e-12,""numerical_guard"":9.663381206337363e-13,""remaining"":1.9326762412674725e-12,""terminal_reserve"":0.0},""2026"":{""allowance"":381.9220173374963,""available_after_reserve"":381.9220183374963,""numerical_guard"":1e-06,""remaining"":382.46549659836586,""terminal_reserve"":0.5434782608695652}}",0.01565439999103546,PASS,208837.80762461977,34162.22714659955,466,192
377,2026-01-12T22:00:00Z,863,1685,5019,562,68,233,0,Optimization terminated successfully. (HiGHS Status 7: Optimal),0.0,234329.60330211133,234329.60330211133,0.0,1,0.14329740009270608,False,"[{""message"":""Optimization terminated successfully. (HiGHS Status 7: Optimal)"",""mip_feasibility_tolerance"":1e-08,""presolve"":true,""primal_feasibility_tolerance"":1e-08,""solve_seconds"":0.14329089992679656,""status"":0,""time_limit_seconds"":30.0}]",0.03290760004892945,"{""2025"":{""allowance"":9.663381206337363e-13,""available_after_reserve"":1.9326762412674725e-12,""numerical_guard"":9.663381206337363e-13,""remaining"":1.9326762412674725e-12,""terminal_reserve"":0.0},""2026"":{""allowance"":379.52957455751243,""available_after_reserve"":379.52957555751243,""numerical_guard"":1e-06,""remaining"":380.073053818382,""terminal_reserve"":0.5434782608695652}}",0.022642599884420633,PASS,214395.7211245505,19933.88217756084,467,192
378,2026-01-13T22:00:00Z,899,1757,5250,586,68,245,0,Optimization terminated successfully. (HiGHS Status 7: Optimal),5.42241457678716e-07,218187.63914230425,218187.57966859348,2.725806430652226e-07,1,0.16392130008898675,False,"[{""message"":""Optimization terminated successfully. (HiGHS Status 7: Optimal)"",""mip_feasibility_tolerance"":1e-08,""presolve"":true,""primal_feasibility_tolerance"":1e-08,""solve_seconds"":0.1639157000463456,""status"":0,""time_limit_seconds"":30.0}]",0.03547949995845556,"{""2025"":{""allowance"":9.663381206337363e-13,""available_after_reserve"":1.9326762412674725e-12,""numerical_guard"":9.663381206337363e-13,""remaining"":1.9326762412674725e-12,""terminal_reserve"":0.0},""2026"":{""allowance"":377.71133655994737,""available_after_reserve"":377.71133755994737,""numerical_guard"":1e-06,""remaining"":378.25481582081693,""terminal_reserve"":0.5434782608695652}}",0.014791500056162477,PASS,201510.36415586463,16677.215512729177,478,192
379,2026-01-14T22:00:00Z,892,1740,5204,580,70,242,0,Optimization terminated successfully. (HiGHS Status 7: Optimal),0.0,178419.55325878062,178419.55325878062,0.0,1,0.17934020003303885,False,"[{""message"":""Optimization terminated successfully. (HiGHS Status 7: Optimal)"",""mip_feasibility_tolerance"":1e-08,""presolve"":true,""primal_feasibility_tolerance"":1e-08,""solve_seconds"":0.1793343999888748,""status"":0,""time_limit_seconds"":30.0}]",0.026236900128424168,"{""2025"":{""allowance"":9.663381206337363e-13,""available_after_reserve"":1.9326762412674725e-12,""numerical_guard"":9.663381206337363e-13,""remaining"":1.9326762412674725e-12,""terminal_reserve"":0.0},""2026"":{""allowance"":375.5338394418112,""available_after_reserve"":375.5338404418112,""numerical_guard"":1e-06,""remaining"":376.07731870268077,""terminal_reserve"":0.5434782608695652}}",0.02083539986051619,PASS,163521.06850282243,14898.484755958183,487,192
380,2026-01-15T22:00:00Z,794,1556,4584,520,62,212,0,Optimization terminated successfully. (HiGHS Status 7: Optimal),0.0,176820.898469906,176820.89846990598,1.6459496987392035e-16,1,0.11414640001021326,False,"[{""message"":""Optimization terminated successfully. (HiGHS Status 7: Optimal)"",""mip_feasibility_tolerance"":1e-08,""presolve"":true,""primal_feasibility_tolerance"":1e-08,""solve_seconds"":0.11412939988076687,""status"":0,""time_limit_seconds"":30.0}]",0.03035830007866025,"{""2025"":{""allowance"":9.663381206337363e-13,""available_after_reserve"":1.9326762412674725e-12,""numerical_guard"":9.663381206337363e-13,""remaining"":1.9326762412674725e-12,""terminal_reserve"":0.0},""2026"":{""allowance"":373.40407091231526,""available_after_reserve"":373.40407191231526,""numerical_guard"":1e-06,""remaining"":373.9475501731848,""terminal_reserve"":0.5434782608695652}}",0.024887299863621593,PASS,175449.92477198938,1370.9736979166514,454,192
381,2026-01-16T22:00:00Z,891,1735,5198,578,72,241,0,Optimization terminated successfully. (HiGHS Status 7: Optimal),0.0,205992.33662093908,205992.33662093905,1.4128598633399506e-16,1,0.15122439991682768,False,"[{""message"":""Optimization terminated successfully. (HiGHS Status 7: Optimal)"",""mip_feasibility_tolerance"":1e-08,""presolve"":true,""primal_feasibility_tolerance"":1e-08,""solve_seconds"":0.15121639985591173,""status"":0,""time_limit_seconds"":30.0}]",0.039633299922570586,"{""2025"":{""allowance"":9.663381206337363e-13,""available_after_reserve"":1.9326762412674725e-12,""numerical_guard"":9.663381206337363e-13,""remaining"":1.9326762412674725e-12,""terminal_reserve"":0.0},""2026"":{""allowance"":371.9404543150961,""available_after_reserve"":371.9404553150961,""numerical_guard"":1e-06,""remaining"":372.48393357596564,""terminal_reserve"":0.5434782608695652}}",0.024321099976077676,PASS,204607.31115902966,1385.0254619093294,453,192
382,2026-01-17T22:00:00Z,847,1650,4917,550,70,227,0,Optimization terminated successfully. (HiGHS Status 7: Optimal),2.1057306070082194e-06,249992.665854058,249992.3499464063,1.2636692753668753e-06,1,0.15095219993963838,False,"[{""message"":""Optimization terminated successfully. (HiGHS Status 7: Optimal)"",""mip_feasibility_tolerance"":1e-08,""presolve"":true,""primal_feasibility_tolerance"":1e-08,""solve_seconds"":0.1509459000080824,""status"":0,""time_limit_seconds"":30.0}]",0.03102619992569089,"{""2025"":{""allowance"":9.663381206337363e-13,""available_after_reserve"":1.9326762412674725e-12,""numerical_guard"":9.663381206337363e-13,""remaining"":1.9326762412674725e-12,""terminal_reserve"":0.0},""2026"":{""allowance"":370.58620421013165,""available_after_reserve"":370.58620521013165,""numerical_guard"":1e-06,""remaining"":371.1296834710012,""terminal_reserve"":0.5434782608695652}}",0.019810300087556243,PASS,241579.3028963537,8413.047050052292,468,192
383,2026-01-18T22:00:00Z,795,1552,4584,518,66,211,0,Optimization terminated successfully. (HiGHS Status 7: Optimal),3.007817250509565e-06,316674.98819761653,316674.4520150649,1.6931664308026816e-06,1,0.18637440004386008,False,"[{""message"":""Optimization terminated successfully. (HiGHS Status 7: Optimal)"",""mip_feasibility_tolerance"":1e-08,""presolve"":true,""primal_feasibility_tolerance"":1e-08,""solve_seconds"":0.1863673001062125,""status"":0,""time_limit_seconds"":30.0}]",0.1097947999369353,"{""2025"":{""allowance"":9.663381206337363e-13,""available_after_reserve"":1.9326762412674725e-12,""numerical_guard"":9.663381206337363e-13,""remaining"":1.9326762412674725e-12,""terminal_reserve"":0.0},""2026"":{""allowance"":368.9845496630643,""available_after_reserve"":368.9845506630643,""numerical_guard"":1e-06,""remaining"":369.52802892393385,""terminal_reserve"":0.5434782608695652}}",0.019320499850437045,PASS,301072.5447947637,15601.907220300998,438,192
384,2026-01-19T22:00:00Z,821,1610,4753,538,62,221,0,Optimization terminated successfully. (HiGHS Status 7: Optimal),2.690690991996712e-16,267636.52616329567,267636.5261632956,2.1748773139415437e-16,1,0.1776893998030573,False,"[{""message"":""Optimization terminated successfully. (HiGHS Status 7: Optimal)"",""mip_feasibility_tolerance"":1e-08,""presolve"":true,""primal_feasibility_tolerance"":1e-08,""solve_seconds"":0.1776821999810636,""status"":0,""time_limit_seconds"":30.0}]",0.03233379987068474,"{""2025"":{""allowance"":9.663381206337363e-13,""available_after_reserve"":1.9326762412674725e-12,""numerical_guard"":9.663381206337363e-13,""remaining"":1.9326762412674725e-12,""terminal_reserve"":0.0},""2026"":{""allowance"":366.4196148256048,""available_after_reserve"":366.4196158256048,""numerical_guard"":1e-06,""remaining"":366.96309408647437,""terminal_reserve"":0.5434782608695652}}",0.02253189985640347,PASS,265648.7544506793,1987.7717126164423,432,192
385,2026-01-20T22:00:00Z,863,1685,5019,562,68,233,0,Optimization terminated successfully. (HiGHS Status 7: Optimal),6.530104975482111e-06,263561.02201179933,263559.96777809726,3.999976593417542e-06,1,0.3469070000573993,False,"[{""message"":""Optimization terminated successfully. (HiGHS Status 7: Optimal)"",""mip_feasibility_tolerance"":1e-08,""presolve"":true,""primal_feasibility_tolerance"":1e-08,""solve_seconds"":0.34690089989453554,""status"":0,""time_limit_seconds"":30.0}]",0.03599410015158355,"{""2025"":{""allowance"":9.663381206337363e-13,""available_after_reserve"":1.9326762412674725e-12,""numerical_guard"":9.663381206337363e-13,""remaining"":1.9326762412674725e-12,""terminal_reserve"":0.0},""2026"":{""allowance"":363.60569065252827,""available_after_reserve"":363.60569165252826,""numerical_guard"":1e-06,""remaining"":364.1491699133978,""terminal_reserve"":0.5434782608695652}}",0.017678500153124332,PASS,242419.73085831408,21140.236919782936,454,192
386,2026-01-21T22:00:00Z,954,1861,5598,620,72,262,0,Optimization terminated successfully. (HiGHS Status 7: Optimal),0.0,261782.4344601945,261782.43446019455,0.0,1,0.21071809995919466,False,"[{""message"":""Optimization terminated successfully. (HiGHS Status 7: Optimal)"",""mip_feasibility_tolerance"":1e-08,""presolve"":true,""primal_feasibility_tolerance"":1e-08,""solve_seconds"":0.21071240003220737,""status"":0,""time_limit_seconds"":30.0}]",0.02625819994136691,"{""2025"":{""allowance"":9.663381206337363e-13,""available_after_reserve"":1.9326762412674725e-12,""numerical_guard"":9.663381206337363e-13,""remaining"":1.9326762412674725e-12,""terminal_reserve"":0.0},""2026"":{""allowance"":361.84579980417936,""available_after_reserve"":361.84580080417936,""numerical_guard"":1e-06,""remaining"":362.3892790650489,""terminal_reserve"":0.5434782608695652}}",0.021639199927449226,PASS,226613.1945745277,35169.23988566662,495,192
387,2026-01-22T22:00:00Z,858,1669,4984,556,72,230,0,Optimization terminated successfully. (HiGHS Status 7: Optimal),0.0,224631.36170470415,224631.3617047041,2.5912526404031703e-16,1,0.19476490002125502,False,"[{""message"":""Optimization terminated successfully. (HiGHS Status 7: Optimal)"",""mip_feasibility_tolerance"":1e-08,""presolve"":true,""primal_feasibility_tolerance"":1e-08,""solve_seconds"":0.19475760008208454,""status"":0,""time_limit_seconds"":30.0}]",0.030410199891775846,"{""2025"":{""allowance"":9.663381206337363e-13,""available_after_reserve"":1.9326762412674725e-12,""numerical_guard"":9.663381206337363e-13,""remaining"":1.9326762412674725e-12,""terminal_reserve"":0.0},""2026"":{""allowance"":359.25082777999,""available_after_reserve"":359.25082877999,""numerical_guard"":1e-06,""remaining"":359.79430704085956,""terminal_reserve"":0.5434782608695652}}",0.019589899806305766,PASS,222244.980897111,2386.3808075935353,492,192
388,2026-01-23T22:00:00Z,838,1641,4861,548,64,226,0,Optimization terminated successfully. (HiGHS Status 7: Optimal),1.876271007507772e-16,209811.22252870555,209811.22252870552,1.3871436477975737e-16,1,0.1996782999485731,False,"[{""message"":""Optimization terminated successfully. (HiGHS Status 7: Optimal)"",""mip_feasibility_tolerance"":1e-08,""presolve"":true,""primal_feasibility_tolerance"":1e-08,""solve_seconds"":0.19967180001549423,""status"":0,""time_limit_seconds"":30.0}]",0.026018100092187524,"{""2025"":{""allowance"":9.663381206337363e-13,""available_after_reserve"":1.9326762412674725e-12,""numerical_guard"":9.663381206337363e-13,""remaining"":1.9326762412674725e-12,""terminal_reserve"":0.0},""2026"":{""allowance"":356.6993882477823,""available_after_reserve"":356.6993892477823,""numerical_guard"":1e-06,""remaining"":357.24286750865184,""terminal_reserve"":0.5434782608695652}}",0.017568000126630068,PASS,208451.51763287233,1359.704895833326,456,192
389,2026-01-24T22:00:00Z,838,1641,4863,548,64,226,0,Optimization terminated successfully. (HiGHS Status 7: Optimal),5.323894387832559e-06,175426.985743227,175426.44439588935,3.0858935750427003e-06,1,0.1312418000306934,False,"[{""message"":""Optimization terminated successfully. (HiGHS Status 7: Optimal)"",""mip_feasibility_tolerance"":1e-08,""presolve"":true,""primal_feasibility_tolerance"":1e-08,""solve_seconds"":0.13123439997434616,""status"":0,""time_limit_seconds"":30.0}]",0.03199549997225404,"{""2025"":{""allowance"":9.663381206337363e-13,""available_after_reserve"":1.9326762412674725e-12,""numerical_guard"":9.663381206337363e-13,""remaining"":1.9326762412674725e-12,""terminal_reserve"":0.0},""2026"":{""allowance"":355.4908159888076,""available_after_reserve"":355.4908169888076,""numerical_guard"":1e-06,""remaining"":356.03429524967714,""terminal_reserve"":0.5434782608695652}}",0.02418419998139143,PASS,164301.54210012656,11124.90229576281,452,192
390,2026-01-25T22:00:00Z,814,1593,4709,532,64,218,0,Optimization terminated successfully. (HiGHS Status 7: Optimal),2.240874201315686e-06,193174.73558531917,193174.49877716746,1.225876879216629e-06,1,0.18258889997377992,False,"[{""message"":""Optimization terminated successfully. (HiGHS Status 7: Optimal)"",""mip_feasibility_tolerance"":1e-08,""presolve"":true,""primal_feasibility_tolerance"":1e-08,""solve_seconds"":0.18258200003765523,""status"":0,""time_limit_seconds"":30.0}]",0.025449400069192052,"{""2025"":{""allowance"":9.663381206337363e-13,""available_after_reserve"":1.9326762412674725e-12,""numerical_guard"":9.663381206337363e-13,""remaining"":1.9326762412674725e-12,""terminal_reserve"":0.0},""2026"":{""allowance"":354.38297747039377,""available_after_reserve"":354.38297847039377,""numerical_guard"":1e-06,""remaining"":354.92645673126333,""terminal_reserve"":0.5434782608695652}}",0.022731400094926357,PASS,170121.14692181133,23053.351855356294,444,192
391,2026-01-26T22:00:00Z,897,1747,5236,582,72,243,0,Optimization terminated successfully. (HiGHS Status 7: Optimal),0.0,185137.7935844929,185137.79358449287,1.5720091448238712e-16,1,0.18718259991146624,False,"[{""message"":""Optimization terminated successfully. (HiGHS Status 7: Optimal)"",""mip_feasibility_tolerance"":1e-08,""presolve"":true,""primal_feasibility_tolerance"":1e-08,""solve_seconds"":0.18717549997381866,""status"":0,""time_limit_seconds"":30.0}]",0.026825499953702092,"{""2025"":{""allowance"":9.663381206337363e-13,""available_after_reserve"":1.9326762412674725e-12,""numerical_guard"":9.663381206337363e-13,""remaining"":1.9326762412674725e-12,""terminal_reserve"":0.0},""2026"":{""allowance"":352.3066772254183,""available_after_reserve"":352.3066782254183,""numerical_guard"":1e-06,""remaining"":352.85015648628786,""terminal_reserve"":0.5434782608695652}}",0.022887400118634105,PASS,172057.30983923012,13080.483745262838,461,192
392,2026-01-27T22:00:00Z,848,1655,4923,552,68,228,0,Optimization terminated successfully. (HiGHS Status 7: Optimal),0.0,204358.54583329504,204358.54583329495,4.2724658767842906e-16,1,0.21527449996210635,False,"[{""message"":""Optimization terminated successfully. (HiGHS Status 7: Optimal)"",""mip_feasibility_tolerance"":1e-08,""presolve"":true,""primal_feasibility_tolerance"":1e-08,""solve_seconds"":0.21526730014011264,""status"":0,""time_limit_seconds"":30.0}]",0.12185959983617067,"{""2025"":{""allowance"":9.663381206337363e-13,""available_after_reserve"":1.9326762412674725e-12,""numerical_guard"":9.663381206337363e-13,""remaining"":1.9326762412674725e-12,""terminal_reserve"":0.0},""2026"":{""allowance"":350.1728014069038,""available_after_reserve"":350.17280240690377,""numerical_guard"":1e-06,""remaining"":350.71628066777333,""terminal_reserve"":0.5434782608695652}}",0.018767400179058313,PASS,199770.74380806164,4587.802025233269,471,192
393,2026-01-28T22:00:00Z,903,1759,5274,586,72,245,0,Optimization terminated successfully. (HiGHS Status 7: Optimal),1.3437464082827946e-06,186315.08829226095,186314.9823267542,5.687438842961692e-07,1,0.19085039990022779,False,"[{""message"":""Optimization terminated successfully. (HiGHS Status 7: Optimal)"",""mip_feasibility_tolerance"":1e-08,""presolve"":true,""primal_feasibility_tolerance"":1e-08,""solve_seconds"":0.19084520009346306,""status"":0,""time_limit_seconds"":30.0}]",0.028657199814915657,"{""2025"":{""allowance"":9.663381206337363e-13,""available_after_reserve"":1.9326762412674725e-12,""numerical_guard"":9.663381206337363e-13,""remaining"":1.9326762412674725e-12,""terminal_reserve"":0.0},""2026"":{""allowance"":348.5607512326288,""available_after_reserve"":348.5607522326288,""numerical_guard"":1e-06,""remaining"":349.10423049349833,""terminal_reserve"":0.5434782608695652}}",0.016702900175005198,PASS,180044.3655626155,6270.616764138722,473,192
394,2026-01-29T22:00:00Z,909,1771,5312,590,72,247,0,Optimization terminated successfully. (HiGHS Status 7: Optimal),8.20860348921843e-08,184863.78130942813,184863.77190696812,5.086156099811534e-08,1,0.1273817999754101,False,"[{""message"":""Optimization terminated successfully. (HiGHS Status 7: Optimal)"",""mip_feasibility_tolerance"":1e-08,""presolve"":true,""primal_feasibility_tolerance"":1e-08,""solve_seconds"":0.12736959988251328,""status"":0,""time_limit_seconds"":30.0}]",0.03123950003646314,"{""2025"":{""allowance"":9.663381206337363e-13,""available_after_reserve"":1.9326762412674725e-12,""numerical_guard"":9.663381206337363e-13,""remaining"":1.9326762412674725e-12,""terminal_reserve"":0.0},""2026"":{""allowance"":347.5433850437299,""available_after_reserve"":347.5433860437299,""numerical_guard"":1e-06,""remaining"":348.0868643045995,""terminal_reserve"":0.5434782608695652}}",0.024481300031766295,PASS,183327.4087549569,1536.3631520113,492,192
395,2026-01-30T22:00:00Z,815,1589,4715,530,68,217,0,Optimization terminated successfully. (HiGHS Status 7: Optimal),0.0,199751.1039330776,199751.1039330776,0.0,1,0.082363500026986,False,"[{""message"":""Optimization terminated successfully. (HiGHS Status 7: Optimal)"",""mip_feasibility_tolerance"":1e-08,""presolve"":true,""primal_feasibility_tolerance"":1e-08,""solve_seconds"":0.08235649997368455,""status"":0,""time_limit_seconds"":30.0}]",0.02749549993313849,"{""2025"":{""allowance"":9.663381206337363e-13,""available_after_reserve"":1.9326762412674725e-12,""numerical_guard"":9.663381206337363e-13,""remaining"":1.9326762412674725e-12,""terminal_reserve"":0.0},""2026"":{""allowance"":345.6085609108651,""available_after_reserve"":345.6085619108651,""numerical_guard"":1e-06,""remaining"":346.15204017173465,""terminal_reserve"":0.5434782608695652}}",0.021375600015744567,PASS,198105.9166824084,1645.1872506692089,464,192
396,2026-01-31T22:00:00Z,921,1795,5390,598,72,251,0,Optimization terminated successfully. (HiGHS Status 7: Optimal),9.686721898843305e-07,174728.64506489027,174728.55792417657,4.98720499597843e-07,1,0.16920750006102026,False,"[{""message"":""Optimization terminated successfully. (HiGHS Status 7: Optimal)"",""mip_feasibility_tolerance"":1e-08,""presolve"":true,""primal_feasibility_tolerance"":1e-08,""solve_seconds"":0.16920180013403296,""status"":0,""time_limit_seconds"":30.0}]",0.03507139999419451,"{""2025"":{""allowance"":9.663381206337363e-13,""available_after_reserve"":1.9326762412674725e-12,""numerical_guard"":9.663381206337363e-13,""remaining"":1.9326762412674725e-12,""terminal_reserve"":0.0},""2026"":{""allowance"":344.3934011854799,""available_after_reserve"":344.3934021854799,""numerical_guard"":1e-06,""remaining"":344.93688044634945,""terminal_reserve"":0.5434782608695652}}",0.02338430006057024,PASS,167996.34656649124,6732.211357685177,468,192
397,2026-02-01T22:00:00Z,948,1849,5559,616,72,260,0,Optimization terminated successfully. (HiGHS Status 7: Optimal),0.0,170953.82387891872,170953.82387891872,0.0,1,0.22324760002084076,False,"[{""message"":""Optimization terminated successfully. (HiGHS Status 7: Optimal)"",""mip_feasibility_tolerance"":1e-08,""presolve"":true,""primal_feasibility_tolerance"":1e-08,""solve_seconds"":0.2232413999736309,""status"":0,""time_limit_seconds"":30.0}]",0.02568629989400506,"{""2025"":{""allowance"":9.663381206337363e-13,""available_after_reserve"":1.9326762412674725e-12,""numerical_guard"":9.663381206337363e-13,""remaining"":1.9326762412674725e-12,""terminal_reserve"":0.0},""2026"":{""allowance"":343.241411077017,""available_after_reserve"":343.241412077017,""numerical_guard"":1e-06,""remaining"":343.78489033788657,""terminal_reserve"":0.5434782608695652}}",0.018240500008687377,PASS,161013.9738116396,9939.850067279101,511,192
398,2026-02-02T22:00:00Z,845,1649,4903,550,68,227,0,Optimization terminated successfully. (HiGHS Status 7: Optimal),0.0,170541.49820050516,170541.49820050516,0.0,1,0.21542029990814626,False,"[{""message"":""Optimization terminated successfully. (HiGHS Status 7: Optimal)"",""mip_feasibility_tolerance"":1e-08,""presolve"":true,""primal_feasibility_tolerance"":1e-08,""solve_seconds"":0.2154140998609364,""status"":0,""time_limit_seconds"":30.0}]",0.0317327999509871,"{""2025"":{""allowance"":9.663381206337363e-13,""available_after_reserve"":1.9326762412674725e-12,""numerical_guard"":9.663381206337363e-13,""remaining"":1.9326762412674725e-12,""terminal_reserve"":0.0},""2026"":{""allowance"":341.32764183189283,""available_after_reserve"":341.32764283189283,""numerical_guard"":1e-06,""remaining"":341.8711210927624,""terminal_reserve"":0.5434782608695652}}",0.02304970007389784,PASS,161151.10366638115,9390.394534124196,487,192
399,2026-02-03T22:00:00Z,806,1571,4655,524,68,214,0,Optimization terminated successfully. (HiGHS Status 7: Optimal),0.0,184013.87684136516,184013.8768413651,3.1632212696462637e-16,1,0.195817899890244,False,"[{""message"":""Optimization terminated successfully. (HiGHS Status 7: Optimal)"",""mip_feasibility_tolerance"":1e-08,""presolve"":true,""primal_feasibility_tolerance"":1e-08,""solve_seconds"":0.19581129983998835,""status"":0,""time_limit_seconds"":30.0}]",0.0376613000407815,"{""2025"":{""allowance"":9.663381206337363e-13,""available_after_reserve"":1.9326762412674725e-12,""numerical_guard"":9.663381206337363e-13,""remaining"":1.9326762412674725e-12,""terminal_reserve"":0.0},""2026"":{""allowance"":339.2092567178647,""available_after_reserve"":339.2092577178647,""numerical_guard"":1e-06,""remaining"":339.7527359787343,""terminal_reserve"":0.5434782608695652}}",0.016762200044468045,PASS,180513.8117040136,3500.0651373515816,441,192
400,2026-02-04T22:00:00Z,880,1716,5127,572,70,238,0,Optimization terminated successfully. (HiGHS Status 7: Optimal),0.0,173235.8615829993,173235.8615829993,0.0,1,0.20141880004666746,False,"[{""message"":""Optimization terminated successfully. (HiGHS Status 7: Optimal)"",""mip_feasibility_tolerance"":1e-08,""presolve"":true,""primal_feasibility_tolerance"":1e-08,""solve_seconds"":0.20141290011815727,""status"":0,""time_limit_seconds"":30.0}]",0.10320700006559491,"{""2025"":{""allowance"":9.663381206337363e-13,""available_after_reserve"":1.9326762412674725e-12,""numerical_guard"":9.663381206337363e-13,""remaining"":1.9326762412674725e-12,""terminal_reserve"":0.0},""2026"":{""allowance"":337.753370638978,""available_after_reserve"":337.753371638978,""numerical_guard"":1e-06,""remaining"":338.2968498998476,""terminal_reserve"":0.5434782608695652}}",0.022953499807044864,PASS,167509.91449483772,5725.947088161621,452,192
401,2026-02-05T22:00:00Z,915,1783,5350,594,72,249,0,Optimization terminated successfully. (HiGHS Status 7: Optimal),4.809501881328715e-07,137536.7933791387,137536.75989572587,2.4345064432696767e-07,1,0.1845201998949051,False,"[{""message"":""Optimization terminated successfully. (HiGHS Status 7: Optimal)"",""mip_feasibility_tolerance"":1e-08,""presolve"":true,""primal_feasibility_tolerance"":1e-08,""solve_seconds"":0.18451380007900298,""status"":0,""time_limit_seconds"":30.0}]",0.03109689988195896,"{""2025"":{""allowance"":9.663381206337363e-13,""available_after_reserve"":1.9326762412674725e-12,""numerical_guard"":9.663381206337363e-13,""remaining"":1.9326762412674725e-12,""terminal_reserve"":0.0},""2026"":{""allowance"":336.3913792424175,""available_after_reserve"":336.3913802424175,""numerical_guard"":1e-06,""remaining"":336.93485850328705,""terminal_reserve"":0.5434782608695652}}",0.023598300060257316,PASS,135977.84766088112,1558.9122348445896,487,192
402,2026-02-06T22:00:00Z,918,1789,5368,596,72,250,0,Optimization terminated successfully. (HiGHS Status 7: Optimal),1.3921306151000934e-06,148688.57573332032,148688.4608634363,7.725541265577518e-07,1,0.24924080003984272,False,"[{""message"":""Optimization terminated successfully. (HiGHS Status 7: Optimal)"",""mip_feasibility_tolerance"":1e-08,""presolve"":true,""primal_feasibility_tolerance"":1e-08,""solve_seconds"":0.24923459999263287,""status"":0,""time_limit_seconds"":30.0}]",0.037285299971699715,"{""2025"":{""allowance"":9.663381206337363e-13,""available_after_reserve"":1.9326762412674725e-12,""numerical_guard"":9.663381206337363e-13,""remaining"":1.9326762412674725e-12,""terminal_reserve"":0.0},""2026"":{""allowance"":335.2992884758149,""available_after_reserve"":335.2992894758149,""numerical_guard"":1e-06,""remaining"":335.84276773668444,""terminal_reserve"":0.5434782608695652}}",0.019653300056234002,PASS,147621.96523843624,1066.4956249999848,499,192
403,2026-02-07T22:00:00Z,814,1593,4706,532,64,218,0,Optimization terminated successfully. (HiGHS Status 7: Optimal),0.0,162538.81614897773,162538.8161489777,1.7905772384891802e-16,1,0.18118080007843673,False,"[{""message"":""Optimization terminated successfully. (HiGHS Status 7: Optimal)"",""mip_feasibility_tolerance"":1e-08,""presolve"":true,""primal_feasibility_tolerance"":1e-08,""solve_seconds"":0.18117520003579557,""status"":0,""time_limit_seconds"":30.0}]",0.030554700177162886,"{""2025"":{""allowance"":9.663381206337363e-13,""available_after_reserve"":1.9326762412674725e-12,""numerical_guard"":9.663381206337363e-13,""remaining"":1.9326762412674725e-12,""terminal_reserve"":0.0},""2026"":{""allowance"":334.0228597582958,""available_after_reserve"":334.0228607582958,""numerical_guard"":1e-06,""remaining"":334.56633901916535,""terminal_reserve"":0.5434782608695652}}",0.014953400008380413,PASS,159427.10017022974,3111.715978747914,468,192
404,2026-02-08T22:00:00Z,855,1663,4966,554,72,229,0,Optimization terminated successfully. (HiGHS Status 7: Optimal),0.0,165578.48046208022,165578.48046208025,0.0,1,0.15073029999621212,False,"[{""message"":""Optimization terminated successfully. (HiGHS Status 7: Optimal)"",""mip_feasibility_tolerance"":1e-08,""presolve"":true,""primal_feasibility_tolerance"":1e-08,""solve_seconds"":0.15072360006161034,""status"":0,""time_limit_seconds"":30.0}]",0.024287200067192316,"{""2025"":{""allowance"":9.663381206337363e-13,""available_after_reserve"":1.9326762412674725e-12,""numerical_guard"":9.663381206337363e-13,""remaining"":1.9326762412674725e-12,""terminal_reserve"":0.0},""2026"":{""allowance"":332.6364253765892,""available_after_reserve"":332.6364263765892,""numerical_guard"":1e-06,""remaining"":333.1799046374588,""terminal_reserve"":0.5434782608695652}}",0.014836200047284365,PASS,162341.48444246696,3236.9960196131055,447,192
405,2026-02-09T22:00:00Z,913,1782,5339,594,70,249,0,Optimization terminated successfully. (HiGHS Status 7: Optimal),0.0,166617.0543754613,166617.0543754613,0.0,1,0.16145760007202625,False,"[{""message"":""Optimization terminated successfully. (HiGHS Status 7: Optimal)"",""mip_feasibility_tolerance"":1e-08,""presolve"":true,""primal_feasibility_tolerance"":1e-08,""solve_seconds"":0.1614516000263393,""status"":0,""time_limit_seconds"":30.0}]",0.030610099900513887,"{""2025"":{""allowance"":9.663381206337363e-13,""available_after_reserve"":1.9326762412674725e-12,""numerical_guard"":9.663381206337363e-13,""remaining"":1.9326762412674725e-12,""terminal_reserve"":0.0},""2026"":{""allowance"":330.59156568911504,""available_after_reserve"":330.59156668911504,""numerical_guard"":1e-06,""remaining"":331.1350449499846,""terminal_reserve"":0.5434782608695652}}",0.0197395000141114,PASS,165336.82196982583,1280.2324056354316,478,192
406,2026-02-10T22:00:00Z,850,1656,4934,552,70,228,0,Optimization terminated successfully. (HiGHS Status 7: Optimal),7.19122799562993e-07,180060.59201296497,180060.52058632032,3.9668131818560783e-07,1,0.11518710013478994,False,"[{""message"":""Optimization terminated successfully. (HiGHS Status 7: Optimal)"",""mip_feasibility_tolerance"":1e-08,""presolve"":true,""primal_feasibility_tolerance"":1e-08,""solve_seconds"":0.11518100020475686,""status"":0,""time_limit_seconds"":30.0}]",0.0361074001993984,"{""2025"":{""allowance"":9.663381206337363e-13,""available_after_reserve"":1.9326762412674725e-12,""numerical_guard"":9.663381206337363e-13,""remaining"":1.9326762412674725e-12,""terminal_reserve"":0.0},""2026"":{""allowance"":328.66178888734123,""available_after_reserve"":328.66178988734123,""numerical_guard"":1e-06,""remaining"":329.2052681482108,""terminal_reserve"":0.5434782608695652}}",0.01783310016617179,PASS,176452.49020259778,3608.0303837224533,477,192
407,2026-02-11T22:00:00Z,889,1734,5186,578,70,241,0,Optimization terminated successfully. (HiGHS Status 7: Optimal),9.048976789490693e-07,164477.3925487268,164477.3283521985,3.9030624437459877e-07,1,0.14361350005492568,False,"[{""message"":""Optimization terminated successfully. (HiGHS Status 7: Optimal)"",""mip_feasibility_tolerance"":1e-08,""presolve"":true,""primal_feasibility_tolerance"":1e-08,""solve_seconds"":0.14360609999857843,""status"":0,""time_limit_seconds"":30.0}]",0.031035900115966797,"{""2025"":{""allowance"":9.663381206337363e-13,""available_after_reserve"":1.9326762412674725e-12,""numerical_guard"":9.663381206337363e-13,""remaining"":1.9326762412674725e-12,""terminal_reserve"":0.0},""2026"":{""allowance"":326.80153681653917,""available_after_reserve"":326.80153781653917,""numerical_guard"":1e-06,""remaining"":327.34501607740873,""terminal_reserve"":0.5434782608695652}}",0.019488299963995814,PASS,162611.62518863686,1865.7031635614744,469,192
408,2026-02-12T22:00:00Z,849,1660,4932,554,66,229,0,Optimization terminated successfully. (HiGHS Status 7: Optimal),1.751198521647955e-16,150365.54359906144,150365.54359906146,0.0,1,0.17746899998746812,False,"[{""message"":""Optimization terminated successfully. (HiGHS Status 7: Optimal)"",""mip_feasibility_tolerance"":1e-08,""presolve"":true,""primal_feasibility_tolerance"":1e-08,""solve_seconds"":0.1774626998230815,""status"":0,""time_limit_seconds"":30.0}]",0.10488690016791224,"{""2025"":{""allowance"":9.663381206337363e-13,""available_after_reserve"":1.9326762412674725e-12,""numerical_guard"":9.663381206337363e-13,""remaining"":1.9326762412674725e-12,""terminal_reserve"":0.0},""2026"":{""allowance"":325.19608461539633,""available_after_reserve"":325.1960856153963,""numerical_guard"":1e-06,""remaining"":325.7395638762659,""terminal_reserve"":0.5434782608695652}}",0.016309899976477027,PASS,143112.35524011726,7253.188358944086,470,192
409,2026-02-13T22:00:00Z,733,1440,4194,482,58,193,0,Optimization terminated successfully. (HiGHS Status 7: Optimal),4.328979827026607e-06,156229.23338069936,156228.8811364713,2.254667802163375e-06,1,0.1205612001940608,False,"[{""message"":""Optimization terminated successfully. (HiGHS Status 7: Optimal)"",""mip_feasibility_tolerance"":1e-08,""presolve"":true,""primal_feasibility_tolerance"":1e-08,""solve_seconds"":0.12055500014685094,""status"":0,""time_limit_seconds"":30.0}]",0.034330999944359064,"{""2025"":{""allowance"":9.663381206337363e-13,""available_after_reserve"":1.9326762412674725e-12,""numerical_guard"":9.663381206337363e-13,""remaining"":1.9326762412674725e-12,""terminal_reserve"":0.0},""2026"":{""allowance"":323.21484462785605,""available_after_reserve"":323.21484562785605,""numerical_guard"":1e-06,""remaining"":323.7583238887256,""terminal_reserve"":0.5434782608695652}}",0.018131399992853403,PASS,155897.86561563815,331.0155208333306,422,192
410,2026-02-14T22:00:00Z,812,1583,4694,528,68,216,0,Optimization terminated successfully. (HiGHS Status 7: Optimal),2.3913389838001806e-16,201186.9957672926,201186.9957672925,4.3398178414668475e-16,1,0.21763690002262592,False,"[{""message"":""Optimization terminated successfully. (HiGHS Status 7: Optimal)"",""mip_feasibility_tolerance"":1e-08,""presolve"":true,""primal_feasibility_tolerance"":1e-08,""solve_seconds"":0.217631199862808,""status"":0,""time_limit_seconds"":30.0}]",0.033904399955645204,"{""2025"":{""allowance"":9.663381206337363e-13,""available_after_reserve"":1.9326762412674725e-12,""numerical_guard"":9.663381206337363e-13,""remaining"":1.9326762412674725e-12,""terminal_reserve"":0.0},""2026"":{""allowance"":321.5259267938515,""available_after_reserve"":321.5259277938515,""numerical_guard"":1e-06,""remaining"":322.06940605472107,""terminal_reserve"":0.5434782608695652}}",0.019124000100418925,PASS,190682.59073098376,10504.405036308804,409,192
411,2026-02-15T22:00:00Z,836,1631,4849,544,68,224,0,Optimization terminated successfully. (HiGHS Status 7: Optimal),0.0,195126.2165806896,195126.21658068965,0.0,1,0.12989660003222525,False,"[{""message"":""Optimization terminated successfully. (HiGHS Status 7: Optimal)"",""mip_feasibility_tolerance"":1e-08,""presolve"":true,""primal_feasibility_tolerance"":1e-08,""solve_seconds"":0.1298905999865383,""status"":0,""time_limit_seconds"":30.0}]",0.03509909985587001,"{""2025"":{""allowance"":9.663381206337363e-13,""available_after_reserve"":1.9326762412674725e-12,""numerical_guard"":9.663381206337363e-13,""remaining"":1.9326762412674725e-12,""terminal_reserve"":0.0},""2026"":{""allowance"":318.24744821696663,""available_after_reserve"":318.24744921696663,""numerical_guard"":1e-06,""remaining"":318.7909274778362,""terminal_reserve"":0.5434782608695652}}",0.022009399952366948,PASS,186081.79426152114,9044.422319168618,440,192
412,2026-02-16T22:00:00Z,859,1674,4993,558,70,231,0,Optimization terminated successfully. (HiGHS Status 7: Optimal),0.0,198505.8525439239,198505.85254392395,0.0,1,0.24155290005728602,False,"[{""message"":""Optimization terminated successfully. (HiGHS Status 7: Optimal)"",""mip_feasibility_tolerance"":1e-08,""presolve"":true,""primal_feasibility_tolerance"":1e-08,""solve_seconds"":0.2415461998898536,""status"":0,""time_limit_seconds"":30.0}]",0.029359799809753895,"{""2025"":{""allowance"":9.663381206337363e-13,""available_after_reserve"":1.9326762412674725e-12,""numerical_guard"":9.663381206337363e-13,""remaining"":1.9326762412674725e-12,""terminal_reserve"":0.0},""2026"":{""allowance"":315.7300110119756,""available_after_reserve"":315.7300120119756,""numerical_guard"":1e-06,""remaining"":316.27349027284515,""terminal_reserve"":0.5434782608695652}}",0.0180736999027431,PASS,197705.9604605904,799.8920833333292,455,192
413,2026-02-17T22:00:00Z,858,1678,4989,560,66,232,0,Optimization terminated successfully. (HiGHS Status 7: Optimal),0.0,205150.0441453086,205150.0441453086,0.0,1,0.15705389995127916,False,"[{""message"":""Optimization terminated successfully. (HiGHS Status 7: Optimal)"",""mip_feasibility_tolerance"":1e-08,""presolve"":true,""primal_feasibility_tolerance"":1e-08,""solve_seconds"":0.15704810013994575,""status"":0,""time_limit_seconds"":30.0}]",0.031205900013446808,"{""2025"":{""allowance"":9.663381206337363e-13,""available_after_reserve"":1.9326762412674725e-12,""numerical_guard"":9.663381206337363e-13,""remaining"":1.9326762412674725e-12,""terminal_reserve"":0.0},""2026"":{""allowance"":313.89742417628594,""available_after_reserve"":313.89742517628594,""numerical_guard"":1e-06,""remaining"":314.4409034371555,""terminal_reserve"":0.5434782608695652}}",0.021504800068214536,PASS,204238.87997864178,911.1641666666665,463,192
414,2026-02-18T22:00:00Z,802,1569,4631,524,64,214,0,Optimization terminated successfully. (HiGHS Status 7: Optimal),8.898489406510369e-10,164225.47909307008,164225.47901968987,4.468260087554755e-10,1,0.11956379981711507,False,"[{""message"":""Optimization terminated successfully. (HiGHS Status 7: Optimal)"",""mip_feasibility_tolerance"":1e-08,""presolve"":true,""primal_feasibility_tolerance"":1e-08,""solve_seconds"":0.1195546998642385,""status"":0,""time_limit_seconds"":30.0}]",0.026859499979764223,"{""2025"":{""allowance"":9.663381206337363e-13,""available_after_reserve"":1.9326762412674725e-12,""numerical_guard"":9.663381206337363e-13,""remaining"":1.9326762412674725e-12,""terminal_reserve"":0.0},""2026"":{""allowance"":310.81775348802574,""available_after_reserve"":310.81775448802574,""numerical_guard"":1e-06,""remaining"":311.3612327488953,""terminal_reserve"":0.5434782608695652}}",0.022251400165259838,PASS,156187.15341362194,8038.3256060679005,446,192
415,2026-02-19T22:00:00Z,853,1662,4953,554,70,229,0,Optimization terminated successfully. (HiGHS Status 7: Optimal),2.7584488855559767e-06,153017.36780169897,153017.14637819954,1.4470502468031929e-06,1,0.18789379997178912,False,"[{""message"":""Optimization terminated successfully. (HiGHS Status 7: Optimal)"",""mip_feasibility_tolerance"":1e-08,""presolve"":true,""primal_feasibility_tolerance"":1e-08,""solve_seconds"":0.18788759992457926,""status"":0,""time_limit_seconds"":30.0}]",0.03566040005534887,"{""2025"":{""allowance"":9.663381206337363e-13,""available_after_reserve"":1.9326762412674725e-12,""numerical_guard"":9.663381206337363e-13,""remaining"":1.9326762412674725e-12,""terminal_reserve"":0.0},""2026"":{""allowance"":308.65439675106035,""available_after_reserve"":308.65439775106034,""numerical_guard"":1e-06,""remaining"":309.1978760119299,""terminal_reserve"":0.5434782608695652}}",0.015834299847483635,PASS,152097.33085736597,919.8155208333557,443,192
416,2026-02-20T22:00:00Z,836,1631,4847,544,68,224,0,Optimization terminated successfully. (HiGHS Status 7: Optimal),0.0,157010.99121655623,157010.99121655617,3.707234790536731e-16,1,0.18976020021364093,False,"[{""message"":""Optimization terminated successfully. (HiGHS Status 7: Optimal)"",""mip_feasibility_tolerance"":1e-08,""presolve"":true,""primal_feasibility_tolerance"":1e-08,""solve_seconds"":0.1897543000523001,""status"":0,""time_limit_seconds"":30.0}]",0.030613499926403165,"{""2025"":{""allowance"":9.663381206337363e-13,""available_after_reserve"":1.9326762412674725e-12,""numerical_guard"":9.663381206337363e-13,""remaining"":1.9326762412674725e-12,""terminal_reserve"":0.0},""2026"":{""allowance"":306.4765366469849,""available_after_reserve"":306.4765376469849,""numerical_guard"":1e-06,""remaining"":307.0200159078545,""terminal_reserve"":0.5434782608695652}}",0.015197899891063571,PASS,156394.98413322284,616.0070833333381,453,192
417,2026-02-21T22:00:00Z,871,1698,5069,566,70,235,0,Optimization terminated successfully. (HiGHS Status 7: Optimal),2.904262084863706e-06,183388.95517013443,183388.6462176072,1.6846873217577747e-06,1,0.20389749994501472,False,"[{""message"":""Optimization terminated successfully. (HiGHS Status 7: Optimal)"",""mip_feasibility_tolerance"":1e-08,""presolve"":true,""primal_feasibility_tolerance"":1e-08,""solve_seconds"":0.20389180001802742,""status"":0,""time_limit_seconds"":30.0}]",0.12167739984579384,"{""2025"":{""allowance"":9.663381206337363e-13,""available_after_reserve"":1.9326762412674725e-12,""numerical_guard"":9.663381206337363e-13,""remaining"":1.9326762412674725e-12,""terminal_reserve"":0.0},""2026"":{""allowance"":304.143937140937,""available_after_reserve"":304.143938140937,""numerical_guard"":1e-06,""remaining"":304.68741640180656,""terminal_reserve"":0.5434782608695652}}",0.01575860008597374,PASS,182426.14772802382,962.4984895833376,459,192
418,2026-02-22T22:00:00Z,900,1753,5256,584,72,244,0,Optimization terminated successfully. (HiGHS Status 7: Optimal),0.0,168287.65447332634,168287.65447332637,0.0,1,0.15257199993357062,False,"[{""message"":""Optimization terminated successfully. (HiGHS Status 7: Optimal)"",""mip_feasibility_tolerance"":1e-08,""presolve"":true,""primal_feasibility_tolerance"":1e-08,""solve_seconds"":0.15256550000049174,""status"":0,""time_limit_seconds"":30.0}]",0.027877200162038207,"{""2025"":{""allowance"":9.663381206337363e-13,""available_after_reserve"":1.9326762412674725e-12,""numerical_guard"":9.663381206337363e-13,""remaining"":1.9326762412674725e-12,""terminal_reserve"":0.0},""2026"":{""allowance"":301.9133272491621,""available_after_reserve"":301.9133282491621,""numerical_guard"":1e-06,""remaining"":302.45680651003164,""terminal_reserve"":0.5434782608695652}}",0.019028300186619163,PASS,154529.11029890986,13758.54417441637,479,192
419,2026-02-23T22:00:00Z,889,1734,5185,578,70,241,0,Optimization terminated successfully. (HiGHS Status 7: Optimal),7.748565053030491e-06,158130.235988041,158129.39300697183,5.330957471878508e-06,1,0.34736259980127215,False,"[{""message"":""Optimization terminated successfully. (HiGHS Status 7: Optimal)"",""mip_feasibility_tolerance"":1e-08,""presolve"":true,""primal_feasibility_tolerance"":1e-08,""solve_seconds"":0.3473569001071155,""status"":0,""time_limit_seconds"":30.0}]",0.03615620010532439,"{""2025"":{""allowance"":9.663381206337363e-13,""available_after_reserve"":1.9326762412674725e-12,""numerical_guard"":9.663381206337363e-13,""remaining"":1.9326762412674725e-12,""terminal_reserve"":0.0},""2026"":{""allowance"":299.58272547512223,""available_after_reserve"":299.58272647512223,""numerical_guard"":1e-06,""remaining"":300.1262047359918,""terminal_reserve"":0.5434782608695652}}",0.015006199944764376,PASS,157448.02040280524,681.3726041666608,485,192
420,2026-02-24T22:00:00Z,861,1684,5009,562,66,233,0,Optimization terminated successfully. (HiGHS Status 7: Optimal),0.0,186063.29426107137,186063.29426107142,0.0,1,0.20879640011116862,False,"[{""message"":""Optimization terminated successfully. (HiGHS Status 7: Optimal)"",""mip_feasibility_tolerance"":1e-08,""presolve"":true,""primal_feasibility_tolerance"":1e-08,""solve_seconds"":0.2087911998387426,""status"":0,""time_limit_seconds"":30.0}]",0.03064989997074008,"{""2025"":{""allowance"":9.663381206337363e-13,""available_after_reserve"":1.9326762412674725e-12,""numerical_guard"":9.663381206337363e-13,""remaining"":1.9326762412674725e-12,""terminal_reserve"":0.0},""2026"":{""allowance"":297.814361783998,""available_after_reserve"":297.814362783998,""numerical_guard"":1e-06,""remaining"":298.35784104486754,""terminal_reserve"":0.5434782608695652}}",0.019082400016486645,PASS,185284.80775065484,778.4865104166583,474,192
421,2026-02-25T22:00:00Z,813,1588,4703,530,66,217,0,Optimization terminated successfully. (HiGHS Status 7: Optimal),0.0,189639.58653208305,189639.5865320831,0.0,1,0.15435849991627038,False,"[{""message"":""Optimization terminated successfully. (HiGHS Status 7: Optimal)"",""mip_feasibility_tolerance"":1e-08,""presolve"":true,""primal_feasibility_tolerance"":1e-08,""solve_seconds"":0.1543528998736292,""status"":0,""time_limit_seconds"":30.0}]",0.03236670000478625,"{""2025"":{""allowance"":9.663381206337363e-13,""available_after_reserve"":1.9326762412674725e-12,""numerical_guard"":9.663381206337363e-13,""remaining"":1.9326762412674725e-12,""terminal_reserve"":0.0},""2026"":{""allowance"":294.6646214709522,""available_after_reserve"":294.6646224709522,""numerical_guard"":1e-06,""remaining"":295.2081007318218,""terminal_reserve"":0.5434782608695652}}",0.021721000084653497,PASS,188867.2537195828,772.3328125000072,450,192
422,2026-02-26T22:00:00Z,877,1710,5109,570,70,237,0,Optimization terminated successfully. (HiGHS Status 7: Optimal),0.0,206279.37866237568,206279.37866237568,0.0,1,0.21821240009739995,False,"[{""message"":""Optimization terminated successfully. (HiGHS Status 7: Optimal)"",""mip_feasibility_tolerance"":1e-08,""presolve"":true,""primal_feasibility_tolerance"":1e-08,""solve_seconds"":0.21820599981583655,""status"":0,""time_limit_seconds"":30.0}]",0.031657999847084284,"{""2025"":{""allowance"":9.663381206337363e-13,""available_after_reserve"":1.9326762412674725e-12,""numerical_guard"":9.663381206337363e-13,""remaining"":1.9326762412674725e-12,""terminal_reserve"":0.0},""2026"":{""allowance"":292.58202014666546,""available_after_reserve"":292.58202114666545,""numerical_guard"":1e-06,""remaining"":293.125499407535,""terminal_reserve"":0.5434782608695652}}",0.01495870016515255,PASS,205627.6700686257,651.7085937499943,454,192
423,2026-02-27T22:00:00Z,819,1600,4738,534,66,219,0,Optimization terminated successfully. (HiGHS Status 7: Optimal),5.8366797796440174e-05,178139.44906287425,178134.53804599337,2.7569144842735875e-05,1,0.2318466000724584,False,"[{""message"":""Optimization terminated successfully. (HiGHS Status 7: Optimal)"",""mip_feasibility_tolerance"":1e-08,""presolve"":true,""primal_feasibility_tolerance"":1e-08,""solve_seconds"":0.23184029990807176,""status"":0,""time_limit_seconds"":30.0}]",0.030734800035133958,"{""2025"":{""allowance"":9.663381206337363e-13,""available_after_reserve"":1.9326762412674725e-12,""numerical_guard"":9.663381206337363e-13,""remaining"":1.9326762412674725e-12,""terminal_reserve"":0.0},""2026"":{""allowance"":290.1094064242934,""available_after_reserve"":290.1094074242934,""numerical_guard"":1e-06,""remaining"":290.65288568516297,""terminal_reserve"":0.5434782608695652}}",0.023423000006005168,PASS,177527.22065016004,607.317395833332,456,192
424,2026-02-28T22:00:00Z,840,1642,4873,548,66,226,0,Optimization terminated successfully. (HiGHS Status 7: Optimal),0.0,187995.97255772166,187995.9725577217,0.0,1,0.21615260001271963,False,"[{""message"":""Optimization terminated successfully. (HiGHS Status 7: Optimal)"",""mip_feasibility_tolerance"":1e-08,""presolve"":true,""primal_feasibility_tolerance"":1e-08,""solve_seconds"":0.21614470006898046,""status"":0,""time_limit_seconds"":30.0}]",0.025131900096312165,"{""2025"":{""allowance"":9.663381206337363e-13,""available_after_reserve"":1.9326762412674725e-12,""numerical_guard"":9.663381206337363e-13,""remaining"":1.9326762412674725e-12,""terminal_reserve"":0.0},""2026"":{""allowance"":288.3202126395469,""available_after_reserve"":288.3202136395469,""numerical_guard"":1e-06,""remaining"":288.8636919004165,""terminal_reserve"":0.5434782608695652}}",0.02303579985164106,PASS,186753.95832923066,1242.0142284910862,445,192
425,2026-03-01T22:00:00Z,857,1673,4982,558,68,231,0,Optimization terminated successfully. (HiGHS Status 7: Optimal),0.0,212772.79630924316,212772.7963092432,0.0,1,0.2018366998527199,False,"[{""message"":""Optimization terminated successfully. (HiGHS Status 7: Optimal)"",""mip_feasibility_tolerance"":1e-08,""presolve"":true,""primal_feasibility_tolerance"":1e-08,""solve_seconds"":0.2018309999257326,""status"":0,""time_limit_seconds"":30.0}]",0.03468150016851723,"{""2025"":{""allowance"":9.663381206337363e-13,""available_after_reserve"":1.9326762412674725e-12,""numerical_guard"":9.663381206337363e-13,""remaining"":1.9326762412674725e-12,""terminal_reserve"":0.0},""2026"":{""allowance"":286.33058249533593,""available_after_reserve"":286.33058349533593,""numerical_guard"":1e-06,""remaining"":286.8740617562055,""terminal_reserve"":0.5434782608695652}}",0.014974199933931231,PASS,211454.39797590993,1318.3983333333356,457,192
426,2026-03-02T22:00:00Z,847,1659,4918,554,64,229,0,Optimization terminated successfully. (HiGHS Status 7: Optimal),0.0,219246.0137297289,219246.01372972893,0.0,1,0.2750458000227809,False,"[{""message"":""Optimization terminated successfully. (HiGHS Status 7: Optimal)"",""mip_feasibility_tolerance"":1e-08,""presolve"":true,""primal_feasibility_tolerance"":1e-08,""solve_seconds"":0.27504029986448586,""status"":0,""time_limit_seconds"":30.0}]",0.09553310018964112,"{""2025"":{""allowance"":9.663381206337363e-13,""available_after_reserve"":1.9326762412674725e-12,""numerical_guard"":9.663381206337363e-13,""remaining"":1.9326762412674725e-12,""terminal_reserve"":0.0},""2026"":{""allowance"":283.79743187251574,""available_after_reserve"":283.79743287251574,""numerical_guard"":1e-06,""remaining"":284.3409111333853,""terminal_reserve"":0.5434782608695652}}",0.014547099824994802,PASS,217798.82977139554,1447.183958333328,460,192
427,2026-03-03T22:00:00Z,793,1551,4573,518,64,211,0,Optimization terminated successfully. (HiGHS Status 7: Optimal),6.666487280879574e-06,225798.96248129854,225798.18347752825,3.450000165178007e-06,1,0.18089749990031123,False,"[{""message"":""Optimization terminated successfully. (HiGHS Status 7: Optimal)"",""mip_feasibility_tolerance"":1e-08,""presolve"":true,""primal_feasibility_tolerance"":1e-08,""solve_seconds"":0.18089150008745492,""status"":0,""time_limit_seconds"":30.0}]",0.023406899999827147,"{""2025"":{""allowance"":9.663381206337363e-13,""available_after_reserve"":1.9326762412674725e-12,""numerical_guard"":9.663381206337363e-13,""remaining"":1.9326762412674725e-12,""terminal_reserve"":0.0},""2026"":{""allowance"":281.2961176267339,""available_after_reserve"":281.2961186267339,""numerical_guard"":1e-06,""remaining"":281.8395968876035,""terminal_reserve"":0.5434782608695652}}",0.019368999870494008,PASS,224415.0629046116,1383.1205729166556,440,192
428,2026-03-04T22:00:00Z,766,1506,4405,504,58,204,0,Optimization terminated successfully. (HiGHS Status 7: Optimal),0.0,196123.80571512162,196123.80571512162,0.0,1,0.1575893999543041,False,"[{""message"":""Optimization terminated successfully. (HiGHS Status 7: Optimal)"",""mip_feasibility_tolerance"":1e-08,""presolve"":true,""primal_feasibility_tolerance"":1e-08,""solve_seconds"":0.1575843000318855,""status"":0,""time_limit_seconds"":30.0}]",0.03579750005155802,"{""2025"":{""allowance"":9.663381206337363e-13,""available_after_reserve"":1.9326762412674725e-12,""numerical_guard"":9.663381206337363e-13,""remaining"":1.9326762412674725e-12,""terminal_reserve"":0.0},""2026"":{""allowance"":278.8458134900987,""available_after_reserve"":278.8458144900987,""numerical_guard"":1e-06,""remaining"":279.38929275096825,""terminal_reserve"":0.5434782608695652}}",0.015538200037553906,PASS,195109.1691005383,1014.6366145833209,415,192
429,2026-03-05T22:00:00Z,870,1693,5062,564,72,234,0,Optimization terminated successfully. (HiGHS Status 7: Optimal),1.5526910060281782e-16,173604.70212040198,173604.702120402,0.0,1,0.21702750003896654,False,"[{""message"":""Optimization terminated successfully. (HiGHS Status 7: Optimal)"",""mip_feasibility_tolerance"":1e-08,""presolve"":true,""primal_feasibility_tolerance"":1e-08,""solve_seconds"":0.217020999873057,""status"":0,""time_limit_seconds"":30.0}]",0.03377119987271726,"{""2025"":{""allowance"":9.663381206337363e-13,""available_after_reserve"":1.9326762412674725e-12,""numerical_guard"":9.663381206337363e-13,""remaining"":1.9326762412674725e-12,""terminal_reserve"":0.0},""2026"":{""allowance"":276.3091081056573,""available_after_reserve"":276.3091091056573,""numerical_guard"":1e-06,""remaining"":276.85258736652685,""terminal_reserve"":0.5434782608695652}}",0.01500270003452897,PASS,172528.46863081877,1076.2334895833246,438,192
430,2026-03-06T22:00:00Z,851,1661,4943,554,68,229,0,Optimization terminated successfully. (HiGHS Status 7: Optimal),8.033558769030999e-05,192502.5546394026,192494.3923984244,4.240248703619258e-05,1,0.2249647998251021,False,"[{""message"":""Optimization terminated successfully. (HiGHS Status 7: Optimal)"",""mip_feasibility_tolerance"":1e-08,""presolve"":true,""primal_feasibility_tolerance"":1e-08,""solve_seconds"":0.22495880001224577,""status"":0,""time_limit_seconds"":30.0}]",0.025240899994969368,"{""2025"":{""allowance"":9.663381206337363e-13,""available_after_reserve"":1.9326762412674725e-12,""numerical_guard"":9.663381206337363e-13,""remaining"":1.9326762412674725e-12,""terminal_reserve"":0.0},""2026"":{""allowance"":274.3081657853352,""available_after_reserve"":274.3081667853352,""numerical_guard"":1e-06,""remaining"":274.85164504620474,""terminal_reserve"":0.5434782608695652}}",0.020789399975910783,PASS,191380.88213800758,1113.5102604166714,463,192
431,2026-03-07T22:00:00Z,813,1588,4701,530,66,217,0,Optimization terminated successfully. (HiGHS Status 7: Optimal),2.1602658735921567e-16,233226.46411656067,233226.46411656067,0.0,1,0.1351147999521345,False,"[{""message"":""Optimization terminated successfully. (HiGHS Status 7: Optimal)"",""mip_feasibility_tolerance"":1e-08,""presolve"":true,""primal_feasibility_tolerance"":1e-08,""solve_seconds"":0.13510899990797043,""status"":0,""time_limit_seconds"":30.0}]",0.029792100191116333,"{""2025"":{""allowance"":9.663381206337363e-13,""available_after_reserve"":1.9326762412674725e-12,""numerical_guard"":9.663381206337363e-13,""remaining"":1.9326762412674725e-12,""terminal_reserve"":0.0},""2026"":{""allowance"":272.45683455066444,""available_after_reserve"":272.45683555066444,""numerical_guard"":1e-06,""remaining"":273.000313811534,""terminal_reserve"":0.5434782608695652}}",0.020065200049430132,PASS,231858.46604364406,1367.9980729166568,446,192
432,2026-03-08T22:00:00Z,859,1674,4993,558,70,231,0,Optimization terminated successfully. (HiGHS Status 7: Optimal),1.7109092481558028e-07,238742.31456748725,238742.2961740658,7.70429946979428e-08,1,0.18587540020234883,False,"[{""message"":""Optimization terminated successfully. (HiGHS Status 7: Optimal)"",""mip_feasibility_tolerance"":1e-08,""presolve"":true,""primal_feasibility_tolerance"":1e-08,""solve_seconds"":0.18586610001511872,""status"":0,""time_limit_seconds"":30.0}]",0.033464299980551004,"{""2025"":{""allowance"":9.663381206337363e-13,""available_after_reserve"":1.9326762412674725e-12,""numerical_guard"":9.663381206337363e-13,""remaining"":1.9326762412674725e-12,""terminal_reserve"":0.0},""2026"":{""allowance"":270.896630661909,""available_after_reserve"":270.896631661909,""numerical_guard"":1e-06,""remaining"":271.44010992277856,""terminal_reserve"":0.5434782608695652}}",0.02045660000294447,PASS,237460.56606989916,1281.7301041666528,448,192
433,2026-03-09T22:00:00Z,865,1686,5031,562,70,233,0,Optimization terminated successfully. (HiGHS Status 7: Optimal),6.255901442340863e-06,205951.7379711883,205951.1023013693,3.0865084570503977e-06,1,0.253731100121513,False,"[{""message"":""Optimization terminated successfully. (HiGHS Status 7: Optimal)"",""mip_feasibility_tolerance"":1e-08,""presolve"":true,""primal_feasibility_tolerance"":1e-08,""solve_seconds"":0.2537256001960486,""status"":0,""time_limit_seconds"":30.0}]",0.03595230006612837,"{""2025"":{""allowance"":9.663381206337363e-13,""available_after_reserve"":1.9326762412674725e-12,""numerical_guard"":9.663381206337363e-13,""remaining"":1.9326762412674725e-12,""terminal_reserve"":0.0},""2026"":{""allowance"":268.3997375129157,""available_after_reserve"":268.3997385129157,""numerical_guard"":1e-06,""remaining"":268.94321677378525,""terminal_reserve"":0.5434782608695652}}",0.01615389995276928,PASS,204876.4596451192,1074.6426562499958,464,192
434,2026-03-10T22:00:00Z,848,1655,4925,552,68,228,0,Optimization terminated successfully. (HiGHS Status 7: Optimal),1.9013258743544415e-05,203568.7088674617,203566.71246217558,9.807130360290645e-06,1,0.18906510015949607,False,"[{""message"":""Optimization terminated successfully. (HiGHS Status 7: Optimal)"",""mip_feasibility_tolerance"":1e-08,""presolve"":true,""primal_feasibility_tolerance"":1e-08,""solve_seconds"":0.18906040000729263,""status"":0,""time_limit_seconds"":30.0}]",0.0957164999563247,"{""2025"":{""allowance"":9.663381206337363e-13,""available_after_reserve"":1.9326762412674725e-12,""numerical_guard"":9.663381206337363e-13,""remaining"":1.9326762412674725e-12,""terminal_reserve"":0.0},""2026"":{""allowance"":266.3479852858059,""available_after_reserve"":266.3479862858059,""numerical_guard"":1e-06,""remaining"":266.8914645466755,""terminal_reserve"":0.5434782608695652}}",0.02314279996789992,PASS,202178.15334759254,1388.5591145833394,461,192
435,2026-03-11T22:00:00Z,860,1679,5001,560,68,232,0,Optimization terminated successfully. (HiGHS Status 7: Optimal),0.0,199058.0414380175,199058.04143801754,0.0,1,0.18389179999940097,False,"[{""message"":""Optimization terminated successfully. (HiGHS Status 7: Optimal)"",""mip_feasibility_tolerance"":1e-08,""presolve"":true,""primal_feasibility_tolerance"":1e-08,""solve_seconds"":0.18388500018045306,""status"":0,""time_limit_seconds"":30.0}]",0.027322700014337897,"{""2025"":{""allowance"":9.663381206337363e-13,""available_after_reserve"":1.9326762412674725e-12,""numerical_guard"":9.663381206337363e-13,""remaining"":1.9326762412674725e-12,""terminal_reserve"":0.0},""2026"":{""allowance"":264.32153084206567,""available_after_reserve"":264.32153184206567,""numerical_guard"":1e-06,""remaining"":264.86501010293523,""terminal_reserve"":0.5434782608695652}}",0.021883000154048204,PASS,197974.69232343405,1083.3491145833316,460,192
436,2026-03-12T22:00:00Z,808,1581,4671,528,64,216,0,Optimization terminated successfully. (HiGHS Status 7: Optimal),1.7764856506120946e-05,181898.4532824793,181896.9041437445,8.516575595983927e-06,1,0.19820400001481175,False,"[{""message"":""Optimization terminated successfully. (HiGHS Status 7: Optimal)"",""mip_feasibility_tolerance"":1e-08,""presolve"":true,""primal_feasibility_tolerance"":1e-08,""solve_seconds"":0.1981981999706477,""status"":0,""time_limit_seconds"":30.0}]",0.033618299989029765,"{""2025"":{""allowance"":9.663381206337363e-13,""available_after_reserve"":1.9326762412674725e-12,""numerical_guard"":9.663381206337363e-13,""remaining"":1.9326762412674725e-12,""terminal_reserve"":0.0},""2026"":{""allowance"":261.91388858814486,""available_after_reserve"":261.91388958814485,""numerical_guard"":1e-06,""remaining"":262.4573678490144,""terminal_reserve"":0.5434782608695652}}",0.019669000059366226,PASS,180923.23028957756,973.6738541666654,448,192
437,2026-03-13T22:00:00Z,810,1582,4683,528,66,216,0,Optimization terminated successfully. (HiGHS Status 7: Optimal),1.1833175815216273e-06,173262.24091234268,173262.1360619369,6.051547565561329e-07,1,0.1627436000853777,False,"[{""message"":""Optimization terminated successfully. (HiGHS Status 7: Optimal)"",""mip_feasibility_tolerance"":1e-08,""presolve"":true,""primal_feasibility_tolerance"":1e-08,""solve_seconds"":0.16273849993012846,""status"":0,""time_limit_seconds"":30.0}]",0.025819600094109774,"{""2025"":{""allowance"":9.663381206337363e-13,""available_after_reserve"":1.9326762412674725e-12,""numerical_guard"":9.663381206337363e-13,""remaining"":1.9326762412674725e-12,""terminal_reserve"":0.0},""2026"":{""allowance"":259.35027263040826,""available_after_reserve"":259.35027363040825,""numerical_guard"":1e-06,""remaining"":259.8937518912778,""terminal_reserve"":0.5434782608695652}}",0.015566699905321002,PASS,172268.5839786036,993.5520833333347,432,192
438,2026-03-14T22:00:00Z,796,1557,4593,520,64,212,0,Optimization terminated successfully. (HiGHS Status 7: Optimal),0.0,181654.22254758282,181654.22254758282,0.0,1,0.1864773000124842,False,"[{""message"":""Optimization terminated successfully. (HiGHS Status 7: Optimal)"",""mip_feasibility_tolerance"":1e-08,""presolve"":true,""primal_feasibility_tolerance"":1e-08,""solve_seconds"":0.1864716000854969,""status"":0,""time_limit_seconds"":30.0}]",0.02704179985448718,"{""2025"":{""allowance"":9.663381206337363e-13,""available_after_reserve"":1.9326762412674725e-12,""numerical_guard"":9.663381206337363e-13,""remaining"":1.9326762412674725e-12,""terminal_reserve"":0.0},""2026"":{""allowance"":257.7657938984607,""available_after_reserve"":257.7657948984607,""numerical_guard"":1e-06,""remaining"":258.30927315933025,""terminal_reserve"":0.5434782608695652}}",0.017164699966087937,PASS,180459.78582883283,1194.4367187499674,428,192
439,2026-03-15T22:00:00Z,811,1587,4690,530,64,217,0,Optimization terminated successfully. (HiGHS Status 7: Optimal),0.0,177425.12799065222,177425.12799065222,0.0,1,0.13970359996892512,False,"[{""message"":""Optimization terminated successfully. (HiGHS Status 7: Optimal)"",""mip_feasibility_tolerance"":1e-08,""presolve"":true,""primal_feasibility_tolerance"":1e-08,""solve_seconds"":0.13969810004346073,""status"":0,""time_limit_seconds"":30.0}]",0.03225339995697141,"{""2025"":{""allowance"":9.663381206337363e-13,""available_after_reserve"":1.9326762412674725e-12,""numerical_guard"":9.663381206337363e-13,""remaining"":1.9326762412674725e-12,""terminal_reserve"":0.0},""2026"":{""allowance"":255.96779132678495,""available_after_reserve"":255.96779232678495,""numerical_guard"":1e-06,""remaining"":256.5112705876545,""terminal_reserve"":0.5434782608695652}}",0.02073200000450015,PASS,173930.36985763788,3494.758133014448,429,192
440,2026-03-16T22:00:00Z,806,1571,4654,524,68,214,0,Optimization terminated successfully. (HiGHS Status 7: Optimal),0.0,191200.03153852635,191200.03153852632,1.5221666138098599e-16,1,0.07351939985528588,False,"[{""message"":""Optimization terminated successfully. (HiGHS Status 7: Optimal)"",""mip_feasibility_tolerance"":1e-08,""presolve"":true,""primal_feasibility_tolerance"":1e-08,""solve_seconds"":0.07351400004699826,""status"":0,""time_limit_seconds"":30.0}]",0.03601109981536865,"{""2025"":{""allowance"":9.663381206337363e-13,""available_after_reserve"":1.9326762412674725e-12,""numerical_guard"":9.663381206337363e-13,""remaining"":1.9326762412674725e-12,""terminal_reserve"":0.0},""2026"":{""allowance"":253.51755677405407,""available_after_reserve"":253.51755777405407,""numerical_guard"":1e-06,""remaining"":254.06103603492363,""terminal_reserve"":0.5434782608695652}}",0.022107800003141165,PASS,190121.30877810947,1078.7227604166476,431,192
441,2026-03-17T22:00:00Z,712,1398,4059,468,58,186,0,Optimization terminated successfully. (HiGHS Status 7: Optimal),0.0,207746.38828754483,207746.3882875449,0.0,1,0.1353617999702692,False,"[{""message"":""Optimization terminated successfully. (HiGHS Status 7: Optimal)"",""mip_feasibility_tolerance"":1e-08,""presolve"":true,""primal_feasibility_tolerance"":1e-08,""solve_seconds"":0.13535639992915094,""status"":0,""time_limit_seconds"":30.0}]",0.02158870012499392,"{""2025"":{""allowance"":9.663381206337363e-13,""available_after_reserve"":1.9326762412674725e-12,""numerical_guard"":9.663381206337363e-13,""remaining"":1.9326762412674725e-12,""terminal_reserve"":0.0},""2026"":{""allowance"":250.9877231431335,""available_after_reserve"":250.9877241431335,""numerical_guard"":1e-06,""remaining"":251.53120240400307,""terminal_reserve"":0.5434782608695652}}",0.01914779981598258,PASS,206559.03964171172,1187.34864583333,400,192
442,2026-03-18T22:00:00Z,784,1533,4517,512,64,208,0,Optimization terminated successfully. (HiGHS Status 7: Optimal),1.4186470465170563e-16,198225.2192125278,198225.21921252774,2.9364407387064053e-16,1,0.1862996998243034,False,"[{""message"":""Optimization terminated successfully. (HiGHS Status 7: Optimal)"",""mip_feasibility_tolerance"":1e-08,""presolve"":true,""primal_feasibility_tolerance"":1e-08,""solve_seconds"":0.18629390001296997,""status"":0,""time_limit_seconds"":30.0}]",0.02601979998871684,"{""2025"":{""allowance"":9.663381206337363e-13,""available_after_reserve"":1.9326762412674725e-12,""numerical_guard"":9.663381206337363e-13,""remaining"":1.9326762412674725e-12,""terminal_reserve"":0.0},""2026"":{""allowance"":248.6397389687721,""available_after_reserve"":248.6397399687721,""numerical_guard"":1e-06,""remaining"":249.18321822964165,""terminal_reserve"":0.5434782608695652}}",0.019556300016120076,PASS,196815.9759641953,1409.2432483323976,394,192
443,2026-03-19T22:00:00Z,846,1654,4914,552,66,228,0,Optimization terminated successfully. (HiGHS Status 7: Optimal),0.0,180097.91639718763,180097.91639718763,0.0,1,0.20785929984413087,False,"[{""message"":""Optimization terminated successfully. (HiGHS Status 7: Optimal)"",""mip_feasibility_tolerance"":1e-08,""presolve"":true,""primal_feasibility_tolerance"":1e-08,""solve_seconds"":0.2078519999049604,""status"":0,""time_limit_seconds"":30.0}]",0.02701550000347197,"{""2025"":{""allowance"":9.663381206337363e-13,""available_after_reserve"":1.9326762412674725e-12,""numerical_guard"":9.663381206337363e-13,""remaining"":1.9326762412674725e-12,""terminal_reserve"":0.0},""2026"":{""allowance"":246.69535717689763,""available_after_reserve"":246.69535817689763,""numerical_guard"":1e-06,""remaining"":247.2388364377672,""terminal_reserve"":0.5434782608695652}}",0.020094299921765924,PASS,178843.23884510432,1254.6775520833278,436,192
444,2026-03-20T22:00:00Z,906,1765,5289,588,72,246,0,Optimization terminated successfully. (HiGHS Status 7: Optimal),0.0,166491.32507835038,166491.32507835035,1.748068882450033e-16,1,0.19037329987622797,False,"[{""message"":""Optimization terminated successfully. (HiGHS Status 7: Optimal)"",""mip_feasibility_tolerance"":1e-08,""presolve"":true,""primal_feasibility_tolerance"":1e-08,""solve_seconds"":0.19036810006946325,""status"":0,""time_limit_seconds"":30.0}]",0.1322150998748839,"{""2025"":{""allowance"":9.663381206337363e-13,""available_after_reserve"":1.9326762412674725e-12,""numerical_guard"":9.663381206337363e-13,""remaining"":1.9326762412674725e-12,""terminal_reserve"":0.0},""2026"":{""allowance"":244.43167499502096,""available_after_reserve"":244.43167599502095,""numerical_guard"":1e-06,""remaining"":244.97515425589052,""terminal_reserve"":0.5434782608695652}}",0.021080899983644485,PASS,165475.610338767,1015.7147395833274,474,192
445,2026-03-21T22:00:00Z,881,1721,5134,574,68,239,0,Optimization terminated successfully. (HiGHS Status 7: Optimal),0.0,181916.26449438318,181916.26449438318,0.0,1,0.24664849997498095,False,"[{""message"":""Optimization terminated successfully. (HiGHS Status 7: Optimal)"",""mip_feasibility_tolerance"":1e-08,""presolve"":true,""primal_feasibility_tolerance"":1e-08,""solve_seconds"":0.24664260004647076,""status"":0,""time_limit_seconds"":30.0}]",0.0345896000508219,"{""2025"":{""allowance"":9.663381206337363e-13,""available_after_reserve"":1.9326762412674725e-12,""numerical_guard"":9.663381206337363e-13,""remaining"":1.9326762412674725e-12,""terminal_reserve"":0.0},""2026"":{""allowance"":242.53368210860023,""available_after_reserve"":242.53368310860023,""numerical_guard"":1e-06,""remaining"":243.0771613694698,""terminal_reserve"":0.5434782608695652}}",0.015026800101622939,PASS,180081.78096574167,1834.4835286414245,485,192
446,2026-03-22T22:00:00Z,792,1555,4570,520,60,212,0,Optimization terminated successfully. (HiGHS Status 7: Optimal),0.0,182596.1780732185,182596.1780732185,0.0,1,0.16744160000234842,False,"[{""message"":""Optimization terminated successfully. (HiGHS Status 7: Optimal)"",""mip_feasibility_tolerance"":1e-08,""presolve"":true,""primal_feasibility_tolerance"":1e-08,""solve_seconds"":0.1674362998455763,""status"":0,""time_limit_seconds"":30.0}]",0.024852400179952383,"{""2025"":{""allowance"":9.663381206337363e-13,""available_after_reserve"":1.9326762412674725e-12,""numerical_guard"":9.663381206337363e-13,""remaining"":1.9326762412674725e-12,""terminal_reserve"":0.0},""2026"":{""allowance"":240.8712741527994,""available_after_reserve"":240.8712751527994,""numerical_guard"":1e-06,""remaining"":241.41475341366896,""terminal_reserve"":0.5434782608695652}}",0.014122899854555726,PASS,181264.3726565516,1331.805416666673,451,192
447,2026-03-23T22:00:00Z,859,1674,4994,558,70,231,0,Optimization terminated successfully. (HiGHS Status 7: Optimal),0.0,196138.37867399168,196138.3786739917,0.0,1,0.09017800004221499,False,"[{""message"":""Optimization terminated successfully. (HiGHS Status 7: Optimal)"",""mip_feasibility_tolerance"":1e-08,""presolve"":true,""primal_feasibility_tolerance"":1e-08,""solve_seconds"":0.09017030009999871,""status"":0,""time_limit_seconds"":30.0}]",0.0313548999838531,"{""2025"":{""allowance"":9.663381206337363e-13,""available_after_reserve"":1.9326762412674725e-12,""numerical_guard"":9.663381206337363e-13,""remaining"":1.9326762412674725e-12,""terminal_reserve"":0.0},""2026"":{""allowance"":238.30087330687368,""available_after_reserve"":238.30087430687368,""numerical_guard"":1e-06,""remaining"":238.84435256774324,""terminal_reserve"":0.5434782608695652}}",0.021042200038209558,PASS,195020.1761739916,1118.2024999999862,443,192
448,2026-03-24T22:00:00Z,838,1641,4862,548,64,226,0,Optimization terminated successfully. (HiGHS Status 7: Optimal),0.0,198431.06326870093,198431.06326870096,0.0,1,0.10285059991292655,False,"[{""message"":""Optimization terminated successfully. (HiGHS Status 7: Optimal)"",""mip_feasibility_tolerance"":1e-08,""presolve"":true,""primal_feasibility_tolerance"":1e-08,""solve_seconds"":0.10284440009854734,""status"":0,""time_limit_seconds"":30.0}]",0.03324669995345175,"{""2025"":{""allowance"":9.663381206337363e-13,""available_after_reserve"":1.9326762412674725e-12,""numerical_guard"":9.663381206337363e-13,""remaining"":1.9326762412674725e-12,""terminal_reserve"":0.0},""2026"":{""allowance"":236.10984178715736,""available_after_reserve"":236.10984278715736,""numerical_guard"":1e-06,""remaining"":236.65332104802692,""terminal_reserve"":0.5434782608695652}}",0.02113969996571541,PASS,197425.64462286746,1005.4186458333311,457,192
449,2026-03-25T22:00:00Z,818,1604,4734,536,62,220,0,Optimization terminated successfully. (HiGHS Status 7: Optimal),1.1593394577251745e-16,152031.3800577574,152031.3800577574,0.0,1,0.16755219991318882,False,"[{""message"":""Optimization terminated successfully. (HiGHS Status 7: Optimal)"",""mip_feasibility_tolerance"":1e-08,""presolve"":true,""primal_feasibility_tolerance"":1e-08,""solve_seconds"":0.16754669998772442,""status"":0,""time_limit_seconds"":30.0}]",0.03326729987747967,"{""2025"":{""allowance"":9.663381206337363e-13,""available_after_reserve"":1.9326762412674725e-12,""numerical_guard"":9.663381206337363e-13,""remaining"":1.9326762412674725e-12,""terminal_reserve"":0.0},""2026"":{""allowance"":233.50167262591933,""available_after_reserve"":233.50167362591932,""numerical_guard"":1e-06,""remaining"":234.0451518867889,""terminal_reserve"":0.5434782608695652}}",0.01652440009638667,PASS,150646.0353579132,1385.3446998441966,446,192
450,2026-03-26T22:00:00Z,849,1660,4930,554,66,229,0,Optimization terminated successfully. (HiGHS Status 7: Optimal),1.7293899907501383e-06,138845.4376588161,138845.30056140723,9.874112290749286e-07,1,0.1995310999918729,False,"[{""message"":""Optimization terminated successfully. (HiGHS Status 7: Optimal)"",""mip_feasibility_tolerance"":1e-08,""presolve"":true,""primal_feasibility_tolerance"":1e-08,""solve_seconds"":0.1995219001546502,""status"":0,""time_limit_seconds"":30.0}]",0.03500430006533861,"{""2025"":{""allowance"":9.663381206337363e-13,""available_after_reserve"":1.9326762412674725e-12,""numerical_guard"":9.663381206337363e-13,""remaining"":1.9326762412674725e-12,""terminal_reserve"":0.0},""2026"":{""allowance"":230.9590897966747,""available_after_reserve"":230.9590907966747,""numerical_guard"":1e-06,""remaining"":231.50256905754426,""terminal_reserve"":0.5434782608695652}}",0.021880100015550852,PASS,137887.28228015706,958.0182812499997,449,192
451,2026-03-27T22:00:00Z,840,1638,4893,546,67,227,0,Optimization terminated successfully. (HiGHS Status 7: Optimal),2.5838119664848096e-06,155107.65276134998,155107.4503420267,1.3050264369523661e-06,1,0.180495300097391,False,"[{""message"":""Optimization terminated successfully. (HiGHS Status 7: Optimal)"",""mip_feasibility_tolerance"":1e-08,""presolve"":true,""primal_feasibility_tolerance"":1e-08,""solve_seconds"":0.18048870004713535,""status"":0,""time_limit_seconds"":30.0}]",0.029195199953392148,"{""2025"":{""allowance"":9.663381206337363e-13,""available_after_reserve"":1.9326762412674725e-12,""numerical_guard"":9.663381206337363e-13,""remaining"":1.9326762412674725e-12,""terminal_reserve"":0.0},""2026"":{""allowance"":229.499859855983,""available_after_reserve"":229.499860855983,""numerical_guard"":1e-06,""remaining"":230.04333911685256,""terminal_reserve"":0.5434782608695652}}",0.02048439998179674,PASS,152874.24349011455,2233.2068519125714,456,188
452,2026-03-28T22:00:00Z,820,1605,4746,536,64,220,0,Optimization terminated successfully. (HiGHS Status 7: Optimal),6.549854822290425e-07,164556.1124290573,164556.05319043854,3.5999051760844844e-07,1,0.13738890015520155,False,"[{""message"":""Optimization terminated successfully. (HiGHS Status 7: Optimal)"",""mip_feasibility_tolerance"":1e-08,""presolve"":true,""primal_feasibility_tolerance"":1e-08,""solve_seconds"":0.13738319999538362,""status"":0,""time_limit_seconds"":30.0}]",0.11983850016258657,"{""2025"":{""allowance"":9.663381206337363e-13,""available_after_reserve"":1.9326762412674725e-12,""numerical_guard"":9.663381206337363e-13,""remaining"":1.9326762412674725e-12,""terminal_reserve"":0.0},""2026"":{""allowance"":228.16653495532643,""available_after_reserve"":228.16653595532642,""numerical_guard"":1e-06,""remaining"":228.710014216196,""terminal_reserve"":0.5434782608695652}}",0.022268699947744608,PASS,163043.23178418863,1512.821406249988,447,188
453,2026-03-29T21:00:00Z,895,1746,5222,582,70,243,0,Optimization terminated successfully. (HiGHS Status 7: Optimal),9.840739941405062e-05,166637.57465554553,166629.6825384521,4.7363212683384976e-05,1,0.5035101999528706,False,"[{""message"":""Optimization terminated successfully. (HiGHS Status 7: Optimal)"",""mip_feasibility_tolerance"":1e-08,""presolve"":true,""primal_feasibility_tolerance"":1e-08,""solve_seconds"":0.5035049999132752,""status"":0,""time_limit_seconds"":30.0}]",0.02945089992135763,"{""2025"":{""allowance"":9.663381206337363e-13,""available_after_reserve"":1.9326762412674725e-12,""numerical_guard"":9.663381206337363e-13,""remaining"":1.9326762412674725e-12,""terminal_reserve"":0.0},""2026"":{""allowance"":226.32585073416385,""available_after_reserve"":226.32585173416385,""numerical_guard"":1e-06,""remaining"":226.8693299950334,""terminal_reserve"":0.5434782608695652}}",0.019578099949285388,PASS,165019.31477803586,1610.367760416537,463,192
454,2026-03-30T21:00:00Z,811,1587,4690,530,64,217,0,Optimization terminated successfully. (HiGHS Status 7: Optimal),0.0,161656.16158123023,161656.16158123026,0.0,1,0.14844310004264116,False,"[{""message"":""Optimization terminated successfully. (HiGHS Status 7: Optimal)"",""mip_feasibility_tolerance"":1e-08,""presolve"":true,""primal_feasibility_tolerance"":1e-08,""solve_seconds"":0.1484358999878168,""status"":0,""time_limit_seconds"":30.0}]",0.027739499928429723,"{""2025"":{""allowance"":9.663381206337363e-13,""available_after_reserve"":1.9326762412674725e-12,""numerical_guard"":9.663381206337363e-13,""remaining"":1.9326762412674725e-12,""terminal_reserve"":0.0},""2026"":{""allowance"":223.8788213183923,""available_after_reserve"":223.8788223183923,""numerical_guard"":1e-06,""remaining"":224.42230057926187,""terminal_reserve"":0.5434782608695652}}",0.02367340005002916,PASS,158935.0297426891,2721.1318385411314,460,192
455,2026-03-31T21:00:00Z,823,1611,4764,538,64,221,0,Optimization terminated successfully. (HiGHS Status 7: Optimal),1.4636573316361687e-08,158794.4776727624,158794.47652500606,7.22793624902895e-09,1,0.28404299984686077,False,"[{""message"":""Optimization terminated successfully. (HiGHS Status 7: Optimal)"",""mip_feasibility_tolerance"":1e-08,""presolve"":true,""primal_feasibility_tolerance"":1e-08,""solve_seconds"":0.2840364999137819,""status"":0,""time_limit_seconds"":30.0}]",0.02848440012894571,"{""2025"":{""allowance"":9.663381206337363e-13,""available_after_reserve"":1.9326762412674725e-12,""numerical_guard"":9.663381206337363e-13,""remaining"":1.9326762412674725e-12,""terminal_reserve"":0.0},""2026"":{""allowance"":221.63009091677102,""available_after_reserve"":221.63009191677102,""numerical_guard"":1e-06,""remaining"":222.17357017764058,""terminal_reserve"":0.5434782608695652}}",0.015851099975407124,PASS,157221.32272157315,1573.1538034330904,438,192
456,2026-04-01T21:00:00Z,884,1727,5154,576,68,240,0,Optimization terminated successfully. (HiGHS Status 7: Optimal),7.179550041485875e-07,153951.53920398586,153951.48208619707,3.7101162013180376e-07,1,0.11986840004101396,False,"[{""message"":""Optimization terminated successfully. (HiGHS Status 7: Optimal)"",""mip_feasibility_tolerance"":1e-08,""presolve"":true,""primal_feasibility_tolerance"":1e-08,""solve_seconds"":0.11986209987662733,""status"":0,""time_limit_seconds"":30.0}]",0.024992800084874034,"{""2025"":{""allowance"":9.663381206337363e-13,""available_after_reserve"":1.9326762412674725e-12,""numerical_guard"":9.663381206337363e-13,""remaining"":1.9326762412674725e-12,""terminal_reserve"":0.0},""2026"":{""allowance"":219.56868967687262,""available_after_reserve"":219.56869067687262,""numerical_guard"":1e-06,""remaining"":220.11216893774218,""terminal_reserve"":0.5434782608695652}}",0.014846599893644452,PASS,152463.00234661376,1488.479739583336,461,192
457,2026-04-02T21:00:00Z,814,1593,4708,532,64,218,0,Optimization terminated successfully. (HiGHS Status 7: Optimal),6.152168452140831e-06,153849.15030251403,153848.67264898884,3.1046970829408278e-06,1,0.1934368999209255,False,"[{""message"":""Optimization terminated successfully. (HiGHS Status 7: Optimal)"",""mip_feasibility_tolerance"":1e-08,""presolve"":true,""primal_feasibility_tolerance"":1e-08,""solve_seconds"":0.19343069987371564,""status"":0,""time_limit_seconds"":30.0}]",0.026555299991741776,"{""2025"":{""allowance"":9.663381206337363e-13,""available_after_reserve"":1.9326762412674725e-12,""numerical_guard"":9.663381206337363e-13,""remaining"":1.9326762412674725e-12,""terminal_reserve"":0.0},""2026"":{""allowance"":217.58614663332398,""available_after_reserve"":217.58614763332398,""numerical_guard"":1e-06,""remaining"":218.12962589419354,""terminal_reserve"":0.5434782608695652}}",0.018373799975961447,PASS,153013.48275315555,835.1898958333426,458,192
458,2026-04-03T21:00:00Z,783,1537,4512,514,60,209,0,Optimization terminated successfully. (HiGHS Status 7: Optimal),9.417809508666678e-05,177056.83884014783,177047.30917118813,5.3825550946314416e-05,51,2.390142400050536,False,"[{""message"":""Optimization terminated successfully. (HiGHS Status 7: Optimal)"",""mip_feasibility_tolerance"":1e-08,""presolve"":true,""primal_feasibility_tolerance"":1e-08,""solve_seconds"":2.3901371001265943,""status"":0,""time_limit_seconds"":30.0}]",0.03129379986785352,"{""2025"":{""allowance"":9.663381206337363e-13,""available_after_reserve"":1.9326762412674725e-12,""numerical_guard"":9.663381206337363e-13,""remaining"":1.9326762412674725e-12,""terminal_reserve"":0.0},""2026"":{""allowance"":215.49103442623212,""available_after_reserve"":215.49103542623212,""numerical_guard"":1e-06,""remaining"":216.03451368710168,""terminal_reserve"":0.5434782608695652}}",0.0153137999586761,PASS,176701.1124524382,346.1967187500008,427,192
459,2026-04-04T21:00:00Z,676,1335,3832,448,52,176,0,Optimization terminated successfully. (HiGHS Status 7: Optimal),5.245876322725803e-06,219492.16404454142,219491.53728855524,2.855490439087435e-06,1,0.1800788000691682,False,"[{""message"":""Optimization terminated successfully. (HiGHS Status 7: Optimal)"",""mip_feasibility_tolerance"":1e-08,""presolve"":true,""primal_feasibility_tolerance"":1e-08,""solve_seconds"":0.18007360002957284,""status"":0,""time_limit_seconds"":30.0}]",0.021079299971461296,"{""2025"":{""allowance"":9.663381206337363e-13,""available_after_reserve"":1.9326762412674725e-12,""numerical_guard"":9.663381206337363e-13,""remaining"":1.9326762412674725e-12,""terminal_reserve"":0.0},""2026"":{""allowance"":213.57330901811008,""available_after_reserve"":213.57331001811008,""numerical_guard"":1e-06,""remaining"":214.11678827897964,""terminal_reserve"":0.5434782608695652}}",0.014397900085896254,PASS,218805.30114272202,686.2361458333235,385,192
460,2026-04-05T21:00:00Z,750,1471,4301,492,60,198,0,Optimization terminated successfully. (HiGHS Status 7: Optimal),2.9632624870010522e-05,218443.4881245108,218440.4950515817,1.370200579515644e-05,1,0.18150689988397062,False,"[{""message"":""Optimization terminated successfully. (HiGHS Status 7: Optimal)"",""mip_feasibility_tolerance"":1e-08,""presolve"":true,""primal_feasibility_tolerance"":1e-08,""solve_seconds"":0.1815021000802517,""status"":0,""time_limit_seconds"":30.0}]",0.021228899946436286,"{""2025"":{""allowance"":9.663381206337363e-13,""available_after_reserve"":1.9326762412674725e-12,""numerical_guard"":9.663381206337363e-13,""remaining"":1.9326762412674725e-12,""terminal_reserve"":0.0},""2026"":{""allowance"":210.6318145622728,""available_after_reserve"":210.6318155622728,""numerical_guard"":1e-06,""remaining"":211.17529382314237,""terminal_reserve"":0.5434782608695652}}",0.013946000020951033,PASS,217432.72369741474,1007.7713541666493,374,192
461,2026-04-06T21:00:00Z,788,1544,4543,516,62,210,0,Optimization terminated successfully. (HiGHS Status 7: Optimal),8.62990898770221e-05,220100.9723298976,220090.47517373995,4.7694731675083166e-05,1,0.2568863001652062,False,"[{""message"":""Optimization terminated successfully. (HiGHS Status 7: Optimal)"",""mip_feasibility_tolerance"":1e-08,""presolve"":true,""primal_feasibility_tolerance"":1e-08,""solve_seconds"":0.25688050012104213,""status"":0,""time_limit_seconds"":30.0}]",0.029253799933940172,"{""2025"":{""allowance"":9.663381206337363e-13,""available_after_reserve"":1.9326762412674725e-12,""numerical_guard"":9.663381206337363e-13,""remaining"":1.9326762412674725e-12,""terminal_reserve"":0.0},""2026"":{""allowance"":207.9366889044046,""available_after_reserve"":207.9366899044046,""numerical_guard"":1e-06,""remaining"":208.48016816527416,""terminal_reserve"":0.5434782608695652}}",0.017866400070488453,PASS,219167.39413207304,923.0810416666803,408,192
462,2026-04-07T21:00:00Z,886,1728,5164,576,70,240,0,Optimization terminated successfully. (HiGHS Status 7: Optimal),3.7392643289063457e-06,223482.42601734895,223482.03553331684,1.7472725768443682e-06,1,0.2045263999607414,False,"[{""message"":""Optimization terminated successfully. (HiGHS Status 7: Optimal)"",""mip_feasibility_tolerance"":1e-08,""presolve"":true,""primal_feasibility_tolerance"":1e-08,""solve_seconds"":0.20452039991505444,""status"":0,""time_limit_seconds"":30.0}]",0.12082279985770583,"{""2025"":{""allowance"":9.663381206337363e-13,""available_after_reserve"":1.9326762412674725e-12,""numerical_guard"":9.663381206337363e-13,""remaining"":1.9326762412674725e-12,""terminal_reserve"":0.0},""2026"":{""allowance"":205.73527644839984,""available_after_reserve"":205.73527744839984,""numerical_guard"":1e-06,""remaining"":206.2787557092694,""terminal_reserve"":0.5434782608695652}}",0.016127499984577298,PASS,222330.3069395668,1151.7285937499942,450,192
463,2026-04-08T21:00:00Z,895,1746,5224,582,70,243,0,Optimization terminated successfully. (HiGHS Status 7: Optimal),3.1544411226550572e-16,193525.52779074654,193525.52779074654,0.0,1,0.24373019998893142,False,"[{""message"":""Optimization terminated successfully. (HiGHS Status 7: Optimal)"",""mip_feasibility_tolerance"":1e-08,""presolve"":true,""primal_feasibility_tolerance"":1e-08,""solve_seconds"":0.24372510006651282,""status"":0,""time_limit_seconds"":30.0}]",0.02672820002771914,"{""2025"":{""allowance"":9.663381206337363e-13,""available_after_reserve"":1.9326762412674725e-12,""numerical_guard"":9.663381206337363e-13,""remaining"":1.9326762412674725e-12,""terminal_reserve"":0.0},""2026"":{""allowance"":203.4781882816048,""available_after_reserve"":203.47818928160478,""numerical_guard"":1e-06,""remaining"":204.02166754247435,""terminal_reserve"":0.5434782608695652}}",0.01819580001756549,PASS,192159.99023866348,1365.537552083355,483,192
464,2026-04-09T21:00:00Z,869,1697,5056,566,68,235,0,Optimization terminated successfully. (HiGHS Status 7: Optimal),0.0,173699.06876099898,173699.068760999,0.0,1,0.23555659991689026,False,"[{""message"":""Optimization terminated successfully. (HiGHS Status 7: Optimal)"",""mip_feasibility_tolerance"":1e-08,""presolve"":true,""primal_feasibility_tolerance"":1e-08,""solve_seconds"":0.235548899974674,""status"":0,""time_limit_seconds"":30.0}]",0.031139399856328964,"{""2025"":{""allowance"":9.663381206337363e-13,""available_after_reserve"":1.9326762412674725e-12,""numerical_guard"":9.663381206337363e-13,""remaining"":1.9326762412674725e-12,""terminal_reserve"":0.0},""2026"":{""allowance"":201.1902043535149,""available_after_reserve"":201.1902053535149,""numerical_guard"":1e-06,""remaining"":201.73368361438446,""terminal_reserve"":0.5434782608695652}}",0.02145530004054308,PASS,172698.29563599915,1000.7731250000074,478,192
465,2026-04-10T21:00:00Z,910,1776,5319,592,70,248,0,Optimization terminated successfully. (HiGHS Status 7: Optimal),1.65807803381371e-06,180351.7733042508,180351.6104660615,9.028929038104416e-07,1,0.26047320012003183,False,"[{""message"":""Optimization terminated successfully. (HiGHS Status 7: Optimal)"",""mip_feasibility_tolerance"":1e-08,""presolve"":true,""primal_feasibility_tolerance"":1e-08,""solve_seconds"":0.260467299958691,""status"":0,""time_limit_seconds"":30.0}]",0.0280455001629889,"{""2025"":{""allowance"":9.663381206337363e-13,""available_after_reserve"":1.9326762412674725e-12,""numerical_guard"":9.663381206337363e-13,""remaining"":1.9326762412674725e-12,""terminal_reserve"":0.0},""2026"":{""allowance"":199.65307540444377,""available_after_reserve"":199.65307640444377,""numerical_guard"":1e-06,""remaining"":200.19655466531333,""terminal_reserve"":0.5434782608695652}}",0.018281100085005164,PASS,179413.3326535614,938.2778125000012,483,192
466,2026-04-11T21:00:00Z,817,1599,4729,534,64,219,0,Optimization terminated successfully. (HiGHS Status 7: Optimal),3.646543868050889e-07,177642.45901750194,177642.42911922355,1.6830595333749479e-07,1,0.16192230000160635,False,"[{""message"":""Optimization terminated successfully. (HiGHS Status 7: Optimal)"",""mip_feasibility_tolerance"":1e-08,""presolve"":true,""primal_feasibility_tolerance"":1e-08,""solve_seconds"":0.1619100000243634,""status"":0,""time_limit_seconds"":30.0}]",0.026809300063177943,"{""2025"":{""allowance"":9.663381206337363e-13,""available_after_reserve"":1.9326762412674725e-12,""numerical_guard"":9.663381206337363e-13,""remaining"":1.9326762412674725e-12,""terminal_reserve"":0.0},""2026"":{""allowance"":198.05810264773635,""available_after_reserve"":198.05810364773635,""numerical_guard"":1e-06,""remaining"":198.6015819086059,""terminal_reserve"":0.5434782608695652}}",0.022325500147417188,PASS,176556.92854630676,1085.5005729166621,467,192
467,2026-04-12T21:00:00Z,880,1716,5126,572,70,238,0,Optimization terminated successfully. (HiGHS Status 7: Optimal),4.943377920430224e-05,175198.81547599193,175194.04801535484,2.7212457792331864e-05,1,0.1964614000171423,False,"[{""message"":""Optimization terminated successfully. (HiGHS Status 7: Optimal)"",""mip_feasibility_tolerance"":1e-08,""presolve"":true,""primal_feasibility_tolerance"":1e-08,""solve_seconds"":0.19645539997145534,""status"":0,""time_limit_seconds"":30.0}]",0.03514580009505153,"{""2025"":{""allowance"":9.663381206337363e-13,""available_after_reserve"":1.9326762412674725e-12,""numerical_guard"":9.663381206337363e-13,""remaining"":1.9326762412674725e-12,""terminal_reserve"":0.0},""2026"":{""allowance"":196.44562764936597,""available_after_reserve"":196.44562864936597,""numerical_guard"":1e-06,""remaining"":196.98910691023553,""terminal_reserve"":0.5434782608695652}}",0.0201257998123765,PASS,173588.88160910484,1605.1664062499751,457,192
468,2026-04-13T21:00:00Z,815,1589,4714,530,68,217,0,Optimization terminated successfully. (HiGHS Status 7: Optimal),0.0,197668.3371954533,197668.3371954533,0.0,1,0.1482082000002265,False,"[{""message"":""Optimization terminated successfully. (HiGHS Status 7: Optimal)"",""mip_feasibility_tolerance"":1e-08,""presolve"":true,""primal_feasibility_tolerance"":1e-08,""solve_seconds"":0.1481980001553893,""status"":0,""time_limit_seconds"":30.0}]",0.03669800003990531,"{""2025"":{""allowance"":9.663381206337363e-13,""available_after_reserve"":1.9326762412674725e-12,""numerical_guard"":9.663381206337363e-13,""remaining"":1.9326762412674725e-12,""terminal_reserve"":0.0},""2026"":{""allowance"":194.15810637675585,""available_after_reserve"":194.15810737675585,""numerical_guard"":1e-06,""remaining"":194.7015856376254,""terminal_reserve"":0.5434782608695652}}",0.015425000106915832,PASS,195762.39450228526,1905.9426931679748,455,192
469,2026-04-14T21:00:00Z,836,1631,4843,544,68,224,0,Optimization terminated successfully. (HiGHS Status 7: Optimal),1.2238967489814381e-06,224610.2314633117,224610.08029600652,6.73021019302305e-07,1,0.13656739983707666,False,"[{""message"":""Optimization terminated successfully. (HiGHS Status 7: Optimal)"",""mip_feasibility_tolerance"":1e-08,""presolve"":true,""primal_feasibility_tolerance"":1e-08,""solve_seconds"":0.13656150014139712,""status"":0,""time_limit_seconds"":30.0}]",0.03210059995763004,"{""2025"":{""allowance"":9.663381206337363e-13,""available_after_reserve"":1.9326762412674725e-12,""numerical_guard"":9.663381206337363e-13,""remaining"":1.9326762412674725e-12,""terminal_reserve"":0.0},""2026"":{""allowance"":192.1723974008748,""available_after_reserve"":192.17239840087478,""numerical_guard"":1e-06,""remaining"":192.71587666174435,""terminal_reserve"":0.5434782608695652}}",0.014067500131204724,PASS,223218.3574835066,1391.7228125000006,441,192
470,2026-04-15T21:00:00Z,889,1734,5183,578,70,241,0,Optimization terminated successfully. (HiGHS Status 7: Optimal),0.0,207113.69612064166,207113.69612064166,0.0,1,0.20279660006053746,False,"[{""message"":""Optimization terminated successfully. (HiGHS Status 7: Optimal)"",""mip_feasibility_tolerance"":1e-08,""presolve"":true,""primal_feasibility_tolerance"":1e-08,""solve_seconds"":0.2027890000026673,""status"":0,""time_limit_seconds"":30.0}]",0.10818179999478161,"{""2025"":{""allowance"":9.663381206337363e-13,""available_after_reserve"":1.9326762412674725e-12,""numerical_guard"":9.663381206337363e-13,""remaining"":1.9326762412674725e-12,""terminal_reserve"":0.0},""2026"":{""allowance"":189.83436614073008,""available_after_reserve"":189.83436714073008,""numerical_guard"":1e-06,""remaining"":190.37784540159964,""terminal_reserve"":0.5434782608695652}}",0.014562999829649925,PASS,205964.73471439185,1148.9614062499975,465,192
471,2026-04-16T21:00:00Z,824,1616,4773,540,62,222,0,Optimization terminated successfully. (HiGHS Status 7: Optimal),3.390111778625568e-05,177138.13178579006,177134.98352144804,1.7773249978232403e-05,1,0.23760840017348528,False,"[{""message"":""Optimization terminated successfully. (HiGHS Status 7: Optimal)"",""mip_feasibility_tolerance"":1e-08,""presolve"":true,""primal_feasibility_tolerance"":1e-08,""solve_seconds"":0.23760160012170672,""status"":0,""time_limit_seconds"":30.0}]",0.025302099995315075,"{""2025"":{""allowance"":9.663381206337363e-13,""available_after_reserve"":1.9326762412674725e-12,""numerical_guard"":9.663381206337363e-13,""remaining"":1.9326762412674725e-12,""terminal_reserve"":0.0},""2026"":{""allowance"":187.63239355149616,""available_after_reserve"":187.63239455149616,""numerical_guard"":1e-06,""remaining"":188.17587281236572,""terminal_reserve"":0.5434782608695652}}",0.021598999854177237,PASS,176275.20159436465,859.7819270833331,463,192
472,2026-04-17T21:00:00Z,877,1710,5109,570,70,237,0,Optimization terminated successfully. (HiGHS Status 7: Optimal),7.693202361060165e-07,170608.2356735883,170608.17415770036,3.605682332689051e-07,1,0.4157014999072999,False,"[{""message"":""Optimization terminated successfully. (HiGHS Status 7: Optimal)"",""mip_feasibility_tolerance"":1e-08,""presolve"":true,""primal_feasibility_tolerance"":1e-08,""solve_seconds"":0.4156947999726981,""status"":0,""time_limit_seconds"":30.0}]",0.03180160000920296,"{""2025"":{""allowance"":9.663381206337363e-13,""available_after_reserve"":1.9326762412674725e-12,""numerical_guard"":9.663381206337363e-13,""remaining"":1.9326762412674725e-12,""terminal_reserve"":0.0},""2026"":{""allowance"":185.442184127187,""available_after_reserve"":185.442185127187,""numerical_guard"":1e-06,""remaining"":185.98566338805657,""terminal_reserve"":0.5434782608695652}}",0.01822059997357428,PASS,169768.59269936712,839.5814583333297,459,192
473,2026-04-18T21:00:00Z,761,1490,4374,498,62,201,0,Optimization terminated successfully. (HiGHS Status 7: Optimal),0.0,180708.67083716992,180708.67083716992,0.0,1,0.1446165000088513,False,"[{""message"":""Optimization terminated successfully. (HiGHS Status 7: Optimal)"",""mip_feasibility_tolerance"":1e-08,""presolve"":true,""primal_feasibility_tolerance"":1e-08,""solve_seconds"":0.1446114000864327,""status"":0,""time_limit_seconds"":30.0}]",0.02396159991621971,"{""2025"":{""allowance"":9.663381206337363e-13,""available_after_reserve"":1.9326762412674725e-12,""numerical_guard"":9.663381206337363e-13,""remaining"":1.9326762412674725e-12,""terminal_reserve"":0.0},""2026"":{""allowance"":183.73269902805683,""available_after_reserve"":183.73270002805683,""numerical_guard"":1e-06,""remaining"":184.2761782889264,""terminal_reserve"":0.5434782608695652}}",0.01448730006814003,PASS,179523.9851600866,1184.6856770833203,438,192
474,2026-04-19T21:00:00Z,807,1585,4664,530,60,217,0,Optimization terminated successfully. (HiGHS Status 7: Optimal),1.098590250622915e-05,190571.81571181727,190570.8206461782,5.221500519772175e-06,1,0.13671789993532002,False,"[{""message"":""Optimization terminated successfully. (HiGHS Status 7: Optimal)"",""mip_feasibility_tolerance"":1e-08,""presolve"":true,""primal_feasibility_tolerance"":1e-08,""solve_seconds"":0.13671059999614954,""status"":0,""time_limit_seconds"":30.0}]",0.02920099999755621,"{""2025"":{""allowance"":9.663381206337363e-13,""available_after_reserve"":1.9326762412674725e-12,""numerical_guard"":9.663381206337363e-13,""remaining"":1.9326762412674725e-12,""terminal_reserve"":0.0},""2026"":{""allowance"":182.2691918370862,""available_after_reserve"":182.2691928370862,""numerical_guard"":1e-06,""remaining"":182.81267109795576,""terminal_reserve"":0.5434782608695652}}",0.016203799983486533,PASS,189221.25611492843,1349.5645312499996,418,192
475,2026-04-20T21:00:00Z,795,1561,4589,522,60,213,0,Optimization terminated successfully. (HiGHS Status 7: Optimal),0.0,181441.12883904114,181441.1288390411,1.6040371134679232e-16,1,0.1844118998851627,False,"[{""message"":""Optimization terminated successfully. (HiGHS Status 7: Optimal)"",""mip_feasibility_tolerance"":1e-08,""presolve"":true,""primal_feasibility_tolerance"":1e-08,""solve_seconds"":0.18440539995208383,""status"":0,""time_limit_seconds"":30.0}]",0.029143600026145577,"{""2025"":{""allowance"":9.663381206337363e-13,""available_after_reserve"":1.9326762412674725e-12,""numerical_guard"":9.663381206337363e-13,""remaining"":1.9326762412674725e-12,""terminal_reserve"":0.0},""2026"":{""allowance"":180.07046449164505,""available_after_reserve"":180.07046549164505,""numerical_guard"":1e-06,""remaining"":180.61394375251461,""terminal_reserve"":0.5434782608695652}}",0.016701600048691034,PASS,180100.9236307079,1340.205208333331,430,192
476,2026-04-21T21:00:00Z,725,1427,4145,478,56,191,0,Optimization terminated successfully. (HiGHS Status 7: Optimal),1.2323045192650432e-06,207014.06553628697,207013.9227487693,6.897483790637837e-07,1,0.14489170000888407,False,"[{""message"":""Optimization terminated successfully. (HiGHS Status 7: Optimal)"",""mip_feasibility_tolerance"":1e-08,""presolve"":true,""primal_feasibility_tolerance"":1e-08,""solve_seconds"":0.14488600008189678,""status"":0,""time_limit_seconds"":30.0}]",0.025834199972450733,"{""2025"":{""allowance"":9.663381206337363e-13,""available_after_reserve"":1.9326762412674725e-12,""numerical_guard"":9.663381206337363e-13,""remaining"":1.9326762412674725e-12,""terminal_reserve"":0.0},""2026"":{""allowance"":177.5699573365167,""available_after_reserve"":177.5699583365167,""numerical_guard"":1e-06,""remaining"":178.11343659738625,""terminal_reserve"":0.5434782608695652}}",0.020498899975791574,PASS,206001.49629043613,1012.42645833333,404,192
477,2026-04-22T21:00:00Z,826,1617,4784,540,64,222,0,Optimization terminated successfully. (HiGHS Status 7: Optimal),3.813005870639509e-05,235183.55008820508,235178.89994185066,1.977280425912432e-05,1,0.23711870005354285,False,"[{""message"":""Optimization terminated successfully. (HiGHS Status 7: Optimal)"",""mip_feasibility_tolerance"":1e-08,""presolve"":true,""primal_feasibility_tolerance"":1e-08,""solve_seconds"":0.23711340012960136,""status"":0,""time_limit_seconds"":30.0}]",0.024734499864280224,"{""2025"":{""allowance"":9.663381206337363e-13,""available_after_reserve"":1.9326762412674725e-12,""numerical_guard"":9.663381206337363e-13,""remaining"":1.9326762412674725e-12,""terminal_reserve"":0.0},""2026"":{""allowance"":174.82249500415585,""available_after_reserve"":174.82249600415585,""numerical_guard"":1e-06,""remaining"":175.36597426502541,""terminal_reserve"":0.5434782608695652}}",0.023144999984651804,PASS,234148.9982751841,1029.901666666664,413,192
478,2026-04-23T21:00:00Z,881,1721,5135,574,68,239,0,Optimization terminated successfully. (HiGHS Status 7: Optimal),9.880109585114518e-05,214826.82292940386,214817.41222239158,4.3807933979495254e-05,357,7.0274954999331385,False,"[{""message"":""Optimization terminated successfully. (HiGHS Status 7: Optimal)"",""mip_feasibility_tolerance"":1e-08,""presolve"":true,""primal_feasibility_tolerance"":1e-08,""solve_seconds"":7.027487900108099,""status"":0,""time_limit_seconds"":30.0}]",0.03417549980804324,"{""2025"":{""allowance"":9.663381206337363e-13,""available_after_reserve"":1.9326762412674725e-12,""numerical_guard"":9.663381206337363e-13,""remaining"":1.9326762412674725e-12,""terminal_reserve"":0.0},""2026"":{""allowance"":172.7667871228018,""available_after_reserve"":172.76678812280178,""numerical_guard"":1e-06,""remaining"":173.31026638367135,""terminal_reserve"":0.5434782608695652}}",0.02548189996741712,PASS,214151.60055572502,665.8116666666745,461,192
479,2026-04-24T21:00:00Z,796,1557,4592,520,64,212,0,Optimization terminated successfully. (HiGHS Status 7: Optimal),9.826126780595437e-05,224097.2910228834,224084.4811856219,5.7165213734255764e-05,29,2.48681930010207,False,"[{""message"":""Optimization terminated successfully. (HiGHS Status 7: Optimal)"",""mip_feasibility_tolerance"":1e-08,""presolve"":true,""primal_feasibility_tolerance"":1e-08,""solve_seconds"":2.4868127999361604,""status"":0,""time_limit_seconds"":30.0}]",0.1117376999463886,"{""2025"":{""allowance"":9.663381206337363e-13,""available_after_reserve"":1.9326762412674725e-12,""numerical_guard"":9.663381206337363e-13,""remaining"":1.9326762412674725e-12,""terminal_reserve"":0.0},""2026"":{""allowance"":170.2990779844551,""available_after_reserve"":170.2990789844551,""numerical_guard"":1e-06,""remaining"":170.84255724532466,""terminal_reserve"":0.5434782608695652}}",0.01600539986975491,PASS,223670.55066478878,413.93052083337415,451,192
480,2026-04-25T21:00:00Z,811,1587,4688,530,64,217,0,Optimization terminated successfully. (HiGHS Status 7: Optimal),1.6427795950030455e-05,252271.82690046902,252269.79789358677,8.04300355885814e-06,1,0.047484499868005514,False,"[{""message"":""Optimization terminated successfully. (HiGHS Status 7: Optimal)"",""mip_feasibility_tolerance"":1e-08,""presolve"":true,""primal_feasibility_tolerance"":1e-08,""solve_seconds"":0.047479000175371766,""status"":0,""time_limit_seconds"":30.0}]",0.025181700009852648,"{""2025"":{""allowance"":9.663381206337363e-13,""available_after_reserve"":1.9326762412674725e-12,""numerical_guard"":9.663381206337363e-13,""remaining"":1.9326762412674725e-12,""terminal_reserve"":0.0},""2026"":{""allowance"":168.34686238955373,""available_after_reserve"":168.34686338955373,""numerical_guard"":1e-06,""remaining"":168.8903416504233,""terminal_reserve"":0.5434782608695652}}",0.015140800038352609,PASS,251193.80278942038,1075.9951041666548,429,192
481,2026-04-26T21:00:00Z,879,1711,5121,570,72,237,0,Optimization terminated successfully. (HiGHS Status 7: Optimal),4.540540505192564e-06,224984.6797531893,224984.20667292326,2.1027265559221386e-06,1,0.18606320000253618,False,"[{""message"":""Optimization terminated successfully. (HiGHS Status 7: Optimal)"",""mip_feasibility_tolerance"":1e-08,""presolve"":true,""primal_feasibility_tolerance"":1e-08,""solve_seconds"":0.18605770007707179,""status"":0,""time_limit_seconds"":30.0}]",0.027353900019079447,"{""2025"":{""allowance"":9.663381206337363e-13,""available_after_reserve"":1.9326762412674725e-12,""numerical_guard"":9.663381206337363e-13,""remaining"":1.9326762412674725e-12,""terminal_reserve"":0.0},""2026"":{""allowance"":166.4615737180705,""available_after_reserve"":166.4615747180705,""numerical_guard"":1e-06,""remaining"":167.00505297894006,""terminal_reserve"":0.5434782608695652}}",0.018772499868646264,PASS,224009.3361000068,974.8705729166537,454,192
482,2026-04-27T21:00:00Z,805,1575,4652,526,64,215,0,Optimization terminated successfully. (HiGHS Status 7: Optimal),1.4310860181848238e-16,203104.70306173497,203104.70306173497,0.0,1,0.11124260001815856,False,"[{""message"":""Optimization terminated successfully. (HiGHS Status 7: Optimal)"",""mip_feasibility_tolerance"":1e-08,""presolve"":true,""primal_feasibility_tolerance"":1e-08,""solve_seconds"":0.1112355999648571,""status"":0,""time_limit_seconds"":30.0}]",0.02768209995701909,"{""2025"":{""allowance"":9.663381206337363e-13,""available_after_reserve"":1.9326762412674725e-12,""numerical_guard"":9.663381206337363e-13,""remaining"":1.9326762412674725e-12,""terminal_reserve"":0.0},""2026"":{""allowance"":164.11160392660992,""available_after_reserve"":164.1116049266099,""numerical_guard"":1e-06,""remaining"":164.65508318747948,""terminal_reserve"":0.5434782608695652}}",0.015924599952995777,PASS,201835.6433221516,1269.0597395833472,452,192
483,2026-04-28T21:00:00Z,808,1581,4671,528,64,216,0,Optimization terminated successfully. (HiGHS Status 7: Optimal),2.6453294115432437e-05,211407.31988225656,211404.3346705332,1.4120863358927997e-05,1,0.2731882000807673,False,"[{""message"":""Optimization terminated successfully. (HiGHS Status 7: Optimal)"",""mip_feasibility_tolerance"":1e-08,""presolve"":true,""primal_feasibility_tolerance"":1e-08,""solve_seconds"":0.2731814000289887,""status"":0,""time_limit_seconds"":30.0}]",0.030739400070160627,"{""2025"":{""allowance"":9.663381206337363e-13,""available_after_reserve"":1.9326762412674725e-12,""numerical_guard"":9.663381206337363e-13,""remaining"":1.9326762412674725e-12,""terminal_reserve"":0.0},""2026"":{""allowance"":162.2473357362457,""available_after_reserve"":162.2473367362457,""numerical_guard"":1e-06,""remaining"":162.79081499711526,""terminal_reserve"":0.5434782608695652}}",0.021097500110045075,PASS,210349.12102469962,1055.2136458333114,431,192
484,2026-04-29T21:00:00Z,822,1606,4755,536,66,220,0,Optimization terminated successfully. (HiGHS Status 7: Optimal),0.0,243336.14876404562,243336.14876404562,0.0,1,0.24758740002289414,False,"[{""message"":""Optimization terminated successfully. (HiGHS Status 7: Optimal)"",""mip_feasibility_tolerance"":1e-08,""presolve"":true,""primal_feasibility_tolerance"":1e-08,""solve_seconds"":0.2475809999741614,""status"":0,""time_limit_seconds"":30.0}]",0.03651949996128678,"{""2025"":{""allowance"":9.663381206337363e-13,""available_after_reserve"":1.9326762412674725e-12,""numerical_guard"":9.663381206337363e-13,""remaining"":1.9326762412674725e-12,""terminal_reserve"":0.0},""2026"":{""allowance"":160.15021428266695,""available_after_reserve"":160.15021528266695,""numerical_guard"":1e-06,""remaining"":160.6936935435365,""terminal_reserve"":0.5434782608695652}}",0.0195335999596864,PASS,242378.12569112898,958.0230729166612,436,192
485,2026-04-30T21:00:00Z,933,1819,5465,606,72,255,0,Optimization terminated successfully. (HiGHS Status 7: Optimal),1.5684921172282494e-05,222129.88085160154,222128.4472177028,6.454076083866217e-06,1,0.19430959993042052,False,"[{""message"":""Optimization terminated successfully. (HiGHS Status 7: Optimal)"",""mip_feasibility_tolerance"":1e-08,""presolve"":true,""primal_feasibility_tolerance"":1e-08,""solve_seconds"":0.19430359988473356,""status"":0,""time_limit_seconds"":30.0}]",0.03182310005649924,"{""2025"":{""allowance"":9.663381206337363e-13,""available_after_reserve"":1.9326762412674725e-12,""numerical_guard"":9.663381206337363e-13,""remaining"":1.9326762412674725e-12,""terminal_reserve"":0.0},""2026"":{""allowance"":157.72612251199527,""available_after_reserve"":157.72612351199527,""numerical_guard"":1e-06,""remaining"":158.26960177286483,""terminal_reserve"":0.5434782608695652}}",0.018809699919074774,PASS,221250.05086353593,878.3963541666759,475,192
486,2026-05-01T21:00:00Z,824,1607,4769,536,68,220,0,Optimization terminated successfully. (HiGHS Status 7: Optimal),1.4035806848643745e-05,190302.04588324338,190300.6262874276,7.459753777273789e-06,1,0.39241189998574555,False,"[{""message"":""Optimization terminated successfully. (HiGHS Status 7: Optimal)"",""mip_feasibility_tolerance"":1e-08,""presolve"":true,""primal_feasibility_tolerance"":1e-08,""solve_seconds"":0.3924064999446273,""status"":0,""time_limit_seconds"":30.0}]",0.03486799984239042,"{""2025"":{""allowance"":9.663381206337363e-13,""available_after_reserve"":1.9326762412674725e-12,""numerical_guard"":9.663381206337363e-13,""remaining"":1.9326762412674725e-12,""terminal_reserve"":0.0},""2026"":{""allowance"":155.96444890161806,""available_after_reserve"":155.96444990161805,""numerical_guard"":1e-06,""remaining"":156.50792816248762,""terminal_reserve"":0.5434782608695652}}",0.02104180003516376,PASS,189473.96795409406,826.6583333327831,475,192
487,2026-05-02T21:00:00Z,825,1612,4778,538,66,221,0,Optimization terminated successfully. (HiGHS Status 7: Optimal),0.0,203909.02038439095,203909.0203843909,2.8545897971428424e-16,1,0.24173810007050633,False,"[{""message"":""Optimization terminated successfully. (HiGHS Status 7: Optimal)"",""mip_feasibility_tolerance"":1e-08,""presolve"":true,""primal_feasibility_tolerance"":1e-08,""solve_seconds"":0.2417321999091655,""status"":0,""time_limit_seconds"":30.0}]",0.028922499855980277,"{""2025"":{""allowance"":9.663381206337363e-13,""available_after_reserve"":1.9326762412674725e-12,""numerical_guard"":9.663381206337363e-13,""remaining"":1.9326762412674725e-12,""terminal_reserve"":0.0},""2026"":{""allowance"":154.22551478046546,""available_after_reserve"":154.22551578046546,""numerical_guard"":1e-06,""remaining"":154.76899404133502,""terminal_reserve"":0.5434782608695652}}",0.025141300167888403,PASS,202648.94262397412,1260.0777604166567,441,192
488,2026-05-03T21:00:00Z,793,1551,4574,518,64,211,0,Optimization terminated successfully. (HiGHS Status 7: Optimal),0.0,222300.73748229488,222300.73748229488,0.0,1,0.23298249999061227,False,"[{""message"":""Optimization terminated successfully. (HiGHS Status 7: Optimal)"",""mip_feasibility_tolerance"":1e-08,""presolve"":true,""primal_feasibility_tolerance"":1e-08,""solve_seconds"":0.2329766999464482,""status"":0,""time_limit_seconds"":30.0}]",0.1191527999471873,"{""2025"":{""allowance"":9.663381206337363e-13,""available_after_reserve"":1.9326762412674725e-12,""numerical_guard"":9.663381206337363e-13,""remaining"":1.9326762412674725e-12,""terminal_reserve"":0.0},""2026"":{""allowance"":152.55518596770307,""available_after_reserve"":152.55518696770307,""numerical_guard"":1e-06,""remaining"":153.09866522857263,""terminal_reserve"":0.5434782608695652}}",0.01899880007840693,PASS,220849.1509495661,1451.5865327284776,432,192
489,2026-05-04T21:00:00Z,915,1783,5348,594,72,249,0,Optimization terminated successfully. (HiGHS Status 7: Optimal),0.0,198971.06988811132,198971.0698881113,1.4627166890694137e-16,1,0.29730919981375337,False,"[{""message"":""Optimization terminated successfully. (HiGHS Status 7: Optimal)"",""mip_feasibility_tolerance"":1e-08,""presolve"":true,""primal_feasibility_tolerance"":1e-08,""solve_seconds"":0.297302900115028,""status"":0,""time_limit_seconds"":30.0}]",0.03795650019310415,"{""2025"":{""allowance"":9.663381206337363e-13,""available_after_reserve"":1.9326762412674725e-12,""numerical_guard"":9.663381206337363e-13,""remaining"":1.9326762412674725e-12,""terminal_reserve"":0.0},""2026"":{""allowance"":150.2814666668283,""available_after_reserve"":150.2814676668283,""numerical_guard"":1e-06,""remaining"":150.82494592769785,""terminal_reserve"":0.5434782608695652}}",0.02686800016090274,PASS,197461.10671102811,1509.9631770833198,460,192
490,2026-05-05T21:00:00Z,909,1771,5311,590,72,247,0,Optimization terminated successfully. (HiGHS Status 7: Optimal),0.0,158228.40636772173,158228.40636772173,0.0,1,0.258452600101009,False,"[{""message"":""Optimization terminated successfully. (HiGHS Status 7: Optimal)"",""mip_feasibility_tolerance"":1e-08,""presolve"":true,""primal_feasibility_tolerance"":1e-08,""solve_seconds"":0.25844700005836785,""status"":0,""time_limit_seconds"":30.0}]",0.0371584000531584,"{""2025"":{""allowance"":9.663381206337363e-13,""available_after_reserve"":1.9326762412674725e-12,""numerical_guard"":9.663381206337363e-13,""remaining"":1.9326762412674725e-12,""terminal_reserve"":0.0},""2026"":{""allowance"":148.2847779541503,""available_after_reserve"":148.28477895415028,""numerical_guard"":1e-06,""remaining"":148.82825721501985,""terminal_reserve"":0.5434782608695652}}",0.025197699898853898,PASS,156611.2452218885,1617.1611458333257,496,192
491,2026-05-06T21:00:00Z,880,1716,5126,572,70,238,0,Optimization terminated successfully. (HiGHS Status 7: Optimal),5.197784348515919e-06,184404.81286255602,184404.24802582708,3.063035342116655e-06,1,0.2196080000139773,False,"[{""message"":""Optimization terminated successfully. (HiGHS Status 7: Optimal)"",""mip_feasibility_tolerance"":1e-08,""presolve"":true,""primal_feasibility_tolerance"":1e-08,""solve_seconds"":0.21959959995001554,""status"":0,""time_limit_seconds"":30.0}]",0.038984599988907576,"{""2025"":{""allowance"":9.663381206337363e-13,""available_after_reserve"":1.9326762412674725e-12,""numerical_guard"":9.663381206337363e-13,""remaining"":1.9326762412674725e-12,""terminal_reserve"":0.0},""2026"":{""allowance"":146.65231380861152,""available_after_reserve"":146.65231480861152,""numerical_guard"":1e-06,""remaining"":147.19579306948108,""terminal_reserve"":0.5434782608695652}}",0.025596699910238385,PASS,184404.248025827,-1.8017709990658658e-11,485,192
492,2026-05-07T21:00:00Z,883,1722,5147,574,70,239,0,Optimization terminated successfully. (HiGHS Status 7: Optimal),3.045439223141178e-16,201850.5660601381,201850.56606013805,2.883700652894151e-16,1,0.2327656999696046,False,"[{""message"":""Optimization terminated successfully. (HiGHS Status 7: Optimal)"",""mip_feasibility_tolerance"":1e-08,""presolve"":true,""primal_feasibility_tolerance"":1e-08,""solve_seconds"":0.23275929992087185,""status"":0,""time_limit_seconds"":30.0}]",0.03058960009366274,"{""2025"":{""allowance"":9.663381206337363e-13,""available_after_reserve"":1.9326762412674725e-12,""numerical_guard"":9.663381206337363e-13,""remaining"":1.9326762412674725e-12,""terminal_reserve"":0.0},""2026"":{""allowance"":144.7453381036363,""available_after_reserve"":144.7453391036363,""numerical_guard"":1e-06,""remaining"":145.28881736450586,""terminal_reserve"":0.5434782608695652}}",0.022900499869138002,PASS,200456.06887263805,1394.497187500057,477,192
493,2026-05-08T21:00:00Z,918,1789,5367,596,72,250,0,Optimization terminated successfully. (HiGHS Status 7: Optimal),1.1802332970643077e-05,182209.82966838428,182208.76634010157,5.83576906897621e-06,1,0.3694154000841081,False,"[{""message"":""Optimization terminated successfully. (HiGHS Status 7: Optimal)"",""mip_feasibility_tolerance"":1e-08,""presolve"":true,""primal_feasibility_tolerance"":1e-08,""solve_seconds"":0.3694101001601666,""status"":0,""time_limit_seconds"":30.0}]",0.027886700117960572,"{""2025"":{""allowance"":9.663381206337363e-13,""available_after_reserve"":1.9326762412674725e-12,""numerical_guard"":9.663381206337363e-13,""remaining"":1.9326762412674725e-12,""terminal_reserve"":0.0},""2026"":{""allowance"":142.4695771824148,""available_after_reserve"":142.4695781824148,""numerical_guard"":1e-06,""remaining"":143.01305644328437,""terminal_reserve"":0.5434782608695652}}",0.02491779997944832,PASS,181032.27920468483,1176.4871354166746,489,192
494,2026-05-09T21:00:00Z,837,1636,4855,546,66,225,0,Optimization terminated successfully. (HiGHS Status 7: Optimal),6.588642953500551e-06,163594.1488787117,163593.6422593623,3.0968156366974733e-06,1,0.7742999999318272,False,"[{""message"":""Optimization terminated successfully. (HiGHS Status 7: Optimal)"",""mip_feasibility_tolerance"":1e-08,""presolve"":true,""primal_feasibility_tolerance"":1e-08,""solve_seconds"":0.7742927998770028,""status"":0,""time_limit_seconds"":30.0}]",0.03213589987717569,"{""2025"":{""allowance"":9.663381206337363e-13,""available_after_reserve"":1.9326762412674725e-12,""numerical_guard"":9.663381206337363e-13,""remaining"":1.9326762412674725e-12,""terminal_reserve"":0.0},""2026"":{""allowance"":140.57307567787257,""available_after_reserve"":140.57307667787256,""numerical_guard"":1e-06,""remaining"":141.11655493874213,""terminal_reserve"":0.5434782608695652}}",0.015595899894833565,PASS,161998.32153019548,1595.3207291666674,475,192
495,2026-05-10T21:00:00Z,832,1629,4824,544,64,224,0,Optimization terminated successfully. (HiGHS Status 7: Optimal),2.2534544416472123e-06,195544.24862077384,195543.9721257671,1.4139786757144619e-06,1,0.19621109985746443,False,"[{""message"":""Optimization terminated successfully. (HiGHS Status 7: Optimal)"",""mip_feasibility_tolerance"":1e-08,""presolve"":true,""primal_feasibility_tolerance"":1e-08,""solve_seconds"":0.19620519992895424,""status"":0,""time_limit_seconds"":30.0}]",0.025885399896651506,"{""2025"":{""allowance"":9.663381206337363e-13,""available_after_reserve"":1.9326762412674725e-12,""numerical_guard"":9.663381206337363e-13,""remaining"":1.9326762412674725e-12,""terminal_reserve"":0.0},""2026"":{""allowance"":138.86017330108183,""available_after_reserve"":138.86017430108183,""numerical_guard"":1e-06,""remaining"":139.4036525619514,""terminal_reserve"":0.5434782608695652}}",0.015308500034734607,PASS,194074.51889660035,1469.4532291666735,449,192
496,2026-05-11T21:00:00Z,889,1734,5184,578,70,241,0,Optimization terminated successfully. (HiGHS Status 7: Optimal),4.914473623495393e-05,220533.96769610245,220528.96802313093,2.267127541718661e-05,1,0.26719949999824166,False,"[{""message"":""Optimization terminated successfully. (HiGHS Status 7: Optimal)"",""mip_feasibility_tolerance"":1e-08,""presolve"":true,""primal_feasibility_tolerance"":1e-08,""solve_seconds"":0.26719299983233213,""status"":0,""time_limit_seconds"":30.0}]",0.13836080022156239,"{""2025"":{""allowance"":9.663381206337363e-13,""available_after_reserve"":1.9326762412674725e-12,""numerical_guard"":9.663381206337363e-13,""remaining"":1.9326762412674725e-12,""terminal_reserve"":0.0},""2026"":{""allowance"":136.7664445235045,""available_after_reserve"":136.7664455235045,""numerical_guard"":1e-06,""remaining"":137.30992378437406,""terminal_reserve"":0.5434782608695652}}",0.020144399954006076,PASS,218956.5334918808,1572.4345312499936,465,192
497,2026-05-12T21:00:00Z,843,1648,4891,550,66,227,0,Optimization terminated successfully. (HiGHS Status 7: Optimal),7.852818795689631e-07,197239.42019319796,197239.34209182116,3.9597260856208593e-07,1,0.17530029988847673,False,"[{""message"":""Optimization terminated successfully. (HiGHS Status 7: Optimal)"",""mip_feasibility_tolerance"":1e-08,""presolve"":true,""primal_feasibility_tolerance"":1e-08,""solve_seconds"":0.17529239994473755,""status"":0,""time_limit_seconds"":30.0}]",0.034972199937328696,"{""2025"":{""allowance"":9.663381206337363e-13,""available_after_reserve"":1.9326762412674725e-12,""numerical_guard"":9.663381206337363e-13,""remaining"":1.9326762412674725e-12,""terminal_reserve"":0.0},""2026"":{""allowance"":134.13040399886722,""available_after_reserve"":134.13040499886722,""numerical_guard"":1e-06,""remaining"":134.67388325973678,""terminal_reserve"":0.5434782608695652}}",0.01987700001336634,PASS,195838.83735223784,1400.504739583326,468,192
498,2026-05-13T21:00:00Z,915,1783,5350,594,72,249,0,Optimization terminated successfully. (HiGHS Status 7: Optimal),0.0,174861.26821488285,174861.26821488288,0.0,1,0.20849860017187893,False,"[{""message"":""Optimization terminated successfully. (HiGHS Status 7: Optimal)"",""mip_feasibility_tolerance"":1e-08,""presolve"":true,""primal_feasibility_tolerance"":1e-08,""solve_seconds"":0.2084933000151068,""status"":0,""time_limit_seconds"":30.0}]",0.025082800071686506,"{""2025"":{""allowance"":9.663381206337363e-13,""available_after_reserve"":1.9326762412674725e-12,""numerical_guard"":9.663381206337363e-13,""remaining"":1.9326762412674725e-12,""terminal_reserve"":0.0},""2026"":{""allowance"":131.81261483503368,""available_after_reserve"":131.81261583503368,""numerical_guard"":1e-06,""remaining"":132.35609409590325,""terminal_reserve"":0.5434782608695652}}",0.015039300080388784,PASS,173501.17519404952,1360.093020833336,476,192
499,2026-05-14T21:00:00Z,885,1723,5157,574,72,239,0,Optimization terminated successfully. (HiGHS Status 7: Optimal),0.0,162654.74031310267,162654.74031310272,0.0,1,0.24207390006631613,False,"[{""message"":""Optimization terminated successfully. (HiGHS Status 7: Optimal)"",""mip_feasibility_tolerance"":1e-08,""presolve"":true,""primal_feasibility_tolerance"":1e-08,""solve_seconds"":0.2420673999004066,""status"":0,""time_limit_seconds"":30.0}]",0.026586800115182996,"{""2025"":{""allowance"":9.663381206337363e-13,""available_after_reserve"":1.9326762412674725e-12,""numerical_guard"":9.663381206337363e-13,""remaining"":1.9326762412674725e-12,""terminal_reserve"":0.0},""2026"":{""allowance"":129.7896804127604,""available_after_reserve"":129.7896814127604,""numerical_guard"":1e-06,""remaining"":130.33315967362995,""terminal_reserve"":0.5434782608695652}}",0.017694100039079785,PASS,161690.58630268605,964.1540104166631,488,192
500,2026-05-15T21:00:00Z,788,1544,4546,516,62,210,0,Optimization terminated successfully. (HiGHS Status 7: Optimal),1.4074822577928707e-06,172591.70708810762,172591.5828732319,7.197041341627154e-07,1,0.2013282000552863,False,"[{""message"":""Optimization terminated successfully. (HiGHS Status 7: Optimal)"",""mip_feasibility_tolerance"":1e-08,""presolve"":true,""primal_feasibility_tolerance"":1e-08,""solve_seconds"":0.20132169988937676,""status"":0,""time_limit_seconds"":30.0}]",0.03312309994362295,"{""2025"":{""allowance"":9.663381206337363e-13,""available_after_reserve"":1.9326762412674725e-12,""numerical_guard"":9.663381206337363e-13,""remaining"":1.9326762412674725e-12,""terminal_reserve"":0.0},""2026"":{""allowance"":128.25228266997777,""available_after_reserve"":128.25228366997777,""numerical_guard"":1e-06,""remaining"":128.79576193084733,""terminal_reserve"":0.5434782608695652}}",0.015797799918800592,PASS,171608.26938364847,983.3134895833211,449,192
501,2026-05-16T21:00:00Z,871,1698,5070,566,70,235,0,Optimization terminated successfully. (HiGHS Status 7: Optimal),0.0,187340.29942270517,187340.29942270517,0.0,1,0.21295759989880025,False,"[{""message"":""Optimization terminated successfully. (HiGHS Status 7: Optimal)"",""mip_feasibility_tolerance"":1e-08,""presolve"":true,""primal_feasibility_tolerance"":1e-08,""solve_seconds"":0.21294920006766915,""status"":0,""time_limit_seconds"":30.0}]",0.024506699992343783,"{""2025"":{""allowance"":9.663381206337363e-13,""available_after_reserve"":1.9326762412674725e-12,""numerical_guard"":9.663381206337363e-13,""remaining"":1.9326762412674725e-12,""terminal_reserve"":0.0},""2026"":{""allowance"":126.52121841280007,""available_after_reserve"":126.52121941280006,""numerical_guard"":1e-06,""remaining"":127.06469767366963,""terminal_reserve"":0.5434782608695652}}",0.022529799956828356,PASS,185684.18442270512,1656.114999999987,445,192
502,2026-05-17T21:00:00Z,828,1618,4798,540,66,222,0,Optimization terminated successfully. (HiGHS Status 7: Optimal),1.1531166289091764e-06,181898.99342681805,181898.89655726554,5.325461250255579e-07,1,0.11988189979456365,False,"[{""message"":""Optimization terminated successfully. (HiGHS Status 7: Optimal)"",""mip_feasibility_tolerance"":1e-08,""presolve"":true,""primal_feasibility_tolerance"":1e-08,""solve_seconds"":0.1198760000988841,""status"":0,""time_limit_seconds"":30.0}]",0.03411959996446967,"{""2025"":{""allowance"":9.663381206337363e-13,""available_after_reserve"":1.9326762412674725e-12,""numerical_guard"":9.663381206337363e-13,""remaining"":1.9326762412674725e-12,""terminal_reserve"":0.0},""2026"":{""allowance"":124.86399778043307,""available_after_reserve"":124.86399878043306,""numerical_guard"":1e-06,""remaining"":125.40747704130263,""terminal_reserve"":0.5434782608695652}}",0.016273400047793984,PASS,180041.8672286982,1857.0293285672628,457,192
503,2026-05-18T21:00:00Z,922,1800,5395,600,70,252,0,Optimization terminated successfully. (HiGHS Status 7: Optimal),4.0746653444266875e-06,179119.84555951355,179119.44121561814,2.257398151011896e-06,1,0.28288039984181523,False,"[{""message"":""Optimization terminated successfully. (HiGHS Status 7: Optimal)"",""mip_feasibility_tolerance"":1e-08,""presolve"":true,""primal_feasibility_tolerance"":1e-08,""solve_seconds"":0.2828579000197351,""status"":0,""time_limit_seconds"":30.0}]",0.035743300104513764,"{""2025"":{""allowance"":9.663381206337363e-13,""available_after_reserve"":1.9326762412674725e-12,""numerical_guard"":9.663381206337363e-13,""remaining"":1.9326762412674725e-12,""terminal_reserve"":0.0},""2026"":{""allowance"":123.18985388532644,""available_after_reserve"":123.18985488532644,""numerical_guard"":1e-06,""remaining"":123.733333146196,""terminal_reserve"":0.5434782608695652}}",0.019163200166076422,PASS,177925.4824656181,1193.9587499999977,474,192
504,2026-05-19T21:00:00Z,818,1604,4735,536,62,220,0,Optimization terminated successfully. (HiGHS Status 7: Optimal),0.0,184824.5088073122,184824.50880731223,0.0,1,0.2105825999751687,False,"[{""message"":""Optimization terminated successfully. (HiGHS Status 7: Optimal)"",""mip_feasibility_tolerance"":1e-08,""presolve"":true,""primal_feasibility_tolerance"":1e-08,""solve_seconds"":0.21057639992795885,""status"":0,""time_limit_seconds"":30.0}]",0.030562599888071418,"{""2025"":{""allowance"":9.663381206337363e-13,""available_after_reserve"":1.9326762412674725e-12,""numerical_guard"":9.663381206337363e-13,""remaining"":1.9326762412674725e-12,""terminal_reserve"":0.0},""2026"":{""allowance"":121.72931690462747,""available_after_reserve"":121.72931790462746,""numerical_guard"":1e-06,""remaining"":122.27279616549703,""terminal_reserve"":0.5434782608695652}}",0.02069909987039864,PASS,183641.11927606247,1183.3895312499837,472,192
505,2026-05-20T21:00:00Z,860,1679,5003,560,68,232,0,Optimization terminated successfully. (HiGHS Status 7: Optimal),9.253855300063694e-07,180538.73456650725,180538.6466432768,4.87005037938188e-07,1,0.19484580005519092,False,"[{""message"":""Optimization terminated successfully. (HiGHS Status 7: Optimal)"",""mip_feasibility_tolerance"":1e-08,""presolve"":true,""primal_feasibility_tolerance"":1e-08,""solve_seconds"":0.194840099895373,""status"":0,""time_limit_seconds"":30.0}]",0.11072039999999106,"{""2025"":{""allowance"":9.663381206337363e-13,""available_after_reserve"":1.9326762412674725e-12,""numerical_guard"":9.663381206337363e-13,""remaining"":1.9326762412674725e-12,""terminal_reserve"":0.0},""2026"":{""allowance"":119.370173189458,""available_after_reserve"":119.370174189458,""numerical_guard"":1e-06,""remaining"":119.91365245032756,""terminal_reserve"":0.5434782608695652}}",0.016711500007659197,PASS,179250.52924744357,1288.117395833313,452,192
506,2026-05-21T21:00:00Z,717,1414,4093,474,54,189,0,Optimization terminated successfully. (HiGHS Status 7: Optimal),4.12284009410425e-06,179220.46377819535,179220.10388228868,2.008122408574345e-06,1,0.18965600011870265,False,"[{""message"":""Optimization terminated successfully. (HiGHS Status 7: Optimal)"",""mip_feasibility_tolerance"":1e-08,""presolve"":true,""primal_feasibility_tolerance"":1e-08,""solve_seconds"":0.1896492000669241,""status"":0,""time_limit_seconds"":30.0}]",0.022611599881201982,"{""2025"":{""allowance"":9.663381206337363e-13,""available_after_reserve"":1.9326762412674725e-12,""numerical_guard"":9.663381206337363e-13,""remaining"":1.9326762412674725e-12,""terminal_reserve"":0.0},""2026"":{""allowance"":117.18659622728671,""available_after_reserve"":117.18659722728671,""numerical_guard"":1e-06,""remaining"":117.73007548815627,""terminal_reserve"":0.5434782608695652}}",0.01880350010469556,PASS,178261.32133020554,958.7825520833292,421,192
507,2026-05-22T21:00:00Z,841,1638,4875,546,70,225,0,Optimization terminated successfully. (HiGHS Status 7: Optimal),3.5293728662203596e-05,184138.02672873915,184134.5231100545,1.902749481997713e-05,1,0.42821609997190535,False,"[{""message"":""Optimization terminated successfully. (HiGHS Status 7: Optimal)"",""mip_feasibility_tolerance"":1e-08,""presolve"":true,""primal_feasibility_tolerance"":1e-08,""solve_seconds"":0.42820920003578067,""status"":0,""time_limit_seconds"":30.0}]",0.025793999899178743,"{""2025"":{""allowance"":9.663381206337363e-13,""available_after_reserve"":1.9326762412674725e-12,""numerical_guard"":9.663381206337363e-13,""remaining"":1.9326762412674725e-12,""terminal_reserve"":0.0},""2026"":{""allowance"":115.17910730290413,""available_after_reserve"":115.17910830290413,""numerical_guard"":1e-06,""remaining"":115.72258656377369,""terminal_reserve"":0.5434782608695652}}",0.02200439991429448,PASS,183255.57451630456,878.9485937499873,414,192
508,2026-05-23T21:00:00Z,830,1619,4808,540,68,222,0,Optimization terminated successfully. (HiGHS Status 7: Optimal),2.6045984297410506e-06,192918.12987925863,192917.8796066119,1.2973014592080825e-06,1,0.14090780005790293,False,"[{""message"":""Optimization terminated successfully. (HiGHS Status 7: Optimal)"",""mip_feasibility_tolerance"":1e-08,""presolve"":true,""primal_feasibility_tolerance"":1e-08,""solve_seconds"":0.14090220001526177,""status"":0,""time_limit_seconds"":30.0}]",0.025351200019940734,"{""2025"":{""allowance"":9.663381206337363e-13,""available_after_reserve"":1.9326762412674725e-12,""numerical_guard"":9.663381206337363e-13,""remaining"":1.9326762412674725e-12,""terminal_reserve"":0.0},""2026"":{""allowance"":113.3580263692624,""available_after_reserve"":113.3580273692624,""numerical_guard"":1e-06,""remaining"":113.90150563013196,""terminal_reserve"":0.5434782608695652}}",0.02113070013001561,PASS,191844.0443461951,1073.8352604166755,447,192
509,2026-05-24T21:00:00Z,866,1691,5037,564,68,234,0,Optimization terminated successfully. (HiGHS Status 7: Optimal),6.606463981371709e-05,214357.62091521517,214349.61595531902,3.734534284314871e-05,1,0.20943920011632144,False,"[{""message"":""Optimization terminated successfully. (HiGHS Status 7: Optimal)"",""mip_feasibility_tolerance"":1e-08,""presolve"":true,""primal_feasibility_tolerance"":1e-08,""solve_seconds"":0.20943420007824898,""status"":0,""time_limit_seconds"":30.0}]",0.031345499912276864,"{""2025"":{""allowance"":9.663381206337363e-13,""available_after_reserve"":1.9326762412674725e-12,""numerical_guard"":9.663381206337363e-13,""remaining"":1.9326762412674725e-12,""terminal_reserve"":0.0},""2026"":{""allowance"":111.69585435488682,""available_after_reserve"":111.69585535488682,""numerical_guard"":1e-06,""remaining"":112.23933361575638,""terminal_reserve"":0.5434782608695652}}",0.021780299954116344,PASS,213131.0591844859,1218.5567708333347,456,192
510,2026-05-25T21:00:00Z,889,1734,5186,578,70,241,0,Optimization terminated successfully. (HiGHS Status 7: Optimal),1.1216748040258322e-05,210267.05976712517,210266.02426054009,4.924745159046383e-06,1,0.3184820001479238,False,"[{""message"":""Optimization terminated successfully. (HiGHS Status 7: Optimal)"",""mip_feasibility_tolerance"":1e-08,""presolve"":true,""primal_feasibility_tolerance"":1e-08,""solve_seconds"":0.31847600010223687,""status"":0,""time_limit_seconds"":30.0}]",0.03458860004320741,"{""2025"":{""allowance"":9.663381206337363e-13,""available_after_reserve"":1.9326762412674725e-12,""numerical_guard"":9.663381206337363e-13,""remaining"":1.9326762412674725e-12,""terminal_reserve"":0.0},""2026"":{""allowance"":109.81555605713498,""available_after_reserve"":109.81555705713498,""numerical_guard"":1e-06,""remaining"":110.35903531800454,""terminal_reserve"":0.5434782608695652}}",0.024144999915733933,PASS,208982.1870209563,1283.8372395833187,475,192
511,2026-05-26T21:00:00Z,806,1580,4659,528,62,216,0,Optimization terminated successfully. (HiGHS Status 7: Optimal),2.203773021882139e-16,221017.85080875218,221017.85080875224,0.0,1,0.11589579982683063,False,"[{""message"":""Optimization terminated successfully. (HiGHS Status 7: Optimal)"",""mip_feasibility_tolerance"":1e-08,""presolve"":true,""primal_feasibility_tolerance"":1e-08,""solve_seconds"":0.11589049990288913,""status"":0,""time_limit_seconds"":30.0}]",0.03255570004694164,"{""2025"":{""allowance"":9.663381206337363e-13,""available_after_reserve"":1.9326762412674725e-12,""numerical_guard"":9.663381206337363e-13,""remaining"":1.9326762412674725e-12,""terminal_reserve"":0.0},""2026"":{""allowance"":107.44705535696937,""available_after_reserve"":107.44705635696937,""numerical_guard"":1e-06,""remaining"":107.99053461783893,""terminal_reserve"":0.5434782608695652}}",0.0187007999047637,PASS,221017.85080875215,-3.1792121527966328e-12,457,192
512,2026-05-27T21:00:00Z,846,1654,4912,552,66,228,0,Optimization terminated successfully. (HiGHS Status 7: Optimal),0.0,227298.19821814244,227298.1982181424,1.2804250400965433e-16,1,0.23029800015501678,False,"[{""message"":""Optimization terminated successfully. (HiGHS Status 7: Optimal)"",""mip_feasibility_tolerance"":1e-08,""presolve"":true,""primal_feasibility_tolerance"":1e-08,""solve_seconds"":0.23029189999215305,""status"":0,""time_limit_seconds"":30.0}]",0.02825560001656413,"{""2025"":{""allowance"":9.663381206337363e-13,""available_after_reserve"":1.9326762412674725e-12,""numerical_guard"":9.663381206337363e-13,""remaining"":1.9326762412674725e-12,""terminal_reserve"":0.0},""2026"":{""allowance"":105.46050136867638,""available_after_reserve"":105.46050236867637,""numerical_guard"":1e-06,""remaining"":106.00398062954594,""terminal_reserve"":0.5434782608695652}}",0.022587700048461556,PASS,226117.32191605886,1180.8763020833244,444,192
513,2026-05-28T21:00:00Z,855,1672,4970,558,66,231,0,Optimization terminated successfully. (HiGHS Status 7: Optimal),3.4191874760460575e-07,189543.6655633516,189543.63294634694,1.7208177420386746e-07,1,0.23672839999198914,False,"[{""message"":""Optimization terminated successfully. (HiGHS Status 7: Optimal)"",""mip_feasibility_tolerance"":1e-08,""presolve"":true,""primal_feasibility_tolerance"":1e-08,""solve_seconds"":0.23672270006500185,""status"":0,""time_limit_seconds"":30.0}]",0.03399210004135966,"{""2025"":{""allowance"":9.663381206337363e-13,""available_after_reserve"":1.9326762412674725e-12,""numerical_guard"":9.663381206337363e-13,""remaining"":1.9326762412674725e-12,""terminal_reserve"":0.0},""2026"":{""allowance"":103.50759921423372,""available_after_reserve"":103.50760021423372,""numerical_guard"":1e-06,""remaining"":104.05107847510328,""terminal_reserve"":0.5434782608695652}}",0.019239299930632114,PASS,188347.57065468037,1196.0622916666834,459,192
514,2026-05-29T21:00:00Z,828,1618,4796,540,66,222,0,Optimization terminated successfully. (HiGHS Status 7: Optimal),1.4467631324663233e-16,192981.70919959282,192981.70919959276,3.016226830764863e-16,1,0.20602210005745292,False,"[{""message"":""Optimization terminated successfully. (HiGHS Status 7: Optimal)"",""mip_feasibility_tolerance"":1e-08,""presolve"":true,""primal_feasibility_tolerance"":1e-08,""solve_seconds"":0.20601530000567436,""status"":0,""time_limit_seconds"":30.0}]",0.10409939987584949,"{""2025"":{""allowance"":9.663381206337363e-13,""available_after_reserve"":1.9326762412674725e-12,""numerical_guard"":9.663381206337363e-13,""remaining"":1.9326762412674725e-12,""terminal_reserve"":0.0},""2026"":{""allowance"":101.91105333218451,""available_after_reserve"":101.9110543321845,""numerical_guard"":1e-06,""remaining"":102.45453259305407,""terminal_reserve"":0.5434782608695652}}",0.015503200003877282,PASS,191929.2471683429,1052.4620312499956,453,192
515,2026-05-30T21:00:00Z,862,1680,5011,560,70,232,0,Optimization terminated successfully. (HiGHS Status 7: Optimal),1.8911794564767786e-16,174414.39116954984,174414.3911695498,1.668659923162052e-16,1,0.05096360016614199,False,"[{""message"":""Optimization terminated successfully. (HiGHS Status 7: Optimal)"",""mip_feasibility_tolerance"":1e-08,""presolve"":true,""primal_feasibility_tolerance"":1e-08,""solve_seconds"":0.05095740011893213,""status"":0,""time_limit_seconds"":30.0}]",0.025452899979427457,"{""2025"":{""allowance"":9.663381206337363e-13,""available_after_reserve"":1.9326762412674725e-12,""numerical_guard"":9.663381206337363e-13,""remaining"":1.9326762412674725e-12,""terminal_reserve"":0.0},""2026"":{""allowance"":100.21851303893789,""available_after_reserve"":100.21851403893788,""numerical_guard"":1e-06,""remaining"":100.76199229980745,""terminal_reserve"":0.5434782608695652}}",0.016739699989557266,PASS,172889.4061174664,1524.9850520833572,454,192
516,2026-05-31T21:00:00Z,820,1605,4747,536,64,220,0,Optimization terminated successfully. (HiGHS Status 7: Optimal),1.8608698374599893e-16,151277.2625436365,151277.26254363646,1.9238734207223376e-16,1,0.24139810004271567,False,"[{""message"":""Optimization terminated successfully. (HiGHS Status 7: Optimal)"",""mip_feasibility_tolerance"":1e-08,""presolve"":true,""primal_feasibility_tolerance"":1e-08,""solve_seconds"":0.241389200091362,""status"":0,""time_limit_seconds"":30.0}]",0.0257493001408875,"{""2025"":{""allowance"":9.663381206337363e-13,""available_after_reserve"":1.9326762412674725e-12,""numerical_guard"":9.663381206337363e-13,""remaining"":1.9326762412674725e-12,""terminal_reserve"":0.0},""2026"":{""allowance"":98.82756630409472,""available_after_reserve"":98.82756730409471,""numerical_guard"":1e-06,""remaining"":99.37104556496428,""terminal_reserve"":0.5434782608695652}}",0.023627799935638905,PASS,149872.8382207199,1404.4243229166793,452,192
517,2026-06-01T21:00:00Z,918,1789,5369,596,72,250,0,Optimization terminated successfully. (HiGHS Status 7: Optimal),3.865692396388652e-08,166826.52336804854,166826.519802974,2.1369950838243726e-08,1,0.21324729989282787,False,"[{""message"":""Optimization terminated successfully. (HiGHS Status 7: Optimal)"",""mip_feasibility_tolerance"":1e-08,""presolve"":true,""primal_feasibility_tolerance"":1e-08,""solve_seconds"":0.21324159996584058,""status"":0,""time_limit_seconds"":30.0}]",0.03268229984678328,"{""2025"":{""allowance"":9.663381206337363e-13,""available_after_reserve"":1.9326762412674725e-12,""numerical_guard"":9.663381206337363e-13,""remaining"":1.9326762412674725e-12,""terminal_reserve"":0.0},""2026"":{""allowance"":96.8674142207052,""available_after_reserve"":96.8674152207052,""numerical_guard"":1e-06,""remaining"":97.41089348157476,""terminal_reserve"":0.5434782608695652}}",0.017138900002464652,PASS,165490.9074071407,1335.6123958333253,470,192
518,2026-06-02T21:00:00Z,886,1728,5166,576,70,240,0,Optimization terminated successfully. (HiGHS Status 7: Optimal),2.4061597830104982e-05,195676.1510764379,195673.58426492548,1.3117823348872975e-05,1,0.17523479997180402,False,"[{""message"":""Optimization terminated successfully. (HiGHS Status 7: Optimal)"",""mip_feasibility_tolerance"":1e-08,""presolve"":true,""primal_feasibility_tolerance"":1e-08,""solve_seconds"":0.1752286998089403,""status"":0,""time_limit_seconds"":30.0}]",0.02685869997367263,"{""2025"":{""allowance"":9.663381206337363e-13,""available_after_reserve"":1.9326762412674725e-12,""numerical_guard"":9.663381206337363e-13,""remaining"":1.9326762412674725e-12,""terminal_reserve"":0.0},""2026"":{""allowance"":95.29353022687928,""available_after_reserve"":95.29353122687928,""numerical_guard"":1e-06,""remaining"":95.83700948774884,""terminal_reserve"":0.5434782608695652}}",0.016794600058346987,PASS,194645.53457742548,1028.0496875000035,490,192
519,2026-06-03T21:00:00Z,903,1759,5272,586,72,245,0,Optimization terminated successfully. (HiGHS Status 7: Optimal),1.0853754294772311e-08,197112.54436898476,197112.54335576,5.140336340851755e-09,1,0.15290870005264878,False,"[{""message"":""Optimization terminated successfully. (HiGHS Status 7: Optimal)"",""mip_feasibility_tolerance"":1e-08,""presolve"":true,""primal_feasibility_tolerance"":1e-08,""solve_seconds"":0.15290199988521636,""status"":0,""time_limit_seconds"":30.0}]",0.034628399880602956,"{""2025"":{""allowance"":9.663381206337363e-13,""available_after_reserve"":1.9326762412674725e-12,""numerical_guard"":9.663381206337363e-13,""remaining"":1.9326762412674725e-12,""terminal_reserve"":0.0},""2026"":{""allowance"":93.32350676246222,""available_after_reserve"":93.32350776246221,""numerical_guard"":1e-06,""remaining"":93.86698602333178,""terminal_reserve"":0.5434782608695652}}",0.015617900062352419,PASS,195779.89819951024,1332.6451562500015,485,192
520,2026-06-04T21:00:00Z,942,1837,5521,612,72,258,0,Optimization terminated successfully. (HiGHS Status 7: Optimal),1.601712546367009e-06,168456.74473246903,168456.61934375623,7.443382948400343e-07,1,0.26337850000709295,False,"[{""message"":""Optimization terminated successfully. (HiGHS Status 7: Optimal)"",""mip_feasibility_tolerance"":1e-08,""presolve"":true,""primal_feasibility_tolerance"":1e-08,""solve_seconds"":0.2633720999583602,""status"":0,""time_limit_seconds"":30.0}]",0.028182300040498376,"{""2025"":{""allowance"":9.663381206337363e-13,""available_after_reserve"":1.9326762412674725e-12,""numerical_guard"":9.663381206337363e-13,""remaining"":1.9326762412674725e-12,""terminal_reserve"":0.0},""2026"":{""allowance"":91.21525935324536,""available_after_reserve"":91.21526035324536,""numerical_guard"":1e-06,""remaining"":91.75873861411492,""terminal_reserve"":0.5434782608695652}}",0.017704499885439873,PASS,167480.07288542282,976.5464583333288,503,192
521,2026-06-05T21:00:00Z,848,1655,4920,552,68,228,0,Optimization terminated successfully. (HiGHS Status 7: Optimal),9.501784202513587e-05,157620.18519331503,157612.43227792822,4.918974521716547e-05,1,0.5963063999079168,False,"[{""message"":""Optimization terminated successfully. (HiGHS Status 7: Optimal)"",""mip_feasibility_tolerance"":1e-08,""presolve"":true,""primal_feasibility_tolerance"":1e-08,""solve_seconds"":0.596301400102675,""status"":0,""time_limit_seconds"":30.0}]",0.02539309998974204,"{""2025"":{""allowance"":9.663381206337363e-13,""available_after_reserve"":1.9326762412674725e-12,""numerical_guard"":9.663381206337363e-13,""remaining"":1.9326762412674725e-12,""terminal_reserve"":0.0},""2026"":{""allowance"":89.22651634108814,""available_after_reserve"":89.22651734108814,""numerical_guard"":1e-06,""remaining"":89.7699956019577,""terminal_reserve"":0.5434782608695652}}",0.015827300027012825,PASS,156977.11956959486,635.3127083336151,486,192
522,2026-06-06T21:00:00Z,957,1867,5617,622,72,263,0,Optimization terminated successfully. (HiGHS Status 7: Optimal),0.0,166215.34966182362,166215.3496618236,1.750971286102482e-16,1,0.25141100003384054,False,"[{""message"":""Optimization terminated successfully. (HiGHS Status 7: Optimal)"",""mip_feasibility_tolerance"":1e-08,""presolve"":true,""primal_feasibility_tolerance"":1e-08,""solve_seconds"":0.2514049999881536,""status"":0,""time_limit_seconds"":30.0}]",0.1171828000806272,"{""2025"":{""allowance"":9.663381206337363e-13,""available_after_reserve"":1.9326762412674725e-12,""numerical_guard"":9.663381206337363e-13,""remaining"":1.9326762412674725e-12,""terminal_reserve"":0.0},""2026"":{""allowance"":87.5832100349682,""available_after_reserve"":87.5832110349682,""numerical_guard"":1e-06,""remaining"":88.12668929583776,""terminal_reserve"":0.5434782608695652}}",0.018858499825000763,PASS,164895.19518265701,1320.1544791666543,491,192
523,2026-06-07T21:00:00Z,823,1611,4765,538,64,221,0,Optimization terminated successfully. (HiGHS Status 7: Optimal),5.662269220976804e-06,170407.85338771666,170407.36024284957,2.8939176476587597e-06,1,0.20413270010612905,False,"[{""message"":""Optimization terminated successfully. (HiGHS Status 7: Optimal)"",""mip_feasibility_tolerance"":1e-08,""presolve"":true,""primal_feasibility_tolerance"":1e-08,""solve_seconds"":0.2041273999493569,""status"":0,""time_limit_seconds"":30.0}]",0.026840999955311418,"{""2025"":{""allowance"":9.663381206337363e-13,""available_after_reserve"":1.9326762412674725e-12,""numerical_guard"":9.663381206337363e-13,""remaining"":1.9326762412674725e-12,""terminal_reserve"":0.0},""2026"":{""allowance"":85.48757409952395,""available_after_reserve"":85.48757509952395,""numerical_guard"":1e-06,""remaining"":86.03105336039351,""terminal_reserve"":0.5434782608695652}}",0.015033500036224723,PASS,168994.56368034967,1412.7965625000106,484,192
524,2026-06-08T21:00:00Z,883,1722,5148,574,70,239,0,Optimization terminated successfully. (HiGHS Status 7: Optimal),0.0,164470.34321220036,164470.34321220033,1.7695488370924003e-16,1,0.35442390013486147,False,"[{""message"":""Optimization terminated successfully. (HiGHS Status 7: Optimal)"",""mip_feasibility_tolerance"":1e-08,""presolve"":true,""primal_feasibility_tolerance"":1e-08,""solve_seconds"":0.35441859997808933,""status"":0,""time_limit_seconds"":30.0}]",0.026773100020363927,"{""2025"":{""allowance"":9.663381206337363e-13,""available_after_reserve"":1.9326762412674725e-12,""numerical_guard"":9.663381206337363e-13,""remaining"":1.9326762412674725e-12,""terminal_reserve"":0.0},""2026"":{""allowance"":83.85189999246677,""available_after_reserve"":83.85190099246677,""numerical_guard"":1e-06,""remaining"":84.39537925333633,""terminal_reserve"":0.5434782608695652}}",0.02179259993135929,PASS,163019.76435803383,1450.5788541666664,460,192
525,2026-06-09T21:00:00Z,904,1764,5281,588,70,246,0,Optimization terminated successfully. (HiGHS Status 7: Optimal),0.0,154615.64449019407,154615.6444901941,0.0,1,0.21356719988398254,False,"[{""message"":""Optimization terminated successfully. (HiGHS Status 7: Optimal)"",""mip_feasibility_tolerance"":1e-08,""presolve"":true,""primal_feasibility_tolerance"":1e-08,""solve_seconds"":0.21355989994481206,""status"":0,""time_limit_seconds"":30.0}]",0.027731900103390217,"{""2025"":{""allowance"":9.663381206337363e-13,""available_after_reserve"":1.9326762412674725e-12,""numerical_guard"":9.663381206337363e-13,""remaining"":1.9326762412674725e-12,""terminal_reserve"":0.0},""2026"":{""allowance"":81.84022772206112,""available_after_reserve"":81.84022872206111,""numerical_guard"":1e-06,""remaining"":82.38370698293068,""terminal_reserve"":0.5434782608695652}}",0.019685399951413274,PASS,153455.69219852737,1159.9522916666515,485,192
526,2026-06-10T21:00:00Z,864,1690,5027,564,66,234,0,Optimization terminated successfully. (HiGHS Status 7: Optimal),0.0,141390.373324229,141390.373324229,0.0,1,0.13267070008441806,False,"[{""message"":""Optimization terminated successfully. (HiGHS Status 7: Optimal)"",""mip_feasibility_tolerance"":1e-08,""presolve"":true,""primal_feasibility_tolerance"":1e-08,""solve_seconds"":0.1326653000432998,""status"":0,""time_limit_seconds"":30.0}]",0.036155200097709894,"{""2025"":{""allowance"":9.663381206337363e-13,""available_after_reserve"":1.9326762412674725e-12,""numerical_guard"":9.663381206337363e-13,""remaining"":1.9326762412674725e-12,""terminal_reserve"":0.0},""2026"":{""allowance"":80.12863391985286,""available_after_reserve"":80.12863491985286,""numerical_guard"":1e-06,""remaining"":80.67211318072242,""terminal_reserve"":0.5434782608695652}}",0.015133900102227926,PASS,140094.3065533957,1296.0667708333324,480,192
527,2026-06-11T21:00:00Z,904,1764,5282,588,70,246,0,Optimization terminated successfully. (HiGHS Status 7: Optimal),9.916939392925559e-05,145593.15886369033,145585.13754333908,5.509711009385216e-05,1,1.3405729997903109,False,"[{""message"":""Optimization terminated successfully. (HiGHS Status 7: Optimal)"",""mip_feasibility_tolerance"":1e-08,""presolve"":true,""primal_feasibility_tolerance"":1e-08,""solve_seconds"":1.3405667000915855,""status"":0,""time_limit_seconds"":30.0}]",0.028006199980154634,"{""2025"":{""allowance"":9.663381206337363e-13,""available_after_reserve"":1.9326762412674725e-12,""numerical_guard"":9.663381206337363e-13,""remaining"":1.9326762412674725e-12,""terminal_reserve"":0.0},""2026"":{""allowance"":78.72317219244258,""available_after_reserve"":78.72317319244257,""numerical_guard"":1e-06,""remaining"":79.26665145331214,""terminal_reserve"":0.5434782608695652}}",0.021152300061658025,PASS,145074.93285583897,510.20468750000146,480,192
528,2026-06-12T21:00:00Z,907,1770,5300,590,70,247,0,Optimization terminated successfully. (HiGHS Status 7: Optimal),8.161355231345343e-05,162666.25072260434,162659.45695382188,4.1766823212672955e-05,1,0.6176245999522507,False,"[{""message"":""Optimization terminated successfully. (HiGHS Status 7: Optimal)"",""mip_feasibility_tolerance"":1e-08,""presolve"":true,""primal_feasibility_tolerance"":1e-08,""solve_seconds"":0.6176187000237405,""status"":0,""time_limit_seconds"":30.0}]",0.029538100119680166,"{""2025"":{""allowance"":9.663381206337363e-13,""available_after_reserve"":1.9326762412674725e-12,""numerical_guard"":9.663381206337363e-13,""remaining"":1.9326762412674725e-12,""terminal_reserve"":0.0},""2026"":{""allowance"":77.00209372699805,""available_after_reserve"":77.00209472699805,""numerical_guard"":1e-06,""remaining"":77.54557298786762,""terminal_reserve"":0.5434782608695652}}",0.015582200139760971,PASS,161971.50778715496,687.9491666666534,493,192
529,2026-06-13T21:00:00Z,838,1641,4859,548,64,226,0,Optimization terminated successfully. (HiGHS Status 7: Optimal),1.688669847207037e-16,167351.28520699142,167351.28520699145,0.0,1,0.2456761000212282,False,"[{""message"":""Optimization terminated successfully. (HiGHS Status 7: Optimal)"",""mip_feasibility_tolerance"":1e-08,""presolve"":true,""primal_feasibility_tolerance"":1e-08,""solve_seconds"":0.2456706000957638,""status"":0,""time_limit_seconds"":30.0}]",0.029234700137749314,"{""2025"":{""allowance"":9.663381206337363e-13,""available_after_reserve"":1.9326762412674725e-12,""numerical_guard"":9.663381206337363e-13,""remaining"":1.9326762412674725e-12,""terminal_reserve"":0.0},""2026"":{""allowance"":75.05411499709885,""available_after_reserve"":75.05411599709885,""numerical_guard"":1e-06,""remaining"":75.59759425796841,""terminal_reserve"":0.5434782608695652}}",0.015468599973246455,PASS,166317.05546740795,1034.2297395833316,473,192
530,2026-06-14T21:00:00Z,844,1644,4896,548,70,226,0,Optimization terminated successfully. (HiGHS Status 7: Optimal),8.421897377841605e-16,186962.94226018363,186962.9422601835,6.226652213513392e-16,1,0.21403979999013245,False,"[{""message"":""Optimization terminated successfully. (HiGHS Status 7: Optimal)"",""mip_feasibility_tolerance"":1e-08,""presolve"":true,""primal_feasibility_tolerance"":1e-08,""solve_seconds"":0.2140335999429226,""status"":0,""time_limit_seconds"":30.0}]",0.11245350004173815,"{""2025"":{""allowance"":9.663381206337363e-13,""available_after_reserve"":1.9326762412674725e-12,""numerical_guard"":9.663381206337363e-13,""remaining"":1.9326762412674725e-12,""terminal_reserve"":0.0},""2026"":{""allowance"":73.29817735759292,""available_after_reserve"":73.29817835759292,""numerical_guard"":1e-06,""remaining"":73.84165661846248,""terminal_reserve"":0.5434782608695652}}",0.022979600122198462,PASS,185686.35121851673,1276.591041666724,452,192
531,2026-06-15T21:00:00Z,912,1777,5331,592,72,248,0,Optimization terminated successfully. (HiGHS Status 7: Optimal),3.7649561399694655e-16,177553.03394495609,177553.03394495609,0.0,1,0.2553127999417484,False,"[{""message"":""Optimization terminated successfully. (HiGHS Status 7: Optimal)"",""mip_feasibility_tolerance"":1e-08,""presolve"":true,""primal_feasibility_tolerance"":1e-08,""solve_seconds"":0.2553071000147611,""status"":0,""time_limit_seconds"":30.0}]",0.036319500068202615,"{""2025"":{""allowance"":9.663381206337363e-13,""available_after_reserve"":1.9326762412674725e-12,""numerical_guard"":9.663381206337363e-13,""remaining"":1.9326762412674725e-12,""terminal_reserve"":0.0},""2026"":{""allowance"":70.77137618605366,""available_after_reserve"":70.77137718605366,""numerical_guard"":1e-06,""remaining"":71.31485544692322,""terminal_reserve"":0.5434782608695652}}",0.018086199881508946,PASS,176149.27206995615,1403.7618750000338,474,192
532,2026-06-16T21:00:00Z,843,1648,4895,550,66,227,0,Optimization terminated successfully. (HiGHS Status 7: Optimal),0.0,237466.81851820002,237466.81851820002,0.0,1,0.2324081000406295,False,"[{""message"":""Optimization terminated successfully. (HiGHS Status 7: Optimal)"",""mip_feasibility_tolerance"":1e-08,""presolve"":true,""primal_feasibility_tolerance"":1e-08,""solve_seconds"":0.23240299988538027,""status"":0,""time_limit_seconds"":30.0}]",0.02820420009084046,"{""2025"":{""allowance"":9.663381206337363e-13,""available_after_reserve"":1.9326762412674725e-12,""numerical_guard"":9.663381206337363e-13,""remaining"":1.9326762412674725e-12,""terminal_reserve"":0.0},""2026"":{""allowance"":69.00187292337779,""available_after_reserve"":69.00187392337779,""numerical_guard"":1e-06,""remaining"":69.54535218424735,""terminal_reserve"":0.5434782608695652}}",0.015656400006264448,PASS,237466.81851820007,1.617346079285653e-12,475,192
533,2026-06-17T21:00:00Z,867,1687,5042,562,72,233,0,Optimization terminated successfully. (HiGHS Status 7: Optimal),0.0,268792.34675127245,268792.34675127245,0.0,1,0.22718949988484383,False,"[{""message"":""Optimization terminated successfully. (HiGHS Status 7: Optimal)"",""mip_feasibility_tolerance"":1e-08,""presolve"":true,""primal_feasibility_tolerance"":1e-08,""solve_seconds"":0.2271833000704646,""status"":0,""time_limit_seconds"":30.0}]",0.033044599927961826,"{""2025"":{""allowance"":9.663381206337363e-13,""available_after_reserve"":1.9326762412674725e-12,""numerical_guard"":9.663381206337363e-13,""remaining"":1.9326762412674725e-12,""terminal_reserve"":0.0},""2026"":{""allowance"":67.72212549957868,""available_after_reserve"":67.72212649957868,""numerical_guard"":1e-06,""remaining"":68.26560476044824,""terminal_reserve"":0.5434782608695652}}",0.022986100055277348,PASS,267564.5097200224,1227.83703124999,460,192
534,2026-06-18T21:00:00Z,845,1649,4903,550,68,227,0,Optimization terminated successfully. (HiGHS Status 7: Optimal),2.817792437612145e-07,199624.74414502078,199624.71719836566,1.349865663107265e-07,1,0.25862770015373826,False,"[{""message"":""Optimization terminated successfully. (HiGHS Status 7: Optimal)"",""mip_feasibility_tolerance"":1e-08,""presolve"":true,""primal_feasibility_tolerance"":1e-08,""solve_seconds"":0.25862189987674356,""status"":0,""time_limit_seconds"":30.0}]",0.024906300008296967,"{""2025"":{""allowance"":9.663381206337363e-13,""available_after_reserve"":1.9326762412674725e-12,""numerical_guard"":9.663381206337363e-13,""remaining"":1.9326762412674725e-12,""terminal_reserve"":0.0},""2026"":{""allowance"":65.68665752317014,""available_after_reserve"":65.68665852317014,""numerical_guard"":1e-06,""remaining"":66.2301367840397,""terminal_reserve"":0.5434782608695652}}",0.020795299904420972,PASS,198526.60495878218,1098.1122395833363,460,192
535,2026-06-19T21:00:00Z,840,1642,4875,548,66,226,0,Optimization terminated successfully. (HiGHS Status 7: Optimal),1.8449848734560684e-08,172340.12138812285,172340.1199219433,8.507476716822343e-09,1,0.3231118000112474,False,"[{""message"":""Optimization terminated successfully. (HiGHS Status 7: Optimal)"",""mip_feasibility_tolerance"":1e-08,""presolve"":true,""primal_feasibility_tolerance"":1e-08,""solve_seconds"":0.32310539996251464,""status"":0,""time_limit_seconds"":30.0}]",0.02789860009215772,"{""2025"":{""allowance"":9.663381206337363e-13,""available_after_reserve"":1.9326762412674725e-12,""numerical_guard"":9.663381206337363e-13,""remaining"":1.9326762412674725e-12,""terminal_reserve"":0.0},""2026"":{""allowance"":63.889778616052524,""available_after_reserve"":63.88977961605252,""numerical_guard"":1e-06,""remaining"":64.43325787692208,""terminal_reserve"":0.5434782608695652}}",0.021392399910837412,PASS,171362.58039069324,977.5395312500115,453,192
536,2026-06-20T21:00:00Z,807,1576,4664,526,66,215,0,Optimization terminated successfully. (HiGHS Status 7: Optimal),0.0,180069.64192752034,180069.64192752028,3.2325082834838167e-16,1,0.193086699815467,False,"[{""message"":""Optimization terminated successfully. (HiGHS Status 7: Optimal)"",""mip_feasibility_tolerance"":1e-08,""presolve"":true,""primal_feasibility_tolerance"":1e-08,""solve_seconds"":0.193080399883911,""status"":0,""time_limit_seconds"":30.0}]",0.02559670014306903,"{""2025"":{""allowance"":9.663381206337363e-13,""available_after_reserve"":1.9326762412674725e-12,""numerical_guard"":9.663381206337363e-13,""remaining"":1.9326762412674725e-12,""terminal_reserve"":0.0},""2026"":{""allowance"":62.19253371945376,""available_after_reserve"":62.19253471945376,""numerical_guard"":1e-06,""remaining"":62.73601298032332,""terminal_reserve"":0.5434782608695652}}",0.018104200018569827,PASS,178652.1135941871,1417.528333333321,441,192
537,2026-06-21T21:00:00Z,717,1414,4092,474,54,189,0,Optimization terminated successfully. (HiGHS Status 7: Optimal),0.0,229823.83377216745,229823.8337721675,0.0,1,0.20674749999307096,False,"[{""message"":""Optimization terminated successfully. (HiGHS Status 7: Optimal)"",""mip_feasibility_tolerance"":1e-08,""presolve"":true,""primal_feasibility_tolerance"":1e-08,""solve_seconds"":0.20674060005694628,""status"":0,""time_limit_seconds"":30.0}]",0.031388600124046206,"{""2025"":{""allowance"":9.663381206337363e-13,""available_after_reserve"":1.9326762412674725e-12,""numerical_guard"":9.663381206337363e-13,""remaining"":1.9326762412674725e-12,""terminal_reserve"":0.0},""2026"":{""allowance"":60.597932211454406,""available_after_reserve"":60.597933211454404,""numerical_guard"":1e-06,""remaining"":61.141411472323966,""terminal_reserve"":0.5434782608695652}}",0.017735400004312396,PASS,229823.83377216733,-2.9090754042708038e-11,404,192
538,2026-06-22T21:00:00Z,800,1568,4620,524,62,214,0,Optimization terminated successfully. (HiGHS Status 7: Optimal),1.9962596881259282e-16,272844.5144956535,272844.5144956535,0.0,1,0.1959158000536263,False,"[{""message"":""Optimization terminated successfully. (HiGHS Status 7: Optimal)"",""mip_feasibility_tolerance"":1e-08,""presolve"":true,""primal_feasibility_tolerance"":1e-08,""solve_seconds"":0.19590870011597872,""status"":0,""time_limit_seconds"":30.0}]",0.02895499998703599,"{""2025"":{""allowance"":9.663381206337363e-13,""available_after_reserve"":1.9326762412674725e-12,""numerical_guard"":9.663381206337363e-13,""remaining"":1.9326762412674725e-12,""terminal_reserve"":0.0},""2026"":{""allowance"":58.378732756425336,""available_after_reserve"":58.37873375642533,""numerical_guard"":1e-06,""remaining"":58.922212017294896,""terminal_reserve"":0.5434782608695652}}",0.02215149998664856,PASS,272844.51449565357,-5.194970261375906e-12,403,192
539,2026-06-23T21:00:00Z,863,1685,5020,562,68,233,0,Optimization terminated successfully. (HiGHS Status 7: Optimal),2.23429614725095e-16,272617.5509812962,272617.5509812962,0.0,1,0.3017775001935661,False,"[{""message"":""Optimization terminated successfully. (HiGHS Status 7: Optimal)"",""mip_feasibility_tolerance"":1e-08,""presolve"":true,""primal_feasibility_tolerance"":1e-08,""solve_seconds"":0.3017694998998195,""status"":0,""time_limit_seconds"":30.0}]",0.10801809979602695,"{""2025"":{""allowance"":9.663381206337363e-13,""available_after_reserve"":1.9326762412674725e-12,""numerical_guard"":9.663381206337363e-13,""remaining"":1.9326762412674725e-12,""terminal_reserve"":0.0},""2026"":{""allowance"":56.754595172227084,""available_after_reserve"":56.75459617222708,""numerical_guard"":1e-06,""remaining"":57.298074433096644,""terminal_reserve"":0.5434782608695652}}",0.018589399987831712,PASS,272617.5509812962,9.12870940320924e-12,447,192
540,2026-06-24T21:00:00Z,880,1716,5129,572,70,238,0,Optimization terminated successfully. (HiGHS Status 7: Optimal),1.7489687729591745e-06,258675.3332872591,258675.10336079187,8.888619903716735e-07,1,0.2661822000518441,False,"[{""message"":""Optimization terminated successfully. (HiGHS Status 7: Optimal)"",""mip_feasibility_tolerance"":1e-08,""presolve"":true,""primal_feasibility_tolerance"":1e-08,""solve_seconds"":0.26617410010658205,""status"":0,""time_limit_seconds"":30.0}]",0.028170500183477998,"{""2025"":{""allowance"":9.663381206337363e-13,""available_after_reserve"":1.9326762412674725e-12,""numerical_guard"":9.663381206337363e-13,""remaining"":1.9326762412674725e-12,""terminal_reserve"":0.0},""2026"":{""allowance"":54.563631902620386,""available_after_reserve"":54.563632902620384,""numerical_guard"":1e-06,""remaining"":55.10711116348995,""terminal_reserve"":0.5434782608695652}}",0.01594179985113442,PASS,258675.1033607918,5.124720055723249e-13,471,192
541,2026-06-25T21:00:00Z,818,1604,4735,536,62,220,0,Optimization terminated successfully. (HiGHS Status 7: Optimal),2.867441703866613e-05,235160.58670209075,235157.5400624316,1.2955738771302514e-05,1,0.18884929991327226,False,"[{""message"":""Optimization terminated successfully. (HiGHS Status 7: Optimal)"",""mip_feasibility_tolerance"":1e-08,""presolve"":true,""primal_feasibility_tolerance"":1e-08,""solve_seconds"":0.18884279998019338,""status"":0,""time_limit_seconds"":30.0}]",0.030395800014957786,"{""2025"":{""allowance"":9.663381206337363e-13,""available_after_reserve"":1.9326762412674725e-12,""numerical_guard"":9.663381206337363e-13,""remaining"":1.9326762412674725e-12,""terminal_reserve"":0.0},""2026"":{""allowance"":52.617274331648844,""available_after_reserve"":52.61727533164884,""numerical_guard"":1e-06,""remaining"":53.160753592518404,""terminal_reserve"":0.5434782608695652}}",0.022323000011965632,PASS,235157.54006243165,5.3400589949959e-12,458,192
542,2026-06-26T21:00:00Z,790,1545,4555,516,64,210,0,Optimization terminated successfully. (HiGHS Status 7: Optimal),0.0,202783.40909647633,202783.4090964763,1.4352175351232633e-16,1,0.14325409987941384,False,"[{""message"":""Optimization terminated successfully. (HiGHS Status 7: Optimal)"",""mip_feasibility_tolerance"":1e-08,""presolve"":true,""primal_feasibility_tolerance"":1e-08,""solve_seconds"":0.14324770006351173,""status"":0,""time_limit_seconds"":30.0}]",0.02852250006981194,"{""2025"":{""allowance"":9.663381206337363e-13,""available_after_reserve"":1.9326762412674725e-12,""numerical_guard"":9.663381206337363e-13,""remaining"":1.9326762412674725e-12,""terminal_reserve"":0.0},""2026"":{""allowance"":50.493766841546744,""available_after_reserve"":50.49376784154674,""numerical_guard"":1e-06,""remaining"":51.037246102416304,""terminal_reserve"":0.5434782608695652}}",0.015162300085648894,PASS,201682.9477423097,1100.4613541666777,430,192
543,2026-06-27T21:00:00Z,776,1520,4465,508,62,206,0,Optimization terminated successfully. (HiGHS Status 7: Optimal),2.6006175240115385e-06,272775.42815535964,272774.964574388,1.6994997043268217e-06,1,0.21488930005580187,False,"[{""message"":""Optimization terminated successfully. (HiGHS Status 7: Optimal)"",""mip_feasibility_tolerance"":1e-08,""presolve"":true,""primal_feasibility_tolerance"":1e-08,""solve_seconds"":0.21488319989293814,""status"":0,""time_limit_seconds"":30.0}]",0.02302590012550354,"{""2025"":{""allowance"":9.663381206337363e-13,""available_after_reserve"":1.9326762412674725e-12,""numerical_guard"":9.663381206337363e-13,""remaining"":1.9326762412674725e-12,""terminal_reserve"":0.0},""2026"":{""allowance"":48.82323594796543,""available_after_reserve"":48.82323694796543,""numerical_guard"":1e-06,""remaining"":49.36671520883499,""terminal_reserve"":0.5434782608695652}}",0.023728299885988235,PASS,268529.6026298907,4245.361944497144,416,192
544,2026-06-28T21:00:00Z,838,1641,4861,548,64,226,0,Optimization terminated successfully. (HiGHS Status 7: Optimal),2.7883008106895886e-16,378046.9217200391,378046.9217200391,0.0,1,0.18786639999598265,False,"[{""message"":""Optimization terminated successfully. (HiGHS Status 7: Optimal)"",""mip_feasibility_tolerance"":1e-08,""presolve"":true,""primal_feasibility_tolerance"":1e-08,""solve_seconds"":0.1878599999472499,""status"":0,""time_limit_seconds"":30.0}]",0.03400010010227561,"{""2025"":{""allowance"":9.663381206337363e-13,""available_after_reserve"":1.9326762412674725e-12,""numerical_guard"":9.663381206337363e-13,""remaining"":1.9326762412674725e-12,""terminal_reserve"":0.0},""2026"":{""allowance"":46.956969703913614,""available_after_reserve"":46.95697070391361,""numerical_guard"":1e-06,""remaining"":47.500448964783175,""terminal_reserve"":0.5434782608695652}}",0.016357599990442395,PASS,373414.24724946584,4632.674470573176,432,192
545,2026-06-29T21:00:00Z,903,1759,5274,586,72,245,0,Optimization terminated successfully. (HiGHS Status 7: Optimal),2.794366109036374e-07,356225.8089300365,356225.7650870071,1.230765253755795e-07,1,0.18239799980074167,False,"[{""message"":""Optimization terminated successfully. (HiGHS Status 7: Optimal)"",""mip_feasibility_tolerance"":1e-08,""presolve"":true,""primal_feasibility_tolerance"":1e-08,""solve_seconds"":0.18239210010506213,""status"":0,""time_limit_seconds"":30.0}]",0.031544100027531385,"{""2025"":{""allowance"":9.663381206337363e-13,""available_after_reserve"":1.9326762412674725e-12,""numerical_guard"":9.663381206337363e-13,""remaining"":1.9326762412674725e-12,""terminal_reserve"":0.0},""2026"":{""allowance"":44.61522787693656,""available_after_reserve"":44.615228876936555,""numerical_guard"":1e-06,""remaining"":45.15870713780612,""terminal_reserve"":0.5434782608695652}}",0.020785899832844734,PASS,356098.27297561767,127.49211138904148,471,192
546,2026-06-30T21:00:00Z,834,1630,4835,544,66,224,0,Optimization terminated successfully. (HiGHS Status 7: Optimal),1.5700350129980601e-06,243583.37184241042,243583.23008908494,5.819502657051207e-07,1,0.2046186001971364,False,"[{""message"":""Optimization terminated successfully. (HiGHS Status 7: Optimal)"",""mip_feasibility_tolerance"":1e-08,""presolve"":true,""primal_feasibility_tolerance"":1e-08,""solve_seconds"":0.20461270003579557,""status"":0,""time_limit_seconds"":30.0}]",0.023405599873512983,"{""2025"":{""allowance"":9.663381206337363e-13,""available_after_reserve"":1.9326762412674725e-12,""numerical_guard"":9.663381206337363e-13,""remaining"":1.9326762412674725e-12,""terminal_reserve"":0.0},""2026"":{""allowance"":42.586468561889376,""available_after_reserve"":42.58646956188937,""numerical_guard"":1e-06,""remaining"":43.129947822758936,""terminal_reserve"":0.5434782608695652}}",0.0169641999527812,PASS,241870.5063390849,1712.7237499999976,469,192
547,2026-07-01T21:00:00Z,797,1562,4601,522,62,213,0,Optimization terminated successfully. (HiGHS Status 7: Optimal),1.4918001687329625e-16,183732.84092609744,183732.84092609747,0.0,1,0.24356339988298714,False,"[{""message"":""Optimization terminated successfully. (HiGHS Status 7: Optimal)"",""mip_feasibility_tolerance"":1e-08,""presolve"":true,""primal_feasibility_tolerance"":1e-08,""solve_seconds"":0.24355679983273149,""status"":0,""time_limit_seconds"":30.0}]",0.029468100052326918,"{""2025"":{""allowance"":9.663381206337363e-13,""available_after_reserve"":1.9326762412674725e-12,""numerical_guard"":9.663381206337363e-13,""remaining"":1.9326762412674725e-12,""terminal_reserve"":0.0},""2026"":{""allowance"":40.26201840081325,""available_after_reserve"":40.262019400813244,""numerical_guard"":1e-06,""remaining"":40.80549766168281,""terminal_reserve"":0.5434782608695652}}",0.01709070010110736,PASS,182461.5985823474,1271.242343749999,437,192
548,2026-07-02T21:00:00Z,873,1708,5085,570,66,237,0,Optimization terminated successfully. (HiGHS Status 7: Optimal),0.0,186400.55266996752,186400.55266996752,0.0,1,0.24063419993035495,False,"[{""message"":""Optimization terminated successfully. (HiGHS Status 7: Optimal)"",""mip_feasibility_tolerance"":1e-08,""presolve"":true,""primal_feasibility_tolerance"":1e-08,""solve_seconds"":0.24062890000641346,""status"":0,""time_limit_seconds"":30.0}]",0.10947169992141426,"{""2025"":{""allowance"":9.663381206337363e-13,""available_after_reserve"":1.9326762412674725e-12,""numerical_guard"":9.663381206337363e-13,""remaining"":1.9326762412674725e-12,""terminal_reserve"":0.0},""2026"":{""allowance"":38.63296673875925,""available_after_reserve"":38.63296773875925,""numerical_guard"":1e-06,""remaining"":39.17644599962881,""terminal_reserve"":0.5434782608695652}}",0.01779130008071661,PASS,186400.55266996767,-1.1054448689762352e-11,450,192
549,2026-07-03T21:00:00Z,825,1612,4778,538,66,221,0,Optimization terminated successfully. (HiGHS Status 7: Optimal),1.43337980112605e-15,191986.63722680853,191986.6372268084,6.063720033254426e-16,1,0.17369029996916652,False,"[{""message"":""Optimization terminated successfully. (HiGHS Status 7: Optimal)"",""mip_feasibility_tolerance"":1e-08,""presolve"":true,""primal_feasibility_tolerance"":1e-08,""solve_seconds"":0.17368400003761053,""status"":0,""time_limit_seconds"":30.0}]",0.036411100067198277,"{""2025"":{""allowance"":9.663381206337363e-13,""available_after_reserve"":1.9326762412674725e-12,""numerical_guard"":9.663381206337363e-13,""remaining"":1.9326762412674725e-12,""terminal_reserve"":0.0},""2026"":{""allowance"":36.64941727385451,""available_after_reserve"":36.64941827385451,""numerical_guard"":1e-06,""remaining"":37.19289653472407,""terminal_reserve"":0.5434782608695652}}",0.014993600081652403,PASS,191139.3351955586,847.3020312500689,458,192
550,2026-07-04T21:00:00Z,880,1716,5128,572,70,238,0,Optimization terminated successfully. (HiGHS Status 7: Optimal),1.6573145838631862e-16,186732.7000158825,186732.7000158825,0.0,1,0.2517768999096006,False,"[{""message"":""Optimization terminated successfully. (HiGHS Status 7: Optimal)"",""mip_feasibility_tolerance"":1e-08,""presolve"":true,""primal_feasibility_tolerance"":1e-08,""solve_seconds"":0.2517697000876069,""status"":0,""time_limit_seconds"":30.0}]",0.03481209999881685,"{""2025"":{""allowance"":9.663381206337363e-13,""available_after_reserve"":1.9326762412674725e-12,""numerical_guard"":9.663381206337363e-13,""remaining"":1.9326762412674725e-12,""terminal_reserve"":0.0},""2026"":{""allowance"":35.15225075324457,""available_after_reserve"":35.15225175324457,""numerical_guard"":1e-06,""remaining"":35.69573001411413,""terminal_reserve"":0.5434782608695652}}",0.020275400020182133,PASS,185397.65303671587,1335.0469791666712,459,192
551,2026-07-05T21:00:00Z,825,1612,4778,538,66,221,0,Optimization terminated successfully. (HiGHS Status 7: Optimal),3.2385748955340965e-06,175573.48116381883,175573.18606381136,1.6807806139650682e-06,1,0.18085889983922243,False,"[{""message"":""Optimization terminated successfully. (HiGHS Status 7: Optimal)"",""mip_feasibility_tolerance"":1e-08,""presolve"":true,""primal_feasibility_tolerance"":1e-08,""solve_seconds"":0.18085270002484322,""status"":0,""time_limit_seconds"":30.0}]",0.03251409996300936,"{""2025"":{""allowance"":9.663381206337363e-13,""available_after_reserve"":1.9326762412674725e-12,""numerical_guard"":9.663381206337363e-13,""remaining"":1.9326762412674725e-12,""terminal_reserve"":0.0},""2026"":{""allowance"":33.22269895678187,""available_after_reserve"":33.22269995678187,""numerical_guard"":1e-06,""remaining"":33.76617821765143,""terminal_reserve"":0.5434782608695652}}",0.020480700070038438,PASS,174387.88585547806,1185.3002083333304,459,192
552,2026-07-06T21:00:00Z,878,1715,5114,572,68,238,0,Optimization terminated successfully. (HiGHS Status 7: Optimal),2.5527081263407978e-05,161537.0356145476,161535.15367077748,1.1650366668588387e-05,1,0.11475180019624531,False,"[{""message"":""Optimization terminated successfully. (HiGHS Status 7: Optimal)"",""mip_feasibility_tolerance"":1e-08,""presolve"":true,""primal_feasibility_tolerance"":1e-08,""solve_seconds"":0.11474550003185868,""status"":0,""time_limit_seconds"":30.0}]",0.03006579983048141,"{""2025"":{""allowance"":9.663381206337363e-13,""available_after_reserve"":1.9326762412674725e-12,""numerical_guard"":9.663381206337363e-13,""remaining"":1.9326762412674725e-12,""terminal_reserve"":0.0},""2026"":{""allowance"":31.525714350161984,""available_after_reserve"":31.525715350161985,""numerical_guard"":1e-06,""remaining"":32.06919361103155,""terminal_reserve"":0.5434782608695652}}",0.016416599974036217,PASS,160066.33413952732,1468.8195312500018,459,192
553,2026-07-07T21:00:00Z,863,1685,5019,562,68,233,0,Optimization terminated successfully. (HiGHS Status 7: Optimal),0.0,161771.09837696666,161771.09837696666,0.0,1,0.2313510999083519,False,"[{""message"":""Optimization terminated successfully. (HiGHS Status 7: Optimal)"",""mip_feasibility_tolerance"":1e-08,""presolve"":true,""primal_feasibility_tolerance"":1e-08,""solve_seconds"":0.2313447999767959,""status"":0,""time_limit_seconds"":30.0}]",0.0245858000125736,"{""2025"":{""allowance"":9.663381206337363e-13,""available_after_reserve"":1.9326762412674725e-12,""numerical_guard"":9.663381206337363e-13,""remaining"":1.9326762412674725e-12,""terminal_reserve"":0.0},""2026"":{""allowance"":29.076312641745623,""available_after_reserve"":29.076313641745624,""numerical_guard"":1e-06,""remaining"":29.61979190261519,""terminal_reserve"":0.5434782608695652}}",0.019225999945774674,PASS,160399.23822071668,1371.8601562499962,471,192
554,2026-07-08T21:00:00Z,805,1575,4650,526,64,215,0,Optimization terminated successfully. (HiGHS Status 7: Optimal),1.295033014611454e-07,184752.00331696012,184751.99081931467,6.764552521532759e-08,1,0.20564269996248186,False,"[{""message"":""Optimization terminated successfully. (HiGHS Status 7: Optimal)"",""mip_feasibility_tolerance"":1e-08,""presolve"":true,""primal_feasibility_tolerance"":1e-08,""solve_seconds"":0.20563570014201105,""status"":0,""time_limit_seconds"":30.0}]",0.029151699971407652,"{""2025"":{""allowance"":9.663381206337363e-13,""available_after_reserve"":1.9326762412674725e-12,""numerical_guard"":9.663381206337363e-13,""remaining"":1.9326762412674725e-12,""terminal_reserve"":0.0},""2026"":{""allowance"":26.82410589463091,""available_after_reserve"":26.824106894630912,""numerical_guard"":1e-06,""remaining"":27.36758515550048,""terminal_reserve"":0.5434782608695652}}",0.01584519981406629,PASS,183411.7963922312,1340.1944270834476,448,192
555,2026-07-09T21:00:00Z,907,1770,5301,590,70,247,0,Optimization terminated successfully. (HiGHS Status 7: Optimal),3.992549267228554e-06,174873.44848286285,174873.12250719633,1.8640695713985586e-06,1,0.24412099993787706,False,"[{""message"":""Optimization terminated successfully. (HiGHS Status 7: Optimal)"",""mip_feasibility_tolerance"":1e-08,""presolve"":true,""primal_feasibility_tolerance"":1e-08,""solve_seconds"":0.24411490000784397,""status"":0,""time_limit_seconds"":30.0}]",0.029474900104105473,"{""2025"":{""allowance"":9.663381206337363e-13,""available_after_reserve"":1.9326762412674725e-12,""numerical_guard"":9.663381206337363e-13,""remaining"":1.9326762412674725e-12,""terminal_reserve"":0.0},""2026"":{""allowance"":25.006045974835494,""available_after_reserve"":25.006046974835495,""numerical_guard"":1e-06,""remaining"":25.54952523570506,""terminal_reserve"":0.5434782608695652}}",0.016495299991220236,PASS,173791.89849677964,1081.2240104166406,462,192
556,2026-07-10T21:00:00Z,880,1716,5129,572,70,238,0,Optimization terminated successfully. (HiGHS Status 7: Optimal),8.388017829203694e-05,161882.51293694403,161875.55784812773,4.2965651570556494e-05,1,0.3743287001270801,False,"[{""message"":""Optimization terminated successfully. (HiGHS Status 7: Optimal)"",""mip_feasibility_tolerance"":1e-08,""presolve"":true,""primal_feasibility_tolerance"":1e-08,""solve_seconds"":0.3743234998546541,""status"":0,""time_limit_seconds"":30.0}]",0.029718599980697036,"{""2025"":{""allowance"":9.663381206337363e-13,""available_after_reserve"":1.9326762412674725e-12,""numerical_guard"":9.663381206337363e-13,""remaining"":1.9326762412674725e-12,""terminal_reserve"":0.0},""2026"":{""allowance"":23.268392088527143,""available_after_reserve"":23.268393088527144,""numerical_guard"":1e-06,""remaining"":23.81187134939671,""terminal_reserve"":0.5434782608695652}}",0.022884099977090955,PASS,160949.07112937773,926.4867187497227,485,192
557,2026-07-11T21:00:00Z,858,1678,4990,560,66,232,0,Optimization terminated successfully. (HiGHS Status 7: Optimal),3.3155090675476984e-05,172943.78237626769,172940.7075472477,1.77796717938396e-05,1,0.5737664001062512,False,"[{""message"":""Optimization terminated successfully. (HiGHS Status 7: Optimal)"",""mip_feasibility_tolerance"":1e-08,""presolve"":true,""primal_feasibility_tolerance"":1e-08,""solve_seconds"":0.5737598999403417,""status"":0,""time_limit_seconds"":30.0}]",0.13976059993728995,"{""2025"":{""allowance"":9.663381206337363e-13,""available_after_reserve"":1.9326762412674725e-12,""numerical_guard"":9.663381206337363e-13,""remaining"":1.9326762412674725e-12,""terminal_reserve"":0.0},""2026"":{""allowance"":21.566664256631945,""available_after_reserve"":21.566665256631946,""numerical_guard"":1e-06,""remaining"":22.110143517501513,""terminal_reserve"":0.5434782608695652}}",0.020793699892237782,PASS,171629.01874516427,1311.6888020833385,470,192
558,2026-07-12T21:00:00Z,793,1551,4575,518,64,211,0,Optimization terminated successfully. (HiGHS Status 7: Optimal),2.118976243546768e-07,174552.4688025792,174552.45072952186,1.0353940762699129e-07,1,0.17598269996233284,False,"[{""message"":""Optimization terminated successfully. (HiGHS Status 7: Optimal)"",""mip_feasibility_tolerance"":1e-08,""presolve"":true,""primal_feasibility_tolerance"":1e-08,""solve_seconds"":0.17597700003534555,""status"":0,""time_limit_seconds"":30.0}]",0.028415099950507283,"{""2025"":{""allowance"":9.663381206337363e-13,""available_after_reserve"":1.9326762412674725e-12,""numerical_guard"":9.663381206337363e-13,""remaining"":1.9326762412674725e-12,""terminal_reserve"":0.0},""2026"":{""allowance"":19.814422405636826,""available_after_reserve"":19.814423405636827,""numerical_guard"":1e-06,""remaining"":20.357901666506393,""terminal_reserve"":0.5434782608695652}}",0.021249899873510003,PASS,173154.01479202186,1398.4359375000076,443,192
559,2026-07-13T21:00:00Z,854,1667,4963,556,68,230,0,Optimization terminated successfully. (HiGHS Status 7: Optimal),1.644994476119373e-16,169863.20914559384,169863.2091455938,1.7133686925570866e-16,1,0.17262739990837872,False,"[{""message"":""Optimization terminated successfully. (HiGHS Status 7: Optimal)"",""mip_feasibility_tolerance"":1e-08,""presolve"":true,""primal_feasibility_tolerance"":1e-08,""solve_seconds"":0.17262210021726787,""status"":0,""time_limit_seconds"":30.0}]",0.03368090000003576,"{""2025"":{""allowance"":9.663381206337363e-13,""available_after_reserve"":1.9326762412674725e-12,""numerical_guard"":9.663381206337363e-13,""remaining"":1.9326762412674725e-12,""terminal_reserve"":0.0},""2026"":{""allowance"":17.902190474122044,""available_after_reserve"":17.902191474122045,""numerical_guard"":1e-06,""remaining"":18.44566973499161,""terminal_reserve"":0.5434782608695652}}",0.015211099991574883,PASS,168147.1444060101,1716.0647395833294,441,192
560,2026-07-14T21:00:00Z,857,1673,4981,558,68,231,0,Optimization terminated successfully. (HiGHS Status 7: Optimal),0.0,176351.0337479149,176351.03374791483,3.300670241415903e-16,1,0.1987821999937296,False,"[{""message"":""Optimization terminated successfully. (HiGHS Status 7: Optimal)"",""mip_feasibility_tolerance"":1e-08,""presolve"":true,""primal_feasibility_tolerance"":1e-08,""solve_seconds"":0.19877589982934296,""status"":0,""time_limit_seconds"":30.0}]",0.031150100054219365,"{""2025"":{""allowance"":9.663381206337363e-13,""available_after_reserve"":1.9326762412674725e-12,""numerical_guard"":9.663381206337363e-13,""remaining"":1.9326762412674725e-12,""terminal_reserve"":0.0},""2026"":{""allowance"":16.080834051974243,""available_after_reserve"":16.080835051974244,""numerical_guard"":1e-06,""remaining"":16.62431331284381,""terminal_reserve"":0.5434782608695652}}",0.01980020012706518,PASS,174569.2980187483,1781.7357291666701,461,192
561,2026-07-15T21:00:00Z,880,1716,5127,572,70,238,0,Optimization terminated successfully. (HiGHS Status 7: Optimal),0.0,172960.34749769163,172960.34749769163,0.0,1,0.1672340000513941,False,"[{""message"":""Optimization terminated successfully. (HiGHS Status 7: Optimal)"",""mip_feasibility_tolerance"":1e-08,""presolve"":true,""primal_feasibility_tolerance"":1e-08,""solve_seconds"":0.16722800000570714,""status"":0,""time_limit_seconds"":30.0}]",0.030647899955511093,"{""2025"":{""allowance"":9.663381206337363e-13,""available_after_reserve"":1.9326762412674725e-12,""numerical_guard"":9.663381206337363e-13,""remaining"":1.9326762412674725e-12,""terminal_reserve"":0.0},""2026"":{""allowance"":14.346746737555858,""available_after_reserve"":14.346747737555857,""numerical_guard"":1e-06,""remaining"":14.890225998425421,""terminal_reserve"":0.5434782608695652}}",0.01617869990877807,PASS,171166.206143525,1794.1413541666304,469,192
562,2026-07-16T21:00:00Z,886,1728,5166,576,70,240,0,Optimization terminated successfully. (HiGHS Status 7: Optimal),6.631671186748059e-05,163826.36196106885,163820.8664418708,3.3545904849616375e-05,1,0.7710937999654561,False,"[{""message"":""Optimization terminated successfully. (HiGHS Status 7: Optimal)"",""mip_feasibility_tolerance"":1e-08,""presolve"":true,""primal_feasibility_tolerance"":1e-08,""solve_seconds"":0.771088199922815,""status"":0,""time_limit_seconds"":30.0}]",0.024892200017347932,"{""2025"":{""allowance"":9.663381206337363e-13,""available_after_reserve"":1.9326762412674725e-12,""numerical_guard"":9.663381206337363e-13,""remaining"":1.9326762412674725e-12,""terminal_reserve"":0.0},""2026"":{""allowance"":12.755798968337555,""available_after_reserve"":12.755799968337554,""numerical_guard"":1e-06,""remaining"":13.299278229207118,""terminal_reserve"":0.5434782608695652}}",0.014896000036969781,PASS,162549.99066062074,1270.875781249991,478,192
563,2026-07-17T21:00:00Z,876,1705,5101,568,72,236,0,Optimization terminated successfully. (HiGHS Status 7: Optimal),0.0,157829.94917401264,157829.94917401264,0.0,1,0.24633489991538227,False,"[{""message"":""Optimization terminated successfully. (HiGHS Status 7: Optimal)"",""mip_feasibility_tolerance"":1e-08,""presolve"":true,""primal_feasibility_tolerance"":1e-08,""solve_seconds"":0.2463288998696953,""status"":0,""time_limit_seconds"":30.0}]",0.025667699985206127,"{""2025"":{""allowance"":9.663381206337363e-13,""available_after_reserve"":1.9326762412674725e-12,""numerical_guard"":9.663381206337363e-13,""remaining"":1.9326762412674725e-12,""terminal_reserve"":0.0},""2026"":{""allowance"":10.987074544509593,""available_after_reserve"":10.987075544509592,""numerical_guard"":1e-06,""remaining"":11.530553805379157,""terminal_reserve"":0.5434782608695652}}",0.023853400023654103,PASS,156830.9309969292,999.01817708331,476,192
564,2026-07-18T21:00:00Z,817,1599,4727,534,64,219,0,Optimization terminated successfully. (HiGHS Status 7: Optimal),4.3697833569517194e-07,153482.50058249163,153482.46632923238,2.2317376093083186e-07,1,0.15953280008397996,False,"[{""message"":""Optimization terminated successfully. (HiGHS Status 7: Optimal)"",""mip_feasibility_tolerance"":1e-08,""presolve"":true,""primal_feasibility_tolerance"":1e-08,""solve_seconds"":0.15952589991502464,""status"":0,""time_limit_seconds"":30.0}]",0.03167349984869361,"{""2025"":{""allowance"":9.663381206337363e-13,""available_after_reserve"":1.9326762412674725e-12,""numerical_guard"":9.663381206337363e-13,""remaining"":1.9326762412674725e-12,""terminal_reserve"":0.0},""2026"":{""allowance"":9.518206619523934,""available_after_reserve"":9.518207619523933,""numerical_guard"":1e-06,""remaining"":10.061685880393497,""terminal_reserve"":0.5434782608695652}}",0.024492800002917647,PASS,152038.8617458992,1443.6045833333333,455,192
565,2026-07-19T21:00:00Z,841,1638,4878,546,70,225,0,Optimization terminated successfully. (HiGHS Status 7: Optimal),1.6503857333847109e-16,162682.95212583087,162682.9521258308,3.57798159873847e-16,1,0.1173364999704063,False,"[{""message"":""Optimization terminated successfully. (HiGHS Status 7: Optimal)"",""mip_feasibility_tolerance"":1e-08,""presolve"":true,""primal_feasibility_tolerance"":1e-08,""solve_seconds"":0.11733069992624223,""status"":0,""time_limit_seconds"":30.0}]",0.10972129995934665,"{""2025"":{""allowance"":9.663381206337363e-13,""available_after_reserve"":1.9326762412674725e-12,""numerical_guard"":9.663381206337363e-13,""remaining"":1.9326762412674725e-12,""terminal_reserve"":0.0},""2026"":{""allowance"":8.07144425507266,""available_after_reserve"":8.071445255072659,""numerical_guard"":1e-06,""remaining"":8.614923515942223,""terminal_reserve"":0.5434782608695652}}",0.0207288998644799,PASS,161085.44879249763,1597.5033333333402,444,192
566,2026-07-20T21:00:00Z,770,1508,4428,504,62,204,0,Optimization terminated successfully. (HiGHS Status 7: Optimal),1.308695957357847e-05,170753.96348180802,170752.83042120887,6.635676822213663e-06,1,0.15950429998338223,False,"[{""message"":""Optimization terminated successfully. (HiGHS Status 7: Optimal)"",""mip_feasibility_tolerance"":1e-08,""presolve"":true,""primal_feasibility_tolerance"":1e-08,""solve_seconds"":0.15949920006096363,""status"":0,""time_limit_seconds"":30.0}]",0.03282990003935993,"{""2025"":{""allowance"":9.663381206337363e-13,""available_after_reserve"":1.9326762412674725e-12,""numerical_guard"":9.663381206337363e-13,""remaining"":1.9326762412674725e-12,""terminal_reserve"":0.0},""2026"":{""allowance"":5.916091093333529,""available_after_reserve"":5.916092093333529,""numerical_guard"":1e-06,""remaining"":6.459570354203095,""terminal_reserve"":0.5434782608695652}}",0.018537100171670318,PASS,169348.03354620875,1404.7968749999957,429,192
567,2026-07-21T21:00:00Z,781,1527,4496,510,64,207,0,Optimization terminated successfully. (HiGHS Status 7: Optimal),1.184855288503958e-16,205778.73220470588,205778.73220470594,0.0,1,0.15853050001896918,False,"[{""message"":""Optimization terminated successfully. (HiGHS Status 7: Optimal)"",""mip_feasibility_tolerance"":1e-08,""presolve"":true,""primal_feasibility_tolerance"":1e-08,""solve_seconds"":0.15852509997785091,""status"":0,""time_limit_seconds"":30.0}]",0.023306200047954917,"{""2025"":{""allowance"":9.663381206337363e-13,""available_after_reserve"":1.9326762412674725e-12,""numerical_guard"":9.663381206337363e-13,""remaining"":1.9326762412674725e-12,""terminal_reserve"":0.0},""2026"":{""allowance"":4.37850340152715,""available_after_reserve"":4.37850440152715,""numerical_guard"":1e-06,""remaining"":4.921982662396715,""terminal_reserve"":0.5434782608695652}}",0.01560729998163879,PASS,204418.7757463726,1359.9564583333388,411,192
568,2026-07-22T21:00:00Z,803,1565,4634,522,68,213,0,Optimization terminated successfully. (HiGHS Status 7: Optimal),3.5339066809803727e-06,170087.66732041293,170087.48740394783,1.0577877764441622e-06,1,0.1984474000055343,False,"[{""message"":""Optimization terminated successfully. (HiGHS Status 7: Optimal)"",""mip_feasibility_tolerance"":1e-08,""presolve"":true,""primal_feasibility_tolerance"":1e-08,""solve_seconds"":0.19843929982744157,""status"":0,""time_limit_seconds"":30.0}]",0.027069400064647198,"{""2025"":{""allowance"":9.663381206337363e-13,""available_after_reserve"":1.9326762412674725e-12,""numerical_guard"":9.663381206337363e-13,""remaining"":1.9326762412674725e-12,""terminal_reserve"":0.0},""2026"":{""allowance"":2.4771428484891036,""available_after_reserve"":2.4771438484891037,""numerical_guard"":1e-06,""remaining"":3.020622109358669,""terminal_reserve"":0.5434782608695652}}",0.021323799854144454,PASS,168593.60210498289,1493.8852989649895,420,192
569,2026-07-23T21:00:00Z,846,1645,4905,548,72,226,0,Optimization terminated successfully. (HiGHS Status 7: Optimal),0.0,87485.5811134611,87485.58111346111,0.0,1,0.022657299879938364,False,"[{""message"":""Optimization terminated successfully. (HiGHS Status 7: Optimal)"",""mip_feasibility_tolerance"":1e-08,""presolve"":true,""primal_feasibility_tolerance"":1e-08,""solve_seconds"":0.02265100018121302,""status"":0,""time_limit_seconds"":30.0}]",0.03291069995611906,"{""2025"":{""allowance"":9.663381206337363e-13,""available_after_reserve"":1.9326762412674725e-12,""numerical_guard"":9.663381206337363e-13,""remaining"":1.9326762412674725e-12,""terminal_reserve"":0.0},""2026"":{""allowance"":0.06168930776754636,""available_after_reserve"":0.06169030776754636,""numerical_guard"":1e-06,""remaining"":0.6051685686371115,""terminal_reserve"":0.5434782608695652}}",0.023153499932959676,PASS,86442.5337167577,1043.0473967037099,439,192
570,2026-07-24T21:00:00Z,846,1645,4907,548,72,226,0,Optimization terminated successfully. (HiGHS Status 7: Optimal),0.0,77147.81423282385,77147.81423282386,0.0,1,0.20743510010652244,False,"[{""message"":""Optimization terminated successfully. (HiGHS Status 7: Optimal)"",""mip_feasibility_tolerance"":1e-08,""presolve"":true,""primal_feasibility_tolerance"":1e-08,""solve_seconds"":0.20742829982191324,""status"":0,""time_limit_seconds"":30.0}]",0.025885199895128608,"{""2025"":{""allowance"":9.663381206337363e-13,""available_after_reserve"":1.9326762412674725e-12,""numerical_guard"":9.663381206337363e-13,""remaining"":1.9326762412674725e-12,""terminal_reserve"":0.0},""2026"":{""allowance"":5.000000543597949e-07,""available_after_reserve"":1.0000001087195898e-06,""numerical_guard"":5.000000543597949e-07,""remaining"":0.5434792608696739,""terminal_reserve"":0.5434782608695652}}",0.014887599973008037,PASS,76098.09036484057,1049.723867983427,452,192
571,2026-07-25T21:00:00Z,834,1630,4835,544,66,224,0,Optimization terminated successfully. (HiGHS Status 7: Optimal),0.0,76061.86050448834,76061.86050448834,0.0,1,0.016278200084343553,False,"[{""message"":""Optimization terminated successfully. (HiGHS Status 7: Optimal)"",""mip_feasibility_tolerance"":1e-08,""presolve"":true,""primal_feasibility_tolerance"":1e-08,""solve_seconds"":0.01627240004017949,""status"":0,""time_limit_seconds"":30.0}]",0.024305999977514148,"{""2025"":{""allowance"":9.663381206337363e-13,""available_after_reserve"":1.9326762412674725e-12,""numerical_guard"":9.663381206337363e-13,""remaining"":1.9326762412674725e-12,""terminal_reserve"":0.0},""2026"":{""allowance"":5.000000543597949e-07,""available_after_reserve"":1.0000001087195898e-06,""numerical_guard"":5.000000543597949e-07,""remaining"":0.5434792608696739,""terminal_reserve"":0.5434782608695652}}",0.020181099884212017,PASS,74972.83247533187,1089.0280291565846,450,192
572,2026-07-26T21:00:00Z,806,1571,4655,524,68,214,0,Optimization terminated successfully. (HiGHS Status 7: Optimal),0.0,75932.18999668772,75932.18999668775,0.0,1,0.24264409998431802,False,"[{""message"":""Optimization terminated successfully. (HiGHS Status 7: Optimal)"",""mip_feasibility_tolerance"":1e-08,""presolve"":true,""primal_feasibility_tolerance"":1e-08,""solve_seconds"":0.2426371001638472,""status"":0,""time_limit_seconds"":30.0}]",0.02694760006852448,"{""2025"":{""allowance"":9.663381206337363e-13,""available_after_reserve"":1.9326762412674725e-12,""numerical_guard"":9.663381206337363e-13,""remaining"":1.9326762412674725e-12,""terminal_reserve"":0.0},""2026"":{""allowance"":2.500000265692748e-07,""available_after_reserve"":5.000000531385496e-07,""numerical_guard"":2.500000265692748e-07,""remaining"":0.5434787608696183,""terminal_reserve"":0.5434782608695652}}",0.017932499991729856,PASS,74660.97426622639,1271.2157304612633,438,192
573,2026-07-27T21:00:00Z,818,1595,4733,532,68,218,0,Optimization terminated successfully. (HiGHS Status 7: Optimal),0.0,76266.04267938934,76266.04267938936,0.0,1,0.018193499883636832,False,"[{""message"":""Optimization terminated successfully. (HiGHS Status 7: Optimal)"",""mip_feasibility_tolerance"":1e-08,""presolve"":true,""primal_feasibility_tolerance"":1e-08,""solve_seconds"":0.01818799995817244,""status"":0,""time_limit_seconds"":30.0}]",0.0240792001131922,"{""2025"":{""allowance"":9.663381206337363e-13,""available_after_reserve"":1.9326762412674725e-12,""numerical_guard"":9.663381206337363e-13,""remaining"":1.9326762412674725e-12,""terminal_reserve"":0.0},""2026"":{""allowance"":2.500000265692748e-07,""available_after_reserve"":5.000000531385496e-07,""numerical_guard"":2.500000265692748e-07,""remaining"":0.5434787608696183,""terminal_reserve"":0.5434782608695652}}",0.02017359994351864,PASS,74731.07530737841,1534.9673720106202,432,192
574,2026-07-28T21:00:00Z,850,1656,4936,552,70,228,0,Optimization terminated successfully. (HiGHS Status 7: Optimal),5.530497480844938e-09,75984.78104043222,75984.78081910667,2.9127615799176477e-09,1,0.25302589987404644,False,"[{""message"":""Optimization terminated successfully. (HiGHS Status 7: Optimal)"",""mip_feasibility_tolerance"":1e-08,""presolve"":true,""primal_feasibility_tolerance"":1e-08,""solve_seconds"":0.25302039994858205,""status"":0,""time_limit_seconds"":30.0}]",0.12949520000256598,"{""2025"":{""allowance"":9.663381206337363e-13,""available_after_reserve"":1.9326762412674725e-12,""numerical_guard"":9.663381206337363e-13,""remaining"":1.9326762412674725e-12,""terminal_reserve"":0.0},""2026"":{""allowance"":1.2500001267401473e-07,""available_after_reserve"":2.5000002534802945e-07,""numerical_guard"":1.2500001267401473e-07,""remaining"":0.5434785108695905,""terminal_reserve"":0.5434782608695652}}",0.017812499776482582,PASS,74485.80084814949,1498.9799709573012,446,192
575,2026-07-29T21:00:00Z,912,1777,5330,592,72,248,0,Optimization terminated successfully. (HiGHS Status 7: Optimal),0.0,76011.57528773448,76011.57528773448,0.0,1,0.018914800137281418,False,"[{""message"":""Optimization terminated successfully. (HiGHS Status 7: Optimal)"",""mip_feasibility_tolerance"":1e-08,""presolve"":true,""primal_feasibility_tolerance"":1e-08,""solve_seconds"":0.018909099977463484,""status"":0,""time_limit_seconds"":30.0}]",0.024293300230056047,"{""2025"":{""allowance"":9.663381206337363e-13,""available_after_reserve"":1.9326762412674725e-12,""numerical_guard"":9.663381206337363e-13,""remaining"":1.9326762412674725e-12,""terminal_reserve"":0.0},""2026"":{""allowance"":1.2500001267401473e-07,""available_after_reserve"":2.5000002534802945e-07,""numerical_guard"":1.2500001267401473e-07,""remaining"":0.5434785108695905,""terminal_reserve"":0.5434782608695652}}",0.015686800004914403,PASS,74220.51403370133,1791.061254033438,476,192
576,2026-07-30T21:00:00Z,855,1663,4965,554,72,229,0,Optimization terminated successfully. (HiGHS Status 7: Optimal),1.8953420681927464e-05,75696.30237427124,75695.54491556837,1.0006648392711903e-05,1,0.02207770012319088,False,"[{""message"":""Optimization terminated successfully. (HiGHS Status 7: Optimal)"",""mip_feasibility_tolerance"":1e-08,""presolve"":true,""primal_feasibility_tolerance"":1e-08,""solve_seconds"":0.022072700085118413,""status"":0,""time_limit_seconds"":30.0}]",0.02675220021046698,"{""2025"":{""allowance"":9.663381206337363e-13,""available_after_reserve"":1.9326762412674725e-12,""numerical_guard"":9.663381206337363e-13,""remaining"":1.9326762412674725e-12,""terminal_reserve"":0.0},""2026"":{""allowance"":6.250001993723941e-08,""available_after_reserve"":1.2500003987447883e-07,""numerical_guard"":6.250001993723941e-08,""remaining"":0.5434783858696051,""terminal_reserve"":0.5434782608695652}}",0.021114200120791793,PASS,74235.32803166464,1460.2168839038482,477,192
577,2026-07-31T21:00:00Z,882,1717,5139,572,72,238,0,Optimization terminated successfully. (HiGHS Status 7: Optimal),0.0,74762.34533893176,74762.34533893177,0.0,1,0.018829999957233667,False,"[{""message"":""Optimization terminated successfully. (HiGHS Status 7: Optimal)"",""mip_feasibility_tolerance"":1e-08,""presolve"":true,""primal_feasibility_tolerance"":1e-08,""solve_seconds"":0.018823600141331553,""status"":0,""time_limit_seconds"":30.0}]",0.02798569994047284,"{""2025"":{""allowance"":9.663381206337363e-13,""available_after_reserve"":1.9326762412674725e-12,""numerical_guard"":9.663381206337363e-13,""remaining"":1.9326762412674725e-12,""terminal_reserve"":0.0},""2026"":{""allowance"":6.250001993723941e-08,""available_after_reserve"":1.2500003987447883e-07,""numerical_guard"":6.250001993723941e-08,""remaining"":0.5434783858696051,""terminal_reserve"":0.5434782608695652}}",0.015680900076404214,PASS,73384.52509957424,1377.8202393575264,467,192
578,2026-08-01T21:00:00Z,812,1583,4695,528,68,216,0,Optimization terminated successfully. (HiGHS Status 7: Optimal),2.369182767344233e-05,75130.87127579286,75129.90657368544,1.2840453973858879e-05,1,0.02234580018557608,False,"[{""message"":""Optimization terminated successfully. (HiGHS Status 7: Optimal)"",""mip_feasibility_tolerance"":1e-08,""presolve"":true,""primal_feasibility_tolerance"":1e-08,""solve_seconds"":0.022339200135320425,""status"":0,""time_limit_seconds"":30.0}]",0.026733800070360303,"{""2025"":{""allowance"":9.663381206337363e-13,""available_after_reserve"":1.9326762412674725e-12,""numerical_guard"":9.663381206337363e-13,""remaining"":1.9326762412674725e-12,""terminal_reserve"":0.0},""2026"":{""allowance"":3.1250009357997044e-08,""available_after_reserve"":6.250001871599409e-08,""numerical_guard"":3.1250009357997044e-08,""remaining"":0.5434783233695839,""terminal_reserve"":0.5434782608695652}}",0.01776419999077916,PASS,73081.46619302475,2048.440380660891,454,192
579,2026-08-02T21:00:00Z,894,1741,5214,580,72,242,0,Optimization terminated successfully. (HiGHS Status 7: Optimal),0.0,76081.43276296809,76081.43276296812,0.0,1,0.024344899924471974,False,"[{""message"":""Optimization terminated successfully. (HiGHS Status 7: Optimal)"",""mip_feasibility_tolerance"":1e-08,""presolve"":true,""primal_feasibility_tolerance"":1e-08,""solve_seconds"":0.024338799994438887,""status"":0,""time_limit_seconds"":30.0}]",0.030764600029215217,"{""2025"":{""allowance"":9.663381206337363e-13,""available_after_reserve"":1.9326762412674725e-12,""numerical_guard"":9.663381206337363e-13,""remaining"":1.9326762412674725e-12,""terminal_reserve"":0.0},""2026"":{""allowance"":3.1250009357997044e-08,""available_after_reserve"":6.250001871599409e-08,""numerical_guard"":3.1250009357997044e-08,""remaining"":0.5434783233695839,""terminal_reserve"":0.5434782608695652}}",0.024987800046801567,PASS,73916.86067533407,2164.5720876340697,458,192
580,2026-08-03T21:00:00Z,792,1546,4565,516,66,210,0,Optimization terminated successfully. (HiGHS Status 7: Optimal),9.03424746100219e-06,75835.8825776871,75835.51595053446,4.834504625378534e-06,1,0.02211709995754063,False,"[{""message"":""Optimization terminated successfully. (HiGHS Status 7: Optimal)"",""mip_feasibility_tolerance"":1e-08,""presolve"":true,""primal_feasibility_tolerance"":1e-08,""solve_seconds"":0.022107700118795037,""status"":0,""time_limit_seconds"":30.0}]",0.029747100081294775,"{""2025"":{""allowance"":9.663381206337363e-13,""available_after_reserve"":1.9326762412674725e-12,""numerical_guard"":9.663381206337363e-13,""remaining"":1.9326762412674725e-12,""terminal_reserve"":0.0},""2026"":{""allowance"":1.562500406837586e-08,""available_after_reserve"":3.125000813675172e-08,""numerical_guard"":1.562500406837586e-08,""remaining"":0.5434782921195733,""terminal_reserve"":0.5434782608695652}}",0.019497200148180127,PASS,73795.92333344932,2039.592617085229,452,192
581,2026-08-04T21:00:00Z,885,1723,5158,574,72,239,0,Optimization terminated successfully. (HiGHS Status 7: Optimal),0.0,75926.99666998704,75926.99666998704,0.0,1,0.022286999970674515,False,"[{""message"":""Optimization terminated successfully. (HiGHS Status 7: Optimal)"",""mip_feasibility_tolerance"":1e-08,""presolve"":true,""primal_feasibility_tolerance"":1e-08,""solve_seconds"":0.022281199926510453,""status"":0,""time_limit_seconds"":30.0}]",0.03183870017528534,"{""2025"":{""allowance"":9.663381206337363e-13,""available_after_reserve"":1.9326762412674725e-12,""numerical_guard"":9.663381206337363e-13,""remaining"":1.9326762412674725e-12,""terminal_reserve"":0.0},""2026"":{""allowance"":1.562500406837586e-08,""available_after_reserve"":3.125000813675172e-08,""numerical_guard"":1.562500406837586e-08,""remaining"":0.5434782921195733,""terminal_reserve"":0.5434782608695652}}",0.02190519985742867,PASS,73820.12740047503,2106.869269512066,449,192
582,2026-08-05T21:00:00Z,873,1699,5082,566,72,235,0,Optimization terminated successfully. (HiGHS Status 7: Optimal),1.1141749070651622e-05,75570.95305773306,75570.50580505031,5.918349731556052e-06,1,0.02545560011640191,False,"[{""message"":""Optimization terminated successfully. (HiGHS Status 7: Optimal)"",""mip_feasibility_tolerance"":1e-08,""presolve"":true,""primal_feasibility_tolerance"":1e-08,""solve_seconds"":0.025448199827224016,""status"":0,""time_limit_seconds"":30.0}]",0.03663989994674921,"{""2025"":{""allowance"":9.663381206337363e-13,""available_after_reserve"":1.9326762412674725e-12,""numerical_guard"":9.663381206337363e-13,""remaining"":1.9326762412674725e-12,""terminal_reserve"":0.0},""2026"":{""allowance"":7.812501423565266e-09,""available_after_reserve"":1.562500284713053e-08,""numerical_guard"":7.812501423565266e-09,""remaining"":0.543478276494568,""terminal_reserve"":0.5434782608695652}}",0.01978820003569126,PASS,73719.71350046553,1850.7923045847465,474,192
583,2026-08-06T21:00:00Z,882,1717,5141,572,72,238,0,Optimization terminated successfully. (HiGHS Status 7: Optimal),0.0,74892.31022620708,74892.31022620708,0.0,1,0.021737900096923113,False,"[{""message"":""Optimization terminated successfully. (HiGHS Status 7: Optimal)"",""mip_feasibility_tolerance"":1e-08,""presolve"":true,""primal_feasibility_tolerance"":1e-08,""solve_seconds"":0.021728600142523646,""status"":0,""time_limit_seconds"":30.0}]",0.13688990008085966,"{""2025"":{""allowance"":9.663381206337363e-13,""available_after_reserve"":1.9326762412674725e-12,""numerical_guard"":9.663381206337363e-13,""remaining"":1.9326762412674725e-12,""terminal_reserve"":0.0},""2026"":{""allowance"":7.812501423565266e-09,""available_after_reserve"":1.562500284713053e-08,""numerical_guard"":7.812501423565266e-09,""remaining"":0.543478276494568,""terminal_reserve"":0.5434782608695652}}",0.018637700006365776,PASS,73570.49466620968,1321.8155599973359,473,192
584,2026-08-07T21:00:00Z,843,1648,4892,550,66,227,0,Optimization terminated successfully. (HiGHS Status 7: Optimal),3.120200479926701e-06,74772.19293456041,74772.07159491535,1.6227936778250092e-06,1,0.02296169986948371,False,"[{""message"":""Optimization terminated successfully. (HiGHS Status 7: Optimal)"",""mip_feasibility_tolerance"":1e-08,""presolve"":true,""primal_feasibility_tolerance"":1e-08,""solve_seconds"":0.02295320015400648,""status"":0,""time_limit_seconds"":30.0}]",0.024221800034865737,"{""2025"":{""allowance"":9.663381206337363e-13,""available_after_reserve"":1.9326762412674725e-12,""numerical_guard"":9.663381206337363e-13,""remaining"":1.9326762412674725e-12,""terminal_reserve"":0.0},""2026"":{""allowance"":3.906250101159969e-09,""available_after_reserve"":7.812500202319939e-09,""numerical_guard"":3.906250101159969e-09,""remaining"":0.5434782686820654,""terminal_reserve"":0.5434782608695652}}",0.02003280003555119,PASS,73678.73044872713,1093.3411461881265,465,192
585,2026-08-08T21:00:00Z,777,1525,4473,510,60,207,0,Optimization terminated successfully. (HiGHS Status 7: Optimal),0.0,75323.10407640983,75323.10407640981,1.9319324935951912e-16,1,0.017634199932217598,False,"[{""message"":""Optimization terminated successfully. (HiGHS Status 7: Optimal)"",""mip_feasibility_tolerance"":1e-08,""presolve"":true,""primal_feasibility_tolerance"":1e-08,""solve_seconds"":0.017628500005230308,""status"":0,""time_limit_seconds"":30.0}]",0.024683699943125248,"{""2025"":{""allowance"":9.663381206337363e-13,""available_after_reserve"":1.9326762412674725e-12,""numerical_guard"":9.663381206337363e-13,""remaining"":1.9326762412674725e-12,""terminal_reserve"":0.0},""2026"":{""allowance"":3.906250101159969e-09,""available_after_reserve"":7.812500202319939e-09,""numerical_guard"":3.906250101159969e-09,""remaining"":0.5434782686820654,""terminal_reserve"":0.5434782608695652}}",0.015854099998250604,PASS,73543.28119652934,1779.8228798803486,434,192
586,2026-08-09T21:00:00Z,894,1741,5214,580,72,242,0,Optimization terminated successfully. (HiGHS Status 7: Optimal),7.911317266244967e-07,75199.50698285302,75199.4753692624,4.2039642514185074e-07,1,0.019311799900606275,False,"[{""message"":""Optimization terminated successfully. (HiGHS Status 7: Optimal)"",""mip_feasibility_tolerance"":1e-08,""presolve"":true,""primal_feasibility_tolerance"":1e-08,""solve_seconds"":0.019305499969050288,""status"":0,""time_limit_seconds"":30.0}]",0.026955799898132682,"{""2025"":{""allowance"":9.663381206337363e-13,""available_after_reserve"":1.9326762412674725e-12,""numerical_guard"":9.663381206337363e-13,""remaining"":1.9326762412674725e-12,""terminal_reserve"":0.0},""2026"":{""allowance"":1.9531386508120363e-09,""available_after_reserve"":3.906277301624073e-09,""numerical_guard"":1.9531386508120363e-09,""remaining"":0.5434782647758425,""terminal_reserve"":0.5434782608695652}}",0.019980499986559153,PASS,73468.65283175877,1730.8225375038135,449,192
587,2026-08-10T21:00:00Z,798,1558,4604,520,66,212,0,Optimization terminated successfully. (HiGHS Status 7: Optimal),0.0,75856.3991311886,75856.3991311886,0.0,1,0.01647110003978014,False,"[{""message"":""Optimization terminated successfully. (HiGHS Status 7: Optimal)"",""mip_feasibility_tolerance"":1e-08,""presolve"":true,""primal_feasibility_tolerance"":1e-08,""solve_seconds"":0.01646540011279285,""status"":0,""time_limit_seconds"":30.0}]",0.03166400012560189,"{""2025"":{""allowance"":9.663381206337363e-13,""available_after_reserve"":1.9326762412674725e-12,""numerical_guard"":9.663381206337363e-13,""remaining"":1.9326762412674725e-12,""terminal_reserve"":0.0},""2026"":{""allowance"":1.9531386508120363e-09,""available_after_reserve"":3.906277301624073e-09,""numerical_guard"":1.9531386508120363e-09,""remaining"":0.5434782647758425,""terminal_reserve"":0.5434782608695652}}",0.022438100073486567,PASS,74262.19560567365,1594.203525514919,454,192
588,2026-08-11T21:00:00Z,874,1704,5088,568,70,236,0,Optimization terminated successfully. (HiGHS Status 7: Optimal),3.8962555211217187e-07,76275.12962178362,76275.11389566454,2.0617627785710203e-07,1,0.024961299961432815,False,"[{""message"":""Optimization terminated successfully. (HiGHS Status 7: Optimal)"",""mip_feasibility_tolerance"":1e-08,""presolve"":true,""primal_feasibility_tolerance"":1e-08,""solve_seconds"":0.024955299915745854,""status"":0,""time_limit_seconds"":30.0}]",0.02956980001181364,"{""2025"":{""allowance"":9.663381206337363e-13,""available_after_reserve"":1.9326762412674725e-12,""numerical_guard"":9.663381206337363e-13,""remaining"":1.9326762412674725e-12,""terminal_reserve"":0.0},""2026"":{""allowance"":9.765687147833546e-10,""available_after_reserve"":1.9531374295667092e-09,""numerical_guard"":9.765687147833546e-10,""remaining"":0.5434782628227026,""terminal_reserve"":0.5434782608695652}}",0.02325510000810027,PASS,74393.80839042086,1881.3055052435739,448,192
589,2026-08-12T21:00:00Z,899,1757,5248,586,68,245,0,Optimization terminated successfully. (HiGHS Status 7: Optimal),0.0,75257.14693758241,75257.14693758244,0.0,1,0.02291920012794435,False,"[{""message"":""Optimization terminated successfully. (HiGHS Status 7: Optimal)"",""mip_feasibility_tolerance"":1e-08,""presolve"":true,""primal_feasibility_tolerance"":1e-08,""solve_seconds"":0.022912800079211593,""status"":0,""time_limit_seconds"":30.0}]",0.03576930006965995,"{""2025"":{""allowance"":9.663381206337363e-13,""available_after_reserve"":1.9326762412674725e-12,""numerical_guard"":9.663381206337363e-13,""remaining"":1.9326762412674725e-12,""terminal_reserve"":0.0},""2026"":{""allowance"":9.765687147833546e-10,""available_after_reserve"":1.9531374295667092e-09,""numerical_guard"":9.765687147833546e-10,""remaining"":0.5434782628227026,""terminal_reserve"":0.5434782608695652}}",0.0215423998888582,PASS,73607.91049246027,1649.2364451220885,481,192
590,2026-08-13T21:00:00Z,874,1704,5089,568,70,236,0,Optimization terminated successfully. (HiGHS Status 7: Optimal),2.630810765595249e-07,74705.46870459738,74705.45840829052,1.3782536220606577e-07,1,0.01901350007392466,False,"[{""message"":""Optimization terminated successfully. (HiGHS Status 7: Optimal)"",""mip_feasibility_tolerance"":1e-08,""presolve"":true,""primal_feasibility_tolerance"":1e-08,""solve_seconds"":0.019008100032806396,""status"":0,""time_limit_seconds"":30.0}]",0.02740570018067956,"{""2025"":{""allowance"":9.663381206337363e-13,""available_after_reserve"":1.9326762412674725e-12,""numerical_guard"":9.663381206337363e-13,""remaining"":1.9326762412674725e-12,""terminal_reserve"":0.0},""2026"":{""allowance"":4.882837467690138e-10,""available_after_reserve"":9.765674935380275e-10,""numerical_guard"":4.882837467690138e-10,""remaining"":0.5434782618461327,""terminal_reserve"":0.5434782608695652}}",0.022392499959096313,PASS,73376.78747995893,1328.6709283317468,481,192
591,2026-08-14T21:00:00Z,865,1686,5034,562,70,233,0,Optimization terminated successfully. (HiGHS Status 7: Optimal),0.0,74832.52667764228,74832.52667764228,0.0,1,0.02014390006661415,False,"[{""message"":""Optimization terminated successfully. (HiGHS Status 7: Optimal)"",""mip_feasibility_tolerance"":1e-08,""presolve"":true,""primal_feasibility_tolerance"":1e-08,""solve_seconds"":0.020135399885475636,""status"":0,""time_limit_seconds"":30.0}]",0.03657189989462495,"{""2025"":{""allowance"":9.663381206337363e-13,""available_after_reserve"":1.9326762412674725e-12,""numerical_guard"":9.663381206337363e-13,""remaining"":1.9326762412674725e-12,""terminal_reserve"":0.0},""2026"":{""allowance"":4.882837467690138e-10,""available_after_reserve"":9.765674935380275e-10,""numerical_guard"":4.882837467690138e-10,""remaining"":0.5434782618461327,""terminal_reserve"":0.5434782608695652}}",0.021888299845159054,PASS,73263.11694236383,1569.409735278569,469,192
592,2026-08-15T21:00:00Z,951,1855,5579,618,72,261,0,Optimization terminated successfully. (HiGHS Status 7: Optimal),1.911020315329934e-08,75021.37982623713,75021.3790599306,1.0214508758443895e-08,1,0.024826199980452657,False,"[{""message"":""Optimization terminated successfully. (HiGHS Status 7: Optimal)"",""mip_feasibility_tolerance"":1e-08,""presolve"":true,""primal_feasibility_tolerance"":1e-08,""solve_seconds"":0.024819999933242798,""status"":0,""time_limit_seconds"":30.0}]",0.1342899000737816,"{""2025"":{""allowance"":9.663381206337363e-13,""available_after_reserve"":1.9326762412674725e-12,""numerical_guard"":9.663381206337363e-13,""remaining"":1.9326762412674725e-12,""terminal_reserve"":0.0},""2026"":{""allowance"":2.4414126276184334e-10,""available_after_reserve"":4.882825255236867e-10,""numerical_guard"":2.4414126276184334e-10,""remaining"":0.5434782613578477,""terminal_reserve"":0.5434782608695652}}",0.023541799979284406,PASS,73025.57020896673,1995.8088509639913,494,192
593,2026-08-16T21:00:00Z,865,1686,5029,562,70,233,0,Optimization terminated successfully. (HiGHS Status 7: Optimal),0.0,75283.77982161376,75283.77982161377,0.0,1,0.020256799878552556,False,"[{""message"":""Optimization terminated successfully. (HiGHS Status 7: Optimal)"",""mip_feasibility_tolerance"":1e-08,""presolve"":true,""primal_feasibility_tolerance"":1e-08,""solve_seconds"":0.02025110018439591,""status"":0,""time_limit_seconds"":30.0}]",0.03660960006527603,"{""2025"":{""allowance"":9.663381206337363e-13,""available_after_reserve"":1.9326762412674725e-12,""numerical_guard"":9.663381206337363e-13,""remaining"":1.9326762412674725e-12,""terminal_reserve"":0.0},""2026"":{""allowance"":2.4414126276184334e-10,""available_after_reserve"":4.882825255236867e-10,""numerical_guard"":2.4414126276184334e-10,""remaining"":0.5434782613578477,""terminal_reserve"":0.5434782608695652}}",0.020014100009575486,PASS,73389.7272676581,1894.0525539554135,494,192
594,2026-08-17T21:00:00Z,773,1514,4449,506,62,205,0,Optimization terminated successfully. (HiGHS Status 7: Optimal),9.648286013852087e-08,75351.95871227173,75351.95485145938,5.123705636242689e-08,1,0.021727799903601408,False,"[{""message"":""Optimization terminated successfully. (HiGHS Status 7: Optimal)"",""mip_feasibility_tolerance"":1e-08,""presolve"":true,""primal_feasibility_tolerance"":1e-08,""solve_seconds"":0.021721600089222193,""status"":0,""time_limit_seconds"":30.0}]",0.02773389988578856,"{""2025"":{""allowance"":9.663381206337363e-13,""available_after_reserve"":1.9326762412674725e-12,""numerical_guard"":9.663381206337363e-13,""remaining"":1.9326762412674725e-12,""terminal_reserve"":0.0},""2026"":{""allowance"":1.2207002075825812e-10,""available_after_reserve"":2.4414004151651625e-10,""numerical_guard"":1.2207002075825812e-10,""remaining"":0.5434782611137052,""terminal_reserve"":0.5434782608695652}}",0.02098400006070733,PASS,73419.09561030651,1932.8592411525726,438,192
595,2026-08-18T21:00:00Z,807,1576,4662,526,66,215,0,Optimization terminated successfully. (HiGHS Status 7: Optimal),0.0,75133.91286829603,75133.91286829603,0.0,1,0.017010499956086278,False,"[{""message"":""Optimization terminated successfully. (HiGHS Status 7: Optimal)"",""mip_feasibility_tolerance"":1e-08,""presolve"":true,""primal_feasibility_tolerance"":1e-08,""solve_seconds"":0.017005100147798657,""status"":0,""time_limit_seconds"":30.0}]",0.022632300155237317,"{""2025"":{""allowance"":9.663381206337363e-13,""available_after_reserve"":1.9326762412674725e-12,""numerical_guard"":9.663381206337363e-13,""remaining"":1.9326762412674725e-12,""terminal_reserve"":0.0},""2026"":{""allowance"":1.2207002075825812e-10,""available_after_reserve"":2.4414004151651625e-10,""numerical_guard"":1.2207002075825812e-10,""remaining"":0.5434782611137052,""terminal_reserve"":0.5434782608695652}}",0.014424900058656931,PASS,73272.81710303815,1861.0957652580166,420,192
596,2026-08-19T21:00:00Z,889,1734,5184,578,70,241,0,Optimization terminated successfully. (HiGHS Status 7: Optimal),3.952846729045119e-08,75305.16964071008,75305.16805433083,2.1066007705699472e-08,1,0.019920199876651168,False,"[{""message"":""Optimization terminated successfully. (HiGHS Status 7: Optimal)"",""mip_feasibility_tolerance"":1e-08,""presolve"":true,""primal_feasibility_tolerance"":1e-08,""solve_seconds"":0.01991460006684065,""status"":0,""time_limit_seconds"":30.0}]",0.023129200097173452,"{""2025"":{""allowance"":9.663381206337363e-13,""available_after_reserve"":1.9326762412674725e-12,""numerical_guard"":9.663381206337363e-13,""remaining"":1.9326762412674725e-12,""terminal_reserve"":0.0},""2026"":{""allowance"":6.104861061118072e-11,""available_after_reserve"":1.2209722122236144e-10,""numerical_guard"":6.104861061118072e-11,""remaining"":0.5434782609916624,""terminal_reserve"":0.5434782608695652}}",0.01983440015465021,PASS,73350.3035856044,1954.864468726427,456,192
597,2026-08-20T21:00:00Z,875,1709,5097,570,68,237,0,Optimization terminated successfully. (HiGHS Status 7: Optimal),0.0,74497.16572209631,74497.16572209631,0.0,1,0.023433600086718798,False,"[{""message"":""Optimization terminated successfully. (HiGHS Status 7: Optimal)"",""mip_feasibility_tolerance"":1e-08,""presolve"":true,""primal_feasibility_tolerance"":1e-08,""solve_seconds"":0.023426800034940243,""status"":0,""time_limit_seconds"":30.0}]",0.02886490011587739,"{""2025"":{""allowance"":9.663381206337363e-13,""available_after_reserve"":1.9326762412674725e-12,""numerical_guard"":9.663381206337363e-13,""remaining"":1.9326762412674725e-12,""terminal_reserve"":0.0},""2026"":{""allowance"":6.104861061118072e-11,""available_after_reserve"":1.2209722122236144e-10,""numerical_guard"":6.104861061118072e-11,""remaining"":0.5434782609916624,""terminal_reserve"":0.5434782608695652}}",0.021520799957215786,PASS,73076.7352864461,1420.4304356503178,478,192
598,2026-08-21T21:00:00Z,839,1637,4867,546,68,225,0,Optimization terminated successfully. (HiGHS Status 7: Optimal),3.712260920370493e-08,74156.29471079628,74156.2932741199,1.937362718000562e-08,1,0.02363780001178384,False,"[{""message"":""Optimization terminated successfully. (HiGHS Status 7: Optimal)"",""mip_feasibility_tolerance"":1e-08,""presolve"":true,""primal_feasibility_tolerance"":1e-08,""solve_seconds"":0.023632500087842345,""status"":0,""time_limit_seconds"":30.0}]",0.03125740005634725,"{""2025"":{""allowance"":9.663381206337363e-13,""available_after_reserve"":1.9326762412674725e-12,""numerical_guard"":9.663381206337363e-13,""remaining"":1.9326762412674725e-12,""terminal_reserve"":0.0},""2026"":{""allowance"":3.0523694682926816e-11,""available_after_reserve"":6.104738936585363e-11,""numerical_guard"":3.0523694682926816e-11,""remaining"":0.5434782609306126,""terminal_reserve"":0.5434782608695652}}",0.014823799952864647,PASS,72898.727677298,1257.5655968219673,462,192
599,2026-08-22T21:00:00Z,898,1752,5241,584,70,244,0,Optimization terminated successfully. (HiGHS Status 7: Optimal),0.0,75292.18548577743,75292.18548577743,0.0,1,0.021614700090140104,False,"[{""message"":""Optimization terminated successfully. (HiGHS Status 7: Optimal)"",""mip_feasibility_tolerance"":1e-08,""presolve"":true,""primal_feasibility_tolerance"":1e-08,""solve_seconds"":0.021608500042930245,""status"":0,""time_limit_seconds"":30.0}]",0.028539299964904785,"{""2025"":{""allowance"":9.663381206337363e-13,""available_after_reserve"":1.9326762412674725e-12,""numerical_guard"":9.663381206337363e-13,""remaining"":1.9326762412674725e-12,""terminal_reserve"":0.0},""2026"":{""allowance"":3.0523694682926816e-11,""available_after_reserve"":6.104738936585363e-11,""numerical_guard"":3.0523694682926816e-11,""remaining"":0.5434782609306126,""terminal_reserve"":0.5434782608695652}}",0.02344619994983077,PASS,73331.38586181335,1960.7996239641755,469,192
600,2026-08-23T21:00:00Z,820,1605,4748,536,64,220,0,Optimization terminated successfully. (HiGHS Status 7: Optimal),1.7010874164589333e-08,75342.42808684293,75342.42740545285,9.043909349520908e-09,1,0.019715100061148405,False,"[{""message"":""Optimization terminated successfully. (HiGHS Status 7: Optimal)"",""mip_feasibility_tolerance"":1e-08,""presolve"":true,""primal_feasibility_tolerance"":1e-08,""solve_seconds"":0.019707400118932128,""status"":0,""time_limit_seconds"":30.0}]",0.12724120006896555,"{""2025"":{""allowance"":9.663381206337363e-13,""available_after_reserve"":1.9326762412674725e-12,""numerical_guard"":9.663381206337363e-13,""remaining"":1.9326762412674725e-12,""terminal_reserve"":0.0},""2026"":{""allowance"":1.5261236718799864e-11,""available_after_reserve"":3.052247343759973e-11,""numerical_guard"":1.5261236718799864e-11,""remaining"":0.5434782609000877,""terminal_reserve"":0.5434782608695652}}",0.023566799936816096,PASS,73330.66616494054,2011.7612405121242,464,192
601,2026-08-24T21:00:00Z,811,1587,4690,530,64,217,0,Optimization terminated successfully. (HiGHS Status 7: Optimal),0.0,75195.24743669137,75195.24743669138,0.0,1,0.01803730009123683,False,"[{""message"":""Optimization terminated successfully. (HiGHS Status 7: Optimal)"",""mip_feasibility_tolerance"":1e-08,""presolve"":true,""primal_feasibility_tolerance"":1e-08,""solve_seconds"":0.018029799917712808,""status"":0,""time_limit_seconds"":30.0}]",0.027549599995836616,"{""2025"":{""allowance"":9.663381206337363e-13,""available_after_reserve"":1.9326762412674725e-12,""numerical_guard"":9.663381206337363e-13,""remaining"":1.9326762412674725e-12,""terminal_reserve"":0.0},""2026"":{""allowance"":1.5261236718799864e-11,""available_after_reserve"":3.052247343759973e-11,""numerical_guard"":1.5261236718799864e-11,""remaining"":0.5434782609000877,""terminal_reserve"":0.5434782608695652}}",0.019191700033843517,PASS,73059.1830404883,2136.0643962030285,437,192
602,2026-08-25T21:00:00Z,882,1726,5141,576,66,240,0,Optimization terminated successfully. (HiGHS Status 7: Optimal),1.272052526883138e-10,75038.98101870896,75038.98101361669,6.786163727703324e-11,1,0.02749260002747178,False,"[{""message"":""Optimization terminated successfully. (HiGHS Status 7: Optimal)"",""mip_feasibility_tolerance"":1e-08,""presolve"":true,""primal_feasibility_tolerance"":1e-08,""solve_seconds"":0.027485499856993556,""status"":0,""time_limit_seconds"":30.0}]",0.028628200059756637,"{""2025"":{""allowance"":9.663381206337363e-13,""available_after_reserve"":1.9326762412674725e-12,""numerical_guard"":9.663381206337363e-13,""remaining"":1.9326762412674725e-12,""terminal_reserve"":0.0},""2026"":{""allowance"":7.64421859145159e-12,""available_after_reserve"":1.528843718290318e-11,""numerical_guard"":7.64421859145159e-12,""remaining"":0.5434782608848536,""terminal_reserve"":0.5434782608695652}}",0.022952700033783913,PASS,73017.62168545273,2021.3593281639285,457,192
603,2026-08-26T21:00:00Z,821,1601,4750,534,68,219,0,Optimization terminated successfully. (HiGHS Status 7: Optimal),0.0,74994.0967682567,74994.09676825668,1.9404080928308947e-16,1,0.02119160001166165,False,"[{""message"":""Optimization terminated successfully. (HiGHS Status 7: Optimal)"",""mip_feasibility_tolerance"":1e-08,""presolve"":true,""primal_feasibility_tolerance"":1e-08,""solve_seconds"":0.021184700075536966,""status"":0,""time_limit_seconds"":30.0}]",0.032458300003781915,"{""2025"":{""allowance"":9.663381206337363e-13,""available_after_reserve"":1.9326762412674725e-12,""numerical_guard"":9.663381206337363e-13,""remaining"":1.9326762412674725e-12,""terminal_reserve"":0.0},""2026"":{""allowance"":7.64421859145159e-12,""available_after_reserve"":1.528843718290318e-11,""numerical_guard"":7.64421859145159e-12,""remaining"":0.5434782608848536,""terminal_reserve"":0.5434782608695652}}",0.022804600186645985,PASS,73215.12517100187,1778.9715972547467,459,192
604,2026-08-27T21:00:00Z,860,1679,4998,560,68,232,0,Optimization terminated successfully. (HiGHS Status 7: Optimal),1.2616909614300413e-10,75054.89007319797,75054.8900682388,6.607379929650913e-11,1,0.027313100174069405,False,"[{""message"":""Optimization terminated successfully. (HiGHS Status 7: Optimal)"",""mip_feasibility_tolerance"":1e-08,""presolve"":true,""primal_feasibility_tolerance"":1e-08,""solve_seconds"":0.027307100128382444,""status"":0,""time_limit_seconds"":30.0}]",0.03598550008609891,"{""2025"":{""allowance"":9.663381206337363e-13,""available_after_reserve"":1.9326762412674725e-12,""numerical_guard"":9.663381206337363e-13,""remaining"":1.9326762412674725e-12,""terminal_reserve"":0.0},""2026"":{""allowance"":3.835709527777453e-12,""available_after_reserve"":7.671419055554907e-12,""numerical_guard"":3.835709527777453e-12,""remaining"":0.5434782608772366,""terminal_reserve"":0.5434782608695652}}",0.014892800012603402,PASS,73716.121434067,1338.768634171625,451,192
605,2026-08-28T21:00:00Z,906,1765,5293,588,72,246,0,Optimization terminated successfully. (HiGHS Status 7: Optimal),0.0,74598.07970098412,74598.0797009841,1.9507090915337438e-16,1,0.02115709986537695,False,"[{""message"":""Optimization terminated successfully. (HiGHS Status 7: Optimal)"",""mip_feasibility_tolerance"":1e-08,""presolve"":true,""primal_feasibility_tolerance"":1e-08,""solve_seconds"":0.02115119993686676,""status"":0,""time_limit_seconds"":30.0}]",0.027960200095549226,"{""2025"":{""allowance"":9.663381206337363e-13,""available_after_reserve"":1.9326762412674725e-12,""numerical_guard"":9.663381206337363e-13,""remaining"":1.9326762412674725e-12,""terminal_reserve"":0.0},""2026"":{""allowance"":3.835709527777453e-12,""available_after_reserve"":7.671419055554907e-12,""numerical_guard"":3.835709527777453e-12,""remaining"":0.5434782608772366,""terminal_reserve"":0.5434782608695652}}",0.014701600186526775,PASS,73174.42948424166,1423.6502167423628,478,192
606,2026-08-29T21:00:00Z,839,1638,4869,546,68,225,0,Optimization terminated successfully. (HiGHS Status 7: Optimal),4.446427084846664e-06,102045.90374922479,102045.6041444847,2.9359886943970333e-06,1,0.23357469984330237,False,"[{""message"":""Optimization terminated successfully. (HiGHS Status 7: Optimal)"",""mip_feasibility_tolerance"":1e-08,""presolve"":true,""primal_feasibility_tolerance"":1e-08,""solve_seconds"":0.23356959992088377,""status"":0,""time_limit_seconds"":30.0}]",0.02537819999270141,"{""2025"":{""allowance"":9.663381206337363e-13,""available_after_reserve"":1.9326762412674725e-12,""numerical_guard"":9.663381206337363e-13,""remaining"":1.9326762412674725e-12,""terminal_reserve"":0.0},""2026"":{""allowance"":0.5434772608734281,""available_after_reserve"":0.5434782608734281,""numerical_guard"":1e-06,""remaining"":0.5434782608734281,""terminal_reserve"":0.0}}",0.022808399982750416,PASS,102045.60414448469,-4.0072401397139855e-12,471,192
607,2026-08-30T21:00:00Z,860,1679,5002,560,68,232,0,Optimization terminated successfully. (HiGHS Status 7: Optimal),0.0,65788.65454057284,65788.65454057322,0.0,1,0.021733799949288368,False,"[{""message"":""Optimization terminated successfully. (HiGHS Status 7: Optimal)"",""mip_feasibility_tolerance"":1e-08,""presolve"":true,""primal_feasibility_tolerance"":1e-08,""solve_seconds"":0.021726900013163686,""status"":0,""time_limit_seconds"":30.0}]",0.024789199931547046,"{""2025"":{""allowance"":9.663381206337363e-13,""available_after_reserve"":1.9326762412674725e-12,""numerical_guard"":9.663381206337363e-13,""remaining"":1.9326762412674725e-12,""terminal_reserve"":0.0},""2026"":{""allowance"":0.5434772608734281,""available_after_reserve"":0.5434782608734281,""numerical_guard"":1e-06,""remaining"":0.5434782608734281,""terminal_reserve"":0.0}}",0.016376900020986795,PASS,65788.65454057314,5.774589103187586e-13,457,192
