sequence,key,product,start,end,gate,result,lower,upper,reason,commitment,amount_mw,p,capacity_share_mode,capacity_share_month,capacity_share_coefficient,capacity_share_status,capacity_share_reference_month,capacity_share_scope,system_demand_min_mw,share_limit_mw,units_mw
0,DA|2025-10-25_93,DA,2025-10-25T21:00:00Z,2025-10-25T21:15:00Z,2025-10-25T10:00:00Z,2025-10-25T11:00:00Z,-100.0,100.0,VALID,NEW,1.893933696814394,,,,,,,,,,
0,u|2025-10-25T21:00:00Z,u,2025-10-25T21:00:00Z,2025-10-25T22:00:00Z,2025-10-25T06:00:00Z,2025-10-25T07:00:00Z,0.0,29,VALID,NEW,29,1.0,monthly,2025-10,0.1657142857142857,calibrated_directional_minimum_valid_sample,2025-10,FORMAL,175.0,28.999999999999996,
0,d|2025-10-25T21:00:00Z,d,2025-10-25T21:00:00Z,2025-10-25T22:00:00Z,2025-10-25T06:00:00Z,2025-10-25T07:00:00Z,0.0,29,VALID,NEW,29,1.0,monthly,2025-10,0.1657142857142857,calibrated_directional_minimum_valid_sample,2025-10,FORMAL,175.0,28.999999999999996,
0,F|2025-10-25T21:00:00Z,F,2025-10-25T21:00:00Z,2025-10-25T22:00:00Z,2025-10-25T06:00:00Z,2025-10-25T07:00:00Z,0.0,40,VALID,NEW,0,1.0,monthly,2025-10,0.3448275862068966,calibrated_PETROM_partial_month_P90,2025-10,FORMAL,116.0,40.0,"[0,0,0,0,0]"
0,DA|2025-10-25_94,DA,2025-10-25T21:15:00Z,2025-10-25T21:30:00Z,2025-10-25T10:00:00Z,2025-10-25T11:00:00Z,-100.0,100.0,VALID,NEW,0.0,,,,,,,,,,
0,DA|2025-10-25_95,DA,2025-10-25T21:30:00Z,2025-10-25T21:45:00Z,2025-10-25T10:00:00Z,2025-10-25T11:00:00Z,-100.0,100.0,VALID,NEW,-21.565074138303014,,,,,,,,,,
0,DA|2025-10-25_96,DA,2025-10-25T21:45:00Z,2025-10-25T22:00:00Z,2025-10-25T10:00:00Z,2025-10-25T11:00:00Z,-100.0,100.0,VALID,NEW,-71.0,,,,,,,,,,
0,DA|2025-10-26_1,DA,2025-10-25T22:00:00Z,2025-10-25T22:15:00Z,2025-10-25T10:00:00Z,2025-10-25T11:00:00Z,-100.0,100.0,VALID,NEW,0.0,,,,,,,,,,
0,u|2025-10-25T22:00:00Z,u,2025-10-25T22:00:00Z,2025-10-25T23:00:00Z,2025-10-25T06:00:00Z,2025-10-25T07:00:00Z,0.0,29,VALID,NEW,29,1.0,monthly,2025-10,0.1657142857142857,calibrated_directional_minimum_valid_sample,2025-10,FORMAL,175.0,28.999999999999996,
0,d|2025-10-25T22:00:00Z,d,2025-10-25T22:00:00Z,2025-10-25T23:00:00Z,2025-10-25T06:00:00Z,2025-10-25T07:00:00Z,0.0,29,VALID,NEW,29,1.0,monthly,2025-10,0.1657142857142857,calibrated_directional_minimum_valid_sample,2025-10,FORMAL,175.0,28.999999999999996,
0,F|2025-10-25T22:00:00Z,F,2025-10-25T22:00:00Z,2025-10-25T23:00:00Z,2025-10-25T06:00:00Z,2025-10-25T07:00:00Z,0.0,40,VALID,NEW,40,1.0,monthly,2025-10,0.3448275862068966,calibrated_PETROM_partial_month_P90,2025-10,FORMAL,116.0,40.0,"[20,20,0,0,0]"
0,DA|2025-10-26_2,DA,2025-10-25T22:15:00Z,2025-10-25T22:30:00Z,2025-10-25T10:00:00Z,2025-10-25T11:00:00Z,-100.0,100.0,VALID,NEW,-25.334620915074684,,,,,,,,,,
0,DA|2025-10-26_3,DA,2025-10-25T22:30:00Z,2025-10-25T22:45:00Z,2025-10-25T10:00:00Z,2025-10-25T11:00:00Z,-100.0,100.0,VALID,NEW,0.0,,,,,,,,,,
0,DA|2025-10-26_4,DA,2025-10-25T22:45:00Z,2025-10-25T23:00:00Z,2025-10-25T10:00:00Z,2025-10-25T11:00:00Z,-100.0,100.0,VALID,NEW,2.188857705618656e-14,,,,,,,,,,
0,DA|2025-10-26_5,DA,2025-10-25T23:00:00Z,2025-10-25T23:15:00Z,2025-10-25T10:00:00Z,2025-10-25T11:00:00Z,-100.0,100.0,VALID,NEW,-29.0,,,,,,,,,,
0,u|2025-10-25T23:00:00Z,u,2025-10-25T23:00:00Z,2025-10-26T00:00:00Z,2025-10-25T06:00:00Z,2025-10-25T07:00:00Z,0.0,29,VALID,NEW,29,1.0,monthly,2025-10,0.1657142857142857,calibrated_directional_minimum_valid_sample,2025-10,FORMAL,175.0,28.999999999999996,
0,d|2025-10-25T23:00:00Z,d,2025-10-25T23:00:00Z,2025-10-26T00:00:00Z,2025-10-25T06:00:00Z,2025-10-25T07:00:00Z,0.0,29,VALID,NEW,29,1.0,monthly,2025-10,0.1657142857142857,calibrated_directional_minimum_valid_sample,2025-10,FORMAL,175.0,28.999999999999996,
0,F|2025-10-25T23:00:00Z,F,2025-10-25T23:00:00Z,2025-10-26T00:00:00Z,2025-10-25T06:00:00Z,2025-10-25T07:00:00Z,0.0,40,VALID,NEW,40,1.0,monthly,2025-10,0.3448275862068966,calibrated_PETROM_partial_month_P90,2025-10,FORMAL,116.0,40.0,"[20,20,0,0,0]"
0,DA|2025-10-26_6,DA,2025-10-25T23:15:00Z,2025-10-25T23:30:00Z,2025-10-25T10:00:00Z,2025-10-25T11:00:00Z,-100.0,100.0,VALID,NEW,0.0,,,,,,,,,,
0,DA|2025-10-26_7,DA,2025-10-25T23:30:00Z,2025-10-25T23:45:00Z,2025-10-25T10:00:00Z,2025-10-25T11:00:00Z,-100.0,100.0,VALID,NEW,-7.065410760371742,,,,,,,,,,
0,DA|2025-10-26_8,DA,2025-10-25T23:45:00Z,2025-10-26T00:00:00Z,2025-10-25T10:00:00Z,2025-10-25T11:00:00Z,-100.0,100.0,VALID,NEW,-31.0,,,,,,,,,,
0,DA|2025-10-26_9,DA,2025-10-26T00:00:00Z,2025-10-26T00:15:00Z,2025-10-25T10:00:00Z,2025-10-25T11:00:00Z,-100.0,100.0,VALID,NEW,0.0,,,,,,,,,,
0,u|2025-10-26T00:00:00Z,u,2025-10-26T00:00:00Z,2025-10-26T01:00:00Z,2025-10-25T06:00:00Z,2025-10-25T07:00:00Z,0.0,29,VALID,NEW,29,1.0,monthly,2025-10,0.1657142857142857,calibrated_directional_minimum_valid_sample,2025-10,FORMAL,175.0,28.999999999999996,
0,d|2025-10-26T00:00:00Z,d,2025-10-26T00:00:00Z,2025-10-26T01:00:00Z,2025-10-25T06:00:00Z,2025-10-25T07:00:00Z,0.0,29,VALID,NEW,29,1.0,monthly,2025-10,0.1657142857142857,calibrated_directional_minimum_valid_sample,2025-10,FORMAL,175.0,28.999999999999996,
0,F|2025-10-26T00:00:00Z,F,2025-10-26T00:00:00Z,2025-10-26T01:00:00Z,2025-10-25T06:00:00Z,2025-10-25T07:00:00Z,0.0,40,VALID,NEW,40,1.0,monthly,2025-10,0.3448275862068966,calibrated_PETROM_partial_month_P90,2025-10,FORMAL,116.0,40.0,"[20,20,0,0,0]"
0,DA|2025-10-26_10,DA,2025-10-26T00:15:00Z,2025-10-26T00:30:00Z,2025-10-25T10:00:00Z,2025-10-25T11:00:00Z,-100.0,100.0,VALID,NEW,0.0,,,,,,,,,,
0,DA|2025-10-26_11,DA,2025-10-26T00:30:00Z,2025-10-26T00:45:00Z,2025-10-25T10:00:00Z,2025-10-25T11:00:00Z,-100.0,100.0,VALID,NEW,0.0,,,,,,,,,,
0,DA|2025-10-26_12,DA,2025-10-26T00:45:00Z,2025-10-26T01:00:00Z,2025-10-25T10:00:00Z,2025-10-25T11:00:00Z,-100.0,100.0,VALID,NEW,-31.0,,,,,,,,,,
0,DA|2025-10-26_13,DA,2025-10-26T01:00:00Z,2025-10-26T01:15:00Z,2025-10-25T10:00:00Z,2025-10-25T11:00:00Z,-100.0,100.0,VALID,NEW,0.0,,,,,,,,,,
0,u|2025-10-26T01:00:00Z,u,2025-10-26T01:00:00Z,2025-10-26T02:00:00Z,2025-10-25T06:00:00Z,2025-10-25T07:00:00Z,0.0,29,VALID,NEW,29,1.0,monthly,2025-10,0.1657142857142857,calibrated_directional_minimum_valid_sample,2025-10,FORMAL,175.0,28.999999999999996,
0,d|2025-10-26T01:00:00Z,d,2025-10-26T01:00:00Z,2025-10-26T02:00:00Z,2025-10-25T06:00:00Z,2025-10-25T07:00:00Z,0.0,29,VALID,NEW,29,1.0,monthly,2025-10,0.1657142857142857,calibrated_directional_minimum_valid_sample,2025-10,FORMAL,175.0,28.999999999999996,
0,F|2025-10-26T01:00:00Z,F,2025-10-26T01:00:00Z,2025-10-26T02:00:00Z,2025-10-25T06:00:00Z,2025-10-25T07:00:00Z,0.0,40,VALID,NEW,40,1.0,monthly,2025-10,0.3448275862068966,calibrated_PETROM_partial_month_P90,2025-10,FORMAL,116.0,40.0,"[20,20,0,0,0]"
0,DA|2025-10-26_14,DA,2025-10-26T01:15:00Z,2025-10-26T01:30:00Z,2025-10-25T10:00:00Z,2025-10-25T11:00:00Z,-100.0,100.0,VALID,NEW,0.0,,,,,,,,,,
0,DA|2025-10-26_15,DA,2025-10-26T01:30:00Z,2025-10-26T01:45:00Z,2025-10-25T10:00:00Z,2025-10-25T11:00:00Z,-100.0,100.0,VALID,NEW,0.0,,,,,,,,,,
0,DA|2025-10-26_16,DA,2025-10-26T01:45:00Z,2025-10-26T02:00:00Z,2025-10-25T10:00:00Z,2025-10-25T11:00:00Z,-100.0,100.0,VALID,NEW,-19.981442678908994,,,,,,,,,,
0,DA|2025-10-26_17,DA,2025-10-26T02:00:00Z,2025-10-26T02:15:00Z,2025-10-25T10:00:00Z,2025-10-25T11:00:00Z,-100.0,100.0,VALID,NEW,-31.0,,,,,,,,,,
0,u|2025-10-26T02:00:00Z,u,2025-10-26T02:00:00Z,2025-10-26T03:00:00Z,2025-10-25T06:00:00Z,2025-10-25T07:00:00Z,0.0,29,VALID,NEW,29,1.0,monthly,2025-10,0.1657142857142857,calibrated_directional_minimum_valid_sample,2025-10,FORMAL,175.0,28.999999999999996,
0,d|2025-10-26T02:00:00Z,d,2025-10-26T02:00:00Z,2025-10-26T03:00:00Z,2025-10-25T06:00:00Z,2025-10-25T07:00:00Z,0.0,29,VALID,NEW,29,1.0,monthly,2025-10,0.1657142857142857,calibrated_directional_minimum_valid_sample,2025-10,FORMAL,175.0,28.999999999999996,
0,F|2025-10-26T02:00:00Z,F,2025-10-26T02:00:00Z,2025-10-26T03:00:00Z,2025-10-25T06:00:00Z,2025-10-25T07:00:00Z,0.0,40,VALID,NEW,40,1.0,monthly,2025-10,0.3448275862068966,calibrated_PETROM_partial_month_P90,2025-10,FORMAL,116.0,40.0,"[20,20,0,0,0]"
0,DA|2025-10-26_18,DA,2025-10-26T02:15:00Z,2025-10-26T02:30:00Z,2025-10-25T10:00:00Z,2025-10-25T11:00:00Z,-100.0,100.0,VALID,NEW,-31.0,,,,,,,,,,
0,DA|2025-10-26_19,DA,2025-10-26T02:30:00Z,2025-10-26T02:45:00Z,2025-10-25T10:00:00Z,2025-10-25T11:00:00Z,-100.0,100.0,VALID,NEW,-29.0,,,,,,,,,,
0,DA|2025-10-26_20,DA,2025-10-26T02:45:00Z,2025-10-26T03:00:00Z,2025-10-25T10:00:00Z,2025-10-25T11:00:00Z,-100.0,100.0,VALID,NEW,0.0,,,,,,,,,,
0,DA|2025-10-26_21,DA,2025-10-26T03:00:00Z,2025-10-26T03:15:00Z,2025-10-25T10:00:00Z,2025-10-25T11:00:00Z,-100.0,100.0,VALID,NEW,-29.0,,,,,,,,,,
0,u|2025-10-26T03:00:00Z,u,2025-10-26T03:00:00Z,2025-10-26T04:00:00Z,2025-10-25T06:00:00Z,2025-10-25T07:00:00Z,0.0,29,VALID,NEW,29,1.0,monthly,2025-10,0.1657142857142857,calibrated_directional_minimum_valid_sample,2025-10,FORMAL,175.0,28.999999999999996,
0,d|2025-10-26T03:00:00Z,d,2025-10-26T03:00:00Z,2025-10-26T04:00:00Z,2025-10-25T06:00:00Z,2025-10-25T07:00:00Z,0.0,29,VALID,NEW,29,1.0,monthly,2025-10,0.1657142857142857,calibrated_directional_minimum_valid_sample,2025-10,FORMAL,175.0,28.999999999999996,
0,F|2025-10-26T03:00:00Z,F,2025-10-26T03:00:00Z,2025-10-26T04:00:00Z,2025-10-25T06:00:00Z,2025-10-25T07:00:00Z,0.0,40,VALID,NEW,40,1.0,monthly,2025-10,0.3448275862068966,calibrated_PETROM_partial_month_P90,2025-10,FORMAL,116.0,40.0,"[20,20,0,0,0]"
0,DA|2025-10-26_22,DA,2025-10-26T03:15:00Z,2025-10-26T03:30:00Z,2025-10-25T10:00:00Z,2025-10-25T11:00:00Z,-100.0,100.0,VALID,NEW,-31.0,,,,,,,,,,
0,DA|2025-10-26_23,DA,2025-10-26T03:30:00Z,2025-10-26T03:45:00Z,2025-10-25T10:00:00Z,2025-10-25T11:00:00Z,-100.0,100.0,VALID,NEW,0.0,,,,,,,,,,
0,DA|2025-10-26_24,DA,2025-10-26T03:45:00Z,2025-10-26T04:00:00Z,2025-10-25T10:00:00Z,2025-10-25T11:00:00Z,-100.0,100.0,VALID,NEW,30.999999999999993,,,,,,,,,,
0,DA|2025-10-26_25,DA,2025-10-26T04:00:00Z,2025-10-26T04:15:00Z,2025-10-25T10:00:00Z,2025-10-25T11:00:00Z,-100.0,100.0,VALID,NEW,-31.0,,,,,,,,,,
0,u|2025-10-26T04:00:00Z,u,2025-10-26T04:00:00Z,2025-10-26T05:00:00Z,2025-10-25T06:00:00Z,2025-10-25T07:00:00Z,0.0,29,VALID,NEW,29,1.0,monthly,2025-10,0.1657142857142857,calibrated_directional_minimum_valid_sample,2025-10,FORMAL,175.0,28.999999999999996,
0,d|2025-10-26T04:00:00Z,d,2025-10-26T04:00:00Z,2025-10-26T05:00:00Z,2025-10-25T06:00:00Z,2025-10-25T07:00:00Z,0.0,29,VALID,NEW,29,1.0,monthly,2025-10,0.1657142857142857,calibrated_directional_minimum_valid_sample,2025-10,FORMAL,175.0,28.999999999999996,
0,F|2025-10-26T04:00:00Z,F,2025-10-26T04:00:00Z,2025-10-26T05:00:00Z,2025-10-25T06:00:00Z,2025-10-25T07:00:00Z,0.0,40,VALID,NEW,40,1.0,monthly,2025-10,0.3448275862068966,calibrated_PETROM_partial_month_P90,2025-10,FORMAL,116.0,40.0,"[20,20,0,0,0]"
0,DA|2025-10-26_26,DA,2025-10-26T04:15:00Z,2025-10-26T04:30:00Z,2025-10-25T10:00:00Z,2025-10-25T11:00:00Z,-100.0,100.0,VALID,NEW,29.0,,,,,,,,,,
0,DA|2025-10-26_27,DA,2025-10-26T04:30:00Z,2025-10-26T04:45:00Z,2025-10-25T10:00:00Z,2025-10-25T11:00:00Z,-100.0,100.0,VALID,NEW,30.999999999999996,,,,,,,,,,
0,DA|2025-10-26_28,DA,2025-10-26T04:45:00Z,2025-10-26T05:00:00Z,2025-10-25T10:00:00Z,2025-10-25T11:00:00Z,-100.0,100.0,VALID,NEW,31.0,,,,,,,,,,
0,DA|2025-10-26_29,DA,2025-10-26T05:00:00Z,2025-10-26T05:15:00Z,2025-10-25T10:00:00Z,2025-10-25T11:00:00Z,-100.0,100.0,VALID,NEW,0.0,,,,,,,,,,
0,u|2025-10-26T05:00:00Z,u,2025-10-26T05:00:00Z,2025-10-26T06:00:00Z,2025-10-25T06:00:00Z,2025-10-25T07:00:00Z,0.0,29,VALID,NEW,29,1.0,monthly,2025-10,0.1657142857142857,calibrated_directional_minimum_valid_sample,2025-10,FORMAL,175.0,28.999999999999996,
0,d|2025-10-26T05:00:00Z,d,2025-10-26T05:00:00Z,2025-10-26T06:00:00Z,2025-10-25T06:00:00Z,2025-10-25T07:00:00Z,0.0,29,VALID,NEW,29,1.0,monthly,2025-10,0.1657142857142857,calibrated_directional_minimum_valid_sample,2025-10,FORMAL,175.0,28.999999999999996,
0,F|2025-10-26T05:00:00Z,F,2025-10-26T05:00:00Z,2025-10-26T06:00:00Z,2025-10-25T06:00:00Z,2025-10-25T07:00:00Z,0.0,40,VALID,NEW,40,1.0,monthly,2025-10,0.3448275862068966,calibrated_PETROM_partial_month_P90,2025-10,FORMAL,116.0,40.0,"[20,20,0,0,0]"
0,DA|2025-10-26_30,DA,2025-10-26T05:15:00Z,2025-10-26T05:30:00Z,2025-10-25T10:00:00Z,2025-10-25T11:00:00Z,-100.0,100.0,VALID,NEW,0.0,,,,,,,,,,
0,DA|2025-10-26_31,DA,2025-10-26T05:30:00Z,2025-10-26T05:45:00Z,2025-10-25T10:00:00Z,2025-10-25T11:00:00Z,-100.0,100.0,VALID,NEW,0.0,,,,,,,,,,
0,DA|2025-10-26_32,DA,2025-10-26T05:45:00Z,2025-10-26T06:00:00Z,2025-10-25T10:00:00Z,2025-10-25T11:00:00Z,-100.0,100.0,VALID,NEW,0.0,,,,,,,,,,
0,DA|2025-10-26_33,DA,2025-10-26T06:00:00Z,2025-10-26T06:15:00Z,2025-10-25T10:00:00Z,2025-10-25T11:00:00Z,-100.0,100.0,VALID,NEW,31.0,,,,,,,,,,
0,u|2025-10-26T06:00:00Z,u,2025-10-26T06:00:00Z,2025-10-26T07:00:00Z,2025-10-25T06:00:00Z,2025-10-25T07:00:00Z,0.0,29,VALID,NEW,29,1.0,monthly,2025-10,0.1657142857142857,calibrated_directional_minimum_valid_sample,2025-10,FORMAL,175.0,28.999999999999996,
0,d|2025-10-26T06:00:00Z,d,2025-10-26T06:00:00Z,2025-10-26T07:00:00Z,2025-10-25T06:00:00Z,2025-10-25T07:00:00Z,0.0,29,VALID,NEW,0,1.0,monthly,2025-10,0.1657142857142857,calibrated_directional_minimum_valid_sample,2025-10,FORMAL,175.0,28.999999999999996,
0,F|2025-10-26T06:00:00Z,F,2025-10-26T06:00:00Z,2025-10-26T07:00:00Z,2025-10-25T06:00:00Z,2025-10-25T07:00:00Z,0.0,40,VALID,NEW,40,1.0,monthly,2025-10,0.3448275862068966,calibrated_PETROM_partial_month_P90,2025-10,FORMAL,116.0,40.0,"[20,20,0,0,0]"
0,DA|2025-10-26_34,DA,2025-10-26T06:15:00Z,2025-10-26T06:30:00Z,2025-10-25T10:00:00Z,2025-10-25T11:00:00Z,-100.0,100.0,VALID,NEW,31.0,,,,,,,,,,
0,DA|2025-10-26_35,DA,2025-10-26T06:30:00Z,2025-10-26T06:45:00Z,2025-10-25T10:00:00Z,2025-10-25T11:00:00Z,-100.0,100.0,VALID,NEW,0.0,,,,,,,,,,
0,DA|2025-10-26_36,DA,2025-10-26T06:45:00Z,2025-10-26T07:00:00Z,2025-10-25T10:00:00Z,2025-10-25T11:00:00Z,-100.0,100.0,VALID,NEW,-60.0,,,,,,,,,,
0,DA|2025-10-26_37,DA,2025-10-26T07:00:00Z,2025-10-26T07:15:00Z,2025-10-25T10:00:00Z,2025-10-25T11:00:00Z,-100.0,100.0,VALID,NEW,31.0,,,,,,,,,,
0,u|2025-10-26T07:00:00Z,u,2025-10-26T07:00:00Z,2025-10-26T08:00:00Z,2025-10-25T06:00:00Z,2025-10-25T07:00:00Z,0.0,29,VALID,NEW,29,1.0,monthly,2025-10,0.1657142857142857,calibrated_directional_minimum_valid_sample,2025-10,FORMAL,175.0,28.999999999999996,
0,d|2025-10-26T07:00:00Z,d,2025-10-26T07:00:00Z,2025-10-26T08:00:00Z,2025-10-25T06:00:00Z,2025-10-25T07:00:00Z,0.0,29,VALID,NEW,18,1.0,monthly,2025-10,0.1657142857142857,calibrated_directional_minimum_valid_sample,2025-10,FORMAL,175.0,28.999999999999996,
0,F|2025-10-26T07:00:00Z,F,2025-10-26T07:00:00Z,2025-10-26T08:00:00Z,2025-10-25T06:00:00Z,2025-10-25T07:00:00Z,0.0,40,VALID,NEW,40,1.0,monthly,2025-10,0.3448275862068966,calibrated_PETROM_partial_month_P90,2025-10,FORMAL,116.0,40.0,"[20,20,0,0,0]"
0,DA|2025-10-26_38,DA,2025-10-26T07:15:00Z,2025-10-26T07:30:00Z,2025-10-25T10:00:00Z,2025-10-25T11:00:00Z,-100.0,100.0,VALID,NEW,0.0,,,,,,,,,,
0,DA|2025-10-26_39,DA,2025-10-26T07:30:00Z,2025-10-26T07:45:00Z,2025-10-25T10:00:00Z,2025-10-25T11:00:00Z,-100.0,100.0,VALID,NEW,-42.0,,,,,,,,,,
0,DA|2025-10-26_40,DA,2025-10-26T07:45:00Z,2025-10-26T08:00:00Z,2025-10-25T10:00:00Z,2025-10-25T11:00:00Z,-100.0,100.0,VALID,NEW,-42.0,,,,,,,,,,
0,DA|2025-10-26_41,DA,2025-10-26T08:00:00Z,2025-10-26T08:15:00Z,2025-10-25T10:00:00Z,2025-10-25T11:00:00Z,-100.0,100.0,VALID,NEW,30.999999999999996,,,,,,,,,,
0,u|2025-10-26T08:00:00Z,u,2025-10-26T08:00:00Z,2025-10-26T09:00:00Z,2025-10-25T06:00:00Z,2025-10-25T07:00:00Z,0.0,29,VALID,NEW,29,1.0,monthly,2025-10,0.1657142857142857,calibrated_directional_minimum_valid_sample,2025-10,FORMAL,175.0,28.999999999999996,
0,d|2025-10-26T08:00:00Z,d,2025-10-26T08:00:00Z,2025-10-26T09:00:00Z,2025-10-25T06:00:00Z,2025-10-25T07:00:00Z,0.0,29,VALID,NEW,29,1.0,monthly,2025-10,0.1657142857142857,calibrated_directional_minimum_valid_sample,2025-10,FORMAL,175.0,28.999999999999996,
0,F|2025-10-26T08:00:00Z,F,2025-10-26T08:00:00Z,2025-10-26T09:00:00Z,2025-10-25T06:00:00Z,2025-10-25T07:00:00Z,0.0,40,VALID,NEW,40,1.0,monthly,2025-10,0.3448275862068966,calibrated_PETROM_partial_month_P90,2025-10,FORMAL,116.0,40.0,"[20,20,0,0,0]"
0,DA|2025-10-26_42,DA,2025-10-26T08:15:00Z,2025-10-26T08:30:00Z,2025-10-25T10:00:00Z,2025-10-25T11:00:00Z,-100.0,100.0,VALID,NEW,30.298463201597734,,,,,,,,,,
0,DA|2025-10-26_43,DA,2025-10-26T08:30:00Z,2025-10-26T08:45:00Z,2025-10-25T10:00:00Z,2025-10-25T11:00:00Z,-100.0,100.0,VALID,NEW,-3.56962055771034,,,,,,,,,,
0,DA|2025-10-26_44,DA,2025-10-26T08:45:00Z,2025-10-26T09:00:00Z,2025-10-25T10:00:00Z,2025-10-25T11:00:00Z,-100.0,100.0,VALID,NEW,-31.0,,,,,,,,,,
0,DA|2025-10-26_45,DA,2025-10-26T09:00:00Z,2025-10-26T09:15:00Z,2025-10-25T10:00:00Z,2025-10-25T11:00:00Z,-100.0,100.0,VALID,NEW,31.0,,,,,,,,,,
0,u|2025-10-26T09:00:00Z,u,2025-10-26T09:00:00Z,2025-10-26T10:00:00Z,2025-10-25T06:00:00Z,2025-10-25T07:00:00Z,0.0,29,VALID,NEW,29,1.0,monthly,2025-10,0.1657142857142857,calibrated_directional_minimum_valid_sample,2025-10,FORMAL,175.0,28.999999999999996,
0,d|2025-10-26T09:00:00Z,d,2025-10-26T09:00:00Z,2025-10-26T10:00:00Z,2025-10-25T06:00:00Z,2025-10-25T07:00:00Z,0.0,29,VALID,NEW,29,1.0,monthly,2025-10,0.1657142857142857,calibrated_directional_minimum_valid_sample,2025-10,FORMAL,175.0,28.999999999999996,
0,F|2025-10-26T09:00:00Z,F,2025-10-26T09:00:00Z,2025-10-26T10:00:00Z,2025-10-25T06:00:00Z,2025-10-25T07:00:00Z,0.0,40,VALID,NEW,40,1.0,monthly,2025-10,0.3448275862068966,calibrated_PETROM_partial_month_P90,2025-10,FORMAL,116.0,40.0,"[20,20,0,0,0]"
0,DA|2025-10-26_46,DA,2025-10-26T09:15:00Z,2025-10-26T09:30:00Z,2025-10-25T10:00:00Z,2025-10-25T11:00:00Z,-100.0,100.0,VALID,NEW,11.818747984639863,,,,,,,,,,
0,DA|2025-10-26_47,DA,2025-10-26T09:30:00Z,2025-10-26T09:45:00Z,2025-10-25T10:00:00Z,2025-10-25T11:00:00Z,-100.0,100.0,VALID,NEW,-31.0,,,,,,,,,,
0,DA|2025-10-26_48,DA,2025-10-26T09:45:00Z,2025-10-26T10:00:00Z,2025-10-25T10:00:00Z,2025-10-25T11:00:00Z,-100.0,100.0,VALID,NEW,-31.0,,,,,,,,,,
0,DA|2025-10-26_49,DA,2025-10-26T10:00:00Z,2025-10-26T10:15:00Z,2025-10-25T10:00:00Z,2025-10-25T11:00:00Z,-100.0,100.0,VALID,NEW,-52.22058599264122,,,,,,,,,,
0,u|2025-10-26T10:00:00Z,u,2025-10-26T10:00:00Z,2025-10-26T11:00:00Z,2025-10-25T06:00:00Z,2025-10-25T07:00:00Z,0.0,29,VALID,NEW,29,1.0,monthly,2025-10,0.1657142857142857,calibrated_directional_minimum_valid_sample,2025-10,FORMAL,175.0,28.999999999999996,
0,d|2025-10-26T10:00:00Z,d,2025-10-26T10:00:00Z,2025-10-26T11:00:00Z,2025-10-25T06:00:00Z,2025-10-25T07:00:00Z,0.0,29,VALID,NEW,0,1.0,monthly,2025-10,0.1657142857142857,calibrated_directional_minimum_valid_sample,2025-10,FORMAL,175.0,28.999999999999996,
0,F|2025-10-26T10:00:00Z,F,2025-10-26T10:00:00Z,2025-10-26T11:00:00Z,2025-10-25T06:00:00Z,2025-10-25T07:00:00Z,0.0,40,VALID,NEW,40,1.0,monthly,2025-10,0.3448275862068966,calibrated_PETROM_partial_month_P90,2025-10,FORMAL,116.0,40.0,"[20,20,0,0,0]"
0,DA|2025-10-26_50,DA,2025-10-26T10:15:00Z,2025-10-26T10:30:00Z,2025-10-25T10:00:00Z,2025-10-25T11:00:00Z,-100.0,100.0,VALID,NEW,-60.0,,,,,,,,,,
0,DA|2025-10-26_51,DA,2025-10-26T10:30:00Z,2025-10-26T10:45:00Z,2025-10-25T10:00:00Z,2025-10-25T11:00:00Z,-100.0,100.0,VALID,NEW,-60.0,,,,,,,,,,
0,DA|2025-10-26_52,DA,2025-10-26T10:45:00Z,2025-10-26T11:00:00Z,2025-10-25T10:00:00Z,2025-10-25T11:00:00Z,-100.0,100.0,VALID,NEW,-60.0,,,,,,,,,,
0,DA|2025-10-26_53,DA,2025-10-26T11:00:00Z,2025-10-26T11:15:00Z,2025-10-25T10:00:00Z,2025-10-25T11:00:00Z,-100.0,100.0,VALID,NEW,-60.0,,,,,,,,,,
0,u|2025-10-26T11:00:00Z,u,2025-10-26T11:00:00Z,2025-10-26T12:00:00Z,2025-10-25T06:00:00Z,2025-10-25T07:00:00Z,0.0,29,VALID,NEW,29,1.0,monthly,2025-10,0.1657142857142857,calibrated_directional_minimum_valid_sample,2025-10,FORMAL,175.0,28.999999999999996,
0,d|2025-10-26T11:00:00Z,d,2025-10-26T11:00:00Z,2025-10-26T12:00:00Z,2025-10-25T06:00:00Z,2025-10-25T07:00:00Z,0.0,29,VALID,NEW,0,1.0,monthly,2025-10,0.1657142857142857,calibrated_directional_minimum_valid_sample,2025-10,FORMAL,175.0,28.999999999999996,
0,F|2025-10-26T11:00:00Z,F,2025-10-26T11:00:00Z,2025-10-26T12:00:00Z,2025-10-25T06:00:00Z,2025-10-25T07:00:00Z,0.0,40,VALID,NEW,40,1.0,monthly,2025-10,0.3448275862068966,calibrated_PETROM_partial_month_P90,2025-10,FORMAL,116.0,40.0,"[20,20,0,0,0]"
0,DA|2025-10-26_54,DA,2025-10-26T11:15:00Z,2025-10-26T11:30:00Z,2025-10-25T10:00:00Z,2025-10-25T11:00:00Z,-100.0,100.0,VALID,NEW,-60.0,,,,,,,,,,
0,DA|2025-10-26_55,DA,2025-10-26T11:30:00Z,2025-10-26T11:45:00Z,2025-10-25T10:00:00Z,2025-10-25T11:00:00Z,-100.0,100.0,VALID,NEW,-60.0,,,,,,,,,,
0,DA|2025-10-26_56,DA,2025-10-26T11:45:00Z,2025-10-26T12:00:00Z,2025-10-25T10:00:00Z,2025-10-25T11:00:00Z,-100.0,100.0,VALID,NEW,-60.0,,,,,,,,,,
0,DA|2025-10-26_57,DA,2025-10-26T12:00:00Z,2025-10-26T12:15:00Z,2025-10-25T10:00:00Z,2025-10-25T11:00:00Z,-100.0,100.0,VALID,NEW,-60.0,,,,,,,,,,
0,u|2025-10-26T12:00:00Z,u,2025-10-26T12:00:00Z,2025-10-26T13:00:00Z,2025-10-25T06:00:00Z,2025-10-25T07:00:00Z,0.0,29,VALID,NEW,29,1.0,monthly,2025-10,0.1657142857142857,calibrated_directional_minimum_valid_sample,2025-10,FORMAL,175.0,28.999999999999996,
0,d|2025-10-26T12:00:00Z,d,2025-10-26T12:00:00Z,2025-10-26T13:00:00Z,2025-10-25T06:00:00Z,2025-10-25T07:00:00Z,0.0,29,VALID,NEW,0,1.0,monthly,2025-10,0.1657142857142857,calibrated_directional_minimum_valid_sample,2025-10,FORMAL,175.0,28.999999999999996,
0,F|2025-10-26T12:00:00Z,F,2025-10-26T12:00:00Z,2025-10-26T13:00:00Z,2025-10-25T06:00:00Z,2025-10-25T07:00:00Z,0.0,40,VALID,NEW,40,1.0,monthly,2025-10,0.3448275862068966,calibrated_PETROM_partial_month_P90,2025-10,FORMAL,116.0,40.0,"[20,20,0,0,0]"
0,DA|2025-10-26_58,DA,2025-10-26T12:15:00Z,2025-10-26T12:30:00Z,2025-10-25T10:00:00Z,2025-10-25T11:00:00Z,-100.0,100.0,VALID,NEW,-60.0,,,,,,,,,,
0,DA|2025-10-26_59,DA,2025-10-26T12:30:00Z,2025-10-26T12:45:00Z,2025-10-25T10:00:00Z,2025-10-25T11:00:00Z,-100.0,100.0,VALID,NEW,-2.6861792084707874,,,,,,,,,,
0,DA|2025-10-26_60,DA,2025-10-26T12:45:00Z,2025-10-26T13:00:00Z,2025-10-25T10:00:00Z,2025-10-25T11:00:00Z,-100.0,100.0,VALID,NEW,-7.962527299206755,,,,,,,,,,
0,DA|2025-10-26_61,DA,2025-10-26T13:00:00Z,2025-10-26T13:15:00Z,2025-10-25T10:00:00Z,2025-10-25T11:00:00Z,-100.0,100.0,VALID,NEW,-2.2685727244525924,,,,,,,,,,
0,u|2025-10-26T13:00:00Z,u,2025-10-26T13:00:00Z,2025-10-26T14:00:00Z,2025-10-25T06:00:00Z,2025-10-25T07:00:00Z,0.0,29,VALID,NEW,29,1.0,monthly,2025-10,0.1657142857142857,calibrated_directional_minimum_valid_sample,2025-10,FORMAL,175.0,28.999999999999996,
0,d|2025-10-26T13:00:00Z,d,2025-10-26T13:00:00Z,2025-10-26T14:00:00Z,2025-10-25T06:00:00Z,2025-10-25T07:00:00Z,0.0,29,VALID,NEW,29,1.0,monthly,2025-10,0.1657142857142857,calibrated_directional_minimum_valid_sample,2025-10,FORMAL,175.0,28.999999999999996,
0,F|2025-10-26T13:00:00Z,F,2025-10-26T13:00:00Z,2025-10-26T14:00:00Z,2025-10-25T06:00:00Z,2025-10-25T07:00:00Z,0.0,40,VALID,NEW,40,1.0,monthly,2025-10,0.3448275862068966,calibrated_PETROM_partial_month_P90,2025-10,FORMAL,116.0,40.0,"[20,20,0,0,0]"
0,DA|2025-10-26_62,DA,2025-10-26T13:15:00Z,2025-10-26T13:30:00Z,2025-10-25T10:00:00Z,2025-10-25T11:00:00Z,-100.0,100.0,VALID,NEW,-0.294070296770322,,,,,,,,,,
0,DA|2025-10-26_63,DA,2025-10-26T13:30:00Z,2025-10-26T13:45:00Z,2025-10-25T10:00:00Z,2025-10-25T11:00:00Z,-100.0,100.0,VALID,NEW,-7.8741104606015595,,,,,,,,,,
0,DA|2025-10-26_64,DA,2025-10-26T13:45:00Z,2025-10-26T14:00:00Z,2025-10-25T10:00:00Z,2025-10-25T11:00:00Z,-100.0,100.0,VALID,NEW,29.486595145142914,,,,,,,,,,
0,DA|2025-10-26_65,DA,2025-10-26T14:00:00Z,2025-10-26T14:15:00Z,2025-10-25T10:00:00Z,2025-10-25T11:00:00Z,-100.0,100.0,VALID,NEW,-60.0,,,,,,,,,,
0,u|2025-10-26T14:00:00Z,u,2025-10-26T14:00:00Z,2025-10-26T15:00:00Z,2025-10-25T06:00:00Z,2025-10-25T07:00:00Z,0.0,29,VALID,NEW,29,1.0,monthly,2025-10,0.1657142857142857,calibrated_directional_minimum_valid_sample,2025-10,FORMAL,175.0,28.999999999999996,
0,d|2025-10-26T14:00:00Z,d,2025-10-26T14:00:00Z,2025-10-26T15:00:00Z,2025-10-25T06:00:00Z,2025-10-25T07:00:00Z,0.0,29,VALID,NEW,0,1.0,monthly,2025-10,0.1657142857142857,calibrated_directional_minimum_valid_sample,2025-10,FORMAL,175.0,28.999999999999996,
0,F|2025-10-26T14:00:00Z,F,2025-10-26T14:00:00Z,2025-10-26T15:00:00Z,2025-10-25T06:00:00Z,2025-10-25T07:00:00Z,0.0,40,VALID,NEW,40,1.0,monthly,2025-10,0.3448275862068966,calibrated_PETROM_partial_month_P90,2025-10,FORMAL,116.0,40.0,"[20,20,0,0,0]"
0,DA|2025-10-26_66,DA,2025-10-26T14:15:00Z,2025-10-26T14:30:00Z,2025-10-25T10:00:00Z,2025-10-25T11:00:00Z,-100.0,100.0,VALID,NEW,-4.161822396176969,,,,,,,,,,
0,DA|2025-10-26_67,DA,2025-10-26T14:30:00Z,2025-10-26T14:45:00Z,2025-10-25T10:00:00Z,2025-10-25T11:00:00Z,-100.0,100.0,VALID,NEW,31.0,,,,,,,,,,
0,DA|2025-10-26_68,DA,2025-10-26T14:45:00Z,2025-10-26T15:00:00Z,2025-10-25T10:00:00Z,2025-10-25T11:00:00Z,-100.0,100.0,VALID,NEW,31.0,,,,,,,,,,
0,DA|2025-10-26_69,DA,2025-10-26T15:00:00Z,2025-10-26T15:15:00Z,2025-10-25T10:00:00Z,2025-10-25T11:00:00Z,-100.0,100.0,VALID,NEW,-31.0,,,,,,,,,,
0,u|2025-10-26T15:00:00Z,u,2025-10-26T15:00:00Z,2025-10-26T16:00:00Z,2025-10-25T06:00:00Z,2025-10-25T07:00:00Z,0.0,29,VALID,NEW,0,1.0,monthly,2025-10,0.1657142857142857,calibrated_directional_minimum_valid_sample,2025-10,FORMAL,175.0,28.999999999999996,
0,d|2025-10-26T15:00:00Z,d,2025-10-26T15:00:00Z,2025-10-26T16:00:00Z,2025-10-25T06:00:00Z,2025-10-25T07:00:00Z,0.0,29,VALID,NEW,29,1.0,monthly,2025-10,0.1657142857142857,calibrated_directional_minimum_valid_sample,2025-10,FORMAL,175.0,28.999999999999996,
0,F|2025-10-26T15:00:00Z,F,2025-10-26T15:00:00Z,2025-10-26T16:00:00Z,2025-10-25T06:00:00Z,2025-10-25T07:00:00Z,0.0,40,VALID,NEW,40,1.0,monthly,2025-10,0.3448275862068966,calibrated_PETROM_partial_month_P90,2025-10,FORMAL,116.0,40.0,"[20,20,0,0,0]"
0,DA|2025-10-26_70,DA,2025-10-26T15:15:00Z,2025-10-26T15:30:00Z,2025-10-25T10:00:00Z,2025-10-25T11:00:00Z,-100.0,100.0,VALID,NEW,0.0,,,,,,,,,,
0,DA|2025-10-26_71,DA,2025-10-26T15:30:00Z,2025-10-26T15:45:00Z,2025-10-25T10:00:00Z,2025-10-25T11:00:00Z,-100.0,100.0,VALID,NEW,60.0,,,,,,,,,,
0,DA|2025-10-26_72,DA,2025-10-26T15:45:00Z,2025-10-26T16:00:00Z,2025-10-25T10:00:00Z,2025-10-25T11:00:00Z,-100.0,100.0,VALID,NEW,60.0,,,,,,,,,,
0,DA|2025-10-26_73,DA,2025-10-26T16:00:00Z,2025-10-26T16:15:00Z,2025-10-25T10:00:00Z,2025-10-25T11:00:00Z,-100.0,100.0,VALID,NEW,0.0,,,,,,,,,,
0,u|2025-10-26T16:00:00Z,u,2025-10-26T16:00:00Z,2025-10-26T17:00:00Z,2025-10-25T06:00:00Z,2025-10-25T07:00:00Z,0.0,29,VALID,NEW,0,1.0,monthly,2025-10,0.1657142857142857,calibrated_directional_minimum_valid_sample,2025-10,FORMAL,175.0,28.999999999999996,
0,d|2025-10-26T16:00:00Z,d,2025-10-26T16:00:00Z,2025-10-26T17:00:00Z,2025-10-25T06:00:00Z,2025-10-25T07:00:00Z,0.0,29,VALID,NEW,29,1.0,monthly,2025-10,0.1657142857142857,calibrated_directional_minimum_valid_sample,2025-10,FORMAL,175.0,28.999999999999996,
0,F|2025-10-26T16:00:00Z,F,2025-10-26T16:00:00Z,2025-10-26T17:00:00Z,2025-10-25T06:00:00Z,2025-10-25T07:00:00Z,0.0,40,VALID,NEW,40,1.0,monthly,2025-10,0.3448275862068966,calibrated_PETROM_partial_month_P90,2025-10,FORMAL,116.0,40.0,"[20,20,0,0,0]"
0,DA|2025-10-26_74,DA,2025-10-26T16:15:00Z,2025-10-26T16:30:00Z,2025-10-25T10:00:00Z,2025-10-25T11:00:00Z,-100.0,100.0,VALID,NEW,60.0,,,,,,,,,,
0,DA|2025-10-26_75,DA,2025-10-26T16:30:00Z,2025-10-26T16:45:00Z,2025-10-25T10:00:00Z,2025-10-25T11:00:00Z,-100.0,100.0,VALID,NEW,60.0,,,,,,,,,,
0,DA|2025-10-26_76,DA,2025-10-26T16:45:00Z,2025-10-26T17:00:00Z,2025-10-25T10:00:00Z,2025-10-25T11:00:00Z,-100.0,100.0,VALID,NEW,60.0,,,,,,,,,,
0,DA|2025-10-26_77,DA,2025-10-26T17:00:00Z,2025-10-26T17:15:00Z,2025-10-25T10:00:00Z,2025-10-25T11:00:00Z,-100.0,100.0,VALID,NEW,0.0,,,,,,,,,,
0,u|2025-10-26T17:00:00Z,u,2025-10-26T17:00:00Z,2025-10-26T18:00:00Z,2025-10-25T06:00:00Z,2025-10-25T07:00:00Z,0.0,29,VALID,NEW,0,1.0,monthly,2025-10,0.1657142857142857,calibrated_directional_minimum_valid_sample,2025-10,FORMAL,175.0,28.999999999999996,
0,d|2025-10-26T17:00:00Z,d,2025-10-26T17:00:00Z,2025-10-26T18:00:00Z,2025-10-25T06:00:00Z,2025-10-25T07:00:00Z,0.0,29,VALID,NEW,29,1.0,monthly,2025-10,0.1657142857142857,calibrated_directional_minimum_valid_sample,2025-10,FORMAL,175.0,28.999999999999996,
0,F|2025-10-26T17:00:00Z,F,2025-10-26T17:00:00Z,2025-10-26T18:00:00Z,2025-10-25T06:00:00Z,2025-10-25T07:00:00Z,0.0,40,VALID,NEW,40,1.0,monthly,2025-10,0.3448275862068966,calibrated_PETROM_partial_month_P90,2025-10,FORMAL,116.0,40.0,"[20,20,0,0,0]"
0,DA|2025-10-26_78,DA,2025-10-26T17:15:00Z,2025-10-26T17:30:00Z,2025-10-25T10:00:00Z,2025-10-25T11:00:00Z,-100.0,100.0,VALID,NEW,36.43010728228578,,,,,,,,,,
0,DA|2025-10-26_79,DA,2025-10-26T17:30:00Z,2025-10-26T17:45:00Z,2025-10-25T10:00:00Z,2025-10-25T11:00:00Z,-100.0,100.0,VALID,NEW,60.0,,,,,,,,,,
0,DA|2025-10-26_80,DA,2025-10-26T17:45:00Z,2025-10-26T18:00:00Z,2025-10-25T10:00:00Z,2025-10-25T11:00:00Z,-100.0,100.0,VALID,NEW,60.0,,,,,,,,,,
0,DA|2025-10-26_81,DA,2025-10-26T18:00:00Z,2025-10-26T18:15:00Z,2025-10-25T10:00:00Z,2025-10-25T11:00:00Z,-100.0,100.0,VALID,NEW,31.0,,,,,,,,,,
0,u|2025-10-26T18:00:00Z,u,2025-10-26T18:00:00Z,2025-10-26T19:00:00Z,2025-10-25T06:00:00Z,2025-10-25T07:00:00Z,0.0,29,VALID,NEW,29,1.0,monthly,2025-10,0.1657142857142857,calibrated_directional_minimum_valid_sample,2025-10,FORMAL,175.0,28.999999999999996,
0,d|2025-10-26T18:00:00Z,d,2025-10-26T18:00:00Z,2025-10-26T19:00:00Z,2025-10-25T06:00:00Z,2025-10-25T07:00:00Z,0.0,29,VALID,NEW,29,1.0,monthly,2025-10,0.1657142857142857,calibrated_directional_minimum_valid_sample,2025-10,FORMAL,175.0,28.999999999999996,
0,F|2025-10-26T18:00:00Z,F,2025-10-26T18:00:00Z,2025-10-26T19:00:00Z,2025-10-25T06:00:00Z,2025-10-25T07:00:00Z,0.0,40,VALID,NEW,40,1.0,monthly,2025-10,0.3448275862068966,calibrated_PETROM_partial_month_P90,2025-10,FORMAL,116.0,40.0,"[20,20,0,0,0]"
0,DA|2025-10-26_82,DA,2025-10-26T18:15:00Z,2025-10-26T18:30:00Z,2025-10-25T10:00:00Z,2025-10-25T11:00:00Z,-100.0,100.0,VALID,NEW,30.999999999999996,,,,,,,,,,
0,DA|2025-10-26_83,DA,2025-10-26T18:30:00Z,2025-10-26T18:45:00Z,2025-10-25T10:00:00Z,2025-10-25T11:00:00Z,-100.0,100.0,VALID,NEW,0.0,,,,,,,,,,
0,DA|2025-10-26_84,DA,2025-10-26T18:45:00Z,2025-10-26T19:00:00Z,2025-10-25T10:00:00Z,2025-10-25T11:00:00Z,-100.0,100.0,VALID,NEW,-31.0,,,,,,,,,,
0,DA|2025-10-26_85,DA,2025-10-26T19:00:00Z,2025-10-26T19:15:00Z,2025-10-25T10:00:00Z,2025-10-25T11:00:00Z,-100.0,100.0,VALID,NEW,30.999999999999993,,,,,,,,,,
0,u|2025-10-26T19:00:00Z,u,2025-10-26T19:00:00Z,2025-10-26T20:00:00Z,2025-10-25T06:00:00Z,2025-10-25T07:00:00Z,0.0,29,VALID,NEW,29,1.0,monthly,2025-10,0.1657142857142857,calibrated_directional_minimum_valid_sample,2025-10,FORMAL,175.0,28.999999999999996,
0,d|2025-10-26T19:00:00Z,d,2025-10-26T19:00:00Z,2025-10-26T20:00:00Z,2025-10-25T06:00:00Z,2025-10-25T07:00:00Z,0.0,29,VALID,NEW,29,1.0,monthly,2025-10,0.1657142857142857,calibrated_directional_minimum_valid_sample,2025-10,FORMAL,175.0,28.999999999999996,
0,F|2025-10-26T19:00:00Z,F,2025-10-26T19:00:00Z,2025-10-26T20:00:00Z,2025-10-25T06:00:00Z,2025-10-25T07:00:00Z,0.0,40,VALID,NEW,40,1.0,monthly,2025-10,0.3448275862068966,calibrated_PETROM_partial_month_P90,2025-10,FORMAL,116.0,40.0,"[20,20,0,0,0]"
0,DA|2025-10-26_86,DA,2025-10-26T19:15:00Z,2025-10-26T19:30:00Z,2025-10-25T10:00:00Z,2025-10-25T11:00:00Z,-100.0,100.0,VALID,NEW,0.48413088751729727,,,,,,,,,,
0,DA|2025-10-26_87,DA,2025-10-26T19:30:00Z,2025-10-26T19:45:00Z,2025-10-25T10:00:00Z,2025-10-25T11:00:00Z,-100.0,100.0,VALID,NEW,0.0,,,,,,,,,,
0,DA|2025-10-26_88,DA,2025-10-26T19:45:00Z,2025-10-26T20:00:00Z,2025-10-25T10:00:00Z,2025-10-25T11:00:00Z,-100.0,100.0,VALID,NEW,-22.128876564947323,,,,,,,,,,
0,DA|2025-10-26_89,DA,2025-10-26T20:00:00Z,2025-10-26T20:15:00Z,2025-10-25T10:00:00Z,2025-10-25T11:00:00Z,-100.0,100.0,VALID,NEW,30.999999999999993,,,,,,,,,,
0,u|2025-10-26T20:00:00Z,u,2025-10-26T20:00:00Z,2025-10-26T21:00:00Z,2025-10-25T06:00:00Z,2025-10-25T07:00:00Z,0.0,29,VALID,NEW,29,1.0,monthly,2025-10,0.1657142857142857,calibrated_directional_minimum_valid_sample,2025-10,FORMAL,175.0,28.999999999999996,
0,d|2025-10-26T20:00:00Z,d,2025-10-26T20:00:00Z,2025-10-26T21:00:00Z,2025-10-25T06:00:00Z,2025-10-25T07:00:00Z,0.0,29,VALID,NEW,29,1.0,monthly,2025-10,0.1657142857142857,calibrated_directional_minimum_valid_sample,2025-10,FORMAL,175.0,28.999999999999996,
0,F|2025-10-26T20:00:00Z,F,2025-10-26T20:00:00Z,2025-10-26T21:00:00Z,2025-10-25T06:00:00Z,2025-10-25T07:00:00Z,0.0,40,VALID,NEW,40,1.0,monthly,2025-10,0.3448275862068966,calibrated_PETROM_partial_month_P90,2025-10,FORMAL,116.0,40.0,"[20,20,0,0,0]"
0,DA|2025-10-26_90,DA,2025-10-26T20:15:00Z,2025-10-26T20:30:00Z,2025-10-25T10:00:00Z,2025-10-25T11:00:00Z,-100.0,100.0,VALID,NEW,0.0,,,,,,,,,,
0,DA|2025-10-26_91,DA,2025-10-26T20:30:00Z,2025-10-26T20:45:00Z,2025-10-25T10:00:00Z,2025-10-25T11:00:00Z,-100.0,100.0,VALID,NEW,2.3656397303085894,,,,,,,,,,
0,DA|2025-10-26_92,DA,2025-10-26T20:45:00Z,2025-10-26T21:00:00Z,2025-10-25T10:00:00Z,2025-10-25T11:00:00Z,-100.0,100.0,VALID,NEW,6.773417518943929,,,,,,,,,,
0,DA|2025-10-26_93,DA,2025-10-26T21:00:00Z,2025-10-26T21:15:00Z,2025-10-25T10:00:00Z,2025-10-25T11:00:00Z,-100.0,100.0,VALID,NEW,80.0,,,,,,,,,,
0,u|2025-10-26T21:00:00Z,u,2025-10-26T21:00:00Z,2025-10-26T22:00:00Z,2025-10-25T06:00:00Z,2025-10-25T07:00:00Z,0.0,0.0,DATA_INVALID,NEW,0,1.0,monthly,2025-10,0.1657142857142857,calibrated_directional_minimum_valid_sample,2025-10,FORMAL,,,
0,d|2025-10-26T21:00:00Z,d,2025-10-26T21:00:00Z,2025-10-26T22:00:00Z,2025-10-25T06:00:00Z,2025-10-25T07:00:00Z,0.0,0.0,DATA_INVALID,NEW,0,1.0,monthly,2025-10,0.1657142857142857,calibrated_directional_minimum_valid_sample,2025-10,FORMAL,,,
0,F|2025-10-26T21:00:00Z,F,2025-10-26T21:00:00Z,2025-10-26T22:00:00Z,2025-10-25T06:00:00Z,2025-10-25T07:00:00Z,0.0,0.0,DATA_INVALID,NEW,0,1.0,monthly,2025-10,0.3448275862068966,calibrated_PETROM_partial_month_P90,2025-10,FORMAL,,,"[0,0,0,0,0]"
0,DA|2025-10-26_94,DA,2025-10-26T21:15:00Z,2025-10-26T21:30:00Z,2025-10-25T10:00:00Z,2025-10-25T11:00:00Z,-100.0,100.0,VALID,NEW,0.0,,,,,,,,,,
0,DA|2025-10-26_95,DA,2025-10-26T21:30:00Z,2025-10-26T21:45:00Z,2025-10-25T10:00:00Z,2025-10-25T11:00:00Z,-100.0,100.0,VALID,NEW,0.0,,,,,,,,,,
0,DA|2025-10-26_96,DA,2025-10-26T21:45:00Z,2025-10-26T22:00:00Z,2025-10-25T10:00:00Z,2025-10-25T11:00:00Z,-100.0,100.0,VALID,NEW,0.0,,,,,,,,,,
0,DA|2025-10-24_93,DA,2025-10-24T21:00:00Z,2025-10-24T21:15:00Z,2025-10-24T10:00:00Z,2025-10-24T11:00:00Z,-100.0,100.0,VALID,INITIAL_NO_PRIOR_COMMITMENT,0.0,,,,,,,,,,
0,u|2025-10-24T21:00:00Z,u,2025-10-24T21:00:00Z,2025-10-24T22:00:00Z,2025-10-24T06:00:00Z,2025-10-24T07:00:00Z,0.0,29,VALID,INITIAL_NO_PRIOR_COMMITMENT,0,1.0,monthly,2025-10,0.1657142857142857,calibrated_directional_minimum_valid_sample,2025-10,FORMAL,175.0,28.999999999999996,
0,d|2025-10-24T21:00:00Z,d,2025-10-24T21:00:00Z,2025-10-24T22:00:00Z,2025-10-24T06:00:00Z,2025-10-24T07:00:00Z,0.0,29,VALID,INITIAL_NO_PRIOR_COMMITMENT,0,1.0,monthly,2025-10,0.1657142857142857,calibrated_directional_minimum_valid_sample,2025-10,FORMAL,175.0,28.999999999999996,
0,F|2025-10-24T21:00:00Z,F,2025-10-24T21:00:00Z,2025-10-24T22:00:00Z,2025-10-24T06:00:00Z,2025-10-24T07:00:00Z,0.0,40,VALID,INITIAL_NO_PRIOR_COMMITMENT,0,1.0,monthly,2025-10,0.3448275862068966,calibrated_PETROM_partial_month_P90,2025-10,FORMAL,116.0,40.0,"[0,0,0,0,0]"
0,DA|2025-10-24_94,DA,2025-10-24T21:15:00Z,2025-10-24T21:30:00Z,2025-10-24T10:00:00Z,2025-10-24T11:00:00Z,-100.0,100.0,VALID,INITIAL_NO_PRIOR_COMMITMENT,0.0,,,,,,,,,,
0,DA|2025-10-24_95,DA,2025-10-24T21:30:00Z,2025-10-24T21:45:00Z,2025-10-24T10:00:00Z,2025-10-24T11:00:00Z,-100.0,100.0,VALID,INITIAL_NO_PRIOR_COMMITMENT,0.0,,,,,,,,,,
0,DA|2025-10-24_96,DA,2025-10-24T21:45:00Z,2025-10-24T22:00:00Z,2025-10-24T10:00:00Z,2025-10-24T11:00:00Z,-100.0,100.0,VALID,INITIAL_NO_PRIOR_COMMITMENT,0.0,,,,,,,,,,
0,DA|2025-10-25_1,DA,2025-10-24T22:00:00Z,2025-10-24T22:15:00Z,2025-10-24T10:00:00Z,2025-10-24T11:00:00Z,-100.0,100.0,VALID,INITIAL_NO_PRIOR_COMMITMENT,0.0,,,,,,,,,,
0,u|2025-10-24T22:00:00Z,u,2025-10-24T22:00:00Z,2025-10-24T23:00:00Z,2025-10-24T06:00:00Z,2025-10-24T07:00:00Z,0.0,29,VALID,INITIAL_NO_PRIOR_COMMITMENT,0,1.0,monthly,2025-10,0.1657142857142857,calibrated_directional_minimum_valid_sample,2025-10,FORMAL,175.0,28.999999999999996,
0,d|2025-10-24T22:00:00Z,d,2025-10-24T22:00:00Z,2025-10-24T23:00:00Z,2025-10-24T06:00:00Z,2025-10-24T07:00:00Z,0.0,29,VALID,INITIAL_NO_PRIOR_COMMITMENT,0,1.0,monthly,2025-10,0.1657142857142857,calibrated_directional_minimum_valid_sample,2025-10,FORMAL,175.0,28.999999999999996,
0,F|2025-10-24T22:00:00Z,F,2025-10-24T22:00:00Z,2025-10-24T23:00:00Z,2025-10-24T06:00:00Z,2025-10-24T07:00:00Z,0.0,40,VALID,INITIAL_NO_PRIOR_COMMITMENT,0,1.0,monthly,2025-10,0.3448275862068966,calibrated_PETROM_partial_month_P90,2025-10,FORMAL,116.0,40.0,"[0,0,0,0,0]"
0,DA|2025-10-25_2,DA,2025-10-24T22:15:00Z,2025-10-24T22:30:00Z,2025-10-24T10:00:00Z,2025-10-24T11:00:00Z,-100.0,100.0,VALID,INITIAL_NO_PRIOR_COMMITMENT,0.0,,,,,,,,,,
0,DA|2025-10-25_3,DA,2025-10-24T22:30:00Z,2025-10-24T22:45:00Z,2025-10-24T10:00:00Z,2025-10-24T11:00:00Z,-100.0,100.0,VALID,INITIAL_NO_PRIOR_COMMITMENT,0.0,,,,,,,,,,
0,DA|2025-10-25_4,DA,2025-10-24T22:45:00Z,2025-10-24T23:00:00Z,2025-10-24T10:00:00Z,2025-10-24T11:00:00Z,-100.0,100.0,VALID,INITIAL_NO_PRIOR_COMMITMENT,0.0,,,,,,,,,,
0,DA|2025-10-25_5,DA,2025-10-24T23:00:00Z,2025-10-24T23:15:00Z,2025-10-24T10:00:00Z,2025-10-24T11:00:00Z,-100.0,100.0,VALID,INITIAL_NO_PRIOR_COMMITMENT,0.0,,,,,,,,,,
0,u|2025-10-24T23:00:00Z,u,2025-10-24T23:00:00Z,2025-10-25T00:00:00Z,2025-10-24T06:00:00Z,2025-10-24T07:00:00Z,0.0,29,VALID,INITIAL_NO_PRIOR_COMMITMENT,0,1.0,monthly,2025-10,0.1657142857142857,calibrated_directional_minimum_valid_sample,2025-10,FORMAL,175.0,28.999999999999996,
0,d|2025-10-24T23:00:00Z,d,2025-10-24T23:00:00Z,2025-10-25T00:00:00Z,2025-10-24T06:00:00Z,2025-10-24T07:00:00Z,0.0,29,VALID,INITIAL_NO_PRIOR_COMMITMENT,0,1.0,monthly,2025-10,0.1657142857142857,calibrated_directional_minimum_valid_sample,2025-10,FORMAL,175.0,28.999999999999996,
0,F|2025-10-24T23:00:00Z,F,2025-10-24T23:00:00Z,2025-10-25T00:00:00Z,2025-10-24T06:00:00Z,2025-10-24T07:00:00Z,0.0,40,VALID,INITIAL_NO_PRIOR_COMMITMENT,0,1.0,monthly,2025-10,0.3448275862068966,calibrated_PETROM_partial_month_P90,2025-10,FORMAL,116.0,40.0,"[0,0,0,0,0]"
0,DA|2025-10-25_6,DA,2025-10-24T23:15:00Z,2025-10-24T23:30:00Z,2025-10-24T10:00:00Z,2025-10-24T11:00:00Z,-100.0,100.0,VALID,INITIAL_NO_PRIOR_COMMITMENT,0.0,,,,,,,,,,
0,DA|2025-10-25_7,DA,2025-10-24T23:30:00Z,2025-10-24T23:45:00Z,2025-10-24T10:00:00Z,2025-10-24T11:00:00Z,-100.0,100.0,VALID,INITIAL_NO_PRIOR_COMMITMENT,0.0,,,,,,,,,,
0,DA|2025-10-25_8,DA,2025-10-24T23:45:00Z,2025-10-25T00:00:00Z,2025-10-24T10:00:00Z,2025-10-24T11:00:00Z,-100.0,100.0,VALID,INITIAL_NO_PRIOR_COMMITMENT,0.0,,,,,,,,,,
0,DA|2025-10-25_9,DA,2025-10-25T00:00:00Z,2025-10-25T00:15:00Z,2025-10-24T10:00:00Z,2025-10-24T11:00:00Z,-100.0,100.0,VALID,INITIAL_NO_PRIOR_COMMITMENT,0.0,,,,,,,,,,
0,u|2025-10-25T00:00:00Z,u,2025-10-25T00:00:00Z,2025-10-25T01:00:00Z,2025-10-24T06:00:00Z,2025-10-24T07:00:00Z,0.0,29,VALID,INITIAL_NO_PRIOR_COMMITMENT,0,1.0,monthly,2025-10,0.1657142857142857,calibrated_directional_minimum_valid_sample,2025-10,FORMAL,175.0,28.999999999999996,
0,d|2025-10-25T00:00:00Z,d,2025-10-25T00:00:00Z,2025-10-25T01:00:00Z,2025-10-24T06:00:00Z,2025-10-24T07:00:00Z,0.0,29,VALID,INITIAL_NO_PRIOR_COMMITMENT,0,1.0,monthly,2025-10,0.1657142857142857,calibrated_directional_minimum_valid_sample,2025-10,FORMAL,175.0,28.999999999999996,
0,F|2025-10-25T00:00:00Z,F,2025-10-25T00:00:00Z,2025-10-25T01:00:00Z,2025-10-24T06:00:00Z,2025-10-24T07:00:00Z,0.0,40,VALID,INITIAL_NO_PRIOR_COMMITMENT,0,1.0,monthly,2025-10,0.3448275862068966,calibrated_PETROM_partial_month_P90,2025-10,FORMAL,116.0,40.0,"[0,0,0,0,0]"
0,DA|2025-10-25_10,DA,2025-10-25T00:15:00Z,2025-10-25T00:30:00Z,2025-10-24T10:00:00Z,2025-10-24T11:00:00Z,-100.0,100.0,VALID,INITIAL_NO_PRIOR_COMMITMENT,0.0,,,,,,,,,,
0,DA|2025-10-25_11,DA,2025-10-25T00:30:00Z,2025-10-25T00:45:00Z,2025-10-24T10:00:00Z,2025-10-24T11:00:00Z,-100.0,100.0,VALID,INITIAL_NO_PRIOR_COMMITMENT,0.0,,,,,,,,,,
0,DA|2025-10-25_12,DA,2025-10-25T00:45:00Z,2025-10-25T01:00:00Z,2025-10-24T10:00:00Z,2025-10-24T11:00:00Z,-100.0,100.0,VALID,INITIAL_NO_PRIOR_COMMITMENT,0.0,,,,,,,,,,
0,DA|2025-10-25_13,DA,2025-10-25T01:00:00Z,2025-10-25T01:15:00Z,2025-10-24T10:00:00Z,2025-10-24T11:00:00Z,-100.0,100.0,VALID,INITIAL_NO_PRIOR_COMMITMENT,0.0,,,,,,,,,,
0,u|2025-10-25T01:00:00Z,u,2025-10-25T01:00:00Z,2025-10-25T02:00:00Z,2025-10-24T06:00:00Z,2025-10-24T07:00:00Z,0.0,29,VALID,INITIAL_NO_PRIOR_COMMITMENT,0,1.0,monthly,2025-10,0.1657142857142857,calibrated_directional_minimum_valid_sample,2025-10,FORMAL,175.0,28.999999999999996,
0,d|2025-10-25T01:00:00Z,d,2025-10-25T01:00:00Z,2025-10-25T02:00:00Z,2025-10-24T06:00:00Z,2025-10-24T07:00:00Z,0.0,29,VALID,INITIAL_NO_PRIOR_COMMITMENT,0,1.0,monthly,2025-10,0.1657142857142857,calibrated_directional_minimum_valid_sample,2025-10,FORMAL,175.0,28.999999999999996,
0,F|2025-10-25T01:00:00Z,F,2025-10-25T01:00:00Z,2025-10-25T02:00:00Z,2025-10-24T06:00:00Z,2025-10-24T07:00:00Z,0.0,40,VALID,INITIAL_NO_PRIOR_COMMITMENT,0,1.0,monthly,2025-10,0.3448275862068966,calibrated_PETROM_partial_month_P90,2025-10,FORMAL,116.0,40.0,"[0,0,0,0,0]"
0,DA|2025-10-25_14,DA,2025-10-25T01:15:00Z,2025-10-25T01:30:00Z,2025-10-24T10:00:00Z,2025-10-24T11:00:00Z,-100.0,100.0,VALID,INITIAL_NO_PRIOR_COMMITMENT,0.0,,,,,,,,,,
0,DA|2025-10-25_15,DA,2025-10-25T01:30:00Z,2025-10-25T01:45:00Z,2025-10-24T10:00:00Z,2025-10-24T11:00:00Z,-100.0,100.0,VALID,INITIAL_NO_PRIOR_COMMITMENT,0.0,,,,,,,,,,
0,DA|2025-10-25_16,DA,2025-10-25T01:45:00Z,2025-10-25T02:00:00Z,2025-10-24T10:00:00Z,2025-10-24T11:00:00Z,-100.0,100.0,VALID,INITIAL_NO_PRIOR_COMMITMENT,0.0,,,,,,,,,,
0,DA|2025-10-25_17,DA,2025-10-25T02:00:00Z,2025-10-25T02:15:00Z,2025-10-24T10:00:00Z,2025-10-24T11:00:00Z,-100.0,100.0,VALID,INITIAL_NO_PRIOR_COMMITMENT,0.0,,,,,,,,,,
0,u|2025-10-25T02:00:00Z,u,2025-10-25T02:00:00Z,2025-10-25T03:00:00Z,2025-10-24T06:00:00Z,2025-10-24T07:00:00Z,0.0,29,VALID,INITIAL_NO_PRIOR_COMMITMENT,0,1.0,monthly,2025-10,0.1657142857142857,calibrated_directional_minimum_valid_sample,2025-10,FORMAL,175.0,28.999999999999996,
0,d|2025-10-25T02:00:00Z,d,2025-10-25T02:00:00Z,2025-10-25T03:00:00Z,2025-10-24T06:00:00Z,2025-10-24T07:00:00Z,0.0,29,VALID,INITIAL_NO_PRIOR_COMMITMENT,0,1.0,monthly,2025-10,0.1657142857142857,calibrated_directional_minimum_valid_sample,2025-10,FORMAL,175.0,28.999999999999996,
0,F|2025-10-25T02:00:00Z,F,2025-10-25T02:00:00Z,2025-10-25T03:00:00Z,2025-10-24T06:00:00Z,2025-10-24T07:00:00Z,0.0,40,VALID,INITIAL_NO_PRIOR_COMMITMENT,0,1.0,monthly,2025-10,0.3448275862068966,calibrated_PETROM_partial_month_P90,2025-10,FORMAL,116.0,40.0,"[0,0,0,0,0]"
0,DA|2025-10-25_18,DA,2025-10-25T02:15:00Z,2025-10-25T02:30:00Z,2025-10-24T10:00:00Z,2025-10-24T11:00:00Z,-100.0,100.0,VALID,INITIAL_NO_PRIOR_COMMITMENT,0.0,,,,,,,,,,
0,DA|2025-10-25_19,DA,2025-10-25T02:30:00Z,2025-10-25T02:45:00Z,2025-10-24T10:00:00Z,2025-10-24T11:00:00Z,-100.0,100.0,VALID,INITIAL_NO_PRIOR_COMMITMENT,0.0,,,,,,,,,,
0,DA|2025-10-25_20,DA,2025-10-25T02:45:00Z,2025-10-25T03:00:00Z,2025-10-24T10:00:00Z,2025-10-24T11:00:00Z,-100.0,100.0,VALID,INITIAL_NO_PRIOR_COMMITMENT,0.0,,,,,,,,,,
0,DA|2025-10-25_21,DA,2025-10-25T03:00:00Z,2025-10-25T03:15:00Z,2025-10-24T10:00:00Z,2025-10-24T11:00:00Z,-100.0,100.0,VALID,INITIAL_NO_PRIOR_COMMITMENT,0.0,,,,,,,,,,
0,u|2025-10-25T03:00:00Z,u,2025-10-25T03:00:00Z,2025-10-25T04:00:00Z,2025-10-24T06:00:00Z,2025-10-24T07:00:00Z,0.0,29,VALID,INITIAL_NO_PRIOR_COMMITMENT,0,1.0,monthly,2025-10,0.1657142857142857,calibrated_directional_minimum_valid_sample,2025-10,FORMAL,175.0,28.999999999999996,
0,d|2025-10-25T03:00:00Z,d,2025-10-25T03:00:00Z,2025-10-25T04:00:00Z,2025-10-24T06:00:00Z,2025-10-24T07:00:00Z,0.0,29,VALID,INITIAL_NO_PRIOR_COMMITMENT,0,1.0,monthly,2025-10,0.1657142857142857,calibrated_directional_minimum_valid_sample,2025-10,FORMAL,175.0,28.999999999999996,
0,F|2025-10-25T03:00:00Z,F,2025-10-25T03:00:00Z,2025-10-25T04:00:00Z,2025-10-24T06:00:00Z,2025-10-24T07:00:00Z,0.0,40,VALID,INITIAL_NO_PRIOR_COMMITMENT,0,1.0,monthly,2025-10,0.3448275862068966,calibrated_PETROM_partial_month_P90,2025-10,FORMAL,116.0,40.0,"[0,0,0,0,0]"
0,DA|2025-10-25_22,DA,2025-10-25T03:15:00Z,2025-10-25T03:30:00Z,2025-10-24T10:00:00Z,2025-10-24T11:00:00Z,-100.0,100.0,VALID,INITIAL_NO_PRIOR_COMMITMENT,0.0,,,,,,,,,,
0,DA|2025-10-25_23,DA,2025-10-25T03:30:00Z,2025-10-25T03:45:00Z,2025-10-24T10:00:00Z,2025-10-24T11:00:00Z,-100.0,100.0,VALID,INITIAL_NO_PRIOR_COMMITMENT,0.0,,,,,,,,,,
0,DA|2025-10-25_24,DA,2025-10-25T03:45:00Z,2025-10-25T04:00:00Z,2025-10-24T10:00:00Z,2025-10-24T11:00:00Z,-100.0,100.0,VALID,INITIAL_NO_PRIOR_COMMITMENT,0.0,,,,,,,,,,
0,DA|2025-10-25_25,DA,2025-10-25T04:00:00Z,2025-10-25T04:15:00Z,2025-10-24T10:00:00Z,2025-10-24T11:00:00Z,-100.0,100.0,VALID,INITIAL_NO_PRIOR_COMMITMENT,0.0,,,,,,,,,,
0,u|2025-10-25T04:00:00Z,u,2025-10-25T04:00:00Z,2025-10-25T05:00:00Z,2025-10-24T06:00:00Z,2025-10-24T07:00:00Z,0.0,29,VALID,INITIAL_NO_PRIOR_COMMITMENT,0,1.0,monthly,2025-10,0.1657142857142857,calibrated_directional_minimum_valid_sample,2025-10,FORMAL,175.0,28.999999999999996,
0,d|2025-10-25T04:00:00Z,d,2025-10-25T04:00:00Z,2025-10-25T05:00:00Z,2025-10-24T06:00:00Z,2025-10-24T07:00:00Z,0.0,29,VALID,INITIAL_NO_PRIOR_COMMITMENT,0,1.0,monthly,2025-10,0.1657142857142857,calibrated_directional_minimum_valid_sample,2025-10,FORMAL,175.0,28.999999999999996,
0,F|2025-10-25T04:00:00Z,F,2025-10-25T04:00:00Z,2025-10-25T05:00:00Z,2025-10-24T06:00:00Z,2025-10-24T07:00:00Z,0.0,40,VALID,INITIAL_NO_PRIOR_COMMITMENT,0,1.0,monthly,2025-10,0.3448275862068966,calibrated_PETROM_partial_month_P90,2025-10,FORMAL,116.0,40.0,"[0,0,0,0,0]"
0,DA|2025-10-25_26,DA,2025-10-25T04:15:00Z,2025-10-25T04:30:00Z,2025-10-24T10:00:00Z,2025-10-24T11:00:00Z,-100.0,100.0,VALID,INITIAL_NO_PRIOR_COMMITMENT,0.0,,,,,,,,,,
0,DA|2025-10-25_27,DA,2025-10-25T04:30:00Z,2025-10-25T04:45:00Z,2025-10-24T10:00:00Z,2025-10-24T11:00:00Z,-100.0,100.0,VALID,INITIAL_NO_PRIOR_COMMITMENT,0.0,,,,,,,,,,
0,DA|2025-10-25_28,DA,2025-10-25T04:45:00Z,2025-10-25T05:00:00Z,2025-10-24T10:00:00Z,2025-10-24T11:00:00Z,-100.0,100.0,VALID,INITIAL_NO_PRIOR_COMMITMENT,0.0,,,,,,,,,,
0,DA|2025-10-25_29,DA,2025-10-25T05:00:00Z,2025-10-25T05:15:00Z,2025-10-24T10:00:00Z,2025-10-24T11:00:00Z,-100.0,100.0,VALID,INITIAL_NO_PRIOR_COMMITMENT,0.0,,,,,,,,,,
0,u|2025-10-25T05:00:00Z,u,2025-10-25T05:00:00Z,2025-10-25T06:00:00Z,2025-10-24T06:00:00Z,2025-10-24T07:00:00Z,0.0,29,VALID,INITIAL_NO_PRIOR_COMMITMENT,0,1.0,monthly,2025-10,0.1657142857142857,calibrated_directional_minimum_valid_sample,2025-10,FORMAL,175.0,28.999999999999996,
0,d|2025-10-25T05:00:00Z,d,2025-10-25T05:00:00Z,2025-10-25T06:00:00Z,2025-10-24T06:00:00Z,2025-10-24T07:00:00Z,0.0,29,VALID,INITIAL_NO_PRIOR_COMMITMENT,0,1.0,monthly,2025-10,0.1657142857142857,calibrated_directional_minimum_valid_sample,2025-10,FORMAL,175.0,28.999999999999996,
0,F|2025-10-25T05:00:00Z,F,2025-10-25T05:00:00Z,2025-10-25T06:00:00Z,2025-10-24T06:00:00Z,2025-10-24T07:00:00Z,0.0,40,VALID,INITIAL_NO_PRIOR_COMMITMENT,0,1.0,monthly,2025-10,0.3448275862068966,calibrated_PETROM_partial_month_P90,2025-10,FORMAL,116.0,40.0,"[0,0,0,0,0]"
0,DA|2025-10-25_30,DA,2025-10-25T05:15:00Z,2025-10-25T05:30:00Z,2025-10-24T10:00:00Z,2025-10-24T11:00:00Z,-100.0,100.0,VALID,INITIAL_NO_PRIOR_COMMITMENT,0.0,,,,,,,,,,
0,DA|2025-10-25_31,DA,2025-10-25T05:30:00Z,2025-10-25T05:45:00Z,2025-10-24T10:00:00Z,2025-10-24T11:00:00Z,-100.0,100.0,VALID,INITIAL_NO_PRIOR_COMMITMENT,0.0,,,,,,,,,,
0,DA|2025-10-25_32,DA,2025-10-25T05:45:00Z,2025-10-25T06:00:00Z,2025-10-24T10:00:00Z,2025-10-24T11:00:00Z,-100.0,100.0,VALID,INITIAL_NO_PRIOR_COMMITMENT,0.0,,,,,,,,,,
0,DA|2025-10-25_33,DA,2025-10-25T06:00:00Z,2025-10-25T06:15:00Z,2025-10-24T10:00:00Z,2025-10-24T11:00:00Z,-100.0,100.0,VALID,INITIAL_NO_PRIOR_COMMITMENT,0.0,,,,,,,,,,
0,u|2025-10-25T06:00:00Z,u,2025-10-25T06:00:00Z,2025-10-25T07:00:00Z,2025-10-24T06:00:00Z,2025-10-24T07:00:00Z,0.0,0.0,DATA_INVALID,INITIAL_NO_PRIOR_COMMITMENT,0,1.0,monthly,2025-10,0.1657142857142857,calibrated_directional_minimum_valid_sample,2025-10,FORMAL,175.0,28.999999999999996,
0,d|2025-10-25T06:00:00Z,d,2025-10-25T06:00:00Z,2025-10-25T07:00:00Z,2025-10-24T06:00:00Z,2025-10-24T07:00:00Z,0.0,0.0,DATA_INVALID,INITIAL_NO_PRIOR_COMMITMENT,0,1.0,monthly,2025-10,0.1657142857142857,calibrated_directional_minimum_valid_sample,2025-10,FORMAL,175.0,28.999999999999996,
0,F|2025-10-25T06:00:00Z,F,2025-10-25T06:00:00Z,2025-10-25T07:00:00Z,2025-10-24T06:00:00Z,2025-10-24T07:00:00Z,0.0,40,VALID,INITIAL_NO_PRIOR_COMMITMENT,0,1.0,monthly,2025-10,0.3448275862068966,calibrated_PETROM_partial_month_P90,2025-10,FORMAL,116.0,40.0,"[0,0,0,0,0]"
0,DA|2025-10-25_34,DA,2025-10-25T06:15:00Z,2025-10-25T06:30:00Z,2025-10-24T10:00:00Z,2025-10-24T11:00:00Z,-100.0,100.0,VALID,INITIAL_NO_PRIOR_COMMITMENT,0.0,,,,,,,,,,
0,DA|2025-10-25_35,DA,2025-10-25T06:30:00Z,2025-10-25T06:45:00Z,2025-10-24T10:00:00Z,2025-10-24T11:00:00Z,-100.0,100.0,VALID,INITIAL_NO_PRIOR_COMMITMENT,0.0,,,,,,,,,,
0,DA|2025-10-25_36,DA,2025-10-25T06:45:00Z,2025-10-25T07:00:00Z,2025-10-24T10:00:00Z,2025-10-24T11:00:00Z,-100.0,100.0,VALID,INITIAL_NO_PRIOR_COMMITMENT,0.0,,,,,,,,,,
0,DA|2025-10-25_37,DA,2025-10-25T07:00:00Z,2025-10-25T07:15:00Z,2025-10-24T10:00:00Z,2025-10-24T11:00:00Z,-100.0,100.0,VALID,INITIAL_NO_PRIOR_COMMITMENT,0.0,,,,,,,,,,
0,u|2025-10-25T07:00:00Z,u,2025-10-25T07:00:00Z,2025-10-25T08:00:00Z,2025-10-24T06:00:00Z,2025-10-24T07:00:00Z,0.0,29,VALID,INITIAL_NO_PRIOR_COMMITMENT,0,1.0,monthly,2025-10,0.1657142857142857,calibrated_directional_minimum_valid_sample,2025-10,FORMAL,175.0,28.999999999999996,
0,d|2025-10-25T07:00:00Z,d,2025-10-25T07:00:00Z,2025-10-25T08:00:00Z,2025-10-24T06:00:00Z,2025-10-24T07:00:00Z,0.0,29,VALID,INITIAL_NO_PRIOR_COMMITMENT,0,1.0,monthly,2025-10,0.1657142857142857,calibrated_directional_minimum_valid_sample,2025-10,FORMAL,175.0,28.999999999999996,
0,F|2025-10-25T07:00:00Z,F,2025-10-25T07:00:00Z,2025-10-25T08:00:00Z,2025-10-24T06:00:00Z,2025-10-24T07:00:00Z,0.0,40,VALID,INITIAL_NO_PRIOR_COMMITMENT,0,1.0,monthly,2025-10,0.3448275862068966,calibrated_PETROM_partial_month_P90,2025-10,FORMAL,116.0,40.0,"[0,0,0,0,0]"
0,DA|2025-10-25_38,DA,2025-10-25T07:15:00Z,2025-10-25T07:30:00Z,2025-10-24T10:00:00Z,2025-10-24T11:00:00Z,-100.0,100.0,VALID,INITIAL_NO_PRIOR_COMMITMENT,0.0,,,,,,,,,,
0,DA|2025-10-25_39,DA,2025-10-25T07:30:00Z,2025-10-25T07:45:00Z,2025-10-24T10:00:00Z,2025-10-24T11:00:00Z,-100.0,100.0,VALID,INITIAL_NO_PRIOR_COMMITMENT,0.0,,,,,,,,,,
0,DA|2025-10-25_40,DA,2025-10-25T07:45:00Z,2025-10-25T08:00:00Z,2025-10-24T10:00:00Z,2025-10-24T11:00:00Z,-100.0,100.0,VALID,INITIAL_NO_PRIOR_COMMITMENT,0.0,,,,,,,,,,
0,DA|2025-10-25_41,DA,2025-10-25T08:00:00Z,2025-10-25T08:15:00Z,2025-10-24T10:00:00Z,2025-10-24T11:00:00Z,-100.0,100.0,VALID,INITIAL_NO_PRIOR_COMMITMENT,0.0,,,,,,,,,,
0,u|2025-10-25T08:00:00Z,u,2025-10-25T08:00:00Z,2025-10-25T09:00:00Z,2025-10-24T06:00:00Z,2025-10-24T07:00:00Z,0.0,29,VALID,INITIAL_NO_PRIOR_COMMITMENT,0,1.0,monthly,2025-10,0.1657142857142857,calibrated_directional_minimum_valid_sample,2025-10,FORMAL,175.0,28.999999999999996,
0,d|2025-10-25T08:00:00Z,d,2025-10-25T08:00:00Z,2025-10-25T09:00:00Z,2025-10-24T06:00:00Z,2025-10-24T07:00:00Z,0.0,29,VALID,INITIAL_NO_PRIOR_COMMITMENT,0,1.0,monthly,2025-10,0.1657142857142857,calibrated_directional_minimum_valid_sample,2025-10,FORMAL,175.0,28.999999999999996,
0,F|2025-10-25T08:00:00Z,F,2025-10-25T08:00:00Z,2025-10-25T09:00:00Z,2025-10-24T06:00:00Z,2025-10-24T07:00:00Z,0.0,40,VALID,INITIAL_NO_PRIOR_COMMITMENT,0,1.0,monthly,2025-10,0.3448275862068966,calibrated_PETROM_partial_month_P90,2025-10,FORMAL,116.0,40.0,"[0,0,0,0,0]"
0,DA|2025-10-25_42,DA,2025-10-25T08:15:00Z,2025-10-25T08:30:00Z,2025-10-24T10:00:00Z,2025-10-24T11:00:00Z,-100.0,100.0,VALID,INITIAL_NO_PRIOR_COMMITMENT,0.0,,,,,,,,,,
0,DA|2025-10-25_43,DA,2025-10-25T08:30:00Z,2025-10-25T08:45:00Z,2025-10-24T10:00:00Z,2025-10-24T11:00:00Z,-100.0,100.0,VALID,INITIAL_NO_PRIOR_COMMITMENT,0.0,,,,,,,,,,
0,DA|2025-10-25_44,DA,2025-10-25T08:45:00Z,2025-10-25T09:00:00Z,2025-10-24T10:00:00Z,2025-10-24T11:00:00Z,-100.0,100.0,VALID,INITIAL_NO_PRIOR_COMMITMENT,0.0,,,,,,,,,,
0,DA|2025-10-25_45,DA,2025-10-25T09:00:00Z,2025-10-25T09:15:00Z,2025-10-24T10:00:00Z,2025-10-24T11:00:00Z,-100.0,100.0,VALID,INITIAL_NO_PRIOR_COMMITMENT,0.0,,,,,,,,,,
0,u|2025-10-25T09:00:00Z,u,2025-10-25T09:00:00Z,2025-10-25T10:00:00Z,2025-10-24T06:00:00Z,2025-10-24T07:00:00Z,0.0,29,VALID,INITIAL_NO_PRIOR_COMMITMENT,0,1.0,monthly,2025-10,0.1657142857142857,calibrated_directional_minimum_valid_sample,2025-10,FORMAL,175.0,28.999999999999996,
0,d|2025-10-25T09:00:00Z,d,2025-10-25T09:00:00Z,2025-10-25T10:00:00Z,2025-10-24T06:00:00Z,2025-10-24T07:00:00Z,0.0,29,VALID,INITIAL_NO_PRIOR_COMMITMENT,0,1.0,monthly,2025-10,0.1657142857142857,calibrated_directional_minimum_valid_sample,2025-10,FORMAL,175.0,28.999999999999996,
0,F|2025-10-25T09:00:00Z,F,2025-10-25T09:00:00Z,2025-10-25T10:00:00Z,2025-10-24T06:00:00Z,2025-10-24T07:00:00Z,0.0,40,VALID,INITIAL_NO_PRIOR_COMMITMENT,0,1.0,monthly,2025-10,0.3448275862068966,calibrated_PETROM_partial_month_P90,2025-10,FORMAL,116.0,40.0,"[0,0,0,0,0]"
0,DA|2025-10-25_46,DA,2025-10-25T09:15:00Z,2025-10-25T09:30:00Z,2025-10-24T10:00:00Z,2025-10-24T11:00:00Z,-100.0,100.0,VALID,INITIAL_NO_PRIOR_COMMITMENT,0.0,,,,,,,,,,
0,DA|2025-10-25_47,DA,2025-10-25T09:30:00Z,2025-10-25T09:45:00Z,2025-10-24T10:00:00Z,2025-10-24T11:00:00Z,-100.0,100.0,VALID,INITIAL_NO_PRIOR_COMMITMENT,0.0,,,,,,,,,,
0,DA|2025-10-25_48,DA,2025-10-25T09:45:00Z,2025-10-25T10:00:00Z,2025-10-24T10:00:00Z,2025-10-24T11:00:00Z,-100.0,100.0,VALID,INITIAL_NO_PRIOR_COMMITMENT,0.0,,,,,,,,,,
0,DA|2025-10-25_49,DA,2025-10-25T10:00:00Z,2025-10-25T10:15:00Z,2025-10-24T10:00:00Z,2025-10-24T11:00:00Z,-100.0,100.0,VALID,INITIAL_NO_PRIOR_COMMITMENT,0.0,,,,,,,,,,
0,u|2025-10-25T10:00:00Z,u,2025-10-25T10:00:00Z,2025-10-25T11:00:00Z,2025-10-24T06:00:00Z,2025-10-24T07:00:00Z,0.0,29,VALID,INITIAL_NO_PRIOR_COMMITMENT,0,1.0,monthly,2025-10,0.1657142857142857,calibrated_directional_minimum_valid_sample,2025-10,FORMAL,175.0,28.999999999999996,
0,d|2025-10-25T10:00:00Z,d,2025-10-25T10:00:00Z,2025-10-25T11:00:00Z,2025-10-24T06:00:00Z,2025-10-24T07:00:00Z,0.0,29,VALID,INITIAL_NO_PRIOR_COMMITMENT,0,1.0,monthly,2025-10,0.1657142857142857,calibrated_directional_minimum_valid_sample,2025-10,FORMAL,175.0,28.999999999999996,
0,F|2025-10-25T10:00:00Z,F,2025-10-25T10:00:00Z,2025-10-25T11:00:00Z,2025-10-24T06:00:00Z,2025-10-24T07:00:00Z,0.0,40,VALID,INITIAL_NO_PRIOR_COMMITMENT,0,1.0,monthly,2025-10,0.3448275862068966,calibrated_PETROM_partial_month_P90,2025-10,FORMAL,116.0,40.0,"[0,0,0,0,0]"
0,DA|2025-10-25_50,DA,2025-10-25T10:15:00Z,2025-10-25T10:30:00Z,2025-10-24T10:00:00Z,2025-10-24T11:00:00Z,-100.0,100.0,VALID,INITIAL_NO_PRIOR_COMMITMENT,0.0,,,,,,,,,,
0,DA|2025-10-25_51,DA,2025-10-25T10:30:00Z,2025-10-25T10:45:00Z,2025-10-24T10:00:00Z,2025-10-24T11:00:00Z,-100.0,100.0,VALID,INITIAL_NO_PRIOR_COMMITMENT,0.0,,,,,,,,,,
0,DA|2025-10-25_52,DA,2025-10-25T10:45:00Z,2025-10-25T11:00:00Z,2025-10-24T10:00:00Z,2025-10-24T11:00:00Z,-100.0,100.0,VALID,INITIAL_NO_PRIOR_COMMITMENT,0.0,,,,,,,,,,
0,DA|2025-10-25_53,DA,2025-10-25T11:00:00Z,2025-10-25T11:15:00Z,2025-10-24T10:00:00Z,2025-10-24T11:00:00Z,-100.0,100.0,VALID,INITIAL_NO_PRIOR_COMMITMENT,0.0,,,,,,,,,,
0,u|2025-10-25T11:00:00Z,u,2025-10-25T11:00:00Z,2025-10-25T12:00:00Z,2025-10-24T06:00:00Z,2025-10-24T07:00:00Z,0.0,29,VALID,INITIAL_NO_PRIOR_COMMITMENT,0,1.0,monthly,2025-10,0.1657142857142857,calibrated_directional_minimum_valid_sample,2025-10,FORMAL,175.0,28.999999999999996,
0,d|2025-10-25T11:00:00Z,d,2025-10-25T11:00:00Z,2025-10-25T12:00:00Z,2025-10-24T06:00:00Z,2025-10-24T07:00:00Z,0.0,29,VALID,INITIAL_NO_PRIOR_COMMITMENT,0,1.0,monthly,2025-10,0.1657142857142857,calibrated_directional_minimum_valid_sample,2025-10,FORMAL,175.0,28.999999999999996,
0,F|2025-10-25T11:00:00Z,F,2025-10-25T11:00:00Z,2025-10-25T12:00:00Z,2025-10-24T06:00:00Z,2025-10-24T07:00:00Z,0.0,40,VALID,INITIAL_NO_PRIOR_COMMITMENT,0,1.0,monthly,2025-10,0.3448275862068966,calibrated_PETROM_partial_month_P90,2025-10,FORMAL,116.0,40.0,"[0,0,0,0,0]"
0,DA|2025-10-25_54,DA,2025-10-25T11:15:00Z,2025-10-25T11:30:00Z,2025-10-24T10:00:00Z,2025-10-24T11:00:00Z,-100.0,100.0,VALID,INITIAL_NO_PRIOR_COMMITMENT,0.0,,,,,,,,,,
0,DA|2025-10-25_55,DA,2025-10-25T11:30:00Z,2025-10-25T11:45:00Z,2025-10-24T10:00:00Z,2025-10-24T11:00:00Z,-100.0,100.0,VALID,INITIAL_NO_PRIOR_COMMITMENT,0.0,,,,,,,,,,
0,DA|2025-10-25_56,DA,2025-10-25T11:45:00Z,2025-10-25T12:00:00Z,2025-10-24T10:00:00Z,2025-10-24T11:00:00Z,-100.0,100.0,VALID,INITIAL_NO_PRIOR_COMMITMENT,0.0,,,,,,,,,,
0,DA|2025-10-25_57,DA,2025-10-25T12:00:00Z,2025-10-25T12:15:00Z,2025-10-24T10:00:00Z,2025-10-24T11:00:00Z,-100.0,100.0,VALID,INITIAL_NO_PRIOR_COMMITMENT,0.0,,,,,,,,,,
0,u|2025-10-25T12:00:00Z,u,2025-10-25T12:00:00Z,2025-10-25T13:00:00Z,2025-10-24T06:00:00Z,2025-10-24T07:00:00Z,0.0,29,VALID,INITIAL_NO_PRIOR_COMMITMENT,0,1.0,monthly,2025-10,0.1657142857142857,calibrated_directional_minimum_valid_sample,2025-10,FORMAL,175.0,28.999999999999996,
0,d|2025-10-25T12:00:00Z,d,2025-10-25T12:00:00Z,2025-10-25T13:00:00Z,2025-10-24T06:00:00Z,2025-10-24T07:00:00Z,0.0,29,VALID,INITIAL_NO_PRIOR_COMMITMENT,0,1.0,monthly,2025-10,0.1657142857142857,calibrated_directional_minimum_valid_sample,2025-10,FORMAL,175.0,28.999999999999996,
0,F|2025-10-25T12:00:00Z,F,2025-10-25T12:00:00Z,2025-10-25T13:00:00Z,2025-10-24T06:00:00Z,2025-10-24T07:00:00Z,0.0,40,VALID,INITIAL_NO_PRIOR_COMMITMENT,0,1.0,monthly,2025-10,0.3448275862068966,calibrated_PETROM_partial_month_P90,2025-10,FORMAL,116.0,40.0,"[0,0,0,0,0]"
0,DA|2025-10-25_58,DA,2025-10-25T12:15:00Z,2025-10-25T12:30:00Z,2025-10-24T10:00:00Z,2025-10-24T11:00:00Z,-100.0,100.0,VALID,INITIAL_NO_PRIOR_COMMITMENT,0.0,,,,,,,,,,
0,DA|2025-10-25_59,DA,2025-10-25T12:30:00Z,2025-10-25T12:45:00Z,2025-10-24T10:00:00Z,2025-10-24T11:00:00Z,-100.0,100.0,VALID,INITIAL_NO_PRIOR_COMMITMENT,0.0,,,,,,,,,,
0,DA|2025-10-25_60,DA,2025-10-25T12:45:00Z,2025-10-25T13:00:00Z,2025-10-24T10:00:00Z,2025-10-24T11:00:00Z,-100.0,100.0,VALID,INITIAL_NO_PRIOR_COMMITMENT,0.0,,,,,,,,,,
0,DA|2025-10-25_61,DA,2025-10-25T13:00:00Z,2025-10-25T13:15:00Z,2025-10-24T10:00:00Z,2025-10-24T11:00:00Z,-100.0,100.0,VALID,INITIAL_NO_PRIOR_COMMITMENT,0.0,,,,,,,,,,
0,u|2025-10-25T13:00:00Z,u,2025-10-25T13:00:00Z,2025-10-25T14:00:00Z,2025-10-24T06:00:00Z,2025-10-24T07:00:00Z,0.0,29,VALID,INITIAL_NO_PRIOR_COMMITMENT,0,1.0,monthly,2025-10,0.1657142857142857,calibrated_directional_minimum_valid_sample,2025-10,FORMAL,175.0,28.999999999999996,
0,d|2025-10-25T13:00:00Z,d,2025-10-25T13:00:00Z,2025-10-25T14:00:00Z,2025-10-24T06:00:00Z,2025-10-24T07:00:00Z,0.0,29,VALID,INITIAL_NO_PRIOR_COMMITMENT,0,1.0,monthly,2025-10,0.1657142857142857,calibrated_directional_minimum_valid_sample,2025-10,FORMAL,175.0,28.999999999999996,
0,F|2025-10-25T13:00:00Z,F,2025-10-25T13:00:00Z,2025-10-25T14:00:00Z,2025-10-24T06:00:00Z,2025-10-24T07:00:00Z,0.0,40,VALID,INITIAL_NO_PRIOR_COMMITMENT,0,1.0,monthly,2025-10,0.3448275862068966,calibrated_PETROM_partial_month_P90,2025-10,FORMAL,116.0,40.0,"[0,0,0,0,0]"
0,DA|2025-10-25_62,DA,2025-10-25T13:15:00Z,2025-10-25T13:30:00Z,2025-10-24T10:00:00Z,2025-10-24T11:00:00Z,-100.0,100.0,VALID,INITIAL_NO_PRIOR_COMMITMENT,0.0,,,,,,,,,,
0,DA|2025-10-25_63,DA,2025-10-25T13:30:00Z,2025-10-25T13:45:00Z,2025-10-24T10:00:00Z,2025-10-24T11:00:00Z,-100.0,100.0,VALID,INITIAL_NO_PRIOR_COMMITMENT,0.0,,,,,,,,,,
0,DA|2025-10-25_64,DA,2025-10-25T13:45:00Z,2025-10-25T14:00:00Z,2025-10-24T10:00:00Z,2025-10-24T11:00:00Z,-100.0,100.0,VALID,INITIAL_NO_PRIOR_COMMITMENT,0.0,,,,,,,,,,
0,DA|2025-10-25_65,DA,2025-10-25T14:00:00Z,2025-10-25T14:15:00Z,2025-10-24T10:00:00Z,2025-10-24T11:00:00Z,-100.0,100.0,VALID,INITIAL_NO_PRIOR_COMMITMENT,0.0,,,,,,,,,,
0,u|2025-10-25T14:00:00Z,u,2025-10-25T14:00:00Z,2025-10-25T15:00:00Z,2025-10-24T06:00:00Z,2025-10-24T07:00:00Z,0.0,29,VALID,INITIAL_NO_PRIOR_COMMITMENT,0,1.0,monthly,2025-10,0.1657142857142857,calibrated_directional_minimum_valid_sample,2025-10,FORMAL,175.0,28.999999999999996,
0,d|2025-10-25T14:00:00Z,d,2025-10-25T14:00:00Z,2025-10-25T15:00:00Z,2025-10-24T06:00:00Z,2025-10-24T07:00:00Z,0.0,29,VALID,INITIAL_NO_PRIOR_COMMITMENT,0,1.0,monthly,2025-10,0.1657142857142857,calibrated_directional_minimum_valid_sample,2025-10,FORMAL,175.0,28.999999999999996,
0,F|2025-10-25T14:00:00Z,F,2025-10-25T14:00:00Z,2025-10-25T15:00:00Z,2025-10-24T06:00:00Z,2025-10-24T07:00:00Z,0.0,40,VALID,INITIAL_NO_PRIOR_COMMITMENT,0,1.0,monthly,2025-10,0.3448275862068966,calibrated_PETROM_partial_month_P90,2025-10,FORMAL,116.0,40.0,"[0,0,0,0,0]"
0,DA|2025-10-25_66,DA,2025-10-25T14:15:00Z,2025-10-25T14:30:00Z,2025-10-24T10:00:00Z,2025-10-24T11:00:00Z,-100.0,100.0,VALID,INITIAL_NO_PRIOR_COMMITMENT,0.0,,,,,,,,,,
0,DA|2025-10-25_67,DA,2025-10-25T14:30:00Z,2025-10-25T14:45:00Z,2025-10-24T10:00:00Z,2025-10-24T11:00:00Z,-100.0,100.0,VALID,INITIAL_NO_PRIOR_COMMITMENT,0.0,,,,,,,,,,
0,DA|2025-10-25_68,DA,2025-10-25T14:45:00Z,2025-10-25T15:00:00Z,2025-10-24T10:00:00Z,2025-10-24T11:00:00Z,-100.0,100.0,VALID,INITIAL_NO_PRIOR_COMMITMENT,0.0,,,,,,,,,,
0,DA|2025-10-25_69,DA,2025-10-25T15:00:00Z,2025-10-25T15:15:00Z,2025-10-24T10:00:00Z,2025-10-24T11:00:00Z,-100.0,100.0,VALID,INITIAL_NO_PRIOR_COMMITMENT,0.0,,,,,,,,,,
0,u|2025-10-25T15:00:00Z,u,2025-10-25T15:00:00Z,2025-10-25T16:00:00Z,2025-10-24T06:00:00Z,2025-10-24T07:00:00Z,0.0,29,VALID,INITIAL_NO_PRIOR_COMMITMENT,0,1.0,monthly,2025-10,0.1657142857142857,calibrated_directional_minimum_valid_sample,2025-10,FORMAL,175.0,28.999999999999996,
0,d|2025-10-25T15:00:00Z,d,2025-10-25T15:00:00Z,2025-10-25T16:00:00Z,2025-10-24T06:00:00Z,2025-10-24T07:00:00Z,0.0,29,VALID,INITIAL_NO_PRIOR_COMMITMENT,0,1.0,monthly,2025-10,0.1657142857142857,calibrated_directional_minimum_valid_sample,2025-10,FORMAL,175.0,28.999999999999996,
0,F|2025-10-25T15:00:00Z,F,2025-10-25T15:00:00Z,2025-10-25T16:00:00Z,2025-10-24T06:00:00Z,2025-10-24T07:00:00Z,0.0,40,VALID,INITIAL_NO_PRIOR_COMMITMENT,0,1.0,monthly,2025-10,0.3448275862068966,calibrated_PETROM_partial_month_P90,2025-10,FORMAL,116.0,40.0,"[0,0,0,0,0]"
0,DA|2025-10-25_70,DA,2025-10-25T15:15:00Z,2025-10-25T15:30:00Z,2025-10-24T10:00:00Z,2025-10-24T11:00:00Z,-100.0,100.0,VALID,INITIAL_NO_PRIOR_COMMITMENT,0.0,,,,,,,,,,
0,DA|2025-10-25_71,DA,2025-10-25T15:30:00Z,2025-10-25T15:45:00Z,2025-10-24T10:00:00Z,2025-10-24T11:00:00Z,-100.0,100.0,VALID,INITIAL_NO_PRIOR_COMMITMENT,0.0,,,,,,,,,,
0,DA|2025-10-25_72,DA,2025-10-25T15:45:00Z,2025-10-25T16:00:00Z,2025-10-24T10:00:00Z,2025-10-24T11:00:00Z,-100.0,100.0,VALID,INITIAL_NO_PRIOR_COMMITMENT,0.0,,,,,,,,,,
0,DA|2025-10-25_73,DA,2025-10-25T16:00:00Z,2025-10-25T16:15:00Z,2025-10-24T10:00:00Z,2025-10-24T11:00:00Z,-100.0,100.0,VALID,INITIAL_NO_PRIOR_COMMITMENT,0.0,,,,,,,,,,
0,u|2025-10-25T16:00:00Z,u,2025-10-25T16:00:00Z,2025-10-25T17:00:00Z,2025-10-24T06:00:00Z,2025-10-24T07:00:00Z,0.0,29,VALID,INITIAL_NO_PRIOR_COMMITMENT,0,1.0,monthly,2025-10,0.1657142857142857,calibrated_directional_minimum_valid_sample,2025-10,FORMAL,175.0,28.999999999999996,
0,d|2025-10-25T16:00:00Z,d,2025-10-25T16:00:00Z,2025-10-25T17:00:00Z,2025-10-24T06:00:00Z,2025-10-24T07:00:00Z,0.0,29,VALID,INITIAL_NO_PRIOR_COMMITMENT,0,1.0,monthly,2025-10,0.1657142857142857,calibrated_directional_minimum_valid_sample,2025-10,FORMAL,175.0,28.999999999999996,
0,F|2025-10-25T16:00:00Z,F,2025-10-25T16:00:00Z,2025-10-25T17:00:00Z,2025-10-24T06:00:00Z,2025-10-24T07:00:00Z,0.0,40,VALID,INITIAL_NO_PRIOR_COMMITMENT,0,1.0,monthly,2025-10,0.3448275862068966,calibrated_PETROM_partial_month_P90,2025-10,FORMAL,116.0,40.0,"[0,0,0,0,0]"
0,DA|2025-10-25_74,DA,2025-10-25T16:15:00Z,2025-10-25T16:30:00Z,2025-10-24T10:00:00Z,2025-10-24T11:00:00Z,-100.0,100.0,VALID,INITIAL_NO_PRIOR_COMMITMENT,0.0,,,,,,,,,,
0,DA|2025-10-25_75,DA,2025-10-25T16:30:00Z,2025-10-25T16:45:00Z,2025-10-24T10:00:00Z,2025-10-24T11:00:00Z,-100.0,100.0,VALID,INITIAL_NO_PRIOR_COMMITMENT,0.0,,,,,,,,,,
0,DA|2025-10-25_76,DA,2025-10-25T16:45:00Z,2025-10-25T17:00:00Z,2025-10-24T10:00:00Z,2025-10-24T11:00:00Z,-100.0,100.0,VALID,INITIAL_NO_PRIOR_COMMITMENT,0.0,,,,,,,,,,
0,DA|2025-10-25_77,DA,2025-10-25T17:00:00Z,2025-10-25T17:15:00Z,2025-10-24T10:00:00Z,2025-10-24T11:00:00Z,-100.0,100.0,VALID,INITIAL_NO_PRIOR_COMMITMENT,0.0,,,,,,,,,,
0,u|2025-10-25T17:00:00Z,u,2025-10-25T17:00:00Z,2025-10-25T18:00:00Z,2025-10-24T06:00:00Z,2025-10-24T07:00:00Z,0.0,29,VALID,INITIAL_NO_PRIOR_COMMITMENT,0,1.0,monthly,2025-10,0.1657142857142857,calibrated_directional_minimum_valid_sample,2025-10,FORMAL,175.0,28.999999999999996,
0,d|2025-10-25T17:00:00Z,d,2025-10-25T17:00:00Z,2025-10-25T18:00:00Z,2025-10-24T06:00:00Z,2025-10-24T07:00:00Z,0.0,29,VALID,INITIAL_NO_PRIOR_COMMITMENT,0,1.0,monthly,2025-10,0.1657142857142857,calibrated_directional_minimum_valid_sample,2025-10,FORMAL,175.0,28.999999999999996,
0,F|2025-10-25T17:00:00Z,F,2025-10-25T17:00:00Z,2025-10-25T18:00:00Z,2025-10-24T06:00:00Z,2025-10-24T07:00:00Z,0.0,40,VALID,INITIAL_NO_PRIOR_COMMITMENT,0,1.0,monthly,2025-10,0.3448275862068966,calibrated_PETROM_partial_month_P90,2025-10,FORMAL,116.0,40.0,"[0,0,0,0,0]"
0,DA|2025-10-25_78,DA,2025-10-25T17:15:00Z,2025-10-25T17:30:00Z,2025-10-24T10:00:00Z,2025-10-24T11:00:00Z,-100.0,100.0,VALID,INITIAL_NO_PRIOR_COMMITMENT,0.0,,,,,,,,,,
0,DA|2025-10-25_79,DA,2025-10-25T17:30:00Z,2025-10-25T17:45:00Z,2025-10-24T10:00:00Z,2025-10-24T11:00:00Z,-100.0,100.0,VALID,INITIAL_NO_PRIOR_COMMITMENT,0.0,,,,,,,,,,
0,DA|2025-10-25_80,DA,2025-10-25T17:45:00Z,2025-10-25T18:00:00Z,2025-10-24T10:00:00Z,2025-10-24T11:00:00Z,-100.0,100.0,VALID,INITIAL_NO_PRIOR_COMMITMENT,0.0,,,,,,,,,,
0,DA|2025-10-25_81,DA,2025-10-25T18:00:00Z,2025-10-25T18:15:00Z,2025-10-24T10:00:00Z,2025-10-24T11:00:00Z,-100.0,100.0,VALID,INITIAL_NO_PRIOR_COMMITMENT,0.0,,,,,,,,,,
0,u|2025-10-25T18:00:00Z,u,2025-10-25T18:00:00Z,2025-10-25T19:00:00Z,2025-10-24T06:00:00Z,2025-10-24T07:00:00Z,0.0,29,VALID,INITIAL_NO_PRIOR_COMMITMENT,0,1.0,monthly,2025-10,0.1657142857142857,calibrated_directional_minimum_valid_sample,2025-10,FORMAL,175.0,28.999999999999996,
0,d|2025-10-25T18:00:00Z,d,2025-10-25T18:00:00Z,2025-10-25T19:00:00Z,2025-10-24T06:00:00Z,2025-10-24T07:00:00Z,0.0,29,VALID,INITIAL_NO_PRIOR_COMMITMENT,0,1.0,monthly,2025-10,0.1657142857142857,calibrated_directional_minimum_valid_sample,2025-10,FORMAL,175.0,28.999999999999996,
0,F|2025-10-25T18:00:00Z,F,2025-10-25T18:00:00Z,2025-10-25T19:00:00Z,2025-10-24T06:00:00Z,2025-10-24T07:00:00Z,0.0,40,VALID,INITIAL_NO_PRIOR_COMMITMENT,0,1.0,monthly,2025-10,0.3448275862068966,calibrated_PETROM_partial_month_P90,2025-10,FORMAL,116.0,40.0,"[0,0,0,0,0]"
0,DA|2025-10-25_82,DA,2025-10-25T18:15:00Z,2025-10-25T18:30:00Z,2025-10-24T10:00:00Z,2025-10-24T11:00:00Z,-100.0,100.0,VALID,INITIAL_NO_PRIOR_COMMITMENT,0.0,,,,,,,,,,
0,DA|2025-10-25_83,DA,2025-10-25T18:30:00Z,2025-10-25T18:45:00Z,2025-10-24T10:00:00Z,2025-10-24T11:00:00Z,-100.0,100.0,VALID,INITIAL_NO_PRIOR_COMMITMENT,0.0,,,,,,,,,,
0,DA|2025-10-25_84,DA,2025-10-25T18:45:00Z,2025-10-25T19:00:00Z,2025-10-24T10:00:00Z,2025-10-24T11:00:00Z,-100.0,100.0,VALID,INITIAL_NO_PRIOR_COMMITMENT,0.0,,,,,,,,,,
0,DA|2025-10-25_85,DA,2025-10-25T19:00:00Z,2025-10-25T19:15:00Z,2025-10-24T10:00:00Z,2025-10-24T11:00:00Z,-100.0,100.0,VALID,INITIAL_NO_PRIOR_COMMITMENT,0.0,,,,,,,,,,
0,u|2025-10-25T19:00:00Z,u,2025-10-25T19:00:00Z,2025-10-25T20:00:00Z,2025-10-24T06:00:00Z,2025-10-24T07:00:00Z,0.0,29,VALID,INITIAL_NO_PRIOR_COMMITMENT,0,1.0,monthly,2025-10,0.1657142857142857,calibrated_directional_minimum_valid_sample,2025-10,FORMAL,175.0,28.999999999999996,
0,d|2025-10-25T19:00:00Z,d,2025-10-25T19:00:00Z,2025-10-25T20:00:00Z,2025-10-24T06:00:00Z,2025-10-24T07:00:00Z,0.0,29,VALID,INITIAL_NO_PRIOR_COMMITMENT,0,1.0,monthly,2025-10,0.1657142857142857,calibrated_directional_minimum_valid_sample,2025-10,FORMAL,175.0,28.999999999999996,
0,F|2025-10-25T19:00:00Z,F,2025-10-25T19:00:00Z,2025-10-25T20:00:00Z,2025-10-24T06:00:00Z,2025-10-24T07:00:00Z,0.0,40,VALID,INITIAL_NO_PRIOR_COMMITMENT,0,1.0,monthly,2025-10,0.3448275862068966,calibrated_PETROM_partial_month_P90,2025-10,FORMAL,116.0,40.0,"[0,0,0,0,0]"
0,DA|2025-10-25_86,DA,2025-10-25T19:15:00Z,2025-10-25T19:30:00Z,2025-10-24T10:00:00Z,2025-10-24T11:00:00Z,-100.0,100.0,VALID,INITIAL_NO_PRIOR_COMMITMENT,0.0,,,,,,,,,,
0,DA|2025-10-25_87,DA,2025-10-25T19:30:00Z,2025-10-25T19:45:00Z,2025-10-24T10:00:00Z,2025-10-24T11:00:00Z,-100.0,100.0,VALID,INITIAL_NO_PRIOR_COMMITMENT,0.0,,,,,,,,,,
0,DA|2025-10-25_88,DA,2025-10-25T19:45:00Z,2025-10-25T20:00:00Z,2025-10-24T10:00:00Z,2025-10-24T11:00:00Z,-100.0,100.0,VALID,INITIAL_NO_PRIOR_COMMITMENT,0.0,,,,,,,,,,
0,DA|2025-10-25_89,DA,2025-10-25T20:00:00Z,2025-10-25T20:15:00Z,2025-10-24T10:00:00Z,2025-10-24T11:00:00Z,-100.0,100.0,VALID,INITIAL_NO_PRIOR_COMMITMENT,0.0,,,,,,,,,,
0,u|2025-10-25T20:00:00Z,u,2025-10-25T20:00:00Z,2025-10-25T21:00:00Z,2025-10-24T06:00:00Z,2025-10-24T07:00:00Z,0.0,29,VALID,INITIAL_NO_PRIOR_COMMITMENT,0,1.0,monthly,2025-10,0.1657142857142857,calibrated_directional_minimum_valid_sample,2025-10,FORMAL,175.0,28.999999999999996,
0,d|2025-10-25T20:00:00Z,d,2025-10-25T20:00:00Z,2025-10-25T21:00:00Z,2025-10-24T06:00:00Z,2025-10-24T07:00:00Z,0.0,29,VALID,INITIAL_NO_PRIOR_COMMITMENT,0,1.0,monthly,2025-10,0.1657142857142857,calibrated_directional_minimum_valid_sample,2025-10,FORMAL,175.0,28.999999999999996,
0,F|2025-10-25T20:00:00Z,F,2025-10-25T20:00:00Z,2025-10-25T21:00:00Z,2025-10-24T06:00:00Z,2025-10-24T07:00:00Z,0.0,40,VALID,INITIAL_NO_PRIOR_COMMITMENT,0,1.0,monthly,2025-10,0.3448275862068966,calibrated_PETROM_partial_month_P90,2025-10,FORMAL,116.0,40.0,"[0,0,0,0,0]"
0,DA|2025-10-25_90,DA,2025-10-25T20:15:00Z,2025-10-25T20:30:00Z,2025-10-24T10:00:00Z,2025-10-24T11:00:00Z,-100.0,100.0,VALID,INITIAL_NO_PRIOR_COMMITMENT,0.0,,,,,,,,,,
0,DA|2025-10-25_91,DA,2025-10-25T20:30:00Z,2025-10-25T20:45:00Z,2025-10-24T10:00:00Z,2025-10-24T11:00:00Z,-100.0,100.0,VALID,INITIAL_NO_PRIOR_COMMITMENT,0.0,,,,,,,,,,
0,DA|2025-10-25_92,DA,2025-10-25T20:45:00Z,2025-10-25T21:00:00Z,2025-10-24T10:00:00Z,2025-10-24T11:00:00Z,-100.0,100.0,VALID,INITIAL_NO_PRIOR_COMMITMENT,0.0,,,,,,,,,,
1,DA|2025-10-26_97,DA,2025-10-26T22:00:00Z,2025-10-26T22:15:00Z,2025-10-26T11:00:00Z,2025-10-26T12:00:00Z,-100.0,100.0,VALID,NEW,3.1489508847764784,,,,,,,,,,
1,u|2025-10-26T22:00:00Z,u,2025-10-26T22:00:00Z,2025-10-26T23:00:00Z,2025-10-26T07:00:00Z,2025-10-26T08:00:00Z,0.0,29,VALID,NEW,29,1.0,monthly,2025-10,0.1657142857142857,calibrated_directional_minimum_valid_sample,2025-10,FORMAL,175.0,28.999999999999996,
1,d|2025-10-26T22:00:00Z,d,2025-10-26T22:00:00Z,2025-10-26T23:00:00Z,2025-10-26T07:00:00Z,2025-10-26T08:00:00Z,0.0,29,VALID,NEW,29,1.0,monthly,2025-10,0.1657142857142857,calibrated_directional_minimum_valid_sample,2025-10,FORMAL,175.0,28.999999999999996,
1,F|2025-10-26T22:00:00Z,F,2025-10-26T22:00:00Z,2025-10-26T23:00:00Z,2025-10-26T07:00:00Z,2025-10-26T08:00:00Z,0.0,40,VALID,NEW,0,1.0,monthly,2025-10,0.3448275862068966,calibrated_PETROM_partial_month_P90,2025-10,FORMAL,116.0,40.0,"[0,0,0,0,0]"
1,DA|2025-10-26_98,DA,2025-10-26T22:15:00Z,2025-10-26T22:30:00Z,2025-10-26T11:00:00Z,2025-10-26T12:00:00Z,-100.0,100.0,VALID,NEW,-71.0,,,,,,,,,,
1,DA|2025-10-26_99,DA,2025-10-26T22:30:00Z,2025-10-26T22:45:00Z,2025-10-26T11:00:00Z,2025-10-26T12:00:00Z,-100.0,100.0,VALID,NEW,-70.99999999999977,,,,,,,,,,
1,DA|2025-10-26_100,DA,2025-10-26T22:45:00Z,2025-10-26T23:00:00Z,2025-10-26T11:00:00Z,2025-10-26T12:00:00Z,-100.0,100.0,VALID,NEW,-71.0,,,,,,,,,,
1,DA|2025-10-27_1,DA,2025-10-26T23:00:00Z,2025-10-26T23:15:00Z,2025-10-26T11:00:00Z,2025-10-26T12:00:00Z,-100.0,100.0,VALID,NEW,39.042681819428765,,,,,,,,,,
1,u|2025-10-26T23:00:00Z,u,2025-10-26T23:00:00Z,2025-10-27T00:00:00Z,2025-10-26T07:00:00Z,2025-10-26T08:00:00Z,0.0,29,VALID,NEW,20,1.0,monthly,2025-10,0.1657142857142857,calibrated_directional_minimum_valid_sample,2025-10,FORMAL,175.0,28.999999999999996,
1,d|2025-10-26T23:00:00Z,d,2025-10-26T23:00:00Z,2025-10-27T00:00:00Z,2025-10-26T07:00:00Z,2025-10-26T08:00:00Z,0.0,29,VALID,NEW,29,1.0,monthly,2025-10,0.1657142857142857,calibrated_directional_minimum_valid_sample,2025-10,FORMAL,175.0,28.999999999999996,
1,F|2025-10-26T23:00:00Z,F,2025-10-26T23:00:00Z,2025-10-27T00:00:00Z,2025-10-26T07:00:00Z,2025-10-26T08:00:00Z,0.0,40,VALID,NEW,40,1.0,monthly,2025-10,0.3448275862068966,calibrated_PETROM_partial_month_P90,2025-10,FORMAL,116.0,40.0,"[20,20,0,0,0]"
1,DA|2025-10-27_2,DA,2025-10-26T23:15:00Z,2025-10-26T23:30:00Z,2025-10-26T11:00:00Z,2025-10-26T12:00:00Z,-100.0,100.0,VALID,NEW,40.0,,,,,,,,,,
1,DA|2025-10-27_3,DA,2025-10-26T23:30:00Z,2025-10-26T23:45:00Z,2025-10-26T11:00:00Z,2025-10-26T12:00:00Z,-100.0,100.0,VALID,NEW,39.99999999999999,,,,,,,,,,
1,DA|2025-10-27_4,DA,2025-10-26T23:45:00Z,2025-10-27T00:00:00Z,2025-10-26T11:00:00Z,2025-10-26T12:00:00Z,-100.0,100.0,VALID,NEW,-31.0,,,,,,,,,,
1,DA|2025-10-27_5,DA,2025-10-27T00:00:00Z,2025-10-27T00:15:00Z,2025-10-26T11:00:00Z,2025-10-26T12:00:00Z,-100.0,100.0,VALID,NEW,0.0,,,,,,,,,,
1,u|2025-10-27T00:00:00Z,u,2025-10-27T00:00:00Z,2025-10-27T01:00:00Z,2025-10-26T07:00:00Z,2025-10-26T08:00:00Z,0.0,29,VALID,NEW,29,1.0,monthly,2025-10,0.1657142857142857,calibrated_directional_minimum_valid_sample,2025-10,FORMAL,175.0,28.999999999999996,
1,d|2025-10-27T00:00:00Z,d,2025-10-27T00:00:00Z,2025-10-27T01:00:00Z,2025-10-26T07:00:00Z,2025-10-26T08:00:00Z,0.0,29,VALID,NEW,29,1.0,monthly,2025-10,0.1657142857142857,calibrated_directional_minimum_valid_sample,2025-10,FORMAL,175.0,28.999999999999996,
1,F|2025-10-27T00:00:00Z,F,2025-10-27T00:00:00Z,2025-10-27T01:00:00Z,2025-10-26T07:00:00Z,2025-10-26T08:00:00Z,0.0,40,VALID,NEW,40,1.0,monthly,2025-10,0.3448275862068966,calibrated_PETROM_partial_month_P90,2025-10,FORMAL,116.0,40.0,"[20,20,0,0,0]"
1,DA|2025-10-27_6,DA,2025-10-27T00:15:00Z,2025-10-27T00:30:00Z,2025-10-26T11:00:00Z,2025-10-26T12:00:00Z,-100.0,100.0,VALID,NEW,-31.0,,,,,,,,,,
1,DA|2025-10-27_7,DA,2025-10-27T00:30:00Z,2025-10-27T00:45:00Z,2025-10-26T11:00:00Z,2025-10-26T12:00:00Z,-100.0,100.0,VALID,NEW,-31.0,,,,,,,,,,
1,DA|2025-10-27_8,DA,2025-10-27T00:45:00Z,2025-10-27T01:00:00Z,2025-10-26T11:00:00Z,2025-10-26T12:00:00Z,-100.0,100.0,VALID,NEW,-31.0,,,,,,,,,,
1,DA|2025-10-27_9,DA,2025-10-27T01:00:00Z,2025-10-27T01:15:00Z,2025-10-26T11:00:00Z,2025-10-26T12:00:00Z,-100.0,100.0,VALID,NEW,-31.0,,,,,,,,,,
1,u|2025-10-27T01:00:00Z,u,2025-10-27T01:00:00Z,2025-10-27T02:00:00Z,2025-10-26T07:00:00Z,2025-10-26T08:00:00Z,0.0,29,VALID,NEW,29,1.0,monthly,2025-10,0.1657142857142857,calibrated_directional_minimum_valid_sample,2025-10,FORMAL,175.0,28.999999999999996,
1,d|2025-10-27T01:00:00Z,d,2025-10-27T01:00:00Z,2025-10-27T02:00:00Z,2025-10-26T07:00:00Z,2025-10-26T08:00:00Z,0.0,29,VALID,NEW,29,1.0,monthly,2025-10,0.1657142857142857,calibrated_directional_minimum_valid_sample,2025-10,FORMAL,175.0,28.999999999999996,
1,F|2025-10-27T01:00:00Z,F,2025-10-27T01:00:00Z,2025-10-27T02:00:00Z,2025-10-26T07:00:00Z,2025-10-26T08:00:00Z,0.0,40,VALID,NEW,40,1.0,monthly,2025-10,0.3448275862068966,calibrated_PETROM_partial_month_P90,2025-10,FORMAL,116.0,40.0,"[20,20,0,0,0]"
1,DA|2025-10-27_10,DA,2025-10-27T01:15:00Z,2025-10-27T01:30:00Z,2025-10-26T11:00:00Z,2025-10-26T12:00:00Z,-100.0,100.0,VALID,NEW,-31.0,,,,,,,,,,
1,DA|2025-10-27_11,DA,2025-10-27T01:30:00Z,2025-10-27T01:45:00Z,2025-10-26T11:00:00Z,2025-10-26T12:00:00Z,-100.0,100.0,VALID,NEW,-31.0,,,,,,,,,,
1,DA|2025-10-27_12,DA,2025-10-27T01:45:00Z,2025-10-27T02:00:00Z,2025-10-26T11:00:00Z,2025-10-26T12:00:00Z,-100.0,100.0,VALID,NEW,-31.0,,,,,,,,,,
1,DA|2025-10-27_13,DA,2025-10-27T02:00:00Z,2025-10-27T02:15:00Z,2025-10-26T11:00:00Z,2025-10-26T12:00:00Z,-100.0,100.0,VALID,NEW,-60.0,,,,,,,,,,
1,u|2025-10-27T02:00:00Z,u,2025-10-27T02:00:00Z,2025-10-27T03:00:00Z,2025-10-26T07:00:00Z,2025-10-26T08:00:00Z,0.0,0.0,DATA_INVALID,NEW,0,1.0,monthly,2025-10,0.1657142857142857,calibrated_directional_minimum_valid_sample,2025-10,FORMAL,175.0,28.999999999999996,
1,d|2025-10-27T02:00:00Z,d,2025-10-27T02:00:00Z,2025-10-27T03:00:00Z,2025-10-26T07:00:00Z,2025-10-26T08:00:00Z,0.0,0.0,DATA_INVALID,NEW,0,1.0,monthly,2025-10,0.1657142857142857,calibrated_directional_minimum_valid_sample,2025-10,FORMAL,175.0,28.999999999999996,
1,F|2025-10-27T02:00:00Z,F,2025-10-27T02:00:00Z,2025-10-27T03:00:00Z,2025-10-26T07:00:00Z,2025-10-26T08:00:00Z,0.0,40,VALID,NEW,40,1.0,monthly,2025-10,0.3448275862068966,calibrated_PETROM_partial_month_P90,2025-10,FORMAL,116.0,40.0,"[20,20,0,0,0]"
1,DA|2025-10-27_14,DA,2025-10-27T02:15:00Z,2025-10-27T02:30:00Z,2025-10-26T11:00:00Z,2025-10-26T12:00:00Z,-100.0,100.0,VALID,NEW,-60.0,,,,,,,,,,
1,DA|2025-10-27_15,DA,2025-10-27T02:30:00Z,2025-10-27T02:45:00Z,2025-10-26T11:00:00Z,2025-10-26T12:00:00Z,-100.0,100.0,VALID,NEW,-29.4164111360175,,,,,,,,,,
1,DA|2025-10-27_16,DA,2025-10-27T02:45:00Z,2025-10-27T03:00:00Z,2025-10-26T11:00:00Z,2025-10-26T12:00:00Z,-100.0,100.0,VALID,NEW,-60.0,,,,,,,,,,
1,DA|2025-10-27_17,DA,2025-10-27T03:00:00Z,2025-10-27T03:15:00Z,2025-10-26T11:00:00Z,2025-10-26T12:00:00Z,-100.0,100.0,VALID,NEW,-31.0,,,,,,,,,,
1,u|2025-10-27T03:00:00Z,u,2025-10-27T03:00:00Z,2025-10-27T04:00:00Z,2025-10-26T07:00:00Z,2025-10-26T08:00:00Z,0.0,29,VALID,NEW,29,1.0,monthly,2025-10,0.1657142857142857,calibrated_directional_minimum_valid_sample,2025-10,FORMAL,175.0,28.999999999999996,
1,d|2025-10-27T03:00:00Z,d,2025-10-27T03:00:00Z,2025-10-27T04:00:00Z,2025-10-26T07:00:00Z,2025-10-26T08:00:00Z,0.0,29,VALID,NEW,29,1.0,monthly,2025-10,0.1657142857142857,calibrated_directional_minimum_valid_sample,2025-10,FORMAL,175.0,28.999999999999996,
1,F|2025-10-27T03:00:00Z,F,2025-10-27T03:00:00Z,2025-10-27T04:00:00Z,2025-10-26T07:00:00Z,2025-10-26T08:00:00Z,0.0,40,VALID,NEW,40,1.0,monthly,2025-10,0.3448275862068966,calibrated_PETROM_partial_month_P90,2025-10,FORMAL,116.0,40.0,"[20,20,0,0,0]"
1,DA|2025-10-27_18,DA,2025-10-27T03:15:00Z,2025-10-27T03:30:00Z,2025-10-26T11:00:00Z,2025-10-26T12:00:00Z,-100.0,100.0,VALID,NEW,-31.0,,,,,,,,,,
1,DA|2025-10-27_19,DA,2025-10-27T03:30:00Z,2025-10-27T03:45:00Z,2025-10-26T11:00:00Z,2025-10-26T12:00:00Z,-100.0,100.0,VALID,NEW,-0.06759356703063035,,,,,,,,,,
1,DA|2025-10-27_20,DA,2025-10-27T03:45:00Z,2025-10-27T04:00:00Z,2025-10-26T11:00:00Z,2025-10-26T12:00:00Z,-100.0,100.0,VALID,NEW,0.34986045628063184,,,,,,,,,,
1,DA|2025-10-27_21,DA,2025-10-27T04:00:00Z,2025-10-27T04:15:00Z,2025-10-26T11:00:00Z,2025-10-26T12:00:00Z,-100.0,100.0,VALID,NEW,5.8168563268849,,,,,,,,,,
1,u|2025-10-27T04:00:00Z,u,2025-10-27T04:00:00Z,2025-10-27T05:00:00Z,2025-10-26T07:00:00Z,2025-10-26T08:00:00Z,0.0,29,VALID,NEW,29,1.0,monthly,2025-10,0.1657142857142857,calibrated_directional_minimum_valid_sample,2025-10,FORMAL,175.0,28.999999999999996,
1,d|2025-10-27T04:00:00Z,d,2025-10-27T04:00:00Z,2025-10-27T05:00:00Z,2025-10-26T07:00:00Z,2025-10-26T08:00:00Z,0.0,29,VALID,NEW,29,1.0,monthly,2025-10,0.1657142857142857,calibrated_directional_minimum_valid_sample,2025-10,FORMAL,175.0,28.999999999999996,
1,F|2025-10-27T04:00:00Z,F,2025-10-27T04:00:00Z,2025-10-27T05:00:00Z,2025-10-26T07:00:00Z,2025-10-26T08:00:00Z,0.0,40,VALID,NEW,40,1.0,monthly,2025-10,0.3448275862068966,calibrated_PETROM_partial_month_P90,2025-10,FORMAL,116.0,40.0,"[20,20,0,0,0]"
1,DA|2025-10-27_22,DA,2025-10-27T04:15:00Z,2025-10-27T04:30:00Z,2025-10-26T11:00:00Z,2025-10-26T12:00:00Z,-100.0,100.0,VALID,NEW,6.062313903673758,,,,,,,,,,
1,DA|2025-10-27_23,DA,2025-10-27T04:30:00Z,2025-10-27T04:45:00Z,2025-10-26T11:00:00Z,2025-10-26T12:00:00Z,-100.0,100.0,VALID,NEW,0.0,,,,,,,,,,
1,DA|2025-10-27_24,DA,2025-10-27T04:45:00Z,2025-10-27T05:00:00Z,2025-10-26T11:00:00Z,2025-10-26T12:00:00Z,-100.0,100.0,VALID,NEW,31.0,,,,,,,,,,
1,DA|2025-10-27_25,DA,2025-10-27T05:00:00Z,2025-10-27T05:15:00Z,2025-10-26T11:00:00Z,2025-10-26T12:00:00Z,-100.0,100.0,VALID,NEW,0.0,,,,,,,,,,
1,u|2025-10-27T05:00:00Z,u,2025-10-27T05:00:00Z,2025-10-27T06:00:00Z,2025-10-26T07:00:00Z,2025-10-26T08:00:00Z,0.0,0.0,DATA_INVALID,NEW,0,1.0,monthly,2025-10,0.1657142857142857,calibrated_directional_minimum_valid_sample,2025-10,FORMAL,175.0,28.999999999999996,
1,d|2025-10-27T05:00:00Z,d,2025-10-27T05:00:00Z,2025-10-27T06:00:00Z,2025-10-26T07:00:00Z,2025-10-26T08:00:00Z,0.0,0.0,DATA_INVALID,NEW,0,1.0,monthly,2025-10,0.1657142857142857,calibrated_directional_minimum_valid_sample,2025-10,FORMAL,175.0,28.999999999999996,
1,F|2025-10-27T05:00:00Z,F,2025-10-27T05:00:00Z,2025-10-27T06:00:00Z,2025-10-26T07:00:00Z,2025-10-26T08:00:00Z,0.0,40,VALID,NEW,40,1.0,monthly,2025-10,0.3448275862068966,calibrated_PETROM_partial_month_P90,2025-10,FORMAL,116.0,40.0,"[20,20,0,0,0]"
1,DA|2025-10-27_26,DA,2025-10-27T05:15:00Z,2025-10-27T05:30:00Z,2025-10-26T11:00:00Z,2025-10-26T12:00:00Z,-100.0,100.0,VALID,NEW,0.0,,,,,,,,,,
1,DA|2025-10-27_27,DA,2025-10-27T05:30:00Z,2025-10-27T05:45:00Z,2025-10-26T11:00:00Z,2025-10-26T12:00:00Z,-100.0,100.0,VALID,NEW,0.0,,,,,,,,,,
1,DA|2025-10-27_28,DA,2025-10-27T05:45:00Z,2025-10-27T06:00:00Z,2025-10-26T11:00:00Z,2025-10-26T12:00:00Z,-100.0,100.0,VALID,NEW,60.0,,,,,,,,,,
1,DA|2025-10-27_29,DA,2025-10-27T06:00:00Z,2025-10-27T06:15:00Z,2025-10-26T11:00:00Z,2025-10-26T12:00:00Z,-100.0,100.0,VALID,NEW,0.0,,,,,,,,,,
1,u|2025-10-27T06:00:00Z,u,2025-10-27T06:00:00Z,2025-10-27T07:00:00Z,2025-10-26T07:00:00Z,2025-10-26T08:00:00Z,0.0,29,VALID,NEW,29,1.0,monthly,2025-10,0.1657142857142857,calibrated_directional_minimum_valid_sample,2025-10,FORMAL,175.0,28.999999999999996,
1,d|2025-10-27T06:00:00Z,d,2025-10-27T06:00:00Z,2025-10-27T07:00:00Z,2025-10-26T07:00:00Z,2025-10-26T08:00:00Z,0.0,29,VALID,NEW,29,1.0,monthly,2025-10,0.1657142857142857,calibrated_directional_minimum_valid_sample,2025-10,FORMAL,175.0,28.999999999999996,
1,F|2025-10-27T06:00:00Z,F,2025-10-27T06:00:00Z,2025-10-27T07:00:00Z,2025-10-26T07:00:00Z,2025-10-26T08:00:00Z,0.0,40,VALID,NEW,40,1.0,monthly,2025-10,0.3448275862068966,calibrated_PETROM_partial_month_P90,2025-10,FORMAL,116.0,40.0,"[20,20,0,0,0]"
1,DA|2025-10-27_30,DA,2025-10-27T06:15:00Z,2025-10-27T06:30:00Z,2025-10-26T11:00:00Z,2025-10-26T12:00:00Z,-100.0,100.0,VALID,NEW,29.0,,,,,,,,,,
1,DA|2025-10-27_31,DA,2025-10-27T06:30:00Z,2025-10-27T06:45:00Z,2025-10-26T11:00:00Z,2025-10-26T12:00:00Z,-100.0,100.0,VALID,NEW,29.0,,,,,,,,,,
1,DA|2025-10-27_32,DA,2025-10-27T06:45:00Z,2025-10-27T07:00:00Z,2025-10-26T11:00:00Z,2025-10-26T12:00:00Z,-100.0,100.0,VALID,NEW,0.0,,,,,,,,,,
1,DA|2025-10-27_33,DA,2025-10-27T07:00:00Z,2025-10-27T07:15:00Z,2025-10-26T11:00:00Z,2025-10-26T12:00:00Z,-100.0,100.0,VALID,NEW,31.0,,,,,,,,,,
1,u|2025-10-27T07:00:00Z,u,2025-10-27T07:00:00Z,2025-10-27T08:00:00Z,2025-10-26T07:00:00Z,2025-10-26T08:00:00Z,0.0,29,VALID,NEW,29,1.0,monthly,2025-10,0.1657142857142857,calibrated_directional_minimum_valid_sample,2025-10,FORMAL,175.0,28.999999999999996,
1,d|2025-10-27T07:00:00Z,d,2025-10-27T07:00:00Z,2025-10-27T08:00:00Z,2025-10-26T07:00:00Z,2025-10-26T08:00:00Z,0.0,29,VALID,NEW,29,1.0,monthly,2025-10,0.1657142857142857,calibrated_directional_minimum_valid_sample,2025-10,FORMAL,175.0,28.999999999999996,
1,F|2025-10-27T07:00:00Z,F,2025-10-27T07:00:00Z,2025-10-27T08:00:00Z,2025-10-26T07:00:00Z,2025-10-26T08:00:00Z,0.0,40,VALID,NEW,40,1.0,monthly,2025-10,0.3448275862068966,calibrated_PETROM_partial_month_P90,2025-10,FORMAL,116.0,40.0,"[20,20,0,0,0]"
1,DA|2025-10-27_34,DA,2025-10-27T07:15:00Z,2025-10-27T07:30:00Z,2025-10-26T11:00:00Z,2025-10-26T12:00:00Z,-100.0,100.0,VALID,NEW,20.537484909930278,,,,,,,,,,
1,DA|2025-10-27_35,DA,2025-10-27T07:30:00Z,2025-10-27T07:45:00Z,2025-10-26T11:00:00Z,2025-10-26T12:00:00Z,-100.0,100.0,VALID,NEW,-29.0,,,,,,,,,,
1,DA|2025-10-27_36,DA,2025-10-27T07:45:00Z,2025-10-27T08:00:00Z,2025-10-26T11:00:00Z,2025-10-26T12:00:00Z,-100.0,100.0,VALID,NEW,-29.0,,,,,,,,,,
1,DA|2025-10-27_37,DA,2025-10-27T08:00:00Z,2025-10-27T08:15:00Z,2025-10-26T11:00:00Z,2025-10-26T12:00:00Z,-100.0,100.0,VALID,NEW,30.999999999999954,,,,,,,,,,
1,u|2025-10-27T08:00:00Z,u,2025-10-27T08:00:00Z,2025-10-27T09:00:00Z,2025-10-26T07:00:00Z,2025-10-26T08:00:00Z,0.0,29,VALID,NEW,29,1.0,monthly,2025-10,0.1657142857142857,calibrated_directional_minimum_valid_sample,2025-10,FORMAL,175.0,28.999999999999996,
1,d|2025-10-27T08:00:00Z,d,2025-10-27T08:00:00Z,2025-10-27T09:00:00Z,2025-10-26T07:00:00Z,2025-10-26T08:00:00Z,0.0,29,VALID,NEW,29,1.0,monthly,2025-10,0.1657142857142857,calibrated_directional_minimum_valid_sample,2025-10,FORMAL,175.0,28.999999999999996,
1,F|2025-10-27T08:00:00Z,F,2025-10-27T08:00:00Z,2025-10-27T09:00:00Z,2025-10-26T07:00:00Z,2025-10-26T08:00:00Z,0.0,40,VALID,NEW,40,1.0,monthly,2025-10,0.3448275862068966,calibrated_PETROM_partial_month_P90,2025-10,FORMAL,116.0,40.0,"[20,20,0,0,0]"
1,DA|2025-10-27_38,DA,2025-10-27T08:15:00Z,2025-10-27T08:30:00Z,2025-10-26T11:00:00Z,2025-10-26T12:00:00Z,-100.0,100.0,VALID,NEW,0.0,,,,,,,,,,
1,DA|2025-10-27_39,DA,2025-10-27T08:30:00Z,2025-10-27T08:45:00Z,2025-10-26T11:00:00Z,2025-10-26T12:00:00Z,-100.0,100.0,VALID,NEW,0.0,,,,,,,,,,
1,DA|2025-10-27_40,DA,2025-10-27T08:45:00Z,2025-10-27T09:00:00Z,2025-10-26T11:00:00Z,2025-10-26T12:00:00Z,-100.0,100.0,VALID,NEW,0.0,,,,,,,,,,
1,DA|2025-10-27_41,DA,2025-10-27T09:00:00Z,2025-10-27T09:15:00Z,2025-10-26T11:00:00Z,2025-10-26T12:00:00Z,-100.0,100.0,VALID,NEW,-29.0,,,,,,,,,,
1,u|2025-10-27T09:00:00Z,u,2025-10-27T09:00:00Z,2025-10-27T10:00:00Z,2025-10-26T07:00:00Z,2025-10-26T08:00:00Z,0.0,29,VALID,NEW,29,1.0,monthly,2025-10,0.1657142857142857,calibrated_directional_minimum_valid_sample,2025-10,FORMAL,175.0,28.999999999999996,
1,d|2025-10-27T09:00:00Z,d,2025-10-27T09:00:00Z,2025-10-27T10:00:00Z,2025-10-26T07:00:00Z,2025-10-26T08:00:00Z,0.0,29,VALID,NEW,29,1.0,monthly,2025-10,0.1657142857142857,calibrated_directional_minimum_valid_sample,2025-10,FORMAL,175.0,28.999999999999996,
1,F|2025-10-27T09:00:00Z,F,2025-10-27T09:00:00Z,2025-10-27T10:00:00Z,2025-10-26T07:00:00Z,2025-10-26T08:00:00Z,0.0,40,VALID,NEW,40,1.0,monthly,2025-10,0.3448275862068966,calibrated_PETROM_partial_month_P90,2025-10,FORMAL,116.0,40.0,"[20,20,0,0,0]"
1,DA|2025-10-27_42,DA,2025-10-27T09:15:00Z,2025-10-27T09:30:00Z,2025-10-26T11:00:00Z,2025-10-26T12:00:00Z,-100.0,100.0,VALID,NEW,-29.0,,,,,,,,,,
1,DA|2025-10-27_43,DA,2025-10-27T09:30:00Z,2025-10-27T09:45:00Z,2025-10-26T11:00:00Z,2025-10-26T12:00:00Z,-100.0,100.0,VALID,NEW,-29.0,,,,,,,,,,
1,DA|2025-10-27_44,DA,2025-10-27T09:45:00Z,2025-10-27T10:00:00Z,2025-10-26T11:00:00Z,2025-10-26T12:00:00Z,-100.0,100.0,VALID,NEW,-31.0,,,,,,,,,,
1,DA|2025-10-27_45,DA,2025-10-27T10:00:00Z,2025-10-27T10:15:00Z,2025-10-26T11:00:00Z,2025-10-26T12:00:00Z,-100.0,100.0,VALID,NEW,0.0,,,,,,,,,,
1,u|2025-10-27T10:00:00Z,u,2025-10-27T10:00:00Z,2025-10-27T11:00:00Z,2025-10-26T07:00:00Z,2025-10-26T08:00:00Z,0.0,29,VALID,NEW,29,1.0,monthly,2025-10,0.1657142857142857,calibrated_directional_minimum_valid_sample,2025-10,FORMAL,175.0,28.999999999999996,
1,d|2025-10-27T10:00:00Z,d,2025-10-27T10:00:00Z,2025-10-27T11:00:00Z,2025-10-26T07:00:00Z,2025-10-26T08:00:00Z,0.0,29,VALID,NEW,29,1.0,monthly,2025-10,0.1657142857142857,calibrated_directional_minimum_valid_sample,2025-10,FORMAL,175.0,28.999999999999996,
1,F|2025-10-27T10:00:00Z,F,2025-10-27T10:00:00Z,2025-10-27T11:00:00Z,2025-10-26T07:00:00Z,2025-10-26T08:00:00Z,0.0,40,VALID,NEW,40,1.0,monthly,2025-10,0.3448275862068966,calibrated_PETROM_partial_month_P90,2025-10,FORMAL,116.0,40.0,"[20,20,0,0,0]"
1,DA|2025-10-27_46,DA,2025-10-27T10:15:00Z,2025-10-27T10:30:00Z,2025-10-26T11:00:00Z,2025-10-26T12:00:00Z,-100.0,100.0,VALID,NEW,0.0,,,,,,,,,,
1,DA|2025-10-27_47,DA,2025-10-27T10:30:00Z,2025-10-27T10:45:00Z,2025-10-26T11:00:00Z,2025-10-26T12:00:00Z,-100.0,100.0,VALID,NEW,-29.0,,,,,,,,,,
1,DA|2025-10-27_48,DA,2025-10-27T10:45:00Z,2025-10-27T11:00:00Z,2025-10-26T11:00:00Z,2025-10-26T12:00:00Z,-100.0,100.0,VALID,NEW,-31.0,,,,,,,,,,
1,DA|2025-10-27_49,DA,2025-10-27T11:00:00Z,2025-10-27T11:15:00Z,2025-10-26T11:00:00Z,2025-10-26T12:00:00Z,-100.0,100.0,VALID,NEW,0.0,,,,,,,,,,
1,u|2025-10-27T11:00:00Z,u,2025-10-27T11:00:00Z,2025-10-27T12:00:00Z,2025-10-26T07:00:00Z,2025-10-26T08:00:00Z,0.0,29,VALID,NEW,29,1.0,monthly,2025-10,0.1657142857142857,calibrated_directional_minimum_valid_sample,2025-10,FORMAL,175.0,28.999999999999996,
1,d|2025-10-27T11:00:00Z,d,2025-10-27T11:00:00Z,2025-10-27T12:00:00Z,2025-10-26T07:00:00Z,2025-10-26T08:00:00Z,0.0,29,VALID,NEW,29,1.0,monthly,2025-10,0.1657142857142857,calibrated_directional_minimum_valid_sample,2025-10,FORMAL,175.0,28.999999999999996,
1,F|2025-10-27T11:00:00Z,F,2025-10-27T11:00:00Z,2025-10-27T12:00:00Z,2025-10-26T07:00:00Z,2025-10-26T08:00:00Z,0.0,40,VALID,NEW,40,1.0,monthly,2025-10,0.3448275862068966,calibrated_PETROM_partial_month_P90,2025-10,FORMAL,116.0,40.0,"[20,20,0,0,0]"
1,DA|2025-10-27_50,DA,2025-10-27T11:15:00Z,2025-10-27T11:30:00Z,2025-10-26T11:00:00Z,2025-10-26T12:00:00Z,-100.0,100.0,VALID,NEW,-31.0,,,,,,,,,,
1,DA|2025-10-27_51,DA,2025-10-27T11:30:00Z,2025-10-27T11:45:00Z,2025-10-26T11:00:00Z,2025-10-26T12:00:00Z,-100.0,100.0,VALID,NEW,-31.0,,,,,,,,,,
1,DA|2025-10-27_52,DA,2025-10-27T11:45:00Z,2025-10-27T12:00:00Z,2025-10-26T11:00:00Z,2025-10-26T12:00:00Z,-100.0,100.0,VALID,NEW,-29.0,,,,,,,,,,
1,DA|2025-10-27_53,DA,2025-10-27T12:00:00Z,2025-10-27T12:15:00Z,2025-10-26T11:00:00Z,2025-10-26T12:00:00Z,-100.0,100.0,VALID,NEW,-31.0,,,,,,,,,,
1,u|2025-10-27T12:00:00Z,u,2025-10-27T12:00:00Z,2025-10-27T13:00:00Z,2025-10-26T07:00:00Z,2025-10-26T08:00:00Z,0.0,29,VALID,NEW,29,1.0,monthly,2025-10,0.1657142857142857,calibrated_directional_minimum_valid_sample,2025-10,FORMAL,175.0,28.999999999999996,
1,d|2025-10-27T12:00:00Z,d,2025-10-27T12:00:00Z,2025-10-27T13:00:00Z,2025-10-26T07:00:00Z,2025-10-26T08:00:00Z,0.0,29,VALID,NEW,29,1.0,monthly,2025-10,0.1657142857142857,calibrated_directional_minimum_valid_sample,2025-10,FORMAL,175.0,28.999999999999996,
1,F|2025-10-27T12:00:00Z,F,2025-10-27T12:00:00Z,2025-10-27T13:00:00Z,2025-10-26T07:00:00Z,2025-10-26T08:00:00Z,0.0,40,VALID,NEW,40,1.0,monthly,2025-10,0.3448275862068966,calibrated_PETROM_partial_month_P90,2025-10,FORMAL,116.0,40.0,"[20,20,0,0,0]"
1,DA|2025-10-27_54,DA,2025-10-27T12:15:00Z,2025-10-27T12:30:00Z,2025-10-26T11:00:00Z,2025-10-26T12:00:00Z,-100.0,100.0,VALID,NEW,0.0,,,,,,,,,,
1,DA|2025-10-27_55,DA,2025-10-27T12:30:00Z,2025-10-27T12:45:00Z,2025-10-26T11:00:00Z,2025-10-26T12:00:00Z,-100.0,100.0,VALID,NEW,0.0,,,,,,,,,,
1,DA|2025-10-27_56,DA,2025-10-27T12:45:00Z,2025-10-27T13:00:00Z,2025-10-26T11:00:00Z,2025-10-26T12:00:00Z,-100.0,100.0,VALID,NEW,0.0,,,,,,,,,,
1,DA|2025-10-27_57,DA,2025-10-27T13:00:00Z,2025-10-27T13:15:00Z,2025-10-26T11:00:00Z,2025-10-26T12:00:00Z,-100.0,100.0,VALID,NEW,-0.05253694846989168,,,,,,,,,,
1,u|2025-10-27T13:00:00Z,u,2025-10-27T13:00:00Z,2025-10-27T14:00:00Z,2025-10-26T07:00:00Z,2025-10-26T08:00:00Z,0.0,29,VALID,NEW,29,1.0,monthly,2025-10,0.1657142857142857,calibrated_directional_minimum_valid_sample,2025-10,FORMAL,175.0,28.999999999999996,
1,d|2025-10-27T13:00:00Z,d,2025-10-27T13:00:00Z,2025-10-27T14:00:00Z,2025-10-26T07:00:00Z,2025-10-26T08:00:00Z,0.0,29,VALID,NEW,29,1.0,monthly,2025-10,0.1657142857142857,calibrated_directional_minimum_valid_sample,2025-10,FORMAL,175.0,28.999999999999996,
1,F|2025-10-27T13:00:00Z,F,2025-10-27T13:00:00Z,2025-10-27T14:00:00Z,2025-10-26T07:00:00Z,2025-10-26T08:00:00Z,0.0,40,VALID,NEW,40,1.0,monthly,2025-10,0.3448275862068966,calibrated_PETROM_partial_month_P90,2025-10,FORMAL,116.0,40.0,"[20,20,0,0,0]"
1,DA|2025-10-27_58,DA,2025-10-27T13:15:00Z,2025-10-27T13:30:00Z,2025-10-26T11:00:00Z,2025-10-26T12:00:00Z,-100.0,100.0,VALID,NEW,0.0,,,,,,,,,,
1,DA|2025-10-27_59,DA,2025-10-27T13:30:00Z,2025-10-27T13:45:00Z,2025-10-26T11:00:00Z,2025-10-26T12:00:00Z,-100.0,100.0,VALID,NEW,0.0,,,,,,,,,,
1,DA|2025-10-27_60,DA,2025-10-27T13:45:00Z,2025-10-27T14:00:00Z,2025-10-26T11:00:00Z,2025-10-26T12:00:00Z,-100.0,100.0,VALID,NEW,0.0,,,,,,,,,,
1,DA|2025-10-27_61,DA,2025-10-27T14:00:00Z,2025-10-27T14:15:00Z,2025-10-26T11:00:00Z,2025-10-26T12:00:00Z,-100.0,100.0,VALID,NEW,-6.796692800432053,,,,,,,,,,
1,u|2025-10-27T14:00:00Z,u,2025-10-27T14:00:00Z,2025-10-27T15:00:00Z,2025-10-26T07:00:00Z,2025-10-26T08:00:00Z,0.0,0.0,DATA_INVALID,NEW,0,1.0,monthly,2025-10,0.1657142857142857,calibrated_directional_minimum_valid_sample,2025-10,FORMAL,175.0,28.999999999999996,
1,d|2025-10-27T14:00:00Z,d,2025-10-27T14:00:00Z,2025-10-27T15:00:00Z,2025-10-26T07:00:00Z,2025-10-26T08:00:00Z,0.0,0.0,DATA_INVALID,NEW,0,1.0,monthly,2025-10,0.1657142857142857,calibrated_directional_minimum_valid_sample,2025-10,FORMAL,175.0,28.999999999999996,
1,F|2025-10-27T14:00:00Z,F,2025-10-27T14:00:00Z,2025-10-27T15:00:00Z,2025-10-26T07:00:00Z,2025-10-26T08:00:00Z,0.0,40,VALID,NEW,40,1.0,monthly,2025-10,0.3448275862068966,calibrated_PETROM_partial_month_P90,2025-10,FORMAL,116.0,40.0,"[20,20,0,0,0]"
1,DA|2025-10-27_62,DA,2025-10-27T14:15:00Z,2025-10-27T14:30:00Z,2025-10-26T11:00:00Z,2025-10-26T12:00:00Z,-100.0,100.0,VALID,NEW,0.0,,,,,,,,,,
1,DA|2025-10-27_63,DA,2025-10-27T14:30:00Z,2025-10-27T14:45:00Z,2025-10-26T11:00:00Z,2025-10-26T12:00:00Z,-100.0,100.0,VALID,NEW,0.0,,,,,,,,,,
1,DA|2025-10-27_64,DA,2025-10-27T14:45:00Z,2025-10-27T15:00:00Z,2025-10-26T11:00:00Z,2025-10-26T12:00:00Z,-100.0,100.0,VALID,NEW,0.0,,,,,,,,,,
1,DA|2025-10-27_65,DA,2025-10-27T15:00:00Z,2025-10-27T15:15:00Z,2025-10-26T11:00:00Z,2025-10-26T12:00:00Z,-100.0,100.0,VALID,NEW,0.0,,,,,,,,,,
1,u|2025-10-27T15:00:00Z,u,2025-10-27T15:00:00Z,2025-10-27T16:00:00Z,2025-10-26T07:00:00Z,2025-10-26T08:00:00Z,0.0,0.0,DATA_INVALID,NEW,0,1.0,monthly,2025-10,0.1657142857142857,calibrated_directional_minimum_valid_sample,2025-10,FORMAL,175.0,28.999999999999996,
1,d|2025-10-27T15:00:00Z,d,2025-10-27T15:00:00Z,2025-10-27T16:00:00Z,2025-10-26T07:00:00Z,2025-10-26T08:00:00Z,0.0,0.0,DATA_INVALID,NEW,0,1.0,monthly,2025-10,0.1657142857142857,calibrated_directional_minimum_valid_sample,2025-10,FORMAL,175.0,28.999999999999996,
1,F|2025-10-27T15:00:00Z,F,2025-10-27T15:00:00Z,2025-10-27T16:00:00Z,2025-10-26T07:00:00Z,2025-10-26T08:00:00Z,0.0,40,VALID,NEW,40,1.0,monthly,2025-10,0.3448275862068966,calibrated_PETROM_partial_month_P90,2025-10,FORMAL,116.0,40.0,"[20,20,0,0,0]"
1,DA|2025-10-27_66,DA,2025-10-27T15:15:00Z,2025-10-27T15:30:00Z,2025-10-26T11:00:00Z,2025-10-26T12:00:00Z,-100.0,100.0,VALID,NEW,0.0,,,,,,,,,,
1,DA|2025-10-27_67,DA,2025-10-27T15:30:00Z,2025-10-27T15:45:00Z,2025-10-26T11:00:00Z,2025-10-26T12:00:00Z,-100.0,100.0,VALID,NEW,60.0,,,,,,,,,,
1,DA|2025-10-27_68,DA,2025-10-27T15:45:00Z,2025-10-27T16:00:00Z,2025-10-26T11:00:00Z,2025-10-26T12:00:00Z,-100.0,100.0,VALID,NEW,60.0,,,,,,,,,,
1,DA|2025-10-27_69,DA,2025-10-27T16:00:00Z,2025-10-27T16:15:00Z,2025-10-26T11:00:00Z,2025-10-26T12:00:00Z,-100.0,100.0,VALID,NEW,0.0,,,,,,,,,,
1,u|2025-10-27T16:00:00Z,u,2025-10-27T16:00:00Z,2025-10-27T17:00:00Z,2025-10-26T07:00:00Z,2025-10-26T08:00:00Z,0.0,29,VALID,NEW,0,1.0,monthly,2025-10,0.1657142857142857,calibrated_directional_minimum_valid_sample,2025-10,FORMAL,175.0,28.999999999999996,
1,d|2025-10-27T16:00:00Z,d,2025-10-27T16:00:00Z,2025-10-27T17:00:00Z,2025-10-26T07:00:00Z,2025-10-26T08:00:00Z,0.0,29,VALID,NEW,29,1.0,monthly,2025-10,0.1657142857142857,calibrated_directional_minimum_valid_sample,2025-10,FORMAL,175.0,28.999999999999996,
1,F|2025-10-27T16:00:00Z,F,2025-10-27T16:00:00Z,2025-10-27T17:00:00Z,2025-10-26T07:00:00Z,2025-10-26T08:00:00Z,0.0,40,VALID,NEW,40,1.0,monthly,2025-10,0.3448275862068966,calibrated_PETROM_partial_month_P90,2025-10,FORMAL,116.0,40.0,"[20,20,0,0,0]"
1,DA|2025-10-27_70,DA,2025-10-27T16:15:00Z,2025-10-27T16:30:00Z,2025-10-26T11:00:00Z,2025-10-26T12:00:00Z,-100.0,100.0,VALID,NEW,60.0,,,,,,,,,,
1,DA|2025-10-27_71,DA,2025-10-27T16:30:00Z,2025-10-27T16:45:00Z,2025-10-26T11:00:00Z,2025-10-26T12:00:00Z,-100.0,100.0,VALID,NEW,60.0,,,,,,,,,,
1,DA|2025-10-27_72,DA,2025-10-27T16:45:00Z,2025-10-27T17:00:00Z,2025-10-26T11:00:00Z,2025-10-26T12:00:00Z,-100.0,100.0,VALID,NEW,60.0,,,,,,,,,,
1,DA|2025-10-27_73,DA,2025-10-27T17:00:00Z,2025-10-27T17:15:00Z,2025-10-26T11:00:00Z,2025-10-26T12:00:00Z,-100.0,100.0,VALID,NEW,60.0,,,,,,,,,,
1,u|2025-10-27T17:00:00Z,u,2025-10-27T17:00:00Z,2025-10-27T18:00:00Z,2025-10-26T07:00:00Z,2025-10-26T08:00:00Z,0.0,29,VALID,NEW,0,1.0,monthly,2025-10,0.1657142857142857,calibrated_directional_minimum_valid_sample,2025-10,FORMAL,175.0,28.999999999999996,
1,d|2025-10-27T17:00:00Z,d,2025-10-27T17:00:00Z,2025-10-27T18:00:00Z,2025-10-26T07:00:00Z,2025-10-26T08:00:00Z,0.0,29,VALID,NEW,29,1.0,monthly,2025-10,0.1657142857142857,calibrated_directional_minimum_valid_sample,2025-10,FORMAL,175.0,28.999999999999996,
1,F|2025-10-27T17:00:00Z,F,2025-10-27T17:00:00Z,2025-10-27T18:00:00Z,2025-10-26T07:00:00Z,2025-10-26T08:00:00Z,0.0,40,VALID,NEW,40,1.0,monthly,2025-10,0.3448275862068966,calibrated_PETROM_partial_month_P90,2025-10,FORMAL,116.0,40.0,"[20,20,0,0,0]"
1,DA|2025-10-27_74,DA,2025-10-27T17:15:00Z,2025-10-27T17:30:00Z,2025-10-26T11:00:00Z,2025-10-26T12:00:00Z,-100.0,100.0,VALID,NEW,60.0,,,,,,,,,,
1,DA|2025-10-27_75,DA,2025-10-27T17:30:00Z,2025-10-27T17:45:00Z,2025-10-26T11:00:00Z,2025-10-26T12:00:00Z,-100.0,100.0,VALID,NEW,-31.0,,,,,,,,,,
1,DA|2025-10-27_76,DA,2025-10-27T17:45:00Z,2025-10-27T18:00:00Z,2025-10-26T11:00:00Z,2025-10-26T12:00:00Z,-100.0,100.0,VALID,NEW,-4.601111649370337,,,,,,,,,,
1,DA|2025-10-27_77,DA,2025-10-27T18:00:00Z,2025-10-27T18:15:00Z,2025-10-26T11:00:00Z,2025-10-26T12:00:00Z,-100.0,100.0,VALID,NEW,0.0,,,,,,,,,,
1,u|2025-10-27T18:00:00Z,u,2025-10-27T18:00:00Z,2025-10-27T19:00:00Z,2025-10-26T07:00:00Z,2025-10-26T08:00:00Z,0.0,29,VALID,NEW,0,1.0,monthly,2025-10,0.1657142857142857,calibrated_directional_minimum_valid_sample,2025-10,FORMAL,175.0,28.999999999999996,
1,d|2025-10-27T18:00:00Z,d,2025-10-27T18:00:00Z,2025-10-27T19:00:00Z,2025-10-26T07:00:00Z,2025-10-26T08:00:00Z,0.0,29,VALID,NEW,29,1.0,monthly,2025-10,0.1657142857142857,calibrated_directional_minimum_valid_sample,2025-10,FORMAL,175.0,28.999999999999996,
1,F|2025-10-27T18:00:00Z,F,2025-10-27T18:00:00Z,2025-10-27T19:00:00Z,2025-10-26T07:00:00Z,2025-10-26T08:00:00Z,0.0,40,VALID,NEW,40,1.0,monthly,2025-10,0.3448275862068966,calibrated_PETROM_partial_month_P90,2025-10,FORMAL,116.0,40.0,"[20,20,0,0,0]"
1,DA|2025-10-27_78,DA,2025-10-27T18:15:00Z,2025-10-27T18:30:00Z,2025-10-26T11:00:00Z,2025-10-26T12:00:00Z,-100.0,100.0,VALID,NEW,0.0,,,,,,,,,,
1,DA|2025-10-27_79,DA,2025-10-27T18:30:00Z,2025-10-27T18:45:00Z,2025-10-26T11:00:00Z,2025-10-26T12:00:00Z,-100.0,100.0,VALID,NEW,60.0,,,,,,,,,,
1,DA|2025-10-27_80,DA,2025-10-27T18:45:00Z,2025-10-27T19:00:00Z,2025-10-26T11:00:00Z,2025-10-26T12:00:00Z,-100.0,100.0,VALID,NEW,24.623930368719233,,,,,,,,,,
1,DA|2025-10-27_81,DA,2025-10-27T19:00:00Z,2025-10-27T19:15:00Z,2025-10-26T11:00:00Z,2025-10-26T12:00:00Z,-100.0,100.0,VALID,NEW,60.0,,,,,,,,,,
1,u|2025-10-27T19:00:00Z,u,2025-10-27T19:00:00Z,2025-10-27T20:00:00Z,2025-10-26T07:00:00Z,2025-10-26T08:00:00Z,0.0,29,VALID,NEW,0,1.0,monthly,2025-10,0.1657142857142857,calibrated_directional_minimum_valid_sample,2025-10,FORMAL,175.0,28.999999999999996,
1,d|2025-10-27T19:00:00Z,d,2025-10-27T19:00:00Z,2025-10-27T20:00:00Z,2025-10-26T07:00:00Z,2025-10-26T08:00:00Z,0.0,29,VALID,NEW,29,1.0,monthly,2025-10,0.1657142857142857,calibrated_directional_minimum_valid_sample,2025-10,FORMAL,175.0,28.999999999999996,
1,F|2025-10-27T19:00:00Z,F,2025-10-27T19:00:00Z,2025-10-27T20:00:00Z,2025-10-26T07:00:00Z,2025-10-26T08:00:00Z,0.0,40,VALID,NEW,40,1.0,monthly,2025-10,0.3448275862068966,calibrated_PETROM_partial_month_P90,2025-10,FORMAL,116.0,40.0,"[20,20,0,0,0]"
1,DA|2025-10-27_82,DA,2025-10-27T19:15:00Z,2025-10-27T19:30:00Z,2025-10-26T11:00:00Z,2025-10-26T12:00:00Z,-100.0,100.0,VALID,NEW,0.0,,,,,,,,,,
1,DA|2025-10-27_83,DA,2025-10-27T19:30:00Z,2025-10-27T19:45:00Z,2025-10-26T11:00:00Z,2025-10-26T12:00:00Z,-100.0,100.0,VALID,NEW,-10.23076770186333,,,,,,,,,,
1,DA|2025-10-27_84,DA,2025-10-27T19:45:00Z,2025-10-27T20:00:00Z,2025-10-26T11:00:00Z,2025-10-26T12:00:00Z,-100.0,100.0,VALID,NEW,0.0,,,,,,,,,,
1,DA|2025-10-27_85,DA,2025-10-27T20:00:00Z,2025-10-27T20:15:00Z,2025-10-26T11:00:00Z,2025-10-26T12:00:00Z,-100.0,100.0,VALID,NEW,0.0,,,,,,,,,,
1,u|2025-10-27T20:00:00Z,u,2025-10-27T20:00:00Z,2025-10-27T21:00:00Z,2025-10-26T07:00:00Z,2025-10-26T08:00:00Z,0.0,29,VALID,NEW,29,1.0,monthly,2025-10,0.1657142857142857,calibrated_directional_minimum_valid_sample,2025-10,FORMAL,175.0,28.999999999999996,
1,d|2025-10-27T20:00:00Z,d,2025-10-27T20:00:00Z,2025-10-27T21:00:00Z,2025-10-26T07:00:00Z,2025-10-26T08:00:00Z,0.0,29,VALID,NEW,29,1.0,monthly,2025-10,0.1657142857142857,calibrated_directional_minimum_valid_sample,2025-10,FORMAL,175.0,28.999999999999996,
1,F|2025-10-27T20:00:00Z,F,2025-10-27T20:00:00Z,2025-10-27T21:00:00Z,2025-10-26T07:00:00Z,2025-10-26T08:00:00Z,0.0,40,VALID,NEW,40,1.0,monthly,2025-10,0.3448275862068966,calibrated_PETROM_partial_month_P90,2025-10,FORMAL,116.0,40.0,"[20,20,0,0,0]"
1,DA|2025-10-27_86,DA,2025-10-27T20:15:00Z,2025-10-27T20:30:00Z,2025-10-26T11:00:00Z,2025-10-26T12:00:00Z,-100.0,100.0,VALID,NEW,0.0,,,,,,,,,,
1,DA|2025-10-27_87,DA,2025-10-27T20:30:00Z,2025-10-27T20:45:00Z,2025-10-26T11:00:00Z,2025-10-26T12:00:00Z,-100.0,100.0,VALID,NEW,-28.99999999999999,,,,,,,,,,
1,DA|2025-10-27_88,DA,2025-10-27T20:45:00Z,2025-10-27T21:00:00Z,2025-10-26T11:00:00Z,2025-10-26T12:00:00Z,-100.0,100.0,VALID,NEW,-29.0,,,,,,,,,,
1,DA|2025-10-27_89,DA,2025-10-27T21:00:00Z,2025-10-27T21:15:00Z,2025-10-26T11:00:00Z,2025-10-26T12:00:00Z,-100.0,100.0,VALID,NEW,24.71552473552434,,,,,,,,,,
1,u|2025-10-27T21:00:00Z,u,2025-10-27T21:00:00Z,2025-10-27T22:00:00Z,2025-10-26T07:00:00Z,2025-10-26T08:00:00Z,0.0,29,VALID,NEW,29,1.0,monthly,2025-10,0.1657142857142857,calibrated_directional_minimum_valid_sample,2025-10,FORMAL,175.0,28.999999999999996,
1,d|2025-10-27T21:00:00Z,d,2025-10-27T21:00:00Z,2025-10-27T22:00:00Z,2025-10-26T07:00:00Z,2025-10-26T08:00:00Z,0.0,29,VALID,NEW,29,1.0,monthly,2025-10,0.1657142857142857,calibrated_directional_minimum_valid_sample,2025-10,FORMAL,175.0,28.999999999999996,
1,F|2025-10-27T21:00:00Z,F,2025-10-27T21:00:00Z,2025-10-27T22:00:00Z,2025-10-26T07:00:00Z,2025-10-26T08:00:00Z,0.0,40,VALID,NEW,40,1.0,monthly,2025-10,0.3448275862068966,calibrated_PETROM_partial_month_P90,2025-10,FORMAL,116.0,40.0,"[20,20,0,0,0]"
1,DA|2025-10-27_90,DA,2025-10-27T21:15:00Z,2025-10-27T21:30:00Z,2025-10-26T11:00:00Z,2025-10-26T12:00:00Z,-100.0,100.0,VALID,NEW,0.0,,,,,,,,,,
1,DA|2025-10-27_91,DA,2025-10-27T21:30:00Z,2025-10-27T21:45:00Z,2025-10-26T11:00:00Z,2025-10-26T12:00:00Z,-100.0,100.0,VALID,NEW,0.0,,,,,,,,,,
1,DA|2025-10-27_92,DA,2025-10-27T21:45:00Z,2025-10-27T22:00:00Z,2025-10-26T11:00:00Z,2025-10-26T12:00:00Z,-100.0,100.0,VALID,NEW,0.0,,,,,,,,,,
